Metric,Value,Std Dev,Min,Max,Status
Baseline Perplexity,284293.9305,30316.0735,-,-,-
QEfficient Perplexity,286275.7917,30566.3590,-,-,-
Perplexity % Change,0.70%,-,-,-,EXCELLENT
logit_mse,0.010020,0.000005,0.010006,0.010033,POOR
kl_divergence,0.013979,0.004766,0.007426,0.030539,ACCEPTABLE
topk_overlap,92.174414,0.292683,91.406250,92.753906,ACCEPTABLE
rank_correlation,0.998626,0.000001,0.998624,0.998629,GOOD
next_token_accuracy,91.386719,1.166164,89.062500,94.726562,ACCEPTABLE
