{
  "scenario": "bad",
  "scenario_description": "Acceptable quality - QEff model shows noticeable degradation (5-10% degradation)",
  "num_samples": 100,
  "vocab_size": 32000,
  "seq_len": 512,
  "metrics": {
    "perplexity": {
      "baseline": {
        "perplexity": 284293.93048764527,
        "loss": 12.557763948440552,
        "perplexity_std": 30316.07348218488,
        "per_sample_perplexities": [
          270447.5625,
          315214.875,
          270148.03125,
          272528.6875,
          276500.0625,
          276726.9375,
          246306.125,
          286910.625,
          314986.78125,
          243022.296875,
          299907.9375,
          353016.5,
          295816.34375,
          274061.46875,
          302930.5,
          256412.34375,
          282976.09375,
          278357.40625,
          254924.046875,
          353138.71875,
          315528.84375,
          320378.53125,
          248907.390625,
          250605.640625,
          278806.125,
          301678.71875,
          298404.4375,
          300806.21875,
          290008.4375,
          370011.375,
          356351.96875,
          304817.09375,
          268588.4375,
          290734.8125,
          312505.125,
          309882.53125,
          238909.375,
          334966.40625,
          266833.96875,
          258191.609375,
          273246.96875,
          264911.0,
          270726.25,
          343176.21875,
          326926.5,
          321345.5,
          278280.9375,
          257752.453125,
          236766.859375,
          274951.03125,
          312489.625,
          275511.15625,
          321204.53125,
          293046.375,
          285165.59375,
          272997.9375,
          278929.53125,
          300402.0,
          253378.171875,
          266927.375,
          288319.375,
          279354.40625,
          250089.703125,
          298801.125,
          300141.71875,
          289425.75,
          222161.328125,
          311434.96875,
          304698.21875,
          312851.625,
          271552.9375,
          242961.34375,
          327317.40625,
          328216.40625,
          292199.96875,
          321094.59375,
          255026.171875,
          234335.828125,
          247438.8125,
          277304.71875,
          239443.578125,
          299730.9375,
          335818.1875,
          284798.4375,
          242988.921875,
          278452.4375,
          310562.40625,
          242254.28125,
          306717.75,
          272812.90625,
          284910.34375,
          270385.15625,
          262892.5625,
          255634.203125,
          287039.25,
          285353.59375,
          273683.53125,
          332125.84375,
          259703.4375,
          258142.125
        ]
      },
      "qefficient": {
        "perplexity": 286275.7916935806,
        "loss": 12.564710931777954,
        "perplexity_std": 30566.35895076541,
        "per_sample_perplexities": [
          273163.59375,
          318908.625,
          271406.65625,
          274896.5,
          276892.1875,
          279810.0625,
          246647.203125,
          288951.09375,
          318440.90625,
          242884.4375,
          302311.46875,
          354908.1875,
          296670.125,
          276453.65625,
          305662.4375,
          258558.75,
          286261.5,
          279695.59375,
          256097.34375,
          357322.53125,
          318643.53125,
          323199.0625,
          250163.890625,
          253802.609375,
          280327.96875,
          303739.0625,
          301165.3125,
          306119.84375,
          293539.5,
          369505.71875,
          359944.4375,
          307360.1875,
          269853.71875,
          292977.90625,
          313730.03125,
          311718.4375,
          239773.546875,
          337591.0,
          268728.09375,
          260334.03125,
          275918.4375,
          268249.53125,
          272856.625,
          343759.90625,
          329813.8125,
          321649.625,
          279624.40625,
          260432.625,
          238484.375,
          275835.84375,
          316032.6875,
          277719.15625,
          323176.875,
          294924.53125,
          286855.90625,
          273352.0,
          279162.09375,
          301946.125,
          256076.578125,
          269814.0625,
          290642.78125,
          281406.34375,
          252660.546875,
          300892.59375,
          300765.5,
          290137.09375,
          224290.8125,
          313369.40625,
          306380.65625,
          317223.90625,
          273605.25,
          244487.03125,
          332078.65625,
          330074.03125,
          292865.875,
          324532.125,
          255004.53125,
          235243.125,
          250551.40625,
          279584.40625,
          240858.265625,
          304168.9375,
          338302.3125,
          286400.78125,
          244114.03125,
          277954.1875,
          310618.96875,
          245377.9375,
          306598.4375,
          274421.875,
          285961.625,
          273273.28125,
          264815.28125,
          256804.640625,
          289267.625,
          286501.03125,
          275603.65625,
          334639.125,
          260613.5,
          261397.078125
        ]
      },
      "difference": {
        "perplexity_diff": 1981.8612059353618,
        "relative_change_pct": 0.697116960089828
      }
    },
    "logit_mse": {
      "mean": 0.01001977514475584,
      "std": 4.813203027993933e-06,
      "min": 0.010006391443312168,
      "max": 0.010033000260591507,
      "median": 0.010019617155194283,
      "count": 100
    },
    "kl_divergence": {
      "mean": 0.01397927308920771,
      "std": 0.0047663230357821796,
      "min": 0.007426248397678137,
      "max": 0.030538970604538918,
      "median": 0.012521153781563044,
      "count": 100
    },
    "topk_overlap": {
      "mean": 92.1744140625,
      "std": 0.29268286832948426,
      "min": 91.40625,
      "max": 92.75390625,
      "median": 92.1875,
      "count": 100
    },
    "rank_correlation": {
      "mean": 0.9986261842385398,
      "std": 8.374607128194493e-07,
      "min": 0.9986241024597553,
      "max": 0.9986288537166338,
      "median": 0.9986261660986917,
      "count": 100
    },
    "next_token_accuracy": {
      "mean": 91.38671875,
      "std": 1.166164471760014,
      "min": 89.0625,
      "max": 94.7265625,
      "median": 91.40625,
      "count": 100
    }
  }
}