{
  "model_name": "meta-llama/Llama-3.2-1B",
  "dataset": "wikitext-2-raw-v1",
  "num_samples": 5,
  "ctx_len": 256,
  "metrics": {
    "perplexity": {
      "baseline": {
        "perplexity": 17.96992422203536,
        "loss": 2.88869948387146,
        "perplexity_std": 3.736807444299444,
        "per_sample_perplexities": [
          11.717784881591797,
          17.894874572753906,
          18.586885452270508,
          21.91179656982422,
          21.941808700561523
        ]
      },
      "qefficient": {
        "perplexity": 17.96992422203536,
        "loss": 2.88869948387146,
        "perplexity_std": 3.736807444299444,
        "per_sample_perplexities": [
          11.717784881591797,
          17.894874572753906,
          18.586885452270508,
          21.91179656982422,
          21.941808700561523
        ]
      },
      "difference": {
        "perplexity_diff": 0.0,
        "relative_change_pct": 0.0
      }
    },
    "logit_mse": {
      "mean": 0.0,
      "std": 0.0,
      "min": 0.0,
      "max": 0.0,
      "median": 0.0,
      "count": 5
    },
    "kl_divergence": {
      "mean": 0.0,
      "std": 0.0,
      "min": 0.0,
      "max": 0.0,
      "median": 0.0,
      "count": 5
    },
    "topk_overlap": {
      "mean": 100.0,
      "std": 0.0,
      "min": 100.0,
      "max": 100.0,
      "median": 100.0,
      "count": 5
    },
    "rank_correlation": {
      "mean": 1.0,
      "std": 9.930136612989092e-17,
      "min": 0.9999999999999998,
      "max": 1.0,
      "median": 1.0,
      "count": 5
    },
    "next_token_accuracy": {
      "mean": 100.0,
      "std": 0.0,
      "min": 100.0,
      "max": 100.0,
      "median": 100.0,
      "count": 5
    }
  }
}