time_s,timestamp,rss_mb,vms_mb,cpu_percent,disk_read_mb,disk_write_mb,disk_read_rate_mb_s,disk_write_rate_mb_s
0.0,2026-06-26T01:18:27.951723,609.457,6522.301,0.236,155.805,0.012,0.0,0.0
-0.0,2026-06-26T01:18:27.951551,609.461,6522.301,0.165,155.818,0.012,19.094,0.0
0.002,2026-06-26T01:18:27.953366,609.605,6522.301,0.116,155.912,0.012,108.33,0.0
0.002,2026-06-26T01:18:27.953533,609.605,6522.301,0.081,155.913,0.012,3.7,0.0
0.012,2026-06-26T01:18:27.963618,609.676,6522.301,0.288,155.915,0.012,0.211,0.0
0.012,2026-06-26T01:18:27.963801,609.676,6522.301,0.202,155.915,0.012,3.826,0.0
0.012,2026-06-26T01:18:27.964094,609.676,6522.301,0.141,155.916,0.012,1.559,0.154
0.013,2026-06-26T01:18:27.964230,609.676,6522.301,0.099,155.916,0.012,4.208,0.0
0.117,2026-06-26T01:18:28.068543,664.207,6577.359,0.355,162.701,0.012,48.148,0.0
0.482,2026-06-26T01:18:28.434149,739.426,6647.914,0.413,163.298,0.013,1.813,0.003
0.583,2026-06-26T01:18:28.534590,739.426,6647.914,0.289,163.298,0.013,0.005,0.0
0.623,2026-06-26T01:18:28.574234,739.484,6647.914,0.262,163.304,0.013,0.15,0.0
0.67,2026-06-26T01:18:28.622035,699.797,6607.914,0.428,163.305,0.013,0.01,0.0
1.002,2026-06-26T01:18:28.953516,740.449,6649.715,0.54,170.636,0.014,22.133,0.001
1.141,2026-06-26T01:18:29.092452,740.449,6649.715,0.446,170.966,0.014,2.376,0.0
1.179,2026-06-26T01:18:29.130984,740.457,6649.715,0.312,170.98,0.014,0.381,0.0
1.206,2026-06-26T01:18:29.157526,709.684,6618.715,0.394,170.981,0.014,0.018,0.0
1.244,2026-06-26T01:18:29.195573,711.246,456195.98,0.584,171.449,0.014,12.003,0.0
1.443,2026-06-26T01:18:29.394388,13878.512,486185.016,18.125,171.779,0.014,1.67,0.0
1.545,2026-06-26T01:18:29.497021,21695.125,486411.02,33.299,171.78,0.014,0.005,0.0
1.72,2026-06-26T01:18:29.671576,26335.957,492764.289,36.868,172.11,0.014,1.895,0.0
1.82,2026-06-26T01:18:29.772128,26107.48,492764.289,27.67,172.11,0.014,0.005,0.0
1.96,2026-06-26T01:18:29.912165,25041.48,492764.289,19.671,172.441,0.014,2.364,0.0
2.061,2026-06-26T01:18:30.012587,26548.586,494300.289,27.6,172.441,0.014,0.005,0.001
2.201,2026-06-26T01:18:30.153084,27995.48,494300.289,28.844,172.771,0.014,2.359,0.0
2.302,2026-06-26T01:18:30.253532,27283.945,494300.289,20.447,172.772,0.014,0.005,0.0
2.46,2026-06-26T01:18:30.412154,26181.48,494300.289,14.624,173.102,0.014,2.086,0.0
2.561,2026-06-26T01:18:30.512605,25465.57,494300.289,10.47,173.103,0.014,0.005,0.0
2.727,2026-06-26T01:18:30.678720,26421.691,492764.289,15.533,173.434,0.014,1.998,0.0
2.828,2026-06-26T01:18:30.779226,25596.414,492764.289,12.107,173.434,0.014,0.005,0.0
3.0,2026-06-26T01:18:30.951478,27123.695,494300.289,19.271,173.765,0.014,1.925,0.0
3.1,2026-06-26T01:18:31.052058,27890.07,494300.289,21.474,173.766,0.014,0.005,0.0
3.241,2026-06-26T01:18:31.192344,26374.758,494300.289,15.333,174.097,0.014,2.366,0.0
3.341,2026-06-26T01:18:31.292798,25162.508,494300.289,10.966,174.098,0.014,0.005,0.0
3.94,2026-06-26T01:18:31.892008,13274.711,40154.059,8.819,174.428,0.017,0.551,0.005
4.041,2026-06-26T01:18:31.992494,14042.785,41370.051,17.535,174.428,0.017,0.005,0.0
4.211,2026-06-26T01:18:32.162253,15733.867,42906.055,23.415,174.758,0.017,1.947,0.0
4.311,2026-06-26T01:18:32.262737,16831.988,44442.059,25.981,174.759,0.017,0.005,0.0
4.451,2026-06-26T01:18:32.402899,16805.242,44442.059,23.025,175.089,0.017,2.359,0.0
4.552,2026-06-26T01:18:32.503438,15938.777,44442.059,16.35,175.089,0.017,0.005,0.0
4.691,2026-06-26T01:18:32.642997,14759.57,44442.059,11.765,175.419,0.017,2.369,0.0
4.792,2026-06-26T01:18:32.743435,13960.535,41370.055,8.468,175.419,0.017,0.005,0.0
4.94,2026-06-26T01:18:32.892196,13305.434,41370.055,8.23,175.75,0.017,2.221,0.0
5.041,2026-06-26T01:18:32.992761,14523.133,41370.055,17.476,175.75,0.017,0.005,0.0
5.185,2026-06-26T01:18:33.137094,16294.648,44442.062,23.878,176.08,0.017,2.288,0.0
5.286,2026-06-26T01:18:33.237679,17335.605,44442.062,27.217,176.081,0.017,0.005,0.0
5.426,2026-06-26T01:18:33.377448,16044.781,44442.062,19.354,176.411,0.017,2.367,0.0
5.526,2026-06-26T01:18:33.477882,15062.637,44442.062,13.804,176.411,0.017,0.005,0.0
5.666,2026-06-26T01:18:33.617425,13912.777,41370.059,9.966,176.741,0.017,2.371,0.0
5.766,2026-06-26T01:18:33.717856,13116.777,41370.059,7.209,176.742,0.017,0.005,0.0
5.784,2026-06-26T01:18:33.736046,12992.777,39834.055,5.305,176.742,0.017,0.027,0.006
5.785,2026-06-26T01:18:33.736641,12992.777,39834.055,3.714,176.743,0.017,1.423,0.0
5.785,2026-06-26T01:18:33.736846,12992.777,39834.055,2.599,176.743,0.017,2.52,0.0
5.785,2026-06-26T01:18:33.736982,12992.777,39834.055,1.82,176.744,0.017,3.916,0.0
5.785,2026-06-26T01:18:33.737106,12992.777,39834.055,1.274,176.744,0.017,3.771,0.0
5.786,2026-06-26T01:18:33.737259,12992.777,39834.055,0.892,176.745,0.017,3.379,0.0
5.786,2026-06-26T01:18:33.737366,12992.777,39834.055,0.624,176.745,0.017,4.721,0.0
5.786,2026-06-26T01:18:33.737469,12992.777,39834.055,0.437,176.746,0.017,4.604,0.0
5.786,2026-06-26T01:18:33.737662,12992.777,39834.055,0.306,176.746,0.017,2.43,0.0
5.786,2026-06-26T01:18:33.737784,12992.777,39834.055,0.214,176.747,0.017,4.206,0.0
5.789,2026-06-26T01:18:33.740622,12993.031,39834.055,10.749,176.747,0.017,0.168,0.0
5.789,2026-06-26T01:18:33.740806,12993.031,39834.055,7.524,176.748,0.017,3.676,0.0
5.789,2026-06-26T01:18:33.740933,12993.031,39834.055,5.267,176.748,0.017,3.835,0.0
5.789,2026-06-26T01:18:33.741055,12993.031,39834.055,3.687,176.749,0.017,4.146,0.0
5.789,2026-06-26T01:18:33.741189,12993.031,39834.055,32.581,176.749,0.017,3.453,0.0
5.79,2026-06-26T01:18:33.741329,12993.031,39834.055,22.807,176.75,0.017,3.696,0.0
5.798,2026-06-26T01:18:33.749259,12993.031,39834.055,24.501,176.75,0.017,0.061,0.02
5.928,2026-06-26T01:18:33.879584,13018.117,39870.445,27.991,177.081,0.019,2.533,0.013
6.028,2026-06-26T01:18:33.980022,13024.383,39870.445,34.525,177.081,0.019,0.005,0.0
6.174,2026-06-26T01:18:34.125431,13033.707,39870.445,39.096,177.411,0.019,2.276,0.0
6.274,2026-06-26T01:18:34.225886,13075.754,39911.809,31.63,177.412,0.019,0.005,0.0
6.414,2026-06-26T01:18:34.365316,13075.754,39911.809,22.444,177.742,0.019,2.373,0.0
6.514,2026-06-26T01:18:34.465748,13075.754,39911.809,15.944,177.743,0.019,0.005,0.0
6.663,2026-06-26T01:18:34.614700,13193.25,40029.055,21.069,178.073,0.019,2.221,0.0
6.763,2026-06-26T01:18:34.715120,13193.25,40029.055,14.981,178.073,0.019,0.005,0.0
6.922,2026-06-26T01:18:34.873402,13193.25,40029.055,10.798,178.404,0.019,2.09,0.0
7.022,2026-06-26T01:18:34.973853,13193.25,40029.055,7.792,178.404,0.019,0.005,0.0
7.168,2026-06-26T01:18:35.119589,13198.152,40046.129,19.495,178.734,0.019,2.271,0.0
7.268,2026-06-26T01:18:35.220008,13204.555,40046.129,28.61,178.735,0.019,0.005,0.0
7.408,2026-06-26T01:18:35.359715,13278.625,40114.43,31.095,179.065,0.019,2.368,0.0
7.508,2026-06-26T01:18:35.460115,13278.625,40114.43,21.999,179.066,0.019,0.005,0.0
7.667,2026-06-26T01:18:35.618776,13278.625,40114.43,15.71,179.397,0.019,2.091,0.0
7.767,2026-06-26T01:18:35.719188,13244.602,40080.281,15.935,179.397,0.019,0.005,0.0
7.913,2026-06-26T01:18:35.864808,13283.641,40120.363,26.062,179.728,0.019,2.279,0.0
8.014,2026-06-26T01:18:35.965264,13369.938,40205.742,23.113,179.729,0.019,0.005,0.0
8.153,2026-06-26T01:18:36.104994,13369.938,40205.742,16.481,180.06,0.019,2.375,0.0
8.254,2026-06-26T01:18:36.205402,13369.938,40205.742,11.77,180.061,0.019,0.005,0.0
10.239,2026-06-26T01:18:38.190944,13670.574,40503.176,9.199,180.391,0.019,0.166,0.0
10.379,2026-06-26T01:18:38.330232,13670.574,40503.176,6.742,180.721,0.019,2.371,0.0
10.457,2026-06-26T01:18:38.408792,13219.949,40052.059,4.957,180.721,277.868,0.006,3516.906
10.458,2026-06-26T01:18:38.409513,13219.949,40052.059,3.47,180.722,277.868,2.472,0.0
10.458,2026-06-26T01:18:38.409654,13219.949,40052.059,2.429,180.722,277.868,4.047,0.0
10.458,2026-06-26T01:18:38.409774,13219.949,40052.059,1.7,180.723,277.868,4.202,0.0
10.479,2026-06-26T01:18:38.430659,13259.652,40329.91,1.412,180.723,277.868,0.023,0.0
10.671,2026-06-26T01:18:38.622854,13296.457,40128.566,1.257,458.685,277.868,1445.708,0.0
10.672,2026-06-26T01:18:38.623538,13296.457,40128.566,0.88,458.686,277.868,2.361,0.0
10.676,2026-06-26T01:18:38.627298,13296.457,40128.566,0.616,458.687,277.868,0.216,0.0
10.676,2026-06-26T01:18:38.627609,13296.457,40128.566,0.431,458.687,277.868,3.286,0.0
11.551,2026-06-26T01:18:39.502403,13574.309,40406.418,0.551,458.905,277.868,0.248,0.0
11.724,2026-06-26T01:18:39.675410,13296.457,40128.566,0.684,459.125,555.717,1.271,1603.52
11.747,2026-06-26T01:18:39.698377,13296.457,40128.566,0.684,459.235,555.717,4.868,0.0
11.847,2026-06-26T01:18:39.798877,13296.457,40128.566,0.479,459.236,555.717,0.005,0.0
12.018,2026-06-26T01:18:39.969793,13296.457,40128.566,0.445,459.566,555.717,1.936,0.0
12.118,2026-06-26T01:18:40.070217,13296.457,40128.566,0.335,459.567,555.717,0.005,0.0
12.275,2026-06-26T01:18:40.227217,13296.457,40128.566,0.324,459.897,555.717,2.108,0.0
12.376,2026-06-26T01:18:40.327652,13296.457,40128.566,0.227,459.897,555.717,0.005,0.0
12.533,2026-06-26T01:18:40.484813,13296.457,40128.566,0.278,460.227,555.717,2.103,0.0
12.634,2026-06-26T01:18:40.585258,13296.457,40128.566,0.195,460.228,555.717,0.005,0.0
12.79,2026-06-26T01:18:40.741490,13296.457,40128.566,0.242,460.558,555.717,2.124,0.0
12.89,2026-06-26T01:18:40.841916,13296.457,40128.566,0.192,460.559,555.717,0.005,0.0
13.046,2026-06-26T01:18:40.998097,13296.457,40128.566,0.225,460.89,555.717,2.122,0.0
13.147,2026-06-26T01:18:41.098527,13296.457,40128.566,0.181,460.89,555.717,0.005,0.0
13.303,2026-06-26T01:18:41.254683,13296.457,40128.566,0.217,461.221,555.717,2.122,0.0
13.403,2026-06-26T01:18:41.355130,13296.457,40128.566,0.152,461.222,555.717,0.005,0.0
13.56,2026-06-26T01:18:41.511480,13296.457,40128.566,0.211,461.553,555.717,2.12,0.0
13.66,2026-06-26T01:18:41.611903,13296.457,40128.566,0.148,461.553,555.717,0.005,0.0
14.095,2026-06-26T01:18:42.046920,13219.949,40052.059,0.341,461.735,555.721,0.418,0.008
14.096,2026-06-26T01:18:42.047530,13219.949,40052.059,0.238,461.736,555.721,2.245,0.0
14.342,2026-06-26T01:18:42.293801,12972.914,40051.934,0.433,461.851,555.721,0.465,0.0
14.343,2026-06-26T01:18:42.294455,12972.914,40051.934,0.303,461.851,555.721,2.019,0.0
14.347,2026-06-26T01:18:42.299096,12981.148,40329.785,0.701,461.885,555.721,6.985,0.0
14.659,2026-06-26T01:18:42.610334,13251.305,40128.441,0.754,739.82,555.721,892.38,0.0
14.66,2026-06-26T01:18:42.611717,13251.305,40128.441,0.528,739.822,555.721,1.357,0.484
14.714,2026-06-26T01:18:42.666021,13251.316,40128.441,0.628,740.065,555.721,4.486,0.0
14.871,2026-06-26T01:18:42.822267,13541.371,40717.883,0.515,990.13,555.721,1600.684,0.001
14.971,2026-06-26T01:18:42.922778,13536.992,40737.883,0.593,1018.277,603.371,279.078,472.444
15.072,2026-06-26T01:18:43.023661,13483.996,40737.883,0.647,1018.278,661.505,0.01,575.063
15.173,2026-06-26T01:18:43.124781,13497.676,40849.883,0.708,1018.279,680.434,0.01,187.335
15.274,2026-06-26T01:18:43.225814,13422.695,40849.883,0.727,1018.28,756.968,0.01,756.997
15.375,2026-06-26T01:18:43.327020,13376.18,40849.883,0.717,1018.281,797.477,0.01,399.899
15.477,2026-06-26T01:18:43.428261,13341.484,40849.883,0.757,1018.282,833.503,0.011,356.124
15.578,2026-06-26T01:18:43.529495,13330.562,40853.258,0.784,1018.283,833.503,0.01,0.0
15.679,2026-06-26T01:18:43.630775,13329.277,40849.883,0.781,1018.284,833.503,0.01,0.0
15.78,2026-06-26T01:18:43.732041,13337.562,40849.883,0.801,1018.285,833.503,0.01,0.0
15.882,2026-06-26T01:18:43.833333,13338.688,40849.883,0.792,1018.286,833.503,0.01,0.0
15.983,2026-06-26T01:18:43.934546,13340.137,40849.883,0.786,1018.287,833.503,0.01,0.0
16.084,2026-06-26T01:18:44.035806,13342.656,40849.883,0.782,1018.288,833.503,0.01,0.0
16.185,2026-06-26T01:18:44.137065,13346.305,40849.883,0.779,1018.289,833.503,0.01,0.0
16.287,2026-06-26T01:18:44.238323,13346.387,40849.906,0.8,1018.29,833.503,0.01,0.0
16.388,2026-06-26T01:18:44.339580,13346.875,40849.906,0.791,1018.291,833.503,0.01,0.0
16.489,2026-06-26T01:18:44.440837,13347.406,40849.906,0.785,1018.292,833.503,0.01,0.0
16.59,2026-06-26T01:18:44.542084,13347.699,40849.906,0.781,1018.293,833.503,0.01,0.0
16.692,2026-06-26T01:18:44.643344,13348.859,40849.906,0.778,1018.294,833.503,0.01,0.0
16.793,2026-06-26T01:18:44.744615,13349.285,40849.906,0.776,1018.295,833.503,0.01,0.0
16.894,2026-06-26T01:18:44.845909,13360.602,40849.906,0.775,1018.295,833.503,0.01,0.0
16.995,2026-06-26T01:18:44.947212,13376.129,40849.906,0.774,1018.296,833.503,0.01,0.0
17.097,2026-06-26T01:18:45.048419,13387.777,40849.906,0.796,1018.297,833.503,0.01,0.0
17.198,2026-06-26T01:18:45.149662,13391.535,40849.906,0.789,1018.298,833.503,0.01,0.0
17.299,2026-06-26T01:18:45.250927,13395.168,40873.906,0.737,1018.299,833.534,0.01,0.304
17.401,2026-06-26T01:18:45.352243,13395.168,40873.906,0.516,1018.3,833.534,0.01,0.0
17.502,2026-06-26T01:18:45.453445,13395.168,40873.906,0.361,1018.301,833.534,0.01,0.0
17.603,2026-06-26T01:18:45.554707,13395.168,40873.906,0.461,1018.313,833.618,0.118,0.831
17.704,2026-06-26T01:18:45.655977,13399.789,40873.906,0.577,1018.314,833.618,0.01,0.0
17.805,2026-06-26T01:18:45.757212,13399.531,40873.906,0.636,1018.315,833.618,0.01,0.0
17.907,2026-06-26T01:18:45.858454,13399.285,40873.906,0.676,1018.316,833.618,0.01,0.0
18.008,2026-06-26T01:18:45.959696,13399.109,40873.906,0.705,1018.317,833.618,0.01,0.0
18.109,2026-06-26T01:18:46.060958,13399.109,40873.906,0.725,1018.318,833.618,0.01,0.0
18.21,2026-06-26T01:18:46.162222,13399.109,40873.906,0.739,1018.319,833.618,0.01,0.0
18.312,2026-06-26T01:18:46.263499,13399.098,40873.906,0.749,1018.32,833.618,0.01,0.0
18.413,2026-06-26T01:18:46.364765,13399.105,40873.906,0.756,1018.321,833.618,0.01,0.0
18.514,2026-06-26T01:18:46.466019,13399.105,40873.906,0.783,1018.322,833.618,0.01,0.0
18.616,2026-06-26T01:18:46.567280,13399.16,40873.906,0.78,1018.323,833.618,0.01,0.0
18.717,2026-06-26T01:18:46.668476,13399.164,40873.906,0.778,1018.324,833.618,0.01,0.0
18.818,2026-06-26T01:18:46.769261,13399.164,40873.906,0.777,1018.325,833.618,0.01,0.0
18.918,2026-06-26T01:18:46.870057,13399.164,40873.906,0.777,1018.326,833.618,0.01,0.0
19.019,2026-06-26T01:18:46.970879,13402.934,40873.906,0.776,1018.327,833.618,0.01,0.0
19.12,2026-06-26T01:18:47.071713,13402.934,40873.906,0.799,1018.328,833.618,0.01,0.0
19.221,2026-06-26T01:18:47.172555,13406.094,40873.906,0.815,1018.329,833.618,0.01,0.0
19.322,2026-06-26T01:18:47.273387,13406.098,40873.906,0.803,1018.33,833.618,0.01,0.0
19.422,2026-06-26T01:18:47.374209,13406.098,40873.906,0.795,1018.331,833.618,0.01,0.0
19.523,2026-06-26T01:18:47.475008,13406.098,40873.906,0.789,1018.332,833.618,0.01,0.0
19.624,2026-06-26T01:18:47.575843,13406.098,40873.906,0.785,1018.333,833.618,0.01,0.0
19.725,2026-06-26T01:18:47.676688,13406.098,40873.906,0.782,1018.334,833.618,0.01,0.0
19.865,2026-06-26T01:18:47.816760,13406.102,40873.906,0.866,1018.684,833.618,2.505,0.0
19.966,2026-06-26T01:18:47.917280,13405.273,40873.906,0.839,1018.685,833.618,0.01,0.0
20.066,2026-06-26T01:18:48.018070,13404.453,40873.906,0.819,1018.686,833.618,0.01,0.0
20.167,2026-06-26T01:18:48.118877,13403.055,40873.906,0.806,1018.687,833.618,0.01,0.0
20.268,2026-06-26T01:18:48.219702,13401.48,40873.906,0.797,1018.688,833.618,0.01,0.0
20.369,2026-06-26T01:18:48.320522,13401.48,40873.906,0.79,1018.689,833.618,0.01,0.0
20.47,2026-06-26T01:18:48.421315,13401.48,40873.906,0.786,1018.69,833.618,0.01,0.0
20.57,2026-06-26T01:18:48.522093,13401.48,40873.906,0.783,1018.691,833.618,0.01,0.0
20.671,2026-06-26T01:18:48.622908,13401.469,40873.906,0.78,1018.692,833.618,0.01,0.0
20.772,2026-06-26T01:18:48.723716,13401.469,40873.906,0.802,1018.693,833.618,0.01,0.0
20.873,2026-06-26T01:18:48.824563,13401.445,40873.906,0.794,1018.694,833.618,0.01,0.0
20.974,2026-06-26T01:18:48.925385,13401.457,40873.906,0.788,1018.695,833.618,0.01,0.0
21.074,2026-06-26T01:18:49.026198,13401.469,40873.906,0.784,1018.696,833.618,0.01,0.0
21.175,2026-06-26T01:18:49.126977,13401.473,40873.906,0.781,1018.697,833.618,0.01,0.0
21.276,2026-06-26T01:18:49.227803,13401.473,40873.906,0.78,1018.698,833.618,0.01,0.0
21.377,2026-06-26T01:18:49.328664,13401.473,40873.906,0.777,1018.699,833.618,0.01,0.0
21.478,2026-06-26T01:18:49.429901,13401.02,40873.906,0.776,1018.7,833.618,0.01,0.0
21.579,2026-06-26T01:18:49.531135,13401.02,40873.906,0.798,1018.701,833.618,0.01,0.0
21.681,2026-06-26T01:18:49.632382,13401.02,40873.906,0.79,1018.702,833.618,0.01,0.0
21.782,2026-06-26T01:18:49.733621,13401.02,40873.906,0.784,1018.702,833.618,0.01,0.0
21.883,2026-06-26T01:18:49.834892,13401.023,40873.906,0.781,1018.703,833.618,0.01,0.0
21.984,2026-06-26T01:18:49.936118,13401.008,40873.906,0.801,1018.704,833.618,0.01,0.0
22.086,2026-06-26T01:18:50.037346,13401.016,40873.906,0.793,1018.705,833.618,0.01,0.0
22.187,2026-06-26T01:18:50.138556,13401.016,40873.906,0.786,1018.706,833.618,0.01,0.0
22.288,2026-06-26T01:18:50.239786,13401.02,40873.906,0.782,1018.707,833.618,0.01,0.0
22.389,2026-06-26T01:18:50.341016,13404.035,40873.906,0.779,1018.708,833.618,0.01,0.0
22.491,2026-06-26T01:18:50.442258,13407.543,40873.906,0.777,1018.709,833.618,0.01,0.0
22.592,2026-06-26T01:18:50.543504,13407.543,40873.906,0.775,1018.71,833.618,0.01,0.0
22.693,2026-06-26T01:18:50.644783,13407.543,40873.906,0.774,1018.711,833.618,0.01,0.0
22.794,2026-06-26T01:18:50.746010,13407.543,40873.906,0.797,1018.712,833.618,0.01,0.0
22.896,2026-06-26T01:18:50.847264,13407.543,40873.906,0.812,1018.713,833.618,0.01,0.0
22.997,2026-06-26T01:18:50.948513,13407.543,40873.906,0.8,1018.714,833.618,0.01,0.0
23.098,2026-06-26T01:18:51.049747,13415.82,40901.906,0.792,1018.715,833.618,0.01,0.0
23.199,2026-06-26T01:18:51.150971,13415.008,40901.906,0.809,1018.716,833.618,0.01,0.0
23.3,2026-06-26T01:18:51.252220,13414.562,40901.906,0.798,1018.717,833.618,0.01,0.0
23.402,2026-06-26T01:18:51.353478,13424.094,40901.906,0.766,1018.718,833.618,0.01,0.0
23.503,2026-06-26T01:18:51.454731,13412.918,40901.906,0.814,1018.719,833.618,0.01,0.0
23.604,2026-06-26T01:18:51.555977,13412.184,40901.906,0.801,1018.72,833.618,0.01,0.0
23.705,2026-06-26T01:18:51.657215,13410.746,40901.906,0.793,1018.721,833.618,0.01,0.0
23.807,2026-06-26T01:18:51.758467,13406.969,40901.906,0.786,1018.722,833.618,0.01,0.0
23.908,2026-06-26T01:18:51.859745,13406.973,40901.906,0.782,1018.723,833.618,0.01,0.0
24.009,2026-06-26T01:18:51.960991,13406.969,40901.906,0.779,1018.724,833.618,0.01,0.0
24.111,2026-06-26T01:18:52.062228,13406.973,40901.906,0.777,1018.725,833.618,0.01,0.0
24.212,2026-06-26T01:18:52.163463,13404.793,40901.906,0.775,1018.726,833.618,0.01,0.0
24.313,2026-06-26T01:18:52.264738,13404.793,40901.906,0.797,1018.727,833.618,0.01,0.0
24.414,2026-06-26T01:18:52.365969,13400.789,40901.906,0.79,1018.728,833.618,0.01,0.0
24.516,2026-06-26T01:18:52.467260,13400.789,40901.906,0.784,1018.729,833.618,0.01,0.0
24.617,2026-06-26T01:18:52.568475,13400.789,40901.906,0.803,1018.73,833.618,0.01,0.0
24.718,2026-06-26T01:18:52.669724,13400.789,40901.906,0.794,1018.731,833.618,0.01,0.0
24.819,2026-06-26T01:18:52.770982,13400.789,40901.906,0.787,1018.732,834.461,0.01,8.32
25.002,2026-06-26T01:18:52.953432,14426.207,42998.941,5.35,1019.854,834.758,6.126,1.622
25.104,2026-06-26T01:18:53.055623,14004.359,42107.293,6.26,1019.785,834.758,-0.664,0.0
25.206,2026-06-26T01:18:53.158081,13720.465,41521.027,5.482,1019.857,834.797,0.703,0.381
25.308,2026-06-26T01:18:53.260209,13561.25,41210.871,4.8,1019.841,834.797,-0.163,0.0
25.411,2026-06-26T01:18:53.362845,13396.629,40901.906,3.405,1020.261,835.848,4.124,10.306
25.513,2026-06-26T01:18:53.464642,13594.629,50637.766,2.779,1020.684,856.119,4.189,200.974
25.614,2026-06-26T01:18:53.565503,13532.895,50657.359,2.386,1020.685,919.401,0.01,626.26
25.715,2026-06-26T01:18:53.666599,13608.699,50634.723,2.133,1020.686,945.944,0.01,262.01
25.816,2026-06-26T01:18:53.767927,13564.43,50673.266,1.909,1020.687,1014.85,0.01,680.202
25.918,2026-06-26T01:18:53.869243,13561.512,50658.723,1.776,1020.688,1033.834,0.01,187.467
26.019,2026-06-26T01:18:53.970606,13582.484,50689.266,1.59,1020.689,1079.291,0.01,448.132
26.12,2026-06-26T01:18:54.071935,13414.309,49767.938,1.391,1020.69,1115.291,0.01,355.568
26.221,2026-06-26T01:18:54.172774,13251.316,40128.441,0.974,1021.1,1117.836,4.089,25.351
26.228,2026-06-26T01:18:54.179562,13174.852,40051.934,1.036,1021.102,1117.84,0.191,0.638
26.716,2026-06-26T01:18:54.667749,12737.789,39898.918,0.984,1021.255,1117.84,0.315,0.0
26.717,2026-06-26T01:18:54.668389,12737.793,39898.918,0.689,1021.256,1117.84,2.667,0.0
26.717,2026-06-26T01:18:54.668713,12737.793,39898.918,0.482,1021.257,1117.84,2.286,0.0
26.717,2026-06-26T01:18:54.668942,12737.793,39898.918,0.338,1021.258,1117.84,3.049,0.0
26.717,2026-06-26T01:18:54.669156,12737.793,39898.918,0.236,1021.258,1117.84,3.148,0.0
26.718,2026-06-26T01:18:54.669390,12737.793,39898.918,0.165,1021.259,1117.84,3.279,0.0
26.718,2026-06-26T01:18:54.669604,12737.793,39898.918,0.116,1021.26,1117.84,3.478,0.0
26.718,2026-06-26T01:18:54.669797,12737.793,39898.918,0.081,1021.26,1117.84,3.356,0.0
26.718,2026-06-26T01:18:54.670040,12737.797,39898.918,0.057,1021.261,1117.84,2.379,0.0
26.718,2026-06-26T01:18:54.670219,12737.797,39898.918,0.04,1021.262,1117.84,3.291,0.0
26.72,2026-06-26T01:18:54.672213,12743.031,39898.918,11.455,1021.27,1117.84,4.014,0.0
26.721,2026-06-26T01:18:54.672522,12743.031,39898.918,8.018,1021.27,1117.84,2.708,0.0
26.721,2026-06-26T01:18:54.672747,12743.031,39898.918,5.613,1021.271,1117.84,3.495,0.0
26.721,2026-06-26T01:18:54.673030,12743.031,39898.918,33.929,1021.272,1117.84,3.388,0.0
26.722,2026-06-26T01:18:54.673273,12743.031,39898.918,23.75,1021.273,1117.84,3.525,0.0
26.722,2026-06-26T01:18:54.673572,12743.031,39898.918,16.625,1021.274,1117.84,2.827,0.0
26.729,2026-06-26T01:18:54.680853,12743.031,39898.918,20.266,1021.276,1117.84,0.303,0.0
26.797,2026-06-26T01:18:54.748879,12752.344,39898.918,27.903,1021.456,1117.841,2.639,0.012
26.946,2026-06-26T01:18:54.897619,15546.848,42970.922,34.219,1021.789,1117.842,2.243,0.002
27.046,2026-06-26T01:18:54.998072,17380.949,46042.926,36.594,1021.79,1117.842,0.005,0.0
27.198,2026-06-26T01:18:55.149674,20757.246,49114.93,40.213,1022.12,1117.842,2.181,0.0
27.298,2026-06-26T01:18:55.250172,21973.062,49114.93,37.119,1022.12,1117.842,0.005,0.0
27.438,2026-06-26T01:18:55.389906,21973.102,49114.93,26.286,1022.45,1117.842,2.365,0.0
27.539,2026-06-26T01:18:55.490339,21973.102,49114.93,18.633,1022.451,1117.842,0.005,0.0
27.678,2026-06-26T01:18:55.630128,21973.102,49114.93,13.345,1022.782,1117.842,2.371,0.0
27.779,2026-06-26T01:18:55.730567,21973.102,49114.93,9.575,1022.782,1117.842,0.005,0.0
27.918,2026-06-26T01:18:55.870194,21973.102,49114.93,6.988,1023.113,1117.842,2.374,0.0
28.019,2026-06-26T01:18:55.970622,21973.102,49114.93,5.148,1023.114,1117.842,0.005,0.0
28.159,2026-06-26T01:18:56.110252,21973.102,49114.93,3.906,1023.444,1117.842,2.374,0.0
28.259,2026-06-26T01:18:56.210688,21973.102,49114.93,2.967,1023.445,1117.842,0.005,0.0
28.399,2026-06-26T01:18:56.350514,21973.102,49114.93,2.379,1023.776,1117.842,2.37,0.0
28.499,2026-06-26T01:18:56.450961,21973.102,49114.93,1.898,1023.776,1117.842,0.005,0.0
28.639,2026-06-26T01:18:56.590821,21973.102,49114.93,1.631,1024.107,1117.842,2.368,0.0
28.74,2026-06-26T01:18:56.691310,21973.102,49114.93,1.374,1024.107,1117.842,0.005,0.0
28.879,2026-06-26T01:18:56.831206,21973.125,49114.93,1.264,1024.437,1117.842,2.367,0.0
28.98,2026-06-26T01:18:56.931641,21973.156,49114.93,1.118,1024.438,1117.842,0.005,0.0
29.12,2026-06-26T01:18:57.071268,21973.203,49114.93,1.085,1024.768,1117.842,2.367,0.0
29.22,2026-06-26T01:18:57.171699,21973.234,49114.93,0.993,1024.768,1117.842,0.005,0.0
29.36,2026-06-26T01:18:57.311347,21973.281,49114.93,0.997,1025.098,1117.842,2.367,0.0
29.46,2026-06-26T01:18:57.411782,21973.312,49114.93,0.954,1025.099,1117.842,0.005,0.0
29.6,2026-06-26T01:18:57.551688,21973.363,49114.93,0.953,1025.429,1117.842,2.363,0.0
29.7,2026-06-26T01:18:57.652113,21973.395,49114.93,0.9,1025.429,1117.842,0.005,0.0
29.84,2026-06-26T01:18:57.791429,21973.438,49114.93,0.933,1025.759,1117.842,2.373,0.0
29.94,2026-06-26T01:18:57.891861,21973.469,49114.93,0.886,1025.76,1117.842,0.005,0.0
30.085,2026-06-26T01:18:58.036876,21973.516,49114.93,0.928,1026.09,1117.842,2.28,0.0
30.186,2026-06-26T01:18:58.137313,21973.547,49114.93,0.882,1026.09,1117.842,0.005,0.0
30.325,2026-06-26T01:18:58.276579,21973.59,49114.93,0.904,1026.42,1117.842,2.374,0.0
30.425,2026-06-26T01:18:58.377013,21973.625,49114.93,0.889,1026.421,1117.842,0.005,0.0
30.565,2026-06-26T01:18:58.516398,21973.668,49114.93,0.909,1026.751,1117.842,2.372,0.0
30.665,2026-06-26T01:18:58.616786,21973.699,49114.93,0.892,1026.751,1117.842,0.005,0.0
30.805,2026-06-26T01:18:58.756230,21973.746,49114.93,0.927,1027.081,1117.842,2.371,0.0
30.905,2026-06-26T01:18:58.856639,21973.773,49114.93,0.882,1027.082,1117.842,0.005,0.0
31.044,2026-06-26T01:18:58.995999,21973.82,49114.93,0.921,1027.412,1117.842,2.372,0.0
31.145,2026-06-26T01:18:59.096436,21973.852,49114.93,0.877,1027.412,1117.842,0.005,0.0
31.284,2026-06-26T01:18:59.235806,21973.895,49114.93,0.917,1027.742,1117.842,2.372,0.0
31.385,2026-06-26T01:18:59.336240,21973.926,49114.93,0.875,1027.743,1117.842,0.005,0.0
31.524,2026-06-26T01:18:59.476192,21973.973,49114.93,0.898,1028.073,1117.842,2.362,0.0
31.625,2026-06-26T01:18:59.576631,21974.004,49114.93,0.861,1028.073,1117.842,0.005,0.0
31.764,2026-06-26T01:18:59.715903,21974.047,49114.93,0.923,1028.403,1117.842,2.374,0.0
31.865,2026-06-26T01:18:59.816339,21974.078,49114.93,0.879,1028.404,1117.842,0.005,0.0
32.004,2026-06-26T01:18:59.955541,21975.695,49114.93,1.593,1028.734,1117.842,2.375,0.0
32.104,2026-06-26T01:19:00.055959,21975.723,49114.93,1.348,1028.734,1117.842,0.005,0.0
32.244,2026-06-26T01:19:00.195337,21975.758,49114.93,1.247,1029.064,1117.842,2.372,0.0
32.344,2026-06-26T01:19:00.295762,21975.785,49114.93,1.106,1029.065,1117.842,0.005,0.0
32.483,2026-06-26T01:19:00.435188,21975.82,49114.93,1.06,1029.395,1117.842,2.371,0.0
32.584,2026-06-26T01:19:00.535619,21975.848,49114.93,0.998,1029.395,1117.842,0.005,0.0
32.723,2026-06-26T01:19:00.675062,21975.883,49114.93,0.985,1029.726,1117.842,2.377,0.0
32.824,2026-06-26T01:19:00.775465,21975.91,49114.93,0.923,1029.727,1117.842,0.005,0.0
32.963,2026-06-26T01:19:00.914812,21975.945,49114.93,0.949,1030.058,1117.842,2.379,0.0
33.064,2026-06-26T01:19:01.015247,21975.973,49114.93,0.921,1030.058,1117.842,0.005,0.0
33.203,2026-06-26T01:19:01.154675,21976.008,49114.93,0.931,1030.389,1117.842,2.378,0.0
33.303,2026-06-26T01:19:01.255095,21976.031,49114.93,0.884,1030.39,1117.842,0.005,0.0
33.461,2026-06-26T01:19:01.413040,21976.074,49114.93,0.946,1030.721,1117.842,2.098,0.0
33.562,2026-06-26T01:19:01.513484,21976.102,49114.93,0.895,1030.721,1117.842,0.005,0.0
33.701,2026-06-26T01:19:01.653055,21976.133,49114.93,0.929,1031.051,1117.842,2.368,0.0
33.802,2026-06-26T01:19:01.753495,21976.16,49114.93,0.883,1031.052,1117.842,0.005,0.0
33.96,2026-06-26T01:19:01.911519,21976.203,49114.93,0.945,1031.382,1117.842,2.091,0.0
34.06,2026-06-26T01:19:02.011958,21976.227,49114.93,0.895,1031.382,1117.842,0.005,0.0
34.218,2026-06-26T01:19:02.169833,21976.27,49114.93,0.938,1031.712,1117.842,2.094,0.0
34.319,2026-06-26T01:19:02.270268,21976.297,49114.93,0.89,1031.713,1117.842,0.005,0.0
34.477,2026-06-26T01:19:02.428448,21976.336,49114.93,0.949,1032.043,1117.842,2.089,0.0
34.577,2026-06-26T01:19:02.528883,21976.363,49114.93,0.897,1032.043,1117.842,0.005,0.0
34.74,2026-06-26T01:19:02.692029,21976.406,49114.93,0.959,1032.373,1117.842,2.026,0.0
34.841,2026-06-26T01:19:02.792437,21976.434,49114.93,0.904,1032.374,1117.842,0.005,0.0
34.999,2026-06-26T01:19:02.950667,21976.477,49114.93,0.959,1032.703,1117.842,2.091,0.0
35.099,2026-06-26T01:19:03.051077,21976.504,49114.93,0.881,1032.704,1117.842,0.005,0.0
35.257,2026-06-26T01:19:03.209010,21976.543,49114.93,0.944,1033.034,1117.842,2.092,0.0
35.358,2026-06-26T01:19:03.309426,21976.57,49114.93,0.893,1033.035,1117.842,0.005,0.0
35.516,2026-06-26T01:19:03.467338,21976.613,49114.93,0.937,1033.364,1117.842,2.093,0.0
35.616,2026-06-26T01:19:03.567776,21976.637,49114.93,0.889,1033.365,1117.842,0.005,0.0
35.774,2026-06-26T01:19:03.725722,21976.68,49114.93,0.949,1033.695,1117.842,2.093,0.0
35.874,2026-06-26T01:19:03.826179,21976.707,49114.93,0.921,1033.696,1117.842,0.005,0.0
36.032,2026-06-26T01:19:03.984067,21976.746,49114.93,0.956,1034.026,1117.842,2.093,0.0
36.133,2026-06-26T01:19:04.084502,21976.773,49114.93,0.902,1034.026,1117.842,0.005,0.0
36.291,2026-06-26T01:19:04.243084,21976.812,49114.93,0.942,1034.356,1117.842,2.084,0.0
36.392,2026-06-26T01:19:04.343530,21976.84,49114.93,0.916,1034.357,1117.842,0.005,0.0
36.55,2026-06-26T01:19:04.501537,21976.883,49114.93,0.953,1034.686,1117.842,2.092,0.0
36.65,2026-06-26T01:19:04.601978,21976.906,49114.93,0.9,1034.687,1117.842,0.005,0.0
36.808,2026-06-26T01:19:04.759997,21976.949,49114.93,0.957,1035.017,1117.842,2.092,0.0
36.909,2026-06-26T01:19:04.860462,21976.973,49114.93,0.902,1035.017,1117.842,0.005,0.0
37.066,2026-06-26T01:19:05.017927,21977.016,49114.93,0.96,1035.347,1117.842,2.101,0.0
37.167,2026-06-26T01:19:05.118348,21977.039,49114.93,0.905,1035.348,1117.842,0.005,0.0
37.325,2026-06-26T01:19:05.276514,21977.078,49114.93,0.945,1035.678,1117.842,2.09,0.0
37.425,2026-06-26T01:19:05.376949,21977.105,49114.93,0.894,1035.679,1117.842,0.005,0.0
37.585,2026-06-26T01:19:05.536732,21977.148,49114.93,0.964,1036.009,1117.842,2.069,0.0
37.685,2026-06-26T01:19:05.637182,21977.172,49114.93,0.884,1036.009,1117.842,0.005,0.0
37.844,2026-06-26T01:19:05.796049,21977.211,49114.93,0.944,1036.34,1117.842,2.086,0.0
37.945,2026-06-26T01:19:05.896489,21977.238,49114.93,0.894,1036.34,1117.842,0.005,0.0
38.103,2026-06-26T01:19:06.054874,21977.281,49114.93,0.937,1036.671,1117.842,2.093,0.0
38.204,2026-06-26T01:19:06.155297,21977.305,49114.93,0.912,1036.672,1117.842,0.005,0.0
38.362,2026-06-26T01:19:06.313580,21977.348,49114.93,0.95,1037.003,1117.842,2.094,0.0
38.462,2026-06-26T01:19:06.414023,21977.375,49114.93,0.921,1037.003,1117.842,0.005,0.0
38.621,2026-06-26T01:19:06.572534,21977.414,49114.93,0.955,1037.334,1117.842,2.089,0.0
38.721,2026-06-26T01:19:06.672934,21977.441,49114.93,0.925,1037.334,1117.842,0.005,0.0
38.883,2026-06-26T01:19:06.834684,21977.48,49114.93,0.967,1037.664,1117.842,2.043,0.0
38.983,2026-06-26T01:19:06.935125,21977.508,49114.93,0.886,1037.665,1117.842,0.005,0.0
39.139,2026-06-26T01:19:07.090655,21977.547,49114.93,0.952,1037.995,1117.842,2.126,0.0
39.239,2026-06-26T01:19:07.191091,21977.574,49114.93,0.9,1037.995,1117.842,0.005,0.0
39.395,2026-06-26T01:19:07.346655,21977.617,49114.93,0.946,1038.325,1117.842,2.125,0.0
39.495,2026-06-26T01:19:07.447067,21977.641,49114.93,0.896,1038.326,1117.842,0.005,0.0
39.651,2026-06-26T01:19:07.602991,21977.68,49114.93,0.943,1038.656,1117.842,2.119,0.0
39.752,2026-06-26T01:19:07.703434,22872.199,52186.934,14.654,1038.656,1117.842,0.005,0.0
39.905,2026-06-26T01:19:07.856367,26238.91,55258.938,24.619,1038.986,1117.842,2.162,0.0
40.005,2026-06-26T01:19:07.956859,28130.25,55258.938,29.85,1038.987,1117.842,0.005,0.0
40.153,2026-06-26T01:19:08.104278,30881.055,58330.941,35.148,1039.317,1117.842,2.247,0.0
40.253,2026-06-26T01:19:08.204713,31203.77,58330.941,28.588,1039.317,1117.842,0.005,0.0
40.392,2026-06-26T01:19:08.344130,31203.809,58330.941,20.315,1039.647,1117.842,2.371,0.0
40.493,2026-06-26T01:19:08.444553,31203.836,58330.941,14.453,1039.648,1117.842,0.005,0.0
40.632,2026-06-26T01:19:08.584015,31203.879,58330.941,10.42,1039.978,1117.842,2.37,0.0
40.733,2026-06-26T01:19:08.684435,31203.91,58330.941,7.527,1039.978,1117.842,0.005,0.0
40.872,2026-06-26T01:19:08.823954,31203.953,58330.941,5.572,1040.308,1117.842,2.369,0.0
40.973,2026-06-26T01:19:08.924392,31203.988,58330.941,4.133,1040.309,1117.842,0.005,0.0
41.112,2026-06-26T01:19:09.063923,31204.027,58330.941,3.196,1040.639,1117.842,2.369,0.0
41.213,2026-06-26T01:19:09.164366,31204.062,58330.941,2.47,1040.639,1117.842,0.005,0.0
41.352,2026-06-26T01:19:09.303854,31204.105,58330.941,2.015,1040.969,1117.842,2.37,0.0
41.453,2026-06-26T01:19:09.404282,31204.133,58330.941,1.667,1040.97,1117.842,0.005,0.0
41.592,2026-06-26T01:19:09.543732,31204.18,58330.941,1.453,1041.3,1117.842,2.371,0.0
41.692,2026-06-26T01:19:09.644147,31204.211,58330.941,1.25,1041.3,1117.842,0.005,0.0
41.832,2026-06-26T01:19:09.783579,31204.254,58330.941,1.195,1041.63,1117.842,2.371,0.0
41.932,2026-06-26T01:19:09.883993,31204.285,58330.941,1.069,1041.631,1117.842,0.005,0.0
42.072,2026-06-26T01:19:10.023381,31204.328,58330.941,1.052,1041.961,1117.842,2.372,0.0
42.172,2026-06-26T01:19:10.123800,31204.359,58330.941,0.969,1041.962,1117.842,0.005,0.0
42.312,2026-06-26T01:19:10.263324,31204.406,58330.941,0.981,1042.292,1117.842,2.37,0.0
42.412,2026-06-26T01:19:10.363757,31204.434,58330.941,0.92,1042.292,1117.842,0.005,0.0
42.555,2026-06-26T01:19:10.506227,31204.48,58330.941,0.94,1042.623,1117.842,2.325,0.0
42.655,2026-06-26T01:19:10.606651,31204.512,58330.941,0.891,1042.623,1117.842,0.005,0.0
42.795,2026-06-26T01:19:10.746347,31204.555,58330.941,0.926,1042.954,1117.842,2.373,0.0
42.895,2026-06-26T01:19:10.846745,31204.586,58330.941,0.882,1042.955,1117.842,0.005,0.0
43.035,2026-06-26T01:19:10.986342,31204.629,58330.941,0.92,1043.285,1117.842,2.374,0.0
43.135,2026-06-26T01:19:11.086768,31204.66,58330.941,0.877,1043.286,1117.842,0.005,0.0
43.275,2026-06-26T01:19:11.226292,31204.703,58330.941,0.916,1043.617,1117.842,2.376,0.0
43.375,2026-06-26T01:19:11.326722,31204.734,58330.941,0.851,1043.617,1117.842,0.005,0.0
43.515,2026-06-26T01:19:11.466295,31204.777,58330.941,0.898,1043.948,1117.842,2.375,0.0
43.615,2026-06-26T01:19:11.566729,31204.809,58330.941,0.885,1043.949,1117.842,0.005,0.0
43.754,2026-06-26T01:19:11.706098,31204.855,58330.941,0.923,1044.279,1117.842,2.372,0.0
43.855,2026-06-26T01:19:11.806540,31204.883,58330.941,0.879,1044.279,1117.842,0.005,0.0
43.994,2026-06-26T01:19:11.946019,31204.926,58330.941,0.918,1044.609,1117.842,2.37,0.0
44.095,2026-06-26T01:19:12.046427,31204.961,58330.941,0.876,1044.61,1117.842,0.005,0.0
44.243,2026-06-26T01:19:12.194440,31205.008,58330.941,0.914,1044.94,1117.842,2.233,0.0
44.343,2026-06-26T01:19:12.294856,31205.039,58330.941,0.896,1044.94,1117.842,0.005,0.0
44.483,2026-06-26T01:19:12.434388,31205.082,58330.941,0.93,1045.27,1117.842,2.369,0.0
44.583,2026-06-26T01:19:12.534825,31205.113,58330.941,0.884,1045.271,1117.842,0.005,0.0
44.723,2026-06-26T01:19:12.674362,31205.156,58330.941,0.921,1045.601,1117.842,2.369,0.0
44.823,2026-06-26T01:19:12.774795,31205.191,58330.941,0.878,1045.601,1117.842,0.005,0.0
44.963,2026-06-26T01:19:12.914243,31205.234,58330.941,0.9,1045.931,1117.842,2.371,0.0
45.063,2026-06-26T01:19:13.014646,31206.762,58330.941,2.518,1045.932,1117.842,0.005,0.0
45.202,2026-06-26T01:19:13.154092,31206.801,58330.941,2.066,1046.262,1117.842,2.371,0.0
45.303,2026-06-26T01:19:13.254507,31206.832,58330.941,1.679,1046.262,1117.842,0.005,0.0
45.442,2026-06-26T01:19:13.394046,31206.875,58330.941,1.478,1046.593,1117.842,2.376,0.0
45.543,2026-06-26T01:19:13.494483,31206.902,58330.941,1.244,1046.594,1117.842,0.005,0.0
45.701,2026-06-26T01:19:13.652613,31206.953,58330.941,1.198,1046.925,1117.842,2.097,0.0
45.801,2026-06-26T01:19:13.753048,31206.984,58330.941,1.071,1046.925,1117.842,0.005,0.0
45.96,2026-06-26T01:19:13.911270,31207.027,58330.941,1.076,1047.256,1117.842,2.096,0.0
46.06,2026-06-26T01:19:14.011711,31207.059,58330.941,0.986,1047.257,1117.842,0.005,0.0
46.218,2026-06-26T01:19:14.169828,31207.105,58330.941,1.002,1047.588,1117.842,2.098,0.0
46.319,2026-06-26T01:19:14.270243,31207.133,58330.941,0.935,1047.588,1117.842,0.005,0.0
46.477,2026-06-26T01:19:14.428315,31207.184,58330.941,0.981,1047.918,1117.842,2.09,0.0
46.577,2026-06-26T01:19:14.528754,31207.211,58330.941,0.919,1047.919,1117.842,0.005,0.0
46.735,2026-06-26T01:19:14.686868,31207.258,58330.941,0.97,1048.249,1117.842,2.09,0.0
46.836,2026-06-26T01:19:14.787305,31207.289,58330.941,0.912,1048.249,1117.842,0.005,0.0
46.994,2026-06-26T01:19:14.945775,31207.336,58330.941,0.964,1048.579,1117.842,2.086,0.0
47.094,2026-06-26T01:19:15.046191,31207.363,58330.941,0.908,1048.58,1117.842,0.005,0.0
47.253,2026-06-26T01:19:15.204291,31207.406,58330.941,0.947,1048.91,1117.842,2.09,0.0
47.353,2026-06-26T01:19:15.304717,31207.438,58330.941,0.896,1048.91,1117.842,0.005,0.0
47.511,2026-06-26T01:19:15.463113,31207.48,58330.941,0.953,1049.24,1117.842,2.086,0.0
47.612,2026-06-26T01:19:15.563557,31207.508,58330.941,0.9,1049.241,1117.842,0.005,0.0
47.77,2026-06-26T01:19:15.721610,31207.555,58330.941,0.957,1049.572,1117.842,2.097,0.0
47.87,2026-06-26T01:19:15.822021,31207.586,58330.941,0.903,1049.572,1117.842,0.005,0.0
48.027,2026-06-26T01:19:15.978550,31207.629,58330.941,0.947,1049.903,1117.842,2.117,0.0
48.127,2026-06-26T01:19:16.078974,31207.66,58330.941,0.896,1049.903,1117.842,0.005,0.0
48.286,2026-06-26T01:19:16.237268,31207.703,58330.941,0.953,1050.234,1117.842,2.094,0.0
48.386,2026-06-26T01:19:16.337706,31207.734,58330.941,0.9,1050.235,1117.842,0.005,0.0
48.544,2026-06-26T01:19:16.496028,31207.781,58330.941,0.941,1050.566,1117.842,2.093,0.0
48.645,2026-06-26T01:19:16.596469,31207.812,58330.941,0.892,1050.566,1117.842,0.005,0.0
48.802,2026-06-26T01:19:16.754178,31207.859,58330.941,0.951,1050.896,1117.842,2.096,0.0
48.903,2026-06-26T01:19:16.854588,31207.891,58330.941,0.899,1050.897,1117.842,0.005,0.0
49.061,2026-06-26T01:19:17.012232,31207.938,58330.941,0.957,1051.227,1117.842,2.096,0.0
49.161,2026-06-26T01:19:17.112666,31207.969,58330.941,0.903,1051.227,1117.842,0.005,0.0
49.319,2026-06-26T01:19:17.270979,31208.016,58330.941,0.943,1051.557,1117.842,2.087,0.0
49.42,2026-06-26T01:19:17.371425,31208.047,58330.941,0.893,1051.558,1117.842,0.005,0.0
49.577,2026-06-26T01:19:17.529126,31208.094,58330.941,0.952,1051.888,1117.842,2.096,0.0
49.678,2026-06-26T01:19:17.629572,31208.125,58330.941,0.9,1051.888,1117.842,0.005,0.0
49.836,2026-06-26T01:19:17.787274,31208.172,58330.941,0.957,1052.218,1117.842,2.096,0.0
49.936,2026-06-26T01:19:17.887684,31208.199,58330.941,0.903,1052.219,1117.842,0.005,0.0
50.094,2026-06-26T01:19:18.046051,31208.246,58330.941,0.943,1052.548,1117.842,2.086,0.0
50.195,2026-06-26T01:19:18.146492,31208.273,58330.941,0.893,1052.549,1117.842,0.005,0.0
50.352,2026-06-26T01:19:18.304196,31208.32,58330.941,0.938,1052.879,1117.842,2.096,0.0
50.453,2026-06-26T01:19:18.404626,31208.352,58330.941,0.889,1052.88,1117.842,0.005,0.0
50.611,2026-06-26T01:19:18.563047,31208.398,58330.941,0.963,1053.209,1117.842,2.086,0.0
50.712,2026-06-26T01:19:18.663456,31208.43,58330.941,0.907,1053.21,1117.842,0.005,0.0
50.869,2026-06-26T01:19:18.821179,31208.473,58330.941,0.947,1053.54,1117.842,2.095,0.0
50.97,2026-06-26T01:19:18.921605,31208.5,58330.941,0.896,1053.541,1117.842,0.005,0.0
51.128,2026-06-26T01:19:19.079363,31208.547,58330.941,0.954,1053.87,1117.842,2.095,0.0
51.228,2026-06-26T01:19:19.179792,31208.578,58330.941,0.901,1053.871,1117.842,0.005,0.0
51.386,2026-06-26T01:19:19.337756,31208.621,58330.941,0.957,1054.201,1117.842,2.093,0.0
51.486,2026-06-26T01:19:19.438212,31208.648,58330.941,0.903,1054.202,1117.842,0.005,0.0
51.644,2026-06-26T01:19:19.595993,31208.695,58330.941,0.944,1054.531,1117.842,2.095,0.0
51.745,2026-06-26T01:19:19.696428,31208.727,58330.941,0.918,1054.532,1117.842,0.005,0.0
51.9,2026-06-26T01:19:19.851343,31211.355,58330.941,4.655,1054.862,1117.842,2.133,0.0
52.0,2026-06-26T01:19:19.952081,31211.422,58330.941,5.135,1054.863,1117.843,0.005,0.011
78.183,2026-06-26T01:19:46.135022,30509.23,58330.941,3.835,1055.193,13019.489,0.013,454.646
78.323,2026-06-26T01:19:46.274783,28738.754,58330.941,2.986,1055.524,13019.489,2.37,0.0
78.423,2026-06-26T01:19:46.375215,27475.109,55258.938,2.323,1055.525,13019.489,0.005,0.0
78.582,2026-06-26T01:19:46.533513,25536.754,55258.938,1.938,1055.856,13019.489,2.094,0.0
78.682,2026-06-26T01:19:46.633952,24251.574,52186.934,1.589,1055.856,13019.489,0.005,0.0
78.838,2026-06-26T01:19:46.789941,22272.746,52186.934,1.443,1056.186,13019.489,2.12,0.0
78.939,2026-06-26T01:19:46.890353,21179.57,49114.93,1.244,1056.187,13019.489,0.005,0.0
79.094,2026-06-26T01:19:47.046178,19399.078,49114.93,1.171,1056.517,13019.489,2.121,0.0
79.195,2026-06-26T01:19:47.146594,18448.512,46042.926,1.053,1056.517,13019.489,0.005,0.0
79.352,2026-06-26T01:19:47.303978,17058.734,46042.926,1.065,1056.847,13019.489,2.099,0.0
79.453,2026-06-26T01:19:47.404538,16327.074,46042.926,0.978,1056.848,13019.489,0.005,0.0
79.609,2026-06-26T01:19:47.560607,15187.094,42970.922,1.016,1057.178,13019.489,2.118,0.0
79.709,2026-06-26T01:19:47.661038,14429.438,42970.922,0.944,1057.178,13019.489,0.005,0.0
79.865,2026-06-26T01:19:47.816919,13014.746,42970.922,0.977,1057.508,13019.489,2.121,0.0
79.882,2026-06-26T01:19:47.833974,12872.746,39898.918,0.955,1057.509,13019.489,0.03,0.0
79.883,2026-06-26T01:19:47.834790,12872.746,39898.918,0.669,1057.509,13019.489,1.228,0.0
79.883,2026-06-26T01:19:47.834938,12872.746,39898.918,0.468,1057.51,13019.489,4.098,0.0
79.883,2026-06-26T01:19:47.835078,12872.746,39898.918,0.328,1057.511,13019.489,3.595,0.0
79.884,2026-06-26T01:19:47.835791,12872.746,39898.918,0.229,1057.619,13019.489,148.281,0.0
79.884,2026-06-26T01:19:47.836000,12872.746,39898.918,0.161,1057.619,13019.489,2.758,0.0
79.888,2026-06-26T01:19:47.839372,12872.746,39898.918,0.112,1057.62,13019.489,0.153,0.0
79.888,2026-06-26T01:19:47.839653,12872.746,39898.918,0.079,1057.62,13019.489,2.113,0.0
79.891,2026-06-26T01:19:47.842467,12872.746,39898.918,0.055,1057.621,13019.599,0.182,38.813
80.223,2026-06-26T01:19:48.174586,12872.746,39898.918,0.271,1057.622,13019.604,0.003,0.013
80.223,2026-06-26T01:19:48.175027,12872.746,39898.918,0.19,1057.622,13019.604,2.19,0.0
80.448,2026-06-26T01:19:48.399889,12742.426,39898.918,0.383,1057.623,13019.604,0.002,0.0
80.449,2026-06-26T01:19:48.400920,12743.102,39898.918,0.268,1057.733,13019.604,141.659,0.0
80.449,2026-06-26T01:19:48.401156,12743.102,39898.918,0.188,1057.734,13019.604,2.417,0.0
80.45,2026-06-26T01:19:48.401391,12743.102,39898.918,0.131,1057.734,13019.604,2.319,0.0
80.45,2026-06-26T01:19:48.401672,12743.102,39898.918,0.092,1057.845,13019.604,390.187,0.0
80.452,2026-06-26T01:19:48.403374,12743.152,39898.918,0.064,1057.846,13019.605,0.586,0.533
80.518,2026-06-26T01:19:48.469855,12743.156,39898.918,0.292,1058.175,13019.605,4.953,0.0
80.658,2026-06-26T01:19:48.609581,12831.883,47023.359,0.271,1058.647,13019.667,3.378,0.449
80.758,2026-06-26T01:19:48.710051,12832.957,47023.359,0.422,1058.648,13019.667,0.01,0.0
80.859,2026-06-26T01:19:48.810860,12833.719,47023.359,0.528,1058.649,13019.667,0.01,0.0
80.96,2026-06-26T01:19:48.911690,12841.082,47037.359,0.602,1058.65,13019.667,0.01,0.0
81.061,2026-06-26T01:19:49.012692,12853.957,47053.359,0.63,1058.651,13019.667,0.01,0.0
81.162,2026-06-26T01:19:49.113886,12853.969,47053.359,0.696,1058.652,13019.667,0.01,0.0
81.263,2026-06-26T01:19:49.215110,12853.973,47053.359,0.719,1058.653,13019.667,0.01,0.0
81.365,2026-06-26T01:19:49.316333,12857.648,47053.383,0.735,1058.654,13019.667,0.01,0.0
81.466,2026-06-26T01:19:49.417561,12857.648,47053.383,0.746,1058.655,13019.667,0.01,0.0
81.567,2026-06-26T01:19:49.518776,12857.648,47053.383,0.754,1058.656,13019.667,0.01,0.0
81.668,2026-06-26T01:19:49.619995,12857.648,47053.383,0.782,1058.657,13019.667,0.01,0.0
81.77,2026-06-26T01:19:49.721228,12857.648,47053.383,0.779,1058.658,13019.667,0.01,0.0
81.871,2026-06-26T01:19:49.822469,12857.648,47053.383,0.777,1058.659,13019.667,0.01,0.0
81.972,2026-06-26T01:19:49.923707,12857.648,47053.383,0.798,1058.66,13019.667,0.01,0.0
82.073,2026-06-26T01:19:50.024962,12857.648,47053.383,0.814,1058.661,13019.667,0.01,0.0
82.174,2026-06-26T01:19:50.126220,12857.648,47053.383,0.801,1058.662,13019.667,0.01,0.0
82.276,2026-06-26T01:19:50.227390,12857.648,47053.383,0.792,1058.663,13019.667,0.01,0.0
82.377,2026-06-26T01:19:50.328622,12857.648,47053.383,0.786,1058.664,13019.667,0.01,0.0
82.478,2026-06-26T01:19:50.429855,12857.648,47053.383,0.782,1058.665,13019.667,0.01,0.0
82.579,2026-06-26T01:19:50.531088,12857.648,47053.383,0.779,1058.666,13019.667,0.01,0.0
82.681,2026-06-26T01:19:50.632301,12857.648,47053.383,0.777,1058.667,13019.667,0.01,0.0
82.782,2026-06-26T01:19:50.733550,12857.648,47053.383,0.798,1058.668,13019.667,0.01,0.0
82.883,2026-06-26T01:19:50.834767,12857.648,47053.383,0.79,1058.669,13019.667,0.01,0.0
82.984,2026-06-26T01:19:50.935994,12859.457,47053.383,0.785,1058.67,13019.667,0.01,0.0
83.086,2026-06-26T01:19:51.037239,12873.086,47053.383,0.781,1058.671,13019.667,0.01,0.0
83.187,2026-06-26T01:19:51.138466,12891.012,47073.383,0.801,1058.672,13019.667,0.01,0.0
83.288,2026-06-26T01:19:51.239687,12893.652,47073.383,0.792,1058.673,13019.667,0.01,0.0
83.389,2026-06-26T01:19:51.340897,12895.113,47073.383,0.67,1058.674,13019.699,0.01,0.318
83.49,2026-06-26T01:19:51.442124,12895.113,47073.383,0.469,1058.675,13019.699,0.01,0.0
83.592,2026-06-26T01:19:51.543347,12895.113,47073.383,0.352,1058.676,13019.699,0.01,0.0
83.693,2026-06-26T01:19:51.644522,12887.234,47073.383,0.478,1058.688,13019.784,0.119,0.834
83.794,2026-06-26T01:19:51.745502,12886.66,47073.383,0.566,1058.689,13019.784,0.01,0.0
83.895,2026-06-26T01:19:51.846762,12886.785,47073.383,0.651,1058.69,13019.784,0.01,0.0
83.996,2026-06-26T01:19:51.947981,12886.785,47073.383,0.687,1058.691,13019.784,0.01,0.0
84.098,2026-06-26T01:19:52.049246,12886.461,47073.383,0.736,1058.692,13019.784,0.01,0.0
84.199,2026-06-26T01:19:52.150437,12885.41,47073.383,0.747,1058.693,13019.784,0.01,0.0
84.3,2026-06-26T01:19:52.251662,12885.16,47073.383,0.754,1058.694,13019.784,0.01,0.0
84.401,2026-06-26T01:19:52.352892,12885.16,47073.383,0.759,1058.695,13019.784,0.01,0.0
84.502,2026-06-26T01:19:52.454119,12885.16,47073.383,0.763,1058.696,13019.784,0.01,0.0
84.604,2026-06-26T01:19:52.555342,12885.152,47073.383,0.766,1058.697,13019.784,0.01,0.0
84.705,2026-06-26T01:19:52.656569,12885.156,47073.383,0.768,1058.698,13019.784,0.01,0.0
84.806,2026-06-26T01:19:52.757815,12885.156,47073.383,0.792,1058.699,13019.784,0.01,0.0
84.907,2026-06-26T01:19:52.859022,12885.219,47073.383,0.786,1058.7,13019.784,0.01,0.0
85.009,2026-06-26T01:19:52.960240,12885.219,47073.383,0.782,1058.701,13019.784,0.01,0.0
85.11,2026-06-26T01:19:53.061474,12885.219,47073.383,0.802,1058.702,13019.784,0.01,0.0
85.211,2026-06-26T01:19:53.162717,12885.219,47073.383,0.793,1058.703,13019.784,0.01,0.0
85.312,2026-06-26T01:19:53.263954,12885.219,47073.383,0.787,1058.704,13019.784,0.01,0.0
85.414,2026-06-26T01:19:53.365249,12885.219,47073.383,0.782,1058.704,13019.784,0.01,0.0
85.515,2026-06-26T01:19:53.466449,12888.531,47073.383,0.779,1058.705,13019.784,0.01,0.0
85.616,2026-06-26T01:19:53.567681,12888.535,47073.383,0.777,1058.706,13019.784,0.01,0.0
85.788,2026-06-26T01:19:53.739229,12888.535,47073.383,0.873,1059.057,13019.784,2.048,0.0
85.888,2026-06-26T01:19:53.839749,12888.535,47073.383,0.843,1059.058,13019.784,0.01,0.0
85.989,2026-06-26T01:19:53.940574,12888.527,47073.383,0.823,1059.059,13019.784,0.01,0.0
86.09,2026-06-26T01:19:54.041503,12888.535,47073.383,0.808,1059.06,13019.784,0.01,0.0
86.191,2026-06-26T01:19:54.142622,12888.535,47073.383,0.797,1059.061,13019.784,0.01,0.0
86.292,2026-06-26T01:19:54.243843,12888.539,47073.383,0.836,1059.062,13019.784,0.01,0.0
86.393,2026-06-26T01:19:54.345077,12891.551,47073.383,0.817,1059.062,13019.784,0.01,0.0
86.495,2026-06-26T01:19:54.446297,12895.062,47097.383,0.803,1059.063,13019.784,0.01,0.0
86.596,2026-06-26T01:19:54.547520,12895.062,47097.383,0.794,1059.064,13019.784,0.01,0.0
86.697,2026-06-26T01:19:54.648738,12895.062,47097.383,0.787,1059.065,13019.784,0.01,0.0
86.798,2026-06-26T01:19:54.749977,12895.062,47097.383,0.783,1059.066,13019.784,0.01,0.0
86.899,2026-06-26T01:19:54.851207,12895.062,47097.383,0.803,1059.067,13019.784,0.01,0.0
87.001,2026-06-26T01:19:54.952398,12895.062,47097.383,0.793,1059.068,13019.784,0.01,0.0
87.102,2026-06-26T01:19:55.053657,12902.586,47097.383,0.81,1059.069,13019.784,0.01,0.0
87.203,2026-06-26T01:19:55.154885,12901.77,47097.383,0.798,1059.07,13019.784,0.01,0.0
87.304,2026-06-26T01:19:55.256105,12901.77,47097.383,0.791,1059.071,13019.784,0.01,0.0
87.406,2026-06-26T01:19:55.357348,12917.637,47097.383,0.808,1059.072,13019.784,0.01,0.0
87.507,2026-06-26T01:19:55.458596,12893.145,47097.383,0.797,1059.073,13019.784,0.01,0.0
87.608,2026-06-26T01:19:55.559776,12891.367,47097.383,0.79,1059.074,13019.784,0.01,0.0
87.709,2026-06-26T01:19:55.660545,12891.367,47097.383,0.786,1059.075,13019.784,0.01,0.0
87.81,2026-06-26T01:19:55.761383,12891.367,47097.383,0.783,1059.076,13019.784,0.01,0.0
87.91,2026-06-26T01:19:55.862181,12890.926,47097.383,0.78,1059.077,13019.784,0.01,0.0
88.011,2026-06-26T01:19:55.962964,12889.172,47097.383,0.779,1059.078,13019.784,0.01,0.0
88.112,2026-06-26T01:19:56.063805,12889.148,47097.383,0.801,1059.079,13019.784,0.01,0.0
88.213,2026-06-26T01:19:56.164629,12889.172,47097.383,0.793,1059.08,13019.784,0.01,0.0
88.314,2026-06-26T01:19:56.265463,12889.172,47097.383,0.788,1059.081,13019.784,0.01,0.0
88.415,2026-06-26T01:19:56.366245,12889.172,47097.383,0.784,1059.082,13019.784,0.01,0.0
88.515,2026-06-26T01:19:56.467046,12889.172,47097.383,0.804,1059.083,13019.784,0.01,0.0
88.616,2026-06-26T01:19:56.567868,12889.172,47097.383,0.796,1059.084,13019.784,0.01,0.0
88.717,2026-06-26T01:19:56.668684,12889.172,47097.383,0.79,1059.085,13019.784,0.01,0.0
88.818,2026-06-26T01:19:56.769462,12892.52,47097.383,0.762,1059.086,13019.784,0.01,0.0
88.919,2026-06-26T01:19:56.870239,12892.531,47097.383,0.789,1059.087,13019.784,0.01,0.0
89.019,2026-06-26T01:19:56.971038,12892.539,47097.383,0.785,1059.088,13019.784,0.01,0.0
89.12,2026-06-26T01:19:57.071880,12892.539,47097.383,0.782,1059.089,13019.784,0.01,0.0
89.221,2026-06-26T01:19:57.172708,12892.516,47097.383,0.78,1059.09,13019.784,0.01,0.0
89.322,2026-06-26T01:19:57.273531,12892.535,47097.383,0.778,1059.091,13019.784,0.01,0.0
89.423,2026-06-26T01:19:57.374337,12892.535,47097.383,0.777,1059.092,13019.784,0.01,0.0
89.523,2026-06-26T01:19:57.475175,12892.535,47097.383,0.777,1059.093,13019.784,0.01,0.0
89.624,2026-06-26T01:19:57.575977,12892.535,47097.383,0.776,1059.094,13019.784,0.01,0.0
89.725,2026-06-26T01:19:57.676803,12896.043,47097.383,0.776,1059.095,13019.784,0.01,0.0
89.826,2026-06-26T01:19:57.777637,12896.043,47097.383,0.776,1059.096,13019.784,0.01,0.0
89.927,2026-06-26T01:19:57.878466,12896.043,47097.383,0.775,1059.097,13019.784,0.01,0.0
90.028,2026-06-26T01:19:57.979273,12896.043,47097.383,0.798,1059.098,13019.784,0.01,0.0
90.128,2026-06-26T01:19:58.080067,12896.043,47097.383,0.791,1059.099,13019.784,0.01,0.0
90.229,2026-06-26T01:19:58.180870,12896.043,47097.383,0.787,1059.1,13019.784,0.01,0.0
90.33,2026-06-26T01:19:58.281700,12900.562,47097.383,0.783,1059.101,13019.784,0.01,0.0
90.431,2026-06-26T01:19:58.382545,12902.941,47097.383,0.781,1059.102,13019.784,0.01,0.0
90.532,2026-06-26T01:19:58.483361,12902.605,47097.383,0.779,1059.103,13019.784,0.01,0.0
90.632,2026-06-26T01:19:58.584174,12906.613,47097.383,0.801,1059.104,13019.784,0.01,0.0
90.772,2026-06-26T01:19:58.724218,12894.117,47097.383,0.863,1059.454,13019.784,2.506,0.0
90.873,2026-06-26T01:19:58.824735,12893.152,47097.383,0.836,1059.455,13019.784,0.01,0.0
90.974,2026-06-26T01:19:58.925546,12893.152,47097.383,0.818,1059.456,13019.784,0.01,0.0
91.075,2026-06-26T01:19:59.026316,12893.152,47097.383,0.805,1059.457,13019.784,0.01,0.0
91.175,2026-06-26T01:19:59.127099,12892.766,47097.383,0.796,1059.458,13019.784,0.01,0.0
91.276,2026-06-26T01:19:59.227927,12892.77,47097.383,0.79,1059.459,13019.784,0.01,0.0
91.377,2026-06-26T01:19:59.328742,12892.762,47097.383,0.785,1059.46,13019.784,0.01,0.0
91.478,2026-06-26T01:19:59.429536,12892.766,47097.383,0.782,1059.461,13019.784,0.01,0.0
91.579,2026-06-26T01:19:59.530321,12892.766,47097.383,0.803,1059.462,13019.784,0.01,0.0
91.679,2026-06-26T01:19:59.631106,12892.77,47097.383,0.818,1059.463,13019.784,0.01,0.0
91.78,2026-06-26T01:19:59.731925,12892.77,47097.383,0.805,1059.464,13019.784,0.01,0.0
91.881,2026-06-26T01:19:59.832731,12892.77,47097.383,0.796,1059.465,13019.784,0.01,0.0
91.982,2026-06-26T01:19:59.933536,12892.77,47097.383,0.79,1059.466,13019.784,0.01,0.0
92.083,2026-06-26T01:20:00.034307,12892.305,47097.383,0.786,1059.467,13019.784,0.01,0.0
92.183,2026-06-26T01:20:00.135102,12892.32,47097.383,0.782,1059.468,13019.784,0.01,0.0
92.284,2026-06-26T01:20:00.235908,12891.75,47097.383,0.78,1059.469,13019.784,0.01,0.0
92.385,2026-06-26T01:20:00.336723,12891.75,47097.383,0.779,1059.47,13019.784,0.01,0.0
92.486,2026-06-26T01:20:00.437519,12891.727,47097.383,0.778,1059.471,13019.784,0.01,0.0
92.587,2026-06-26T01:20:00.538293,12891.75,47097.383,0.777,1059.472,13019.784,0.01,0.0
92.687,2026-06-26T01:20:00.639041,12891.75,47097.383,0.8,1059.473,13019.784,0.01,0.0
92.788,2026-06-26T01:20:00.739854,12891.75,47097.383,0.816,1059.474,13019.784,0.01,0.0
92.889,2026-06-26T01:20:00.840664,12891.75,47097.383,0.803,1059.475,13019.784,0.01,0.0
92.99,2026-06-26T01:20:00.941477,12891.75,47097.383,0.795,1059.476,13019.784,0.01,0.0
93.091,2026-06-26T01:20:01.042253,12891.75,47097.383,0.789,1059.477,13019.784,0.01,0.0
93.191,2026-06-26T01:20:01.143046,12891.75,47097.383,0.785,1059.478,13019.784,0.01,0.0
93.292,2026-06-26T01:20:01.243863,12891.75,47097.383,0.782,1059.479,13019.784,0.01,0.0
93.393,2026-06-26T01:20:01.344686,12891.75,47097.383,0.78,1059.48,13019.784,0.01,0.0
93.494,2026-06-26T01:20:01.445499,12891.75,47097.383,0.778,1059.481,13019.784,0.01,0.0
93.595,2026-06-26T01:20:01.546295,12900.016,47097.383,0.777,1059.482,13019.784,0.01,0.0
93.695,2026-06-26T01:20:01.647064,12899.293,47097.383,0.777,1059.483,13019.784,0.01,0.0
93.796,2026-06-26T01:20:01.747842,12898.949,47097.383,0.776,1059.484,13019.784,0.01,0.0
93.897,2026-06-26T01:20:01.848642,12910.957,47097.383,0.776,1059.485,13019.784,0.01,0.0
93.998,2026-06-26T01:20:01.949457,12891.055,47097.383,0.776,1059.486,13019.784,0.01,0.0
94.099,2026-06-26T01:20:02.050233,12889.453,47097.383,0.775,1059.487,13019.784,0.01,0.0
94.199,2026-06-26T01:20:02.151029,12888.062,47097.383,0.775,1059.488,13019.784,0.01,0.0
94.3,2026-06-26T01:20:02.251857,12887.719,47097.383,0.798,1059.489,13019.784,0.01,0.0
94.401,2026-06-26T01:20:02.352668,12886.363,47097.383,0.792,1059.49,13019.784,0.01,0.0
94.502,2026-06-26T01:20:02.453474,12885.566,47097.383,0.787,1059.491,13019.784,0.01,0.0
94.603,2026-06-26T01:20:02.554271,12881.363,47097.383,0.783,1059.492,13019.784,0.01,0.0
94.703,2026-06-26T01:20:02.655059,12881.395,47097.383,0.781,1059.493,13019.784,0.01,0.0
94.804,2026-06-26T01:20:02.755877,12881.395,47097.383,0.779,1059.494,13019.784,0.01,0.0
94.905,2026-06-26T01:20:02.856666,12881.395,47097.383,0.778,1059.495,13019.784,0.01,0.0
95.006,2026-06-26T01:20:02.957473,12881.395,47097.383,0.8,1059.496,13019.784,0.01,0.0
95.107,2026-06-26T01:20:03.058255,12878.395,47097.383,0.793,1059.497,13019.784,0.01,0.0
95.207,2026-06-26T01:20:03.159052,12878.395,47097.383,0.811,1059.498,13019.784,0.01,0.0
95.308,2026-06-26T01:20:03.259881,12876.383,47097.383,0.8,1059.498,13020.937,0.01,11.439
95.409,2026-06-26T01:20:03.360706,12876.383,47097.383,0.746,1059.5,13020.937,0.019,0.0
95.51,2026-06-26T01:20:03.461668,12876.383,47097.383,0.522,1059.556,13020.954,0.555,0.166
95.611,2026-06-26T01:20:03.562476,12876.383,47097.383,0.365,1059.557,13020.954,0.01,0.0
95.712,2026-06-26T01:20:03.663266,12876.383,47097.383,0.256,1059.646,13020.982,0.882,0.277
95.859,2026-06-26T01:20:03.811022,12999.043,47294.375,0.258,1060.392,13020.982,5.026,0.0
95.961,2026-06-26T01:20:03.912549,12873.398,47097.383,0.181,1060.591,13021.085,1.962,1.014
96.062,2026-06-26T01:20:04.013756,12876.148,47533.461,0.173,1061.178,13021.881,5.824,7.899
96.163,2026-06-26T01:20:04.114555,13470.715,58085.742,0.354,1061.179,13021.881,0.01,0.0
96.264,2026-06-26T01:20:04.215364,14518.758,59728.492,0.503,1061.18,13021.92,0.01,0.388
96.364,2026-06-26T01:20:04.316203,15039.395,60231.742,1.746,1061.181,13066.451,0.01,441.399
96.465,2026-06-26T01:20:04.417060,14780.191,59883.742,2.384,1061.182,13066.451,0.01,0.0
96.566,2026-06-26T01:20:04.517911,14774.625,59744.742,2.203,1061.183,13166.451,0.01,991.718
96.667,2026-06-26T01:20:04.618777,14833.992,59719.742,1.821,1061.184,13166.451,0.01,0.0
96.768,2026-06-26T01:20:04.719637,14922.07,59719.742,1.507,1061.185,13166.451,0.01,0.0
96.869,2026-06-26T01:20:04.820513,15010.445,59719.742,1.287,1061.186,13166.451,0.01,0.0
96.97,2026-06-26T01:20:04.921384,15098.992,59719.742,1.134,1061.187,13166.451,0.01,0.0
97.07,2026-06-26T01:20:05.022206,15186.375,59719.742,1.026,1061.188,13166.451,0.01,0.0
97.171,2026-06-26T01:20:05.123030,15263.488,59719.742,0.927,1061.189,13166.451,0.01,0.0
97.272,2026-06-26T01:20:05.223866,15341.492,59719.742,0.905,1061.19,13166.451,0.01,0.0
97.373,2026-06-26T01:20:05.324735,15418.461,59719.742,0.866,1061.191,13166.451,0.01,0.0
97.474,2026-06-26T01:20:05.425587,15495.48,59719.742,0.838,1061.192,13166.451,0.01,0.0
97.575,2026-06-26T01:20:05.526448,15571.762,59719.742,0.819,1061.193,13166.451,0.01,0.0
97.676,2026-06-26T01:20:05.627288,15647.789,59719.742,0.806,1061.194,13166.451,0.01,0.0
97.776,2026-06-26T01:20:05.728117,15724.129,59719.742,0.796,1061.195,13166.451,0.01,0.0
97.877,2026-06-26T01:20:05.828985,15800.492,59719.742,0.79,1061.196,13166.451,0.01,0.0
97.978,2026-06-26T01:20:05.929847,15876.59,59719.742,0.785,1061.197,13166.451,0.01,0.0
98.079,2026-06-26T01:20:06.030698,15952.992,59719.742,0.782,1061.198,13166.451,0.01,0.0
98.18,2026-06-26T01:20:06.131557,16029.492,59719.742,0.826,1061.199,13166.451,0.01,0.0
98.281,2026-06-26T01:20:06.232398,14516.301,58783.742,0.787,1061.2,13166.451,0.01,0.0
98.382,2026-06-26T01:20:06.333235,14552.227,58783.742,0.807,1061.201,13166.451,0.01,0.0
98.482,2026-06-26T01:20:06.434061,14588.105,58783.742,0.82,1061.202,13166.451,0.01,0.0
98.583,2026-06-26T01:20:06.534910,14623.918,58783.742,0.807,1061.203,13166.451,0.01,0.0
98.684,2026-06-26T01:20:06.635722,14660.734,58783.742,0.797,1061.204,13166.451,0.01,0.0
98.785,2026-06-26T01:20:06.736489,14698.34,58783.742,0.791,1061.205,13166.451,0.01,0.0
98.886,2026-06-26T01:20:06.837320,14734.27,58783.742,0.786,1061.206,13166.451,0.01,0.0
98.987,2026-06-26T01:20:06.938567,14770.492,58783.742,0.781,1061.207,13166.451,0.01,0.0
99.088,2026-06-26T01:20:07.039796,14806.496,58783.742,0.801,1061.208,13166.451,0.01,0.0
99.189,2026-06-26T01:20:07.141040,14842.48,58783.742,0.769,1061.209,13166.451,0.01,0.0
99.291,2026-06-26T01:20:07.242254,14878.508,58783.742,0.77,1061.21,13166.451,0.01,0.0
99.392,2026-06-26T01:20:07.343569,14914.48,58783.742,0.793,1061.211,13166.451,0.01,0.0
99.493,2026-06-26T01:20:07.444833,14950.535,58783.742,0.787,1061.212,13166.451,0.01,0.0
99.594,2026-06-26T01:20:07.546096,14986.516,58783.742,0.805,1061.213,13166.451,0.01,0.0
99.696,2026-06-26T01:20:07.647319,15022.461,58783.742,0.772,1061.214,13166.451,0.01,0.0
99.797,2026-06-26T01:20:07.748565,15058.504,58783.742,0.795,1061.215,13166.451,0.01,0.0
99.898,2026-06-26T01:20:07.849844,15094.523,58783.742,0.788,1061.216,13166.451,0.01,0.0
99.999,2026-06-26T01:20:07.951112,14072.727,58783.742,0.806,1061.217,13166.451,0.01,0.0
100.101,2026-06-26T01:20:08.052380,13566.727,57247.742,0.796,1061.218,13166.451,0.01,0.0
100.202,2026-06-26T01:20:08.153672,13566.727,57247.742,0.789,1061.219,13166.451,0.01,0.0
100.303,2026-06-26T01:20:08.254953,13566.727,57247.742,0.783,1061.22,13166.451,0.01,0.0
100.405,2026-06-26T01:20:08.356269,13566.727,57247.742,0.803,1061.221,13166.451,0.01,0.0
100.506,2026-06-26T01:20:08.457556,14561.602,58434.742,0.979,1061.222,13166.451,0.01,0.0
100.607,2026-06-26T01:20:08.558770,14753.809,58438.742,0.94,1061.223,13166.451,0.01,0.0
100.708,2026-06-26T01:20:08.659960,14753.809,58438.742,0.889,1061.224,13166.451,0.01,0.0
100.81,2026-06-26T01:20:08.761234,14753.809,58438.742,0.877,1061.225,13166.451,0.01,0.0
100.982,2026-06-26T01:20:08.933240,14753.809,58438.742,0.928,1061.576,13766.451,2.043,3499.404
101.082,2026-06-26T01:20:09.033772,14317.809,58438.742,0.882,1061.577,13766.451,0.01,0.0
101.183,2026-06-26T01:20:09.134632,14153.809,57838.742,0.873,1061.578,13766.451,0.01,0.0
101.284,2026-06-26T01:20:09.235551,14178.109,57912.93,0.89,1061.579,13766.451,0.01,0.0
101.385,2026-06-26T01:20:09.336664,14227.996,57912.93,0.831,1061.58,13766.451,0.01,0.0
101.486,2026-06-26T01:20:09.437888,14284.496,57987.117,0.813,1061.581,13840.638,0.01,732.68
101.587,2026-06-26T01:20:09.539113,14227.996,57912.93,0.824,1061.582,13914.826,0.01,733.247
101.689,2026-06-26T01:20:09.640316,14295.238,57987.117,0.808,1061.583,13914.826,0.01,0.0
101.79,2026-06-26T01:20:09.741535,14227.996,57912.93,0.635,1061.584,13914.826,0.01,0.0
101.891,2026-06-26T01:20:09.842789,14229.867,57987.117,0.676,1061.585,13989.013,0.01,732.72
101.992,2026-06-26T01:20:09.944021,14227.996,57912.93,0.728,1061.586,13989.013,0.01,0.0
102.094,2026-06-26T01:20:10.045230,14235.191,57987.117,0.718,1061.587,14063.201,0.01,733.013
102.195,2026-06-26T01:20:10.146462,14227.996,57912.93,0.757,1061.588,14063.201,0.01,0.0
102.296,2026-06-26T01:20:10.247756,14236.496,57987.117,0.761,1061.589,14137.388,0.01,732.149
102.397,2026-06-26T01:20:10.349059,14227.996,57912.93,0.765,1061.59,14137.388,0.01,0.0
102.499,2026-06-26T01:20:10.450345,14237.496,57987.117,0.79,1061.591,14211.576,0.01,732.173
102.6,2026-06-26T01:20:10.551593,14227.996,57912.93,0.762,1061.592,14211.576,0.01,0.0
102.701,2026-06-26T01:20:10.652585,14235.863,57987.117,0.765,1061.593,14285.763,0.01,735.21
102.802,2026-06-26T01:20:10.753538,14227.996,57912.93,0.791,1061.594,14285.763,0.01,0.0
102.903,2026-06-26T01:20:10.854756,14236.641,57987.117,0.785,1061.595,14359.951,0.01,732.929
103.004,2026-06-26T01:20:10.955986,14227.996,57912.93,0.781,1061.596,14359.951,0.01,0.0
103.106,2026-06-26T01:20:11.057225,14236.996,57987.117,0.778,1061.597,14434.138,0.01,733.039
103.207,2026-06-26T01:20:11.158454,14227.996,57912.93,0.8,1061.598,14434.138,0.01,0.0
103.308,2026-06-26T01:20:11.259672,14235.43,57987.117,0.791,1061.599,14508.326,0.01,732.672
103.409,2026-06-26T01:20:11.360918,14227.996,57912.93,0.808,1061.6,14508.326,0.01,0.0
103.51,2026-06-26T01:20:11.462206,14234.078,57987.117,0.797,1061.601,14582.513,0.01,732.773
103.612,2026-06-26T01:20:11.563391,14227.996,57912.93,0.79,1061.602,14582.513,0.01,0.0
103.713,2026-06-26T01:20:11.664554,14233.996,57987.117,0.808,1061.603,14656.701,0.01,735.747
103.814,2026-06-26T01:20:11.765354,14227.996,57912.93,0.775,1061.604,14656.701,0.01,0.0
103.914,2026-06-26T01:20:11.866218,14232.871,57987.117,0.798,1061.605,14730.888,0.01,735.354
104.015,2026-06-26T01:20:11.967052,14227.996,57912.93,0.791,1061.606,14730.888,0.01,0.0
104.116,2026-06-26T01:20:12.067917,14233.348,57987.117,0.763,1061.607,14805.076,0.01,735.366
104.217,2026-06-26T01:20:12.168778,14227.996,57912.93,0.79,1061.608,14805.076,0.01,0.0
104.318,2026-06-26T01:20:12.269622,14233.93,57987.117,0.785,1061.609,14879.263,0.01,735.461
104.419,2026-06-26T01:20:12.370495,14227.996,57912.93,0.782,1061.61,14879.263,0.01,0.0
104.52,2026-06-26T01:20:12.471336,13955.996,57912.93,0.78,1061.611,14953.451,0.01,735.592
104.62,2026-06-26T01:20:12.572198,13475.434,57838.742,0.778,1061.612,14953.451,0.01,0.0
104.721,2026-06-26T01:20:12.672985,14166.395,59029.742,0.801,1061.613,14953.451,0.01,0.0
104.822,2026-06-26T01:20:12.773822,14232.559,59029.742,0.793,1061.614,14953.451,0.01,0.0
104.923,2026-06-26T01:20:12.874672,14305.957,59029.742,0.788,1061.615,14953.451,0.01,0.0
105.024,2026-06-26T01:20:12.975530,14379.426,59029.742,0.761,1061.616,14953.451,0.01,0.0
105.125,2026-06-26T01:20:13.076381,14452.809,59029.742,0.788,1061.617,14953.451,0.01,0.0
105.225,2026-06-26T01:20:13.177207,14525.258,59029.742,0.784,1061.618,14953.451,0.01,0.0
105.326,2026-06-26T01:20:13.278033,14598.559,59029.742,0.781,1061.619,14953.451,0.01,0.0
105.427,2026-06-26T01:20:13.378885,14671.91,59029.742,0.803,1061.62,14953.451,0.01,0.0
105.528,2026-06-26T01:20:13.479734,14745.402,59029.742,0.794,1061.621,14953.451,0.01,0.0
105.629,2026-06-26T01:20:13.580594,14818.445,59029.742,0.789,1061.622,14953.451,0.01,0.0
105.73,2026-06-26T01:20:13.681450,14891.902,59029.742,0.808,1061.623,14953.451,0.01,0.0
105.831,2026-06-26T01:20:13.782264,14965.262,59029.742,0.798,1061.624,14953.451,0.01,0.0
105.972,2026-06-26T01:20:13.924216,15073.902,59029.742,0.873,1061.976,14953.451,2.48,0.0
106.073,2026-06-26T01:20:14.024736,15150.902,59029.742,0.82,1061.977,14953.451,0.01,0.0
106.174,2026-06-26T01:20:14.125592,15227.508,59029.742,0.83,1061.978,14953.451,0.01,0.0
106.275,2026-06-26T01:20:14.226432,15300.902,59029.742,0.79,1061.979,14953.451,0.01,0.0
106.376,2026-06-26T01:20:14.327251,14157.75,58306.414,0.809,1061.98,14953.451,0.01,0.0
106.476,2026-06-26T01:20:14.428063,14194.469,58306.414,0.799,1061.981,14953.451,0.01,0.0
106.577,2026-06-26T01:20:14.528907,14231.781,58306.414,0.792,1061.982,14953.451,0.01,0.0
106.678,2026-06-26T01:20:14.629755,14269.137,58306.414,0.787,1061.983,14953.451,0.01,0.0
106.779,2026-06-26T01:20:14.730599,14306.43,58306.414,0.783,1061.984,14953.451,0.01,0.0
106.88,2026-06-26T01:20:14.831452,14343.785,58306.414,0.781,1061.985,14953.451,0.01,0.0
106.981,2026-06-26T01:20:14.932260,14381.137,58306.414,0.779,1061.986,14953.451,0.01,0.0
107.081,2026-06-26T01:20:15.033067,14418.492,58306.414,0.778,1061.987,14953.451,0.01,0.0
107.182,2026-06-26T01:20:15.133901,14455.613,58306.414,0.777,1061.988,14953.451,0.01,0.0
107.283,2026-06-26T01:20:15.234730,14493.367,58306.414,0.776,1061.989,14953.451,0.01,0.0
107.384,2026-06-26T01:20:15.335570,14531.137,58306.414,0.799,1061.99,14953.451,0.01,0.0
107.485,2026-06-26T01:20:15.436387,14568.785,58306.414,0.769,1061.991,14953.451,0.01,0.0
107.585,2026-06-26T01:20:15.537195,14606.48,58306.414,0.77,1061.992,14953.451,0.01,0.0
107.686,2026-06-26T01:20:15.637989,13997.809,58306.414,0.795,1061.993,14953.451,0.01,0.0
107.787,2026-06-26T01:20:15.738825,13430.809,57119.414,0.789,1061.994,14953.451,0.01,0.0
107.888,2026-06-26T01:20:15.839634,13430.809,57119.414,0.785,1061.995,14953.451,0.01,0.0
107.989,2026-06-26T01:20:15.940470,13430.809,57119.414,0.782,1061.996,14953.451,0.01,0.0
108.09,2026-06-26T01:20:16.041255,14060.312,58655.414,0.896,1061.997,14953.451,0.01,0.0
108.19,2026-06-26T01:20:16.142059,14977.191,60195.414,1.115,1061.998,14953.451,0.01,0.0
108.291,2026-06-26T01:20:16.242903,15055.211,60195.414,1.245,1061.999,14953.451,0.01,0.0
108.392,2026-06-26T01:20:16.343799,15133.316,60195.414,1.36,1062.0,14953.451,0.01,0.0
108.493,2026-06-26T01:20:16.444651,15211.406,60195.414,1.417,1062.001,15417.123,0.01,4595.374
108.594,2026-06-26T01:20:16.545519,14825.793,59731.742,1.48,1062.002,15417.123,0.01,0.0
108.695,2026-06-26T01:20:16.646324,14903.152,59731.742,1.501,1062.003,15417.123,0.01,0.0
108.795,2026-06-26T01:20:16.747106,14981.402,59731.742,1.306,1062.004,15417.123,0.01,0.0
108.896,2026-06-26T01:20:16.847935,15059.77,59731.742,1.123,1062.005,15417.123,0.01,0.0
108.997,2026-06-26T01:20:16.948777,15137.734,59731.742,1.042,1062.006,15417.123,0.01,0.0
109.098,2026-06-26T01:20:17.049606,15219.035,59731.742,0.962,1062.007,15417.123,0.01,0.0
109.199,2026-06-26T01:20:17.150482,15302.246,59731.742,0.906,1062.008,15417.123,0.01,0.0
109.3,2026-06-26T01:20:17.251302,15385.918,59731.742,0.867,1062.009,15417.123,0.01,0.0
109.4,2026-06-26T01:20:17.352123,15467.746,59731.742,0.839,1062.011,15417.123,0.01,0.0
109.501,2026-06-26T01:20:17.452955,15551.234,59731.742,0.82,1062.012,15417.123,0.01,0.0
109.602,2026-06-26T01:20:17.553808,15633.734,59731.742,0.806,1062.013,15417.123,0.01,0.0
109.703,2026-06-26T01:20:17.654659,15716.555,59731.742,0.797,1062.014,15417.123,0.01,0.0
109.804,2026-06-26T01:20:17.755526,15799.281,59731.742,0.79,1062.015,15417.123,0.01,0.0
109.905,2026-06-26T01:20:17.856365,15882.016,59731.742,0.809,1062.016,15417.123,0.01,0.0
110.005,2026-06-26T01:20:17.957208,15964.734,59731.742,0.799,1062.017,15417.123,0.01,0.0
110.106,2026-06-26T01:20:18.058015,15698.289,59731.742,0.791,1062.018,15417.123,0.01,0.0
110.207,2026-06-26T01:20:18.158882,14527.246,58795.742,0.786,1062.019,15417.123,0.01,0.0
110.308,2026-06-26T01:20:18.259742,14564.969,58795.742,0.76,1062.02,15417.123,0.01,0.0
110.409,2026-06-26T01:20:18.360602,14602.711,58795.742,0.787,1062.021,15417.123,0.01,0.0
110.51,2026-06-26T01:20:18.461444,14640.441,58795.742,0.783,1062.022,15417.123,0.01,0.0
110.611,2026-06-26T01:20:18.562266,14678.199,58795.742,0.781,1062.023,15417.123,0.01,0.0
110.711,2026-06-26T01:20:18.663074,14715.848,58795.742,0.779,1062.024,15417.123,0.01,0.0
110.812,2026-06-26T01:20:18.763922,14753.566,58795.742,0.778,1062.025,15417.123,0.01,0.0
110.913,2026-06-26T01:20:18.864775,14791.32,58795.742,0.8,1062.026,15417.123,0.01,0.0
111.053,2026-06-26T01:20:19.004877,14843.516,58795.742,0.862,1062.376,15417.123,2.509,0.0
111.154,2026-06-26T01:20:19.105411,14880.605,58795.742,0.836,1062.377,15417.123,0.01,0.0
111.255,2026-06-26T01:20:19.206263,14918.344,58795.742,0.841,1062.378,15417.123,0.01,0.0
111.355,2026-06-26T01:20:19.307115,14954.797,58795.742,0.798,1062.379,15417.123,0.01,0.0
111.456,2026-06-26T01:20:19.407978,14992.371,58795.742,0.791,1062.381,15417.123,0.01,0.0
111.557,2026-06-26T01:20:19.508843,15030.332,58795.742,0.786,1062.382,15417.123,0.01,0.0
111.658,2026-06-26T01:20:19.609732,15068.281,58795.742,0.782,1062.383,15417.123,0.01,0.0
111.759,2026-06-26T01:20:19.710622,15037.332,58795.742,0.803,1062.384,15417.123,0.01,0.0
111.86,2026-06-26T01:20:19.811517,13923.332,58795.742,0.818,1062.385,15417.123,0.01,0.0
111.961,2026-06-26T01:20:19.912370,13567.332,57259.742,0.805,1062.386,15417.123,0.01,0.0
112.061,2026-06-26T01:20:20.013218,13567.332,57259.742,0.796,1062.387,15417.123,0.01,0.0
112.162,2026-06-26T01:20:20.114040,13567.332,57259.742,0.79,1062.388,15417.123,0.01,0.0
112.263,2026-06-26T01:20:20.214892,13567.336,57259.742,0.785,1062.389,15417.123,0.01,0.0
112.364,2026-06-26T01:20:20.315775,13567.336,57259.742,0.782,1062.39,15417.123,0.01,0.0
112.465,2026-06-26T01:20:20.416672,13567.336,57259.742,0.779,1062.391,15417.123,0.01,0.0
112.566,2026-06-26T01:20:20.517556,13567.336,57259.742,0.778,1062.392,15417.123,0.01,0.0
112.667,2026-06-26T01:20:20.618476,13567.336,57259.742,0.777,1062.393,15417.123,0.01,0.0
112.768,2026-06-26T01:20:20.719330,13567.336,57259.742,0.776,1062.394,16017.123,0.01,5948.861
112.869,2026-06-26T01:20:20.820231,13567.336,57259.742,0.775,1062.395,16017.123,0.01,0.0
112.969,2026-06-26T01:20:20.921076,12967.336,56659.742,0.775,1062.396,16017.123,0.01,0.0
113.071,2026-06-26T01:20:21.022324,12987.148,58195.742,0.774,1062.397,16017.123,0.01,0.0
113.172,2026-06-26T01:20:21.123517,14083.273,58195.742,0.773,1062.398,16017.123,0.01,0.0
113.273,2026-06-26T01:20:21.224745,14528.258,59735.742,0.796,1062.399,16017.123,0.01,0.0
113.374,2026-06-26T01:20:21.325995,14608.566,59735.742,0.789,1062.4,16017.123,0.01,0.0
113.476,2026-06-26T01:20:21.427248,14690.867,59735.742,0.807,1062.401,16017.123,0.01,0.0
113.577,2026-06-26T01:20:21.528507,14772.758,59735.742,0.796,1062.402,16017.123,0.01,0.0
113.678,2026-06-26T01:20:21.629702,14854.223,59735.742,0.79,1062.403,16017.123,0.01,0.0
113.779,2026-06-26T01:20:21.730493,14935.93,59735.742,0.785,1062.404,16017.123,0.01,0.0
113.88,2026-06-26T01:20:21.831419,15017.121,59735.742,0.804,1062.405,16017.123,0.01,0.0
113.981,2026-06-26T01:20:21.932666,15099.262,59735.742,0.771,1062.406,16017.123,0.01,0.0
114.082,2026-06-26T01:20:22.033918,15181.586,59735.742,0.772,1062.407,16017.123,0.01,0.0
114.183,2026-06-26T01:20:22.135214,15263.43,59735.742,0.772,1062.408,16017.123,0.01,0.0
114.285,2026-06-26T01:20:22.236416,15345.426,59735.742,0.772,1062.409,16017.123,0.01,0.0
114.386,2026-06-26T01:20:22.337654,15428.25,59735.742,0.795,1062.41,16017.123,0.01,0.0
114.487,2026-06-26T01:20:22.438909,15510.637,59735.742,0.811,1062.411,16017.123,0.01,0.0
114.588,2026-06-26T01:20:22.540214,15591.43,59735.742,0.799,1062.412,16017.123,0.01,0.0
114.69,2026-06-26T01:20:22.641415,15667.391,59735.742,0.814,1062.413,16017.123,0.01,0.0
114.791,2026-06-26T01:20:22.742676,15748.43,59735.742,0.778,1062.414,16017.123,0.01,0.0
114.892,2026-06-26T01:20:22.843927,15831.324,59735.742,0.799,1062.415,16017.123,0.01,0.0
114.993,2026-06-26T01:20:22.945204,15914.43,59735.742,0.791,1062.416,16017.123,0.01,0.0
115.095,2026-06-26T01:20:23.046424,15997.668,59735.742,0.785,1062.417,16017.123,0.01,0.0
115.196,2026-06-26T01:20:23.147647,14504.133,58799.742,0.781,1062.418,16017.123,0.01,0.0
115.297,2026-06-26T01:20:23.248845,14542.016,58799.742,0.801,1062.419,16017.123,0.01,0.0
115.398,2026-06-26T01:20:23.350069,14579.848,58799.742,0.793,1062.42,16017.123,0.01,0.0
115.5,2026-06-26T01:20:23.451266,14617.742,58799.742,0.787,1062.421,16017.123,0.01,0.0
115.601,2026-06-26T01:20:23.552493,14655.578,58799.742,0.782,1062.422,16017.123,0.01,0.0
115.702,2026-06-26T01:20:23.653710,14693.484,58799.742,0.779,1062.423,16017.123,0.01,0.0
115.803,2026-06-26T01:20:23.754926,14731.309,58799.742,0.777,1062.424,16017.123,0.01,0.0
115.904,2026-06-26T01:20:23.856121,14769.121,58799.742,0.775,1062.425,16017.123,0.01,0.0
116.006,2026-06-26T01:20:23.957328,14806.973,58799.742,0.798,1062.426,16017.123,0.01,0.0
116.177,2026-06-26T01:20:24.129008,14871.027,58799.742,0.873,1062.777,16017.123,2.049,0.0
116.278,2026-06-26T01:20:24.229552,14903.98,58799.742,0.844,1062.778,16017.123,0.01,0.0
116.379,2026-06-26T01:20:24.330451,14938.0,58799.742,0.8,1062.779,16017.123,0.01,0.0
116.48,2026-06-26T01:20:24.431315,14975.859,58799.742,0.792,1062.78,16017.123,0.01,0.0
116.581,2026-06-26T01:20:24.532546,15013.855,58799.742,0.786,1062.781,16017.123,0.01,0.0
116.682,2026-06-26T01:20:24.633794,15051.852,58799.742,0.828,1062.782,16017.123,0.01,0.0
116.783,2026-06-26T01:20:24.735048,15089.906,58799.742,0.811,1062.783,16017.123,0.01,0.0
116.885,2026-06-26T01:20:24.836309,14311.527,58799.742,0.799,1062.784,16017.123,0.01,0.0
116.986,2026-06-26T01:20:24.937549,13567.527,57263.742,0.791,1062.785,16017.123,0.01,0.0
117.087,2026-06-26T01:20:25.038815,13567.527,57263.742,0.785,1062.786,16017.123,0.01,0.0
117.188,2026-06-26T01:20:25.140065,13567.527,57263.742,0.781,1062.787,16017.123,0.01,0.0
117.29,2026-06-26T01:20:25.241360,13567.527,57263.742,0.778,1062.788,16017.123,0.01,0.0
117.391,2026-06-26T01:20:25.342693,13567.531,57263.742,0.776,1062.789,16017.123,0.01,0.0
117.492,2026-06-26T01:20:25.444012,13567.531,57263.742,0.797,1062.79,16017.123,0.01,0.0
117.594,2026-06-26T01:20:25.545327,13567.531,57263.742,0.79,1062.791,16017.123,0.01,0.0
117.695,2026-06-26T01:20:25.646672,13567.531,57263.742,0.784,1062.792,16017.123,0.01,0.0
117.796,2026-06-26T01:20:25.747992,13567.531,57263.742,0.78,1062.793,16017.123,0.01,0.0
117.898,2026-06-26T01:20:25.849285,13567.531,57263.742,0.778,1062.794,16617.123,0.01,5927.116
117.999,2026-06-26T01:20:25.950570,13567.531,57263.742,0.776,1062.795,16617.123,0.01,0.0
118.1,2026-06-26T01:20:26.051884,12967.531,56663.742,0.797,1062.796,16617.123,0.01,0.0
118.201,2026-06-26T01:20:26.153181,13266.938,58199.742,0.79,1062.798,16617.123,0.01,0.0
118.303,2026-06-26T01:20:26.254320,14344.125,58199.742,0.762,1062.799,16617.123,0.01,0.0
118.404,2026-06-26T01:20:26.355515,14545.121,59739.742,0.788,1062.8,16617.123,0.01,0.0
118.505,2026-06-26T01:20:26.456723,14625.941,59739.742,0.783,1062.801,16617.123,0.01,0.0
118.606,2026-06-26T01:20:26.557972,14709.625,59739.742,0.826,1062.802,16617.123,0.01,0.0
118.707,2026-06-26T01:20:26.659107,14791.309,59739.742,0.81,1062.803,16617.123,0.01,0.0
118.808,2026-06-26T01:20:26.760126,14877.125,59739.742,0.799,1062.804,16617.123,0.01,0.0
118.91,2026-06-26T01:20:26.861290,14963.125,59739.742,0.791,1062.805,16617.123,0.01,0.0
119.011,2026-06-26T01:20:26.962492,15049.125,59739.742,0.785,1062.806,16617.123,0.01,0.0
119.112,2026-06-26T01:20:27.063693,15135.227,59739.742,0.804,1062.807,16617.123,0.01,0.0
119.213,2026-06-26T01:20:27.164912,15221.41,59739.742,0.771,1062.808,16617.123,0.01,0.0
119.314,2026-06-26T01:20:27.266131,15307.625,59739.742,0.772,1062.809,16617.123,0.01,0.0
119.416,2026-06-26T01:20:27.367338,15393.527,59739.742,0.795,1062.81,16617.123,0.01,0.0
119.517,2026-06-26T01:20:27.468546,15479.57,59739.742,0.788,1062.811,16617.123,0.01,0.0
119.618,2026-06-26T01:20:27.569773,15565.125,59739.742,0.783,1062.812,16617.123,0.01,0.0
119.719,2026-06-26T01:20:27.670992,15650.625,59739.742,0.826,1062.813,16617.123,0.01,0.0
119.82,2026-06-26T01:20:27.772205,15735.934,59739.742,0.81,1062.814,16617.123,0.01,0.0
119.922,2026-06-26T01:20:27.873372,15821.367,59739.742,0.775,1062.815,16617.123,0.01,0.0
120.023,2026-06-26T01:20:27.974616,15906.637,59739.742,0.774,1062.816,16617.123,0.01,0.0
120.124,2026-06-26T01:20:28.075839,15992.055,59739.742,0.797,1062.817,16617.123,0.01,0.0
120.225,2026-06-26T01:20:28.177055,14537.625,59739.742,0.789,1062.818,16617.123,0.01,0.0
120.327,2026-06-26T01:20:28.278261,14540.48,58803.742,0.784,1062.819,16617.123,0.01,0.0
120.428,2026-06-26T01:20:28.379493,14578.438,58803.742,0.78,1062.82,16617.123,0.01,0.0
120.529,2026-06-26T01:20:28.480723,14616.375,58803.742,0.801,1062.821,16617.123,0.01,0.0
120.63,2026-06-26T01:20:28.581944,14654.402,58803.742,0.769,1062.822,16617.123,0.01,0.0
120.732,2026-06-26T01:20:28.683227,14692.359,58803.742,0.793,1062.823,16617.123,0.01,0.0
120.833,2026-06-26T01:20:28.784409,14730.32,58803.742,0.787,1062.824,16617.123,0.01,0.0
120.934,2026-06-26T01:20:28.885602,14768.238,58803.742,0.782,1062.825,16617.123,0.01,0.0
121.035,2026-06-26T01:20:28.986835,14806.203,58803.742,0.779,1062.826,16617.123,0.01,0.0
121.209,2026-06-26T01:20:29.160604,14871.145,58803.742,0.883,1063.177,16617.123,2.025,0.0
121.309,2026-06-26T01:20:29.261210,14907.5,58803.742,0.851,1063.178,16617.123,0.01,0.0
121.41,2026-06-26T01:20:29.362028,14945.461,58803.742,0.828,1063.179,16617.123,0.01,0.0
121.511,2026-06-26T01:20:29.462952,14983.48,58803.742,0.811,1063.18,16617.123,0.01,0.0
121.612,2026-06-26T01:20:29.563999,15021.438,58803.742,0.823,1063.181,16617.123,0.01,0.0
121.713,2026-06-26T01:20:29.665115,15059.523,58803.742,0.808,1063.182,16617.123,0.01,0.0
121.815,2026-06-26T01:20:29.766309,15097.512,58803.742,0.797,1063.183,16617.123,0.01,0.0
121.916,2026-06-26T01:20:29.867529,13949.859,58803.742,0.789,1063.184,16617.123,0.01,0.0
122.017,2026-06-26T01:20:29.968749,13567.859,57267.742,0.784,1063.185,16617.123,0.01,0.0
122.118,2026-06-26T01:20:30.069949,13567.859,57267.742,0.78,1063.186,16617.123,0.01,0.0
122.219,2026-06-26T01:20:30.171207,13567.859,57267.742,0.778,1063.187,16617.123,0.01,0.0
122.321,2026-06-26T01:20:30.272360,13567.863,57267.742,0.776,1063.188,16617.123,0.01,0.0
122.422,2026-06-26T01:20:30.373591,13567.863,57267.742,0.775,1063.189,16617.123,0.01,0.0
122.523,2026-06-26T01:20:30.474792,13567.863,57267.742,0.774,1063.19,16617.123,0.01,0.0
122.624,2026-06-26T01:20:30.575980,13567.863,57267.742,0.797,1063.191,16617.123,0.01,0.0
122.725,2026-06-26T01:20:30.676854,13567.863,57267.742,0.79,1063.192,16617.123,0.01,0.0
122.826,2026-06-26T01:20:30.778063,13567.863,57267.742,0.808,1063.193,17217.123,0.01,5929.574
122.928,2026-06-26T01:20:30.879263,13567.863,57267.742,0.797,1063.194,17217.123,0.01,0.0
123.029,2026-06-26T01:20:30.980494,12967.863,56667.742,0.812,1063.195,17217.123,0.01,0.0
123.13,2026-06-26T01:20:31.081702,13217.395,58203.742,0.777,1063.196,17217.123,0.01,0.0
123.231,2026-06-26T01:20:31.182896,14261.488,58203.742,0.799,1063.197,17217.123,0.01,0.0
123.332,2026-06-26T01:20:31.284094,14537.504,59743.742,0.767,1063.198,17217.123,0.01,0.0
123.434,2026-06-26T01:20:31.385320,14621.992,59743.742,0.792,1063.199,17217.123,0.01,0.0
123.535,2026-06-26T01:20:31.486544,14708.367,59743.742,0.786,1063.2,17217.123,0.01,0.0
123.636,2026-06-26T01:20:31.587746,14794.457,59743.742,0.805,1063.201,17217.123,0.01,0.0
123.737,2026-06-26T01:20:31.688880,14878.633,59743.742,0.796,1063.202,17217.123,0.01,0.0
123.838,2026-06-26T01:20:31.789691,14964.734,59743.742,0.79,1063.203,17217.123,0.01,0.0
123.939,2026-06-26T01:20:31.890549,15050.957,59743.742,0.785,1063.204,17217.123,0.01,0.0
124.04,2026-06-26T01:20:31.991414,15136.957,59743.742,0.782,1063.205,17217.123,0.01,0.0
124.141,2026-06-26T01:20:32.092248,15223.141,59743.742,0.78,1063.206,17217.123,0.01,0.0
124.241,2026-06-26T01:20:32.193072,15309.156,59743.742,0.802,1063.207,17217.123,0.01,0.0
124.342,2026-06-26T01:20:32.293930,15394.957,59743.742,0.793,1063.208,17217.123,0.01,0.0
124.443,2026-06-26T01:20:32.394793,15480.895,59743.742,0.765,1063.209,17217.123,0.01,0.0
124.544,2026-06-26T01:20:32.495638,15566.184,59743.742,0.791,1063.211,17217.123,0.01,0.0
124.645,2026-06-26T01:20:32.596517,15651.25,59743.742,0.786,1063.212,17217.123,0.01,0.0
124.746,2026-06-26T01:20:32.697394,15736.254,59743.742,0.806,1063.213,17217.123,0.01,0.0
124.847,2026-06-26T01:20:32.798227,15821.219,59743.742,0.796,1063.214,17217.123,0.01,0.0
124.947,2026-06-26T01:20:32.899024,15907.02,59743.742,0.79,1063.215,17217.123,0.01,0.0
125.048,2026-06-26T01:20:32.999885,15992.895,59743.742,0.786,1063.216,17217.123,0.01,0.0
125.149,2026-06-26T01:20:33.100749,14579.957,59743.742,0.805,1063.217,17217.123,0.01,0.0
125.25,2026-06-26T01:20:33.201625,14540.617,58807.742,0.773,1063.218,17217.123,0.01,0.0
125.351,2026-06-26T01:20:33.302490,14578.191,58807.742,0.797,1063.219,17217.123,0.01,0.0
125.452,2026-06-26T01:20:33.403315,14616.105,58807.742,0.79,1063.22,17217.123,0.01,0.0
125.552,2026-06-26T01:20:33.504179,14653.996,58807.742,0.785,1063.221,17217.123,0.01,0.0
125.653,2026-06-26T01:20:33.605015,14691.984,58807.742,0.759,1063.222,17217.123,0.01,0.0
125.754,2026-06-26T01:20:33.705889,14729.914,58807.742,0.787,1063.223,17217.123,0.01,0.0
125.855,2026-06-26T01:20:33.806758,14767.863,58807.742,0.783,1063.224,17217.123,0.01,0.0
125.956,2026-06-26T01:20:33.907642,14805.852,58807.742,0.78,1063.225,17217.123,0.01,0.0
126.057,2026-06-26T01:20:34.008520,14843.723,58807.742,0.778,1063.226,17217.123,0.01,0.0
126.198,2026-06-26T01:20:34.149251,14896.691,58807.742,0.845,1063.577,17217.123,2.497,0.0
126.298,2026-06-26T01:20:34.249752,14933.07,58807.742,0.801,1063.578,17217.123,0.01,0.0
126.399,2026-06-26T01:20:34.350633,14970.891,58807.742,0.816,1063.579,17217.123,0.01,0.0
126.5,2026-06-26T01:20:34.451518,15009.016,58807.742,0.804,1063.58,17217.123,0.01,0.0
126.601,2026-06-26T01:20:34.552411,15047.16,58807.742,0.795,1063.581,17217.123,0.01,0.0
126.702,2026-06-26T01:20:34.653259,15085.246,58807.742,0.812,1063.582,17217.123,0.01,0.0
126.802,2026-06-26T01:20:34.754078,14354.191,58807.742,0.801,1063.583,17217.123,0.01,0.0
126.903,2026-06-26T01:20:34.854949,13568.191,57271.742,0.816,1063.584,17217.123,0.01,0.0
127.004,2026-06-26T01:20:34.955837,13568.191,57271.742,0.804,1063.585,17217.123,0.01,0.0
127.105,2026-06-26T01:20:35.056726,13568.191,57271.742,0.795,1063.586,17217.123,0.01,0.0
127.206,2026-06-26T01:20:35.157600,13568.195,57271.742,0.812,1063.587,17217.123,0.01,0.0
127.307,2026-06-26T01:20:35.258486,13568.195,57271.742,0.801,1063.588,17217.123,0.01,0.0
127.408,2026-06-26T01:20:35.359338,13568.195,57271.742,0.793,1063.589,17217.123,0.01,0.0
127.509,2026-06-26T01:20:35.460225,13568.195,57271.742,0.787,1063.59,17217.123,0.01,0.0
127.609,2026-06-26T01:20:35.561037,13568.195,57271.742,0.784,1063.591,17217.123,0.01,0.0
127.71,2026-06-26T01:20:35.661831,13568.195,57271.742,0.781,1063.592,17817.123,0.01,5947.16
127.811,2026-06-26T01:20:35.762728,13532.195,57271.742,0.779,1063.593,17817.123,0.01,0.0
127.912,2026-06-26T01:20:35.863799,12968.195,56671.742,0.777,1063.594,17817.123,0.01,0.0
128.013,2026-06-26T01:20:35.964836,13377.629,58207.742,0.776,1063.595,17817.123,0.01,0.0
128.114,2026-06-26T01:20:36.065867,14462.133,58207.742,0.798,1063.596,17817.123,0.01,0.0
128.215,2026-06-26T01:20:36.166893,14585.523,59747.742,0.768,1063.597,17817.123,0.01,0.0
128.316,2026-06-26T01:20:36.267930,14672.059,59747.742,0.769,1063.598,17817.123,0.01,0.0
128.417,2026-06-26T01:20:36.368963,14758.773,59747.742,0.771,1063.599,17817.123,0.01,0.0
128.518,2026-06-26T01:20:36.469998,14845.289,59747.742,0.795,1063.6,17817.123,0.01,0.0
128.619,2026-06-26T01:20:36.571021,14930.977,59747.742,0.788,1063.601,17817.123,0.01,0.0
128.72,2026-06-26T01:20:36.672047,15016.695,59747.742,0.784,1063.602,17817.123,0.01,0.0
128.821,2026-06-26T01:20:36.773062,15104.234,59747.742,0.781,1063.603,17817.123,0.01,0.0
128.922,2026-06-26T01:20:36.874053,15191.777,59747.742,0.779,1063.604,17817.123,0.01,0.0
129.023,2026-06-26T01:20:36.975062,15279.117,59747.742,0.777,1063.605,17817.123,0.01,0.0
129.124,2026-06-26T01:20:37.076044,15366.605,59747.742,0.776,1063.606,17817.123,0.01,0.0
129.225,2026-06-26T01:20:37.177053,15454.289,59747.742,0.775,1063.607,17817.123,0.01,0.0
129.326,2026-06-26T01:20:37.278052,15541.789,59747.742,0.798,1063.608,17817.123,0.01,0.0
129.427,2026-06-26T01:20:37.379065,15628.523,59747.742,0.791,1063.609,17817.123,0.01,0.0
129.528,2026-06-26T01:20:37.480058,15715.434,59747.742,0.809,1063.61,17817.123,0.01,0.0
129.629,2026-06-26T01:20:37.581066,15802.289,59747.742,0.775,1063.611,17817.123,0.01,0.0
129.73,2026-06-26T01:20:37.682064,15889.047,59747.742,0.798,1063.612,17817.123,0.01,0.0
129.831,2026-06-26T01:20:37.783088,15975.789,59747.742,0.79,1063.613,17817.123,0.01,0.0
129.932,2026-06-26T01:20:37.884094,15146.289,59747.742,0.785,1063.614,17817.123,0.01,0.0
130.033,2026-06-26T01:20:37.985176,14535.023,58811.742,0.782,1063.615,17817.123,0.01,0.0
130.134,2026-06-26T01:20:38.086183,14572.723,58811.742,0.779,1063.616,17817.123,0.01,0.0
130.235,2026-06-26T01:20:38.187193,14610.621,58811.742,0.801,1063.617,17817.123,0.01,0.0
130.337,2026-06-26T01:20:38.288224,14648.664,58811.742,0.769,1063.618,17817.123,0.01,0.0
130.437,2026-06-26T01:20:38.389210,14686.652,58811.742,0.794,1063.619,17817.123,0.01,0.0
130.539,2026-06-26T01:20:38.490238,14724.68,58811.742,0.811,1063.62,17817.123,0.01,0.0
130.639,2026-06-26T01:20:38.591222,14762.523,58811.742,0.823,1063.622,17817.123,0.01,0.0
130.741,2026-06-26T01:20:38.692224,14800.031,58811.742,0.808,1063.623,17817.123,0.01,0.0
130.842,2026-06-26T01:20:38.793230,14838.023,58811.742,0.775,1063.624,17817.123,0.01,0.0
130.942,2026-06-26T01:20:38.894201,14876.047,58811.742,0.797,1063.625,17817.123,0.01,0.0
131.043,2026-06-26T01:20:38.995207,14914.078,58811.742,0.79,1063.626,17817.123,0.01,0.0
131.145,2026-06-26T01:20:39.096256,14952.133,58811.742,0.785,1063.627,17817.123,0.01,0.0
131.301,2026-06-26T01:20:39.253150,15009.605,58811.742,0.864,1063.977,17817.123,2.241,0.0
131.402,2026-06-26T01:20:39.353651,15047.637,58811.742,0.837,1063.978,17817.123,0.01,0.0
131.503,2026-06-26T01:20:39.454521,15085.738,58811.742,0.842,1063.979,17817.123,0.01,0.0
131.604,2026-06-26T01:20:39.555424,14316.527,58811.742,0.821,1063.98,17817.123,0.01,0.0
131.705,2026-06-26T01:20:39.656491,13568.527,57275.742,0.807,1063.981,17817.123,0.01,0.0
131.806,2026-06-26T01:20:39.757566,13568.527,57275.742,0.796,1063.982,17817.123,0.01,0.0
131.907,2026-06-26T01:20:39.858640,13568.527,57275.742,0.789,1063.983,17817.123,0.01,0.0
132.008,2026-06-26T01:20:39.959702,13568.531,57275.742,0.785,1063.984,17817.123,0.01,0.0
132.109,2026-06-26T01:20:40.060766,13568.531,57275.742,0.781,1063.985,17817.123,0.01,0.0
132.21,2026-06-26T01:20:40.161842,13568.531,57275.742,0.778,1063.986,17817.123,0.01,0.0
132.311,2026-06-26T01:20:40.262920,13568.531,57275.742,0.777,1063.987,17817.123,0.01,0.0
132.412,2026-06-26T01:20:40.363993,13568.531,57275.742,0.776,1063.989,17817.123,0.01,0.0
132.513,2026-06-26T01:20:40.465059,13568.531,57275.742,0.798,1063.99,18417.123,0.01,5936.19
132.614,2026-06-26T01:20:40.566095,13391.23,57275.742,0.814,1063.991,18417.123,0.01,0.0
132.715,2026-06-26T01:20:40.667106,12841.965,55590.781,0.848,1063.992,18417.123,0.01,0.0
132.816,2026-06-26T01:20:40.768107,12743.16,39898.918,0.849,1062.922,13019.605,-10.591,-53427.495
132.821,2026-06-26T01:20:40.772554,12743.16,39898.918,0.594,1064.346,18419.251,337.116,1277873.993
132.823,2026-06-26T01:20:40.774436,12743.16,39898.918,1.81,1064.347,18419.257,0.594,3.399
133.245,2026-06-26T01:20:41.196445,12742.402,39898.918,1.506,1064.348,18419.257,0.002,0.0
133.245,2026-06-26T01:20:41.196948,12742.406,39898.918,1.054,1064.348,18419.257,1.874,0.0
133.246,2026-06-26T01:20:41.197245,12742.406,39898.918,0.738,1064.349,18419.257,1.839,0.0
133.246,2026-06-26T01:20:41.197486,12742.406,39898.918,0.517,1064.349,18419.257,1.215,0.0
133.246,2026-06-26T01:20:41.198006,12742.422,39898.918,0.362,1064.35,18419.257,1.28,0.0
133.247,2026-06-26T01:20:41.198289,12742.426,39898.918,0.253,1064.351,18419.257,3.636,0.0
133.247,2026-06-26T01:20:41.198410,12742.426,39898.918,0.177,1064.351,18419.257,4.537,0.0
133.247,2026-06-26T01:20:41.198525,12742.426,39898.918,0.124,1064.352,18419.257,4.547,0.0
133.247,2026-06-26T01:20:41.198699,12742.426,39898.918,0.087,1064.352,18419.257,2.944,0.0
133.247,2026-06-26T01:20:41.198822,12742.426,39898.918,0.061,1064.353,18419.257,4.297,0.0
133.25,2026-06-26T01:20:41.201295,12747.711,39898.918,10.886,1064.354,18419.257,0.442,0.0
133.25,2026-06-26T01:20:41.201693,12747.711,39898.918,7.62,1064.355,18419.257,2.411,0.0
133.25,2026-06-26T01:20:41.202071,12747.711,39898.918,35.334,1064.355,18419.257,1.987,0.0
133.251,2026-06-26T01:20:41.202341,12747.711,39898.918,24.734,1064.356,18419.257,2.88,0.0
133.251,2026-06-26T01:20:41.202604,12747.711,39898.918,17.314,1064.357,18419.257,2.974,0.0
133.251,2026-06-26T01:20:41.202894,12747.711,39898.918,12.12,1064.358,18419.257,2.639,0.0
133.259,2026-06-26T01:20:41.210370,12747.711,39898.918,21.291,1064.359,18419.257,0.152,0.0
133.371,2026-06-26T01:20:41.322293,12757.207,39898.918,26.732,1064.687,18419.257,2.935,0.0
133.528,2026-06-26T01:20:41.479518,12757.223,39898.918,19.01,1065.019,18419.257,2.109,0.0
133.628,2026-06-26T01:20:41.579963,12757.312,39898.918,13.54,1065.019,18419.257,0.005,0.0
133.787,2026-06-26T01:20:41.738395,12757.324,39898.918,9.804,1065.35,18419.257,2.089,0.0
133.887,2026-06-26T01:20:41.838811,12757.516,39898.918,7.935,1065.35,18419.257,0.005,0.0
134.046,2026-06-26T01:20:41.997226,12757.531,39898.918,5.895,1065.681,18419.257,2.089,0.0
134.146,2026-06-26T01:20:42.097664,12757.531,39898.918,4.359,1065.681,18419.257,0.005,0.0
134.305,2026-06-26T01:20:42.256623,12757.531,39898.918,3.376,1066.012,18419.257,2.082,0.0
134.405,2026-06-26T01:20:42.357064,12757.531,39898.918,2.619,1066.012,18419.257,0.005,0.0
134.564,2026-06-26T01:20:42.515568,12757.531,39898.918,2.144,1066.343,18419.257,2.088,0.0
134.664,2026-06-26T01:20:42.615985,12758.219,39898.918,2.667,1066.343,18419.257,0.005,0.0
134.822,2026-06-26T01:20:42.773340,12758.25,39898.918,2.195,1066.674,18419.257,2.103,0.0
134.922,2026-06-26T01:20:42.873785,12758.348,39898.918,1.746,1066.674,18419.257,0.005,0.0
135.081,2026-06-26T01:20:43.032368,12758.352,39898.918,1.548,1067.005,18419.257,2.088,0.0
135.181,2026-06-26T01:20:43.132776,12758.543,39898.918,2.179,1067.005,18419.257,0.005,0.0
135.34,2026-06-26T01:20:43.291377,12758.566,39898.918,1.851,1067.336,18419.257,2.087,0.0
135.44,2026-06-26T01:20:43.391783,12758.566,39898.918,1.529,1067.336,18419.257,0.005,0.0
135.599,2026-06-26T01:20:43.550418,12758.566,39898.918,1.395,1067.667,18419.257,2.086,0.0
135.699,2026-06-26T01:20:43.650847,12758.566,39898.918,1.21,1067.667,18419.257,0.005,0.0
135.858,2026-06-26T01:20:43.809417,12758.566,39898.918,1.158,1067.998,18419.257,2.088,0.0
135.958,2026-06-26T01:20:43.909841,12759.246,39898.918,2.442,1067.998,18419.257,0.005,0.0
136.117,2026-06-26T01:20:44.068287,12759.285,39898.918,2.02,1068.329,18419.257,2.089,0.0
136.217,2026-06-26T01:20:44.168739,12759.379,39898.918,1.647,1068.329,18419.257,0.005,0.0
136.376,2026-06-26T01:20:44.327672,12759.395,39898.918,1.478,1068.66,18419.257,2.083,0.0
136.476,2026-06-26T01:20:44.428087,12759.582,39898.918,2.619,1068.66,18419.257,0.005,0.0
136.635,2026-06-26T01:20:44.586572,12759.586,39898.918,2.159,1068.991,18419.257,2.088,0.0
136.735,2026-06-26T01:20:44.687015,12759.586,39898.918,1.744,1068.991,18419.257,0.005,0.0
136.894,2026-06-26T01:20:44.845352,12759.586,39898.918,1.547,1069.322,18419.257,2.091,0.0
136.994,2026-06-26T01:20:44.945788,12759.586,39898.918,1.316,1069.322,18419.257,0.005,0.0
137.153,2026-06-26T01:20:45.104879,12759.586,39898.918,1.245,1069.653,18419.257,2.081,0.0
137.254,2026-06-26T01:20:45.205282,12760.52,39898.918,3.296,1069.653,18419.257,0.005,0.0
137.41,2026-06-26T01:20:45.361688,12760.559,39898.918,2.623,1069.984,18419.257,2.116,0.0
137.51,2026-06-26T01:20:45.462129,12760.652,39898.918,2.069,1069.984,18419.257,0.005,0.0
137.65,2026-06-26T01:20:45.601811,12760.652,39898.918,1.767,1070.315,18419.257,2.378,0.0
137.751,2026-06-26T01:20:45.702243,12760.652,39898.918,1.47,1070.316,18419.257,0.005,0.0
137.906,2026-06-26T01:20:45.857453,12760.668,39898.918,2.526,1070.647,18419.257,2.139,0.0
138.006,2026-06-26T01:20:45.957866,12760.668,39898.918,2.024,1070.648,18419.257,0.005,0.0
138.162,2026-06-26T01:20:46.114197,12760.668,39898.918,1.732,1070.979,18419.257,2.123,0.0
138.263,2026-06-26T01:20:46.214611,12760.668,39898.918,1.446,1070.98,18419.257,0.005,0.0
138.419,2026-06-26T01:20:46.371022,12760.668,39898.918,1.327,1071.311,18419.257,2.122,0.0
138.52,2026-06-26T01:20:46.471439,12761.367,39898.918,3.096,1071.312,18419.257,0.005,0.0
138.676,2026-06-26T01:20:46.627640,12761.395,39898.918,2.498,1071.643,18419.257,2.123,0.0
138.776,2026-06-26T01:20:46.728115,12761.492,39898.918,1.981,1071.643,18419.257,0.005,0.0
138.932,2026-06-26T01:20:46.883946,12761.508,39898.918,1.703,1071.974,18419.257,2.127,0.0
139.033,2026-06-26T01:20:46.984387,12761.508,39898.918,1.425,1071.974,18419.257,0.005,0.0
139.188,2026-06-26T01:20:47.140218,12761.695,39898.918,2.533,1072.305,18419.257,2.124,0.0
139.289,2026-06-26T01:20:47.240639,12761.695,39898.918,2.006,1072.305,18419.257,0.005,0.0
139.445,2026-06-26T01:20:47.396819,12761.695,39898.918,1.72,1072.636,18419.257,2.119,0.0
139.546,2026-06-26T01:20:47.497249,12761.695,39898.918,1.46,1072.636,18419.257,0.005,0.0
139.701,2026-06-26T01:20:47.653166,12761.695,39898.918,1.323,1072.967,18419.257,2.123,0.0
139.802,2026-06-26T01:20:47.753602,12761.695,39898.918,1.159,1072.967,18419.257,0.005,0.0
139.958,2026-06-26T01:20:47.909751,12762.582,39898.918,2.449,1073.298,18419.257,2.12,0.0
140.058,2026-06-26T01:20:48.010178,12762.582,39898.918,1.947,1073.298,18419.257,0.005,0.0
140.214,2026-06-26T01:20:48.165743,12762.598,39898.918,1.665,1073.629,18419.257,2.128,0.0
140.314,2026-06-26T01:20:48.266187,12762.598,39898.918,1.398,1073.629,18419.257,0.005,0.0
140.47,2026-06-26T01:20:48.421898,12762.742,39898.918,2.561,1073.96,18419.257,2.126,0.0
140.571,2026-06-26T01:20:48.522332,12762.742,39898.918,2.049,1073.96,18419.257,0.005,0.0
140.726,2026-06-26T01:20:48.677796,12762.871,39898.918,1.736,1074.291,18419.257,2.129,0.0
140.827,2026-06-26T01:20:48.778243,12762.871,39898.918,1.448,1074.292,18419.257,0.005,0.0
140.982,2026-06-26T01:20:48.934187,12762.871,39898.918,1.345,1074.622,18419.257,2.123,0.0
141.083,2026-06-26T01:20:49.034622,12762.871,39898.918,1.174,1074.623,18419.257,0.005,0.0
141.239,2026-06-26T01:20:49.190318,12763.227,39898.918,2.54,1074.953,18419.257,2.126,0.0
141.339,2026-06-26T01:20:49.290765,12763.227,39898.918,2.034,1074.954,18419.257,0.005,0.0
141.495,2026-06-26T01:20:49.446934,12763.227,39898.918,1.739,1075.284,18419.257,2.122,0.0
141.596,2026-06-26T01:20:49.547382,12763.227,39898.918,1.45,1075.285,18419.257,0.005,0.0
141.751,2026-06-26T01:20:49.702894,12763.246,39898.918,2.584,1075.615,18419.257,2.128,0.0
141.852,2026-06-26T01:20:49.803297,12763.246,39898.918,2.065,1075.616,18419.257,0.005,0.0
142.007,2026-06-26T01:20:49.958819,12763.246,39898.918,1.747,1075.946,18419.257,2.128,0.0
142.108,2026-06-26T01:20:50.059256,12763.246,39898.918,1.456,1075.946,18419.257,0.005,0.0
142.263,2026-06-26T01:20:50.214845,12763.246,39898.918,1.336,1076.277,18419.257,2.127,0.0
142.364,2026-06-26T01:20:50.315280,12763.246,39898.918,1.168,1076.277,18419.257,0.005,0.0
142.519,2026-06-26T01:20:50.471190,12763.934,39898.918,2.458,1076.608,18419.257,2.123,0.0
142.62,2026-06-26T01:20:50.571626,12763.934,39898.918,1.953,1076.608,18419.257,0.005,0.0
142.776,2026-06-26T01:20:50.727837,12763.957,39898.918,1.683,1076.94,18419.257,2.125,0.0
142.877,2026-06-26T01:20:50.828254,12763.957,39898.918,1.411,1076.94,18419.257,0.005,0.0
143.033,2026-06-26T01:20:50.984693,12763.98,39898.918,2.682,1077.272,18419.257,2.122,0.0
143.133,2026-06-26T01:20:51.085127,12763.98,39898.918,2.11,1077.272,18419.257,0.005,0.0
143.289,2026-06-26T01:20:51.241212,12763.98,39898.918,1.793,1077.604,18419.257,2.127,0.0
143.39,2026-06-26T01:20:51.341648,12763.98,39898.918,1.488,1077.604,18419.257,0.005,0.0
143.546,2026-06-26T01:20:51.497554,12763.98,39898.918,1.358,1077.936,18419.257,2.129,0.0
143.646,2026-06-26T01:20:51.597962,12763.98,39898.918,1.207,1077.936,18419.257,0.005,0.0
143.813,2026-06-26T01:20:51.764989,12764.652,39898.918,2.375,1078.267,18419.257,1.981,0.0
143.914,2026-06-26T01:20:51.865422,12764.652,39898.918,1.896,1078.267,18419.257,0.005,0.0
144.07,2026-06-26T01:20:52.021868,12764.672,39898.918,1.657,1078.598,18419.257,2.116,0.0
144.171,2026-06-26T01:20:52.122304,12764.672,39898.918,1.393,1078.598,18419.257,0.005,0.0
144.33,2026-06-26T01:20:52.281400,12764.676,39898.918,2.538,1078.929,18419.257,2.081,0.0
144.43,2026-06-26T01:20:52.381840,12764.676,39898.918,2.01,1078.929,18419.257,0.005,0.0
144.586,2026-06-26T01:20:52.537626,12764.691,39898.918,1.723,1079.26,18419.257,2.125,0.0
144.686,2026-06-26T01:20:52.638050,12764.691,39898.918,1.439,1079.26,18419.257,0.005,0.0
144.842,2026-06-26T01:20:52.793942,12764.691,39898.918,1.323,1079.591,18419.257,2.123,0.0
144.943,2026-06-26T01:20:52.894385,12764.691,39898.918,1.159,1079.591,18419.257,0.005,0.0
145.101,2026-06-26T01:20:53.052248,12765.109,39898.918,2.55,1079.922,18419.257,2.097,0.0
145.201,2026-06-26T01:20:53.152689,12765.109,39898.918,2.018,1079.922,18419.257,0.005,0.0
145.358,2026-06-26T01:20:53.309860,12765.129,39898.918,1.726,1080.253,18419.257,2.106,0.0
145.459,2026-06-26T01:20:53.410271,12765.129,39898.918,1.441,1080.253,18419.257,0.005,0.0
145.618,2026-06-26T01:20:53.570073,12765.133,39898.918,2.579,1080.584,18419.257,2.07,0.0
145.719,2026-06-26T01:20:53.670605,12765.133,39898.918,2.038,1080.584,18419.257,0.005,0.0
145.875,2026-06-26T01:20:53.826689,12765.148,39898.918,1.743,1080.915,18419.257,2.121,0.0
145.975,2026-06-26T01:20:53.927115,12765.148,39898.918,1.476,1080.915,18419.257,0.005,0.0
146.131,2026-06-26T01:20:54.082638,12765.148,39898.918,1.35,1081.246,18419.257,2.129,0.0
146.231,2026-06-26T01:20:54.183084,12765.148,39898.918,1.178,1081.246,18419.257,0.005,0.0
146.389,2026-06-26T01:20:54.340983,12766.168,39898.918,2.504,1081.577,18419.257,2.097,0.0
146.49,2026-06-26T01:20:54.441407,12766.168,39898.918,1.962,1081.577,18419.257,0.005,0.0
146.647,2026-06-26T01:20:54.598664,12766.18,39898.918,1.702,1081.908,18419.257,2.105,0.0
146.747,2026-06-26T01:20:54.699081,12766.18,39898.918,1.424,1081.908,18419.257,0.005,0.0
146.907,2026-06-26T01:20:54.858885,12766.203,39898.918,2.583,1082.239,18419.257,2.072,0.0
147.008,2026-06-26T01:20:54.959303,12766.203,39898.918,2.041,1082.239,18419.257,0.005,0.0
147.163,2026-06-26T01:20:55.114875,12766.219,39898.918,1.76,1082.57,18419.257,2.128,0.0
147.264,2026-06-26T01:20:55.215279,12766.219,39898.918,1.466,1082.57,18419.257,0.005,0.0
147.419,2026-06-26T01:20:55.370899,12766.219,39898.918,1.342,1082.901,18419.257,2.127,0.0
147.52,2026-06-26T01:20:55.471317,12766.219,39898.918,1.173,1082.901,18419.257,0.005,0.0
147.68,2026-06-26T01:20:55.631665,12767.031,39898.918,2.415,1083.233,18419.257,2.069,0.0
147.781,2026-06-26T01:20:55.732249,12767.031,39898.918,1.923,1083.233,18419.257,0.005,0.0
147.939,2026-06-26T01:20:55.891188,12767.047,39898.918,1.656,1083.565,18419.257,2.088,0.0
148.04,2026-06-26T01:20:55.991722,12767.047,39898.918,1.392,1083.565,18419.257,0.005,0.0
148.2,2026-06-26T01:20:56.151946,12767.059,39898.918,2.175,1083.897,18419.257,2.072,0.0
148.301,2026-06-26T01:20:56.252489,12767.059,39898.918,2.314,1083.897,18419.257,0.005,0.0
148.457,2026-06-26T01:20:56.408870,12767.074,39898.918,1.95,1084.229,18419.257,2.124,0.0
148.558,2026-06-26T01:20:56.509301,12767.074,39898.918,1.598,1084.229,18419.257,0.005,0.0
148.713,2026-06-26T01:20:56.664917,12767.074,39898.918,1.435,1084.56,18419.257,2.127,0.0
148.814,2026-06-26T01:20:56.765361,12767.074,39898.918,1.238,1084.56,18419.257,0.005,0.0
148.968,2026-06-26T01:20:56.919614,12767.074,39898.918,1.186,1084.891,18419.257,2.146,0.0
149.068,2026-06-26T01:20:57.020027,12767.883,39898.918,3.231,1084.891,18419.257,0.005,0.0
149.224,2026-06-26T01:20:57.175877,12767.898,39898.918,2.578,1085.222,18419.257,2.124,0.0
149.325,2026-06-26T01:20:57.276291,12767.898,39898.918,2.037,1085.222,18419.257,0.005,0.0
149.48,2026-06-26T01:20:57.431934,12767.898,39898.918,1.743,1085.553,18419.257,2.127,0.0
149.581,2026-06-26T01:20:57.532364,12767.898,39898.918,3.387,1085.553,18419.257,0.005,0.0
149.736,2026-06-26T01:20:57.687879,12767.914,39898.918,2.688,1085.884,18419.257,2.129,0.0
149.837,2026-06-26T01:20:57.788289,12767.914,39898.918,2.114,1085.884,18419.257,0.005,0.0
149.992,2026-06-26T01:20:57.943841,12767.914,39898.918,1.797,1086.215,18419.257,2.128,0.0
150.093,2026-06-26T01:20:58.044260,12767.914,39898.918,1.491,1086.215,18419.257,0.005,0.0
150.248,2026-06-26T01:20:58.199794,12767.914,39898.918,1.36,1086.546,18419.257,2.128,0.0
150.348,2026-06-26T01:20:58.300208,12768.574,39898.918,3.259,1086.546,18419.257,0.005,0.0
150.504,2026-06-26T01:20:58.455852,12768.605,39898.918,2.598,1086.877,18419.257,2.127,0.0
150.605,2026-06-26T01:20:58.556290,12768.605,39898.918,2.052,1086.877,18419.257,0.005,0.0
150.76,2026-06-26T01:20:58.712220,12768.605,39898.918,1.767,1087.208,18419.257,2.123,0.0
150.861,2026-06-26T01:20:58.812624,12768.617,39898.918,3.475,1087.208,18419.257,0.005,0.0
151.017,2026-06-26T01:20:58.968533,12768.641,39898.918,2.749,1087.539,18419.257,2.123,0.0
151.117,2026-06-26T01:20:59.068959,12768.641,39898.918,2.18,1087.539,18419.257,0.005,0.0
151.273,2026-06-26T01:20:59.225087,12768.641,39898.918,1.827,1087.87,18419.257,2.12,0.0
151.374,2026-06-26T01:20:59.325532,12768.641,39898.918,1.512,1087.87,18419.257,0.005,0.0
151.53,2026-06-26T01:20:59.481736,12768.641,39898.918,1.389,1088.201,18419.257,2.119,0.0
151.63,2026-06-26T01:20:59.582161,12769.555,39898.918,3.302,1088.201,18419.257,0.005,0.0
151.786,2026-06-26T01:20:59.737774,12769.594,39898.918,2.613,1088.532,18419.257,2.127,0.0
151.886,2026-06-26T01:20:59.838193,12769.594,39898.918,2.086,1088.533,18419.257,0.005,0.0
152.042,2026-06-26T01:20:59.993766,12769.594,39898.918,1.777,1088.863,18419.257,2.128,0.0
152.142,2026-06-26T01:21:00.094198,12769.594,39898.918,3.737,1088.864,18419.257,0.005,0.0
152.298,2026-06-26T01:21:00.249854,12769.629,39898.918,2.917,1089.194,18419.257,2.127,0.0
152.399,2026-06-26T01:21:00.350268,12769.629,39898.918,2.275,1089.195,18419.257,0.005,0.0
152.539,2026-06-26T01:21:00.490891,12769.629,39898.918,1.91,1089.526,18419.257,2.359,0.0
152.64,2026-06-26T01:21:00.591326,12769.629,39898.918,1.57,1089.526,18419.257,0.005,0.0
152.795,2026-06-26T01:21:00.746894,12769.629,39898.918,1.415,1089.858,18419.257,2.134,0.0
152.896,2026-06-26T01:21:00.847396,12770.465,39898.918,1.524,1089.858,18419.257,0.005,0.0
153.052,2026-06-26T01:21:01.003723,12770.562,39898.918,2.512,1090.189,18419.257,2.13,0.0
153.152,2026-06-26T01:21:01.104181,12770.562,39898.918,1.991,1090.19,18419.257,0.005,0.0
153.308,2026-06-26T01:21:01.260106,12770.562,39898.918,1.71,1090.521,18419.257,2.129,0.0
153.409,2026-06-26T01:21:01.360556,12770.562,39898.918,1.43,1090.522,18419.257,0.005,0.0
153.565,2026-06-26T01:21:01.516511,12770.605,39898.918,2.61,1090.853,18419.257,2.128,0.0
153.665,2026-06-26T01:21:01.616928,12770.605,39898.918,2.06,1090.854,18419.257,0.005,0.0
153.82,2026-06-26T01:21:01.771894,12770.605,39898.918,1.76,1091.184,18419.257,2.136,0.0
153.921,2026-06-26T01:21:01.872326,12770.605,39898.918,1.465,1091.185,18419.257,0.005,0.0
154.076,2026-06-26T01:21:02.027842,12770.605,39898.918,1.357,1091.515,18419.257,2.128,0.0
154.177,2026-06-26T01:21:02.128279,12770.605,39898.918,1.183,1091.516,18419.257,0.005,0.0
154.332,2026-06-26T01:21:02.283740,12771.539,39898.918,2.488,1091.846,18419.257,2.129,0.0
154.432,2026-06-26T01:21:02.384200,12771.539,39898.918,1.952,1091.847,18419.257,0.005,0.0
154.588,2026-06-26T01:21:02.539834,12771.543,39898.918,1.683,1092.177,18419.257,2.127,0.0
154.689,2026-06-26T01:21:02.640257,12771.543,39898.918,1.411,1092.178,18419.257,0.005,0.0
154.845,2026-06-26T01:21:02.796661,12771.543,39898.918,2.533,1092.508,18419.257,2.116,0.0
154.945,2026-06-26T01:21:02.897103,12771.543,39898.918,2.006,1092.509,18419.257,0.005,0.0
155.101,2026-06-26T01:21:03.052796,12771.543,39898.918,1.72,1092.839,18419.257,2.126,0.0
155.202,2026-06-26T01:21:03.153232,12771.543,39898.918,1.437,1092.84,18419.257,0.005,0.0
155.357,2026-06-26T01:21:03.309089,12771.543,39898.918,1.337,1093.17,18419.257,2.124,0.0
155.458,2026-06-26T01:21:03.409535,12771.543,39898.918,1.169,1093.171,18419.257,0.005,0.0
155.614,2026-06-26T01:21:03.565310,12772.457,39898.918,2.52,1093.501,18419.257,2.125,0.0
155.714,2026-06-26T01:21:03.665739,12772.457,39898.918,1.997,1093.502,18419.257,0.005,0.0
155.87,2026-06-26T01:21:03.822003,12772.477,39898.918,1.713,1093.832,18419.257,2.118,0.0
155.971,2026-06-26T01:21:03.922444,12772.477,39898.918,1.432,1093.833,18419.257,0.005,0.0
156.126,2026-06-26T01:21:04.078038,12772.492,39898.918,2.616,1094.163,18419.257,2.128,0.0
156.227,2026-06-26T01:21:04.178489,12772.492,39898.918,2.087,1094.164,18419.257,0.005,0.0
156.383,2026-06-26T01:21:04.334590,12772.492,39898.918,1.777,1094.494,18419.257,2.121,0.0
156.483,2026-06-26T01:21:04.434999,12772.492,39898.918,1.477,1094.495,18419.257,0.005,0.0
156.639,2026-06-26T01:21:04.590695,12772.492,39898.918,1.35,1094.825,18419.257,2.126,0.0
156.739,2026-06-26T01:21:04.691124,12772.492,39898.918,1.178,1094.826,18419.257,0.005,0.0
156.895,2026-06-26T01:21:04.846861,12773.434,39898.918,2.512,1095.156,18419.257,2.126,0.0
156.996,2026-06-26T01:21:04.947265,12773.434,39898.918,1.992,1095.157,18419.257,0.005,0.0
157.152,2026-06-26T01:21:05.103773,12773.441,39898.918,1.724,1095.488,18419.257,2.115,0.0
157.252,2026-06-26T01:21:05.204206,12773.441,39898.918,1.44,1095.488,18419.257,0.005,0.0
157.408,2026-06-26T01:21:05.360218,12773.465,39898.918,2.647,1095.819,18419.257,2.122,0.0
157.509,2026-06-26T01:21:05.460618,12773.465,39898.918,2.109,1095.819,18419.257,0.005,0.0
157.649,2026-06-26T01:21:05.600276,12773.465,39898.918,1.762,1096.15,18419.257,2.377,0.0
157.749,2026-06-26T01:21:05.700710,12773.465,39898.918,1.466,1096.151,18419.257,0.005,0.0
157.906,2026-06-26T01:21:05.857230,12773.465,39898.918,1.341,1096.482,18419.257,2.121,0.0
158.006,2026-06-26T01:21:05.957635,12773.465,39898.918,1.172,1096.483,18419.257,0.005,0.0
158.166,2026-06-26T01:21:06.117860,12774.148,39898.918,2.255,1096.814,18419.257,2.071,0.0
158.267,2026-06-26T01:21:06.218371,12774.148,39898.918,2.324,1096.815,18419.257,0.005,0.0
158.424,2026-06-26T01:21:06.375901,12774.164,39898.918,1.954,1097.146,18419.257,2.107,0.0
158.525,2026-06-26T01:21:06.476429,12774.164,39898.918,1.601,1097.147,18419.257,0.005,0.0
158.681,2026-06-26T01:21:06.632855,12774.18,39898.918,1.436,1097.478,18419.257,2.121,0.0
158.782,2026-06-26T01:21:06.733286,12774.18,39898.918,2.752,1097.478,18419.257,0.005,0.0
158.937,2026-06-26T01:21:06.889050,12774.18,39898.918,2.243,1097.809,18419.257,2.125,0.0
159.038,2026-06-26T01:21:06.989493,12774.18,39898.918,1.803,1097.81,18419.257,0.005,0.0
159.193,2026-06-26T01:21:07.145207,12774.18,39898.918,1.578,1098.14,18419.257,2.126,0.0
159.294,2026-06-26T01:21:07.245626,12774.18,39898.918,1.361,1098.141,18419.257,0.005,0.0
159.461,2026-06-26T01:21:07.412319,12775.09,39898.918,1.938,1098.471,18419.257,1.984,0.0
159.561,2026-06-26T01:21:07.512870,12775.09,39898.918,2.589,1098.472,18419.257,0.005,0.0
159.718,2026-06-26T01:21:07.669338,12775.09,39898.918,2.143,1098.802,18419.257,2.117,0.0
159.818,2026-06-26T01:21:07.769776,12775.09,39898.918,1.733,1098.803,18419.257,0.005,0.0
159.974,2026-06-26T01:21:07.925248,12775.09,39898.918,1.53,1099.133,18419.257,2.13,0.0
160.074,2026-06-26T01:21:08.025657,12775.09,39898.918,3.26,1099.134,18419.257,0.005,0.0
160.23,2026-06-26T01:21:08.182073,12775.09,39898.918,2.612,1099.464,18419.257,2.117,0.0
160.331,2026-06-26T01:21:08.282516,12775.09,39898.918,2.062,1099.465,18419.257,0.005,0.0
160.487,2026-06-26T01:21:08.438409,12775.09,39898.918,1.759,1099.795,18419.257,2.124,0.0
160.587,2026-06-26T01:21:08.538846,12775.09,39898.918,1.464,1099.796,18419.257,0.005,0.0
160.743,2026-06-26T01:21:08.694800,12775.09,39898.918,1.341,1100.126,18419.257,2.123,0.0
160.844,2026-06-26T01:21:08.795224,12775.84,39898.918,3.222,1100.127,18419.257,0.005,0.0
161.0,2026-06-26T01:21:08.951494,12775.84,39898.918,2.586,1100.457,18419.257,2.118,0.0
161.1,2026-06-26T01:21:09.051905,12775.84,39898.918,2.043,1100.458,18419.257,0.005,0.0
161.256,2026-06-26T01:21:09.207945,12775.84,39898.918,1.731,1100.788,18419.257,2.122,0.0
161.357,2026-06-26T01:21:09.308353,12775.84,39898.918,3.402,1100.789,18419.257,0.005,0.0
161.513,2026-06-26T01:21:09.464541,12775.84,39898.918,2.712,1101.119,18419.257,2.12,0.0
161.613,2026-06-26T01:21:09.564977,12775.84,39898.918,2.131,1101.12,18419.257,0.005,0.0
161.77,2026-06-26T01:21:09.721300,12775.84,39898.918,1.807,1101.45,18419.257,2.118,0.0
161.87,2026-06-26T01:21:09.821737,12775.84,39898.918,1.498,1101.451,18419.257,0.005,0.0
162.026,2026-06-26T01:21:09.978143,12775.84,39898.918,1.364,1101.781,18419.257,2.117,0.0
162.127,2026-06-26T01:21:10.078556,12776.59,39898.918,3.378,1101.782,18419.257,0.005,0.0
162.283,2026-06-26T01:21:10.234964,12776.59,39898.918,2.68,1102.112,18419.257,2.116,0.0
162.384,2026-06-26T01:21:10.335412,12776.59,39898.918,2.086,1102.113,18419.257,0.005,0.0
162.543,2026-06-26T01:21:10.494274,12776.59,39898.918,1.785,1102.444,18419.257,2.088,0.0
162.643,2026-06-26T01:21:10.594687,12776.59,39898.918,3.067,1102.445,18419.257,0.005,0.0
162.799,2026-06-26T01:21:10.751039,12776.59,39898.918,2.477,1102.776,18419.257,2.123,0.0
162.9,2026-06-26T01:21:10.851472,12776.59,39898.918,1.967,1102.776,18419.257,0.005,0.0
163.056,2026-06-26T01:21:11.007248,12776.59,39898.918,1.693,1103.108,18419.257,2.131,0.0
163.156,2026-06-26T01:21:11.107668,12776.59,39898.918,1.418,1103.108,18419.257,0.005,0.0
163.312,2026-06-26T01:21:11.263823,12776.59,39898.918,1.308,1103.44,18419.257,2.127,0.0
163.413,2026-06-26T01:21:11.364238,12777.09,39898.918,3.223,1103.44,18419.257,0.005,0.0
163.569,2026-06-26T01:21:11.520354,12777.09,39898.918,2.602,1103.772,18419.257,2.127,0.0
163.669,2026-06-26T01:21:11.620805,12777.09,39898.918,2.054,1103.772,18419.257,0.005,0.0
163.825,2026-06-26T01:21:11.776582,12777.09,39898.918,1.754,1104.103,18419.257,2.125,0.0
163.925,2026-06-26T01:21:11.877015,12777.09,39898.918,1.461,1104.103,18419.257,0.005,0.0
164.081,2026-06-26T01:21:12.032738,12777.09,39898.918,2.574,1104.434,18419.257,2.126,0.0
164.182,2026-06-26T01:21:12.133224,12777.09,39898.918,2.035,1104.434,18419.257,0.005,0.0
164.338,2026-06-26T01:21:12.289241,12777.09,39898.918,1.755,1104.765,18419.257,2.124,0.0
164.438,2026-06-26T01:21:12.389680,12777.09,39898.918,1.462,1104.765,18419.257,0.005,0.0
164.594,2026-06-26T01:21:12.545809,12777.09,39898.918,1.339,1105.096,18419.257,2.12,0.0
164.694,2026-06-26T01:21:12.646216,12777.09,39898.918,1.17,1105.096,18419.257,0.005,0.0
164.85,2026-06-26T01:21:12.801775,12777.84,39898.918,2.433,1105.427,18419.257,2.128,0.0
164.95,2026-06-26T01:21:12.902211,12777.84,39898.918,1.936,1105.427,18419.257,0.005,0.0
165.106,2026-06-26T01:21:13.057897,12777.84,39898.918,1.656,1105.758,18419.257,2.126,0.0
165.207,2026-06-26T01:21:13.158335,12777.84,39898.918,1.392,1105.758,18419.257,0.005,0.0
165.363,2026-06-26T01:21:13.314610,12777.84,39898.918,2.537,1106.089,18419.257,2.121,0.0
165.463,2026-06-26T01:21:13.415004,12777.84,39898.918,2.032,1106.089,18419.257,0.005,0.0
165.619,2026-06-26T01:21:13.570700,12777.84,39898.918,1.724,1106.421,18419.257,2.132,0.0
165.719,2026-06-26T01:21:13.671112,12777.84,39898.918,1.44,1106.421,18419.257,0.005,0.0
165.876,2026-06-26T01:21:13.827299,12777.84,39898.918,1.323,1106.753,18419.257,2.126,0.0
165.976,2026-06-26T01:21:13.927708,12777.84,39898.918,1.159,1106.754,18419.257,0.005,0.0
166.132,2026-06-26T01:21:14.083898,12778.59,39898.918,2.419,1107.085,18419.257,2.127,0.0
166.233,2026-06-26T01:21:14.184332,12778.59,39898.918,1.949,1107.086,18419.257,0.005,0.0
166.389,2026-06-26T01:21:14.340269,12778.59,39898.918,1.681,1107.417,18419.257,2.13,0.0
166.489,2026-06-26T01:21:14.440706,12778.59,39898.918,1.409,1107.418,18419.257,0.005,0.0
166.645,2026-06-26T01:21:14.597046,12778.59,39898.918,2.502,1107.748,18419.257,2.116,0.0
166.746,2026-06-26T01:21:14.697479,12778.59,39898.918,1.984,1107.749,18419.257,0.005,0.0
166.902,2026-06-26T01:21:14.853266,12778.59,39898.918,1.705,1108.079,18419.257,2.124,0.0
167.002,2026-06-26T01:21:14.953686,12778.59,39898.918,1.427,1108.08,18419.257,0.005,0.0
167.158,2026-06-26T01:21:15.109798,12778.59,39898.918,1.329,1108.41,18419.257,2.12,0.0
167.258,2026-06-26T01:21:15.210214,12778.59,39898.918,1.163,1108.411,18419.257,0.005,0.0
167.414,2026-06-26T01:21:15.366034,12779.34,39898.918,2.621,1108.741,18419.257,2.124,0.0
167.515,2026-06-26T01:21:15.466470,12779.34,39898.918,2.068,1108.742,18419.257,0.005,0.0
167.671,2026-06-26T01:21:15.622587,12779.34,39898.918,1.763,1109.073,18419.257,2.126,0.0
167.771,2026-06-26T01:21:15.722999,12779.34,39898.918,1.467,1109.073,18419.257,0.005,0.0
167.927,2026-06-26T01:21:15.879075,12779.34,39898.918,2.56,1109.405,18419.257,2.127,0.0
168.028,2026-06-26T01:21:15.979497,12779.34,39898.918,2.025,1109.405,18419.257,0.005,0.0
168.184,2026-06-26T01:21:16.135635,12779.34,39898.918,1.748,1109.737,18419.257,2.126,0.0
168.284,2026-06-26T01:21:16.236074,12779.34,39898.918,1.456,1109.737,18419.257,0.005,0.0
168.441,2026-06-26T01:21:16.392426,12779.34,39898.918,1.32,1110.069,18419.257,2.125,0.0
168.541,2026-06-26T01:21:16.492862,12779.34,39898.918,1.18,1110.069,18419.257,0.005,0.0
168.697,2026-06-26T01:21:16.648794,12780.121,39898.918,2.451,1110.4,18419.257,2.123,0.0
168.798,2026-06-26T01:21:16.749226,12780.121,39898.918,1.949,1110.4,18419.257,0.005,0.0
168.953,2026-06-26T01:21:16.904985,12780.121,39898.918,1.68,1110.731,18419.257,2.125,0.0
169.054,2026-06-26T01:21:17.005431,12780.121,39898.918,1.409,1110.731,18419.257,0.005,0.0
169.21,2026-06-26T01:21:17.161329,12780.121,39898.918,2.536,1111.062,18419.257,2.124,0.0
169.31,2026-06-26T01:21:17.261742,12780.121,39898.918,2.009,1111.062,18419.257,0.005,0.0
169.466,2026-06-26T01:21:17.417842,12780.121,39898.918,1.722,1111.393,18419.257,2.12,0.0
169.567,2026-06-26T01:21:17.518278,12780.121,39898.918,1.438,1111.393,18419.257,0.005,0.0
169.723,2026-06-26T01:21:17.674879,12780.121,39898.918,1.321,1111.724,18419.257,2.114,0.0
169.824,2026-06-26T01:21:17.775316,12780.121,39898.918,1.158,1111.724,18419.257,0.005,0.0
169.991,2026-06-26T01:21:17.943023,12780.691,39898.918,2.363,1112.055,18419.257,1.973,0.0
170.092,2026-06-26T01:21:18.043440,12780.691,39898.918,1.887,1112.055,18419.257,0.005,0.0
170.259,2026-06-26T01:21:18.210294,12780.719,39898.918,1.658,1112.386,18419.257,1.983,0.0
170.359,2026-06-26T01:21:18.310769,12780.719,39898.918,1.394,1112.386,18419.257,0.005,0.0
170.529,2026-06-26T01:21:18.480867,12780.719,39898.918,2.424,1112.717,18419.257,1.947,0.0
170.63,2026-06-26T01:21:18.581231,12780.719,39898.918,1.953,1112.717,18419.257,0.005,0.0
170.786,2026-06-26T01:21:18.737851,12780.719,39898.918,1.682,1113.048,18419.257,2.116,0.0
170.887,2026-06-26T01:21:18.838258,12780.719,39898.918,1.411,1113.048,18419.257,0.005,0.0
171.041,2026-06-26T01:21:18.993112,12780.719,39898.918,1.305,1113.379,18419.257,2.137,0.0
171.142,2026-06-26T01:21:19.093532,12780.719,39898.918,1.147,1113.379,18419.257,0.005,0.0
171.298,2026-06-26T01:21:19.250131,12781.637,39898.918,2.421,1113.71,18419.257,2.114,0.0
171.399,2026-06-26T01:21:19.350576,12781.637,39898.918,1.927,1113.71,18419.257,0.005,0.0
171.565,2026-06-26T01:21:19.517098,12781.637,39898.918,1.687,1114.041,18419.257,1.988,0.0
171.666,2026-06-26T01:21:19.617548,12781.637,39898.918,1.414,1114.041,18419.257,0.005,0.0
171.834,2026-06-26T01:21:19.785359,12781.648,39898.918,2.458,1114.372,18419.257,1.972,0.0
171.934,2026-06-26T01:21:19.885781,12781.648,39898.918,1.953,1114.372,18419.257,0.005,0.0
172.09,2026-06-26T01:21:20.041811,12781.664,39898.918,1.698,1114.703,18419.257,2.122,0.0
172.19,2026-06-26T01:21:20.142221,12781.664,39898.918,1.422,1114.703,18419.257,0.005,0.0
172.347,2026-06-26T01:21:20.298490,12781.664,39898.918,1.31,1115.034,18419.257,2.118,0.0
172.447,2026-06-26T01:21:20.398930,12781.664,39898.918,1.15,1115.034,18419.257,0.005,0.0
172.606,2026-06-26T01:21:20.557242,12782.617,39898.918,2.45,1115.364,18419.257,2.091,0.0
172.706,2026-06-26T01:21:20.657690,12782.617,39898.918,1.948,1115.365,18419.257,0.005,0.0
172.864,2026-06-26T01:21:20.815681,12782.633,39898.918,1.69,1115.696,18419.257,2.101,0.0
172.964,2026-06-26T01:21:20.916109,12782.633,39898.918,1.416,1115.697,18419.257,0.005,0.0
173.131,2026-06-26T01:21:21.083077,12782.793,39898.918,2.495,1116.028,18419.257,1.988,0.0
173.232,2026-06-26T01:21:21.183529,12782.793,39898.918,1.979,1116.029,18419.257,0.005,0.0
173.388,2026-06-26T01:21:21.339410,12782.922,39898.918,1.702,1116.36,18419.257,2.13,0.0
173.488,2026-06-26T01:21:21.439849,12782.922,39898.918,1.447,1116.361,18419.257,0.005,0.0
173.644,2026-06-26T01:21:21.595801,12782.922,39898.918,1.314,1116.692,18419.257,2.127,0.0
173.745,2026-06-26T01:21:21.696225,12782.922,39898.918,1.153,1116.693,18419.257,0.005,0.0
173.905,2026-06-26T01:21:21.856351,12783.801,39898.918,2.359,1117.023,18419.257,2.066,0.0
174.005,2026-06-26T01:21:21.956871,12783.801,39898.918,1.884,1117.024,18419.257,0.005,0.0
174.161,2026-06-26T01:21:22.112944,12783.816,39898.918,1.635,1117.354,18419.257,2.122,0.0
174.262,2026-06-26T01:21:22.213394,12783.816,39898.918,1.377,1117.355,18419.257,0.005,0.0
174.418,2026-06-26T01:21:22.369460,12783.816,39898.918,1.295,1117.685,18419.257,2.121,0.0
174.518,2026-06-26T01:21:22.469871,12783.816,39898.918,3.028,1117.686,18419.257,0.005,0.0
174.674,2026-06-26T01:21:22.626116,12783.816,39898.918,2.42,1118.016,18419.257,2.118,0.0
174.775,2026-06-26T01:21:22.726546,12783.816,39898.918,1.927,1118.017,18419.257,0.005,0.0
174.931,2026-06-26T01:21:22.882333,12783.816,39898.918,1.665,1118.347,18419.257,2.125,0.0
175.031,2026-06-26T01:21:22.982743,12783.816,39898.918,1.398,1118.348,18419.257,0.005,0.0
175.187,2026-06-26T01:21:23.138583,12783.816,39898.918,1.31,1118.678,18419.257,2.124,0.0
175.287,2026-06-26T01:21:23.239021,12784.406,39898.918,3.34,1118.679,18419.257,0.005,0.0
175.443,2026-06-26T01:21:23.394880,12784.422,39898.918,2.654,1119.009,18419.257,2.124,0.0
175.544,2026-06-26T01:21:23.495296,12784.422,39898.918,2.091,1119.01,18419.257,0.005,0.0
175.699,2026-06-26T01:21:23.650959,12784.43,39898.918,1.78,1119.34,18419.257,2.127,0.0
175.8,2026-06-26T01:21:23.751387,12784.484,39898.918,3.46,1119.341,18419.257,0.005,0.0
175.956,2026-06-26T01:21:23.907326,12784.5,39898.918,2.738,1119.671,18419.257,2.123,0.0
176.056,2026-06-26T01:21:24.007757,12784.5,39898.918,2.149,1119.672,18419.257,0.005,0.0
176.212,2026-06-26T01:21:24.163546,12784.5,39898.918,1.821,1120.002,18419.257,2.125,0.0
176.312,2026-06-26T01:21:24.263968,12784.5,39898.918,1.531,1120.003,18419.257,0.005,0.0
176.468,2026-06-26T01:21:24.420084,12784.5,39898.918,1.372,1120.333,18419.257,2.12,0.0
176.569,2026-06-26T01:21:24.520524,12785.406,39898.918,3.244,1120.334,18419.257,0.005,0.0
176.725,2026-06-26T01:21:24.676654,12785.406,39898.918,2.601,1120.664,18419.257,2.12,0.0
176.825,2026-06-26T01:21:24.777097,12785.406,39898.918,2.054,1120.665,18419.257,0.005,0.0
176.981,2026-06-26T01:21:24.933214,12785.422,39898.918,1.738,1120.995,18419.257,2.121,0.0
177.082,2026-06-26T01:21:25.033639,12785.422,39898.918,3.57,1120.996,18419.257,0.005,0.0
177.238,2026-06-26T01:21:25.189539,12785.441,39898.918,2.815,1121.327,18419.257,2.126,0.0
177.338,2026-06-26T01:21:25.289972,12785.441,39898.918,2.204,1121.327,18419.257,0.005,0.0
177.494,2026-06-26T01:21:25.445995,12785.441,39898.918,1.858,1121.658,18419.257,2.126,0.0
177.595,2026-06-26T01:21:25.546438,12785.441,39898.918,1.534,1121.659,18419.257,0.005,0.0
177.751,2026-06-26T01:21:25.702374,12785.441,39898.918,1.405,1121.991,18419.257,2.133,0.0
177.851,2026-06-26T01:21:25.802788,12785.961,39898.918,3.151,1121.991,18419.257,0.005,0.0
178.007,2026-06-26T01:21:25.958642,12785.961,39898.918,2.522,1122.323,18419.257,2.134,0.0
178.107,2026-06-26T01:21:26.059052,12785.961,39898.918,1.998,1122.324,18419.257,0.005,0.0
178.263,2026-06-26T01:21:26.214969,12785.961,39898.918,1.715,1122.656,18419.257,2.133,0.0
178.364,2026-06-26T01:21:26.315385,12785.961,39898.918,2.575,1122.656,18419.257,0.005,0.0
178.519,2026-06-26T01:21:26.470817,12785.961,39898.918,2.648,1122.988,18419.257,2.14,0.0
178.62,2026-06-26T01:21:26.571253,12785.961,39898.918,2.11,1122.989,18419.257,0.005,0.0
178.776,2026-06-26T01:21:26.727332,12785.961,39898.918,1.778,1123.32,18419.257,2.125,0.0
178.876,2026-06-26T01:21:26.827772,12785.961,39898.918,1.477,1123.321,18419.257,0.005,0.0
179.032,2026-06-26T01:21:26.983936,12785.961,39898.918,1.365,1123.652,18419.257,2.124,0.0
179.133,2026-06-26T01:21:27.084349,12785.961,39898.918,1.188,1123.652,18419.257,0.005,0.0
179.288,2026-06-26T01:21:27.240151,12786.711,39898.918,2.458,1123.983,18419.257,2.128,0.0
179.389,2026-06-26T01:21:27.340569,12786.711,39898.918,1.953,1123.984,18419.257,0.005,0.0
179.545,2026-06-26T01:21:27.496558,12786.711,39898.918,1.683,1124.315,18419.257,2.126,0.0
179.645,2026-06-26T01:21:27.596989,12786.711,39898.918,1.411,1124.316,18419.257,0.005,0.0
179.801,2026-06-26T01:21:27.753011,12786.711,39898.918,2.582,1124.646,18419.257,2.122,0.0
179.902,2026-06-26T01:21:27.853452,12786.711,39898.918,2.04,1124.647,18419.257,0.005,0.0
180.058,2026-06-26T01:21:28.009444,12786.711,39898.918,1.744,1124.977,18419.257,2.124,0.0
180.158,2026-06-26T01:21:28.109862,12786.711,39898.918,1.454,1124.978,18419.257,0.005,0.0
180.314,2026-06-26T01:21:28.265814,12786.711,39898.918,1.334,1125.308,18419.257,2.123,0.0
180.415,2026-06-26T01:21:28.366275,12786.711,39898.918,1.166,1125.309,18419.257,0.005,0.0
180.571,2026-06-26T01:21:28.522288,12787.492,39898.918,2.472,1125.639,18419.257,2.124,0.0
180.671,2026-06-26T01:21:28.622723,12787.492,39898.918,1.963,1125.64,18419.257,0.005,0.0
180.827,2026-06-26T01:21:28.778883,12787.492,39898.918,1.69,1125.97,18419.257,2.12,0.0
180.928,2026-06-26T01:21:28.879303,12787.492,39898.918,1.416,1125.971,18419.257,0.005,0.0
181.084,2026-06-26T01:21:29.035367,12787.617,39898.918,2.584,1126.301,18419.257,2.121,0.0
181.184,2026-06-26T01:21:29.135808,12787.742,39898.918,2.042,1126.302,18419.257,0.005,0.0
181.34,2026-06-26T01:21:29.291750,12787.742,39898.918,1.745,1126.632,18419.257,2.123,0.0
181.44,2026-06-26T01:21:29.392203,12787.742,39898.918,1.455,1126.633,18419.257,0.005,0.0
181.596,2026-06-26T01:21:29.547845,12787.742,39898.918,1.335,1126.963,18419.257,2.127,0.0
181.697,2026-06-26T01:21:29.648280,12787.742,39898.918,1.167,1126.964,18419.257,0.005,0.0
181.853,2026-06-26T01:21:29.804609,12788.492,39898.918,2.453,1127.294,18419.257,2.118,0.0
181.953,2026-06-26T01:21:29.905047,12788.492,39898.918,1.95,1127.295,18419.257,0.005,0.0
182.109,2026-06-26T01:21:30.060861,12788.492,39898.918,1.681,1127.625,18419.257,2.125,0.0
182.21,2026-06-26T01:21:30.161296,12788.492,39898.918,1.433,1127.626,18419.257,0.005,0.0
182.366,2026-06-26T01:21:30.317360,12788.617,39898.918,2.582,1127.956,18419.257,2.121,0.0
182.466,2026-06-26T01:21:30.417799,12788.742,39898.918,2.04,1127.957,18419.257,0.005,0.0
182.622,2026-06-26T01:21:30.574210,12788.742,39898.918,1.758,1128.288,18419.257,2.12,0.0
182.723,2026-06-26T01:21:30.674618,12788.742,39898.918,1.464,1128.288,18419.257,0.005,0.0
182.879,2026-06-26T01:21:30.830883,12788.742,39898.918,1.34,1128.62,18419.257,2.124,0.0
182.98,2026-06-26T01:21:30.931315,12788.742,39898.918,1.171,1128.62,18419.257,0.005,0.0
183.147,2026-06-26T01:21:31.099009,12789.492,39898.918,2.414,1128.952,18419.257,1.979,0.0
183.248,2026-06-26T01:21:31.199454,12789.492,39898.918,1.923,1128.952,18419.257,0.005,0.0
183.404,2026-06-26T01:21:31.355978,12789.492,39898.918,1.661,1129.284,18419.257,2.121,0.0
183.505,2026-06-26T01:21:31.456395,12789.492,39898.918,1.396,1129.284,18419.257,0.005,0.0
183.663,2026-06-26T01:21:31.614300,12789.492,39898.918,2.492,1129.615,18419.257,2.1,0.0
183.763,2026-06-26T01:21:31.714723,12789.492,39898.918,1.977,1129.616,18419.257,0.005,0.0
183.919,2026-06-26T01:21:31.870616,12789.492,39898.918,1.685,1129.946,18419.257,2.123,0.0
184.019,2026-06-26T01:21:31.971029,12789.492,39898.918,1.413,1129.947,18419.257,0.005,0.0
184.175,2026-06-26T01:21:32.127092,12789.492,39898.918,1.319,1130.277,18419.257,2.121,0.0
184.276,2026-06-26T01:21:32.227538,12789.492,39898.918,1.157,1130.278,18419.257,0.005,0.0
184.431,2026-06-26T01:21:32.382992,12790.242,39898.918,2.409,1130.608,18419.257,2.129,0.0
184.532,2026-06-26T01:21:32.483429,12790.242,39898.918,1.943,1130.609,18419.257,0.005,0.0
184.687,2026-06-26T01:21:32.639079,12790.242,39898.918,1.661,1130.939,18419.257,2.126,0.0
184.788,2026-06-26T01:21:32.739529,12790.242,39898.918,1.396,1130.94,18419.257,0.005,0.0
184.945,2026-06-26T01:21:32.896805,12790.367,39898.918,2.633,1131.27,18419.257,2.105,0.0
185.046,2026-06-26T01:21:32.997282,12790.492,39898.918,2.076,1131.271,18419.257,0.005,0.0
185.201,2026-06-26T01:21:33.153047,12790.492,39898.918,1.754,1131.601,18419.257,2.126,0.0
185.302,2026-06-26T01:21:33.253494,12790.492,39898.918,1.461,1131.602,18419.257,0.005,0.0
185.458,2026-06-26T01:21:33.409389,12790.492,39898.918,1.354,1131.932,18419.257,2.124,0.0
185.558,2026-06-26T01:21:33.509822,12790.492,39898.918,1.181,1131.933,18419.257,0.005,0.0
185.716,2026-06-26T01:21:33.667481,12791.242,39898.918,2.419,1132.263,18419.257,2.1,0.0
185.816,2026-06-26T01:21:33.767921,12791.242,39898.918,1.949,1132.264,18419.257,0.005,0.0
185.973,2026-06-26T01:21:33.924878,12791.242,39898.918,1.679,1132.594,18419.257,2.11,0.0
186.074,2026-06-26T01:21:34.025305,12791.242,39898.918,1.408,1132.595,18419.257,0.005,0.0
186.232,2026-06-26T01:21:34.183285,12791.242,39898.918,2.649,1132.925,18419.257,2.096,0.0
186.332,2026-06-26T01:21:34.283707,12791.242,39898.918,2.087,1132.926,18419.257,0.005,0.0
186.488,2026-06-26T01:21:34.439949,12791.242,39898.918,1.776,1133.256,18419.257,2.118,0.0
186.589,2026-06-26T01:21:34.540394,12791.242,39898.918,1.476,1133.257,18419.257,0.005,0.0
186.745,2026-06-26T01:21:34.696830,12791.242,39898.918,1.363,1133.587,18419.257,2.116,0.0
186.846,2026-06-26T01:21:34.797270,12791.242,39898.918,1.187,1133.588,18419.257,0.005,0.0
187.006,2026-06-26T01:21:34.957688,12791.992,39898.918,2.41,1133.918,18419.257,2.063,0.0
187.107,2026-06-26T01:21:35.058224,12791.992,39898.918,2.013,1133.919,18419.257,0.005,0.0
187.263,2026-06-26T01:21:35.215029,12791.992,39898.918,1.738,1134.249,18419.257,2.112,0.0
187.364,2026-06-26T01:21:35.315468,12791.992,39898.918,1.45,1134.25,18419.257,0.005,0.0
187.521,2026-06-26T01:21:35.472506,12791.992,39898.918,1.328,1134.58,18419.257,2.108,0.0
187.621,2026-06-26T01:21:35.572941,12792.242,39898.918,3.12,1134.581,18419.257,0.005,0.0
187.778,2026-06-26T01:21:35.729437,12792.242,39898.918,2.499,1134.912,18419.257,2.121,0.0
187.878,2026-06-26T01:21:35.829873,12792.242,39898.918,2.005,1134.913,18419.257,0.005,0.0
188.034,2026-06-26T01:21:35.986039,12792.242,39898.918,1.719,1135.244,18419.257,2.126,0.0
188.135,2026-06-26T01:21:36.086469,12792.242,39898.918,1.436,1135.245,18419.257,0.005,0.0
188.291,2026-06-26T01:21:36.243057,12792.242,39898.918,1.32,1135.576,18419.257,2.12,0.0
188.392,2026-06-26T01:21:36.343499,12792.992,39898.918,3.277,1135.577,18419.257,0.005,0.0
188.547,2026-06-26T01:21:36.499215,12792.992,39898.918,2.611,1135.908,18419.257,2.132,0.0
188.648,2026-06-26T01:21:36.599656,12792.992,39898.918,2.06,1135.909,18419.257,0.005,0.0
188.805,2026-06-26T01:21:36.756334,12792.992,39898.918,1.772,1136.239,18419.257,2.113,0.0
188.905,2026-06-26T01:21:36.856765,12793.242,39898.918,3.384,1136.24,18419.257,0.005,0.0
189.061,2026-06-26T01:21:37.012614,12793.242,39898.918,2.7,1136.57,18419.257,2.123,0.0
189.161,2026-06-26T01:21:37.113043,12793.242,39898.918,2.123,1136.571,18419.257,0.005,0.0
189.317,2026-06-26T01:21:37.269086,12793.242,39898.918,1.787,1136.901,18419.257,2.121,0.0
189.418,2026-06-26T01:21:37.369529,12793.242,39898.918,1.484,1136.902,18419.257,0.005,0.0
189.574,2026-06-26T01:21:37.525336,12793.242,39898.918,1.355,1137.232,18419.257,2.125,0.0
189.674,2026-06-26T01:21:37.625758,12793.992,39898.918,3.232,1137.233,18419.257,0.005,0.0
189.83,2026-06-26T01:21:37.782177,12793.992,39898.918,2.592,1137.563,18419.257,2.116,0.0
189.931,2026-06-26T01:21:37.882594,12793.992,39898.918,2.048,1137.564,18419.257,0.005,0.0
190.087,2026-06-26T01:21:38.038704,12793.992,39898.918,1.749,1137.894,18419.257,2.12,0.0
190.187,2026-06-26T01:21:38.139119,12793.992,39898.918,3.578,1137.895,18419.257,0.005,0.0
190.343,2026-06-26T01:21:38.295097,12793.992,39898.918,2.82,1138.225,18419.257,2.123,0.0
190.444,2026-06-26T01:21:38.395540,12793.992,39898.918,2.207,1138.226,18419.257,0.005,0.0
190.599,2026-06-26T01:21:38.551125,12793.992,39898.918,1.862,1138.556,18419.257,2.128,0.0
190.7,2026-06-26T01:21:38.651568,12793.992,39898.918,1.536,1138.557,18419.257,0.005,0.0
190.856,2026-06-26T01:21:38.807785,12793.992,39898.918,1.391,1138.887,18419.257,2.119,0.0
190.956,2026-06-26T01:21:38.908196,12794.746,39898.918,3.328,1138.888,18419.257,0.005,0.0
191.112,2026-06-26T01:21:39.064013,12794.746,39898.918,2.646,1139.218,18419.257,2.124,0.0
191.213,2026-06-26T01:21:39.164461,12794.746,39898.918,2.085,1139.219,18419.257,0.005,0.0
191.369,2026-06-26T01:21:39.320673,12794.746,39898.918,1.775,1139.549,18419.257,2.119,0.0
191.469,2026-06-26T01:21:39.421088,12794.746,39898.918,3.456,1139.55,18419.257,0.005,0.0
191.625,2026-06-26T01:21:39.577034,12794.746,39898.918,2.75,1139.88,18419.257,2.123,0.0
191.726,2026-06-26T01:21:39.677460,12794.746,39898.918,2.158,1139.881,18419.257,0.005,0.0
191.882,2026-06-26T01:21:39.833711,12794.746,39898.918,1.826,1140.211,18419.257,2.118,0.0
191.982,2026-06-26T01:21:39.934122,12794.746,39898.918,1.511,1140.212,18419.257,0.005,0.0
192.139,2026-06-26T01:21:40.090321,12794.746,39898.918,1.388,1140.542,18419.257,2.119,0.0
192.239,2026-06-26T01:21:40.190735,12795.496,39898.918,3.396,1140.543,18419.257,0.005,0.0
192.395,2026-06-26T01:21:40.347168,12795.496,39898.918,2.692,1140.873,18419.257,2.116,0.0
192.496,2026-06-26T01:21:40.447610,12795.496,39898.918,2.117,1140.874,18419.257,0.005,0.0
192.652,2026-06-26T01:21:40.603543,12795.496,39898.918,1.798,1141.205,18419.257,2.127,0.0
192.752,2026-06-26T01:21:40.703976,12795.496,39898.918,3.286,1141.205,18419.257,0.005,0.0
192.908,2026-06-26T01:21:40.860062,12795.496,39898.918,2.631,1141.537,18419.257,2.127,0.0
193.009,2026-06-26T01:21:40.960477,12795.496,39898.918,2.075,1141.537,18419.257,0.005,0.0
193.165,2026-06-26T01:21:41.116562,12795.496,39898.918,1.768,1141.869,18419.257,2.127,0.0
193.265,2026-06-26T01:21:41.217001,12795.496,39898.918,1.494,1141.869,18419.257,0.005,0.0
193.421,2026-06-26T01:21:41.373040,12795.496,39898.918,1.346,1142.201,18419.257,2.127,0.0
193.522,2026-06-26T01:21:41.473450,12796.246,39898.918,1.828,1142.201,18419.257,0.005,0.0
193.681,2026-06-26T01:21:41.632452,12796.246,39898.918,2.46,1142.532,18419.257,2.085,0.0
193.781,2026-06-26T01:21:41.732890,12796.246,39898.918,1.955,1142.533,18419.257,0.005,0.0
193.94,2026-06-26T01:21:41.891408,12796.246,39898.918,1.694,1142.863,18419.257,2.088,0.0
194.04,2026-06-26T01:21:41.991818,12796.371,39898.918,3.563,1142.864,18419.257,0.005,0.0
194.197,2026-06-26T01:21:42.148267,12796.371,39898.918,2.809,1143.194,18419.257,2.116,0.0
194.297,2026-06-26T01:21:42.248698,12796.371,39898.918,2.199,1143.195,18419.257,0.005,0.0
194.453,2026-06-26T01:21:42.404880,12796.496,39898.918,1.855,1143.525,18419.257,2.119,0.0
194.554,2026-06-26T01:21:42.505297,12796.496,39898.918,1.532,1143.526,18419.257,0.005,0.0
194.71,2026-06-26T01:21:42.661913,12796.496,39898.918,1.402,1143.856,18419.257,2.113,0.0
194.811,2026-06-26T01:21:42.762340,12797.035,39898.918,1.284,1143.857,18419.257,0.005,0.0
194.966,2026-06-26T01:21:42.918064,12797.246,39898.918,2.511,1144.187,18419.257,2.126,0.0
195.067,2026-06-26T01:21:43.018502,12797.246,39898.918,2.014,1144.188,18419.257,0.005,0.0
195.224,2026-06-26T01:21:43.175404,12797.246,39898.918,1.739,1144.518,18419.257,2.11,0.0
195.324,2026-06-26T01:21:43.275812,12797.246,39898.918,1.45,1144.519,18419.257,0.005,0.0
195.481,2026-06-26T01:21:43.432976,12797.371,39898.918,2.597,1144.849,18419.257,2.106,0.0
195.582,2026-06-26T01:21:43.533405,12797.371,39898.918,2.051,1144.85,18419.257,0.005,0.0
195.741,2026-06-26T01:21:43.692661,12797.496,39898.918,1.76,1145.18,18419.257,2.078,0.0
195.841,2026-06-26T01:21:43.793094,12797.496,39898.918,1.465,1145.181,18419.257,0.005,0.0
196.0,2026-06-26T01:21:43.951487,12797.496,39898.918,1.351,1145.511,18419.257,2.09,0.0
196.101,2026-06-26T01:21:44.052559,12798.285,39898.918,1.571,1145.512,18419.257,0.005,0.0
196.258,2026-06-26T01:21:44.209470,12798.285,39898.918,2.595,1145.842,18419.257,2.11,0.0
196.358,2026-06-26T01:21:44.309891,12798.285,39898.918,2.049,1145.843,18419.257,0.005,0.0
196.514,2026-06-26T01:21:44.466017,12798.285,39898.918,1.75,1146.173,18419.257,2.12,0.0
196.615,2026-06-26T01:21:44.566467,12798.285,39898.918,1.458,1146.174,18419.257,0.005,0.0
196.771,2026-06-26T01:21:44.723004,12798.41,39898.918,2.624,1146.504,18419.257,2.114,0.0
196.872,2026-06-26T01:21:44.823448,12798.535,39898.918,2.093,1146.505,18419.257,0.005,0.0
197.028,2026-06-26T01:21:44.979745,12798.535,39898.918,1.78,1146.835,18419.257,2.118,0.0
197.128,2026-06-26T01:21:45.080166,12798.535,39898.918,1.479,1146.836,18419.257,0.005,0.0
197.284,2026-06-26T01:21:45.236061,12798.535,39898.918,1.352,1147.166,18419.257,2.123,0.0
197.385,2026-06-26T01:21:45.336465,12798.535,39898.918,1.179,1147.167,18419.257,0.005,0.0
197.542,2026-06-26T01:21:45.493630,12799.285,39898.918,2.483,1147.498,18419.257,2.11,0.0
197.642,2026-06-26T01:21:45.594041,12799.285,39898.918,1.971,1147.498,18419.257,0.005,0.0
197.801,2026-06-26T01:21:45.752506,12799.285,39898.918,1.705,1147.83,18419.257,2.095,0.0
197.901,2026-06-26T01:21:45.852944,12799.285,39898.918,1.427,1147.83,18419.257,0.005,0.0
198.057,2026-06-26T01:21:46.008908,12799.285,39898.918,2.608,1148.161,18419.257,2.128,0.0
198.158,2026-06-26T01:21:46.109363,12799.285,39898.918,2.059,1148.162,18419.257,0.005,0.0
198.314,2026-06-26T01:21:46.265511,12799.285,39898.918,1.772,1148.493,18419.257,2.128,0.0
198.414,2026-06-26T01:21:46.365952,12799.285,39898.918,1.473,1148.494,18419.257,0.005,0.0
198.57,2026-06-26T01:21:46.521769,12799.285,39898.918,1.347,1148.825,18419.257,2.131,0.0
198.671,2026-06-26T01:21:46.622227,12799.285,39898.918,1.176,1148.826,18419.257,0.005,0.0
198.826,2026-06-26T01:21:46.778124,12800.035,39898.918,2.599,1149.156,18419.257,2.123,0.0
198.927,2026-06-26T01:21:46.878538,12800.035,39898.918,2.053,1149.157,18419.257,0.005,0.0
199.093,2026-06-26T01:21:47.044830,12800.035,39898.918,1.761,1149.487,18419.257,1.99,0.0
199.194,2026-06-26T01:21:47.145256,12800.035,39898.918,1.466,1149.488,18419.257,0.005,0.0
199.364,2026-06-26T01:21:47.316209,12800.035,39898.918,2.576,1149.818,18419.257,1.936,0.0
199.465,2026-06-26T01:21:47.416650,12800.035,39898.918,2.036,1149.819,18419.257,0.005,0.0
199.621,2026-06-26T01:21:47.572561,12800.035,39898.918,1.756,1150.149,18419.257,2.123,0.0
199.721,2026-06-26T01:21:47.672998,12800.035,39898.918,1.463,1150.15,18419.257,0.005,0.0
199.877,2026-06-26T01:21:47.828836,12800.035,39898.918,1.325,1150.48,18419.257,2.124,0.0
199.978,2026-06-26T01:21:47.929267,12800.035,39898.918,1.16,1150.481,18419.257,0.005,0.0
200.133,2026-06-26T01:21:48.085102,12800.785,39898.918,2.604,1150.811,18419.257,2.124,0.0
200.234,2026-06-26T01:21:48.185538,12800.785,39898.918,2.056,1150.812,18419.257,0.005,0.0
200.401,2026-06-26T01:21:48.352455,12800.785,39898.918,1.776,1151.142,18419.257,1.983,0.0
200.501,2026-06-26T01:21:48.452898,12800.785,39898.918,1.476,1151.143,18419.257,0.005,0.0
200.658,2026-06-26T01:21:48.609824,12800.785,39898.918,2.663,1151.473,18419.257,2.109,0.0
200.759,2026-06-26T01:21:48.710244,12800.785,39898.918,2.097,1151.474,18419.257,0.005,0.0
200.914,2026-06-26T01:21:48.866097,12800.785,39898.918,1.784,1151.804,18419.257,2.123,0.0
201.015,2026-06-26T01:21:48.966508,12800.785,39898.918,1.482,1151.805,18419.257,0.005,0.0
201.171,2026-06-26T01:21:49.122644,12800.785,39898.918,1.353,1152.135,18419.257,2.12,0.0
201.271,2026-06-26T01:21:49.223081,12800.785,39898.918,1.203,1152.136,18419.257,0.005,0.0
201.427,2026-06-26T01:21:49.378984,12801.535,39898.918,2.528,1152.466,18419.257,2.124,0.0
201.528,2026-06-26T01:21:49.479394,12801.535,39898.918,2.026,1152.467,18419.257,0.005,0.0
201.684,2026-06-26T01:21:49.635571,12801.535,39898.918,1.734,1152.797,18419.257,2.119,0.0
201.784,2026-06-26T01:21:49.735991,12801.535,39898.918,1.446,1152.798,18419.257,0.005,0.0
201.952,2026-06-26T01:21:49.903543,12801.66,39898.918,2.665,1153.128,18419.257,1.975,0.0
202.052,2026-06-26T01:21:50.003971,12801.785,39898.918,2.098,1153.129,18419.257,0.005,0.0
202.208,2026-06-26T01:21:50.159748,12801.785,39898.918,1.785,1153.459,18419.257,2.125,0.0
202.308,2026-06-26T01:21:50.260188,12801.785,39898.918,1.483,1153.46,18419.257,0.005,0.0
202.464,2026-06-26T01:21:50.416065,12801.785,39898.918,1.354,1153.79,18419.257,2.123,0.0
202.565,2026-06-26T01:21:50.516543,12801.785,39898.918,1.181,1153.791,18419.257,0.005,0.0
202.723,2026-06-26T01:21:50.674516,12802.535,39898.918,2.445,1154.122,18419.257,2.101,0.0
202.823,2026-06-26T01:21:50.774955,12802.535,39898.918,1.944,1154.123,18419.257,0.005,0.0
202.981,2026-06-26T01:21:50.932413,12802.535,39898.918,1.689,1154.454,18419.257,2.108,0.0
203.081,2026-06-26T01:21:51.032823,12802.535,39898.918,1.415,1154.454,18419.257,0.005,0.0
203.242,2026-06-26T01:21:51.193244,12802.535,39898.918,2.673,1154.786,18419.257,2.071,0.0
203.342,2026-06-26T01:21:51.293759,12802.535,39898.918,2.104,1154.786,18419.257,0.005,0.0
203.499,2026-06-26T01:21:51.450317,12802.535,39898.918,1.803,1155.118,18419.257,2.121,0.0
203.599,2026-06-26T01:21:51.550724,12802.535,39898.918,1.495,1155.118,18419.257,0.005,0.0
203.755,2026-06-26T01:21:51.706640,12802.535,39898.918,1.362,1155.449,18419.257,2.123,0.0
203.855,2026-06-26T01:21:51.807087,12802.535,39898.918,1.187,1155.449,18419.257,0.005,0.0
204.014,2026-06-26T01:21:51.965677,12803.285,39898.918,2.473,1155.78,18419.257,2.088,0.0
204.114,2026-06-26T01:21:52.066091,12803.285,39898.918,1.964,1155.78,18419.257,0.005,0.0
204.273,2026-06-26T01:21:52.224836,12803.285,39898.918,1.7,1156.111,18419.257,2.086,0.0
204.374,2026-06-26T01:21:52.325364,12803.285,39898.918,1.423,1156.111,18419.257,0.005,0.0
204.534,2026-06-26T01:21:52.485650,12803.41,39898.918,2.474,1156.442,18419.257,2.065,0.0
204.634,2026-06-26T01:21:52.586210,12803.535,39898.918,2.104,1156.442,18419.257,0.005,0.0
204.79,2026-06-26T01:21:52.742221,12803.535,39898.918,1.804,1156.773,18419.257,2.123,0.0
204.891,2026-06-26T01:21:52.842659,12803.535,39898.918,1.496,1156.773,18419.257,0.005,0.0
205.046,2026-06-26T01:21:52.997512,12803.535,39898.918,1.365,1157.104,18419.257,2.138,0.0
205.146,2026-06-26T01:21:53.097947,12803.535,39898.918,1.188,1157.104,18419.257,0.005,0.0
205.303,2026-06-26T01:21:53.254268,12803.535,39898.918,1.147,1157.435,18419.257,2.12,0.0
205.403,2026-06-26T01:21:53.354708,12804.285,39898.918,3.34,1157.435,18419.257,0.005,0.0
205.559,2026-06-26T01:21:53.510965,12804.285,39898.918,2.654,1157.766,18419.257,2.121,0.0
205.66,2026-06-26T01:21:53.611407,12804.285,39898.918,2.09,1157.766,18419.257,0.005,0.0
205.816,2026-06-26T01:21:53.767573,12804.285,39898.918,1.794,1158.097,18419.257,2.12,0.0
205.916,2026-06-26T01:21:53.867994,12804.41,39898.918,3.516,1158.097,18419.257,0.005,0.0
206.071,2026-06-26T01:21:54.022616,12804.535,39898.918,2.78,1158.428,18419.257,2.141,0.0
206.171,2026-06-26T01:21:54.123037,12804.535,39898.918,2.179,1158.428,18419.257,0.005,0.0
206.327,2026-06-26T01:21:54.278634,12804.535,39898.918,1.842,1158.759,18419.257,2.127,0.0
206.427,2026-06-26T01:21:54.379072,12804.535,39898.918,1.522,1158.759,18419.257,0.005,0.0
206.583,2026-06-26T01:21:54.535094,12804.535,39898.918,1.381,1159.09,18419.257,2.122,0.0
206.684,2026-06-26T01:21:54.635529,12805.285,39898.918,3.274,1159.09,18419.257,0.005,0.0
206.84,2026-06-26T01:21:54.791705,12805.285,39898.918,2.622,1159.421,18419.257,2.12,0.0
206.94,2026-06-26T01:21:54.892109,12805.285,39898.918,2.069,1159.421,18419.257,0.005,0.0
207.096,2026-06-26T01:21:55.048013,12805.285,39898.918,1.764,1159.752,18419.257,2.123,0.0
207.197,2026-06-26T01:21:55.148433,12805.285,39898.918,3.519,1159.752,18419.257,0.005,0.0
207.353,2026-06-26T01:21:55.304626,12805.285,39898.918,2.779,1160.083,18419.257,2.12,0.0
207.453,2026-06-26T01:21:55.405061,12805.285,39898.918,2.178,1160.083,18419.257,0.005,0.0
207.609,2026-06-26T01:21:55.561058,12805.285,39898.918,1.841,1160.414,18419.257,2.122,0.0
207.71,2026-06-26T01:21:55.661512,12805.285,39898.918,1.521,1160.414,18419.257,0.005,0.0
207.866,2026-06-26T01:21:55.817322,12805.285,39898.918,1.396,1160.746,18419.257,2.13,0.0
207.966,2026-06-26T01:21:55.917729,12806.035,39898.918,3.192,1160.746,18419.257,0.005,0.0
208.125,2026-06-26T01:21:56.076449,12806.035,39898.918,2.559,1161.078,18419.257,2.09,0.0
208.225,2026-06-26T01:21:56.176982,12806.035,39898.918,2.024,1161.078,18419.257,0.005,0.0
208.382,2026-06-26T01:21:56.333671,12806.035,39898.918,1.747,1161.41,18419.257,2.121,0.0
208.482,2026-06-26T01:21:56.434107,12806.035,39898.918,1.456,1161.41,18419.257,0.005,0.0
208.638,2026-06-26T01:21:56.589825,12806.035,39898.918,2.601,1161.741,18419.257,2.13,0.0
208.739,2026-06-26T01:21:56.690225,12806.035,39898.918,2.054,1161.742,18419.257,0.005,0.0
208.894,2026-06-26T01:21:56.846053,12806.035,39898.918,1.754,1162.072,18419.257,2.123,0.0
208.995,2026-06-26T01:21:56.946480,12806.035,39898.918,1.461,1162.073,18419.257,0.005,0.0
209.149,2026-06-26T01:21:57.101048,12806.035,39898.918,1.326,1162.403,18419.257,2.141,0.0
209.25,2026-06-26T01:21:57.201488,12806.789,39898.918,3.186,1162.404,18419.257,0.005,0.0
209.406,2026-06-26T01:21:57.357453,12806.789,39898.918,2.607,1162.734,18419.257,2.125,0.0
209.506,2026-06-26T01:21:57.457889,12806.789,39898.918,2.034,1162.735,18419.257,0.005,0.0
209.662,2026-06-26T01:21:57.614187,12806.789,39898.918,1.754,1163.065,18419.257,2.118,0.0
209.763,2026-06-26T01:21:57.714594,12806.789,39898.918,1.484,1163.066,18419.257,0.005,0.0
209.919,2026-06-26T01:21:57.870483,12806.914,39898.918,2.634,1163.396,18419.257,2.123,0.0
210.019,2026-06-26T01:21:57.970897,12806.914,39898.918,2.1,1163.397,18419.257,0.005,0.0
210.175,2026-06-26T01:21:58.126666,12807.039,39898.918,1.787,1163.727,18419.257,2.126,0.0
210.275,2026-06-26T01:21:58.227080,12807.039,39898.918,1.507,1163.728,18419.257,0.005,0.0
210.431,2026-06-26T01:21:58.382710,12807.039,39898.918,1.356,1164.058,18419.257,2.127,0.0
210.531,2026-06-26T01:21:58.483167,12807.039,39898.918,1.182,1164.059,18419.257,0.005,0.0
210.688,2026-06-26T01:21:58.639561,12807.789,39898.918,2.463,1164.389,18419.257,2.117,0.0
210.788,2026-06-26T01:21:58.739992,12807.789,39898.918,1.957,1164.39,18419.257,0.005,0.0
210.944,2026-06-26T01:21:58.895936,12807.789,39898.918,1.686,1164.72,18419.257,2.123,0.0
211.045,2026-06-26T01:21:58.996360,12807.789,39898.918,1.413,1164.721,18419.257,0.005,0.0
211.2,2026-06-26T01:21:59.151393,12807.789,39898.918,2.639,1165.051,18419.257,2.136,0.0
211.3,2026-06-26T01:21:59.251818,12807.789,39898.918,2.08,1165.052,18419.257,0.005,0.0
211.456,2026-06-26T01:21:59.407409,12807.789,39898.918,1.773,1165.382,18419.257,2.128,0.0
211.556,2026-06-26T01:21:59.507822,12807.789,39898.918,1.474,1165.383,18419.257,0.005,0.0
211.712,2026-06-26T01:21:59.664091,12807.789,39898.918,1.347,1165.713,18419.257,2.118,0.0
211.813,2026-06-26T01:21:59.764533,12807.789,39898.918,1.176,1165.714,18419.257,0.005,0.0
211.969,2026-06-26T01:21:59.920318,12808.539,39898.918,2.464,1166.044,18419.257,2.125,0.0
212.069,2026-06-26T01:22:00.020738,12808.539,39898.918,1.958,1166.045,18419.257,0.005,0.0
212.225,2026-06-26T01:22:00.176402,12808.539,39898.918,1.687,1166.376,18419.257,2.127,0.0
212.325,2026-06-26T01:22:00.276844,12808.539,39898.918,1.414,1166.376,18419.257,0.005,0.0
212.481,2026-06-26T01:22:00.432518,12808.664,39898.918,2.602,1166.707,18419.257,2.127,0.0
212.581,2026-06-26T01:22:00.532940,12808.664,39898.918,2.055,1166.707,18419.257,0.005,0.0
212.737,2026-06-26T01:22:00.688958,12808.789,39898.918,1.754,1167.038,18419.257,2.127,0.0
212.838,2026-06-26T01:22:00.789401,12808.789,39898.918,1.461,1167.039,18419.257,0.005,0.0
212.994,2026-06-26T01:22:00.945376,12808.789,39898.918,1.353,1167.37,18419.257,2.128,0.0
213.094,2026-06-26T01:22:01.045783,12808.789,39898.918,1.181,1167.371,18419.257,0.005,0.0
213.25,2026-06-26T01:22:01.201956,12809.539,39898.918,2.539,1167.702,18419.257,2.126,0.0
213.351,2026-06-26T01:22:01.302401,12809.539,39898.918,2.01,1167.703,18419.257,0.005,0.0
213.507,2026-06-26T01:22:01.458437,12809.539,39898.918,1.738,1168.034,18419.257,2.127,0.0
213.607,2026-06-26T01:22:01.558864,12809.539,39898.918,1.449,1168.035,18419.257,0.005,0.0
213.763,2026-06-26T01:22:01.714655,12809.539,39898.918,2.265,1168.365,18419.257,2.125,0.0
213.863,2026-06-26T01:22:01.815063,12809.539,39898.918,1.818,1168.366,18419.257,0.005,0.0
214.019,2026-06-26T01:22:01.970738,12809.539,39898.918,1.589,1168.696,18419.257,2.127,0.0
214.119,2026-06-26T01:22:02.071194,12809.539,39898.918,1.345,1168.697,18419.257,0.005,0.0
214.275,2026-06-26T01:22:02.226782,12809.539,39898.918,1.258,1169.027,18419.257,2.128,0.0
214.375,2026-06-26T01:22:02.327223,12809.539,39898.918,1.114,1169.028,18419.257,0.005,0.0
214.534,2026-06-26T01:22:02.485240,12810.289,39898.918,2.428,1169.358,18419.257,2.096,0.0
214.634,2026-06-26T01:22:02.585691,12810.289,39898.918,1.932,1169.359,18419.257,0.005,0.0
214.791,2026-06-26T01:22:02.743115,12810.289,39898.918,1.681,1169.689,18419.257,2.105,0.0
214.892,2026-06-26T01:22:02.843555,12810.289,39898.918,1.41,1169.69,18419.257,0.005,0.0
215.052,2026-06-26T01:22:03.003791,12810.414,39898.918,2.539,1170.02,18419.257,2.066,0.0
215.152,2026-06-26T01:22:03.104202,12810.414,39898.918,2.01,1170.021,18419.257,0.005,0.0
215.309,2026-06-26T01:22:03.260267,12810.414,39898.918,1.708,1170.351,18419.257,2.121,0.0
215.409,2026-06-26T01:22:03.360735,12810.539,39898.918,1.451,1170.352,18419.257,0.005,0.0
215.565,2026-06-26T01:22:03.517156,12810.539,39898.918,1.316,1170.683,18419.257,2.119,0.0
215.666,2026-06-26T01:22:03.617595,12810.539,39898.918,1.154,1170.683,18419.257,0.005,0.0
215.824,2026-06-26T01:22:03.775436,12811.289,39898.918,1.625,1171.014,18419.257,2.097,0.0
215.924,2026-06-26T01:22:03.875888,12811.289,39898.918,2.652,1171.014,18419.257,0.005,0.0
216.08,2026-06-26T01:22:04.032144,12811.289,39898.918,2.172,1171.345,18419.257,2.119,0.0
216.181,2026-06-26T01:22:04.132570,12811.289,39898.918,1.753,1171.345,18419.257,0.005,0.0
216.337,2026-06-26T01:22:04.289180,12811.289,39898.918,1.557,1171.676,18419.257,2.113,0.0
216.438,2026-06-26T01:22:04.389614,12811.289,39898.918,3.28,1171.676,18419.257,0.005,0.0
216.595,2026-06-26T01:22:04.546275,12811.289,39898.918,2.625,1172.007,18419.257,2.113,0.0
216.695,2026-06-26T01:22:04.646715,12811.289,39898.918,2.071,1172.007,18419.257,0.005,0.0
216.852,2026-06-26T01:22:04.803361,12811.289,39898.918,1.764,1172.338,18419.257,2.113,0.0
216.952,2026-06-26T01:22:04.903769,12811.289,39898.918,1.468,1172.338,18419.257,0.005,0.0
217.109,2026-06-26T01:22:05.060443,12811.289,39898.918,1.357,1172.669,18419.257,2.113,0.0
217.209,2026-06-26T01:22:05.160871,12812.039,39898.918,3.21,1172.669,18419.257,0.005,0.0
217.365,2026-06-26T01:22:05.317207,12812.039,39898.918,2.577,1173.0,18419.257,2.118,0.0
217.466,2026-06-26T01:22:05.417641,12812.039,39898.918,2.037,1173.0,18419.257,0.005,0.0
217.622,2026-06-26T01:22:05.574104,12812.039,39898.918,1.726,1173.331,18419.257,2.119,0.0
217.723,2026-06-26T01:22:05.674540,12812.039,39898.918,3.329,1173.332,18419.257,0.005,0.0
217.879,2026-06-26T01:22:05.830549,12812.039,39898.918,2.661,1173.663,18419.257,2.128,0.0
217.979,2026-06-26T01:22:05.930955,12812.039,39898.918,2.096,1173.664,18419.257,0.005,0.0
218.138,2026-06-26T01:22:06.089834,12812.039,39898.918,1.777,1173.995,18419.257,2.089,0.0
218.239,2026-06-26T01:22:06.190272,12812.039,39898.918,1.477,1173.996,18419.257,0.005,0.0
218.395,2026-06-26T01:22:06.346245,12812.039,39898.918,1.35,1174.327,18419.257,2.128,0.0
218.495,2026-06-26T01:22:06.446694,12812.805,39898.918,3.179,1174.328,18419.257,0.005,0.0
218.651,2026-06-26T01:22:06.602848,12812.805,39898.918,2.556,1174.659,18419.257,2.126,0.0
218.752,2026-06-26T01:22:06.703275,12812.805,39898.918,2.022,1174.659,18419.257,0.005,0.0
218.907,2026-06-26T01:22:06.859086,12812.805,39898.918,1.717,1174.99,18419.257,2.124,0.0
219.008,2026-06-26T01:22:06.959502,12812.93,39898.918,2.064,1174.99,18419.257,0.005,0.0
219.164,2026-06-26T01:22:07.115786,12812.93,39898.918,2.691,1175.321,18419.257,2.118,0.0
219.265,2026-06-26T01:22:07.216224,12812.93,39898.918,2.117,1175.321,18419.257,0.005,0.0
219.42,2026-06-26T01:22:07.371712,12813.055,39898.918,1.798,1175.652,18419.257,2.129,0.0
219.52,2026-06-26T01:22:07.472198,12813.055,39898.918,1.492,1175.652,18419.257,0.005,0.0
219.677,2026-06-26T01:22:07.628472,12813.055,39898.918,1.36,1175.983,18419.257,2.12,0.0
219.777,2026-06-26T01:22:07.728892,12813.055,39898.918,1.185,1175.983,18419.257,0.005,0.0
219.933,2026-06-26T01:22:07.884491,12813.805,39898.918,2.442,1176.314,18419.257,2.127,0.0
220.033,2026-06-26T01:22:07.984924,12813.805,39898.918,1.943,1176.314,18419.257,0.005,0.0
220.189,2026-06-26T01:22:08.140493,12813.805,39898.918,1.692,1176.645,18419.257,2.128,0.0
220.289,2026-06-26T01:22:08.240927,12813.805,39898.918,1.417,1176.645,18419.257,0.005,0.0
220.445,2026-06-26T01:22:08.396573,12813.93,39898.918,2.56,1176.976,18419.257,2.127,0.0
220.545,2026-06-26T01:22:08.497011,12813.93,39898.918,2.048,1176.976,18419.257,0.005,0.0
220.701,2026-06-26T01:22:08.652877,12814.055,39898.918,1.75,1177.306,18419.257,2.124,0.0
220.802,2026-06-26T01:22:08.753302,12814.055,39898.918,1.458,1177.307,18419.257,0.005,0.0
220.957,2026-06-26T01:22:08.909221,12814.055,39898.918,1.336,1177.637,18419.257,2.122,0.0
221.058,2026-06-26T01:22:09.009640,12814.055,39898.918,1.168,1177.638,18419.257,0.005,0.0
221.214,2026-06-26T01:22:09.165718,12814.988,39898.918,2.546,1177.968,18419.257,2.121,0.0
221.314,2026-06-26T01:22:09.266173,12814.988,39898.918,2.015,1177.969,18419.257,0.005,0.0
221.471,2026-06-26T01:22:09.422306,12814.988,39898.918,1.741,1178.3,18419.257,2.12,0.0
221.571,2026-06-26T01:22:09.522713,12814.988,39898.918,1.452,1178.3,18419.257,0.005,0.0
221.727,2026-06-26T01:22:09.678849,12814.988,39898.918,2.594,1178.631,18419.257,2.12,0.0
221.828,2026-06-26T01:22:09.779283,12814.988,39898.918,2.049,1178.631,18419.257,0.005,0.0
221.983,2026-06-26T01:22:09.934911,12814.988,39898.918,1.766,1178.962,18419.257,2.127,0.0
222.084,2026-06-26T01:22:10.035342,12814.988,39898.918,1.446,1178.962,18419.257,0.005,0.0
222.239,2026-06-26T01:22:10.190900,12814.988,39898.918,1.329,1179.293,18419.257,2.128,0.0
222.34,2026-06-26T01:22:10.291338,12814.988,39898.918,1.163,1179.293,18419.257,0.005,0.0
222.496,2026-06-26T01:22:10.447474,12815.738,39898.918,2.452,1179.624,18419.257,2.12,0.0
222.596,2026-06-26T01:22:10.547891,12815.738,39898.918,1.973,1179.624,18419.257,0.005,0.0
222.752,2026-06-26T01:22:10.703744,12815.738,39898.918,1.697,1179.956,18419.257,2.13,0.0
222.852,2026-06-26T01:22:10.804194,12815.738,39898.918,1.421,1179.956,18419.257,0.005,0.0
223.009,2026-06-26T01:22:10.960271,12815.863,39898.918,2.648,1180.287,18419.257,2.127,0.0
223.109,2026-06-26T01:22:11.060680,12815.988,39898.918,2.087,1180.288,18419.257,0.005,0.0
223.265,2026-06-26T01:22:11.216796,12815.988,39898.918,1.776,1180.619,18419.257,2.127,0.0
223.365,2026-06-26T01:22:11.317209,12815.988,39898.918,1.5,1180.62,18419.257,0.005,0.0
223.521,2026-06-26T01:22:11.472868,12815.988,39898.918,1.366,1180.951,18419.257,2.132,0.0
223.622,2026-06-26T01:22:11.573333,12815.988,39898.918,1.189,1180.952,18419.257,0.005,0.0
223.782,2026-06-26T01:22:11.733398,12816.738,39898.918,2.533,1181.282,18419.257,2.068,0.0
223.882,2026-06-26T01:22:11.833935,12816.738,39898.918,2.006,1181.283,18419.257,0.005,0.0
224.041,2026-06-26T01:22:11.992654,12816.738,39898.918,1.715,1181.613,18419.257,2.086,0.0
224.141,2026-06-26T01:22:12.093207,12816.738,39898.918,1.456,1181.614,18419.257,0.005,0.0
224.299,2026-06-26T01:22:12.250638,12816.738,39898.918,1.645,1181.944,18419.257,2.104,0.0
224.399,2026-06-26T01:22:12.351082,12816.738,39898.918,2.899,1181.945,18419.257,0.005,0.0
224.555,2026-06-26T01:22:12.507129,12816.738,39898.918,2.345,1182.275,18419.257,2.121,0.0
224.656,2026-06-26T01:22:12.607607,12816.738,39898.918,1.874,1182.276,18419.257,0.005,0.0
224.812,2026-06-26T01:22:12.764036,12816.738,39898.918,1.627,1182.606,18419.257,2.119,0.0
224.913,2026-06-26T01:22:12.864481,12816.738,39898.918,1.372,1182.607,18419.257,0.005,0.0
225.073,2026-06-26T01:22:13.024449,12817.488,39898.918,2.705,1182.937,18419.257,2.068,0.0
225.173,2026-06-26T01:22:13.124957,12817.488,39898.918,2.127,1182.938,18419.257,0.005,0.0
225.332,2026-06-26T01:22:13.283774,12817.488,39898.918,1.813,1183.269,18419.257,2.084,0.0
225.433,2026-06-26T01:22:13.384306,12817.488,39898.918,1.502,1183.269,18419.257,0.005,0.0
225.591,2026-06-26T01:22:13.542263,12817.488,39898.918,1.586,1183.601,18419.257,2.103,0.0
225.691,2026-06-26T01:22:13.642710,12817.488,39898.918,2.881,1183.601,18419.257,0.005,0.0
225.847,2026-06-26T01:22:13.798597,12817.488,39898.918,2.348,1183.933,18419.257,2.131,0.0
225.947,2026-06-26T01:22:13.899006,12817.488,39898.918,1.877,1183.933,18419.257,0.005,0.0
226.103,2026-06-26T01:22:14.054798,12817.488,39898.918,1.63,1184.265,18419.257,2.132,0.0
226.203,2026-06-26T01:22:14.155211,12817.488,39898.918,1.374,1184.265,18419.257,0.005,0.0
226.359,2026-06-26T01:22:14.311204,12817.488,39898.918,1.293,1184.597,18419.257,2.129,0.0
226.46,2026-06-26T01:22:14.411639,12818.238,39898.918,3.165,1184.597,18419.257,0.005,0.0
226.616,2026-06-26T01:22:14.567473,12818.238,39898.918,2.517,1184.928,18419.257,2.124,0.0
226.716,2026-06-26T01:22:14.667883,12818.238,39898.918,2.018,1184.928,18419.257,0.005,0.0
226.872,2026-06-26T01:22:14.823805,12818.238,39898.918,1.729,1185.259,18419.257,2.123,0.0
226.972,2026-06-26T01:22:14.924217,12818.238,39898.918,3.495,1185.259,18419.257,0.005,0.0
227.128,2026-06-26T01:22:15.080034,12818.238,39898.918,2.762,1185.59,18419.257,2.124,0.0
227.229,2026-06-26T01:22:15.180477,12818.238,39898.918,2.167,1185.59,18419.257,0.005,0.0
227.385,2026-06-26T01:22:15.336638,12818.238,39898.918,1.832,1185.921,18419.257,2.12,0.0
227.485,2026-06-26T01:22:15.437082,12818.238,39898.918,1.515,1185.921,18419.257,0.005,0.0
227.641,2026-06-26T01:22:15.592991,12818.238,39898.918,1.377,1186.253,18419.257,2.127,0.0
227.742,2026-06-26T01:22:15.693429,12818.988,39898.918,3.2,1186.253,18419.257,0.005,0.0
227.898,2026-06-26T01:22:15.849863,12818.988,39898.918,2.57,1186.584,18419.257,2.122,0.0
227.999,2026-06-26T01:22:15.950282,12818.988,39898.918,2.032,1186.585,18419.257,0.005,0.0
228.155,2026-06-26T01:22:16.106958,12818.988,39898.918,1.737,1186.916,18419.257,2.118,0.0
228.256,2026-06-26T01:22:16.207388,12818.988,39898.918,3.546,1186.917,18419.257,0.005,0.0
228.412,2026-06-26T01:22:16.363465,12819.004,39898.918,2.798,1187.248,18419.257,2.127,0.0
228.512,2026-06-26T01:22:16.463945,12819.004,39898.918,2.191,1187.249,18419.257,0.005,0.0
228.669,2026-06-26T01:22:16.620414,12819.004,39898.918,1.849,1187.58,18419.257,2.121,0.0
228.769,2026-06-26T01:22:16.720835,12819.004,39898.918,1.527,1187.581,18419.257,0.005,0.0
228.925,2026-06-26T01:22:16.876602,12819.004,39898.918,1.4,1187.911,18419.257,2.125,0.0
229.025,2026-06-26T01:22:16.977040,12819.777,39898.918,3.217,1187.912,18419.257,0.005,0.0
229.181,2026-06-26T01:22:17.133121,12819.777,39898.918,2.583,1188.242,18419.257,2.121,0.0
229.282,2026-06-26T01:22:17.233566,12819.777,39898.918,2.018,1188.243,18419.257,0.005,0.0
229.437,2026-06-26T01:22:17.389194,12819.777,39898.918,1.729,1188.573,18419.257,2.127,0.0
229.538,2026-06-26T01:22:17.489607,12819.902,39898.918,3.401,1188.574,18419.257,0.005,0.0
229.694,2026-06-26T01:22:17.645761,12820.027,39898.918,2.711,1188.904,18419.257,2.12,0.0
229.794,2026-06-26T01:22:17.746223,12820.027,39898.918,2.131,1188.905,18419.257,0.005,0.0
229.951,2026-06-26T01:22:17.902570,12820.027,39898.918,1.807,1189.235,18419.257,2.119,0.0
230.051,2026-06-26T01:22:18.002980,12820.027,39898.918,1.498,1189.236,18419.257,0.005,0.0
230.207,2026-06-26T01:22:18.158648,12820.027,39898.918,1.365,1189.566,18419.257,2.127,0.0
230.307,2026-06-26T01:22:18.259053,12820.777,39898.918,3.355,1189.567,18419.257,0.005,0.0
230.463,2026-06-26T01:22:18.414904,12820.777,39898.918,2.679,1189.897,18419.257,2.125,0.0
230.564,2026-06-26T01:22:18.515368,12820.777,39898.918,2.109,1189.898,18419.257,0.005,0.0
230.72,2026-06-26T01:22:18.671228,12820.777,39898.918,1.777,1190.228,18419.257,2.124,0.0
230.82,2026-06-26T01:22:18.771633,12820.777,39898.918,2.502,1190.229,18419.257,0.005,0.0
230.975,2026-06-26T01:22:18.927043,12820.777,39898.918,2.673,1190.559,18419.257,2.13,0.0
231.076,2026-06-26T01:22:19.027461,12820.777,39898.918,2.127,1190.56,18419.257,0.005,0.0
231.232,2026-06-26T01:22:19.183307,12820.777,39898.918,1.805,1190.89,18419.257,2.124,0.0
231.332,2026-06-26T01:22:19.283741,12820.777,39898.918,1.497,1190.891,18419.257,0.005,0.0
231.488,2026-06-26T01:22:19.439938,12820.777,39898.918,1.363,1191.221,18419.257,2.12,0.0
231.589,2026-06-26T01:22:19.540411,12820.777,39898.918,1.187,1191.222,18419.257,0.005,0.0
231.744,2026-06-26T01:22:19.696115,12821.527,39898.918,2.474,1191.552,18419.257,2.127,0.0
231.845,2026-06-26T01:22:19.796555,12821.527,39898.918,1.964,1191.553,18419.257,0.005,0.0
232.001,2026-06-26T01:22:19.952477,12821.527,39898.918,1.691,1191.883,18419.257,2.123,0.0
232.101,2026-06-26T01:22:20.052916,12821.527,39898.918,1.417,1191.884,18419.257,0.005,0.0
232.257,2026-06-26T01:22:20.208610,12821.652,39898.918,2.664,1192.214,18419.257,2.126,0.0
232.357,2026-06-26T01:22:20.309065,12821.777,39898.918,2.098,1192.215,18419.257,0.005,0.0
232.513,2026-06-26T01:22:20.465095,12821.777,39898.918,1.769,1192.545,18419.257,2.122,0.0
232.614,2026-06-26T01:22:20.565532,12821.777,39898.918,1.472,1192.546,18419.257,0.005,0.0
232.77,2026-06-26T01:22:20.721550,12821.777,39898.918,1.361,1192.877,18419.257,2.127,0.0
232.87,2026-06-26T01:22:20.821989,12821.777,39898.918,1.186,1192.878,18419.257,0.005,0.0
233.026,2026-06-26T01:22:20.978079,12822.527,39898.918,2.423,1193.209,18419.257,2.127,0.0
233.127,2026-06-26T01:22:21.078529,12822.527,39898.918,1.953,1193.21,18419.257,0.005,0.0
233.283,2026-06-26T01:22:21.234755,12822.527,39898.918,1.667,1193.541,18419.257,2.125,0.0
233.383,2026-06-26T01:22:21.335177,12822.527,39898.918,1.423,1193.542,18419.257,0.005,0.0
233.539,2026-06-26T01:22:21.490826,12822.527,39898.918,2.533,1193.873,18419.257,2.132,0.0
233.64,2026-06-26T01:22:21.591259,12822.527,39898.918,2.006,1193.873,18419.257,0.005,0.0
233.795,2026-06-26T01:22:21.746883,12822.527,39898.918,1.721,1194.204,18419.257,2.127,0.0
233.896,2026-06-26T01:22:21.847338,12822.527,39898.918,1.437,1194.204,18419.257,0.005,0.0
234.051,2026-06-26T01:22:22.002954,12822.527,39898.918,1.323,1194.535,18419.257,2.128,0.0
234.152,2026-06-26T01:22:22.103398,12822.527,39898.918,1.182,1194.535,18419.257,0.005,0.0
234.307,2026-06-26T01:22:22.258959,12823.277,39898.918,2.517,1194.866,18419.257,2.128,0.0
234.408,2026-06-26T01:22:22.359375,12823.277,39898.918,1.995,1194.866,18419.257,0.005,0.0
234.563,2026-06-26T01:22:22.515043,12823.277,39898.918,1.713,1195.197,18419.257,2.126,0.0
234.664,2026-06-26T01:22:22.615466,12823.277,39898.918,1.432,1195.197,18419.257,0.005,0.0
234.82,2026-06-26T01:22:22.771407,12823.402,39898.918,2.612,1195.528,18419.257,2.123,0.0
234.92,2026-06-26T01:22:22.871860,12823.527,39898.918,2.061,1195.528,18419.257,0.005,0.0
235.076,2026-06-26T01:22:23.027979,12823.527,39898.918,1.759,1195.859,18419.257,2.121,0.0
235.177,2026-06-26T01:22:23.128384,12823.527,39898.918,1.464,1195.859,18419.257,0.005,0.0
235.332,2026-06-26T01:22:23.283959,12823.527,39898.918,1.342,1196.19,18419.257,2.127,0.0
235.433,2026-06-26T01:22:23.384402,12823.527,39898.918,1.172,1196.19,18419.257,0.005,0.0
235.593,2026-06-26T01:22:23.544727,12824.277,39898.918,2.488,1196.521,18419.257,2.065,0.0
235.694,2026-06-26T01:22:23.645259,12824.277,39898.918,1.975,1196.521,18419.257,0.005,0.0
235.852,2026-06-26T01:22:23.804088,12824.277,39898.918,1.707,1196.852,18419.257,2.084,0.0
235.953,2026-06-26T01:22:23.904636,12824.277,39898.918,1.428,1196.852,18419.257,0.005,0.0
236.11,2026-06-26T01:22:24.061972,12824.402,39898.918,1.775,1197.183,18419.257,2.105,0.0
236.211,2026-06-26T01:22:24.162417,12824.527,39898.918,2.734,1197.183,18419.257,0.005,0.0
236.367,2026-06-26T01:22:24.318445,12824.527,39898.918,2.229,1197.514,18419.257,2.121,0.0
236.467,2026-06-26T01:22:24.418886,12824.527,39898.918,1.794,1197.514,18419.257,0.005,0.0
236.623,2026-06-26T01:22:24.574980,12824.527,39898.918,1.571,1197.845,18419.257,2.121,0.0
236.724,2026-06-26T01:22:24.675423,12824.527,39898.918,1.356,1197.845,18419.257,0.005,0.0
236.884,2026-06-26T01:22:24.835650,12825.277,39898.918,2.559,1198.176,18419.257,2.065,0.0
236.984,2026-06-26T01:22:24.936172,12825.277,39898.918,2.094,1198.176,18419.257,0.005,0.0
237.141,2026-06-26T01:22:25.092533,12825.277,39898.918,1.781,1198.507,18419.257,2.118,0.0
237.241,2026-06-26T01:22:25.192973,12825.277,39898.918,1.48,1198.507,18419.257,0.005,0.0
237.397,2026-06-26T01:22:25.348798,12825.277,39898.918,1.352,1198.838,18419.257,2.125,0.0
237.498,2026-06-26T01:22:25.449233,12825.277,39898.918,3.16,1198.838,18419.257,0.005,0.0
237.653,2026-06-26T01:22:25.604990,12825.277,39898.918,2.528,1199.17,18419.257,2.129,0.0
237.754,2026-06-26T01:22:25.705430,12825.277,39898.918,2.003,1199.17,18419.257,0.005,0.0
237.91,2026-06-26T01:22:25.861448,12825.277,39898.918,1.718,1199.501,18419.257,2.128,0.0
238.01,2026-06-26T01:22:25.961867,12825.277,39898.918,1.459,1199.502,18419.257,0.005,0.0
238.166,2026-06-26T01:22:26.117729,12825.277,39898.918,1.337,1199.833,18419.257,2.13,0.0
238.266,2026-06-26T01:22:26.218156,12826.027,39898.918,3.406,1199.834,18419.257,0.005,0.0
238.422,2026-06-26T01:22:26.374206,12826.027,39898.918,2.7,1200.165,18419.257,2.127,0.0
238.523,2026-06-26T01:22:26.474645,12826.027,39898.918,2.146,1200.166,18419.257,0.005,0.0
238.679,2026-06-26T01:22:26.630378,12826.027,39898.918,1.819,1200.497,18419.257,2.13,0.0
238.779,2026-06-26T01:22:26.730784,12826.027,39898.918,3.347,1200.497,18419.257,0.005,0.0
238.935,2026-06-26T01:22:26.886901,12826.027,39898.918,2.659,1200.828,18419.257,2.121,0.0
239.036,2026-06-26T01:22:26.987318,12826.027,39898.918,2.094,1200.828,18419.257,0.005,0.0
239.191,2026-06-26T01:22:27.143006,12826.027,39898.918,1.797,1201.159,18419.257,2.126,0.0
239.292,2026-06-26T01:22:27.243447,12826.027,39898.918,1.491,1201.159,18419.257,0.005,0.0
239.447,2026-06-26T01:22:27.398937,12826.027,39898.918,1.346,1201.49,18419.257,2.129,0.0
239.548,2026-06-26T01:22:27.499356,12826.777,39898.918,3.179,1201.491,18419.257,0.005,0.0
239.703,2026-06-26T01:22:27.654892,12826.777,39898.918,2.542,1201.821,18419.257,2.128,0.0
239.804,2026-06-26T01:22:27.755309,12826.777,39898.918,2.013,1201.822,18419.257,0.005,0.0
239.959,2026-06-26T01:22:27.911108,12826.777,39898.918,1.725,1202.152,18419.257,2.124,0.0
240.06,2026-06-26T01:22:28.011529,12826.902,39898.918,2.14,1202.153,18419.257,0.005,0.0
240.216,2026-06-26T01:22:28.167538,12827.027,39898.918,2.626,1202.483,18419.257,2.122,0.0
240.316,2026-06-26T01:22:28.267977,12827.027,39898.918,2.071,1202.484,18419.257,0.005,0.0
240.472,2026-06-26T01:22:28.423665,12827.027,39898.918,1.766,1202.814,18419.257,2.126,0.0
240.572,2026-06-26T01:22:28.524103,12827.027,39898.918,1.469,1202.815,18419.257,0.005,0.0
240.728,2026-06-26T01:22:28.679802,12827.027,39898.918,1.36,1203.145,18419.257,2.126,0.0
240.829,2026-06-26T01:22:28.780279,12827.781,39898.918,3.189,1203.146,18419.257,0.005,0.0
240.984,2026-06-26T01:22:28.935805,12827.781,39898.918,2.549,1203.476,18419.257,2.128,0.0
241.085,2026-06-26T01:22:29.036277,12827.781,39898.918,2.017,1203.477,18419.257,0.005,0.0
241.24,2026-06-26T01:22:29.191870,12827.781,39898.918,1.729,1203.807,18419.257,2.129,0.0
241.341,2026-06-26T01:22:29.292282,12827.781,39898.918,2.562,1203.808,18419.257,0.005,0.0
241.496,2026-06-26T01:22:29.447924,12827.781,39898.918,2.683,1204.138,18419.257,2.127,0.0
241.597,2026-06-26T01:22:29.548344,12827.781,39898.918,2.111,1204.139,18419.257,0.005,0.0
241.752,2026-06-26T01:22:29.704155,12827.781,39898.918,1.794,1204.469,18419.257,2.124,0.0
241.853,2026-06-26T01:22:29.804595,12827.781,39898.918,1.512,1204.47,18419.257,0.005,0.0
242.009,2026-06-26T01:22:29.960435,12827.781,39898.918,1.36,1204.8,18419.257,2.124,0.0
242.109,2026-06-26T01:22:30.060864,12827.781,39898.918,1.185,1204.801,18419.257,0.005,0.0
242.265,2026-06-26T01:22:30.216575,12828.531,39898.918,2.562,1205.131,18419.257,2.126,0.0
242.365,2026-06-26T01:22:30.317016,12828.531,39898.918,2.026,1205.132,18419.257,0.005,0.0
242.522,2026-06-26T01:22:30.473670,12828.531,39898.918,1.733,1205.462,18419.257,2.113,0.0
242.622,2026-06-26T01:22:30.574079,12828.531,39898.918,1.47,1205.463,18419.257,0.005,0.0
242.778,2026-06-26T01:22:30.730151,12828.656,39898.918,2.577,1205.794,18419.257,2.126,0.0
242.879,2026-06-26T01:22:30.830590,12828.656,39898.918,2.037,1205.794,18419.257,0.005,0.0
243.035,2026-06-26T01:22:30.986825,12828.781,39898.918,1.741,1206.126,18419.257,2.125,0.0
243.136,2026-06-26T01:22:31.087244,12828.781,39898.918,1.452,1206.126,18419.257,0.005,0.0
243.291,2026-06-26T01:22:31.242828,12828.781,39898.918,1.333,1206.458,18419.257,2.133,0.0
243.392,2026-06-26T01:22:31.343233,12828.781,39898.918,1.166,1206.458,18419.257,0.005,0.0
243.547,2026-06-26T01:22:31.498878,12829.531,39898.918,2.459,1206.79,18419.257,2.132,0.0
243.648,2026-06-26T01:22:31.599295,12829.531,39898.918,1.954,1206.79,18419.257,0.005,0.0
243.803,2026-06-26T01:22:31.754907,12829.531,39898.918,1.7,1207.121,18419.257,2.127,0.0
243.904,2026-06-26T01:22:31.855319,12829.531,39898.918,1.423,1207.121,18419.257,0.005,0.0
244.06,2026-06-26T01:22:32.011265,12829.656,39898.918,2.545,1207.452,18419.257,2.123,0.0
244.16,2026-06-26T01:22:32.111701,12829.656,39898.918,2.015,1207.452,18419.257,0.005,0.0
244.316,2026-06-26T01:22:32.267510,12829.781,39898.918,1.726,1207.783,18419.257,2.125,0.0
244.416,2026-06-26T01:22:32.367954,12829.781,39898.918,1.441,1207.783,18419.257,0.005,0.0
244.572,2026-06-26T01:22:32.524161,12829.781,39898.918,1.325,1208.114,18419.257,2.121,0.0
244.673,2026-06-26T01:22:32.624600,12829.781,39898.918,1.16,1208.114,18419.257,0.005,0.0
244.829,2026-06-26T01:22:32.780820,12830.781,39898.918,2.434,1208.445,18419.257,2.119,0.0
244.93,2026-06-26T01:22:32.881264,12830.781,39898.918,1.96,1208.445,18419.257,0.005,0.0
245.084,2026-06-26T01:22:33.035955,12830.875,39898.918,1.675,1208.776,18419.257,2.14,0.0
245.185,2026-06-26T01:22:33.136399,12830.875,39898.918,1.406,1208.776,18419.257,0.005,0.0
245.34,2026-06-26T01:22:33.292155,12830.887,39898.918,2.61,1209.107,18419.257,2.125,0.0
245.441,2026-06-26T01:22:33.392692,12830.887,39898.918,2.06,1209.107,18419.257,0.005,0.0
245.597,2026-06-26T01:22:33.548496,12830.887,39898.918,1.773,1209.438,18419.257,2.126,0.0
245.697,2026-06-26T01:22:33.648932,12830.887,39898.918,1.474,1209.438,18419.257,0.005,0.0
245.853,2026-06-26T01:22:33.804624,12830.887,39898.918,1.333,1209.769,18419.257,2.127,0.0
245.953,2026-06-26T01:22:33.905066,12830.887,39898.918,1.166,1209.769,18419.257,0.005,0.0
246.11,2026-06-26T01:22:34.061916,12831.387,39898.918,2.522,1210.1,18419.257,2.11,0.0
246.211,2026-06-26T01:22:34.162405,12831.387,39898.918,1.998,1210.1,18419.257,0.005,0.0
246.367,2026-06-26T01:22:34.318478,12831.387,39898.918,1.699,1210.431,18419.257,2.12,0.0
246.467,2026-06-26T01:22:34.418918,12831.387,39898.918,1.422,1210.431,18419.257,0.005,0.0
246.626,2026-06-26T01:22:34.577668,12831.387,39898.918,2.592,1210.762,18419.257,2.085,0.0
246.726,2026-06-26T01:22:34.678092,12831.387,39898.918,2.071,1210.762,18419.257,0.005,0.0
246.882,2026-06-26T01:22:34.834071,12831.387,39898.918,1.765,1211.093,18419.257,2.122,0.0
246.983,2026-06-26T01:22:34.934513,12831.387,39898.918,1.469,1211.093,18419.257,0.005,0.0
247.137,2026-06-26T01:22:35.089025,12831.387,39898.918,1.347,1211.424,18419.257,2.142,0.0
247.238,2026-06-26T01:22:35.189450,12831.387,39898.918,1.176,1211.424,18419.257,0.005,0.0
247.396,2026-06-26T01:22:35.347937,12832.137,39898.918,2.54,1211.755,18419.257,2.088,0.0
247.497,2026-06-26T01:22:35.448378,12832.137,39898.918,2.011,1211.755,18419.257,0.005,0.0
247.654,2026-06-26T01:22:35.605858,12832.137,39898.918,1.721,1212.086,18419.257,2.106,0.0
247.755,2026-06-26T01:22:35.706293,12832.137,39898.918,1.437,1212.087,18419.257,0.005,0.0
247.915,2026-06-26T01:22:35.866227,12832.137,39898.918,2.62,1212.418,18419.257,2.075,0.0
248.015,2026-06-26T01:22:35.966634,12832.137,39898.918,2.067,1212.419,18419.257,0.005,0.0
248.171,2026-06-26T01:22:36.122914,12832.137,39898.918,1.762,1212.75,18419.257,2.123,0.0
248.272,2026-06-26T01:22:36.223338,12832.137,39898.918,1.467,1212.751,18419.257,0.005,0.0
248.427,2026-06-26T01:22:36.378971,12832.137,39898.918,1.343,1213.082,18419.257,2.133,0.0
248.528,2026-06-26T01:22:36.479414,12832.137,39898.918,1.173,1213.083,18419.257,0.005,0.0
248.683,2026-06-26T01:22:36.635126,12832.137,39898.918,1.153,1213.413,18419.257,2.125,0.0
248.784,2026-06-26T01:22:36.735562,12832.887,39898.918,3.067,1213.414,18419.257,0.005,0.0
248.94,2026-06-26T01:22:36.891445,12832.887,39898.918,2.448,1213.744,18419.257,2.123,0.0
249.04,2026-06-26T01:22:36.991882,12832.887,39898.918,1.947,1213.744,18419.257,0.005,0.0
249.196,2026-06-26T01:22:37.147658,12832.887,39898.918,1.694,1214.075,18419.257,2.125,0.0
249.296,2026-06-26T01:22:37.248089,12833.012,39898.918,3.376,1214.075,18419.257,0.005,0.0
249.452,2026-06-26T01:22:37.403835,12833.137,39898.918,2.679,1214.406,18419.257,2.126,0.0
249.553,2026-06-26T01:22:37.504272,12833.137,39898.918,2.109,1214.406,18419.257,0.005,0.0
249.708,2026-06-26T01:22:37.659868,12833.137,39898.918,1.808,1214.737,18419.257,2.128,0.0
249.809,2026-06-26T01:22:37.760276,12833.137,39898.918,1.475,1214.737,18419.257,0.005,0.0
249.964,2026-06-26T01:22:37.915834,12833.137,39898.918,1.364,1215.068,18419.257,2.127,0.0
250.065,2026-06-26T01:22:38.016243,12833.887,39898.918,3.262,1215.068,18419.257,0.005,0.0
250.221,2026-06-26T01:22:38.172600,12833.887,39898.918,2.614,1215.399,18419.257,2.117,0.0
250.321,2026-06-26T01:22:38.273040,12833.887,39898.918,2.063,1215.399,18419.257,0.005,0.0
250.477,2026-06-26T01:22:38.428906,12833.887,39898.918,1.76,1215.73,18419.257,2.123,0.0
250.578,2026-06-26T01:22:38.529409,12834.012,39898.918,3.491,1215.73,18419.257,0.005,0.0
250.733,2026-06-26T01:22:38.684931,12834.137,39898.918,2.746,1216.061,18419.257,2.128,0.0
250.834,2026-06-26T01:22:38.785354,12834.137,39898.918,2.155,1216.061,18419.257,0.005,0.0
250.989,2026-06-26T01:22:38.941217,12834.137,39898.918,1.825,1216.392,18419.257,2.123,0.0
251.09,2026-06-26T01:22:39.041632,12834.137,39898.918,1.51,1216.392,18419.257,0.005,0.0
251.246,2026-06-26T01:22:39.197524,12834.137,39898.918,1.388,1216.723,18419.257,2.123,0.0
251.346,2026-06-26T01:22:39.297960,12834.887,39898.918,3.464,1216.723,18419.257,0.005,0.0
251.502,2026-06-26T01:22:39.453846,12834.887,39898.918,2.741,1217.054,18419.257,2.123,0.0
251.603,2026-06-26T01:22:39.554280,12834.887,39898.918,2.152,1217.054,18419.257,0.005,0.0
251.759,2026-06-26T01:22:39.710288,12834.887,39898.918,1.822,1217.385,18419.257,2.121,0.0
251.859,2026-06-26T01:22:39.810705,12834.887,39898.918,3.606,1217.385,18419.257,0.005,0.0
252.015,2026-06-26T01:22:39.967032,12834.887,39898.918,2.839,1217.716,18419.257,2.117,0.0
252.116,2026-06-26T01:22:40.067474,12834.887,39898.918,2.221,1217.716,18419.257,0.005,0.0
252.271,2026-06-26T01:22:40.223125,12834.887,39898.918,1.886,1218.047,18419.257,2.127,0.0
252.372,2026-06-26T01:22:40.323570,12834.887,39898.918,1.553,1218.047,18419.257,0.005,0.0
252.529,2026-06-26T01:22:40.480239,12834.887,39898.918,1.387,1218.378,18419.257,2.113,0.0
252.629,2026-06-26T01:22:40.580648,12835.637,39898.918,3.325,1218.378,18419.257,0.005,0.0
252.785,2026-06-26T01:22:40.736592,12835.637,39898.918,2.644,1218.71,18419.257,2.128,0.0
252.885,2026-06-26T01:22:40.837026,12835.637,39898.918,2.084,1218.71,18419.257,0.005,0.0
253.041,2026-06-26T01:22:40.992979,12835.637,39898.918,1.789,1219.042,18419.257,2.129,0.0
253.142,2026-06-26T01:22:41.093404,12835.762,39898.918,3.629,1219.042,18419.257,0.005,0.0
253.298,2026-06-26T01:22:41.249339,12835.887,39898.918,2.856,1219.374,18419.257,2.129,0.0
253.398,2026-06-26T01:22:41.349779,12835.887,39898.918,2.233,1219.374,18419.257,0.005,0.0
253.554,2026-06-26T01:22:41.505705,12835.887,39898.918,1.879,1219.706,18419.257,2.129,0.0
253.654,2026-06-26T01:22:41.606130,12835.887,39898.918,1.548,1219.706,18419.257,0.005,0.0
253.811,2026-06-26T01:22:41.762943,12835.887,39898.918,1.413,1220.037,18419.257,2.111,0.0
253.912,2026-06-26T01:22:41.863380,12836.637,39898.918,3.179,1220.037,18419.257,0.005,0.0
254.067,2026-06-26T01:22:42.018844,12836.637,39898.918,2.542,1220.368,18419.257,2.129,0.0
254.168,2026-06-26T01:22:42.119282,12836.637,39898.918,2.013,1220.368,18419.257,0.005,0.0
254.324,2026-06-26T01:22:42.275249,12836.637,39898.918,1.74,1220.699,18419.257,2.122,0.0
254.424,2026-06-26T01:22:42.375669,12836.637,39898.918,3.386,1220.699,18419.257,0.005,0.0
254.58,2026-06-26T01:22:42.531441,12836.637,39898.918,2.686,1221.03,18419.257,2.125,0.0
254.68,2026-06-26T01:22:42.631875,12836.637,39898.918,2.113,1221.03,18419.257,0.005,0.0
254.836,2026-06-26T01:22:42.787692,12836.637,39898.918,1.795,1221.361,18419.257,2.125,0.0
254.936,2026-06-26T01:22:42.888124,12836.637,39898.918,1.49,1221.361,18419.257,0.005,0.0
255.092,2026-06-26T01:22:43.043808,12836.637,39898.918,1.359,1221.692,18419.257,2.127,0.0
255.193,2026-06-26T01:22:43.144248,12836.637,39898.918,1.184,1221.692,18419.257,0.005,0.0
255.349,2026-06-26T01:22:43.300224,12837.387,39898.918,2.559,1222.023,18419.257,2.122,0.0
255.449,2026-06-26T01:22:43.400652,12837.387,39898.918,2.048,1222.023,18419.257,0.005,0.0
255.605,2026-06-26T01:22:43.556448,12837.387,39898.918,1.734,1222.354,18419.257,2.124,0.0
255.705,2026-06-26T01:22:43.656888,12837.387,39898.918,1.447,1222.354,18419.257,0.005,0.0
255.861,2026-06-26T01:22:43.812998,12837.387,39898.918,2.606,1222.685,18419.257,2.12,0.0
255.962,2026-06-26T01:22:43.913422,12837.387,39898.918,2.057,1222.685,18419.257,0.005,0.0
256.117,2026-06-26T01:22:44.069026,12837.387,39898.918,1.757,1223.016,18419.257,2.127,0.0
256.218,2026-06-26T01:22:44.169437,12837.387,39898.918,1.463,1223.016,18419.257,0.005,0.0
256.373,2026-06-26T01:22:44.325081,12837.387,39898.918,1.34,1223.347,18419.257,2.126,0.0
256.474,2026-06-26T01:22:44.425539,12837.387,39898.918,1.171,1223.347,18419.257,0.005,0.0
256.63,2026-06-26T01:22:44.581547,12838.137,39898.918,2.519,1223.678,18419.257,2.122,0.0
256.73,2026-06-26T01:22:44.681982,12838.137,39898.918,1.997,1223.678,18419.257,0.005,0.0
256.886,2026-06-26T01:22:44.837797,12838.137,39898.918,1.714,1224.008,18419.257,2.125,0.0
256.987,2026-06-26T01:22:44.938231,12838.137,39898.918,1.433,1224.009,18419.257,0.005,0.0
257.143,2026-06-26T01:22:45.094623,12838.262,39898.918,2.668,1224.34,18419.257,2.117,0.0
257.243,2026-06-26T01:22:45.195030,12838.387,39898.918,2.101,1224.34,18419.257,0.005,0.0
257.399,2026-06-26T01:22:45.350897,12838.387,39898.918,1.787,1224.671,18419.257,2.124,0.0
257.5,2026-06-26T01:22:45.451345,12838.387,39898.918,1.507,1224.671,18419.257,0.005,0.0
257.656,2026-06-26T01:22:45.607495,12838.387,39898.918,1.37,1225.002,18419.257,2.124,0.0
257.756,2026-06-26T01:22:45.707928,12838.387,39898.918,1.192,1225.003,18419.257,0.005,0.0
257.916,2026-06-26T01:22:45.868196,12839.137,39898.918,2.445,1225.334,18419.257,2.071,0.0
258.017,2026-06-26T01:22:45.968608,12839.137,39898.918,1.945,1225.335,18419.257,0.005,0.0
258.176,2026-06-26T01:22:46.127240,12839.137,39898.918,1.701,1225.666,18419.257,2.091,0.0
258.276,2026-06-26T01:22:46.227775,12839.137,39898.918,1.424,1225.666,18419.257,0.005,0.0
258.437,2026-06-26T01:22:46.388319,12839.137,39898.918,2.429,1225.998,18419.257,2.068,0.0
258.537,2026-06-26T01:22:46.488857,12839.137,39898.918,2.119,1225.998,18419.257,0.005,0.0
258.694,2026-06-26T01:22:46.645541,12839.137,39898.918,1.783,1226.329,18419.257,2.114,0.0
258.794,2026-06-26T01:22:46.745979,12839.137,39898.918,1.504,1226.329,18419.257,0.005,0.0
258.95,2026-06-26T01:22:46.901782,12839.137,39898.918,1.369,1226.66,18419.257,2.125,0.0
259.05,2026-06-26T01:22:47.002204,12839.137,39898.918,1.191,1226.66,18419.257,0.005,0.0
259.211,2026-06-26T01:22:47.162482,12839.887,39898.918,2.56,1226.991,18419.257,2.064,0.0
259.311,2026-06-26T01:22:47.263026,12839.887,39898.918,2.025,1226.991,18419.257,0.005,0.0
259.47,2026-06-26T01:22:47.421819,12839.887,39898.918,1.728,1227.322,18419.257,2.085,0.0
259.571,2026-06-26T01:22:47.522416,12839.887,39898.918,1.442,1227.322,18419.257,0.005,0.0
259.729,2026-06-26T01:22:47.680361,12839.969,39898.918,1.559,1227.653,18419.257,2.099,0.0
259.829,2026-06-26T01:22:47.780779,12840.137,39898.918,2.933,1227.653,18419.257,0.005,0.0
259.985,2026-06-26T01:22:47.936782,12840.137,39898.918,2.384,1227.984,18419.257,2.122,0.0
260.085,2026-06-26T01:22:48.037208,12840.137,39898.918,1.902,1227.984,18419.257,0.005,0.0
260.242,2026-06-26T01:22:48.193380,12840.137,39898.918,1.662,1228.315,18419.257,2.12,0.0
260.342,2026-06-26T01:22:48.293833,12840.137,39898.918,1.396,1228.315,18419.257,0.005,0.0
260.503,2026-06-26T01:22:48.454323,12840.887,39898.918,2.629,1228.646,18419.257,2.062,0.0
260.603,2026-06-26T01:22:48.554862,12840.887,39898.918,2.073,1228.646,18419.257,0.005,0.0
260.762,2026-06-26T01:22:48.713721,12840.887,39898.918,1.776,1228.977,18419.257,2.084,0.0
260.863,2026-06-26T01:22:48.814242,12840.887,39898.918,1.476,1228.977,18419.257,0.005,0.0
261.023,2026-06-26T01:22:48.974363,12840.887,39898.918,2.279,1229.308,18419.257,2.067,0.0
261.123,2026-06-26T01:22:49.074890,12840.887,39898.918,2.479,1229.308,18419.257,0.005,0.0
261.28,2026-06-26T01:22:49.231477,12840.887,39898.918,2.05,1229.639,18419.257,2.115,0.0
261.38,2026-06-26T01:22:49.331915,12840.887,39898.918,1.668,1229.639,18419.257,0.005,0.0
261.537,2026-06-26T01:22:49.488332,12840.887,39898.918,1.498,1229.97,18419.257,2.117,0.0
261.637,2026-06-26T01:22:49.588753,12840.887,39898.918,1.282,1229.97,18419.257,0.005,0.0
261.798,2026-06-26T01:22:49.749224,12841.641,39898.918,2.534,1230.301,18419.257,2.062,0.0
261.898,2026-06-26T01:22:49.849766,12841.641,39898.918,2.006,1230.301,18419.257,0.005,0.0
262.057,2026-06-26T01:22:50.008978,12841.641,39898.918,1.714,1230.632,18419.257,2.08,0.0
262.158,2026-06-26T01:22:50.109485,12841.641,39898.918,1.432,1230.632,18419.257,0.005,0.0
262.318,2026-06-26T01:22:50.269994,12841.766,39898.918,2.493,1230.963,18419.257,2.062,0.0
262.419,2026-06-26T01:22:50.370514,12841.766,39898.918,2.118,1230.963,18419.257,0.005,0.0
262.576,2026-06-26T01:22:50.527816,12841.766,39898.918,1.811,1231.294,18419.257,2.105,0.0
262.677,2026-06-26T01:22:50.628303,12841.766,39898.918,1.5,1231.294,18419.257,0.005,0.0
262.834,2026-06-26T01:22:50.785561,12841.891,39898.918,1.379,1231.626,18419.257,2.115,0.0
262.934,2026-06-26T01:22:50.886025,12841.891,39898.918,1.198,1231.626,18419.257,0.005,0.0
263.095,2026-06-26T01:22:51.046857,12842.641,39898.918,2.56,1231.958,18419.257,2.063,0.0
263.196,2026-06-26T01:22:51.147396,12842.641,39898.918,2.024,1231.958,18419.257,0.005,0.0
263.352,2026-06-26T01:22:51.304072,12842.641,39898.918,1.732,1232.29,18419.257,2.12,0.0
263.453,2026-06-26T01:22:51.404500,12842.641,39898.918,1.445,1232.29,18419.257,0.005,0.0
263.609,2026-06-26T01:22:51.560897,12842.641,39898.918,1.327,1232.622,18419.257,2.122,0.0
263.71,2026-06-26T01:22:51.661336,12842.641,39898.918,3.142,1232.622,18419.257,0.005,0.0
263.866,2026-06-26T01:22:51.817619,12842.641,39898.918,2.515,1232.952,18419.257,2.118,0.0
263.966,2026-06-26T01:22:51.918112,12842.641,39898.918,1.993,1232.953,18419.257,0.005,0.0
264.123,2026-06-26T01:22:52.074531,12842.641,39898.918,1.725,1233.283,18419.257,2.117,0.0
264.223,2026-06-26T01:22:52.174945,12842.641,39898.918,1.441,1233.284,18419.257,0.005,0.0
264.38,2026-06-26T01:22:52.331297,12842.641,39898.918,1.324,1233.614,18419.257,2.117,0.0
264.48,2026-06-26T01:22:52.431737,12843.469,39898.918,3.956,1233.615,18419.257,0.005,0.0
264.636,2026-06-26T01:22:52.587862,12843.469,39898.918,3.099,1233.945,18419.257,2.12,0.0
264.737,2026-06-26T01:22:52.688302,12843.469,39898.918,2.403,1233.946,18419.257,0.005,0.0
264.893,2026-06-26T01:22:52.844768,12843.469,39898.918,1.997,1234.276,18419.257,2.116,0.0
264.993,2026-06-26T01:22:52.945207,12843.594,39898.918,3.751,1234.277,18419.257,0.005,0.0
265.151,2026-06-26T01:22:53.102580,12843.594,39898.918,2.953,1234.607,18419.257,2.104,0.0
265.251,2026-06-26T01:22:53.203010,12843.594,39898.918,2.3,1234.608,18419.257,0.005,0.0
265.407,2026-06-26T01:22:53.359054,12843.719,39898.918,1.911,1234.938,18419.257,2.121,0.0
265.508,2026-06-26T01:22:53.459503,12843.719,39898.918,1.571,1234.939,18419.257,0.005,0.0
265.665,2026-06-26T01:22:53.617123,12843.719,39898.918,1.442,1235.269,18419.257,2.1,0.0
265.766,2026-06-26T01:22:53.717552,12844.469,39898.918,3.246,1235.27,18419.257,0.005,0.0
265.922,2026-06-26T01:22:53.873678,12844.469,39898.918,2.588,1235.6,18419.257,2.12,0.0
266.022,2026-06-26T01:22:53.974092,12844.469,39898.918,2.045,1235.601,18419.257,0.005,0.0
266.179,2026-06-26T01:22:54.130458,12844.469,39898.918,1.761,1235.931,18419.257,2.117,0.0
266.279,2026-06-26T01:22:54.230865,12844.469,39898.918,3.587,1235.932,18419.257,0.005,0.0
266.436,2026-06-26T01:22:54.387370,12844.469,39898.918,2.826,1236.262,18419.257,2.115,0.0
266.536,2026-06-26T01:22:54.487804,12844.469,39898.918,2.211,1236.263,18419.257,0.005,0.0
266.692,2026-06-26T01:22:54.644124,12844.469,39898.918,1.878,1236.593,18419.257,2.118,0.0
266.793,2026-06-26T01:22:54.744571,12844.469,39898.918,1.548,1236.594,18419.257,0.005,0.0
266.949,2026-06-26T01:22:54.901094,12844.469,39898.918,1.398,1236.924,18419.257,2.115,0.0
267.05,2026-06-26T01:22:55.001505,12845.219,39898.918,2.494,1236.925,18419.257,0.005,0.0
267.206,2026-06-26T01:22:55.158089,12845.219,39898.918,2.585,1237.255,18419.257,2.114,0.0
267.307,2026-06-26T01:22:55.258538,12845.219,39898.918,2.019,1237.256,18419.257,0.005,0.0
267.463,2026-06-26T01:22:55.414507,12845.219,39898.918,1.729,1237.587,18419.257,2.122,0.0
267.563,2026-06-26T01:22:55.514964,12845.219,39898.918,1.443,1237.587,18419.257,0.005,0.0
267.721,2026-06-26T01:22:55.673187,12845.219,39898.918,2.464,1237.918,18419.257,2.098,0.0
267.822,2026-06-26T01:22:55.773628,12845.219,39898.918,1.957,1237.919,18419.257,0.005,0.0
267.981,2026-06-26T01:22:55.932688,12845.219,39898.918,1.695,1238.25,18419.257,2.086,0.0
268.081,2026-06-26T01:22:56.033220,12845.219,39898.918,1.419,1238.251,18419.257,0.005,0.0
268.24,2026-06-26T01:22:56.191866,12845.219,39898.918,1.319,1238.582,18419.257,2.092,0.0
268.341,2026-06-26T01:22:56.292313,12845.219,39898.918,1.156,1238.583,18419.257,0.005,0.0
268.497,2026-06-26T01:22:56.449170,12845.977,39898.918,2.589,1238.914,18419.257,2.116,0.0
268.598,2026-06-26T01:22:56.549609,12845.977,39898.918,2.045,1238.915,18419.257,0.005,0.0
268.754,2026-06-26T01:22:56.705985,12845.977,39898.918,1.747,1239.245,18419.257,2.117,0.0
268.855,2026-06-26T01:22:56.806417,12845.977,39898.918,1.456,1239.246,18419.257,0.005,0.0
269.011,2026-06-26T01:22:56.962829,12846.227,39898.918,2.549,1239.576,18419.257,2.116,0.0
269.112,2026-06-26T01:22:57.063252,12846.227,39898.918,2.017,1239.577,18419.257,0.005,0.0
269.268,2026-06-26T01:22:57.219904,12846.227,39898.918,1.726,1239.907,18419.257,2.113,0.0
269.369,2026-06-26T01:22:57.320343,12846.227,39898.918,1.442,1239.908,18419.257,0.005,0.0
269.525,2026-06-26T01:22:57.477061,12846.227,39898.918,1.338,1240.238,18419.257,2.112,0.0
269.626,2026-06-26T01:22:57.577527,12846.227,39898.918,1.17,1240.239,18419.257,0.005,0.0
269.782,2026-06-26T01:22:57.733678,12846.98,39898.918,2.441,1240.569,18419.257,2.119,0.0
269.882,2026-06-26T01:22:57.834113,12846.98,39898.918,1.942,1240.57,18419.257,0.005,0.0
270.039,2026-06-26T01:22:57.990837,12846.98,39898.918,1.674,1240.9,18419.257,2.112,0.0
270.14,2026-06-26T01:22:58.091273,12846.98,39898.918,1.404,1240.901,18419.257,0.005,0.0
270.296,2026-06-26T01:22:58.247841,12847.105,39898.918,2.586,1241.231,18419.257,2.114,0.0
270.397,2026-06-26T01:22:58.348292,12847.105,39898.918,2.043,1241.232,18419.257,0.005,0.0
270.553,2026-06-26T01:22:58.505208,12847.105,39898.918,1.745,1241.562,18419.257,2.11,0.0
270.654,2026-06-26T01:22:58.605615,12847.23,39898.918,1.454,1241.563,18419.257,0.005,0.0
270.81,2026-06-26T01:22:58.761723,12847.23,39898.918,1.349,1241.893,18419.257,2.12,0.0
270.91,2026-06-26T01:22:58.862179,12847.23,39898.918,1.177,1241.894,18419.257,0.005,0.0
271.066,2026-06-26T01:22:59.017630,12847.98,39898.918,2.559,1242.224,18419.257,2.13,0.0
271.166,2026-06-26T01:22:59.118077,12847.98,39898.918,2.025,1242.225,18419.257,0.005,0.0
271.323,2026-06-26T01:22:59.274865,12847.98,39898.918,1.746,1242.555,18419.257,2.112,0.0
271.424,2026-06-26T01:22:59.375303,12847.98,39898.918,1.456,1242.556,18419.257,0.005,0.0
271.592,2026-06-26T01:22:59.544036,12847.98,39898.918,2.562,1242.886,18419.257,1.962,0.0
271.693,2026-06-26T01:22:59.644477,12847.98,39898.918,2.026,1242.887,18419.257,0.005,0.0
271.85,2026-06-26T01:22:59.801356,12847.98,39898.918,1.733,1243.217,18419.257,2.11,0.0
271.95,2026-06-26T01:22:59.901772,12847.98,39898.918,1.446,1243.218,18419.257,0.005,0.0
272.106,2026-06-26T01:23:00.057783,12847.98,39898.918,1.328,1243.548,18419.257,2.122,0.0
272.206,2026-06-26T01:23:00.158215,12847.98,39898.918,1.162,1243.549,18419.257,0.005,0.0
272.36,2026-06-26T01:23:00.311993,12848.73,39898.918,2.644,1243.879,18419.257,2.153,0.0
272.461,2026-06-26T01:23:00.412434,12848.73,39898.918,2.084,1243.88,18419.257,0.005,0.0
272.617,2026-06-26T01:23:00.568864,12848.73,39898.918,1.774,1244.211,18419.257,2.12,0.0
272.718,2026-06-26T01:23:00.669278,12848.73,39898.918,1.475,1244.212,18419.257,0.005,0.0
272.877,2026-06-26T01:23:00.828470,12848.73,39898.918,2.579,1244.543,18419.257,2.085,0.0
272.977,2026-06-26T01:23:00.928950,12848.73,39898.918,2.039,1244.544,18419.257,0.005,0.0
273.133,2026-06-26T01:23:01.084562,12848.73,39898.918,1.759,1244.875,18419.257,2.134,0.0
273.233,2026-06-26T01:23:01.185036,12848.73,39898.918,1.464,1244.876,18419.257,0.005,0.0
273.39,2026-06-26T01:23:01.341372,12848.73,39898.918,1.34,1245.207,18419.257,2.125,0.0
273.49,2026-06-26T01:23:01.441807,12848.73,39898.918,1.171,1245.207,18419.257,0.005,0.0
273.649,2026-06-26T01:23:01.600773,12849.488,39898.918,2.399,1245.539,18419.257,2.086,0.0
273.749,2026-06-26T01:23:01.701211,12849.488,39898.918,1.912,1245.539,18419.257,0.005,0.0
273.908,2026-06-26T01:23:01.859321,12849.488,39898.918,1.665,1245.87,18419.257,2.093,0.0
274.008,2026-06-26T01:23:01.959835,12849.488,39898.918,1.421,1245.87,18419.257,0.005,0.0
274.169,2026-06-26T01:23:02.120515,12849.613,39898.918,2.528,1246.201,18419.257,2.061,0.0
274.269,2026-06-26T01:23:02.221033,12849.738,39898.918,2.003,1246.201,18419.257,0.005,0.0
274.425,2026-06-26T01:23:02.377017,12849.738,39898.918,1.718,1246.532,18419.257,2.123,0.0
274.526,2026-06-26T01:23:02.477464,12849.738,39898.918,1.435,1246.532,18419.257,0.005,0.0
274.682,2026-06-26T01:23:02.633575,12849.738,39898.918,1.321,1246.863,18419.257,2.12,0.0
274.782,2026-06-26T01:23:02.733990,12849.738,39898.918,1.157,1246.863,18419.257,0.005,0.0
274.947,2026-06-26T01:23:02.898551,12850.488,39898.918,2.421,1247.194,18419.257,2.011,0.0
275.047,2026-06-26T01:23:02.999062,12850.488,39898.918,1.927,1247.194,18419.257,0.005,0.0
275.206,2026-06-26T01:23:03.157802,12850.488,39898.918,1.674,1247.525,18419.257,2.085,0.0
275.307,2026-06-26T01:23:03.258327,12850.488,39898.918,1.405,1247.525,18419.257,0.005,0.0
275.467,2026-06-26T01:23:03.418241,12850.613,39898.918,2.245,1247.856,18419.257,2.07,0.0
275.567,2026-06-26T01:23:03.518784,12850.738,39898.918,2.363,1247.856,18419.257,0.005,0.0
275.723,2026-06-26T01:23:03.675126,12850.738,39898.918,1.984,1248.187,18419.257,2.119,0.0
275.824,2026-06-26T01:23:03.775573,12850.738,39898.918,1.622,1248.187,18419.257,0.005,0.0
275.979,2026-06-26T01:23:03.930857,12850.738,39898.918,1.453,1248.518,18419.257,2.132,0.0
276.08,2026-06-26T01:23:04.031282,12850.738,39898.918,1.273,1248.518,18419.257,0.005,0.0
276.235,2026-06-26T01:23:04.186958,12850.738,39898.918,1.193,1248.849,18419.257,2.126,0.0
276.336,2026-06-26T01:23:04.287423,12851.488,39898.918,3.164,1248.849,18419.257,0.005,0.0
276.492,2026-06-26T01:23:04.443711,12851.488,39898.918,2.53,1249.18,18419.257,2.118,0.0
276.592,2026-06-26T01:23:04.544166,12851.488,39898.918,2.004,1249.18,18419.257,0.005,0.0
276.748,2026-06-26T01:23:04.699604,12851.488,39898.918,1.72,1249.511,18419.257,2.13,0.0
276.848,2026-06-26T01:23:04.800046,12851.488,39898.918,3.44,1249.511,18419.257,0.005,0.0
277.005,2026-06-26T01:23:04.956537,12851.488,39898.918,2.738,1249.842,18419.257,2.116,0.0
277.105,2026-06-26T01:23:05.056948,12851.488,39898.918,2.149,1249.842,18419.257,0.005,0.0
277.261,2026-06-26T01:23:05.212501,12851.488,39898.918,1.821,1250.173,18419.257,2.128,0.0
277.361,2026-06-26T01:23:05.312936,12851.488,39898.918,1.508,1250.173,18419.257,0.005,0.0
277.518,2026-06-26T01:23:05.469330,12851.488,39898.918,1.37,1250.504,18419.257,2.117,0.0
277.618,2026-06-26T01:23:05.569725,12852.238,39898.918,3.175,1250.504,18419.257,0.005,0.0
277.776,2026-06-26T01:23:05.727546,12852.238,39898.918,2.55,1250.836,18419.257,2.102,0.0
277.876,2026-06-26T01:23:05.827961,12852.238,39898.918,2.018,1250.836,18419.257,0.005,0.0
278.035,2026-06-26T01:23:05.986476,12852.238,39898.918,1.738,1251.168,18419.257,2.094,0.0
278.135,2026-06-26T01:23:06.086900,12852.238,39898.918,3.407,1251.168,18419.257,0.005,0.0
278.294,2026-06-26T01:23:06.245224,12852.238,39898.918,2.696,1251.5,18419.257,2.103,0.0
278.394,2026-06-26T01:23:06.345629,12852.238,39898.918,2.12,1251.501,18419.257,0.005,0.0
278.552,2026-06-26T01:23:06.503574,12852.238,39898.918,1.811,1251.833,18419.257,2.101,0.0
278.652,2026-06-26T01:23:06.604017,12852.238,39898.918,1.5,1251.833,18419.257,0.005,0.0
278.811,2026-06-26T01:23:06.762383,12852.238,39898.918,1.362,1252.164,18419.257,2.093,0.0
278.911,2026-06-26T01:23:06.862811,12853.004,39898.918,3.188,1252.164,18419.257,0.005,0.0
279.069,2026-06-26T01:23:07.020839,12853.004,39898.918,2.559,1252.495,18419.257,2.095,0.0
279.17,2026-06-26T01:23:07.121278,12853.004,39898.918,2.047,1252.495,18419.257,0.005,0.0
279.328,2026-06-26T01:23:07.279347,12853.004,39898.918,1.745,1252.825,18419.257,2.093,0.0
279.428,2026-06-26T01:23:07.379779,12853.129,39898.918,3.41,1252.826,18419.257,0.005,0.0
279.584,2026-06-26T01:23:07.535669,12853.254,39898.918,2.703,1253.156,18419.257,2.125,0.0
279.684,2026-06-26T01:23:07.636063,12853.254,39898.918,2.125,1253.157,18419.257,0.005,0.0
279.84,2026-06-26T01:23:07.791515,12853.254,39898.918,1.82,1253.487,18419.257,2.129,0.0
279.94,2026-06-26T01:23:07.891912,12853.254,39898.918,1.507,1253.488,18419.257,0.005,0.0
280.097,2026-06-26T01:23:08.048644,12853.254,39898.918,1.369,1253.818,18419.257,2.111,0.0
280.197,2026-06-26T01:23:08.149110,12854.004,39898.918,3.333,1253.819,18419.257,0.005,0.0
280.353,2026-06-26T01:23:08.305018,12854.004,39898.918,2.649,1254.149,18419.257,2.124,0.0
280.454,2026-06-26T01:23:08.405435,12854.004,39898.918,2.088,1254.15,18419.257,0.005,0.0
280.61,2026-06-26T01:23:08.561498,12854.004,39898.918,1.792,1254.48,18419.257,2.12,0.0
280.71,2026-06-26T01:23:08.661914,12854.254,39898.918,3.512,1254.481,18419.257,0.005,0.0
280.866,2026-06-26T01:23:08.817919,12854.254,39898.918,2.775,1254.811,18419.257,2.124,0.0
280.967,2026-06-26T01:23:08.918356,12854.254,39898.918,2.175,1254.812,18419.257,0.005,0.0
281.123,2026-06-26T01:23:09.074499,12854.254,39898.918,1.853,1255.142,18419.257,2.12,0.0
281.223,2026-06-26T01:23:09.174936,12854.254,39898.918,1.53,1255.143,18419.257,0.005,0.0
281.379,2026-06-26T01:23:09.331185,12854.254,39898.918,1.386,1255.473,18419.257,2.119,0.0
281.48,2026-06-26T01:23:09.431589,12854.254,39898.918,1.204,1255.474,18419.257,0.005,0.0
281.635,2026-06-26T01:23:09.587110,12855.008,39898.918,2.577,1255.804,18419.257,2.128,0.0
281.736,2026-06-26T01:23:09.687554,12855.008,39898.918,2.06,1255.805,18419.257,0.005,0.0
281.892,2026-06-26T01:23:09.843590,12855.008,39898.918,1.773,1256.135,18419.257,2.121,0.0
281.992,2026-06-26T01:23:09.944014,12855.008,39898.918,1.474,1256.136,18419.257,0.005,0.0
282.147,2026-06-26T01:23:10.099095,12855.008,39898.918,2.681,1256.466,18419.257,2.135,0.0
282.248,2026-06-26T01:23:10.199509,12855.008,39898.918,2.11,1256.467,18419.257,0.005,0.0
282.404,2026-06-26T01:23:10.355626,12855.008,39898.918,1.792,1256.797,18419.257,2.12,0.0
282.504,2026-06-26T01:23:10.456034,12855.008,39898.918,1.488,1256.798,18419.257,0.005,0.0
282.644,2026-06-26T01:23:10.595442,12855.008,39898.918,1.328,1257.129,18419.257,2.381,0.0
282.744,2026-06-26T01:23:10.695873,12855.008,39898.918,1.162,1257.129,18419.257,0.005,0.0
282.898,2026-06-26T01:23:10.849949,12855.758,39898.918,2.519,1257.461,18419.257,2.154,0.0
282.999,2026-06-26T01:23:10.950364,12855.758,39898.918,1.996,1257.461,18419.257,0.005,0.0
283.153,2026-06-26T01:23:11.104919,12855.758,39898.918,1.716,1257.793,18419.257,2.147,0.0
283.254,2026-06-26T01:23:11.205333,12855.758,39898.918,1.435,1257.793,18419.257,0.005,0.0
283.424,2026-06-26T01:23:11.376125,12855.758,39898.918,2.542,1258.125,18419.257,1.943,0.0
283.525,2026-06-26T01:23:11.476595,12855.758,39898.918,2.035,1258.125,18419.257,0.005,0.0
283.681,2026-06-26T01:23:11.632307,12855.758,39898.918,1.726,1258.456,18419.257,2.13,0.0
283.781,2026-06-26T01:23:11.732741,12855.758,39898.918,1.465,1258.456,18419.257,0.005,0.0
283.937,2026-06-26T01:23:11.888265,12855.758,39898.918,1.327,1258.787,18419.257,2.128,0.0
284.037,2026-06-26T01:23:11.988701,12855.758,39898.918,1.162,1258.787,18419.257,0.005,0.0
284.195,2026-06-26T01:23:12.146487,12856.512,39898.918,2.538,1259.118,18419.257,2.097,0.0
284.295,2026-06-26T01:23:12.246922,12856.512,39898.918,2.01,1259.118,18419.257,0.005,0.0
284.453,2026-06-26T01:23:12.404590,12856.512,39898.918,1.719,1259.449,18419.257,2.099,0.0
284.553,2026-06-26T01:23:12.505027,12856.512,39898.918,1.46,1259.449,18419.257,0.005,0.0
284.713,2026-06-26T01:23:12.664869,12856.637,39898.918,2.592,1259.779,18419.257,2.07,0.0
284.814,2026-06-26T01:23:12.765412,12856.637,39898.918,2.047,1259.78,18419.257,0.005,0.0
284.969,2026-06-26T01:23:12.920364,12856.762,39898.918,1.766,1260.11,18419.257,2.137,0.0
285.069,2026-06-26T01:23:13.020770,12856.762,39898.918,1.47,1260.111,18419.257,0.005,0.0
285.225,2026-06-26T01:23:13.176755,12856.762,39898.918,1.344,1260.441,18419.257,2.121,0.0
285.325,2026-06-26T01:23:13.277209,12856.762,39898.918,1.174,1260.442,18419.257,0.005,0.0
285.486,2026-06-26T01:23:13.437902,12857.512,39898.918,2.325,1260.772,18419.257,2.059,0.0
285.587,2026-06-26T01:23:13.538396,12857.512,39898.918,1.884,1260.773,18419.257,0.005,0.0
285.748,2026-06-26T01:23:13.699748,12857.512,39898.918,1.653,1261.104,18419.257,2.056,0.0
285.849,2026-06-26T01:23:13.800244,12857.512,39898.918,1.39,1261.105,18419.257,0.005,0.0
286.009,2026-06-26T01:23:13.960847,12857.637,39898.918,2.39,1261.436,18419.257,2.067,0.0
286.11,2026-06-26T01:23:14.061376,12857.637,39898.918,2.115,1261.437,18419.257,0.005,0.0
286.266,2026-06-26T01:23:14.217337,12857.762,39898.918,1.812,1261.768,18419.257,2.13,0.0
286.366,2026-06-26T01:23:14.317772,12857.762,39898.918,1.501,1261.769,18419.257,0.005,0.0
286.522,2026-06-26T01:23:14.473940,12857.762,39898.918,1.366,1262.1,18419.257,2.126,0.0
286.623,2026-06-26T01:23:14.574357,12857.762,39898.918,1.189,1262.101,18419.257,0.005,0.0
286.783,2026-06-26T01:23:14.734240,12858.512,39898.918,2.036,1262.431,18419.257,2.071,0.0
286.883,2026-06-26T01:23:14.834769,12858.512,39898.918,2.38,1262.432,18419.257,0.005,0.0
287.039,2026-06-26T01:23:14.990524,12858.512,39898.918,1.982,1262.762,18419.257,2.126,0.0
287.139,2026-06-26T01:23:15.090953,12858.512,39898.918,1.621,1262.762,18419.257,0.005,0.0
287.295,2026-06-26T01:23:15.246890,12858.512,39898.918,1.45,1263.093,18419.257,2.122,0.0
287.396,2026-06-26T01:23:15.347330,12858.512,39898.918,3.252,1263.093,18419.257,0.005,0.0
287.553,2026-06-26T01:23:15.504246,12858.512,39898.918,2.59,1263.424,18419.257,2.113,0.0
287.653,2026-06-26T01:23:15.604654,12858.512,39898.918,2.046,1263.425,18419.257,0.005,0.0
287.808,2026-06-26T01:23:15.760076,12858.512,39898.918,1.749,1263.756,18419.257,2.135,0.0
287.909,2026-06-26T01:23:15.860514,12858.512,39898.918,1.481,1263.757,18419.257,0.005,0.0
288.067,2026-06-26T01:23:16.019105,12858.512,39898.918,1.362,1264.088,18419.257,2.093,0.0
288.168,2026-06-26T01:23:16.119529,12859.262,39898.918,3.307,1264.089,18419.257,0.005,0.0
288.326,2026-06-26T01:23:16.277735,12859.262,39898.918,2.641,1264.42,18419.257,2.098,0.0
288.426,2026-06-26T01:23:16.378172,12859.262,39898.918,2.082,1264.421,18419.257,0.005,0.0
288.584,2026-06-26T01:23:16.536148,12859.262,39898.918,1.784,1264.752,18419.257,2.101,0.0
288.685,2026-06-26T01:23:16.636554,12859.262,39898.918,3.417,1264.753,18419.257,0.005,0.0
288.843,2026-06-26T01:23:16.794633,12859.262,39898.918,2.704,1265.083,18419.257,2.093,0.0
288.943,2026-06-26T01:23:16.895048,12859.262,39898.918,2.126,1265.083,18419.257,0.005,0.0
289.1,2026-06-26T01:23:17.051676,12859.262,39898.918,1.817,1265.414,18419.257,2.113,0.0
289.2,2026-06-26T01:23:17.152095,12859.262,39898.918,1.529,1265.414,18419.257,0.005,0.0
289.358,2026-06-26T01:23:17.310125,12859.262,39898.918,1.367,1265.745,18419.257,2.095,0.0
289.459,2026-06-26T01:23:17.410546,12860.012,39898.918,3.171,1265.746,18419.257,0.005,0.0
289.617,2026-06-26T01:23:17.568759,12860.012,39898.918,2.546,1266.076,18419.257,2.093,0.0
289.717,2026-06-26T01:23:17.669206,12860.012,39898.918,2.015,1266.077,18419.257,0.005,0.0
289.877,2026-06-26T01:23:17.828971,12860.016,39898.918,1.837,1266.407,18419.257,2.073,0.0
289.978,2026-06-26T01:23:17.929408,12860.137,39898.918,3.383,1266.408,18419.257,0.005,0.0
290.136,2026-06-26T01:23:18.087566,12860.262,39898.918,2.679,1266.739,18419.257,2.094,0.0
290.236,2026-06-26T01:23:18.187988,12860.262,39898.918,2.109,1266.739,18419.257,0.005,0.0
290.394,2026-06-26T01:23:18.345943,12860.262,39898.918,1.803,1267.07,18419.257,2.097,0.0
290.495,2026-06-26T01:23:18.446378,12860.262,39898.918,1.495,1267.07,18419.257,0.005,0.0
290.653,2026-06-26T01:23:18.604626,12860.262,39898.918,1.372,1267.401,18419.257,2.092,0.0
290.753,2026-06-26T01:23:18.705067,12861.012,39898.918,3.244,1267.401,18419.257,0.005,0.0
290.912,2026-06-26T01:23:18.863300,12861.012,39898.918,2.582,1267.732,18419.257,2.093,0.0
291.012,2026-06-26T01:23:18.963734,12861.012,39898.918,2.064,1267.732,18419.257,0.005,0.0
291.17,2026-06-26T01:23:19.121322,12861.012,39898.918,1.757,1268.063,18419.257,2.102,0.0
291.27,2026-06-26T01:23:19.221726,12861.012,39898.918,3.445,1268.064,18419.257,0.005,0.0
291.428,2026-06-26T01:23:19.379355,12861.012,39898.918,2.739,1268.394,18419.257,2.1,0.0
291.528,2026-06-26T01:23:19.479774,12861.012,39898.918,2.15,1268.395,18419.257,0.005,0.0
291.686,2026-06-26T01:23:19.637836,12861.012,39898.918,1.817,1268.725,18419.257,2.095,0.0
291.787,2026-06-26T01:23:19.738252,12861.012,39898.918,1.505,1268.726,18419.257,0.005,0.0
291.944,2026-06-26T01:23:19.895694,12861.012,39898.918,1.381,1269.056,18419.257,2.103,0.0
292.044,2026-06-26T01:23:19.996091,12861.762,39898.918,3.228,1269.057,18419.257,0.005,0.0
292.203,2026-06-26T01:23:20.154423,12861.762,39898.918,2.571,1269.388,18419.257,2.091,0.0
292.303,2026-06-26T01:23:20.254835,12861.762,39898.918,2.033,1269.388,18419.257,0.005,0.0
292.461,2026-06-26T01:23:20.412509,12861.762,39898.918,1.75,1269.719,18419.257,2.1,0.0
292.561,2026-06-26T01:23:20.512927,12861.887,39898.918,3.392,1269.719,18419.257,0.005,0.0
292.72,2026-06-26T01:23:20.671391,12862.012,39898.918,2.7,1270.051,18419.257,2.096,0.0
292.82,2026-06-26T01:23:20.771822,12862.012,39898.918,2.123,1270.051,18419.257,0.005,0.0
292.979,2026-06-26T01:23:20.930228,12862.012,39898.918,1.812,1270.383,18419.257,2.096,0.0
293.079,2026-06-26T01:23:21.030659,12862.012,39898.918,1.501,1270.383,18419.257,0.005,0.0
293.237,2026-06-26T01:23:21.188376,12862.012,39898.918,1.363,1270.715,18419.257,2.105,0.0
293.337,2026-06-26T01:23:21.288787,12862.762,39898.918,3.262,1270.715,18419.257,0.005,0.0
293.493,2026-06-26T01:23:21.444531,12862.762,39898.918,2.6,1271.047,18419.257,2.132,0.0
293.593,2026-06-26T01:23:21.544968,12862.762,39898.918,2.053,1271.047,18419.257,0.005,0.0
293.733,2026-06-26T01:23:21.684389,12862.762,39898.918,1.74,1271.378,18419.257,2.376,0.0
293.833,2026-06-26T01:23:21.784786,12862.762,39898.918,1.964,1271.378,18419.257,0.005,0.0
293.989,2026-06-26T01:23:21.940883,12862.762,39898.918,2.532,1271.709,18419.257,2.122,0.0
294.09,2026-06-26T01:23:22.041310,12862.762,39898.918,2.005,1271.71,18419.257,0.005,0.0
294.245,2026-06-26T01:23:22.197154,12862.762,39898.918,1.72,1272.04,18419.257,2.125,0.0
294.346,2026-06-26T01:23:22.297592,12862.762,39898.918,1.46,1272.041,18419.257,0.005,0.0
294.502,2026-06-26T01:23:22.453761,12862.762,39898.918,1.338,1272.371,18419.257,2.12,0.0
294.602,2026-06-26T01:23:22.554169,12863.512,39898.918,1.705,1272.372,18419.257,0.005,0.0
294.758,2026-06-26T01:23:22.709825,12863.512,39898.918,2.445,1272.702,18419.257,2.128,0.0
294.859,2026-06-26T01:23:22.810264,12863.512,39898.918,1.944,1272.703,18419.257,0.005,0.0
295.014,2026-06-26T01:23:22.965871,12863.512,39898.918,1.678,1273.033,18419.257,2.128,0.0
295.115,2026-06-26T01:23:23.066281,12863.512,39898.918,1.405,1273.034,18419.257,0.005,0.0
295.272,2026-06-26T01:23:23.223640,12863.762,39898.918,2.603,1273.365,18419.257,2.118,0.0
295.372,2026-06-26T01:23:23.324077,12863.762,39898.918,2.055,1273.365,18419.257,0.005,0.0
295.528,2026-06-26T01:23:23.479711,12863.762,39898.918,1.74,1273.696,18419.257,2.128,0.0
295.628,2026-06-26T01:23:23.580165,12863.762,39898.918,1.451,1273.696,18419.257,0.005,0.0
295.784,2026-06-26T01:23:23.736068,12863.762,39898.918,1.347,1274.027,18419.257,2.124,0.0
295.885,2026-06-26T01:23:23.836509,12863.762,39898.918,1.176,1274.027,18419.257,0.005,0.0
296.041,2026-06-26T01:23:23.992302,12864.512,39898.918,2.419,1274.358,18419.257,2.126,0.0
296.141,2026-06-26T01:23:24.092738,12864.512,39898.918,1.926,1274.359,18419.257,0.005,0.0
296.297,2026-06-26T01:23:24.248887,12864.512,39898.918,1.664,1274.689,18419.257,2.121,0.0
296.398,2026-06-26T01:23:24.349324,12864.512,39898.918,1.421,1274.69,18419.257,0.005,0.0
296.553,2026-06-26T01:23:24.504881,12864.762,39898.918,2.548,1275.02,18419.257,2.129,0.0
296.654,2026-06-26T01:23:24.605316,12864.762,39898.918,2.017,1275.021,18419.257,0.005,0.0
296.809,2026-06-26T01:23:24.760900,12864.762,39898.918,1.713,1275.351,18419.257,2.128,0.0
296.91,2026-06-26T01:23:24.861336,12864.762,39898.918,1.456,1275.352,18419.257,0.005,0.0
297.065,2026-06-26T01:23:25.017008,12864.762,39898.918,1.335,1275.683,18419.257,2.127,0.0
297.166,2026-06-26T01:23:25.117430,12864.762,39898.918,1.168,1275.683,18419.257,0.005,0.0
297.322,2026-06-26T01:23:25.273308,12865.512,39898.918,2.428,1276.014,18419.257,2.124,0.0
297.422,2026-06-26T01:23:25.373745,12865.512,39898.918,1.932,1276.014,18419.257,0.005,0.0
297.58,2026-06-26T01:23:25.531821,12865.512,39898.918,1.664,1276.345,18419.257,2.095,0.0
297.681,2026-06-26T01:23:25.632256,12865.512,39898.918,1.398,1276.345,18419.257,0.005,0.0
297.836,2026-06-26T01:23:25.787983,12865.766,39898.918,2.515,1276.677,18419.257,2.132,0.0
297.937,2026-06-26T01:23:25.888397,12865.766,39898.918,1.994,1276.677,18419.257,0.005,0.0
298.093,2026-06-26T01:23:26.044363,12865.766,39898.918,1.712,1277.009,18419.257,2.129,0.0
298.193,2026-06-26T01:23:26.144800,12865.766,39898.918,1.431,1277.01,18419.257,0.005,0.0
298.349,2026-06-26T01:23:26.300972,12865.766,39898.918,1.317,1277.341,18419.257,2.126,0.0
298.45,2026-06-26T01:23:26.401412,12865.766,39898.918,1.155,1277.342,18419.257,0.005,0.0
298.607,2026-06-26T01:23:26.558520,12866.516,39898.918,2.436,1277.673,18419.257,2.111,0.0
298.707,2026-06-26T01:23:26.658955,12866.516,39898.918,1.938,1277.673,18419.257,0.005,0.0
298.873,2026-06-26T01:23:26.824382,12866.516,39898.918,1.697,1278.004,18419.257,2.001,0.0
298.973,2026-06-26T01:23:26.924820,12866.516,39898.918,1.421,1278.004,18419.257,0.005,0.0
299.142,2026-06-26T01:23:27.093254,12866.516,39898.918,2.471,1278.335,18419.257,1.966,0.0
299.242,2026-06-26T01:23:27.193694,12866.516,39898.918,1.963,1278.335,18419.257,0.005,0.0
299.398,2026-06-26T01:23:27.349701,12866.516,39898.918,1.69,1278.666,18419.257,2.123,0.0
299.498,2026-06-26T01:23:27.450163,12866.516,39898.918,1.439,1278.667,18419.257,0.005,0.0
299.654,2026-06-26T01:23:27.606005,12866.516,39898.918,1.323,1278.998,18419.257,2.129,0.0
299.755,2026-06-26T01:23:27.706444,12866.516,39898.918,1.159,1278.998,18419.257,0.005,0.0
299.915,2026-06-26T01:23:27.866280,12867.266,39898.918,2.411,1279.33,18419.257,2.076,0.0
300.015,2026-06-26T01:23:27.966693,12867.266,39898.918,1.921,1279.33,18419.257,0.005,0.0
300.172,2026-06-26T01:23:28.123609,12867.266,39898.918,1.659,1279.661,18419.257,2.11,0.0
300.272,2026-06-26T01:23:28.224043,12867.266,39898.918,1.394,1279.661,18419.257,0.005,0.0
300.432,2026-06-26T01:23:28.384115,12867.266,39898.918,2.471,1279.992,18419.257,2.069,0.0
300.533,2026-06-26T01:23:28.484556,12867.266,39898.918,1.963,1279.992,18419.257,0.005,0.0
300.689,2026-06-26T01:23:28.640444,12867.266,39898.918,1.69,1280.323,18419.257,2.124,0.0
300.789,2026-06-26T01:23:28.740881,12867.266,39898.918,1.416,1280.324,18419.257,0.005,0.0
300.945,2026-06-26T01:23:28.897043,12867.266,39898.918,1.322,1280.654,18419.257,2.121,0.0
301.046,2026-06-26T01:23:28.997487,12867.266,39898.918,1.158,1280.655,18419.257,0.005,0.0
301.202,2026-06-26T01:23:29.153477,12867.266,39898.918,1.127,1280.985,18419.257,2.123,0.0
301.302,2026-06-26T01:23:29.253868,12876.141,39898.918,13.121,1280.986,18419.257,0.005,0.0
301.442,2026-06-26T01:23:29.393490,12876.141,39898.918,9.488,1281.317,18419.257,2.373,0.0
301.542,2026-06-26T01:23:29.493922,12876.141,39898.918,6.874,1281.317,18419.257,0.005,0.0
301.682,2026-06-26T01:23:29.633646,12876.141,39898.918,5.114,1281.648,18419.257,2.371,0.0
301.782,2026-06-26T01:23:29.734075,12876.141,39898.918,3.836,1281.648,18419.257,0.005,0.0
301.922,2026-06-26T01:23:29.873738,12876.445,39898.918,3.609,1281.979,18419.257,2.372,0.0
302.022,2026-06-26T01:23:29.974199,12876.445,39898.918,2.76,1281.98,18419.257,0.005,0.0
302.162,2026-06-26T01:23:30.113708,12876.57,39898.918,2.235,1282.31,18419.257,2.374,0.0
302.262,2026-06-26T01:23:30.214154,12876.57,39898.918,1.797,1282.311,18419.257,0.005,0.0
302.402,2026-06-26T01:23:30.353782,12876.57,39898.918,1.561,1282.641,18419.257,2.372,0.0
302.503,2026-06-26T01:23:30.454284,12876.57,39898.918,1.325,1282.642,18419.257,0.005,0.0
302.645,2026-06-26T01:23:30.597034,12877.352,39898.918,1.898,1282.973,18419.257,2.329,0.0
302.746,2026-06-26T01:23:30.697559,12877.352,39898.918,1.562,1282.974,18419.257,0.005,0.0
302.886,2026-06-26T01:23:30.837719,12877.352,39898.918,1.394,1283.305,18419.257,2.37,0.0
302.986,2026-06-26T01:23:30.938191,12877.352,39898.918,1.209,1283.306,18419.257,0.005,0.0
303.127,2026-06-26T01:23:31.078936,12877.352,39898.918,1.146,1283.638,18419.257,2.36,0.0
303.228,2026-06-26T01:23:31.179378,12877.664,39898.918,2.433,1283.638,18419.257,0.005,0.0
303.367,2026-06-26T01:23:31.319048,12877.789,39898.918,1.989,1283.97,18419.257,2.378,0.0
303.468,2026-06-26T01:23:31.419467,12877.789,39898.918,1.625,1283.97,18419.257,0.005,0.0
303.608,2026-06-26T01:23:31.559250,12877.789,39898.918,1.457,1284.302,18419.257,2.374,0.0
303.708,2026-06-26T01:23:31.659708,12877.789,39898.918,1.253,1284.302,18419.257,0.005,0.0
303.848,2026-06-26T01:23:31.799396,12877.789,39898.918,1.179,1284.633,18419.257,2.371,0.0
303.948,2026-06-26T01:23:31.899788,12878.539,39898.918,2.503,1284.633,18419.257,0.005,0.0
304.104,2026-06-26T01:23:32.055718,12878.539,39898.918,2.068,1284.964,18419.257,2.125,0.0
304.204,2026-06-26T01:23:32.156167,12878.539,39898.918,1.681,1284.964,18419.257,0.005,0.0
304.36,2026-06-26T01:23:32.311861,12878.539,39898.918,1.493,1285.295,18419.257,2.127,0.0
304.461,2026-06-26T01:23:32.412264,12878.664,39898.918,3.236,1285.296,18419.257,0.005,0.0
304.616,2026-06-26T01:23:32.567900,12878.664,39898.918,2.597,1285.626,18419.257,2.128,0.0
304.717,2026-06-26T01:23:32.668333,12878.789,39898.918,2.051,1285.627,18419.257,0.005,0.0
304.873,2026-06-26T01:23:32.824295,12878.789,39898.918,1.751,1285.957,18419.257,2.123,0.0
304.973,2026-06-26T01:23:32.924731,12878.789,39898.918,1.459,1285.958,18419.257,0.005,0.0
305.129,2026-06-26T01:23:33.080536,12878.789,39898.918,1.337,1286.289,18419.257,2.126,0.0
305.229,2026-06-26T01:23:33.180941,12879.539,39898.918,2.964,1286.289,18419.257,0.005,0.0
305.385,2026-06-26T01:23:33.336993,12879.539,39898.918,2.586,1286.62,18419.257,2.122,0.0
305.486,2026-06-26T01:23:33.437405,12879.539,39898.918,2.043,1286.62,18419.257,0.005,0.0
305.644,2026-06-26T01:23:33.595284,12879.539,39898.918,1.757,1286.951,18419.257,2.097,0.0
305.744,2026-06-26T01:23:33.695702,12879.727,39898.918,3.444,1286.952,18419.257,0.005,0.0
305.9,2026-06-26T01:23:33.851903,12879.727,39898.918,2.726,1287.282,18419.257,2.12,0.0
306.001,2026-06-26T01:23:33.952414,12879.727,39898.918,2.141,1287.283,18419.257,0.005,0.0
306.157,2026-06-26T01:23:34.109201,12879.727,39898.918,1.828,1287.613,18419.257,2.117,0.0
306.258,2026-06-26T01:23:34.209638,12879.727,39898.918,1.513,1287.614,18419.257,0.005,0.0
306.414,2026-06-26T01:23:34.365474,12879.727,39898.918,1.36,1287.945,18419.257,2.125,0.0
306.514,2026-06-26T01:23:34.465977,12879.727,39898.918,1.185,1287.945,18419.257,0.005,0.0
306.67,2026-06-26T01:23:34.621724,12880.539,39898.918,2.487,1288.276,18419.257,2.128,0.0
306.77,2026-06-26T01:23:34.722179,12880.539,39898.918,1.974,1288.276,18419.257,0.005,0.0
306.926,2026-06-26T01:23:34.877815,12880.539,39898.918,1.698,1288.607,18419.257,2.128,0.0
307.027,2026-06-26T01:23:34.978251,12880.539,39898.918,1.422,1288.607,18419.257,0.005,0.0
307.182,2026-06-26T01:23:35.133368,12880.789,39898.918,2.614,1288.938,18419.257,2.135,0.0
307.282,2026-06-26T01:23:35.233822,12880.789,39898.918,2.063,1288.939,18419.257,0.005,0.0
307.438,2026-06-26T01:23:35.389955,12880.789,39898.918,1.774,1289.269,18419.257,2.122,0.0
307.539,2026-06-26T01:23:35.490370,12880.789,39898.918,1.475,1289.27,18419.257,0.005,0.0
307.694,2026-06-26T01:23:35.645907,12880.789,39898.918,1.334,1289.601,18419.257,2.135,0.0
307.795,2026-06-26T01:23:35.746337,12880.789,39898.918,1.19,1289.602,18419.257,0.005,0.0
307.95,2026-06-26T01:23:35.901696,12881.539,39898.918,2.419,1289.934,18419.257,2.138,0.0
308.05,2026-06-26T01:23:36.002106,12881.539,39898.918,1.926,1289.934,18419.257,0.005,0.0
308.206,2026-06-26T01:23:36.157891,12881.539,39898.918,1.649,1290.266,18419.257,2.132,0.0
308.307,2026-06-26T01:23:36.258332,12881.539,39898.918,1.388,1290.266,18419.257,0.005,0.0
308.462,2026-06-26T01:23:36.414019,12881.539,39898.918,2.508,1290.598,18419.257,2.134,0.0
308.563,2026-06-26T01:23:36.514468,12881.539,39898.918,1.989,1290.598,18419.257,0.005,0.0
308.721,2026-06-26T01:23:36.672776,12881.539,39898.918,1.718,1290.929,18419.257,2.093,0.0
308.821,2026-06-26T01:23:36.773213,12881.539,39898.918,1.436,1290.93,18419.257,0.005,0.0
308.98,2026-06-26T01:23:36.931601,12881.539,39898.918,1.316,1291.26,18419.257,2.091,0.0
309.08,2026-06-26T01:23:37.032010,12881.539,39898.918,1.154,1291.261,18419.257,0.005,0.0
309.237,2026-06-26T01:23:37.188541,12882.289,39898.918,2.443,1291.591,18419.257,2.118,0.0
309.337,2026-06-26T01:23:37.288981,12882.289,39898.918,1.943,1291.592,18419.257,0.005,0.0
309.493,2026-06-26T01:23:37.445045,12882.289,39898.918,1.661,1291.923,18419.257,2.123,0.0
309.594,2026-06-26T01:23:37.545484,12882.289,39898.918,1.419,1291.923,18419.257,0.005,0.0
309.75,2026-06-26T01:23:37.701378,12882.289,39898.918,2.558,1292.254,18419.257,2.125,0.0
309.85,2026-06-26T01:23:37.801818,12882.289,39898.918,2.024,1292.254,18419.257,0.005,0.0
310.005,2026-06-26T01:23:37.956949,12882.289,39898.918,1.734,1292.585,18419.257,2.135,0.0
310.106,2026-06-26T01:23:38.057373,12882.289,39898.918,1.447,1292.585,18419.257,0.005,0.0
310.261,2026-06-26T01:23:38.213022,12882.289,39898.918,1.329,1292.916,18419.257,2.128,0.0
310.362,2026-06-26T01:23:38.313469,12882.289,39898.918,1.163,1292.917,18419.257,0.005,0.0
310.518,2026-06-26T01:23:38.469620,12882.82,39898.918,2.437,1293.247,18419.257,2.121,0.0
310.618,2026-06-26T01:23:38.570039,12882.82,39898.918,1.939,1293.248,18419.257,0.005,0.0
310.774,2026-06-26T01:23:38.725633,12882.82,39898.918,1.674,1293.579,18419.257,2.129,0.0
310.874,2026-06-26T01:23:38.826073,12882.82,39898.918,1.405,1293.579,18419.257,0.005,0.0
311.03,2026-06-26T01:23:38.981721,12882.945,39898.918,2.551,1293.91,18419.257,2.128,0.0
311.13,2026-06-26T01:23:39.082121,12883.07,39898.918,2.042,1293.91,18419.257,0.005,0.0
311.286,2026-06-26T01:23:39.237686,12883.07,39898.918,1.731,1294.241,18419.257,2.129,0.0
311.386,2026-06-26T01:23:39.338122,12883.07,39898.918,1.445,1294.241,18419.257,0.005,0.0
311.542,2026-06-26T01:23:39.494085,12883.07,39898.918,1.342,1294.572,18419.257,2.124,0.0
311.643,2026-06-26T01:23:39.594537,12883.07,39898.918,1.173,1294.573,18419.257,0.005,0.0
311.799,2026-06-26T01:23:39.750863,12883.82,39898.918,2.441,1294.903,18419.257,2.117,0.0
311.9,2026-06-26T01:23:39.851457,12883.82,39898.918,1.965,1294.904,18419.257,0.005,0.0
312.056,2026-06-26T01:23:40.007480,12883.82,39898.918,1.691,1295.234,18419.257,2.123,0.0
312.156,2026-06-26T01:23:40.107914,12883.82,39898.918,1.417,1295.235,18419.257,0.005,0.0
312.312,2026-06-26T01:23:40.263987,12883.82,39898.918,2.6,1295.566,18419.257,2.122,0.0
312.413,2026-06-26T01:23:40.364429,12883.82,39898.918,2.053,1295.566,18419.257,0.005,0.0
312.57,2026-06-26T01:23:40.522090,12883.82,39898.918,1.75,1295.897,18419.257,2.1,0.0
312.671,2026-06-26T01:23:40.622598,12883.82,39898.918,1.457,1295.897,18419.257,0.005,0.0
312.827,2026-06-26T01:23:40.778922,12883.82,39898.918,1.35,1296.229,18419.257,2.125,0.0
312.928,2026-06-26T01:23:40.879358,12883.82,39898.918,1.178,1296.229,18419.257,0.005,0.0
313.083,2026-06-26T01:23:41.035042,12884.57,39898.918,2.452,1296.561,18419.257,2.133,0.0
313.184,2026-06-26T01:23:41.135465,12884.57,39898.918,1.95,1296.561,18419.257,0.005,0.0
313.34,2026-06-26T01:23:41.291411,12884.57,39898.918,1.681,1296.893,18419.257,2.13,0.0
313.44,2026-06-26T01:23:41.391850,12884.57,39898.918,1.409,1296.894,18419.257,0.005,0.0
313.596,2026-06-26T01:23:41.547805,12884.695,39898.918,2.566,1297.225,18419.257,2.13,0.0
313.697,2026-06-26T01:23:41.648265,12884.82,39898.918,2.029,1297.226,18419.257,0.005,0.0
313.853,2026-06-26T01:23:41.804264,12884.82,39898.918,1.736,1297.556,18419.257,2.125,0.0
313.953,2026-06-26T01:23:41.904675,12884.82,39898.918,1.448,1297.557,18419.257,0.005,0.0
314.109,2026-06-26T01:23:42.060541,12884.82,39898.918,1.33,1297.887,18419.257,2.125,0.0
314.209,2026-06-26T01:23:42.160989,12884.82,39898.918,1.164,1297.888,18419.257,0.005,0.0
314.365,2026-06-26T01:23:42.317183,12885.57,39898.918,2.393,1298.219,18419.257,2.123,0.0
314.466,2026-06-26T01:23:42.417618,12885.57,39898.918,1.908,1298.219,18419.257,0.005,0.0
314.622,2026-06-26T01:23:42.573868,12885.57,39898.918,1.666,1298.55,18419.257,2.119,0.0
314.723,2026-06-26T01:23:42.674292,12885.57,39898.918,1.399,1298.55,18419.257,0.005,0.0
314.878,2026-06-26T01:23:42.829855,12885.82,39898.918,2.518,1298.881,18419.257,2.129,0.0
314.979,2026-06-26T01:23:42.930297,12885.82,39898.918,1.995,1298.881,18419.257,0.005,0.0
315.135,2026-06-26T01:23:43.086616,12885.82,39898.918,1.727,1299.212,18419.257,2.119,0.0
315.235,2026-06-26T01:23:43.187044,12885.82,39898.918,1.442,1299.213,18419.257,0.005,0.0
315.391,2026-06-26T01:23:43.342612,12885.82,39898.918,1.326,1299.543,18419.257,2.129,0.0
315.491,2026-06-26T01:23:43.443018,12885.82,39898.918,1.161,1299.544,18419.257,0.005,0.0
315.647,2026-06-26T01:23:43.598674,12886.57,39898.918,2.426,1299.875,18419.257,2.128,0.0
315.747,2026-06-26T01:23:43.699094,12886.57,39898.918,1.931,1299.875,18419.257,0.005,0.0
315.903,2026-06-26T01:23:43.855069,12886.57,39898.918,1.668,1300.206,18419.257,2.123,0.0
316.004,2026-06-26T01:23:43.955497,12886.57,39898.918,1.4,1300.206,18419.257,0.005,0.0
316.16,2026-06-26T01:23:44.111329,12886.57,39898.918,2.561,1300.537,18419.257,2.125,0.0
316.26,2026-06-26T01:23:44.211745,12886.57,39898.918,2.026,1300.537,18419.257,0.005,0.0
316.416,2026-06-26T01:23:44.367861,12886.57,39898.918,1.749,1300.868,18419.257,2.122,0.0
316.517,2026-06-26T01:23:44.468299,12886.57,39898.918,1.457,1300.869,18419.257,0.005,0.0
316.672,2026-06-26T01:23:44.623901,12886.57,39898.918,1.337,1301.199,18419.257,2.128,0.0
316.773,2026-06-26T01:23:44.724338,12886.57,39898.918,1.169,1301.2,18419.257,0.005,0.0
316.928,2026-06-26T01:23:44.879857,12887.32,39898.918,2.432,1301.53,18419.257,2.13,0.0
317.029,2026-06-26T01:23:44.980294,12887.32,39898.918,1.935,1301.531,18419.257,0.005,0.0
317.184,2026-06-26T01:23:45.135963,12887.32,39898.918,1.686,1301.862,18419.257,2.127,0.0
317.285,2026-06-26T01:23:45.236413,12887.32,39898.918,1.413,1301.862,18419.257,0.005,0.0
317.44,2026-06-26T01:23:45.392060,12887.32,39898.918,2.557,1302.193,18419.257,2.128,0.0
317.541,2026-06-26T01:23:45.492501,12887.32,39898.918,2.023,1302.193,18419.257,0.005,0.0
317.697,2026-06-26T01:23:45.648425,12887.32,39898.918,1.732,1302.525,18419.257,2.13,0.0
317.797,2026-06-26T01:23:45.748838,12887.32,39898.918,1.445,1302.525,18419.257,0.005,0.0
317.953,2026-06-26T01:23:45.904751,12887.32,39898.918,1.343,1302.857,18419.257,2.13,0.0
318.054,2026-06-26T01:23:46.005244,12887.32,39898.918,1.173,1302.857,18419.257,0.005,0.0
318.224,2026-06-26T01:23:46.176089,12888.07,39898.918,2.359,1303.189,18419.257,1.943,0.0
318.325,2026-06-26T01:23:46.276542,12888.07,39898.918,1.884,1303.19,18419.257,0.005,0.0
318.481,2026-06-26T01:23:46.432461,12888.07,39898.918,1.635,1303.521,18419.257,2.13,0.0
318.581,2026-06-26T01:23:46.532899,12888.07,39898.918,1.377,1303.522,18419.257,0.005,0.0
318.721,2026-06-26T01:23:46.672379,12888.32,39898.918,2.276,1303.852,18419.257,2.375,0.0
318.821,2026-06-26T01:23:46.772822,12888.32,39898.918,1.826,1303.853,18419.257,0.005,0.0
318.976,2026-06-26T01:23:46.927471,12888.32,39898.918,1.582,1304.183,18419.257,2.144,0.0
319.076,2026-06-26T01:23:47.027905,12888.32,39898.918,1.34,1304.184,18419.257,0.005,0.0
319.232,2026-06-26T01:23:47.183408,12888.32,39898.918,1.255,1304.515,18419.257,2.13,0.0
319.332,2026-06-26T01:23:47.283861,12888.32,39898.918,1.135,1304.515,18419.257,0.005,0.0
319.493,2026-06-26T01:23:47.444940,12889.074,39898.918,2.529,1304.846,18419.257,2.058,0.0
319.594,2026-06-26T01:23:47.545383,12889.074,39898.918,2.003,1304.846,18419.257,0.005,0.0
319.752,2026-06-26T01:23:47.703574,12889.074,39898.918,1.728,1305.177,18419.257,2.093,0.0
319.852,2026-06-26T01:23:47.804088,12889.074,39898.918,1.443,1305.177,18419.257,0.005,0.0
320.013,2026-06-26T01:23:47.964850,12889.074,39898.918,2.601,1305.508,18419.257,2.06,0.0
320.114,2026-06-26T01:23:48.065285,12889.074,39898.918,2.054,1305.509,18419.257,0.005,0.0
320.269,2026-06-26T01:23:48.220507,12889.074,39898.918,1.755,1305.839,18419.257,2.133,0.0
320.369,2026-06-26T01:23:48.320937,12889.074,39898.918,1.461,1305.84,18419.257,0.005,0.0
320.525,2026-06-26T01:23:48.476401,12889.074,39898.918,1.34,1306.17,18419.257,2.13,0.0
320.625,2026-06-26T01:23:48.576840,12889.074,39898.918,1.171,1306.171,18419.257,0.005,0.0
320.782,2026-06-26T01:23:48.734005,12889.824,39898.918,1.281,1306.502,18419.257,2.093,0.0
320.884,2026-06-26T01:23:48.835525,12889.824,39898.918,2.936,1306.502,18419.257,0.005,0.0
321.04,2026-06-26T01:23:48.991322,12889.824,39898.918,2.372,1306.833,18419.257,2.126,0.0
321.14,2026-06-26T01:23:49.091728,12889.824,39898.918,1.893,1306.833,18419.257,0.005,0.0
321.296,2026-06-26T01:23:49.247306,12889.824,39898.918,1.657,1307.164,18419.257,2.129,0.0
321.396,2026-06-26T01:23:49.347727,12889.949,39898.918,3.35,1307.164,18419.257,0.005,0.0
321.552,2026-06-26T01:23:49.503680,12889.949,39898.918,2.646,1307.495,18419.257,2.124,0.0
321.652,2026-06-26T01:23:49.604113,12889.949,39898.918,2.108,1307.495,18419.257,0.005,0.0
321.808,2026-06-26T01:23:49.759486,12890.074,39898.918,1.793,1307.826,18419.257,2.132,0.0
321.908,2026-06-26T01:23:49.859924,12890.074,39898.918,1.511,1307.827,18419.257,0.005,0.0
322.064,2026-06-26T01:23:50.015526,12890.074,39898.918,1.375,1308.157,18419.257,2.128,0.0
322.164,2026-06-26T01:23:50.115963,12890.824,39898.918,3.432,1308.158,18419.257,0.005,0.0
322.32,2026-06-26T01:23:50.271584,12890.824,39898.918,2.734,1308.488,18419.257,2.128,0.0
322.42,2026-06-26T01:23:50.372021,12890.824,39898.918,2.147,1308.489,18419.257,0.005,0.0
322.577,2026-06-26T01:23:50.528306,12890.824,39898.918,1.803,1308.82,18419.257,2.119,0.0
322.677,2026-06-26T01:23:50.628758,12890.949,39898.918,3.124,1308.82,18419.257,0.005,0.0
322.833,2026-06-26T01:23:50.785174,12890.949,39898.918,2.517,1309.152,18419.257,2.126,0.0
322.934,2026-06-26T01:23:50.885606,12890.949,39898.918,1.995,1309.152,18419.257,0.005,0.0
323.09,2026-06-26T01:23:51.041798,12891.074,39898.918,1.712,1309.484,18419.257,2.126,0.0
323.191,2026-06-26T01:23:51.142228,12891.074,39898.918,1.431,1309.484,18419.257,0.005,0.0
323.347,2026-06-26T01:23:51.298437,12891.074,39898.918,1.317,1309.816,18419.257,2.126,0.0
323.447,2026-06-26T01:23:51.398885,12891.824,39898.918,3.229,1309.816,18419.257,0.005,0.0
323.604,2026-06-26T01:23:51.555353,12891.824,39898.918,2.56,1310.148,18419.257,2.123,0.0
323.704,2026-06-26T01:23:51.655794,12891.824,39898.918,2.048,1310.148,18419.257,0.005,0.0
323.86,2026-06-26T01:23:51.812154,12891.824,39898.918,1.749,1310.479,18419.257,2.118,0.0
323.961,2026-06-26T01:23:51.912619,12891.824,39898.918,3.32,1310.48,18419.257,0.005,0.0
324.117,2026-06-26T01:23:52.069130,12891.824,39898.918,2.638,1310.81,18419.257,2.116,0.0
324.218,2026-06-26T01:23:52.169575,12891.824,39898.918,2.08,1310.811,18419.257,0.005,0.0
324.374,2026-06-26T01:23:52.325661,12891.824,39898.918,1.772,1311.141,18419.257,2.122,0.0
324.474,2026-06-26T01:23:52.426125,12891.824,39898.918,1.473,1311.142,18419.257,0.005,0.0
324.631,2026-06-26T01:23:52.582838,12891.824,39898.918,1.346,1311.472,18419.257,2.116,0.0
324.732,2026-06-26T01:23:52.683257,12892.574,39898.918,3.202,1311.473,18419.257,0.005,0.0
324.888,2026-06-26T01:23:52.839233,12892.574,39898.918,2.573,1311.804,18419.257,2.123,0.0
324.988,2026-06-26T01:23:52.939673,12892.574,39898.918,2.011,1311.804,18419.257,0.005,0.0
325.144,2026-06-26T01:23:53.095824,12892.574,39898.918,1.738,1312.135,18419.257,2.121,0.0
325.245,2026-06-26T01:23:53.196232,12892.574,39898.918,3.407,1312.135,18419.257,0.005,0.0
325.401,2026-06-26T01:23:53.352381,12892.574,39898.918,2.701,1312.466,18419.257,2.121,0.0
325.501,2026-06-26T01:23:53.452820,12892.574,39898.918,2.123,1312.466,18419.257,0.005,0.0
325.657,2026-06-26T01:23:53.608903,12892.574,39898.918,1.802,1312.797,18419.257,2.122,0.0
325.758,2026-06-26T01:23:53.709339,12892.574,39898.918,1.518,1312.798,18419.257,0.005,0.0
325.913,2026-06-26T01:23:53.865194,12892.574,39898.918,1.379,1313.128,18419.257,2.125,0.0
326.014,2026-06-26T01:23:53.965614,12892.574,39898.918,1.198,1313.129,18419.257,0.005,0.0
326.169,2026-06-26T01:23:54.121064,12893.324,39898.918,2.438,1313.459,18419.257,2.13,0.0
326.27,2026-06-26T01:23:54.221510,12893.324,39898.918,1.94,1313.46,18419.257,0.005,0.0
326.426,2026-06-26T01:23:54.377347,12893.324,39898.918,1.674,1313.791,18419.257,2.125,0.0
326.526,2026-06-26T01:23:54.477768,12893.324,39898.918,1.405,1313.791,18419.257,0.005,0.0
326.683,2026-06-26T01:23:54.634230,12893.449,39898.918,2.558,1314.122,18419.257,2.117,0.0
326.783,2026-06-26T01:23:54.734658,12893.449,39898.918,2.023,1314.122,18419.257,0.005,0.0
326.939,2026-06-26T01:23:54.890768,12893.574,39898.918,1.732,1314.453,18419.257,2.121,0.0
327.039,2026-06-26T01:23:54.991196,12893.574,39898.918,1.445,1314.453,18419.257,0.005,0.0
327.195,2026-06-26T01:23:55.147163,12893.574,39898.918,1.328,1314.784,18419.257,2.123,0.0
327.296,2026-06-26T01:23:55.247598,12893.574,39898.918,1.162,1314.785,18419.257,0.005,0.0
327.452,2026-06-26T01:23:55.403589,12894.324,39898.918,2.438,1315.115,18419.257,2.123,0.0
327.552,2026-06-26T01:23:55.504026,12894.324,39898.918,1.939,1315.116,18419.257,0.005,0.0
327.708,2026-06-26T01:23:55.659642,12894.324,39898.918,1.689,1315.447,18419.257,2.134,0.0
327.808,2026-06-26T01:23:55.760079,12894.324,39898.918,1.415,1315.448,18419.257,0.005,0.0
327.964,2026-06-26T01:23:55.915848,12894.449,39898.918,2.527,1315.779,18419.257,2.132,0.0
328.065,2026-06-26T01:23:56.016276,12894.449,39898.918,2.002,1315.78,18419.257,0.005,0.0
328.22,2026-06-26T01:23:56.171616,12894.574,39898.918,1.734,1316.111,18419.257,2.138,0.0
328.32,2026-06-26T01:23:56.272053,12894.574,39898.918,1.447,1316.112,18419.257,0.005,0.0
328.476,2026-06-26T01:23:56.427855,12894.574,39898.918,1.329,1316.444,18419.257,2.132,0.0
328.577,2026-06-26T01:23:56.528288,12894.574,39898.918,1.163,1316.444,18419.257,0.005,0.0
328.736,2026-06-26T01:23:56.687329,12895.324,39898.918,2.083,1316.775,18419.257,2.082,0.0
328.836,2026-06-26T01:23:56.787768,12895.324,39898.918,1.691,1316.775,18419.257,0.005,0.0
328.994,2026-06-26T01:23:56.946194,12895.324,39898.918,1.509,1317.106,18419.257,2.09,0.0
329.095,2026-06-26T01:23:57.046659,12895.324,39898.918,1.289,1317.106,18419.257,0.005,0.0
329.252,2026-06-26T01:23:57.203866,12895.324,39898.918,2.44,1317.437,18419.257,2.108,0.0
329.353,2026-06-26T01:23:57.304307,12895.324,39898.918,1.965,1317.437,18419.257,0.005,0.0
329.509,2026-06-26T01:23:57.460724,12895.324,39898.918,1.69,1317.768,18419.257,2.117,0.0
329.609,2026-06-26T01:23:57.561213,12895.324,39898.918,1.416,1317.769,18419.257,0.005,0.0
329.766,2026-06-26T01:23:57.717576,12895.324,39898.918,1.306,1318.099,18419.257,2.12,0.0
329.866,2026-06-26T01:23:57.818011,12895.324,39898.918,1.147,1318.1,18419.257,0.005,0.0
330.025,2026-06-26T01:23:57.976998,12896.074,39898.918,2.412,1318.43,18419.257,2.083,0.0
330.126,2026-06-26T01:23:58.077436,12896.074,39898.918,1.921,1318.431,18419.257,0.005,0.0
330.284,2026-06-26T01:23:58.235728,12896.074,39898.918,1.671,1318.762,18419.257,2.092,0.0
330.384,2026-06-26T01:23:58.336183,12896.074,39898.918,1.403,1318.762,18419.257,0.005,0.0
330.545,2026-06-26T01:23:58.496804,12896.074,39898.918,2.53,1319.093,18419.257,2.062,0.0
330.645,2026-06-26T01:23:58.597222,12896.074,39898.918,2.004,1319.093,18419.257,0.005,0.0
330.801,2026-06-26T01:23:58.753117,12896.074,39898.918,1.719,1319.424,18419.257,2.124,0.0
330.902,2026-06-26T01:23:58.853559,12896.074,39898.918,1.436,1319.424,18419.257,0.005,0.0
331.058,2026-06-26T01:23:59.009754,12896.074,39898.918,1.336,1319.755,18419.257,2.12,0.0
331.158,2026-06-26T01:23:59.110183,12896.074,39898.918,1.168,1319.756,18419.257,0.005,0.0
331.32,2026-06-26T01:23:59.271763,12896.824,39898.918,2.414,1320.086,18419.257,2.049,0.0
331.421,2026-06-26T01:23:59.372298,12896.824,39898.918,1.923,1320.087,18419.257,0.005,0.0
331.58,2026-06-26T01:23:59.531469,12896.824,39898.918,1.655,1320.417,18419.257,2.081,0.0
331.68,2026-06-26T01:23:59.632001,12896.824,39898.918,1.392,1320.418,18419.257,0.005,0.0
331.842,2026-06-26T01:23:59.793611,12896.949,39898.918,2.513,1320.749,18419.257,2.05,0.0
331.942,2026-06-26T01:23:59.894200,12896.949,39898.918,2.015,1320.749,18419.257,0.005,0.0
332.099,2026-06-26T01:24:00.050924,12897.074,39898.918,1.71,1321.08,18419.257,2.114,0.0
332.2,2026-06-26T01:24:00.151369,12897.074,39898.918,1.453,1321.08,18419.257,0.005,0.0
332.355,2026-06-26T01:24:00.307193,12897.074,39898.918,1.333,1321.411,18419.257,2.126,0.0
332.456,2026-06-26T01:24:00.407623,12897.074,39898.918,1.166,1321.411,18419.257,0.005,0.0
332.617,2026-06-26T01:24:00.568878,12897.824,39898.918,2.213,1321.742,18419.257,2.055,0.0
332.718,2026-06-26T01:24:00.669316,12897.824,39898.918,1.806,1321.743,18419.257,0.005,0.0
332.876,2026-06-26T01:24:00.827624,12897.824,39898.918,1.575,1322.074,18419.257,2.097,0.0
332.976,2026-06-26T01:24:00.928205,12897.824,39898.918,1.335,1322.075,18419.257,0.005,0.0
333.137,2026-06-26T01:24:01.089066,12897.949,39898.918,2.466,1322.407,18419.257,2.064,0.0
333.238,2026-06-26T01:24:01.189606,12897.949,39898.918,1.959,1322.407,18419.257,0.005,0.0
333.394,2026-06-26T01:24:01.345800,12898.074,39898.918,1.702,1322.739,18419.257,2.127,0.0
333.495,2026-06-26T01:24:01.446232,12898.074,39898.918,1.424,1322.739,18419.257,0.005,0.0
333.651,2026-06-26T01:24:01.602485,12898.074,39898.918,1.327,1323.07,18419.257,2.123,0.0
333.751,2026-06-26T01:24:01.702942,12898.074,39898.918,1.162,1323.071,18419.257,0.005,0.0
333.91,2026-06-26T01:24:01.861505,12898.824,39898.918,1.657,1323.402,18419.257,2.088,0.0
334.01,2026-06-26T01:24:01.961968,12898.824,39898.918,2.604,1323.402,18419.257,0.005,0.0
334.167,2026-06-26T01:24:02.118377,12898.824,39898.918,2.137,1323.733,18419.257,2.115,0.0
334.267,2026-06-26T01:24:02.219014,12898.824,39898.918,1.729,1323.733,18419.257,0.005,0.0
334.424,2026-06-26T01:24:02.375368,12898.824,39898.918,1.525,1324.064,18419.257,2.118,0.0
334.524,2026-06-26T01:24:02.475810,12898.824,39898.918,3.281,1324.064,18419.257,0.005,0.0
334.68,2026-06-26T01:24:02.631844,12898.824,39898.918,2.613,1324.395,18419.257,2.123,0.0
334.781,2026-06-26T01:24:02.732279,12898.824,39898.918,2.062,1324.396,18419.257,0.005,0.0
334.937,2026-06-26T01:24:02.888436,12898.824,39898.918,1.759,1324.726,18419.257,2.121,0.0
335.037,2026-06-26T01:24:02.988871,12898.824,39898.918,1.464,1324.727,18419.257,0.005,0.0
335.194,2026-06-26T01:24:03.145665,12898.824,39898.918,1.354,1325.057,18419.257,2.113,0.0
335.294,2026-06-26T01:24:03.246103,12899.574,39898.918,3.254,1325.058,18419.257,0.005,0.0
335.451,2026-06-26T01:24:03.402699,12899.574,39898.918,2.607,1325.389,18419.257,2.115,0.0
335.551,2026-06-26T01:24:03.503155,12899.574,39898.918,2.081,1325.389,18419.257,0.005,0.0
335.708,2026-06-26T01:24:03.659864,12899.574,39898.918,1.756,1325.72,18419.257,2.113,0.0
335.809,2026-06-26T01:24:03.760298,12899.574,39898.918,3.466,1325.72,18419.257,0.005,0.0
335.965,2026-06-26T01:24:03.916500,12899.574,39898.918,2.757,1326.051,18419.257,2.12,0.0
336.065,2026-06-26T01:24:04.016937,12899.574,39898.918,2.163,1326.051,18419.257,0.005,0.0
336.222,2026-06-26T01:24:04.173330,12899.574,39898.918,1.829,1326.382,18419.257,2.118,0.0
336.322,2026-06-26T01:24:04.273770,12899.574,39898.918,1.513,1326.383,18419.257,0.005,0.0
336.479,2026-06-26T01:24:04.430246,12899.574,39898.918,1.374,1326.713,18419.257,2.117,0.0
336.579,2026-06-26T01:24:04.530668,12900.324,39898.918,3.269,1326.714,18419.257,0.005,0.0
336.735,2026-06-26T01:24:04.687218,12900.324,39898.918,2.618,1327.044,18419.257,2.115,0.0
336.836,2026-06-26T01:24:04.787656,12900.324,39898.918,2.066,1327.045,18419.257,0.005,0.0
336.992,2026-06-26T01:24:04.944100,12900.324,39898.918,1.761,1327.376,18419.257,2.117,0.0
337.093,2026-06-26T01:24:05.044518,12900.449,39898.918,3.586,1327.376,18419.257,0.005,0.0
337.249,2026-06-26T01:24:05.201056,12900.574,39898.918,2.825,1327.707,18419.257,2.116,0.0
337.35,2026-06-26T01:24:05.301496,12900.574,39898.918,2.211,1327.707,18419.257,0.005,0.0
337.507,2026-06-26T01:24:05.458443,12900.574,39898.918,1.876,1328.038,18419.257,2.11,0.0
337.607,2026-06-26T01:24:05.558880,12900.574,39898.918,1.546,1328.038,18419.257,0.005,0.0
337.763,2026-06-26T01:24:05.715121,12900.574,39898.918,1.398,1328.37,18419.257,2.126,0.0
337.864,2026-06-26T01:24:05.815538,12901.324,39898.918,3.193,1328.371,18419.257,0.005,0.0
338.02,2026-06-26T01:24:05.971759,12901.324,39898.918,2.55,1328.702,18419.257,2.126,0.0
338.12,2026-06-26T01:24:06.072205,12901.324,39898.918,2.018,1328.703,18419.257,0.005,0.0
338.277,2026-06-26T01:24:06.228301,12901.324,39898.918,1.728,1329.034,18419.257,2.128,0.0
338.377,2026-06-26T01:24:06.328711,12901.449,39898.918,3.47,1329.035,18419.257,0.005,0.0
338.533,2026-06-26T01:24:06.484692,12901.574,39898.918,2.745,1329.366,18419.257,2.129,0.0
338.633,2026-06-26T01:24:06.585100,12901.574,39898.918,2.155,1329.367,18419.257,0.005,0.0
338.789,2026-06-26T01:24:06.740848,12901.574,39898.918,1.84,1329.697,18419.257,2.126,0.0
338.89,2026-06-26T01:24:06.841263,12901.574,39898.918,1.521,1329.698,18419.257,0.005,0.0
339.046,2026-06-26T01:24:06.997303,12901.574,39898.918,1.38,1330.029,18419.257,2.122,0.0
339.146,2026-06-26T01:24:07.097739,12901.574,39898.918,1.199,1330.029,18419.257,0.005,0.0
339.302,2026-06-26T01:24:07.253552,12902.324,39898.918,2.42,1330.36,18419.257,2.126,0.0
339.402,2026-06-26T01:24:07.353974,12902.324,39898.918,1.927,1330.36,18419.257,0.005,0.0
339.558,2026-06-26T01:24:07.509712,12902.324,39898.918,1.665,1330.691,18419.257,2.127,0.0
339.658,2026-06-26T01:24:07.610161,12902.324,39898.918,1.399,1330.691,18419.257,0.005,0.0
339.814,2026-06-26T01:24:07.765574,12902.324,39898.918,2.549,1331.022,18419.257,2.131,0.0
339.914,2026-06-26T01:24:07.865997,12902.324,39898.918,2.017,1331.023,18419.257,0.005,0.0
340.07,2026-06-26T01:24:08.021476,12902.324,39898.918,1.729,1331.353,18419.257,2.13,0.0
340.17,2026-06-26T01:24:08.121908,12902.324,39898.918,1.443,1331.354,18419.257,0.005,0.0
340.326,2026-06-26T01:24:08.277795,12902.324,39898.918,1.326,1331.684,18419.257,2.125,0.0
340.426,2026-06-26T01:24:08.378221,12902.324,39898.918,1.185,1331.685,18419.257,0.005,0.0
340.581,2026-06-26T01:24:08.533094,12903.074,39898.918,2.496,1332.016,18419.257,2.138,0.0
340.682,2026-06-26T01:24:08.633538,12903.074,39898.918,1.98,1332.016,18419.257,0.005,0.0
340.838,2026-06-26T01:24:08.789257,12903.074,39898.918,1.702,1332.347,18419.257,2.127,0.0
340.938,2026-06-26T01:24:08.889695,12903.074,39898.918,1.448,1332.347,18419.257,0.005,0.0
341.093,2026-06-26T01:24:09.044469,12903.074,39898.918,2.666,1332.678,18419.257,2.14,0.0
341.193,2026-06-26T01:24:09.144899,12903.074,39898.918,2.099,1332.678,18419.257,0.005,0.0
341.349,2026-06-26T01:24:09.300632,12903.074,39898.918,1.786,1333.009,18419.257,2.128,0.0
341.449,2026-06-26T01:24:09.401063,12903.074,39898.918,1.483,1333.01,18419.257,0.005,0.0
341.605,2026-06-26T01:24:09.556675,12903.074,39898.918,1.355,1333.34,18419.257,2.129,0.0
341.705,2026-06-26T01:24:09.657109,12903.074,39898.918,1.181,1333.341,18419.257,0.005,0.0
341.86,2026-06-26T01:24:09.812068,12903.824,39898.918,2.508,1333.671,18419.257,2.137,0.0
341.961,2026-06-26T01:24:09.912483,12903.824,39898.918,1.988,1333.672,18419.257,0.005,0.0
342.117,2026-06-26T01:24:10.068400,12903.824,39898.918,1.708,1334.003,18419.257,2.124,0.0
342.217,2026-06-26T01:24:10.168834,12903.824,39898.918,1.428,1334.003,18419.257,0.005,0.0
342.372,2026-06-26T01:24:10.323913,12904.074,39898.918,2.649,1334.334,18419.257,2.136,0.0
342.473,2026-06-26T01:24:10.424346,12904.074,39898.918,2.087,1334.334,18419.257,0.005,0.0
342.629,2026-06-26T01:24:10.580238,12904.074,39898.918,1.777,1334.666,18419.257,2.128,0.0
342.729,2026-06-26T01:24:10.680661,12904.074,39898.918,1.477,1334.666,18419.257,0.005,0.0
342.885,2026-06-26T01:24:10.836655,12904.074,39898.918,1.35,1334.998,18419.257,2.13,0.0
342.985,2026-06-26T01:24:10.937085,12904.074,39898.918,1.178,1334.998,18419.257,0.005,0.0
343.142,2026-06-26T01:24:11.093694,12904.828,39898.918,2.443,1335.33,18419.257,2.121,0.0
343.242,2026-06-26T01:24:11.194134,12904.828,39898.918,1.966,1335.33,18419.257,0.005,0.0
343.398,2026-06-26T01:24:11.350182,12904.828,39898.918,1.692,1335.662,18419.257,2.129,0.0
343.499,2026-06-26T01:24:11.450625,12904.828,39898.918,1.417,1335.662,18419.257,0.005,0.0
343.656,2026-06-26T01:24:11.607825,12904.828,39898.918,2.589,1335.994,18419.257,2.111,0.0
343.757,2026-06-26T01:24:11.708265,12904.828,39898.918,2.045,1335.994,18419.257,0.005,0.0
343.913,2026-06-26T01:24:11.864372,12904.828,39898.918,1.747,1336.325,18419.257,2.121,0.0
344.013,2026-06-26T01:24:11.964809,12904.828,39898.918,1.456,1336.325,18419.257,0.005,0.0
344.169,2026-06-26T01:24:12.120752,12904.828,39898.918,1.35,1336.656,18419.257,2.124,0.0
344.269,2026-06-26T01:24:12.221210,12904.828,39898.918,1.178,1336.656,18419.257,0.005,0.0
344.444,2026-06-26T01:24:12.396058,12905.578,39898.918,2.354,1336.987,18419.257,1.894,0.0
344.545,2026-06-26T01:24:12.496506,12905.578,39898.918,1.881,1336.987,18419.257,0.005,0.0
344.701,2026-06-26T01:24:12.652858,12905.578,39898.918,1.647,1337.318,18419.257,2.118,0.0
344.802,2026-06-26T01:24:12.753294,12905.578,39898.918,1.386,1337.319,18419.257,0.005,0.0
344.958,2026-06-26T01:24:12.910163,12905.703,39898.918,2.496,1337.649,18419.257,2.111,0.0
345.059,2026-06-26T01:24:13.010605,12905.703,39898.918,2.003,1337.65,18419.257,0.005,0.0
345.215,2026-06-26T01:24:13.166608,12905.703,39898.918,1.718,1337.98,18419.257,2.123,0.0
345.315,2026-06-26T01:24:13.267044,12905.828,39898.918,1.435,1337.981,18419.257,0.005,0.0
345.471,2026-06-26T01:24:13.423098,12905.828,39898.918,1.321,1338.312,18419.257,2.122,0.0
345.572,2026-06-26T01:24:13.523539,12905.828,39898.918,1.157,1338.312,18419.257,0.005,0.0
345.731,2026-06-26T01:24:13.683048,12906.578,39898.918,2.369,1338.644,18419.257,2.083,0.0
345.832,2026-06-26T01:24:13.783490,12906.578,39898.918,1.891,1338.644,18419.257,0.005,0.0
345.99,2026-06-26T01:24:13.941747,12906.578,39898.918,1.65,1338.976,18419.257,2.099,0.0
346.09,2026-06-26T01:24:14.042189,12906.578,39898.918,1.388,1338.976,18419.257,0.005,0.0
346.251,2026-06-26T01:24:14.203222,12906.578,39898.918,2.487,1339.308,18419.257,2.063,0.0
346.352,2026-06-26T01:24:14.303669,12906.578,39898.918,1.997,1339.309,18419.257,0.005,0.0
346.508,2026-06-26T01:24:14.459799,12906.578,39898.918,1.713,1339.64,18419.257,2.128,0.0
346.609,2026-06-26T01:24:14.560233,12906.578,39898.918,1.432,1339.641,18419.257,0.005,0.0
346.765,2026-06-26T01:24:14.716356,12906.578,39898.918,1.333,1339.971,18419.257,2.121,0.0
346.865,2026-06-26T01:24:14.816795,12906.578,39898.918,1.166,1339.972,18419.257,0.005,0.0
347.023,2026-06-26T01:24:14.974818,12907.328,39898.918,1.796,1340.303,18419.257,2.096,0.0
347.124,2026-06-26T01:24:15.075267,12907.328,39898.918,2.516,1340.303,18419.257,0.005,0.0
347.28,2026-06-26T01:24:15.231768,12907.328,39898.918,2.091,1340.634,18419.257,2.116,0.0
347.38,2026-06-26T01:24:15.332215,12907.328,39898.918,1.696,1340.634,18419.257,0.005,0.0
347.539,2026-06-26T01:24:15.490802,12907.332,39898.918,1.572,1340.966,18419.257,2.092,0.0
347.64,2026-06-26T01:24:15.591283,12907.453,39898.918,3.174,1340.966,18419.257,0.005,0.0
347.796,2026-06-26T01:24:15.747541,12907.453,39898.918,2.537,1341.298,18419.257,2.125,0.0
347.896,2026-06-26T01:24:15.847984,12907.578,39898.918,2.009,1341.298,18419.257,0.005,0.0
348.053,2026-06-26T01:24:16.004352,12907.578,39898.918,1.721,1341.63,18419.257,2.124,0.0
348.153,2026-06-26T01:24:16.104775,12907.578,39898.918,1.461,1341.63,18419.257,0.005,0.0
348.31,2026-06-26T01:24:16.261242,12907.578,39898.918,1.338,1341.962,18419.257,2.123,0.0
348.41,2026-06-26T01:24:16.361683,12908.328,39898.918,3.173,1341.962,18419.257,0.005,0.0
348.567,2026-06-26T01:24:16.518318,12908.328,39898.918,2.551,1342.294,18419.257,2.12,0.0
348.667,2026-06-26T01:24:16.618761,12908.328,39898.918,2.018,1342.294,18419.257,0.005,0.0
348.823,2026-06-26T01:24:16.775132,12908.328,39898.918,1.713,1342.625,18419.257,2.118,0.0
348.924,2026-06-26T01:24:16.875576,12908.328,39898.918,3.296,1342.625,18419.257,0.005,0.0
349.08,2026-06-26T01:24:17.031714,12908.328,39898.918,2.623,1342.956,18419.257,2.121,0.0
349.18,2026-06-26T01:24:17.132127,12908.328,39898.918,2.069,1342.957,18419.257,0.005,0.0
349.336,2026-06-26T01:24:17.288116,12908.328,39898.918,1.764,1343.287,18419.257,2.123,0.0
349.437,2026-06-26T01:24:17.388559,12908.328,39898.918,1.468,1343.288,18419.257,0.005,0.0
349.593,2026-06-26T01:24:17.544591,12908.328,39898.918,1.358,1343.618,18419.257,2.123,0.0
349.693,2026-06-26T01:24:17.645011,12909.078,39898.918,3.164,1343.619,18419.257,0.005,0.0
349.849,2026-06-26T01:24:17.801053,12909.078,39898.918,2.531,1343.949,18419.257,2.122,0.0
349.95,2026-06-26T01:24:17.901500,12909.078,39898.918,1.981,1343.95,18419.257,0.005,0.0
350.106,2026-06-26T01:24:18.057555,12909.078,39898.918,1.718,1344.281,18419.257,2.122,0.0
350.206,2026-06-26T01:24:18.157989,12909.203,39898.918,3.392,1344.281,18419.257,0.005,0.0
350.363,2026-06-26T01:24:18.314289,12909.203,39898.918,2.69,1344.612,18419.257,2.119,0.0
350.463,2026-06-26T01:24:18.414730,12909.328,39898.918,2.116,1344.612,18419.257,0.005,0.0
350.619,2026-06-26T01:24:18.571046,12909.328,39898.918,1.811,1344.943,18419.257,2.119,0.0
350.72,2026-06-26T01:24:18.671477,12909.328,39898.918,1.501,1344.943,18419.257,0.005,0.0
350.875,2026-06-26T01:24:18.827113,12909.328,39898.918,1.367,1345.274,18419.257,2.128,0.0
350.976,2026-06-26T01:24:18.927550,12910.078,39898.918,3.217,1345.275,18419.257,0.005,0.0
351.132,2026-06-26T01:24:19.083868,12910.078,39898.918,2.582,1345.605,18419.257,2.119,0.0
351.233,2026-06-26T01:24:19.184308,12910.078,39898.918,2.041,1345.606,18419.257,0.005,0.0
351.389,2026-06-26T01:24:19.340871,12910.078,39898.918,1.743,1345.936,18419.257,2.115,0.0
351.49,2026-06-26T01:24:19.441291,12910.078,39898.918,3.434,1345.937,18419.257,0.005,0.0
351.646,2026-06-26T01:24:19.597825,12910.078,39898.918,2.719,1346.267,18419.257,2.116,0.0
351.747,2026-06-26T01:24:19.698264,12910.078,39898.918,2.136,1346.268,18419.257,0.005,0.0
351.903,2026-06-26T01:24:19.854510,12910.078,39898.918,1.81,1346.599,18419.257,2.12,0.0
352.003,2026-06-26T01:24:19.954944,12910.078,39898.918,1.5,1346.599,18419.257,0.005,0.0
352.159,2026-06-26T01:24:20.111035,12910.078,39898.918,1.366,1346.93,18419.257,2.122,0.0
352.26,2026-06-26T01:24:20.211450,12910.828,39898.918,3.24,1346.93,18419.257,0.005,0.0
352.416,2026-06-26T01:24:20.367637,12910.828,39898.918,2.584,1347.261,18419.257,2.12,0.0
352.516,2026-06-26T01:24:20.468078,12910.828,39898.918,2.041,1347.261,18419.257,0.005,0.0
352.656,2026-06-26T01:24:20.607561,12910.828,39898.918,1.732,1347.593,18419.257,2.382,0.0
352.756,2026-06-26T01:24:20.707995,12910.828,39898.918,1.445,1347.593,18419.257,0.005,0.0
352.912,2026-06-26T01:24:20.863717,12910.844,39898.918,2.518,1347.925,18419.257,2.133,0.0
353.012,2026-06-26T01:24:20.964178,12910.844,39898.918,1.996,1347.926,18419.257,0.005,0.0
353.168,2026-06-26T01:24:21.120161,12910.844,39898.918,1.728,1348.257,18419.257,2.129,0.0
353.269,2026-06-26T01:24:21.220599,12910.844,39898.918,1.443,1348.258,18419.257,0.005,0.0
353.425,2026-06-26T01:24:21.376757,12910.844,39898.918,1.325,1348.589,18419.257,2.127,0.0
353.525,2026-06-26T01:24:21.477218,12910.844,39898.918,1.161,1348.59,18419.257,0.005,0.0
353.682,2026-06-26T01:24:21.633325,12911.613,39898.918,2.406,1348.921,18419.257,2.124,0.0
353.782,2026-06-26T01:24:21.733759,12911.613,39898.918,1.94,1348.921,18419.257,0.005,0.0
353.938,2026-06-26T01:24:21.889547,12911.613,39898.918,1.659,1349.252,18419.257,2.126,0.0
354.038,2026-06-26T01:24:21.989983,12911.613,39898.918,1.395,1349.252,18419.257,0.005,0.0
354.194,2026-06-26T01:24:22.145762,12911.867,39898.918,2.497,1349.583,18419.257,2.126,0.0
354.294,2026-06-26T01:24:22.246218,12911.867,39898.918,1.981,1349.584,18419.257,0.005,0.0
354.45,2026-06-26T01:24:22.401941,12911.867,39898.918,1.718,1349.914,18419.257,2.127,0.0
354.551,2026-06-26T01:24:22.502382,12911.867,39898.918,1.436,1349.915,18419.257,0.005,0.0
354.706,2026-06-26T01:24:22.658120,12911.867,39898.918,1.306,1350.245,18419.257,2.126,0.0
354.807,2026-06-26T01:24:22.758561,12911.867,39898.918,1.147,1350.246,18419.257,0.005,0.0
354.963,2026-06-26T01:24:22.914393,12912.617,39898.918,2.459,1350.576,18419.257,2.125,0.0
355.063,2026-06-26T01:24:23.014837,12912.617,39898.918,1.954,1350.577,18419.257,0.005,0.0
355.219,2026-06-26T01:24:23.170535,12912.617,39898.918,1.684,1350.908,18419.257,2.127,0.0
355.319,2026-06-26T01:24:23.270975,12912.617,39898.918,1.412,1350.908,18419.257,0.005,0.0
355.487,2026-06-26T01:24:23.439093,12912.742,39898.918,2.523,1351.239,18419.257,1.97,0.0
355.588,2026-06-26T01:24:23.539542,12912.742,39898.918,1.999,1351.239,18419.257,0.005,0.0
355.743,2026-06-26T01:24:23.695118,12912.742,39898.918,1.716,1351.57,18419.257,2.129,0.0
355.844,2026-06-26T01:24:23.795570,12912.867,39898.918,1.434,1351.57,18419.257,0.005,0.0
356.0,2026-06-26T01:24:23.951307,12912.867,39898.918,1.335,1351.901,18419.257,2.126,0.0
356.1,2026-06-26T01:24:24.051751,12912.867,39898.918,1.168,1351.902,18419.257,0.005,0.0
356.26,2026-06-26T01:24:24.211323,12913.617,39898.918,2.464,1352.232,18419.257,2.076,0.0
356.36,2026-06-26T01:24:24.311766,12913.617,39898.918,1.958,1352.233,18419.257,0.005,0.0
356.518,2026-06-26T01:24:24.470024,12913.617,39898.918,1.696,1352.563,18419.257,2.092,0.0
356.619,2026-06-26T01:24:24.570564,12913.617,39898.918,1.42,1352.564,18419.257,0.005,0.0
356.78,2026-06-26T01:24:24.731254,12913.617,39898.918,2.585,1352.895,18419.257,2.06,0.0
356.88,2026-06-26T01:24:24.831793,12913.617,39898.918,2.042,1352.895,18419.257,0.005,0.0
357.036,2026-06-26T01:24:24.987611,12913.617,39898.918,1.746,1353.226,18419.257,2.127,0.0
357.136,2026-06-26T01:24:25.088049,12913.617,39898.918,1.455,1353.226,18419.257,0.005,0.0
357.292,2026-06-26T01:24:25.243429,12913.617,39898.918,1.336,1353.557,18419.257,2.132,0.0
357.392,2026-06-26T01:24:25.343871,12913.617,39898.918,1.168,1353.557,18419.257,0.005,0.0
357.556,2026-06-26T01:24:25.507479,12914.367,39898.918,3.499,1353.889,18419.257,2.028,0.0
357.656,2026-06-26T01:24:25.607920,12914.367,39898.918,2.682,1353.889,18419.257,0.005,0.0
357.815,2026-06-26T01:24:25.766482,12914.367,39898.918,2.203,1354.221,18419.257,2.094,0.0
357.915,2026-06-26T01:24:25.867016,12914.367,39898.918,1.775,1354.221,18419.257,0.005,0.0
358.076,2026-06-26T01:24:26.028011,12914.492,39898.918,2.788,1354.553,18419.257,2.063,0.0
358.177,2026-06-26T01:24:26.128557,12914.492,39898.918,2.207,1354.553,18419.257,0.005,0.0
358.333,2026-06-26T01:24:26.284729,12914.492,39898.918,1.861,1354.885,18419.257,2.127,0.0
358.433,2026-06-26T01:24:26.385185,12914.617,39898.918,1.535,1354.885,18419.257,0.005,0.0
358.589,2026-06-26T01:24:26.540561,12914.617,39898.918,1.392,1355.217,18419.257,2.137,0.0
358.689,2026-06-26T01:24:26.640999,12914.617,39898.918,1.207,1355.217,18419.257,0.005,0.0
358.845,2026-06-26T01:24:26.796754,12914.617,39898.918,1.161,1355.548,18419.257,2.126,0.0
358.945,2026-06-26T01:24:26.897206,12915.367,39898.918,2.933,1355.548,18419.257,0.005,0.0
359.101,2026-06-26T01:24:27.052919,12915.367,39898.918,2.37,1355.879,18419.257,2.127,0.0
359.202,2026-06-26T01:24:27.153348,12915.367,39898.918,1.869,1355.88,18419.257,0.005,0.0
359.358,2026-06-26T01:24:27.309485,12915.367,39898.918,1.638,1356.21,18419.257,2.121,0.0
359.458,2026-06-26T01:24:27.409922,12915.367,39898.918,3.313,1356.211,18419.257,0.005,0.0
359.614,2026-06-26T01:24:27.565297,12915.367,39898.918,2.622,1356.541,18419.257,2.132,0.0
359.714,2026-06-26T01:24:27.665738,12915.367,39898.918,2.068,1356.542,18419.257,0.005,0.0
359.87,2026-06-26T01:24:27.821454,12915.367,39898.918,1.779,1356.873,18419.257,2.127,0.0
359.97,2026-06-26T01:24:27.921873,12915.367,39898.918,1.478,1356.873,18419.257,0.005,0.0
360.126,2026-06-26T01:24:28.077288,12915.367,39898.918,1.352,1357.204,18419.257,2.135,0.0
360.226,2026-06-26T01:24:28.177714,12916.117,39898.918,3.183,1357.205,18419.257,0.005,0.0
360.382,2026-06-26T01:24:28.333522,12916.117,39898.918,2.544,1357.536,18419.257,2.13,0.0
360.482,2026-06-26T01:24:28.433960,12916.117,39898.918,2.037,1357.537,18419.257,0.005,0.0
360.638,2026-06-26T01:24:28.589707,12916.117,39898.918,1.742,1357.868,18419.257,2.131,0.0
360.738,2026-06-26T01:24:28.690120,12916.242,39898.918,3.387,1357.868,18419.257,0.005,0.0
360.894,2026-06-26T01:24:28.846146,12916.242,39898.918,2.702,1358.2,18419.257,2.127,0.0
360.995,2026-06-26T01:24:28.946581,12916.367,39898.918,2.124,1358.2,18419.257,0.005,0.0
361.151,2026-06-26T01:24:29.102462,12916.367,39898.918,1.803,1358.532,18419.257,2.129,0.0
361.251,2026-06-26T01:24:29.202898,12916.367,39898.918,1.495,1358.532,18419.257,0.005,0.0
361.407,2026-06-26T01:24:29.358638,12916.367,39898.918,1.348,1358.863,18419.257,2.131,0.0
361.507,2026-06-26T01:24:29.459050,12917.117,39898.918,3.204,1358.864,18419.257,0.005,0.0
361.663,2026-06-26T01:24:29.614860,12917.117,39898.918,2.559,1359.195,18419.257,2.13,0.0
361.764,2026-06-26T01:24:29.715300,12917.117,39898.918,2.024,1359.196,18419.257,0.005,0.0
361.92,2026-06-26T01:24:29.871654,12917.117,39898.918,1.732,1359.527,18419.257,2.122,0.0
362.02,2026-06-26T01:24:29.972065,12917.117,39898.918,3.403,1359.527,18419.257,0.005,0.0
362.176,2026-06-26T01:24:30.127763,12917.117,39898.918,2.698,1359.859,18419.257,2.131,0.0
362.276,2026-06-26T01:24:30.228218,12917.117,39898.918,2.145,1359.859,18419.257,0.005,0.0
362.432,2026-06-26T01:24:30.383509,12917.117,39898.918,1.819,1360.191,18419.257,2.137,0.0
362.532,2026-06-26T01:24:30.483945,12917.117,39898.918,1.506,1360.191,18419.257,0.005,0.0
362.688,2026-06-26T01:24:30.639823,12917.117,39898.918,1.37,1360.523,18419.257,2.131,0.0
362.789,2026-06-26T01:24:30.740253,12917.867,39898.918,3.172,1360.523,18419.257,0.005,0.0
362.944,2026-06-26T01:24:30.895953,12917.867,39898.918,2.537,1360.855,18419.257,2.134,0.0
363.045,2026-06-26T01:24:30.996401,12917.867,39898.918,2.009,1360.855,18419.257,0.005,0.0
363.201,2026-06-26T01:24:31.152613,12917.867,39898.918,1.737,1361.187,18419.257,2.126,0.0
363.301,2026-06-26T01:24:31.253014,12917.867,39898.918,2.451,1361.187,18419.257,0.005,0.0
363.457,2026-06-26T01:24:31.408423,12917.867,39898.918,2.652,1361.519,18419.257,2.137,0.0
363.557,2026-06-26T01:24:31.508881,12917.867,39898.918,2.089,1361.519,18419.257,0.005,0.0
363.697,2026-06-26T01:24:31.648372,12917.867,39898.918,1.765,1361.85,18419.257,2.376,0.0
363.797,2026-06-26T01:24:31.748805,12917.867,39898.918,1.469,1361.85,18419.257,0.005,0.0
363.953,2026-06-26T01:24:31.904340,12917.867,39898.918,1.36,1362.181,18419.257,2.129,0.0
364.053,2026-06-26T01:24:32.004777,12917.867,39898.918,1.185,1362.181,18419.257,0.005,0.0
364.209,2026-06-26T01:24:32.160472,12918.617,39898.918,2.427,1362.512,18419.257,2.127,0.0
364.309,2026-06-26T01:24:32.260908,12918.617,39898.918,1.932,1362.513,18419.257,0.005,0.0
364.464,2026-06-26T01:24:32.415331,12918.617,39898.918,1.656,1362.843,18419.257,2.145,0.0
364.564,2026-06-26T01:24:32.515771,12918.617,39898.918,1.392,1362.844,18419.257,0.005,0.0
364.719,2026-06-26T01:24:32.671124,12918.742,39898.918,2.56,1363.174,18419.257,2.132,0.0
364.82,2026-06-26T01:24:32.771575,12918.742,39898.918,2.049,1363.175,18419.257,0.005,0.0
364.975,2026-06-26T01:24:32.926709,12918.867,39898.918,1.736,1363.506,18419.257,2.135,0.0
365.075,2026-06-26T01:24:33.027188,12918.867,39898.918,1.472,1363.506,18419.257,0.005,0.0
365.231,2026-06-26T01:24:33.182543,12918.867,39898.918,1.347,1363.836,18419.257,2.13,0.0
365.331,2026-06-26T01:24:33.282976,12918.867,39898.918,1.176,1363.837,18419.257,0.005,0.0
365.487,2026-06-26T01:24:33.438418,12919.617,39898.918,2.454,1364.168,18419.257,2.131,0.0
365.587,2026-06-26T01:24:33.538855,12919.617,39898.918,1.95,1364.168,18419.257,0.005,0.0
365.743,2026-06-26T01:24:33.694356,12919.617,39898.918,1.682,1364.499,18419.257,2.13,0.0
365.843,2026-06-26T01:24:33.794794,12919.617,39898.918,1.41,1364.499,18419.257,0.005,0.0
365.998,2026-06-26T01:24:33.950198,12919.742,39898.918,2.588,1364.83,18419.257,2.131,0.0
366.099,2026-06-26T01:24:34.050610,12919.742,39898.918,2.044,1364.83,18419.257,0.005,0.0
366.254,2026-06-26T01:24:34.206082,12919.867,39898.918,1.748,1365.161,18419.257,2.13,0.0
366.355,2026-06-26T01:24:34.306529,12919.867,39898.918,1.457,1365.161,18419.257,0.005,0.0
366.51,2026-06-26T01:24:34.462038,12919.867,39898.918,1.336,1365.492,18419.257,2.129,0.0
366.611,2026-06-26T01:24:34.562483,12919.867,39898.918,1.168,1365.493,18419.257,0.005,0.0
366.78,2026-06-26T01:24:34.731281,12920.617,39898.918,2.374,1365.823,18419.257,1.962,0.0
366.88,2026-06-26T01:24:34.831723,12920.617,39898.918,1.895,1365.824,18419.257,0.005,0.0
367.035,2026-06-26T01:24:34.987171,12920.617,39898.918,1.643,1366.154,18419.257,2.131,0.0
367.136,2026-06-26T01:24:35.087610,12920.617,39898.918,1.383,1366.155,18419.257,0.005,0.0
367.293,2026-06-26T01:24:35.244635,12920.617,39898.918,2.582,1366.486,18419.257,2.109,0.0
367.393,2026-06-26T01:24:35.345075,12920.617,39898.918,2.04,1366.486,18419.257,0.005,0.0
367.551,2026-06-26T01:24:35.502305,12920.617,39898.918,1.742,1366.817,18419.257,2.11,0.0
367.651,2026-06-26T01:24:35.602745,12920.617,39898.918,1.475,1366.818,18419.257,0.005,0.0
367.806,2026-06-26T01:24:35.758200,12920.617,39898.918,1.35,1367.149,18419.257,2.136,0.0
367.907,2026-06-26T01:24:35.858649,12920.617,39898.918,1.178,1367.15,18419.257,0.005,0.0
368.067,2026-06-26T01:24:36.018993,12921.367,39898.918,2.434,1367.481,18419.257,2.071,0.0
368.168,2026-06-26T01:24:36.119445,12921.367,39898.918,1.937,1367.482,18419.257,0.005,0.0
368.325,2026-06-26T01:24:36.276781,12921.367,39898.918,1.684,1367.813,18419.257,2.11,0.0
368.426,2026-06-26T01:24:36.377226,12921.367,39898.918,1.412,1367.814,18419.257,0.005,0.0
368.585,2026-06-26T01:24:36.536868,12921.367,39898.918,2.546,1368.145,18419.257,2.08,0.0
368.686,2026-06-26T01:24:36.637314,12921.367,39898.918,2.015,1368.146,18419.257,0.005,0.0
368.841,2026-06-26T01:24:36.792913,12921.367,39898.918,1.727,1368.477,18419.257,2.128,0.0
368.942,2026-06-26T01:24:36.893359,12921.367,39898.918,1.465,1368.477,18419.257,0.005,0.0
369.097,2026-06-26T01:24:37.049074,12921.367,39898.918,1.327,1368.808,18419.257,2.126,0.0
369.198,2026-06-26T01:24:37.149493,12921.367,39898.918,1.162,1368.808,18419.257,0.005,0.0
369.359,2026-06-26T01:24:37.311203,12922.117,39898.918,2.38,1369.139,18419.257,2.047,0.0
369.46,2026-06-26T01:24:37.411748,12922.117,39898.918,1.922,1369.139,18419.257,0.005,0.0
369.616,2026-06-26T01:24:37.568073,12922.117,39898.918,1.645,1369.47,18419.257,2.12,0.0
369.717,2026-06-26T01:24:37.668523,12922.117,39898.918,1.385,1369.47,18419.257,0.005,0.0
369.875,2026-06-26T01:24:37.826872,12922.242,39898.918,1.592,1369.801,18419.257,2.091,0.0
369.976,2026-06-26T01:24:37.927334,12922.242,39898.918,2.838,1369.802,18419.257,0.005,0.0
370.132,2026-06-26T01:24:38.083681,12922.367,39898.918,2.302,1370.132,18419.257,2.119,0.0
370.232,2026-06-26T01:24:38.184118,12922.367,39898.918,1.844,1370.133,18419.257,0.005,0.0
370.388,2026-06-26T01:24:38.340056,12922.367,39898.918,1.607,1370.463,18419.257,2.124,0.0
370.489,2026-06-26T01:24:38.440500,12922.367,39898.918,1.358,1370.464,18419.257,0.005,0.0
370.645,2026-06-26T01:24:38.596946,12922.367,39898.918,1.265,1370.794,18419.257,2.117,0.0
370.746,2026-06-26T01:24:38.697374,12923.117,39898.918,3.146,1370.795,18419.257,0.005,0.0
370.902,2026-06-26T01:24:38.853928,12923.117,39898.918,2.517,1371.126,18419.257,2.115,0.0
371.003,2026-06-26T01:24:38.954372,12923.117,39898.918,1.995,1371.126,18419.257,0.005,0.0
371.159,2026-06-26T01:24:39.110574,12923.117,39898.918,1.727,1371.457,18419.257,2.12,0.0
371.259,2026-06-26T01:24:39.211015,12923.117,39898.918,3.422,1371.457,18419.257,0.005,0.0
371.415,2026-06-26T01:24:39.366896,12923.117,39898.918,2.712,1371.788,18419.257,2.125,0.0
371.516,2026-06-26T01:24:39.467331,12923.117,39898.918,2.131,1371.788,18419.257,0.005,0.0
371.672,2026-06-26T01:24:39.623517,12923.117,39898.918,1.807,1372.119,18419.257,2.12,0.0
371.772,2026-06-26T01:24:39.723957,12923.117,39898.918,1.498,1372.119,18419.257,0.005,0.0
371.928,2026-06-26T01:24:39.880214,12923.117,39898.918,1.364,1372.45,18419.257,2.12,0.0
372.029,2026-06-26T01:24:39.980649,12923.867,39898.918,3.238,1372.451,18419.257,0.005,0.0
372.185,2026-06-26T01:24:40.136944,12923.867,39898.918,2.597,1372.781,18419.257,2.119,0.0
372.286,2026-06-26T01:24:40.237394,12923.867,39898.918,2.051,1372.782,18419.257,0.005,0.0
372.442,2026-06-26T01:24:40.393602,12923.867,39898.918,1.751,1373.112,18419.257,2.12,0.0
372.542,2026-06-26T01:24:40.494036,12923.992,39898.918,3.462,1373.113,18419.257,0.005,0.0
372.7,2026-06-26T01:24:40.652222,12924.117,39898.918,2.72,1373.444,18419.257,2.099,0.0
372.801,2026-06-26T01:24:40.752656,12924.117,39898.918,2.161,1373.445,18419.257,0.005,0.0
372.959,2026-06-26T01:24:40.910919,12924.117,39898.918,1.838,1373.776,18419.257,2.098,0.0
373.06,2026-06-26T01:24:41.011365,12924.117,39898.918,1.52,1373.777,18419.257,0.005,0.0
373.217,2026-06-26T01:24:41.168955,12924.117,39898.918,1.391,1374.108,18419.257,2.107,0.0
373.318,2026-06-26T01:24:41.269412,12924.867,39898.918,3.256,1374.109,18419.257,0.005,0.0
373.476,2026-06-26T01:24:41.427805,12924.867,39898.918,2.605,1374.44,18419.257,2.098,0.0
373.577,2026-06-26T01:24:41.528245,12924.867,39898.918,2.057,1374.441,18419.257,0.005,0.0
373.716,2026-06-26T01:24:41.667753,12924.867,39898.918,1.726,1374.772,18419.257,2.374,0.0
373.816,2026-06-26T01:24:41.768204,12924.867,39898.918,3.305,1374.772,18419.257,0.005,0.0
373.974,2026-06-26T01:24:41.925773,12924.867,39898.918,2.641,1375.103,18419.257,2.102,0.0
374.074,2026-06-26T01:24:42.026211,12924.867,39898.918,2.082,1375.103,18419.257,0.005,0.0
374.232,2026-06-26T01:24:42.183843,12924.867,39898.918,1.77,1375.434,18419.257,2.101,0.0
374.333,2026-06-26T01:24:42.284281,12924.867,39898.918,1.472,1375.434,18419.257,0.005,0.0
374.49,2026-06-26T01:24:42.441923,12924.867,39898.918,1.358,1375.765,18419.257,2.101,0.0
374.591,2026-06-26T01:24:42.542343,12925.617,39898.918,3.211,1375.765,18419.257,0.005,0.0
374.749,2026-06-26T01:24:42.700405,12925.617,39898.918,2.559,1376.096,18419.257,2.095,0.0
374.849,2026-06-26T01:24:42.800850,12925.617,39898.918,2.048,1376.097,18419.257,0.005,0.0
375.006,2026-06-26T01:24:42.957298,12925.617,39898.918,1.748,1376.427,18419.257,2.117,0.0
375.106,2026-06-26T01:24:43.057710,12925.742,39898.918,3.415,1376.428,18419.257,0.005,0.0
375.264,2026-06-26T01:24:43.215651,12925.867,39898.918,2.702,1376.758,18419.257,2.097,0.0
375.364,2026-06-26T01:24:43.316122,12925.867,39898.918,2.148,1376.759,18419.257,0.005,0.0
375.522,2026-06-26T01:24:43.473784,12925.867,39898.918,1.816,1377.09,18419.257,2.101,0.0
375.622,2026-06-26T01:24:43.574221,12925.867,39898.918,1.527,1377.09,18419.257,0.005,0.0
375.78,2026-06-26T01:24:43.731822,12925.867,39898.918,1.382,1377.421,18419.257,2.101,0.0
375.881,2026-06-26T01:24:43.832256,12926.617,39898.918,3.227,1377.421,18419.257,0.005,0.0
376.038,2026-06-26T01:24:43.989837,12926.617,39898.918,2.572,1377.752,18419.257,2.101,0.0
376.139,2026-06-26T01:24:44.090282,12926.617,39898.918,2.033,1377.752,18419.257,0.005,0.0
376.296,2026-06-26T01:24:44.248207,12926.617,39898.918,1.75,1378.083,18419.257,2.097,0.0
376.397,2026-06-26T01:24:44.348643,12926.867,39898.918,3.415,1378.083,18419.257,0.005,0.0
376.555,2026-06-26T01:24:44.506509,12926.867,39898.918,2.732,1378.414,18419.257,2.098,0.0
376.655,2026-06-26T01:24:44.606950,12926.867,39898.918,2.146,1378.415,18419.257,0.005,0.0
376.813,2026-06-26T01:24:44.764915,12926.867,39898.918,1.814,1378.745,18419.257,2.097,0.0
376.914,2026-06-26T01:24:44.865358,12926.867,39898.918,1.503,1378.746,18419.257,0.005,0.0
377.072,2026-06-26T01:24:45.023243,12926.867,39898.918,1.379,1379.076,18419.257,2.097,0.0
377.172,2026-06-26T01:24:45.123651,12927.617,39898.918,3.226,1379.077,18419.257,0.005,0.0
377.33,2026-06-26T01:24:45.281518,12927.617,39898.918,2.57,1379.407,18419.257,2.098,0.0
377.43,2026-06-26T01:24:45.381963,12927.617,39898.918,2.055,1379.408,18419.257,0.005,0.0
377.589,2026-06-26T01:24:45.540657,12927.617,39898.918,1.749,1379.739,18419.257,2.087,0.0
377.689,2026-06-26T01:24:45.641059,12927.617,39898.918,3.205,1379.739,18419.257,0.005,0.0
377.847,2026-06-26T01:24:45.799149,12927.617,39898.918,2.63,1380.071,18419.257,2.101,0.0
377.948,2026-06-26T01:24:45.899561,12927.617,39898.918,2.074,1380.071,18419.257,0.005,0.0
378.106,2026-06-26T01:24:46.057589,12927.617,39898.918,1.778,1380.403,18419.257,2.101,0.0
378.206,2026-06-26T01:24:46.158028,12927.617,39898.918,1.478,1380.403,18419.257,0.005,0.0
378.364,2026-06-26T01:24:46.316111,12927.617,39898.918,1.346,1380.735,18419.257,2.101,0.0
378.465,2026-06-26T01:24:46.416535,12928.371,39898.918,3.156,1380.735,18419.257,0.005,0.0
378.623,2026-06-26T01:24:46.574570,12928.371,39898.918,2.536,1381.066,18419.257,2.099,0.0
378.723,2026-06-26T01:24:46.675000,12928.371,39898.918,2.008,1381.067,18419.257,0.005,0.0
378.881,2026-06-26T01:24:46.833095,12928.371,39898.918,1.732,1381.398,18419.257,2.095,0.0
378.982,2026-06-26T01:24:46.933532,12928.371,39898.918,3.263,1381.398,18419.257,0.005,0.0
379.139,2026-06-26T01:24:47.091062,12928.371,39898.918,2.597,1381.729,18419.257,2.102,0.0
379.24,2026-06-26T01:24:47.191495,12928.371,39898.918,2.051,1381.729,18419.257,0.005,0.0
379.398,2026-06-26T01:24:47.349392,12928.371,39898.918,1.762,1382.06,18419.257,2.097,0.0
379.498,2026-06-26T01:24:47.449833,12928.371,39898.918,1.467,1382.06,18419.257,0.005,0.0
379.656,2026-06-26T01:24:47.607855,12928.371,39898.918,1.353,1382.391,18419.257,2.096,0.0
379.757,2026-06-26T01:24:47.708291,12929.121,39898.918,3.207,1382.392,18419.257,0.005,0.0
379.914,2026-06-26T01:24:47.865828,12929.121,39898.918,2.573,1382.722,18419.257,2.102,0.0
380.015,2026-06-26T01:24:47.966262,12929.121,39898.918,2.034,1382.723,18419.257,0.005,0.0
380.172,2026-06-26T01:24:48.123792,12929.121,39898.918,1.736,1383.053,18419.257,2.102,0.0
380.273,2026-06-26T01:24:48.224243,12929.246,39898.918,3.427,1383.054,18419.257,0.005,0.0
380.431,2026-06-26T01:24:48.382306,12929.246,39898.918,2.711,1383.385,18419.257,2.096,0.0
380.531,2026-06-26T01:24:48.482748,12929.246,39898.918,2.13,1383.385,18419.257,0.005,0.0
380.689,2026-06-26T01:24:48.640896,12929.371,39898.918,1.833,1383.716,18419.257,2.094,0.0
380.79,2026-06-26T01:24:48.741334,12929.371,39898.918,1.516,1383.716,18419.257,0.005,0.0
380.947,2026-06-26T01:24:48.898881,12929.371,39898.918,1.359,1384.047,18419.257,2.102,0.0
381.048,2026-06-26T01:24:48.999320,12930.121,39898.918,3.281,1384.047,18419.257,0.005,0.0
381.205,2026-06-26T01:24:49.157014,12930.121,39898.918,2.624,1384.378,18419.257,2.1,0.0
381.306,2026-06-26T01:24:49.257460,12930.121,39898.918,2.047,1384.378,18419.257,0.005,0.0
381.463,2026-06-26T01:24:49.415104,12930.121,39898.918,1.745,1384.709,18419.257,2.101,0.0
381.564,2026-06-26T01:24:49.515551,12930.121,39898.918,3.435,1384.71,18419.257,0.005,0.0
381.721,2026-06-26T01:24:49.673089,12930.121,39898.918,2.732,1385.04,18419.257,2.102,0.0
381.822,2026-06-26T01:24:49.773532,12930.121,39898.918,2.145,1385.041,18419.257,0.005,0.0
381.979,2026-06-26T01:24:49.931117,12930.121,39898.918,1.814,1385.371,18419.257,2.102,0.0
382.08,2026-06-26T01:24:50.031563,12930.121,39898.918,1.503,1385.372,18419.257,0.005,0.0
382.237,2026-06-26T01:24:50.189089,12930.121,39898.918,1.365,1385.703,18419.257,2.102,0.0
382.338,2026-06-26T01:24:50.289527,12930.871,39898.918,3.239,1385.703,18419.257,0.005,0.0
382.496,2026-06-26T01:24:50.447655,12930.871,39898.918,2.579,1386.034,18419.257,2.093,0.0
382.596,2026-06-26T01:24:50.548208,12930.871,39898.918,2.038,1386.034,18419.257,0.005,0.0
382.76,2026-06-26T01:24:50.711511,12930.996,39898.918,2.734,1386.366,18419.257,2.034,0.0
382.86,2026-06-26T01:24:50.812046,12930.996,39898.918,2.472,1386.366,18419.257,0.005,0.0
383.03,2026-06-26T01:24:50.981571,12930.996,39898.918,2.077,1386.698,18419.257,1.96,0.0
383.13,2026-06-26T01:24:51.082016,12931.121,39898.918,1.687,1386.698,18419.257,0.005,0.0
383.288,2026-06-26T01:24:51.240015,12931.121,39898.918,1.507,1387.03,18419.257,2.102,0.0
383.389,2026-06-26T01:24:51.340457,12931.121,39898.918,1.288,1387.031,18419.257,0.005,0.0
383.55,2026-06-26T01:24:51.502189,12931.871,39898.918,2.468,1387.362,18419.257,2.053,0.0
383.651,2026-06-26T01:24:51.602626,12931.871,39898.918,1.961,1387.363,18419.257,0.005,0.0
383.81,2026-06-26T01:24:51.761696,12931.871,39898.918,1.697,1387.693,18419.257,2.082,0.0
383.91,2026-06-26T01:24:51.862134,12931.871,39898.918,1.421,1387.694,18419.257,0.005,0.0
384.072,2026-06-26T01:24:52.023320,12931.996,39898.918,2.494,1388.024,18419.257,2.055,0.0
384.172,2026-06-26T01:24:52.123759,12931.996,39898.918,1.979,1388.025,18419.257,0.005,0.0
384.33,2026-06-26T01:24:52.281469,12931.996,39898.918,1.697,1388.355,18419.257,2.1,0.0
384.43,2026-06-26T01:24:52.381908,12932.121,39898.918,1.444,1388.356,18419.257,0.005,0.0
384.588,2026-06-26T01:24:52.539628,12932.121,39898.918,1.324,1388.687,18419.257,2.1,0.0
384.688,2026-06-26T01:24:52.640070,12932.121,39898.918,1.183,1388.687,18419.257,0.005,0.0
384.852,2026-06-26T01:24:52.803297,12932.871,39898.918,2.394,1389.018,18419.257,2.028,0.0
384.952,2026-06-26T01:24:52.903827,12932.871,39898.918,1.932,1389.018,18419.257,0.005,0.0
385.113,2026-06-26T01:24:53.064269,12932.871,39898.918,1.659,1389.349,18419.257,2.063,0.0
385.213,2026-06-26T01:24:53.164765,12932.871,39898.918,1.418,1389.349,18419.257,0.005,0.0
385.374,2026-06-26T01:24:53.325512,12932.996,39898.918,2.525,1389.68,18419.257,2.06,0.0
385.474,2026-06-26T01:24:53.425953,12932.996,39898.918,2.024,1389.68,18419.257,0.005,0.0
385.63,2026-06-26T01:24:53.581740,12933.121,39898.918,1.718,1390.011,18419.257,2.126,0.0
385.73,2026-06-26T01:24:53.682199,12933.121,39898.918,1.435,1390.012,18419.257,0.005,0.0
385.886,2026-06-26T01:24:53.837569,12933.121,39898.918,1.337,1390.342,18419.257,2.132,0.0
385.986,2026-06-26T01:24:53.937996,12933.121,39898.918,1.192,1390.343,18419.257,0.005,0.0
386.147,2026-06-26T01:24:54.098225,12933.871,39898.918,2.43,1390.673,18419.257,2.067,0.0
386.247,2026-06-26T01:24:54.198665,12933.871,39898.918,1.934,1390.674,18419.257,0.005,0.0
386.405,2026-06-26T01:24:54.356995,12933.871,39898.918,1.68,1391.005,18419.257,2.092,0.0
386.506,2026-06-26T01:24:54.457442,12933.871,39898.918,1.409,1391.005,18419.257,0.005,0.0
386.666,2026-06-26T01:24:54.618108,12933.871,39898.918,2.563,1391.336,18419.257,2.06,0.0
386.767,2026-06-26T01:24:54.718634,12933.871,39898.918,2.027,1391.336,18419.257,0.005,0.0
386.923,2026-06-26T01:24:54.874704,12933.871,39898.918,1.734,1391.667,18419.257,2.123,0.0
387.023,2026-06-26T01:24:54.975155,12933.871,39898.918,1.447,1391.667,18419.257,0.005,0.0
387.179,2026-06-26T01:24:55.130570,12933.871,39898.918,1.33,1391.998,18419.257,2.131,0.0
387.279,2026-06-26T01:24:55.231006,12933.871,39898.918,1.164,1391.999,18419.257,0.005,0.0
387.435,2026-06-26T01:24:55.386393,12933.871,39898.918,1.132,1392.329,18419.257,2.131,0.0
387.535,2026-06-26T01:24:55.486834,12934.621,39898.918,3.145,1392.33,18419.257,0.005,0.0
387.691,2026-06-26T01:24:55.642572,12934.621,39898.918,2.518,1392.661,18419.257,2.133,0.0
387.791,2026-06-26T01:24:55.743010,12934.621,39898.918,1.996,1392.662,18419.257,0.005,0.0
387.947,2026-06-26T01:24:55.899028,12934.621,39898.918,1.713,1392.993,18419.257,2.129,0.0
388.048,2026-06-26T01:24:55.999473,12934.621,39898.918,3.366,1392.994,18419.257,0.005,0.0
388.204,2026-06-26T01:24:56.155416,12934.621,39898.918,2.672,1393.325,18419.257,2.13,0.0
388.304,2026-06-26T01:24:56.255858,12934.621,39898.918,2.103,1393.326,18419.257,0.005,0.0
388.46,2026-06-26T01:24:56.411886,12934.621,39898.918,1.788,1393.657,18419.257,2.129,0.0
388.561,2026-06-26T01:24:56.512326,12934.621,39898.918,1.508,1393.658,18419.257,0.005,0.0
388.716,2026-06-26T01:24:56.667976,12934.621,39898.918,1.372,1393.989,18419.257,2.127,0.0
388.817,2026-06-26T01:24:56.768422,12935.371,39898.918,3.057,1393.989,18419.257,0.005,0.0
388.973,2026-06-26T01:24:56.924608,12935.371,39898.918,2.455,1394.32,18419.257,2.12,0.0
389.073,2026-06-26T01:24:57.025051,12935.371,39898.918,1.952,1394.32,18419.257,0.005,0.0
389.229,2026-06-26T01:24:57.180626,12935.371,39898.918,1.698,1394.651,18419.257,2.129,0.0
389.329,2026-06-26T01:24:57.281054,12935.496,39898.918,3.285,1394.651,18419.257,0.005,0.0
389.485,2026-06-26T01:24:57.436908,12935.621,39898.918,2.616,1394.982,18419.257,2.125,0.0
389.586,2026-06-26T01:24:57.537354,12935.621,39898.918,2.064,1394.982,18419.257,0.005,0.0
389.741,2026-06-26T01:24:57.692976,12935.621,39898.918,1.762,1395.313,18419.257,2.128,0.0
389.842,2026-06-26T01:24:57.793422,12935.621,39898.918,1.466,1395.314,18419.257,0.005,0.0
389.998,2026-06-26T01:24:57.949435,12935.621,39898.918,1.342,1395.644,18419.257,2.123,0.0
390.098,2026-06-26T01:24:58.049854,12936.371,39898.918,3.2,1395.645,18419.257,0.005,0.0
390.254,2026-06-26T01:24:58.205824,12936.371,39898.918,2.556,1395.975,18419.257,2.124,0.0
390.355,2026-06-26T01:24:58.306264,12936.371,39898.918,2.022,1395.976,18419.257,0.005,0.0
390.51,2026-06-26T01:24:58.461720,12936.371,39898.918,1.748,1396.307,18419.257,2.13,0.0
390.61,2026-06-26T01:24:58.562134,12936.496,39898.918,3.39,1396.307,18419.257,0.005,0.0
390.766,2026-06-26T01:24:58.717734,12936.496,39898.918,2.705,1396.638,18419.257,2.129,0.0
390.866,2026-06-26T01:24:58.818192,12936.621,39898.918,2.126,1396.638,18419.257,0.005,0.0
391.022,2026-06-26T01:24:58.974000,12936.621,39898.918,1.805,1396.969,18419.257,2.125,0.0
391.123,2026-06-26T01:24:59.074445,12936.621,39898.918,1.496,1396.969,18419.257,0.005,0.0
391.278,2026-06-26T01:24:59.230093,12936.621,39898.918,1.364,1397.3,18419.257,2.128,0.0
391.379,2026-06-26T01:24:59.330534,12936.621,39898.918,1.188,1397.301,18419.257,0.005,0.0
391.535,2026-06-26T01:24:59.486487,12937.371,39898.918,2.471,1397.631,18419.257,2.124,0.0
391.635,2026-06-26T01:24:59.586926,12937.371,39898.918,1.963,1397.632,18419.257,0.005,0.0
391.791,2026-06-26T01:24:59.742737,12937.371,39898.918,1.69,1397.962,18419.257,2.126,0.0
391.891,2026-06-26T01:24:59.843192,12937.371,39898.918,1.416,1397.963,18419.257,0.005,0.0
392.047,2026-06-26T01:24:59.999189,12937.371,39898.918,2.57,1398.293,18419.257,2.123,0.0
392.148,2026-06-26T01:25:00.099629,12937.371,39898.918,2.032,1398.294,18419.257,0.005,0.0
392.304,2026-06-26T01:25:00.255478,12937.371,39898.918,1.739,1398.625,18419.257,2.125,0.0
392.404,2026-06-26T01:25:00.355919,12937.371,39898.918,1.45,1398.625,18419.257,0.005,0.0
392.562,2026-06-26T01:25:00.513704,12937.371,39898.918,1.342,1398.956,18419.257,2.103,0.0
392.662,2026-06-26T01:25:00.614114,12938.121,39898.918,1.38,1398.957,18419.257,0.005,0.0
392.819,2026-06-26T01:25:00.770858,12938.121,39898.918,2.437,1399.288,18419.257,2.125,0.0
392.92,2026-06-26T01:25:00.871293,12938.121,39898.918,1.939,1399.289,18419.257,0.005,0.0
393.075,2026-06-26T01:25:01.027005,12938.121,39898.918,1.674,1399.62,18419.257,2.132,0.0
393.176,2026-06-26T01:25:01.127457,12938.121,39898.918,1.405,1399.621,18419.257,0.005,0.0
393.334,2026-06-26T01:25:01.285349,12938.121,39898.918,2.558,1399.952,18419.257,2.103,0.0
393.434,2026-06-26T01:25:01.385786,12938.121,39898.918,2.024,1399.953,18419.257,0.005,0.0
393.592,2026-06-26T01:25:01.543956,12938.121,39898.918,1.743,1400.284,18419.257,2.1,0.0
393.693,2026-06-26T01:25:01.644398,12938.121,39898.918,1.476,1400.285,18419.257,0.005,0.0
393.851,2026-06-26T01:25:01.802271,12938.121,39898.918,1.345,1400.616,18419.257,2.097,0.0
393.951,2026-06-26T01:25:01.902690,12938.121,39898.918,1.175,1400.616,18419.257,0.005,0.0
394.107,2026-06-26T01:25:02.058562,12938.871,39898.918,2.388,1400.947,18419.257,2.124,0.0
394.207,2026-06-26T01:25:02.158983,12938.871,39898.918,1.904,1400.947,18419.257,0.005,0.0
394.363,2026-06-26T01:25:02.314764,12938.871,39898.918,1.649,1401.278,18419.257,2.126,0.0
394.463,2026-06-26T01:25:02.415216,12938.871,39898.918,1.387,1401.278,18419.257,0.005,0.0
394.619,2026-06-26T01:25:02.570884,12938.871,39898.918,2.523,1401.609,18419.257,2.127,0.0
394.72,2026-06-26T01:25:02.671304,12938.871,39898.918,1.999,1401.609,18419.257,0.005,0.0
394.876,2026-06-26T01:25:02.827355,12938.871,39898.918,1.715,1401.94,18419.257,2.122,0.0
394.976,2026-06-26T01:25:02.927793,12938.871,39898.918,1.457,1401.941,18419.257,0.005,0.0
395.132,2026-06-26T01:25:03.083806,12938.871,39898.918,1.321,1402.271,18419.257,2.123,0.0
395.232,2026-06-26T01:25:03.184208,12938.871,39898.918,1.157,1402.272,18419.257,0.005,0.0
395.389,2026-06-26T01:25:03.340271,12939.621,39898.918,2.464,1402.602,18419.257,2.122,0.0
395.489,2026-06-26T01:25:03.440712,12939.621,39898.918,1.958,1402.603,18419.257,0.005,0.0
395.645,2026-06-26T01:25:03.596971,12939.621,39898.918,1.686,1402.933,18419.257,2.119,0.0
395.746,2026-06-26T01:25:03.697414,12939.621,39898.918,1.413,1402.934,18419.257,0.005,0.0
395.901,2026-06-26T01:25:03.853083,12939.746,39898.918,2.601,1403.264,18419.257,2.127,0.0
396.002,2026-06-26T01:25:03.953515,12939.871,39898.918,2.054,1403.265,18419.257,0.005,0.0
396.158,2026-06-26T01:25:04.109437,12939.871,39898.918,1.739,1403.596,18419.257,2.124,0.0
396.258,2026-06-26T01:25:04.209876,12939.871,39898.918,1.45,1403.596,18419.257,0.005,0.0
396.414,2026-06-26T01:25:04.365589,12939.871,39898.918,1.346,1403.927,18419.257,2.127,0.0
396.514,2026-06-26T01:25:04.466028,12939.871,39898.918,1.175,1403.927,18419.257,0.005,0.0
396.671,2026-06-26T01:25:04.622909,12940.621,39898.918,2.468,1404.258,18419.257,2.111,0.0
396.772,2026-06-26T01:25:04.723354,12940.621,39898.918,1.961,1404.258,18419.257,0.005,0.0
396.928,2026-06-26T01:25:04.879793,12940.621,39898.918,1.687,1404.589,18419.257,2.117,0.0
397.029,2026-06-26T01:25:04.980232,12940.621,39898.918,1.414,1404.59,18419.257,0.005,0.0
397.187,2026-06-26T01:25:05.138692,12940.746,39898.918,2.604,1404.92,18419.257,2.09,0.0
397.287,2026-06-26T01:25:05.239156,12940.871,39898.918,2.055,1404.921,18419.257,0.005,0.0
397.443,2026-06-26T01:25:05.395080,12940.871,39898.918,1.77,1405.251,18419.257,2.124,0.0
397.544,2026-06-26T01:25:05.495536,12940.871,39898.918,1.472,1405.252,18419.257,0.005,0.0
397.7,2026-06-26T01:25:05.651459,12940.871,39898.918,1.346,1405.583,18419.257,2.13,0.0
397.8,2026-06-26T01:25:05.751894,12940.871,39898.918,1.175,1405.584,18419.257,0.005,0.0
397.959,2026-06-26T01:25:05.910696,12941.621,39898.918,2.448,1405.915,18419.257,2.091,0.0
398.059,2026-06-26T01:25:06.011160,12941.621,39898.918,1.946,1405.916,18419.257,0.005,0.0
398.217,2026-06-26T01:25:06.168259,12941.621,39898.918,1.691,1406.247,18419.257,2.114,0.0
398.317,2026-06-26T01:25:06.268700,12941.621,39898.918,1.417,1406.248,18419.257,0.005,0.0
398.477,2026-06-26T01:25:06.428381,12941.621,39898.918,2.578,1406.579,18419.257,2.079,0.0
398.577,2026-06-26T01:25:06.528822,12941.621,39898.918,2.038,1406.58,18419.257,0.005,0.0
398.717,2026-06-26T01:25:06.668396,12941.621,39898.918,1.729,1406.911,18419.257,2.38,0.0
398.817,2026-06-26T01:25:06.768825,12941.621,39898.918,1.443,1406.912,18419.257,0.005,0.0
398.975,2026-06-26T01:25:06.927032,12941.621,39898.918,1.337,1407.244,18419.257,2.099,0.0
399.076,2026-06-26T01:25:07.027477,12941.621,39898.918,1.169,1407.244,18419.257,0.005,0.0
399.236,2026-06-26T01:25:07.187439,12942.371,39898.918,2.402,1407.576,18419.257,2.076,0.0
399.336,2026-06-26T01:25:07.287877,12942.371,39898.918,1.914,1407.576,18419.257,0.005,0.0
399.493,2026-06-26T01:25:07.444370,12942.371,39898.918,1.64,1407.908,18419.257,2.122,0.0
399.593,2026-06-26T01:25:07.544812,12942.371,39898.918,1.404,1407.908,18419.257,0.005,0.0
399.752,2026-06-26T01:25:07.703386,12942.371,39898.918,2.477,1408.239,18419.257,2.088,0.0
399.852,2026-06-26T01:25:07.803825,12942.371,39898.918,1.967,1408.239,18419.257,0.005,0.0
400.008,2026-06-26T01:25:07.959654,12942.371,39898.918,1.678,1408.57,18419.257,2.125,0.0
400.108,2026-06-26T01:25:08.060090,12942.371,39898.918,1.431,1408.57,18419.257,0.005,0.0
400.264,2026-06-26T01:25:08.215460,12942.371,39898.918,1.319,1408.901,18419.257,2.132,0.0
400.364,2026-06-26T01:25:08.315892,12942.371,39898.918,1.156,1408.902,18419.257,0.005,0.0
400.526,2026-06-26T01:25:08.477446,12943.121,39898.918,2.392,1409.232,18419.257,2.049,0.0
400.626,2026-06-26T01:25:08.578007,12943.121,39898.918,1.907,1409.233,18419.257,0.005,0.0
400.766,2026-06-26T01:25:08.717816,12943.121,39898.918,1.637,1409.565,18419.257,2.386,0.0
400.867,2026-06-26T01:25:08.818249,12943.121,39898.918,1.379,1409.566,18419.257,0.005,0.0
401.006,2026-06-26T01:25:08.958002,12943.121,39898.918,1.267,1409.898,18419.257,2.383,0.0
401.107,2026-06-26T01:25:09.058435,12943.121,39898.918,3.008,1409.899,18419.257,0.005,0.0
401.265,2026-06-26T01:25:09.216848,12943.137,39898.918,2.431,1410.231,18419.257,2.102,0.0
401.366,2026-06-26T01:25:09.317284,12943.137,39898.918,1.935,1410.232,18419.257,0.005,0.0
401.524,2026-06-26T01:25:09.475837,12943.137,39898.918,1.665,1410.564,18419.257,2.1,0.0
401.625,2026-06-26T01:25:09.576275,12943.137,39898.918,1.399,1410.565,18419.257,0.005,0.0
401.783,2026-06-26T01:25:09.734626,12943.137,39898.918,1.305,1410.895,18419.257,2.091,0.0
401.883,2026-06-26T01:25:09.835057,12943.898,39898.918,3.103,1410.896,18419.257,0.005,0.0
402.04,2026-06-26T01:25:09.991929,12943.898,39898.918,2.501,1411.226,18419.257,2.111,0.0
402.141,2026-06-26T01:25:10.092375,12943.898,39898.918,1.984,1411.227,18419.257,0.005,0.0
402.299,2026-06-26T01:25:10.250349,12943.898,39898.918,1.715,1411.558,18419.257,2.102,0.0
402.399,2026-06-26T01:25:10.350775,12944.023,39898.918,3.345,1411.559,18419.257,0.005,0.0
402.544,2026-06-26T01:25:10.495600,12944.148,39898.918,2.649,1411.891,18419.257,2.297,0.0
402.644,2026-06-26T01:25:10.596047,12944.148,39898.918,2.087,1411.891,18419.257,0.005,0.0
402.802,2026-06-26T01:25:10.753935,12944.148,39898.918,1.773,1412.224,18419.257,2.109,0.0
402.903,2026-06-26T01:25:10.854368,12944.148,39898.918,1.474,1412.224,18419.257,0.005,0.0
403.061,2026-06-26T01:25:11.012313,12944.148,39898.918,1.359,1412.557,18419.257,2.108,0.0
403.161,2026-06-26T01:25:11.112723,12944.898,39898.918,3.189,1412.557,18419.257,0.005,0.0
403.319,2026-06-26T01:25:11.271205,12944.898,39898.918,2.558,1412.889,18419.257,2.094,0.0
403.42,2026-06-26T01:25:11.371624,12944.898,39898.918,2.024,1412.889,18419.257,0.005,0.0
403.579,2026-06-26T01:25:11.530238,12944.898,39898.918,1.742,1413.221,18419.257,2.094,0.0
403.679,2026-06-26T01:25:11.630625,12945.023,39898.918,3.085,1413.221,18419.257,0.005,0.0
403.818,2026-06-26T01:25:11.770153,12945.148,39898.918,2.445,1413.552,18419.257,2.373,0.0
403.919,2026-06-26T01:25:11.870577,12945.148,39898.918,1.945,1413.553,18419.257,0.005,0.0
404.058,2026-06-26T01:25:12.010091,12945.148,39898.918,1.681,1413.883,18419.257,2.374,0.0
404.159,2026-06-26T01:25:12.110535,12945.148,39898.918,1.409,1413.884,18419.257,0.005,0.0
404.298,2026-06-26T01:25:12.250046,12945.148,39898.918,1.289,1414.214,18419.257,2.374,0.0
404.399,2026-06-26T01:25:12.350475,12945.148,39898.918,1.136,1414.215,18419.257,0.005,0.0
404.557,2026-06-26T01:25:12.508304,12945.898,39898.918,2.4,1414.545,18419.257,2.098,0.0
404.657,2026-06-26T01:25:12.608748,12945.898,39898.918,1.913,1414.546,18419.257,0.005,0.0
404.815,2026-06-26T01:25:12.766885,12945.898,39898.918,1.651,1414.877,18419.257,2.094,0.0
404.916,2026-06-26T01:25:12.867327,12945.898,39898.918,1.388,1414.877,18419.257,0.005,0.0
405.072,2026-06-26T01:25:13.023678,12946.148,39898.918,2.532,1415.208,18419.257,2.118,0.0
405.172,2026-06-26T01:25:13.124117,12946.148,39898.918,2.006,1415.208,18419.257,0.005,0.0
405.331,2026-06-26T01:25:13.282366,12946.148,39898.918,1.715,1415.539,18419.257,2.093,0.0
405.431,2026-06-26T01:25:13.382808,12946.148,39898.918,1.434,1415.539,18419.257,0.005,0.0
405.589,2026-06-26T01:25:13.541072,12946.148,39898.918,1.33,1415.87,18419.257,2.093,0.0
405.69,2026-06-26T01:25:13.641482,12946.148,39898.918,1.164,1415.871,18419.257,0.005,0.0
405.847,2026-06-26T01:25:13.798322,12946.898,39898.918,2.355,1416.202,18419.257,2.117,0.0
405.947,2026-06-26T01:25:13.898763,12946.898,39898.918,1.881,1416.203,18419.257,0.005,0.0
406.104,2026-06-26T01:25:14.055271,12946.898,39898.918,1.647,1416.534,18419.257,2.122,0.0
406.204,2026-06-26T01:25:14.155713,12946.898,39898.918,1.386,1416.535,18419.257,0.005,0.0
406.361,2026-06-26T01:25:14.312282,12946.898,39898.918,2.498,1416.866,18419.257,2.121,0.0
406.461,2026-06-26T01:25:14.412723,12946.898,39898.918,1.982,1416.867,18419.257,0.005,0.0
406.618,2026-06-26T01:25:14.569264,12946.898,39898.918,1.717,1417.198,18419.257,2.122,0.0
406.718,2026-06-26T01:25:14.669699,12946.898,39898.918,1.435,1417.199,18419.257,0.005,0.0
406.874,2026-06-26T01:25:14.825646,12946.898,39898.918,1.32,1417.529,18419.257,2.122,0.0
406.974,2026-06-26T01:25:14.926084,12946.898,39898.918,1.157,1417.53,18419.257,0.005,0.0
407.13,2026-06-26T01:25:15.082179,12947.648,39898.918,2.434,1417.86,18419.257,2.121,0.0
407.231,2026-06-26T01:25:15.182586,12947.648,39898.918,1.936,1417.861,18419.257,0.005,0.0
407.387,2026-06-26T01:25:15.338871,12947.648,39898.918,1.671,1418.191,18419.257,2.118,0.0
407.488,2026-06-26T01:25:15.439297,12947.648,39898.918,1.403,1418.192,18419.257,0.005,0.0
407.646,2026-06-26T01:25:15.597992,12947.648,39898.918,2.519,1418.523,18419.257,2.09,0.0
407.747,2026-06-26T01:25:15.698433,12947.648,39898.918,2.02,1418.523,18419.257,0.005,0.0
407.905,2026-06-26T01:25:15.856382,12947.648,39898.918,1.726,1418.855,18419.257,2.102,0.0
408.005,2026-06-26T01:25:15.956813,12947.648,39898.918,1.441,1418.855,18419.257,0.005,0.0
408.164,2026-06-26T01:25:16.116166,12947.648,39898.918,1.333,1419.187,18419.257,2.083,0.0
408.265,2026-06-26T01:25:16.216607,12947.648,39898.918,1.166,1419.187,18419.257,0.005,0.0
408.421,2026-06-26T01:25:16.372856,12948.398,39898.918,2.423,1419.519,18419.257,2.124,0.0
408.522,2026-06-26T01:25:16.473290,12948.398,39898.918,1.929,1419.519,18419.257,0.005,0.0
408.677,2026-06-26T01:25:16.629006,12948.398,39898.918,1.652,1419.85,18419.257,2.13,0.0
408.778,2026-06-26T01:25:16.729451,12948.398,39898.918,1.412,1419.851,18419.257,0.005,0.0
408.933,2026-06-26T01:25:16.885109,12948.398,39898.918,2.526,1420.181,18419.257,2.126,0.0
409.034,2026-06-26T01:25:16.985558,12948.398,39898.918,2.001,1420.182,18419.257,0.005,0.0
409.19,2026-06-26T01:25:17.141385,12948.398,39898.918,1.717,1420.512,18419.257,2.124,0.0
409.29,2026-06-26T01:25:17.241825,12948.398,39898.918,1.435,1420.513,18419.257,0.005,0.0
409.446,2026-06-26T01:25:17.397618,12948.398,39898.918,1.321,1420.843,18419.257,2.125,0.0
409.546,2026-06-26T01:25:17.498057,12948.398,39898.918,1.157,1420.844,18419.257,0.005,0.0
409.702,2026-06-26T01:25:17.653730,12949.148,39898.918,2.408,1421.174,18419.257,2.127,0.0
409.802,2026-06-26T01:25:17.754186,12949.148,39898.918,1.918,1421.175,18419.257,0.005,0.0
409.958,2026-06-26T01:25:17.909805,12949.148,39898.918,1.675,1421.505,18419.257,2.127,0.0
410.059,2026-06-26T01:25:18.010244,12949.148,39898.918,1.405,1421.506,18419.257,0.005,0.0
410.214,2026-06-26T01:25:18.165927,12949.398,39898.918,2.536,1421.836,18419.257,2.126,0.0
410.315,2026-06-26T01:25:18.266379,12949.398,39898.918,2.031,1421.837,18419.257,0.005,0.0
410.47,2026-06-26T01:25:18.422064,12949.398,39898.918,1.738,1422.167,18419.257,2.126,0.0
410.571,2026-06-26T01:25:18.522508,12949.398,39898.918,1.45,1422.168,18419.257,0.005,0.0
410.726,2026-06-26T01:25:18.677243,12949.398,39898.918,1.333,1422.498,18419.257,2.139,0.0
410.826,2026-06-26T01:25:18.777682,12949.398,39898.918,1.166,1422.499,18419.257,0.005,0.0
410.982,2026-06-26T01:25:18.934111,12950.148,39898.918,2.436,1422.829,18419.257,2.116,0.0
411.083,2026-06-26T01:25:19.034527,12950.148,39898.918,1.938,1422.83,18419.257,0.005,0.0
411.239,2026-06-26T01:25:19.190711,12950.148,39898.918,1.687,1423.16,18419.257,2.121,0.0
411.339,2026-06-26T01:25:19.291177,12950.148,39898.918,1.414,1423.16,18419.257,0.005,0.0
411.495,2026-06-26T01:25:19.447021,12950.398,39898.918,2.555,1423.491,18419.257,2.124,0.0
411.596,2026-06-26T01:25:19.547493,12950.398,39898.918,2.022,1423.491,18419.257,0.005,0.0
411.751,2026-06-26T01:25:19.703165,12950.398,39898.918,1.747,1423.822,18419.257,2.129,0.0
411.852,2026-06-26T01:25:19.803607,12950.398,39898.918,1.456,1423.822,18419.257,0.005,0.0
412.008,2026-06-26T01:25:19.959806,12950.398,39898.918,1.335,1424.153,18419.257,2.119,0.0
412.109,2026-06-26T01:25:20.060241,12950.398,39898.918,1.167,1424.153,18419.257,0.005,0.0
412.274,2026-06-26T01:25:20.225726,12951.148,39898.918,2.376,1424.484,18419.257,2.0,0.0
412.374,2026-06-26T01:25:20.326188,12951.148,39898.918,1.896,1424.484,18419.257,0.005,0.0
412.532,2026-06-26T01:25:20.483678,12951.148,39898.918,1.655,1424.815,18419.257,2.102,0.0
412.632,2026-06-26T01:25:20.584115,12951.148,39898.918,1.392,1424.815,18419.257,0.005,0.0
412.792,2026-06-26T01:25:20.743700,12951.148,39898.918,2.503,1425.147,18419.257,2.08,0.0
412.892,2026-06-26T01:25:20.844165,12951.148,39898.918,2.008,1425.147,18419.257,0.005,0.0
413.048,2026-06-26T01:25:21.000158,12951.148,39898.918,1.722,1425.479,18419.257,2.128,0.0
413.149,2026-06-26T01:25:21.100604,12951.148,39898.918,1.438,1425.479,18419.257,0.005,0.0
413.305,2026-06-26T01:25:21.256861,12951.148,39898.918,1.322,1425.811,18419.257,2.124,0.0
413.406,2026-06-26T01:25:21.357302,12951.148,39898.918,1.158,1425.811,18419.257,0.005,0.0
413.565,2026-06-26T01:25:21.517195,12951.902,39898.918,2.454,1426.143,18419.257,2.076,0.0
413.666,2026-06-26T01:25:21.617641,12951.902,39898.918,1.951,1426.143,18419.257,0.005,0.0
413.824,2026-06-26T01:25:21.775951,12951.902,39898.918,1.677,1426.473,18419.257,2.091,0.0
413.925,2026-06-26T01:25:21.876399,12951.902,39898.918,1.43,1426.474,18419.257,0.005,0.0
414.085,2026-06-26T01:25:22.037146,12952.027,39898.918,2.489,1426.804,18419.257,2.059,0.0
414.186,2026-06-26T01:25:22.137591,12952.027,39898.918,1.976,1426.805,18419.257,0.005,0.0
414.342,2026-06-26T01:25:22.293606,12952.027,39898.918,1.699,1427.135,18419.257,2.122,0.0
414.442,2026-06-26T01:25:22.394047,12952.152,39898.918,1.445,1427.136,18419.257,0.005,0.0
414.598,2026-06-26T01:25:22.550210,12952.152,39898.918,1.312,1427.466,18419.257,2.12,0.0
414.699,2026-06-26T01:25:22.650643,12952.152,39898.918,1.151,1427.467,18419.257,0.005,0.0
414.86,2026-06-26T01:25:22.811794,12952.902,39898.918,2.422,1427.797,18419.257,2.053,0.0
414.961,2026-06-26T01:25:22.912330,12952.902,39898.918,1.951,1427.798,18419.257,0.005,0.0
415.119,2026-06-26T01:25:23.071179,12952.902,39898.918,1.676,1428.128,18419.257,2.084,0.0
415.22,2026-06-26T01:25:23.171716,12952.902,39898.918,1.406,1428.129,18419.257,0.005,0.0
415.381,2026-06-26T01:25:23.332808,12952.902,39898.918,2.426,1428.459,18419.257,2.055,0.0
415.482,2026-06-26T01:25:23.433350,12952.902,39898.918,2.14,1428.46,18419.257,0.005,0.0
415.638,2026-06-26T01:25:23.589405,12952.902,39898.918,1.814,1428.79,18419.257,2.122,0.0
415.738,2026-06-26T01:25:23.689848,12952.902,39898.918,1.503,1428.791,18419.257,0.005,0.0
415.894,2026-06-26T01:25:23.845924,12952.902,39898.918,1.383,1429.121,18419.257,2.121,0.0
415.995,2026-06-26T01:25:23.946369,12952.902,39898.918,1.201,1429.122,18419.257,0.005,0.0
416.151,2026-06-26T01:25:24.102476,12952.902,39898.918,1.156,1429.452,18419.257,2.12,0.0
416.251,2026-06-26T01:25:24.202920,12953.652,39898.918,3.069,1429.453,18419.257,0.005,0.0
416.407,2026-06-26T01:25:24.359043,12953.652,39898.918,2.479,1429.783,18419.257,2.12,0.0
416.508,2026-06-26T01:25:24.459488,12953.652,39898.918,1.968,1429.784,18419.257,0.005,0.0
416.663,2026-06-26T01:25:24.615054,12953.652,39898.918,1.694,1430.114,18419.257,2.128,0.0
416.764,2026-06-26T01:25:24.715494,12953.652,39898.918,3.4,1430.115,18419.257,0.005,0.0
416.919,2026-06-26T01:25:24.871106,12953.684,39898.918,2.696,1430.445,18419.257,2.127,0.0
417.02,2026-06-26T01:25:24.971553,12953.684,39898.918,2.12,1430.446,18419.257,0.005,0.0
417.176,2026-06-26T01:25:25.127524,12953.684,39898.918,1.815,1430.776,18419.257,2.122,0.0
417.276,2026-06-26T01:25:25.227941,12953.684,39898.918,1.504,1430.777,18419.257,0.005,0.0
417.432,2026-06-26T01:25:25.383753,12953.684,39898.918,1.354,1431.107,18419.257,2.125,0.0
417.533,2026-06-26T01:25:25.484224,12954.438,39898.918,3.135,1431.108,18419.257,0.005,0.0
417.672,2026-06-26T01:25:25.623746,12954.438,39898.918,2.497,1431.439,18419.257,2.383,0.0
417.772,2026-06-26T01:25:25.724202,12954.438,39898.918,1.981,1431.44,18419.257,0.005,0.0
417.912,2026-06-26T01:25:25.863636,12954.438,39898.918,1.673,1431.771,18419.257,2.381,0.0
418.012,2026-06-26T01:25:25.964073,12954.438,39898.918,1.427,1431.772,18419.257,0.005,0.0
418.171,2026-06-26T01:25:26.122492,12954.688,39898.918,2.51,1432.103,18419.257,2.096,0.0
418.271,2026-06-26T01:25:26.222932,12954.688,39898.918,1.99,1432.104,18419.257,0.005,0.0
418.429,2026-06-26T01:25:26.380867,12954.688,39898.918,1.705,1432.435,18419.257,2.102,0.0
418.53,2026-06-26T01:25:26.481302,12954.688,39898.918,1.426,1432.436,18419.257,0.005,0.0
418.688,2026-06-26T01:25:26.640115,12954.688,39898.918,1.324,1432.766,18419.257,2.084,0.0
418.789,2026-06-26T01:25:26.740553,12954.688,39898.918,1.159,1432.767,18419.257,0.005,0.0
418.947,2026-06-26T01:25:26.899134,12955.438,39898.918,2.335,1433.097,18419.257,2.087,0.0
419.048,2026-06-26T01:25:26.999578,12955.438,39898.918,1.868,1433.098,18419.257,0.005,0.0
419.206,2026-06-26T01:25:27.157420,12955.438,39898.918,1.634,1433.428,18419.257,2.097,0.0
419.306,2026-06-26T01:25:27.257852,12955.438,39898.918,1.377,1433.429,18419.257,0.005,0.0
419.465,2026-06-26T01:25:27.416347,12955.688,39898.918,2.489,1433.759,18419.257,2.089,0.0
419.565,2026-06-26T01:25:27.516800,12955.688,39898.918,1.975,1433.76,18419.257,0.005,0.0
419.724,2026-06-26T01:25:27.675485,12955.688,39898.918,1.708,1434.09,18419.257,2.087,0.0
419.824,2026-06-26T01:25:27.775922,12955.688,39898.918,1.428,1434.091,18419.257,0.005,0.0
419.983,2026-06-26T01:25:27.934340,12955.688,39898.918,1.311,1434.421,18419.257,2.09,0.0
420.083,2026-06-26T01:25:28.034788,12955.688,39898.918,1.151,1434.422,18419.257,0.005,0.0
420.242,2026-06-26T01:25:28.193256,12956.438,39898.918,2.419,1434.752,18419.257,2.089,0.0
420.342,2026-06-26T01:25:28.293702,12956.438,39898.918,1.926,1434.753,18419.257,0.005,0.0
420.5,2026-06-26T01:25:28.452126,12956.438,39898.918,1.674,1435.083,18419.257,2.089,0.0
420.601,2026-06-26T01:25:28.552575,12956.438,39898.918,1.405,1435.084,18419.257,0.005,0.0
420.759,2026-06-26T01:25:28.711077,12956.438,39898.918,2.552,1435.414,18419.257,2.088,0.0
420.86,2026-06-26T01:25:28.811534,12956.438,39898.918,2.02,1435.415,18419.257,0.005,0.0
421.018,2026-06-26T01:25:28.970058,12956.438,39898.918,1.739,1435.745,18419.257,2.088,0.0
421.119,2026-06-26T01:25:29.070504,12956.438,39898.918,1.474,1435.746,18419.257,0.005,0.0
421.277,2026-06-26T01:25:29.229118,12956.438,39898.918,1.328,1436.076,18419.257,2.087,0.0
421.378,2026-06-26T01:25:29.329568,12956.438,39898.918,1.162,1436.077,18419.257,0.005,0.0
421.536,2026-06-26T01:25:29.488144,12957.188,39898.918,2.485,1436.407,18419.257,2.088,0.0
421.637,2026-06-26T01:25:29.588589,12957.188,39898.918,1.973,1436.408,18419.257,0.005,0.0
421.795,2026-06-26T01:25:29.747182,12957.188,39898.918,1.706,1436.738,18419.257,2.087,0.0
421.896,2026-06-26T01:25:29.847622,12957.188,39898.918,1.427,1436.739,18419.257,0.005,0.0
422.054,2026-06-26T01:25:30.006120,12957.188,39898.918,2.568,1437.069,18419.257,2.089,0.0
422.155,2026-06-26T01:25:30.106568,12957.188,39898.918,2.031,1437.07,18419.257,0.005,0.0
422.313,2026-06-26T01:25:30.265089,12957.188,39898.918,1.732,1437.4,18419.257,2.088,0.0
422.414,2026-06-26T01:25:30.365533,12957.188,39898.918,1.446,1437.401,18419.257,0.005,0.0
422.572,2026-06-26T01:25:30.524162,12957.188,39898.918,1.352,1437.731,18419.257,2.087,0.0
422.673,2026-06-26T01:25:30.624581,12957.188,39898.918,1.179,1437.732,18419.257,0.005,0.0
422.831,2026-06-26T01:25:30.782652,12957.938,39898.918,2.369,1438.063,18419.257,2.1,0.0
422.931,2026-06-26T01:25:30.883091,12957.938,39898.918,1.891,1438.064,18419.257,0.005,0.0
423.09,2026-06-26T01:25:31.041345,12957.938,39898.918,1.65,1438.395,18419.257,2.098,0.0
423.19,2026-06-26T01:25:31.141785,12957.938,39898.918,1.388,1438.396,18419.257,0.005,0.0
423.348,2026-06-26T01:25:31.300054,12958.188,39898.918,2.513,1438.727,18419.257,2.098,0.0
423.449,2026-06-26T01:25:31.400502,12958.188,39898.918,1.992,1438.727,18419.257,0.005,0.0
423.606,2026-06-26T01:25:31.558187,12958.188,39898.918,1.722,1439.059,18419.257,2.105,0.0
423.707,2026-06-26T01:25:31.658630,12958.188,39898.918,1.438,1439.059,18419.257,0.005,0.0
423.865,2026-06-26T01:25:31.816226,12958.188,39898.918,1.319,1439.39,18419.257,2.1,0.0
423.965,2026-06-26T01:25:31.916654,12958.188,39898.918,1.157,1439.39,18419.257,0.005,0.0
424.123,2026-06-26T01:25:32.074924,12958.941,39898.918,2.381,1439.721,18419.257,2.091,0.0
424.224,2026-06-26T01:25:32.175371,12958.941,39898.918,1.9,1439.721,18419.257,0.005,0.0
424.381,2026-06-26T01:25:32.333057,12958.941,39898.918,1.642,1440.052,18419.257,2.099,0.0
424.482,2026-06-26T01:25:32.433501,12958.941,39898.918,1.382,1440.052,18419.257,0.005,0.0
424.64,2026-06-26T01:25:32.591259,12958.941,39898.918,2.514,1440.383,18419.257,2.098,0.0
424.74,2026-06-26T01:25:32.691699,12958.941,39898.918,1.993,1440.383,18419.257,0.005,0.0
424.898,2026-06-26T01:25:32.849989,12958.941,39898.918,1.706,1440.714,18419.257,2.091,0.0
424.999,2026-06-26T01:25:32.950436,12958.941,39898.918,1.427,1440.714,18419.257,0.005,0.0
425.156,2026-06-26T01:25:33.108119,12958.941,39898.918,1.326,1441.045,18419.257,2.099,0.0
425.257,2026-06-26T01:25:33.208539,12958.941,39898.918,1.161,1441.045,18419.257,0.005,0.0
425.415,2026-06-26T01:25:33.366244,12959.691,39898.918,2.42,1441.376,18419.257,2.099,0.0
425.515,2026-06-26T01:25:33.466680,12959.691,39898.918,1.927,1441.376,18419.257,0.005,0.0
425.673,2026-06-26T01:25:33.624992,12959.691,39898.918,1.66,1441.707,18419.257,2.091,0.0
425.774,2026-06-26T01:25:33.725438,12959.691,39898.918,1.395,1441.707,18419.257,0.005,0.0
425.931,2026-06-26T01:25:33.883127,12959.816,39898.918,2.553,1442.038,18419.257,2.099,0.0
426.032,2026-06-26T01:25:33.983573,12959.816,39898.918,2.02,1442.038,18419.257,0.005,0.0
426.189,2026-06-26T01:25:34.141193,12959.941,39898.918,1.742,1442.369,18419.257,2.1,0.0
426.29,2026-06-26T01:25:34.241634,12959.941,39898.918,1.452,1442.369,18419.257,0.005,0.0
426.448,2026-06-26T01:25:34.399683,12959.941,39898.918,1.328,1442.7,18419.257,2.094,0.0
426.548,2026-06-26T01:25:34.500123,12959.941,39898.918,1.163,1442.7,18419.257,0.005,0.0
426.706,2026-06-26T01:25:34.657999,12960.691,39898.918,2.434,1443.031,18419.257,2.097,0.0
426.807,2026-06-26T01:25:34.758444,12960.691,39898.918,1.937,1443.031,18419.257,0.005,0.0
426.962,2026-06-26T01:25:34.913861,12960.691,39898.918,1.673,1443.362,18419.257,2.13,0.0
427.063,2026-06-26T01:25:35.014302,12960.691,39898.918,1.404,1443.362,18419.257,0.005,0.0
427.219,2026-06-26T01:25:35.170454,12960.816,39898.918,2.59,1443.693,18419.257,2.12,0.0
427.319,2026-06-26T01:25:35.270892,12960.816,39898.918,2.046,1443.693,18419.257,0.005,0.0
427.475,2026-06-26T01:25:35.426482,12960.941,39898.918,1.749,1444.024,18419.257,2.128,0.0
427.575,2026-06-26T01:25:35.526994,12960.941,39898.918,1.457,1444.024,18419.257,0.005,0.0
427.731,2026-06-26T01:25:35.682719,12960.941,39898.918,1.336,1444.356,18419.257,2.132,0.0
427.831,2026-06-26T01:25:35.783176,12960.941,39898.918,1.192,1444.356,18419.257,0.005,0.0
427.987,2026-06-26T01:25:35.939210,12961.691,39898.918,2.443,1444.688,18419.257,2.127,0.0
428.088,2026-06-26T01:25:36.039649,12961.691,39898.918,1.943,1444.688,18419.257,0.005,0.0
428.244,2026-06-26T01:25:36.195403,12961.691,39898.918,1.661,1445.019,18419.257,2.131,0.0
428.344,2026-06-26T01:25:36.295842,12961.691,39898.918,1.419,1445.02,18419.257,0.005,0.0
428.5,2026-06-26T01:25:36.451909,12961.691,39898.918,2.587,1445.351,18419.257,2.127,0.0
428.601,2026-06-26T01:25:36.552348,12961.691,39898.918,2.044,1445.352,18419.257,0.005,0.0
428.756,2026-06-26T01:25:36.708106,12961.691,39898.918,1.762,1445.682,18419.257,2.125,0.0
428.857,2026-06-26T01:25:36.808555,12961.691,39898.918,1.443,1445.683,18419.257,0.005,0.0
429.013,2026-06-26T01:25:36.964624,12961.691,39898.918,1.341,1446.013,18419.257,2.121,0.0
429.113,2026-06-26T01:25:37.065061,12961.691,39898.918,1.172,1446.014,18419.257,0.005,0.0
429.283,2026-06-26T01:25:37.234510,12962.441,39898.918,2.385,1446.344,18419.257,1.953,0.0
429.383,2026-06-26T01:25:37.334952,12962.441,39898.918,1.902,1446.345,18419.257,0.005,0.0
429.539,2026-06-26T01:25:37.490885,12962.441,39898.918,1.662,1446.675,18419.257,2.123,0.0
429.64,2026-06-26T01:25:37.591326,12962.441,39898.918,1.397,1446.676,18419.257,0.005,0.0
429.797,2026-06-26T01:25:37.749201,12962.441,39898.918,2.568,1447.006,18419.257,2.097,0.0
429.898,2026-06-26T01:25:37.849649,12962.441,39898.918,2.03,1447.007,18419.257,0.005,0.0
430.054,2026-06-26T01:25:38.005651,12962.441,39898.918,1.737,1447.337,18419.257,2.122,0.0
430.154,2026-06-26T01:25:38.106095,12962.441,39898.918,1.449,1447.338,18419.257,0.005,0.0
430.31,2026-06-26T01:25:38.261846,12962.441,39898.918,1.346,1447.668,18419.257,2.126,0.0
430.411,2026-06-26T01:25:38.362268,12962.441,39898.918,1.175,1447.669,18419.257,0.005,0.0
430.571,2026-06-26T01:25:38.523016,12963.191,39898.918,2.442,1447.999,18419.257,2.058,0.0
430.672,2026-06-26T01:25:38.623570,12963.191,39898.918,1.942,1448.0,18419.257,0.005,0.0
430.83,2026-06-26T01:25:38.782084,12963.191,39898.918,1.685,1448.33,18419.257,2.09,0.0
430.931,2026-06-26T01:25:38.882628,12963.191,39898.918,1.412,1448.331,18419.257,0.005,0.0
431.089,2026-06-26T01:25:39.040515,12963.316,39898.918,1.88,1448.661,18419.257,2.098,0.0
431.189,2026-06-26T01:25:39.140968,12963.316,39898.918,2.667,1448.662,18419.257,0.005,0.0
431.345,2026-06-26T01:25:39.297031,12963.316,39898.918,2.182,1448.992,18419.257,2.122,0.0
431.446,2026-06-26T01:25:39.397456,12963.441,39898.918,1.761,1448.993,18419.257,0.005,0.0
431.601,2026-06-26T01:25:39.552909,12963.441,39898.918,1.549,1449.323,18419.257,2.129,0.0
431.702,2026-06-26T01:25:39.653356,12963.441,39898.918,1.318,1449.324,18419.257,0.005,0.0
431.857,2026-06-26T01:25:39.808851,12963.441,39898.918,1.239,1449.654,18419.257,2.129,0.0
431.958,2026-06-26T01:25:39.909295,12964.191,39898.918,3.171,1449.655,18419.257,0.005,0.0
432.114,2026-06-26T01:25:40.065272,12964.191,39898.918,2.536,1449.985,18419.257,2.125,0.0
432.214,2026-06-26T01:25:40.165711,12964.191,39898.918,2.008,1449.986,18419.257,0.005,0.0
432.37,2026-06-26T01:25:40.321455,12964.191,39898.918,1.737,1450.316,18419.257,2.126,0.0
432.47,2026-06-26T01:25:40.421898,12964.316,39898.918,3.452,1450.317,18419.257,0.005,0.0
432.607,2026-06-26T01:25:40.559186,12964.316,39898.918,2.707,1450.648,18419.257,2.417,0.0
432.708,2026-06-26T01:25:40.659617,12964.441,39898.918,2.128,1450.648,18419.257,0.005,0.0
432.864,2026-06-26T01:25:40.815799,12964.441,39898.918,1.82,1450.98,18419.257,2.125,0.0
432.965,2026-06-26T01:25:40.916236,12964.441,39898.918,1.507,1450.98,18419.257,0.005,0.0
433.118,2026-06-26T01:25:41.070197,12964.441,39898.918,1.375,1451.312,18419.257,2.156,0.0
433.219,2026-06-26T01:25:41.170611,12965.191,39898.918,3.246,1451.312,18419.257,0.005,0.0
433.375,2026-06-26T01:25:41.326817,12965.191,39898.918,2.588,1451.644,18419.257,2.125,0.0
433.476,2026-06-26T01:25:41.427258,12965.191,39898.918,2.045,1451.644,18419.257,0.005,0.0
433.632,2026-06-26T01:25:41.583703,12965.191,39898.918,1.746,1451.975,18419.257,2.12,0.0
433.732,2026-06-26T01:25:41.684113,12965.191,39898.918,3.11,1451.976,18419.257,0.005,0.0
433.888,2026-06-26T01:25:41.839783,12965.191,39898.918,2.493,1452.306,18419.257,2.127,0.0
433.988,2026-06-26T01:25:41.940205,12965.191,39898.918,1.978,1452.307,18419.257,0.005,0.0
434.144,2026-06-26T01:25:42.095925,12965.191,39898.918,1.716,1452.637,18419.257,2.126,0.0
434.245,2026-06-26T01:25:42.196369,12965.191,39898.918,1.434,1452.638,18419.257,0.005,0.0
434.401,2026-06-26T01:25:42.352261,12965.191,39898.918,1.32,1452.968,18419.257,2.123,0.0
434.501,2026-06-26T01:25:42.452661,12965.941,39898.918,2.322,1452.969,18419.257,0.005,0.0
434.657,2026-06-26T01:25:42.608444,12965.941,39898.918,2.469,1453.299,18419.257,2.125,0.0
434.757,2026-06-26T01:25:42.708870,12965.941,39898.918,1.961,1453.3,18419.257,0.005,0.0
434.913,2026-06-26T01:25:42.864969,12965.941,39898.918,1.689,1453.63,18419.257,2.121,0.0
435.014,2026-06-26T01:25:42.965410,12965.941,39898.918,1.415,1453.631,18419.257,0.005,0.0
435.169,2026-06-26T01:25:43.121070,12965.941,39898.918,2.588,1453.961,18419.257,2.126,0.0
435.27,2026-06-26T01:25:43.221503,12965.941,39898.918,2.045,1453.962,18419.257,0.005,0.0
435.425,2026-06-26T01:25:43.376865,12965.941,39898.918,1.748,1454.292,18419.257,2.13,0.0
435.526,2026-06-26T01:25:43.477303,12965.941,39898.918,1.48,1454.293,18419.257,0.005,0.0
435.682,2026-06-26T01:25:43.633406,12965.941,39898.918,1.337,1454.623,18419.257,2.12,0.0
435.782,2026-06-26T01:25:43.733851,12965.941,39898.918,1.169,1454.624,18419.257,0.005,0.0
435.938,2026-06-26T01:25:43.889528,12966.691,39898.918,2.491,1454.954,18419.257,2.127,0.0
436.038,2026-06-26T01:25:43.989963,12966.691,39898.918,1.976,1454.955,18419.257,0.005,0.0
436.194,2026-06-26T01:25:44.145544,12966.691,39898.918,1.685,1455.285,18419.257,2.128,0.0
436.294,2026-06-26T01:25:44.245985,12966.691,39898.918,1.436,1455.286,18419.257,0.005,0.0
436.45,2026-06-26T01:25:44.401691,12966.816,39898.918,2.633,1455.616,18419.257,2.126,0.0
436.55,2026-06-26T01:25:44.502129,12966.816,39898.918,2.076,1455.617,18419.257,0.005,0.0
436.706,2026-06-26T01:25:44.657728,12966.941,39898.918,1.755,1455.947,18419.257,2.128,0.0
436.806,2026-06-26T01:25:44.758193,12966.941,39898.918,1.461,1455.948,18419.257,0.005,0.0
436.962,2026-06-26T01:25:44.913991,12966.941,39898.918,1.339,1456.278,18419.257,2.124,0.0
437.063,2026-06-26T01:25:45.014436,12966.941,39898.918,1.194,1456.279,18419.257,0.005,0.0
437.218,2026-06-26T01:25:45.169676,12967.691,39898.918,2.513,1456.609,18419.257,2.132,0.0
437.318,2026-06-26T01:25:45.270111,12967.691,39898.918,2.015,1456.61,18419.257,0.005,0.0
437.474,2026-06-26T01:25:45.425982,12967.691,39898.918,1.712,1456.94,18419.257,2.124,0.0
437.575,2026-06-26T01:25:45.526455,12967.691,39898.918,1.431,1456.941,18419.257,0.005,0.0
437.733,2026-06-26T01:25:45.684964,12967.816,39898.918,2.571,1457.272,18419.257,2.094,0.0
437.834,2026-06-26T01:25:45.785408,12967.816,39898.918,2.033,1457.273,18419.257,0.005,0.0
437.99,2026-06-26T01:25:45.941651,12967.941,39898.918,1.723,1457.604,18419.257,2.124,0.0
438.09,2026-06-26T01:25:46.042088,12967.941,39898.918,1.462,1457.604,18419.257,0.005,0.0
438.246,2026-06-26T01:25:46.197882,12967.941,39898.918,1.34,1457.935,18419.257,2.129,0.0
438.347,2026-06-26T01:25:46.298321,12967.941,39898.918,1.171,1457.936,18419.257,0.005,0.0
438.505,2026-06-26T01:25:46.456324,12968.691,39898.918,1.814,1458.267,18419.257,2.099,0.0
438.605,2026-06-26T01:25:46.556772,12968.691,39898.918,2.528,1458.268,18419.257,0.005,0.0
438.763,2026-06-26T01:25:46.715068,12968.691,39898.918,2.081,1458.598,18419.257,2.089,0.0
438.864,2026-06-26T01:25:46.815517,12968.691,39898.918,1.69,1458.598,18419.257,0.005,0.0
439.021,2026-06-26T01:25:46.972965,12968.691,39898.918,1.511,1458.928,18419.257,2.1,0.0
439.122,2026-06-26T01:25:47.073387,12968.816,39898.918,3.271,1458.929,18419.257,0.005,0.0
439.279,2026-06-26T01:25:47.230867,12968.941,39898.918,2.588,1459.259,18419.257,2.1,0.0
439.38,2026-06-26T01:25:47.331300,12968.941,39898.918,2.068,1459.259,18419.257,0.005,0.0
439.535,2026-06-26T01:25:47.486924,12968.941,39898.918,1.764,1459.59,18419.257,2.125,0.0
439.636,2026-06-26T01:25:47.587371,12968.941,39898.918,1.468,1459.59,18419.257,0.005,0.0
439.792,2026-06-26T01:25:47.743225,12968.941,39898.918,1.344,1459.92,18419.257,2.122,0.0
439.892,2026-06-26T01:25:47.843668,12969.691,39898.918,3.247,1459.921,18419.257,0.005,0.0
440.048,2026-06-26T01:25:47.999448,12969.691,39898.918,2.605,1460.251,18419.257,2.123,0.0
440.148,2026-06-26T01:25:48.099891,12969.691,39898.918,2.056,1460.251,18419.257,0.005,0.0
440.304,2026-06-26T01:25:48.255801,12969.691,39898.918,1.755,1460.582,18419.257,2.121,0.0
440.405,2026-06-26T01:25:48.356239,12969.691,39898.918,3.489,1460.582,18419.257,0.005,0.0
440.56,2026-06-26T01:25:48.512199,12969.691,39898.918,2.743,1460.912,18419.257,2.12,0.0
440.661,2026-06-26T01:25:48.612638,12969.691,39898.918,2.153,1460.913,18419.257,0.005,0.0
440.817,2026-06-26T01:25:48.768283,12969.691,39898.918,1.839,1461.243,18419.257,2.124,0.0
440.917,2026-06-26T01:25:48.868722,12969.691,39898.918,1.52,1461.243,18419.257,0.005,0.0
441.072,2026-06-26T01:25:49.024214,12969.691,39898.918,1.381,1461.574,18419.257,2.127,0.0
441.173,2026-06-26T01:25:49.124628,12970.441,39898.918,3.297,1461.574,18419.257,0.005,0.0
441.329,2026-06-26T01:25:49.280262,12970.441,39898.918,2.625,1461.904,18419.257,2.125,0.0
441.429,2026-06-26T01:25:49.380703,12970.441,39898.918,2.07,1461.905,18419.257,0.005,0.0
441.584,2026-06-26T01:25:49.536154,12970.441,39898.918,1.766,1462.235,18419.257,2.127,0.0
441.685,2026-06-26T01:25:49.636563,12970.566,39898.918,3.474,1462.235,18419.257,0.005,0.0
441.84,2026-06-26T01:25:49.791663,12970.691,39898.918,2.749,1462.566,18419.257,2.132,0.0
441.94,2026-06-26T01:25:49.892077,12970.691,39898.918,2.157,1462.566,18419.257,0.005,0.0
442.096,2026-06-26T01:25:50.048121,12970.691,39898.918,1.841,1462.896,18419.257,2.119,0.0
442.197,2026-06-26T01:25:50.148564,12970.691,39898.918,1.522,1462.897,18419.257,0.005,0.0
442.352,2026-06-26T01:25:50.303701,12970.691,39898.918,1.367,1463.227,18419.257,2.132,0.0
442.452,2026-06-26T01:25:50.404110,12971.441,39898.918,3.288,1463.227,18419.257,0.005,0.0
442.607,2026-06-26T01:25:50.558914,12971.441,39898.918,2.62,1463.558,18419.257,2.136,0.0
442.708,2026-06-26T01:25:50.659318,12971.441,39898.918,2.067,1463.558,18419.257,0.005,0.0
442.863,2026-06-26T01:25:50.814962,12971.441,39898.918,1.763,1463.889,18419.257,2.131,0.0
442.964,2026-06-26T01:25:50.915375,12971.566,39898.918,3.472,1463.89,18419.257,0.005,0.0
443.12,2026-06-26T01:25:51.071423,12971.691,39898.918,2.746,1464.221,18419.257,2.125,0.0
443.22,2026-06-26T01:25:51.171858,12971.691,39898.918,2.155,1464.221,18419.257,0.005,0.0
443.376,2026-06-26T01:25:51.327506,12971.691,39898.918,1.825,1464.552,18419.257,2.131,0.0
443.476,2026-06-26T01:25:51.427923,12971.691,39898.918,1.534,1464.553,18419.257,0.005,0.0
443.632,2026-06-26T01:25:51.584153,12971.691,39898.918,1.389,1464.884,18419.257,2.121,0.0
443.733,2026-06-26T01:25:51.684569,12972.441,39898.918,3.047,1464.884,18419.257,0.005,0.0
443.889,2026-06-26T01:25:51.840407,12972.441,39898.918,2.449,1465.214,18419.257,2.122,0.0
443.989,2026-06-26T01:25:51.940834,12972.441,39898.918,1.947,1465.215,18419.257,0.005,0.0
444.145,2026-06-26T01:25:52.096568,12972.441,39898.918,1.694,1465.545,18419.257,2.123,0.0
444.245,2026-06-26T01:25:52.196986,12972.441,39898.918,3.306,1465.545,18419.257,0.005,0.0
444.401,2026-06-26T01:25:52.352677,12972.441,39898.918,2.631,1465.876,18419.257,2.124,0.0
444.501,2026-06-26T01:25:52.453112,12972.441,39898.918,2.075,1465.876,18419.257,0.005,0.0
444.657,2026-06-26T01:25:52.608371,12972.441,39898.918,1.77,1466.206,18419.257,2.13,0.0
444.757,2026-06-26T01:25:52.708811,12972.441,39898.918,1.472,1466.207,18419.257,0.005,0.0
444.912,2026-06-26T01:25:52.864091,12972.441,39898.918,1.348,1466.537,18419.257,2.13,0.0
445.013,2026-06-26T01:25:52.964512,12973.191,39898.918,3.204,1466.537,18419.257,0.005,0.0
445.168,2026-06-26T01:25:53.119720,12973.191,39898.918,2.575,1466.867,18419.257,2.131,0.0
445.268,2026-06-26T01:25:53.220174,12973.191,39898.918,2.035,1466.868,18419.257,0.005,0.0
445.424,2026-06-26T01:25:53.376093,12973.191,39898.918,1.741,1467.198,18419.257,2.121,0.0
445.525,2026-06-26T01:25:53.476515,12973.191,39898.918,3.386,1467.199,18419.257,0.005,0.0
445.68,2026-06-26T01:25:53.631861,12973.191,39898.918,2.702,1467.529,18419.257,2.129,0.0
445.781,2026-06-26T01:25:53.732298,12973.191,39898.918,2.125,1467.529,18419.257,0.005,0.0
445.937,2026-06-26T01:25:53.888436,12973.191,39898.918,1.803,1467.859,18419.257,2.118,0.0
446.037,2026-06-26T01:25:53.988869,12973.191,39898.918,1.495,1467.86,18419.257,0.005,0.0
446.193,2026-06-26T01:25:54.144324,12973.191,39898.918,1.363,1468.19,18419.257,2.128,0.0
446.293,2026-06-26T01:25:54.244738,12973.941,39898.918,3.238,1468.191,18419.257,0.005,0.0
446.449,2026-06-26T01:25:54.400469,12973.941,39898.918,2.568,1468.521,18419.257,2.124,0.0
446.549,2026-06-26T01:25:54.500911,12973.941,39898.918,2.054,1468.521,18419.257,0.005,0.0
446.705,2026-06-26T01:25:54.656716,12973.941,39898.918,1.739,1468.851,18419.257,2.123,0.0
446.805,2026-06-26T01:25:54.757123,12973.941,39898.918,3.431,1468.852,18419.257,0.005,0.0
446.961,2026-06-26T01:25:54.913134,12973.941,39898.918,2.733,1469.182,18419.257,2.12,0.0
447.062,2026-06-26T01:25:55.013575,12973.941,39898.918,2.146,1469.183,18419.257,0.005,0.0
447.218,2026-06-26T01:25:55.169419,12973.941,39898.918,1.818,1469.513,18419.257,2.122,0.0
447.318,2026-06-26T01:25:55.269878,12973.941,39898.918,1.506,1469.513,18419.257,0.005,0.0
447.474,2026-06-26T01:25:55.426051,12973.941,39898.918,1.37,1469.843,18419.257,2.119,0.0
447.575,2026-06-26T01:25:55.526471,12974.695,39898.918,3.22,1469.844,18419.257,0.005,0.0
447.733,2026-06-26T01:25:55.684812,12974.695,39898.918,2.565,1470.175,18419.257,2.094,0.0
447.834,2026-06-26T01:25:55.785223,12974.695,39898.918,2.028,1470.176,18419.257,0.005,0.0
447.992,2026-06-26T01:25:55.943561,12974.695,39898.918,1.731,1470.507,18419.257,2.096,0.0
448.092,2026-06-26T01:25:56.043980,12974.695,39898.918,3.379,1470.507,18419.257,0.005,0.0
448.248,2026-06-26T01:25:56.199440,12974.695,39898.918,2.697,1470.838,18419.257,2.133,0.0
448.348,2026-06-26T01:25:56.299861,12974.695,39898.918,2.144,1470.839,18419.257,0.005,0.0
448.503,2026-06-26T01:25:56.455154,12974.695,39898.918,1.803,1471.17,18419.257,2.135,0.0
448.604,2026-06-26T01:25:56.555591,12974.695,39898.918,1.495,1471.17,18419.257,0.005,0.0
448.759,2026-06-26T01:25:56.711064,12974.695,39898.918,1.364,1471.5,18419.257,2.127,0.0
448.86,2026-06-26T01:25:56.811497,12975.457,39898.918,3.168,1471.501,18419.257,0.005,0.0
449.014,2026-06-26T01:25:56.966121,12975.457,39898.918,2.536,1471.831,18419.257,2.138,0.0
449.115,2026-06-26T01:25:57.066571,12975.457,39898.918,2.008,1471.832,18419.257,0.005,0.0
449.27,2026-06-26T01:25:57.221691,12975.457,39898.918,1.723,1472.162,18419.257,2.132,0.0
449.37,2026-06-26T01:25:57.322107,12975.707,39898.918,3.397,1472.162,18419.257,0.005,0.0
449.521,2026-06-26T01:25:57.473009,12975.707,39898.918,2.689,1472.492,18419.257,2.192,0.0
449.622,2026-06-26T01:25:57.573453,12975.707,39898.918,2.115,1472.493,18419.257,0.005,0.0
449.778,2026-06-26T01:25:57.729326,12975.707,39898.918,1.797,1472.823,18419.257,2.122,0.0
449.878,2026-06-26T01:25:57.829768,12975.707,39898.918,1.491,1472.824,18419.257,0.005,0.0
450.033,2026-06-26T01:25:57.985121,12975.707,39898.918,1.361,1473.154,18419.257,2.129,0.0
450.134,2026-06-26T01:25:58.085552,12976.461,39898.918,3.213,1473.154,18419.257,0.005,0.0
450.289,2026-06-26T01:25:58.241062,12976.461,39898.918,2.551,1473.485,18419.257,2.126,0.0
450.39,2026-06-26T01:25:58.341511,12976.461,39898.918,2.018,1473.485,18419.257,0.005,0.0
450.545,2026-06-26T01:25:58.497031,12976.461,39898.918,1.745,1473.815,18419.257,2.126,0.0
450.646,2026-06-26T01:25:58.597459,12976.586,39898.918,3.365,1473.816,18419.257,0.005,0.0
450.801,2026-06-26T01:25:58.753052,12976.586,39898.918,2.672,1474.146,18419.257,2.125,0.0
450.902,2026-06-26T01:25:58.853495,12976.586,39898.918,2.104,1474.146,18419.257,0.005,0.0
451.058,2026-06-26T01:25:59.009313,12976.711,39898.918,1.804,1474.477,18419.257,2.122,0.0
451.158,2026-06-26T01:25:59.109753,12976.711,39898.918,1.496,1474.477,18419.257,0.005,0.0
451.313,2026-06-26T01:25:59.265218,12976.711,39898.918,1.364,1474.807,18419.257,2.127,0.0
451.414,2026-06-26T01:25:59.365628,12977.461,39898.918,3.215,1474.808,18419.257,0.005,0.0
451.569,2026-06-26T01:25:59.521095,12977.461,39898.918,2.583,1475.138,18419.257,2.127,0.0
451.67,2026-06-26T01:25:59.621537,12977.461,39898.918,2.018,1475.138,18419.257,0.005,0.0
451.825,2026-06-26T01:25:59.777085,12977.461,39898.918,1.744,1475.469,18419.257,2.126,0.0
451.926,2026-06-26T01:25:59.877502,12977.461,39898.918,3.388,1475.469,18419.257,0.005,0.0
452.081,2026-06-26T01:26:00.033171,12977.461,39898.918,2.688,1475.799,18419.257,2.124,0.0
452.182,2026-06-26T01:26:00.133607,12977.461,39898.918,2.138,1475.8,18419.257,0.005,0.0
452.34,2026-06-26T01:26:00.291605,12977.461,39898.918,1.808,1476.13,18419.257,2.093,0.0
452.44,2026-06-26T01:26:00.392027,12977.461,39898.918,1.499,1476.13,18419.257,0.005,0.0
452.599,2026-06-26T01:26:00.550574,12977.461,39898.918,1.375,1476.46,18419.257,2.086,0.0
452.699,2026-06-26T01:26:00.650982,12978.211,39898.918,2.78,1476.461,18419.257,0.005,0.0
452.857,2026-06-26T01:26:00.809152,12978.211,39898.918,2.495,1476.792,18419.257,2.097,0.0
452.958,2026-06-26T01:26:00.909593,12978.211,39898.918,1.979,1476.793,18419.257,0.005,0.0
453.116,2026-06-26T01:26:01.067647,12978.211,39898.918,1.712,1477.124,18419.257,2.1,0.0
453.216,2026-06-26T01:26:01.168069,12978.336,39898.918,3.366,1477.124,18419.257,0.005,0.0
453.372,2026-06-26T01:26:01.323850,12978.336,39898.918,2.672,1477.455,18419.257,2.129,0.0
453.473,2026-06-26T01:26:01.424287,12978.336,39898.918,2.103,1477.456,18419.257,0.005,0.0
453.628,2026-06-26T01:26:01.580032,12978.461,39898.918,1.789,1477.787,18419.257,2.127,0.0
453.729,2026-06-26T01:26:01.680477,12978.461,39898.918,1.485,1477.787,18419.257,0.005,0.0
453.885,2026-06-26T01:26:01.836322,12978.461,39898.918,1.356,1478.117,18419.257,2.122,0.0
453.985,2026-06-26T01:26:01.936727,12979.211,39898.918,2.231,1478.118,18419.257,0.005,0.0
454.141,2026-06-26T01:26:02.092249,12979.211,39898.918,2.497,1478.448,18419.257,2.126,0.0
454.241,2026-06-26T01:26:02.192696,12979.211,39898.918,2.004,1478.448,18419.257,0.005,0.0
454.397,2026-06-26T01:26:02.348261,12979.211,39898.918,1.719,1478.778,18419.257,2.126,0.0
454.497,2026-06-26T01:26:02.448666,12979.211,39898.918,2.975,1478.779,18419.257,0.005,0.0
454.652,2026-06-26T01:26:02.604167,12979.211,39898.918,2.626,1479.109,18419.257,2.126,0.0
454.753,2026-06-26T01:26:02.704634,12979.211,39898.918,2.094,1479.11,18419.257,0.005,0.0
454.909,2026-06-26T01:26:02.860270,12979.211,39898.918,1.783,1479.44,18419.257,2.127,0.0
455.009,2026-06-26T01:26:02.960706,12979.211,39898.918,1.481,1479.44,18419.257,0.005,0.0
455.165,2026-06-26T01:26:03.116472,12979.211,39898.918,1.353,1479.77,18419.257,2.123,0.0
455.265,2026-06-26T01:26:03.216907,12979.211,39898.918,1.18,1479.771,18419.257,0.005,0.0
455.421,2026-06-26T01:26:03.372638,12979.961,39898.918,2.468,1480.101,18419.257,2.124,0.0
455.521,2026-06-26T01:26:03.473076,12979.961,39898.918,1.984,1480.102,18419.257,0.005,0.0
455.677,2026-06-26T01:26:03.628756,12979.961,39898.918,1.705,1480.432,18419.257,2.124,0.0
455.777,2026-06-26T01:26:03.729206,12979.961,39898.918,1.427,1480.432,18419.257,0.005,0.0
455.933,2026-06-26T01:26:03.884614,12980.086,39898.918,2.599,1480.762,18419.257,2.128,0.0
456.033,2026-06-26T01:26:03.985054,12980.086,39898.918,2.052,1480.763,18419.257,0.005,0.0
456.189,2026-06-26T01:26:04.140472,12980.211,39898.918,1.754,1481.093,18419.257,2.128,0.0
456.289,2026-06-26T01:26:04.240908,12980.211,39898.918,1.46,1481.094,18419.257,0.005,0.0
456.445,2026-06-26T01:26:04.396417,12980.211,39898.918,1.339,1481.424,18419.257,2.127,0.0
456.545,2026-06-26T01:26:04.496855,12980.211,39898.918,1.17,1481.424,18419.257,0.005,0.0
456.701,2026-06-26T01:26:04.652408,12980.961,39898.918,2.463,1481.754,18419.257,2.126,0.0
456.801,2026-06-26T01:26:04.752843,12980.961,39898.918,1.957,1481.755,18419.257,0.005,0.0
456.957,2026-06-26T01:26:04.908407,12980.961,39898.918,1.687,1482.085,18419.257,2.126,0.0
457.057,2026-06-26T01:26:05.008825,12980.961,39898.918,1.414,1482.086,18419.257,0.005,0.0
457.213,2026-06-26T01:26:05.164654,12980.961,39898.918,2.585,1482.416,18419.257,2.122,0.0
457.313,2026-06-26T01:26:05.265063,12980.961,39898.918,2.066,1482.416,18419.257,0.005,0.0
457.469,2026-06-26T01:26:05.420911,12980.961,39898.918,1.763,1482.746,18419.257,2.122,0.0
457.57,2026-06-26T01:26:05.521388,12980.961,39898.918,1.467,1482.747,18419.257,0.005,0.0
457.726,2026-06-26T01:26:05.677921,12980.961,39898.918,1.341,1483.078,18419.257,2.118,0.0
457.827,2026-06-26T01:26:05.778359,12980.961,39898.918,1.172,1483.078,18419.257,0.005,0.0
457.983,2026-06-26T01:26:05.934422,12981.711,39898.918,2.429,1483.409,18419.257,2.125,0.0
458.083,2026-06-26T01:26:06.034871,12981.711,39898.918,1.933,1483.41,18419.257,0.005,0.0
458.239,2026-06-26T01:26:06.190522,12981.711,39898.918,1.67,1483.741,18419.257,2.133,0.0
458.339,2026-06-26T01:26:06.290960,12981.711,39898.918,1.425,1483.742,18419.257,0.005,0.0
458.495,2026-06-26T01:26:06.446406,12981.711,39898.918,2.552,1484.073,18419.257,2.133,0.0
458.595,2026-06-26T01:26:06.546844,12981.711,39898.918,2.02,1484.073,18419.257,0.005,0.0
458.753,2026-06-26T01:26:06.704888,12981.711,39898.918,1.74,1484.403,18419.257,2.092,0.0
458.854,2026-06-26T01:26:06.805323,12981.711,39898.918,1.451,1484.404,18419.257,0.005,0.0
459.011,2026-06-26T01:26:06.962313,12981.711,39898.918,1.33,1484.734,18419.257,2.106,0.0
459.111,2026-06-26T01:26:07.062753,12981.711,39898.918,1.164,1484.734,18419.257,0.005,0.0
459.268,2026-06-26T01:26:07.220186,12982.461,39898.918,2.424,1485.064,18419.257,2.1,0.0
459.369,2026-06-26T01:26:07.320624,12982.461,39898.918,1.93,1485.065,18419.257,0.005,0.0
459.525,2026-06-26T01:26:07.476359,12982.461,39898.918,1.682,1485.395,18419.257,2.123,0.0
459.625,2026-06-26T01:26:07.576775,12982.461,39898.918,1.411,1485.395,18419.257,0.005,0.0
459.781,2026-06-26T01:26:07.732599,12982.586,39898.918,2.613,1485.726,18419.257,2.122,0.0
459.881,2026-06-26T01:26:07.833039,12982.586,39898.918,2.062,1485.726,18419.257,0.005,0.0
460.037,2026-06-26T01:26:07.988722,12982.711,39898.918,1.76,1486.056,18419.257,2.124,0.0
460.137,2026-06-26T01:26:08.089179,12982.711,39898.918,1.465,1486.057,18419.257,0.005,0.0
460.293,2026-06-26T01:26:08.244584,12982.711,39898.918,1.343,1486.387,18419.257,2.128,0.0
460.393,2026-06-26T01:26:08.345020,12982.711,39898.918,1.173,1486.387,18419.257,0.005,0.0
460.549,2026-06-26T01:26:08.500464,12983.461,39898.918,2.496,1486.718,18419.257,2.127,0.0
460.649,2026-06-26T01:26:08.600901,12983.461,39898.918,2.004,1486.718,18419.257,0.005,0.0
460.805,2026-06-26T01:26:08.756345,12983.461,39898.918,1.719,1487.048,18419.257,2.127,0.0
460.905,2026-06-26T01:26:08.856781,12983.461,39898.918,1.437,1487.049,18419.257,0.005,0.0
461.061,2026-06-26T01:26:09.012373,12983.586,39898.918,2.634,1487.379,18419.257,2.126,0.0
461.161,2026-06-26T01:26:09.112809,12983.711,39898.918,2.077,1487.379,18419.257,0.005,0.0
461.317,2026-06-26T01:26:09.268613,12983.711,39898.918,1.77,1487.71,18419.257,2.123,0.0
461.417,2026-06-26T01:26:09.369045,12983.711,39898.918,1.472,1487.71,18419.257,0.005,0.0
461.573,2026-06-26T01:26:09.524887,12983.711,39898.918,1.362,1488.04,18419.257,2.122,0.0
461.674,2026-06-26T01:26:09.625319,12983.711,39898.918,1.186,1488.041,18419.257,0.005,0.0
461.829,2026-06-26T01:26:09.781055,12984.461,39898.918,2.457,1488.371,18419.257,2.123,0.0
461.93,2026-06-26T01:26:09.881493,12984.461,39898.918,1.953,1488.371,18419.257,0.005,0.0
462.086,2026-06-26T01:26:10.037502,12984.461,39898.918,1.683,1488.702,18419.257,2.12,0.0
462.186,2026-06-26T01:26:10.137921,12984.461,39898.918,1.411,1488.702,18419.257,0.005,0.0
462.342,2026-06-26T01:26:10.293393,12984.461,39898.918,2.603,1489.032,18419.257,2.127,0.0
462.442,2026-06-26T01:26:10.393826,12984.461,39898.918,2.055,1489.033,18419.257,0.005,0.0
462.598,2026-06-26T01:26:10.549823,12984.461,39898.918,1.754,1489.363,18419.257,2.12,0.0
462.699,2026-06-26T01:26:10.650262,12984.461,39898.918,1.461,1489.363,18419.257,0.005,0.0
462.855,2026-06-26T01:26:10.806372,12984.461,39898.918,1.338,1489.694,18419.257,2.124,0.0
462.955,2026-06-26T01:26:10.906812,12984.461,39898.918,1.193,1489.695,18419.257,0.005,0.0
463.111,2026-06-26T01:26:11.062832,12985.211,39898.918,2.504,1490.026,18419.257,2.126,0.0
463.212,2026-06-26T01:26:11.163296,12985.211,39898.918,2.009,1490.027,18419.257,0.005,0.0
463.368,2026-06-26T01:26:11.319555,12985.211,39898.918,1.722,1490.358,18419.257,2.123,0.0
463.468,2026-06-26T01:26:11.419994,12985.211,39898.918,1.438,1490.358,18419.257,0.005,0.0
463.625,2026-06-26T01:26:11.576342,12985.211,39898.918,2.597,1490.689,18419.257,2.12,0.0
463.725,2026-06-26T01:26:11.676782,12985.211,39898.918,2.051,1490.69,18419.257,0.005,0.0
463.881,2026-06-26T01:26:11.833025,12985.211,39898.918,1.766,1491.02,18419.257,2.117,0.0
463.982,2026-06-26T01:26:11.933464,12985.211,39898.918,1.469,1491.02,18419.257,0.005,0.0
464.138,2026-06-26T01:26:12.089999,12985.211,39898.918,1.343,1491.35,18419.257,2.112,0.0
464.239,2026-06-26T01:26:12.190442,12985.211,39898.918,1.173,1491.351,18419.257,0.005,0.0
464.395,2026-06-26T01:26:12.346906,12985.961,39898.918,2.441,1491.681,18419.257,2.113,0.0
464.496,2026-06-26T01:26:12.447341,12985.961,39898.918,1.941,1491.682,18419.257,0.005,0.0
464.652,2026-06-26T01:26:12.603268,12985.961,39898.918,1.69,1492.012,18419.257,2.121,0.0
464.752,2026-06-26T01:26:12.703688,12985.961,39898.918,1.416,1492.012,18419.257,0.005,0.0
464.908,2026-06-26T01:26:12.859807,12986.086,39898.918,2.569,1492.342,18419.257,2.118,0.0
465.009,2026-06-26T01:26:12.960248,12986.211,39898.918,2.031,1492.343,18419.257,0.005,0.0
465.164,2026-06-26T01:26:13.116151,12986.211,39898.918,1.738,1492.673,18419.257,2.121,0.0
465.265,2026-06-26T01:26:13.216600,12986.211,39898.918,1.449,1492.674,18419.257,0.005,0.0
465.421,2026-06-26T01:26:13.372834,12986.211,39898.918,1.345,1493.004,18419.257,2.119,0.0
465.522,2026-06-26T01:26:13.473270,12986.211,39898.918,1.175,1493.004,18419.257,0.005,0.0
465.678,2026-06-26T01:26:13.629817,12986.961,39898.918,2.441,1493.334,18419.257,2.112,0.0
465.779,2026-06-26T01:26:13.730230,12986.961,39898.918,1.942,1493.335,18419.257,0.005,0.0
465.934,2026-06-26T01:26:13.885325,12986.961,39898.918,1.677,1493.666,18419.257,2.139,0.0
466.034,2026-06-26T01:26:13.985762,12986.961,39898.918,1.407,1493.667,18419.257,0.005,0.0
466.19,2026-06-26T01:26:14.141755,12987.086,39898.918,2.519,1493.998,18419.257,2.127,0.0
466.29,2026-06-26T01:26:14.242212,12987.211,39898.918,1.996,1493.998,18419.257,0.005,0.0
466.446,2026-06-26T01:26:14.397732,12987.211,39898.918,1.729,1494.329,18419.257,2.133,0.0
466.546,2026-06-26T01:26:14.498190,12987.211,39898.918,1.443,1494.33,18419.257,0.005,0.0
466.702,2026-06-26T01:26:14.653725,12987.211,39898.918,1.327,1494.661,18419.257,2.133,0.0
466.802,2026-06-26T01:26:14.754195,12987.211,39898.918,1.162,1494.662,18419.257,0.005,0.0
466.959,2026-06-26T01:26:14.910346,12988.109,39898.918,2.451,1494.992,18419.257,2.117,0.0
467.059,2026-06-26T01:26:15.010783,12988.109,39898.918,1.949,1494.992,18419.257,0.005,0.0
467.215,2026-06-26T01:26:15.166381,12988.125,39898.918,1.666,1495.322,18419.257,2.125,0.0
467.315,2026-06-26T01:26:15.266803,12988.125,39898.918,1.399,1495.323,18419.257,0.005,0.0
467.471,2026-06-26T01:26:15.422537,12988.133,39898.918,2.606,1495.653,18419.257,2.123,0.0
467.571,2026-06-26T01:26:15.523036,12988.133,39898.918,2.057,1495.654,18419.257,0.005,0.0
467.727,2026-06-26T01:26:15.679132,12988.133,39898.918,1.756,1495.985,18419.257,2.127,0.0
467.828,2026-06-26T01:26:15.779537,12988.133,39898.918,1.462,1495.985,18419.257,0.005,0.0
467.983,2026-06-26T01:26:15.935127,12988.133,39898.918,1.34,1496.316,18419.257,2.131,0.0
468.084,2026-06-26T01:26:16.035559,12988.133,39898.918,1.171,1496.317,18419.257,0.005,0.0
488.634,2026-06-26T01:26:36.585771,22236.316,49147.227,3.951,1496.501,30321.362,0.009,579.121
488.637,2026-06-26T01:26:36.588632,22236.316,49147.227,2.766,1496.501,30321.362,0.86,0.0
488.671,2026-06-26T01:26:36.623110,21895.371,49147.227,2.411,1496.648,30321.362,4.249,0.0
488.827,2026-06-26T01:26:36.779061,20169.953,47611.223,2.018,1496.978,30321.362,2.118,0.0
488.928,2026-06-26T01:26:36.879458,19088.543,46075.219,1.646,1496.979,30321.362,0.005,0.0
489.087,2026-06-26T01:26:37.038508,17514.656,44539.215,1.462,1497.309,30321.362,2.078,0.0
489.187,2026-06-26T01:26:37.139017,16491.82,44539.215,1.256,1497.309,30321.362,0.005,0.0
489.344,2026-06-26T01:26:37.295227,15031.582,43003.211,1.195,1497.64,30321.362,2.118,0.0
489.444,2026-06-26T01:26:37.395624,14100.281,41467.207,1.069,1497.64,30321.362,0.005,0.0
490.068,2026-06-26T01:26:38.019898,12892.285,39803.195,0.996,1497.736,30321.362,0.153,0.0
490.069,2026-06-26T01:26:38.020605,12892.285,39803.195,0.697,1497.737,30321.362,1.866,0.0
490.071,2026-06-26T01:26:38.022745,12892.285,39803.195,0.488,1498.305,30321.362,258.193,0.0
490.071,2026-06-26T01:26:38.023121,12892.285,39803.195,0.342,1498.305,30321.362,2.46,0.0
490.076,2026-06-26T01:26:38.027458,12892.285,39803.195,0.239,1498.306,30321.362,0.124,0.0
490.076,2026-06-26T01:26:38.027774,12892.285,39803.195,7.744,1498.307,30321.362,2.168,0.0
490.09,2026-06-26T01:26:38.041617,12892.285,39803.195,5.421,1498.309,30321.93,0.175,40.83
490.352,2026-06-26T01:26:38.303940,12892.285,39803.195,4.036,1498.312,30321.934,0.013,0.016
490.353,2026-06-26T01:26:38.304726,12892.285,39803.195,2.825,1498.313,30321.934,1.692,0.0
490.651,2026-06-26T01:26:38.602345,12629.488,39784.32,2.253,1498.459,30321.934,0.489,0.0
490.654,2026-06-26T01:26:38.605424,12633.09,39784.32,1.577,1499.029,30321.934,192.229,0.0
490.654,2026-06-26T01:26:38.605877,12633.09,39784.32,1.104,1499.03,30321.934,2.131,0.0
490.655,2026-06-26T01:26:38.606252,12633.09,39784.32,0.773,1499.031,30321.934,1.664,0.0
490.655,2026-06-26T01:26:38.607163,12633.09,39784.32,0.541,1499.6,30321.934,598.323,0.0
490.661,2026-06-26T01:26:38.612625,12633.094,39784.32,0.808,1499.619,30321.935,3.444,0.173
490.673,2026-06-26T01:26:38.624524,12633.129,39784.32,0.762,1499.681,30321.935,5.171,0.0
490.842,2026-06-26T01:26:38.793388,12694.938,41485.262,0.63,1500.612,30322.031,5.514,0.565
490.942,2026-06-26T01:26:38.893860,12694.938,41485.262,0.674,1500.613,30322.031,0.01,0.0
491.043,2026-06-26T01:26:38.994669,12696.145,42977.84,0.704,1500.614,30322.031,0.01,0.0
491.144,2026-06-26T01:26:39.095476,12696.797,45192.293,0.725,1500.615,30322.031,0.01,0.0
491.245,2026-06-26T01:26:39.196444,12722.27,45222.293,0.763,1500.616,30322.031,0.01,0.0
491.346,2026-06-26T01:26:39.297617,12755.004,45252.293,0.742,1500.617,30322.031,0.01,0.0
491.447,2026-06-26T01:26:39.398815,12767.418,45272.293,0.774,1500.618,30322.031,0.01,0.0
491.548,2026-06-26T01:26:39.500014,12771.008,43418.777,0.797,1500.619,30322.031,0.01,0.0
491.65,2026-06-26T01:26:39.601242,12773.016,41565.262,0.766,1500.62,30322.031,0.01,0.0
491.751,2026-06-26T01:26:39.702435,12773.16,41565.262,0.814,1500.621,30322.031,0.01,0.0
491.852,2026-06-26T01:26:39.803646,12773.172,41565.262,0.802,1500.622,30322.031,0.01,0.0
491.953,2026-06-26T01:26:39.904852,12773.469,41565.262,0.793,1500.623,30322.031,0.01,0.0
492.054,2026-06-26T01:26:40.006053,12785.941,41589.262,0.786,1500.624,30322.031,0.01,0.0
492.156,2026-06-26T01:26:40.107244,12793.211,41589.262,0.782,1500.625,30322.031,0.01,0.0
492.257,2026-06-26T01:26:40.208448,12834.488,41617.262,0.779,1500.626,30322.031,0.01,0.0
492.358,2026-06-26T01:26:40.309647,12884.051,41689.262,0.777,1500.627,30322.031,0.01,0.0
492.459,2026-06-26T01:26:40.410807,12902.703,41689.262,0.776,1500.627,30322.031,0.01,0.0
492.56,2026-06-26T01:26:40.511989,12920.91,41737.262,0.775,1500.628,30322.031,0.01,0.0
492.661,2026-06-26T01:26:40.613220,12936.582,41737.262,0.797,1500.629,30322.031,0.01,0.0
492.763,2026-06-26T01:26:40.714381,12948.789,41737.262,0.79,1500.63,30322.031,0.01,0.0
492.864,2026-06-26T01:26:40.815570,12975.246,41793.262,0.784,1500.631,30322.031,0.01,0.0
492.965,2026-06-26T01:26:40.916765,12990.051,41793.262,0.804,1500.632,30322.031,0.01,0.0
493.066,2026-06-26T01:26:41.018026,13000.051,41793.262,0.771,1500.633,30322.031,0.01,0.0
493.168,2026-06-26T01:26:41.119238,13004.121,41793.262,0.771,1500.634,30322.031,0.01,0.0
493.269,2026-06-26T01:26:41.220391,13011.145,41793.262,0.795,1500.635,30322.031,0.01,0.0
493.37,2026-06-26T01:26:41.321602,13025.688,41865.262,0.788,1500.636,30322.031,0.01,0.0
493.471,2026-06-26T01:26:41.422793,13022.227,41865.262,0.783,1500.637,30322.031,0.01,0.0
493.572,2026-06-26T01:26:41.523982,13022.301,41865.262,0.803,1500.638,30322.031,0.01,0.0
493.673,2026-06-26T01:26:41.625210,13018.414,41865.262,0.794,1500.639,30322.031,0.01,0.0
493.775,2026-06-26T01:26:41.726343,13022.918,41865.262,0.787,1500.64,30322.031,0.01,0.0
493.876,2026-06-26T01:26:41.827543,13029.688,41865.262,0.806,1500.641,30322.031,0.01,0.0
493.977,2026-06-26T01:26:41.928723,13035.523,41865.262,0.819,1500.642,30322.031,0.01,0.0
494.078,2026-06-26T01:26:42.029926,13035.07,41865.262,0.805,1500.643,30322.031,0.01,0.0
494.179,2026-06-26T01:26:42.131108,13034.836,41865.262,0.795,1500.644,30322.031,0.01,0.0
494.281,2026-06-26T01:26:42.232302,13075.621,41865.262,0.788,1500.645,30322.031,0.01,0.0
494.382,2026-06-26T01:26:42.333487,13087.867,41945.262,0.783,1500.646,30322.031,0.01,0.0
494.483,2026-06-26T01:26:42.434691,13100.125,41945.262,0.78,1500.647,30322.031,0.01,0.0
494.584,2026-06-26T01:26:42.535875,13099.91,41945.262,0.777,1500.648,30322.031,0.01,0.0
494.685,2026-06-26T01:26:42.637057,13098.953,41945.262,0.799,1500.649,30322.031,0.01,0.0
494.786,2026-06-26T01:26:42.738219,13098.953,41945.262,0.791,1500.65,30322.031,0.01,0.0
494.888,2026-06-26T01:26:42.839406,13099.016,41945.262,0.809,1500.651,30322.031,0.01,0.0
494.989,2026-06-26T01:26:42.940604,13093.363,41945.262,0.798,1500.652,30322.031,0.01,0.0
495.09,2026-06-26T01:26:43.041802,13093.363,41945.262,0.79,1500.653,30322.031,0.01,0.0
495.191,2026-06-26T01:26:43.142986,13093.363,41945.262,0.784,1500.654,30322.031,0.01,0.0
495.292,2026-06-26T01:26:43.244216,13094.195,41945.262,0.781,1500.655,30322.031,0.01,0.0
495.394,2026-06-26T01:26:43.345350,13094.195,41945.262,0.778,1500.656,30322.031,0.01,0.0
495.495,2026-06-26T01:26:43.446558,13094.195,41945.262,0.776,1500.657,30322.031,0.01,0.0
495.596,2026-06-26T01:26:43.547756,13094.195,41945.262,0.775,1500.658,30322.031,0.01,0.0
495.697,2026-06-26T01:26:43.648958,13094.262,41945.262,0.774,1500.659,30322.031,0.01,0.0
495.868,2026-06-26T01:26:43.820183,13103.289,41945.262,0.871,1501.009,30322.031,2.052,0.0
495.969,2026-06-26T01:26:43.920669,13122.246,41945.262,0.866,1501.01,30322.031,0.01,0.0
496.07,2026-06-26T01:26:44.021462,13130.254,41945.262,0.839,1501.011,30322.031,0.01,0.0
496.171,2026-06-26T01:26:44.122325,13124.582,41945.262,0.842,1501.012,30322.031,0.01,0.0
496.272,2026-06-26T01:26:44.223422,13124.609,41945.262,0.821,1501.013,30322.031,0.01,0.0
496.373,2026-06-26T01:26:44.324631,13140.316,41945.262,0.806,1501.014,30322.031,0.01,0.0
496.474,2026-06-26T01:26:44.425823,13150.367,41945.262,0.796,1501.015,30322.031,0.01,0.0
496.575,2026-06-26T01:26:44.527021,13159.23,41945.262,0.789,1501.016,30322.031,0.01,0.0
496.677,2026-06-26T01:26:44.628228,13152.113,41945.262,0.784,1501.017,30322.031,0.01,0.0
496.778,2026-06-26T01:26:44.729454,13152.176,41945.262,0.78,1501.018,30322.031,0.01,0.0
496.879,2026-06-26T01:26:44.830655,13161.535,42041.262,0.801,1501.019,30322.031,0.01,0.0
496.98,2026-06-26T01:26:44.931837,13161.602,42041.262,0.792,1501.02,30322.031,0.01,0.0
497.081,2026-06-26T01:26:45.033029,13161.605,42041.262,0.786,1501.021,30322.031,0.01,0.0
497.182,2026-06-26T01:26:45.134221,13166.062,42041.262,0.782,1501.022,30322.031,0.01,0.0
497.284,2026-06-26T01:26:45.235427,13170.953,42041.262,0.779,1501.023,30322.031,0.01,0.0
497.385,2026-06-26T01:26:45.336612,13170.953,42041.262,0.777,1501.024,30322.031,0.01,0.0
497.486,2026-06-26T01:26:45.437810,13170.953,42041.262,0.798,1501.025,30322.031,0.01,0.0
497.587,2026-06-26T01:26:45.538996,13159.926,42041.262,0.79,1501.026,30322.031,0.01,0.0
497.689,2026-06-26T01:26:45.640228,13159.926,42041.262,0.808,1501.027,30322.031,0.01,0.0
497.79,2026-06-26T01:26:45.741375,13159.945,42041.262,0.797,1501.028,30322.031,0.01,0.0
497.891,2026-06-26T01:26:45.842587,13159.945,42041.262,0.813,1501.029,30322.031,0.01,0.0
497.992,2026-06-26T01:26:45.943776,13170.973,42041.262,0.801,1501.03,30322.031,0.01,0.0
498.093,2026-06-26T01:26:46.044983,13171.035,42041.262,0.792,1501.031,30322.031,0.01,0.0
498.194,2026-06-26T01:26:46.146199,13155.93,42041.262,0.786,1501.032,30322.031,0.01,0.0
498.296,2026-06-26T01:26:46.247347,13155.93,42041.262,0.782,1501.033,30322.031,0.01,0.0
498.397,2026-06-26T01:26:46.348534,13168.039,42041.262,0.779,1501.034,30322.031,0.01,0.0
498.498,2026-06-26T01:26:46.449730,13168.125,42041.262,0.777,1501.035,30322.031,0.01,0.0
498.599,2026-06-26T01:26:46.550889,13133.16,42041.262,0.776,1501.036,30322.031,0.01,0.0
498.7,2026-06-26T01:26:46.652048,13130.066,42041.262,0.798,1501.037,30322.031,0.01,0.0
498.801,2026-06-26T01:26:46.753223,13125.926,42041.262,0.79,1501.038,30322.031,0.01,0.0
498.903,2026-06-26T01:26:46.854422,13126.781,42041.262,0.785,1501.039,30322.031,0.01,0.0
499.004,2026-06-26T01:26:46.955608,13126.781,42041.262,0.781,1501.04,30322.031,0.01,0.0
499.105,2026-06-26T01:26:47.056820,13118.777,42041.262,0.778,1501.041,30322.031,0.01,0.0
499.206,2026-06-26T01:26:47.158010,13118.777,42041.262,0.776,1501.042,30322.031,0.01,0.0
499.308,2026-06-26T01:26:47.259238,13112.699,42041.262,0.798,1501.043,30322.031,0.01,0.0
499.409,2026-06-26T01:26:47.360396,13112.699,42041.262,0.813,1501.044,30322.031,0.01,0.0
499.51,2026-06-26T01:26:47.461590,13118.246,42041.262,0.801,1501.045,30322.031,0.01,0.0
499.611,2026-06-26T01:26:47.562782,13118.246,42041.262,0.792,1501.046,30322.031,0.01,0.0
499.712,2026-06-26T01:26:47.663981,13124.445,42041.262,0.786,1501.047,30322.031,0.01,0.0
499.813,2026-06-26T01:26:47.765197,13110.242,42041.262,0.782,1501.048,30322.031,0.01,0.0
499.915,2026-06-26T01:26:47.866346,13110.367,42041.262,0.779,1501.049,30322.031,0.01,0.0
500.016,2026-06-26T01:26:47.967535,13107.676,42041.262,0.8,1501.05,30322.031,0.01,0.0
500.117,2026-06-26T01:26:48.068741,13115.68,42041.262,0.815,1501.051,30322.031,0.01,0.0
500.218,2026-06-26T01:26:48.169937,13115.68,42041.262,0.802,1501.052,30322.031,0.01,0.0
500.319,2026-06-26T01:26:48.271173,13123.684,42041.262,0.793,1501.053,30322.031,0.01,0.0
500.421,2026-06-26T01:26:48.372314,13107.676,42041.262,0.787,1501.054,30322.031,0.01,0.0
500.522,2026-06-26T01:26:48.473520,13108.348,42041.262,0.782,1501.055,30322.031,0.01,0.0
500.623,2026-06-26T01:26:48.574722,13117.684,42041.262,0.802,1501.056,30322.031,0.01,0.0
500.724,2026-06-26T01:26:48.675930,13117.684,42041.262,0.793,1501.057,30322.031,0.01,0.0
500.895,2026-06-26T01:26:48.847120,13125.691,42041.262,0.871,1501.407,30322.031,2.053,0.0
500.996,2026-06-26T01:26:48.947618,13117.691,42041.262,0.842,1501.408,30322.031,0.01,0.0
501.097,2026-06-26T01:26:49.048407,13122.695,42041.262,0.845,1501.409,30322.031,0.01,0.0
501.198,2026-06-26T01:26:49.149235,13126.637,42041.262,0.801,1501.41,30322.031,0.01,0.0
501.299,2026-06-26T01:26:49.250273,13151.746,42041.262,0.792,1501.411,30322.031,0.01,0.0
501.4,2026-06-26T01:26:49.351457,13157.648,42041.262,0.833,1501.412,30322.031,0.01,0.0
501.501,2026-06-26T01:26:49.452655,13165.656,42041.262,0.791,1501.413,30322.031,0.01,0.0
501.602,2026-06-26T01:26:49.553832,13173.66,42041.262,0.809,1501.414,30322.031,0.01,0.0
501.703,2026-06-26T01:26:49.655033,13141.648,42041.262,0.821,1501.415,30322.031,0.01,0.0
501.805,2026-06-26T01:26:49.756227,13141.648,42041.262,0.806,1501.416,30322.031,0.01,0.0
501.906,2026-06-26T01:26:49.857433,13149.652,42041.262,0.796,1501.417,30322.031,0.01,0.0
502.007,2026-06-26T01:26:49.958619,13149.676,42041.262,0.789,1501.418,30322.031,0.01,0.0
502.108,2026-06-26T01:26:50.059813,13141.812,42041.262,0.784,1501.419,30322.031,0.01,0.0
502.209,2026-06-26T01:26:50.161008,13141.812,42041.262,0.803,1501.42,30322.031,0.01,0.0
502.311,2026-06-26T01:26:50.262231,13151.816,42041.262,0.794,1501.421,30322.031,0.01,0.0
502.412,2026-06-26T01:26:50.363369,13153.496,42041.262,0.764,1501.422,30322.031,0.01,0.0
502.513,2026-06-26T01:26:50.464560,13153.496,42041.262,0.79,1501.423,30322.031,0.01,0.0
502.614,2026-06-26T01:26:50.565743,13153.496,42041.262,0.784,1501.424,30322.031,0.01,0.0
502.715,2026-06-26T01:26:50.666938,13153.496,42041.262,0.781,1501.425,30322.031,0.01,0.0
502.816,2026-06-26T01:26:50.768130,13153.496,42041.262,0.778,1501.426,30322.031,0.01,0.0
502.918,2026-06-26T01:26:50.869323,13158.312,42041.262,0.776,1501.427,30322.031,0.01,0.0
503.019,2026-06-26T01:26:50.970512,13179.934,42041.262,0.775,1501.428,30322.031,0.01,0.0
503.12,2026-06-26T01:26:51.071712,13206.578,42041.262,0.821,1501.429,30322.031,0.01,0.0
503.221,2026-06-26T01:26:51.172913,13206.582,42041.262,0.783,1501.43,30322.031,0.01,0.0
503.322,2026-06-26T01:26:51.274116,13214.586,42041.262,0.803,1501.431,30322.031,0.01,0.0
503.424,2026-06-26T01:26:51.375302,13190.578,42041.262,0.794,1501.432,30322.031,0.01,0.0
503.525,2026-06-26T01:26:51.476502,13198.582,42041.262,0.787,1501.433,30322.031,0.01,0.0
503.626,2026-06-26T01:26:51.577692,13218.406,42041.262,0.806,1501.434,30322.031,0.01,0.0
503.727,2026-06-26T01:26:51.678877,13248.156,42041.262,0.772,1501.435,30322.031,0.01,0.0
503.828,2026-06-26T01:26:51.780071,13232.152,42041.262,0.795,1501.436,30322.031,0.01,0.0
503.93,2026-06-26T01:26:51.881267,13224.68,42041.262,0.789,1501.437,30322.031,0.01,0.0
504.031,2026-06-26T01:26:51.982462,13225.875,42041.262,0.784,1501.438,30322.031,0.01,0.0
504.132,2026-06-26T01:26:52.083670,13225.887,42041.262,0.78,1501.439,30322.031,0.01,0.0
504.233,2026-06-26T01:26:52.184883,13225.902,42041.262,0.801,1501.44,30322.031,0.01,0.0
504.334,2026-06-26T01:26:52.286104,13225.902,42041.262,0.792,1501.441,30322.031,0.01,0.0
504.436,2026-06-26T01:26:52.387294,13225.941,42041.262,0.786,1501.442,30322.031,0.01,0.0
504.537,2026-06-26T01:26:52.488484,13241.195,42041.262,0.782,1501.443,30322.031,0.01,0.0
504.638,2026-06-26T01:26:52.589673,13251.586,42041.262,0.802,1501.444,30322.031,0.01,0.0
504.739,2026-06-26T01:26:52.690867,13261.113,42041.262,0.77,1501.445,30322.031,0.01,0.0
504.84,2026-06-26T01:26:52.792046,13275.562,42041.262,0.794,1501.446,30322.031,0.01,0.0
504.942,2026-06-26T01:26:52.893231,13291.906,42041.262,0.811,1501.447,30322.031,0.01,0.0
505.043,2026-06-26T01:26:52.994402,13309.262,42153.262,0.799,1501.448,30322.031,0.01,0.0
505.144,2026-06-26T01:26:53.095597,13323.488,42153.262,0.791,1501.449,30322.031,0.01,0.0
505.245,2026-06-26T01:26:53.196775,13341.023,42153.262,0.785,1501.45,30322.031,0.01,0.0
505.346,2026-06-26T01:26:53.297958,13372.086,42153.262,0.781,1501.451,30322.031,0.01,0.0
505.447,2026-06-26T01:26:53.399183,13382.09,42153.262,0.778,1501.452,30322.031,0.01,0.0
505.549,2026-06-26T01:26:53.500328,13382.109,42153.262,0.777,1501.453,30322.031,0.01,0.0
505.65,2026-06-26T01:26:53.601507,13315.863,42153.262,0.798,1501.454,30322.031,0.01,0.0
505.751,2026-06-26T01:26:53.702709,13314.398,42153.262,0.814,1501.455,30322.031,0.01,0.0
505.922,2026-06-26T01:26:53.874172,13313.305,42153.262,0.885,1501.805,30322.031,2.05,0.0
506.023,2026-06-26T01:26:53.974662,13312.738,42153.262,0.852,1501.806,30322.031,0.01,0.0
506.124,2026-06-26T01:26:54.075435,13312.738,42153.262,0.829,1501.807,30322.031,0.01,0.0
506.225,2026-06-26T01:26:54.176243,13310.984,42153.262,0.813,1501.808,30322.031,0.01,0.0
506.326,2026-06-26T01:26:54.277226,13310.984,42153.262,0.801,1501.809,30322.031,0.01,0.0
506.427,2026-06-26T01:26:54.378429,13306.129,42153.262,0.815,1501.81,30322.031,0.01,0.0
506.528,2026-06-26T01:26:54.479634,13306.141,42153.262,0.825,1501.811,30322.031,0.01,0.0
506.629,2026-06-26T01:26:54.580824,13306.141,42153.262,0.786,1501.812,30322.031,0.01,0.0
506.73,2026-06-26T01:26:54.682012,13314.148,42153.262,0.828,1501.813,30322.031,0.01,0.0
506.832,2026-06-26T01:26:54.783232,13314.148,42153.262,0.811,1501.814,30322.031,0.01,0.0
506.933,2026-06-26T01:26:54.884390,13314.16,42153.262,0.8,1501.815,30322.031,0.01,0.0
507.034,2026-06-26T01:26:54.985580,13314.16,42153.262,0.791,1501.816,30322.031,0.01,0.0
507.135,2026-06-26T01:26:55.086772,13324.066,42153.262,0.786,1501.817,30322.031,0.01,0.0
507.236,2026-06-26T01:26:55.187968,13337.656,42153.262,0.781,1501.818,30322.031,0.01,0.0
507.337,2026-06-26T01:26:55.289209,13346.047,42153.262,0.802,1501.819,30322.031,0.01,0.0
507.439,2026-06-26T01:26:55.390359,13351.031,42153.262,0.793,1501.82,30322.031,0.01,0.0
507.54,2026-06-26T01:26:55.491559,13362.027,42153.262,0.763,1501.821,30322.031,0.01,0.0
507.641,2026-06-26T01:26:55.592679,13377.355,42153.262,0.79,1501.822,30322.031,0.01,0.0
507.742,2026-06-26T01:26:55.693426,13391.926,42153.262,0.762,1501.823,30322.031,0.01,0.0
507.843,2026-06-26T01:26:55.794395,13403.547,42281.262,0.765,1501.824,30322.031,0.01,0.0
507.944,2026-06-26T01:26:55.895533,13418.066,42281.262,0.791,1501.825,30322.031,0.01,0.0
508.045,2026-06-26T01:26:55.996650,13442.84,42281.262,0.785,1501.826,30322.031,0.01,0.0
508.146,2026-06-26T01:26:56.097763,13462.898,42281.262,0.781,1501.827,30322.031,0.01,0.0
508.247,2026-06-26T01:26:56.198874,13462.91,42281.262,0.779,1501.828,30322.031,0.01,0.0
508.348,2026-06-26T01:26:56.299994,13462.91,42281.262,0.777,1501.829,30322.031,0.01,0.0
508.449,2026-06-26T01:26:56.401110,13420.824,42281.262,0.799,1501.83,30322.031,0.01,0.0
508.551,2026-06-26T01:26:56.502231,13418.312,42281.262,0.791,1501.831,30322.031,0.01,0.0
508.652,2026-06-26T01:26:56.603270,13410.098,42281.262,0.809,1501.832,30322.031,0.01,0.0
508.752,2026-06-26T01:26:56.704004,13410.098,42281.262,0.822,1501.833,30322.031,0.01,0.0
508.853,2026-06-26T01:26:56.805118,13410.098,42281.262,0.807,1501.834,30322.031,0.01,0.0
508.955,2026-06-26T01:26:56.906283,13410.098,42281.262,0.797,1501.835,30322.031,0.01,0.0
509.056,2026-06-26T01:26:57.007454,13406.094,42281.262,0.812,1501.836,30322.031,0.01,0.0
509.157,2026-06-26T01:26:57.108637,13406.094,42281.262,0.8,1501.837,30322.031,0.01,0.0
509.258,2026-06-26T01:26:57.209781,13404.383,42281.262,0.792,1501.838,30322.031,0.01,0.0
509.359,2026-06-26T01:26:57.310956,13412.387,42281.262,0.786,1501.839,30322.031,0.01,0.0
509.46,2026-06-26T01:26:57.412129,13402.629,42281.262,0.759,1501.84,30322.031,0.01,0.0
509.562,2026-06-26T01:26:57.513300,13402.629,42281.262,0.786,1501.841,30322.031,0.01,0.0
509.663,2026-06-26T01:26:57.614469,13416.449,42281.262,0.782,1501.842,30322.031,0.01,0.0
509.764,2026-06-26T01:26:57.715655,13415.375,42281.262,0.779,1501.843,30322.031,0.01,0.0
509.865,2026-06-26T01:26:57.816836,13415.375,42281.262,0.777,1501.844,30322.031,0.01,0.0
509.966,2026-06-26T01:26:57.918017,13417.184,42281.262,0.776,1501.845,30322.031,0.01,0.0
510.067,2026-06-26T01:26:58.019212,13413.203,42281.262,0.775,1501.846,30322.031,0.01,0.0
510.169,2026-06-26T01:26:58.120320,13411.387,42281.262,0.797,1501.847,30322.031,0.01,0.0
510.27,2026-06-26T01:26:58.221508,13411.387,42281.262,0.79,1501.848,30322.031,0.01,0.0
510.371,2026-06-26T01:26:58.322689,13411.387,42281.262,0.784,1501.848,30322.031,0.01,0.0
510.472,2026-06-26T01:26:58.423858,13408.652,42281.262,0.781,1501.849,30322.031,0.01,0.0
510.573,2026-06-26T01:26:58.525032,13408.309,42281.262,0.778,1501.85,30322.031,0.01,0.0
510.675,2026-06-26T01:26:58.626234,13404.93,42281.262,0.8,1501.851,30322.031,0.01,0.0
510.776,2026-06-26T01:26:58.727447,13425.484,42281.262,0.791,1501.852,30322.031,0.01,0.0
510.948,2026-06-26T01:26:58.899394,13399.223,42281.262,0.895,1502.203,30322.031,2.046,0.0
511.048,2026-06-26T01:26:58.999914,13399.223,42281.262,0.859,1502.204,30322.031,0.01,0.0
511.149,2026-06-26T01:26:59.100715,13399.223,42281.262,0.834,1502.205,30322.031,0.01,0.0
511.25,2026-06-26T01:26:59.201628,13399.223,42281.262,0.839,1502.206,30322.031,0.01,0.0
511.351,2026-06-26T01:26:59.302592,13399.223,42281.262,0.82,1502.207,30322.031,0.01,0.0
511.452,2026-06-26T01:26:59.403759,13399.223,42281.262,0.805,1502.208,30322.031,0.01,0.0
511.553,2026-06-26T01:26:59.504956,13414.23,42281.262,0.795,1502.209,30322.031,0.01,0.0
511.654,2026-06-26T01:26:59.606130,13419.602,42281.262,0.788,1502.21,30322.031,0.01,0.0
511.756,2026-06-26T01:26:59.707316,13419.988,42281.262,0.784,1502.211,30322.031,0.01,0.0
511.857,2026-06-26T01:26:59.808504,13419.988,42281.262,0.78,1502.212,30322.031,0.01,0.0
511.958,2026-06-26T01:26:59.909700,13440.336,42281.262,0.778,1502.213,30322.031,0.01,0.0
512.059,2026-06-26T01:27:00.010889,13418.438,42281.262,0.799,1502.214,30322.031,0.01,0.0
512.16,2026-06-26T01:27:00.112087,13418.438,42281.262,0.791,1502.215,30322.031,0.01,0.0
512.262,2026-06-26T01:27:00.213273,13387.293,42281.262,0.808,1502.216,30322.031,0.01,0.0
512.363,2026-06-26T01:27:00.314463,13387.293,42281.262,0.797,1502.217,30322.031,0.01,0.0
512.464,2026-06-26T01:27:00.415654,13380.699,42281.262,0.79,1502.218,30322.031,0.01,0.0
512.565,2026-06-26T01:27:00.516843,13387.52,42281.262,0.784,1502.219,30322.031,0.01,0.0
512.666,2026-06-26T01:27:00.618027,13396.328,42281.262,0.781,1502.22,30322.031,0.01,0.0
512.767,2026-06-26T01:27:00.719222,13395.883,42281.262,0.778,1502.221,30322.031,0.01,0.0
512.869,2026-06-26T01:27:00.820371,13417.328,42281.262,0.823,1502.222,30322.031,0.01,0.0
512.97,2026-06-26T01:27:00.921567,13395.883,42281.262,0.784,1502.223,30322.031,0.01,0.0
513.071,2026-06-26T01:27:01.022751,13395.883,42281.262,0.781,1502.224,30322.031,0.01,0.0
513.172,2026-06-26T01:27:01.123938,13395.883,42281.262,0.778,1502.225,30322.031,0.01,0.0
513.273,2026-06-26T01:27:01.225115,13380.875,42281.262,0.799,1502.226,30322.031,0.01,0.0
513.375,2026-06-26T01:27:01.326274,13383.156,42281.262,0.791,1502.227,30322.031,0.01,0.0
513.476,2026-06-26T01:27:01.427420,13352.488,42281.262,0.786,1502.228,30322.031,0.01,0.0
513.577,2026-06-26T01:27:01.528593,13349.406,42281.262,0.782,1502.229,30322.031,0.01,0.0
513.678,2026-06-26T01:27:01.629710,13349.406,42281.262,0.78,1502.23,30322.031,0.01,0.0
513.779,2026-06-26T01:27:01.730468,13347.879,42281.262,0.778,1502.231,30322.031,0.01,0.0
513.88,2026-06-26T01:27:01.831231,13347.879,42281.262,0.777,1502.232,30322.031,0.01,0.0
513.98,2026-06-26T01:27:01.931991,13343.297,42281.262,0.777,1502.233,30322.031,0.01,0.0
514.081,2026-06-26T01:27:02.032773,13359.301,42281.262,0.8,1502.234,30322.031,0.01,0.0
514.182,2026-06-26T01:27:02.133551,13343.297,42281.262,0.792,1502.235,30322.031,0.01,0.0
514.283,2026-06-26T01:27:02.234309,13331.871,42281.262,0.787,1502.236,30322.031,0.01,0.0
514.383,2026-06-26T01:27:02.335052,13331.871,42281.262,0.784,1502.237,30322.031,0.01,0.0
514.484,2026-06-26T01:27:02.435822,13331.871,42281.262,0.781,1502.238,30322.031,0.01,0.0
514.585,2026-06-26T01:27:02.536636,13331.871,42281.262,0.779,1502.239,30322.031,0.01,0.0
514.686,2026-06-26T01:27:02.637826,13331.871,42281.262,0.8,1502.24,30322.031,0.01,0.0
514.787,2026-06-26T01:27:02.739034,13331.871,42281.262,0.815,1502.241,30322.031,0.01,0.0
514.888,2026-06-26T01:27:02.840220,13341.875,42281.262,0.802,1502.242,30322.031,0.01,0.0
514.99,2026-06-26T01:27:02.941428,13352.09,42281.262,0.77,1502.243,30322.031,0.01,0.0
515.091,2026-06-26T01:27:03.042625,13351.875,42281.262,0.817,1502.244,30322.031,0.01,0.0
515.192,2026-06-26T01:27:03.143823,13351.875,42281.262,0.803,1502.245,30322.031,0.01,0.0
515.293,2026-06-26T01:27:03.245013,13373.777,42281.262,0.794,1502.246,30322.031,0.01,0.0
515.395,2026-06-26T01:27:03.346237,13351.875,42281.262,0.787,1502.247,30322.031,0.01,0.0
515.496,2026-06-26T01:27:03.447397,13351.875,42281.262,0.783,1502.248,30322.031,0.01,0.0
515.597,2026-06-26T01:27:03.548600,13321.934,42281.262,0.803,1502.249,30322.031,0.01,0.0
515.698,2026-06-26T01:27:03.649793,13321.934,42281.262,0.793,1502.25,30322.031,0.01,0.0
515.799,2026-06-26T01:27:03.750995,13317.199,42281.262,0.787,1502.251,30322.031,0.01,0.0
515.976,2026-06-26T01:27:03.927708,13330.027,42281.262,0.87,1502.601,30322.031,1.99,0.0
516.076,2026-06-26T01:27:04.028212,13334.797,42281.262,0.842,1502.602,30322.031,0.01,0.0
516.177,2026-06-26T01:27:04.128998,13334.797,42281.262,0.821,1502.603,30322.031,0.01,0.0
516.278,2026-06-26T01:27:04.230194,13356.699,42281.262,0.83,1502.604,30322.031,0.01,0.0
516.379,2026-06-26T01:27:04.331120,13334.797,42281.262,0.813,1502.605,30322.031,0.01,0.0
516.48,2026-06-26T01:27:04.432089,13334.797,42281.262,0.801,1502.606,30322.031,0.01,0.0
516.582,2026-06-26T01:27:04.533276,13334.797,42281.262,0.793,1502.607,30322.031,0.01,0.0
516.683,2026-06-26T01:27:04.634456,13325.523,42281.262,0.81,1502.608,30322.031,0.01,0.0
516.784,2026-06-26T01:27:04.735650,13339.625,42281.262,0.821,1502.609,30322.031,0.01,0.0
516.885,2026-06-26T01:27:04.836836,13306.309,42281.262,0.807,1502.61,30322.031,0.01,0.0
516.986,2026-06-26T01:27:04.938029,13303.422,42281.262,0.796,1502.611,30322.031,0.01,0.0
517.088,2026-06-26T01:27:05.039240,13303.422,42281.262,0.812,1502.612,30322.031,0.01,0.0
517.189,2026-06-26T01:27:05.140398,13303.422,42281.262,0.8,1502.613,30322.031,0.01,0.0
517.29,2026-06-26T01:27:05.241593,13303.422,42281.262,0.792,1502.614,30322.031,0.01,0.0
517.391,2026-06-26T01:27:05.342797,13302.152,42281.262,0.786,1502.615,30322.031,0.01,0.0
517.492,2026-06-26T01:27:05.443991,13302.152,42281.262,0.782,1502.616,30322.031,0.01,0.0
517.593,2026-06-26T01:27:05.545172,13302.152,42281.262,0.779,1502.617,30322.031,0.01,0.0
517.695,2026-06-26T01:27:05.646261,13302.152,42281.262,0.777,1502.618,30322.031,0.01,0.0
517.796,2026-06-26T01:27:05.747402,13295.359,42281.262,0.776,1502.619,30322.031,0.01,0.0
517.897,2026-06-26T01:27:05.848546,13291.355,42281.262,0.798,1502.62,30322.031,0.01,0.0
517.998,2026-06-26T01:27:05.949691,13291.355,42281.262,0.79,1502.621,30322.031,0.01,0.0
518.099,2026-06-26T01:27:06.050830,13291.355,42281.262,0.808,1502.622,30322.031,0.01,0.0
518.2,2026-06-26T01:27:06.151968,13291.355,42281.262,0.797,1502.623,30322.031,0.01,0.0
518.302,2026-06-26T01:27:06.253230,13291.355,42281.262,0.79,1502.624,30322.031,0.01,0.0
518.403,2026-06-26T01:27:06.354426,13291.355,42281.262,0.784,1502.625,30322.031,0.01,0.0
518.504,2026-06-26T01:27:06.455643,13291.355,42281.262,0.78,1502.626,30322.031,0.01,0.0
518.605,2026-06-26T01:27:06.556851,13288.047,42281.262,0.778,1502.627,30322.031,0.01,0.0
518.706,2026-06-26T01:27:06.657968,13288.125,42281.262,0.776,1502.628,30322.031,0.01,0.0
518.807,2026-06-26T01:27:06.759108,13288.125,42281.262,0.775,1502.629,30322.031,0.01,0.0
518.909,2026-06-26T01:27:06.860256,13288.141,42281.262,0.775,1502.63,30322.031,0.01,0.0
519.01,2026-06-26T01:27:06.961401,13288.234,42281.262,0.774,1502.631,30322.031,0.01,0.0
519.111,2026-06-26T01:27:07.062548,13288.234,42281.262,0.797,1502.632,30322.031,0.01,0.0
519.212,2026-06-26T01:27:07.163703,13288.234,42281.262,0.813,1502.633,30322.031,0.01,0.0
519.313,2026-06-26T01:27:07.264853,13288.234,42281.262,0.801,1502.634,30322.031,0.01,0.0
519.414,2026-06-26T01:27:07.366007,13288.297,42281.262,0.792,1502.635,30322.031,0.01,0.0
519.515,2026-06-26T01:27:07.467180,13291.719,42281.262,0.81,1502.636,30322.031,0.01,0.0
519.617,2026-06-26T01:27:07.568287,13297.371,42281.262,0.798,1502.637,30322.031,0.01,0.0
519.718,2026-06-26T01:27:07.669435,13303.316,42281.277,0.791,1502.638,30322.031,0.01,0.0
519.819,2026-06-26T01:27:07.770590,13306.488,42281.281,0.808,1502.639,30322.031,0.01,0.0
519.92,2026-06-26T01:27:07.871733,13306.879,42281.281,0.798,1502.64,30322.031,0.01,0.0
520.021,2026-06-26T01:27:07.972856,13307.281,42281.281,0.79,1502.641,30322.031,0.01,0.0
520.122,2026-06-26T01:27:08.073996,13307.484,42281.281,0.785,1502.642,30322.031,0.01,0.0
520.223,2026-06-26T01:27:08.175110,13307.488,42281.281,0.781,1502.643,30322.031,0.01,0.0
520.325,2026-06-26T01:27:08.276246,13307.488,42281.281,0.779,1502.644,30322.031,0.01,0.0
520.426,2026-06-26T01:27:08.377330,13307.637,42281.281,0.777,1502.644,30322.031,0.01,0.0
520.527,2026-06-26T01:27:08.478458,13308.113,42281.281,0.776,1502.645,30322.031,0.01,0.0
520.628,2026-06-26T01:27:08.579585,13308.281,42281.281,0.774,1502.646,30322.031,0.01,0.0
520.729,2026-06-26T01:27:08.680738,13308.438,42281.281,0.774,1502.647,30322.031,0.01,0.0
520.83,2026-06-26T01:27:08.781903,13308.934,42281.281,0.773,1502.648,30322.031,0.01,0.0
521.002,2026-06-26T01:27:08.953594,13310.863,42281.281,0.884,1502.999,30322.031,2.048,0.0
521.102,2026-06-26T01:27:09.054089,13311.625,42281.281,0.851,1503.0,30322.031,0.01,0.0
521.203,2026-06-26T01:27:09.154878,13314.203,42281.281,0.828,1503.001,30322.031,0.01,0.0
521.304,2026-06-26T01:27:09.255827,13315.141,42281.281,0.811,1503.002,30322.031,0.01,0.0
521.405,2026-06-26T01:27:09.356994,13315.473,42281.281,0.823,1503.003,30322.031,0.01,0.0
521.507,2026-06-26T01:27:09.458228,13315.906,42281.281,0.831,1503.004,30322.031,0.01,0.0
521.608,2026-06-26T01:27:09.559388,13322.285,42281.281,0.813,1503.005,30322.031,0.01,0.0
521.709,2026-06-26T01:27:09.660589,13322.992,42281.281,0.824,1503.006,30322.031,0.01,0.0
521.81,2026-06-26T01:27:09.761780,13323.391,42281.281,0.808,1503.007,30322.031,0.01,0.0
521.911,2026-06-26T01:27:09.862981,13324.039,42281.281,0.797,1503.008,30322.031,0.01,0.0
522.012,2026-06-26T01:27:09.964216,13324.824,42281.281,0.79,1503.009,30322.031,0.01,0.0
522.114,2026-06-26T01:27:10.065388,13325.359,42281.281,0.784,1503.01,30322.031,0.01,0.0
522.215,2026-06-26T01:27:10.166598,13325.699,42281.281,0.781,1503.011,30322.031,0.01,0.0
522.316,2026-06-26T01:27:10.267806,13326.289,42281.281,0.778,1503.012,30322.031,0.01,0.0
522.417,2026-06-26T01:27:10.369009,13327.09,42281.281,0.776,1503.013,30322.031,0.01,0.0
522.519,2026-06-26T01:27:10.470228,13328.773,42281.281,0.775,1503.014,30322.031,0.01,0.0
522.62,2026-06-26T01:27:10.571391,13336.145,42281.281,0.774,1503.015,30322.031,0.01,0.0
522.721,2026-06-26T01:27:10.672598,13336.074,42281.281,0.773,1503.016,30322.031,0.01,0.0
522.822,2026-06-26T01:27:10.773805,13336.43,42281.281,0.796,1503.017,30322.031,0.01,0.0
522.923,2026-06-26T01:27:10.875015,13336.816,42281.281,0.789,1503.018,30322.031,0.01,0.0
523.024,2026-06-26T01:27:10.976222,13337.129,42281.281,0.807,1503.019,30322.031,0.01,0.0
523.126,2026-06-26T01:27:11.077383,13337.441,42281.281,0.797,1503.02,30322.031,0.01,0.0
523.227,2026-06-26T01:27:11.178485,13337.758,42281.281,0.813,1503.021,30322.031,0.01,0.0
523.328,2026-06-26T01:27:11.279672,13338.109,42281.281,0.8,1503.022,30322.031,0.01,0.0
523.429,2026-06-26T01:27:11.380847,13338.441,42281.281,0.792,1503.023,30322.031,0.01,0.0
523.53,2026-06-26T01:27:11.482009,13338.715,42281.281,0.786,1503.024,30322.031,0.01,0.0
523.631,2026-06-26T01:27:11.583186,13338.777,42281.281,0.782,1503.025,30322.031,0.01,0.0
523.733,2026-06-26T01:27:11.684336,13339.066,42281.281,0.779,1503.026,30322.031,0.01,0.0
523.834,2026-06-26T01:27:11.785511,13339.359,42281.281,0.777,1503.027,30322.031,0.01,0.0
523.935,2026-06-26T01:27:11.886724,13339.152,42281.281,0.775,1503.028,30322.031,0.01,0.0
524.036,2026-06-26T01:27:11.987905,13339.48,42281.281,0.798,1503.029,30322.031,0.01,0.0
524.137,2026-06-26T01:27:12.089093,13339.77,42281.281,0.79,1503.03,30322.031,0.01,0.0
524.239,2026-06-26T01:27:12.190256,13340.059,42281.281,0.785,1503.031,30322.031,0.01,0.0
524.34,2026-06-26T01:27:12.291446,13339.027,42281.281,0.804,1503.032,30322.031,0.01,0.0
524.441,2026-06-26T01:27:12.392634,13339.309,42281.281,0.794,1503.033,30322.031,0.01,0.0
524.542,2026-06-26T01:27:12.493826,13340.027,42281.281,0.788,1503.034,30322.031,0.01,0.0
524.643,2026-06-26T01:27:12.594993,13340.289,42281.281,0.783,1503.035,30322.031,0.01,0.0
524.744,2026-06-26T01:27:12.696208,13340.832,42281.281,0.78,1503.036,30322.031,0.01,0.0
524.846,2026-06-26T01:27:12.797334,13341.426,42281.281,0.801,1503.037,30322.031,0.01,0.0
524.947,2026-06-26T01:27:12.898530,13341.719,42281.281,0.792,1503.037,30322.031,0.01,0.0
525.048,2026-06-26T01:27:12.999728,13343.137,42281.281,0.786,1503.038,30322.031,0.01,0.0
525.149,2026-06-26T01:27:13.100926,13343.23,42281.281,0.782,1503.039,30322.031,0.01,0.0
525.25,2026-06-26T01:27:13.202098,13345.133,42281.281,0.779,1503.04,30322.031,0.01,0.0
525.352,2026-06-26T01:27:13.303294,13345.426,42281.281,0.777,1503.041,30322.031,0.01,0.0
525.453,2026-06-26T01:27:13.404498,13345.254,42281.281,0.775,1503.042,30322.031,0.01,0.0
525.554,2026-06-26T01:27:13.505694,13345.684,42281.281,0.798,1503.043,30322.031,0.01,0.0
525.655,2026-06-26T01:27:13.606867,13346.383,42281.281,0.79,1503.044,30322.031,0.01,0.0
525.756,2026-06-26T01:27:13.708052,13346.406,42281.281,0.808,1503.045,30322.031,0.01,0.0
525.857,2026-06-26T01:27:13.809221,13349.508,42281.281,0.797,1503.046,30322.031,0.01,0.0
526.029,2026-06-26T01:27:13.980837,13364.066,42281.281,0.901,1503.398,30322.031,2.055,0.0
526.13,2026-06-26T01:27:14.081326,13375.855,42281.281,0.84,1503.399,30322.031,0.01,0.0
526.23,2026-06-26T01:27:14.182072,13376.113,42281.281,0.82,1503.4,30322.031,0.01,0.0
526.331,2026-06-26T01:27:14.283010,13376.422,42281.281,0.806,1503.401,30322.031,0.01,0.0
526.432,2026-06-26T01:27:14.384169,13376.715,42281.281,0.796,1503.402,30322.031,0.01,0.0
526.534,2026-06-26T01:27:14.485316,13377.027,42281.281,0.812,1503.403,30322.031,0.01,0.0
526.635,2026-06-26T01:27:14.586490,13377.367,42281.281,0.8,1503.404,30322.031,0.01,0.0
526.736,2026-06-26T01:27:14.687686,13377.648,42281.281,0.815,1503.405,30322.031,0.01,0.0
526.837,2026-06-26T01:27:14.788874,13377.922,42281.281,0.802,1503.406,30322.031,0.01,0.0
526.938,2026-06-26T01:27:14.890063,13378.219,42281.281,0.793,1503.407,30322.031,0.01,0.0
527.04,2026-06-26T01:27:14.991254,13378.48,42281.281,0.787,1503.408,30322.031,0.01,0.0
527.141,2026-06-26T01:27:15.092448,13378.738,42281.281,0.782,1503.409,30322.031,0.01,0.0
527.242,2026-06-26T01:27:15.193628,13379.035,42281.281,0.779,1503.41,30322.031,0.01,0.0
527.343,2026-06-26T01:27:15.294817,13379.371,42281.281,0.777,1503.411,30322.031,0.01,0.0
527.444,2026-06-26T01:27:15.396003,13379.637,42281.281,0.775,1503.412,30322.031,0.01,0.0
527.546,2026-06-26T01:27:15.497235,13379.91,42281.281,0.798,1503.413,30322.031,0.01,0.0
527.647,2026-06-26T01:27:15.598386,13380.164,42281.281,0.79,1503.414,30322.031,0.01,0.0
527.748,2026-06-26T01:27:15.699581,13380.398,42281.281,0.808,1503.415,30322.031,0.01,0.0
527.849,2026-06-26T01:27:15.800766,13380.73,42281.281,0.797,1503.416,30322.031,0.01,0.0
527.95,2026-06-26T01:27:15.901952,13380.992,42281.281,0.79,1503.417,30322.031,0.01,0.0
528.051,2026-06-26T01:27:16.003123,13381.25,42281.281,0.808,1503.418,30322.031,0.01,0.0
528.153,2026-06-26T01:27:16.104311,13381.508,42281.281,0.797,1503.419,30322.031,0.01,0.0
528.254,2026-06-26T01:27:16.205491,13381.785,42281.281,0.813,1503.42,30322.031,0.01,0.0
528.355,2026-06-26T01:27:16.306671,13382.094,42281.281,0.8,1503.421,30322.031,0.01,0.0
528.456,2026-06-26T01:27:16.407866,13382.414,42281.281,0.792,1503.422,30322.031,0.01,0.0
528.557,2026-06-26T01:27:16.509075,13382.648,42281.281,0.786,1503.423,30322.031,0.01,0.0
528.659,2026-06-26T01:27:16.610240,13382.938,42281.281,0.782,1503.424,30322.031,0.01,0.0
528.76,2026-06-26T01:27:16.711420,13383.191,42281.281,0.779,1503.425,30322.031,0.01,0.0
528.861,2026-06-26T01:27:16.812602,13383.434,42281.281,0.777,1503.426,30322.031,0.01,0.0
528.962,2026-06-26T01:27:16.913809,13383.766,42281.281,0.775,1503.427,30322.031,0.01,0.0
529.063,2026-06-26T01:27:17.015003,13384.031,42281.281,0.797,1503.428,30322.031,0.01,0.0
529.165,2026-06-26T01:27:17.116235,13384.309,42281.281,0.79,1503.429,30322.031,0.01,0.0
529.266,2026-06-26T01:27:17.217399,13384.547,42281.281,0.784,1503.43,30322.031,0.01,0.0
529.367,2026-06-26T01:27:17.318598,13384.793,42281.281,0.781,1503.431,30322.031,0.01,0.0
529.468,2026-06-26T01:27:17.419787,13385.082,42281.281,0.778,1503.432,30322.031,0.01,0.0
529.569,2026-06-26T01:27:17.520980,13385.328,42281.281,0.776,1503.433,30322.031,0.01,0.0
529.67,2026-06-26T01:27:17.622195,13385.547,42281.281,0.775,1503.434,30322.031,0.01,0.0
529.772,2026-06-26T01:27:17.723345,13385.789,42281.281,0.797,1503.435,30322.031,0.01,0.0
529.873,2026-06-26T01:27:17.824530,13386.094,42281.281,0.79,1503.436,30322.031,0.01,0.0
529.974,2026-06-26T01:27:17.925745,13386.32,42281.281,0.784,1503.437,30322.031,0.01,0.0
530.075,2026-06-26T01:27:18.026935,13386.547,42281.281,0.804,1503.438,30322.031,0.01,0.0
530.176,2026-06-26T01:27:18.128176,13386.809,42281.281,0.771,1503.438,30322.031,0.01,0.0
530.278,2026-06-26T01:27:18.229314,13387.047,42281.281,0.795,1503.439,30322.031,0.01,0.0
530.379,2026-06-26T01:27:18.330510,13387.277,42281.281,0.788,1503.44,30322.031,0.01,0.0
530.48,2026-06-26T01:27:18.431712,13387.48,42281.281,0.806,1503.441,30322.031,0.01,0.0
530.581,2026-06-26T01:27:18.532912,13387.75,42281.281,0.796,1503.442,30322.031,0.01,0.0
530.682,2026-06-26T01:27:18.634110,13387.98,42281.281,0.789,1503.443,30322.031,0.01,0.0
530.784,2026-06-26T01:27:18.735305,13388.16,42281.281,0.784,1503.444,30322.031,0.01,0.0
530.885,2026-06-26T01:27:18.836501,13388.414,42281.281,0.78,1503.445,30322.031,0.01,0.0
531.057,2026-06-26T01:27:19.008388,13388.797,42281.281,0.874,1503.796,30322.031,2.046,0.0
531.157,2026-06-26T01:27:19.108876,13389.008,42281.281,0.845,1503.797,30322.031,0.01,0.0
531.258,2026-06-26T01:27:19.209646,13389.191,42281.281,0.824,1503.798,30322.031,0.01,0.0
531.359,2026-06-26T01:27:19.310500,13389.465,42281.281,0.832,1503.799,30322.031,0.01,0.0
531.46,2026-06-26T01:27:19.411457,13389.691,42281.281,0.861,1503.8,30322.031,0.01,0.0
531.561,2026-06-26T01:27:19.512655,13389.863,42281.281,0.834,1503.801,30322.031,0.01,0.0
531.662,2026-06-26T01:27:19.613855,13390.129,42281.281,0.815,1503.802,30322.031,0.01,0.0
531.763,2026-06-26T01:27:19.715054,13390.312,42281.281,0.802,1503.803,30322.031,0.01,0.0
531.865,2026-06-26T01:27:19.816225,13390.449,42281.281,0.793,1503.804,30322.031,0.01,0.0
531.966,2026-06-26T01:27:19.917422,13390.738,42281.281,0.787,1503.805,30322.031,0.01,0.0
532.067,2026-06-26T01:27:20.018613,13389.953,42281.281,0.782,1503.806,30322.031,0.01,0.0
532.168,2026-06-26T01:27:20.119810,13390.152,42281.281,0.779,1503.807,30322.031,0.01,0.0
532.269,2026-06-26T01:27:20.220997,13390.434,42281.281,0.777,1503.808,30322.031,0.01,0.0
532.37,2026-06-26T01:27:20.322214,13391.164,42281.281,0.799,1503.809,30322.031,0.01,0.0
532.472,2026-06-26T01:27:20.423351,13391.336,42281.281,0.791,1503.81,30322.031,0.01,0.0
532.573,2026-06-26T01:27:20.524534,13391.574,42281.281,0.785,1503.811,30322.031,0.01,0.0
532.674,2026-06-26T01:27:20.625729,13391.758,42281.281,0.781,1503.812,30322.031,0.01,0.0
532.775,2026-06-26T01:27:20.726937,13391.926,42281.281,0.778,1503.813,30322.031,0.01,0.0
532.876,2026-06-26T01:27:20.828125,13392.164,42281.281,0.776,1503.814,30322.031,0.01,0.0
532.978,2026-06-26T01:27:20.929318,13392.496,42281.281,0.799,1503.815,30322.031,0.01,0.0
533.079,2026-06-26T01:27:21.030518,13395.113,42281.281,0.791,1503.816,30322.031,0.01,0.0
533.18,2026-06-26T01:27:21.131723,13395.363,42281.281,0.785,1503.817,30322.031,0.01,0.0
533.281,2026-06-26T01:27:21.232911,13395.547,42281.281,0.804,1503.818,30322.031,0.01,0.0
533.382,2026-06-26T01:27:21.334089,13395.727,42281.281,0.795,1503.819,30322.031,0.01,0.0
533.484,2026-06-26T01:27:21.435273,13395.977,42281.281,0.788,1503.82,30322.031,0.01,0.0
533.585,2026-06-26T01:27:21.536477,13396.148,42281.281,0.806,1503.821,30322.031,0.01,0.0
533.686,2026-06-26T01:27:21.637679,13396.316,42281.281,0.796,1503.822,30322.031,0.01,0.0
533.787,2026-06-26T01:27:21.738875,13396.508,42281.281,0.789,1503.823,30322.031,0.01,0.0
533.888,2026-06-26T01:27:21.840061,13396.668,42281.281,0.784,1503.824,30322.031,0.01,0.0
533.99,2026-06-26T01:27:21.941250,13397.344,42281.281,0.78,1503.825,30322.031,0.01,0.0
534.091,2026-06-26T01:27:22.042447,13397.902,42281.281,0.778,1503.826,30322.031,0.01,0.0
534.192,2026-06-26T01:27:22.143652,13399.562,42281.281,0.776,1503.827,30322.031,0.01,0.0
534.293,2026-06-26T01:27:22.244850,13399.227,42281.281,0.798,1503.828,30322.031,0.01,0.0
534.394,2026-06-26T01:27:22.346053,13399.398,42281.281,0.79,1503.829,30322.031,0.01,0.0
534.496,2026-06-26T01:27:22.447243,13399.574,42281.281,0.808,1503.83,30322.031,0.01,0.0
534.597,2026-06-26T01:27:22.548443,13399.762,42281.281,0.797,1503.831,30322.031,0.01,0.0
534.698,2026-06-26T01:27:22.649627,13399.91,42281.281,0.79,1503.832,30322.031,0.01,0.0
534.799,2026-06-26T01:27:22.750830,13400.16,42281.281,0.807,1503.832,30322.031,0.01,0.0
534.9,2026-06-26T01:27:22.851999,13400.332,42281.281,0.797,1503.833,30322.031,0.01,0.0
535.001,2026-06-26T01:27:22.953222,13424.078,42441.281,0.789,1503.834,30322.031,0.01,0.0
535.103,2026-06-26T01:27:23.054383,13423.68,42441.281,0.784,1503.835,30322.031,0.01,0.0
535.204,2026-06-26T01:27:23.155584,13367.422,42441.281,0.757,1503.836,30322.031,0.01,0.0
535.305,2026-06-26T01:27:23.256780,13367.281,42441.281,0.762,1503.837,30322.031,0.01,0.0
535.406,2026-06-26T01:27:23.357973,13367.473,42441.281,0.765,1503.838,30322.031,0.01,0.0
535.507,2026-06-26T01:27:23.459195,13367.531,42441.281,0.79,1503.839,30322.031,0.01,0.0
535.609,2026-06-26T01:27:23.560345,13367.531,42441.281,0.785,1503.84,30322.031,0.01,0.0
535.71,2026-06-26T01:27:23.661543,13367.598,42441.281,0.781,1503.841,30322.031,0.01,0.0
535.811,2026-06-26T01:27:23.762737,13367.754,42441.281,0.778,1503.842,30322.031,0.01,0.0
535.912,2026-06-26T01:27:23.863926,13368.109,42441.281,0.8,1503.843,30322.031,0.01,0.0
536.083,2026-06-26T01:27:24.035058,13368.52,42441.281,0.889,1504.194,30322.031,2.055,0.0
536.184,2026-06-26T01:27:24.135561,13368.543,42441.281,0.855,1504.195,30322.031,0.01,0.0
536.285,2026-06-26T01:27:24.236352,13368.582,42441.281,0.831,1504.196,30322.031,0.01,0.0
536.385,2026-06-26T01:27:24.337120,13368.645,42441.281,0.814,1504.197,30322.031,0.01,0.0
536.486,2026-06-26T01:27:24.438060,13368.973,42441.281,0.825,1504.198,30322.031,0.01,0.0
536.588,2026-06-26T01:27:24.539226,13369.059,42441.281,0.809,1504.199,30322.031,0.01,0.0
536.689,2026-06-26T01:27:24.640423,13369.125,42441.281,0.821,1504.2,30322.031,0.01,0.0
536.79,2026-06-26T01:27:24.741618,13369.133,42441.281,0.806,1504.201,30322.031,0.01,0.0
536.891,2026-06-26T01:27:24.842804,13369.164,42441.281,0.796,1504.202,30322.031,0.01,0.0
536.992,2026-06-26T01:27:24.944000,13369.207,42441.281,0.789,1504.203,30322.031,0.01,0.0
537.094,2026-06-26T01:27:25.045228,13375.238,42441.281,0.807,1504.204,30322.031,0.01,0.0
537.195,2026-06-26T01:27:25.146392,13375.281,42441.281,0.797,1504.205,30322.031,0.01,0.0
537.296,2026-06-26T01:27:25.247591,13375.316,42441.281,0.789,1504.206,30322.031,0.01,0.0
537.397,2026-06-26T01:27:25.348796,13375.355,42441.281,0.784,1504.207,30322.031,0.01,0.0
537.498,2026-06-26T01:27:25.449972,13375.477,42441.281,0.78,1504.208,30322.031,0.01,0.0
537.599,2026-06-26T01:27:25.551115,13375.516,42441.281,0.779,1504.209,30322.031,0.01,0.0
537.7,2026-06-26T01:27:25.651844,13375.566,42441.281,0.778,1504.21,30322.031,0.01,0.0
537.801,2026-06-26T01:27:25.752832,13375.586,42441.281,0.799,1504.211,30322.031,0.01,0.0
537.902,2026-06-26T01:27:25.853970,13375.602,42441.281,0.814,1504.212,30322.031,0.01,0.0
538.003,2026-06-26T01:27:25.955212,13375.621,42441.281,0.802,1504.213,30322.031,0.01,0.0
538.105,2026-06-26T01:27:26.056302,13375.641,42441.281,0.793,1504.214,30322.031,0.01,0.0
538.206,2026-06-26T01:27:26.157447,13375.641,42441.281,0.787,1504.215,30322.031,0.01,0.0
538.307,2026-06-26T01:27:26.258566,13375.648,42441.281,0.782,1504.216,30322.031,0.01,0.0
538.408,2026-06-26T01:27:26.359782,13375.699,42441.281,0.779,1504.217,30322.031,0.01,0.0
538.509,2026-06-26T01:27:26.461014,13375.715,42441.281,0.777,1504.218,30322.031,0.01,0.0
538.61,2026-06-26T01:27:26.562203,13375.73,42441.281,0.776,1504.219,30322.031,0.01,0.0
538.712,2026-06-26T01:27:26.663247,13375.75,42441.281,0.798,1504.22,30322.031,0.01,0.0
538.813,2026-06-26T01:27:26.764336,13375.766,42441.281,0.791,1504.221,30322.031,0.01,0.0
538.914,2026-06-26T01:27:26.865492,13375.781,42441.281,0.808,1504.222,30322.031,0.01,0.0
539.015,2026-06-26T01:27:26.966706,13375.797,42441.281,0.797,1504.223,30322.031,0.01,0.0
539.116,2026-06-26T01:27:27.067940,13375.812,42441.281,0.789,1504.224,30322.031,0.01,0.0
539.217,2026-06-26T01:27:27.169219,13375.828,42441.281,0.784,1504.225,30322.031,0.01,0.0
539.319,2026-06-26T01:27:27.270328,13375.848,42441.281,0.781,1504.226,30322.031,0.01,0.0
539.42,2026-06-26T01:27:27.371473,13375.863,42441.281,0.802,1504.227,30322.031,0.01,0.0
539.521,2026-06-26T01:27:27.472622,13375.879,42441.281,0.793,1504.228,30322.031,0.01,0.0
539.622,2026-06-26T01:27:27.573793,13375.895,42441.281,0.787,1504.228,30322.031,0.01,0.0
539.723,2026-06-26T01:27:27.674932,13375.906,42441.281,0.782,1504.229,30322.031,0.01,0.0
539.824,2026-06-26T01:27:27.776063,13375.922,42441.281,0.802,1504.23,30322.031,0.01,0.0
539.925,2026-06-26T01:27:27.877209,13375.938,42441.281,0.794,1504.231,30322.031,0.01,0.0
540.027,2026-06-26T01:27:27.978323,13375.949,42441.281,0.787,1504.232,30322.031,0.01,0.0
540.128,2026-06-26T01:27:28.079525,13375.965,42441.281,0.783,1504.233,30322.031,0.01,0.0
540.229,2026-06-26T01:27:28.180733,13375.98,42441.281,0.779,1504.234,30322.031,0.01,0.0
540.33,2026-06-26T01:27:28.281942,13375.996,42441.281,0.777,1504.235,30322.031,0.01,0.0
540.431,2026-06-26T01:27:28.383130,13376.008,42441.281,0.776,1504.236,30322.031,0.01,0.0
540.533,2026-06-26T01:27:28.484327,13376.023,42441.281,0.775,1504.237,30322.031,0.01,0.0
540.634,2026-06-26T01:27:28.585528,13376.043,42441.281,0.797,1504.238,30322.031,0.01,0.0
540.735,2026-06-26T01:27:28.686734,13376.055,42441.281,0.813,1504.239,30322.031,0.01,0.0
540.836,2026-06-26T01:27:28.788001,13376.141,42441.281,0.8,1504.24,30322.031,0.01,0.0
540.938,2026-06-26T01:27:28.889255,13376.152,42441.281,0.792,1504.241,30322.031,0.01,0.0
541.115,2026-06-26T01:27:29.067071,13376.172,42441.281,0.898,1504.592,30322.031,1.978,0.0
541.216,2026-06-26T01:27:29.167564,13376.188,42441.281,0.861,1504.593,30322.031,0.01,0.0
541.317,2026-06-26T01:27:29.268342,13376.203,42441.281,0.835,1504.594,30322.031,0.01,0.0
541.417,2026-06-26T01:27:29.369109,13376.219,42441.281,0.817,1504.595,30322.031,0.01,0.0
541.519,2026-06-26T01:27:29.470308,13377.246,42441.281,0.803,1504.596,30322.031,0.01,0.0
541.62,2026-06-26T01:27:29.571484,13389.379,42441.281,0.794,1504.597,30322.031,0.01,0.0
541.721,2026-06-26T01:27:29.672695,13401.543,42441.281,0.787,1504.598,30322.031,0.01,0.0
541.822,2026-06-26T01:27:29.773892,13400.363,42441.281,0.783,1504.599,30322.031,0.01,0.0
541.923,2026-06-26T01:27:29.875105,13400.422,42441.281,0.803,1504.6,30322.031,0.01,0.0
542.025,2026-06-26T01:27:29.976300,13399.496,42441.281,0.794,1504.601,30322.031,0.01,0.0
542.126,2026-06-26T01:27:30.077451,13398.637,42441.281,0.811,1504.602,30322.031,0.01,0.0
542.227,2026-06-26T01:27:30.178661,13398.809,42441.281,0.799,1504.603,30322.031,0.01,0.0
542.328,2026-06-26T01:27:30.279909,13398.953,42441.281,0.791,1504.604,30322.031,0.01,0.0
542.429,2026-06-26T01:27:30.381098,13399.145,42441.281,0.785,1504.605,30322.031,0.01,0.0
542.531,2026-06-26T01:27:30.482283,13398.547,42441.281,0.781,1504.606,30322.031,0.01,0.0
542.632,2026-06-26T01:27:30.583438,13397.699,42441.281,0.779,1504.607,30322.031,0.01,0.0
542.732,2026-06-26T01:27:30.684193,13397.832,42441.281,0.778,1504.608,30322.031,0.01,0.0
542.833,2026-06-26T01:27:30.784951,13397.992,42441.281,0.777,1504.609,30322.031,0.01,0.0
542.934,2026-06-26T01:27:30.885746,13398.164,42441.281,0.776,1504.61,30322.031,0.01,0.0
543.035,2026-06-26T01:27:30.986881,13397.293,42441.281,0.775,1504.611,30322.031,0.01,0.0
543.136,2026-06-26T01:27:31.088068,13395.438,42441.281,0.774,1504.612,30322.031,0.01,0.0
543.238,2026-06-26T01:27:31.189284,13395.574,42441.281,0.82,1504.613,30322.031,0.01,0.0
543.339,2026-06-26T01:27:31.290436,13395.758,42441.281,0.806,1504.614,30322.031,0.01,0.0
543.44,2026-06-26T01:27:31.391571,13395.941,42441.281,0.796,1504.615,30322.031,0.01,0.0
543.541,2026-06-26T01:27:31.492707,13396.105,42441.281,0.789,1504.616,30322.031,0.01,0.0
543.642,2026-06-26T01:27:31.593851,13396.242,42441.281,0.807,1504.617,30322.031,0.01,0.0
543.743,2026-06-26T01:27:31.694988,13396.375,42441.281,0.797,1504.618,30322.031,0.01,0.0
543.844,2026-06-26T01:27:31.796127,13396.566,42441.281,0.79,1504.619,30322.031,0.01,0.0
543.946,2026-06-26T01:27:31.897262,13396.719,42441.281,0.784,1504.62,30322.031,0.01,0.0
544.047,2026-06-26T01:27:31.998416,13396.871,42441.281,0.781,1504.621,30322.031,0.01,0.0
544.148,2026-06-26T01:27:32.099555,13397.004,42441.281,0.778,1504.622,30322.031,0.01,0.0
544.249,2026-06-26T01:27:32.200702,13397.176,42441.281,0.8,1504.623,30322.031,0.01,0.0
544.35,2026-06-26T01:27:32.301838,13397.344,42441.281,0.792,1504.624,30322.031,0.01,0.0
544.451,2026-06-26T01:27:32.402980,13397.5,42441.281,0.786,1504.625,30322.031,0.01,0.0
544.552,2026-06-26T01:27:32.504113,13397.625,42441.281,0.782,1504.626,30322.031,0.01,0.0
544.654,2026-06-26T01:27:32.605294,13397.785,42441.281,0.779,1504.627,30322.031,0.01,0.0
544.755,2026-06-26T01:27:32.706497,13397.918,42441.281,0.777,1504.628,30322.031,0.01,0.0
544.856,2026-06-26T01:27:32.807693,13398.035,42441.281,0.799,1504.628,30322.031,0.01,0.0
544.957,2026-06-26T01:27:32.908873,13398.18,42441.281,0.791,1504.629,30322.031,0.01,0.0
545.058,2026-06-26T01:27:33.010073,13398.336,42441.281,0.808,1504.63,30322.031,0.01,0.0
545.16,2026-06-26T01:27:33.111254,13398.457,42441.281,0.798,1504.631,30322.031,0.01,0.0
545.261,2026-06-26T01:27:33.212445,13398.586,42441.281,0.79,1504.632,30322.031,0.01,0.0
545.362,2026-06-26T01:27:33.313634,13398.754,42441.281,0.784,1504.633,30322.031,0.01,0.0
545.463,2026-06-26T01:27:33.414826,13398.867,42441.281,0.804,1504.634,30322.031,0.01,0.0
545.564,2026-06-26T01:27:33.516017,13398.992,42441.281,0.795,1504.635,30322.031,0.01,0.0
545.665,2026-06-26T01:27:33.617219,13399.117,42441.281,0.765,1504.636,30322.031,0.01,0.0
545.767,2026-06-26T01:27:33.718377,13399.188,42441.281,0.767,1504.637,30322.031,0.01,0.0
545.868,2026-06-26T01:27:33.819536,13399.359,42441.281,0.792,1504.638,30322.031,0.01,0.0
545.969,2026-06-26T01:27:33.920723,13399.48,42441.281,0.786,1504.639,30322.031,0.01,0.0
546.141,2026-06-26T01:27:34.092330,13399.723,42441.281,0.879,1504.99,30322.031,2.049,0.0
546.241,2026-06-26T01:27:34.192818,13399.828,42441.281,0.848,1504.991,30322.031,0.01,0.0
546.342,2026-06-26T01:27:34.293608,13399.988,42441.281,0.826,1504.992,30322.031,0.01,0.0
546.443,2026-06-26T01:27:34.394406,13400.098,42441.281,0.81,1504.993,30322.031,0.01,0.0
546.544,2026-06-26T01:27:34.495366,13400.199,42441.281,0.845,1504.994,30322.031,0.01,0.0
546.645,2026-06-26T01:27:34.596501,13400.457,42441.281,0.823,1504.995,30322.031,0.01,0.0
546.746,2026-06-26T01:27:34.697686,13400.574,42441.281,0.785,1504.996,30322.031,0.01,0.0
546.847,2026-06-26T01:27:34.798889,13401.742,42441.281,0.804,1504.997,30322.031,0.01,0.0
546.948,2026-06-26T01:27:34.900084,13401.84,42441.281,0.794,1504.998,30322.031,0.01,0.0
547.05,2026-06-26T01:27:35.001269,13401.945,42441.281,0.811,1504.999,30322.031,0.01,0.0
547.151,2026-06-26T01:27:35.102456,13402.102,42441.281,0.799,1505.0,30322.031,0.01,0.0
547.252,2026-06-26T01:27:35.203656,13403.223,42441.281,0.814,1505.001,30322.031,0.01,0.0
547.353,2026-06-26T01:27:35.304852,13403.379,42441.281,0.778,1505.002,30322.031,0.01,0.0
547.454,2026-06-26T01:27:35.406039,13403.504,42441.281,0.8,1505.003,30322.031,0.01,0.0
547.555,2026-06-26T01:27:35.507216,13403.605,42441.281,0.768,1505.004,30322.031,0.01,0.0
547.657,2026-06-26T01:27:35.608357,13403.773,42441.281,0.793,1505.005,30322.031,0.01,0.0
547.757,2026-06-26T01:27:35.709123,13403.875,42441.281,0.787,1505.006,30322.031,0.01,0.0
547.859,2026-06-26T01:27:35.810265,13404.008,42441.281,0.783,1505.007,30322.031,0.01,0.0
547.96,2026-06-26T01:27:35.911397,13404.141,42441.281,0.78,1505.008,30322.031,0.01,0.0
548.061,2026-06-26T01:27:36.012535,13404.238,42441.281,0.777,1505.009,30322.031,0.01,0.0
548.162,2026-06-26T01:27:36.113673,13404.398,42441.281,0.776,1505.01,30322.031,0.01,0.0
548.263,2026-06-26T01:27:36.214821,13404.512,42441.281,0.821,1505.011,30322.031,0.01,0.0
548.364,2026-06-26T01:27:36.315968,13404.645,42441.281,0.784,1505.012,30322.031,0.01,0.0
548.465,2026-06-26T01:27:36.417111,13404.809,42441.281,0.78,1505.013,30322.031,0.01,0.0
548.567,2026-06-26T01:27:36.518246,13404.996,42441.281,0.801,1505.014,30322.031,0.01,0.0
548.668,2026-06-26T01:27:36.619349,13408.398,42441.281,0.793,1505.015,30322.031,0.01,0.0
548.768,2026-06-26T01:27:36.720087,13408.578,42441.281,0.788,1505.016,30322.031,0.01,0.0
548.869,2026-06-26T01:27:36.820875,13408.699,42441.281,0.761,1505.017,30322.031,0.01,0.0
548.97,2026-06-26T01:27:36.921662,13408.867,42441.281,0.788,1505.018,30322.031,0.01,0.0
549.071,2026-06-26T01:27:37.022442,13409.02,42441.281,0.784,1505.019,30322.031,0.01,0.0
549.171,2026-06-26T01:27:37.123201,13409.141,42441.281,0.782,1505.02,30322.031,0.01,0.0
549.272,2026-06-26T01:27:37.223938,13410.445,42441.281,0.78,1505.021,30322.031,0.01,0.0
549.373,2026-06-26T01:27:37.324725,13411.988,42441.281,0.802,1505.022,30322.031,0.01,0.0
549.474,2026-06-26T01:27:37.425483,13412.207,42441.281,0.771,1505.023,30322.031,0.01,0.0
549.575,2026-06-26T01:27:37.526266,13412.078,42441.281,0.772,1505.024,30322.031,0.01,0.0
549.676,2026-06-26T01:27:37.627386,13412.223,42441.281,0.772,1505.025,30322.031,0.01,0.0
549.777,2026-06-26T01:27:37.728537,13412.414,42441.281,0.795,1505.026,30322.031,0.01,0.0
549.878,2026-06-26T01:27:37.829661,13412.508,42441.281,0.788,1505.027,30322.031,0.01,0.0
549.979,2026-06-26T01:27:37.930795,13412.699,42441.281,0.807,1505.028,30322.031,0.01,0.0
550.08,2026-06-26T01:27:38.031935,13412.77,42441.281,0.797,1505.029,30322.031,0.01,0.0
550.181,2026-06-26T01:27:38.133074,13412.984,42441.281,0.813,1505.029,30322.031,0.01,0.0
550.283,2026-06-26T01:27:38.234230,13413.117,42441.281,0.801,1505.03,30322.031,0.01,0.0
550.384,2026-06-26T01:27:38.335325,13413.562,42441.281,0.792,1505.031,30322.031,0.01,0.0
550.485,2026-06-26T01:27:38.436458,13414.277,42441.281,0.786,1505.032,30322.031,0.01,0.0
550.586,2026-06-26T01:27:38.537601,13415.934,42441.281,0.805,1505.033,30322.031,0.01,0.0
550.687,2026-06-26T01:27:38.638734,13416.125,42441.281,0.795,1505.034,30322.031,0.01,0.0
550.788,2026-06-26T01:27:38.739927,13416.246,42441.281,0.765,1505.035,30322.031,0.01,0.0
550.889,2026-06-26T01:27:38.841102,13416.426,42441.281,0.79,1505.036,30322.031,0.01,0.0
550.991,2026-06-26T01:27:38.942279,13416.582,42441.281,0.785,1505.037,30322.031,0.01,0.0
551.162,2026-06-26T01:27:39.113368,13416.832,42441.281,0.879,1505.388,30322.031,2.054,0.0
551.262,2026-06-26T01:27:39.213891,13416.969,42441.281,0.871,1505.389,30322.031,0.01,0.0
551.363,2026-06-26T01:27:39.314892,13417.504,42441.281,0.842,1505.39,30322.031,0.01,0.0
551.464,2026-06-26T01:27:39.415761,13439.652,42441.281,0.821,1505.391,30322.031,0.01,0.0
551.565,2026-06-26T01:27:39.516809,13439.805,42441.281,0.83,1505.392,30322.031,0.01,0.0
551.666,2026-06-26T01:27:39.617995,13390.008,42441.281,0.789,1505.393,30322.031,0.01,0.0
551.768,2026-06-26T01:27:39.719231,13389.973,42441.281,0.784,1505.394,30322.031,0.01,0.0
551.869,2026-06-26T01:27:39.820399,13389.977,42441.281,0.78,1505.395,30322.031,0.01,0.0
551.97,2026-06-26T01:27:39.921600,13389.984,42441.281,0.801,1505.396,30322.031,0.01,0.0
552.071,2026-06-26T01:27:40.022805,13390.184,42441.281,0.792,1505.397,30322.031,0.01,0.0
552.172,2026-06-26T01:27:40.124001,13390.977,42441.281,0.786,1505.398,30322.031,0.01,0.0
552.274,2026-06-26T01:27:40.225223,13391.039,42441.281,0.782,1505.399,30322.031,0.01,0.0
552.375,2026-06-26T01:27:40.326386,13391.043,42441.281,0.779,1505.4,30322.031,0.01,0.0
552.476,2026-06-26T01:27:40.427590,13391.062,42441.281,0.777,1505.401,30322.031,0.01,0.0
552.577,2026-06-26T01:27:40.528759,13391.25,42441.281,0.776,1505.402,30322.031,0.01,0.0
552.678,2026-06-26T01:27:40.629866,13391.441,42441.281,0.775,1505.403,30322.031,0.01,0.0
552.779,2026-06-26T01:27:40.731003,13391.523,42441.281,0.797,1505.404,30322.031,0.01,0.0
552.88,2026-06-26T01:27:40.832130,13391.559,42441.281,0.813,1505.405,30322.031,0.01,0.0
552.982,2026-06-26T01:27:40.933265,13391.629,42441.281,0.801,1505.406,30322.031,0.01,0.0
553.083,2026-06-26T01:27:41.034362,13391.742,42441.281,0.792,1505.407,30322.031,0.01,0.0
553.184,2026-06-26T01:27:41.135474,13391.812,42441.281,0.81,1505.408,30322.031,0.01,0.0
553.285,2026-06-26T01:27:41.236592,13391.812,42441.281,0.775,1505.409,30322.031,0.01,0.0
553.386,2026-06-26T01:27:41.337725,13391.812,42441.281,0.798,1505.41,30322.031,0.01,0.0
553.487,2026-06-26T01:27:41.438858,13391.812,42441.281,0.79,1505.411,30322.031,0.01,0.0
553.588,2026-06-26T01:27:41.540010,13391.812,42441.281,0.785,1505.412,30322.031,0.01,0.0
553.689,2026-06-26T01:27:41.641208,13391.812,42441.281,0.804,1505.413,30322.031,0.01,0.0
553.791,2026-06-26T01:27:41.742372,13391.672,42441.281,0.795,1505.414,30322.031,0.01,0.0
553.892,2026-06-26T01:27:41.843563,13395.328,42441.281,0.811,1505.415,30322.031,0.01,0.0
553.993,2026-06-26T01:27:41.944759,13403.953,42441.281,0.776,1505.416,30322.031,0.01,0.0
554.094,2026-06-26T01:27:42.045943,13403.957,42441.281,0.775,1505.417,30322.031,0.01,0.0
554.195,2026-06-26T01:27:42.147176,13404.113,42441.281,0.774,1505.418,30322.031,0.01,0.0
554.297,2026-06-26T01:27:42.248312,13404.473,42441.281,0.797,1505.419,30322.031,0.01,0.0
554.398,2026-06-26T01:27:42.349510,13404.594,42441.281,0.812,1505.42,30322.031,0.01,0.0
554.499,2026-06-26T01:27:42.450688,13404.734,42441.281,0.8,1505.421,30322.031,0.01,0.0
554.6,2026-06-26T01:27:42.551883,13404.812,42441.281,0.792,1505.422,30322.031,0.01,0.0
554.701,2026-06-26T01:27:42.653054,13404.914,42441.281,0.786,1505.423,30322.031,0.01,0.0
554.803,2026-06-26T01:27:42.754242,13406.059,42441.281,0.805,1505.424,30322.031,0.01,0.0
554.904,2026-06-26T01:27:42.855425,13406.199,42441.281,0.795,1505.425,30322.031,0.01,0.0
555.005,2026-06-26T01:27:42.956638,13406.391,42441.281,0.765,1505.426,30322.031,0.01,0.0
555.106,2026-06-26T01:27:43.057824,13411.047,42441.281,0.79,1505.426,30322.031,0.01,0.0
555.207,2026-06-26T01:27:43.159015,13413.531,42441.281,0.785,1505.427,30322.031,0.01,0.0
555.309,2026-06-26T01:27:43.260229,13414.043,42441.281,0.781,1505.428,30322.031,0.01,0.0
555.41,2026-06-26T01:27:43.361398,13418.535,42441.281,0.755,1505.429,30322.031,0.01,0.0
555.511,2026-06-26T01:27:43.462569,13419.062,42441.281,0.783,1505.43,30322.031,0.01,0.0
555.612,2026-06-26T01:27:43.563752,13420.57,42441.281,0.803,1505.431,30322.031,0.01,0.0
555.713,2026-06-26T01:27:43.664942,13422.645,42441.281,0.794,1505.432,30322.031,0.01,0.0
555.814,2026-06-26T01:27:43.766133,13424.766,42441.281,0.787,1505.433,30322.031,0.01,0.0
555.916,2026-06-26T01:27:43.867316,13425.379,42441.281,0.806,1505.434,30322.031,0.01,0.0
556.017,2026-06-26T01:27:43.968506,13427.371,42441.281,0.772,1505.435,30322.031,0.01,0.0
556.188,2026-06-26T01:27:44.139320,13429.449,42441.281,0.885,1505.786,30322.031,2.059,0.0
556.288,2026-06-26T01:27:44.239808,13389.336,42441.281,0.852,1505.787,30322.031,0.01,0.0
556.389,2026-06-26T01:27:44.340593,13368.234,42441.281,0.829,1505.788,30322.031,0.01,0.0
556.49,2026-06-26T01:27:44.441379,13307.227,42441.281,0.812,1505.789,30322.031,0.01,0.0
556.591,2026-06-26T01:27:44.542331,13204.215,42441.281,0.638,1505.79,30322.063,0.01,0.319
556.692,2026-06-26T01:27:44.643512,13204.215,42441.281,0.447,1505.791,30322.063,0.01,0.0
556.793,2026-06-26T01:27:44.744703,13204.215,42441.281,0.359,1505.803,30322.147,0.118,0.832
556.894,2026-06-26T01:27:44.845891,13163.41,42441.281,0.483,1505.804,30322.147,0.01,0.0
556.995,2026-06-26T01:27:44.947101,13160.371,42441.281,0.593,1505.805,30322.147,0.01,0.0
557.097,2026-06-26T01:27:45.048285,13157.559,42441.281,0.647,1505.806,30322.147,0.01,0.0
557.198,2026-06-26T01:27:45.149484,13157.207,42441.281,0.684,1505.807,30322.147,0.01,0.0
557.299,2026-06-26T01:27:45.250668,13155.469,42441.281,0.71,1505.808,30322.147,0.01,0.0
557.4,2026-06-26T01:27:45.351867,13152.277,42441.281,0.729,1505.809,30322.147,0.01,0.0
557.501,2026-06-26T01:27:45.453048,13150.18,42441.281,0.742,1505.81,30322.147,0.01,0.0
557.602,2026-06-26T01:27:45.554193,13147.691,42441.281,0.752,1505.811,30322.147,0.01,0.0
557.703,2026-06-26T01:27:45.654933,13145.168,42441.281,0.759,1505.812,30322.147,0.01,0.0
557.804,2026-06-26T01:27:45.755728,13143.824,42441.281,0.763,1505.813,30322.147,0.01,0.0
557.905,2026-06-26T01:27:45.856863,13142.273,42441.281,0.766,1505.814,30322.147,0.01,0.0
558.006,2026-06-26T01:27:45.958010,13142.273,42441.281,0.768,1505.815,30322.147,0.01,0.0
558.107,2026-06-26T01:27:46.059186,13137.773,42441.281,0.816,1505.816,30322.147,0.01,0.0
558.209,2026-06-26T01:27:46.160281,13136.328,42441.281,0.803,1505.817,30322.147,0.01,0.0
558.31,2026-06-26T01:27:46.261404,13136.328,42441.281,0.794,1505.818,30322.147,0.01,0.0
558.411,2026-06-26T01:27:46.362546,13136.391,42441.281,0.787,1505.819,30322.147,0.01,0.0
558.512,2026-06-26T01:27:46.463684,13134.266,42441.281,0.783,1505.82,30322.147,0.01,0.0
558.613,2026-06-26T01:27:46.564802,13134.266,42441.281,0.826,1505.821,30322.147,0.01,0.0
558.714,2026-06-26T01:27:46.665923,13134.266,42441.281,0.81,1505.822,30322.147,0.01,0.0
558.815,2026-06-26T01:27:46.767118,13130.426,42441.281,0.776,1505.823,30322.147,0.01,0.0
558.917,2026-06-26T01:27:46.868306,13121.266,42441.281,0.775,1505.824,30322.147,0.01,0.0
559.018,2026-06-26T01:27:46.969509,13115.594,42441.281,0.797,1505.825,30322.147,0.01,0.0
559.119,2026-06-26T01:27:47.070709,13114.035,42441.281,0.789,1505.826,30322.147,0.01,0.0
559.22,2026-06-26T01:27:47.171905,13109.801,42441.281,0.784,1505.827,30322.147,0.01,0.0
559.321,2026-06-26T01:27:47.273096,13109.801,42441.281,0.804,1505.828,30322.147,0.01,0.0
559.423,2026-06-26T01:27:47.374284,13107.059,42441.281,0.794,1505.829,30322.147,0.01,0.0
559.524,2026-06-26T01:27:47.475484,13107.066,42441.281,0.788,1505.83,30322.147,0.01,0.0
559.625,2026-06-26T01:27:47.576703,13104.164,42441.281,0.783,1505.831,30322.147,0.01,0.0
559.726,2026-06-26T01:27:47.677891,13102.746,42441.281,0.78,1505.832,30322.147,0.01,0.0
559.827,2026-06-26T01:27:47.779075,13098.141,42441.281,0.777,1505.833,30322.147,0.01,0.0
559.929,2026-06-26T01:27:47.880262,13098.145,42441.281,0.799,1505.834,30322.147,0.01,0.0
560.03,2026-06-26T01:27:47.981467,13098.145,42441.281,0.791,1505.835,30322.147,0.01,0.0
560.131,2026-06-26T01:27:48.082688,13085.426,42441.281,0.785,1505.836,30322.147,0.01,0.0
560.232,2026-06-26T01:27:48.183886,13085.426,42441.281,0.781,1505.837,30322.147,0.01,0.0
560.333,2026-06-26T01:27:48.285073,13077.809,42441.281,0.778,1505.838,30322.147,0.01,0.0
560.435,2026-06-26T01:27:48.386272,13077.809,42441.281,0.8,1505.839,30322.147,0.01,0.0
560.536,2026-06-26T01:27:48.487468,13077.809,42441.281,0.791,1505.84,30322.147,0.01,0.0
560.637,2026-06-26T01:27:48.588669,13070.859,42441.281,0.809,1505.841,30322.147,0.01,0.0
560.738,2026-06-26T01:27:48.689859,13056.953,42441.281,0.798,1505.842,30322.147,0.01,0.0
560.839,2026-06-26T01:27:48.791065,13051.637,42441.281,0.767,1505.843,30322.147,0.01,0.0
560.941,2026-06-26T01:27:48.892253,13063.469,42441.281,0.791,1505.844,30322.147,0.01,0.0
561.042,2026-06-26T01:27:48.993467,13043.988,42441.281,0.786,1505.845,30322.147,0.01,0.0
561.213,2026-06-26T01:27:49.164297,13034.0,42441.281,0.88,1506.195,30322.147,2.059,0.0
561.313,2026-06-26T01:27:49.264784,13029.754,42441.281,0.848,1506.196,30322.147,0.01,0.0
561.414,2026-06-26T01:27:49.365567,13020.875,42441.281,0.827,1506.197,30322.147,0.01,0.0
561.515,2026-06-26T01:27:49.466335,13015.641,42441.281,0.811,1506.198,30322.147,0.01,0.0
561.616,2026-06-26T01:27:49.567514,13012.73,42441.281,0.822,1506.199,30322.147,0.01,0.0
561.717,2026-06-26T01:27:49.668703,13007.867,42441.281,0.83,1506.2,30322.147,0.01,0.0
561.818,2026-06-26T01:27:49.769906,13003.168,42441.281,0.813,1506.201,30322.147,0.01,0.0
561.919,2026-06-26T01:27:49.871079,12999.586,42441.281,0.801,1506.202,30322.147,0.01,0.0
562.021,2026-06-26T01:27:49.972277,12999.586,42441.281,0.792,1506.203,30322.147,0.01,0.0
562.122,2026-06-26T01:27:50.073477,12988.289,42441.281,0.786,1506.204,30322.147,0.01,0.0
562.223,2026-06-26T01:27:50.174679,12987.844,42441.281,0.782,1506.205,30322.147,0.01,0.0
562.324,2026-06-26T01:27:50.275860,12978.578,42441.281,0.779,1506.206,30322.147,0.01,0.0
562.425,2026-06-26T01:27:50.377047,12972.02,42441.281,0.777,1506.207,30322.147,0.01,0.0
562.527,2026-06-26T01:27:50.478235,12966.352,42441.281,0.799,1506.208,30322.147,0.01,0.0
562.628,2026-06-26T01:27:50.579289,12966.352,42441.281,0.791,1506.209,30322.147,0.01,0.0
562.729,2026-06-26T01:27:50.680385,12964.383,42441.281,0.809,1506.21,30322.147,0.01,0.0
562.83,2026-06-26T01:27:50.781563,12958.164,42441.281,0.798,1506.211,30322.147,0.01,0.0
562.931,2026-06-26T01:27:50.882746,12958.164,42441.281,0.79,1506.212,30322.147,0.01,0.0
563.032,2026-06-26T01:27:50.983964,12952.477,42441.281,0.784,1506.213,30322.147,0.01,0.0
563.133,2026-06-26T01:27:51.085185,12952.477,42441.281,0.781,1506.214,30322.147,0.01,0.0
563.235,2026-06-26T01:27:51.186330,12952.477,42441.281,0.778,1506.215,30322.147,0.01,0.0
563.336,2026-06-26T01:27:51.287520,12945.879,42441.281,0.776,1506.216,30322.147,0.01,0.0
563.437,2026-06-26T01:27:51.388721,12945.879,42441.281,0.775,1506.217,30322.147,0.01,0.0
563.538,2026-06-26T01:27:51.489912,12945.879,42441.281,0.774,1506.218,30322.147,0.01,0.0
563.639,2026-06-26T01:27:51.591064,12945.879,42441.281,0.797,1506.219,30322.147,0.01,0.0
563.74,2026-06-26T01:27:51.692170,12945.879,42441.281,0.79,1506.22,30322.147,0.01,0.0
563.841,2026-06-26T01:27:51.793106,12945.879,42441.281,0.785,1506.221,30322.147,0.01,0.0
563.943,2026-06-26T01:27:51.894237,12924.809,42441.281,0.781,1506.222,30322.147,0.01,0.0
564.044,2026-06-26T01:27:51.995345,12911.223,42441.281,0.779,1506.223,30322.147,0.01,0.0
564.145,2026-06-26T01:27:52.096488,12909.414,42441.281,0.823,1506.224,30322.147,0.01,0.0
564.246,2026-06-26T01:27:52.197627,12908.215,42441.281,0.785,1506.225,30322.147,0.01,0.0
564.347,2026-06-26T01:27:52.298765,12902.391,42441.281,0.827,1506.226,30322.147,0.01,0.0
564.448,2026-06-26T01:27:52.399913,12895.102,42441.281,0.811,1506.227,30322.147,0.01,0.0
564.549,2026-06-26T01:27:52.501039,12892.57,42441.281,0.799,1506.228,30322.147,0.01,0.0
564.65,2026-06-26T01:27:52.602201,12891.547,42441.281,0.791,1506.229,30322.147,0.01,0.0
564.752,2026-06-26T01:27:52.703298,12883.832,42441.281,0.786,1506.23,30322.147,0.01,0.0
564.853,2026-06-26T01:27:52.804427,12883.832,42441.281,0.782,1506.231,30322.147,0.01,0.0
564.954,2026-06-26T01:27:52.905554,12883.832,42441.281,0.779,1506.232,30322.147,0.01,0.0
565.055,2026-06-26T01:27:53.006707,12883.816,42441.281,0.777,1506.233,30322.147,0.01,0.0
565.156,2026-06-26T01:27:53.107841,12882.641,42441.281,0.776,1506.234,30322.147,0.01,0.0
565.257,2026-06-26T01:27:53.208973,12882.645,42441.281,0.775,1506.235,30322.147,0.01,0.0
565.358,2026-06-26T01:27:53.310093,12882.645,42441.281,0.774,1506.236,30322.147,0.01,0.0
565.459,2026-06-26T01:27:53.411221,12877.703,42441.281,0.797,1506.237,30322.147,0.01,0.0
565.561,2026-06-26T01:27:53.512310,12877.711,42441.281,0.79,1506.238,30322.147,0.01,0.0
565.662,2026-06-26T01:27:53.613436,12881.34,42441.281,0.761,1506.239,30322.147,0.01,0.0
565.763,2026-06-26T01:27:53.714573,12881.363,42441.281,0.788,1506.24,30322.147,0.01,0.0
565.864,2026-06-26T01:27:53.815714,12881.363,42441.281,0.806,1506.241,30322.147,0.01,0.0
565.965,2026-06-26T01:27:53.916856,12881.363,42441.281,0.796,1506.242,30322.147,0.01,0.0
566.066,2026-06-26T01:27:54.017988,12881.363,42441.281,0.789,1506.243,30322.147,0.01,0.0
566.237,2026-06-26T01:27:54.189073,12881.352,42441.281,0.896,1506.593,30322.147,2.055,0.0
566.338,2026-06-26T01:27:54.289568,12881.352,42441.281,0.86,1506.594,30322.147,0.01,0.0
566.439,2026-06-26T01:27:54.390343,12881.352,42441.281,0.834,1506.595,30322.147,0.01,0.0
566.539,2026-06-26T01:27:54.491216,12881.352,42441.281,0.816,1506.596,30322.147,0.01,0.0
566.641,2026-06-26T01:27:54.592292,12881.352,42441.281,0.803,1506.597,30322.147,0.01,0.0
566.742,2026-06-26T01:27:54.693487,12881.352,42441.281,0.794,1506.598,30322.147,0.01,0.0
566.843,2026-06-26T01:27:54.794686,12881.352,42441.281,0.787,1506.599,30322.147,0.01,0.0
566.944,2026-06-26T01:27:54.895865,12881.352,42441.281,0.783,1506.6,30322.147,0.01,0.0
567.045,2026-06-26T01:27:54.997050,12881.352,42441.281,0.803,1506.601,30322.147,0.01,0.0
567.147,2026-06-26T01:27:55.098235,12881.352,42441.281,0.817,1506.602,30322.147,0.01,0.0
567.248,2026-06-26T01:27:55.199434,12881.352,42441.281,0.803,1506.603,30322.147,0.01,0.0
567.349,2026-06-26T01:27:55.300623,12881.359,42441.281,0.794,1506.604,30322.147,0.01,0.0
567.45,2026-06-26T01:27:55.401821,12881.359,42441.281,0.787,1506.605,30322.147,0.01,0.0
567.551,2026-06-26T01:27:55.503006,12881.355,42441.281,0.783,1506.606,30322.147,0.01,0.0
567.652,2026-06-26T01:27:55.604186,12872.254,42441.281,0.757,1506.607,30322.147,0.01,0.0
567.753,2026-06-26T01:27:55.704942,12870.266,42441.281,0.785,1506.608,30322.147,0.01,0.0
567.854,2026-06-26T01:27:55.806084,12870.152,42441.281,0.781,1506.609,30322.147,0.01,0.0
567.956,2026-06-26T01:27:55.907257,12869.48,42441.281,0.779,1506.61,30322.147,0.01,0.0
568.057,2026-06-26T01:27:56.008460,12868.156,42441.281,0.777,1506.611,30322.147,0.01,0.0
568.158,2026-06-26T01:27:56.109657,12867.844,42441.281,0.798,1506.612,30322.147,0.01,0.0
568.259,2026-06-26T01:27:56.210867,12860.582,42441.281,0.814,1506.613,30322.147,0.01,0.0
568.36,2026-06-26T01:27:56.312070,12860.582,42441.281,0.801,1506.614,30322.147,0.01,0.0
568.462,2026-06-26T01:27:56.413311,12860.582,42441.281,0.792,1506.615,30322.147,0.01,0.0
568.563,2026-06-26T01:27:56.514510,12860.582,42441.281,0.809,1506.616,30322.147,0.01,0.0
568.664,2026-06-26T01:27:56.615695,12860.582,42441.281,0.798,1506.617,30322.147,0.01,0.0
568.765,2026-06-26T01:27:56.716868,12858.57,42441.281,0.79,1506.618,30322.147,0.01,0.0
568.866,2026-06-26T01:27:56.818046,12858.574,42441.281,0.808,1506.619,30322.147,0.01,0.0
568.967,2026-06-26T01:27:56.919217,12858.574,42441.281,0.797,1506.62,30322.147,0.01,0.0
569.069,2026-06-26T01:27:57.020429,12855.52,42441.281,0.79,1506.621,30322.147,0.01,0.0
569.17,2026-06-26T01:27:57.121626,12855.52,42441.281,0.784,1506.622,30322.147,0.01,0.0
569.271,2026-06-26T01:27:57.222807,12855.52,42441.281,0.781,1506.623,30322.147,0.01,0.0
569.372,2026-06-26T01:27:57.324069,12851.516,42441.281,0.778,1506.624,30323.61,0.011,14.457
569.474,2026-06-26T01:27:57.425246,12851.516,42441.281,0.776,1506.626,30323.61,0.015,0.0
569.575,2026-06-26T01:27:57.526328,12851.516,42441.281,0.683,1506.627,30323.61,0.013,0.0
569.676,2026-06-26T01:27:57.627467,12851.516,42441.281,0.478,1506.628,30323.61,0.01,0.0
569.777,2026-06-26T01:27:57.728663,12851.516,42441.281,0.335,1506.629,30323.61,0.01,0.0
569.878,2026-06-26T01:27:57.829847,12851.516,42441.281,0.234,1506.63,30323.61,0.01,0.0
569.979,2026-06-26T01:27:57.931039,12851.516,42441.281,0.164,1506.631,30323.61,0.01,0.0
570.081,2026-06-26T01:27:58.032264,12845.223,42441.281,0.184,1506.984,30323.951,3.488,3.377
570.182,2026-06-26T01:27:58.133442,12896.684,48255.656,0.245,1507.763,30325.045,7.693,10.798
570.283,2026-06-26T01:27:58.234689,13687.555,53080.641,0.403,1507.764,30325.045,0.01,0.0
570.384,2026-06-26T01:27:58.335960,14654.598,53940.023,3.082,1507.765,30325.045,0.01,0.001
570.486,2026-06-26T01:27:58.437229,14547.949,53838.023,6.464,1507.766,30325.045,0.01,0.0
570.587,2026-06-26T01:27:58.538506,14531.84,53852.461,7.231,1507.767,30325.045,0.01,0.0
570.688,2026-06-26T01:27:58.639786,14532.203,53858.648,6.196,1507.768,30325.045,0.01,0.0
570.789,2026-06-26T01:27:58.741113,14530.234,53864.023,4.846,1507.769,30325.045,0.01,0.0
570.891,2026-06-26T01:27:58.842384,14526.09,53860.711,3.809,1507.77,30325.045,0.01,0.0
570.992,2026-06-26T01:27:58.943676,14526.09,53860.711,2.898,1507.771,30325.045,0.01,0.0
571.093,2026-06-26T01:27:59.044957,14526.09,53860.711,2.26,1507.772,30325.045,0.01,0.0
571.265,2026-06-26T01:27:59.216938,14526.09,53860.711,1.923,1508.123,31512.045,2.045,6927.862
571.366,2026-06-26T01:27:59.317446,14526.09,53860.711,1.579,1508.124,31512.045,0.01,0.0
571.467,2026-06-26T01:27:59.418267,14526.09,53860.711,1.338,1508.125,31512.045,0.01,0.0
571.567,2026-06-26T01:27:59.519117,13359.336,52712.891,1.215,1508.126,31514.428,0.01,23.548
571.669,2026-06-26T01:27:59.620408,13391.496,52798.078,3.906,1508.127,31584.741,0.01,694.321
571.77,2026-06-26T01:27:59.721663,14075.824,53869.391,3.266,1508.128,31664.428,0.01,786.873
571.871,2026-06-26T01:27:59.822932,14590.164,55247.578,4.092,1508.129,31744.116,0.01,786.934
571.973,2026-06-26T01:27:59.924232,14634.352,55259.578,5.642,1508.13,31814.428,0.01,694.412
572.074,2026-06-26T01:28:00.025464,14695.703,55242.328,6.495,1508.131,31889.428,0.01,740.596
572.175,2026-06-26T01:28:00.126720,14773.008,55261.641,6.93,1508.132,31955.053,0.01,648.022
572.276,2026-06-26T01:28:00.227994,14811.785,55242.328,7.166,1508.133,32030.053,0.01,740.567
572.378,2026-06-26T01:28:00.329265,14898.176,55254.328,7.262,1508.134,32105.053,0.01,740.891
572.479,2026-06-26T01:28:00.430542,14947.406,55284.266,6.679,1508.135,32170.678,0.01,647.799
572.58,2026-06-26T01:28:00.531766,15075.574,55336.703,5.949,1508.136,32240.991,0.01,694.919
572.681,2026-06-26T01:28:00.632906,15011.059,55171.141,5.742,1508.137,32311.303,0.01,696.155
572.782,2026-06-26T01:28:00.733898,15201.699,55381.641,5.737,1508.138,32381.616,0.01,696.432
572.883,2026-06-26T01:28:00.834847,15220.219,55259.328,5.944,1508.139,32451.928,0.01,696.747
572.984,2026-06-26T01:28:00.935761,15295.406,55274.078,6.738,1508.14,32523.803,0.01,712.107
573.085,2026-06-26T01:28:01.036698,15334.312,55267.953,7.364,1508.141,32590.991,0.01,665.51
573.186,2026-06-26T01:28:01.137672,15399.125,55263.766,7.756,1508.142,32667.553,0.01,758.411
573.287,2026-06-26T01:28:01.238601,15428.754,55231.891,7.89,1508.143,32728.491,0.01,603.583
573.388,2026-06-26T01:28:01.339576,15491.379,55237.641,7.775,1508.144,32809.741,0.01,804.993
573.489,2026-06-26T01:28:01.440520,15556.609,55237.078,7.555,1508.146,32884.741,0.01,743.456
573.59,2026-06-26T01:28:01.541515,15636.809,55239.703,7.256,1508.147,32955.053,0.01,694.013
573.691,2026-06-26T01:28:01.642739,15674.949,55211.016,6.914,1508.148,33020.678,0.01,650.635
573.792,2026-06-26T01:28:01.743521,15549.32,55254.328,6.721,1508.149,33090.991,0.01,696.046
573.893,2026-06-26T01:28:01.844610,14588.816,54533.625,6.257,1508.15,33142.553,0.01,510.022
573.994,2026-06-26T01:28:01.945705,14629.621,54528.938,6.49,1508.151,33212.866,0.01,695.583
574.095,2026-06-26T01:28:02.046785,14667.367,54540.938,6.722,1508.152,33283.178,0.01,695.626
574.196,2026-06-26T01:28:02.147851,14689.363,54540.938,6.887,1508.153,33358.178,0.01,742.56
574.297,2026-06-26T01:28:02.248866,14715.82,54521.625,6.999,1508.154,33433.178,0.01,741.525
574.398,2026-06-26T01:28:02.349985,14750.078,54526.312,7.01,1508.155,33503.491,0.01,696.027
574.499,2026-06-26T01:28:02.451013,14792.805,54521.625,6.926,1508.156,33573.803,0.01,696.225
574.6,2026-06-26T01:28:02.551987,14818.133,54524.25,6.845,1508.157,33648.803,0.01,742.837
574.701,2026-06-26T01:28:02.652950,14850.906,54531.562,6.88,1508.158,33723.803,0.01,742.739
574.802,2026-06-26T01:28:02.753929,14868.578,54507.562,7.045,1508.159,33794.116,0.01,696.368
574.903,2026-06-26T01:28:02.854903,14921.797,54543.562,7.206,1508.16,33869.116,0.01,742.932
575.004,2026-06-26T01:28:02.955876,14937.859,54507.562,7.458,1508.161,33939.428,0.01,696.138
575.105,2026-06-26T01:28:03.056872,14966.531,54500.25,7.423,1508.162,34005.053,0.01,648.916
575.206,2026-06-26T01:28:03.158046,15019.625,54524.25,7.351,1508.163,34075.366,0.01,695.114
575.307,2026-06-26T01:28:03.259213,14233.883,54512.25,5.934,1508.164,34094.116,0.01,185.568
575.409,2026-06-26T01:28:03.360260,13841.855,53337.25,5.358,1508.165,34126.928,0.01,324.127
575.51,2026-06-26T01:28:03.461539,13831.617,53313.25,5.787,1508.166,34187.866,0.01,601.747
575.611,2026-06-26T01:28:03.562736,13825.898,53320.562,6.09,1508.167,34267.553,0.01,787.8
575.712,2026-06-26T01:28:03.663916,14333.184,53964.812,8.501,1508.168,34337.866,0.01,694.744
575.813,2026-06-26T01:28:03.765107,14381.375,54034.562,11.019,1508.169,34389.428,0.01,508.96
575.915,2026-06-26T01:28:03.866456,14497.438,54140.312,13.189,1508.17,34431.616,0.01,417.964
576.015,2026-06-26T01:28:03.967203,14602.914,54237.25,14.068,1508.171,34469.116,0.01,371.926
576.116,2026-06-26T01:28:04.068080,14548.289,54175.562,14.544,1508.172,34511.303,0.01,418.643
576.295,2026-06-26T01:28:04.246548,14160.441,53626.562,12.614,1508.523,34525.366,1.967,78.919
576.395,2026-06-26T01:28:04.347045,14160.441,53626.562,9.062,1508.524,34525.366,0.01,0.0
576.496,2026-06-26T01:28:04.447889,14160.441,53626.562,6.576,1508.525,34989.038,0.01,4597.906
576.597,2026-06-26T01:28:04.548744,14160.441,53626.562,4.835,1508.526,34989.038,0.01,0.0
576.698,2026-06-26T01:28:04.649780,13696.77,53162.891,3.617,1508.527,34989.038,0.01,0.0
576.799,2026-06-26T01:28:04.750831,13659.27,53125.391,2.763,1508.528,35026.538,0.01,370.604
576.9,2026-06-26T01:28:04.852053,13582.27,53050.391,2.166,1508.529,35106.225,0.01,787.429
577.002,2026-06-26T01:28:04.953251,13504.582,52970.703,1.748,1508.53,35181.225,0.01,741.296
577.103,2026-06-26T01:28:05.054471,13429.582,52895.703,1.455,1508.531,35256.225,0.01,740.671
577.204,2026-06-26T01:28:05.155700,13354.582,52820.703,1.25,1508.532,35331.225,0.01,740.706
577.305,2026-06-26T01:28:05.256947,13279.582,52745.703,1.106,1508.533,35406.225,0.01,740.961
577.406,2026-06-26T01:28:05.358203,13213.957,52680.078,1.006,1508.534,35471.85,0.01,648.381
577.508,2026-06-26T01:28:05.459404,13148.332,52614.453,0.982,1508.535,35537.475,0.01,647.882
577.609,2026-06-26T01:28:05.560659,13078.02,52544.141,0.919,1508.536,35607.788,0.01,694.342
577.71,2026-06-26T01:28:05.661960,13017.082,52483.203,0.874,1508.537,35673.413,0.01,648.054
577.812,2026-06-26T01:28:05.763232,12876.602,51745.945,0.843,1508.538,35720.288,0.01,462.578
577.913,2026-06-26T01:28:05.864591,12633.176,39784.32,0.845,1506.818,30321.935,-17.003,-53350.009
577.928,2026-06-26T01:28:05.879888,12633.176,39784.32,0.591,1509.027,35747.552,147.705,362708.382
577.93,2026-06-26T01:28:05.881338,12633.176,39784.32,0.414,1509.028,35747.557,0.8,4.577
578.201,2026-06-26T01:28:06.152715,12629.512,39784.32,0.523,1509.029,35747.557,0.003,0.0
578.274,2026-06-26T01:28:06.225938,12629.57,39784.32,0.59,1509.36,35747.557,4.532,0.0
