{
  "scenario": "good",
  "scenario_description": "Excellent quality - QEff model closely matches baseline (< 1% degradation)",
  "num_samples": 100,
  "vocab_size": 32000,
  "seq_len": 512,
  "metrics": {
    "perplexity": {
      "baseline": {
        "perplexity": 284436.9191796796,
        "loss": 12.55826678276062,
        "perplexity_std": 25854.83101596446,
        "per_sample_perplexities": [
          270599.25,
          301130.5625,
          312438.96875,
          301001.0625,
          299077.375,
          273412.46875,
          280310.03125,
          294944.21875,
          259550.671875,
          240557.328125,
          304870.5625,
          264916.3125,
          268641.21875,
          345325.28125,
          231908.53125,
          283162.90625,
          273739.125,
          273855.0625,
          233522.65625,
          308805.125,
          330116.21875,
          267488.25,
          277849.21875,
          282081.03125,
          272501.65625,
          282758.6875,
          244046.296875,
          257550.484375,
          243493.46875,
          254847.234375,
          249497.734375,
          247282.640625,
          267798.125,
          271547.5,
          236778.140625,
          311329.25,
          281825.59375,
          294786.1875,
          298917.6875,
          300763.78125,
          270229.4375,
          286209.09375,
          287981.09375,
          236646.765625,
          268044.4375,
          298280.375,
          326607.40625,
          284563.59375,
          309299.125,
          256337.53125,
          243125.21875,
          245088.171875,
          298228.90625,
          276027.15625,
          332319.125,
          281783.65625,
          293730.75,
          288168.46875,
          319575.96875,
          272817.59375,
          287566.40625,
          280659.125,
          297962.8125,
          277156.375,
          322829.09375,
          283051.40625,
          302704.09375,
          313827.90625,
          287743.625,
          297018.34375,
          309132.5,
          308647.625,
          252254.140625,
          351508.78125,
          303208.5625,
          293872.25,
          283455.8125,
          266351.9375,
          271095.1875,
          275824.53125,
          294183.21875,
          360592.78125,
          276925.46875,
          285706.21875,
          324466.8125,
          289218.8125,
          277223.78125,
          328001.4375,
          260080.671875,
          306341.21875,
          284900.84375,
          295788.71875,
          290882.0625,
          280409.25,
          306839.4375,
          290737.84375,
          263732.0625,
          288822.71875,
          304182.0,
          315410.3125
        ]
      },
      "qefficient": {
        "perplexity": 284439.66163336515,
        "loss": 12.558276424407959,
        "perplexity_std": 25854.436398873797,
        "per_sample_perplexities": [
          270605.4375,
          301142.90625,
          312417.53125,
          300988.15625,
          299095.90625,
          273411.1875,
          280325.03125,
          294970.9375,
          259545.46875,
          240549.296875,
          304883.9375,
          264912.03125,
          268640.4375,
          345320.0,
          231908.53125,
          283168.3125,
          273734.4375,
          273847.5,
          233527.5625,
          308816.03125,
          330119.0625,
          267478.0625,
          277849.21875,
          282091.25,
          272508.15625,
          282774.875,
          244045.359375,
          257561.28125,
          243505.546875,
          254830.46875,
          249502.71875,
          247281.234375,
          267813.6875,
          271558.375,
          236769.109375,
          311347.9375,
          281827.71875,
          294795.1875,
          298929.09375,
          300753.15625,
          270245.15625,
          286226.28125,
          287977.53125,
          236660.984375,
          268048.78125,
          298305.6875,
          326624.53125,
          284555.71875,
          309289.09375,
          256329.21875,
          243110.84375,
          245094.015625,
          298229.75,
          276008.46875,
          332310.5625,
          281789.3125,
          293729.0625,
          288175.59375,
          319565.90625,
          272805.09375,
          287579.3125,
          280662.59375,
          297959.09375,
          277152.40625,
          322828.78125,
          283048.1875,
          302721.125,
          313829.375,
          287744.4375,
          297026.28125,
          309130.15625,
          308661.75,
          252269.546875,
          351489.34375,
          303198.4375,
          293899.71875,
          283450.65625,
          266365.65625,
          271100.625,
          275836.09375,
          294173.96875,
          360573.1875,
          276928.625,
          285728.0,
          324456.28125,
          289214.125,
          277229.59375,
          328023.625,
          260092.828125,
          306342.09375,
          284903.5625,
          295804.5,
          290869.59375,
          280407.09375,
          306868.71875,
          290739.25,
          263717.71875,
          288819.125,
          304197.09375,
          315404.3125
        ]
      },
      "difference": {
        "perplexity_diff": 2.74245368555421,
        "relative_change_pct": 0.0009641693819014382
      }
    },
    "logit_mse": {
      "mean": 1.0001278610616281e-06,
      "std": 3.369971753454736e-10,
      "min": 9.994062111218227e-07,
      "max": 1.001148689283582e-06,
      "median": 1.0001199939324579e-06,
      "count": 100
    },
    "kl_divergence": {
      "mean": 5.182325381269947e-07,
      "std": 2.8399914235143432e-08,
      "min": 4.687296382144268e-07,
      "max": 6.539549985973281e-07,
      "median": 5.143613179825479e-07,
      "count": 100
    },
    "topk_overlap": {
      "mean": 99.9234375,
      "std": 0.04056485933045991,
      "min": 99.8046875,
      "max": 100.0,
      "median": 99.921875,
      "count": 100
    },
    "rank_correlation": {
      "mean": 0.9999998622791996,
      "std": 7.036843630911347e-11,
      "min": 0.9999998621164722,
      "max": 0.999999862472024,
      "median": 0.9999998622829445,
      "count": 100
    },
    "next_token_accuracy": {
      "mean": 99.947265625,
      "std": 0.10998365801016474,
      "min": 99.609375,
      "max": 100.0,
      "median": 100.0,
      "count": 100
    }
  }
}