{
  "scenario": "worst",
  "scenario_description": "Poor quality - QEff model shows significant degradation (> 10% degradation)",
  "num_samples": 100,
  "vocab_size": 32000,
  "seq_len": 512,
  "metrics": {
    "perplexity": {
      "baseline": {
        "perplexity": 289235.95655790623,
        "loss": 12.574998092651366,
        "perplexity_std": 25574.82303933242,
        "per_sample_perplexities": [
          318336.15625,
          271267.1875,
          287497.03125,
          310698.0625,
          285813.59375,
          271077.34375,
          309488.53125,
          264566.375,
          284637.40625,
          284341.96875,
          270246.1875,
          282928.625,
          281842.78125,
          283841.53125,
          277046.96875,
          280906.0,
          397313.46875,
          258210.8125,
          270937.28125,
          318873.03125,
          244046.0625,
          301448.9375,
          318639.875,
          246204.4375,
          314058.125,
          254382.0,
          283490.6875,
          260332.296875,
          297035.625,
          268798.0625,
          281344.09375,
          305685.46875,
          288731.28125,
          284952.1875,
          301274.78125,
          297973.59375,
          267480.59375,
          325725.25,
          321995.84375,
          288073.65625,
          314648.71875,
          299543.21875,
          295481.125,
          340994.65625,
          254516.921875,
          312602.3125,
          297117.21875,
          267564.53125,
          275800.0625,
          293067.0625,
          290655.53125,
          276973.8125,
          270487.78125,
          317191.5625,
          266724.3125,
          313315.34375,
          253955.375,
          265956.21875,
          263740.84375,
          312024.78125,
          295535.21875,
          276932.34375,
          273321.21875,
          277169.59375,
          301322.46875,
          353693.84375,
          295011.1875,
          336649.34375,
          269051.1875,
          297784.125,
          281480.6875,
          254082.3125,
          325592.0,
          315776.3125,
          276312.125,
          295746.40625,
          299879.90625,
          290301.21875,
          274098.3125,
          296003.1875,
          272994.8125,
          272992.46875,
          309788.28125,
          301750.9375,
          295419.6875,
          335117.53125,
          271756.03125,
          313026.21875,
          331815.59375,
          286150.6875,
          308619.375,
          286093.9375,
          253548.578125,
          242407.96875,
          265893.8125,
          333926.0,
          283611.0,
          295948.40625,
          255877.140625,
          285708.125
        ]
      },
      "qefficient": {
        "perplexity": 348810.6181104488,
        "loss": 12.762284412384034,
        "perplexity_std": 32083.78356117964,
        "per_sample_perplexities": [
          388024.59375,
          324426.90625,
          347180.75,
          366089.34375,
          337542.71875,
          333332.90625,
          377003.125,
          318885.8125,
          347336.375,
          356408.40625,
          331236.375,
          335032.875,
          352439.25,
          343771.71875,
          336124.1875,
          336107.8125,
          494435.84375,
          319290.84375,
          338533.71875,
          384890.4375,
          292804.4375,
          367834.59375,
          381771.0,
          289198.65625,
          379730.3125,
          302904.8125,
          323164.25,
          305886.09375,
          358848.34375,
          326118.75,
          342959.9375,
          368964.5,
          341601.0625,
          345553.25,
          360276.53125,
          367336.125,
          317713.78125,
          397052.5,
          388074.5625,
          359199.28125,
          378832.5625,
          368350.28125,
          353824.0625,
          410501.8125,
          289425.75,
          372740.28125,
          352813.875,
          319211.375,
          329247.5,
          345339.4375,
          350253.9375,
          341056.78125,
          311573.40625,
          376466.0,
          319640.90625,
          369955.28125,
          307829.8125,
          315218.15625,
          319553.125,
          388335.5625,
          362398.5625,
          332153.09375,
          332833.25,
          337050.5625,
          378298.96875,
          416206.25,
          346039.65625,
          407510.0625,
          326740.4375,
          361618.0,
          347721.84375,
          330465.84375,
          390191.34375,
          370316.03125,
          321303.8125,
          359154.09375,
          349274.25,
          357458.53125,
          336985.96875,
          348223.9375,
          335374.90625,
          333440.6875,
          378442.5625,
          365587.28125,
          361623.5,
          413508.40625,
          324732.125,
          366210.15625,
          397950.15625,
          337396.9375,
          377823.75,
          338277.15625,
          302835.1875,
          289785.625,
          315209.75,
          399109.0,
          347824.3125,
          359348.34375,
          315431.96875,
          345357.21875
        ]
      },
      "difference": {
        "perplexity_diff": 59574.66155254259,
        "relative_change_pct": 20.597252935464645
      }
    },
    "logit_mse": {
      "mean": 0.2552186143398285,
      "std": 0.0007866121619583169,
      "min": 0.25368645787239075,
      "max": 0.2571762204170227,
      "median": 0.2551017552614212,
      "count": 100
    },
    "kl_divergence": {
      "mean": 0.22158564180135726,
      "std": 0.014038508462369698,
      "min": 0.19651982188224792,
      "max": 0.2943667769432068,
      "median": 0.22137045860290527,
      "count": 100
    },
    "topk_overlap": {
      "mean": 66.84296875,
      "std": 0.4670748061196608,
      "min": 65.234375,
      "max": 67.83203125,
      "median": 66.8359375,
      "count": 100
    },
    "rank_correlation": {
      "mean": 0.9667112371480083,
      "std": 9.744427095192016e-05,
      "min": 0.9664740101753544,
      "max": 0.966916710995937,
      "median": 0.9667159845125446,
      "count": 100
    },
    "next_token_accuracy": {
      "mean": 64.732421875,
      "std": 1.782006889287131,
      "min": 59.5703125,
      "max": 69.3359375,
      "median": 65.0390625,
      "count": 100
    }
  }
}