time_s,timestamp,rss_mb,vms_mb,cpu_percent,disk_read_mb,disk_write_mb,disk_read_rate_mb_s,disk_write_rate_mb_s
0.0,2026-06-25T23:55:24.397652,610.379,6523.156,0.18,155.805,0.012,0.0,0.0
-0.0,2026-06-25T23:55:24.397523,610.379,6523.156,0.306,155.805,0.012,2.8,0.0
0.0,2026-06-25T23:55:24.398087,610.387,6523.156,0.214,155.806,0.012,2.751,0.0
0.051,2026-06-25T23:55:24.448387,612.129,6523.957,0.243,156.069,0.013,5.22,0.01
0.139,2026-06-25T23:55:24.536886,612.898,6523.957,0.276,156.397,0.013,3.713,0.005
0.19,2026-06-25T23:55:24.587246,612.898,6523.957,0.193,156.397,0.013,0.01,0.0
0.278,2026-06-25T23:55:24.675638,612.953,6523.957,0.215,156.721,0.013,3.669,0.0
0.328,2026-06-25T23:55:24.725984,612.953,6523.957,0.197,156.721,0.013,0.01,0.0
0.415,2026-06-25T23:55:24.812356,613.086,6523.957,0.246,156.732,0.014,0.121,0.005
0.416,2026-06-25T23:55:24.813555,613.094,6523.957,0.172,156.733,0.014,1.714,0.052
0.416,2026-06-25T23:55:24.814111,613.094,6523.957,0.121,156.735,0.014,2.665,0.0
0.454,2026-06-25T23:55:24.851879,613.109,6524.086,0.333,157.053,0.014,8.462,0.011
0.544,2026-06-25T23:55:24.941472,613.184,6524.086,0.338,157.377,0.014,3.614,0.0
0.594,2026-06-25T23:55:24.991834,613.184,6524.086,0.236,157.377,0.014,0.01,0.0
0.69,2026-06-25T23:55:25.087794,613.188,6524.086,0.287,157.703,0.015,3.393,0.005
0.744,2026-06-25T23:55:25.141599,614.531,6525.887,0.288,158.299,0.015,10.981,0.0
0.972,2026-06-25T23:55:25.369706,6098.672,792194.145,8.809,158.725,0.015,1.87,0.001
1.071,2026-06-25T23:55:25.468758,10825.531,802538.391,18.849,159.048,0.015,3.269,0.0
1.122,2026-06-25T23:55:25.519203,13812.562,827250.406,31.256,159.049,0.015,0.01,0.001
1.358,2026-06-25T23:55:25.755881,27784.344,852322.438,48.066,159.372,0.015,1.369,0.0
1.616,2026-06-25T23:55:26.014059,41165.734,852322.438,62.996,159.696,0.015,1.239,0.0
1.793,2026-06-25T23:55:26.190190,49568.574,852322.438,68.727,160.02,0.015,1.87,0.0
1.944,2026-06-25T23:55:26.341545,57256.938,852322.438,76.586,160.343,0.015,2.138,0.0
2.046,2026-06-25T23:55:26.443931,62481.469,852322.438,82.659,160.667,0.015,3.16,0.0
2.172,2026-06-25T23:55:26.569567,68993.938,852491.695,85.716,160.99,0.015,2.576,0.001
2.285,2026-06-25T23:55:26.683096,74953.809,852703.805,87.864,161.314,0.015,2.849,0.0
2.387,2026-06-25T23:55:26.785003,79933.254,852910.035,85.012,161.637,0.015,3.176,0.0
2.504,2026-06-25T23:55:26.901720,85613.41,853692.391,78.029,161.961,0.015,2.765,0.0
2.595,2026-06-25T23:55:26.992949,89258.273,854045.516,66.12,162.285,0.015,3.562,0.0
2.646,2026-06-25T23:55:27.043349,90127.852,854045.516,48.695,162.285,0.015,0.01,0.001
3.867,2026-06-25T23:55:28.264907,60635.512,87128.82,34.334,162.61,0.018,0.266,0.002
3.955,2026-06-25T23:55:28.353131,60635.512,87128.82,24.113,162.935,0.018,3.683,0.0
4.006,2026-06-25T23:55:28.403489,60635.512,87128.82,16.879,162.936,0.018,0.01,0.0
4.103,2026-06-25T23:55:28.500516,60635.512,87128.82,11.936,163.26,0.018,3.349,0.005
4.153,2026-06-25T23:55:28.550874,60636.199,87601.051,9.144,163.262,0.018,0.04,0.0
4.221,2026-06-25T23:55:28.618469,60712.766,87666.602,12.721,163.281,0.018,0.285,0.002
4.221,2026-06-25T23:55:28.618906,60712.766,87666.602,8.905,163.282,0.018,3.731,0.0
4.257,2026-06-25T23:55:28.654860,60712.766,87666.602,6.429,163.586,0.019,8.44,0.012
4.346,2026-06-25T23:55:28.743633,60712.766,87666.602,4.606,163.909,0.019,3.64,0.0
4.396,2026-06-25T23:55:28.793995,60712.766,87666.602,3.224,163.91,0.019,0.01,0.0
4.497,2026-06-25T23:55:28.894299,60712.766,87666.602,2.374,164.235,0.019,3.243,0.005
4.585,2026-06-25T23:55:28.982587,60712.766,87666.602,1.821,164.563,0.02,3.721,0.005
4.635,2026-06-25T23:55:29.032955,60712.766,87666.602,1.275,164.564,0.02,0.01,0.0
4.726,2026-06-25T23:55:29.123782,60712.766,87666.602,0.996,164.887,0.02,3.565,0.0
4.777,2026-06-25T23:55:29.174243,60712.766,87666.602,0.697,164.887,0.02,0.01,0.0
4.865,2026-06-25T23:55:29.262877,60712.766,87666.602,0.62,165.229,0.021,3.866,0.01
4.916,2026-06-25T23:55:29.313232,60712.766,87666.602,0.434,165.23,0.021,0.01,0.0
5.012,2026-06-25T23:55:29.409788,60712.766,87666.602,0.401,165.553,0.021,3.354,0.0
5.063,2026-06-25T23:55:29.460187,60712.766,87666.602,0.281,165.554,0.021,0.01,0.0
5.168,2026-06-25T23:55:29.565830,60712.766,87666.602,0.352,165.896,0.021,3.243,0.008
5.256,2026-06-25T23:55:29.654047,60712.766,87666.602,0.353,166.219,0.021,3.666,0.0
5.307,2026-06-25T23:55:29.704387,60712.766,87666.602,0.247,166.22,0.021,0.01,0.0
5.398,2026-06-25T23:55:29.795572,60712.766,87666.602,0.25,166.545,0.022,3.566,0.004
5.448,2026-06-25T23:55:29.845921,60712.766,87666.602,0.175,166.545,0.022,0.01,0.0
5.549,2026-06-25T23:55:29.947093,60712.766,87666.602,0.262,166.868,0.022,3.202,0.0
5.639,2026-06-25T23:55:30.036229,60712.766,87666.602,0.288,167.201,0.022,3.732,0.0
6.77,2026-06-25T23:55:31.168119,61001.75,87952.906,0.434,179.771,0.022,11.105,0.0
6.859,2026-06-25T23:55:31.256364,61001.75,87952.906,0.41,180.095,0.022,3.668,0.0
6.909,2026-06-25T23:55:31.306727,61001.75,87952.906,0.287,180.095,0.022,0.01,0.0
7.024,2026-06-25T23:55:31.422041,61001.75,87952.906,0.342,180.212,0.022,1.005,0.0
7.026,2026-06-25T23:55:31.423382,61001.75,87952.906,0.24,180.212,0.022,2.363,0.0
7.062,2026-06-25T23:55:31.459823,61001.75,87952.906,0.425,180.427,0.023,5.862,0.012
7.171,2026-06-25T23:55:31.568918,61001.75,87952.906,0.426,180.75,0.023,2.967,0.0
7.26,2026-06-25T23:55:31.657212,61001.75,87952.906,0.404,181.074,0.023,3.664,0.0
7.31,2026-06-25T23:55:31.707570,61001.75,87952.906,0.283,181.075,0.023,0.034,0.009
7.399,2026-06-25T23:55:31.796196,61001.75,87952.906,0.304,181.399,0.023,3.657,0.0
7.449,2026-06-25T23:55:31.846546,61001.75,87952.906,0.213,181.399,0.023,0.01,0.0
7.556,2026-06-25T23:55:31.953850,61001.75,87952.906,0.258,181.726,0.024,3.045,0.009
7.645,2026-06-25T23:55:32.042979,61001.75,87952.906,0.312,182.049,0.024,3.63,0.0
7.696,2026-06-25T23:55:32.093342,61001.75,87952.906,0.219,182.05,0.024,0.01,0.0
7.789,2026-06-25T23:55:32.186659,61001.75,87952.906,0.254,182.375,0.024,3.496,0.005
7.839,2026-06-25T23:55:32.237014,61001.75,87952.906,0.177,182.376,0.024,0.01,0.0
7.929,2026-06-25T23:55:32.326819,61001.75,87952.906,0.229,182.701,0.024,3.63,0.0
7.98,2026-06-25T23:55:32.377190,61001.75,87952.906,0.16,182.702,0.024,0.01,0.0
8.071,2026-06-25T23:55:32.468272,61001.75,87952.906,0.241,183.028,0.025,3.59,0.005
8.121,2026-06-25T23:55:32.518728,61001.75,87952.906,0.169,183.04,0.025,0.221,0.008
8.231,2026-06-25T23:55:32.628417,61001.75,87952.906,0.246,183.365,0.025,2.971,0.0
8.319,2026-06-25T23:55:32.716733,61001.75,87952.906,0.252,183.69,0.025,3.684,0.0
8.369,2026-06-25T23:55:32.767084,61001.75,87952.906,0.223,183.692,0.026,0.032,0.009
8.459,2026-06-25T23:55:32.856158,61001.75,87952.906,0.261,184.017,0.026,3.66,0.0
8.509,2026-06-25T23:55:32.906515,61001.75,87952.906,0.183,184.018,0.026,0.01,0.0
8.6,2026-06-25T23:55:32.997439,61001.75,87952.906,0.231,184.344,0.026,3.598,0.005
8.65,2026-06-25T23:55:33.047774,61001.75,87952.906,0.162,184.345,0.026,0.01,0.0
8.755,2026-06-25T23:55:33.152981,61001.75,87952.906,0.247,184.669,0.026,3.09,0.0
8.847,2026-06-25T23:55:33.244340,61001.75,87952.906,0.276,184.994,0.027,3.555,0.005
8.897,2026-06-25T23:55:33.294701,61001.75,87952.906,0.193,184.995,0.027,0.01,0.0
8.986,2026-06-25T23:55:33.383494,61001.75,87952.906,0.214,185.318,0.027,3.65,0.0
9.036,2026-06-25T23:55:33.433846,61001.75,87952.906,0.15,185.319,0.027,0.01,0.0
9.128,2026-06-25T23:55:33.525391,61001.75,87952.906,0.233,185.645,0.027,3.57,0.01
9.178,2026-06-25T23:55:33.575711,61001.75,87952.906,0.163,185.645,0.027,0.01,0.0
9.271,2026-06-25T23:55:33.668789,61001.75,87952.906,0.24,185.969,0.027,3.482,0.0
9.322,2026-06-25T23:55:33.719165,61001.75,87952.906,0.168,185.969,0.027,0.01,0.0
9.41,2026-06-25T23:55:33.807855,61001.75,87952.906,0.224,186.302,0.028,3.755,0.005
9.461,2026-06-25T23:55:33.858210,61001.75,87952.906,0.157,186.302,0.028,0.01,0.0
9.549,2026-06-25T23:55:33.946819,61001.75,87952.906,0.216,186.626,0.028,3.658,0.0
9.6,2026-06-25T23:55:33.997170,61001.75,87952.906,0.151,186.627,0.028,0.034,0.009
9.695,2026-06-25T23:55:34.092654,61001.75,87952.906,0.204,186.951,0.028,3.392,0.0
9.745,2026-06-25T23:55:34.143080,61001.75,87952.906,0.143,186.951,0.028,0.01,0.0
9.837,2026-06-25T23:55:34.234689,61001.75,87952.906,0.228,187.276,0.029,3.555,0.005
9.887,2026-06-25T23:55:34.285057,61001.75,87952.906,0.159,187.523,0.029,4.884,0.009
9.977,2026-06-25T23:55:34.374339,61001.75,87952.906,0.243,187.847,0.029,3.631,0.0
10.027,2026-06-25T23:55:34.424685,61001.75,87952.906,0.17,187.847,0.029,0.01,0.0
10.123,2026-06-25T23:55:34.520646,61001.75,87952.906,0.217,188.172,0.03,3.39,0.005
10.173,2026-06-25T23:55:34.571014,61001.75,87952.906,0.152,188.173,0.03,0.01,0.0
10.263,2026-06-25T23:55:34.660893,61001.75,87952.906,0.237,188.496,0.03,3.607,0.0
10.314,2026-06-25T23:55:34.711254,61001.75,87952.906,0.166,188.497,0.03,0.01,0.0
10.402,2026-06-25T23:55:34.799915,61001.75,87952.906,0.195,188.823,0.031,3.691,0.01
10.453,2026-06-25T23:55:34.850265,61001.75,87952.906,0.137,188.824,0.031,0.01,0.0
10.541,2026-06-25T23:55:34.938811,61001.75,87952.906,0.202,189.147,0.031,3.66,0.0
10.593,2026-06-25T23:55:34.990409,61001.75,87952.906,0.141,189.149,0.031,0.037,0.009
10.731,2026-06-25T23:55:35.128203,61001.75,87952.906,0.269,189.478,0.032,2.395,0.003
10.819,2026-06-25T23:55:35.216820,61001.75,87952.906,0.295,189.802,0.032,3.655,0.0
10.87,2026-06-25T23:55:35.267185,61001.75,87952.906,0.206,189.802,0.032,0.01,0.0
10.976,2026-06-25T23:55:35.373737,61001.75,87952.906,0.254,190.144,0.032,3.217,0.009
11.064,2026-06-25T23:55:35.462084,61001.75,87952.906,0.284,190.468,0.032,3.662,0.0
11.115,2026-06-25T23:55:35.512445,61001.75,87952.906,0.199,190.468,0.032,0.01,0.0
11.208,2026-06-25T23:55:35.605944,61001.75,87952.906,0.265,190.811,0.033,3.666,0.009
11.259,2026-06-25T23:55:35.656288,61001.75,87952.906,0.185,190.811,0.033,0.01,0.0
11.364,2026-06-25T23:55:35.761953,61001.75,87952.906,0.241,191.135,0.033,3.067,0.0
11.456,2026-06-25T23:55:35.853602,61001.75,87952.906,0.297,191.459,0.034,3.543,0.004
11.506,2026-06-25T23:55:35.903966,61001.75,87952.906,0.208,191.46,0.034,0.01,0.0
11.596,2026-06-25T23:55:35.993426,61001.75,87952.906,0.25,191.783,0.034,3.624,0.0
11.646,2026-06-25T23:55:36.043779,61001.75,87952.906,0.175,191.784,0.034,0.01,0.0
12.789,2026-06-25T23:55:37.186327,61085.605,88036.891,0.348,204.363,0.034,11.011,0.0
12.883,2026-06-25T23:55:37.280525,61085.605,88036.891,0.343,204.688,0.034,3.455,0.0
12.933,2026-06-25T23:55:37.330892,61085.605,88036.891,0.287,204.689,0.034,0.01,0.0
13.092,2026-06-25T23:55:37.489553,61085.605,88036.891,0.349,205.021,0.034,2.098,0.003
13.182,2026-06-25T23:55:37.579558,61085.605,88036.891,0.348,205.347,0.034,3.616,0.0
13.232,2026-06-25T23:55:37.629925,61085.605,88036.891,0.244,205.347,0.034,0.01,0.0
13.322,2026-06-25T23:55:37.720118,61085.605,88036.891,0.275,205.674,0.035,3.63,0.005
13.373,2026-06-25T23:55:37.770495,61085.605,88036.891,0.192,205.675,0.035,0.01,0.0
13.463,2026-06-25T23:55:37.860520,61085.605,88036.891,0.239,206.0,0.035,3.627,0.0
13.513,2026-06-25T23:55:37.910886,61085.605,88036.891,0.214,206.002,0.035,0.039,0.01
13.602,2026-06-25T23:55:37.999766,61085.605,88036.891,0.255,206.329,0.036,3.683,0.005
13.652,2026-06-25T23:55:38.050122,61085.605,88036.891,0.179,206.329,0.036,0.01,0.0
13.741,2026-06-25T23:55:38.138998,61085.605,88036.891,0.231,206.654,0.036,3.664,0.0
13.792,2026-06-25T23:55:38.189364,61085.605,88036.891,0.208,206.665,0.037,0.22,0.018
13.886,2026-06-25T23:55:38.283408,61085.605,88036.891,0.245,206.989,0.037,3.446,0.0
13.936,2026-06-25T23:55:38.333778,61085.605,88036.891,0.172,206.989,0.037,0.01,0.0
14.032,2026-06-25T23:55:38.429638,61085.605,88036.891,0.218,207.314,0.037,3.393,0.005
14.082,2026-06-25T23:55:38.480002,61085.605,88036.891,0.153,207.315,0.037,0.01,0.0
14.171,2026-06-25T23:55:38.568665,61085.605,88036.891,0.239,207.638,0.037,3.656,0.0
14.221,2026-06-25T23:55:38.618996,61085.605,88036.891,0.168,207.639,0.037,0.01,0.0
14.323,2026-06-25T23:55:38.720843,61085.605,88036.891,0.232,207.965,0.038,3.209,0.009
14.419,2026-06-25T23:55:38.816184,61085.605,88036.891,0.261,208.288,0.038,3.393,0.0
14.469,2026-06-25T23:55:38.866570,61085.605,88036.891,0.183,208.289,0.038,0.01,0.0
14.556,2026-06-25T23:55:38.953976,61085.605,88036.891,0.235,208.526,0.039,2.701,0.006
14.557,2026-06-25T23:55:38.954753,61085.605,88036.891,0.164,208.528,0.039,3.454,0.0
14.558,2026-06-25T23:55:38.955497,61085.605,88036.891,0.115,208.529,0.039,1.85,0.0
14.558,2026-06-25T23:55:38.955998,61085.605,88036.891,0.081,208.53,0.039,2.725,0.0
14.559,2026-06-25T23:55:38.956490,61085.605,88036.891,0.056,208.532,0.039,2.854,0.0
14.559,2026-06-25T23:55:38.956961,61085.605,88036.891,0.039,208.533,0.039,2.924,0.0
14.56,2026-06-25T23:55:38.957408,61085.605,88036.891,0.028,208.535,0.039,3.088,0.0
14.56,2026-06-25T23:55:38.957843,61085.605,88036.891,0.019,208.536,0.039,3.059,0.0
14.561,2026-06-25T23:55:38.958442,61085.605,88036.891,0.014,208.537,0.039,2.24,0.0
14.561,2026-06-25T23:55:38.958916,61085.605,88036.891,4.763,208.539,0.039,3.13,0.0
14.568,2026-06-25T23:55:38.966031,61193.305,88144.398,16.857,208.586,0.039,6.69,0.0
14.569,2026-06-25T23:55:38.966458,61193.305,88144.398,11.8,208.587,0.039,2.666,0.0
14.569,2026-06-25T23:55:38.966714,61193.305,88144.398,8.26,208.588,0.039,3.721,0.0
14.569,2026-06-25T23:55:38.967003,61193.305,88144.398,35.782,208.589,0.039,3.839,0.0
14.57,2026-06-25T23:55:38.967305,61193.305,88144.398,25.047,208.59,0.039,3.789,0.0
14.57,2026-06-25T23:55:38.967598,61193.305,88144.398,17.533,208.591,0.039,3.673,0.0
14.581,2026-06-25T23:55:38.978652,61193.305,88144.398,18.4,208.624,0.039,2.93,0.015
14.606,2026-06-25T23:55:39.003903,61193.305,88144.398,12.88,208.624,0.039,0.02,0.0
14.737,2026-06-25T23:55:39.134399,61241.605,88145.398,21.151,208.967,0.039,2.627,0.002
14.94,2026-06-25T23:55:39.338054,62221.52,93265.402,27.768,209.291,0.039,1.588,0.001
15.035,2026-06-25T23:55:39.432360,64971.742,93265.402,32.54,209.614,0.039,3.43,0.0
15.085,2026-06-25T23:55:39.482746,66350.379,93265.402,35.083,209.614,0.039,0.01,0.0
15.175,2026-06-25T23:55:39.572396,68869.902,98385.406,39.004,209.938,0.039,3.612,0.0
15.225,2026-06-25T23:55:39.622780,70349.461,98385.406,42.158,209.938,0.039,0.01,0.0
15.321,2026-06-25T23:55:39.718276,72989.41,103505.41,43.713,210.261,0.039,3.393,0.0
15.371,2026-06-25T23:55:39.768645,74475.098,103505.41,45.416,210.262,0.039,0.01,0.0
15.462,2026-06-25T23:55:39.859997,76607.148,103505.41,45.991,210.585,0.039,3.544,0.0
15.513,2026-06-25T23:55:39.910397,76607.148,103505.41,46.538,210.586,0.039,0.01,0.0
15.746,2026-06-25T23:55:40.143433,76630.07,103528.566,44.489,210.909,0.039,1.388,0.0
15.85,2026-06-25T23:55:40.247972,78681.824,108666.57,46.047,211.232,0.039,3.092,0.0
15.951,2026-06-25T23:55:40.348613,81438.098,108666.57,46.86,211.555,0.039,3.213,0.0
16.054,2026-06-25T23:55:40.451300,83829.031,113786.574,45.79,211.879,0.039,3.149,0.0
16.154,2026-06-25T23:55:40.551973,86455.246,113786.574,46.765,212.202,0.039,3.21,0.0
16.253,2026-06-25T23:55:40.651046,88387.281,118906.578,44.682,212.525,0.039,3.263,0.0
16.304,2026-06-25T23:55:40.701507,89578.758,118906.578,46.106,212.526,0.039,0.01,0.0
16.403,2026-06-25T23:55:40.801057,91918.434,118906.578,47.455,212.849,0.039,3.256,0.0
16.454,2026-06-25T23:55:40.851763,92018.316,118916.578,47.684,212.85,0.039,0.01,0.0
16.543,2026-06-25T23:55:40.940753,92023.379,118921.578,36.336,213.173,0.039,3.651,0.0
16.593,2026-06-25T23:55:40.991113,92023.379,118921.578,25.621,213.173,0.039,0.01,0.0
124.276,2026-06-25T23:57:28.673929,91071.258,118948.578,18.614,213.496,57926.268,0.003,537.934
124.365,2026-06-25T23:57:28.762454,89669.594,118948.578,13.374,213.82,57926.268,3.66,0.0
124.415,2026-06-25T23:57:28.812821,88862.188,118948.578,9.594,213.82,57926.268,0.01,0.0
124.505,2026-06-25T23:57:28.902672,87396.625,118948.578,7.029,214.144,57926.268,3.616,0.0
124.555,2026-06-25T23:57:28.953018,86656.191,113828.574,5.153,214.145,57926.268,0.01,0.0
124.644,2026-06-25T23:57:29.041604,85218.191,113828.574,3.978,214.468,57926.268,3.66,0.0
124.694,2026-06-25T23:57:29.091944,84473.824,113828.574,3.017,214.469,57926.268,0.01,0.0
124.783,2026-06-25T23:57:29.180456,83246.191,113828.574,2.43,214.792,57926.268,3.663,0.0
124.833,2026-06-25T23:57:29.230794,82428.152,113828.574,1.933,214.793,57926.268,0.01,0.0
124.937,2026-06-25T23:57:29.334496,80944.898,108708.57,1.715,215.116,57926.268,3.125,0.0
125.026,2026-06-25T23:57:29.423676,79694.766,108708.57,1.542,215.44,57926.268,3.629,0.0
125.076,2026-06-25T23:57:29.474031,78974.992,108708.57,1.312,215.441,57926.268,0.01,0.0
125.165,2026-06-25T23:57:29.562892,77686.977,108708.57,1.262,215.764,57926.268,3.648,0.0
125.216,2026-06-25T23:57:29.613234,76929.32,108708.57,1.116,215.765,57926.268,0.01,0.0
125.304,2026-06-25T23:57:29.701549,75688.887,103528.137,1.1,216.088,57926.268,3.67,0.0
125.354,2026-06-25T23:57:29.751893,74893.348,103528.137,1.002,216.089,57926.268,0.01,0.0
125.443,2026-06-25T23:57:29.840435,73567.449,103528.137,1.046,216.412,57926.268,3.661,0.0
125.493,2026-06-25T23:57:29.890772,72809.793,103528.137,0.965,216.413,57926.268,0.01,0.0
125.582,2026-06-25T23:57:29.979950,71515.953,98408.133,1.017,216.736,57926.268,3.634,0.0
125.633,2026-06-25T23:57:30.030303,70758.297,98408.133,0.945,216.737,57926.268,0.01,0.0
125.721,2026-06-25T23:57:30.118671,69405.949,98408.133,1.006,217.061,57926.268,3.669,0.0
125.771,2026-06-25T23:57:30.169011,68636.859,98408.133,0.937,217.061,57926.268,0.01,0.0
125.86,2026-06-25T23:57:30.257605,67261.949,98408.133,1.0,217.385,57926.268,3.659,0.0
125.91,2026-06-25T23:57:30.307945,66497.949,98408.133,0.932,217.385,57926.268,0.01,0.0
126.013,2026-06-25T23:57:30.410924,65032.168,93288.129,0.994,217.709,57926.268,3.147,0.0
126.106,2026-06-25T23:57:30.503991,63554.738,93288.129,1.049,218.032,57926.268,3.477,0.0
126.157,2026-06-25T23:57:30.554366,62797.082,93288.129,0.966,218.033,57926.268,0.01,0.0
126.246,2026-06-25T23:57:30.643827,61367.941,93288.129,1.017,218.357,57926.268,3.632,0.0
126.256,2026-06-25T23:57:30.653543,61275.945,88168.125,1.131,218.357,57926.268,0.036,0.0
126.267,2026-06-25T23:57:30.664228,61275.945,88168.125,0.792,218.358,57926.268,0.048,0.0
126.297,2026-06-25T23:57:30.694180,61125.652,88036.75,0.799,218.358,57926.268,0.02,0.0
126.718,2026-06-25T23:57:31.116045,59643.562,86535.742,0.826,218.534,57926.268,0.416,0.0
126.719,2026-06-25T23:57:31.116727,59643.562,86535.742,0.578,218.534,57926.268,2.751,0.0
126.724,2026-06-25T23:57:31.121722,59643.562,86535.742,0.405,220.171,57926.268,319.887,0.0
126.724,2026-06-25T23:57:31.122073,59643.562,86535.742,0.283,220.172,57926.268,2.683,0.0
126.733,2026-06-25T23:57:31.130519,59643.562,86535.742,0.746,220.173,57926.268,0.083,0.0
126.733,2026-06-25T23:57:31.130914,59643.562,86535.742,0.522,220.173,57926.268,2.688,0.0
126.787,2026-06-25T23:57:31.184227,59643.562,86535.742,0.585,220.178,57927.903,0.083,30.581
127.032,2026-06-25T23:57:31.429552,59643.562,86535.742,0.648,220.214,57927.907,0.146,0.018
127.04,2026-06-25T23:57:31.437601,59536.055,86428.234,0.748,220.241,57927.907,3.508,0.0
127.04,2026-06-25T23:57:31.438013,59536.055,86428.234,0.524,220.242,57927.907,1.907,0.0
127.043,2026-06-25T23:57:31.440466,59536.055,86428.234,0.367,221.878,57927.907,666.612,0.0
127.043,2026-06-25T23:57:31.440865,59536.055,86428.234,6.809,221.879,57927.907,1.855,0.0
127.044,2026-06-25T23:57:31.441243,59536.055,86428.234,4.766,221.88,57927.907,2.575,0.0
127.046,2026-06-25T23:57:31.443291,59536.055,86428.234,3.336,223.516,57927.907,773.74,0.0
127.047,2026-06-25T23:57:31.444656,59536.055,86428.234,2.335,223.519,57927.908,2.18,0.438
127.064,2026-06-25T23:57:31.461712,59536.055,86428.234,1.908,223.594,57927.908,4.365,0.0
127.185,2026-06-25T23:57:31.582791,59624.734,101959.176,1.49,225.584,57927.908,16.457,0.002
127.236,2026-06-25T23:57:31.633207,59625.055,101959.176,1.228,225.585,57927.94,0.019,0.632
127.286,2026-06-25T23:57:31.683797,59625.133,101959.176,1.138,225.586,57927.94,0.019,0.0
127.337,2026-06-25T23:57:31.734464,59625.133,101959.176,1.027,225.587,57927.971,0.019,0.612
127.388,2026-06-25T23:57:31.785208,59627.074,101959.18,0.95,225.588,57927.971,0.019,0.0
127.439,2026-06-25T23:57:31.836205,59629.02,106957.582,0.894,225.589,57927.971,0.024,0.005
127.49,2026-06-25T23:57:31.887235,59628.812,111559.176,0.902,225.59,57927.971,0.019,0.0
127.541,2026-06-25T23:57:31.938261,59632.328,111571.176,0.815,225.591,57927.971,0.019,0.0
127.592,2026-06-25T23:57:31.989272,59638.152,111571.176,0.8,225.592,57927.971,0.019,0.0
127.643,2026-06-25T23:57:32.040347,59642.992,101985.176,0.79,225.593,57927.971,0.019,0.0
127.694,2026-06-25T23:57:32.091389,59649.234,101985.176,0.828,225.594,57927.971,0.019,0.0
127.745,2026-06-25T23:57:32.142478,59666.664,102001.176,0.809,225.595,57927.971,0.019,0.0
127.796,2026-06-25T23:57:32.193537,59675.602,102021.176,0.796,225.596,57927.971,0.019,0.0
127.847,2026-06-25T23:57:32.244595,59675.602,102021.176,0.787,225.597,57927.971,0.019,0.0
127.898,2026-06-25T23:57:32.295641,59675.605,102021.176,0.78,225.598,57927.971,0.019,0.0
127.949,2026-06-25T23:57:32.346685,59675.668,102021.176,0.776,225.599,57927.971,0.019,0.0
128.0,2026-06-25T23:57:32.397752,59676.672,102021.176,0.773,225.6,57927.971,0.019,0.0
128.051,2026-06-25T23:57:32.448817,59676.672,102021.176,0.77,225.601,57927.971,0.019,0.0
128.102,2026-06-25T23:57:32.499855,59676.914,102021.176,0.815,225.602,57927.971,0.019,0.0
128.153,2026-06-25T23:57:32.550915,59676.914,102021.176,0.8,225.603,57927.971,0.019,0.0
128.204,2026-06-25T23:57:32.601956,59678.965,102021.176,0.789,225.604,57927.971,0.019,0.0
128.255,2026-06-25T23:57:32.653034,59678.969,102021.176,0.828,225.605,57927.971,0.019,0.0
128.306,2026-06-25T23:57:32.704070,59679.133,102021.176,0.809,225.606,57927.971,0.019,0.0
128.358,2026-06-25T23:57:32.755171,59693.047,102045.176,0.841,225.607,57927.971,0.019,0.0
128.409,2026-06-25T23:57:32.806258,59694.949,102045.176,0.819,225.608,57927.971,0.019,0.0
128.46,2026-06-25T23:57:32.857276,59695.031,102045.176,0.803,225.609,57927.971,0.019,0.0
128.511,2026-06-25T23:57:32.908337,59695.031,102045.176,0.792,225.61,57927.971,0.019,0.0
128.562,2026-06-25T23:57:32.959274,59696.523,102045.176,0.784,225.611,57927.971,0.019,0.0
128.613,2026-06-25T23:57:33.010227,59707.246,102045.176,0.779,225.612,57927.971,0.019,0.0
128.664,2026-06-25T23:57:33.061240,59718.211,102073.176,0.821,225.613,57927.971,0.019,0.0
128.715,2026-06-25T23:57:33.112203,59716.633,102073.176,0.805,225.614,57927.971,0.019,0.0
128.766,2026-06-25T23:57:33.163184,59716.633,102073.176,0.793,225.615,57927.971,0.019,0.0
128.816,2026-06-25T23:57:33.214134,59716.633,102073.176,0.785,225.616,57927.971,0.019,0.0
128.867,2026-06-25T23:57:33.265099,59716.633,102073.176,0.779,225.617,57927.971,0.019,0.0
128.918,2026-06-25T23:57:33.316110,59716.633,102073.176,0.775,225.618,57927.971,0.019,0.0
128.97,2026-06-25T23:57:33.367215,59716.633,102073.176,0.772,225.619,57927.971,0.019,0.0
129.021,2026-06-25T23:57:33.418268,59716.633,102073.176,0.77,225.62,57927.971,0.019,0.0
129.072,2026-06-25T23:57:33.469293,59716.637,102073.176,0.769,225.621,57927.971,0.019,0.0
129.123,2026-06-25T23:57:33.520340,59716.641,102073.176,0.859,225.622,57927.971,0.019,0.0
129.174,2026-06-25T23:57:33.571426,59728.656,102073.176,0.785,225.623,57927.971,0.019,0.0
129.225,2026-06-25T23:57:33.622502,59716.652,102073.176,0.779,225.624,57927.971,0.019,0.0
129.276,2026-06-25T23:57:33.673550,59716.656,102073.176,0.775,225.625,57927.971,0.019,0.0
129.327,2026-06-25T23:57:33.724634,59723.699,102073.176,0.806,225.626,57927.971,0.016,0.0
129.389,2026-06-25T23:57:33.786840,59716.656,102073.176,0.831,225.627,57927.971,0.019,0.0
129.44,2026-06-25T23:57:33.837894,59716.723,102073.176,0.811,225.628,57927.971,0.019,0.0
129.491,2026-06-25T23:57:33.888956,59720.258,102073.176,0.797,225.629,57927.971,0.019,0.0
129.542,2026-06-25T23:57:33.940014,59720.359,102073.195,0.788,225.63,57927.971,0.019,0.0
129.593,2026-06-25T23:57:33.991106,59720.359,102073.195,0.827,225.631,57927.971,0.019,0.0
129.645,2026-06-25T23:57:34.042226,59720.359,102073.195,0.808,225.632,57927.971,0.019,0.0
129.696,2026-06-25T23:57:34.093250,59720.359,102073.195,0.795,225.633,57927.971,0.019,0.0
129.747,2026-06-25T23:57:34.144268,59720.359,102073.195,0.786,225.634,57927.971,0.019,0.0
129.798,2026-06-25T23:57:34.195272,59720.359,102073.195,0.826,225.635,57927.971,0.019,0.0
129.849,2026-06-25T23:57:34.246344,59720.359,102073.195,0.854,225.636,57927.971,0.019,0.0
129.9,2026-06-25T23:57:34.297381,59720.359,102073.195,0.827,225.637,57927.971,0.019,0.0
129.951,2026-06-25T23:57:34.348442,59720.359,102073.195,0.809,225.638,57927.971,0.019,0.0
130.002,2026-06-25T23:57:34.399496,59720.359,102073.195,0.795,225.639,57927.971,0.019,0.0
130.053,2026-06-25T23:57:34.450540,59720.359,102073.195,0.832,225.64,57927.971,0.019,0.0
130.104,2026-06-25T23:57:34.501579,59720.359,102073.195,0.812,225.641,57927.971,0.019,0.0
130.155,2026-06-25T23:57:34.552770,59720.359,102073.195,0.798,225.642,57927.971,0.019,0.0
130.206,2026-06-25T23:57:34.603797,59720.359,102073.195,0.788,225.643,57927.971,0.019,0.0
130.257,2026-06-25T23:57:34.654861,59720.359,102073.195,0.781,225.644,57927.971,0.019,0.0
130.308,2026-06-25T23:57:34.705900,59720.359,102073.195,0.776,225.644,57927.971,0.019,0.0
130.359,2026-06-25T23:57:34.756956,59720.359,102073.195,0.773,225.645,57927.971,0.019,0.0
130.41,2026-06-25T23:57:34.807992,59720.359,102073.195,0.771,225.646,57927.971,0.019,0.0
130.461,2026-06-25T23:57:34.859035,59720.359,102073.195,0.769,225.647,57927.971,0.019,0.0
130.512,2026-06-25T23:57:34.910072,59720.359,102073.195,0.768,225.648,57927.971,0.019,0.0
130.563,2026-06-25T23:57:34.961097,59720.359,102073.195,0.813,225.649,57927.971,0.019,0.0
130.614,2026-06-25T23:57:35.012111,59720.359,102073.195,0.799,225.65,57927.971,0.019,0.0
130.666,2026-06-25T23:57:35.063200,59720.359,102073.195,0.789,225.651,57927.971,0.019,0.0
130.717,2026-06-25T23:57:35.114204,59720.359,102073.195,0.782,225.652,57927.971,0.019,0.0
130.768,2026-06-25T23:57:35.165248,59720.359,102073.195,0.823,225.653,57927.971,0.019,0.0
130.819,2026-06-25T23:57:35.216264,59720.359,102073.195,0.806,225.654,57927.971,0.019,0.0
130.87,2026-06-25T23:57:35.267277,59720.359,102073.195,0.794,225.655,57927.971,0.019,0.0
130.921,2026-06-25T23:57:35.318344,59720.359,102073.195,0.785,225.656,57927.971,0.019,0.0
130.972,2026-06-25T23:57:35.369367,59720.359,102073.195,0.825,225.657,57927.971,0.019,0.0
131.023,2026-06-25T23:57:35.420420,59720.359,102073.195,0.807,225.658,57927.971,0.019,0.0
131.074,2026-06-25T23:57:35.471460,59720.359,102073.195,0.841,225.659,57927.971,0.019,0.0
131.125,2026-06-25T23:57:35.522519,59720.359,102073.195,0.818,225.66,57927.971,0.019,0.0
131.176,2026-06-25T23:57:35.573575,59720.359,102073.195,0.802,225.661,57927.971,0.019,0.0
131.227,2026-06-25T23:57:35.624644,59720.359,102073.195,0.791,225.662,57927.971,0.019,0.0
131.278,2026-06-25T23:57:35.675697,59720.359,102073.195,0.783,225.663,57927.971,0.019,0.0
131.329,2026-06-25T23:57:35.726765,59720.359,102073.195,0.778,225.664,57927.971,0.019,0.0
131.38,2026-06-25T23:57:35.777798,59720.359,102073.195,0.774,225.665,57927.971,0.019,0.0
131.431,2026-06-25T23:57:35.828860,59720.359,102073.195,0.771,225.666,57927.971,0.019,0.0
131.482,2026-06-25T23:57:35.879907,59720.359,102073.195,0.769,225.667,57927.971,0.019,0.0
131.533,2026-06-25T23:57:35.930967,59720.359,102073.195,0.814,225.668,57927.971,0.019,0.0
131.584,2026-06-25T23:57:35.982013,59720.359,102073.195,0.799,225.669,57927.971,0.019,0.0
131.635,2026-06-25T23:57:36.033059,59720.359,102073.195,0.789,225.67,57927.971,0.019,0.0
131.686,2026-06-25T23:57:36.084109,59720.359,102073.195,0.782,225.671,57927.971,0.019,0.0
131.738,2026-06-25T23:57:36.135195,59720.359,102073.195,0.777,225.672,57927.971,0.019,0.0
131.789,2026-06-25T23:57:36.186199,59720.359,102073.195,0.819,225.673,57927.971,0.019,0.0
131.84,2026-06-25T23:57:36.237216,59720.359,102073.195,0.803,225.674,57927.971,0.019,0.0
131.891,2026-06-25T23:57:36.288219,59720.359,102073.195,0.792,225.675,57927.971,0.019,0.0
131.942,2026-06-25T23:57:36.339266,59720.359,102073.195,0.784,225.676,57927.971,0.019,0.0
131.993,2026-06-25T23:57:36.390330,59720.359,102073.195,0.778,225.677,57927.971,0.019,0.0
132.044,2026-06-25T23:57:36.441377,59720.359,102073.195,0.82,225.678,57927.971,0.019,0.0
132.095,2026-06-25T23:57:36.492455,59720.359,102073.195,0.85,225.679,57927.971,0.019,0.0
132.221,2026-06-25T23:57:36.618566,59720.359,102073.195,0.949,226.022,57927.971,2.735,0.0
132.271,2026-06-25T23:57:36.668983,59720.359,102073.195,0.896,226.023,57927.971,0.019,0.0
132.322,2026-06-25T23:57:36.719612,59720.359,102073.195,0.905,226.024,57927.971,0.019,0.0
132.373,2026-06-25T23:57:36.770210,59720.359,102073.195,0.865,226.025,57927.971,0.019,0.0
132.423,2026-06-25T23:57:36.820993,59720.359,102073.195,0.882,226.026,57927.971,0.019,0.0
132.474,2026-06-25T23:57:36.871873,59720.359,102073.195,0.847,226.027,57927.971,0.019,0.0
132.525,2026-06-25T23:57:36.922936,59720.359,102073.195,0.823,226.028,57927.971,0.019,0.0
132.576,2026-06-25T23:57:36.974010,59720.359,102073.195,0.805,226.029,57927.971,0.019,0.0
132.627,2026-06-25T23:57:37.025077,59720.359,102073.195,0.793,226.03,57927.971,0.019,0.0
132.679,2026-06-25T23:57:37.076173,59720.359,102073.195,0.785,226.031,57927.971,0.019,0.0
132.73,2026-06-25T23:57:37.127198,59720.359,102073.195,0.779,226.032,57927.971,0.019,0.0
132.781,2026-06-25T23:57:37.178369,59720.359,102073.195,0.774,226.033,57927.971,0.019,0.0
132.832,2026-06-25T23:57:37.229414,59720.359,102073.195,0.772,226.034,57927.971,0.019,0.0
132.883,2026-06-25T23:57:37.280497,59720.359,102073.195,0.815,226.035,57927.971,0.019,0.0
132.934,2026-06-25T23:57:37.331548,59720.359,102073.195,0.8,226.036,57927.971,0.019,0.0
132.985,2026-06-25T23:57:37.382607,59720.359,102073.195,0.79,226.037,57927.971,0.019,0.0
133.036,2026-06-25T23:57:37.433657,59720.359,102073.195,0.782,226.038,57927.971,0.019,0.0
133.087,2026-06-25T23:57:37.484722,59720.359,102073.195,0.777,226.039,57927.971,0.019,0.0
133.138,2026-06-25T23:57:37.535761,59720.359,102073.195,0.819,226.04,57927.971,0.019,0.0
133.189,2026-06-25T23:57:37.586838,59720.359,102073.195,0.803,226.041,57927.971,0.019,0.0
133.24,2026-06-25T23:57:37.637884,59721.789,102073.195,0.792,226.042,57927.971,0.019,0.0
133.291,2026-06-25T23:57:37.688939,59722.043,102073.195,0.784,226.043,57927.971,0.019,0.0
133.342,2026-06-25T23:57:37.739971,59729.262,102073.195,0.824,226.044,57927.971,0.019,0.0
133.393,2026-06-25T23:57:37.791042,59738.164,102073.195,0.761,226.045,57927.971,0.019,0.0
133.444,2026-06-25T23:57:37.842091,59749.883,102073.195,0.808,226.046,57927.971,0.019,0.0
133.496,2026-06-25T23:57:37.893177,59750.637,102073.195,0.795,226.047,57927.971,0.019,0.0
133.547,2026-06-25T23:57:37.944225,59750.699,102073.195,0.786,226.048,57927.971,0.019,0.0
133.598,2026-06-25T23:57:37.995197,59751.262,102073.195,0.78,226.049,57927.971,0.019,0.0
133.649,2026-06-25T23:57:38.046185,59753.863,102073.195,0.776,226.05,57927.971,0.019,0.0
133.7,2026-06-25T23:57:38.097184,59754.055,102073.195,0.773,226.051,57927.971,0.019,0.0
133.751,2026-06-25T23:57:38.148199,59754.359,102073.195,0.587,226.052,57928.003,0.02,0.623
133.802,2026-06-25T23:57:38.199183,59754.359,102073.195,0.457,226.053,57928.003,0.019,0.0
133.853,2026-06-25T23:57:38.250220,59754.359,102073.195,0.32,226.054,57928.003,0.019,0.0
133.904,2026-06-25T23:57:38.301208,59754.359,102073.195,0.224,226.055,57928.003,0.019,0.0
133.955,2026-06-25T23:57:38.352322,59754.359,102073.195,0.157,226.056,57928.003,0.019,0.0
134.006,2026-06-25T23:57:38.403340,59751.297,102073.195,0.339,226.068,57928.087,0.235,1.65
134.057,2026-06-25T23:57:38.454403,59743.094,102073.195,0.467,226.069,57928.087,0.019,0.0
134.108,2026-06-25T23:57:38.505457,59738.992,102073.195,0.557,226.07,57928.087,0.019,0.0
134.159,2026-06-25T23:57:38.556522,59738.098,102073.195,0.619,226.071,57928.087,0.019,0.0
134.21,2026-06-25T23:57:38.607582,59735.727,102073.195,0.755,226.072,57928.087,0.019,0.0
134.261,2026-06-25T23:57:38.658654,59735.727,102073.195,0.758,226.073,57928.087,0.019,0.0
134.312,2026-06-25T23:57:38.709689,59735.727,102073.195,0.76,226.074,57928.087,0.019,0.0
134.363,2026-06-25T23:57:38.760763,59735.727,102073.195,0.761,226.075,57928.087,0.019,0.0
134.414,2026-06-25T23:57:38.811773,59735.535,102073.195,0.763,226.076,57928.087,0.019,0.0
134.465,2026-06-25T23:57:38.862809,59734.332,102073.195,0.764,226.077,57928.087,0.019,0.0
134.516,2026-06-25T23:57:38.913840,59734.332,102073.195,0.764,226.078,57928.087,0.019,0.0
134.567,2026-06-25T23:57:38.964900,59733.609,102073.195,0.764,226.079,57928.087,0.019,0.0
134.618,2026-06-25T23:57:39.016002,59733.465,102073.195,0.764,226.08,57928.087,0.019,0.0
134.669,2026-06-25T23:57:39.067074,59732.098,102073.195,0.81,226.081,57928.087,0.019,0.0
134.72,2026-06-25T23:57:39.118113,59732.102,102073.195,0.843,226.082,57928.087,0.019,0.0
134.772,2026-06-25T23:57:39.169185,59732.102,102073.195,0.82,226.083,57928.087,0.019,0.0
134.823,2026-06-25T23:57:39.220199,59732.102,102073.195,0.803,226.084,57928.087,0.019,0.0
134.874,2026-06-25T23:57:39.271237,59732.102,102073.195,0.792,226.085,57928.087,0.019,0.0
134.925,2026-06-25T23:57:39.322260,59732.102,102073.195,0.784,226.086,57928.087,0.019,0.0
134.976,2026-06-25T23:57:39.373285,59732.102,102073.195,0.779,226.087,57928.087,0.019,0.0
135.027,2026-06-25T23:57:39.424332,59732.102,102073.195,0.775,226.088,57928.087,0.019,0.0
135.078,2026-06-25T23:57:39.475369,59731.609,102073.195,0.772,226.089,57928.087,0.019,0.0
135.129,2026-06-25T23:57:39.526455,59731.613,102073.195,0.77,226.09,57928.087,0.019,0.0
135.18,2026-06-25T23:57:39.577503,59731.613,102073.195,0.768,226.091,57928.087,0.019,0.0
135.231,2026-06-25T23:57:39.628563,59731.613,102073.195,0.767,226.092,57928.087,0.019,0.0
135.282,2026-06-25T23:57:39.679661,59731.668,102073.195,0.766,226.093,57928.087,0.019,0.0
135.333,2026-06-25T23:57:39.730781,59731.66,102073.195,0.858,226.094,57928.087,0.019,0.0
135.384,2026-06-25T23:57:39.781843,59731.66,102073.195,0.83,226.095,57928.087,0.019,0.0
135.435,2026-06-25T23:57:39.832905,59731.66,102073.195,0.811,226.096,57928.087,0.019,0.0
135.486,2026-06-25T23:57:39.883938,59731.672,102073.195,0.797,226.097,57928.087,0.019,0.0
135.537,2026-06-25T23:57:39.935010,59731.676,102073.195,0.787,226.098,57928.087,0.019,0.0
135.588,2026-06-25T23:57:39.986049,59731.676,102073.195,0.781,226.099,57928.087,0.019,0.0
135.639,2026-06-25T23:57:40.037111,59731.676,102073.195,0.776,226.1,57928.087,0.019,0.0
135.691,2026-06-25T23:57:40.088188,59731.676,102073.195,0.773,226.101,57928.087,0.019,0.0
135.742,2026-06-25T23:57:40.139202,59731.676,102073.195,0.771,226.102,57928.087,0.019,0.0
135.793,2026-06-25T23:57:40.190226,59731.676,102073.195,0.815,226.103,57928.087,0.019,0.0
135.844,2026-06-25T23:57:40.241251,59731.676,102073.195,0.8,226.104,57928.087,0.019,0.0
135.895,2026-06-25T23:57:40.292233,59731.676,102073.195,0.79,226.105,57928.087,0.019,0.0
135.946,2026-06-25T23:57:40.343265,59731.137,102073.195,0.783,226.106,57928.087,0.019,0.0
135.997,2026-06-25T23:57:40.394271,59730.75,102073.195,0.777,226.107,57928.087,0.019,0.0
136.048,2026-06-25T23:57:40.445339,59730.75,102073.195,0.774,226.107,57928.087,0.019,0.0
136.099,2026-06-25T23:57:40.496393,59730.75,102073.195,0.817,226.108,57928.087,0.019,0.0
136.15,2026-06-25T23:57:40.547441,59730.207,102073.195,0.893,226.109,57928.087,0.019,0.0
136.201,2026-06-25T23:57:40.598481,59730.207,102073.195,0.855,226.11,57928.087,0.019,0.0
136.252,2026-06-25T23:57:40.649505,59730.207,102073.195,0.828,226.111,57928.087,0.019,0.0
136.303,2026-06-25T23:57:40.700567,59730.207,102073.195,0.809,226.112,57928.087,0.019,0.0
136.354,2026-06-25T23:57:40.751626,59730.207,102073.195,0.796,226.113,57928.087,0.019,0.0
136.405,2026-06-25T23:57:40.802666,59730.199,102073.195,0.787,226.114,57928.087,0.019,0.0
136.456,2026-06-25T23:57:40.853746,59730.188,102073.195,0.78,226.115,57928.087,0.019,0.0
136.507,2026-06-25T23:57:40.904778,59730.203,102073.195,0.776,226.116,57928.087,0.019,0.0
136.558,2026-06-25T23:57:40.955831,59730.203,102073.195,0.773,226.117,57928.087,0.019,0.0
136.609,2026-06-25T23:57:41.006871,59730.203,102073.195,0.77,226.118,57928.087,0.019,0.0
136.66,2026-06-25T23:57:41.057927,59730.203,102073.195,0.815,226.119,57928.087,0.019,0.0
136.711,2026-06-25T23:57:41.108994,59730.203,102073.195,0.8,226.12,57928.087,0.019,0.0
136.762,2026-06-25T23:57:41.160016,59730.203,102073.195,0.789,226.121,57928.087,0.019,0.0
136.813,2026-06-25T23:57:41.211015,59730.207,102073.195,0.782,226.122,57928.087,0.019,0.0
136.864,2026-06-25T23:57:41.262061,59730.207,102073.195,0.777,226.123,57928.087,0.019,0.0
136.915,2026-06-25T23:57:41.313086,59730.207,102073.195,0.82,226.124,57928.087,0.019,0.0
136.967,2026-06-25T23:57:41.364155,59730.207,102073.195,0.803,226.125,57928.087,0.019,0.0
137.018,2026-06-25T23:57:41.415211,59730.207,102073.195,0.792,226.126,57928.087,0.019,0.0
137.069,2026-06-25T23:57:41.466222,59730.215,102073.195,0.784,226.127,57928.087,0.019,0.0
137.12,2026-06-25T23:57:41.517235,59730.215,102073.195,0.778,226.128,57928.087,0.019,0.0
137.246,2026-06-25T23:57:41.643669,59730.215,102073.195,0.935,226.472,57928.087,2.727,0.0
137.296,2026-06-25T23:57:41.694086,59730.215,102073.195,0.886,226.473,57928.087,0.02,0.0
137.347,2026-06-25T23:57:41.744666,59730.215,102073.195,0.852,226.474,57928.087,0.02,0.0
137.398,2026-06-25T23:57:41.795254,59730.215,102073.195,0.828,226.475,57928.087,0.02,0.0
137.448,2026-06-25T23:57:41.845989,59730.215,102073.195,0.81,226.476,57928.087,0.019,0.0
137.499,2026-06-25T23:57:41.896884,59730.215,102073.195,0.797,226.477,57928.087,0.019,0.0
137.55,2026-06-25T23:57:41.947926,59730.215,102073.195,0.787,226.478,57928.087,0.019,0.0
137.601,2026-06-25T23:57:41.998992,59736.223,102073.195,0.781,226.479,57928.087,0.019,0.0
137.652,2026-06-25T23:57:42.050041,59735.57,102073.195,0.776,226.48,57928.087,0.019,0.0
137.703,2026-06-25T23:57:42.101110,59735.57,102073.195,0.773,226.481,57928.087,0.019,0.0
137.755,2026-06-25T23:57:42.152197,59735.016,102073.195,0.816,226.482,57928.087,0.019,0.0
137.806,2026-06-25T23:57:42.203223,59735.016,102073.195,0.847,226.483,57928.087,0.019,0.0
137.857,2026-06-25T23:57:42.254253,59735.016,102073.195,0.823,226.484,57928.087,0.019,0.0
137.908,2026-06-25T23:57:42.305265,59742.469,102105.195,0.806,226.485,57928.087,0.019,0.0
137.959,2026-06-25T23:57:42.356306,59741.332,102105.195,0.794,226.486,57928.087,0.019,0.0
138.01,2026-06-25T23:57:42.407333,59741.094,102105.195,0.785,226.487,57928.087,0.019,0.0
138.061,2026-06-25T23:57:42.458387,59740.242,102105.195,0.825,226.488,57928.087,0.019,0.0
138.112,2026-06-25T23:57:42.509460,59740.242,102105.195,0.853,226.489,57928.087,0.019,0.0
138.163,2026-06-25T23:57:42.560502,59739.695,102105.195,0.827,226.49,57928.087,0.019,0.0
138.214,2026-06-25T23:57:42.611513,59739.695,102105.195,0.809,226.491,57928.087,0.019,0.0
138.265,2026-06-25T23:57:42.662487,59739.695,102105.195,0.796,226.492,57928.087,0.019,0.0
138.316,2026-06-25T23:57:42.713481,59739.695,102105.195,0.787,226.493,57928.087,0.019,0.0
138.367,2026-06-25T23:57:42.764519,59739.695,102105.195,0.78,226.494,57928.087,0.019,0.0
138.418,2026-06-25T23:57:42.815543,59739.098,102105.195,0.776,226.495,57928.087,0.019,0.0
138.469,2026-06-25T23:57:42.866596,59737.23,102105.195,0.772,226.496,57928.087,0.019,0.0
138.52,2026-06-25T23:57:42.917653,59736.551,102105.195,0.77,226.497,57928.087,0.019,0.0
138.571,2026-06-25T23:57:42.968652,59736.551,102105.195,0.769,226.498,57928.087,0.019,0.0
138.622,2026-06-25T23:57:43.019694,59736.543,102105.195,0.768,226.498,57928.087,0.019,0.0
138.673,2026-06-25T23:57:43.070696,59736.535,102105.195,0.767,226.499,57928.087,0.019,0.0
138.724,2026-06-25T23:57:43.121710,59736.535,102105.195,0.767,226.5,57928.087,0.019,0.0
138.775,2026-06-25T23:57:43.172692,59736.535,102105.195,0.767,226.501,57928.087,0.019,0.0
138.826,2026-06-25T23:57:43.223726,59736.535,102105.195,0.812,226.502,57928.087,0.019,0.0
138.877,2026-06-25T23:57:43.274713,59736.535,102105.195,0.798,226.503,57928.087,0.019,0.0
138.928,2026-06-25T23:57:43.325871,59736.535,102105.195,0.788,226.504,57928.087,0.019,0.0
138.979,2026-06-25T23:57:43.376919,59736.535,102105.195,0.827,226.505,57928.087,0.019,0.0
139.03,2026-06-25T23:57:43.427981,59736.535,102105.195,0.808,226.506,57928.087,0.019,0.0
139.081,2026-06-25T23:57:43.479017,59736.535,102105.195,0.841,226.507,57928.087,0.019,0.0
139.132,2026-06-25T23:57:43.530069,59736.535,102105.195,0.819,226.508,57928.087,0.019,0.0
139.183,2026-06-25T23:57:43.581094,59736.535,102105.195,0.802,226.509,57928.087,0.019,0.0
139.235,2026-06-25T23:57:43.632176,59736.535,102105.195,0.791,226.51,57928.087,0.019,0.0
139.286,2026-06-25T23:57:43.683202,59736.16,102105.195,0.784,226.511,57928.087,0.019,0.0
139.337,2026-06-25T23:57:43.734216,59730.262,102105.195,0.778,226.512,57928.087,0.019,0.0
139.388,2026-06-25T23:57:43.785215,59730.27,102105.195,0.821,226.513,57928.087,0.019,0.0
139.439,2026-06-25T23:57:43.836226,59730.27,102105.195,0.804,226.514,57928.087,0.019,0.0
139.49,2026-06-25T23:57:43.887333,59730.27,102105.195,0.792,226.515,57928.087,0.019,0.0
139.541,2026-06-25T23:57:43.938382,59730.273,102105.195,0.784,226.516,57928.087,0.019,0.0
139.592,2026-06-25T23:57:43.989450,59730.273,102105.195,0.778,226.517,57928.087,0.019,0.0
139.643,2026-06-25T23:57:44.040496,59730.273,102105.195,0.774,226.518,57928.087,0.019,0.0
139.694,2026-06-25T23:57:44.091525,59730.273,102105.195,0.772,226.519,57928.087,0.019,0.0
139.745,2026-06-25T23:57:44.142597,59730.273,102105.195,0.77,226.52,57928.087,0.019,0.0
139.796,2026-06-25T23:57:44.193641,59730.258,102105.195,0.768,226.521,57928.087,0.019,0.0
139.847,2026-06-25T23:57:44.244665,59730.273,102105.195,0.813,226.522,57928.087,0.019,0.0
139.898,2026-06-25T23:57:44.295739,59730.273,102105.195,0.798,226.523,57928.087,0.019,0.0
139.949,2026-06-25T23:57:44.346840,59730.273,102105.195,0.788,226.524,57928.087,0.019,0.0
140.0,2026-06-25T23:57:44.397930,59730.273,102105.195,0.827,226.525,57928.087,0.019,0.0
140.051,2026-06-25T23:57:44.448995,59730.273,102105.195,0.809,226.526,57928.087,0.019,0.0
140.102,2026-06-25T23:57:44.500064,59730.273,102105.195,0.795,226.527,57928.087,0.019,0.0
140.153,2026-06-25T23:57:44.551120,59730.273,102105.195,0.786,226.528,57928.087,0.019,0.0
140.205,2026-06-25T23:57:44.602208,59730.273,102105.195,0.826,226.529,57928.087,0.019,0.0
140.256,2026-06-25T23:57:44.653248,59730.273,102105.195,0.808,226.53,57928.087,0.019,0.0
140.307,2026-06-25T23:57:44.704274,59730.273,102105.195,0.795,226.531,57928.087,0.019,0.0
140.358,2026-06-25T23:57:44.755339,59730.273,102105.195,0.832,226.532,57928.087,0.019,0.0
140.409,2026-06-25T23:57:44.806402,59730.273,102105.195,0.812,226.533,57928.087,0.019,0.0
140.46,2026-06-25T23:57:44.857479,59730.273,102105.195,0.798,226.534,57928.087,0.019,0.0
140.511,2026-06-25T23:57:44.908512,59730.273,102105.195,0.788,226.535,57928.087,0.019,0.0
140.562,2026-06-25T23:57:44.959582,59730.273,102105.195,0.781,226.536,57928.087,0.019,0.0
140.613,2026-06-25T23:57:45.010678,59730.273,102105.195,0.776,226.537,57928.087,0.019,0.0
140.664,2026-06-25T23:57:45.061766,59730.273,102105.195,0.773,226.538,57928.087,0.019,0.0
140.715,2026-06-25T23:57:45.112814,59730.273,102105.195,0.77,226.539,57928.087,0.019,0.0
140.766,2026-06-25T23:57:45.163868,59730.273,102105.195,0.769,226.54,57928.087,0.019,0.0
140.817,2026-06-25T23:57:45.214909,59730.273,102105.195,0.814,226.541,57928.087,0.019,0.0
140.868,2026-06-25T23:57:45.265967,59730.273,102105.195,0.799,226.542,57928.087,0.019,0.0
140.919,2026-06-25T23:57:45.317012,59733.281,102105.195,0.789,226.543,57928.087,0.019,0.0
140.97,2026-06-25T23:57:45.368073,59731.75,102105.195,0.828,226.544,57928.087,0.019,0.0
141.021,2026-06-25T23:57:45.419103,59731.75,102105.195,0.809,226.545,57928.087,0.019,0.0
141.073,2026-06-25T23:57:45.470195,59731.75,102105.195,0.796,226.546,57928.087,0.019,0.0
141.124,2026-06-25T23:57:45.521210,59731.766,102105.195,0.787,226.547,57928.087,0.019,0.0
141.175,2026-06-25T23:57:45.572243,59731.766,102105.195,0.78,226.548,57928.087,0.019,0.0
141.226,2026-06-25T23:57:45.623260,59734.48,102105.195,0.868,226.549,57928.087,0.019,0.0
141.277,2026-06-25T23:57:45.674276,59731.949,102105.195,0.837,226.55,57928.087,0.019,0.0
141.328,2026-06-25T23:57:45.725354,59728.809,102105.195,0.816,226.551,57928.087,0.019,0.0
141.379,2026-06-25T23:57:45.776408,59725.145,102105.195,0.8,226.552,57928.087,0.019,0.0
141.43,2026-06-25T23:57:45.827489,59725.145,102105.195,0.79,226.553,57928.087,0.019,0.0
141.481,2026-06-25T23:57:45.878537,59725.148,102105.195,0.782,226.554,57928.087,0.019,0.0
141.532,2026-06-25T23:57:45.929602,59725.148,102105.195,0.777,226.555,57928.087,0.019,0.0
141.583,2026-06-25T23:57:45.980648,59725.148,102105.195,0.773,226.556,57928.087,0.019,0.0
141.634,2026-06-25T23:57:46.031757,59725.148,102105.195,0.817,226.557,57928.087,0.019,0.0
141.685,2026-06-25T23:57:46.082805,59725.148,102105.195,0.801,226.558,57928.087,0.019,0.0
141.736,2026-06-25T23:57:46.133865,59724.547,102105.195,0.79,226.559,57928.087,0.019,0.0
141.787,2026-06-25T23:57:46.184903,59724.547,102105.195,0.783,226.56,57928.087,0.019,0.0
141.838,2026-06-25T23:57:46.235995,59720.23,102105.195,0.777,226.561,57928.087,0.019,0.0
141.889,2026-06-25T23:57:46.287049,59720.23,102105.195,0.774,226.562,57928.087,0.019,0.0
141.94,2026-06-25T23:57:46.338092,59720.207,102105.195,0.817,226.563,57928.087,0.019,0.0
141.991,2026-06-25T23:57:46.389132,59720.207,102105.195,0.802,226.564,57928.087,0.019,0.0
142.043,2026-06-25T23:57:46.440193,59720.207,102105.195,0.791,226.565,57928.087,0.019,0.0
142.094,2026-06-25T23:57:46.491238,59720.207,102105.195,0.783,226.566,57928.087,0.019,0.0
142.145,2026-06-25T23:57:46.542256,59720.223,102105.195,0.778,226.567,57928.087,0.019,0.0
142.271,2026-06-25T23:57:46.668268,59720.223,102105.195,0.918,226.91,57928.087,2.737,0.0
142.321,2026-06-25T23:57:46.718687,59720.223,102105.195,0.921,226.911,57928.087,0.02,0.0
142.372,2026-06-25T23:57:46.769294,59720.223,102105.195,0.876,226.912,57928.087,0.02,0.0
142.422,2026-06-25T23:57:46.819991,59720.223,102105.195,0.844,226.913,57928.087,0.019,0.0
142.473,2026-06-25T23:57:46.870787,59720.223,102105.195,0.821,226.914,57928.087,0.02,0.0
142.524,2026-06-25T23:57:46.921549,59720.223,102105.195,0.805,226.915,57928.087,0.019,0.0
142.575,2026-06-25T23:57:46.972621,59720.211,102105.195,0.839,226.916,57928.087,0.019,0.0
142.626,2026-06-25T23:57:47.023695,59719.648,102105.195,0.817,226.917,57928.087,0.019,0.0
142.677,2026-06-25T23:57:47.074800,59719.664,102105.195,0.801,226.918,57928.087,0.019,0.0
142.728,2026-06-25T23:57:47.125855,59719.664,102105.195,0.79,226.919,57928.087,0.019,0.0
142.779,2026-06-25T23:57:47.176946,59719.664,102105.195,0.783,226.92,57928.087,0.019,0.0
142.83,2026-06-25T23:57:47.228019,59719.668,102105.195,0.777,226.921,57928.087,0.019,0.0
142.881,2026-06-25T23:57:47.279066,59719.668,102105.195,0.845,226.922,57928.087,0.016,0.0
142.944,2026-06-25T23:57:47.341336,59719.668,102105.195,0.821,226.923,57928.087,0.019,0.0
142.995,2026-06-25T23:57:47.392411,59719.668,102105.195,0.804,226.924,57928.087,0.019,0.0
143.046,2026-06-25T23:57:47.443449,59719.66,102105.195,0.793,226.925,57928.087,0.019,0.0
143.097,2026-06-25T23:57:47.494553,59719.645,102105.195,0.83,226.926,57928.087,0.019,0.0
143.148,2026-06-25T23:57:47.545617,59719.656,102105.195,0.81,226.927,57928.087,0.019,0.0
143.199,2026-06-25T23:57:47.596687,59719.656,102105.195,0.797,226.928,57928.087,0.019,0.0
143.25,2026-06-25T23:57:47.647750,59719.656,102105.195,0.787,226.929,57928.087,0.019,0.0
143.301,2026-06-25T23:57:47.698819,59719.656,102105.195,0.78,226.93,57928.087,0.019,0.0
143.352,2026-06-25T23:57:47.749916,59719.656,102105.195,0.776,226.931,57928.087,0.019,0.0
143.403,2026-06-25T23:57:47.801039,59719.656,102105.195,0.818,226.932,57928.087,0.019,0.0
143.454,2026-06-25T23:57:47.852091,59719.664,102105.195,0.802,226.933,57928.087,0.019,0.0
143.506,2026-06-25T23:57:47.903245,59719.664,102105.195,0.791,226.934,57928.087,0.019,0.0
143.557,2026-06-25T23:57:47.954199,59719.664,102105.195,0.784,226.935,57928.087,0.019,0.0
143.608,2026-06-25T23:57:48.005219,59719.664,102105.195,0.824,226.936,57928.087,0.019,0.0
143.658,2026-06-25T23:57:48.056131,59719.664,102105.195,0.853,226.937,57928.087,0.019,0.0
143.709,2026-06-25T23:57:48.107106,59719.664,102105.195,0.827,226.938,57928.087,0.019,0.0
143.76,2026-06-25T23:57:48.158093,59719.664,102105.195,0.809,226.939,57928.087,0.019,0.0
143.811,2026-06-25T23:57:48.209088,59719.664,102105.195,0.796,226.94,57928.087,0.019,0.0
143.862,2026-06-25T23:57:48.260070,59719.664,102105.195,0.787,226.941,57928.087,0.019,0.0
143.914,2026-06-25T23:57:48.311156,59719.664,102105.195,0.781,226.942,57928.087,0.019,0.0
143.965,2026-06-25T23:57:48.362196,59719.664,102105.195,0.776,226.943,57928.087,0.019,0.0
144.016,2026-06-25T23:57:48.413219,59719.664,102105.195,0.773,226.944,57928.087,0.019,0.0
144.067,2026-06-25T23:57:48.464246,59719.664,102105.195,0.771,226.945,57928.087,0.019,0.0
144.118,2026-06-25T23:57:48.515268,59719.664,102105.195,0.815,226.946,57928.087,0.019,0.0
144.169,2026-06-25T23:57:48.566344,59719.664,102105.195,0.8,226.947,57928.087,0.019,0.0
144.22,2026-06-25T23:57:48.617386,59719.664,102105.195,0.789,226.948,57928.087,0.019,0.0
144.271,2026-06-25T23:57:48.668462,59719.664,102105.195,0.782,226.949,57928.087,0.019,0.0
144.322,2026-06-25T23:57:48.719514,59719.664,102105.195,0.777,226.95,57928.087,0.019,0.0
144.373,2026-06-25T23:57:48.770584,59719.664,102105.195,0.773,226.951,57928.087,0.019,0.0
144.424,2026-06-25T23:57:48.821621,59719.199,102105.195,0.771,226.952,57928.087,0.019,0.0
144.475,2026-06-25T23:57:48.872662,59719.199,102105.195,0.815,226.953,57928.087,0.019,0.0
144.526,2026-06-25T23:57:48.923723,59719.18,102105.195,0.846,226.954,57928.087,0.019,0.0
144.577,2026-06-25T23:57:48.974789,59719.191,102105.195,0.822,226.955,57928.087,0.019,0.0
144.628,2026-06-25T23:57:49.025835,59702.648,102105.195,0.805,226.956,57928.087,0.019,0.0
144.679,2026-06-25T23:57:49.076947,59702.695,102105.195,0.793,226.957,57928.087,0.019,0.0
144.73,2026-06-25T23:57:49.127989,59702.695,102105.195,0.784,226.958,57928.087,0.019,0.0
144.781,2026-06-25T23:57:49.179073,59702.695,102105.195,0.779,226.959,57928.087,0.019,0.0
144.832,2026-06-25T23:57:49.230113,59702.684,102105.195,0.774,226.96,57928.087,0.019,0.0
144.884,2026-06-25T23:57:49.281204,59702.625,102105.195,0.818,226.961,57928.087,0.019,0.0
144.935,2026-06-25T23:57:49.332231,59702.023,102105.195,0.802,226.962,57928.087,0.019,0.0
144.986,2026-06-25T23:57:49.383365,59701.133,102105.195,0.791,226.963,57928.087,0.019,0.0
145.037,2026-06-25T23:57:49.434379,59700.012,102105.195,0.783,226.964,57928.087,0.019,0.0
145.088,2026-06-25T23:57:49.485428,59700.02,102105.195,0.778,226.965,57928.087,0.019,0.0
145.139,2026-06-25T23:57:49.536462,59700.02,102105.195,0.82,226.966,57928.087,0.019,0.0
145.19,2026-06-25T23:57:49.587535,59700.027,102105.195,0.803,226.967,57928.087,0.019,0.0
145.241,2026-06-25T23:57:49.638584,59700.027,102105.195,0.792,226.968,57928.087,0.019,0.0
145.292,2026-06-25T23:57:49.689652,59700.027,102105.195,0.784,226.969,57928.087,0.019,0.0
145.343,2026-06-25T23:57:49.740696,59700.027,102105.195,0.778,226.97,57928.087,0.019,0.0
145.394,2026-06-25T23:57:49.791756,59698.742,102105.195,0.774,226.971,57928.087,0.019,0.0
145.445,2026-06-25T23:57:49.842810,59698.746,102105.195,0.817,226.972,57928.087,0.019,0.0
145.496,2026-06-25T23:57:49.893888,59698.75,102105.195,0.802,226.973,57928.087,0.019,0.0
145.547,2026-06-25T23:57:49.944939,59698.75,102105.195,0.791,226.974,57928.087,0.019,0.0
145.598,2026-06-25T23:57:49.996014,59698.77,102105.195,0.829,226.975,57928.087,0.019,0.0
145.649,2026-06-25T23:57:50.047035,59698.77,102105.195,0.81,226.976,57928.087,0.019,0.0
145.7,2026-06-25T23:57:50.098118,59698.777,102105.195,0.796,226.977,57928.087,0.019,0.0
145.752,2026-06-25T23:57:50.149203,59698.777,102105.195,0.787,226.978,57928.087,0.019,0.0
145.803,2026-06-25T23:57:50.200217,59698.777,102105.195,0.78,226.979,57928.087,0.019,0.0
145.854,2026-06-25T23:57:50.251246,59698.777,102105.195,0.776,226.98,57928.087,0.019,0.0
145.905,2026-06-25T23:57:50.302259,59698.777,102105.195,0.773,226.981,57928.087,0.019,0.0
145.956,2026-06-25T23:57:50.353309,59698.777,102105.195,0.817,226.982,57928.087,0.019,0.0
146.007,2026-06-25T23:57:50.404351,59698.777,102105.195,0.801,226.983,57928.087,0.019,0.0
146.058,2026-06-25T23:57:50.455397,59698.777,102105.195,0.79,226.984,57928.087,0.019,0.0
146.109,2026-06-25T23:57:50.506498,59698.777,102105.195,0.829,226.985,57928.087,0.019,0.0
146.16,2026-06-25T23:57:50.557536,59698.777,102105.195,0.81,226.986,57928.087,0.019,0.0
146.211,2026-06-25T23:57:50.608627,59698.777,102105.195,0.796,226.987,57928.087,0.019,0.0
146.262,2026-06-25T23:57:50.659680,59698.766,102105.195,0.787,226.988,57928.087,0.019,0.0
146.313,2026-06-25T23:57:50.710744,59698.328,102105.195,0.78,226.989,57928.087,0.019,0.0
146.364,2026-06-25T23:57:50.761803,59698.305,102105.195,0.822,226.99,57928.087,0.019,0.0
146.415,2026-06-25T23:57:50.812874,59698.305,102105.195,0.805,226.991,57928.087,0.019,0.0
146.466,2026-06-25T23:57:50.863918,59698.328,102105.195,0.839,226.992,57928.087,0.019,0.0
146.517,2026-06-25T23:57:50.914993,59701.156,102105.195,0.817,226.993,57928.087,0.019,0.0
146.568,2026-06-25T23:57:50.966039,59699.172,102105.195,0.801,226.993,57928.087,0.019,0.0
146.619,2026-06-25T23:57:51.017106,59699.172,102105.195,0.79,226.994,57928.087,0.019,0.0
146.671,2026-06-25T23:57:51.068215,59699.172,102105.195,0.783,226.995,57928.087,0.019,0.0
146.722,2026-06-25T23:57:51.119224,59699.172,102105.195,0.778,226.996,57928.087,0.019,0.0
146.773,2026-06-25T23:57:51.170238,59699.172,102105.195,0.774,226.997,57928.087,0.019,0.0
146.824,2026-06-25T23:57:51.221242,59699.172,102105.195,0.817,226.998,57928.087,0.019,0.0
146.875,2026-06-25T23:57:51.272289,59699.172,102105.195,0.848,226.999,57928.087,0.019,0.0
146.926,2026-06-25T23:57:51.323340,59699.676,102105.195,0.823,227.0,57928.087,0.019,0.0
146.977,2026-06-25T23:57:51.374370,59699.879,102105.195,0.806,227.001,57928.087,0.019,0.0
147.028,2026-06-25T23:57:51.425445,59699.965,102105.195,0.793,227.002,57928.087,0.019,0.0
147.079,2026-06-25T23:57:51.476476,59699.969,102105.195,0.785,227.003,57928.087,0.019,0.0
147.13,2026-06-25T23:57:51.527547,59699.969,102105.195,0.779,227.004,57928.087,0.019,0.0
147.181,2026-06-25T23:57:51.578590,59699.969,102105.195,0.775,227.005,57928.087,0.019,0.0
147.307,2026-06-25T23:57:51.704418,59701.52,102105.195,0.935,227.349,57928.087,2.742,0.0
147.357,2026-06-25T23:57:51.754832,59701.551,102105.195,0.886,227.35,57928.087,0.02,0.0
147.408,2026-06-25T23:57:51.805429,59703.215,102105.195,0.852,227.351,57928.087,0.02,0.0
147.458,2026-06-25T23:57:51.856116,59702.617,102105.195,0.827,227.352,57928.087,0.019,0.0
147.509,2026-06-25T23:57:51.906893,59702.617,102105.195,0.81,227.353,57928.087,0.02,0.0
147.56,2026-06-25T23:57:51.957677,59701.926,102105.195,0.796,227.354,57928.087,0.019,0.0
147.611,2026-06-25T23:57:52.008767,59701.363,102105.195,0.787,227.355,57928.087,0.019,0.0
147.662,2026-06-25T23:57:52.059819,59700.121,102105.195,0.78,227.356,57928.087,0.019,0.0
147.713,2026-06-25T23:57:52.110914,59700.121,102105.195,0.776,227.357,57928.087,0.019,0.0
147.764,2026-06-25T23:57:52.161948,59699.445,102105.195,0.773,227.358,57928.087,0.019,0.0
147.815,2026-06-25T23:57:52.213091,59693.398,102105.195,0.77,227.359,57928.087,0.019,0.0
147.866,2026-06-25T23:57:52.264128,59693.398,102105.195,0.769,227.36,57928.087,0.019,0.0
147.918,2026-06-25T23:57:52.315173,59693.398,102105.195,0.814,227.361,57928.087,0.019,0.0
147.969,2026-06-25T23:57:52.366217,59693.398,102105.195,0.799,227.362,57928.087,0.019,0.0
148.02,2026-06-25T23:57:52.417211,59693.398,102105.195,0.789,227.363,57928.087,0.019,0.0
148.071,2026-06-25T23:57:52.468216,59693.398,102105.195,0.782,227.364,57928.087,0.019,0.0
148.122,2026-06-25T23:57:52.519229,59693.398,102105.195,0.823,227.365,57928.087,0.019,0.0
148.173,2026-06-25T23:57:52.570239,59693.398,102105.195,0.806,227.366,57928.087,0.019,0.0
148.224,2026-06-25T23:57:52.621253,59693.398,102105.195,0.794,227.367,57928.087,0.019,0.0
148.275,2026-06-25T23:57:52.672264,59693.398,102105.195,0.785,227.368,57928.087,0.019,0.0
148.326,2026-06-25T23:57:52.723284,59693.398,102105.195,0.779,227.369,57928.087,0.019,0.0
148.377,2026-06-25T23:57:52.774338,59693.398,102105.195,0.775,227.37,57928.087,0.019,0.0
148.428,2026-06-25T23:57:52.825364,59693.398,102105.195,0.818,227.371,57928.087,0.019,0.0
148.479,2026-06-25T23:57:52.876408,59693.398,102105.195,0.848,227.372,57928.087,0.019,0.0
148.53,2026-06-25T23:57:52.927432,59692.387,102105.195,0.824,227.373,57929.389,0.021,25.525
148.581,2026-06-25T23:57:52.978379,59692.387,102105.195,0.807,227.374,57929.389,0.031,0.0
148.632,2026-06-25T23:57:53.029188,59692.387,102105.195,0.75,227.376,57929.389,0.027,0.0
148.682,2026-06-25T23:57:53.079913,59692.387,102105.195,0.525,227.377,57929.389,0.02,0.0
148.733,2026-06-25T23:57:53.130572,59692.387,102105.195,0.367,227.378,57929.389,0.02,0.0
148.783,2026-06-25T23:57:53.181125,59692.387,102105.195,0.257,227.379,57929.389,0.02,0.0
148.834,2026-06-25T23:57:53.231747,59692.387,102105.195,0.18,227.38,57929.389,0.019,0.0
148.885,2026-06-25T23:57:53.282813,59692.387,102105.195,0.126,227.381,57929.389,0.019,0.0
148.936,2026-06-25T23:57:53.333878,59692.387,102105.195,0.088,227.426,57929.407,0.881,0.359
148.987,2026-06-25T23:57:53.384910,59692.387,102105.195,0.062,227.427,57929.407,0.019,0.0
149.038,2026-06-25T23:57:53.435965,59692.387,102105.195,0.043,227.428,57929.407,0.019,0.0
149.089,2026-06-25T23:57:53.486990,59692.387,102105.195,0.03,227.429,57929.407,0.019,0.0
149.14,2026-06-25T23:57:53.538060,59692.387,102105.195,0.021,227.43,57929.407,0.019,0.0
149.191,2026-06-25T23:57:53.589095,59687.918,102105.195,0.061,227.738,57929.627,6.05,4.316
149.242,2026-06-25T23:57:53.640096,59687.918,102105.195,0.089,227.984,57929.668,4.849,0.798
149.293,2026-06-25T23:57:53.690707,59687.918,102105.195,0.062,227.996,57930.066,0.236,7.832
149.344,2026-06-25T23:57:53.741604,59723.922,105957.219,0.228,228.419,57931.23,8.342,22.975
149.395,2026-06-25T23:57:53.792191,60005.551,119759.555,0.345,228.42,57931.23,0.02,0.0
149.445,2026-06-25T23:57:53.842799,60430.664,119759.555,0.519,228.421,57931.23,0.02,0.0
149.496,2026-06-25T23:57:53.893456,60909.375,119759.555,0.594,228.422,57931.23,0.02,0.0
149.547,2026-06-25T23:57:53.944536,61431.238,119759.555,0.691,228.423,57931.23,0.02,0.0
149.598,2026-06-25T23:57:53.995639,61948.051,119759.555,0.713,228.424,57931.23,0.02,0.0
149.649,2026-06-25T23:57:54.046737,62384.004,119759.555,0.728,228.425,57931.23,0.02,0.0
149.7,2026-06-25T23:57:54.097924,62898.176,119759.555,0.785,228.426,57931.23,0.02,0.0
149.751,2026-06-25T23:57:54.148967,63420.801,119759.555,0.733,228.427,57931.23,0.02,0.0
149.802,2026-06-25T23:57:54.200077,63912.594,119759.555,0.788,228.428,57931.23,0.02,0.0
149.854,2026-06-25T23:57:54.251194,64376.613,119759.555,0.781,228.429,57931.23,0.02,0.0
149.905,2026-06-25T23:57:54.302242,64893.273,119759.555,0.776,228.43,57931.23,0.02,0.0
149.956,2026-06-25T23:57:54.353324,65487.926,119759.555,0.773,228.431,57931.23,0.02,0.0
150.007,2026-06-25T23:57:54.404445,65940.551,119759.555,0.77,228.432,57931.23,0.02,0.0
150.058,2026-06-25T23:57:54.455524,66395.867,119759.555,0.769,228.433,57931.23,0.02,0.0
150.109,2026-06-25T23:57:54.506589,66855.664,119759.555,0.768,228.434,57931.23,0.02,0.0
150.16,2026-06-25T23:57:54.557646,67320.828,119759.555,0.813,228.435,57931.23,0.02,0.0
150.211,2026-06-25T23:57:54.608680,67819.719,119759.555,0.799,228.436,57931.23,0.02,0.0
150.262,2026-06-25T23:57:54.659668,68425.383,124610.68,2.257,228.437,57932.246,0.02,19.9
150.313,2026-06-25T23:57:54.710728,69007.34,125343.18,4.251,228.438,57941.621,0.02,184.289
150.364,2026-06-25T23:57:54.761541,69210.109,125327.555,4.773,228.439,57954.121,0.02,245.7
150.415,2026-06-25T23:57:54.812427,68968.254,125071.555,4.953,228.44,57954.121,0.02,0.0
150.466,2026-06-25T23:57:54.863284,68765.52,124719.555,4.99,228.441,57954.121,0.02,0.0
150.516,2026-06-25T23:57:54.914026,68753.172,124723.555,5.06,228.442,57954.121,0.02,0.0
150.567,2026-06-25T23:57:54.964921,68694.473,124499.555,5.201,228.443,57954.121,0.02,0.0
150.618,2026-06-25T23:57:55.015753,68521.484,124325.555,4.84,228.444,57979.121,0.02,491.772
150.669,2026-06-25T23:57:55.066579,68546.531,124275.555,4.265,228.445,58029.121,0.02,984.712
150.72,2026-06-25T23:57:55.117346,68385.109,124058.555,3.819,228.446,58054.121,0.02,494.003
150.77,2026-06-25T23:57:55.167936,68384.195,124021.055,3.275,228.447,58091.621,0.02,740.645
150.821,2026-06-25T23:57:55.218588,68383.531,123983.555,2.617,228.448,58129.121,0.02,740.757
150.872,2026-06-25T23:57:55.269193,68420.566,123983.555,2.11,228.449,58129.121,0.02,0.0
150.922,2026-06-25T23:57:55.319803,68457.582,123983.555,1.708,228.45,58129.121,0.02,0.0
150.973,2026-06-25T23:57:55.370452,68494.785,123983.555,1.381,228.451,58129.121,0.02,0.0
151.023,2026-06-25T23:57:55.421068,68531.652,123983.555,1.198,228.452,58129.121,0.02,0.0
151.074,2026-06-25T23:57:55.471693,68567.781,123983.555,1.07,228.453,58129.121,0.02,0.0
151.125,2026-06-25T23:57:55.522303,68604.098,123983.555,0.981,228.454,58129.121,0.02,0.0
151.175,2026-06-25T23:57:55.572906,68641.07,123983.555,0.964,228.455,58129.121,0.02,0.0
151.226,2026-06-25T23:57:55.623551,68678.199,123983.555,0.906,228.456,58129.121,0.02,0.0
151.277,2026-06-25T23:57:55.674180,68714.902,123983.555,0.866,228.457,58129.121,0.02,0.0
151.327,2026-06-25T23:57:55.724791,68751.902,123983.555,0.838,228.458,58129.121,0.02,0.0
151.378,2026-06-25T23:57:55.775419,68788.902,123983.555,0.818,228.459,58129.121,0.02,0.0
151.428,2026-06-25T23:57:55.826031,68825.902,123983.555,0.804,228.46,58129.121,0.02,0.0
151.479,2026-06-25T23:57:55.876674,68862.902,123983.555,0.794,228.461,58129.121,0.02,0.0
151.53,2026-06-25T23:57:55.927287,68899.809,123983.555,0.834,228.462,58129.121,0.02,0.0
151.58,2026-06-25T23:57:55.977893,68936.637,123983.555,0.769,228.463,58129.121,0.02,0.0
151.631,2026-06-25T23:57:56.028535,68971.902,123983.555,0.77,228.464,58129.121,0.02,0.0
151.682,2026-06-25T23:57:56.079157,69008.621,123983.555,0.817,228.465,58129.121,0.02,0.0
151.732,2026-06-25T23:57:56.129767,69045.246,123983.555,0.803,228.466,58129.121,0.02,0.0
151.783,2026-06-25T23:57:56.180393,69081.902,123983.555,0.794,228.467,58129.121,0.02,0.0
151.833,2026-06-25T23:57:56.231006,69118.57,123983.555,0.787,228.468,58129.121,0.02,0.0
151.884,2026-06-25T23:57:56.281647,69155.352,123983.555,0.782,228.469,58129.121,0.02,0.0
151.935,2026-06-25T23:57:56.332260,69191.918,123983.555,0.825,228.47,58129.121,0.02,0.0
151.985,2026-06-25T23:57:56.382873,69228.688,123983.555,0.809,228.471,58129.121,0.02,0.0
152.036,2026-06-25T23:57:56.433489,69265.402,123983.555,0.798,228.472,58129.121,0.02,0.0
152.086,2026-06-25T23:57:56.484088,69302.047,123983.555,0.79,228.473,58129.121,0.02,0.0
152.137,2026-06-25T23:57:56.534719,69338.75,123983.555,0.785,228.474,58129.121,0.02,0.0
152.188,2026-06-25T23:57:56.585323,69373.605,123983.555,0.781,228.475,58129.121,0.02,0.0
152.277,2026-06-25T23:57:56.674852,69438.445,123983.555,0.887,228.819,58129.121,3.848,0.0
152.328,2026-06-25T23:57:56.725287,69475.203,123983.555,0.853,228.82,58129.121,0.02,0.0
152.378,2026-06-25T23:57:56.775902,69511.969,123983.555,0.828,228.821,58129.121,0.02,0.0
152.429,2026-06-25T23:57:56.826550,69548.828,123983.555,0.811,228.822,58129.121,0.02,0.0
152.48,2026-06-25T23:57:56.877196,69585.594,123983.555,0.799,228.823,58129.121,0.02,0.0
152.53,2026-06-25T23:57:56.927788,69622.227,123983.555,0.791,228.824,58129.121,0.02,0.0
152.581,2026-06-25T23:57:56.978416,69658.941,123983.555,0.785,228.825,58129.121,0.02,0.0
152.631,2026-06-25T23:57:57.029021,69695.824,123983.555,0.827,228.826,58129.121,0.02,0.0
152.682,2026-06-25T23:57:57.079650,69732.402,123983.555,0.764,228.827,58129.121,0.02,0.0
152.733,2026-06-25T23:57:57.130279,69767.699,123983.555,0.766,228.828,58129.121,0.02,0.0
152.783,2026-06-25T23:57:57.180901,69803.766,123983.555,0.768,228.829,58129.121,0.02,0.0
152.834,2026-06-25T23:57:57.231553,69840.402,123983.555,0.769,228.83,58129.121,0.02,0.0
152.885,2026-06-25T23:57:57.282171,69877.074,123983.555,0.816,228.831,58129.121,0.02,0.0
152.935,2026-06-25T23:57:57.332764,69913.887,123983.555,0.757,228.832,58129.121,0.02,0.0
152.986,2026-06-25T23:57:57.383388,69950.785,123983.555,0.761,228.833,58129.121,0.02,0.0
153.036,2026-06-25T23:57:57.434000,69987.555,123983.555,0.764,228.834,58129.121,0.02,0.0
153.087,2026-06-25T23:57:57.484629,70024.367,123983.555,0.813,228.835,58129.121,0.02,0.0
153.138,2026-06-25T23:57:57.535237,70061.148,123983.555,0.801,228.836,58129.121,0.02,0.0
153.188,2026-06-25T23:57:57.585836,70097.902,123983.555,0.792,228.837,58129.121,0.02,0.0
153.239,2026-06-25T23:57:57.636473,70134.617,123983.555,0.786,228.838,58129.121,0.02,0.0
153.289,2026-06-25T23:57:57.687082,70169.785,123983.555,0.874,228.839,58129.121,0.02,0.0
153.34,2026-06-25T23:57:57.737701,70206.07,123983.555,0.797,228.84,58129.121,0.02,0.0
153.391,2026-06-25T23:57:57.788294,70242.902,123983.555,0.836,228.841,58129.121,0.02,0.0
153.441,2026-06-25T23:57:57.838895,70279.684,123983.555,0.817,228.842,58129.121,0.02,0.0
153.492,2026-06-25T23:57:57.889536,70316.488,123983.555,0.803,228.843,58129.121,0.02,0.0
153.543,2026-06-25T23:57:57.940207,70353.402,123983.555,0.838,228.844,58129.121,0.02,0.0
153.594,2026-06-25T23:57:57.991249,70390.324,123983.555,0.816,228.845,58129.121,0.02,0.0
153.645,2026-06-25T23:57:58.042338,70427.457,123983.555,0.801,228.846,58129.121,0.02,0.0
153.696,2026-06-25T23:57:58.093434,70464.703,123983.555,0.79,228.847,58129.121,0.02,0.0
153.747,2026-06-25T23:57:58.144533,70501.816,123983.555,0.782,228.848,58129.121,0.02,0.0
153.798,2026-06-25T23:57:58.195654,70538.82,123983.555,0.777,228.849,58129.121,0.02,0.0
153.849,2026-06-25T23:57:58.246733,70574.578,123983.555,0.773,228.85,58129.121,0.02,0.0
153.9,2026-06-25T23:57:58.297863,70611.746,123983.555,0.817,228.851,58129.121,0.02,0.0
153.951,2026-06-25T23:57:58.348937,70648.895,123983.555,0.801,228.852,58129.121,0.02,0.0
154.002,2026-06-25T23:57:58.400062,70685.973,123983.555,0.744,228.853,58129.121,0.02,0.0
154.054,2026-06-25T23:57:58.451189,70723.246,123983.555,0.796,228.854,58129.121,0.02,0.0
154.105,2026-06-25T23:57:58.502238,70760.402,123983.555,0.787,228.855,58129.121,0.02,0.0
154.156,2026-06-25T23:57:58.553314,70797.695,123983.555,0.78,228.856,58129.121,0.02,0.0
154.207,2026-06-25T23:57:58.604354,70834.551,123983.555,0.822,228.857,58129.121,0.02,0.0
154.258,2026-06-25T23:57:58.655386,70871.629,123983.555,0.805,228.858,58129.121,0.02,0.0
154.309,2026-06-25T23:57:58.706438,70908.742,123983.555,0.793,228.859,58129.121,0.02,0.0
154.36,2026-06-25T23:57:58.757467,70945.82,123983.555,0.785,228.86,58129.121,0.02,0.0
154.411,2026-06-25T23:57:58.808526,70980.852,123983.555,0.779,228.861,58129.121,0.02,0.0
154.462,2026-06-25T23:57:58.859611,71017.242,123983.555,0.774,228.862,58129.121,0.02,0.0
154.513,2026-06-25T23:57:58.910737,71054.266,123983.555,0.817,228.863,58129.121,0.02,0.0
154.564,2026-06-25T23:57:58.961812,71091.441,123983.555,0.801,228.865,58129.121,0.02,0.0
154.615,2026-06-25T23:57:59.012910,71128.586,123983.555,0.79,228.866,58129.121,0.02,0.0
154.666,2026-06-25T23:57:59.064009,71165.809,123983.555,0.782,228.867,58129.121,0.02,0.0
154.717,2026-06-25T23:57:59.115116,71202.898,123983.555,0.777,228.868,58129.121,0.02,0.0
154.769,2026-06-25T23:57:59.166206,71239.902,123983.555,0.819,228.869,58129.121,0.02,0.0
154.82,2026-06-25T23:57:59.217284,71277.066,123983.555,0.803,228.87,58129.121,0.02,0.0
154.871,2026-06-25T23:57:59.268373,71314.168,123983.555,0.791,228.871,58129.121,0.02,0.0
154.922,2026-06-25T23:57:59.319462,71350.402,123983.555,0.783,228.872,58129.121,0.02,0.0
154.973,2026-06-25T23:57:59.370586,71386.902,123983.555,0.778,228.873,58129.121,0.02,0.0
155.024,2026-06-25T23:57:59.421672,71423.934,123983.555,0.819,228.874,58129.121,0.02,0.0
155.075,2026-06-25T23:57:59.472781,71461.066,123983.555,0.803,228.875,58129.121,0.02,0.0
155.126,2026-06-25T23:57:59.523854,71498.215,123983.555,0.791,228.876,58129.121,0.02,0.0
155.177,2026-06-25T23:57:59.574976,71535.402,123983.555,0.783,228.877,58129.121,0.02,0.0
155.228,2026-06-25T23:57:59.626084,71570.902,123983.555,0.823,228.878,58129.121,0.02,0.0
155.28,2026-06-25T23:57:59.677185,71577.621,123983.555,0.622,228.879,58129.121,0.02,0.0
155.331,2026-06-25T23:57:59.728243,71616.402,123983.555,0.665,228.88,58129.121,0.02,0.0
155.382,2026-06-25T23:57:59.779343,71655.184,123983.555,0.695,228.881,58129.121,0.02,0.0
155.433,2026-06-25T23:57:59.830448,71693.953,123983.555,0.716,228.882,58129.121,0.02,0.0
155.484,2026-06-25T23:57:59.881568,71730.668,123983.555,0.73,228.883,58129.121,0.02,0.0
155.535,2026-06-25T23:57:59.932677,71769.18,123983.555,0.74,228.884,58129.121,0.02,0.0
155.586,2026-06-25T23:57:59.983797,71807.68,123983.555,0.793,228.885,58129.121,0.02,0.0
155.637,2026-06-25T23:58:00.034882,71846.133,123983.555,0.739,228.886,58129.121,0.02,0.0
155.688,2026-06-25T23:58:00.085981,71884.715,123983.555,0.793,228.887,58129.121,0.02,0.0
155.739,2026-06-25T23:58:00.137063,71921.066,123983.555,0.738,228.888,58129.121,0.02,0.0
155.791,2026-06-25T23:58:00.188175,71955.988,123983.555,0.792,228.889,58129.121,0.02,0.0
155.842,2026-06-25T23:58:00.239238,71987.645,123983.555,0.83,228.89,58129.121,0.02,0.0
155.893,2026-06-25T23:58:00.290343,72020.402,123983.555,0.81,228.891,58129.121,0.02,0.0
155.944,2026-06-25T23:58:00.341421,72052.027,123983.555,0.843,228.892,58129.121,0.02,0.0
155.995,2026-06-25T23:58:00.392528,71499.16,123983.555,0.819,228.893,58129.121,0.02,0.0
156.046,2026-06-25T23:58:00.443599,70421.402,123983.555,0.803,228.894,58129.121,0.02,0.0
156.097,2026-06-25T23:58:00.494741,69389.402,123983.555,0.791,228.895,58129.121,0.02,0.0
156.148,2026-06-25T23:58:00.545822,68015.402,123983.555,0.783,228.896,58129.121,0.02,0.0
156.199,2026-06-25T23:58:00.596926,66901.402,123983.555,0.778,228.897,58129.121,0.02,0.0
156.25,2026-06-25T23:58:00.648011,65740.973,123983.555,0.774,228.898,58129.121,0.02,0.0
156.301,2026-06-25T23:58:00.699100,64745.402,123983.555,0.771,228.899,58129.121,0.02,0.0
156.353,2026-06-25T23:58:00.750232,63978.355,123767.555,0.861,228.9,58129.121,0.02,0.0
156.404,2026-06-25T23:58:00.801283,64435.578,123767.555,1.062,228.901,58129.121,0.02,0.0
156.455,2026-06-25T23:58:00.852356,65005.773,123767.555,1.202,228.902,58129.121,0.02,0.0
156.506,2026-06-25T23:58:00.903460,65504.398,123767.555,1.346,228.903,58129.121,0.02,0.0
156.557,2026-06-25T23:58:00.954533,66042.184,123767.555,1.4,228.904,58129.121,0.02,0.0
156.608,2026-06-25T23:58:01.005701,66607.996,123767.555,1.485,228.905,58129.121,0.02,0.0
156.659,2026-06-25T23:58:01.056799,67166.953,123767.555,1.452,228.906,58129.121,0.02,0.0
156.71,2026-06-25T23:58:01.107899,67761.645,123767.555,1.567,228.907,58129.121,0.02,0.0
156.761,2026-06-25T23:58:01.158987,68141.633,125711.555,1.556,228.908,58129.121,0.02,0.0
156.812,2026-06-25T23:58:01.210094,68217.707,125711.555,1.548,228.909,58129.121,0.02,0.0
156.864,2026-06-25T23:58:01.261208,68302.758,125711.555,1.542,228.91,58129.121,0.02,0.0
156.915,2026-06-25T23:58:01.312260,68387.871,125711.555,1.585,228.911,58129.121,0.02,0.0
156.966,2026-06-25T23:58:01.363347,68473.0,125711.555,1.522,228.912,58129.121,0.02,0.0
157.017,2026-06-25T23:58:01.414466,68558.492,125711.555,1.57,228.913,58129.121,0.02,0.0
157.068,2026-06-25T23:58:01.465559,68643.66,125711.555,1.557,228.914,58129.121,0.02,0.0
157.119,2026-06-25T23:58:01.516661,68725.996,125711.555,1.595,228.915,58129.121,0.02,0.0
157.17,2026-06-25T23:58:01.567741,68807.531,125711.555,1.575,228.916,58129.121,0.02,0.0
157.221,2026-06-25T23:58:01.618848,68893.762,125711.555,1.607,228.917,58129.121,0.02,0.0
157.347,2026-06-25T23:58:01.744975,69108.887,125711.555,1.722,229.261,58129.121,2.735,0.0
157.398,2026-06-25T23:58:01.795408,69193.5,125711.555,1.715,229.262,58129.121,0.02,0.0
157.448,2026-06-25T23:58:01.846034,69278.238,125711.555,1.663,229.263,58129.121,0.02,0.0
157.499,2026-06-25T23:58:01.896679,69362.68,125711.555,1.672,229.264,58129.121,0.02,0.0
157.55,2026-06-25T23:58:01.947472,69446.855,125711.555,1.631,229.265,58129.121,0.02,0.0
157.601,2026-06-25T23:58:01.998507,69531.672,125711.555,1.6,229.266,58129.121,0.02,0.0
157.652,2026-06-25T23:58:02.049610,69615.996,125711.555,1.578,229.267,58129.121,0.02,0.0
157.703,2026-06-25T23:58:02.100731,69695.336,125711.555,1.564,229.268,58129.121,0.02,0.0
157.754,2026-06-25T23:58:02.151823,69780.477,125711.555,1.599,229.269,58129.121,0.02,0.0
157.805,2026-06-25T23:58:02.202924,69865.242,125711.555,1.578,229.27,58129.121,0.02,0.0
157.856,2026-06-25T23:58:02.253992,69951.469,125711.555,1.519,229.271,58129.121,0.02,0.0
157.907,2026-06-25T23:58:02.304830,70037.898,125711.555,1.569,229.272,58129.121,0.02,0.0
157.958,2026-06-25T23:58:02.355919,70123.023,125711.555,1.557,229.273,58129.121,0.02,0.0
158.009,2026-06-25T23:58:02.407036,70208.223,125711.555,1.549,229.274,58129.121,0.02,0.0
158.06,2026-06-25T23:58:02.458115,70293.156,125711.555,1.588,229.275,58129.121,0.02,0.0
158.112,2026-06-25T23:58:02.509236,70378.176,125711.555,1.525,229.276,58129.121,0.02,0.0
158.163,2026-06-25T23:58:02.560333,70462.945,125711.555,1.572,229.277,58129.121,0.02,0.0
158.214,2026-06-25T23:58:02.611395,70545.023,125711.555,1.605,229.278,58129.121,0.02,0.0
158.265,2026-06-25T23:58:02.662502,70629.609,125711.555,1.628,229.279,58129.121,0.02,0.0
158.316,2026-06-25T23:58:02.713602,70714.418,125711.555,1.598,229.28,58129.121,0.02,0.0
158.367,2026-06-25T23:58:02.764722,70798.988,125711.555,1.577,229.281,58129.121,0.02,0.0
158.418,2026-06-25T23:58:02.815844,70883.898,125711.555,1.563,229.282,58129.121,0.02,0.0
158.469,2026-06-25T23:58:02.866912,70968.332,125711.555,1.598,229.283,58129.121,0.02,0.0
158.52,2026-06-25T23:58:02.918022,71053.148,125711.555,1.532,229.284,58129.121,0.02,0.0
158.571,2026-06-25T23:58:02.969089,71137.727,125711.555,1.531,229.285,58129.121,0.02,0.0
158.623,2026-06-25T23:58:03.020207,71222.473,125711.555,1.576,229.286,58129.121,0.02,0.0
158.674,2026-06-25T23:58:03.071260,71307.219,125711.555,1.563,229.287,58129.121,0.02,0.0
158.725,2026-06-25T23:58:03.122355,71389.605,125711.555,1.553,229.288,58129.121,0.02,0.0
158.776,2026-06-25T23:58:03.173433,71472.016,125711.555,1.545,229.289,58129.121,0.02,0.0
158.827,2026-06-25T23:58:03.224569,71556.352,125711.555,1.632,229.29,58129.121,0.02,0.0
158.878,2026-06-25T23:58:03.275652,71640.996,125711.555,1.601,229.291,58129.121,0.02,0.0
158.929,2026-06-25T23:58:03.326747,71725.902,125711.555,1.625,229.292,58129.121,0.02,0.0
158.98,2026-06-25T23:58:03.377830,71810.816,125711.555,1.596,229.293,58129.121,0.02,0.0
159.031,2026-06-25T23:58:03.428948,71895.73,125711.555,1.576,229.294,58129.121,0.02,0.0
159.082,2026-06-25T23:58:03.480035,71980.227,125711.555,1.608,229.295,58129.121,0.02,0.0
159.133,2026-06-25T23:58:03.531135,72064.883,125711.555,1.584,229.296,58129.121,0.02,0.0
159.185,2026-06-25T23:58:03.582225,72149.906,125711.555,1.568,229.297,58129.121,0.02,0.0
159.236,2026-06-25T23:58:03.633285,72234.598,125711.555,1.557,229.299,58129.121,0.02,0.0
159.287,2026-06-25T23:58:03.684407,72316.723,125711.555,1.594,229.3,58129.121,0.016,0.0
159.35,2026-06-25T23:58:03.747194,72286.91,125711.555,1.638,229.301,58129.121,0.02,0.0
159.401,2026-06-25T23:58:03.798258,71377.586,125711.555,1.56,229.302,58129.121,0.02,0.0
159.452,2026-06-25T23:58:03.849356,70304.207,125711.555,1.596,229.303,58129.121,0.02,0.0
159.503,2026-06-25T23:58:03.900464,68938.863,125711.555,1.576,229.304,58129.121,0.02,0.0
159.554,2026-06-25T23:58:03.951544,69317.902,127651.555,1.745,229.305,58129.121,0.02,0.0
159.605,2026-06-25T23:58:04.002650,70103.016,127651.555,1.955,229.306,58129.121,0.02,0.0
159.656,2026-06-25T23:58:04.053754,70889.164,127651.555,2.102,229.307,58129.121,0.02,0.0
159.707,2026-06-25T23:58:04.104883,71681.742,127651.555,2.16,229.308,58129.121,0.02,0.0
159.758,2026-06-25T23:58:04.155957,72463.512,127651.555,2.246,229.309,58129.121,0.02,0.0
159.809,2026-06-25T23:58:04.207071,73097.406,129595.555,2.26,229.31,58129.121,0.02,0.0
159.86,2026-06-25T23:58:04.258116,73212.043,129595.555,2.319,229.311,58129.121,0.02,0.0
159.911,2026-06-25T23:58:04.308921,73342.629,129595.555,2.315,229.312,58129.121,0.02,0.0
159.962,2026-06-25T23:58:04.359757,73474.59,129595.555,2.356,229.313,58129.121,0.02,0.0
160.013,2026-06-25T23:58:04.410877,73606.996,129595.555,2.337,229.314,58129.121,0.02,0.0
160.064,2026-06-25T23:58:04.461968,73739.074,129595.555,2.37,229.315,58129.121,0.02,0.0
160.115,2026-06-25T23:58:04.513082,73871.477,129595.555,2.347,229.316,58129.121,0.02,0.0
160.167,2026-06-25T23:58:04.564228,74003.262,129595.555,2.331,229.317,58129.121,0.02,0.0
160.218,2026-06-25T23:58:04.615276,74135.469,129595.555,2.32,229.318,58129.121,0.02,0.0
160.269,2026-06-25T23:58:04.666363,74260.359,129595.555,2.312,229.319,58129.121,0.02,0.0
160.32,2026-06-25T23:58:04.717467,74390.645,129595.555,2.352,229.32,58129.121,0.02,0.0
160.371,2026-06-25T23:58:04.768548,74518.262,129595.555,2.335,229.321,58129.121,0.02,0.0
160.422,2026-06-25T23:58:04.819606,74648.078,129595.555,2.325,229.322,58129.121,0.02,0.0
160.473,2026-06-25T23:58:04.870422,74777.848,129595.555,2.366,229.323,58129.121,0.02,0.0
160.524,2026-06-25T23:58:04.921191,74907.629,129595.555,2.349,229.324,58129.121,0.02,0.0
160.574,2026-06-25T23:58:04.971952,75037.773,129595.555,2.336,229.325,58129.121,0.02,0.0
160.625,2026-06-25T23:58:05.022757,75167.73,129595.555,2.374,229.326,58129.121,0.02,0.0
160.676,2026-06-25T23:58:05.073547,75297.645,129595.555,2.308,229.327,58129.121,0.02,0.0
160.727,2026-06-25T23:58:05.124333,75427.055,129595.555,2.308,229.328,58129.121,0.02,0.0
160.777,2026-06-25T23:58:05.175104,75556.668,129595.555,2.354,229.329,58129.121,0.02,0.0
160.828,2026-06-25T23:58:05.225884,75685.879,129595.555,2.34,229.33,58129.121,0.02,0.0
160.879,2026-06-25T23:58:05.276687,75815.355,129595.555,2.33,229.331,58129.121,0.02,0.0
160.93,2026-06-25T23:58:05.327493,75015.766,129595.555,2.415,229.332,58129.121,0.02,0.0
160.981,2026-06-25T23:58:05.378382,74153.887,129595.555,2.336,229.333,58129.121,0.02,0.0
161.032,2026-06-25T23:58:05.429184,73275.223,129595.555,2.327,229.334,58129.121,0.02,0.0
161.082,2026-06-25T23:58:05.479941,72410.402,129595.555,2.367,229.335,58129.121,0.02,0.0
161.133,2026-06-25T23:58:05.530748,72138.043,125499.555,2.395,229.336,58129.121,0.02,0.0
161.184,2026-06-25T23:58:05.581555,72220.5,125499.555,2.369,229.337,58129.121,0.02,0.0
161.235,2026-06-25T23:58:05.632336,72303.285,125499.555,2.351,229.338,58129.121,0.02,0.0
161.285,2026-06-25T23:58:05.683106,72386.141,125499.555,2.338,229.339,58129.121,0.02,0.0
161.336,2026-06-25T23:58:05.733891,72469.062,125499.555,2.375,229.34,58129.121,0.02,0.0
161.387,2026-06-25T23:58:05.784702,72542.223,125499.555,2.354,229.341,58129.121,0.02,0.0
161.438,2026-06-25T23:58:05.835518,72615.059,125499.555,2.385,229.342,58129.121,0.02,0.0
161.489,2026-06-25T23:58:05.886497,72692.652,125499.555,2.36,229.343,58129.121,0.02,0.0
161.54,2026-06-25T23:58:05.937321,72766.734,125499.555,2.345,229.344,58129.121,0.02,0.0
161.59,2026-06-25T23:58:05.987981,72841.754,125499.555,2.381,229.345,58129.121,0.02,0.0
161.641,2026-06-25T23:58:06.038663,72924.316,125499.555,2.361,229.346,58129.121,0.02,0.0
161.692,2026-06-25T23:58:06.089296,73001.309,125499.555,2.347,229.347,58129.121,0.02,0.0
161.742,2026-06-25T23:58:06.139901,73073.203,125499.555,2.291,229.348,58129.121,0.02,0.0
161.793,2026-06-25T23:58:06.190542,72464.805,125499.555,2.391,229.349,58129.121,0.02,0.0
161.844,2026-06-25T23:58:06.241171,71569.715,125499.555,2.368,229.35,58129.121,0.02,0.0
161.894,2026-06-25T23:58:06.291781,71253.414,123559.555,2.352,229.351,58129.121,0.02,0.0
161.945,2026-06-25T23:58:06.342395,71289.23,123559.555,2.341,229.352,58129.121,0.02,0.0
161.995,2026-06-25T23:58:06.392999,71328.277,125159.555,2.377,229.353,58129.121,0.02,0.0
162.046,2026-06-25T23:58:06.443868,71386.059,125159.555,2.354,229.355,58129.121,0.02,0.0
162.097,2026-06-25T23:58:06.494937,71443.754,125159.555,2.336,229.356,58129.121,0.02,0.0
162.148,2026-06-25T23:58:06.546029,71502.035,125159.555,2.37,229.357,58129.121,0.02,0.0
162.199,2026-06-25T23:58:06.597046,71560.047,125159.555,2.302,229.358,58129.121,0.02,0.0
162.25,2026-06-25T23:58:06.648074,71617.145,125159.555,2.347,229.359,58129.121,0.02,0.0
162.371,2026-06-25T23:58:06.768194,71794.258,125917.367,2.484,229.702,58129.121,2.872,0.0
162.421,2026-06-25T23:58:06.818611,71217.172,125917.367,2.434,229.703,58129.121,0.02,0.0
162.472,2026-06-25T23:58:06.869232,69459.609,125917.367,2.398,229.704,58129.121,0.02,0.0
162.522,2026-06-25T23:58:06.919856,68062.316,122158.617,2.415,229.705,58129.121,0.02,0.0
162.573,2026-06-25T23:58:06.970983,68149.555,122158.617,2.381,229.706,58129.121,0.02,0.0
162.624,2026-06-25T23:58:07.021774,68236.227,122158.617,2.359,229.707,58129.121,0.02,0.0
162.675,2026-06-25T23:58:07.072580,68290.945,122158.617,2.389,229.708,58129.121,0.02,0.0
162.726,2026-06-25T23:58:07.123393,68329.473,122158.617,2.318,229.709,58250.371,0.02,2386.236
162.777,2026-06-25T23:58:07.174208,68389.531,122279.867,2.361,229.71,58250.371,0.02,0.0
162.827,2026-06-25T23:58:07.224977,68476.516,122279.867,2.345,229.711,58250.371,0.02,0.0
162.878,2026-06-25T23:58:07.275765,68563.461,122279.867,2.334,229.712,58250.371,0.02,0.0
162.929,2026-06-25T23:58:07.326572,68483.59,122158.617,2.326,229.713,58250.371,0.02,0.0
162.98,2026-06-25T23:58:07.377374,68522.133,122158.617,2.366,229.714,58250.371,0.02,0.0
163.031,2026-06-25T23:58:07.428183,68567.68,122279.867,2.348,229.715,58371.621,0.02,2386.796
163.081,2026-06-25T23:58:07.478937,68653.461,122279.867,2.336,229.716,58371.621,0.02,0.0
163.132,2026-06-25T23:58:07.529783,68741.238,122279.867,2.373,229.717,58371.621,0.02,0.0
163.183,2026-06-25T23:58:07.580580,68676.148,122158.617,2.353,229.718,58371.621,0.02,0.0
163.234,2026-06-25T23:58:07.631387,68714.73,122158.617,2.385,229.719,58371.621,0.02,0.0
163.285,2026-06-25T23:58:07.682197,68753.297,122158.617,2.454,229.72,58492.871,0.02,2387.177
163.335,2026-06-25T23:58:07.732968,68833.414,122279.867,2.364,229.722,58492.871,0.02,0.0
163.386,2026-06-25T23:58:07.783770,68921.523,122279.867,2.347,229.723,58492.871,0.02,0.0
163.437,2026-06-25T23:58:07.834575,68868.91,122158.617,2.335,229.724,58492.871,0.02,0.0
163.488,2026-06-25T23:58:07.885388,68907.16,122158.617,2.373,229.725,58492.871,0.02,0.0
163.539,2026-06-25T23:58:07.936222,68945.375,122158.617,2.351,229.726,58614.121,0.02,2376.812
163.59,2026-06-25T23:58:07.987240,69011.066,122279.867,2.381,229.727,58614.121,0.02,0.0
163.641,2026-06-25T23:58:08.038191,69098.078,122279.867,2.312,229.728,58614.121,0.02,0.0
163.691,2026-06-25T23:58:08.088959,69128.215,122279.867,2.357,229.729,58614.121,0.02,0.0
163.742,2026-06-25T23:58:08.139769,69099.453,122158.617,2.342,229.73,58614.121,0.02,0.0
163.793,2026-06-25T23:58:08.190558,69137.938,122158.617,2.331,229.731,58614.121,0.02,0.0
163.844,2026-06-25T23:58:08.241420,69189.156,122279.867,2.367,229.732,58735.371,0.02,2373.983
163.895,2026-06-25T23:58:08.292507,69277.609,122279.867,2.345,229.733,58735.371,0.02,0.0
163.946,2026-06-25T23:58:08.343613,69365.969,122279.867,2.375,229.734,58735.371,0.02,0.0
163.997,2026-06-25T23:58:08.394694,69292.785,122158.617,2.35,229.735,58735.371,0.02,0.0
164.048,2026-06-25T23:58:08.445808,69331.625,122158.617,2.334,229.736,58735.371,0.02,0.0
164.099,2026-06-25T23:58:08.496871,69370.891,122279.867,2.367,229.737,58856.621,0.02,2371.912
164.15,2026-06-25T23:58:08.547957,69457.492,122279.867,2.394,229.738,58856.621,0.02,0.0
164.201,2026-06-25T23:58:08.598782,69545.176,122279.867,2.367,229.739,58856.621,0.02,0.0
164.252,2026-06-25T23:58:08.649576,69485.957,122158.617,2.35,229.74,58856.621,0.02,0.0
164.303,2026-06-25T23:58:08.700361,68741.059,122158.617,2.383,229.741,58856.621,0.02,0.0
164.353,2026-06-25T23:58:08.751123,67812.102,122158.617,2.314,229.742,58977.871,0.02,2387.042
164.404,2026-06-25T23:58:08.801933,67641.051,120339.867,2.358,229.743,58977.871,0.02,0.0
164.455,2026-06-25T23:58:08.852729,67709.504,120339.867,2.343,229.744,58977.871,0.02,0.0
164.506,2026-06-25T23:58:08.903553,67645.539,120218.617,2.329,229.745,58977.871,0.02,0.0
164.557,2026-06-25T23:58:08.954634,67664.566,120218.617,2.319,229.746,58977.871,0.02,0.0
164.608,2026-06-25T23:58:09.005730,67683.672,120218.617,2.357,229.747,59099.121,0.02,2372.764
164.659,2026-06-25T23:58:09.056805,67719.543,120339.867,2.384,229.748,59099.121,0.02,0.0
164.71,2026-06-25T23:58:09.107838,67786.195,120339.867,2.36,229.749,59099.121,0.02,0.0
164.761,2026-06-25T23:58:09.158658,67851.641,120339.867,2.344,229.75,59099.121,0.02,0.0
164.812,2026-06-25T23:58:09.209473,67759.59,120218.617,2.195,229.751,59099.121,0.02,0.0
164.863,2026-06-25T23:58:09.260228,67778.73,120218.617,1.998,229.752,59099.121,0.02,0.0
164.913,2026-06-25T23:58:09.311011,67797.93,120218.617,1.906,229.753,59220.371,0.02,2386.135
164.964,2026-06-25T23:58:09.361809,67864.711,120339.867,1.796,229.754,59220.371,0.02,0.0
165.015,2026-06-25T23:58:09.412605,67933.48,120339.867,1.719,229.755,59220.371,0.02,0.0
165.066,2026-06-25T23:58:09.463421,67855.293,120218.617,1.618,229.756,59220.371,0.02,0.0
165.117,2026-06-25T23:58:09.514193,67869.453,120218.617,1.64,229.757,59220.371,0.02,0.0
165.167,2026-06-25T23:58:09.564961,67879.609,120218.617,1.517,229.758,59341.621,0.02,2378.902
165.218,2026-06-25T23:58:09.615953,67925.551,120339.867,1.43,229.759,59341.621,0.02,0.0
165.269,2026-06-25T23:58:09.666716,67994.137,120339.867,1.509,229.76,59341.621,0.02,0.0
165.32,2026-06-25T23:58:09.717542,67931.473,120218.617,1.471,229.761,59341.621,0.02,0.0
165.371,2026-06-25T23:58:09.768339,67950.801,120218.617,1.538,229.762,59341.621,0.02,0.0
165.421,2026-06-25T23:58:09.819097,67970.137,120218.617,1.538,229.763,59462.871,0.02,2387.02
165.472,2026-06-25T23:58:09.869898,68009.938,120339.867,1.538,229.764,59462.871,0.02,0.0
165.523,2026-06-25T23:58:09.920669,68078.598,120339.867,1.584,229.765,59462.871,0.02,0.0
165.574,2026-06-25T23:58:09.971476,68147.609,120339.867,1.524,229.766,59462.871,0.02,0.0
165.625,2026-06-25T23:58:10.022246,68047.137,120218.617,1.575,229.767,59462.871,0.02,0.0
165.675,2026-06-25T23:58:10.073011,68066.332,120218.617,1.61,229.768,59462.871,0.02,0.0
165.726,2026-06-25T23:58:10.123811,68081.758,120218.617,1.587,229.769,59462.871,0.02,0.0
165.777,2026-06-25T23:58:10.174825,68101.047,120218.617,1.571,229.77,59584.121,0.02,2382.781
165.828,2026-06-25T23:58:10.225656,68143.734,120339.867,1.561,229.771,59584.121,0.02,0.0
165.879,2026-06-25T23:58:10.276443,68211.184,120339.867,1.554,229.772,59584.121,0.02,0.0
165.93,2026-06-25T23:58:10.327203,68278.543,120339.867,1.596,229.773,59584.121,0.02,0.0
165.98,2026-06-25T23:58:10.377971,68177.754,120218.617,1.578,229.774,59584.121,0.02,0.0
166.031,2026-06-25T23:58:10.428768,68197.043,120218.617,1.566,229.775,59584.121,0.02,0.0
166.082,2026-06-25T23:58:10.479567,68225.652,120339.867,1.558,229.777,59705.371,0.02,2387.547
166.133,2026-06-25T23:58:10.530375,68294.234,120339.867,1.598,229.778,59705.371,0.02,0.0
166.184,2026-06-25T23:58:10.581181,68362.887,120339.867,1.58,229.779,59705.371,0.02,0.0
166.234,2026-06-25T23:58:10.631947,68274.004,120218.617,1.567,229.78,59705.371,0.02,0.0
166.285,2026-06-25T23:58:10.682733,68292.988,120218.617,1.604,229.781,59705.371,0.02,0.0
166.336,2026-06-25T23:58:10.733612,67383.137,120218.617,1.584,229.782,59826.621,0.02,2387.356
166.387,2026-06-25T23:58:10.784391,66387.137,120218.617,1.34,229.783,59826.621,0.02,0.0
166.438,2026-06-25T23:58:10.835200,65395.137,120218.617,1.169,229.784,59826.621,0.02,0.0
166.488,2026-06-25T23:58:10.885985,64393.137,120218.617,1.048,229.785,59826.621,0.02,0.0
166.539,2026-06-25T23:58:10.937045,64238.066,116243.867,1.192,229.786,59826.621,0.02,0.0
166.591,2026-06-25T23:58:10.988189,64286.801,116243.867,1.293,229.787,59826.621,0.02,0.0
166.642,2026-06-25T23:58:11.039247,64199.137,116122.617,1.364,229.788,59826.621,0.02,0.0
166.693,2026-06-25T23:58:11.090353,64199.137,116122.617,1.414,229.789,59826.621,0.02,0.0
166.744,2026-06-25T23:58:11.141441,64199.137,116122.617,1.494,229.79,59947.871,0.02,2371.47
166.795,2026-06-25T23:58:11.192521,64222.137,116243.867,1.551,229.791,59947.871,0.02,0.0
166.846,2026-06-25T23:58:11.243491,64270.66,116243.867,1.501,229.792,59947.871,0.02,0.0
166.897,2026-06-25T23:58:11.294225,64318.422,116243.867,1.512,229.793,59947.871,0.02,0.0
166.947,2026-06-25T23:58:11.345006,64199.137,116122.617,1.52,229.794,59947.871,0.02,0.0
166.998,2026-06-25T23:58:11.395816,64199.137,116122.617,1.571,229.795,59947.871,0.02,0.0
167.049,2026-06-25T23:58:11.446605,64199.137,116122.617,1.562,229.796,60069.121,0.02,2387.053
167.1,2026-06-25T23:58:11.497420,63319.137,116122.617,1.554,229.797,60069.121,0.02,0.0
167.151,2026-06-25T23:58:11.548196,62425.137,116122.617,1.55,229.798,60069.121,0.02,0.0
167.201,2026-06-25T23:58:11.598977,62259.137,114182.617,1.361,229.799,60069.121,0.02,0.0
167.252,2026-06-25T23:58:11.649818,62259.137,114182.617,1.184,229.8,60069.121,0.02,0.0
167.364,2026-06-25T23:58:11.761494,62310.082,122374.617,1.207,230.144,60069.121,3.086,0.0
167.414,2026-06-25T23:58:11.811922,62851.27,122374.617,1.03,230.145,60069.121,0.02,0.0
167.465,2026-06-25T23:58:11.862577,63372.332,122374.617,0.999,230.146,60069.121,0.02,0.0
167.516,2026-06-25T23:58:11.913187,63912.117,122374.617,0.931,230.147,60069.121,0.02,0.0
167.566,2026-06-25T23:58:11.963796,64416.734,122374.617,0.882,230.148,60069.121,0.02,0.0
167.617,2026-06-25T23:58:12.014602,64949.875,122374.617,1.079,230.149,60069.121,0.02,0.0
167.668,2026-06-25T23:58:12.065396,65430.77,122374.617,1.217,230.15,60069.121,0.02,0.0
167.719,2026-06-25T23:58:12.116201,65950.332,122374.617,1.406,230.151,60069.121,0.02,0.0
167.769,2026-06-25T23:58:12.166981,66489.27,122374.617,1.399,230.152,60069.121,0.02,0.0
167.82,2026-06-25T23:58:12.217782,66975.27,122374.617,1.441,230.153,60069.121,0.02,0.0
167.871,2026-06-25T23:58:12.268577,67504.301,122374.617,1.469,230.154,60069.121,0.02,0.0
167.922,2026-06-25T23:58:12.319621,68002.957,122374.617,1.489,230.155,60069.121,0.02,0.0
167.973,2026-06-25T23:58:12.370442,68366.832,122253.367,1.549,230.156,60069.121,0.02,0.0
168.024,2026-06-25T23:58:12.421206,68878.52,122253.367,1.592,230.157,60069.121,0.02,0.0
168.074,2026-06-25T23:58:12.471976,69420.66,122253.367,1.576,230.158,60069.121,0.02,0.0
168.125,2026-06-25T23:58:12.522777,69908.578,122253.367,1.611,230.159,60069.121,0.02,0.0
168.176,2026-06-25T23:58:12.573576,70329.988,122257.367,1.543,230.16,60069.121,0.02,0.0
168.227,2026-06-25T23:58:12.624392,70347.488,126353.367,1.587,230.161,60069.121,0.02,0.0
168.278,2026-06-25T23:58:12.675195,70383.285,126353.367,1.572,230.162,60069.121,0.02,0.0
168.328,2026-06-25T23:58:12.725964,70421.664,126353.367,1.562,230.163,60069.121,0.02,0.0
168.379,2026-06-25T23:58:12.776750,70458.648,126353.367,1.555,230.164,60069.121,0.02,0.0
168.43,2026-06-25T23:58:12.827571,70495.875,126353.367,1.595,230.165,60069.121,0.02,0.0
168.481,2026-06-25T23:58:12.878440,70534.117,126353.367,1.532,230.166,60069.121,0.02,0.0
168.532,2026-06-25T23:58:12.929217,70572.488,126353.367,1.532,230.167,60826.933,0.02,14859.104
168.583,2026-06-25T23:58:12.980266,70611.176,126353.367,1.578,230.168,60826.933,0.02,0.0
168.634,2026-06-25T23:58:13.031346,70649.988,126353.367,1.563,230.169,60826.933,0.02,0.0
168.685,2026-06-25T23:58:13.082440,70688.68,126353.367,1.553,230.17,60826.933,0.02,0.0
168.736,2026-06-25T23:58:13.133532,70131.34,126353.367,1.592,230.171,60826.933,0.02,0.0
168.787,2026-06-25T23:58:13.184599,70008.176,125595.555,1.573,230.172,60826.933,0.02,0.0
168.838,2026-06-25T23:58:13.235702,70046.191,125595.555,1.56,230.173,60826.933,0.02,0.0
168.889,2026-06-25T23:58:13.286765,70083.949,125595.555,1.596,230.174,60826.933,0.02,0.0
168.94,2026-06-25T23:58:13.337873,70159.723,125645.555,1.576,230.175,60826.933,0.02,0.0
168.991,2026-06-25T23:58:13.388928,70210.176,125645.555,1.609,230.176,60876.933,0.02,981.335
169.042,2026-06-25T23:58:13.439838,70290.699,125695.555,1.587,230.177,60876.933,0.02,0.0
169.093,2026-06-25T23:58:13.490633,70287.066,125645.555,1.573,230.178,60876.933,0.02,0.0
169.144,2026-06-25T23:58:13.541455,70360.125,125695.555,1.561,230.179,60926.933,0.02,980.317
169.195,2026-06-25T23:58:13.592519,70364.078,125645.555,1.597,230.18,60926.933,0.02,0.0
169.246,2026-06-25T23:58:13.643621,70402.848,125645.555,1.623,230.181,60976.933,0.02,979.008
169.297,2026-06-25T23:58:13.694691,70490.461,125695.555,1.594,230.182,60976.933,0.02,0.0
169.348,2026-06-25T23:58:13.745795,70480.363,125645.555,1.483,230.183,60976.933,0.02,0.0
169.399,2026-06-25T23:58:13.796875,70545.938,125695.555,1.497,230.184,61026.933,0.02,978.437
169.45,2026-06-25T23:58:13.847992,70557.68,125645.555,1.507,230.185,61026.933,0.02,0.0
169.501,2026-06-25T23:58:13.899047,70614.633,125695.555,1.56,230.186,61076.933,0.02,980.138
169.552,2026-06-25T23:58:13.950012,70633.23,125645.555,1.553,230.187,61076.933,0.02,0.0
169.603,2026-06-25T23:58:14.000757,70684.82,125695.555,1.549,230.188,61126.933,0.02,983.918
169.654,2026-06-25T23:58:14.051576,70709.387,125645.555,1.546,230.189,61126.933,0.02,0.0
169.705,2026-06-25T23:58:14.102356,70753.871,125695.555,1.544,230.19,61176.933,0.02,984.509
169.755,2026-06-25T23:58:14.153127,70785.953,125645.555,1.588,230.191,61176.933,0.02,0.0
169.806,2026-06-25T23:58:14.203923,70824.672,125695.555,1.573,230.192,61226.933,0.02,984.555
169.857,2026-06-25T23:58:14.254726,70870.176,125695.555,1.562,230.194,61226.933,0.02,0.0
169.908,2026-06-25T23:58:14.305541,70900.422,125645.555,1.555,230.195,61276.933,0.02,985.175
169.959,2026-06-25T23:58:14.356332,70984.664,125695.555,1.596,230.196,61276.933,0.02,0.0
170.009,2026-06-25T23:58:14.407105,70976.66,125645.555,1.625,230.197,61326.933,0.02,984.652
170.06,2026-06-25T23:58:14.457889,71053.164,125695.555,1.552,230.198,61326.933,0.02,0.0
170.111,2026-06-25T23:58:14.508834,71051.883,125645.555,1.593,230.199,61326.933,0.02,0.0
170.162,2026-06-25T23:58:14.559663,71092.039,125695.555,1.391,230.2,61376.933,0.02,981.147
170.213,2026-06-25T23:58:14.610679,71142.543,125695.555,1.25,230.201,61376.933,0.02,0.0
170.264,2026-06-25T23:58:14.661708,71137.027,125645.555,1.38,230.202,61426.933,0.02,980.165
170.315,2026-06-25T23:58:14.712719,71213.547,125695.555,1.425,230.203,61426.933,0.02,0.0
170.366,2026-06-25T23:58:14.763760,71214.199,125645.555,1.411,230.204,61426.933,0.02,0.0
170.417,2026-06-25T23:58:14.814773,71285.465,126445.555,1.493,230.205,61476.933,0.02,979.868
170.468,2026-06-25T23:58:14.865804,71376.309,126445.555,1.596,230.206,61476.933,0.02,0.0
170.519,2026-06-25T23:58:14.916826,71466.926,126445.555,1.577,230.207,61476.933,0.02,0.0
170.57,2026-06-25T23:58:14.967868,71557.586,126445.555,1.563,230.208,61476.933,0.02,0.0
170.621,2026-06-25T23:58:15.018848,71642.938,126445.555,1.555,230.209,61476.933,0.02,0.0
170.672,2026-06-25T23:58:15.069685,71733.242,126445.555,1.55,230.21,61476.933,0.02,0.0
170.723,2026-06-25T23:58:15.120471,71823.059,126445.555,1.547,230.211,61476.933,0.02,0.0
170.774,2026-06-25T23:58:15.171238,71913.094,126445.555,1.544,230.212,61476.933,0.02,0.0
170.824,2026-06-25T23:58:15.222014,72003.965,126445.555,1.588,230.213,61476.933,0.02,0.0
170.875,2026-06-25T23:58:15.272806,72095.062,126445.555,1.527,230.214,61476.933,0.02,0.0
170.926,2026-06-25T23:58:15.323577,72186.258,126445.555,1.577,230.215,61476.933,0.02,0.0
170.977,2026-06-25T23:58:15.374353,72277.332,126445.555,1.565,230.216,61476.933,0.02,0.0
171.027,2026-06-25T23:58:15.425126,72368.0,126445.555,1.557,230.217,61476.933,0.02,0.0
171.078,2026-06-25T23:58:15.475937,72459.109,126445.555,1.598,230.218,61476.933,0.02,0.0
171.129,2026-06-25T23:58:15.526703,72547.133,126445.555,1.533,230.219,61476.933,0.02,0.0
171.18,2026-06-25T23:58:15.577700,72575.258,126445.555,1.58,230.22,61476.933,0.02,0.0
171.231,2026-06-25T23:58:15.628523,72568.012,126445.555,1.613,230.221,61476.933,0.02,0.0
171.282,2026-06-25T23:58:15.679332,71897.926,125645.555,1.545,230.222,61476.933,0.02,0.0
171.332,2026-06-25T23:58:15.730099,71936.0,125645.555,1.589,230.223,61476.933,0.02,0.0
171.383,2026-06-25T23:58:15.780889,71973.965,125645.555,1.574,230.224,61476.933,0.02,0.0
171.434,2026-06-25T23:58:15.831676,72011.875,125645.555,1.609,230.225,61476.933,0.02,0.0
171.485,2026-06-25T23:58:15.882475,72056.434,125695.555,1.588,230.226,61526.933,0.02,984.777
171.536,2026-06-25T23:58:15.933263,72088.258,125645.555,1.573,230.227,61526.933,0.02,0.0
171.586,2026-06-25T23:58:15.984032,72126.676,125645.555,1.563,230.228,61576.933,0.02,984.454
171.637,2026-06-25T23:58:16.034832,72202.363,125695.555,1.555,230.229,61576.933,0.02,0.0
171.688,2026-06-25T23:58:16.085617,72201.676,125645.555,1.549,230.23,61626.933,0.02,981.895
171.739,2026-06-25T23:58:16.136579,72283.82,126445.555,1.545,230.231,61626.933,0.02,0.0
171.79,2026-06-25T23:58:16.187381,72375.402,126445.555,1.543,230.232,61626.933,0.02,0.0
171.841,2026-06-25T23:58:16.238182,72466.867,126445.555,1.542,230.233,61626.933,0.02,0.0
171.891,2026-06-25T23:58:16.288929,72558.203,126445.555,1.541,230.234,61626.933,0.02,0.0
171.942,2026-06-25T23:58:16.339721,72649.684,126445.555,1.586,230.235,61626.933,0.02,0.0
171.993,2026-06-25T23:58:16.390519,72741.164,126445.555,1.572,230.236,61626.933,0.02,0.0
172.044,2026-06-25T23:58:16.441321,72832.723,126445.555,1.562,230.237,61626.933,0.02,0.0
172.094,2026-06-25T23:58:16.492093,72924.285,126445.555,1.601,230.238,61626.933,0.02,0.0
172.145,2026-06-25T23:58:16.542887,73013.98,126445.555,1.628,230.239,61626.933,0.02,0.0
172.196,2026-06-25T23:58:16.593677,73103.582,126445.555,1.554,230.241,61626.933,0.02,0.0
172.247,2026-06-25T23:58:16.644688,73194.281,126445.555,1.595,230.242,61626.933,0.02,0.0
172.298,2026-06-25T23:58:16.695451,73285.574,126445.555,1.578,230.243,61626.933,0.02,0.0
172.404,2026-06-25T23:58:16.801662,73476.5,126445.555,1.68,230.586,61626.933,3.244,0.0
172.454,2026-06-25T23:58:16.852093,73566.754,126445.555,1.685,230.587,61626.933,0.02,0.0
172.505,2026-06-25T23:58:16.902730,73593.789,126445.555,1.642,230.588,61626.933,0.02,0.0
172.556,2026-06-25T23:58:16.953454,73129.496,126445.555,1.657,230.589,61626.933,0.02,0.0
172.607,2026-06-25T23:58:17.004226,72891.645,125645.555,1.622,230.59,61626.933,0.02,0.0
172.657,2026-06-25T23:58:17.055001,72921.691,125645.555,1.596,230.591,61626.933,0.02,0.0
172.708,2026-06-25T23:58:17.105827,72953.406,125645.555,1.579,230.592,61626.933,0.02,0.0
172.759,2026-06-25T23:58:17.156622,72984.352,125645.555,1.566,230.593,61626.933,0.02,0.0
172.81,2026-06-25T23:58:17.207576,73022.207,125695.555,1.603,230.594,61676.933,0.02,984.232
172.861,2026-06-25T23:58:17.258366,73058.641,125645.555,1.584,230.595,61676.933,0.02,0.0
172.911,2026-06-25T23:58:17.309124,73097.016,125645.555,1.57,230.596,61726.933,0.02,983.992
172.962,2026-06-25T23:58:17.359936,73182.328,125695.555,1.607,230.597,61726.933,0.02,0.0
173.013,2026-06-25T23:58:17.410718,73173.633,125645.555,1.586,230.598,61776.933,0.02,984.181
173.064,2026-06-25T23:58:17.461515,73252.879,126445.555,1.572,230.599,61776.933,0.02,0.0
173.115,2026-06-25T23:58:17.512301,73343.102,126445.555,1.608,230.6,61776.933,0.02,0.0
173.165,2026-06-25T23:58:17.563065,73432.797,126445.555,1.587,230.601,61776.933,0.02,0.0
173.216,2026-06-25T23:58:17.613885,73523.656,126445.555,1.572,230.603,61776.933,0.02,0.0
173.267,2026-06-25T23:58:17.664679,73612.66,126445.555,1.56,230.604,61776.933,0.02,0.0
173.318,2026-06-25T23:58:17.715716,73703.812,126445.555,1.553,230.605,61776.933,0.02,0.0
173.369,2026-06-25T23:58:17.766519,73795.188,126445.555,1.549,230.606,61776.933,0.02,0.0
173.42,2026-06-25T23:58:17.817322,73886.293,126445.555,1.545,230.607,61776.933,0.02,0.0
173.47,2026-06-25T23:58:17.868091,73977.746,126445.555,1.543,230.608,61776.933,0.02,0.0
173.521,2026-06-25T23:58:17.918899,74069.32,126445.555,1.54,230.609,61776.933,0.02,0.0
173.572,2026-06-25T23:58:17.969965,74161.457,126445.555,1.537,230.61,61776.933,0.02,0.0
173.623,2026-06-25T23:58:18.021069,74253.504,126445.555,1.58,230.611,61776.933,0.02,0.0
173.675,2026-06-25T23:58:18.072188,74345.312,126445.555,1.565,230.612,61776.933,0.02,0.0
173.726,2026-06-25T23:58:18.123248,74437.277,126445.555,1.646,230.613,61776.933,0.02,0.0
173.777,2026-06-25T23:58:18.174335,73348.387,126445.555,1.611,230.614,61776.933,0.02,0.0
173.828,2026-06-25T23:58:18.225499,71878.191,126445.555,1.449,230.615,61776.933,0.02,0.0
173.879,2026-06-25T23:58:18.276327,70666.191,126445.555,1.245,230.616,61776.933,0.02,0.0
173.929,2026-06-25T23:58:18.327097,69278.191,126445.555,1.102,230.617,61776.933,0.02,0.0
173.98,2026-06-25T23:58:18.377874,68128.191,126445.555,1.002,230.618,61776.933,0.02,0.0
174.031,2026-06-25T23:58:18.428658,66748.191,126445.555,0.933,230.619,61776.933,0.02,0.0
174.082,2026-06-25T23:58:18.479458,66314.133,122349.555,1.022,230.62,61776.933,0.02,0.0
174.133,2026-06-25T23:58:18.530240,66103.691,122349.555,1.223,230.621,61776.933,0.02,0.0
174.183,2026-06-25T23:58:18.581011,65642.691,121549.555,1.317,230.622,61776.933,0.02,0.0
174.234,2026-06-25T23:58:18.631823,65689.691,121549.555,1.383,230.623,61776.933,0.02,0.0
174.285,2026-06-25T23:58:18.682638,65736.621,121549.555,1.476,230.624,61776.933,0.02,0.0
174.336,2026-06-25T23:58:18.733418,65781.691,121549.555,1.494,230.625,61776.933,0.02,0.0
174.387,2026-06-25T23:58:18.784245,65845.613,121599.555,1.461,230.626,61826.933,0.02,984.583
174.437,2026-06-25T23:58:18.835017,65876.375,121549.555,1.53,230.627,61826.933,0.02,0.0
174.488,2026-06-25T23:58:18.885814,65933.605,121599.555,1.533,230.628,61876.933,0.02,984.283
174.539,2026-06-25T23:58:18.936610,65971.191,121549.555,1.535,230.629,61876.933,0.02,0.0
174.59,2026-06-25T23:58:18.987406,66021.516,122349.555,1.536,230.63,61926.933,0.02,984.454
174.641,2026-06-25T23:58:19.038209,66120.426,122349.555,1.536,230.631,61926.933,0.02,0.0
174.691,2026-06-25T23:58:19.088975,66219.508,122349.555,1.583,230.632,61926.933,0.02,0.0
174.742,2026-06-25T23:58:19.139789,66317.969,122349.555,1.523,230.633,61926.933,0.02,0.0
174.793,2026-06-25T23:58:19.190593,66416.98,122349.555,1.574,230.634,61926.933,0.02,0.0
174.844,2026-06-25T23:58:19.241400,66514.277,122349.555,1.562,230.635,61926.933,0.02,0.0
174.895,2026-06-25T23:58:19.292327,66613.199,122349.555,1.555,230.636,61926.933,0.02,0.0
174.945,2026-06-25T23:58:19.343094,66711.953,122349.555,1.596,230.637,61926.933,0.02,0.0
174.996,2026-06-25T23:58:19.393880,66810.652,122349.555,1.579,230.638,61926.933,0.02,0.0
175.047,2026-06-25T23:58:19.444669,66908.039,122349.555,1.613,230.639,61926.933,0.02,0.0
175.098,2026-06-25T23:58:19.495476,67006.062,122349.555,1.59,230.64,61926.933,0.02,0.0
175.149,2026-06-25T23:58:19.546241,67105.02,122349.555,1.575,230.641,61926.933,0.02,0.0
175.199,2026-06-25T23:58:19.596995,67205.488,122349.555,1.564,230.642,61926.933,0.02,0.0
175.25,2026-06-25T23:58:19.647796,67305.363,122349.555,1.556,230.643,61926.933,0.02,0.0
175.301,2026-06-25T23:58:19.698574,67405.465,122349.555,1.551,230.644,61926.933,0.02,0.0
175.352,2026-06-25T23:58:19.749373,67503.84,122349.555,1.593,230.645,61926.933,0.02,0.0
175.402,2026-06-25T23:58:19.800129,67537.957,122349.555,1.576,230.646,61926.933,0.02,0.0
175.453,2026-06-25T23:58:19.850988,67228.695,122349.555,1.611,230.647,61926.933,0.02,0.0
175.504,2026-06-25T23:58:19.901767,66861.191,121549.555,1.589,230.649,61926.933,0.02,0.0
175.555,2026-06-25T23:58:19.952547,66906.266,121549.555,1.574,230.65,61926.933,0.02,0.0
175.606,2026-06-25T23:58:20.003327,66951.43,121549.555,1.563,230.651,61926.933,0.02,0.0
175.656,2026-06-25T23:58:20.054087,66995.078,121549.555,1.556,230.652,61926.933,0.02,0.0
175.707,2026-06-25T23:58:20.104878,67055.203,121599.555,1.551,230.653,61976.933,0.02,984.814
175.758,2026-06-25T23:58:20.155648,67088.09,121549.555,1.593,230.654,61976.933,0.02,0.0
175.809,2026-06-25T23:58:20.206460,67142.902,121599.555,1.577,230.655,62026.933,0.02,984.532
175.86,2026-06-25T23:58:20.257237,67181.73,121549.555,1.565,230.656,62026.933,0.02,0.0
175.91,2026-06-25T23:58:20.307985,67229.602,121599.555,1.556,230.657,62076.933,0.02,982.323
175.961,2026-06-25T23:58:20.358910,67274.051,121549.555,1.551,230.658,62076.933,0.02,0.0
176.012,2026-06-25T23:58:20.409693,67320.914,121549.555,1.547,230.659,62126.933,0.02,983.798
176.063,2026-06-25T23:58:20.460512,67414.301,121599.555,1.59,230.66,62126.933,0.02,0.0
176.114,2026-06-25T23:58:20.511302,67414.449,121549.555,1.529,230.661,62176.933,0.02,984.56
176.164,2026-06-25T23:58:20.562065,67501.816,122349.555,1.577,230.662,62176.933,0.02,0.0
176.215,2026-06-25T23:58:20.612871,67600.367,122349.555,1.612,230.663,62176.933,0.02,0.0
176.266,2026-06-25T23:58:20.663635,67698.785,122349.555,1.59,230.664,62176.933,0.02,0.0
176.317,2026-06-25T23:58:20.714450,67797.484,122349.555,1.574,230.665,62176.933,0.02,0.0
176.368,2026-06-25T23:58:20.765211,67895.887,122349.555,1.564,230.666,62176.933,0.02,0.0
176.418,2026-06-25T23:58:20.815971,67992.992,122349.555,1.598,230.667,62176.933,0.02,0.0
176.47,2026-06-25T23:58:20.867231,68090.934,122349.555,1.58,230.668,62176.933,0.02,0.0
176.52,2026-06-25T23:58:20.918008,68189.758,122349.555,1.567,230.669,62176.933,0.02,0.0
176.571,2026-06-25T23:58:20.968833,68288.238,122349.555,1.558,230.67,62176.933,0.02,0.0
176.622,2026-06-25T23:58:21.019622,68386.766,122349.555,1.553,230.671,62176.933,0.02,0.0
176.673,2026-06-25T23:58:21.070431,68485.301,122349.555,1.548,230.672,62176.933,0.02,0.0
176.724,2026-06-25T23:58:21.121209,68583.969,122349.555,1.591,230.673,62176.933,0.02,0.0
176.774,2026-06-25T23:58:21.171975,68682.879,122349.555,1.575,230.674,62176.933,0.02,0.0
176.825,2026-06-25T23:58:21.222795,68782.637,122349.555,1.564,230.675,62176.933,0.02,0.0
176.876,2026-06-25T23:58:21.273586,68882.605,122349.555,1.556,230.676,62176.933,0.02,0.0
176.927,2026-06-25T23:58:21.324398,68919.184,122349.555,1.549,230.677,62176.933,0.02,0.0
176.978,2026-06-25T23:58:21.375442,68795.645,122349.555,1.544,230.678,62176.933,0.02,0.0
177.029,2026-06-25T23:58:21.426376,68252.137,121549.555,1.588,230.679,62176.933,0.02,0.0
177.08,2026-06-25T23:58:21.477191,68298.691,121549.555,1.573,230.68,62176.933,0.02,0.0
177.13,2026-06-25T23:58:21.527945,68345.191,121549.555,1.563,230.681,62176.933,0.02,0.0
177.181,2026-06-25T23:58:21.578734,68391.922,121549.555,1.601,230.682,62176.933,0.02,0.0
177.232,2026-06-25T23:58:21.629547,68454.09,122349.555,1.583,230.683,62226.933,0.02,984.833
177.283,2026-06-25T23:58:21.680328,68552.742,122349.555,1.569,230.684,62226.933,0.02,0.0
177.333,2026-06-25T23:58:21.731081,68650.941,122349.555,1.606,230.685,62226.933,0.02,0.0
177.443,2026-06-25T23:58:21.841004,68866.512,122349.555,1.723,231.029,62226.933,3.135,0.0
177.494,2026-06-25T23:58:21.891420,68964.168,122349.555,1.669,231.03,62226.933,0.02,0.0
177.544,2026-06-25T23:58:21.942100,69063.664,122349.555,1.631,231.031,62226.933,0.02,0.0
177.595,2026-06-25T23:58:21.992749,69162.832,122349.555,1.65,231.032,62226.933,0.02,0.0
177.646,2026-06-25T23:58:22.043551,69262.801,122349.555,1.57,231.033,62226.933,0.02,0.0
177.697,2026-06-25T23:58:22.094345,69361.699,122349.555,1.56,231.034,62226.933,0.02,0.0
177.747,2026-06-25T23:58:22.145127,69461.309,122349.555,1.6,231.035,62226.933,0.02,0.0
177.798,2026-06-25T23:58:22.195945,69561.02,122349.555,1.535,231.036,62226.933,0.02,0.0
177.849,2026-06-25T23:58:22.246726,69660.285,122349.555,1.536,231.037,62226.933,0.02,0.0
177.9,2026-06-25T23:58:22.297530,69759.383,122349.555,1.537,231.038,62226.933,0.02,0.0
177.951,2026-06-25T23:58:22.348338,69858.941,122349.555,1.628,231.039,62226.933,0.02,0.0
178.002,2026-06-25T23:58:22.399410,69893.227,122349.555,1.599,231.04,62226.933,0.02,0.0
178.053,2026-06-25T23:58:22.450376,69947.219,122349.555,1.58,231.041,62226.933,0.02,0.0
178.103,2026-06-25T23:58:22.501092,69235.645,121549.555,1.568,231.042,62226.933,0.02,0.0
178.154,2026-06-25T23:58:22.551927,69281.895,121549.555,1.604,231.043,62226.933,0.02,0.0
178.205,2026-06-25T23:58:22.602947,69328.426,121549.555,1.582,231.044,62226.933,0.02,0.0
178.256,2026-06-25T23:58:22.653987,69373.191,121549.555,1.567,231.045,62226.933,0.02,0.0
178.307,2026-06-25T23:58:22.705009,69420.383,121599.555,1.602,231.046,62276.933,0.02,979.822
178.358,2026-06-25T23:58:22.756028,69471.906,121599.555,1.535,231.047,62276.933,0.02,0.0
178.409,2026-06-25T23:58:22.807039,69508.414,121549.555,1.625,231.048,62326.933,0.02,979.671
178.46,2026-06-25T23:58:22.858072,69596.672,121599.555,1.597,231.049,62326.933,0.02,0.0
178.511,2026-06-25T23:58:22.909065,69597.191,121549.555,1.578,231.05,62326.933,0.02,0.0
178.562,2026-06-25T23:58:22.960056,69269.441,122349.555,1.611,231.051,62376.933,0.02,982.158
178.613,2026-06-25T23:58:23.010962,68372.129,122349.555,1.542,231.052,62376.933,0.02,0.0
178.664,2026-06-25T23:58:23.061793,67458.82,122349.555,1.587,231.053,62376.933,0.02,0.0
178.715,2026-06-25T23:58:23.112578,66533.418,122349.555,1.572,231.054,62376.933,0.02,0.0
178.766,2026-06-25T23:58:23.163368,65767.406,118253.555,1.516,231.055,62376.933,0.02,0.0
178.817,2026-06-25T23:58:23.214176,65820.449,118253.555,1.292,231.057,62376.933,0.02,0.0
178.867,2026-06-25T23:58:23.264931,65873.699,118253.555,1.181,231.058,62376.933,0.02,0.0
178.918,2026-06-25T23:58:23.315746,65924.629,118253.555,1.195,231.059,62376.933,0.02,0.0
178.969,2026-06-25T23:58:23.366820,65977.754,118253.555,1.295,231.06,62376.933,0.02,0.0
179.02,2026-06-25T23:58:23.417884,66026.266,118253.555,1.365,231.061,62376.933,0.02,0.0
179.071,2026-06-25T23:58:23.468949,66076.227,118253.555,1.415,231.062,62376.933,0.02,0.0
179.122,2026-06-25T23:58:23.519903,66126.605,118253.555,1.452,231.063,62376.933,0.02,0.0
179.173,2026-06-25T23:58:23.570679,66174.285,118253.555,1.478,231.064,62376.933,0.02,0.0
179.224,2026-06-25T23:58:23.621478,66222.91,118253.555,1.496,231.065,62376.933,0.02,0.0
179.275,2026-06-25T23:58:23.672242,66271.355,118253.555,1.509,231.066,62376.933,0.02,0.0
179.325,2026-06-25T23:58:23.723010,66321.141,118253.555,1.564,231.067,62376.933,0.02,0.0
179.376,2026-06-25T23:58:23.773811,66307.105,118253.555,1.51,231.068,62376.933,0.02,0.0
179.427,2026-06-25T23:58:23.824598,65768.191,118253.555,1.565,231.069,62376.933,0.02,0.0
179.478,2026-06-25T23:58:23.875406,65526.191,117453.555,1.557,231.07,62376.933,0.02,0.0
179.529,2026-06-25T23:58:23.926201,65526.191,117453.555,1.551,231.071,62376.933,0.02,0.0
179.579,2026-06-25T23:58:23.976962,65526.191,117453.555,1.547,231.072,62376.933,0.02,0.0
179.63,2026-06-25T23:58:24.027731,65526.191,117453.555,1.544,231.073,62376.933,0.02,0.0
179.681,2026-06-25T23:58:24.078686,65531.133,118253.555,1.542,231.074,62426.933,0.02,983.669
179.732,2026-06-25T23:58:24.129480,65578.516,118253.555,1.587,231.075,62426.933,0.02,0.0
179.783,2026-06-25T23:58:24.180245,65626.953,118253.555,1.526,231.076,62426.933,0.02,0.0
179.833,2026-06-25T23:58:24.231019,65685.918,119853.555,1.576,231.077,62426.933,0.02,0.0
179.884,2026-06-25T23:58:24.281823,65754.121,119853.555,1.611,231.078,62426.933,0.02,0.0
179.935,2026-06-25T23:58:24.332621,65821.73,119853.555,1.587,231.079,62426.933,0.02,0.0
179.986,2026-06-25T23:58:24.383707,65890.57,119853.555,1.57,231.08,62426.933,0.02,0.0
180.037,2026-06-25T23:58:24.434779,65959.266,119853.555,1.604,231.081,62426.933,0.02,0.0
180.088,2026-06-25T23:58:24.485885,66028.277,119853.555,1.627,231.082,62426.933,0.02,0.0
180.139,2026-06-25T23:58:24.536944,66100.273,119853.555,1.599,231.083,62426.933,0.02,0.0
180.19,2026-06-25T23:58:24.587944,66110.047,119853.555,1.165,231.084,62426.933,0.02,0.0
180.241,2026-06-25T23:58:24.638754,66157.426,119853.555,1.185,231.085,62426.933,0.02,0.0
180.292,2026-06-25T23:58:24.689553,66222.66,119853.555,1.291,231.086,62426.933,0.02,0.0
180.343,2026-06-25T23:58:24.740359,66288.668,119853.555,1.365,231.087,62426.933,0.02,0.0
180.394,2026-06-25T23:58:24.791165,66356.898,119853.555,1.417,231.088,62426.933,0.02,0.0
180.444,2026-06-25T23:58:24.841921,66424.215,119853.555,1.453,231.089,62426.933,0.02,0.0
180.495,2026-06-25T23:58:24.892705,66495.082,119853.555,1.525,231.09,62426.933,0.02,0.0
180.546,2026-06-25T23:58:24.943498,66562.168,119853.555,1.529,231.091,62426.933,0.02,0.0
180.597,2026-06-25T23:58:24.994308,66564.699,119853.555,1.532,231.092,62426.933,0.02,0.0
180.647,2026-06-25T23:58:25.045069,66128.262,119853.555,1.534,231.093,62426.933,0.02,0.0
180.698,2026-06-25T23:58:25.095856,65822.262,119053.555,1.581,231.094,62426.933,0.02,0.0
180.749,2026-06-25T23:58:25.146684,65839.52,119053.555,1.568,231.095,62426.933,0.02,0.0
180.8,2026-06-25T23:58:25.197503,65858.262,119053.555,1.513,231.096,62426.933,0.02,0.0
180.851,2026-06-25T23:58:25.248307,65875.188,119053.555,1.566,231.097,62426.933,0.02,0.0
180.901,2026-06-25T23:58:25.299082,65902.762,119103.555,1.512,231.098,62476.933,0.02,984.366
180.952,2026-06-25T23:58:25.349901,65910.223,119053.555,1.564,231.099,62476.933,0.02,0.0
181.003,2026-06-25T23:58:25.400984,65928.02,119053.555,1.599,231.1,62526.933,0.02,978.213
181.054,2026-06-25T23:58:25.452095,65992.512,119853.555,1.579,231.102,62526.933,0.02,0.0
181.106,2026-06-25T23:58:25.503196,66058.508,119853.555,1.61,231.103,62526.933,0.02,0.0
181.157,2026-06-25T23:58:25.554242,66124.316,119853.555,1.586,231.104,62526.933,0.02,0.0
181.208,2026-06-25T23:58:25.605287,66186.121,119853.555,1.57,231.105,62526.933,0.02,0.0
181.258,2026-06-25T23:58:25.656125,66251.746,119853.555,1.56,231.106,62526.933,0.02,0.0
181.309,2026-06-25T23:58:25.706928,66313.691,119853.555,1.554,231.107,62526.933,0.02,0.0
181.36,2026-06-25T23:58:25.757717,66378.91,119853.555,1.549,231.108,62526.933,0.02,0.0
181.411,2026-06-25T23:58:25.808525,66440.555,119853.555,1.592,231.109,62526.933,0.02,0.0
181.462,2026-06-25T23:58:25.859331,66503.574,119853.555,1.576,231.11,62526.933,0.02,0.0
181.512,2026-06-25T23:58:25.910103,66565.754,119853.555,1.565,231.111,62526.933,0.02,0.0
181.563,2026-06-25T23:58:25.960895,66628.465,119853.555,1.557,231.112,62526.933,0.02,0.0
181.614,2026-06-25T23:58:26.011661,66696.551,119853.555,1.552,231.113,62526.933,0.02,0.0
181.665,2026-06-25T23:58:26.062467,66762.547,119853.555,1.593,231.114,62526.933,0.02,0.0
181.716,2026-06-25T23:58:26.113225,66833.961,119853.555,1.531,231.115,62526.933,0.02,0.0
181.766,2026-06-25T23:58:26.163995,66901.141,119853.555,1.579,231.116,62526.933,0.02,0.0
181.817,2026-06-25T23:58:26.214855,66968.07,119853.555,1.613,231.117,62526.933,0.02,0.0
181.868,2026-06-25T23:58:26.265641,66974.082,119853.555,1.637,231.118,62526.933,0.02,0.0
181.919,2026-06-25T23:58:26.316475,67014.004,119853.555,1.56,231.119,62526.933,0.02,0.0
181.97,2026-06-25T23:58:26.367538,66257.762,119053.555,1.596,231.12,62526.933,0.02,0.0
182.021,2026-06-25T23:58:26.418660,66275.762,119053.555,1.53,231.121,62526.933,0.02,0.0
182.072,2026-06-25T23:58:26.469737,66293.184,119053.555,1.621,231.122,62526.933,0.02,0.0
182.123,2026-06-25T23:58:26.520832,66310.848,119053.555,1.594,231.123,62526.933,0.02,0.0
182.174,2026-06-25T23:58:26.571916,66328.02,119053.555,1.621,231.124,62576.933,0.02,979.323
182.225,2026-06-25T23:58:26.622951,66377.414,119103.555,1.594,231.125,62576.933,0.02,0.0
182.276,2026-06-25T23:58:26.673960,66362.414,119053.555,1.529,231.126,62576.933,0.02,0.0
182.327,2026-06-25T23:58:26.724908,66395.852,119853.555,1.578,231.127,62626.933,0.02,984.44
182.378,2026-06-25T23:58:26.775695,66462.379,119853.555,1.566,231.128,62626.933,0.02,0.0
182.483,2026-06-25T23:58:26.880739,66600.648,119853.555,1.678,231.472,62626.933,3.282,0.0
182.534,2026-06-25T23:58:26.931184,66668.27,119853.555,1.684,231.473,62626.933,0.02,0.0
182.584,2026-06-25T23:58:26.981804,66736.465,119853.555,1.641,231.474,62626.933,0.02,0.0
182.635,2026-06-25T23:58:27.032602,66805.043,119853.555,1.656,231.475,62626.933,0.02,0.0
182.686,2026-06-25T23:58:27.083406,66874.031,119853.555,1.62,231.476,62626.933,0.02,0.0
182.737,2026-06-25T23:58:27.134208,66943.797,119853.555,1.596,231.477,62626.933,0.02,0.0
182.787,2026-06-25T23:58:27.184965,67008.98,119853.555,1.533,231.478,62626.933,0.02,0.0
182.838,2026-06-25T23:58:27.235762,67074.359,119853.555,1.58,231.479,62626.933,0.02,0.0
182.889,2026-06-25T23:58:27.286633,67141.363,119853.555,1.567,231.48,62626.933,0.02,0.0
182.94,2026-06-25T23:58:27.337462,67208.105,119853.555,1.557,231.481,62626.933,0.02,0.0
182.991,2026-06-25T23:58:27.388542,67276.312,119853.555,1.594,231.482,62626.933,0.02,0.0
183.042,2026-06-25T23:58:27.439647,67346.766,119853.555,1.575,231.483,62626.933,0.02,0.0
183.093,2026-06-25T23:58:27.490736,67414.895,119853.555,1.607,231.484,62626.933,0.02,0.0
183.144,2026-06-25T23:58:27.541784,67420.199,119853.555,1.584,231.485,62626.933,0.02,0.0
183.195,2026-06-25T23:58:27.592848,67460.516,119853.555,1.568,231.486,62626.933,0.02,0.0
183.246,2026-06-25T23:58:27.643782,66704.68,119053.555,1.558,231.487,62626.933,0.02,0.0
183.297,2026-06-25T23:58:27.694701,66721.281,119053.555,1.596,231.488,62626.933,0.02,0.0
183.348,2026-06-25T23:58:27.745878,66739.789,119053.555,1.576,231.489,62626.933,0.02,0.0
183.399,2026-06-25T23:58:27.796835,66757.855,119053.555,1.563,231.49,62626.933,0.02,0.0
183.45,2026-06-25T23:58:27.847912,66776.215,119053.555,1.553,231.491,62676.933,0.02,978.916
183.501,2026-06-25T23:58:27.899001,66829.41,119853.555,1.591,231.492,62676.933,0.02,0.0
183.552,2026-06-25T23:58:27.950088,66896.105,119853.555,1.619,231.493,62676.933,0.02,0.0
183.604,2026-06-25T23:58:28.001212,66967.375,119853.555,1.592,231.494,62676.933,0.02,0.0
183.655,2026-06-25T23:58:28.052257,67032.242,119853.555,1.574,231.495,62676.933,0.02,0.0
183.706,2026-06-25T23:58:28.103225,67099.145,119853.555,1.561,231.496,62676.933,0.02,0.0
183.757,2026-06-25T23:58:28.154286,67164.746,119853.555,1.552,231.497,62676.933,0.02,0.0
183.808,2026-06-25T23:58:28.205394,67231.555,119853.555,1.591,231.498,62676.933,0.02,0.0
183.859,2026-06-25T23:58:28.256487,67298.395,119853.555,1.618,231.499,62676.933,0.02,0.0
183.91,2026-06-25T23:58:28.307579,67362.84,119853.555,1.592,231.5,62676.933,0.02,0.0
183.961,2026-06-25T23:58:28.358517,67429.539,119853.555,1.528,231.501,62676.933,0.02,0.0
184.012,2026-06-25T23:58:28.409634,67494.812,119853.555,1.574,231.502,62676.933,0.02,0.0
184.063,2026-06-25T23:58:28.460662,67559.285,119853.555,1.561,231.503,62676.933,0.02,0.0
184.114,2026-06-25T23:58:28.511782,67619.141,119853.555,1.551,231.504,62676.933,0.02,0.0
184.165,2026-06-25T23:58:28.562875,67681.398,119853.555,1.544,231.505,62676.933,0.02,0.0
184.216,2026-06-25T23:58:28.613985,67744.594,119853.555,1.586,231.506,62676.933,0.02,0.0
184.267,2026-06-25T23:58:28.665077,67808.316,119853.555,1.569,231.507,62676.933,0.02,0.0
184.319,2026-06-25T23:58:28.716199,67823.5,119853.555,1.557,231.509,62676.933,0.02,0.0
184.37,2026-06-25T23:58:28.767274,67867.758,119853.555,1.549,231.51,62676.933,0.02,0.0
184.421,2026-06-25T23:58:28.818359,67383.762,119853.555,1.589,231.511,62676.933,0.02,0.0
184.472,2026-06-25T23:58:28.869396,67116.23,119053.555,1.573,231.512,62676.933,0.02,0.0
184.523,2026-06-25T23:58:28.920210,66804.262,119053.555,1.562,231.513,62676.933,0.02,0.0
184.573,2026-06-25T23:58:28.970969,65938.262,119053.555,1.647,231.514,62676.933,0.02,0.0
184.624,2026-06-25T23:58:29.021765,65132.262,119053.555,1.614,231.515,62676.933,0.02,0.0
184.675,2026-06-25T23:58:29.072579,64266.262,119053.555,1.592,231.516,62726.933,0.02,984.726
184.726,2026-06-25T23:58:29.123382,63268.262,119053.555,1.391,231.517,62726.933,0.02,0.0
184.777,2026-06-25T23:58:29.174212,63068.715,115007.555,1.343,231.518,62726.933,0.02,0.0
184.827,2026-06-25T23:58:29.225004,63030.262,114957.555,1.401,231.519,62726.933,0.02,0.0
184.878,2026-06-25T23:58:29.275837,63061.043,115757.555,1.488,231.52,62776.933,0.02,983.516
184.929,2026-06-25T23:58:29.326672,63112.461,115757.555,1.455,231.521,62776.933,0.02,0.0
184.98,2026-06-25T23:58:29.377731,63162.406,115757.555,1.523,231.522,62776.933,0.02,0.0
185.031,2026-06-25T23:58:29.428856,63213.074,115757.555,1.526,231.523,62776.933,0.02,0.0
185.082,2026-06-25T23:58:29.479655,63263.895,115757.555,1.53,231.524,62776.933,0.02,0.0
185.133,2026-06-25T23:58:29.530484,63315.23,115757.555,1.532,231.525,62776.933,0.02,0.0
185.184,2026-06-25T23:58:29.581269,63366.453,115757.555,1.534,231.526,62776.933,0.02,0.0
185.234,2026-06-25T23:58:29.632074,63418.285,115757.555,1.581,231.527,62776.933,0.02,0.0
185.285,2026-06-25T23:58:29.682903,63470.34,115757.555,1.522,231.528,62776.933,0.02,0.0
185.336,2026-06-25T23:58:29.733733,63520.086,115757.555,1.572,231.529,62776.933,0.02,0.0
185.387,2026-06-25T23:58:29.784576,63569.047,115757.555,1.562,231.53,62776.933,0.02,0.0
185.438,2026-06-25T23:58:29.835424,63619.438,115757.555,1.508,231.531,62776.933,0.02,0.0
185.489,2026-06-25T23:58:29.886219,63670.086,115757.555,1.563,231.532,62776.933,0.02,0.0
185.539,2026-06-25T23:58:29.936993,63721.082,115757.555,1.601,231.533,62776.933,0.02,0.0
185.59,2026-06-25T23:58:29.987859,63772.051,115757.555,1.536,231.534,62776.933,0.02,0.0
185.641,2026-06-25T23:58:30.038660,63824.789,115757.555,1.352,231.535,62776.933,0.02,0.0
185.692,2026-06-25T23:58:30.089495,63814.277,115757.555,1.177,231.536,62776.933,0.02,0.0
185.743,2026-06-25T23:58:30.140311,63242.277,115757.555,1.101,231.537,62776.933,0.02,0.0
185.793,2026-06-25T23:58:30.191111,63030.277,114957.555,1.001,231.538,62776.933,0.02,0.0
185.844,2026-06-25T23:58:30.241954,63030.277,114957.555,0.978,231.539,62776.933,0.02,0.0
185.895,2026-06-25T23:58:30.292766,63030.277,114957.555,0.915,231.54,62776.933,0.02,0.0
185.946,2026-06-25T23:58:30.343624,63030.277,114957.555,0.916,231.541,62776.933,0.02,0.0
185.997,2026-06-25T23:58:30.394720,63055.531,115757.555,0.825,231.542,62826.933,0.02,977.698
186.048,2026-06-25T23:58:30.445821,63107.0,115757.555,0.807,231.543,62826.933,0.02,0.0
186.099,2026-06-25T23:58:30.496782,63157.336,115757.555,0.795,231.544,62826.933,0.02,0.0
186.15,2026-06-25T23:58:30.547622,63208.301,115757.555,0.787,231.545,62826.933,0.02,0.0
186.201,2026-06-25T23:58:30.598659,63259.164,115757.555,0.826,231.546,62826.933,0.02,0.0
186.252,2026-06-25T23:58:30.649716,63309.391,115757.555,0.808,231.547,62826.933,0.02,0.0
186.303,2026-06-25T23:58:30.700772,63361.551,115757.555,0.749,231.548,62826.933,0.02,0.0
186.354,2026-06-25T23:58:30.751838,63414.641,115757.555,0.8,231.549,62826.933,0.02,0.0
186.405,2026-06-25T23:58:30.802892,63467.777,115757.555,0.789,231.55,62826.933,0.02,0.0
186.456,2026-06-25T23:58:30.853966,63520.234,115757.555,0.782,231.551,62826.933,0.02,0.0
186.507,2026-06-25T23:58:30.905020,63573.227,115757.555,0.777,231.552,62826.933,0.02,0.0
186.558,2026-06-25T23:58:30.956080,63626.594,115757.555,0.773,231.553,62826.933,0.02,0.0
186.609,2026-06-25T23:58:31.007098,63676.883,115757.555,0.771,231.554,62826.933,0.02,0.0
186.661,2026-06-25T23:58:31.058160,63729.777,115757.555,0.816,231.556,62826.933,0.02,0.0
186.711,2026-06-25T23:58:31.108997,63783.277,115757.555,0.802,231.557,62826.933,0.02,0.0
186.762,2026-06-25T23:58:31.159838,63780.277,115707.555,0.838,231.558,62826.933,0.02,0.0
186.813,2026-06-25T23:58:31.210660,63825.777,115757.555,0.771,231.559,62826.933,0.02,0.0
186.864,2026-06-25T23:58:31.261493,63046.277,115757.555,0.77,231.56,62826.933,0.02,0.0
186.915,2026-06-25T23:58:31.312299,63030.277,114957.555,0.769,231.561,62826.933,0.02,0.0
186.966,2026-06-25T23:58:31.363406,63030.277,114957.555,0.768,231.562,62826.933,0.02,0.0
187.017,2026-06-25T23:58:31.414532,63030.277,114957.555,0.858,231.563,62826.933,0.02,0.0
187.068,2026-06-25T23:58:31.465598,63030.277,114957.555,0.83,231.564,62876.933,0.02,979.383
187.119,2026-06-25T23:58:31.516697,63072.531,115757.555,0.81,231.565,62876.933,0.02,0.0
187.17,2026-06-25T23:58:31.567797,63124.453,115757.555,0.797,231.566,62876.933,0.02,0.0
187.221,2026-06-25T23:58:31.618653,63174.523,115757.555,0.835,231.567,62876.933,0.02,0.0
187.272,2026-06-25T23:58:31.669494,63226.57,115757.555,0.769,231.568,62876.933,0.02,0.0
187.323,2026-06-25T23:58:31.720304,63278.461,115757.555,0.815,231.569,62876.933,0.02,0.0
187.373,2026-06-25T23:58:31.771100,63329.848,115757.555,0.755,231.57,62876.933,0.02,0.0
187.424,2026-06-25T23:58:31.821928,63382.789,115757.555,0.759,231.571,62876.933,0.02,0.0
187.531,2026-06-25T23:58:31.929023,63493.539,115757.555,0.882,231.914,62876.933,3.217,0.0
187.582,2026-06-25T23:58:31.979467,63543.242,115757.555,0.895,231.915,62876.933,0.02,0.0
187.633,2026-06-25T23:58:32.030243,63594.34,115757.555,0.904,231.916,62876.933,0.02,0.0
187.683,2026-06-25T23:58:32.080876,63651.34,115757.555,0.834,231.917,62876.933,0.018,0.0
187.742,2026-06-25T23:58:32.139353,63703.969,115757.555,0.814,231.918,62876.933,0.02,0.0
187.793,2026-06-25T23:58:32.190183,63756.906,115757.555,0.8,231.919,62876.933,0.02,0.0
187.843,2026-06-25T23:58:32.240973,63810.098,115757.555,0.837,231.92,62876.933,0.02,0.0
187.894,2026-06-25T23:58:32.291808,63799.828,115757.555,0.816,231.921,62876.933,0.02,0.0
187.945,2026-06-25T23:58:32.342658,63458.277,115757.555,0.755,231.922,62876.933,0.02,0.0
187.996,2026-06-25T23:58:32.393757,63030.277,114957.555,0.849,231.923,62876.933,0.02,0.0
188.047,2026-06-25T23:58:32.444890,63030.277,114957.555,0.87,231.924,62876.933,0.02,0.0
188.098,2026-06-25T23:58:32.495981,63030.277,114957.555,0.838,231.925,62876.933,0.02,0.0
188.149,2026-06-25T23:58:32.547120,63030.277,114957.555,0.816,231.927,62876.933,0.02,0.0
188.201,2026-06-25T23:58:32.598230,63047.465,115757.555,0.801,231.928,62926.933,0.02,979.072
188.252,2026-06-25T23:58:32.649324,63099.281,115757.555,0.79,231.929,62926.933,0.02,0.0
188.303,2026-06-25T23:58:32.700212,63151.098,115757.555,0.784,231.93,62926.933,0.02,0.0
188.353,2026-06-25T23:58:32.751009,63201.098,115757.555,0.825,231.931,62926.933,0.02,0.0
188.404,2026-06-25T23:58:32.801824,63250.949,115757.555,0.762,231.932,62926.933,0.02,0.0
188.455,2026-06-25T23:58:32.852664,63300.055,115757.555,0.764,231.933,62926.933,0.02,0.0
188.506,2026-06-25T23:58:32.903487,63350.586,115757.555,0.812,231.934,62926.933,0.02,0.0
188.557,2026-06-25T23:58:32.954318,63401.859,115757.555,0.799,231.935,62926.933,0.02,0.0
188.607,2026-06-25T23:58:33.005120,63453.398,115757.555,0.79,231.936,62926.933,0.02,0.0
188.658,2026-06-25T23:58:33.055948,63504.875,115757.555,0.783,231.937,62926.933,0.02,0.0
188.709,2026-06-25T23:58:33.106753,63556.121,115757.555,0.779,231.938,62926.933,0.02,0.0
188.76,2026-06-25T23:58:33.157589,63607.984,115757.555,0.776,231.939,62926.933,0.02,0.0
188.811,2026-06-25T23:58:33.208396,63658.402,115757.555,0.773,231.94,62926.933,0.02,0.0
188.862,2026-06-25T23:58:33.259386,63711.078,115757.555,0.818,231.941,62926.933,0.02,0.0
188.913,2026-06-25T23:58:33.310216,63764.59,115757.555,0.757,231.942,62926.933,0.02,0.0
188.963,2026-06-25T23:58:33.361020,63817.98,115757.555,0.76,231.943,62926.933,0.02,0.0
189.014,2026-06-25T23:58:33.412130,63807.633,115757.555,0.807,231.944,62926.933,0.02,0.0
189.066,2026-06-25T23:58:33.463260,63364.277,115757.555,0.748,231.945,62926.933,0.02,0.0
189.117,2026-06-25T23:58:33.514380,63030.277,114957.555,0.799,231.946,62926.933,0.02,0.0
189.168,2026-06-25T23:58:33.565509,63030.277,114957.555,0.834,231.947,62926.933,0.02,0.0
189.219,2026-06-25T23:58:33.616627,63030.277,114957.555,0.813,231.948,62926.933,0.02,0.0
189.27,2026-06-25T23:58:33.667745,63030.277,114957.555,0.844,231.949,62926.933,0.02,0.0
189.321,2026-06-25T23:58:33.718840,63056.293,115757.555,0.82,231.95,62976.933,0.02,977.921
189.372,2026-06-25T23:58:33.769925,63109.418,115757.555,0.805,231.951,62976.933,0.02,0.0
189.423,2026-06-25T23:58:33.820718,63162.496,115757.555,0.84,231.952,62976.933,0.02,0.0
189.474,2026-06-25T23:58:33.871587,63214.855,115757.555,0.772,231.953,62976.933,0.02,0.0
189.525,2026-06-25T23:58:33.922409,63267.777,115757.555,0.771,231.954,62976.933,0.02,0.0
189.576,2026-06-25T23:58:33.973188,63320.016,115757.555,0.817,231.955,62976.933,0.02,0.0
189.626,2026-06-25T23:58:34.023979,63372.719,115757.555,0.802,231.956,62976.933,0.02,0.0
189.677,2026-06-25T23:58:34.074808,63425.59,115757.555,0.792,231.957,62976.933,0.02,0.0
189.728,2026-06-25T23:58:34.125617,63478.168,115757.555,0.785,231.958,62976.933,0.02,0.0
189.779,2026-06-25T23:58:34.176463,63528.969,115757.555,0.734,231.959,62976.933,0.02,0.0
189.83,2026-06-25T23:58:34.227248,63579.66,115757.555,0.745,231.96,62976.933,0.02,0.0
189.88,2026-06-25T23:58:34.278025,63630.531,115757.555,0.797,231.961,62976.933,0.02,0.0
189.931,2026-06-25T23:58:34.329044,63683.621,115757.555,0.788,231.962,62976.933,0.02,0.0
189.983,2026-06-25T23:58:34.380199,63737.289,115757.555,0.781,231.963,62976.933,0.02,0.0
190.034,2026-06-25T23:58:34.431267,63791.215,115757.555,0.776,231.964,62976.933,0.02,0.0
190.085,2026-06-25T23:58:34.482355,63781.371,115757.555,0.818,231.965,62976.933,0.02,0.0
190.136,2026-06-25T23:58:34.533482,63764.277,115757.555,0.802,231.966,62976.933,0.02,0.0
190.187,2026-06-25T23:58:34.584582,63030.277,114957.555,0.79,231.967,62976.933,0.02,0.0
190.238,2026-06-25T23:58:34.635714,63030.277,114957.555,0.782,231.968,62976.933,0.02,0.0
190.289,2026-06-25T23:58:34.686830,63030.277,114957.555,0.777,231.969,62976.933,0.02,0.0
190.34,2026-06-25T23:58:34.737964,63030.277,114957.555,0.819,231.97,62976.933,0.02,0.0
190.391,2026-06-25T23:58:34.789069,63030.277,114957.555,0.848,231.971,63026.933,0.02,978.428
190.443,2026-06-25T23:58:34.840183,63081.824,115757.555,0.824,231.972,63026.933,0.02,0.0
190.493,2026-06-25T23:58:34.891014,63133.766,115757.555,0.853,231.973,63026.933,0.02,0.0
190.544,2026-06-25T23:58:34.941839,63185.387,115757.555,0.782,231.975,63026.933,0.02,0.0
190.595,2026-06-25T23:58:34.992640,63234.996,115757.555,0.824,231.976,63026.933,0.02,0.0
190.646,2026-06-25T23:58:35.043462,63284.672,115757.555,0.807,231.977,63026.933,0.02,0.0
190.697,2026-06-25T23:58:35.094259,63335.445,115757.555,0.75,231.978,63026.933,0.02,0.0
190.747,2026-06-25T23:58:35.145069,63387.781,115757.555,0.802,231.979,63026.933,0.02,0.0
190.798,2026-06-25T23:58:35.195890,63440.398,115757.555,0.792,231.98,63026.933,0.02,0.0
190.849,2026-06-25T23:58:35.246700,63492.984,115757.555,0.785,231.981,63026.933,0.02,0.0
190.9,2026-06-25T23:58:35.297533,63545.191,115757.555,0.78,231.982,63026.933,0.02,0.0
190.951,2026-06-25T23:58:35.348320,63597.465,115757.555,0.776,231.983,63026.933,0.02,0.0
191.002,2026-06-25T23:58:35.399317,63650.109,115757.555,0.774,231.984,63026.933,0.02,0.0
191.052,2026-06-25T23:58:35.450051,63703.379,115757.555,0.772,231.985,63026.933,0.02,0.0
191.103,2026-06-25T23:58:35.500870,63756.676,115757.555,0.818,231.986,63026.933,0.02,0.0
191.154,2026-06-25T23:58:35.551672,63810.266,115757.555,0.757,231.987,63026.933,0.02,0.0
191.205,2026-06-25T23:58:35.602520,63800.277,115757.555,0.76,231.988,63026.933,0.02,0.0
191.256,2026-06-25T23:58:35.653334,63492.277,115757.555,0.763,231.989,63026.933,0.02,0.0
191.306,2026-06-25T23:58:35.704124,63030.277,114957.555,0.765,231.99,63026.933,0.02,0.0
191.357,2026-06-25T23:58:35.754958,63030.277,114957.555,0.812,231.991,63026.933,0.02,0.0
191.408,2026-06-25T23:58:35.805767,63030.277,114957.555,0.799,231.992,63026.933,0.02,0.0
191.459,2026-06-25T23:58:35.856603,63030.277,114957.555,0.79,231.993,63026.933,0.02,0.0
191.51,2026-06-25T23:58:35.907389,63048.203,115007.555,0.829,231.994,63076.933,0.02,981.634
191.561,2026-06-25T23:58:35.958441,63030.277,114957.555,0.81,231.995,63076.933,0.02,0.0
191.612,2026-06-25T23:58:36.009271,63041.855,115757.555,0.752,231.996,63126.933,0.02,984.075
191.662,2026-06-25T23:58:36.060064,63094.043,115757.555,0.849,231.997,63126.933,0.02,0.0
191.713,2026-06-25T23:58:36.110903,63145.949,115757.555,0.825,231.998,63126.933,0.02,0.0
191.764,2026-06-25T23:58:36.161716,63196.891,115757.555,0.808,231.999,63126.933,0.02,0.0
191.815,2026-06-25T23:58:36.212550,63247.812,115757.555,0.796,232.0,63126.933,0.02,0.0
191.866,2026-06-25T23:58:36.263366,63299.84,115757.555,0.834,232.001,63126.933,0.02,0.0
191.917,2026-06-25T23:58:36.314199,63352.188,115757.555,0.814,232.002,63126.933,0.02,0.0
191.967,2026-06-25T23:58:36.365002,63404.633,115757.555,0.8,232.003,63126.933,0.02,0.0
192.018,2026-06-25T23:58:36.416101,63456.625,115757.555,0.789,232.004,63126.933,0.02,0.0
192.07,2026-06-25T23:58:36.467205,63506.887,115757.555,0.782,232.005,63126.933,0.02,0.0
192.121,2026-06-25T23:58:36.518185,63557.824,115757.555,0.778,232.006,63126.933,0.02,0.0
192.171,2026-06-25T23:58:36.568991,63610.727,115757.555,0.729,232.007,63126.933,0.02,0.0
192.222,2026-06-25T23:58:36.619801,63663.852,115757.555,0.787,232.008,63126.933,0.02,0.0
192.273,2026-06-25T23:58:36.670629,63716.977,115757.555,0.782,232.009,63126.933,0.02,0.0
192.324,2026-06-25T23:58:36.721438,63770.344,115757.555,0.778,232.01,63126.933,0.02,0.0
192.375,2026-06-25T23:58:36.772236,63823.512,115757.555,0.775,232.011,63126.933,0.02,0.0
192.425,2026-06-25T23:58:36.823045,63812.84,115757.555,0.773,232.012,63126.933,0.02,0.0
192.532,2026-06-25T23:58:36.929708,63030.277,114957.555,0.916,232.356,63126.933,3.23,0.0
192.582,2026-06-25T23:58:36.980150,63030.277,114957.555,0.871,232.357,63126.933,0.02,0.0
192.634,2026-06-25T23:58:37.031191,63030.277,114957.555,0.84,232.358,63126.933,0.02,0.0
192.684,2026-06-25T23:58:37.082032,63030.277,114957.555,0.819,232.359,63126.933,0.02,0.0
192.735,2026-06-25T23:58:37.132841,63060.777,115007.555,0.804,232.36,63176.933,0.02,983.738
192.786,2026-06-25T23:58:37.183682,63030.277,114957.555,0.793,232.361,63176.933,0.02,0.0
192.837,2026-06-25T23:58:37.234502,63054.0,115757.555,0.786,232.362,63226.933,0.02,984.389
192.888,2026-06-25T23:58:37.285345,63105.801,115757.555,0.781,232.363,63226.933,0.02,0.0
192.939,2026-06-25T23:58:37.336192,63157.602,115757.555,0.868,232.364,63226.933,0.02,0.0
192.99,2026-06-25T23:58:37.387248,63209.418,115757.555,0.837,232.365,63226.933,0.02,0.0
193.041,2026-06-25T23:58:37.438353,63259.242,115757.555,0.769,232.366,63226.933,0.02,0.0
193.092,2026-06-25T23:58:37.489490,63308.508,115757.555,0.768,232.367,63226.933,0.02,0.0
193.143,2026-06-25T23:58:37.540571,63359.0,115757.555,0.813,232.368,63226.933,0.02,0.0
193.194,2026-06-25T23:58:37.591508,63409.965,115757.555,0.8,232.369,63226.933,0.02,0.0
193.245,2026-06-25T23:58:37.642322,63460.98,115757.555,0.79,232.37,63226.933,0.02,0.0
193.295,2026-06-25T23:58:37.693119,63512.145,115757.555,0.784,232.371,63226.933,0.02,0.0
193.346,2026-06-25T23:58:37.743969,63563.66,115757.555,0.779,232.372,63226.933,0.02,0.0
193.397,2026-06-25T23:58:37.794776,63615.836,115757.555,0.776,232.373,63226.933,0.02,0.0
193.448,2026-06-25T23:58:37.845617,63669.027,115757.555,0.774,232.374,63226.933,0.02,0.0
193.499,2026-06-25T23:58:37.896426,63722.273,115757.555,0.819,232.375,63226.933,0.02,0.0
193.55,2026-06-25T23:58:37.947223,63775.402,115757.555,0.85,232.376,63226.933,0.02,0.0
193.6,2026-06-25T23:58:37.998021,63828.898,115757.555,0.779,232.377,63226.933,0.02,0.0
193.651,2026-06-25T23:58:38.048848,63817.777,115757.555,0.776,232.378,63226.933,0.02,0.0
193.702,2026-06-25T23:58:38.099636,63198.277,115757.555,0.82,232.379,63226.933,0.02,0.0
193.753,2026-06-25T23:58:38.150494,63030.277,114957.555,0.805,232.38,63226.933,0.02,0.0
193.804,2026-06-25T23:58:38.201309,63030.277,114957.555,0.794,232.381,63226.933,0.02,0.0
193.854,2026-06-25T23:58:38.252113,63030.277,114957.555,0.786,232.382,63226.933,0.02,0.0
193.905,2026-06-25T23:58:38.302934,63030.277,114957.555,0.781,232.383,63226.933,0.02,0.0
193.956,2026-06-25T23:58:38.353765,63062.383,115757.555,0.822,232.384,63276.933,0.02,978.871
194.007,2026-06-25T23:58:38.404891,63114.652,115757.555,0.805,232.385,63276.933,0.02,0.0
194.058,2026-06-25T23:58:38.456007,63166.941,115757.555,0.793,232.386,63276.933,0.02,0.0
194.11,2026-06-25T23:58:38.507170,63218.98,115757.555,0.83,232.387,63276.933,0.02,0.0
194.161,2026-06-25T23:58:38.558241,63270.926,115757.555,0.765,232.388,63276.933,0.02,0.0
194.212,2026-06-25T23:58:38.609247,63322.598,115757.555,0.811,232.389,63276.933,0.02,0.0
194.263,2026-06-25T23:58:38.660211,63373.48,115757.555,0.798,232.39,63276.933,0.02,0.0
194.313,2026-06-25T23:58:38.710977,63424.535,115757.555,0.789,232.391,63276.933,0.02,0.0
194.364,2026-06-25T23:58:38.761820,63475.453,115757.555,0.737,232.392,63276.933,0.02,0.0
194.415,2026-06-25T23:58:38.812630,63524.906,115757.555,0.747,232.393,63276.933,0.02,0.0
194.466,2026-06-25T23:58:38.863490,63574.391,115757.555,0.798,232.395,63276.933,0.02,0.0
194.517,2026-06-25T23:58:38.914609,63625.043,115757.555,0.788,232.396,63276.933,0.02,0.0
194.568,2026-06-25T23:58:38.965748,63677.406,115757.555,0.781,232.397,63276.933,0.02,0.0
194.619,2026-06-25T23:58:39.016857,63730.68,115757.555,0.821,232.398,63276.933,0.02,0.0
194.67,2026-06-25T23:58:39.067989,63784.184,115757.555,0.804,232.399,63276.933,0.02,0.0
194.721,2026-06-25T23:58:39.119083,63780.277,115707.555,0.746,232.4,63276.933,0.02,0.0
194.773,2026-06-25T23:58:39.170198,63826.277,115757.555,0.798,232.401,63276.933,0.02,0.0
194.824,2026-06-25T23:58:39.221195,63032.277,115757.555,0.789,232.402,63276.933,0.02,0.0
194.874,2026-06-25T23:58:39.272012,63030.277,114957.555,0.783,232.403,63276.933,0.02,0.0
194.925,2026-06-25T23:58:39.322847,63030.277,114957.555,0.778,232.404,63276.933,0.02,0.0
194.976,2026-06-25T23:58:39.373937,63030.277,114957.555,0.82,232.405,63276.933,0.02,0.0
195.027,2026-06-25T23:58:39.425074,63030.277,114957.555,0.803,232.406,63326.933,0.02,978.199
195.079,2026-06-25T23:58:39.476205,63074.895,115007.555,0.792,232.407,63326.933,0.02,0.0
195.13,2026-06-25T23:58:39.527284,63030.277,114957.555,0.829,232.408,63376.933,0.02,978.665
195.181,2026-06-25T23:58:39.578378,63068.332,115757.555,0.81,232.409,63376.933,0.02,0.0
195.232,2026-06-25T23:58:39.629532,63120.301,115757.555,0.796,232.41,63376.933,0.02,0.0
195.283,2026-06-25T23:58:39.680643,63171.441,115757.555,0.786,232.411,63376.933,0.02,0.0
195.334,2026-06-25T23:58:39.731751,63221.188,115757.555,0.826,232.412,63376.933,0.02,0.0
195.385,2026-06-25T23:58:39.782690,63270.445,115757.555,0.809,232.413,63376.933,0.02,0.0
195.436,2026-06-25T23:58:39.833520,63318.539,115757.555,0.797,232.414,63376.933,0.02,0.0
195.487,2026-06-25T23:58:39.884350,63370.793,115757.555,0.788,232.415,63376.933,0.02,0.0
195.538,2026-06-25T23:58:39.935191,63422.758,115757.555,0.782,232.416,63376.933,0.02,0.0
195.588,2026-06-25T23:58:39.985960,63475.645,115757.555,0.779,232.417,63376.933,0.02,0.0
195.639,2026-06-25T23:58:40.036766,63528.715,115757.555,0.775,232.418,63376.933,0.02,0.0
195.69,2026-06-25T23:58:40.087602,63581.574,115757.555,0.773,232.419,63376.933,0.02,0.0
195.741,2026-06-25T23:58:40.138432,63634.598,115757.555,0.772,232.42,63376.933,0.02,0.0
195.792,2026-06-25T23:58:40.189219,63687.836,115757.555,0.771,232.421,63376.933,0.02,0.0
195.842,2026-06-25T23:58:40.240005,63741.215,115757.555,0.77,232.422,63376.933,0.02,0.0
195.893,2026-06-25T23:58:40.290820,63793.039,115757.555,0.769,232.423,63376.933,0.02,0.0
195.944,2026-06-25T23:58:40.341770,63783.305,115757.555,0.768,232.424,63376.933,0.02,0.0
195.995,2026-06-25T23:58:40.392894,63726.277,115757.555,0.859,232.425,63376.933,0.02,0.0
196.046,2026-06-25T23:58:40.444007,63030.277,114957.555,0.83,232.426,63376.933,0.02,0.0
196.097,2026-06-25T23:58:40.495121,63030.277,114957.555,0.811,232.427,63376.933,0.02,0.0
196.149,2026-06-25T23:58:40.546236,63030.277,114957.555,0.797,232.428,63376.933,0.02,0.0
196.2,2026-06-25T23:58:40.597389,63030.277,114957.555,0.787,232.429,63376.933,0.02,0.0
196.251,2026-06-25T23:58:40.648492,63031.84,115757.555,0.78,232.43,63426.933,0.02,978.081
196.302,2026-06-25T23:58:40.699625,63083.656,115757.555,0.775,232.431,63426.933,0.02,0.0
196.353,2026-06-25T23:58:40.750732,63136.027,115757.555,0.818,232.432,63426.933,0.02,0.0
196.404,2026-06-25T23:58:40.801866,63188.207,115757.555,0.802,232.433,63426.933,0.02,0.0
196.455,2026-06-25T23:58:40.852952,63239.559,115757.555,0.837,232.434,63426.933,0.02,0.0
196.506,2026-06-25T23:58:40.903798,63290.961,115757.555,0.771,232.435,63426.933,0.02,0.0
196.557,2026-06-25T23:58:40.954614,63342.309,115757.555,0.816,232.436,63426.933,0.02,0.0
196.608,2026-06-25T23:58:41.005433,63393.371,115757.555,0.802,232.437,63426.933,0.02,0.0
196.659,2026-06-25T23:58:41.056239,63444.238,115757.555,0.746,232.438,63426.933,0.02,0.0
196.709,2026-06-25T23:58:41.107035,63494.848,115757.555,0.753,232.439,63426.933,0.02,0.0
196.76,2026-06-25T23:58:41.157857,63545.547,115757.555,0.758,232.44,63426.933,0.02,0.0
196.811,2026-06-25T23:58:41.208677,63594.496,115757.555,0.807,232.441,63426.933,0.02,0.0
196.862,2026-06-25T23:58:41.259511,63645.805,115757.555,0.795,232.443,63426.933,0.02,0.0
196.913,2026-06-25T23:58:41.310348,63697.465,115757.555,0.787,232.444,63426.933,0.02,0.0
196.964,2026-06-25T23:58:41.361453,63747.516,115757.555,0.78,232.445,63426.933,0.02,0.0
197.015,2026-06-25T23:58:41.412468,63799.531,115757.555,0.822,232.446,63426.933,0.02,0.0
197.066,2026-06-25T23:58:41.463347,63788.777,115757.555,0.806,232.447,63426.933,0.02,0.0
197.117,2026-06-25T23:58:41.514193,63652.277,115757.555,0.841,232.448,63426.933,0.02,0.0
197.167,2026-06-25T23:58:41.564991,63030.277,114957.555,0.819,232.449,63426.933,0.02,0.0
197.218,2026-06-25T23:58:41.615818,63030.277,114957.555,0.803,232.45,63426.933,0.02,0.0
197.269,2026-06-25T23:58:41.666944,63030.277,114957.555,0.792,232.451,63426.933,0.02,0.0
197.32,2026-06-25T23:58:41.718047,63030.277,114957.555,0.783,232.452,63426.933,0.02,0.0
197.372,2026-06-25T23:58:41.769211,63036.527,115757.555,0.778,232.453,63476.933,0.02,978.245
197.423,2026-06-25T23:58:41.820291,63087.961,115757.555,0.774,232.454,63476.933,0.02,0.0
197.474,2026-06-25T23:58:41.871479,63140.211,115757.555,0.771,232.455,63476.933,0.02,0.0
197.581,2026-06-25T23:58:41.978925,63247.156,115757.555,0.912,232.798,63476.933,3.213,0.0
197.632,2026-06-25T23:58:42.029369,63296.812,115757.555,0.823,232.799,63476.933,0.02,0.0
197.682,2026-06-25T23:58:42.079997,63348.48,115757.555,0.854,232.8,63476.933,0.02,0.0
197.733,2026-06-25T23:58:42.130764,63400.465,115757.555,0.828,232.801,63476.933,0.02,0.0
197.784,2026-06-25T23:58:42.181579,63452.484,115757.555,0.857,232.802,63476.933,0.02,0.0
197.835,2026-06-25T23:58:42.232398,63505.219,115757.555,0.83,232.803,63476.933,0.02,0.0
197.886,2026-06-25T23:58:42.283505,63558.023,115757.555,0.856,232.804,63476.933,0.02,0.0
197.937,2026-06-25T23:58:42.334627,63611.09,115757.555,0.782,232.805,63476.933,0.02,0.0
197.988,2026-06-25T23:58:42.385704,63664.387,115757.555,0.823,232.806,63476.933,0.02,0.0
198.039,2026-06-25T23:58:42.436833,63717.777,115757.555,0.76,232.807,63476.933,0.02,0.0
198.09,2026-06-25T23:58:42.487909,63768.727,115757.555,0.807,232.808,63476.933,0.02,0.0
198.141,2026-06-25T23:58:42.538888,63822.305,115757.555,0.795,232.809,63476.933,0.02,0.0
198.192,2026-06-25T23:58:42.589682,63811.5,115757.555,0.788,232.81,63476.933,0.02,0.0
198.243,2026-06-25T23:58:42.640565,63318.277,115757.555,0.781,232.811,63476.933,0.02,0.0
198.294,2026-06-25T23:58:42.691607,63030.277,114957.555,0.776,232.812,63476.933,0.02,0.0
198.345,2026-06-25T23:58:42.742683,63030.277,114957.555,0.773,232.813,63476.933,0.02,0.0
198.396,2026-06-25T23:58:42.793734,63030.277,114957.555,0.771,232.815,63476.933,0.02,0.0
198.447,2026-06-25T23:58:42.844792,63030.277,114957.555,0.769,232.816,63476.933,0.02,0.0
198.498,2026-06-25T23:58:42.895883,63057.531,115757.555,0.767,232.817,63526.933,0.02,978.524
198.549,2026-06-25T23:58:42.946967,63108.18,115757.555,0.813,232.818,63526.933,0.02,0.0
198.6,2026-06-25T23:58:42.997994,63161.301,115757.555,0.843,232.819,63526.933,0.02,0.0
198.652,2026-06-25T23:58:43.049354,63214.129,115757.555,0.82,232.82,63526.933,0.02,0.0
198.703,2026-06-25T23:58:43.100178,63266.422,115757.555,0.805,232.821,63526.933,0.02,0.0
198.753,2026-06-25T23:58:43.150941,63318.785,115757.555,0.794,232.822,63526.933,0.02,0.0
198.804,2026-06-25T23:58:43.201776,63371.156,115757.555,0.785,232.823,63526.933,0.02,0.0
198.855,2026-06-25T23:58:43.252886,63423.48,115757.555,0.779,232.824,63526.933,0.02,0.0
198.906,2026-06-25T23:58:43.303985,63475.883,115757.555,0.821,232.825,63526.933,0.02,0.0
198.957,2026-06-25T23:58:43.355103,63528.168,115757.555,0.804,232.826,63526.933,0.02,0.0
199.009,2026-06-25T23:58:43.406232,63579.18,115757.555,0.792,232.827,63526.933,0.02,0.0
199.06,2026-06-25T23:58:43.457328,63631.293,115757.555,0.83,232.828,63526.933,0.02,0.0
199.111,2026-06-25T23:58:43.508442,63684.367,115757.555,0.81,232.829,63526.933,0.02,0.0
199.162,2026-06-25T23:58:43.559530,63735.98,115757.555,0.751,232.83,63526.933,0.02,0.0
199.213,2026-06-25T23:58:43.610498,63788.305,115757.555,0.802,232.831,63526.933,0.02,0.0
199.264,2026-06-25T23:58:43.661327,63780.277,115707.555,0.791,232.832,63526.933,0.02,0.0
199.315,2026-06-25T23:58:43.712422,63830.277,115757.555,0.737,232.833,63526.933,0.02,0.0
199.366,2026-06-25T23:58:43.763552,63030.277,114957.555,0.837,232.834,63526.933,0.02,0.0
199.417,2026-06-25T23:58:43.814670,63030.277,114957.555,0.815,232.835,63526.933,0.02,0.0
199.468,2026-06-25T23:58:43.865862,63030.277,114957.555,0.8,232.836,63526.933,0.02,0.0
199.519,2026-06-25T23:58:43.916976,63030.277,114957.555,0.789,232.837,63526.933,0.02,0.0
199.57,2026-06-25T23:58:43.968104,63030.277,114957.555,0.736,232.838,63576.933,0.02,978.122
199.622,2026-06-25T23:58:44.019193,63071.043,115007.555,0.745,232.839,63576.933,0.02,0.0
199.673,2026-06-25T23:58:44.070247,63030.277,114957.555,0.751,232.84,63576.933,0.02,0.0
199.724,2026-06-25T23:58:44.121344,63063.449,115757.555,0.847,232.841,63626.933,0.02,980.0
199.775,2026-06-25T23:58:44.172318,63115.215,115757.555,0.777,232.842,63626.933,0.02,0.0
199.826,2026-06-25T23:58:44.223180,63166.527,115757.555,0.774,232.843,63626.933,0.02,0.0
199.877,2026-06-25T23:58:44.274253,63211.961,115757.555,0.863,232.844,63626.933,0.02,0.0
199.928,2026-06-25T23:58:44.325309,63262.715,115757.555,0.788,232.845,63626.933,0.02,0.0
199.979,2026-06-25T23:58:44.376404,63313.707,115757.555,0.827,232.846,63626.933,0.02,0.0
200.03,2026-06-25T23:58:44.427500,63366.031,115757.555,0.808,232.847,63626.933,0.02,0.0
200.081,2026-06-25T23:58:44.478608,63418.242,115757.555,0.795,232.848,63626.933,0.02,0.0
200.132,2026-06-25T23:58:44.529720,63470.742,115757.555,0.786,232.849,63626.933,0.02,0.0
200.183,2026-06-25T23:58:44.580861,63523.582,115757.555,0.779,232.85,63626.933,0.02,0.0
200.234,2026-06-25T23:58:44.631970,63576.605,115757.555,0.775,232.851,63626.933,0.02,0.0
200.285,2026-06-25T23:58:44.683053,63627.684,115757.555,0.819,232.852,63626.933,0.02,0.0
200.336,2026-06-25T23:58:44.733887,63680.754,115757.555,0.757,232.853,63626.933,0.02,0.0
200.387,2026-06-25T23:58:44.784720,63734.0,115757.555,0.761,232.854,63626.933,0.02,0.0
200.438,2026-06-25T23:58:44.835548,63783.336,115757.555,0.763,232.855,63626.933,0.02,0.0
200.489,2026-06-25T23:58:44.886411,63780.277,115707.555,0.811,232.856,63626.933,0.02,0.0
200.54,2026-06-25T23:58:44.937199,63823.676,115757.555,0.798,232.857,63626.933,0.02,0.0
200.59,2026-06-25T23:58:44.987968,63084.277,115757.555,0.79,232.858,63626.933,0.02,0.0
200.641,2026-06-25T23:58:45.038799,63030.277,114957.555,0.829,232.859,63626.933,0.02,0.0
200.692,2026-06-25T23:58:45.089593,63030.277,114957.555,0.811,232.86,63626.933,0.02,0.0
200.743,2026-06-25T23:58:45.140397,63030.277,114957.555,0.799,232.862,63626.933,0.02,0.0
200.794,2026-06-25T23:58:45.191211,63030.277,114957.555,0.743,232.863,63676.933,0.02,981.56
200.845,2026-06-25T23:58:45.242154,63059.852,115757.555,0.797,232.864,63676.933,0.02,0.0
200.895,2026-06-25T23:58:45.292950,63099.211,115757.555,0.788,232.865,63676.933,0.02,0.0
200.946,2026-06-25T23:58:45.343780,63138.691,115757.555,0.782,232.866,63676.933,0.02,0.0
200.997,2026-06-25T23:58:45.394869,63187.559,115757.555,0.776,232.867,63676.933,0.02,0.0
201.048,2026-06-25T23:58:45.445986,63238.598,115757.555,0.773,232.868,63676.933,0.02,0.0
201.099,2026-06-25T23:58:45.497058,63290.555,115757.555,0.77,232.869,63676.933,0.02,0.0
201.151,2026-06-25T23:58:45.548205,63343.031,115757.555,0.768,232.87,63676.933,0.02,0.0
201.202,2026-06-25T23:58:45.599279,63395.902,115757.555,0.859,232.871,63676.933,0.02,0.0
201.253,2026-06-25T23:58:45.650387,63448.227,115757.555,0.785,232.872,63676.933,0.02,0.0
201.304,2026-06-25T23:58:45.701454,63500.418,115757.555,0.825,232.873,63676.933,0.02,0.0
201.355,2026-06-25T23:58:45.752543,63552.461,115757.555,0.807,232.874,63676.933,0.02,0.0
201.406,2026-06-25T23:58:45.803542,63603.969,115757.555,0.795,232.875,63676.933,0.02,0.0
201.457,2026-06-25T23:58:45.854360,63655.328,115757.555,0.787,232.876,63676.933,0.02,0.0
201.508,2026-06-25T23:58:45.905203,63707.543,115757.555,0.781,232.877,63676.933,0.02,0.0
201.558,2026-06-25T23:58:45.955988,63760.293,115757.555,0.824,232.878,63676.933,0.02,0.0
201.609,2026-06-25T23:58:46.006785,63813.375,115757.555,0.822,232.879,63676.933,0.018,0.0
201.667,2026-06-25T23:58:46.064258,63808.926,115757.555,0.806,232.88,63676.933,0.02,0.0
201.717,2026-06-25T23:58:46.115050,63330.277,115757.555,0.841,232.881,63676.933,0.02,0.0
201.768,2026-06-25T23:58:46.165861,63030.277,114957.555,0.818,232.882,63676.933,0.02,0.0
201.819,2026-06-25T23:58:46.216964,63030.277,114957.555,0.802,232.883,63676.933,0.02,0.0
201.87,2026-06-25T23:58:46.268077,63030.277,114957.555,0.791,232.884,63676.933,0.02,0.0
201.922,2026-06-25T23:58:46.319185,63030.277,114957.555,0.783,232.885,63676.933,0.02,0.0
201.973,2026-06-25T23:58:46.370185,63047.172,115757.555,0.825,232.886,63726.933,0.02,983.572
202.023,2026-06-25T23:58:46.420968,63086.262,115757.555,0.808,232.887,63726.933,0.02,0.0
202.074,2026-06-25T23:58:46.471793,63125.078,115757.555,0.796,232.888,63726.933,0.02,0.0
202.125,2026-06-25T23:58:46.522602,63168.949,115757.555,0.742,232.889,63726.933,0.02,0.0
202.176,2026-06-25T23:58:46.573450,63207.82,115757.555,0.749,232.89,63726.933,0.02,0.0
202.227,2026-06-25T23:58:46.624550,63246.168,115757.555,0.799,232.891,63726.933,0.02,0.0
202.278,2026-06-25T23:58:46.675693,63287.781,115757.555,0.789,232.892,63726.933,0.02,0.0
202.329,2026-06-25T23:58:46.726792,63338.598,115757.555,0.781,232.893,63726.933,0.02,0.0
202.38,2026-06-25T23:58:46.777914,63390.07,115757.555,0.822,232.894,63726.933,0.02,0.0
202.431,2026-06-25T23:58:46.829025,63442.23,115757.555,0.759,232.895,63726.933,0.02,0.0
202.482,2026-06-25T23:58:46.880112,63494.531,115757.555,0.807,232.896,63726.933,0.02,0.0
202.589,2026-06-25T23:58:46.986158,63603.855,115757.555,0.92,233.24,63726.933,3.253,0.0
202.639,2026-06-25T23:58:47.036577,63656.516,115757.555,0.875,233.241,63726.933,0.02,0.0
202.69,2026-06-25T23:58:47.087216,63709.402,115757.555,0.936,233.242,63726.933,0.02,0.0
202.74,2026-06-25T23:58:47.137972,63762.543,115757.555,0.886,233.243,63726.933,0.02,0.0
202.791,2026-06-25T23:58:47.188785,63815.715,115757.555,0.851,233.244,63726.933,0.02,0.0
202.842,2026-06-25T23:58:47.239672,63803.492,115757.555,0.779,233.245,63726.933,0.02,0.0
202.893,2026-06-25T23:58:47.290790,63434.277,115757.555,0.821,233.246,63726.933,0.02,0.0
202.944,2026-06-25T23:58:47.341871,63030.277,114957.555,0.804,233.247,63726.933,0.02,0.0
202.995,2026-06-25T23:58:47.392958,63030.277,114957.555,0.792,233.248,63726.933,0.02,0.0
203.046,2026-06-25T23:58:47.444018,63030.277,114957.555,0.784,233.249,63726.933,0.02,0.0
203.097,2026-06-25T23:58:47.495058,63030.277,114957.555,0.779,233.25,63726.933,0.02,0.0
203.148,2026-06-25T23:58:47.545915,63048.227,115757.555,0.776,233.251,63776.933,0.02,983.752
203.199,2026-06-25T23:58:47.596745,63100.043,115757.555,0.773,233.252,63776.933,0.02,0.0
203.25,2026-06-25T23:58:47.647829,63152.066,115757.555,0.771,233.253,63776.933,0.02,0.0
203.301,2026-06-25T23:58:47.698904,63194.859,115757.555,0.769,233.254,63776.933,0.02,0.0
203.352,2026-06-25T23:58:47.750016,63248.18,115757.555,0.767,233.255,63776.933,0.02,0.0
203.403,2026-06-25T23:58:47.801129,63301.137,115757.555,0.812,233.256,63776.933,0.02,0.0
203.455,2026-06-25T23:58:47.852246,63353.715,115757.555,0.798,233.257,63776.933,0.02,0.0
203.506,2026-06-25T23:58:47.903374,63405.996,115757.555,0.742,233.258,63776.933,0.02,0.0
203.557,2026-06-25T23:58:47.954476,63458.254,115757.555,0.84,233.259,63776.933,0.02,0.0
203.608,2026-06-25T23:58:48.005549,63509.895,115757.555,0.772,233.26,63776.933,0.02,0.0
203.659,2026-06-25T23:58:48.056368,63561.531,115757.555,0.817,233.261,63776.933,0.02,0.0
203.71,2026-06-25T23:58:48.107172,63613.367,115757.555,0.803,233.262,63776.933,0.02,0.0
203.76,2026-06-25T23:58:48.157941,63665.781,115757.555,0.793,233.263,63776.933,0.02,0.0
203.811,2026-06-25T23:58:48.208761,63718.684,115757.555,0.785,233.264,63776.933,0.02,0.0
203.862,2026-06-25T23:58:48.259871,63771.887,115757.555,0.778,233.265,63776.933,0.02,0.0
203.913,2026-06-25T23:58:48.310975,63825.496,115757.555,0.82,233.266,63776.933,0.02,0.0
203.964,2026-06-25T23:58:48.362090,63813.852,115757.555,0.804,233.267,63776.933,0.02,0.0
204.016,2026-06-25T23:58:48.413226,63248.277,115757.555,0.792,233.268,63776.933,0.02,0.0
204.067,2026-06-25T23:58:48.464299,63030.277,114957.555,0.784,233.269,63776.933,0.02,0.0
204.118,2026-06-25T23:58:48.515340,63030.277,114957.555,0.778,233.27,63776.933,0.02,0.0
204.169,2026-06-25T23:58:48.566302,63030.277,114957.555,0.775,233.271,63776.933,0.02,0.0
204.219,2026-06-25T23:58:48.617105,63030.277,114957.555,0.773,233.272,63776.933,0.02,0.0
204.27,2026-06-25T23:58:48.667936,63059.965,115757.555,0.772,233.273,63826.933,0.02,983.71
204.321,2026-06-25T23:58:48.718750,63111.527,115757.555,0.817,233.274,63826.933,0.02,0.0
204.372,2026-06-25T23:58:48.769579,63159.902,115757.555,0.803,233.275,63826.933,0.02,0.0
204.423,2026-06-25T23:58:48.820415,63199.004,115757.555,0.792,233.276,63826.933,0.02,0.0
204.474,2026-06-25T23:58:48.871209,63234.965,115757.555,0.786,233.277,63826.933,0.02,0.0
204.524,2026-06-25T23:58:48.922005,63274.027,115757.555,0.826,233.278,63826.933,0.02,0.0
204.575,2026-06-25T23:58:48.972857,63313.211,115757.555,0.808,233.279,63826.933,0.02,0.0
204.626,2026-06-25T23:58:49.023930,63352.527,115757.555,0.841,233.28,63826.933,0.02,0.0
204.677,2026-06-25T23:58:49.075052,63391.859,115757.555,0.818,233.282,63826.933,0.02,0.0
204.728,2026-06-25T23:58:49.126104,63439.863,115757.555,0.802,233.283,63826.933,0.02,0.0
204.779,2026-06-25T23:58:49.177055,63492.207,115757.555,0.791,233.284,63826.933,0.02,0.0
204.831,2026-06-25T23:58:49.228178,63545.027,115757.555,0.783,233.285,63826.933,0.02,0.0
204.882,2026-06-25T23:58:49.279237,63598.227,115757.555,0.778,233.286,63826.933,0.02,0.0
204.933,2026-06-25T23:58:49.330307,63651.352,115757.555,0.774,233.287,63826.933,0.02,0.0
204.984,2026-06-25T23:58:49.381388,63705.07,115757.555,0.771,233.288,63826.933,0.02,0.0
205.035,2026-06-25T23:58:49.432493,63758.656,115757.555,0.769,233.289,63826.933,0.02,0.0
205.086,2026-06-25T23:58:49.483625,63812.465,115757.555,0.813,233.29,63826.933,0.02,0.0
205.137,2026-06-25T23:58:49.534721,63800.777,115757.555,0.798,233.291,63826.933,0.02,0.0
205.188,2026-06-25T23:58:49.585837,63480.277,115757.555,0.742,233.292,63826.933,0.02,0.0
205.239,2026-06-25T23:58:49.636907,63030.277,114957.555,0.795,233.293,63826.933,0.02,0.0
205.29,2026-06-25T23:58:49.687890,63030.277,114957.555,0.787,233.294,63826.933,0.02,0.0
205.341,2026-06-25T23:58:49.738704,63030.277,114957.555,0.828,233.295,63826.933,0.02,0.0
205.392,2026-06-25T23:58:49.789522,63030.277,114957.555,0.81,233.296,63826.933,0.02,0.0
205.443,2026-06-25T23:58:49.840315,63033.805,115757.555,0.798,233.297,63876.933,0.02,984.084
205.493,2026-06-25T23:58:49.891085,63072.719,115757.555,0.789,233.298,63876.933,0.02,0.0
205.544,2026-06-25T23:58:49.941881,63120.031,115757.555,0.783,233.299,63876.933,0.02,0.0
205.595,2026-06-25T23:58:49.992690,63173.211,115757.555,0.825,233.3,63876.933,0.02,0.0
205.646,2026-06-25T23:58:50.043512,63226.156,115757.555,0.808,233.301,63876.933,0.02,0.0
205.697,2026-06-25T23:58:50.094295,63278.727,115757.555,0.797,233.302,63876.933,0.02,0.0
205.747,2026-06-25T23:58:50.145057,63330.852,115757.555,0.834,233.303,63876.933,0.02,0.0
205.798,2026-06-25T23:58:50.195870,63382.602,115757.555,0.768,233.304,63876.933,0.02,0.0
205.849,2026-06-25T23:58:50.246915,63434.754,115757.555,0.767,233.305,63876.933,0.02,0.0
205.9,2026-06-25T23:58:50.297889,63487.594,115757.555,0.814,233.306,63876.933,0.02,0.0
205.951,2026-06-25T23:58:50.348700,63540.414,115757.555,0.799,233.307,63876.933,0.02,0.0
206.002,2026-06-25T23:58:50.399803,63593.816,115757.555,0.789,233.308,63876.933,0.02,0.0
206.053,2026-06-25T23:58:50.450898,63647.438,115757.555,0.781,233.309,63876.933,0.02,0.0
206.104,2026-06-25T23:58:50.502008,63701.168,115757.555,0.776,233.31,63876.933,0.02,0.0
206.155,2026-06-25T23:58:50.553094,63754.961,115757.555,0.773,233.311,63876.933,0.02,0.0
206.207,2026-06-25T23:58:50.604213,63808.402,115757.555,0.77,233.312,63876.933,0.02,0.0
206.258,2026-06-25T23:58:50.655280,63797.777,115757.555,0.815,233.313,63876.933,0.02,0.0
206.309,2026-06-25T23:58:50.706347,63520.277,115757.555,0.754,233.314,63876.933,0.02,0.0
206.36,2026-06-25T23:58:50.757389,63030.277,114957.555,0.803,233.315,63876.933,0.02,0.0
206.411,2026-06-25T23:58:50.808412,63030.277,114957.555,0.792,233.316,63876.933,0.02,0.0
206.462,2026-06-25T23:58:50.859232,63030.277,114957.555,0.785,233.317,63876.933,0.02,0.0
206.512,2026-06-25T23:58:50.910031,63030.277,114957.555,0.826,233.318,63876.933,0.02,0.0
206.563,2026-06-25T23:58:50.960875,63043.215,115757.555,0.809,233.319,63926.933,0.02,984.075
206.614,2026-06-25T23:58:51.011678,63095.574,115757.555,0.797,233.32,63926.933,0.02,0.0
206.665,2026-06-25T23:58:51.062503,63147.977,115757.555,0.788,233.321,63926.933,0.02,0.0
206.716,2026-06-25T23:58:51.113298,63195.902,115757.555,0.783,233.322,63926.933,0.02,0.0
206.766,2026-06-25T23:58:51.164083,63248.34,115757.555,0.778,233.323,63926.933,0.02,0.0
206.817,2026-06-25T23:58:51.214914,63301.688,115757.555,0.775,233.324,63926.933,0.02,0.0
206.868,2026-06-25T23:58:51.265996,63355.219,115757.555,0.818,233.325,63926.933,0.02,0.0
206.919,2026-06-25T23:58:51.317079,63407.258,115757.555,0.756,233.326,63926.933,0.02,0.0
206.97,2026-06-25T23:58:51.368063,63446.527,115757.555,0.805,233.327,63926.933,0.02,0.0
207.021,2026-06-25T23:58:51.418924,63486.117,115757.555,0.841,233.328,63926.933,0.02,0.0
207.072,2026-06-25T23:58:51.469717,63525.816,115757.555,0.819,233.33,63926.933,0.02,0.0
207.123,2026-06-25T23:58:51.520537,63576.41,115757.555,0.804,233.331,63926.933,0.02,0.0
207.174,2026-06-25T23:58:51.571348,63629.477,115757.555,0.793,233.332,63926.933,0.02,0.0
207.224,2026-06-25T23:58:51.622116,63682.348,115757.555,0.832,233.333,63926.933,0.02,0.0
207.275,2026-06-25T23:58:51.673123,63735.559,115757.555,0.812,233.334,63926.933,0.02,0.0
207.327,2026-06-25T23:58:51.724212,63789.109,115757.555,0.798,233.335,63926.933,0.02,0.0
207.378,2026-06-25T23:58:51.775290,63780.277,115707.555,0.834,233.336,63926.933,0.02,0.0
207.429,2026-06-25T23:58:51.826457,63829.543,115757.555,0.812,233.337,63926.933,0.02,0.0
207.48,2026-06-25T23:58:51.877539,63030.277,114957.555,0.798,233.338,63926.933,0.02,0.0
207.531,2026-06-25T23:58:51.928498,63030.277,114957.555,0.789,233.339,63926.933,0.02,0.0
207.637,2026-06-25T23:58:52.034484,63030.277,114957.555,0.907,233.682,63926.933,3.25,0.0
207.687,2026-06-25T23:58:52.084922,63031.164,115757.555,0.82,233.683,63976.933,0.02,986.709
207.738,2026-06-25T23:58:52.135587,63082.93,115757.555,0.806,233.684,63976.933,0.02,0.0
207.789,2026-06-25T23:58:52.186214,63134.395,115757.555,0.841,233.685,63976.933,0.02,0.0
207.839,2026-06-25T23:58:52.236992,63185.91,115757.555,0.866,233.686,63976.933,0.02,0.0
207.89,2026-06-25T23:58:52.287951,63238.457,115757.555,0.789,233.687,63976.933,0.02,0.0
207.941,2026-06-25T23:58:52.339057,63287.543,115757.555,0.828,233.688,63976.933,0.02,0.0
207.993,2026-06-25T23:58:52.390194,63327.465,115757.555,0.763,233.689,63976.933,0.02,0.0
208.044,2026-06-25T23:58:52.441250,63366.773,115757.555,0.809,233.69,63976.933,0.02,0.0
208.095,2026-06-25T23:58:52.492335,63405.973,115757.555,0.797,233.691,63976.933,0.02,0.0
208.145,2026-06-25T23:58:52.543122,63445.559,115757.555,0.788,233.692,63976.933,0.02,0.0
208.196,2026-06-25T23:58:52.593963,63485.355,115757.555,0.828,233.693,63976.933,0.02,0.0
208.247,2026-06-25T23:58:52.645030,63525.215,115757.555,0.855,233.694,63976.933,0.02,0.0
208.299,2026-06-25T23:58:52.696164,63576.344,115757.555,0.782,233.695,63976.933,0.02,0.0
208.35,2026-06-25T23:58:52.747252,63629.75,115757.555,0.777,233.696,63976.933,0.02,0.0
208.401,2026-06-25T23:58:52.798383,63683.535,115757.555,0.819,233.697,63976.933,0.02,0.0
208.452,2026-06-25T23:58:52.849526,63737.277,115757.555,0.756,233.698,63976.933,0.02,0.0
208.503,2026-06-25T23:58:52.900638,63791.176,115757.555,0.805,233.699,63976.933,0.02,0.0
208.554,2026-06-25T23:58:52.951751,63780.777,115757.555,0.792,233.701,63976.933,0.02,0.0
208.605,2026-06-25T23:58:53.002850,63808.277,115757.555,0.785,233.702,63976.933,0.02,0.0
208.656,2026-06-25T23:58:53.053729,63030.277,114957.555,0.78,233.703,63976.933,0.02,0.0
208.707,2026-06-25T23:58:53.104545,63030.277,114957.555,0.777,233.704,63976.933,0.02,0.0
208.758,2026-06-25T23:58:53.155336,63030.277,114957.555,0.774,233.705,63976.933,0.02,0.0
208.808,2026-06-25T23:58:53.206107,63030.277,114957.555,0.773,233.706,63976.933,0.02,0.0
208.859,2026-06-25T23:58:53.256933,62986.277,114957.555,0.817,233.707,64026.933,0.02,980.266
208.91,2026-06-25T23:58:53.308025,61430.277,113357.555,0.801,233.708,64026.933,0.02,0.0
208.962,2026-06-25T23:58:53.359171,61430.277,113357.555,0.79,233.709,64026.933,0.02,0.0
209.013,2026-06-25T23:58:53.410245,61430.277,113357.555,0.782,233.71,64026.933,0.02,0.0
209.064,2026-06-25T23:58:53.461370,61430.277,113357.555,0.823,233.711,64026.933,0.02,0.0
209.115,2026-06-25T23:58:53.512477,61430.277,113357.555,0.805,233.712,64026.933,0.02,0.0
209.166,2026-06-25T23:58:53.563578,61430.277,113357.555,0.794,233.713,64026.933,0.02,0.0
209.217,2026-06-25T23:58:53.614442,61804.816,121549.555,0.923,233.714,64026.933,0.02,0.0
209.268,2026-06-25T23:58:53.665549,62539.363,121549.555,1.151,233.715,64026.933,0.02,0.0
209.319,2026-06-25T23:58:53.716635,63274.469,121599.555,1.264,233.716,64076.933,0.02,977.411
209.37,2026-06-25T23:58:53.767786,63950.965,121549.555,1.343,233.717,64076.933,0.02,0.0
209.421,2026-06-25T23:58:53.818916,64686.996,121599.555,1.445,233.718,64126.933,0.02,978.606
209.472,2026-06-25T23:58:53.870035,65370.215,121549.555,1.47,233.719,64126.933,0.02,0.0
209.523,2026-06-25T23:58:53.921130,66099.328,121599.555,1.442,233.72,64176.933,0.02,978.341
209.575,2026-06-25T23:58:53.972248,66788.816,121549.555,1.514,233.721,64176.933,0.02,0.0
209.626,2026-06-25T23:58:54.023355,67508.273,121599.555,1.564,233.722,64226.933,0.02,978.377
209.677,2026-06-25T23:58:54.074436,68202.59,121549.555,1.554,233.723,64226.933,0.02,0.0
209.728,2026-06-25T23:58:54.125403,68912.426,121599.555,1.503,233.724,64276.933,0.02,982.986
209.779,2026-06-25T23:58:54.176230,69609.965,121549.555,1.558,233.725,64276.933,0.02,0.0
209.83,2026-06-25T23:58:54.227284,69637.738,125699.555,1.549,233.726,64326.933,0.02,979.227
209.881,2026-06-25T23:58:54.278406,69678.531,125699.555,1.589,233.727,64326.933,0.02,0.0
209.932,2026-06-25T23:58:54.329505,69712.941,125649.555,1.571,233.728,64376.933,0.02,978.259
209.983,2026-06-25T23:58:54.380631,69799.508,125699.555,1.604,233.729,64376.933,0.02,0.0
210.034,2026-06-25T23:58:54.431735,69794.023,125649.555,1.581,233.73,64426.933,0.02,977.958
210.085,2026-06-25T23:58:54.482870,69872.582,125699.555,1.565,233.731,64426.933,0.02,0.0
210.136,2026-06-25T23:58:54.533975,69875.574,125649.555,1.6,233.732,64426.933,0.02,0.0
210.187,2026-06-25T23:58:54.585086,69947.629,126449.555,1.579,233.733,64476.933,0.02,978.884
210.238,2026-06-25T23:58:54.636134,70035.188,126449.555,1.565,233.734,64476.933,0.02,0.0
210.289,2026-06-25T23:58:54.687081,70128.094,126449.555,1.556,233.735,64476.933,0.02,0.0
210.34,2026-06-25T23:58:54.737898,70221.348,126449.555,1.55,233.736,64476.933,0.02,0.0
210.391,2026-06-25T23:58:54.788730,70314.57,126449.555,1.592,233.737,64476.933,0.02,0.0
210.442,2026-06-25T23:58:54.839576,70398.945,126449.555,1.576,233.738,64476.933,0.02,0.0
210.493,2026-06-25T23:58:54.890404,70490.281,126449.555,1.518,233.739,64476.933,0.02,0.0
210.544,2026-06-25T23:58:54.941218,70581.934,126449.555,1.57,233.74,64476.933,0.02,0.0
210.594,2026-06-25T23:58:54.991965,70673.805,126449.555,1.561,233.741,64476.933,0.02,0.0
210.645,2026-06-25T23:58:55.042784,70765.637,126449.555,1.554,233.742,64476.933,0.02,0.0
210.696,2026-06-25T23:58:55.093591,70857.863,126449.555,1.549,233.743,64476.933,0.02,0.0
210.747,2026-06-25T23:58:55.144421,70948.809,126449.555,1.592,233.744,64476.933,0.02,0.0
210.798,2026-06-25T23:58:55.195194,71030.543,126449.555,1.575,233.746,64476.933,0.02,0.0
210.848,2026-06-25T23:58:55.246023,71122.0,126449.555,1.564,233.747,64476.933,0.02,0.0
210.899,2026-06-25T23:58:55.296840,71213.949,126449.555,1.556,233.748,64476.933,0.02,0.0
210.95,2026-06-25T23:58:55.347652,71252.621,126399.555,1.551,233.749,64476.933,0.02,0.0
211.001,2026-06-25T23:58:55.398482,71333.871,126449.555,1.547,233.75,64476.933,0.02,0.0
211.052,2026-06-25T23:58:55.449261,70733.156,126449.555,1.59,233.751,64476.933,0.02,0.0
211.102,2026-06-25T23:58:55.500019,70603.371,125649.555,1.575,233.752,64476.933,0.02,0.0
211.153,2026-06-25T23:58:55.550824,70638.77,125649.555,1.564,233.753,64476.933,0.02,0.0
211.204,2026-06-25T23:58:55.601618,70671.898,125649.555,1.602,233.754,64476.933,0.02,0.0
211.255,2026-06-25T23:58:55.652429,70705.871,125649.555,1.583,233.755,64476.933,0.02,0.0
211.306,2026-06-25T23:58:55.703205,70747.371,125699.555,1.616,233.756,64526.933,0.02,984.454
211.356,2026-06-25T23:58:55.753967,70820.855,125699.555,1.592,233.757,64526.933,0.02,0.0
211.407,2026-06-25T23:58:55.804894,70805.977,125649.555,1.575,233.758,64526.933,0.02,0.0
211.458,2026-06-25T23:58:55.855727,70874.289,126449.555,1.564,233.759,64576.933,0.02,984.052
211.509,2026-06-25T23:58:55.906538,70953.758,126449.555,1.556,233.76,64576.933,0.02,0.0
211.56,2026-06-25T23:58:55.957342,71029.883,126449.555,1.55,233.761,64576.933,0.02,0.0
211.61,2026-06-25T23:58:56.008116,71109.375,126449.555,1.547,233.762,64576.933,0.02,0.0
211.661,2026-06-25T23:58:56.058914,71186.984,126449.555,1.59,233.763,64576.933,0.02,0.0
211.712,2026-06-25T23:58:56.109706,71267.41,126449.555,1.575,233.764,64576.933,0.02,0.0
211.763,2026-06-25T23:58:56.160517,71351.637,126449.555,1.564,233.765,64576.933,0.02,0.0
211.814,2026-06-25T23:58:56.211310,71429.465,126449.555,1.556,233.766,64576.933,0.02,0.0
211.864,2026-06-25T23:58:56.262093,71510.953,126449.555,1.55,233.767,64576.933,0.02,0.0
211.915,2026-06-25T23:58:56.312898,71585.055,126449.555,1.592,233.768,64576.933,0.02,0.0
211.966,2026-06-25T23:58:56.363778,71662.07,126449.555,1.576,233.769,64576.933,0.02,0.0
212.017,2026-06-25T23:58:56.414589,71745.977,126449.555,1.518,233.77,64576.933,0.02,0.0
212.068,2026-06-25T23:58:56.465372,71826.195,126449.555,1.524,233.771,64576.933,0.02,0.0
212.119,2026-06-25T23:58:56.516179,71909.172,126449.555,1.575,233.772,64576.933,0.02,0.0
212.169,2026-06-25T23:58:56.566945,71989.855,126449.555,1.61,233.773,64576.933,0.02,0.0
212.22,2026-06-25T23:58:56.617756,72068.465,126449.555,1.634,233.774,64576.933,0.02,0.0
212.271,2026-06-25T23:58:56.668564,72149.574,126449.555,1.559,233.775,64576.933,0.02,0.0
212.322,2026-06-25T23:58:56.719352,72168.051,126449.555,1.599,233.776,64576.933,0.02,0.0
212.373,2026-06-25T23:58:56.770174,72194.371,126449.555,1.581,233.777,64576.933,0.02,0.0
212.423,2026-06-25T23:58:56.820943,71477.656,125649.555,1.568,233.778,64576.933,0.02,0.0
212.474,2026-06-25T23:58:56.871762,71510.371,125649.555,1.557,233.779,64576.933,0.02,0.0
212.525,2026-06-25T23:58:56.922869,71547.371,125649.555,1.55,233.78,64576.933,0.02,0.0
212.576,2026-06-25T23:58:56.973653,71582.293,125649.555,1.547,233.781,64576.933,0.02,0.0
212.687,2026-06-25T23:58:57.084596,71704.223,125699.555,1.697,234.125,64626.933,3.105,452.11
212.737,2026-06-25T23:58:57.135021,71698.352,125649.555,1.697,234.126,64626.933,0.02,0.0
212.788,2026-06-25T23:58:57.185645,71760.105,126449.555,1.605,234.127,64676.933,0.02,988.174
212.839,2026-06-25T23:58:57.236255,71838.922,126449.555,1.633,234.128,64676.933,0.02,0.0
212.889,2026-06-25T23:58:57.286972,71926.582,126449.555,1.604,234.129,64676.933,0.02,0.0
212.94,2026-06-25T23:58:57.337927,72007.637,126449.555,1.582,234.13,64676.933,0.02,0.0
212.991,2026-06-25T23:58:57.388996,72088.859,126449.555,1.566,234.131,64676.933,0.02,0.0
213.042,2026-06-25T23:58:57.440078,72168.496,126449.555,1.556,234.132,64676.933,0.02,0.0
213.093,2026-06-25T23:58:57.490885,72248.57,126449.555,1.597,234.133,64676.933,0.02,0.0
213.144,2026-06-25T23:58:57.541712,72331.793,126449.555,1.579,234.134,64676.933,0.02,0.0
213.195,2026-06-25T23:58:57.592524,72415.293,126449.555,1.611,234.135,64676.933,0.02,0.0
213.246,2026-06-25T23:58:57.643625,72495.648,126449.555,1.54,234.136,64676.933,0.02,0.0
213.297,2026-06-25T23:58:57.694712,72578.629,126449.555,1.583,234.137,64676.933,0.02,0.0
213.348,2026-06-25T23:58:57.745824,72664.129,126449.555,1.567,234.138,64676.933,0.02,0.0
213.399,2026-06-25T23:58:57.796915,72746.863,126449.555,1.601,234.139,64676.933,0.02,0.0
213.45,2026-06-25T23:58:57.848059,72830.98,126449.555,1.579,234.14,64676.933,0.02,0.0
213.501,2026-06-25T23:58:57.899132,72914.527,126449.555,1.565,234.141,64676.933,0.02,0.0
213.552,2026-06-25T23:58:57.950112,72990.215,126449.555,1.601,234.142,64676.933,0.02,0.0
213.603,2026-06-25T23:58:58.001077,73010.371,126449.555,1.582,234.143,64676.933,0.02,0.0
213.654,2026-06-25T23:58:58.051892,72934.605,126449.555,1.569,234.144,64676.933,0.02,0.0
213.705,2026-06-25T23:58:58.102674,72320.359,125649.555,1.56,234.145,64676.933,0.02,0.0
213.756,2026-06-25T23:58:58.153480,72352.547,125649.555,1.599,234.146,64676.933,0.02,0.0
213.807,2026-06-25T23:58:58.204264,72387.09,125649.555,1.627,234.147,64676.933,0.02,0.0
213.857,2026-06-25T23:58:58.255038,72420.871,125649.555,1.554,234.148,64676.933,0.02,0.0
213.908,2026-06-25T23:58:58.305848,72453.91,125649.555,1.596,234.149,64726.933,0.02,984.366
213.959,2026-06-25T23:58:58.356638,72529.535,125699.555,1.579,234.15,64726.933,0.02,0.0
214.01,2026-06-25T23:58:58.407432,72520.895,125649.555,1.566,234.151,64726.933,0.02,0.0
214.061,2026-06-25T23:58:58.458214,72580.398,125699.555,1.558,234.152,64776.933,0.02,984.583
214.111,2026-06-25T23:58:58.508997,72584.227,125649.555,1.551,234.154,64776.933,0.02,0.0
214.162,2026-06-25T23:58:58.559960,72630.879,126449.555,1.593,234.155,64826.933,0.02,983.858
214.213,2026-06-25T23:58:58.610762,72715.379,126449.555,1.576,234.156,64826.933,0.02,0.0
214.264,2026-06-25T23:58:58.661570,72795.285,126449.555,1.565,234.157,64826.933,0.02,0.0
214.315,2026-06-25T23:58:58.712378,72879.383,126449.555,1.557,234.158,64826.933,0.02,0.0
214.366,2026-06-25T23:58:58.763195,72963.539,126449.555,1.551,234.159,64826.933,0.02,0.0
214.416,2026-06-25T23:58:58.813961,73043.375,126449.555,1.547,234.16,64826.933,0.02,0.0
214.467,2026-06-25T23:58:58.864786,73129.438,126449.555,1.544,234.161,64826.933,0.02,0.0
214.518,2026-06-25T23:58:58.915597,73211.215,126449.555,1.542,234.162,64826.933,0.02,0.0
214.569,2026-06-25T23:58:58.966413,73288.02,126449.555,1.587,234.163,64826.933,0.02,0.0
214.62,2026-06-25T23:58:59.017198,73365.371,126449.555,1.571,234.164,64826.933,0.02,0.0
214.671,2026-06-25T23:58:59.068200,73434.867,126449.555,1.605,234.165,64826.933,0.02,0.0
214.722,2026-06-25T23:58:59.119283,73511.273,126449.555,1.584,234.166,64826.933,0.02,0.0
214.772,2026-06-25T23:58:59.170051,73589.473,126449.555,1.57,234.167,64826.933,0.02,0.0
214.823,2026-06-25T23:58:59.220888,73667.398,126449.555,1.559,234.168,64826.933,0.02,0.0
214.874,2026-06-25T23:58:59.271979,73743.707,126449.555,1.595,234.169,64826.933,0.02,0.0
214.925,2026-06-25T23:58:59.323075,73822.73,126449.555,1.575,234.17,64826.933,0.02,0.0
214.977,2026-06-25T23:58:59.374210,73904.297,126449.555,1.607,234.171,64826.933,0.02,0.0
215.028,2026-06-25T23:58:59.425273,73918.738,126449.555,1.584,234.172,64826.933,0.02,0.0
215.079,2026-06-25T23:58:59.476374,73871.973,126449.555,1.522,234.173,64826.933,0.02,0.0
215.13,2026-06-25T23:58:59.527496,73225.25,125649.555,1.615,234.174,64826.933,0.02,0.0
215.181,2026-06-25T23:58:59.578592,73253.348,125649.555,1.589,234.175,64826.933,0.02,0.0
215.232,2026-06-25T23:58:59.629697,73279.637,125649.555,1.572,234.176,64826.933,0.02,0.0
215.283,2026-06-25T23:58:59.680657,73311.871,125649.555,1.605,234.177,64826.933,0.02,0.0
215.334,2026-06-25T23:58:59.731773,73343.871,125649.555,1.537,234.178,64826.933,0.02,0.0
215.385,2026-06-25T23:58:59.782860,73404.738,125699.555,1.58,234.179,64876.933,0.02,979.552
215.436,2026-06-25T23:58:59.833887,73422.254,125699.555,1.152,234.18,64876.933,0.02,0.0
215.487,2026-06-25T23:58:59.884879,73412.035,125649.555,1.128,234.181,64876.933,0.02,0.0
215.538,2026-06-25T23:58:59.936001,73447.477,125649.555,1.248,234.182,64926.933,0.02,978.692
215.589,2026-06-25T23:58:59.987083,73519.945,126449.555,1.332,234.183,64926.933,0.02,0.0
215.641,2026-06-25T23:59:00.038196,73589.523,126449.555,1.437,234.184,64926.933,0.02,0.0
215.692,2026-06-25T23:59:00.089266,73666.355,126449.555,1.465,234.185,64926.933,0.02,0.0
215.743,2026-06-25T23:59:00.140415,73740.934,126449.555,1.484,234.186,64926.933,0.02,0.0
215.794,2026-06-25T23:59:00.191488,73813.262,126449.555,1.544,234.187,64926.933,0.02,0.0
215.845,2026-06-25T23:59:00.242492,73890.148,126449.555,1.541,234.188,64926.933,0.02,0.0
215.896,2026-06-25T23:59:00.293299,73969.27,126449.555,1.587,234.189,64926.933,0.02,0.0
215.946,2026-06-25T23:59:00.344071,73519.535,126449.555,1.572,234.19,64926.933,0.02,0.0
215.997,2026-06-25T23:59:00.394906,71722.836,126449.555,1.562,234.191,64926.933,0.02,0.0
216.048,2026-06-25T23:59:00.445716,69923.152,126449.555,1.554,234.192,64926.933,0.02,0.0
216.099,2026-06-25T23:59:00.496502,68145.348,126449.555,1.55,234.193,64926.933,0.02,0.0
216.15,2026-06-25T23:59:00.547305,66350.059,126449.555,1.546,234.195,64926.933,0.02,0.0
216.2,2026-06-25T23:59:00.598087,66112.754,122353.555,1.543,234.196,64926.933,0.02,0.0
216.251,2026-06-25T23:59:00.648923,66206.625,122353.555,1.542,234.197,64926.933,0.02,0.0
216.302,2026-06-25T23:59:00.699732,66296.875,122353.555,1.586,234.198,64926.933,0.02,0.0
216.353,2026-06-25T23:59:00.750528,66385.59,122353.555,1.572,234.199,64926.933,0.02,0.0
216.404,2026-06-25T23:59:00.801325,66480.141,122353.555,1.608,234.2,64926.933,0.02,0.0
216.455,2026-06-25T23:59:00.852211,66508.258,122353.555,1.54,234.201,64926.933,0.02,0.0
216.505,2026-06-25T23:59:00.903005,66473.234,122353.555,1.632,234.202,64926.933,0.02,0.0
216.556,2026-06-25T23:59:00.953812,65837.414,121553.555,1.603,234.203,64926.933,0.02,0.0
216.607,2026-06-25T23:59:01.004623,65880.016,121553.555,1.584,234.204,64926.933,0.02,0.0
216.658,2026-06-25T23:59:01.055425,65922.41,121553.555,1.57,234.205,64926.933,0.02,0.0
216.709,2026-06-25T23:59:01.106209,65922.871,121553.555,1.33,234.206,64926.933,0.02,0.0
216.759,2026-06-25T23:59:01.156999,65946.766,121553.555,1.208,234.207,64926.933,0.02,0.0
216.81,2026-06-25T23:59:01.207823,66011.332,121603.555,1.399,234.208,64976.933,0.02,984.232
216.861,2026-06-25T23:59:01.258612,66023.672,121553.555,1.44,234.209,64976.933,0.02,0.0
216.912,2026-06-25T23:59:01.309550,66073.957,122353.555,1.515,234.21,65026.933,0.02,984.01
216.963,2026-06-25T23:59:01.360373,66167.105,122353.555,1.474,234.211,65026.933,0.02,0.0
217.014,2026-06-25T23:59:01.411494,66262.855,122353.555,1.536,234.212,65026.933,0.02,0.0
217.065,2026-06-25T23:59:01.462589,66359.082,122353.555,1.489,234.213,65026.933,0.02,0.0
217.116,2026-06-25T23:59:01.513502,66458.246,122353.555,1.549,234.214,65026.933,0.02,0.0
217.167,2026-06-25T23:59:01.564374,66551.387,122353.555,1.545,234.215,65026.933,0.02,0.0
217.218,2026-06-25T23:59:01.615230,66648.223,122353.555,1.543,234.216,65026.933,0.02,0.0
217.268,2026-06-25T23:59:01.666080,66746.348,122353.555,1.587,234.217,65026.933,0.02,0.0
217.319,2026-06-25T23:59:01.716946,66834.195,122353.555,1.571,234.218,65026.933,0.02,0.0
217.37,2026-06-25T23:59:01.767794,66907.184,122353.555,1.515,234.219,65026.933,0.02,0.0
217.421,2026-06-25T23:59:01.818692,66990.254,122353.555,1.567,234.22,65026.933,0.02,0.0
217.472,2026-06-25T23:59:01.869543,67076.199,122353.555,1.558,234.221,65026.933,0.02,0.0
217.523,2026-06-25T23:59:01.920426,67161.629,122353.555,1.551,234.222,65026.933,0.02,0.0
217.574,2026-06-25T23:59:01.971292,67247.477,122353.555,1.547,234.223,65026.933,0.02,0.0
217.624,2026-06-25T23:59:02.022133,67332.66,122353.555,1.543,234.224,65026.933,0.02,0.0
217.721,2026-06-25T23:59:02.118177,67490.48,122353.555,1.693,234.568,65026.933,3.597,0.0
217.771,2026-06-25T23:59:02.168631,67575.5,122353.555,1.647,234.569,65026.933,0.02,0.0
217.822,2026-06-25T23:59:02.219432,67661.305,122353.555,1.614,234.57,65026.933,0.02,0.0
217.873,2026-06-25T23:59:02.270203,67642.867,122353.555,1.499,234.571,65026.933,0.02,0.0
217.923,2026-06-25T23:59:02.320966,67583.902,122353.555,1.51,234.572,65026.933,0.02,0.0
217.974,2026-06-25T23:59:02.371917,66974.941,121553.555,1.564,234.573,65026.933,0.02,0.0
218.025,2026-06-25T23:59:02.422700,67020.613,121553.555,1.51,234.574,65026.933,0.02,0.0
218.076,2026-06-25T23:59:02.473502,67064.965,121553.555,1.565,234.575,65026.933,0.02,0.0
218.127,2026-06-25T23:59:02.524268,67110.883,121553.555,1.557,234.576,65026.933,0.02,0.0
218.177,2026-06-25T23:59:02.575067,67163.371,121603.555,1.549,234.577,65076.933,0.02,978.93
218.229,2026-06-25T23:59:02.626214,67203.871,121553.555,1.589,234.578,65076.933,0.02,0.0
218.28,2026-06-25T23:59:02.677331,67250.383,121553.555,1.571,234.58,65126.933,0.02,977.944
218.331,2026-06-25T23:59:02.728486,67333.039,122353.555,1.604,234.581,65126.933,0.02,0.0
218.382,2026-06-25T23:59:02.779612,67418.699,122353.555,1.627,234.582,65126.933,0.02,0.0
218.433,2026-06-25T23:59:02.830773,67504.816,122353.555,1.597,234.583,65126.933,0.02,0.0
218.484,2026-06-25T23:59:02.881891,67588.262,122353.555,1.576,234.584,65126.933,0.02,0.0
218.535,2026-06-25T23:59:02.933126,67674.258,122353.555,1.562,234.585,65126.933,0.02,0.0
218.586,2026-06-25T23:59:02.984074,67760.406,122353.555,1.553,234.586,65126.933,0.02,0.0
218.637,2026-06-25T23:59:03.035040,67845.582,122353.555,1.593,234.587,65126.933,0.02,0.0
218.688,2026-06-25T23:59:03.086000,67932.297,122353.555,1.529,234.588,65126.933,0.02,0.0
218.739,2026-06-25T23:59:03.136938,68014.695,122353.555,1.578,234.589,65126.933,0.02,0.0
218.79,2026-06-25T23:59:03.187735,68096.113,122353.555,1.566,234.59,65126.933,0.02,0.0
218.841,2026-06-25T23:59:03.238561,68178.418,122353.555,1.557,234.591,65126.933,0.02,0.0
218.892,2026-06-25T23:59:03.289383,68260.891,122353.555,1.551,234.592,65126.933,0.02,0.0
218.943,2026-06-25T23:59:03.340182,68343.34,122353.555,1.594,234.593,65126.933,0.02,0.0
218.993,2026-06-25T23:59:03.390935,68426.188,122353.555,1.577,234.594,65126.933,0.02,0.0
219.044,2026-06-25T23:59:03.441713,68506.891,122353.555,1.611,234.595,65126.933,0.02,0.0
219.095,2026-06-25T23:59:03.492594,68589.668,122353.555,1.589,234.596,65126.933,0.02,0.0
219.146,2026-06-25T23:59:03.543404,68672.574,122353.555,1.62,234.597,65126.933,0.02,0.0
219.197,2026-06-25T23:59:03.594225,68755.266,122353.555,1.549,234.598,65126.933,0.02,0.0
219.247,2026-06-25T23:59:03.645019,68838.09,122353.555,1.545,234.599,65126.933,0.02,0.0
219.298,2026-06-25T23:59:03.696008,68920.539,122353.555,1.587,234.6,65126.933,0.02,0.0
219.349,2026-06-25T23:59:03.747027,68950.418,122353.555,1.57,234.601,65126.933,0.02,0.0
219.4,2026-06-25T23:59:03.798018,68466.773,122353.555,1.559,234.602,65126.933,0.02,0.0
219.451,2026-06-25T23:59:03.849024,68255.27,121553.555,1.551,234.603,65126.933,0.02,0.0
219.502,2026-06-25T23:59:03.900010,68297.871,121553.555,1.591,234.604,65126.933,0.02,0.0
219.553,2026-06-25T23:59:03.950972,68338.629,121553.555,1.574,234.605,65126.933,0.02,0.0
219.604,2026-06-25T23:59:04.001920,68380.949,121553.555,1.562,234.606,65126.933,0.02,0.0
219.655,2026-06-25T23:59:04.052770,68450.402,122353.555,1.601,234.607,65176.933,0.02,984.167
219.706,2026-06-25T23:59:04.103553,68544.633,122353.555,1.536,234.608,65176.933,0.02,0.0
219.757,2026-06-25T23:59:04.154367,68640.254,122353.555,1.537,234.609,65176.933,0.02,0.0
219.808,2026-06-25T23:59:04.205207,68723.531,122353.555,1.537,234.61,65176.933,0.02,0.0
219.858,2026-06-25T23:59:04.256003,68805.547,122353.555,1.583,234.611,65176.933,0.02,0.0
219.909,2026-06-25T23:59:04.306811,68887.785,122353.555,1.615,234.612,65176.933,0.02,0.0
219.96,2026-06-25T23:59:04.357626,68981.629,122353.555,1.592,234.613,65176.933,0.02,0.0
220.011,2026-06-25T23:59:04.408423,69076.383,122353.555,1.576,234.614,65176.933,0.02,0.0
220.062,2026-06-25T23:59:04.459231,69167.48,122353.555,1.564,234.615,65176.933,0.02,0.0
220.112,2026-06-25T23:59:04.509983,69259.617,122353.555,1.603,234.616,65176.933,0.02,0.0
220.163,2026-06-25T23:59:04.560819,69352.844,122353.555,1.629,234.617,65176.933,0.02,0.0
220.214,2026-06-25T23:59:04.611631,69447.863,122353.555,1.602,234.618,65176.933,0.02,0.0
220.265,2026-06-25T23:59:04.662466,69543.293,122353.555,1.582,234.619,65176.933,0.02,0.0
220.316,2026-06-25T23:59:04.713270,69635.203,122353.555,1.569,234.62,65176.933,0.02,0.0
220.366,2026-06-25T23:59:04.764069,69730.629,122353.555,1.559,234.622,65176.933,0.02,0.0
220.417,2026-06-25T23:59:04.814898,69826.0,122353.555,1.553,234.623,65176.933,0.02,0.0
220.468,2026-06-25T23:59:04.865720,69858.105,122353.555,1.593,234.624,65176.933,0.02,0.0
220.519,2026-06-25T23:59:04.916728,69652.371,122353.555,1.575,234.625,65176.933,0.02,0.0
220.57,2026-06-25T23:59:04.967720,69175.137,121553.555,1.562,234.626,65176.933,0.02,0.0
220.621,2026-06-25T23:59:05.018701,69215.871,121553.555,1.553,234.627,65176.933,0.02,0.0
220.672,2026-06-25T23:59:05.069743,69256.848,121553.555,1.593,234.628,65176.933,0.02,0.0
220.723,2026-06-25T23:59:05.120550,69296.641,121553.555,1.577,234.629,65176.933,0.02,0.0
220.774,2026-06-25T23:59:05.171361,69345.18,121603.555,1.565,234.63,65226.933,0.02,984.079
220.825,2026-06-25T23:59:05.222202,69421.41,121603.555,1.557,234.631,65226.933,0.02,0.0
220.875,2026-06-25T23:59:05.272988,69419.371,121553.555,1.551,234.632,65226.933,0.02,0.0
220.926,2026-06-25T23:59:05.323797,69497.238,122353.555,1.593,234.633,65276.933,0.02,983.941
220.977,2026-06-25T23:59:05.374616,69592.051,122353.555,1.577,234.634,65276.933,0.02,0.0
221.028,2026-06-25T23:59:05.425435,69684.328,122353.555,1.611,234.635,65276.933,0.02,0.0
221.079,2026-06-25T23:59:05.476231,69774.254,122353.555,1.543,234.636,65276.933,0.02,0.0
221.129,2026-06-25T23:59:05.527015,69711.688,122353.555,1.587,234.637,65276.933,0.02,0.0
221.18,2026-06-25T23:59:05.577829,68856.0,122353.555,1.572,234.638,65276.933,0.02,0.0
221.231,2026-06-25T23:59:05.628760,67965.676,122353.555,1.607,234.639,65276.933,0.02,0.0
221.282,2026-06-25T23:59:05.679610,67457.395,122353.555,1.586,234.64,65276.933,0.02,0.0
221.333,2026-06-25T23:59:05.730419,66915.18,122353.555,1.526,234.641,65276.933,0.02,0.0
221.384,2026-06-25T23:59:05.781211,66341.047,122353.555,1.575,234.642,65276.933,0.02,0.0
221.434,2026-06-25T23:59:05.831997,66006.965,118257.555,1.564,234.643,65276.933,0.02,0.0
221.485,2026-06-25T23:59:05.882832,66046.125,118257.555,1.556,234.644,65276.933,0.02,0.0
221.536,2026-06-25T23:59:05.933655,66084.691,118257.555,1.551,234.645,65276.933,0.02,0.0
221.587,2026-06-25T23:59:05.984484,66123.426,118257.555,1.547,234.646,65276.933,0.02,0.0
221.638,2026-06-25T23:59:06.035277,66162.039,118257.555,1.544,234.647,65276.933,0.02,0.0
221.688,2026-06-25T23:59:06.086060,66178.605,118257.555,1.403,234.648,65276.933,0.02,0.0
221.74,2026-06-25T23:59:06.137165,66194.82,118257.555,1.396,234.649,65276.933,0.02,0.0
221.79,2026-06-25T23:59:06.187949,66232.758,118257.555,1.392,234.65,65276.933,0.02,0.0
221.841,2026-06-25T23:59:06.238775,66270.883,118257.555,1.482,234.651,65276.933,0.02,0.0
221.892,2026-06-25T23:59:06.289593,66309.184,118257.555,1.453,234.652,65276.933,0.02,0.0
221.943,2026-06-25T23:59:06.340440,66292.164,118257.555,1.523,234.653,65276.933,0.02,0.0
221.994,2026-06-25T23:59:06.391434,66024.371,118257.555,1.526,234.654,65276.933,0.02,0.0
222.045,2026-06-25T23:59:06.442455,65526.371,117457.555,1.527,234.655,65276.933,0.02,0.0
222.096,2026-06-25T23:59:06.493441,65526.371,117457.555,1.575,234.656,65276.933,0.02,0.0
222.147,2026-06-25T23:59:06.544441,65526.371,117457.555,1.561,234.657,65276.933,0.02,0.0
222.198,2026-06-25T23:59:06.595511,65526.371,117457.555,1.552,234.658,65276.933,0.02,0.0
222.249,2026-06-25T23:59:06.646519,65526.371,117457.555,1.593,234.659,65326.933,0.02,984.523
222.3,2026-06-25T23:59:06.697311,65562.402,117507.555,1.577,234.66,65326.933,0.02,0.0
222.35,2026-06-25T23:59:06.748103,65526.371,117457.555,1.565,234.661,65326.933,0.02,0.0
222.401,2026-06-25T23:59:06.798932,65557.148,119857.555,1.556,234.662,65376.933,0.02,983.701
222.452,2026-06-25T23:59:06.849764,65616.887,119857.555,1.549,234.663,65376.933,0.02,0.0
222.503,2026-06-25T23:59:06.900905,65677.418,119857.555,1.589,234.665,65376.933,0.02,0.0
222.554,2026-06-25T23:59:06.952009,65737.855,119857.555,1.525,234.666,65376.933,0.02,0.0
222.605,2026-06-25T23:59:07.003132,65797.91,119857.555,1.618,234.667,65376.933,0.02,0.0
222.657,2026-06-25T23:59:07.054232,65857.855,119857.555,1.591,234.668,65376.933,0.02,0.0
222.774,2026-06-25T23:59:07.172092,65989.977,119857.555,1.712,235.011,65376.933,2.927,0.0
222.825,2026-06-25T23:59:07.222541,66049.379,119857.555,1.662,235.012,65376.933,0.02,0.0
222.876,2026-06-25T23:59:07.273189,66109.062,119857.555,1.672,235.013,65376.933,0.02,0.0
222.926,2026-06-25T23:59:07.323836,66168.84,119857.555,1.632,235.014,65376.933,0.02,0.0
222.977,2026-06-25T23:59:07.374673,66228.781,119857.555,1.604,235.015,65376.933,0.02,0.0
223.028,2026-06-25T23:59:07.425470,66288.715,119857.555,1.584,235.016,65376.933,0.02,0.0
223.079,2026-06-25T23:59:07.476263,66348.652,119857.555,1.57,235.017,65376.933,0.02,0.0
223.129,2026-06-25T23:59:07.527058,66408.797,119857.555,1.56,235.018,65376.933,0.02,0.0
223.18,2026-06-25T23:59:07.577889,66468.93,119857.555,1.6,235.019,65376.933,0.02,0.0
223.231,2026-06-25T23:59:07.628706,66529.281,119857.555,1.581,235.02,65376.933,0.02,0.0
223.282,2026-06-25T23:59:07.679522,66587.984,119857.555,1.568,235.021,65376.933,0.02,0.0
223.333,2026-06-25T23:59:07.730358,66644.176,119857.555,1.559,235.022,65376.933,0.02,0.0
223.384,2026-06-25T23:59:07.781206,66704.062,119857.555,1.598,235.023,65376.933,0.02,0.0
223.434,2026-06-25T23:59:07.831983,66710.77,119857.555,1.534,235.024,65376.933,0.02,0.0
223.485,2026-06-25T23:59:07.882794,66092.938,119857.555,1.535,235.025,65376.933,0.02,0.0
223.536,2026-06-25T23:59:07.933622,65964.172,119057.555,1.582,235.026,65376.933,0.02,0.0
223.587,2026-06-25T23:59:07.984439,65983.344,119057.555,1.569,235.027,65376.933,0.02,0.0
223.638,2026-06-25T23:59:08.035230,66002.562,119057.555,1.56,235.028,65376.933,0.02,0.0
223.688,2026-06-25T23:59:08.086024,66024.164,119057.555,1.623,235.029,65426.933,0.018,871.355
223.746,2026-06-25T23:59:08.143416,66084.926,119107.555,1.597,235.03,65426.933,0.02,0.0
223.797,2026-06-25T23:59:08.194218,66062.168,119057.555,1.532,235.031,65426.933,0.02,0.0
223.848,2026-06-25T23:59:08.245243,66113.586,119857.555,1.579,235.033,65476.933,0.02,983.595
223.898,2026-06-25T23:59:08.296034,66185.414,119857.555,1.566,235.034,65476.933,0.02,0.0
223.949,2026-06-25T23:59:08.346844,66257.895,119857.555,1.558,235.035,65476.933,0.02,0.0
224.0,2026-06-25T23:59:08.397645,66329.707,119857.555,1.598,235.036,65476.933,0.02,0.0
224.051,2026-06-25T23:59:08.448486,66401.629,119857.555,1.58,235.037,65476.933,0.02,0.0
224.102,2026-06-25T23:59:08.499274,66473.383,119857.555,1.567,235.038,65476.933,0.02,0.0
224.152,2026-06-25T23:59:08.550067,66545.156,119857.555,1.558,235.039,65476.933,0.02,0.0
224.203,2026-06-25T23:59:08.600901,66616.988,119857.555,1.552,235.04,65476.933,0.02,0.0
224.254,2026-06-25T23:59:08.651714,66687.629,119857.555,1.64,235.041,65476.933,0.02,0.0
224.305,2026-06-25T23:59:08.702571,66759.555,119857.555,1.609,235.042,65476.933,0.02,0.0
224.356,2026-06-25T23:59:08.753372,66829.094,119857.555,1.586,235.043,65476.933,0.02,0.0
224.407,2026-06-25T23:59:08.804498,66901.461,119857.555,1.57,235.044,65476.933,0.02,0.0
224.458,2026-06-25T23:59:08.855339,66973.59,119857.555,1.56,235.045,65476.933,0.02,0.0
224.509,2026-06-25T23:59:08.906179,67045.875,119857.555,1.553,235.046,65476.933,0.02,0.0
224.559,2026-06-25T23:59:08.956966,67118.332,119857.555,1.595,235.047,65476.933,0.02,0.0
224.61,2026-06-25T23:59:09.007753,67127.258,119857.555,1.578,235.048,65476.933,0.02,0.0
224.661,2026-06-25T23:59:09.058558,67049.516,119857.555,1.566,235.049,65476.933,0.02,0.0
224.712,2026-06-25T23:59:09.109353,66408.66,119057.555,1.558,235.05,65476.933,0.02,0.0
224.763,2026-06-25T23:59:09.160186,66427.68,119057.555,1.551,235.051,65476.933,0.02,0.0
224.813,2026-06-25T23:59:09.210972,66446.785,119057.555,1.547,235.052,65476.933,0.02,0.0
224.864,2026-06-25T23:59:09.261755,66465.863,119057.555,1.589,235.053,65476.933,0.02,0.0
224.915,2026-06-25T23:59:09.312856,66489.82,119107.555,1.527,235.054,65526.933,0.02,982.825
224.966,2026-06-25T23:59:09.363630,66504.254,119057.555,1.53,235.055,65526.933,0.02,0.0
225.017,2026-06-25T23:59:09.414463,66523.605,119057.555,1.579,235.056,65576.933,0.02,984.458
225.068,2026-06-25T23:59:09.465245,66590.559,119857.555,1.613,235.057,65576.933,0.02,0.0
225.118,2026-06-25T23:59:09.516019,66661.672,119857.555,1.59,235.058,65576.933,0.02,0.0
225.169,2026-06-25T23:59:09.566841,66732.73,119857.555,1.574,235.059,65576.933,0.02,0.0
225.22,2026-06-25T23:59:09.617666,66802.188,119857.555,1.61,235.06,65576.933,0.02,0.0
225.271,2026-06-25T23:59:09.668498,66872.992,119857.555,1.634,235.061,65576.933,0.02,0.0
225.322,2026-06-25T23:59:09.719307,66942.371,119857.555,1.605,235.062,65576.933,0.02,0.0
225.372,2026-06-25T23:59:09.770092,67013.023,119857.555,1.585,235.063,65576.933,0.02,0.0
225.423,2026-06-25T23:59:09.820923,67082.551,119857.555,1.615,235.064,65576.933,0.02,0.0
225.474,2026-06-25T23:59:09.872006,67153.594,119857.555,1.591,235.065,65576.933,0.02,0.0
225.525,2026-06-25T23:59:09.922828,67225.102,119857.555,1.529,235.066,65576.933,0.02,0.0
225.576,2026-06-25T23:59:09.973643,67296.754,119857.555,1.578,235.067,65576.933,0.02,0.0
225.627,2026-06-25T23:59:10.024457,67369.504,119857.555,1.52,235.068,65576.933,0.02,0.0
225.678,2026-06-25T23:59:10.075253,67441.605,119857.555,1.571,235.069,65576.933,0.02,0.0
225.728,2026-06-25T23:59:10.126053,67513.973,119857.555,1.561,235.07,65576.933,0.02,0.0
225.779,2026-06-25T23:59:10.176872,67586.523,119857.555,1.554,235.071,65576.933,0.02,0.0
225.83,2026-06-25T23:59:10.227680,67595.121,119857.555,1.595,235.072,65576.933,0.02,0.0
225.881,2026-06-25T23:59:10.278506,67400.578,119857.555,1.578,235.073,65576.933,0.02,0.0
225.932,2026-06-25T23:59:10.329255,66866.352,119057.555,1.52,235.075,65576.933,0.02,0.0
225.983,2026-06-25T23:59:10.380184,66884.148,119057.555,1.57,235.076,65576.933,0.02,0.0
226.033,2026-06-25T23:59:10.430993,66899.438,119057.555,1.561,235.077,65576.933,0.02,0.0
226.084,2026-06-25T23:59:10.481784,66918.109,119057.555,1.6,235.078,65576.933,0.02,0.0
226.135,2026-06-25T23:59:10.532603,66936.598,119057.555,1.535,235.079,65626.933,0.02,984.412
226.186,2026-06-25T23:59:10.583422,67002.164,119857.555,1.535,235.08,65626.933,0.02,0.0
226.237,2026-06-25T23:59:10.634517,67072.254,119857.555,1.579,235.081,65626.933,0.02,0.0
226.288,2026-06-25T23:59:10.685551,67141.848,119857.555,1.564,235.082,65626.933,0.02,0.0
226.339,2026-06-25T23:59:10.736601,67211.109,119857.555,1.554,235.083,65626.933,0.02,0.0
226.39,2026-06-25T23:59:10.787624,67280.242,119857.555,1.639,235.084,65626.933,0.02,0.0
226.441,2026-06-25T23:59:10.838683,67347.953,119857.555,1.607,235.085,65626.933,0.02,0.0
226.492,2026-06-25T23:59:10.889658,67418.066,119857.555,1.586,235.086,65626.933,0.02,0.0
226.543,2026-06-25T23:59:10.940491,67485.855,119857.555,1.617,235.087,65626.933,0.02,0.0
226.594,2026-06-25T23:59:10.991259,67552.246,119857.555,1.594,235.088,65626.933,0.02,0.0
226.644,2026-06-25T23:59:11.042040,67622.996,119857.555,1.577,235.089,65626.933,0.02,0.0
226.695,2026-06-25T23:59:11.092853,67076.969,119857.555,1.427,235.09,65626.933,0.02,0.0
226.746,2026-06-25T23:59:11.143658,66130.273,119857.555,1.229,235.091,65626.933,0.02,0.0
226.797,2026-06-25T23:59:11.194477,65228.195,119857.555,1.368,235.092,65626.933,0.02,0.0
226.848,2026-06-25T23:59:11.245270,64305.727,119857.555,1.419,235.093,65626.933,0.02,0.0
226.898,2026-06-25T23:59:11.296066,63712.617,115761.555,1.454,235.094,65626.933,0.02,0.0
226.949,2026-06-25T23:59:11.346871,63766.047,115761.555,1.48,235.095,65626.933,0.02,0.0
227.0,2026-06-25T23:59:11.397634,63817.461,115761.555,1.496,235.096,65626.933,0.02,0.0
227.051,2026-06-25T23:59:11.448654,63806.301,115761.555,1.555,235.097,65626.933,0.02,0.0
227.102,2026-06-25T23:59:11.499396,63370.605,115761.555,1.55,235.098,65626.933,0.02,0.0
227.153,2026-06-25T23:59:11.550205,63030.605,114961.555,1.546,235.099,65626.933,0.02,0.0
227.203,2026-06-25T23:59:11.600989,63030.605,114961.555,1.544,235.1,65626.933,0.02,0.0
227.254,2026-06-25T23:59:11.651819,63030.605,114961.555,1.542,235.101,65626.933,0.02,0.0
227.305,2026-06-25T23:59:11.702627,63030.605,114961.555,1.541,235.102,65626.933,0.02,0.0
227.356,2026-06-25T23:59:11.753461,63043.867,115761.555,1.539,235.103,65676.933,0.02,984.107
227.407,2026-06-25T23:59:11.804261,63095.684,115761.555,1.585,235.104,65676.933,0.02,0.0
227.457,2026-06-25T23:59:11.855045,63147.535,115761.555,1.617,235.105,65676.933,0.02,0.0
227.508,2026-06-25T23:59:11.905872,63198.051,115761.555,1.547,235.106,65676.933,0.02,0.0
227.559,2026-06-25T23:59:11.956686,63248.555,115761.555,1.542,235.107,65676.933,0.02,0.0
227.61,2026-06-25T23:59:12.007813,63299.18,115761.555,1.586,235.108,65676.933,0.02,0.0
227.661,2026-06-25T23:59:12.058623,63349.375,115761.555,1.572,235.109,65676.933,0.02,0.0
227.768,2026-06-25T23:59:12.165851,63456.414,115761.555,1.648,235.453,65676.933,3.213,0.0
227.819,2026-06-25T23:59:12.216290,63507.176,115761.555,1.431,235.454,65676.933,0.02,0.0
227.869,2026-06-25T23:59:12.266941,63555.867,115761.555,1.233,235.455,65676.933,0.02,0.0
227.92,2026-06-25T23:59:12.317587,63607.008,115761.555,1.187,235.456,65676.933,0.02,0.0
227.971,2026-06-25T23:59:12.368380,63658.805,115761.555,1.015,235.457,65676.933,0.02,0.0
228.022,2026-06-25T23:59:12.419194,63711.82,115761.555,0.941,235.458,65676.933,0.02,0.0
228.072,2026-06-25T23:59:12.469988,63764.484,115761.555,0.936,235.459,65676.933,0.02,0.0
228.123,2026-06-25T23:59:12.520785,63815.508,115761.555,0.885,235.46,65676.933,0.02,0.0
228.174,2026-06-25T23:59:12.571680,63804.613,115761.555,0.896,235.461,65676.933,0.02,0.0
228.225,2026-06-25T23:59:12.622495,63398.613,115761.555,0.812,235.462,65676.933,0.02,0.0
228.276,2026-06-25T23:59:12.673285,63030.613,114961.555,0.799,235.463,65676.933,0.02,0.0
228.326,2026-06-25T23:59:12.724092,63030.613,114961.555,0.79,235.464,65676.933,0.02,0.0
228.377,2026-06-25T23:59:12.774913,63030.613,114961.555,0.784,235.465,65676.933,0.02,0.0
228.428,2026-06-25T23:59:12.825697,63030.613,114961.555,0.778,235.466,65676.933,0.02,0.0
228.479,2026-06-25T23:59:12.876803,63047.234,115761.555,0.82,235.467,65726.933,0.02,978.907
228.53,2026-06-25T23:59:12.927901,63099.148,115761.555,0.803,235.468,65726.933,0.02,0.0
228.581,2026-06-25T23:59:12.979033,63150.926,115761.555,0.792,235.469,65726.933,0.02,0.0
228.632,2026-06-25T23:59:13.030118,63202.254,115761.555,0.784,235.47,65726.933,0.02,0.0
228.684,2026-06-25T23:59:13.081194,63252.832,115761.555,0.824,235.471,65726.933,0.02,0.0
228.734,2026-06-25T23:59:13.132105,63301.992,115761.555,0.762,235.472,65726.933,0.02,0.0
228.785,2026-06-25T23:59:13.182924,63352.488,115761.555,0.764,235.473,65726.933,0.02,0.0
228.836,2026-06-25T23:59:13.233743,63403.559,115761.555,0.811,235.474,65726.933,0.02,0.0
228.887,2026-06-25T23:59:13.284565,63454.574,115761.555,0.798,235.475,65726.933,0.02,0.0
228.938,2026-06-25T23:59:13.335384,63505.613,115761.555,0.79,235.476,65726.933,0.02,0.0
228.989,2026-06-25T23:59:13.386207,63556.219,115761.555,0.783,235.477,65726.933,0.02,0.0
229.039,2026-06-25T23:59:13.436999,63607.355,115761.555,0.779,235.478,65726.933,0.02,0.0
229.09,2026-06-25T23:59:13.487817,63658.992,115761.555,0.776,235.479,65726.933,0.02,0.0
229.141,2026-06-25T23:59:13.538633,63710.77,115761.555,0.774,235.48,65726.933,0.02,0.0
229.192,2026-06-25T23:59:13.589416,63761.316,115761.555,0.772,235.481,65726.933,0.02,0.0
229.243,2026-06-25T23:59:13.640419,63813.098,115761.555,0.816,235.482,65726.933,0.02,0.0
229.294,2026-06-25T23:59:13.691269,63802.309,115761.555,0.848,235.483,65726.933,0.02,0.0
229.344,2026-06-25T23:59:13.742060,63458.613,115761.555,0.824,235.484,65726.933,0.02,0.0
229.395,2026-06-25T23:59:13.792884,63030.613,114961.555,0.808,235.485,65726.933,0.02,0.0
229.446,2026-06-25T23:59:13.843688,63030.613,114961.555,0.796,235.486,65726.933,0.02,0.0
229.497,2026-06-25T23:59:13.894539,63030.613,114961.555,0.788,235.487,65726.933,0.02,0.0
229.548,2026-06-25T23:59:13.945354,63030.613,114961.555,0.782,235.488,65726.933,0.02,0.0
229.599,2026-06-25T23:59:13.996183,63048.191,115761.555,0.824,235.489,65776.933,0.02,983.526
229.649,2026-06-25T23:59:14.046944,63099.438,115761.555,0.808,235.491,65776.933,0.02,0.0
229.7,2026-06-25T23:59:14.097748,63151.484,115761.555,0.796,235.492,65776.933,0.02,0.0
229.751,2026-06-25T23:59:14.148573,63203.043,115761.555,0.788,235.493,65776.933,0.02,0.0
229.802,2026-06-25T23:59:14.199413,63254.602,115761.555,0.782,235.494,65776.933,0.02,0.0
229.853,2026-06-25T23:59:14.250203,63305.594,115761.555,0.778,235.495,65776.933,0.02,0.0
229.903,2026-06-25T23:59:14.300993,63356.629,115761.555,0.821,235.496,65776.933,0.02,0.0
229.954,2026-06-25T23:59:14.351795,63408.461,115761.555,0.76,235.497,65776.933,0.02,0.0
230.005,2026-06-25T23:59:14.402594,63461.062,115761.555,0.809,235.498,65776.933,0.02,0.0
230.056,2026-06-25T23:59:14.453424,63512.727,115761.555,0.75,235.499,65776.933,0.02,0.0
230.107,2026-06-25T23:59:14.504216,63563.129,115761.555,0.756,235.5,65776.933,0.02,0.0
230.157,2026-06-25T23:59:14.555011,63614.945,115761.555,0.805,235.501,65776.933,0.02,0.0
230.208,2026-06-25T23:59:14.606125,63667.566,115761.555,0.793,235.502,65776.933,0.02,0.0
230.26,2026-06-25T23:59:14.657198,63718.746,115761.555,0.785,235.503,65776.933,0.02,0.0
230.311,2026-06-25T23:59:14.708190,63771.238,115761.555,0.78,235.504,65776.933,0.02,0.0
230.361,2026-06-25T23:59:14.758963,63824.645,115761.555,0.777,235.505,65776.933,0.02,0.0
230.412,2026-06-25T23:59:14.809774,63814.031,115761.555,0.82,235.506,65776.933,0.02,0.0
230.463,2026-06-25T23:59:14.860612,63258.613,115761.555,0.759,235.507,65776.933,0.02,0.0
230.514,2026-06-25T23:59:14.911432,63030.613,114961.555,0.762,235.508,65776.933,0.02,0.0
230.565,2026-06-25T23:59:14.962214,63030.613,114961.555,0.856,235.509,65776.933,0.02,0.0
230.615,2026-06-25T23:59:15.012979,63030.613,114961.555,0.83,235.51,65776.933,0.02,0.0
230.666,2026-06-25T23:59:15.063801,63030.613,114961.555,0.858,235.511,65776.933,0.02,0.0
230.717,2026-06-25T23:59:15.114591,63060.273,115761.555,0.831,235.512,65826.933,0.02,985.157
230.768,2026-06-25T23:59:15.165403,63110.688,115761.555,0.813,235.513,65826.933,0.02,0.0
230.819,2026-06-25T23:59:15.216227,63162.457,115761.555,0.799,235.514,65826.933,0.02,0.0
230.87,2026-06-25T23:59:15.267224,63213.211,115761.555,0.789,235.515,65826.933,0.02,0.0
230.92,2026-06-25T23:59:15.318034,63263.426,115761.555,0.783,235.516,65826.933,0.02,0.0
230.971,2026-06-25T23:59:15.368842,63312.18,115761.555,0.779,235.517,65826.933,0.02,0.0
231.022,2026-06-25T23:59:15.419635,63363.301,115761.555,0.776,235.518,65826.933,0.02,0.0
231.073,2026-06-25T23:59:15.470461,63414.312,115761.555,0.774,235.519,65826.933,0.02,0.0
231.124,2026-06-25T23:59:15.521226,63465.133,115761.555,0.773,235.52,65826.933,0.02,0.0
231.174,2026-06-25T23:59:15.572021,63515.496,115761.555,0.771,235.521,65826.933,0.02,0.0
231.225,2026-06-25T23:59:15.622857,63566.805,115761.555,0.771,235.522,65826.933,0.02,0.0
231.276,2026-06-25T23:59:15.673651,63619.129,115761.555,0.77,235.523,65826.933,0.02,0.0
231.327,2026-06-25T23:59:15.724482,63672.609,115761.555,0.816,235.524,65826.933,0.02,0.0
231.378,2026-06-25T23:59:15.775254,63725.355,115761.555,0.802,235.525,65826.933,0.02,0.0
231.428,2026-06-25T23:59:15.826103,63778.727,115761.555,0.792,235.526,65826.933,0.02,0.0
231.479,2026-06-25T23:59:15.876935,63802.613,115761.555,0.785,235.527,65826.933,0.02,0.0
231.53,2026-06-25T23:59:15.927736,63821.113,115761.555,0.78,235.528,65826.933,0.02,0.0
231.581,2026-06-25T23:59:15.978567,63152.613,115761.555,0.777,235.529,65826.933,0.02,0.0
231.632,2026-06-25T23:59:16.029354,63030.613,114961.555,0.774,235.53,65826.933,0.02,0.0
231.683,2026-06-25T23:59:16.080195,63030.613,114961.555,0.773,235.531,65826.933,0.02,0.0
231.733,2026-06-25T23:59:16.130961,63030.613,114961.555,0.772,235.532,65826.933,0.02,0.0
231.784,2026-06-25T23:59:16.181768,63030.613,114961.555,0.817,235.533,65826.933,0.02,0.0
231.835,2026-06-25T23:59:16.232595,63066.676,115011.555,0.803,235.535,65876.933,0.02,984.167
231.886,2026-06-25T23:59:16.283390,63030.613,114961.555,0.792,235.536,65876.933,0.02,0.0
231.937,2026-06-25T23:59:16.334452,63060.113,115011.555,0.784,235.537,65926.933,0.02,981.509
231.988,2026-06-25T23:59:16.385308,63030.613,114961.555,0.78,235.538,65926.933,0.02,0.0
232.038,2026-06-25T23:59:16.436064,63044.969,115761.555,0.776,235.539,65976.933,0.02,984.126
232.089,2026-06-25T23:59:16.486871,63085.898,115761.555,0.82,235.54,65976.933,0.02,0.0
232.14,2026-06-25T23:59:16.537656,63129.465,115761.555,0.851,235.541,65976.933,0.02,0.0
232.191,2026-06-25T23:59:16.588484,63179.625,115761.555,0.827,235.542,65976.933,0.02,0.0
232.242,2026-06-25T23:59:16.639263,63227.312,115761.555,0.809,235.543,65976.933,0.02,0.0
232.292,2026-06-25T23:59:16.690032,63272.652,115761.555,0.796,235.544,65976.933,0.02,0.0
232.344,2026-06-25T23:59:16.741156,63317.527,115761.555,0.834,235.545,65976.933,0.02,0.0
232.394,2026-06-25T23:59:16.791809,63362.441,115761.555,0.769,235.546,65976.933,0.02,0.0
232.445,2026-06-25T23:59:16.842452,63405.133,115761.555,0.77,235.547,65976.933,0.02,0.0
232.495,2026-06-25T23:59:16.893066,63448.289,115761.555,0.77,235.548,65976.933,0.02,0.0
232.546,2026-06-25T23:59:16.943714,63493.285,115761.555,0.771,235.549,65976.933,0.02,0.0
232.597,2026-06-25T23:59:16.994350,63537.18,115761.555,0.817,235.55,65976.933,0.02,0.0
232.647,2026-06-25T23:59:17.044987,63583.355,115761.555,0.757,235.551,65976.933,0.02,0.0
232.698,2026-06-25T23:59:17.095648,63632.176,115761.555,0.761,235.552,65976.933,0.02,0.0
232.788,2026-06-25T23:59:17.185991,63712.328,115761.555,0.897,235.896,65976.933,3.816,0.0
232.839,2026-06-25T23:59:17.236425,63755.871,115761.555,0.859,235.897,65976.933,0.02,0.0
232.889,2026-06-25T23:59:17.287043,63804.379,115761.555,0.786,235.898,65976.933,0.02,0.0
232.94,2026-06-25T23:59:17.337713,63787.117,115761.555,0.874,235.899,65976.933,0.02,0.0
232.991,2026-06-25T23:59:17.388342,63828.352,115761.555,0.844,235.9,65976.933,0.02,0.0
233.041,2026-06-25T23:59:17.438960,63092.617,115761.555,0.822,235.901,65976.933,0.02,0.0
233.092,2026-06-25T23:59:17.489609,63030.617,114961.555,0.807,235.902,65976.933,0.02,0.0
233.143,2026-06-25T23:59:17.540229,63030.617,114961.555,0.796,235.903,65976.933,0.02,0.0
233.193,2026-06-25T23:59:17.590868,63030.617,114961.555,0.789,235.904,65976.933,0.02,0.0
233.244,2026-06-25T23:59:17.641521,63030.617,114961.555,0.784,235.905,65976.933,0.02,0.0
233.295,2026-06-25T23:59:17.692181,63030.746,115011.555,0.78,235.906,66026.933,0.02,986.9
233.345,2026-06-25T23:59:17.742790,63072.332,115011.555,0.777,235.907,66026.933,0.02,0.0
233.396,2026-06-25T23:59:17.793428,63030.617,114961.555,0.776,235.908,66026.933,0.02,0.0
233.446,2026-06-25T23:59:17.844058,63047.004,115761.555,0.774,235.909,66076.933,0.02,987.151
233.497,2026-06-25T23:59:17.894691,63090.637,115761.555,0.82,235.91,66076.933,0.02,0.0
233.548,2026-06-25T23:59:17.945305,63134.25,115761.555,0.759,235.911,66076.933,0.02,0.0
233.598,2026-06-25T23:59:17.995916,63183.855,115761.555,0.806,235.912,66076.933,0.02,0.0
233.65,2026-06-25T23:59:18.047160,63233.039,115761.555,0.796,235.913,66076.933,0.02,0.0
233.7,2026-06-25T23:59:18.097791,63279.383,115761.555,0.788,235.914,66076.933,0.02,0.0
233.751,2026-06-25T23:59:18.148441,63328.977,115761.555,0.783,235.915,66076.933,0.02,0.0
233.801,2026-06-25T23:59:18.199068,63374.586,115761.555,0.78,235.916,66076.933,0.02,0.0
233.852,2026-06-25T23:59:18.249713,63419.68,115761.555,0.777,235.917,66076.933,0.02,0.0
233.903,2026-06-25T23:59:18.300361,63466.008,115761.555,0.775,235.918,66076.933,0.02,0.0
233.953,2026-06-25T23:59:18.350987,63514.613,115761.555,0.774,235.919,66076.933,0.02,0.0
234.004,2026-06-25T23:59:18.401631,63560.734,115761.555,0.773,235.92,66076.933,0.02,0.0
234.055,2026-06-25T23:59:18.452235,63608.844,115761.555,0.773,235.921,66076.933,0.02,0.0
234.105,2026-06-25T23:59:18.502844,63657.688,115761.555,0.773,235.922,66076.933,0.02,0.0
234.156,2026-06-25T23:59:18.553474,63706.254,115761.555,0.772,235.924,66076.933,0.02,0.0
234.206,2026-06-25T23:59:18.604093,63753.832,115761.555,0.772,235.925,66076.933,0.02,0.0
234.257,2026-06-25T23:59:18.654722,63803.57,115761.555,0.772,235.926,66076.933,0.02,0.0
234.308,2026-06-25T23:59:18.705360,63788.75,115761.555,0.772,235.927,66076.933,0.02,0.0
234.358,2026-06-25T23:59:18.755979,63698.617,115761.555,0.864,235.928,66076.933,0.02,0.0
234.409,2026-06-25T23:59:18.806631,63030.617,114961.555,0.836,235.929,66076.933,0.02,0.0
234.46,2026-06-25T23:59:18.857243,63030.617,114961.555,0.817,235.93,66076.933,0.02,0.0
234.51,2026-06-25T23:59:18.907854,63030.617,114961.555,0.803,235.931,66076.933,0.02,0.0
234.561,2026-06-25T23:59:18.958511,63030.617,114961.555,0.794,235.932,66076.933,0.02,0.0
234.611,2026-06-25T23:59:19.009117,63030.617,114961.555,0.787,235.933,66076.933,0.02,0.0
234.662,2026-06-25T23:59:19.059767,63060.18,115761.555,0.782,235.934,66126.933,0.02,987.639
234.713,2026-06-25T23:59:19.110396,63108.617,115761.555,0.779,235.935,66126.933,0.02,0.0
234.763,2026-06-25T23:59:19.161016,63155.168,115761.555,0.777,235.936,66126.933,0.02,0.0
234.814,2026-06-25T23:59:19.211668,63202.746,115761.555,0.775,235.937,66126.933,0.02,0.0
234.865,2026-06-25T23:59:19.262301,63248.336,115761.555,0.774,235.938,66126.933,0.02,0.0
234.915,2026-06-25T23:59:19.312934,63295.176,115761.555,0.819,235.939,66126.933,0.02,0.0
234.966,2026-06-25T23:59:19.363577,63342.797,115761.555,0.805,235.94,66126.933,0.02,0.0
235.017,2026-06-25T23:59:19.414183,63389.992,115761.555,0.795,235.941,66126.933,0.02,0.0
235.067,2026-06-25T23:59:19.464794,63436.066,115761.555,0.788,235.942,66126.933,0.02,0.0
235.118,2026-06-25T23:59:19.515460,63480.449,115761.555,0.783,235.943,66126.933,0.02,0.0
235.168,2026-06-25T23:59:19.566066,63526.496,115761.555,0.78,235.944,66126.933,0.02,0.0
235.219,2026-06-25T23:59:19.616703,63575.656,115761.555,0.824,235.945,66126.933,0.02,0.0
235.27,2026-06-25T23:59:19.667333,63621.535,115761.555,0.808,235.946,66126.933,0.02,0.0
235.32,2026-06-25T23:59:19.717959,63668.996,115761.555,0.751,235.947,66126.933,0.02,0.0
235.371,2026-06-25T23:59:19.768618,63716.191,115761.555,0.757,235.948,66126.933,0.02,0.0
235.422,2026-06-25T23:59:19.819246,63761.824,115761.555,0.808,235.949,66126.933,0.02,0.0
235.472,2026-06-25T23:59:19.869865,63804.562,115761.555,0.797,235.95,66126.933,0.02,0.0
235.523,2026-06-25T23:59:19.920514,63783.461,115761.555,0.789,235.951,66126.933,0.02,0.0
235.573,2026-06-25T23:59:19.971134,63824.617,115761.555,0.784,235.952,66126.933,0.02,0.0
235.624,2026-06-25T23:59:20.021802,63030.617,114961.555,0.78,235.953,66126.933,0.02,0.0
235.675,2026-06-25T23:59:20.072425,63030.617,114961.555,0.778,235.954,66126.933,0.02,0.0
235.725,2026-06-25T23:59:20.123046,63030.617,114961.555,0.776,235.955,66126.933,0.02,0.0
235.776,2026-06-25T23:59:20.173680,63030.617,114961.555,0.821,235.956,66126.933,0.02,0.0
235.827,2026-06-25T23:59:20.224309,63030.617,114961.555,0.806,235.957,66176.933,0.02,987.011
235.877,2026-06-25T23:59:20.274953,63073.117,115011.555,0.795,235.958,66176.933,0.02,0.0
235.928,2026-06-25T23:59:20.325601,63030.617,114961.555,0.788,235.959,66176.933,0.02,0.0
235.979,2026-06-25T23:59:20.376229,63065.754,115761.555,0.783,235.96,66226.933,0.02,987.485
236.029,2026-06-25T23:59:20.426837,63119.047,115761.555,0.78,235.961,66226.933,0.02,0.0
236.08,2026-06-25T23:59:20.477491,63171.883,115761.555,0.777,235.962,66226.933,0.02,0.0
236.13,2026-06-25T23:59:20.528119,63223.566,115761.555,0.822,235.963,66226.933,0.02,0.0
236.181,2026-06-25T23:59:20.578759,63274.367,115761.555,0.807,235.964,66226.933,0.02,0.0
236.232,2026-06-25T23:59:20.629386,63323.844,115761.555,0.75,235.965,66226.933,0.02,0.0
236.282,2026-06-25T23:59:20.679997,63375.457,115761.555,0.803,235.966,66226.933,0.02,0.0
236.333,2026-06-25T23:59:20.730642,63426.891,115761.555,0.793,235.968,66226.933,0.02,0.0
236.384,2026-06-25T23:59:20.781288,63478.609,115761.555,0.787,235.969,66226.933,0.02,0.0
236.434,2026-06-25T23:59:20.831911,63531.633,115761.555,0.782,235.97,66226.933,0.02,0.0
236.485,2026-06-25T23:59:20.882566,63584.504,115761.555,0.779,235.971,66226.933,0.02,0.0
236.536,2026-06-25T23:59:20.933181,63637.629,115761.555,0.73,235.972,66226.933,0.02,0.0
236.586,2026-06-25T23:59:20.983811,63690.594,115761.555,0.785,235.973,66226.933,0.02,0.0
236.637,2026-06-25T23:59:21.035075,63744.133,115761.555,0.828,235.974,66226.933,0.02,0.0
236.688,2026-06-25T23:59:21.085701,63797.402,115761.555,0.764,235.975,66226.933,0.02,0.0
236.739,2026-06-25T23:59:21.136333,63787.117,115761.555,0.767,235.976,66226.933,0.02,0.0
236.789,2026-06-25T23:59:21.186935,63688.617,115761.555,0.814,235.977,66226.933,0.02,0.0
236.84,2026-06-25T23:59:21.237560,63030.617,114961.555,0.802,235.978,66226.933,0.02,0.0
236.891,2026-06-25T23:59:21.288207,63030.617,114961.555,0.792,235.979,66226.933,0.02,0.0
236.941,2026-06-25T23:59:21.338816,63030.617,114961.555,0.786,235.98,66226.933,0.02,0.0
236.992,2026-06-25T23:59:21.389454,63030.617,114961.555,0.782,235.981,66226.933,0.02,0.0
237.042,2026-06-25T23:59:21.440063,63030.617,114961.555,0.779,235.982,66276.933,0.02,987.462
237.093,2026-06-25T23:59:21.490719,63081.5,115761.555,0.823,235.983,66276.933,0.02,0.0
237.144,2026-06-25T23:59:21.541359,63133.316,115761.555,0.807,235.984,66276.933,0.02,0.0
237.194,2026-06-25T23:59:21.591977,63185.012,115761.555,0.797,235.985,66276.933,0.02,0.0
237.245,2026-06-25T23:59:21.642634,63236.66,115761.555,0.789,235.986,66276.933,0.02,0.0
237.296,2026-06-25T23:59:21.693250,63288.273,115761.555,0.784,235.987,66276.933,0.02,0.0
237.346,2026-06-25T23:59:21.743872,63339.898,115761.555,0.78,235.988,66276.933,0.02,0.0
237.397,2026-06-25T23:59:21.794510,63391.348,115761.555,0.778,235.989,66276.933,0.02,0.0
237.447,2026-06-25T23:59:21.845121,63443.117,115761.555,0.776,235.99,66276.933,0.02,0.0
237.498,2026-06-25T23:59:21.895767,63494.578,115761.555,0.821,235.991,66276.933,0.02,0.0
237.549,2026-06-25T23:59:21.946396,63544.238,115761.555,0.806,235.992,66276.933,0.02,0.0
237.599,2026-06-25T23:59:21.997024,63594.934,115761.555,0.796,235.993,66276.933,0.02,0.0
237.65,2026-06-25T23:59:22.047635,63646.75,115761.555,0.789,235.994,66276.933,0.02,0.0
237.701,2026-06-25T23:59:22.098252,63699.504,115761.555,0.784,235.995,66276.933,0.02,0.0
237.796,2026-06-25T23:59:22.193167,63798.574,115761.555,0.87,236.339,66276.933,3.632,0.0
237.846,2026-06-25T23:59:22.243598,63788.449,115761.555,0.887,236.34,66276.933,0.02,0.0
237.897,2026-06-25T23:59:22.294203,63670.617,115761.555,0.853,236.341,66276.933,0.02,0.0
237.947,2026-06-25T23:59:22.344813,63030.617,114961.555,0.828,236.342,66276.933,0.02,0.0
237.998,2026-06-25T23:59:22.395469,63030.617,114961.555,0.811,236.343,66276.933,0.02,0.0
238.048,2026-06-25T23:59:22.446084,63030.617,114961.555,0.799,236.344,66276.933,0.02,0.0
238.099,2026-06-25T23:59:22.496731,63030.617,114961.555,0.791,236.345,66276.933,0.02,0.0
238.15,2026-06-25T23:59:22.547334,63032.727,115761.555,0.785,236.346,66326.933,0.02,988.388
238.2,2026-06-25T23:59:22.597946,63084.676,115761.555,0.781,236.347,66326.933,0.02,0.0
238.251,2026-06-25T23:59:22.648613,63137.711,115761.555,0.777,236.348,66326.933,0.02,0.0
238.302,2026-06-25T23:59:22.699646,63191.082,115761.555,0.773,236.349,66326.933,0.02,0.0
238.353,2026-06-25T23:59:22.750709,63242.746,115761.555,0.771,236.35,66326.933,0.02,0.0
238.404,2026-06-25T23:59:22.801748,63293.625,115761.555,0.815,236.351,66326.933,0.02,0.0
238.455,2026-06-25T23:59:22.852794,63344.898,115761.555,0.8,236.352,66326.933,0.02,0.0
238.506,2026-06-25T23:59:22.903878,63396.988,115761.555,0.835,236.354,66326.933,0.02,0.0
238.557,2026-06-25T23:59:22.954960,63449.039,115761.555,0.815,236.355,66326.933,0.02,0.0
238.608,2026-06-25T23:59:23.005606,63501.379,115761.555,0.756,236.356,66326.933,0.02,0.0
238.659,2026-06-25T23:59:23.056227,63554.211,115761.555,0.807,236.357,66326.933,0.02,0.0
238.709,2026-06-25T23:59:23.106845,63607.398,115761.555,0.796,236.358,66326.933,0.02,0.0
238.76,2026-06-25T23:59:23.157502,63660.477,115761.555,0.789,236.359,66326.933,0.02,0.0
238.81,2026-06-25T23:59:23.208122,63713.633,115761.555,0.83,236.36,66326.933,0.02,0.0
238.861,2026-06-25T23:59:23.258769,63767.039,115761.555,0.812,236.361,66326.933,0.02,0.0
238.912,2026-06-25T23:59:23.309397,63820.297,115761.555,0.8,236.362,66326.933,0.02,0.0
238.962,2026-06-25T23:59:23.360014,63809.117,115761.555,0.791,236.363,66326.933,0.02,0.0
239.013,2026-06-25T23:59:23.410650,63374.617,115761.555,0.832,236.364,66326.933,0.02,0.0
239.064,2026-06-25T23:59:23.461295,63030.617,114961.555,0.814,236.365,66326.933,0.02,0.0
239.114,2026-06-25T23:59:23.511904,63030.617,114961.555,0.801,236.366,66326.933,0.02,0.0
239.165,2026-06-25T23:59:23.562561,63030.617,114961.555,0.792,236.367,66326.933,0.02,0.0
239.216,2026-06-25T23:59:23.613207,63030.617,114961.555,0.786,236.368,66326.933,0.02,0.0
239.266,2026-06-25T23:59:23.663819,63054.117,115011.555,0.735,236.369,66376.933,0.02,986.928
239.317,2026-06-25T23:59:23.714477,63030.617,114961.555,0.793,236.37,66376.933,0.02,0.0
239.367,2026-06-25T23:59:23.765086,63046.242,115761.555,0.74,236.371,66426.933,0.02,987.378
239.418,2026-06-25T23:59:23.815739,63098.656,115761.555,0.796,236.372,66426.933,0.02,0.0
239.469,2026-06-25T23:59:23.866370,63151.691,115761.555,0.789,236.373,66426.933,0.02,0.0
239.519,2026-06-25T23:59:23.916969,63204.457,115761.555,0.783,236.374,66426.933,0.02,0.0
239.57,2026-06-25T23:59:23.967626,63256.887,115761.555,0.78,236.375,66426.933,0.02,0.0
239.621,2026-06-25T23:59:24.018234,63308.996,115761.555,0.777,236.376,66426.933,0.02,0.0
239.671,2026-06-25T23:59:24.068857,63360.484,115761.555,0.776,236.377,66426.933,0.02,0.0
239.722,2026-06-25T23:59:24.119519,63412.059,115761.555,0.774,236.378,66426.933,0.02,0.0
239.773,2026-06-25T23:59:24.170174,63462.926,115761.555,0.773,236.379,66426.933,0.02,0.0
239.823,2026-06-25T23:59:24.220801,63512.883,115761.555,0.773,236.38,66426.933,0.02,0.0
239.874,2026-06-25T23:59:24.271442,63564.387,115761.555,0.772,236.381,66426.933,0.02,0.0
239.924,2026-06-25T23:59:24.322066,63617.035,115761.555,0.818,236.382,66426.933,0.02,0.0
239.975,2026-06-25T23:59:24.372710,63669.906,115761.555,0.758,236.383,66426.933,0.02,0.0
240.026,2026-06-25T23:59:24.423325,63723.059,115761.555,0.808,236.384,66426.933,0.02,0.0
240.076,2026-06-25T23:59:24.473935,63773.848,115761.555,0.843,236.385,66426.933,0.02,0.0
240.127,2026-06-25T23:59:24.524570,63826.945,115761.555,0.822,236.386,66426.933,0.02,0.0
240.178,2026-06-25T23:59:24.575217,63816.031,115761.555,0.807,236.387,66426.933,0.02,0.0
240.228,2026-06-25T23:59:24.625823,63230.617,115761.555,0.75,236.388,66426.933,0.02,0.0
240.279,2026-06-25T23:59:24.676467,63030.617,114961.555,0.756,236.389,66426.933,0.02,0.0
240.329,2026-06-25T23:59:24.727083,63030.617,114961.555,0.761,236.39,66426.933,0.02,0.0
240.38,2026-06-25T23:59:24.777730,63030.617,114961.555,0.764,236.391,66426.933,0.02,0.0
240.431,2026-06-25T23:59:24.828371,63030.617,114961.555,0.813,236.392,66426.933,0.02,0.0
240.481,2026-06-25T23:59:24.878991,63060.656,115761.555,0.8,236.393,66476.933,0.02,987.132
240.532,2026-06-25T23:59:24.929639,63111.867,115761.555,0.838,236.394,66476.933,0.02,0.0
240.583,2026-06-25T23:59:24.980262,63163.461,115761.555,0.818,236.396,66476.933,0.02,0.0
240.633,2026-06-25T23:59:25.030867,63214.961,115761.555,0.804,236.397,66476.933,0.02,0.0
240.684,2026-06-25T23:59:25.081523,63265.891,115761.555,0.794,236.398,66476.933,0.02,0.0
240.735,2026-06-25T23:59:25.132170,63315.965,115761.555,0.787,236.399,66476.933,0.02,0.0
240.785,2026-06-25T23:59:25.182795,63365.578,115761.555,0.829,236.4,66476.933,0.02,0.0
240.836,2026-06-25T23:59:25.233435,63417.051,115761.555,0.812,236.401,66476.933,0.02,0.0
240.886,2026-06-25T23:59:25.284050,63468.441,115761.555,0.753,236.402,66476.933,0.02,0.0
240.937,2026-06-25T23:59:25.334694,63519.699,115761.555,0.759,236.403,66476.933,0.02,0.0
240.988,2026-06-25T23:59:25.385321,63571.605,115761.555,0.809,236.404,66476.933,0.02,0.0
241.038,2026-06-25T23:59:25.435937,63624.148,115761.555,0.798,236.405,66476.933,0.02,0.0
241.089,2026-06-25T23:59:25.486577,63676.926,115761.555,0.79,236.406,66476.933,0.02,0.0
241.14,2026-06-25T23:59:25.537199,63729.66,115761.555,0.784,236.407,66476.933,0.02,0.0
241.19,2026-06-25T23:59:25.587807,63780.617,115761.555,0.78,236.408,66476.933,0.02,0.0
241.241,2026-06-25T23:59:25.638458,63780.617,115711.555,0.778,236.409,66476.933,0.02,0.0
241.291,2026-06-25T23:59:25.689081,63822.621,115761.555,0.776,236.41,66476.933,0.02,0.0
241.342,2026-06-25T23:59:25.739727,63124.617,115761.555,0.775,236.411,66476.933,0.02,0.0
241.393,2026-06-25T23:59:25.790364,63030.617,114961.555,0.82,236.412,66476.933,0.02,0.0
241.443,2026-06-25T23:59:25.840987,63030.617,114961.555,0.805,236.413,66476.933,0.02,0.0
241.494,2026-06-25T23:59:25.891648,63030.617,114961.555,0.795,236.414,66476.933,0.02,0.0
241.545,2026-06-25T23:59:25.942280,63030.617,114961.555,0.788,236.415,66476.933,0.02,0.0
241.595,2026-06-25T23:59:25.992900,63065.453,115011.555,0.734,236.416,66526.933,0.02,973.775
241.647,2026-06-25T23:59:26.044235,63030.617,114961.555,0.746,236.417,66526.933,0.02,0.0
241.697,2026-06-25T23:59:26.094858,63057.477,115761.555,0.753,236.418,66576.933,0.02,986.816
241.748,2026-06-25T23:59:26.145518,63110.496,115761.555,0.759,236.419,66576.933,0.02,0.0
241.798,2026-06-25T23:59:26.196124,63163.641,115761.555,0.809,236.42,66576.933,0.02,0.0
241.849,2026-06-25T23:59:26.246766,63215.805,115761.555,0.798,236.421,66576.933,0.02,0.0
241.9,2026-06-25T23:59:26.297400,63267.539,115761.555,0.744,236.422,66576.933,0.02,0.0
241.95,2026-06-25T23:59:26.348020,63318.879,115761.555,0.798,236.423,66576.933,0.02,0.0
242.001,2026-06-25T23:59:26.398693,63370.391,115761.555,0.79,236.424,66576.933,0.02,0.0
242.052,2026-06-25T23:59:26.449311,63416.934,115761.555,0.831,236.425,66576.933,0.02,0.0
242.102,2026-06-25T23:59:26.499932,63467.426,115761.555,0.767,236.426,66576.933,0.02,0.0
242.153,2026-06-25T23:59:26.550574,63519.934,115761.555,0.815,236.427,66576.933,0.02,0.0
242.204,2026-06-25T23:59:26.601197,63572.781,115761.555,0.802,236.428,66576.933,0.02,0.0
242.254,2026-06-25T23:59:26.651817,63623.348,115761.555,0.792,236.429,66576.933,0.02,0.0
242.305,2026-06-25T23:59:26.702462,63676.211,115761.555,0.832,236.43,66576.933,0.02,0.0
242.355,2026-06-25T23:59:26.753083,63729.48,115761.555,0.814,236.431,66576.933,0.02,0.0
242.406,2026-06-25T23:59:26.803731,63782.672,115761.555,0.801,236.432,66576.933,0.02,0.0
242.457,2026-06-25T23:59:26.854367,63780.617,115711.555,0.792,236.433,66576.933,0.02,0.0
242.507,2026-06-25T23:59:26.904997,63822.516,115761.555,0.786,236.434,66576.933,0.02,0.0
242.558,2026-06-25T23:59:26.955650,63112.617,115761.555,0.782,236.435,66576.933,0.02,0.0
242.609,2026-06-25T23:59:27.006271,63030.617,114961.555,0.825,236.436,66576.933,0.02,0.0
242.659,2026-06-25T23:59:27.056891,63030.617,114961.555,0.809,236.438,66576.933,0.02,0.0
242.71,2026-06-25T23:59:27.107551,63030.617,114961.555,0.798,236.439,66576.933,0.02,0.0
242.8,2026-06-25T23:59:27.197653,63050.617,115011.555,0.871,236.783,66626.933,3.826,556.135
242.85,2026-06-25T23:59:27.248069,63030.617,114961.555,0.841,236.784,66626.933,0.02,0.0
242.901,2026-06-25T23:59:27.298685,63034.535,115761.555,0.82,236.785,66676.933,0.02,988.113
242.952,2026-06-25T23:59:27.349331,63086.082,115761.555,0.852,236.786,66676.933,0.02,0.0
243.002,2026-06-25T23:59:27.399958,63137.852,115761.555,0.781,236.787,66676.933,0.02,0.0
243.053,2026-06-25T23:59:27.450615,63188.43,115761.555,0.825,236.788,66676.933,0.02,0.0
243.104,2026-06-25T23:59:27.501229,63240.008,115761.555,0.809,236.789,66676.933,0.02,0.0
243.154,2026-06-25T23:59:27.551850,63291.262,115761.555,0.798,236.79,66676.933,0.02,0.0
243.205,2026-06-25T23:59:27.602506,63340.258,115761.555,0.79,236.791,66676.933,0.02,0.0
243.255,2026-06-25T23:59:27.653126,63389.621,115761.555,0.738,236.792,66676.933,0.02,0.0
243.306,2026-06-25T23:59:27.703757,63439.664,115761.555,0.795,236.793,66676.933,0.02,0.0
243.357,2026-06-25T23:59:27.754369,63489.488,115761.555,0.788,236.794,66676.933,0.02,0.0
243.407,2026-06-25T23:59:27.804977,63541.008,115761.555,0.783,236.795,66676.933,0.02,0.0
243.458,2026-06-25T23:59:27.855627,63593.449,115761.555,0.779,236.796,66676.933,0.02,0.0
243.509,2026-06-25T23:59:27.906260,63646.609,115761.555,0.777,236.797,66676.933,0.02,0.0
243.559,2026-06-25T23:59:27.956870,63699.367,115761.555,0.776,236.798,66676.933,0.02,0.0
243.61,2026-06-25T23:59:28.007512,63752.434,115761.555,0.774,236.799,66676.933,0.02,0.0
243.66,2026-06-25T23:59:28.058130,63805.609,115761.555,0.774,236.8,66676.933,0.02,0.0
243.711,2026-06-25T23:59:28.108747,63795.148,115761.555,0.819,236.801,66676.933,0.02,0.0
243.762,2026-06-25T23:59:28.159383,63552.617,115761.555,0.805,236.802,66676.933,0.02,0.0
243.812,2026-06-25T23:59:28.209986,63030.617,114961.555,0.795,236.803,66676.933,0.02,0.0
243.863,2026-06-25T23:59:28.260607,63030.617,114961.555,0.788,236.804,66676.933,0.02,0.0
243.914,2026-06-25T23:59:28.311206,63030.617,114961.555,0.83,236.805,66676.933,0.02,0.0
243.964,2026-06-25T23:59:28.361797,63030.617,114961.555,0.812,236.806,66676.933,0.02,0.0
244.015,2026-06-25T23:59:28.412435,63036.746,115011.555,0.8,236.807,66726.933,0.02,988.081
244.065,2026-06-25T23:59:28.463037,63030.617,114961.555,0.745,236.808,66726.933,0.02,0.0
244.116,2026-06-25T23:59:28.513680,63030.617,114961.555,0.799,236.809,66776.933,0.02,987.532
244.167,2026-06-25T23:59:28.564310,63080.34,115761.555,0.838,236.81,66776.933,0.02,0.0
244.217,2026-06-25T23:59:28.614920,63132.109,115761.555,0.818,236.811,66776.933,0.02,0.0
244.268,2026-06-25T23:59:28.665582,63183.848,115761.555,0.804,236.812,66776.933,0.02,0.0
244.319,2026-06-25T23:59:28.716194,63234.832,115761.555,0.794,236.813,66776.933,0.02,0.0
244.369,2026-06-25T23:59:28.766792,63285.0,115761.555,0.787,236.814,66776.933,0.02,0.0
244.42,2026-06-25T23:59:28.817432,63335.305,115761.555,0.783,236.815,66776.933,0.02,0.0
244.47,2026-06-25T23:59:28.868032,63385.176,115761.555,0.779,236.816,66776.933,0.02,0.0
244.521,2026-06-25T23:59:28.918657,63433.836,115761.555,0.777,236.817,66776.933,0.02,0.0
244.572,2026-06-25T23:59:28.969283,63483.812,115761.555,0.776,236.818,66776.933,0.02,0.0
244.622,2026-06-25T23:59:29.019909,63535.367,115761.555,0.774,236.819,66776.933,0.02,0.0
244.673,2026-06-25T23:59:29.070563,63587.129,115761.555,0.774,236.82,66776.933,0.02,0.0
244.724,2026-06-25T23:59:29.121197,63638.645,115761.555,0.773,236.821,66776.933,0.02,0.0
244.774,2026-06-25T23:59:29.171822,63690.375,115761.555,0.772,236.823,66776.933,0.02,0.0
244.825,2026-06-25T23:59:29.222452,63742.164,115761.555,0.819,236.824,66776.933,0.02,0.0
244.875,2026-06-25T23:59:29.273056,63793.727,115761.555,0.804,236.825,66776.933,0.02,0.0
244.926,2026-06-25T23:59:29.323690,63782.852,115761.555,0.795,236.826,66776.933,0.02,0.0
244.977,2026-06-25T23:59:29.374304,63760.617,115761.555,0.741,236.827,66776.933,0.02,0.0
245.027,2026-06-25T23:59:29.424897,63030.617,114961.555,0.751,236.828,66776.933,0.02,0.0
245.078,2026-06-25T23:59:29.475510,63030.617,114961.555,0.757,236.829,66776.933,0.02,0.0
245.128,2026-06-25T23:59:29.526103,63030.617,114961.555,0.761,236.83,66776.933,0.02,0.0
245.179,2026-06-25T23:59:29.576734,63030.617,114961.555,0.765,236.831,66776.933,0.02,0.0
245.23,2026-06-25T23:59:29.627358,63030.617,114961.555,0.767,236.832,66826.933,0.02,987.904
245.28,2026-06-25T23:59:29.677979,63078.508,115761.555,0.814,236.833,66826.933,0.02,0.0
245.331,2026-06-25T23:59:29.728627,63130.312,115761.555,0.802,236.834,66826.933,0.02,0.0
245.382,2026-06-25T23:59:29.779252,63182.18,115761.555,0.839,236.835,66826.933,0.02,0.0
245.432,2026-06-25T23:59:29.829861,63234.395,115761.555,0.819,236.836,66826.933,0.02,0.0
245.483,2026-06-25T23:59:29.880509,63287.125,115761.555,0.805,236.837,66826.933,0.02,0.0
245.533,2026-06-25T23:59:29.931116,63339.734,115761.555,0.795,236.838,66826.933,0.02,0.0
245.584,2026-06-25T23:59:29.981747,63390.102,115761.555,0.834,236.839,66826.933,0.02,0.0
245.635,2026-06-25T23:59:30.032385,63440.754,115761.555,0.769,236.84,66826.933,0.02,0.0
245.685,2026-06-25T23:59:30.083002,63492.066,115761.555,0.77,236.841,66826.933,0.02,0.0
245.736,2026-06-25T23:59:30.133664,63544.68,115761.555,0.817,236.842,66826.933,0.02,0.0
245.787,2026-06-25T23:59:30.184297,63597.461,115761.555,0.803,236.843,66826.933,0.02,0.0
245.837,2026-06-25T23:59:30.234913,63650.605,115761.555,0.747,236.844,66826.933,0.02,0.0
245.888,2026-06-25T23:59:30.285566,63703.738,115761.555,0.754,236.845,66826.933,0.02,0.0
245.939,2026-06-25T23:59:30.336198,63756.977,115761.555,0.806,236.846,66826.933,0.02,0.0
245.989,2026-06-25T23:59:30.386812,63810.305,115761.555,0.796,236.847,66826.933,0.02,0.0
246.04,2026-06-25T23:59:30.437424,63799.746,115761.555,0.742,236.848,66826.933,0.02,0.0
246.09,2026-06-25T23:59:30.488031,63478.617,115761.555,0.797,236.849,66826.933,0.02,0.0
246.141,2026-06-25T23:59:30.538646,63030.617,114961.555,0.79,236.85,66826.933,0.02,0.0
246.192,2026-06-25T23:59:30.589268,63030.617,114961.555,0.784,236.851,66826.933,0.02,0.0
246.242,2026-06-25T23:59:30.639910,63030.617,114961.555,0.779,236.852,66826.933,0.02,0.0
246.293,2026-06-25T23:59:30.690944,63030.617,114961.555,0.775,236.853,66826.933,0.02,0.0
246.344,2026-06-25T23:59:30.741966,63045.469,115761.555,0.772,236.854,66876.933,0.02,979.927
246.395,2026-06-25T23:59:30.793014,63098.074,115761.555,0.77,236.855,66876.933,0.02,0.0
246.446,2026-06-25T23:59:30.844061,63151.652,115761.555,0.814,236.856,66876.933,0.02,0.0
246.497,2026-06-25T23:59:30.895094,63205.086,115761.555,0.846,236.857,66876.933,0.02,0.0
246.548,2026-06-25T23:59:30.946060,63258.195,115761.555,0.823,236.858,66876.933,0.02,0.0
246.599,2026-06-25T23:59:30.996700,63310.984,115761.555,0.761,236.859,66876.933,0.02,0.0
246.65,2026-06-25T23:59:31.047318,63362.227,115761.555,0.811,236.86,66876.933,0.02,0.0
246.7,2026-06-25T23:59:31.097939,63413.105,115761.555,0.799,236.861,66876.933,0.02,0.0
246.751,2026-06-25T23:59:31.148588,63463.43,115761.555,0.744,236.862,66876.933,0.02,0.0
246.802,2026-06-25T23:59:31.199190,63515.25,115761.555,0.845,236.863,66876.933,0.02,0.0
246.852,2026-06-25T23:59:31.249809,63567.895,115761.555,0.823,236.865,66876.933,0.02,0.0
246.903,2026-06-25T23:59:31.300460,63620.844,115761.555,0.808,236.866,66876.933,0.02,0.0
246.953,2026-06-25T23:59:31.351089,63673.801,115761.555,0.797,236.867,66876.933,0.02,0.0
247.004,2026-06-25T23:59:31.401739,63726.793,115761.555,0.789,236.868,66876.933,0.02,0.0
247.055,2026-06-25T23:59:31.452361,63775.656,115761.555,0.784,236.869,66876.933,0.02,0.0
247.105,2026-06-25T23:59:31.502967,63829.055,115761.555,0.78,236.87,66876.933,0.02,0.0
247.156,2026-06-25T23:59:31.553596,63817.199,115761.555,0.731,236.871,66876.933,0.02,0.0
247.207,2026-06-25T23:59:31.604208,63180.617,115761.555,0.79,236.872,66876.933,0.02,0.0
247.257,2026-06-25T23:59:31.654802,63030.617,114961.555,0.785,236.873,66876.933,0.02,0.0
247.308,2026-06-25T23:59:31.705433,63030.617,114961.555,0.781,236.874,66876.933,0.02,0.0
247.358,2026-06-25T23:59:31.756033,63030.617,114961.555,0.778,236.875,66876.933,0.02,0.0
247.409,2026-06-25T23:59:31.806671,63030.617,114961.555,0.776,236.876,66876.933,0.02,0.0
247.46,2026-06-25T23:59:31.857298,63064.617,115011.555,0.821,236.877,66926.933,0.02,987.629
247.51,2026-06-25T23:59:31.907898,63030.617,114961.555,0.806,236.878,66926.933,0.02,0.0
247.561,2026-06-25T23:59:31.958535,63057.066,115011.555,0.749,236.879,66976.933,0.02,987.792
247.612,2026-06-25T23:59:32.009173,63030.617,114961.555,0.802,236.88,66976.933,0.02,0.0
247.662,2026-06-25T23:59:32.059781,63050.074,115761.555,0.747,236.881,67026.933,0.02,987.927
247.713,2026-06-25T23:59:32.110400,63101.355,115761.555,0.754,236.882,67026.933,0.02,0.0
247.8,2026-06-25T23:59:32.197254,63189.848,115761.555,0.933,237.226,67026.933,3.967,0.0
247.85,2026-06-25T23:59:32.247701,63240.66,115761.555,0.839,237.227,67026.933,0.02,0.0
247.901,2026-06-25T23:59:32.298307,63290.184,115761.555,0.819,237.228,67026.933,0.02,0.0
247.951,2026-06-25T23:59:32.348924,63339.57,115761.555,0.804,237.229,67026.933,0.02,0.0
248.002,2026-06-25T23:59:32.399591,63390.34,115761.555,0.795,237.23,67026.933,0.02,0.0
248.053,2026-06-25T23:59:32.450206,63441.559,115761.555,0.834,237.231,67026.933,0.02,0.0
248.103,2026-06-25T23:59:32.500827,63493.215,115761.555,0.769,237.232,67026.933,0.02,0.0
248.154,2026-06-25T23:59:32.551464,63544.938,115761.555,0.816,237.233,67026.933,0.02,0.0
248.204,2026-06-25T23:59:32.602068,63596.496,115761.555,0.757,237.234,67026.933,0.02,0.0
248.255,2026-06-25T23:59:32.652707,63646.5,115761.555,0.808,237.235,67026.933,0.02,0.0
248.306,2026-06-25T23:59:32.703333,63698.586,115761.555,0.797,237.236,67026.933,0.02,0.0
248.356,2026-06-25T23:59:32.753945,63750.855,115761.555,0.789,237.237,67026.933,0.02,0.0
248.407,2026-06-25T23:59:32.804605,63802.75,115761.555,0.784,237.238,67026.933,0.02,0.0
248.458,2026-06-25T23:59:32.855228,63791.875,115761.555,0.78,237.239,67026.933,0.02,0.0
248.508,2026-06-25T23:59:32.905859,63604.621,115761.555,0.777,237.24,67026.933,0.02,0.0
248.559,2026-06-25T23:59:32.956505,63030.621,114961.555,0.776,237.241,67026.933,0.02,0.0
248.609,2026-06-25T23:59:33.007110,63030.621,114961.555,0.775,237.242,67026.933,0.02,0.0
248.66,2026-06-25T23:59:33.057760,63030.621,114961.555,0.774,237.243,67026.933,0.02,0.0
248.711,2026-06-25T23:59:33.108417,63030.621,114961.555,0.773,237.244,67026.933,0.02,0.0
248.761,2026-06-25T23:59:33.159019,63036.73,115011.555,0.773,237.245,67076.933,0.02,987.657
248.812,2026-06-25T23:59:33.209668,63030.621,114961.555,0.772,237.246,67076.933,0.02,0.0
248.863,2026-06-25T23:59:33.260286,63030.621,114961.555,0.772,237.247,67126.933,0.02,988.09
248.913,2026-06-25T23:59:33.310898,63078.621,115011.555,0.772,237.248,67126.933,0.02,0.0
248.964,2026-06-25T23:59:33.361566,63030.621,114961.555,0.772,237.249,67176.933,0.02,987.69
249.015,2026-06-25T23:59:33.412185,63074.184,115761.555,0.772,237.251,67176.933,0.02,0.0
249.065,2026-06-25T23:59:33.462805,63124.852,115761.555,0.818,237.252,67176.933,0.02,0.0
249.116,2026-06-25T23:59:33.513462,63176.973,115761.555,0.758,237.253,67176.933,0.02,0.0
249.166,2026-06-25T23:59:33.564090,63229.438,115761.555,0.762,237.254,67176.933,0.02,0.0
249.217,2026-06-25T23:59:33.614739,63282.184,115761.555,0.765,237.255,67176.933,0.02,0.0
249.268,2026-06-25T23:59:33.665378,63334.832,115761.555,0.767,237.256,67176.933,0.02,0.0
249.318,2026-06-25T23:59:33.715982,63385.309,115761.555,0.814,237.257,67176.933,0.02,0.0
249.369,2026-06-25T23:59:33.766629,63438.117,115761.555,0.802,237.258,67176.933,0.02,0.0
249.42,2026-06-25T23:59:33.817252,63490.848,115761.555,0.792,237.259,67176.933,0.02,0.0
249.47,2026-06-25T23:59:33.867881,63543.883,115761.555,0.786,237.26,67176.933,0.02,0.0
249.521,2026-06-25T23:59:33.918526,63596.871,115761.555,0.782,237.261,67176.933,0.02,0.0
249.572,2026-06-25T23:59:33.969192,63649.809,115761.555,0.825,237.262,67176.933,0.02,0.0
249.622,2026-06-25T23:59:34.019801,63702.648,115761.555,0.809,237.263,67176.933,0.02,0.0
249.673,2026-06-25T23:59:34.070444,63755.875,115761.555,0.798,237.264,67176.933,0.02,0.0
249.723,2026-06-25T23:59:34.121068,63809.074,115761.555,0.836,237.265,67176.933,0.02,0.0
249.774,2026-06-25T23:59:34.171713,63798.832,115761.555,0.863,237.266,67176.933,0.02,0.0
249.825,2026-06-25T23:59:34.222326,63496.621,115761.555,0.789,237.267,67176.933,0.02,0.0
249.875,2026-06-25T23:59:34.272932,63030.621,114961.555,0.784,237.268,67176.933,0.02,0.0
249.926,2026-06-25T23:59:34.323578,63030.621,114961.555,0.78,237.269,67176.933,0.02,0.0
249.977,2026-06-25T23:59:34.374197,63030.621,114961.555,0.778,237.27,67176.933,0.02,0.0
250.027,2026-06-25T23:59:34.424802,63030.621,114961.555,0.776,237.271,67176.933,0.02,0.0
250.078,2026-06-25T23:59:34.475457,62500.262,114961.555,0.821,237.272,67226.933,0.02,987.467
250.128,2026-06-25T23:59:34.526078,61430.621,113361.555,0.806,237.273,67226.933,0.02,0.0
250.179,2026-06-25T23:59:34.576720,61430.621,113361.555,0.796,237.274,67226.933,0.02,0.0
250.23,2026-06-25T23:59:34.627354,61430.621,113361.555,0.788,237.275,67226.933,0.02,0.0
250.28,2026-06-25T23:59:34.678005,61430.621,113361.555,0.782,237.276,67226.933,0.02,0.0
250.331,2026-06-25T23:59:34.729121,61430.621,113361.555,0.776,237.277,67226.933,0.02,0.0
250.383,2026-06-25T23:59:34.780223,61408.621,113361.555,0.773,237.278,67226.933,0.02,0.0
250.434,2026-06-25T23:59:34.831313,61779.504,122303.555,0.954,237.279,67226.933,0.02,0.0
250.485,2026-06-25T23:59:34.882397,62379.352,122303.555,1.126,237.28,67226.933,0.02,0.0
250.536,2026-06-25T23:59:34.933440,62942.117,122303.555,1.25,237.281,67226.933,0.02,0.0
250.586,2026-06-25T23:59:34.984062,63532.07,122303.555,1.332,237.282,67226.933,0.02,0.0
250.638,2026-06-25T23:59:35.035334,64083.762,122303.555,1.442,237.283,67226.933,0.02,0.0
250.688,2026-06-25T23:59:35.085955,64670.48,122303.555,1.472,237.284,67226.933,0.02,0.0
250.739,2026-06-25T23:59:35.136606,65225.309,122303.555,1.54,237.285,67226.933,0.02,0.0
250.79,2026-06-25T23:59:35.187225,65754.883,122303.555,1.541,237.286,67226.933,0.02,0.0
250.84,2026-06-25T23:59:35.237825,66280.875,122303.555,1.541,237.287,67226.933,0.02,0.0
250.891,2026-06-25T23:59:35.288471,66862.566,122303.555,1.542,237.288,67226.933,0.02,0.0
250.941,2026-06-25T23:59:35.339070,67422.902,122303.555,1.589,237.289,67226.933,0.02,0.0
250.992,2026-06-25T23:59:35.389696,67932.504,122303.555,1.529,237.29,67226.933,0.02,0.0
251.043,2026-06-25T23:59:35.440307,68518.523,122303.555,1.58,237.292,67226.933,0.02,0.0
251.093,2026-06-25T23:59:35.490914,69076.484,122303.555,1.568,237.293,67226.933,0.02,0.0
251.144,2026-06-25T23:59:35.541577,69665.312,122303.555,1.561,237.294,67226.933,0.02,0.0
251.195,2026-06-25T23:59:35.592191,70218.91,122353.555,1.556,237.295,67226.933,0.02,0.0
251.245,2026-06-25T23:59:35.642813,70274.059,126453.555,1.552,237.296,67226.933,0.02,0.0
251.296,2026-06-25T23:59:35.693464,69670.066,125653.555,1.549,237.297,67226.933,0.02,0.0
251.346,2026-06-25T23:59:35.744086,69708.133,125653.555,1.547,237.298,67226.933,0.02,0.0
251.397,2026-06-25T23:59:35.794749,69746.215,125653.555,1.592,237.299,67226.933,0.02,0.0
251.448,2026-06-25T23:59:35.845376,69784.234,125653.555,1.578,237.3,67226.933,0.02,0.0
251.498,2026-06-25T23:59:35.895985,69818.438,126453.555,1.567,237.301,67276.933,0.02,987.099
251.549,2026-06-25T23:59:35.946633,69907.18,126453.555,1.56,237.302,67276.933,0.02,0.0
251.6,2026-06-25T23:59:35.997248,69998.703,126453.555,1.601,237.303,67276.933,0.02,0.0
251.65,2026-06-25T23:59:36.047879,70090.879,126453.555,1.584,237.304,67276.933,0.02,0.0
251.701,2026-06-25T23:59:36.098544,70180.395,126453.555,1.572,237.305,67276.933,0.02,0.0
251.752,2026-06-25T23:59:36.149203,70268.98,126453.555,1.609,237.306,67276.933,0.02,0.0
251.802,2026-06-25T23:59:36.199819,70359.082,126453.555,1.543,237.307,67276.933,0.02,0.0
251.853,2026-06-25T23:59:36.250456,70448.57,126453.555,1.543,237.308,67276.933,0.02,0.0
251.903,2026-06-25T23:59:36.301088,70537.641,126453.555,1.543,237.309,67276.933,0.02,0.0
251.954,2026-06-25T23:59:36.351724,70626.281,126453.555,1.543,237.31,67276.933,0.02,0.0
252.005,2026-06-25T23:59:36.402368,70714.5,126453.555,1.589,237.311,67276.933,0.02,0.0
252.055,2026-06-25T23:59:36.452979,70794.465,126453.555,1.529,237.312,67276.933,0.02,0.0
252.106,2026-06-25T23:59:36.503632,70882.027,126453.555,1.533,237.313,67276.933,0.02,0.0
252.157,2026-06-25T23:59:36.554254,70971.254,126453.555,1.536,237.314,67276.933,0.02,0.0
252.207,2026-06-25T23:59:36.604858,71061.176,126453.555,1.585,237.315,67276.933,0.02,0.0
252.258,2026-06-25T23:59:36.655512,71152.953,126453.555,1.526,237.316,67276.933,0.02,0.0
252.308,2026-06-25T23:59:36.706131,71179.512,126453.555,1.531,237.317,67276.933,0.02,0.0
252.359,2026-06-25T23:59:36.756790,71163.961,126453.555,1.581,237.318,67276.933,0.02,0.0
252.41,2026-06-25T23:59:36.807425,70498.797,125653.555,1.523,237.319,67276.933,0.02,0.0
252.46,2026-06-25T23:59:36.858037,70535.629,125653.555,1.621,237.32,67276.933,0.02,0.0
252.511,2026-06-25T23:59:36.908691,70572.215,125653.555,1.598,237.321,67276.933,0.02,0.0
252.562,2026-06-25T23:59:36.959322,70607.715,125653.555,1.581,237.322,67276.933,0.02,0.0
252.612,2026-06-25T23:59:37.009947,70643.215,125653.555,1.637,237.323,67326.933,0.018,868.443
252.67,2026-06-25T23:59:37.067663,70736.105,126453.555,1.604,237.324,67326.933,0.02,0.0
252.721,2026-06-25T23:59:37.118774,70824.824,126453.555,1.581,237.325,67326.933,0.02,0.0
252.847,2026-06-25T23:59:37.245124,71042.344,126453.555,1.721,237.67,67326.933,2.737,0.0
252.898,2026-06-25T23:59:37.295567,71128.418,126453.555,1.668,237.671,67326.933,0.02,0.0
252.949,2026-06-25T23:59:37.346211,71215.344,126453.555,1.584,237.672,67326.933,0.02,0.0
252.999,2026-06-25T23:59:37.396850,71303.055,126453.555,1.616,237.673,67326.933,0.02,0.0
253.05,2026-06-25T23:59:37.447681,71391.273,126453.555,1.592,237.674,67326.933,0.02,0.0
253.101,2026-06-25T23:59:37.498663,71478.988,126453.555,1.573,237.675,67326.933,0.02,0.0
253.152,2026-06-25T23:59:37.549771,71567.754,126453.555,1.56,237.676,67326.933,0.02,0.0
253.203,2026-06-25T23:59:37.600870,71658.004,126453.555,1.642,237.677,67326.933,0.02,0.0
253.254,2026-06-25T23:59:37.651985,71748.438,126453.555,1.608,237.678,67326.933,0.02,0.0
253.305,2026-06-25T23:59:37.703078,71838.711,126453.555,1.585,237.679,67326.933,0.02,0.0
253.357,2026-06-25T23:59:37.754211,71928.754,126453.555,1.568,237.68,67326.933,0.02,0.0
253.408,2026-06-25T23:59:37.805296,71985.102,126453.555,1.556,237.681,67326.933,0.02,0.0
253.459,2026-06-25T23:59:37.856426,72044.215,126453.555,1.594,237.682,67326.933,0.02,0.0
253.51,2026-06-25T23:59:37.907524,71409.301,126453.555,1.574,237.683,67326.933,0.02,0.0
253.561,2026-06-25T23:59:37.958611,71328.281,125653.555,1.563,237.684,67326.933,0.02,0.0
253.612,2026-06-25T23:59:38.009463,71365.035,125653.555,1.553,237.685,67326.933,0.02,0.0
253.663,2026-06-25T23:59:38.060589,71400.105,125653.555,1.591,237.686,67326.933,0.02,0.0
253.714,2026-06-25T23:59:38.111659,71435.52,125653.555,1.573,237.687,67326.933,0.02,0.0
253.765,2026-06-25T23:59:38.162773,71505.602,126453.555,1.56,237.688,67376.933,0.02,978.272
253.816,2026-06-25T23:59:38.213873,71594.367,126453.555,1.596,237.689,67376.933,0.02,0.0
253.867,2026-06-25T23:59:38.264997,71683.402,126453.555,1.576,237.69,67376.933,0.02,0.0
253.918,2026-06-25T23:59:38.316103,71772.402,126453.555,1.608,237.691,67376.933,0.02,0.0
253.97,2026-06-25T23:59:38.367220,71862.059,126453.555,1.584,237.692,67376.933,0.02,0.0
254.021,2026-06-25T23:59:38.418267,71951.266,126453.555,1.568,237.693,67376.933,0.02,0.0
254.072,2026-06-25T23:59:38.469374,72040.426,126453.555,1.556,237.694,67376.933,0.02,0.0
254.123,2026-06-25T23:59:38.520475,72128.984,126453.555,1.548,237.695,67376.933,0.02,0.0
254.174,2026-06-25T23:59:38.571601,72217.09,126453.555,1.542,237.696,67376.933,0.02,0.0
254.225,2026-06-25T23:59:38.622635,72302.309,126453.555,1.584,237.697,67376.933,0.02,0.0
254.276,2026-06-25T23:59:38.673740,72390.34,126453.555,1.568,237.698,67376.933,0.02,0.0
254.327,2026-06-25T23:59:38.724827,72480.172,126453.555,1.602,237.699,67376.933,0.02,0.0
254.378,2026-06-25T23:59:38.775952,72571.246,126453.555,1.578,237.701,67376.933,0.02,0.0
254.43,2026-06-25T23:59:38.827329,72661.008,126453.555,1.655,237.702,67376.933,0.02,0.0
254.481,2026-06-25T23:59:38.878448,72751.57,126453.555,1.617,237.703,67376.933,0.02,0.0
254.532,2026-06-25T23:59:38.929490,72777.949,126453.555,1.593,237.704,67376.933,0.02,0.0
254.583,2026-06-25T23:59:38.980235,72810.91,126453.555,1.575,237.705,67376.933,0.02,0.0
254.634,2026-06-25T23:59:39.031314,72099.883,125653.555,1.561,237.706,67376.933,0.02,0.0
254.685,2026-06-25T23:59:39.082411,72137.207,125653.555,1.597,237.707,67376.933,0.02,0.0
254.736,2026-06-25T23:59:39.133534,72174.145,125653.555,1.576,237.708,67376.933,0.02,0.0
254.787,2026-06-25T23:59:39.184619,72209.629,125653.555,1.562,237.709,67376.933,0.02,0.0
254.838,2026-06-25T23:59:39.235743,72246.355,125653.555,1.552,237.71,67426.933,0.02,978.396
254.889,2026-06-25T23:59:39.286840,72330.82,126453.555,1.591,237.711,67426.933,0.02,0.0
254.94,2026-06-25T23:59:39.337955,72418.652,126453.555,1.526,237.712,67426.933,0.02,0.0
254.991,2026-06-25T23:59:39.389041,72505.391,126453.555,1.573,237.713,67426.933,0.02,0.0
255.043,2026-06-25T23:59:39.440170,72592.609,126453.555,1.56,237.714,67426.933,0.02,0.0
255.094,2026-06-25T23:59:39.491237,72681.172,126453.555,1.551,237.715,67426.933,0.02,0.0
255.145,2026-06-25T23:59:39.542356,72769.785,126453.555,1.59,237.716,67426.933,0.02,0.0
255.196,2026-06-25T23:59:39.593452,72858.348,126453.555,1.571,237.717,67426.933,0.02,0.0
255.247,2026-06-25T23:59:39.644573,72948.809,126453.555,1.558,237.718,67426.933,0.02,0.0
255.298,2026-06-25T23:59:39.695694,73039.359,126453.555,1.549,237.719,67426.933,0.02,0.0
255.349,2026-06-25T23:59:39.746816,73126.414,126453.555,1.589,237.72,67426.933,0.02,0.0
255.4,2026-06-25T23:59:39.797910,73217.594,126453.555,1.614,237.721,67426.933,0.02,0.0
255.452,2026-06-25T23:59:39.849295,73307.973,126453.555,1.634,237.722,67426.933,0.02,0.0
255.503,2026-06-25T23:59:39.900404,73398.836,126453.555,1.603,237.723,67426.933,0.02,0.0
255.554,2026-06-25T23:59:39.951487,73489.312,126453.555,1.583,237.724,67426.933,0.02,0.0
255.605,2026-06-25T23:59:40.002200,73579.328,126453.555,1.568,237.725,67426.933,0.02,0.0
255.656,2026-06-25T23:59:40.053262,73605.523,126453.555,1.603,237.726,67426.933,0.02,0.0
255.707,2026-06-25T23:59:40.104353,73349.301,126453.555,1.58,237.727,67426.933,0.02,0.0
255.758,2026-06-25T23:59:40.155494,72910.215,125653.555,1.565,237.728,67426.933,0.02,0.0
255.809,2026-06-25T23:59:40.206578,72947.043,125653.555,1.554,237.729,67426.933,0.02,0.0
255.86,2026-06-25T23:59:40.257685,72982.746,125653.555,1.547,237.73,67426.933,0.02,0.0
255.911,2026-06-25T23:59:40.308772,73018.312,125653.555,1.587,237.731,67426.933,0.02,0.0
255.962,2026-06-25T23:59:40.359872,73070.539,126453.555,1.524,237.732,67476.933,0.02,978.464
256.013,2026-06-25T23:59:40.410981,73159.602,126453.555,1.571,237.733,67476.933,0.02,0.0
256.064,2026-06-25T23:59:40.462106,73249.035,126453.555,1.558,237.734,67476.933,0.02,0.0
256.116,2026-06-25T23:59:40.513244,73328.301,126453.555,1.549,237.735,67476.933,0.02,0.0
256.167,2026-06-25T23:59:40.564321,73406.922,126453.555,1.589,237.736,67476.933,0.02,0.0
256.218,2026-06-25T23:59:40.615415,73485.277,126453.555,1.525,237.738,67476.933,0.02,0.0
256.269,2026-06-25T23:59:40.666521,73561.652,126453.555,1.618,237.739,67476.933,0.02,0.0
256.32,2026-06-25T23:59:40.717613,73644.621,126453.555,1.637,237.74,67476.933,0.02,0.0
256.371,2026-06-25T23:59:40.768739,73722.758,126453.555,1.558,237.741,67476.933,0.02,0.0
256.422,2026-06-25T23:59:40.819830,73798.148,126453.555,1.593,237.742,67476.933,0.02,0.0
256.474,2026-06-25T23:59:40.871194,73880.633,126453.555,1.574,237.743,67476.933,0.02,0.0
256.525,2026-06-25T23:59:40.922197,73962.539,126453.555,1.564,237.744,67476.933,0.02,0.0
256.575,2026-06-25T23:59:40.972851,74038.883,126453.555,1.6,237.745,67476.933,0.02,0.0
256.626,2026-06-25T23:59:41.023983,74121.609,126453.555,1.579,237.746,67476.933,0.02,0.0
256.677,2026-06-25T23:59:41.075087,74208.152,126453.555,1.518,237.747,67476.933,0.02,0.0
256.729,2026-06-25T23:59:41.126216,74297.789,126453.555,1.567,237.748,67476.933,0.02,0.0
256.78,2026-06-25T23:59:41.177289,74328.832,126403.555,1.602,237.749,67476.933,0.02,0.0
256.831,2026-06-25T23:59:41.228413,74413.602,126453.555,1.58,237.75,67476.933,0.02,0.0
256.882,2026-06-25T23:59:41.279496,73652.121,125653.555,1.61,237.751,67476.933,0.02,0.0
256.933,2026-06-25T23:59:41.330638,73688.766,125653.555,1.539,237.752,67476.933,0.02,0.0
256.984,2026-06-25T23:59:41.381714,73556.715,125653.555,1.582,237.753,67476.933,0.02,0.0
257.035,2026-06-25T23:59:41.432805,72302.715,125653.555,1.566,237.754,67476.933,0.02,0.0
257.086,2026-06-25T23:59:41.483881,70952.715,125653.555,1.555,237.755,67526.933,0.02,978.441
257.137,2026-06-25T23:59:41.534998,69680.715,125653.555,1.41,237.756,67526.933,0.02,0.0
257.188,2026-06-25T23:59:41.586103,68418.715,125653.555,1.262,237.757,67526.933,0.02,0.0
257.24,2026-06-25T23:59:41.637207,67089.223,125653.555,1.113,237.758,67526.933,0.02,0.0
257.291,2026-06-25T23:59:41.688286,65762.715,125653.555,1.008,237.759,67526.933,0.02,0.0
257.342,2026-06-25T23:59:41.739396,65603.883,122357.555,1.119,237.76,67526.933,0.02,0.0
257.393,2026-06-25T23:59:41.790511,65701.656,122357.555,1.287,237.761,67526.933,0.02,0.0
257.444,2026-06-25T23:59:41.841887,65800.207,122357.555,1.357,237.762,67526.933,0.02,0.0
257.495,2026-06-25T23:59:41.892965,65895.68,122357.555,1.409,237.763,67526.933,0.02,0.0
257.546,2026-06-25T23:59:41.944031,65992.211,122357.555,1.494,237.764,67526.933,0.02,0.0
257.597,2026-06-25T23:59:41.994692,66089.902,122357.555,1.506,237.765,67526.933,0.02,0.0
257.648,2026-06-25T23:59:42.045808,66188.934,122357.555,1.559,237.766,67526.933,0.02,0.0
257.699,2026-06-25T23:59:42.096907,66288.797,122357.555,1.549,237.767,67526.933,0.02,0.0
257.75,2026-06-25T23:59:42.148055,66389.133,122357.555,1.543,237.768,67526.933,0.02,0.0
257.877,2026-06-25T23:59:42.274987,66637.848,122357.555,1.71,238.113,67526.933,2.724,0.0
257.928,2026-06-25T23:59:42.325427,66736.953,122357.555,1.66,238.114,67526.933,0.02,0.0
257.978,2026-06-25T23:59:42.376059,66836.715,122357.555,1.625,238.115,67526.933,0.02,0.0
258.029,2026-06-25T23:59:42.426694,66934.672,122357.555,1.599,238.116,67526.933,0.02,0.0
258.08,2026-06-25T23:59:42.477518,66978.887,122307.555,1.581,238.117,67526.933,0.02,0.0
258.131,2026-06-25T23:59:42.528348,67067.707,122357.555,1.566,238.118,67526.933,0.02,0.0
258.182,2026-06-25T23:59:42.579429,66363.215,122357.555,1.555,238.119,67526.933,0.02,0.0
258.233,2026-06-25T23:59:42.630561,66370.715,121557.555,1.593,238.12,67526.933,0.02,0.0
258.284,2026-06-25T23:59:42.681672,66417.715,121557.555,1.573,238.121,67526.933,0.02,0.0
258.335,2026-06-25T23:59:42.732789,66464.848,121557.555,1.56,238.122,67526.933,0.02,0.0
258.386,2026-06-25T23:59:42.783886,66512.285,121557.555,1.55,238.123,67576.933,0.02,977.557
258.437,2026-06-25T23:59:42.835025,66600.09,122357.555,1.544,238.124,67576.933,0.02,0.0
258.488,2026-06-25T23:59:42.886127,66699.16,122357.555,1.585,238.125,67576.933,0.02,0.0
258.54,2026-06-25T23:59:42.937203,66797.617,122357.555,1.571,238.126,67576.933,0.02,0.0
258.59,2026-06-25T23:59:42.987847,66894.809,122357.555,1.606,238.127,67576.933,0.02,0.0
258.641,2026-06-25T23:59:43.038959,66994.656,122357.555,1.583,238.128,67576.933,0.02,0.0
258.692,2026-06-25T23:59:43.090063,67095.031,122357.555,1.566,238.129,67576.933,0.02,0.0
258.744,2026-06-25T23:59:43.141209,67195.324,122357.555,1.555,238.13,67576.933,0.02,0.0
258.795,2026-06-25T23:59:43.192285,67295.109,122357.555,1.547,238.131,67576.933,0.02,0.0
258.846,2026-06-25T23:59:43.243399,67393.992,122357.555,1.587,238.132,67576.933,0.02,0.0
258.897,2026-06-25T23:59:43.294504,67492.777,122357.555,1.661,238.133,67576.933,0.02,0.0
258.948,2026-06-25T23:59:43.345645,67591.34,122357.555,1.621,238.134,67576.933,0.02,0.0
258.999,2026-06-25T23:59:43.396752,67690.113,122357.555,1.593,238.135,67576.933,0.02,0.0
259.05,2026-06-25T23:59:43.447860,67790.238,122357.555,1.574,238.136,67576.933,0.02,0.0
259.101,2026-06-25T23:59:43.498969,67890.086,122357.555,1.56,238.137,67576.933,0.02,0.0
259.152,2026-06-25T23:59:43.550083,67987.91,122357.555,1.597,238.138,67576.933,0.02,0.0
259.204,2026-06-25T23:59:43.601227,68024.523,122357.555,1.576,238.139,67576.933,0.02,0.0
259.255,2026-06-25T23:59:43.652289,67801.801,122357.555,1.562,238.14,67576.933,0.02,0.0
259.306,2026-06-25T23:59:43.703389,67352.645,121557.555,1.552,238.141,67576.933,0.02,0.0
259.357,2026-06-25T23:59:43.754513,67398.762,121557.555,1.591,238.142,67576.933,0.02,0.0
259.408,2026-06-25T23:59:43.805634,67445.48,121557.555,1.526,238.144,67576.933,0.02,0.0
259.459,2026-06-25T23:59:43.856759,67492.215,121557.555,1.573,238.145,67576.933,0.02,0.0
259.51,2026-06-25T23:59:43.907848,67549.324,122357.555,1.559,238.146,67626.933,0.02,978.241
259.561,2026-06-25T23:59:43.958938,67648.531,122357.555,1.551,238.147,67626.933,0.02,0.0
259.612,2026-06-25T23:59:44.009924,67749.078,122357.555,1.59,238.148,67626.933,0.02,0.0
259.663,2026-06-25T23:59:44.061031,67845.074,122357.555,1.572,238.149,67626.933,0.02,0.0
259.714,2026-06-25T23:59:44.112116,67943.672,122357.555,1.559,238.15,67626.933,0.02,0.0
259.766,2026-06-25T23:59:44.163221,68041.992,122357.555,1.596,238.151,67626.933,0.02,0.0
259.817,2026-06-25T23:59:44.214298,68141.148,122357.555,1.576,238.152,67626.933,0.02,0.0
259.868,2026-06-25T23:59:44.265442,68240.922,122357.555,1.562,238.153,67626.933,0.02,0.0
259.919,2026-06-25T23:59:44.316525,68340.969,122357.555,1.598,238.154,67626.933,0.02,0.0
259.97,2026-06-25T23:59:44.367640,68441.066,122357.555,1.577,238.155,67626.933,0.02,0.0
260.021,2026-06-25T23:59:44.418729,68541.242,122357.555,1.562,238.156,67626.933,0.02,0.0
260.072,2026-06-25T23:59:44.469844,68641.418,122357.555,1.598,238.157,67626.933,0.02,0.0
260.123,2026-06-25T23:59:44.520942,68741.375,122357.555,1.623,238.158,67626.933,0.02,0.0
260.174,2026-06-25T23:59:44.572047,68841.793,122357.555,1.595,238.159,67626.933,0.02,0.0
260.225,2026-06-25T23:59:44.623117,68937.73,122357.555,1.575,238.16,67626.933,0.02,0.0
260.277,2026-06-25T23:59:44.674216,69038.203,122357.555,1.562,238.161,67626.933,0.02,0.0
260.328,2026-06-25T23:59:44.725298,69073.484,122357.555,1.598,238.162,67626.933,0.02,0.0
260.379,2026-06-25T23:59:44.776425,68450.715,122357.555,1.531,238.163,67626.933,0.02,0.0
260.43,2026-06-25T23:59:44.827537,68379.629,121557.555,1.576,238.164,67626.933,0.02,0.0
260.481,2026-06-25T23:59:44.878672,68425.332,121557.555,1.561,238.165,67626.933,0.02,0.0
260.532,2026-06-25T23:59:44.929729,68471.879,121557.555,1.554,238.166,67626.933,0.02,0.0
260.583,2026-06-25T23:59:44.980573,68516.215,121557.555,1.547,238.167,67626.933,0.02,0.0
260.634,2026-06-25T23:59:45.031679,68597.016,121607.555,1.587,238.168,67676.933,0.02,977.734
260.685,2026-06-25T23:59:45.082806,68609.711,121557.555,1.615,238.169,67676.933,0.02,0.0
260.736,2026-06-25T23:59:45.133877,68680.215,122357.555,1.589,238.17,67726.933,0.02,978.259
260.787,2026-06-25T23:59:45.184998,68779.293,122357.555,1.617,238.171,67726.933,0.02,0.0
260.838,2026-06-25T23:59:45.236076,68877.719,122357.555,1.545,238.172,67726.933,0.02,0.0
260.89,2026-06-25T23:59:45.287179,68976.582,122357.555,1.586,238.173,67726.933,0.02,0.0
260.941,2026-06-25T23:59:45.338237,69075.527,122357.555,1.57,238.174,67726.933,0.02,0.0
260.992,2026-06-25T23:59:45.389305,69174.074,122357.555,1.557,238.175,67726.933,0.02,0.0
261.043,2026-06-25T23:59:45.440437,69272.629,122357.555,1.64,238.176,67726.933,0.02,0.0
261.094,2026-06-25T23:59:45.491536,69370.613,122357.555,1.607,238.177,67726.933,0.02,0.0
261.145,2026-06-25T23:59:45.542659,69469.23,122357.555,1.583,238.178,67726.933,0.02,0.0
261.196,2026-06-25T23:59:45.593743,69568.34,122357.555,1.567,238.179,67726.933,0.02,0.0
261.247,2026-06-25T23:59:45.644864,69668.629,122357.555,1.556,238.181,67726.933,0.02,0.0
261.298,2026-06-25T23:59:45.695954,69764.785,122357.555,1.593,238.182,67726.933,0.02,0.0
261.349,2026-06-25T23:59:45.747070,69886.504,122357.555,1.606,238.183,67726.933,0.017,0.0
261.412,2026-06-25T23:59:45.809216,69986.594,122357.555,1.629,238.184,67726.933,0.02,0.0
261.463,2026-06-25T23:59:45.860300,70086.855,122357.555,1.599,238.185,67726.933,0.02,0.0
261.514,2026-06-25T23:59:45.911415,70122.941,122357.555,1.578,238.186,67726.933,0.02,0.0
261.565,2026-06-25T23:59:45.962481,70085.215,122357.555,1.566,238.187,67726.933,0.02,0.0
261.615,2026-06-25T23:59:46.013133,69459.547,121557.555,1.556,238.188,67726.933,0.02,0.0
261.667,2026-06-25T23:59:46.064254,69506.121,121557.555,1.594,238.189,67726.933,0.02,0.0
261.718,2026-06-25T23:59:46.115361,69550.547,121557.555,1.574,238.19,67726.933,0.02,0.0
261.769,2026-06-25T23:59:46.166499,69589.801,121557.555,1.515,238.191,67726.933,0.02,0.0
261.82,2026-06-25T23:59:46.217578,69568.715,121557.555,1.61,238.192,67726.933,0.02,0.0
261.871,2026-06-25T23:59:46.268697,68582.715,121557.555,1.448,238.193,67776.933,0.02,978.656
261.922,2026-06-25T23:59:46.319801,67628.715,121557.555,1.243,238.194,67776.933,0.02,0.0
261.973,2026-06-25T23:59:46.370919,66646.715,121557.555,1.099,238.195,67776.933,0.02,0.0
262.024,2026-06-25T23:59:46.422004,65668.715,121557.555,0.999,238.196,67776.933,0.02,0.0
262.075,2026-06-25T23:59:46.473119,65570.02,118261.555,0.929,238.197,67776.933,0.02,0.0
262.127,2026-06-25T23:59:46.524212,65596.465,118261.555,0.833,238.198,67776.933,0.02,0.0
262.178,2026-06-25T23:59:46.575366,65616.688,118261.555,0.675,238.199,67776.933,0.02,0.0
262.229,2026-06-25T23:59:46.626457,65670.355,118261.555,0.702,238.2,67776.933,0.02,0.0
262.28,2026-06-25T23:59:46.677575,65723.047,118261.555,0.72,238.201,67776.933,0.02,0.0
262.331,2026-06-25T23:59:46.728660,65775.914,118261.555,0.734,238.202,67776.933,0.02,0.0
262.382,2026-06-25T23:59:46.779800,65828.121,118261.555,0.97,238.203,67776.933,0.02,0.0
262.434,2026-06-25T23:59:46.831207,65880.039,118261.555,1.092,238.204,67776.933,0.02,0.0
262.485,2026-06-25T23:59:46.882271,65931.91,118261.555,1.269,238.205,67776.933,0.02,0.0
262.536,2026-06-25T23:59:46.933323,65984.504,118261.555,1.35,238.206,67776.933,0.02,0.0
262.586,2026-06-25T23:59:46.983976,66036.684,118261.555,1.45,238.207,67776.933,0.02,0.0
262.637,2026-06-25T23:59:47.035119,66089.434,118261.555,1.428,238.208,67776.933,0.02,0.0
262.689,2026-06-25T23:59:47.086211,66142.121,118261.555,1.55,238.209,67776.933,0.02,0.0
262.74,2026-06-25T23:59:47.137292,66192.207,118261.555,1.544,238.21,67776.933,0.02,0.0
262.791,2026-06-25T23:59:47.188423,66242.801,118261.555,1.539,238.211,67776.933,0.02,0.0
262.918,2026-06-25T23:59:47.315777,66305.824,118261.555,1.687,238.556,67776.933,2.717,0.0
262.969,2026-06-25T23:59:47.366216,65832.715,118261.555,1.597,238.557,67776.933,0.02,0.0
263.019,2026-06-25T23:59:47.416850,65526.715,117461.555,1.58,238.558,67776.933,0.02,0.0
263.07,2026-06-25T23:59:47.467633,65526.715,117461.555,1.614,238.559,67776.933,0.02,0.0
263.121,2026-06-25T23:59:47.518443,65526.715,117461.555,1.591,238.56,67776.933,0.02,0.0
263.172,2026-06-25T23:59:47.569257,65526.715,117461.555,1.573,238.561,67776.933,0.02,0.0
263.223,2026-06-25T23:59:47.620403,65554.695,119861.555,1.605,238.562,67826.933,0.02,976.782
263.274,2026-06-25T23:59:47.671516,65623.203,119861.555,1.628,238.563,67826.933,0.02,0.0
263.325,2026-06-25T23:59:47.722629,65691.629,119861.555,1.598,238.564,67826.933,0.02,0.0
263.376,2026-06-25T23:59:47.773731,65761.504,119861.555,1.577,238.565,67826.933,0.02,0.0
263.427,2026-06-25T23:59:47.824857,65831.41,119861.555,1.608,238.566,67826.933,0.02,0.0
263.478,2026-06-25T23:59:47.875953,65901.816,119861.555,1.63,238.567,67826.933,0.02,0.0
263.529,2026-06-25T23:59:47.927026,65971.836,119861.555,1.601,238.568,67826.933,0.02,0.0
263.58,2026-06-25T23:59:47.978016,66041.961,119861.555,1.579,238.569,67826.933,0.02,0.0
263.631,2026-06-25T23:59:48.029121,66111.793,119861.555,1.565,238.57,67826.933,0.02,0.0
263.683,2026-06-25T23:59:48.080225,66181.141,119861.555,1.6,238.571,67826.933,0.02,0.0
263.734,2026-06-25T23:59:48.131297,66252.242,119861.555,1.533,238.572,67826.933,0.02,0.0
263.785,2026-06-25T23:59:48.182413,66323.273,119861.555,1.577,238.573,67826.933,0.02,0.0
263.836,2026-06-25T23:59:48.233520,66395.41,119861.555,1.562,238.574,67826.933,0.02,0.0
263.887,2026-06-25T23:59:48.284646,66467.75,119861.555,1.598,238.575,67826.933,0.02,0.0
263.938,2026-06-25T23:59:48.335738,66538.219,119861.555,1.532,238.576,67826.933,0.02,0.0
263.989,2026-06-25T23:59:48.386849,66610.078,119861.555,1.577,238.577,67826.933,0.02,0.0
264.04,2026-06-25T23:59:48.437928,66616.855,119861.555,1.608,238.579,67826.933,0.02,0.0
264.091,2026-06-25T23:59:48.489044,66273.008,119861.555,1.584,238.58,67826.933,0.02,0.0
264.143,2026-06-25T23:59:48.540192,65882.285,119061.555,1.568,238.581,67826.933,0.02,0.0
264.194,2026-06-25T23:59:48.591248,65901.648,119061.555,1.556,238.582,67826.933,0.02,0.0
264.245,2026-06-25T23:59:48.642334,65920.57,119061.555,1.594,238.583,67826.933,0.02,0.0
264.296,2026-06-25T23:59:48.693456,65939.262,119061.555,1.575,238.584,67826.933,0.02,0.0
264.347,2026-06-25T23:59:48.744543,65974.648,119861.555,1.56,238.585,67876.933,0.02,977.926
264.398,2026-06-25T23:59:48.795681,66044.527,119861.555,1.551,238.586,67876.933,0.02,0.0
264.449,2026-06-25T23:59:48.846782,66115.094,119861.555,1.544,238.587,67876.933,0.02,0.0
264.5,2026-06-25T23:59:48.897899,66185.859,119861.555,1.54,238.588,67876.933,0.02,0.0
264.551,2026-06-25T23:59:48.948945,66255.648,119861.555,1.583,238.589,67876.933,0.02,0.0
264.602,2026-06-25T23:59:48.999978,66326.898,119861.555,1.613,238.59,67876.933,0.02,0.0
264.653,2026-06-25T23:59:49.051080,66396.422,119861.555,1.588,238.591,67876.933,0.02,0.0
264.705,2026-06-25T23:59:49.102202,66466.512,119861.555,1.616,238.592,67876.933,0.02,0.0
264.756,2026-06-25T23:59:49.153280,66536.945,119861.555,1.59,238.593,67876.933,0.02,0.0
264.807,2026-06-25T23:59:49.204399,66608.105,119861.555,1.572,238.594,67876.933,0.02,0.0
264.858,2026-06-25T23:59:49.255493,66679.973,119861.555,1.559,238.595,67876.933,0.02,0.0
264.909,2026-06-25T23:59:49.306603,66751.867,119861.555,1.595,238.596,67876.933,0.02,0.0
264.96,2026-06-25T23:59:49.357706,66824.5,119861.555,1.621,238.597,67876.933,0.02,0.0
265.011,2026-06-25T23:59:49.408811,66895.508,119861.555,1.593,238.598,67876.933,0.02,0.0
265.062,2026-06-25T23:59:49.459902,66968.293,119861.555,1.574,238.599,67876.933,0.02,0.0
265.113,2026-06-25T23:59:49.511031,67041.156,119861.555,1.56,238.6,67876.933,0.02,0.0
265.164,2026-06-25T23:59:49.562118,67048.613,119861.555,1.551,238.601,67876.933,0.02,0.0
265.216,2026-06-25T23:59:49.613232,66531.281,119861.555,1.591,238.602,67876.933,0.02,0.0
265.267,2026-06-25T23:59:49.664304,66304.547,119061.555,1.572,238.603,67876.933,0.02,0.0
265.318,2026-06-25T23:59:49.715440,66323.809,119061.555,1.559,238.604,67876.933,0.02,0.0
265.369,2026-06-25T23:59:49.766554,66342.777,119061.555,1.595,238.605,67876.933,0.02,0.0
265.42,2026-06-25T23:59:49.817693,66361.785,119061.555,1.529,238.606,67876.933,0.02,0.0
265.471,2026-06-25T23:59:49.868795,66410.832,119111.555,1.575,238.607,67926.933,0.02,978.647
265.522,2026-06-25T23:59:49.919847,66399.809,119061.555,1.563,238.608,67926.933,0.02,0.0
265.573,2026-06-25T23:59:49.970770,66438.129,119861.555,1.598,238.609,67976.933,0.02,977.985
265.624,2026-06-25T23:59:50.021887,66508.762,119861.555,1.578,238.61,67976.933,0.02,0.0
265.675,2026-06-25T23:59:50.072976,66579.977,119861.555,1.609,238.611,67976.933,0.02,0.0
265.726,2026-06-25T23:59:50.124094,66650.77,119861.555,1.585,238.612,67976.933,0.02,0.0
265.778,2026-06-25T23:59:50.175230,66721.344,119861.555,1.568,238.613,67976.933,0.02,0.0
265.829,2026-06-25T23:59:50.226324,66792.266,119861.555,1.556,238.615,67976.933,0.02,0.0
265.88,2026-06-25T23:59:50.277420,66863.629,119861.555,1.594,238.616,67976.933,0.02,0.0
265.931,2026-06-25T23:59:50.328548,66934.801,119861.555,1.574,238.617,67976.933,0.02,0.0
265.982,2026-06-25T23:59:50.379653,67005.594,119861.555,1.606,238.618,67976.933,0.02,0.0
266.033,2026-06-25T23:59:50.430759,67077.25,119861.555,1.583,238.619,67976.933,0.02,0.0
266.084,2026-06-25T23:59:50.481841,67149.371,119861.555,1.613,238.62,67976.933,0.02,0.0
266.135,2026-06-25T23:59:50.532941,67222.082,119861.555,1.542,238.621,67976.933,0.02,0.0
266.186,2026-06-25T23:59:50.584034,67294.707,119861.555,1.584,238.622,67976.933,0.02,0.0
266.238,2026-06-25T23:59:50.635163,67367.441,119861.555,1.567,238.623,67976.933,0.02,0.0
266.289,2026-06-25T23:59:50.686240,67440.031,119861.555,1.556,238.624,67976.933,0.02,0.0
266.34,2026-06-25T23:59:50.737353,67458.039,119811.555,1.548,238.625,67976.933,0.02,0.0
266.391,2026-06-25T23:59:50.788458,67520.633,119861.555,1.542,238.626,67976.933,0.02,0.0
266.442,2026-06-25T23:59:50.839591,66776.469,119861.555,1.537,238.627,67976.933,0.02,0.0
266.493,2026-06-25T23:59:50.890699,66765.73,119061.555,1.58,238.628,67976.933,0.02,0.0
266.544,2026-06-25T23:59:50.941785,66784.562,119061.555,1.568,238.629,67976.933,0.02,0.0
266.595,2026-06-25T23:59:50.992523,66803.223,119061.555,1.603,238.63,67976.933,0.02,0.0
266.646,2026-06-25T23:59:51.043642,66822.262,119061.555,1.581,238.631,68026.933,0.02,979.003
266.697,2026-06-25T23:59:51.094733,66880.934,119111.555,1.565,238.632,68026.933,0.02,0.0
266.748,2026-06-25T23:59:51.145883,66860.691,119061.555,1.6,238.633,68026.933,0.02,0.0
266.799,2026-06-25T23:59:51.196978,66911.887,119111.555,1.579,238.634,68076.933,0.02,978.391
266.85,2026-06-25T23:59:51.248080,66899.102,119061.555,1.564,238.635,68076.933,0.02,0.0
266.902,2026-06-25T23:59:51.299221,66943.301,119861.555,1.553,238.636,68126.933,0.02,978.514
266.953,2026-06-25T23:59:51.350290,67014.598,119861.555,1.592,238.637,68126.933,0.02,0.0
267.004,2026-06-25T23:59:51.401402,67086.242,119861.555,1.619,238.638,68126.933,0.02,0.0
267.055,2026-06-25T23:59:51.452512,67157.613,119861.555,1.592,238.639,68126.933,0.02,0.0
267.106,2026-06-25T23:59:51.503598,67227.406,119861.555,1.573,238.64,68126.933,0.02,0.0
267.157,2026-06-25T23:59:51.554717,67298.121,119861.555,1.606,238.641,68126.933,0.02,0.0
267.208,2026-06-25T23:59:51.605813,67369.457,119861.555,1.582,238.642,68126.933,0.02,0.0
267.259,2026-06-25T23:59:51.656937,67440.93,119861.555,1.566,238.643,68126.933,0.02,0.0
267.31,2026-06-25T23:59:51.708033,67513.672,119861.555,1.555,238.644,68126.933,0.02,0.0
267.362,2026-06-25T23:59:51.759189,67586.789,119861.555,1.547,238.645,68126.933,0.02,0.0
267.413,2026-06-25T23:59:51.810264,67659.473,119861.555,1.542,238.646,68126.933,0.02,0.0
267.464,2026-06-25T23:59:51.861404,67590.953,119861.555,1.583,238.647,68126.933,0.02,0.0
267.515,2026-06-25T23:59:51.912505,66684.207,119861.555,1.567,238.648,68126.933,0.02,0.0
267.566,2026-06-25T23:59:51.963600,65767.371,119861.555,1.604,238.649,68126.933,0.02,0.0
267.617,2026-06-25T23:59:52.014261,64880.086,119861.555,1.583,238.65,68126.933,0.02,0.0
267.668,2026-06-25T23:59:52.065391,63950.785,119861.555,1.521,238.652,68126.933,0.02,0.0
267.719,2026-06-25T23:59:52.116493,63812.074,115765.555,1.523,238.653,68126.933,0.02,0.0
267.77,2026-06-25T23:59:52.167619,63274.785,115765.555,1.524,238.654,68126.933,0.02,0.0
267.821,2026-06-25T23:59:52.218721,63030.785,114965.555,1.526,238.655,68126.933,0.02,0.0
267.948,2026-06-25T23:59:52.345820,63030.785,114965.555,1.678,238.999,68126.933,2.722,0.0
267.999,2026-06-25T23:59:52.396252,63030.785,114965.555,1.684,239.0,68176.933,0.02,987.457
268.049,2026-06-25T23:59:52.446875,63079.707,115015.555,1.595,239.001,68176.933,0.02,0.0
268.1,2026-06-25T23:59:52.497618,63030.785,114965.555,1.624,239.002,68226.933,0.02,984.301
268.151,2026-06-25T23:59:52.548420,63071.391,115765.555,1.552,239.003,68226.933,0.02,0.0
268.202,2026-06-25T23:59:52.599200,63122.973,115765.555,1.547,239.004,68226.933,0.02,0.0
268.253,2026-06-25T23:59:52.650268,63175.191,115765.555,1.588,239.005,68226.933,0.02,0.0
268.304,2026-06-25T23:59:52.701391,63227.543,115765.555,1.57,239.006,68226.933,0.02,0.0
268.355,2026-06-25T23:59:52.752493,63279.301,115765.555,1.602,239.007,68226.933,0.02,0.0
268.406,2026-06-25T23:59:52.803726,63331.262,115765.555,1.58,239.008,68226.933,0.02,0.0
268.457,2026-06-25T23:59:52.854825,63381.801,115765.555,1.61,239.009,68226.933,0.02,0.0
268.508,2026-06-25T23:59:52.905965,63432.348,115765.555,1.586,239.01,68226.933,0.02,0.0
268.559,2026-06-25T23:59:52.957024,63483.453,115765.555,1.524,239.011,68226.933,0.02,0.0
268.61,2026-06-25T23:59:53.007986,63535.789,115765.555,1.251,239.012,68226.933,0.02,0.0
268.661,2026-06-25T23:59:53.059080,63584.938,115765.555,1.151,239.013,68226.933,0.02,0.0
268.713,2026-06-25T23:59:53.110187,63633.16,115765.555,0.989,239.014,68226.933,0.02,0.0
268.764,2026-06-25T23:59:53.161271,63683.695,115765.555,0.922,239.015,68226.933,0.02,0.0
268.815,2026-06-25T23:59:53.212369,63734.922,115765.555,0.92,239.017,68226.933,0.02,0.0
268.866,2026-06-25T23:59:53.263461,63786.762,115765.555,0.873,239.018,68226.933,0.02,0.0
268.917,2026-06-25T23:59:53.314580,63780.797,115715.555,0.841,239.019,68226.933,0.02,0.0
268.968,2026-06-25T23:59:53.365688,63828.34,115765.555,0.818,239.02,68226.933,0.02,0.0
269.019,2026-06-25T23:59:53.416819,63030.797,114965.555,0.802,239.021,68226.933,0.02,0.0
269.07,2026-06-25T23:59:53.467909,63030.797,114965.555,0.79,239.022,68226.933,0.02,0.0
269.121,2026-06-25T23:59:53.519034,63030.797,114965.555,0.828,239.023,68226.933,0.02,0.0
269.172,2026-06-25T23:59:53.570125,63030.797,114965.555,0.855,239.024,68226.933,0.02,0.0
269.224,2026-06-25T23:59:53.621250,63030.797,114965.555,0.782,239.025,68276.933,0.02,979.021
269.275,2026-06-25T23:59:53.672321,63068.695,115765.555,0.869,239.026,68276.933,0.02,0.0
269.326,2026-06-25T23:59:53.723416,63119.312,115765.555,0.838,239.027,68276.933,0.02,0.0
269.377,2026-06-25T23:59:53.774495,63169.188,115765.555,0.816,239.028,68276.933,0.02,0.0
269.428,2026-06-25T23:59:53.825630,63218.645,115765.555,0.8,239.029,68276.933,0.02,0.0
269.479,2026-06-25T23:59:53.876742,63268.434,115765.555,0.789,239.03,68276.933,0.02,0.0
269.53,2026-06-25T23:59:53.927810,63320.723,115765.555,0.783,239.031,68276.933,0.02,0.0
269.581,2026-06-25T23:59:53.978568,63372.145,115765.555,0.824,239.032,68276.933,0.02,0.0
269.632,2026-06-25T23:59:54.029688,63423.996,115765.555,0.806,239.033,68276.933,0.02,0.0
269.683,2026-06-25T23:59:54.080808,63476.133,115765.555,0.793,239.034,68276.933,0.02,0.0
269.734,2026-06-25T23:59:54.131915,63529.801,115765.555,0.785,239.035,68276.933,0.02,0.0
269.785,2026-06-25T23:59:54.183019,63581.305,115765.555,0.733,239.036,68276.933,0.02,0.0
269.836,2026-06-25T23:59:54.234097,63632.625,115765.555,0.789,239.037,68276.933,0.02,0.0
269.887,2026-06-25T23:59:54.284915,63684.91,115765.555,0.829,239.038,68276.933,0.02,0.0
269.938,2026-06-25T23:59:54.335745,63737.285,115765.555,0.811,239.039,68276.933,0.02,0.0
269.989,2026-06-25T23:59:54.386552,63790.172,115765.555,0.799,239.04,68276.933,0.02,0.0
270.04,2026-06-25T23:59:54.437362,63780.797,115715.555,0.79,239.041,68276.933,0.02,0.0
270.091,2026-06-25T23:59:54.488183,63808.797,115765.555,0.783,239.042,68276.933,0.02,0.0
270.141,2026-06-25T23:59:54.538967,63030.797,114965.555,0.779,239.043,68276.933,0.02,0.0
270.192,2026-06-25T23:59:54.589760,63030.797,114965.555,0.822,239.044,68276.933,0.02,0.0
270.243,2026-06-25T23:59:54.640545,63030.797,114965.555,0.76,239.045,68276.933,0.02,0.0
270.294,2026-06-25T23:59:54.691344,63030.797,114965.555,0.809,239.046,68276.933,0.02,0.0
270.344,2026-06-25T23:59:54.742122,63030.797,114965.555,0.75,239.047,68326.933,0.02,980.738
270.396,2026-06-25T23:59:54.793188,63070.887,115015.555,0.801,239.048,68326.933,0.02,0.0
270.446,2026-06-25T23:59:54.843971,63030.797,114965.555,0.792,239.049,68326.933,0.02,0.0
270.497,2026-06-25T23:59:54.894786,63063.328,115015.555,0.785,239.05,68376.933,0.02,984.315
270.548,2026-06-25T23:59:54.945577,63030.797,114965.555,0.734,239.051,68376.933,0.02,0.0
270.599,2026-06-25T23:59:54.996209,63054.59,115015.555,0.791,239.052,68426.933,0.02,985.166
270.649,2026-06-25T23:59:55.047008,63030.797,114965.555,0.785,239.053,68426.933,0.02,0.0
270.7,2026-06-25T23:59:55.097826,63045.367,115765.555,0.78,239.054,68476.933,0.02,984.075
270.751,2026-06-25T23:59:55.148630,63095.367,115765.555,0.777,239.056,68476.933,0.02,0.0
270.802,2026-06-25T23:59:55.199453,63146.93,115765.555,0.774,239.057,68476.933,0.02,0.0
270.853,2026-06-25T23:59:55.250244,63198.625,115765.555,0.819,239.058,68476.933,0.02,0.0
270.903,2026-06-25T23:59:55.301019,63249.211,115765.555,0.804,239.059,68476.933,0.02,0.0
270.954,2026-06-25T23:59:55.351929,63299.547,115765.555,0.793,239.06,68476.933,0.02,0.0
271.005,2026-06-25T23:59:55.402726,63349.598,115765.555,0.832,239.061,68476.933,0.02,0.0
271.056,2026-06-25T23:59:55.453543,63400.633,115765.555,0.859,239.062,68476.933,0.02,0.0
271.107,2026-06-25T23:59:55.504353,63449.801,115765.555,0.832,239.063,68476.933,0.02,0.0
271.158,2026-06-25T23:59:55.555189,63500.098,115765.555,0.813,239.064,68476.933,0.02,0.0
271.208,2026-06-25T23:59:55.605966,63552.926,115765.555,0.8,239.065,68476.933,0.02,0.0
271.259,2026-06-25T23:59:55.656779,63605.941,115765.555,0.79,239.066,68476.933,0.02,0.0
271.31,2026-06-25T23:59:55.707601,63658.797,115765.555,0.784,239.067,68476.933,0.02,0.0
271.361,2026-06-25T23:59:55.758428,63711.738,115765.555,0.779,239.068,68476.933,0.02,0.0
271.412,2026-06-25T23:59:55.809192,63763.621,115765.555,0.776,239.069,68476.933,0.02,0.0
271.462,2026-06-25T23:59:55.859945,63813.254,115765.555,0.82,239.07,68476.933,0.02,0.0
271.513,2026-06-25T23:59:55.910788,63801.656,115765.555,0.759,239.071,68476.933,0.02,0.0
271.564,2026-06-25T23:59:55.961582,63492.797,115765.555,0.808,239.072,68476.933,0.02,0.0
271.615,2026-06-25T23:59:56.012228,63030.797,114965.555,0.797,239.073,68476.933,0.02,0.0
271.665,2026-06-25T23:59:56.063011,63030.797,114965.555,0.788,239.074,68476.933,0.02,0.0
271.716,2026-06-25T23:59:56.113839,63030.797,114965.555,0.783,239.075,68476.933,0.02,0.0
271.767,2026-06-25T23:59:56.164647,63030.797,114965.555,0.779,239.076,68476.933,0.02,0.0
271.818,2026-06-25T23:59:56.215479,63040.719,115015.555,0.775,239.077,68526.933,0.02,984.089
271.869,2026-06-25T23:59:56.266277,63030.797,114965.555,0.774,239.078,68526.933,0.02,0.0
271.919,2026-06-25T23:59:56.317050,63031.172,115015.555,0.772,239.079,68576.933,0.02,984.186
271.97,2026-06-25T23:59:56.367844,63064.797,115015.555,0.771,239.08,68576.933,0.02,0.0
272.021,2026-06-25T23:59:56.418806,63030.797,114965.555,0.77,239.081,68626.933,0.02,983.157
272.072,2026-06-25T23:59:56.469641,63071.715,115765.555,0.77,239.082,68626.933,0.02,0.0
272.123,2026-06-25T23:59:56.520456,63123.746,115765.555,0.769,239.083,68626.933,0.02,0.0
272.174,2026-06-25T23:59:56.571234,63176.746,115765.555,0.769,239.084,68626.933,0.02,0.0
272.224,2026-06-25T23:59:56.622021,63229.828,115765.555,0.769,239.085,68626.933,0.02,0.0
272.275,2026-06-25T23:59:56.672840,63280.039,115765.555,0.769,239.086,68626.933,0.02,0.0
272.326,2026-06-25T23:59:56.723656,63330.574,115765.555,0.815,239.087,68626.933,0.02,0.0
272.377,2026-06-25T23:59:56.774483,63382.148,115765.555,0.847,239.088,68626.933,0.02,0.0
272.428,2026-06-25T23:59:56.825259,63433.387,115765.555,0.824,239.089,68626.933,0.02,0.0
272.478,2026-06-25T23:59:56.876045,63484.91,115765.555,0.761,239.09,68626.933,0.02,0.0
272.529,2026-06-25T23:59:56.926850,63535.484,115765.555,0.81,239.091,68626.933,0.02,0.0
272.58,2026-06-25T23:59:56.977552,63587.578,115765.555,0.752,239.092,68626.933,0.02,0.0
272.631,2026-06-25T23:59:57.028361,63640.172,115765.555,0.757,239.093,68626.933,0.02,0.0
272.682,2026-06-25T23:59:57.079181,63693.297,115765.555,0.853,239.094,68626.933,0.02,0.0
272.732,2026-06-25T23:59:57.129966,63746.457,115765.555,0.828,239.096,68626.933,0.02,0.0
272.783,2026-06-25T23:59:57.180777,63799.547,115765.555,0.81,239.097,68626.933,0.02,0.0
272.834,2026-06-25T23:59:57.231612,63789.297,115765.555,0.798,239.098,68626.933,0.02,0.0
272.959,2026-06-25T23:59:57.356984,63030.797,114965.555,0.933,239.442,68626.933,2.755,0.0
273.01,2026-06-25T23:59:57.407423,63030.797,114965.555,0.885,239.443,68626.933,0.02,0.0
273.06,2026-06-25T23:59:57.458049,63030.797,114965.555,0.85,239.444,68626.933,0.02,0.0
273.111,2026-06-25T23:59:57.508788,63030.797,114965.555,0.826,239.445,68626.933,0.02,0.0
273.162,2026-06-25T23:59:57.559626,63054.793,115015.555,0.809,239.446,68676.933,0.02,983.586
273.213,2026-06-25T23:59:57.610454,63030.797,114965.555,0.797,239.447,68676.933,0.02,0.0
273.264,2026-06-25T23:59:57.661238,63007.27,115015.555,0.788,239.448,68726.933,0.02,984.551
273.314,2026-06-25T23:59:57.712029,62997.77,114965.555,0.782,239.449,68726.933,0.02,0.0
273.365,2026-06-25T23:59:57.762850,62998.512,115015.555,0.778,239.45,68776.933,0.02,983.992
273.416,2026-06-25T23:59:57.813679,63023.77,115015.555,0.822,239.451,68776.933,0.02,0.0
273.467,2026-06-25T23:59:57.864506,62997.77,114965.555,0.852,239.452,68826.933,0.02,983.95
273.518,2026-06-25T23:59:57.915323,63039.18,115765.555,0.827,239.453,68826.933,0.02,0.0
273.569,2026-06-25T23:59:57.966170,63091.773,115765.555,0.764,239.454,68826.933,0.02,0.0
273.619,2026-06-25T23:59:58.016789,63143.734,115765.555,0.811,239.455,68826.933,0.02,0.0
273.67,2026-06-25T23:59:58.067819,63195.152,115765.555,0.798,239.456,68826.933,0.02,0.0
273.721,2026-06-25T23:59:58.118635,63246.758,115765.555,0.789,239.457,68826.933,0.02,0.0
273.772,2026-06-25T23:59:58.169436,63298.012,115765.555,0.783,239.458,68826.933,0.02,0.0
273.823,2026-06-25T23:59:58.220229,63349.84,115765.555,0.779,239.459,68826.933,0.02,0.0
273.873,2026-06-25T23:59:58.271021,63400.02,115765.555,0.776,239.461,68826.933,0.02,0.0
273.924,2026-06-25T23:59:58.321852,63451.227,115765.555,0.82,239.462,68826.933,0.02,0.0
273.975,2026-06-25T23:59:58.372660,63504.02,115765.555,0.805,239.463,68826.933,0.02,0.0
274.026,2026-06-25T23:59:58.423469,63557.145,115765.555,0.794,239.464,68826.933,0.02,0.0
274.077,2026-06-25T23:59:58.474255,63610.27,115765.555,0.786,239.465,68826.933,0.02,0.0
274.127,2026-06-25T23:59:58.525057,63663.648,115765.555,0.781,239.466,68826.933,0.02,0.0
274.178,2026-06-25T23:59:58.575862,63714.824,115765.555,0.777,239.467,68826.933,0.02,0.0
274.229,2026-06-25T23:59:58.626756,63767.793,115765.555,0.821,239.468,68826.933,0.02,0.0
274.28,2026-06-25T23:59:58.677573,63757.406,115765.555,0.805,239.469,68826.933,0.02,0.0
274.331,2026-06-25T23:59:58.728351,63615.77,115765.555,0.794,239.47,68826.933,0.02,0.0
274.382,2026-06-25T23:59:58.779208,62997.77,114965.555,0.787,239.471,68826.933,0.02,0.0
274.432,2026-06-25T23:59:58.829985,62997.77,114965.555,0.781,239.472,68826.933,0.02,0.0
274.483,2026-06-25T23:59:58.880791,62997.77,114965.555,0.778,239.473,68826.933,0.02,0.0
274.534,2026-06-25T23:59:58.931590,62997.77,114965.555,0.776,239.474,68826.933,0.02,0.0
274.585,2026-06-25T23:59:58.982228,62999.77,115015.555,0.774,239.475,68876.933,0.02,984.921
274.635,2026-06-25T23:59:59.033020,62997.77,114965.555,0.772,239.476,68876.933,0.02,0.0
274.686,2026-06-25T23:59:59.083836,62997.77,114965.555,0.771,239.477,68926.933,0.02,984.264
274.737,2026-06-25T23:59:59.134636,63034.77,115015.555,0.817,239.478,68926.933,0.02,0.0
274.788,2026-06-25T23:59:59.185468,62997.77,114965.555,0.802,239.479,68926.933,0.02,0.0
274.839,2026-06-25T23:59:59.236261,63022.016,115765.555,0.792,239.48,68976.933,0.02,980.381
274.89,2026-06-25T23:59:59.287384,63075.348,115765.555,0.829,239.481,68976.933,0.02,0.0
274.941,2026-06-25T23:59:59.338474,63128.547,115765.555,0.81,239.482,68976.933,0.02,0.0
274.992,2026-06-25T23:59:59.389608,63181.598,115765.555,0.796,239.483,68976.933,0.02,0.0
275.043,2026-06-25T23:59:59.440702,63233.637,115765.555,0.786,239.484,68976.933,0.02,0.0
275.094,2026-06-25T23:59:59.491830,63283.793,115765.555,0.78,239.485,68976.933,0.02,0.0
275.145,2026-06-25T23:59:59.542941,63335.777,115765.555,0.821,239.486,68976.933,0.02,0.0
275.196,2026-06-25T23:59:59.594044,63387.449,115765.555,0.804,239.487,68976.933,0.02,0.0
275.247,2026-06-25T23:59:59.645074,63438.906,115765.555,0.793,239.488,68976.933,0.02,0.0
275.298,2026-06-25T23:59:59.695987,63491.039,115765.555,0.832,239.489,68976.933,0.02,0.0
275.349,2026-06-25T23:59:59.746795,63544.078,115765.555,0.767,239.49,68976.933,0.02,0.0
275.4,2026-06-25T23:59:59.797627,63597.168,115765.555,0.813,239.491,68976.933,0.02,0.0
275.451,2026-06-25T23:59:59.848428,63650.348,115765.555,0.8,239.492,68976.933,0.02,0.0
275.502,2026-06-25T23:59:59.899221,63703.562,115765.555,0.744,239.493,68976.933,0.02,0.0
275.552,2026-06-25T23:59:59.949999,63757.113,115765.555,0.798,239.494,68976.933,0.02,0.0
275.603,2026-06-26T00:00:00.000747,63747.77,115715.555,0.789,239.495,68976.933,0.02,0.0
275.654,2026-06-26T00:00:00.051554,63797.516,115765.555,0.783,239.496,68976.933,0.02,0.0
275.711,2026-06-26T00:00:00.108892,62997.77,114965.555,0.834,239.497,68976.933,0.018,0.0
275.762,2026-06-26T00:00:00.159730,62997.77,114965.555,0.814,239.498,68976.933,0.02,0.0
275.813,2026-06-26T00:00:00.210536,62997.77,114965.555,0.801,239.5,68976.933,0.02,0.0
275.864,2026-06-26T00:00:00.261331,62997.77,114965.555,0.791,239.501,68976.933,0.02,0.0
275.914,2026-06-26T00:00:00.312121,62997.77,114965.555,0.738,239.502,69026.933,0.02,983.544
275.965,2026-06-26T00:00:00.362944,63047.047,115015.555,0.84,239.503,69026.933,0.02,0.0
276.016,2026-06-26T00:00:00.413764,62997.77,114965.555,0.818,239.504,69076.933,0.02,983.489
276.067,2026-06-26T00:00:00.464597,63038.246,115015.555,0.804,239.505,69076.933,0.02,0.0
276.118,2026-06-26T00:00:00.515414,62997.77,114965.555,0.793,239.506,69076.933,0.02,0.0
276.169,2026-06-26T00:00:00.566209,63031.047,115015.555,0.786,239.507,69126.933,0.02,983.821
276.219,2026-06-26T00:00:00.617017,62997.77,114965.555,0.827,239.508,69126.933,0.02,0.0
276.27,2026-06-26T00:00:00.667843,63023.266,115015.555,0.763,239.509,69176.933,0.02,984.158
276.321,2026-06-26T00:00:00.718652,62997.77,114965.555,0.765,239.51,69176.933,0.02,0.0
276.372,2026-06-26T00:00:00.769463,63015.113,115015.555,0.766,239.511,69226.933,0.02,984.782
276.423,2026-06-26T00:00:00.820240,62997.77,114965.555,0.813,239.512,69226.933,0.02,0.0
276.473,2026-06-26T00:00:00.871019,63007.742,115015.555,0.799,239.513,69276.933,0.02,981.0
276.524,2026-06-26T00:00:00.921962,62997.77,114965.555,0.744,239.514,69276.933,0.02,0.0
276.575,2026-06-26T00:00:00.972655,62998.484,115765.555,0.798,239.515,69326.933,0.02,983.148
276.626,2026-06-26T00:00:01.023500,63048.551,115765.555,0.743,239.516,69326.933,0.02,0.0
276.677,2026-06-26T00:00:01.074311,63099.332,115765.555,0.797,239.517,69326.933,0.02,0.0
276.727,2026-06-26T00:00:01.125114,63150.895,115765.555,0.788,239.518,69326.933,0.02,0.0
276.778,2026-06-26T00:00:01.175943,63200.895,115765.555,0.783,239.519,69326.933,0.02,0.0
276.829,2026-06-26T00:00:01.226751,63251.91,115765.555,0.777,239.52,69326.933,0.02,0.0
276.88,2026-06-26T00:00:01.277870,63304.969,115765.555,0.774,239.521,69326.933,0.02,0.0
276.931,2026-06-26T00:00:01.328926,63356.371,115765.555,0.772,239.522,69326.933,0.02,0.0
276.982,2026-06-26T00:00:01.379768,63409.367,115765.555,0.817,239.523,69326.933,0.02,0.0
277.033,2026-06-26T00:00:01.430552,63462.391,115765.555,0.803,239.524,69326.933,0.02,0.0
277.084,2026-06-26T00:00:01.481375,63515.656,115765.555,0.839,239.525,69326.933,0.02,0.0
277.135,2026-06-26T00:00:01.532198,63568.934,115765.555,0.864,239.526,69326.933,0.02,0.0
277.185,2026-06-26T00:00:01.582977,63622.281,115765.555,0.835,239.527,69326.933,0.02,0.0
277.236,2026-06-26T00:00:01.633795,63675.598,115765.555,0.815,239.528,69326.933,0.02,0.0
277.287,2026-06-26T00:00:01.684618,63728.566,115765.555,0.802,239.529,69326.933,0.02,0.0
277.338,2026-06-26T00:00:01.735427,63781.914,115765.555,0.792,239.53,69326.933,0.02,0.0
277.389,2026-06-26T00:00:01.786207,63770.27,115765.555,0.785,239.531,69326.933,0.02,0.0
277.439,2026-06-26T00:00:01.836995,63459.77,115765.555,0.78,239.532,69326.933,0.02,0.0
277.49,2026-06-26T00:00:01.887816,62997.77,114965.555,0.776,239.533,69326.933,0.02,0.0
277.541,2026-06-26T00:00:01.938684,62997.77,114965.555,0.775,239.534,69326.933,0.02,0.0
277.592,2026-06-26T00:00:01.989347,62997.77,114965.555,0.773,239.535,69326.933,0.02,0.0
277.643,2026-06-26T00:00:02.040168,62997.77,114965.555,0.772,239.536,69326.933,0.02,0.0
277.693,2026-06-26T00:00:02.090956,62997.77,114965.555,0.817,239.537,69376.933,0.02,983.881
277.744,2026-06-26T00:00:02.141770,63029.668,115765.555,0.803,239.538,69376.933,0.02,0.0
277.795,2026-06-26T00:00:02.192595,63071.93,115765.555,0.793,239.54,69376.933,0.02,0.0
277.846,2026-06-26T00:00:02.243405,63119.449,115765.555,0.785,239.541,69376.933,0.02,0.0
277.952,2026-06-26T00:00:02.349621,63230.816,115765.555,0.926,239.885,69376.933,3.254,0.0
278.002,2026-06-26T00:00:02.400064,63283.918,115765.555,0.833,239.886,69376.933,0.02,0.0
278.053,2026-06-26T00:00:02.450796,63336.844,115765.555,0.814,239.887,69376.933,0.02,0.0
278.104,2026-06-26T00:00:02.501480,63389.855,115765.555,0.847,239.888,69376.933,0.02,0.0
278.155,2026-06-26T00:00:02.552291,63441.656,115765.555,0.824,239.889,69376.933,0.02,0.0
278.205,2026-06-26T00:00:02.603067,63494.859,115765.555,0.761,239.89,69376.933,0.02,0.0
278.256,2026-06-26T00:00:02.653864,63545.672,115765.555,0.809,239.891,69376.933,0.02,0.0
278.307,2026-06-26T00:00:02.704685,63597.062,115765.555,0.797,239.892,69376.933,0.02,0.0
278.358,2026-06-26T00:00:02.755493,63649.574,115765.555,0.789,239.893,69376.933,0.02,0.0
278.409,2026-06-26T00:00:02.806342,63702.723,115765.555,0.783,239.894,69376.933,0.02,0.0
278.459,2026-06-26T00:00:02.857129,63756.258,115765.555,0.779,239.895,69376.933,0.02,0.0
278.51,2026-06-26T00:00:02.907952,63747.781,115715.555,0.822,239.896,69376.933,0.02,0.0
278.561,2026-06-26T00:00:02.958734,63796.281,115765.555,0.852,239.897,69376.933,0.02,0.0
278.612,2026-06-26T00:00:03.009488,62997.781,114965.555,0.827,239.898,69376.933,0.02,0.0
278.663,2026-06-26T00:00:03.060283,62997.781,114965.555,0.81,239.899,69376.933,0.02,0.0
278.713,2026-06-26T00:00:03.111076,62997.781,114965.555,0.798,239.9,69376.933,0.02,0.0
278.764,2026-06-26T00:00:03.161906,62997.781,114965.555,0.789,239.902,69376.933,0.02,0.0
278.815,2026-06-26T00:00:03.212707,62997.781,114965.555,0.783,239.903,69426.933,0.02,983.733
278.866,2026-06-26T00:00:03.263554,63046.152,115015.555,0.732,239.904,69426.933,0.02,0.0
278.917,2026-06-26T00:00:03.314649,62997.527,114965.555,0.787,239.905,69476.933,0.02,977.958
278.968,2026-06-26T00:00:03.365776,63038.047,115765.555,0.78,239.906,69476.933,0.02,0.0
279.019,2026-06-26T00:00:03.416866,63089.816,115765.555,0.775,239.907,69476.933,0.02,0.0
279.07,2026-06-26T00:00:03.467981,63140.73,115765.555,0.772,239.908,69476.933,0.02,0.0
279.121,2026-06-26T00:00:03.519040,63190.223,115765.555,0.771,239.909,69476.933,0.02,0.0
279.172,2026-06-26T00:00:03.569859,63242.039,115765.555,0.77,239.91,69476.933,0.02,0.0
279.223,2026-06-26T00:00:03.620657,63292.848,115765.555,0.816,239.911,69476.933,0.02,0.0
279.274,2026-06-26T00:00:03.671480,63345.879,115765.555,0.848,239.912,69476.933,0.02,0.0
279.325,2026-06-26T00:00:03.722264,63399.062,115765.555,0.778,239.913,69476.933,0.02,0.0
279.375,2026-06-26T00:00:03.773057,63452.215,115765.555,0.775,239.914,69476.933,0.02,0.0
279.426,2026-06-26T00:00:03.823870,63505.438,115765.555,0.773,239.915,69476.933,0.02,0.0
279.477,2026-06-26T00:00:03.874672,63558.855,115765.555,0.772,239.916,69476.933,0.02,0.0
279.528,2026-06-26T00:00:03.925455,63612.113,115765.555,0.818,239.917,69476.933,0.02,0.0
279.578,2026-06-26T00:00:03.976091,63665.43,115765.555,0.803,239.918,69476.933,0.02,0.0
279.629,2026-06-26T00:00:04.026912,63718.348,115765.555,0.793,239.919,69476.933,0.02,0.0
279.68,2026-06-26T00:00:04.077696,63769.055,115765.555,0.786,239.92,69476.933,0.02,0.0
279.731,2026-06-26T00:00:04.128521,63758.5,115765.555,0.781,239.921,69476.933,0.02,0.0
279.782,2026-06-26T00:00:04.179325,63601.527,115765.555,0.823,239.922,69476.933,0.02,0.0
279.832,2026-06-26T00:00:04.230131,62997.527,114965.555,0.807,239.923,69476.933,0.02,0.0
279.883,2026-06-26T00:00:04.280954,62997.527,114965.555,0.796,239.924,69476.933,0.02,0.0
279.934,2026-06-26T00:00:04.331758,62997.527,114965.555,0.833,239.925,69476.933,0.02,0.0
279.985,2026-06-26T00:00:04.382584,62997.527,114965.555,0.814,239.926,69476.933,0.02,0.0
280.036,2026-06-26T00:00:04.433366,63005.324,115015.555,0.754,239.927,69526.933,0.02,984.084
280.087,2026-06-26T00:00:04.484214,62997.527,114965.555,0.805,239.928,69526.933,0.02,0.0
280.137,2026-06-26T00:00:04.534985,62997.527,114965.555,0.794,239.929,69576.933,0.02,984.5
280.188,2026-06-26T00:00:04.585757,63037.527,115015.555,0.786,239.93,69576.933,0.02,0.0
280.239,2026-06-26T00:00:04.636761,62997.527,114965.555,0.781,239.931,69626.933,0.02,984.731
280.29,2026-06-26T00:00:04.687531,63039.027,115015.555,0.777,239.932,69626.933,0.02,0.0
280.341,2026-06-26T00:00:04.738379,62997.527,114965.555,0.775,239.933,69626.933,0.02,0.0
280.392,2026-06-26T00:00:04.789204,63031.875,115015.555,0.773,239.934,69676.933,0.02,984.075
280.442,2026-06-26T00:00:04.839986,62997.527,114965.555,0.771,239.935,69676.933,0.02,0.0
280.493,2026-06-26T00:00:04.890933,63024.828,115015.555,0.816,239.936,69726.933,0.02,983.632
280.544,2026-06-26T00:00:04.941757,62997.527,114965.555,0.803,239.937,69726.933,0.02,0.0
280.595,2026-06-26T00:00:04.992399,63016.574,115765.555,0.747,239.938,69776.933,0.02,985.124
280.646,2026-06-26T00:00:05.043220,63068.18,115765.555,0.753,239.939,69776.933,0.02,0.0
280.696,2026-06-26T00:00:05.094002,63119.656,115765.555,0.804,239.94,69776.933,0.02,0.0
280.747,2026-06-26T00:00:05.144830,63171.141,115765.555,0.838,239.942,69776.933,0.02,0.0
280.798,2026-06-26T00:00:05.195969,63222.391,115765.555,0.77,239.943,69776.933,0.02,0.0
280.849,2026-06-26T00:00:05.247043,63273.289,115765.555,0.814,239.944,69776.933,0.02,0.0
280.901,2026-06-26T00:00:05.298164,63324.203,115765.555,0.846,239.945,69776.933,0.02,0.0
280.952,2026-06-26T00:00:05.349239,63374.801,115765.555,0.821,239.946,69776.933,0.02,0.0
281.003,2026-06-26T00:00:05.400375,63426.312,115765.555,0.804,239.947,69776.933,0.02,0.0
281.054,2026-06-26T00:00:05.451472,63478.23,115765.555,0.838,239.948,69776.933,0.02,0.0
281.105,2026-06-26T00:00:05.502599,63530.375,115765.555,0.77,239.949,69776.933,0.02,0.0
281.156,2026-06-26T00:00:05.553693,63582.918,115765.555,0.768,239.95,69776.933,0.02,0.0
281.207,2026-06-26T00:00:05.604810,63635.375,115765.555,0.767,239.951,69776.933,0.02,0.0
281.258,2026-06-26T00:00:05.655934,63688.969,115765.555,0.812,239.952,69776.933,0.02,0.0
281.309,2026-06-26T00:00:05.707044,63739.969,115765.555,0.752,239.953,69776.933,0.02,0.0
281.361,2026-06-26T00:00:05.758197,63793.855,115765.555,0.755,239.954,69776.933,0.02,0.0
281.412,2026-06-26T00:00:05.809262,63783.199,115765.555,0.804,239.955,69776.933,0.02,0.0
281.463,2026-06-26T00:00:05.860355,63139.527,115765.555,0.792,239.956,69776.933,0.02,0.0
281.514,2026-06-26T00:00:05.911490,62997.527,114965.555,0.829,239.957,69776.933,0.02,0.0
281.565,2026-06-26T00:00:05.962587,62997.527,114965.555,0.81,239.958,69776.933,0.02,0.0
281.616,2026-06-26T00:00:06.013601,62997.527,114965.555,0.797,239.959,69776.933,0.02,0.0
281.667,2026-06-26T00:00:06.064599,62997.527,114965.555,0.787,239.96,69776.933,0.02,0.0
281.718,2026-06-26T00:00:06.115618,63033.625,115015.555,0.781,239.961,69826.933,0.02,980.243
281.769,2026-06-26T00:00:06.166612,62997.527,114965.555,0.776,239.962,69826.933,0.02,0.0
281.82,2026-06-26T00:00:06.217616,63025.559,115765.555,0.819,239.963,69876.933,0.02,979.035
281.871,2026-06-26T00:00:06.268723,63078.043,115765.555,0.848,239.964,69876.933,0.02,0.0
281.922,2026-06-26T00:00:06.319840,63130.594,115765.555,0.823,239.965,69876.933,0.02,0.0
281.973,2026-06-26T00:00:06.370948,63183.281,115765.555,0.806,239.966,69876.933,0.02,0.0
282.024,2026-06-26T00:00:06.422053,63236.516,115765.555,0.793,239.967,69876.933,0.02,0.0
282.076,2026-06-26T00:00:06.473195,63289.496,115765.555,0.785,239.968,69876.933,0.02,0.0
282.127,2026-06-26T00:00:06.524264,63320.074,115765.555,0.687,239.969,69876.933,0.02,0.0
282.178,2026-06-26T00:00:06.575372,63361.59,115765.555,0.71,239.97,69876.933,0.02,0.0
282.229,2026-06-26T00:00:06.626511,63413.363,115765.555,0.726,239.971,69876.933,0.02,0.0
282.28,2026-06-26T00:00:06.677606,63466.277,115765.555,0.738,239.972,69876.933,0.02,0.0
282.331,2026-06-26T00:00:06.728730,63517.84,115765.555,0.7,239.973,69876.933,0.02,0.0
282.382,2026-06-26T00:00:06.779826,63567.973,115765.555,0.765,239.974,69876.933,0.02,0.0
282.433,2026-06-26T00:00:06.830971,63620.965,115765.555,0.765,239.975,69876.933,0.02,0.0
282.484,2026-06-26T00:00:06.882049,63674.598,115765.555,0.765,239.976,69876.933,0.02,0.0
282.535,2026-06-26T00:00:06.933134,63728.219,115765.555,0.765,239.977,69876.933,0.02,0.0
282.586,2026-06-26T00:00:06.984109,63781.824,115765.555,0.765,239.978,69876.933,0.02,0.0
282.637,2026-06-26T00:00:07.035118,63769.57,115765.555,0.811,239.979,69876.933,0.02,0.0
282.688,2026-06-26T00:00:07.086118,63387.527,115765.555,0.798,239.981,69876.933,0.02,0.0
282.739,2026-06-26T00:00:07.137124,62997.527,114965.555,0.788,239.982,69876.933,0.02,0.0
282.79,2026-06-26T00:00:07.188113,62997.527,114965.555,0.781,239.983,69876.933,0.02,0.0
282.841,2026-06-26T00:00:07.239111,62997.527,114965.555,0.777,239.984,69876.933,0.02,0.0
282.892,2026-06-26T00:00:07.290104,62997.527,114965.555,0.774,239.985,69876.933,0.02,0.0
283.019,2026-06-26T00:00:07.416868,62997.531,114965.555,0.931,240.329,69926.933,2.728,395.956
283.07,2026-06-26T00:00:07.467305,63033.551,115765.555,0.883,240.33,69976.933,0.02,987.536
283.12,2026-06-26T00:00:07.517933,63086.547,115765.555,0.896,240.331,69976.933,0.02,0.0
283.171,2026-06-26T00:00:07.568628,63138.918,115765.555,0.812,240.332,69976.933,0.02,0.0
283.222,2026-06-26T00:00:07.619438,63187.641,115765.555,0.799,240.333,69976.933,0.02,0.0
283.273,2026-06-26T00:00:07.670268,63237.684,115765.555,0.789,240.334,69976.933,0.02,0.0
283.324,2026-06-26T00:00:07.721387,63286.551,115765.555,0.782,240.335,69976.933,0.02,0.0
283.375,2026-06-26T00:00:07.772483,63332.535,115765.555,0.822,240.336,69976.933,0.02,0.0
283.426,2026-06-26T00:00:07.823610,63380.844,115765.555,0.805,240.337,69976.933,0.02,0.0
283.477,2026-06-26T00:00:07.874701,63425.91,115765.555,0.793,240.338,69976.933,0.02,0.0
283.528,2026-06-26T00:00:07.925830,63473.039,115765.555,0.784,240.339,69976.933,0.02,0.0
283.579,2026-06-26T00:00:07.976813,63520.102,115765.555,0.825,240.34,69976.933,0.02,0.0
283.63,2026-06-26T00:00:08.027822,63568.973,115765.555,0.853,240.341,69976.933,0.02,0.0
283.681,2026-06-26T00:00:08.078813,63618.098,115765.555,0.781,240.342,69976.933,0.02,0.0
283.732,2026-06-26T00:00:08.129816,63668.605,115765.555,0.822,240.343,69976.933,0.02,0.0
283.783,2026-06-26T00:00:08.180912,63717.668,115765.555,0.759,240.345,69976.933,0.02,0.0
283.834,2026-06-26T00:00:08.232026,63767.043,115765.555,0.852,240.346,69976.933,0.02,0.0
283.885,2026-06-26T00:00:08.283134,63752.215,115765.555,0.826,240.347,69976.933,0.02,0.0
283.937,2026-06-26T00:00:08.334254,63741.531,115765.555,0.808,240.348,69976.933,0.02,0.0
283.988,2026-06-26T00:00:08.385369,62997.531,114965.555,0.795,240.349,69976.933,0.02,0.0
284.039,2026-06-26T00:00:08.436490,62997.531,114965.555,0.785,240.35,69976.933,0.02,0.0
284.09,2026-06-26T00:00:08.487603,62997.531,114965.555,0.779,240.351,69976.933,0.02,0.0
284.141,2026-06-26T00:00:08.538735,62997.531,114965.555,0.775,240.352,69976.933,0.02,0.0
284.192,2026-06-26T00:00:08.589849,62997.531,114965.555,0.771,240.353,69976.933,0.02,0.0
284.243,2026-06-26T00:00:08.640969,63022.078,115765.555,0.815,240.354,70026.933,0.02,978.574
284.294,2026-06-26T00:00:08.692070,63071.195,115765.555,0.8,240.355,70026.933,0.02,0.0
284.346,2026-06-26T00:00:08.743200,63121.215,115765.555,0.789,240.356,70026.933,0.02,0.0
284.397,2026-06-26T00:00:08.794273,63172.527,115765.555,0.782,240.357,70026.933,0.02,0.0
284.448,2026-06-26T00:00:08.845429,63223.711,115765.555,0.776,240.358,70026.933,0.02,0.0
284.499,2026-06-26T00:00:08.896525,63269.188,115765.555,0.773,240.359,70026.933,0.02,0.0
284.55,2026-06-26T00:00:08.947635,63318.352,115765.555,0.816,240.36,70026.933,0.02,0.0
284.601,2026-06-26T00:00:08.998737,63366.539,115765.555,0.847,240.361,70026.933,0.02,0.0
284.652,2026-06-26T00:00:09.049837,63412.594,115765.555,0.776,240.362,70026.933,0.02,0.0
284.703,2026-06-26T00:00:09.100936,63458.469,115765.555,0.818,240.363,70026.933,0.02,0.0
284.754,2026-06-26T00:00:09.152040,63506.23,115765.555,0.756,240.364,70026.933,0.02,0.0
284.805,2026-06-26T00:00:09.203127,63555.133,115765.555,0.805,240.365,70026.933,0.02,0.0
284.857,2026-06-26T00:00:09.254229,63602.164,115765.555,0.793,240.366,70026.933,0.02,0.0
284.908,2026-06-26T00:00:09.305312,63651.465,115765.555,0.784,240.367,70026.933,0.02,0.0
284.959,2026-06-26T00:00:09.356462,63699.789,115765.555,0.778,240.368,70026.933,0.02,0.0
285.01,2026-06-26T00:00:09.407561,63749.324,115765.555,0.866,240.369,70026.933,0.02,0.0
285.061,2026-06-26T00:00:09.458695,63796.828,115765.555,0.789,240.37,70026.933,0.02,0.0
285.112,2026-06-26T00:00:09.509801,63782.652,115765.555,0.828,240.371,70026.933,0.02,0.0
285.163,2026-06-26T00:00:09.560882,63145.531,115765.555,0.81,240.372,70026.933,0.02,0.0
285.214,2026-06-26T00:00:09.611451,62997.531,114965.555,0.799,240.373,70026.933,0.02,0.0
285.264,2026-06-26T00:00:09.662072,62997.531,114965.555,0.79,240.374,70026.933,0.02,0.0
285.315,2026-06-26T00:00:09.712901,62997.531,114965.555,0.784,240.375,70026.933,0.02,0.0
285.366,2026-06-26T00:00:09.763724,62997.531,114965.555,0.779,240.376,70026.933,0.02,0.0
285.417,2026-06-26T00:00:09.814571,63010.816,115015.555,0.73,240.377,70076.933,0.02,984.38
285.468,2026-06-26T00:00:09.865397,62997.531,114965.555,0.787,240.378,70076.933,0.02,0.0
285.519,2026-06-26T00:00:09.916186,62997.531,114965.555,0.782,240.379,70126.933,0.02,984.699
285.569,2026-06-26T00:00:09.966980,63038.539,115765.555,0.824,240.38,70126.933,0.02,0.0
285.62,2026-06-26T00:00:10.017818,63090.086,115765.555,0.807,240.381,70126.933,0.02,0.0
285.671,2026-06-26T00:00:10.068617,63134.484,115765.555,0.796,240.382,70126.933,0.02,0.0
285.722,2026-06-26T00:00:10.119437,63184.23,115765.555,0.834,240.383,70126.933,0.02,0.0
285.773,2026-06-26T00:00:10.170211,63236.816,115765.555,0.768,240.385,70126.933,0.02,0.0
285.823,2026-06-26T00:00:10.221004,63284.23,115765.555,0.768,240.386,70126.933,0.02,0.0
285.874,2026-06-26T00:00:10.271856,63331.117,115765.555,0.768,240.387,70126.933,0.02,0.0
285.925,2026-06-26T00:00:10.322671,63380.438,115765.555,0.814,240.388,70126.933,0.02,0.0
285.976,2026-06-26T00:00:10.373532,63428.66,115765.555,0.801,240.389,70126.933,0.02,0.0
286.027,2026-06-26T00:00:10.424349,63478.0,115765.555,0.745,240.39,70126.933,0.02,0.0
286.078,2026-06-26T00:00:10.475356,63526.141,115765.555,0.797,240.391,70126.933,0.02,0.0
286.129,2026-06-26T00:00:10.526353,63576.418,115765.555,0.788,240.392,70126.933,0.02,0.0
286.18,2026-06-26T00:00:10.577326,63623.086,115765.555,0.782,240.393,70126.933,0.02,0.0
286.23,2026-06-26T00:00:10.627933,63670.242,115765.555,0.779,240.394,70126.933,0.02,0.0
286.281,2026-06-26T00:00:10.678591,63719.84,115765.555,0.777,240.395,70126.933,0.02,0.0
286.332,2026-06-26T00:00:10.729211,63768.02,115765.555,0.775,240.396,70126.933,0.02,0.0
286.382,2026-06-26T00:00:10.779843,63751.887,115765.555,0.82,240.397,70126.933,0.02,0.0
286.433,2026-06-26T00:00:10.830480,63741.531,115765.555,0.806,240.398,70126.933,0.02,0.0
286.483,2026-06-26T00:00:10.881102,62997.531,114965.555,0.795,240.399,70126.933,0.02,0.0
286.534,2026-06-26T00:00:10.931740,62997.531,114965.555,0.788,240.4,70126.933,0.02,0.0
286.585,2026-06-26T00:00:10.982384,62997.531,114965.555,0.783,240.401,70126.933,0.02,0.0
286.635,2026-06-26T00:00:11.033008,62997.531,114965.555,0.78,240.402,70126.933,0.02,0.0
286.686,2026-06-26T00:00:11.083651,62997.531,114965.555,0.777,240.403,70126.933,0.02,0.0
286.737,2026-06-26T00:00:11.134275,63026.555,115765.555,0.822,240.404,70176.933,0.02,987.657
286.787,2026-06-26T00:00:11.184894,63075.887,115765.555,0.807,240.405,70176.933,0.02,0.0
286.838,2026-06-26T00:00:11.235552,63124.688,115765.555,0.796,240.406,70176.933,0.02,0.0
286.889,2026-06-26T00:00:11.286203,63174.348,115765.555,0.789,240.407,70176.933,0.02,0.0
286.939,2026-06-26T00:00:11.336814,63222.422,115765.555,0.83,240.408,70176.933,0.02,0.0
286.99,2026-06-26T00:00:11.387456,63274.352,115765.555,0.812,240.409,70176.933,0.02,0.0
287.04,2026-06-26T00:00:11.438106,63324.41,115765.555,0.798,240.41,70176.933,0.02,0.0
287.092,2026-06-26T00:00:11.489226,63371.223,115765.555,0.788,240.411,70176.933,0.02,0.0
287.143,2026-06-26T00:00:11.540300,63413.156,115765.555,0.735,240.412,70176.933,0.02,0.0
287.194,2026-06-26T00:00:11.591421,63460.258,115765.555,0.744,240.413,70176.933,0.017,0.0
287.256,2026-06-26T00:00:11.653683,63520.969,115765.555,0.822,240.414,70176.933,0.02,0.0
287.307,2026-06-26T00:00:11.704824,63565.969,115765.555,0.759,240.415,70176.933,0.02,0.0
287.358,2026-06-26T00:00:11.755939,63614.973,115765.555,0.806,240.416,70176.933,0.02,0.0
287.409,2026-06-26T00:00:11.807057,63660.578,115765.555,0.794,240.417,70176.933,0.02,0.0
287.461,2026-06-26T00:00:11.858193,63710.734,115765.555,0.785,240.418,70176.933,0.02,0.0
287.512,2026-06-26T00:00:11.909279,63764.242,115765.555,0.779,240.419,70176.933,0.02,0.0
287.563,2026-06-26T00:00:11.960369,63747.906,115765.555,0.775,240.42,70176.933,0.02,0.0
287.614,2026-06-26T00:00:12.011376,63792.031,115765.555,0.818,240.421,70176.933,0.02,0.0
287.665,2026-06-26T00:00:12.062366,62997.531,114965.555,0.802,240.423,70176.933,0.02,0.0
287.716,2026-06-26T00:00:12.113387,62997.531,114965.555,0.791,240.424,70176.933,0.02,0.0
287.767,2026-06-26T00:00:12.164377,62997.531,114965.555,0.784,240.425,70176.933,0.02,0.0
287.818,2026-06-26T00:00:12.215388,62997.531,114965.555,0.824,240.426,70176.933,0.02,0.0
287.869,2026-06-26T00:00:12.266384,62997.531,114965.555,0.852,240.427,70176.933,0.02,0.0
287.92,2026-06-26T00:00:12.317507,63016.789,115765.555,0.826,240.428,70226.933,0.02,977.137
288.047,2026-06-26T00:00:12.444296,63138.156,115765.555,0.949,240.773,70226.933,2.734,0.0
288.097,2026-06-26T00:00:12.494745,63186.238,115765.555,0.896,240.774,70226.933,0.02,0.0
288.148,2026-06-26T00:00:12.545411,63234.32,115765.555,0.812,240.775,70226.933,0.02,0.0
288.198,2026-06-26T00:00:12.596033,63286.047,115765.555,0.799,240.776,70226.933,0.02,0.0
288.249,2026-06-26T00:00:12.646859,63335.539,115765.555,0.79,240.777,70226.933,0.02,0.0
288.3,2026-06-26T00:00:12.697773,63382.824,115765.555,0.828,240.778,70226.933,0.02,0.0
288.351,2026-06-26T00:00:12.748913,63434.68,115765.555,0.809,240.779,70226.933,0.02,0.0
288.402,2026-06-26T00:00:12.800010,63479.797,115765.555,0.841,240.78,70226.933,0.02,0.0
288.453,2026-06-26T00:00:12.851125,63528.188,115765.555,0.818,240.781,70226.933,0.02,0.0
288.505,2026-06-26T00:00:12.902222,63578.234,115765.555,0.802,240.782,70226.933,0.02,0.0
288.556,2026-06-26T00:00:12.953355,63628.578,115765.555,0.791,240.783,70226.933,0.02,0.0
288.607,2026-06-26T00:00:13.004331,63677.734,115765.555,0.83,240.784,70226.933,0.02,0.0
288.658,2026-06-26T00:00:13.055286,63726.539,115765.555,0.765,240.785,70226.933,0.02,0.0
288.709,2026-06-26T00:00:13.106248,63774.344,115765.555,0.811,240.786,70226.933,0.02,0.0
288.76,2026-06-26T00:00:13.157216,63761.316,115765.555,0.752,240.787,70226.933,0.02,0.0
288.811,2026-06-26T00:00:13.208201,63621.531,115765.555,0.802,240.788,70226.933,0.02,0.0
288.862,2026-06-26T00:00:13.259192,62997.531,114965.555,0.791,240.789,70226.933,0.02,0.0
288.912,2026-06-26T00:00:13.310126,62997.531,114965.555,0.784,240.79,70226.933,0.02,0.0
288.963,2026-06-26T00:00:13.361092,62997.531,114965.555,0.825,240.791,70226.933,0.02,0.0
289.014,2026-06-26T00:00:13.412090,62997.531,114965.555,0.807,240.792,70226.933,0.02,0.0
289.065,2026-06-26T00:00:13.463082,62997.531,114965.555,0.795,240.793,70276.933,0.02,980.225
289.116,2026-06-26T00:00:13.514085,63030.531,115015.555,0.74,240.794,70276.933,0.02,0.0
289.167,2026-06-26T00:00:13.565079,62997.531,114965.555,0.84,240.795,70276.933,0.02,0.0
289.218,2026-06-26T00:00:13.616081,63016.988,115765.555,0.772,240.796,70326.933,0.02,980.835
289.269,2026-06-26T00:00:13.667074,63065.258,115765.555,0.816,240.797,70326.933,0.02,0.0
289.32,2026-06-26T00:00:13.718084,63113.805,115765.555,0.801,240.798,70326.933,0.02,0.0
289.371,2026-06-26T00:00:13.769064,63160.906,115765.555,0.79,240.799,70326.933,0.02,0.0
289.422,2026-06-26T00:00:13.820061,63210.281,115765.555,0.783,240.8,70326.933,0.02,0.0
289.473,2026-06-26T00:00:13.871039,63252.859,115765.555,0.778,240.801,70326.933,0.02,0.0
289.524,2026-06-26T00:00:13.922031,63301.965,115765.555,0.775,240.803,70326.933,0.02,0.0
289.575,2026-06-26T00:00:13.973014,63351.129,115765.555,0.864,240.804,70326.933,0.02,0.0
289.626,2026-06-26T00:00:14.024023,63403.781,115765.555,0.789,240.805,70326.933,0.02,0.0
289.677,2026-06-26T00:00:14.075014,63450.602,115765.555,0.782,240.806,70326.933,0.02,0.0
289.728,2026-06-26T00:00:14.126024,63501.254,115765.555,0.777,240.807,70326.933,0.02,0.0
289.779,2026-06-26T00:00:14.177007,63548.766,115765.555,0.82,240.808,70326.933,0.02,0.0
289.83,2026-06-26T00:00:14.228001,63598.973,115765.555,0.758,240.809,70326.933,0.02,0.0
289.881,2026-06-26T00:00:14.278986,63652.453,115765.555,0.806,240.81,70326.933,0.02,0.0
289.932,2026-06-26T00:00:14.329986,63706.105,115765.555,0.794,240.811,70326.933,0.02,0.0
289.983,2026-06-26T00:00:14.380980,63760.031,115765.555,0.786,240.812,70326.933,0.02,0.0
290.034,2026-06-26T00:00:14.431971,63748.531,115765.555,0.78,240.813,70326.933,0.02,0.0
290.085,2026-06-26T00:00:14.482939,63739.531,115765.555,0.821,240.814,70326.933,0.02,0.0
290.136,2026-06-26T00:00:14.533933,62997.531,114965.555,0.805,240.815,70326.933,0.02,0.0
290.187,2026-06-26T00:00:14.584908,62997.531,114965.555,0.793,240.816,70326.933,0.02,0.0
290.238,2026-06-26T00:00:14.635918,62997.531,114965.555,0.831,240.817,70326.933,0.02,0.0
290.289,2026-06-26T00:00:14.686919,62997.531,114965.555,0.811,240.818,70326.933,0.02,0.0
290.34,2026-06-26T00:00:14.737986,62997.531,114965.555,0.797,240.819,70376.933,0.02,979.259
290.391,2026-06-26T00:00:14.789032,63047.023,115015.555,0.742,240.82,70376.933,0.02,0.0
290.442,2026-06-26T00:00:14.840106,62997.531,114965.555,0.749,240.821,70376.933,0.02,0.0
290.494,2026-06-26T00:00:14.891198,61861.047,114965.555,0.8,240.822,70426.933,0.02,979.218
290.545,2026-06-26T00:00:14.942211,61397.531,113365.555,0.79,240.823,70426.933,0.02,0.0
290.596,2026-06-26T00:00:14.993218,61397.531,113365.555,0.782,240.824,70426.933,0.02,0.0
290.647,2026-06-26T00:00:15.044316,61397.531,113365.555,0.777,240.825,70426.933,0.02,0.0
290.698,2026-06-26T00:00:15.095440,61397.531,113365.555,0.773,240.826,70426.933,0.02,0.0
290.749,2026-06-26T00:00:15.146576,61397.531,113365.555,0.77,240.827,70426.933,0.02,0.0
290.8,2026-06-26T00:00:15.197685,61469.938,122307.555,0.814,240.828,70426.933,0.02,0.0
290.851,2026-06-26T00:00:15.248798,62200.207,122307.555,1.074,240.829,70426.933,0.02,0.0
290.902,2026-06-26T00:00:15.299872,62923.406,122307.555,1.211,240.83,70426.933,0.02,0.0
290.953,2026-06-26T00:00:15.350996,63634.547,122307.555,1.398,240.831,70426.933,0.02,0.0
291.004,2026-06-26T00:00:15.402096,64256.773,122307.555,1.391,240.832,70426.933,0.02,0.0
291.056,2026-06-26T00:00:15.453210,64909.93,122307.555,1.479,240.833,70426.933,0.02,0.0
291.107,2026-06-26T00:00:15.504282,65543.148,122307.555,1.494,240.834,70426.933,0.02,0.0
291.158,2026-06-26T00:00:15.555427,66130.973,122307.555,1.55,240.835,70426.933,0.02,0.0
291.209,2026-06-26T00:00:15.606530,66733.723,122307.555,1.497,240.836,70426.933,0.02,0.0
291.26,2026-06-26T00:00:15.657656,67307.715,122307.555,1.553,240.837,70426.933,0.02,0.0
291.311,2026-06-26T00:00:15.708744,67899.094,122307.555,1.545,240.838,70426.933,0.02,0.0
291.362,2026-06-26T00:00:15.759866,68471.316,122307.555,1.586,240.839,70426.933,0.02,0.0
291.413,2026-06-26T00:00:15.810977,69033.613,122307.555,1.523,240.841,70426.933,0.02,0.0
291.464,2026-06-26T00:00:15.862094,69622.57,122307.555,1.525,240.842,70426.933,0.02,0.0
291.516,2026-06-26T00:00:15.913232,70196.68,122307.555,1.572,240.843,70426.933,0.02,0.0
291.567,2026-06-26T00:00:15.964301,70336.391,126407.555,1.56,240.844,70426.933,0.02,0.0
291.618,2026-06-26T00:00:16.015270,70417.824,126457.555,1.552,240.845,70426.933,0.02,0.0
291.669,2026-06-26T00:00:16.066265,69814.996,126457.555,1.546,240.846,70426.933,0.02,0.0
291.72,2026-06-26T00:00:16.117222,69708.32,125657.555,1.587,240.847,70426.933,0.02,0.0
291.771,2026-06-26T00:00:16.168328,69748.656,125657.555,1.57,240.848,70426.933,0.02,0.0
291.822,2026-06-26T00:00:16.219421,69786.945,125657.555,1.603,240.849,70426.933,0.02,0.0
291.873,2026-06-26T00:00:16.270556,69826.656,125657.555,1.581,240.85,70426.933,0.02,0.0
291.924,2026-06-26T00:00:16.321671,69898.898,126457.555,1.611,240.851,70476.933,0.02,977.67
291.975,2026-06-26T00:00:16.372810,69991.617,126457.555,1.54,240.852,70476.933,0.02,0.0
292.026,2026-06-26T00:00:16.423885,70084.219,126457.555,1.628,240.853,70476.933,0.02,0.0
292.077,2026-06-26T00:00:16.475011,70178.148,126457.555,1.599,240.854,70476.933,0.02,0.0
292.128,2026-06-26T00:00:16.526120,70232.977,126457.555,1.394,240.855,70476.933,0.02,0.0
292.18,2026-06-26T00:00:16.577237,70232.977,126457.555,0.976,240.856,70476.933,0.02,0.0
292.231,2026-06-26T00:00:16.628334,70325.359,126457.555,1.142,240.857,70476.933,0.02,0.0
292.282,2026-06-26T00:00:16.679435,70419.457,126457.555,1.304,240.858,70476.933,0.02,0.0
292.333,2026-06-26T00:00:16.730556,70513.98,126457.555,1.371,240.859,70476.933,0.02,0.0
292.384,2026-06-26T00:00:16.781674,70607.016,126457.555,1.418,240.86,70476.933,0.02,0.0
292.435,2026-06-26T00:00:16.832779,70701.699,126457.555,1.451,240.861,70476.933,0.02,0.0
292.486,2026-06-26T00:00:16.883889,70796.031,126457.555,1.521,240.862,70476.933,0.02,0.0
292.537,2026-06-26T00:00:16.934957,70889.863,126457.555,1.524,240.863,70476.933,0.02,0.0
292.588,2026-06-26T00:00:16.985974,70984.121,126457.555,1.526,240.864,70476.933,0.02,0.0
292.639,2026-06-26T00:00:17.036954,71078.488,126457.555,1.528,240.865,70476.933,0.02,0.0
292.69,2026-06-26T00:00:17.087963,71172.945,126457.555,1.529,240.866,70476.933,0.02,0.0
292.741,2026-06-26T00:00:17.138951,71263.516,126457.555,1.576,240.867,70476.933,0.02,0.0
292.792,2026-06-26T00:00:17.189965,71295.402,126457.555,1.562,240.868,70476.933,0.02,0.0
292.843,2026-06-26T00:00:17.241058,70649.629,126457.555,1.598,240.869,70476.933,0.02,0.0
292.895,2026-06-26T00:00:17.292190,70588.848,125657.555,1.577,240.87,70476.933,0.02,0.0
292.946,2026-06-26T00:00:17.343266,70629.855,125657.555,1.609,240.871,70476.933,0.02,0.0
293.072,2026-06-26T00:00:17.469521,70739.875,126457.555,1.722,241.216,70526.933,2.741,397.682
293.122,2026-06-26T00:00:17.519970,70830.957,126457.555,1.714,241.217,70526.933,0.02,0.0
293.173,2026-06-26T00:00:17.570634,70920.926,126457.555,1.663,241.218,70526.933,0.02,0.0
293.224,2026-06-26T00:00:17.621271,71010.484,126457.555,1.626,241.219,70526.933,0.02,0.0
293.274,2026-06-26T00:00:17.672066,71099.66,126457.555,1.599,241.22,70526.933,0.02,0.0
293.325,2026-06-26T00:00:17.723024,71188.051,126457.555,1.578,241.221,70526.933,0.02,0.0
293.377,2026-06-26T00:00:17.774203,71278.379,126457.555,1.563,241.222,70526.933,0.02,0.0
293.428,2026-06-26T00:00:17.825306,71370.559,126457.555,1.553,241.223,70526.933,0.02,0.0
293.479,2026-06-26T00:00:17.876420,71464.191,126457.555,1.591,241.224,70526.933,0.02,0.0
293.53,2026-06-26T00:00:17.927526,71557.699,126457.555,1.573,241.225,70526.933,0.02,0.0
293.581,2026-06-26T00:00:17.978518,71648.332,126457.555,1.561,241.226,70526.933,0.02,0.0
293.632,2026-06-26T00:00:18.029518,71739.309,126457.555,1.598,241.227,70526.933,0.02,0.0
293.683,2026-06-26T00:00:18.080510,71830.773,126457.555,1.624,241.228,70526.933,0.02,0.0
293.734,2026-06-26T00:00:18.131526,71922.164,126457.555,1.596,241.229,70526.933,0.02,0.0
293.785,2026-06-26T00:00:18.182529,72013.594,126457.555,1.577,241.23,70526.933,0.02,0.0
293.836,2026-06-26T00:00:18.233552,72105.051,126457.555,1.563,241.231,70526.933,0.02,0.0
293.887,2026-06-26T00:00:18.284544,72130.949,126457.555,1.553,241.232,70526.933,0.02,0.0
293.938,2026-06-26T00:00:18.335664,71636.07,126457.555,1.592,241.233,70526.933,0.02,0.0
293.989,2026-06-26T00:00:18.386777,71428.645,125657.555,1.573,241.234,70526.933,0.02,0.0
294.04,2026-06-26T00:00:18.437888,71469.355,125657.555,1.559,241.236,70526.933,0.02,0.0
294.091,2026-06-26T00:00:18.489021,71507.895,125657.555,1.55,241.237,70526.933,0.02,0.0
294.143,2026-06-26T00:00:18.540190,71545.977,125657.555,1.589,241.238,70526.933,0.02,0.0
294.194,2026-06-26T00:00:18.591268,71615.242,126457.555,1.571,241.239,70576.933,0.02,978.624
294.245,2026-06-26T00:00:18.642383,71705.805,126457.555,1.605,241.24,70576.933,0.02,0.0
294.296,2026-06-26T00:00:18.693421,71796.039,126457.555,1.582,241.241,70576.933,0.02,0.0
294.347,2026-06-26T00:00:18.744525,71886.414,126457.555,1.566,241.242,70576.933,0.02,0.0
294.398,2026-06-26T00:00:18.795559,71975.949,126457.555,1.555,241.243,70576.933,0.02,0.0
294.449,2026-06-26T00:00:18.846611,72063.59,126457.555,1.594,241.244,70576.933,0.02,0.0
294.5,2026-06-26T00:00:18.897710,72152.105,126457.555,1.574,241.245,70576.933,0.02,0.0
294.551,2026-06-26T00:00:18.948810,72241.172,126457.555,1.607,241.246,70576.933,0.02,0.0
294.602,2026-06-26T00:00:18.999802,72330.121,126457.555,1.584,241.247,70576.933,0.02,0.0
294.653,2026-06-26T00:00:19.050809,72421.98,126457.555,1.615,241.248,70576.933,0.02,0.0
294.704,2026-06-26T00:00:19.101802,72510.98,126457.555,1.59,241.249,70576.933,0.02,0.0
294.755,2026-06-26T00:00:19.152810,72601.098,126457.555,1.572,241.25,70576.933,0.02,0.0
294.806,2026-06-26T00:00:19.203809,72691.422,126457.555,1.56,241.251,70576.933,0.02,0.0
294.857,2026-06-26T00:00:19.254827,72781.777,126457.555,1.552,241.252,70576.933,0.02,0.0
294.908,2026-06-26T00:00:19.305814,72872.004,126457.555,1.591,241.253,70576.933,0.02,0.0
294.959,2026-06-26T00:00:19.356842,72909.629,126407.555,1.573,241.254,70576.933,0.02,0.0
295.01,2026-06-26T00:00:19.407838,72986.809,126457.555,1.56,241.255,70576.933,0.02,0.0
295.061,2026-06-26T00:00:19.458969,72298.77,126457.555,1.551,241.256,70576.933,0.02,0.0
295.112,2026-06-26T00:00:19.510058,72273.219,125657.555,1.59,241.257,70576.933,0.02,0.0
295.164,2026-06-26T00:00:19.561199,72311.641,125657.555,1.526,241.258,70576.933,0.02,0.0
295.215,2026-06-26T00:00:19.612279,72350.164,125657.555,1.527,241.259,70576.933,0.02,0.0
295.266,2026-06-26T00:00:19.663412,72388.91,125657.555,1.527,241.26,70626.933,0.02,977.274
295.317,2026-06-26T00:00:19.714533,72468.426,125707.555,1.665,241.261,70626.933,0.02,0.0
295.368,2026-06-26T00:00:19.765662,72465.719,125657.555,1.532,241.262,70626.933,0.02,0.0
295.419,2026-06-26T00:00:19.816756,72519.363,125707.555,1.531,241.263,70676.933,0.02,978.423
295.47,2026-06-26T00:00:19.867882,72542.742,125657.555,1.53,241.264,70676.933,0.02,0.0
295.521,2026-06-26T00:00:19.918978,72587.523,125707.555,1.531,241.265,70726.933,0.02,980.339
295.572,2026-06-26T00:00:19.969971,72615.902,125657.555,1.622,241.266,70726.933,0.02,0.0
295.623,2026-06-26T00:00:20.021058,72653.586,125707.555,1.596,241.267,70776.933,0.02,981.725
295.674,2026-06-26T00:00:20.071936,72727.656,125707.555,1.578,241.268,70776.933,0.02,0.0
295.725,2026-06-26T00:00:20.122738,72730.039,125657.555,1.566,241.269,70826.933,0.02,983.512
295.776,2026-06-26T00:00:20.173569,72810.254,125707.555,1.558,241.27,70826.933,0.02,0.0
295.827,2026-06-26T00:00:20.224378,72806.844,125657.555,1.552,241.272,70826.933,0.02,0.0
295.878,2026-06-26T00:00:20.275204,72877.969,126457.555,1.547,241.273,70876.933,0.02,983.632
295.928,2026-06-26T00:00:20.325978,72967.102,126457.555,1.591,241.274,70876.933,0.02,0.0
295.979,2026-06-26T00:00:20.376792,73055.23,126457.555,1.574,241.275,70876.933,0.02,0.0
296.03,2026-06-26T00:00:20.427592,73144.477,126457.555,1.564,241.276,70876.933,0.02,0.0
296.081,2026-06-26T00:00:20.478378,73234.73,126457.555,1.556,241.277,70876.933,0.02,0.0
296.132,2026-06-26T00:00:20.529209,73324.68,126457.555,1.597,241.278,70876.933,0.02,0.0
296.182,2026-06-26T00:00:20.579985,73413.297,126457.555,1.578,241.279,70876.933,0.02,0.0
296.233,2026-06-26T00:00:20.630965,73504.918,126457.555,1.565,241.28,70876.933,0.02,0.0
296.284,2026-06-26T00:00:20.681779,73596.172,126457.555,1.511,241.281,70876.933,0.02,0.0
296.335,2026-06-26T00:00:20.732581,73687.711,126457.555,1.565,241.282,70876.933,0.02,0.0
296.386,2026-06-26T00:00:20.783402,73779.125,126457.555,1.557,241.283,70876.933,0.02,0.0
296.437,2026-06-26T00:00:20.834219,73870.613,126457.555,1.551,241.284,70876.933,0.02,0.0
296.487,2026-06-26T00:00:20.884953,73961.32,126457.555,1.549,241.285,70876.933,0.02,0.0
296.538,2026-06-26T00:00:20.935557,74044.371,126457.555,1.547,241.286,70876.933,0.02,0.0
296.589,2026-06-26T00:00:20.986442,74127.664,126457.555,1.59,241.287,70876.933,0.02,0.0
296.639,2026-06-26T00:00:21.037057,74157.082,126407.555,1.575,241.288,70876.933,0.02,0.0
296.69,2026-06-26T00:00:21.087698,74232.98,126457.555,1.566,241.289,70876.933,0.02,0.0
296.741,2026-06-26T00:00:21.138366,73576.844,126457.555,1.559,241.29,70876.933,0.02,0.0
296.791,2026-06-26T00:00:21.188983,73514.977,125657.555,1.6,241.291,70876.933,0.02,0.0
296.842,2026-06-26T00:00:21.239628,73550.949,125657.555,1.583,241.292,70876.933,0.02,0.0
296.893,2026-06-26T00:00:21.290249,73586.227,125657.555,1.571,241.293,70876.933,0.02,0.0
296.943,2026-06-26T00:00:21.340875,73622.215,125657.555,1.655,241.294,70876.933,0.02,0.0
296.994,2026-06-26T00:00:21.391532,73683.195,125707.555,1.575,241.295,70926.933,0.02,987.75
297.045,2026-06-26T00:00:21.442187,73231.062,125657.555,1.612,241.296,70926.933,0.02,0.0
297.095,2026-06-26T00:00:21.492797,71377.656,125657.555,1.499,241.297,70976.933,0.02,987.685
297.146,2026-06-26T00:00:21.543439,69733.656,125657.555,1.28,241.298,70976.933,0.02,0.0
297.196,2026-06-26T00:00:21.594074,68268.414,125657.555,1.174,241.299,70976.933,0.02,0.0
297.247,2026-06-26T00:00:21.644729,66983.656,125657.555,1.053,241.3,70976.933,0.02,0.0
297.298,2026-06-26T00:00:21.695367,65615.656,125657.555,0.969,241.301,70976.933,0.02,0.0
297.348,2026-06-26T00:00:21.745987,65533.051,117515.555,0.863,241.302,70976.933,0.02,0.0
297.399,2026-06-26T00:00:21.796640,65505.746,121561.555,0.928,241.303,70976.933,0.02,0.0
297.45,2026-06-26T00:00:21.847306,65565.789,122361.555,1.112,241.304,71026.933,0.02,987.253
297.5,2026-06-26T00:00:21.897925,65660.102,122361.555,1.242,241.305,71026.933,0.02,0.0
297.551,2026-06-26T00:00:21.948572,65754.234,122361.555,1.378,241.306,71026.933,0.02,0.0
297.602,2026-06-26T00:00:21.999188,65849.781,122361.555,1.428,241.308,71026.933,0.02,0.0
297.652,2026-06-26T00:00:22.049809,65944.668,122361.555,1.416,241.309,71026.933,0.02,0.0
297.703,2026-06-26T00:00:22.100461,66039.719,122361.555,1.501,241.31,71026.933,0.02,0.0
297.753,2026-06-26T00:00:22.151081,66135.004,122361.555,1.513,241.311,71026.933,0.02,0.0
297.804,2026-06-26T00:00:22.201749,66229.113,122361.555,1.522,241.312,71026.933,0.02,0.0
297.855,2026-06-26T00:00:22.252384,66323.066,122361.555,1.529,241.313,71026.933,0.02,0.0
297.905,2026-06-26T00:00:22.303006,66417.422,122361.555,1.533,241.314,71026.933,0.02,0.0
297.956,2026-06-26T00:00:22.353669,66509.184,122361.555,1.536,241.315,71026.933,0.02,0.0
298.045,2026-06-26T00:00:22.442795,66667.039,122361.555,1.654,241.66,71026.933,3.883,0.0
298.096,2026-06-26T00:00:22.493225,66756.074,122361.555,1.621,241.661,71026.933,0.02,0.0
298.146,2026-06-26T00:00:22.543849,66844.969,122361.555,1.597,241.662,71026.933,0.02,0.0
298.197,2026-06-26T00:00:22.594487,66934.547,122361.555,1.581,241.663,71026.933,0.02,0.0
298.247,2026-06-26T00:00:22.645107,67024.031,122361.555,1.57,241.664,71026.933,0.02,0.0
298.298,2026-06-26T00:00:22.695756,67052.156,122361.555,1.655,241.665,71026.933,0.02,0.0
298.349,2026-06-26T00:00:22.746393,66553.43,122361.555,1.621,241.666,71026.933,0.02,0.0
298.399,2026-06-26T00:00:22.797016,66357.688,121561.555,1.597,241.667,71026.933,0.02,0.0
298.45,2026-06-26T00:00:22.847665,66402.086,121561.555,1.581,241.668,71026.933,0.02,0.0
298.501,2026-06-26T00:00:22.898312,66446.277,121561.555,1.57,241.669,71026.933,0.02,0.0
298.551,2026-06-26T00:00:22.948925,66490.625,121561.555,1.562,241.67,71026.933,0.02,0.0
298.602,2026-06-26T00:00:22.999553,66549.898,121611.555,1.557,241.671,71076.933,0.02,989.045
298.652,2026-06-26T00:00:23.050125,66578.562,121561.555,1.553,241.672,71076.933,0.02,0.0
298.703,2026-06-26T00:00:23.100769,66623.352,122361.555,1.596,241.673,71126.933,0.02,987.304
298.754,2026-06-26T00:00:23.151420,66714.977,122361.555,1.534,241.674,71126.933,0.02,0.0
298.804,2026-06-26T00:00:23.202035,66806.984,122361.555,1.582,241.675,71126.933,0.02,0.0
298.855,2026-06-26T00:00:23.252678,66899.406,122361.555,1.571,241.676,71126.933,0.02,0.0
298.906,2026-06-26T00:00:23.303313,66992.152,122361.555,1.562,241.677,71126.933,0.02,0.0
298.956,2026-06-26T00:00:23.353940,67085.371,122361.555,1.556,241.679,71126.933,0.02,0.0
299.007,2026-06-26T00:00:23.404604,67179.586,122361.555,1.599,241.68,71126.933,0.02,0.0
299.058,2026-06-26T00:00:23.455221,67236.156,122361.555,1.397,241.681,71126.933,0.02,0.0
299.108,2026-06-26T00:00:23.505856,67298.152,122361.555,1.255,241.682,71126.933,0.02,0.0
299.159,2026-06-26T00:00:23.556521,67395.242,122361.555,1.342,241.683,71126.933,0.02,0.0
299.21,2026-06-26T00:00:23.607184,67492.859,122361.555,1.448,241.684,71126.933,0.02,0.0
299.26,2026-06-26T00:00:23.657806,67536.703,122361.555,1.199,241.685,71126.933,0.02,0.0
299.311,2026-06-26T00:00:23.708438,67627.953,122361.555,1.302,241.686,71126.933,0.02,0.0
299.361,2026-06-26T00:00:23.759055,67724.801,122361.555,1.374,241.687,71126.933,0.02,0.0
299.412,2026-06-26T00:00:23.809702,67820.848,122361.555,1.425,241.688,71126.933,0.02,0.0
299.463,2026-06-26T00:00:23.860355,67916.883,122361.555,1.414,241.689,71126.933,0.02,0.0
299.513,2026-06-26T00:00:23.910974,68013.27,122361.555,1.499,241.69,71126.933,0.02,0.0
299.564,2026-06-26T00:00:23.961629,68108.996,122361.555,1.512,241.691,71126.933,0.02,0.0
299.615,2026-06-26T00:00:24.012242,68138.277,122361.555,1.522,241.692,71126.933,0.02,0.0
299.665,2026-06-26T00:00:24.062869,67839.844,122361.555,1.574,241.693,71126.933,0.02,0.0
299.716,2026-06-26T00:00:24.113542,67450.656,121561.555,1.564,241.694,71126.933,0.02,0.0
299.767,2026-06-26T00:00:24.164195,67493.738,121561.555,1.558,241.695,71126.933,0.02,0.0
299.817,2026-06-26T00:00:24.214813,67536.367,121561.555,1.646,241.696,71126.933,0.02,0.0
299.868,2026-06-26T00:00:24.265454,67578.977,121561.555,1.569,241.697,71126.933,0.02,0.0
299.918,2026-06-26T00:00:24.316085,67634.086,122361.555,1.607,241.698,71176.933,0.02,986.816
299.969,2026-06-26T00:00:24.366749,67729.859,122361.555,1.588,241.699,71176.933,0.02,0.0
300.02,2026-06-26T00:00:24.417382,67826.082,122361.555,1.528,241.7,71176.933,0.02,0.0
300.07,2026-06-26T00:00:24.468000,67921.797,122361.555,1.579,241.701,71176.933,0.02,0.0
300.121,2026-06-26T00:00:24.518651,68016.836,122361.555,1.568,241.702,71176.933,0.02,0.0
300.172,2026-06-26T00:00:24.569289,68105.922,122361.555,1.56,241.703,71176.933,0.02,0.0
300.222,2026-06-26T00:00:24.619913,68194.672,122361.555,1.555,241.704,71176.933,0.02,0.0
300.273,2026-06-26T00:00:24.670553,68286.094,122361.555,1.552,241.705,71176.933,0.02,0.0
300.324,2026-06-26T00:00:24.721209,68376.559,122361.555,1.595,241.706,71176.933,0.02,0.0
300.374,2026-06-26T00:00:24.771819,68461.562,122361.555,1.579,241.707,71176.933,0.02,0.0
300.425,2026-06-26T00:00:24.822466,68551.785,122361.555,1.568,241.708,71176.933,0.02,0.0
300.475,2026-06-26T00:00:24.873090,68641.227,122361.555,1.561,241.709,71176.933,0.02,0.0
300.526,2026-06-26T00:00:24.923719,68730.445,122361.555,1.556,241.71,71176.933,0.02,0.0
300.577,2026-06-26T00:00:24.974359,68819.531,122361.555,1.552,241.711,71176.933,0.02,0.0
300.627,2026-06-26T00:00:25.024992,68909.055,122361.555,1.547,241.712,71176.933,0.02,0.0
300.678,2026-06-26T00:00:25.075981,68996.691,122361.555,1.589,241.713,71176.933,0.02,0.0
300.729,2026-06-26T00:00:25.126969,69084.227,122361.555,1.571,241.715,71176.933,0.02,0.0
300.78,2026-06-26T00:00:25.177976,69107.992,122361.555,1.56,241.716,71176.933,0.02,0.0
300.831,2026-06-26T00:00:25.228966,68862.223,122361.555,1.551,241.717,71176.933,0.02,0.0
300.882,2026-06-26T00:00:25.279964,68423.156,121561.555,1.546,241.718,71176.933,0.02,0.0
300.933,2026-06-26T00:00:25.330951,68468.133,121561.555,1.633,241.719,71176.933,0.02,0.0
300.984,2026-06-26T00:00:25.381963,68512.98,121561.555,1.603,241.72,71176.933,0.02,0.0
301.035,2026-06-26T00:00:25.432935,68557.258,121561.555,1.582,241.721,71176.933,0.02,0.0
301.086,2026-06-26T00:00:25.483935,68608.961,121611.555,1.613,241.722,71226.933,0.02,980.312
301.137,2026-06-26T00:00:25.534922,68647.633,121561.555,1.543,241.723,71226.933,0.02,0.0
301.188,2026-06-26T00:00:25.585930,68692.926,121561.555,1.586,241.724,71276.933,0.02,980.803
301.239,2026-06-26T00:00:25.636911,68781.156,121611.555,1.569,241.725,71276.933,0.02,0.0
301.29,2026-06-26T00:00:25.687919,68783.336,121561.555,1.558,241.726,71276.933,0.02,0.0
301.341,2026-06-26T00:00:25.738900,68860.301,121611.555,1.55,241.727,71326.933,0.02,980.055
301.392,2026-06-26T00:00:25.789918,68874.012,121561.555,1.591,241.728,71326.933,0.02,0.0
301.443,2026-06-26T00:00:25.840904,68939.492,122361.555,1.527,241.729,71376.933,0.02,980.514
301.494,2026-06-26T00:00:25.891909,69033.746,122361.555,1.529,241.73,71376.933,0.02,0.0
301.545,2026-06-26T00:00:25.942856,69129.328,122361.555,1.532,241.731,71376.933,0.02,0.0
301.596,2026-06-26T00:00:25.993506,69224.527,122361.555,1.535,241.732,71376.933,0.02,0.0
301.647,2026-06-26T00:00:26.044175,69319.945,122361.555,1.584,241.733,71376.933,0.02,0.0
301.697,2026-06-26T00:00:26.094787,69415.156,122361.555,1.571,241.734,71376.933,0.02,0.0
301.748,2026-06-26T00:00:26.145424,69509.961,122361.555,1.563,241.735,71376.933,0.02,0.0
301.798,2026-06-26T00:00:26.196048,69604.617,122361.555,1.603,241.736,71376.933,0.02,0.0
301.849,2026-06-26T00:00:26.246695,69698.922,122361.555,1.631,241.737,71376.933,0.02,0.0
301.9,2026-06-26T00:00:26.297341,69793.523,122361.555,1.651,241.738,71376.933,0.02,0.0
301.95,2026-06-26T00:00:26.347955,69889.445,122361.555,1.619,241.739,71376.933,0.02,0.0
302.001,2026-06-26T00:00:26.398609,69985.301,122361.555,1.596,241.74,71376.933,0.02,0.0
302.052,2026-06-26T00:00:26.449220,70081.215,122361.555,1.58,241.741,71376.933,0.02,0.0
302.102,2026-06-26T00:00:26.499854,70177.488,122361.555,1.615,241.742,71376.933,0.02,0.0
302.153,2026-06-26T00:00:26.550488,70273.465,122361.555,1.594,241.743,71376.933,0.02,0.0
302.203,2026-06-26T00:00:26.601102,70243.441,122361.555,1.578,241.744,71376.933,0.02,0.0
302.254,2026-06-26T00:00:26.651775,69335.656,122361.555,1.427,241.745,71376.933,0.02,0.0
302.305,2026-06-26T00:00:26.702795,68347.656,122361.555,1.229,241.746,71376.933,0.02,0.0
302.356,2026-06-26T00:00:26.753848,67377.656,122361.555,1.09,241.747,71376.933,0.02,0.0
302.407,2026-06-26T00:00:26.804885,66475.656,122361.555,0.992,241.748,71376.933,0.02,0.0
302.458,2026-06-26T00:00:26.855942,66265.656,118265.555,1.108,241.749,71376.933,0.02,0.0
302.509,2026-06-26T00:00:26.906975,65953.656,118265.555,1.235,241.75,71376.933,0.02,0.0
302.56,2026-06-26T00:00:26.958004,65493.656,117465.555,1.326,241.752,71376.933,0.02,0.0
302.611,2026-06-26T00:00:27.008672,65493.656,117465.555,1.389,241.753,71376.933,0.02,0.0
302.662,2026-06-26T00:00:27.059724,65493.656,117465.555,1.431,241.754,71376.933,0.02,0.0
302.713,2026-06-26T00:00:27.110755,65493.656,117465.555,1.461,241.755,71376.933,0.02,0.0
302.764,2026-06-26T00:00:27.161823,65495.473,118265.555,1.528,241.756,71426.933,0.02,979.177
302.815,2026-06-26T00:00:27.212873,65546.992,118265.555,1.528,241.757,71426.933,0.02,0.0
302.866,2026-06-26T00:00:27.263916,65598.598,118265.555,1.53,241.758,71426.933,0.02,0.0
302.917,2026-06-26T00:00:27.314934,65651.176,118265.555,1.53,241.759,71426.933,0.02,0.0
302.968,2026-06-26T00:00:27.365991,65703.785,118265.555,1.576,241.76,71426.933,0.02,0.0
303.093,2026-06-26T00:00:27.490498,65825.176,118265.555,1.707,242.105,71426.933,2.781,0.0
303.143,2026-06-26T00:00:27.540934,65873.344,118265.555,1.658,242.106,71426.933,0.02,0.0
303.194,2026-06-26T00:00:27.591598,65922.426,118265.555,1.67,242.107,71426.933,0.02,0.0
303.245,2026-06-26T00:00:27.642232,65970.227,118265.555,1.631,242.108,71426.933,0.02,0.0
303.295,2026-06-26T00:00:27.693014,66024.148,119865.555,1.649,242.109,71426.933,0.02,0.0
303.346,2026-06-26T00:00:27.743908,66091.523,119865.555,1.614,242.11,71426.933,0.02,0.0
303.397,2026-06-26T00:00:27.794939,66160.918,119865.555,1.635,242.111,71426.933,0.02,0.0
303.448,2026-06-26T00:00:27.846004,66230.332,119865.555,1.603,242.112,71426.933,0.02,0.0
303.499,2026-06-26T00:00:27.897035,66299.652,119865.555,1.581,242.113,71426.933,0.02,0.0
303.55,2026-06-26T00:00:27.948043,66368.891,119865.555,1.569,242.114,71426.933,0.02,0.0
303.601,2026-06-26T00:00:27.998677,66373.527,119865.555,1.561,242.115,71426.933,0.02,0.0
303.652,2026-06-26T00:00:28.049329,66269.879,119865.555,1.555,242.116,71426.933,0.02,0.0
303.702,2026-06-26T00:00:28.099976,65650.812,119065.555,1.549,242.117,71426.933,0.02,0.0
303.753,2026-06-26T00:00:28.151005,65669.922,119065.555,1.544,242.118,71426.933,0.02,0.0
303.804,2026-06-26T00:00:28.202022,65689.105,119065.555,1.54,242.119,71426.933,0.02,0.0
303.855,2026-06-26T00:00:28.253065,65708.344,119065.555,1.537,242.12,71426.933,0.02,0.0
303.906,2026-06-26T00:00:28.304103,65727.484,119065.555,1.581,242.121,71476.933,0.02,979.355
303.958,2026-06-26T00:00:28.355182,65783.34,119115.555,1.566,242.122,71476.933,0.02,0.0
304.009,2026-06-26T00:00:28.406239,65765.891,119065.555,1.555,242.123,71476.933,0.02,0.0
304.06,2026-06-26T00:00:28.457234,65805.078,119115.555,1.548,242.124,71526.933,0.02,980.697
304.111,2026-06-26T00:00:28.508242,65804.242,119065.555,1.589,242.125,71526.933,0.02,0.0
304.162,2026-06-26T00:00:28.559271,65824.953,119865.555,1.618,242.126,71576.933,0.02,980.115
304.213,2026-06-26T00:00:28.610265,65893.473,119865.555,1.592,242.127,71576.933,0.02,0.0
304.264,2026-06-26T00:00:28.661276,65932.508,119865.555,1.482,242.128,71576.933,0.02,0.0
304.315,2026-06-26T00:00:28.712284,65961.336,119865.555,1.359,242.129,71576.933,0.02,0.0
304.366,2026-06-26T00:00:28.763298,66030.824,119865.555,1.411,242.13,71576.933,0.02,0.0
304.417,2026-06-26T00:00:28.814369,66099.852,119865.555,1.401,242.131,71576.933,0.02,0.0
304.468,2026-06-26T00:00:28.865388,66169.176,119865.555,1.486,242.132,71576.933,0.02,0.0
304.519,2026-06-26T00:00:28.916448,66238.809,119865.555,1.499,242.133,71576.933,0.02,0.0
304.57,2026-06-26T00:00:28.967469,66307.77,119865.555,1.511,242.134,71576.933,0.02,0.0
304.62,2026-06-26T00:00:29.018123,66376.684,119865.555,1.564,242.136,71576.933,0.02,0.0
304.672,2026-06-26T00:00:29.069199,66448.129,119865.555,1.554,242.137,71576.933,0.02,0.0
304.723,2026-06-26T00:00:29.120203,66519.938,119865.555,1.547,242.138,71576.933,0.02,0.0
304.774,2026-06-26T00:00:29.171218,66591.586,119865.555,1.543,242.139,71576.933,0.02,0.0
304.825,2026-06-26T00:00:29.222225,66663.121,119865.555,1.539,242.14,71576.933,0.02,0.0
304.876,2026-06-26T00:00:29.273231,66734.742,119865.555,1.583,242.141,71576.933,0.02,0.0
304.927,2026-06-26T00:00:29.324241,66806.496,119865.555,1.568,242.142,71576.933,0.02,0.0
304.978,2026-06-26T00:00:29.375245,66878.449,119865.555,1.557,242.143,71576.933,0.02,0.0
305.029,2026-06-26T00:00:29.426226,66950.277,119865.555,1.595,242.144,71576.933,0.02,0.0
305.08,2026-06-26T00:00:29.477239,66955.656,119865.555,1.53,242.145,71576.933,0.02,0.0
305.131,2026-06-26T00:00:29.528253,66499.375,119865.555,1.531,242.146,71576.933,0.02,0.0
305.182,2026-06-26T00:00:29.579259,66208.598,119065.555,1.577,242.147,71576.933,0.02,0.0
305.233,2026-06-26T00:00:29.630264,66227.758,119065.555,1.563,242.148,71576.933,0.02,0.0
305.284,2026-06-26T00:00:29.681272,66246.641,119065.555,1.599,242.149,71576.933,0.02,0.0
305.335,2026-06-26T00:00:29.732295,66265.375,119065.555,1.625,242.15,71576.933,0.02,0.0
305.386,2026-06-26T00:00:29.783353,66303.418,119865.555,1.642,242.151,71626.933,0.02,979.474
305.437,2026-06-26T00:00:29.834386,66373.207,119865.555,1.563,242.152,71626.933,0.02,0.0
305.488,2026-06-26T00:00:29.885439,66443.695,119865.555,1.553,242.153,71626.933,0.02,0.0
305.539,2026-06-26T00:00:29.936427,66513.613,119865.555,1.595,242.154,71626.933,0.02,0.0
305.589,2026-06-26T00:00:29.987053,66584.191,119865.555,1.579,242.155,71626.933,0.02,0.0
305.64,2026-06-26T00:00:30.037704,66655.121,119865.555,1.568,242.156,71626.933,0.02,0.0
305.691,2026-06-26T00:00:30.088335,66726.051,119865.555,1.561,242.157,71626.933,0.02,0.0
305.741,2026-06-26T00:00:30.138940,66796.25,119865.555,1.602,242.158,71626.933,0.02,0.0
305.792,2026-06-26T00:00:30.189584,66864.867,119865.555,1.584,242.159,71626.933,0.02,0.0
305.843,2026-06-26T00:00:30.240212,66933.68,119865.555,1.572,242.16,71626.933,0.02,0.0
305.893,2026-06-26T00:00:30.290827,67002.93,119865.555,1.563,242.161,71626.933,0.02,0.0
305.944,2026-06-26T00:00:30.341488,67071.621,119865.555,1.557,242.162,71626.933,0.02,0.0
305.994,2026-06-26T00:00:30.392107,67141.926,119865.555,1.553,242.163,71626.933,0.02,0.0
306.045,2026-06-26T00:00:30.442747,67212.996,119865.555,1.55,242.164,71626.933,0.02,0.0
306.096,2026-06-26T00:00:30.493381,67284.137,119865.555,1.548,242.165,71626.933,0.02,0.0
306.146,2026-06-26T00:00:30.543997,67355.648,119865.555,1.546,242.166,71626.933,0.02,0.0
306.197,2026-06-26T00:00:30.594660,67361.184,119865.555,1.545,242.167,71626.933,0.02,0.0
306.248,2026-06-26T00:00:30.645324,67035.973,119865.555,1.588,242.168,71626.933,0.02,0.0
306.299,2026-06-26T00:00:30.696394,66625.922,119065.555,1.571,242.169,71626.933,0.02,0.0
306.35,2026-06-26T00:00:30.747435,66644.07,119065.555,1.559,242.17,71626.933,0.02,0.0
306.401,2026-06-26T00:00:30.798515,66662.738,119065.555,1.596,242.171,71626.933,0.02,0.0
306.452,2026-06-26T00:00:30.849548,66681.293,119065.555,1.622,242.173,71626.933,0.02,0.0
306.503,2026-06-26T00:00:30.900618,66700.043,119065.555,1.594,242.174,71676.933,0.02,979.703
306.554,2026-06-26T00:00:30.951620,66766.723,119865.555,1.532,242.175,71676.933,0.02,0.0
306.605,2026-06-26T00:00:31.002234,66833.754,119865.555,1.582,242.176,71676.933,0.02,0.0
306.655,2026-06-26T00:00:31.052851,66901.312,119865.555,1.57,242.177,71676.933,0.02,0.0
306.706,2026-06-26T00:00:31.103521,66965.684,119865.555,1.562,242.178,71676.933,0.02,0.0
306.757,2026-06-26T00:00:31.154175,67032.262,119865.555,1.556,242.179,71676.933,0.02,0.0
306.807,2026-06-26T00:00:31.204799,67096.664,119865.555,1.599,242.18,71676.933,0.02,0.0
306.858,2026-06-26T00:00:31.255426,67160.68,119865.555,1.582,242.181,71676.933,0.02,0.0
306.908,2026-06-26T00:00:31.306044,67225.879,119865.555,1.57,242.182,71676.933,0.02,0.0
306.959,2026-06-26T00:00:31.356692,67293.461,119865.555,1.562,242.183,71676.933,0.02,0.0
307.01,2026-06-26T00:00:31.407335,67359.973,119865.555,1.556,242.184,71676.933,0.02,0.0
307.06,2026-06-26T00:00:31.457953,67425.207,119865.555,1.552,242.185,71676.933,0.02,0.0
307.111,2026-06-26T00:00:31.508601,67493.207,119865.555,1.55,242.186,71676.933,0.02,0.0
307.162,2026-06-26T00:00:31.559216,67560.52,119865.555,1.594,242.187,71676.933,0.02,0.0
307.212,2026-06-26T00:00:31.609835,67629.043,119865.555,1.532,242.188,71676.933,0.02,0.0
307.263,2026-06-26T00:00:31.660502,67697.07,119865.555,1.535,242.189,71676.933,0.02,0.0
307.313,2026-06-26T00:00:31.711122,67763.316,119865.555,1.538,242.19,71676.933,0.02,0.0
307.364,2026-06-26T00:00:31.761767,67765.438,119865.555,1.586,242.191,71676.933,0.02,0.0
307.415,2026-06-26T00:00:31.812395,67714.203,119865.555,1.527,242.192,71676.933,0.02,0.0
307.465,2026-06-26T00:00:31.863017,67044.391,119065.555,1.624,242.193,71676.933,0.02,0.0
307.516,2026-06-26T00:00:31.913691,67062.543,119065.555,1.599,242.194,71676.933,0.02,0.0
307.567,2026-06-26T00:00:31.964320,67080.902,119065.555,1.583,242.195,71676.933,0.02,0.0
307.617,2026-06-26T00:00:32.014942,66881.891,119065.555,1.617,242.196,71676.933,0.02,0.0
307.668,2026-06-26T00:00:32.065596,66223.891,119065.555,1.595,242.197,71676.933,0.02,0.0
307.719,2026-06-26T00:00:32.116221,65437.891,119065.555,1.44,242.198,71726.933,0.02,987.336
307.769,2026-06-26T00:00:32.166855,64611.891,119065.555,1.239,242.199,71726.933,0.02,0.0
307.82,2026-06-26T00:00:32.217515,63753.891,119065.555,1.099,242.2,71726.933,0.02,0.0
307.871,2026-06-26T00:00:32.268171,63004.367,115019.555,1.047,242.201,71726.933,0.02,0.0
307.921,2026-06-26T00:00:32.318794,62997.891,114969.555,0.964,242.202,71726.933,0.02,0.0
307.972,2026-06-26T00:00:32.369436,62997.891,114969.555,0.906,242.203,71776.933,0.02,987.336
308.062,2026-06-26T00:00:32.459650,63082.27,115769.555,0.947,242.548,71776.933,3.832,0.0
308.112,2026-06-26T00:00:32.510087,63133.398,115769.555,0.894,242.549,71776.933,0.02,0.0
308.163,2026-06-26T00:00:32.560735,63184.059,115769.555,0.904,242.55,71776.933,0.02,0.0
308.214,2026-06-26T00:00:32.611371,63234.625,115769.555,0.818,242.551,71776.933,0.02,0.0
308.264,2026-06-26T00:00:32.661983,63285.113,115769.555,0.943,242.552,71776.933,0.02,0.0
308.315,2026-06-26T00:00:32.712649,63334.16,115769.555,1.215,242.553,71776.933,0.02,0.0
308.366,2026-06-26T00:00:32.763268,63382.293,115769.555,1.314,242.554,71776.933,0.02,0.0
308.416,2026-06-26T00:00:32.813880,63430.707,115769.555,1.383,242.555,71776.933,0.02,0.0
308.467,2026-06-26T00:00:32.864536,63479.652,115769.555,1.431,242.556,71776.933,0.02,0.0
308.518,2026-06-26T00:00:32.915199,63526.883,115769.555,1.464,242.557,71776.933,0.02,0.0
308.568,2026-06-26T00:00:32.965818,63573.148,115769.555,1.488,242.558,71776.933,0.02,0.0
308.619,2026-06-26T00:00:33.016456,63619.027,115769.555,1.504,242.56,71776.933,0.02,0.0
308.669,2026-06-26T00:00:33.067075,63664.73,115769.555,1.562,242.561,71776.933,0.02,0.0
308.72,2026-06-26T00:00:33.117716,63710.426,115769.555,1.51,242.562,71776.933,0.02,0.0
308.771,2026-06-26T00:00:33.168357,63756.844,115769.555,1.566,242.563,71776.933,0.02,0.0
308.821,2026-06-26T00:00:33.218982,63747.895,115719.555,1.513,242.564,71776.933,0.02,0.0
308.872,2026-06-26T00:00:33.269636,63791.297,115769.555,1.568,242.565,71776.933,0.02,0.0
308.923,2026-06-26T00:00:33.320250,63187.895,115769.555,1.607,242.566,71776.933,0.02,0.0
308.973,2026-06-26T00:00:33.370875,62997.895,114969.555,1.588,242.567,71776.933,0.02,0.0
309.024,2026-06-26T00:00:33.421543,62997.895,114969.555,1.574,242.568,71776.933,0.02,0.0
309.075,2026-06-26T00:00:33.472193,62997.895,114969.555,1.565,242.569,71776.933,0.02,0.0
309.125,2026-06-26T00:00:33.522803,62997.895,114969.555,1.558,242.57,71776.933,0.02,0.0
309.176,2026-06-26T00:00:33.573443,63003.0,115769.555,1.415,242.571,71826.933,0.02,988.132
309.226,2026-06-26T00:00:33.624061,63051.75,115769.555,1.222,242.572,71826.933,0.02,0.0
309.277,2026-06-26T00:00:33.674726,63058.289,115769.555,0.902,242.573,71826.933,0.02,0.0
309.328,2026-06-26T00:00:33.725355,63098.406,115769.555,0.77,242.574,71826.933,0.02,0.0
309.378,2026-06-26T00:00:33.775981,63148.082,115769.555,0.817,242.575,71826.933,0.02,0.0
309.429,2026-06-26T00:00:33.826628,63197.898,115769.555,0.803,242.576,71826.933,0.02,0.0
309.48,2026-06-26T00:00:33.877255,63247.738,115769.555,0.794,242.577,71826.933,0.02,0.0
309.53,2026-06-26T00:00:33.927884,63297.773,115769.555,0.787,242.578,71826.933,0.02,0.0
309.581,2026-06-26T00:00:33.978527,63347.898,115769.555,0.782,242.579,71826.933,0.02,0.0
309.632,2026-06-26T00:00:34.029192,63397.422,115769.555,0.779,242.58,71826.933,0.02,0.0
309.682,2026-06-26T00:00:34.079802,63447.719,115769.555,0.777,242.581,71826.933,0.02,0.0
309.733,2026-06-26T00:00:34.130441,63480.711,115769.555,0.775,242.582,71826.933,0.02,0.0
309.783,2026-06-26T00:00:34.181070,63529.414,115769.555,0.82,242.583,71826.933,0.02,0.0
309.834,2026-06-26T00:00:34.231716,63577.688,115769.555,0.759,242.584,71826.933,0.02,0.0
309.885,2026-06-26T00:00:34.282356,63625.66,115769.555,0.809,242.585,71826.933,0.02,0.0
309.935,2026-06-26T00:00:34.332980,63673.512,115769.555,0.798,242.586,71826.933,0.02,0.0
309.986,2026-06-26T00:00:34.383663,63721.375,115769.555,0.744,242.587,71826.933,0.02,0.0
310.037,2026-06-26T00:00:34.434299,63770.789,115769.555,0.845,242.588,71826.933,0.02,0.0
310.087,2026-06-26T00:00:34.484915,63758.449,115769.555,0.776,242.589,71826.933,0.02,0.0
310.138,2026-06-26T00:00:34.535568,63659.898,115769.555,0.821,242.59,71826.933,0.02,0.0
310.189,2026-06-26T00:00:34.586182,63007.898,115769.555,0.806,242.591,71826.933,0.02,0.0
310.239,2026-06-26T00:00:34.636810,62997.898,114969.555,0.796,242.592,71826.933,0.02,0.0
310.29,2026-06-26T00:00:34.687504,62997.898,114969.555,0.787,242.593,71826.933,0.02,0.0
310.341,2026-06-26T00:00:34.738537,62997.898,114969.555,0.781,242.594,71826.933,0.02,0.0
310.392,2026-06-26T00:00:34.789596,62997.898,114969.555,0.684,242.595,71826.933,0.02,0.0
310.443,2026-06-26T00:00:34.840639,63002.938,115019.555,0.754,242.596,71876.933,0.02,979.497
310.494,2026-06-26T00:00:34.891707,62997.898,114969.555,0.712,242.597,71876.933,0.02,0.0
310.545,2026-06-26T00:00:34.942707,62997.898,114969.555,0.775,242.599,71926.933,0.02,986.282
310.596,2026-06-26T00:00:34.993382,63030.566,115769.555,0.774,242.6,71926.933,0.02,0.0
310.646,2026-06-26T00:00:35.044005,63068.262,115769.555,0.773,242.601,71926.933,0.02,0.0
310.697,2026-06-26T00:00:35.094659,63105.965,115769.555,0.773,242.602,71926.933,0.02,0.0
310.748,2026-06-26T00:00:35.145300,63149.715,115769.555,0.819,242.603,71926.933,0.02,0.0
310.798,2026-06-26T00:00:35.195924,63200.012,115769.555,0.758,242.604,71926.933,0.02,0.0
310.849,2026-06-26T00:00:35.246569,63250.484,115769.555,0.762,242.605,71926.933,0.02,0.0
310.9,2026-06-26T00:00:35.297188,63300.805,115769.555,0.811,242.606,71926.933,0.02,0.0
310.95,2026-06-26T00:00:35.347815,63350.34,115769.555,0.753,242.607,71926.933,0.02,0.0
311.001,2026-06-26T00:00:35.398479,63400.223,115769.555,0.805,242.608,71926.933,0.02,0.0
311.051,2026-06-26T00:00:35.449095,63451.277,115769.555,0.795,242.609,71926.933,0.02,0.0
311.102,2026-06-26T00:00:35.499737,63502.996,115769.555,0.788,242.61,71926.933,0.02,0.0
311.153,2026-06-26T00:00:35.550371,63554.402,115769.555,0.783,242.611,71926.933,0.02,0.0
311.203,2026-06-26T00:00:35.601003,63603.094,115769.555,0.779,242.612,71926.933,0.02,0.0
311.254,2026-06-26T00:00:35.651668,63651.023,115769.555,0.823,242.613,71926.933,0.02,0.0
311.305,2026-06-26T00:00:35.702307,63700.223,115769.555,0.808,242.614,71926.933,0.02,0.0
311.355,2026-06-26T00:00:35.752925,63750.066,115769.555,0.797,242.615,71926.933,0.02,0.0
311.406,2026-06-26T00:00:35.803584,63765.898,115769.555,0.743,242.616,71926.933,0.02,0.0
311.457,2026-06-26T00:00:35.854214,63784.828,115769.555,0.752,242.617,71926.933,0.02,0.0
311.507,2026-06-26T00:00:35.904829,63271.898,115769.555,0.757,242.618,71926.933,0.02,0.0
311.558,2026-06-26T00:00:35.955479,62997.898,114969.555,0.762,242.619,71926.933,0.02,0.0
311.608,2026-06-26T00:00:36.006099,62997.898,114969.555,0.764,242.62,71926.933,0.02,0.0
311.659,2026-06-26T00:00:36.056756,62997.898,114969.555,0.766,242.621,71926.933,0.02,0.0
311.71,2026-06-26T00:00:36.107412,62997.898,114969.555,0.768,242.622,71926.933,0.02,0.0
311.76,2026-06-26T00:00:36.158036,63007.164,115769.555,0.815,242.623,71976.933,0.02,987.058
311.811,2026-06-26T00:00:36.208705,63044.766,115769.555,0.802,242.624,71976.933,0.02,0.0
311.862,2026-06-26T00:00:36.259337,63082.363,115769.555,0.839,242.625,71976.933,0.02,0.0
311.912,2026-06-26T00:00:36.309960,63119.762,115769.555,0.819,242.626,71976.933,0.02,0.0
311.963,2026-06-26T00:00:36.360624,63166.629,115769.555,0.805,242.627,71976.933,0.02,0.0
312.014,2026-06-26T00:00:36.411241,63216.684,115769.555,0.795,242.628,71976.933,0.02,0.0
312.064,2026-06-26T00:00:36.461867,63268.211,115769.555,0.788,242.629,71976.933,0.02,0.0
312.115,2026-06-26T00:00:36.512520,63319.773,115769.555,0.783,242.63,71976.933,0.02,0.0
312.166,2026-06-26T00:00:36.563182,63369.906,115769.555,0.779,242.631,71976.933,0.02,0.0
312.216,2026-06-26T00:00:36.613802,63419.652,115769.555,0.777,242.632,71976.933,0.02,0.0
312.267,2026-06-26T00:00:36.664435,63470.633,115769.555,0.776,242.633,71976.933,0.02,0.0
312.317,2026-06-26T00:00:36.715055,63522.223,115769.555,0.82,242.634,71976.933,0.02,0.0
312.368,2026-06-26T00:00:36.765708,63571.484,115769.555,0.806,242.635,71976.933,0.02,0.0
312.419,2026-06-26T00:00:36.816344,63619.566,115769.555,0.795,242.636,71976.933,0.02,0.0
312.469,2026-06-26T00:00:36.866976,63662.828,115769.555,0.835,242.638,71976.933,0.02,0.0
312.52,2026-06-26T00:00:36.917622,63712.469,115769.555,0.816,242.639,71976.933,0.02,0.0
312.571,2026-06-26T00:00:36.968247,63762.391,115769.555,0.802,242.64,71976.933,0.02,0.0
312.621,2026-06-26T00:00:37.018864,63748.488,115769.555,0.793,242.641,71976.933,0.02,0.0
312.672,2026-06-26T00:00:37.069556,63797.082,115769.555,0.786,242.642,71976.933,0.02,0.0
312.723,2026-06-26T00:00:37.120185,63117.898,115769.555,0.782,242.643,71976.933,0.02,0.0
312.773,2026-06-26T00:00:37.170794,62997.898,114969.555,0.779,242.644,71976.933,0.02,0.0
312.824,2026-06-26T00:00:37.221459,62997.898,114969.555,0.777,242.645,71976.933,0.02,0.0
312.874,2026-06-26T00:00:37.272068,62997.898,114969.555,0.775,242.646,71976.933,0.02,0.0
312.925,2026-06-26T00:00:37.322714,62997.898,114969.555,0.774,242.647,71976.933,0.02,0.0
312.976,2026-06-26T00:00:37.373353,63020.223,115769.555,0.774,242.648,72026.933,0.02,987.467
313.065,2026-06-26T00:00:37.462361,63106.168,115769.555,0.858,242.993,72026.933,3.884,0.0
313.115,2026-06-26T00:00:37.512789,63148.012,115769.555,0.878,242.994,72026.933,0.02,0.0
313.166,2026-06-26T00:00:37.563431,63185.398,115769.555,0.8,242.995,72026.933,0.02,0.0
313.216,2026-06-26T00:00:37.614055,63222.898,115769.555,0.838,242.996,72026.933,0.02,0.0
313.267,2026-06-26T00:00:37.664715,63263.441,115769.555,0.818,242.997,72026.933,0.02,0.0
313.318,2026-06-26T00:00:37.715352,63313.195,115769.555,0.804,242.998,72026.933,0.02,0.0
313.368,2026-06-26T00:00:37.765969,63361.895,115769.555,0.794,242.999,72026.933,0.02,0.0
313.419,2026-06-26T00:00:37.816631,63410.953,115769.555,0.834,243.0,72026.933,0.02,0.0
313.47,2026-06-26T00:00:37.867264,63461.961,115769.555,0.769,243.001,72026.933,0.02,0.0
313.52,2026-06-26T00:00:37.917891,63513.23,115769.555,0.769,243.002,72026.933,0.02,0.0
313.571,2026-06-26T00:00:37.968545,63561.758,115769.555,0.77,243.003,72026.933,0.02,0.0
313.622,2026-06-26T00:00:38.019213,63609.688,115769.555,0.817,243.004,72026.933,0.02,0.0
313.672,2026-06-26T00:00:38.069822,63658.273,115769.555,0.757,243.005,72026.933,0.02,0.0
313.723,2026-06-26T00:00:38.120469,63708.105,115769.555,0.761,243.006,72026.933,0.02,0.0
313.773,2026-06-26T00:00:38.171086,63758.543,115769.555,0.811,243.007,72026.933,0.02,0.0
313.824,2026-06-26T00:00:38.221734,63747.898,115719.555,0.753,243.008,72026.933,0.02,0.0
313.875,2026-06-26T00:00:38.272369,63792.898,115769.555,0.851,243.009,72026.933,0.02,0.0
313.925,2026-06-26T00:00:38.322991,63183.898,115769.555,0.827,243.01,72026.933,0.02,0.0
313.976,2026-06-26T00:00:38.373663,62997.898,114969.555,0.81,243.011,72026.933,0.02,0.0
314.027,2026-06-26T00:00:38.424277,62997.898,114969.555,0.799,243.012,72026.933,0.02,0.0
314.077,2026-06-26T00:00:38.474891,62997.898,114969.555,0.791,243.013,72026.933,0.02,0.0
314.128,2026-06-26T00:00:38.525543,62997.898,114969.555,0.831,243.014,72026.933,0.02,0.0
314.179,2026-06-26T00:00:38.576185,63017.16,115019.555,0.813,243.015,72076.933,0.02,987.234
314.229,2026-06-26T00:00:38.626812,62997.898,114969.555,0.801,243.016,72076.933,0.02,0.0
314.28,2026-06-26T00:00:38.677477,62997.898,114969.555,0.791,243.017,72126.933,0.02,981.165
314.331,2026-06-26T00:00:38.728538,62997.898,114969.555,0.554,243.018,72126.933,0.02,0.0
314.382,2026-06-26T00:00:38.779574,62997.898,114969.555,0.387,243.019,72126.933,0.02,0.0
314.433,2026-06-26T00:00:38.830629,63032.543,115769.555,0.455,243.02,72126.933,0.02,0.0
314.484,2026-06-26T00:00:38.881675,63083.039,115769.555,0.548,243.021,72126.933,0.02,0.0
314.535,2026-06-26T00:00:38.932685,63133.133,115769.555,0.614,243.022,72126.933,0.02,0.0
314.586,2026-06-26T00:00:38.983325,63183.297,115769.555,0.661,243.023,72126.933,0.02,0.0
314.636,2026-06-26T00:00:39.033945,63234.664,115769.555,0.694,243.025,72126.933,0.02,0.0
314.687,2026-06-26T00:00:39.084612,63285.906,115769.555,0.718,243.026,72126.933,0.02,0.0
314.738,2026-06-26T00:00:39.135231,63335.684,115769.555,0.734,243.027,72126.933,0.02,0.0
314.788,2026-06-26T00:00:39.185843,63385.527,115769.555,0.791,243.028,72126.933,0.02,0.0
314.839,2026-06-26T00:00:39.236476,63436.957,115769.555,0.739,243.029,72126.933,0.02,0.0
314.889,2026-06-26T00:00:39.287095,63484.344,115769.555,0.749,243.03,72126.933,0.02,0.0
314.94,2026-06-26T00:00:39.337750,63534.285,115769.555,0.802,243.031,72126.933,0.02,0.0
314.991,2026-06-26T00:00:39.388387,63582.527,115769.555,0.746,243.032,72126.933,0.02,0.0
315.041,2026-06-26T00:00:39.438992,63630.711,115769.555,0.8,243.033,72126.933,0.02,0.0
315.092,2026-06-26T00:00:39.489642,63680.711,115769.555,0.792,243.034,72126.933,0.02,0.0
315.143,2026-06-26T00:00:39.540283,63730.969,115769.555,0.785,243.035,72126.933,0.02,0.0
315.193,2026-06-26T00:00:39.590922,63781.219,115769.555,0.781,243.036,72126.933,0.02,0.0
315.244,2026-06-26T00:00:39.641573,63767.93,115769.555,0.825,243.037,72126.933,0.02,0.0
315.295,2026-06-26T00:00:39.692190,63519.898,115769.555,0.809,243.038,72126.933,0.02,0.0
315.345,2026-06-26T00:00:39.742817,62997.898,114969.555,0.798,243.039,72126.933,0.02,0.0
315.396,2026-06-26T00:00:39.793488,62997.898,114969.555,0.79,243.04,72126.933,0.02,0.0
315.446,2026-06-26T00:00:39.844118,62997.898,114969.555,0.784,243.041,72126.933,0.02,0.0
315.497,2026-06-26T00:00:39.894757,62997.898,114969.555,0.781,243.042,72126.933,0.02,0.0
315.548,2026-06-26T00:00:39.945384,62997.898,114969.555,0.778,243.043,72176.933,0.02,988.127
315.598,2026-06-26T00:00:39.996008,63035.336,115019.555,0.776,243.044,72176.933,0.02,0.0
315.649,2026-06-26T00:00:40.046687,62997.898,114969.555,0.775,243.045,72176.933,0.02,0.0
315.7,2026-06-26T00:00:40.097327,63023.324,115769.555,0.773,243.046,72226.933,0.02,987.569
315.75,2026-06-26T00:00:40.147946,63072.645,115769.555,0.773,243.047,72226.933,0.02,0.0
315.801,2026-06-26T00:00:40.198598,63121.336,115769.555,0.819,243.048,72226.933,0.02,0.0
315.852,2026-06-26T00:00:40.249216,63170.027,115769.555,0.758,243.049,72226.933,0.02,0.0
315.902,2026-06-26T00:00:40.299846,63219.227,115769.555,0.762,243.05,72226.933,0.02,0.0
315.953,2026-06-26T00:00:40.350506,63265.848,115769.555,0.765,243.051,72226.933,0.02,0.0
316.003,2026-06-26T00:00:40.401104,63304.148,115769.555,0.767,243.052,72226.933,0.02,0.0
316.054,2026-06-26T00:00:40.451740,63341.684,115769.555,0.815,243.053,72226.933,0.02,0.0
316.105,2026-06-26T00:00:40.502374,63379.184,115769.555,0.802,243.054,72226.933,0.02,0.0
316.155,2026-06-26T00:00:40.553011,63427.586,115769.555,0.793,243.055,72226.933,0.02,0.0
316.206,2026-06-26T00:00:40.603645,63477.797,115769.555,0.786,243.056,72226.933,0.02,0.0
316.257,2026-06-26T00:00:40.654263,63525.367,115769.555,0.782,243.057,72226.933,0.02,0.0
316.307,2026-06-26T00:00:40.704879,63572.562,115769.555,0.825,243.058,72226.933,0.02,0.0
316.358,2026-06-26T00:00:40.755531,63619.672,115769.555,0.809,243.059,72226.933,0.02,0.0
316.409,2026-06-26T00:00:40.806200,63668.559,115769.555,0.798,243.06,72226.933,0.02,0.0
316.459,2026-06-26T00:00:40.856814,63717.816,115769.555,0.79,243.061,72226.933,0.02,0.0
316.51,2026-06-26T00:00:40.907453,63768.055,115769.555,0.784,243.062,72226.933,0.02,0.0
316.56,2026-06-26T00:00:40.958069,63754.898,115769.555,0.781,243.064,72226.933,0.02,0.0
316.611,2026-06-26T00:00:41.008724,63709.898,115769.555,0.778,243.065,72226.933,0.02,0.0
316.662,2026-06-26T00:00:41.059376,63029.898,115769.555,0.776,243.066,72226.933,0.02,0.0
316.712,2026-06-26T00:00:41.109992,62997.898,114969.555,0.774,243.067,72226.933,0.02,0.0
316.763,2026-06-26T00:00:41.160647,62997.898,114969.555,0.82,243.068,72226.933,0.02,0.0
316.814,2026-06-26T00:00:41.211285,62997.898,114969.555,0.805,243.069,72226.933,0.02,0.0
316.864,2026-06-26T00:00:41.261910,62997.898,114969.555,0.795,243.07,72226.933,0.02,0.0
316.915,2026-06-26T00:00:41.312567,63022.098,115769.555,0.834,243.071,72276.933,0.02,987.495
316.966,2026-06-26T00:00:41.363195,63070.234,115769.555,0.769,243.072,72276.933,0.02,0.0
317.016,2026-06-26T00:00:41.413825,63119.398,115769.555,0.816,243.073,72276.933,0.02,0.0
317.067,2026-06-26T00:00:41.464475,63159.07,115769.555,0.803,243.074,72276.933,0.02,0.0
317.117,2026-06-26T00:00:41.515109,63197.258,115769.555,0.747,243.075,72276.933,0.02,0.0
317.168,2026-06-26T00:00:41.565768,63231.762,115769.555,0.801,243.076,72276.933,0.02,0.0
317.219,2026-06-26T00:00:41.616414,63270.555,115769.555,0.792,243.077,72276.933,0.02,0.0
317.269,2026-06-26T00:00:41.667044,63309.34,115769.555,0.786,243.078,72276.933,0.02,0.0
317.32,2026-06-26T00:00:41.717693,63348.117,115769.555,0.781,243.079,72276.933,0.02,0.0
317.371,2026-06-26T00:00:41.768336,63386.457,115769.555,0.778,243.08,72276.933,0.02,0.0
317.421,2026-06-26T00:00:41.818958,63424.535,115769.555,0.776,243.081,72276.933,0.02,0.0
317.472,2026-06-26T00:00:41.869608,63462.781,115769.555,0.775,243.082,72276.933,0.02,0.0
317.523,2026-06-26T00:00:41.920208,63501.023,115769.555,0.774,243.083,72276.933,0.02,0.0
317.573,2026-06-26T00:00:41.970820,63548.586,115769.555,0.773,243.084,72276.933,0.02,0.0
317.624,2026-06-26T00:00:42.021485,63600.152,115769.555,0.773,243.085,72276.933,0.02,0.0
317.674,2026-06-26T00:00:42.072112,63651.258,115769.555,0.772,243.086,72276.933,0.02,0.0
317.725,2026-06-26T00:00:42.122777,63702.656,115769.555,0.818,243.087,72276.933,0.02,0.0
317.776,2026-06-26T00:00:42.173417,63754.148,115769.555,0.758,243.088,72276.933,0.02,0.0
317.826,2026-06-26T00:00:42.224038,63747.898,115719.555,0.808,243.089,72276.933,0.02,0.0
317.877,2026-06-26T00:00:42.274696,63791.625,115769.555,0.797,243.09,72276.933,0.02,0.0
317.928,2026-06-26T00:00:42.325333,63135.898,115769.555,0.836,243.091,72276.933,0.02,0.0
317.978,2026-06-26T00:00:42.375949,62997.898,114969.555,0.816,243.092,72276.933,0.02,0.0
318.067,2026-06-26T00:00:42.465063,62997.898,114969.555,0.888,243.437,72276.933,3.882,0.0
318.118,2026-06-26T00:00:42.515509,62997.898,114969.555,0.853,243.438,72276.933,0.02,0.0
318.169,2026-06-26T00:00:42.566178,63012.945,115769.555,0.828,243.439,72326.933,0.02,987.216
318.219,2026-06-26T00:00:42.616791,63063.23,115769.555,0.858,243.44,72326.933,0.02,0.0
318.27,2026-06-26T00:00:42.667443,63113.598,115769.555,0.831,243.441,72326.933,0.02,0.0
318.321,2026-06-26T00:00:42.718403,63164.613,115769.555,0.812,243.442,72326.933,0.02,0.0
318.372,2026-06-26T00:00:42.769436,63216.312,115769.555,0.798,243.444,72326.933,0.02,0.0
318.423,2026-06-26T00:00:42.820504,63267.27,115769.555,0.788,243.445,72326.933,0.02,0.0
318.474,2026-06-26T00:00:42.871530,63318.473,115769.555,0.827,243.446,72326.933,0.02,0.0
318.525,2026-06-26T00:00:42.922538,63369.48,115769.555,0.763,243.447,72326.933,0.02,0.0
318.576,2026-06-26T00:00:42.973209,63419.973,115769.555,0.812,243.448,72326.933,0.02,0.0
318.626,2026-06-26T00:00:43.023826,63470.52,115769.555,0.846,243.449,72326.933,0.02,0.0
318.677,2026-06-26T00:00:43.074470,63521.336,115769.555,0.824,243.45,72326.933,0.02,0.0
318.727,2026-06-26T00:00:43.125088,63572.098,115769.555,0.808,243.451,72326.933,0.02,0.0
318.778,2026-06-26T00:00:43.175741,63621.379,115769.555,0.797,243.452,72326.933,0.02,0.0
318.829,2026-06-26T00:00:43.226379,63669.227,115769.555,0.789,243.453,72326.933,0.02,0.0
318.879,2026-06-26T00:00:43.276993,63719.52,115769.555,0.784,243.454,72326.933,0.02,0.0
318.93,2026-06-26T00:00:43.327649,63770.027,115769.555,0.78,243.455,72326.933,0.02,0.0
318.981,2026-06-26T00:00:43.378285,63757.375,115769.555,0.778,243.456,72326.933,0.02,0.0
319.031,2026-06-26T00:00:43.428900,63651.898,115769.555,0.776,243.457,72326.933,0.02,0.0
319.082,2026-06-26T00:00:43.479544,62997.898,114969.555,0.774,243.458,72326.933,0.02,0.0
319.133,2026-06-26T00:00:43.530211,62997.898,114969.555,0.773,243.459,72326.933,0.02,0.0
319.183,2026-06-26T00:00:43.580829,62997.898,114969.555,0.773,243.46,72326.933,0.02,0.0
319.234,2026-06-26T00:00:43.631461,62997.898,114969.555,0.772,243.461,72326.933,0.02,0.0
319.284,2026-06-26T00:00:43.682089,62997.898,114969.555,0.772,243.462,72376.933,0.02,986.965
319.335,2026-06-26T00:00:43.732736,63016.043,115769.555,0.726,243.463,72376.933,0.02,0.0
319.386,2026-06-26T00:00:43.783388,63066.129,115769.555,0.739,243.464,72376.933,0.02,0.0
319.436,2026-06-26T00:00:43.834009,63112.039,115769.555,0.749,243.465,72376.933,0.02,0.0
319.487,2026-06-26T00:00:43.884657,63162.227,115769.555,0.709,243.466,72376.933,0.02,0.0
319.538,2026-06-26T00:00:43.935280,63212.59,115769.555,0.774,243.467,72376.933,0.02,0.0
319.588,2026-06-26T00:00:43.985894,63262.453,115769.555,0.773,243.468,72376.933,0.02,0.0
319.639,2026-06-26T00:00:44.036570,63312.723,115769.555,0.773,243.469,72376.933,0.02,0.0
319.69,2026-06-26T00:00:44.087190,63364.059,115769.555,0.773,243.47,72376.933,0.02,0.0
319.74,2026-06-26T00:00:44.137809,63406.652,115769.555,0.772,243.471,72376.933,0.02,0.0
319.791,2026-06-26T00:00:44.188470,63444.227,115769.555,0.772,243.472,72376.933,0.02,0.0
319.841,2026-06-26T00:00:44.239088,63481.195,115769.555,0.772,243.473,72376.933,0.02,0.0
319.892,2026-06-26T00:00:44.289751,63518.094,115769.555,0.818,243.474,72376.933,0.02,0.0
319.943,2026-06-26T00:00:44.340406,63554.926,115769.555,0.803,243.475,72376.933,0.02,0.0
319.994,2026-06-26T00:00:44.391462,63592.797,115769.555,0.792,243.476,72376.933,0.02,0.0
320.045,2026-06-26T00:00:44.442479,63631.875,115769.555,0.83,243.477,72376.933,0.02,0.0
320.096,2026-06-26T00:00:44.493541,63681.434,115769.555,0.856,243.478,72376.933,0.02,0.0
320.147,2026-06-26T00:00:44.544586,63733.289,115769.555,0.829,243.479,72376.933,0.02,0.0
320.198,2026-06-26T00:00:44.595634,63785.105,115769.555,0.81,243.48,72376.933,0.02,0.0
320.249,2026-06-26T00:00:44.646663,63772.297,115769.555,0.797,243.481,72376.933,0.02,0.0
320.3,2026-06-26T00:00:44.697717,63477.898,115769.555,0.787,243.483,72376.933,0.02,0.0
320.351,2026-06-26T00:00:44.748770,62997.898,114969.555,0.78,243.484,72376.933,0.02,0.0
320.402,2026-06-26T00:00:44.799824,62997.898,114969.555,0.776,243.485,72376.933,0.02,0.0
320.453,2026-06-26T00:00:44.850846,62997.898,114969.555,0.773,243.486,72376.933,0.02,0.0
320.504,2026-06-26T00:00:44.901895,62997.898,114969.555,0.771,243.487,72376.933,0.02,0.0
320.555,2026-06-26T00:00:44.952883,62998.922,115769.555,0.816,243.488,72426.933,0.02,985.601
320.606,2026-06-26T00:00:45.003547,63048.859,115769.555,0.803,243.489,72426.933,0.02,0.0
320.657,2026-06-26T00:00:45.054210,63099.461,115769.555,0.747,243.49,72426.933,0.02,0.0
320.707,2026-06-26T00:00:45.104832,63149.727,115769.555,0.754,243.491,72426.933,0.02,0.0
320.758,2026-06-26T00:00:45.155471,63199.289,115769.555,0.806,243.492,72426.933,0.02,0.0
320.808,2026-06-26T00:00:45.206122,63249.09,115769.555,0.749,243.493,72426.933,0.02,0.0
320.859,2026-06-26T00:00:45.256766,63298.691,115769.555,0.802,243.494,72426.933,0.02,0.0
320.91,2026-06-26T00:00:45.307390,63348.32,115769.555,0.747,243.495,72426.933,0.02,0.0
320.96,2026-06-26T00:00:45.358009,63397.898,115769.555,0.8,243.496,72426.933,0.02,0.0
321.011,2026-06-26T00:00:45.408649,63447.59,115769.555,0.792,243.497,72426.933,0.02,0.0
321.062,2026-06-26T00:00:45.459277,63496.242,115769.555,0.786,243.498,72426.933,0.02,0.0
321.112,2026-06-26T00:00:45.509877,63545.121,115769.555,0.782,243.499,72426.933,0.02,0.0
321.163,2026-06-26T00:00:45.560515,63595.535,115769.555,0.779,243.5,72426.933,0.02,0.0
321.214,2026-06-26T00:00:45.611169,63645.789,115769.555,0.776,243.501,72426.933,0.02,0.0
321.264,2026-06-26T00:00:45.661778,63696.555,115769.555,0.775,243.502,72426.933,0.02,0.0
321.315,2026-06-26T00:00:45.712419,63748.117,115769.555,0.82,243.503,72426.933,0.02,0.0
321.365,2026-06-26T00:00:45.763040,63781.898,115769.555,0.852,243.504,72426.933,0.02,0.0
321.416,2026-06-26T00:00:45.813682,63785.102,115769.555,0.781,243.505,72426.933,0.02,0.0
321.467,2026-06-26T00:00:45.864306,63241.898,115769.555,0.871,243.506,72426.933,0.02,0.0
321.517,2026-06-26T00:00:45.914927,62997.898,114969.555,0.841,243.507,72426.933,0.02,0.0
321.568,2026-06-26T00:00:45.965587,62997.898,114969.555,0.82,243.508,72426.933,0.02,0.0
321.619,2026-06-26T00:00:46.016201,62997.898,114969.555,0.806,243.509,72426.933,0.02,0.0
321.669,2026-06-26T00:00:46.066819,62997.898,114969.555,0.795,243.51,72426.933,0.02,0.0
321.72,2026-06-26T00:00:46.117481,63004.137,115769.555,0.788,243.511,72476.933,0.02,987.55
321.77,2026-06-26T00:00:46.168096,63054.148,115769.555,0.783,243.512,72476.933,0.02,0.0
321.821,2026-06-26T00:00:46.218758,63103.785,115769.555,0.733,243.513,72476.933,0.02,0.0
321.872,2026-06-26T00:00:46.269384,63153.348,115769.555,0.791,243.514,72476.933,0.02,0.0
321.922,2026-06-26T00:00:46.320000,63203.348,115769.555,0.785,243.515,72476.933,0.02,0.0
321.973,2026-06-26T00:00:46.370650,63253.348,115769.555,0.781,243.516,72476.933,0.02,0.0
322.024,2026-06-26T00:00:46.421294,63303.781,115769.555,0.778,243.517,72476.933,0.02,0.0
322.074,2026-06-26T00:00:46.471919,63354.402,115769.555,0.776,243.518,72476.933,0.02,0.0
322.125,2026-06-26T00:00:46.522566,63405.016,115769.555,0.775,243.519,72476.933,0.02,0.0
322.176,2026-06-26T00:00:46.573200,63455.711,115769.555,0.774,243.52,72476.933,0.02,0.0
322.226,2026-06-26T00:00:46.623821,63505.965,115769.555,0.773,243.521,72476.933,0.02,0.0
322.277,2026-06-26T00:00:46.674508,63544.965,115769.555,0.817,243.523,72476.933,0.02,0.0
322.328,2026-06-26T00:00:46.725547,63583.449,115769.555,0.756,243.524,72476.933,0.02,0.0
322.379,2026-06-26T00:00:46.776609,63622.352,115769.555,0.759,243.525,72476.933,0.02,0.0
322.43,2026-06-26T00:00:46.827647,63661.344,115769.555,0.806,243.526,72476.933,0.02,0.0
322.481,2026-06-26T00:00:46.878715,63700.48,115769.555,0.794,243.527,72476.933,0.02,0.0
322.532,2026-06-26T00:00:46.929733,63739.551,115769.555,0.74,243.528,72476.933,0.02,0.0
322.583,2026-06-26T00:00:46.980386,63782.777,115769.555,0.842,243.529,72476.933,0.02,0.0
322.633,2026-06-26T00:00:47.031012,63769.719,115769.555,0.821,243.53,72476.933,0.02,0.0
322.684,2026-06-26T00:00:47.081669,63481.898,115769.555,0.806,243.531,72476.933,0.02,0.0
322.735,2026-06-26T00:00:47.132310,62997.898,114969.555,0.796,243.532,72476.933,0.02,0.0
322.785,2026-06-26T00:00:47.182942,62997.898,114969.555,0.788,243.533,72476.933,0.02,0.0
322.836,2026-06-26T00:00:47.233594,62997.898,114969.555,0.783,243.534,72476.933,0.02,0.0
322.887,2026-06-26T00:00:47.284218,62997.898,114969.555,0.78,243.535,72476.933,0.02,0.0
322.937,2026-06-26T00:00:47.334838,63000.547,115769.555,0.824,243.536,72526.933,0.02,987.415
322.988,2026-06-26T00:00:47.385494,63050.91,115769.555,0.808,243.537,72526.933,0.02,0.0
323.082,2026-06-26T00:00:47.479726,63144.773,115769.555,0.865,243.882,72526.933,3.67,0.0
323.133,2026-06-26T00:00:47.530182,63194.34,115769.555,0.883,243.883,72526.933,0.02,0.0
323.183,2026-06-26T00:00:47.580801,63245.34,115769.555,0.849,243.884,72526.933,0.02,0.0
323.234,2026-06-26T00:00:47.631454,63296.008,115769.555,0.826,243.885,72526.933,0.02,0.0
323.284,2026-06-26T00:00:47.682088,63346.832,115769.555,0.856,243.886,72526.933,0.02,0.0
323.335,2026-06-26T00:00:47.732737,63397.676,115769.555,0.83,243.887,72526.933,0.02,0.0
323.386,2026-06-26T00:00:47.783377,63448.406,115769.555,0.813,243.888,72526.933,0.02,0.0
323.436,2026-06-26T00:00:47.834002,63498.684,115769.555,0.8,243.889,72526.933,0.02,0.0
323.487,2026-06-26T00:00:47.884655,63548.133,115769.555,0.791,243.89,72526.933,0.02,0.0
323.538,2026-06-26T00:00:47.935300,63598.316,115769.555,0.785,243.891,72526.933,0.02,0.0
323.588,2026-06-26T00:00:47.985919,63646.188,115769.555,0.827,243.892,72526.933,0.02,0.0
323.639,2026-06-26T00:00:48.036581,63684.289,115769.555,0.764,243.893,72526.933,0.02,0.0
323.69,2026-06-26T00:00:48.087190,63721.355,115769.555,0.767,243.894,72526.933,0.02,0.0
323.74,2026-06-26T00:00:48.137810,63758.523,115769.555,0.814,243.895,72526.933,0.02,0.0
323.791,2026-06-26T00:00:48.188482,63747.898,115719.555,0.801,243.896,72526.933,0.02,0.0
323.841,2026-06-26T00:00:48.239096,63789.398,115769.555,0.792,243.897,72526.933,0.02,0.0
323.892,2026-06-26T00:00:48.289748,63233.898,115769.555,0.786,243.898,72526.933,0.02,0.0
323.943,2026-06-26T00:00:48.340388,62997.898,114969.555,0.782,243.899,72526.933,0.02,0.0
323.993,2026-06-26T00:00:48.391011,62997.898,114969.555,0.779,243.9,72526.933,0.02,0.0
324.044,2026-06-26T00:00:48.441670,62997.898,114969.555,0.777,243.902,72526.933,0.02,0.0
324.095,2026-06-26T00:00:48.492303,62997.898,114969.555,0.775,243.903,72526.933,0.02,0.0
324.145,2026-06-26T00:00:48.542930,63002.184,115019.555,0.82,243.904,72576.933,0.02,986.575
324.196,2026-06-26T00:00:48.593584,63033.898,115019.555,0.806,243.905,72576.933,0.02,0.0
324.247,2026-06-26T00:00:48.644203,62997.898,114969.555,0.795,243.906,72576.933,0.02,0.0
324.297,2026-06-26T00:00:48.694840,63027.289,115769.555,0.788,243.907,72626.933,0.02,986.863
324.348,2026-06-26T00:00:48.745495,63032.078,115769.555,0.552,243.908,72626.933,0.02,0.0
324.399,2026-06-26T00:00:48.796181,63082.82,115769.555,0.664,243.909,72626.933,0.02,0.0
324.449,2026-06-26T00:00:48.846793,63131.266,115769.555,0.696,243.91,72626.933,0.02,0.0
324.5,2026-06-26T00:00:48.897434,63177.828,115769.555,0.719,243.911,72626.933,0.02,0.0
324.55,2026-06-26T00:00:48.948065,63225.359,115769.555,0.688,243.912,72626.933,0.02,0.0
324.601,2026-06-26T00:00:48.998700,63276.172,115769.555,0.713,243.913,72626.933,0.02,0.0
324.652,2026-06-26T00:00:49.049350,63326.906,115769.555,0.777,243.914,72626.933,0.02,0.0
324.702,2026-06-26T00:00:49.099964,63377.586,115769.555,0.775,243.915,72626.933,0.02,0.0
324.753,2026-06-26T00:00:49.150627,63428.203,115769.555,0.774,243.916,72626.933,0.02,0.0
324.804,2026-06-26T00:00:49.201246,63478.707,115769.555,0.774,243.917,72626.933,0.02,0.0
324.854,2026-06-26T00:00:49.251859,63528.758,115769.555,0.773,243.918,72626.933,0.02,0.0
324.905,2026-06-26T00:00:49.302513,63579.551,115769.555,0.773,243.919,72626.933,0.02,0.0
324.955,2026-06-26T00:00:49.353128,63631.098,115769.555,0.772,243.92,72626.933,0.02,0.0
325.006,2026-06-26T00:00:49.403785,63682.66,115769.555,0.772,243.921,72626.933,0.02,0.0
325.057,2026-06-26T00:00:49.454422,63734.344,115769.555,0.772,243.922,72626.933,0.02,0.0
325.107,2026-06-26T00:00:49.505039,63780.859,115769.555,0.864,243.923,72626.933,0.02,0.0
325.158,2026-06-26T00:00:49.555687,63763.172,115769.555,0.79,243.924,72626.933,0.02,0.0
325.209,2026-06-26T00:00:49.606325,63581.898,115769.555,0.831,243.925,72626.933,0.02,0.0
325.259,2026-06-26T00:00:49.656955,62997.898,114969.555,0.813,243.926,72626.933,0.02,0.0
325.31,2026-06-26T00:00:49.707606,62997.898,114969.555,0.801,243.927,72626.933,0.02,0.0
325.361,2026-06-26T00:00:49.758219,62997.898,114969.555,0.792,243.928,72626.933,0.02,0.0
325.411,2026-06-26T00:00:49.808839,62997.898,114969.555,0.786,243.929,72626.933,0.02,0.0
325.462,2026-06-26T00:00:49.859489,62997.898,114969.555,0.735,243.93,72626.933,0.02,0.0
325.512,2026-06-26T00:00:49.910119,63032.527,115769.555,0.7,243.931,72676.933,0.02,987.309
325.563,2026-06-26T00:00:49.960757,63082.781,115769.555,0.768,243.932,72676.933,0.02,0.0
325.614,2026-06-26T00:00:50.011392,63133.453,115769.555,0.769,243.933,72676.933,0.02,0.0
325.664,2026-06-26T00:00:50.062020,63183.973,115769.555,0.77,243.934,72676.933,0.02,0.0
325.715,2026-06-26T00:00:50.112685,63233.824,115769.555,0.77,243.935,72676.933,0.02,0.0
325.766,2026-06-26T00:00:50.163324,63283.418,115769.555,0.817,243.936,72676.933,0.02,0.0
325.816,2026-06-26T00:00:50.213940,63332.922,115769.555,0.803,243.937,72676.933,0.02,0.0
325.867,2026-06-26T00:00:50.264590,63382.527,115769.555,0.794,243.938,72676.933,0.02,0.0
325.918,2026-06-26T00:00:50.315213,63432.148,115769.555,0.787,243.939,72676.933,0.02,0.0
325.968,2026-06-26T00:00:50.365844,63481.734,115769.555,0.782,243.94,72676.933,0.02,0.0
326.019,2026-06-26T00:00:50.416510,63530.969,115769.555,0.779,243.942,72676.933,0.02,0.0
326.07,2026-06-26T00:00:50.467175,63578.32,115769.555,0.823,243.943,72676.933,0.02,0.0
326.12,2026-06-26T00:00:50.517786,63626.844,115769.555,0.761,243.944,72676.933,0.02,0.0
326.171,2026-06-26T00:00:50.568409,63676.023,115769.555,0.764,243.945,72676.933,0.02,0.0
326.221,2026-06-26T00:00:50.619046,63725.242,115769.555,0.813,243.946,72676.933,0.02,0.0
326.272,2026-06-26T00:00:50.669710,63775.223,115769.555,0.799,243.947,72676.933,0.02,0.0
326.323,2026-06-26T00:00:50.720742,63763.047,115769.555,0.743,243.948,72676.933,0.02,0.0
326.374,2026-06-26T00:00:50.771790,63541.898,115769.555,0.796,243.949,72676.933,0.02,0.0
326.425,2026-06-26T00:00:50.822832,62997.898,114969.555,0.786,243.95,72676.933,0.02,0.0
326.476,2026-06-26T00:00:50.873901,62997.898,114969.555,0.78,243.951,72676.933,0.02,0.0
326.527,2026-06-26T00:00:50.924883,62997.898,114969.555,0.823,243.952,72676.933,0.02,0.0
326.578,2026-06-26T00:00:50.975533,62997.898,114969.555,0.761,243.953,72676.933,0.02,0.0
326.629,2026-06-26T00:00:51.026188,62997.898,114969.555,0.764,243.954,72726.933,0.02,987.42
326.679,2026-06-26T00:00:51.076805,63045.973,115769.555,0.766,243.955,72726.933,0.02,0.0
326.73,2026-06-26T00:00:51.127458,63095.707,115769.555,0.86,243.956,72726.933,0.02,0.0
326.78,2026-06-26T00:00:51.178077,63145.535,115769.555,0.787,243.957,72726.933,0.02,0.0
326.831,2026-06-26T00:00:51.228734,63195.504,115769.555,0.783,243.958,72726.933,0.02,0.0
326.882,2026-06-26T00:00:51.279358,63245.953,115769.555,0.779,243.959,72726.933,0.02,0.0
326.932,2026-06-26T00:00:51.329987,63296.844,115769.555,0.823,243.96,72726.933,0.02,0.0
326.983,2026-06-26T00:00:51.380651,63347.742,115769.555,0.808,243.961,72726.933,0.02,0.0
327.034,2026-06-26T00:00:51.431269,63398.324,115769.555,0.751,243.962,72726.933,0.02,0.0
327.084,2026-06-26T00:00:51.481897,63449.059,115769.555,0.803,243.963,72726.933,0.02,0.0
327.135,2026-06-26T00:00:51.532540,63499.852,115769.555,0.747,243.964,72726.933,0.02,0.0
327.186,2026-06-26T00:00:51.583207,63550.664,115769.555,0.801,243.965,72726.933,0.02,0.0
327.236,2026-06-26T00:00:51.633825,63602.039,115769.555,0.792,243.966,72726.933,0.02,0.0
327.287,2026-06-26T00:00:51.684457,63653.633,115769.555,0.786,243.967,72726.933,0.02,0.0
327.337,2026-06-26T00:00:51.735084,63705.23,115769.555,0.828,243.968,72726.933,0.02,0.0
327.388,2026-06-26T00:00:51.785727,63756.312,115769.555,0.811,243.969,72726.933,0.02,0.0
327.439,2026-06-26T00:00:51.836371,63747.898,115719.555,0.799,243.97,72726.933,0.02,0.0
327.489,2026-06-26T00:00:51.886993,63794.41,115769.555,0.791,243.971,72726.933,0.02,0.0
327.54,2026-06-26T00:00:51.937630,63107.898,115769.555,0.785,243.972,72726.933,0.02,0.0
327.591,2026-06-26T00:00:51.988258,62997.898,114969.555,0.781,243.973,72726.933,0.02,0.0
327.641,2026-06-26T00:00:52.038875,62997.898,114969.555,0.778,243.974,72726.933,0.02,0.0
327.692,2026-06-26T00:00:52.089550,62997.898,114969.555,0.776,243.975,72726.933,0.02,0.0
327.743,2026-06-26T00:00:52.140204,62997.898,114969.555,0.775,243.976,72726.933,0.02,0.0
327.793,2026-06-26T00:00:52.190817,63012.207,115769.555,0.774,243.977,72776.933,0.02,987.601
327.844,2026-06-26T00:00:52.241457,63062.438,115769.555,0.819,243.978,72776.933,0.02,0.0
327.894,2026-06-26T00:00:52.292082,63112.938,115769.555,0.805,243.979,72776.933,0.02,0.0
327.945,2026-06-26T00:00:52.342745,63163.367,115769.555,0.795,243.981,72776.933,0.02,0.0
327.996,2026-06-26T00:00:52.393385,63213.23,115769.555,0.788,243.982,72776.933,0.02,0.0
328.085,2026-06-26T00:00:52.482567,63300.242,115769.555,0.867,244.327,72776.933,3.881,0.0
328.135,2026-06-26T00:00:52.532992,63349.629,115769.555,0.885,244.328,72776.933,0.02,0.0
328.186,2026-06-26T00:00:52.583632,63398.93,115769.555,0.897,244.329,72776.933,0.02,0.0
328.237,2026-06-26T00:00:52.634299,63448.43,115769.555,0.859,244.33,72776.933,0.02,0.0
328.287,2026-06-26T00:00:52.684918,63497.965,115769.555,0.833,244.331,72776.933,0.02,0.0
328.338,2026-06-26T00:00:52.735568,63546.141,115769.555,0.768,244.332,72776.933,0.02,0.0
328.389,2026-06-26T00:00:52.786183,63593.977,115769.555,0.816,244.333,72776.933,0.02,0.0
328.439,2026-06-26T00:00:52.836809,63643.977,115769.555,0.802,244.334,72776.933,0.02,0.0
328.49,2026-06-26T00:00:52.887473,63694.211,115769.555,0.793,244.335,72776.933,0.02,0.0
328.54,2026-06-26T00:00:52.938084,63744.309,115769.555,0.787,244.336,72776.933,0.02,0.0
328.591,2026-06-26T00:00:52.988732,63788.781,115769.555,0.782,244.337,72776.933,0.02,0.0
328.642,2026-06-26T00:00:53.039379,63773.402,115769.555,0.779,244.338,72776.933,0.02,0.0
328.692,2026-06-26T00:00:53.089989,63405.902,115769.555,0.777,244.339,72776.933,0.02,0.0
328.743,2026-06-26T00:00:53.140646,62997.902,114969.555,0.775,244.34,72776.933,0.02,0.0
328.794,2026-06-26T00:00:53.191285,62997.902,114969.555,0.774,244.341,72776.933,0.02,0.0
328.844,2026-06-26T00:00:53.241878,62997.902,114969.555,0.773,244.342,72776.933,0.02,0.0
328.895,2026-06-26T00:00:53.292514,62997.902,114969.555,0.773,244.343,72776.933,0.02,0.0
328.946,2026-06-26T00:00:53.343170,63003.016,115769.555,0.819,244.344,72826.933,0.02,986.946
328.996,2026-06-26T00:00:53.393799,63052.441,115769.555,0.804,244.345,72826.933,0.02,0.0
329.047,2026-06-26T00:00:53.444419,63103.191,115769.555,0.748,244.346,72826.933,0.02,0.0
329.097,2026-06-26T00:00:53.495050,63153.855,115769.555,0.801,244.347,72826.933,0.02,0.0
329.148,2026-06-26T00:00:53.545698,63203.52,115769.555,0.792,244.348,72826.933,0.02,0.0
329.199,2026-06-26T00:00:53.596344,63253.73,115769.555,0.786,244.349,72826.933,0.02,0.0
329.249,2026-06-26T00:00:53.646963,63304.242,115769.555,0.735,244.35,72826.933,0.02,0.0
329.3,2026-06-26T00:00:53.697611,63354.738,115769.555,0.792,244.351,72826.933,0.02,0.0
329.351,2026-06-26T00:00:53.748240,63400.023,115769.555,0.74,244.352,72826.933,0.02,0.0
329.401,2026-06-26T00:00:53.798855,63400.898,115769.555,0.518,244.354,72826.933,0.02,0.0
329.452,2026-06-26T00:00:53.849506,63451.535,115769.555,0.594,244.355,72826.933,0.02,0.0
329.502,2026-06-26T00:00:53.900128,63502.18,115769.555,0.694,244.356,72826.933,0.02,0.0
329.553,2026-06-26T00:00:53.950769,63552.043,115769.555,0.671,244.357,72826.933,0.02,0.0
329.604,2026-06-26T00:00:54.001412,63603.098,115769.555,0.747,244.358,72826.933,0.02,0.0
329.654,2026-06-26T00:00:54.052033,63654.66,115769.555,0.754,244.359,72826.933,0.02,0.0
329.705,2026-06-26T00:00:54.102701,63706.164,115769.555,0.76,244.36,72826.933,0.02,0.0
329.756,2026-06-26T00:00:54.153339,63757.719,115769.555,0.763,244.361,72826.933,0.02,0.0
329.806,2026-06-26T00:00:54.203972,63747.902,115719.555,0.812,244.362,72826.933,0.02,0.0
329.857,2026-06-26T00:00:54.254628,63785.902,115769.555,0.8,244.363,72826.933,0.02,0.0
329.908,2026-06-26T00:00:54.305245,63395.902,115769.555,0.838,244.364,72826.933,0.02,0.0
329.958,2026-06-26T00:00:54.355878,62997.902,114969.555,0.864,244.365,72826.933,0.02,0.0
330.009,2026-06-26T00:00:54.406527,62997.902,114969.555,0.836,244.366,72826.933,0.02,0.0
330.06,2026-06-26T00:00:54.457166,62997.902,114969.555,0.817,244.367,72826.933,0.02,0.0
330.11,2026-06-26T00:00:54.507780,62997.902,114969.555,0.803,244.368,72826.933,0.02,0.0
330.161,2026-06-26T00:00:54.558418,62997.902,114969.555,0.794,244.369,72826.933,0.02,0.0
330.211,2026-06-26T00:00:54.609043,63016.105,115769.555,0.787,244.37,72876.933,0.02,987.304
330.262,2026-06-26T00:00:54.659719,63061.75,115769.555,0.735,244.371,72876.933,0.02,0.0
330.313,2026-06-26T00:00:54.710742,63106.422,115769.555,0.79,244.372,72876.933,0.02,0.0
330.364,2026-06-26T00:00:54.761789,63156.781,115769.555,0.783,244.373,72876.933,0.02,0.0
330.415,2026-06-26T00:00:54.812836,63207.277,115769.555,0.731,244.374,72876.933,0.02,0.0
330.466,2026-06-26T00:00:54.863902,63251.281,115769.555,0.788,244.375,72876.933,0.02,0.0
330.517,2026-06-26T00:00:54.914936,63285.77,115769.555,0.781,244.376,72876.933,0.02,0.0
330.568,2026-06-26T00:00:54.965955,63316.844,115769.555,0.777,244.377,72876.933,0.02,0.0
330.619,2026-06-26T00:00:55.016594,63349.312,115769.555,0.775,244.378,72876.933,0.02,0.0
330.67,2026-06-26T00:00:55.067229,63381.73,115769.555,0.774,244.379,72876.933,0.02,0.0
330.72,2026-06-26T00:00:55.117841,63412.473,115769.555,0.773,244.38,72876.933,0.02,0.0
330.771,2026-06-26T00:00:55.168506,63443.215,115769.555,0.773,244.381,72876.933,0.02,0.0
330.821,2026-06-26T00:00:55.219123,63476.219,115769.555,0.819,244.382,72876.933,0.02,0.0
330.872,2026-06-26T00:00:55.269771,63511.164,115769.555,0.758,244.383,72876.933,0.02,0.0
330.923,2026-06-26T00:00:55.320411,63544.23,115769.555,0.809,244.384,72876.933,0.02,0.0
330.973,2026-06-26T00:00:55.371031,63575.809,115769.555,0.797,244.385,72876.933,0.02,0.0
331.024,2026-06-26T00:00:55.421684,63606.652,115769.555,0.789,244.386,72876.933,0.02,0.0
331.075,2026-06-26T00:00:55.472319,63637.371,115769.555,0.738,244.387,72876.933,0.02,0.0
331.125,2026-06-26T00:00:55.522942,63671.676,115769.555,0.84,244.388,72876.933,0.02,0.0
331.176,2026-06-26T00:00:55.573605,63706.223,115769.555,0.82,244.389,72876.933,0.02,0.0
331.227,2026-06-26T00:00:55.624220,63739.184,115769.555,0.805,244.39,72876.933,0.02,0.0
331.277,2026-06-26T00:00:55.674871,63772.535,115769.555,0.795,244.391,72876.933,0.02,0.0
331.328,2026-06-26T00:00:55.725521,63747.902,115719.555,0.788,244.393,72876.933,0.02,0.0
331.379,2026-06-26T00:00:55.776173,63776.051,115769.555,0.783,244.394,72876.933,0.02,0.0
331.429,2026-06-26T00:00:55.826801,63609.902,115769.555,0.779,244.395,72876.933,0.02,0.0
331.48,2026-06-26T00:00:55.877433,63151.902,115769.555,0.777,244.396,72876.933,0.02,0.0
331.53,2026-06-26T00:00:55.928042,62997.902,114969.555,0.775,244.397,72876.933,0.02,0.0
331.581,2026-06-26T00:00:55.978691,62997.902,114969.555,0.774,244.398,72876.933,0.02,0.0
331.632,2026-06-26T00:00:56.029358,62997.902,114969.555,0.773,244.399,72876.933,0.02,0.0
331.682,2026-06-26T00:00:56.079976,62997.902,114969.555,0.773,244.4,72876.933,0.02,0.0
331.733,2026-06-26T00:00:56.130621,62997.902,114969.555,0.819,244.401,72876.933,0.02,0.0
331.784,2026-06-26T00:00:56.181252,62997.902,114969.555,0.805,244.402,72876.933,0.02,0.0
331.834,2026-06-26T00:00:56.231869,62998.402,115019.555,0.841,244.403,72926.933,0.02,987.081
331.885,2026-06-26T00:00:56.282537,63041.902,115019.555,0.774,244.404,72926.933,0.02,0.0
331.936,2026-06-26T00:00:56.333187,62997.902,114969.555,0.773,244.405,72926.933,0.02,0.0
331.986,2026-06-26T00:00:56.383795,63026.84,115019.555,0.819,244.406,72976.933,0.02,987.592
332.037,2026-06-26T00:00:56.434411,62997.902,114969.555,0.805,244.407,72976.933,0.02,0.0
332.087,2026-06-26T00:00:56.485028,63010.059,115019.555,0.795,244.408,73026.933,0.02,987.16
332.138,2026-06-26T00:00:56.535693,62997.902,114969.555,0.788,244.409,73026.933,0.02,0.0
332.189,2026-06-26T00:00:56.586325,62998.609,115019.555,0.783,244.41,73076.933,0.02,987.341
332.239,2026-06-26T00:00:56.636940,63046.867,115019.555,0.779,244.411,73076.933,0.02,0.0
332.29,2026-06-26T00:00:56.687588,62997.902,114969.555,0.777,244.412,73126.933,0.02,987.504
332.341,2026-06-26T00:00:56.738207,63035.375,115019.555,0.822,244.413,73126.933,0.02,0.0
332.391,2026-06-26T00:00:56.788840,62997.902,114969.555,0.807,244.414,73126.933,0.02,0.0
332.442,2026-06-26T00:00:56.839485,63022.855,115019.555,0.75,244.415,73176.933,0.02,987.695
332.492,2026-06-26T00:00:56.890101,62997.902,114969.555,0.803,244.416,73176.933,0.02,0.0
332.543,2026-06-26T00:00:56.940735,63009.305,115019.555,0.747,244.417,73226.933,0.02,987.425
332.594,2026-06-26T00:00:56.991373,62997.902,114969.555,0.801,244.418,73226.933,0.02,0.0
332.644,2026-06-26T00:00:57.041999,62997.902,114969.555,0.746,244.419,73276.933,0.02,987.034
332.695,2026-06-26T00:00:57.092659,63045.902,115019.555,0.8,244.42,73276.933,0.02,0.0
332.746,2026-06-26T00:00:57.143297,62997.902,114969.555,0.791,244.421,73326.933,0.02,987.574
332.796,2026-06-26T00:00:57.193926,63033.246,115019.555,0.785,244.422,73326.933,0.02,0.0
332.847,2026-06-26T00:00:57.244591,62997.902,114969.555,0.735,244.423,73326.933,0.02,0.0
332.898,2026-06-26T00:00:57.295208,63021.871,115019.555,0.792,244.424,73376.933,0.02,988.16
332.948,2026-06-26T00:00:57.345826,62997.902,114969.555,0.786,244.425,73376.933,0.02,0.0
332.999,2026-06-26T00:00:57.396472,63008.402,115019.555,0.782,244.426,73426.933,0.02,988.053
333.088,2026-06-26T00:00:57.486052,62997.902,114969.555,0.888,244.772,73476.933,3.862,559.276
333.139,2026-06-26T00:00:57.536502,63033.902,115019.555,0.853,244.773,73476.933,0.02,0.0
333.19,2026-06-26T00:00:57.587176,62997.902,114969.555,0.875,244.774,73476.933,0.02,0.0
333.24,2026-06-26T00:00:57.637786,63023.578,115019.555,0.844,244.775,73526.933,0.02,987.615
333.291,2026-06-26T00:00:57.688431,62997.902,114969.555,0.822,244.776,73526.933,0.02,0.0
333.341,2026-06-26T00:00:57.739052,63013.902,115019.555,0.807,244.777,73576.933,0.02,987.183
333.392,2026-06-26T00:00:57.789717,62997.902,114969.555,0.842,244.778,73576.933,0.02,0.0
333.443,2026-06-26T00:00:57.840367,62821.902,114969.555,0.821,244.779,73626.933,0.02,987.736
333.493,2026-06-26T00:00:57.890977,61397.902,113369.555,0.806,244.78,73626.933,0.02,0.0
333.544,2026-06-26T00:00:57.941618,61397.902,113369.555,0.796,244.781,73626.933,0.02,0.0
333.595,2026-06-26T00:00:57.992234,61397.902,113369.555,0.789,244.782,73626.933,0.02,0.0
333.645,2026-06-26T00:00:58.042861,61397.902,113369.555,0.783,244.783,73626.933,0.02,0.0
333.696,2026-06-26T00:00:58.093518,61397.902,113369.555,0.78,244.784,73626.933,0.02,0.0
333.746,2026-06-26T00:00:58.144127,61397.902,113369.555,0.777,244.785,73626.933,0.02,0.0
333.797,2026-06-26T00:00:58.194780,61634.258,121561.555,0.961,244.786,73626.933,0.02,0.0
333.848,2026-06-26T00:00:58.245414,62164.465,121561.555,1.089,244.787,73626.933,0.02,0.0
333.898,2026-06-26T00:00:58.296044,62648.039,121611.555,1.271,244.788,73676.933,0.02,987.164
333.949,2026-06-26T00:00:58.346691,63130.465,121561.555,1.307,244.789,73676.933,0.02,0.0
334.0,2026-06-26T00:00:58.397321,63649.215,121611.555,1.424,244.79,73726.933,0.02,987.569
334.05,2026-06-26T00:00:58.447930,64081.637,121561.555,1.46,244.791,73726.933,0.02,0.0
334.101,2026-06-26T00:00:58.498569,64581.406,121611.555,1.485,244.792,73776.933,0.02,987.862
334.152,2026-06-26T00:00:58.549205,65053.84,121561.555,1.502,244.793,73776.933,0.02,0.0
334.202,2026-06-26T00:00:58.599821,65584.711,121611.555,1.514,244.794,73826.933,0.02,987.388
334.253,2026-06-26T00:00:58.650474,66054.777,121561.555,1.521,244.795,73826.933,0.02,0.0
334.304,2026-06-26T00:00:58.701529,66606.535,121611.555,1.569,244.796,73876.933,0.02,979.223
334.355,2026-06-26T00:00:58.752573,67155.531,121611.555,1.558,244.797,73876.933,0.02,0.0
334.406,2026-06-26T00:00:58.803642,67564.289,121561.555,1.595,244.798,73926.933,0.02,979.9
334.457,2026-06-26T00:00:58.854668,68118.191,122361.555,1.53,244.799,73926.933,0.02,0.0
334.508,2026-06-26T00:00:58.905726,68669.652,122361.555,1.53,244.8,73926.933,0.02,0.0
334.559,2026-06-26T00:00:58.956715,69193.012,122361.555,1.579,244.801,73926.933,0.02,0.0
334.61,2026-06-26T00:00:59.007385,69750.609,122361.555,1.568,244.802,73926.933,0.02,0.0
334.66,2026-06-26T00:00:59.058005,69837.254,126461.555,1.56,244.803,73926.933,0.02,0.0
334.711,2026-06-26T00:00:59.108658,69919.504,126461.555,1.555,244.804,73926.933,0.02,0.0
334.762,2026-06-26T00:00:59.159283,70007.301,126461.555,1.552,244.806,73926.933,0.02,0.0
334.812,2026-06-26T00:00:59.209904,70093.688,126461.555,1.595,244.807,73926.933,0.02,0.0
334.863,2026-06-26T00:00:59.260558,70182.441,126461.555,1.58,244.808,73926.933,0.02,0.0
334.914,2026-06-26T00:00:59.311206,70270.945,126461.555,1.569,244.809,73926.933,0.02,0.0
334.964,2026-06-26T00:00:59.361823,70359.441,126461.555,1.561,244.81,73926.933,0.02,0.0
335.015,2026-06-26T00:00:59.412461,70447.867,126461.555,1.556,244.811,73926.933,0.02,0.0
335.065,2026-06-26T00:00:59.463073,70536.035,126461.555,1.598,244.812,73926.933,0.02,0.0
335.116,2026-06-26T00:00:59.513744,70624.496,126461.555,1.581,244.813,73926.933,0.02,0.0
335.167,2026-06-26T00:00:59.564380,70712.684,126461.555,1.57,244.814,73926.933,0.02,0.0
335.217,2026-06-26T00:00:59.615029,70801.473,126461.555,1.608,244.815,73926.933,0.02,0.0
335.268,2026-06-26T00:00:59.665682,70824.129,126461.555,1.589,244.816,73926.933,0.02,0.0
335.319,2026-06-26T00:00:59.716308,70461.461,126461.555,1.575,244.817,73926.933,0.02,0.0
335.369,2026-06-26T00:00:59.766938,70120.531,125661.555,1.565,244.818,73926.933,0.02,0.0
335.42,2026-06-26T00:00:59.817586,70157.379,125661.555,1.512,244.819,73926.933,0.02,0.0
335.471,2026-06-26T00:00:59.868208,70192.512,125661.555,1.614,244.82,73926.933,0.02,0.0
335.521,2026-06-26T00:00:59.918832,70227.945,125661.555,1.593,244.821,73926.933,0.02,0.0
335.572,2026-06-26T00:00:59.969496,70270.305,125711.555,1.578,244.822,73976.933,0.02,987.518
335.622,2026-06-26T00:01:00.020120,70300.516,125661.555,1.567,244.823,73976.933,0.02,0.0
335.673,2026-06-26T00:01:00.070764,70337.504,125661.555,1.606,244.824,74026.933,0.02,987.546
335.724,2026-06-26T00:01:00.121408,70418.59,126461.555,1.587,244.825,74026.933,0.02,0.0
335.774,2026-06-26T00:01:00.172027,70506.113,126461.555,1.527,244.826,74026.933,0.02,0.0
335.825,2026-06-26T00:01:00.222686,70593.148,126461.555,1.532,244.827,74026.933,0.02,0.0
335.876,2026-06-26T00:01:00.273328,70680.738,126461.555,1.535,244.828,74026.933,0.02,0.0
335.926,2026-06-26T00:01:00.323940,70767.84,126461.555,1.613,244.829,74026.933,0.018,0.0
335.983,2026-06-26T00:01:00.380547,70864.82,126461.555,1.592,244.83,74026.933,0.02,0.0
336.034,2026-06-26T00:01:00.431198,70951.953,126461.555,1.577,244.831,74026.933,0.02,0.0
336.084,2026-06-26T00:01:00.481815,71039.047,126461.555,1.567,244.832,74026.933,0.02,0.0
336.135,2026-06-26T00:01:00.532453,71125.762,126461.555,1.606,244.833,74026.933,0.02,0.0
336.185,2026-06-26T00:01:00.583069,71212.664,126461.555,1.541,244.834,74026.933,0.02,0.0
336.236,2026-06-26T00:01:00.633719,71299.434,126461.555,1.588,244.835,74026.933,0.02,0.0
336.287,2026-06-26T00:01:00.684364,71386.672,126461.555,1.574,244.836,74026.933,0.02,0.0
336.337,2026-06-26T00:01:00.734986,71474.82,126461.555,1.565,244.837,74026.933,0.02,0.0
336.388,2026-06-26T00:01:00.785638,71564.066,126461.555,1.604,244.838,74026.933,0.02,0.0
336.439,2026-06-26T00:01:00.836306,71654.152,126461.555,1.586,244.839,74026.933,0.02,0.0
336.489,2026-06-26T00:01:00.886913,71688.5,126411.555,1.573,244.84,74026.933,0.02,0.0
336.54,2026-06-26T00:01:00.937572,71767.457,126461.555,1.564,244.842,74026.933,0.02,0.0
336.591,2026-06-26T00:01:00.988187,71111.258,126461.555,1.512,244.843,74026.933,0.02,0.0
336.641,2026-06-26T00:01:01.038808,71050.812,125661.555,1.567,244.844,74026.933,0.02,0.0
336.692,2026-06-26T00:01:01.089467,71087.812,125661.555,1.514,244.845,74026.933,0.02,0.0
336.742,2026-06-26T00:01:01.140100,71124.684,125661.555,1.568,244.846,74026.933,0.02,0.0
336.793,2026-06-26T00:01:01.190774,71161.672,125661.555,1.561,244.847,74026.933,0.02,0.0
336.844,2026-06-26T00:01:01.241381,71230.918,125711.555,1.556,244.848,74076.933,0.02,988.463
336.894,2026-06-26T00:01:01.292004,71235.754,125661.555,1.598,244.849,74076.933,0.02,0.0
336.945,2026-06-26T00:01:01.342651,71295.801,125711.555,1.582,244.85,74126.933,0.02,987.899
336.996,2026-06-26T00:01:01.393297,71311.027,125661.555,1.616,244.851,74126.933,0.02,0.0
337.046,2026-06-26T00:01:01.443929,71361.105,126461.555,1.594,244.852,74176.933,0.02,987.039
337.097,2026-06-26T00:01:01.494584,71450.27,126461.555,1.532,244.853,74176.933,0.02,0.0
337.148,2026-06-26T00:01:01.545210,71538.785,126461.555,1.582,244.854,74176.933,0.02,0.0
337.198,2026-06-26T00:01:01.595832,71627.48,126461.555,1.57,244.855,74176.933,0.02,0.0
337.249,2026-06-26T00:01:01.646492,71716.016,126461.555,1.608,244.856,74176.933,0.02,0.0
337.299,2026-06-26T00:01:01.697123,71805.066,126461.555,1.635,244.857,74176.933,0.02,0.0
337.35,2026-06-26T00:01:01.747774,71893.793,126461.555,1.607,244.858,74176.933,0.02,0.0
337.401,2026-06-26T00:01:01.798415,71982.555,126461.555,1.588,244.859,74176.933,0.02,0.0
337.451,2026-06-26T00:01:01.849033,72071.164,126461.555,1.574,244.86,74176.933,0.02,0.0
337.502,2026-06-26T00:01:01.899695,72159.879,126461.555,1.565,244.861,74176.933,0.02,0.0
337.553,2026-06-26T00:01:01.950343,72249.117,126461.555,1.558,244.862,74176.933,0.02,0.0
337.603,2026-06-26T00:01:02.000953,72338.586,126461.555,1.553,244.863,74176.933,0.02,0.0
337.654,2026-06-26T00:01:02.051620,72428.586,126461.555,1.55,244.864,74176.933,0.02,0.0
337.705,2026-06-26T00:01:02.102239,72518.102,126461.555,1.595,244.865,74176.933,0.02,0.0
337.755,2026-06-26T00:01:02.152880,72607.449,126461.555,1.579,244.866,74176.933,0.02,0.0
337.806,2026-06-26T00:01:02.203544,72696.855,126461.555,1.568,244.867,74176.933,0.02,0.0
337.857,2026-06-26T00:01:02.254196,72722.527,126461.555,1.514,244.868,74176.933,0.02,0.0
337.907,2026-06-26T00:01:02.304818,72405.027,126461.555,1.569,244.869,74176.933,0.02,0.0
337.958,2026-06-26T00:01:02.355447,72024.66,125661.555,1.561,244.87,74176.933,0.02,0.0
338.008,2026-06-26T00:01:02.406075,72062.316,125661.555,1.556,244.871,74176.933,0.02,0.0
338.098,2026-06-26T00:01:02.495312,72128.027,125661.555,1.668,245.217,74176.933,3.879,0.0
338.148,2026-06-26T00:01:02.545754,72169.027,125711.555,1.63,245.218,74226.933,0.02,986.213
338.199,2026-06-26T00:01:02.596435,72203.129,125661.555,1.604,245.219,74226.933,0.02,0.0
338.249,2026-06-26T00:01:02.647054,72241.016,125661.555,1.584,245.22,74276.933,0.02,984.546
338.3,2026-06-26T00:01:02.697886,72323.68,125711.555,1.616,245.221,74276.933,0.02,0.0
338.351,2026-06-26T00:01:02.748866,72316.859,125661.555,1.59,245.222,74326.933,0.02,979.438
338.402,2026-06-26T00:01:02.799926,72390.754,126461.555,1.572,245.223,74326.933,0.02,0.0
338.453,2026-06-26T00:01:02.850956,72480.02,126461.555,1.56,245.224,74326.933,0.02,0.0
338.504,2026-06-26T00:01:02.902019,72569.43,126461.555,1.597,245.225,74326.933,0.02,0.0
338.555,2026-06-26T00:01:02.953039,72659.508,126461.555,1.625,245.226,74326.933,0.02,0.0
338.606,2026-06-26T00:01:03.003686,72748.297,126461.555,1.554,245.227,74326.933,0.02,0.0
338.657,2026-06-26T00:01:03.054360,72836.773,126461.555,1.551,245.228,74326.933,0.02,0.0
338.707,2026-06-26T00:01:03.104981,72925.801,126461.555,1.548,245.229,74326.933,0.02,0.0
338.758,2026-06-26T00:01:03.155635,73014.363,126461.555,1.546,245.23,74326.933,0.02,0.0
338.809,2026-06-26T00:01:03.206304,73102.816,126461.555,1.592,245.231,74326.933,0.02,0.0
338.859,2026-06-26T00:01:03.256930,73191.676,126461.555,1.577,245.232,74326.933,0.02,0.0
338.91,2026-06-26T00:01:03.307568,73280.449,126461.555,1.567,245.233,74326.933,0.02,0.0
338.961,2026-06-26T00:01:03.358189,73370.438,126461.555,1.606,245.234,74326.933,0.02,0.0
339.011,2026-06-26T00:01:03.408818,73460.352,126461.555,1.587,245.235,74326.933,0.02,0.0
339.062,2026-06-26T00:01:03.459473,73550.547,126461.555,1.574,245.236,74326.933,0.02,0.0
339.112,2026-06-26T00:01:03.510087,73640.652,126461.555,1.565,245.237,74326.933,0.02,0.0
339.163,2026-06-26T00:01:03.560739,73670.723,126411.555,1.604,245.238,74326.933,0.02,0.0
339.214,2026-06-26T00:01:03.611377,73755.805,126461.555,1.586,245.239,74326.933,0.02,0.0
339.264,2026-06-26T00:01:03.662015,72996.027,125661.555,1.573,245.24,74326.933,0.02,0.0
339.315,2026-06-26T00:01:03.712669,73033.645,125661.555,1.564,245.241,74326.933,0.02,0.0
339.366,2026-06-26T00:01:03.763302,73067.863,125661.555,1.558,245.242,74326.933,0.02,0.0
339.416,2026-06-26T00:01:03.813927,73104.285,125661.555,1.553,245.243,74326.933,0.02,0.0
339.467,2026-06-26T00:01:03.864581,73140.695,125661.555,1.55,245.244,74376.933,0.02,987.82
339.518,2026-06-26T00:01:03.915214,73215.086,125711.555,1.594,245.245,74376.933,0.02,0.0
339.568,2026-06-26T00:01:03.965843,73213.242,125661.555,1.532,245.247,74376.933,0.02,0.0
339.619,2026-06-26T00:01:04.016505,73279.113,126461.555,1.582,245.248,74426.933,0.02,987.806
339.669,2026-06-26T00:01:04.067134,73368.035,126461.555,1.57,245.249,74426.933,0.02,0.0
339.72,2026-06-26T00:01:04.117784,73457.203,126461.555,1.562,245.25,74426.933,0.02,0.0
339.771,2026-06-26T00:01:04.168432,73545.531,126461.555,1.556,245.251,74426.933,0.02,0.0
339.821,2026-06-26T00:01:04.219059,73633.207,126461.555,1.552,245.252,74426.933,0.02,0.0
339.872,2026-06-26T00:01:04.269703,73721.062,126461.555,1.55,245.253,74426.933,0.02,0.0
339.923,2026-06-26T00:01:04.320344,73808.637,126461.555,1.547,245.254,74426.933,0.02,0.0
339.973,2026-06-26T00:01:04.370966,73896.27,126461.555,1.592,245.255,74426.933,0.02,0.0
340.024,2026-06-26T00:01:04.421632,73984.121,126461.555,1.531,245.256,74426.933,0.02,0.0
340.075,2026-06-26T00:01:04.472250,74071.426,126461.555,1.535,245.257,74426.933,0.02,0.0
340.125,2026-06-26T00:01:04.522870,74159.523,126461.555,1.583,245.258,74426.933,0.02,0.0
340.176,2026-06-26T00:01:04.573531,74248.223,126461.555,1.617,245.259,74426.933,0.02,0.0
340.227,2026-06-26T00:01:04.624181,74330.449,126461.555,1.595,245.26,74426.933,0.02,0.0
340.277,2026-06-26T00:01:04.674806,73138.965,126461.555,1.579,245.261,74426.933,0.02,0.0
340.328,2026-06-26T00:01:04.725443,71879.645,126461.555,1.615,245.262,74426.933,0.02,0.0
340.378,2026-06-26T00:01:04.776069,70792.027,126461.555,1.547,245.263,74426.933,0.02,0.0
340.429,2026-06-26T00:01:04.826724,69438.027,126461.555,1.314,245.264,74426.933,0.02,0.0
340.48,2026-06-26T00:01:04.877372,68288.027,126461.555,1.151,245.265,74426.933,0.02,0.0
340.53,2026-06-26T00:01:04.927985,67012.027,126461.555,1.037,245.266,74426.933,0.02,0.0
340.581,2026-06-26T00:01:04.978639,66265.598,122365.555,1.05,245.267,74426.933,0.02,0.0
340.632,2026-06-26T00:01:05.029323,66210.789,122365.555,1.198,245.268,74426.933,0.02,0.0
340.682,2026-06-26T00:01:05.079946,65600.527,121565.555,1.347,245.269,74426.933,0.02,0.0
340.733,2026-06-26T00:01:05.130615,65646.59,121565.555,1.406,245.27,74426.933,0.02,0.0
340.784,2026-06-26T00:01:05.181240,65692.582,121565.555,1.447,245.271,74426.933,0.02,0.0
340.834,2026-06-26T00:01:05.231865,65738.539,121565.555,1.476,245.272,74426.933,0.02,0.0
340.885,2026-06-26T00:01:05.282512,65785.605,122365.555,1.543,245.273,74476.933,0.02,988.248
340.935,2026-06-26T00:01:05.333132,65882.773,122365.555,1.542,245.274,74476.933,0.02,0.0
340.986,2026-06-26T00:01:05.383803,65979.652,122365.555,1.542,245.275,74476.933,0.02,0.0
341.037,2026-06-26T00:01:05.434420,66076.801,122365.555,1.543,245.276,74476.933,0.02,0.0
341.087,2026-06-26T00:01:05.485042,66174.02,122365.555,1.543,245.277,74476.933,0.02,0.0
341.138,2026-06-26T00:01:05.535685,66270.777,122365.555,1.543,245.278,74476.933,0.02,0.0
341.189,2026-06-26T00:01:05.586325,66367.785,122365.555,1.543,245.279,74476.933,0.02,0.0
341.239,2026-06-26T00:01:05.636964,66464.906,122365.555,1.589,245.28,74476.933,0.02,0.0
341.29,2026-06-26T00:01:05.687616,66562.137,122365.555,1.575,245.281,74476.933,0.02,0.0
341.341,2026-06-26T00:01:05.738245,66659.273,122365.555,1.566,245.283,74476.933,0.02,0.0
341.391,2026-06-26T00:01:05.788866,66756.391,122365.555,1.559,245.284,74476.933,0.02,0.0
341.442,2026-06-26T00:01:05.839526,66853.469,122365.555,1.554,245.285,74476.933,0.02,0.0
341.493,2026-06-26T00:01:05.890190,66951.316,122365.555,1.55,245.286,74476.933,0.02,0.0
341.543,2026-06-26T00:01:05.940818,67049.875,122365.555,1.548,245.287,74476.933,0.02,0.0
341.594,2026-06-26T00:01:05.991429,67148.324,122365.555,1.547,245.288,74476.933,0.02,0.0
341.644,2026-06-26T00:01:06.042048,67246.391,122365.555,1.546,245.289,74476.933,0.02,0.0
341.695,2026-06-26T00:01:06.092698,67281.352,122365.555,1.591,245.29,74476.933,0.02,0.0
341.746,2026-06-26T00:01:06.143354,67149.527,122365.555,1.577,245.291,74476.933,0.02,0.0
341.796,2026-06-26T00:01:06.193970,66610.871,121565.555,1.566,245.292,74476.933,0.02,0.0
341.847,2026-06-26T00:01:06.244628,66656.375,121565.555,1.559,245.293,74476.933,0.02,0.0
341.898,2026-06-26T00:01:06.295246,66701.98,121565.555,1.555,245.294,74476.933,0.02,0.0
341.948,2026-06-26T00:01:06.345878,66747.527,121565.555,1.551,245.295,74476.933,0.02,0.0
341.999,2026-06-26T00:01:06.396537,66797.512,121615.555,1.595,245.296,74526.933,0.02,987.625
342.05,2026-06-26T00:01:06.447178,66838.527,121565.555,1.533,245.297,74526.933,0.02,0.0
342.1,2026-06-26T00:01:06.497802,66884.242,121565.555,1.582,245.298,74576.933,0.02,987.104
342.151,2026-06-26T00:01:06.548432,66976.09,121615.555,1.524,245.299,74576.933,0.02,0.0
342.201,2026-06-26T00:01:06.599069,66975.281,121565.555,1.622,245.3,74626.933,0.02,986.895
342.252,2026-06-26T00:01:06.649744,67057.961,122365.555,1.596,245.301,74626.933,0.02,0.0
342.303,2026-06-26T00:01:06.700781,67153.664,122365.555,1.622,245.302,74626.933,0.02,0.0
342.354,2026-06-26T00:01:06.751848,67249.629,122365.555,1.595,245.303,74626.933,0.02,0.0
342.405,2026-06-26T00:01:06.802891,67345.52,122365.555,1.575,245.304,74626.933,0.02,0.0
342.456,2026-06-26T00:01:06.853971,67441.789,122365.555,1.562,245.305,74626.933,0.02,0.0
342.507,2026-06-26T00:01:06.905011,67538.035,122365.555,1.644,245.306,74626.933,0.02,0.0
342.558,2026-06-26T00:01:06.956027,67634.297,122365.555,1.566,245.307,74626.933,0.02,0.0
342.609,2026-06-26T00:01:07.006670,67730.258,122365.555,1.559,245.308,74626.933,0.02,0.0
342.66,2026-06-26T00:01:07.057329,67827.395,122365.555,1.554,245.309,74626.933,0.02,0.0
342.71,2026-06-26T00:01:07.107962,67925.492,122365.555,1.597,245.31,74626.933,0.02,0.0
342.761,2026-06-26T00:01:07.158621,68023.246,122365.555,1.534,245.311,74626.933,0.02,0.0
342.812,2026-06-26T00:01:07.209251,68121.012,122365.555,1.537,245.312,74626.933,0.02,0.0
342.862,2026-06-26T00:01:07.259851,68218.387,122365.555,1.585,245.313,74626.933,0.02,0.0
342.913,2026-06-26T00:01:07.310500,68316.016,122365.555,1.572,245.314,74626.933,0.02,0.0
342.963,2026-06-26T00:01:07.361133,68413.719,122365.555,1.563,245.315,74626.933,0.02,0.0
343.014,2026-06-26T00:01:07.411787,68455.027,122315.555,1.557,245.316,74626.933,0.02,0.0
343.103,2026-06-26T00:01:07.500944,68060.848,122365.555,1.669,245.663,74626.933,3.893,0.0
343.154,2026-06-26T00:01:07.551382,67830.336,121565.555,1.632,245.664,74626.933,0.02,0.0
343.204,2026-06-26T00:01:07.602015,67875.652,121565.555,1.605,245.665,74626.933,0.02,0.0
343.255,2026-06-26T00:01:07.652674,67920.027,121565.555,1.586,245.666,74626.933,0.02,0.0
343.306,2026-06-26T00:01:07.703316,67964.539,121565.555,1.619,245.667,74626.933,0.02,0.0
343.356,2026-06-26T00:01:07.753943,68032.613,122365.555,1.596,245.668,74676.933,0.02,986.742
343.407,2026-06-26T00:01:07.804597,68129.301,122365.555,1.534,245.669,74676.933,0.02,0.0
343.458,2026-06-26T00:01:07.855226,68225.77,122365.555,1.583,245.67,74676.933,0.02,0.0
343.508,2026-06-26T00:01:07.905852,68322.375,122365.555,1.571,245.671,74676.933,0.02,0.0
343.559,2026-06-26T00:01:07.956494,68418.906,122365.555,1.563,245.672,74676.933,0.02,0.0
343.609,2026-06-26T00:01:08.007124,68514.918,122365.555,1.556,245.673,74676.933,0.02,0.0
343.66,2026-06-26T00:01:08.057781,68606.672,122365.555,1.552,245.674,74676.933,0.02,0.0
343.711,2026-06-26T00:01:08.108409,68701.695,122365.555,1.596,245.675,74676.933,0.02,0.0
343.761,2026-06-26T00:01:08.159024,68796.883,122365.555,1.58,245.676,74676.933,0.02,0.0
343.812,2026-06-26T00:01:08.209669,68892.094,122365.555,1.569,245.677,74676.933,0.02,0.0
343.863,2026-06-26T00:01:08.260311,68987.484,122365.555,1.561,245.678,74676.933,0.02,0.0
343.913,2026-06-26T00:01:08.310929,69082.727,122365.555,1.555,245.679,74676.933,0.02,0.0
343.964,2026-06-26T00:01:08.361604,69178.461,122365.555,1.598,245.68,74676.933,0.02,0.0
344.015,2026-06-26T00:01:08.412232,69274.766,122365.555,1.628,245.681,74676.933,0.02,0.0
344.065,2026-06-26T00:01:08.462847,69370.941,122365.555,1.602,245.682,74676.933,0.02,0.0
344.116,2026-06-26T00:01:08.513513,69467.953,122365.555,1.538,245.683,74676.933,0.02,0.0
344.166,2026-06-26T00:01:08.564133,69501.836,122365.555,1.585,245.684,74676.933,0.02,0.0
344.217,2026-06-26T00:01:08.614807,69218.527,122365.555,1.573,245.685,74676.933,0.02,0.0
344.268,2026-06-26T00:01:08.665445,68821.824,121565.555,1.61,245.686,74676.933,0.02,0.0
344.318,2026-06-26T00:01:08.716064,68867.527,121565.555,1.59,245.687,74676.933,0.02,0.0
344.369,2026-06-26T00:01:08.766715,68909.344,121565.555,1.576,245.688,74676.933,0.02,0.0
344.42,2026-06-26T00:01:08.817350,68955.027,121565.555,1.566,245.689,74676.933,0.02,0.0
344.47,2026-06-26T00:01:08.867976,69010.426,122365.555,1.559,245.69,74726.933,0.02,987.355
344.521,2026-06-26T00:01:08.918624,69094.539,122365.555,1.554,245.691,74726.933,0.02,0.0
344.572,2026-06-26T00:01:08.969239,69178.906,122365.555,1.551,245.693,74726.933,0.02,0.0
344.622,2026-06-26T00:01:09.019863,69265.652,122365.555,1.548,245.694,74726.933,0.02,0.0
344.673,2026-06-26T00:01:09.070536,69362.305,122365.555,1.547,245.695,74726.933,0.02,0.0
344.724,2026-06-26T00:01:09.121208,69458.754,122365.555,1.592,245.696,74726.933,0.02,0.0
344.774,2026-06-26T00:01:09.171827,69555.305,122365.555,1.577,245.697,74726.933,0.02,0.0
344.825,2026-06-26T00:01:09.222460,69651.969,122365.555,1.567,245.698,74726.933,0.02,0.0
344.875,2026-06-26T00:01:09.273076,69748.43,122365.555,1.559,245.699,74726.933,0.02,0.0
344.926,2026-06-26T00:01:09.323726,69845.266,122365.555,1.555,245.7,74726.933,0.02,0.0
344.977,2026-06-26T00:01:09.374368,69942.961,122365.555,1.597,245.701,74726.933,0.02,0.0
345.027,2026-06-26T00:01:09.424991,70040.938,122365.555,1.535,245.702,74726.933,0.02,0.0
345.078,2026-06-26T00:01:09.475636,70138.902,122365.555,1.584,245.703,74726.933,0.02,0.0
345.129,2026-06-26T00:01:09.526260,70169.211,122365.555,1.525,245.704,74726.933,0.02,0.0
345.179,2026-06-26T00:01:09.576892,69433.543,122365.555,1.576,245.705,74726.933,0.02,0.0
345.23,2026-06-26T00:01:09.627557,68622.242,122365.555,1.567,245.706,74726.933,0.02,0.0
345.281,2026-06-26T00:01:09.678212,67781.0,122365.555,1.559,245.707,74726.933,0.02,0.0
345.331,2026-06-26T00:01:09.728815,66840.027,122365.555,1.369,245.708,74726.933,0.02,0.0
345.382,2026-06-26T00:01:09.779448,66251.527,118269.555,1.283,245.709,74726.933,0.02,0.0
345.432,2026-06-26T00:01:09.830086,66150.027,118269.555,1.36,245.71,74726.933,0.02,0.0
345.483,2026-06-26T00:01:09.880730,65494.027,117469.555,1.415,245.711,74726.933,0.02,0.0
345.534,2026-06-26T00:01:09.931350,65494.027,117469.555,1.454,245.712,74726.933,0.02,0.0
345.584,2026-06-26T00:01:09.981961,65494.027,117469.555,1.48,245.713,74726.933,0.02,0.0
345.635,2026-06-26T00:01:10.032621,65494.027,117469.555,1.499,245.714,74726.933,0.02,0.0
345.686,2026-06-26T00:01:10.083251,65494.027,117469.555,1.513,245.715,74776.933,0.02,987.797
345.736,2026-06-26T00:01:10.133863,65522.527,117519.555,1.522,245.716,74776.933,0.02,0.0
345.787,2026-06-26T00:01:10.184517,65494.027,117469.555,1.574,245.717,74776.933,0.02,0.0
345.838,2026-06-26T00:01:10.235174,65505.219,118269.555,1.565,245.718,74826.933,0.02,987.397
345.888,2026-06-26T00:01:10.285790,65542.098,118269.555,1.558,245.719,74826.933,0.02,0.0
345.939,2026-06-26T00:01:10.336444,65579.016,118269.555,1.553,245.72,74826.933,0.02,0.0
345.989,2026-06-26T00:01:10.387069,65615.902,118269.555,1.596,245.721,74826.933,0.02,0.0
346.04,2026-06-26T00:01:10.437715,65652.895,118269.555,1.581,245.722,74826.933,0.02,0.0
346.091,2026-06-26T00:01:10.488355,65690.062,118269.555,1.616,245.723,74826.933,0.02,0.0
346.141,2026-06-26T00:01:10.538981,65727.094,118269.555,1.593,245.724,74826.933,0.02,0.0
346.192,2026-06-26T00:01:10.589645,65770.98,118269.555,1.532,245.725,74826.933,0.02,0.0
346.243,2026-06-26T00:01:10.640282,65818.914,118269.555,1.579,245.726,74826.933,0.02,0.0
346.294,2026-06-26T00:01:10.691299,65880.594,119869.555,1.565,245.727,74826.933,0.02,0.0
346.345,2026-06-26T00:01:10.742349,65949.891,119869.555,1.555,245.728,74826.933,0.02,0.0
346.396,2026-06-26T00:01:10.793395,66019.984,119869.555,1.593,245.73,74826.933,0.02,0.0
346.447,2026-06-26T00:01:10.844453,66090.844,119869.555,1.574,245.731,74826.933,0.02,0.0
346.498,2026-06-26T00:01:10.895493,66161.402,119869.555,1.607,245.732,74826.933,0.02,0.0
346.549,2026-06-26T00:01:10.946508,66231.742,119869.555,1.54,245.733,74826.933,0.02,0.0
346.599,2026-06-26T00:01:10.997127,66301.766,119869.555,1.541,245.734,74826.933,0.02,0.0
346.65,2026-06-26T00:01:11.047812,66371.949,119869.555,1.588,245.735,74826.933,0.02,0.0
346.701,2026-06-26T00:01:11.098408,66441.801,119869.555,1.575,245.736,74826.933,0.02,0.0
346.751,2026-06-26T00:01:11.149027,66446.172,119869.555,1.565,245.737,74826.933,0.02,0.0
346.802,2026-06-26T00:01:11.199676,66284.117,119869.555,1.512,245.738,74826.933,0.02,0.0
346.853,2026-06-26T00:01:11.250303,65714.965,119069.555,1.614,245.739,74826.933,0.02,0.0
346.903,2026-06-26T00:01:11.300916,65733.812,119069.555,1.593,245.74,74826.933,0.02,0.0
346.954,2026-06-26T00:01:11.351552,65752.75,119069.555,1.578,245.741,74826.933,0.02,0.0
347.005,2026-06-26T00:01:11.402209,65771.074,119069.555,1.567,245.742,74826.933,0.02,0.0
347.055,2026-06-26T00:01:11.452807,65789.574,119069.555,1.56,245.743,74876.933,0.02,987.481
347.106,2026-06-26T00:01:11.503446,65846.375,119869.555,1.555,245.744,74876.933,0.02,0.0
347.156,2026-06-26T00:01:11.554071,65914.859,119869.555,1.598,245.745,74876.933,0.02,0.0
347.207,2026-06-26T00:01:11.604715,65978.965,119869.555,1.581,245.746,74876.933,0.02,0.0
347.258,2026-06-26T00:01:11.655349,66036.234,119869.555,1.57,245.747,74876.933,0.02,0.0
347.308,2026-06-26T00:01:11.705971,66093.816,119869.555,1.561,245.748,74876.933,0.02,0.0
347.359,2026-06-26T00:01:11.756633,66151.492,119869.555,1.556,245.749,74876.933,0.02,0.0
347.41,2026-06-26T00:01:11.807259,66209.184,119869.555,1.598,245.75,74876.933,0.02,0.0
347.46,2026-06-26T00:01:11.857886,66266.508,119869.555,1.581,245.751,74876.933,0.02,0.0
347.511,2026-06-26T00:01:11.908535,66323.723,119869.555,1.524,245.752,74876.933,0.02,0.0
347.562,2026-06-26T00:01:11.959193,66390.398,119869.555,1.575,245.753,74876.933,0.02,0.0
347.612,2026-06-26T00:01:12.009822,66459.008,119869.555,1.565,245.754,74876.933,0.02,0.0
347.663,2026-06-26T00:01:12.060471,66527.395,119869.555,1.559,245.755,74876.933,0.02,0.0
347.713,2026-06-26T00:01:12.111095,66596.023,119869.555,1.554,245.756,74876.933,0.02,0.0
347.764,2026-06-26T00:01:12.161741,66664.48,119869.555,1.551,245.757,74876.933,0.02,0.0
347.815,2026-06-26T00:01:12.212394,66733.129,119869.555,1.548,245.758,74876.933,0.02,0.0
347.865,2026-06-26T00:01:12.263032,66803.391,119869.555,1.546,245.759,74876.933,0.02,0.0
347.916,2026-06-26T00:01:12.313677,66873.395,119869.555,1.592,245.76,74876.933,0.02,0.0
347.967,2026-06-26T00:01:12.364320,66879.125,119869.555,1.577,245.761,74876.933,0.02,0.0
348.017,2026-06-26T00:01:12.414934,66946.145,119869.555,1.567,245.762,74876.933,0.02,0.0
348.106,2026-06-26T00:01:12.503996,66181.703,119069.555,1.677,246.108,74876.933,3.886,0.0
348.157,2026-06-26T00:01:12.554442,66200.719,119069.555,1.637,246.109,74876.933,0.02,0.0
348.207,2026-06-26T00:01:12.605069,66219.75,119069.555,1.562,246.11,74876.933,0.02,0.0
348.258,2026-06-26T00:01:12.655708,66238.699,119069.555,1.603,246.111,74876.933,0.02,0.0
348.309,2026-06-26T00:01:12.706351,66261.953,119119.555,1.585,246.112,74926.933,0.02,987.151
348.359,2026-06-26T00:01:12.756971,66314.781,119119.555,1.572,246.113,74926.933,0.02,0.0
348.41,2026-06-26T00:01:12.807633,66295.762,119069.555,1.563,246.114,74926.933,0.02,0.0
348.461,2026-06-26T00:01:12.858259,66340.484,119869.555,1.604,246.115,74976.933,0.02,987.653
348.511,2026-06-26T00:01:12.908878,66408.996,119869.555,1.585,246.116,74976.933,0.02,0.0
348.562,2026-06-26T00:01:12.959538,66476.449,119869.555,1.619,246.117,74976.933,0.02,0.0
348.613,2026-06-26T00:01:13.010193,66544.191,119869.555,1.642,246.118,74976.933,0.02,0.0
348.663,2026-06-26T00:01:13.060827,66611.848,119869.555,1.612,246.119,74976.933,0.02,0.0
348.714,2026-06-26T00:01:13.111460,66679.945,119869.555,1.592,246.12,74976.933,0.02,0.0
348.764,2026-06-26T00:01:13.162076,66749.652,119869.555,1.577,246.121,74976.933,0.02,0.0
348.815,2026-06-26T00:01:13.212694,66813.594,119869.555,1.567,246.122,74976.933,0.02,0.0
348.866,2026-06-26T00:01:13.263292,66872.914,119869.555,1.607,246.123,74976.933,0.02,0.0
348.916,2026-06-26T00:01:13.313920,66930.543,119869.555,1.541,246.124,74976.933,0.02,0.0
348.967,2026-06-26T00:01:13.364566,66988.387,119869.555,1.542,246.125,74976.933,0.02,0.0
349.018,2026-06-26T00:01:13.415185,67053.082,119869.555,1.588,246.126,74976.933,0.02,0.0
349.068,2026-06-26T00:01:13.465805,67124.043,119869.555,1.575,246.127,74976.933,0.02,0.0
349.119,2026-06-26T00:01:13.516466,67195.41,119869.555,1.565,246.128,74976.933,0.02,0.0
349.169,2026-06-26T00:01:13.567098,67266.387,119869.555,1.558,246.129,74976.933,0.02,0.0
349.22,2026-06-26T00:01:13.617741,67337.309,119869.555,1.6,246.13,74976.933,0.02,0.0
349.271,2026-06-26T00:01:13.668377,67408.492,119869.555,1.537,246.131,74976.933,0.02,0.0
349.321,2026-06-26T00:01:13.719002,67414.82,119869.555,1.585,246.132,74976.933,0.02,0.0
349.372,2026-06-26T00:01:13.769669,67107.145,119869.555,1.433,246.133,74976.933,0.02,0.0
349.423,2026-06-26T00:01:13.820312,66656.332,119069.555,1.327,246.134,74976.933,0.02,0.0
349.473,2026-06-26T00:01:13.870937,66675.316,119069.555,1.438,246.135,74976.933,0.02,0.0
349.524,2026-06-26T00:01:13.921592,66693.973,119069.555,1.47,246.137,74976.933,0.02,0.0
349.575,2026-06-26T00:01:13.972191,66712.523,119069.555,1.492,246.138,74976.933,0.02,0.0
349.625,2026-06-26T00:01:14.022821,66731.469,119069.555,1.507,246.139,75026.933,0.02,986.273
349.676,2026-06-26T00:01:14.073518,66797.496,119869.555,1.518,246.14,75026.933,0.02,0.0
349.727,2026-06-26T00:01:14.124174,66867.457,119869.555,1.571,246.141,75026.933,0.02,0.0
349.777,2026-06-26T00:01:14.174784,66937.207,119869.555,1.517,246.142,75026.933,0.02,0.0
349.828,2026-06-26T00:01:14.225418,67006.828,119869.555,1.524,246.143,75026.933,0.02,0.0
349.878,2026-06-26T00:01:14.276055,67076.359,119869.555,1.576,246.144,75026.933,0.02,0.0
349.929,2026-06-26T00:01:14.326701,67145.254,119869.555,1.52,246.145,75026.933,0.02,0.0
349.98,2026-06-26T00:01:14.377340,67214.316,119869.555,1.573,246.146,75026.933,0.02,0.0
350.03,2026-06-26T00:01:14.427953,67283.145,119869.555,1.564,246.147,75026.933,0.02,0.0
350.081,2026-06-26T00:01:14.478613,67354.262,119869.555,1.557,246.148,75026.933,0.02,0.0
350.132,2026-06-26T00:01:14.529249,67425.555,119869.555,1.6,246.149,75026.933,0.02,0.0
350.182,2026-06-26T00:01:14.579855,67496.578,119869.555,1.536,246.15,75026.933,0.02,0.0
350.233,2026-06-26T00:01:14.630506,67567.801,119869.555,1.538,246.151,75026.933,0.02,0.0
350.284,2026-06-26T00:01:14.681205,67639.242,119869.555,1.63,246.152,75026.933,0.02,0.0
350.335,2026-06-26T00:01:14.732212,67710.848,119869.555,1.646,246.153,75026.933,0.02,0.0
350.386,2026-06-26T00:01:14.783221,67782.582,119869.555,1.612,246.154,75026.933,0.02,0.0
350.437,2026-06-26T00:01:14.834225,67790.383,119869.555,1.588,246.155,75026.933,0.02,0.0
350.488,2026-06-26T00:01:14.885240,67768.711,119869.555,1.571,246.156,75026.933,0.02,0.0
350.539,2026-06-26T00:01:14.936196,67073.559,119069.555,1.608,246.157,75026.933,0.02,0.0
350.589,2026-06-26T00:01:14.986793,67092.602,119069.555,1.598,246.158,75026.933,0.017,0.0
350.65,2026-06-26T00:01:15.047432,66046.262,119069.555,1.578,246.159,75026.933,0.02,0.0
350.701,2026-06-26T00:01:15.098384,65116.262,119069.555,1.565,246.16,75026.933,0.02,0.0
350.752,2026-06-26T00:01:15.149349,64184.262,119069.555,1.555,246.161,75026.933,0.02,0.0
350.803,2026-06-26T00:01:15.200338,63220.262,119069.555,1.456,246.162,75076.933,0.02,980.738
350.854,2026-06-26T00:01:15.251344,63031.008,115023.555,1.387,246.163,75076.933,0.02,0.0
350.905,2026-06-26T00:01:15.302393,62998.262,114973.555,1.43,246.164,75076.933,0.02,0.0
350.956,2026-06-26T00:01:15.353497,63007.629,115773.555,1.506,246.165,75126.933,0.02,979.868
351.007,2026-06-26T00:01:15.404542,63058.84,115773.555,1.512,246.166,75126.933,0.02,0.0
351.058,2026-06-26T00:01:15.455677,63110.07,115773.555,1.563,246.167,75126.933,0.02,0.0
351.109,2026-06-26T00:01:15.506800,63161.523,115773.555,1.552,246.168,75126.933,0.02,0.0
351.16,2026-06-26T00:01:15.557946,63212.816,115773.555,1.591,246.169,75126.933,0.02,0.0
351.211,2026-06-26T00:01:15.609076,63259.961,115773.555,1.526,246.17,75126.933,0.02,0.0
351.263,2026-06-26T00:01:15.660217,63299.762,115773.555,1.573,246.171,75126.933,0.02,0.0
351.314,2026-06-26T00:01:15.711338,63339.141,115773.555,1.605,246.172,75126.933,0.02,0.0
351.365,2026-06-26T00:01:15.762467,63379.023,115773.555,1.536,246.173,75126.933,0.02,0.0
351.416,2026-06-26T00:01:15.813582,63417.973,115773.555,1.533,246.175,75126.933,0.02,0.0
351.467,2026-06-26T00:01:15.864730,63456.211,115773.555,1.578,246.176,75126.933,0.02,0.0
351.518,2026-06-26T00:01:15.915843,63495.137,115773.555,1.563,246.177,75126.933,0.02,0.0
351.569,2026-06-26T00:01:15.966972,63533.992,115773.555,1.553,246.178,75126.933,0.02,0.0
351.62,2026-06-26T00:01:16.018080,63574.023,115773.555,1.591,246.179,75126.933,0.02,0.0
351.672,2026-06-26T00:01:16.069216,63614.086,115773.555,1.618,246.18,75126.933,0.02,0.0
351.723,2026-06-26T00:01:16.120310,63662.582,115773.555,1.362,246.181,75126.933,0.02,0.0
351.774,2026-06-26T00:01:16.171458,63716.176,115773.555,1.228,246.182,75126.933,0.02,0.0
351.825,2026-06-26T00:01:16.222577,63769.398,115773.555,1.043,246.183,75126.933,0.02,0.0
351.876,2026-06-26T00:01:16.273703,63759.059,115773.555,0.96,246.184,75126.933,0.02,0.0
351.927,2026-06-26T00:01:16.324779,63578.266,115773.555,0.947,246.185,75126.933,0.02,0.0
351.978,2026-06-26T00:01:16.375913,62998.266,114973.555,0.892,246.186,75126.933,0.02,0.0
352.029,2026-06-26T00:01:16.426913,62998.266,114973.555,0.855,246.187,75126.933,0.02,0.0
352.08,2026-06-26T00:01:16.477898,62998.266,114973.555,0.874,246.188,75126.933,0.02,0.0
352.131,2026-06-26T00:01:16.528868,62998.266,114973.555,0.842,246.189,75126.933,0.02,0.0
352.182,2026-06-26T00:01:16.579839,62998.266,114973.555,0.818,246.19,75176.933,0.02,973.089
352.234,2026-06-26T00:01:16.631327,63044.086,115773.555,0.801,246.191,75176.933,0.02,0.0
352.285,2026-06-26T00:01:16.682346,63095.902,115773.555,0.836,246.192,75176.933,0.02,0.0
352.336,2026-06-26T00:01:16.733323,63145.793,115773.555,0.815,246.193,75176.933,0.02,0.0
352.387,2026-06-26T00:01:16.784359,63193.957,115773.555,0.801,246.194,75176.933,0.02,0.0
352.438,2026-06-26T00:01:16.835373,63239.562,115773.555,0.79,246.195,75176.933,0.02,0.0
352.489,2026-06-26T00:01:16.886404,63288.344,115773.555,0.783,246.196,75176.933,0.02,0.0
352.54,2026-06-26T00:01:16.937420,63336.211,115773.555,0.778,246.197,75176.933,0.02,0.0
352.591,2026-06-26T00:01:16.988445,63387.539,115773.555,0.774,246.198,75176.933,0.02,0.0
352.642,2026-06-26T00:01:17.039479,63433.148,115773.555,0.817,246.199,75176.933,0.02,0.0
352.693,2026-06-26T00:01:17.090515,63482.656,115773.555,0.802,246.2,75176.933,0.02,0.0
352.744,2026-06-26T00:01:17.141527,63523.43,115773.555,0.837,246.201,75176.933,0.02,0.0
352.795,2026-06-26T00:01:17.192551,63560.77,115773.555,0.817,246.202,75176.933,0.02,0.0
352.846,2026-06-26T00:01:17.243213,63598.078,115773.555,0.802,246.203,75176.933,0.02,0.0
352.897,2026-06-26T00:01:17.294199,63635.539,115773.555,0.745,246.204,75176.933,0.02,0.0
352.948,2026-06-26T00:01:17.345196,63672.965,115773.555,0.798,246.205,75176.933,0.02,0.0
352.999,2026-06-26T00:01:17.396242,63710.508,115773.555,0.788,246.206,75176.933,0.02,0.0
353.05,2026-06-26T00:01:17.447225,63750.336,115773.555,0.781,246.207,75176.933,0.02,0.0
353.171,2026-06-26T00:01:17.568503,63620.312,115773.555,0.915,246.552,75176.933,2.857,0.0
353.221,2026-06-26T00:01:17.618910,62998.312,114973.555,0.872,246.554,75176.933,0.02,0.0
353.272,2026-06-26T00:01:17.669472,62998.312,114973.555,0.842,246.555,75176.933,0.02,0.0
353.322,2026-06-26T00:01:17.720096,62998.312,114973.555,0.82,246.556,75176.933,0.02,0.0
353.373,2026-06-26T00:01:17.770915,62998.312,114973.555,0.805,246.557,75176.933,0.02,0.0
353.424,2026-06-26T00:01:17.821816,62998.93,115023.555,0.839,246.558,75226.933,0.02,981.39
353.475,2026-06-26T00:01:17.872777,63047.824,115023.555,0.863,246.559,75226.933,0.02,0.0
353.526,2026-06-26T00:01:17.923777,62998.312,114973.555,0.834,246.56,75226.933,0.02,0.0
353.577,2026-06-26T00:01:17.974786,63027.367,115773.555,0.768,246.561,75276.933,0.02,980.537
353.628,2026-06-26T00:01:18.025763,63079.562,115773.555,0.813,246.562,75276.933,0.02,0.0
353.679,2026-06-26T00:01:18.076754,63131.465,115773.555,0.799,246.563,75276.933,0.02,0.0
353.73,2026-06-26T00:01:18.127734,63183.957,115773.555,0.789,246.564,75276.933,0.02,0.0
353.781,2026-06-26T00:01:18.178717,63237.301,115773.555,0.828,246.565,75276.933,0.02,0.0
353.832,2026-06-26T00:01:18.229665,63290.367,115773.555,0.81,246.566,75276.933,0.02,0.0
353.883,2026-06-26T00:01:18.280628,63343.672,115773.555,0.797,246.567,75276.933,0.02,0.0
353.934,2026-06-26T00:01:18.331613,63396.75,115773.555,0.833,246.568,75276.933,0.02,0.0
353.985,2026-06-26T00:01:18.382625,63449.766,115773.555,0.813,246.569,75276.933,0.02,0.0
354.036,2026-06-26T00:01:18.433595,63502.523,115773.555,0.799,246.57,75276.933,0.02,0.0
354.087,2026-06-26T00:01:18.484582,63554.695,115773.555,0.789,246.571,75276.933,0.02,0.0
354.138,2026-06-26T00:01:18.535564,63605.152,115773.555,0.737,246.572,75276.933,0.02,0.0
354.189,2026-06-26T00:01:18.586567,63657.688,115773.555,0.791,246.573,75276.933,0.02,0.0
354.24,2026-06-26T00:01:18.637611,63708.715,115773.555,0.783,246.574,75276.933,0.02,0.0
354.291,2026-06-26T00:01:18.688658,63760.363,115773.555,0.778,246.575,75276.933,0.02,0.0
354.342,2026-06-26T00:01:18.739699,63750.312,115773.555,0.774,246.576,75276.933,0.02,0.0
354.393,2026-06-26T00:01:18.790758,63790.277,115773.555,0.771,246.577,75276.933,0.02,0.0
354.444,2026-06-26T00:01:18.841777,63040.312,115773.555,0.77,246.578,75276.933,0.02,0.0
354.495,2026-06-26T00:01:18.892757,62998.312,114973.555,0.815,246.579,75276.933,0.02,0.0
354.546,2026-06-26T00:01:18.943677,62998.312,114973.555,0.8,246.58,75276.933,0.02,0.0
354.597,2026-06-26T00:01:18.994642,62998.312,114973.555,0.836,246.581,75276.933,0.02,0.0
354.648,2026-06-26T00:01:19.045559,62998.312,114973.555,0.816,246.582,75276.933,0.02,0.0
354.699,2026-06-26T00:01:19.096503,63031.879,115773.555,0.801,246.583,75326.933,0.02,982.176
354.75,2026-06-26T00:01:19.147425,63083.457,115773.555,0.791,246.584,75326.933,0.02,0.0
354.801,2026-06-26T00:01:19.198339,63135.258,115773.555,0.784,246.585,75326.933,0.02,0.0
354.852,2026-06-26T00:01:19.249262,63185.746,115773.555,0.779,246.586,75326.933,0.02,0.0
354.903,2026-06-26T00:01:19.300208,63236.828,115773.555,0.775,246.587,75326.933,0.02,0.0
354.954,2026-06-26T00:01:19.351225,63288.645,115773.555,0.818,246.588,75326.933,0.02,0.0
355.005,2026-06-26T00:01:19.402205,63340.305,115773.555,0.803,246.589,75326.933,0.02,0.0
355.056,2026-06-26T00:01:19.453189,63392.027,115773.555,0.792,246.59,75326.933,0.02,0.0
355.107,2026-06-26T00:01:19.504162,63443.703,115773.555,0.83,246.591,75326.933,0.02,0.0
355.157,2026-06-26T00:01:19.555130,63495.41,115773.555,0.765,246.592,75326.933,0.02,0.0
355.209,2026-06-26T00:01:19.606167,63547.305,115773.555,0.811,246.594,75326.933,0.02,0.0
355.259,2026-06-26T00:01:19.657114,63599.113,115773.555,0.798,246.595,75326.933,0.02,0.0
355.31,2026-06-26T00:01:19.708104,63645.949,115773.555,0.742,246.596,75326.933,0.02,0.0
355.361,2026-06-26T00:01:19.759082,63685.812,115773.555,0.749,246.597,75326.933,0.02,0.0
355.412,2026-06-26T00:01:19.810091,63725.848,115773.555,0.8,246.598,75326.933,0.02,0.0
355.463,2026-06-26T00:01:19.861068,63765.895,115773.555,0.79,246.599,75326.933,0.02,0.0
355.514,2026-06-26T00:01:19.912045,63748.312,115723.555,0.783,246.6,75326.933,0.02,0.0
355.565,2026-06-26T00:01:19.963013,63797.27,115773.555,0.87,246.601,75326.933,0.02,0.0
355.616,2026-06-26T00:01:20.014017,62998.312,114973.555,0.839,246.602,75326.933,0.02,0.0
355.667,2026-06-26T00:01:20.065028,62998.312,114973.555,0.817,246.603,75326.933,0.02,0.0
355.718,2026-06-26T00:01:20.116013,62998.312,114973.555,0.802,246.604,75326.933,0.02,0.0
355.769,2026-06-26T00:01:20.166993,62998.312,114973.555,0.791,246.605,75326.933,0.02,0.0
355.82,2026-06-26T00:01:20.217993,62998.312,114973.555,0.784,246.606,75376.933,0.02,980.862
355.871,2026-06-26T00:01:20.268984,63034.832,115773.555,0.778,246.607,75376.933,0.02,0.0
355.922,2026-06-26T00:01:20.319996,63086.828,115773.555,0.775,246.608,75376.933,0.02,0.0
355.973,2026-06-26T00:01:20.370973,63138.938,115773.555,0.772,246.609,75376.933,0.02,0.0
356.024,2026-06-26T00:01:20.421950,63190.934,115773.555,0.771,246.61,75376.933,0.02,0.0
356.075,2026-06-26T00:01:20.472892,63242.879,115773.555,0.769,246.611,75376.933,0.02,0.0
356.126,2026-06-26T00:01:20.523893,63294.562,115773.555,0.814,246.612,75376.933,0.02,0.0
356.177,2026-06-26T00:01:20.574890,63346.203,115773.555,0.846,246.613,75376.933,0.02,0.0
356.228,2026-06-26T00:01:20.625876,63397.719,115773.555,0.822,246.614,75376.933,0.02,0.0
356.279,2026-06-26T00:01:20.676820,63448.918,115773.555,0.805,246.615,75376.933,0.02,0.0
356.33,2026-06-26T00:01:20.727756,63500.086,115773.555,0.748,246.616,75376.933,0.02,0.0
356.381,2026-06-26T00:01:20.778690,63549.875,115773.555,0.753,246.617,75376.933,0.02,0.0
356.432,2026-06-26T00:01:20.829624,63600.203,115773.555,0.758,246.618,75376.933,0.02,0.0
356.483,2026-06-26T00:01:20.880531,63652.809,115773.555,0.807,246.619,75376.933,0.02,0.0
356.534,2026-06-26T00:01:20.931477,63705.324,115773.555,0.749,246.62,75376.933,0.02,0.0
356.585,2026-06-26T00:01:20.982399,63757.941,115773.555,0.8,246.621,75376.933,0.02,0.0
356.636,2026-06-26T00:01:21.033361,63748.312,115723.555,0.836,246.622,75376.933,0.02,0.0
356.687,2026-06-26T00:01:21.084323,63778.312,115773.555,0.815,246.623,75376.933,0.02,0.0
356.738,2026-06-26T00:01:21.135298,62998.312,114973.555,0.8,246.624,75376.933,0.02,0.0
356.789,2026-06-26T00:01:21.186256,62998.312,114973.555,0.79,246.625,75376.933,0.02,0.0
356.84,2026-06-26T00:01:21.237224,62998.312,114973.555,0.783,246.626,75376.933,0.02,0.0
356.891,2026-06-26T00:01:21.288223,62998.312,114973.555,0.778,246.627,75376.933,0.02,0.0
356.942,2026-06-26T00:01:21.339203,62998.312,114973.555,0.82,246.628,75376.933,0.02,0.0
356.993,2026-06-26T00:01:21.390200,63021.281,115773.555,0.804,246.629,75426.933,0.02,980.72
357.044,2026-06-26T00:01:21.441164,63072.641,115773.555,0.747,246.63,75426.933,0.02,0.0
357.094,2026-06-26T00:01:21.492110,63124.074,115773.555,0.799,246.631,75426.933,0.02,0.0
357.145,2026-06-26T00:01:21.543105,63175.129,115773.555,0.789,246.633,75426.933,0.02,0.0
357.196,2026-06-26T00:01:21.594097,63224.887,115773.555,0.782,246.634,75426.933,0.02,0.0
357.247,2026-06-26T00:01:21.645093,63276.02,115773.555,0.823,246.635,75426.933,0.02,0.0
357.298,2026-06-26T00:01:21.696086,63327.121,115773.555,0.806,246.636,75426.933,0.02,0.0
357.349,2026-06-26T00:01:21.747095,63378.254,115773.555,0.84,246.637,75426.933,0.02,0.0
357.4,2026-06-26T00:01:21.798079,63429.789,115773.555,0.772,246.638,75426.933,0.02,0.0
357.451,2026-06-26T00:01:21.849031,63481.477,115773.555,0.77,246.639,75426.933,0.02,0.0
357.502,2026-06-26T00:01:21.899999,63532.688,115773.555,0.815,246.64,75426.933,0.02,0.0
357.553,2026-06-26T00:01:21.951003,63584.469,115773.555,0.801,246.641,75426.933,0.02,0.0
357.604,2026-06-26T00:01:22.001992,63637.152,115773.555,0.744,246.642,75426.933,0.02,0.0
357.655,2026-06-26T00:01:22.052990,63690.18,115773.555,0.797,246.643,75426.933,0.02,0.0
357.706,2026-06-26T00:01:22.103917,63743.078,115773.555,0.789,246.644,75426.933,0.02,0.0
357.757,2026-06-26T00:01:22.154588,63795.84,115773.555,0.83,246.645,75426.933,0.02,0.0
357.808,2026-06-26T00:01:22.205198,63784.078,115773.555,0.766,246.646,75426.933,0.02,0.0
357.858,2026-06-26T00:01:22.255838,63174.312,115773.555,0.767,246.647,75426.933,0.02,0.0
357.909,2026-06-26T00:01:22.306840,62998.312,114973.555,0.767,246.648,75426.933,0.02,0.0
357.96,2026-06-26T00:01:22.357810,62998.312,114973.555,0.766,246.649,75426.933,0.02,0.0
358.011,2026-06-26T00:01:22.408820,62998.312,114973.555,0.812,246.65,75426.933,0.02,0.0
358.062,2026-06-26T00:01:22.459783,62998.312,114973.555,0.844,246.651,75426.933,0.02,0.0
358.182,2026-06-26T00:01:22.580062,62998.332,114973.555,0.943,246.996,75476.933,2.88,417.326
358.233,2026-06-26T00:01:22.630473,63001.352,115023.555,0.938,246.997,75526.933,0.02,988.863
358.283,2026-06-26T00:01:22.681037,62998.332,114973.555,0.889,246.998,75526.933,0.02,0.0
358.334,2026-06-26T00:01:22.731682,62998.332,114973.555,0.853,246.999,75526.933,0.02,0.0
358.385,2026-06-26T00:01:22.782439,63030.801,115773.555,0.782,247.0,75576.933,0.02,985.254
358.436,2026-06-26T00:01:22.833205,63082.633,115773.555,0.824,247.001,75576.933,0.02,0.0
358.487,2026-06-26T00:01:22.884182,63130.598,115773.555,0.807,247.002,75576.933,0.02,0.0
358.538,2026-06-26T00:01:22.935170,63177.895,115773.555,0.794,247.003,75576.933,0.02,0.0
358.588,2026-06-26T00:01:22.986131,63225.277,115773.555,0.832,247.004,75576.933,0.02,0.0
358.639,2026-06-26T00:01:23.037110,63272.305,115773.555,0.858,247.005,75576.933,0.02,0.0
358.69,2026-06-26T00:01:23.088079,63316.586,115773.555,0.785,247.006,75576.933,0.02,0.0
358.741,2026-06-26T00:01:23.139086,63363.156,115773.555,0.779,247.007,75576.933,0.02,0.0
358.792,2026-06-26T00:01:23.190070,63410.156,115773.555,0.821,247.008,75576.933,0.02,0.0
358.843,2026-06-26T00:01:23.241063,63455.242,115773.555,0.805,247.009,75576.933,0.02,0.0
358.894,2026-06-26T00:01:23.292031,63500.496,115773.555,0.747,247.01,75576.933,0.02,0.0
358.945,2026-06-26T00:01:23.343018,63546.77,115773.555,0.799,247.011,75576.933,0.02,0.0
358.996,2026-06-26T00:01:23.393990,63597.156,115773.555,0.789,247.013,75576.933,0.02,0.0
359.047,2026-06-26T00:01:23.444968,63646.227,115773.555,0.782,247.014,75576.933,0.02,0.0
359.098,2026-06-26T00:01:23.495926,63695.207,115773.555,0.777,247.015,75576.933,0.02,0.0
359.149,2026-06-26T00:01:23.546948,63744.383,115773.555,0.774,247.016,75576.933,0.02,0.0
359.2,2026-06-26T00:01:23.597927,63793.535,115773.555,0.817,247.017,75576.933,0.02,0.0
359.251,2026-06-26T00:01:23.648928,63777.809,115773.555,0.802,247.018,75576.933,0.02,0.0
359.302,2026-06-26T00:01:23.699900,63324.332,115773.555,0.837,247.019,75576.933,0.02,0.0
359.353,2026-06-26T00:01:23.750911,62998.332,114973.555,0.816,247.02,75576.933,0.02,0.0
359.404,2026-06-26T00:01:23.801907,62998.332,114973.555,0.801,247.021,75576.933,0.02,0.0
359.455,2026-06-26T00:01:23.852899,62998.332,114973.555,0.79,247.022,75576.933,0.02,0.0
359.506,2026-06-26T00:01:23.903861,62998.332,114973.555,0.783,247.023,75576.933,0.02,0.0
359.557,2026-06-26T00:01:23.954923,62998.332,114973.555,0.732,247.024,75626.933,0.02,979.255
359.608,2026-06-26T00:01:24.005979,63022.336,115773.555,0.65,247.025,75626.933,0.02,0.0
359.659,2026-06-26T00:01:24.057019,63074.18,115773.555,0.684,247.026,75626.933,0.02,0.0
359.71,2026-06-26T00:01:24.108049,63122.414,115773.555,0.755,247.027,75626.933,0.02,0.0
359.761,2026-06-26T00:01:24.159094,63168.836,115773.555,0.758,247.028,75626.933,0.02,0.0
359.812,2026-06-26T00:01:24.210128,63214.523,115773.555,0.76,247.029,75626.933,0.02,0.0
359.864,2026-06-26T00:01:24.261222,63261.086,115773.555,0.762,247.03,75626.933,0.02,0.0
359.915,2026-06-26T00:01:24.312233,63306.906,115773.555,0.809,247.031,75626.933,0.02,0.0
359.966,2026-06-26T00:01:24.363243,63351.984,115773.555,0.75,247.032,75626.933,0.02,0.0
360.017,2026-06-26T00:01:24.414256,63397.18,115773.555,0.801,247.033,75626.933,0.02,0.0
360.068,2026-06-26T00:01:24.465245,63446.645,115773.555,0.79,247.034,75626.933,0.02,0.0
360.119,2026-06-26T00:01:24.516247,63492.801,115773.555,0.737,247.035,75626.933,0.02,0.0
360.17,2026-06-26T00:01:24.567260,63543.527,115773.555,0.792,247.036,75626.933,0.02,0.0
360.221,2026-06-26T00:01:24.618278,63592.488,115773.555,0.784,247.037,75626.933,0.02,0.0
360.272,2026-06-26T00:01:24.669306,63640.227,115773.555,0.778,247.038,75626.933,0.02,0.0
360.323,2026-06-26T00:01:24.720343,63689.672,115773.555,0.775,247.039,75626.933,0.02,0.0
360.374,2026-06-26T00:01:24.771394,63739.211,115773.555,0.772,247.04,75626.933,0.02,0.0
360.425,2026-06-26T00:01:24.822455,63787.086,115773.555,0.816,247.041,75626.933,0.02,0.0
360.476,2026-06-26T00:01:24.873494,63776.305,115773.555,0.8,247.042,75626.933,0.02,0.0
360.527,2026-06-26T00:01:24.924555,63362.332,115773.555,0.79,247.043,75626.933,0.02,0.0
360.578,2026-06-26T00:01:24.975601,62998.332,114973.555,0.829,247.044,75626.933,0.02,0.0
360.629,2026-06-26T00:01:25.026554,62998.332,114973.555,0.81,247.045,75626.933,0.02,0.0
360.68,2026-06-26T00:01:25.077466,62998.332,114973.555,0.797,247.046,75626.933,0.02,0.0
360.731,2026-06-26T00:01:25.128422,62998.332,114973.555,0.788,247.047,75626.933,0.02,0.0
360.782,2026-06-26T00:01:25.179351,62998.332,114973.555,0.828,247.048,75676.933,0.02,982.452
360.833,2026-06-26T00:01:25.230217,63045.098,115773.555,0.764,247.049,75676.933,0.02,0.0
360.884,2026-06-26T00:01:25.281192,63094.914,115773.555,0.764,247.05,75676.933,0.02,0.0
360.935,2026-06-26T00:01:25.332170,63144.184,115773.555,0.811,247.051,75676.933,0.02,0.0
360.985,2026-06-26T00:01:25.383128,63192.59,115773.555,0.797,247.053,75676.933,0.02,0.0
361.037,2026-06-26T00:01:25.434159,63243.105,115773.555,0.834,247.054,75676.933,0.02,0.0
361.087,2026-06-26T00:01:25.485082,63287.395,115773.555,0.814,247.055,75676.933,0.02,0.0
361.138,2026-06-26T00:01:25.536078,63327.266,115773.555,0.753,247.056,75676.933,0.02,0.0
361.189,2026-06-26T00:01:25.587071,63369.52,115773.555,0.803,247.057,75676.933,0.02,0.0
361.24,2026-06-26T00:01:25.638047,63410.938,115773.555,0.838,247.058,75676.933,0.02,0.0
361.291,2026-06-26T00:01:25.689015,63455.75,115773.555,0.816,247.059,75676.933,0.02,0.0
361.342,2026-06-26T00:01:25.740014,63500.285,115773.555,0.801,247.06,75676.933,0.02,0.0
361.393,2026-06-26T00:01:25.791004,63543.086,115773.555,0.791,247.061,75676.933,0.02,0.0
361.444,2026-06-26T00:01:25.842000,63587.734,115773.555,0.783,247.062,75676.933,0.02,0.0
361.495,2026-06-26T00:01:25.892979,63627.695,115773.555,0.778,247.063,75676.933,0.02,0.0
361.546,2026-06-26T00:01:25.943986,63669.207,115773.555,0.82,247.064,75676.933,0.02,0.0
361.597,2026-06-26T00:01:25.994994,63716.059,115773.555,0.804,247.065,75676.933,0.02,0.0
361.648,2026-06-26T00:01:26.045980,63757.809,115773.555,0.747,247.066,75676.933,0.02,0.0
361.699,2026-06-26T00:01:26.096947,63794.781,115773.555,0.752,247.067,75676.933,0.02,0.0
361.75,2026-06-26T00:01:26.147963,63774.832,115773.555,0.803,247.068,75676.933,0.02,0.0
361.801,2026-06-26T00:01:26.198958,63420.332,115773.555,0.791,247.069,75676.933,0.02,0.0
361.852,2026-06-26T00:01:26.249960,62998.332,114973.555,0.784,247.07,75676.933,0.02,0.0
361.903,2026-06-26T00:01:26.300925,62998.332,114973.555,0.778,247.071,75676.933,0.02,0.0
361.954,2026-06-26T00:01:26.351942,62998.332,114973.555,0.775,247.072,75676.933,0.02,0.0
362.005,2026-06-26T00:01:26.402929,62998.332,114973.555,0.772,247.073,75676.933,0.02,0.0
362.056,2026-06-26T00:01:26.453935,62998.332,114973.555,0.816,247.074,75676.933,0.02,0.0
362.107,2026-06-26T00:01:26.504907,63000.113,115023.555,0.801,247.075,75726.933,0.02,980.569
362.158,2026-06-26T00:01:26.555916,63040.332,115023.555,0.791,247.076,75726.933,0.02,0.0
362.209,2026-06-26T00:01:26.606933,62998.332,114973.555,0.783,247.077,75726.933,0.02,0.0
362.26,2026-06-26T00:01:26.657967,63020.551,115773.555,0.778,247.078,75776.933,0.02,980.468
362.311,2026-06-26T00:01:26.708994,63064.828,115773.555,0.82,247.079,75776.933,0.02,0.0
362.362,2026-06-26T00:01:26.760031,63102.617,115773.555,0.804,247.08,75776.933,0.02,0.0
362.413,2026-06-26T00:01:26.810958,63145.715,115773.555,0.793,247.081,75776.933,0.02,0.0
362.464,2026-06-26T00:01:26.861892,63190.441,115773.555,0.785,247.082,75776.933,0.02,0.0
362.515,2026-06-26T00:01:26.912813,63233.469,115773.555,0.78,247.083,75776.933,0.02,0.0
362.566,2026-06-26T00:01:26.963769,63274.781,115773.555,0.776,247.084,75776.933,0.02,0.0
362.617,2026-06-26T00:01:27.014705,63315.859,115773.555,0.819,247.085,75776.933,0.02,0.0
362.668,2026-06-26T00:01:27.065637,63356.535,115773.555,0.803,247.086,75776.933,0.02,0.0
362.719,2026-06-26T00:01:27.116614,63397.277,115773.555,0.792,247.087,75776.933,0.02,0.0
362.77,2026-06-26T00:01:27.167627,63438.742,115773.555,0.784,247.088,75776.933,0.02,0.0
362.821,2026-06-26T00:01:27.218605,63479.605,115773.555,0.825,247.089,75776.933,0.02,0.0
362.872,2026-06-26T00:01:27.269606,63521.707,115773.555,0.807,247.09,75776.933,0.02,0.0
362.923,2026-06-26T00:01:27.320588,63563.953,115773.555,0.749,247.092,75776.933,0.02,0.0
362.974,2026-06-26T00:01:27.371605,63605.852,115773.555,0.8,247.093,75776.933,0.02,0.0
363.025,2026-06-26T00:01:27.422603,63649.094,115773.555,0.79,247.094,75776.933,0.02,0.0
363.076,2026-06-26T00:01:27.473598,63696.812,115773.555,0.829,247.095,75776.933,0.02,0.0
363.201,2026-06-26T00:01:27.598180,63762.863,115773.555,0.938,247.44,75776.933,2.781,0.0
363.251,2026-06-26T00:01:27.648599,63540.363,115773.555,0.935,247.441,75776.933,0.02,0.0
363.302,2026-06-26T00:01:27.699210,62998.363,114973.555,0.886,247.442,75776.933,0.02,0.0
363.352,2026-06-26T00:01:27.749973,62998.363,114973.555,0.851,247.443,75776.933,0.02,0.0
363.403,2026-06-26T00:01:27.800805,62998.363,114973.555,0.826,247.444,75776.933,0.02,0.0
363.454,2026-06-26T00:01:27.851640,62998.363,114973.555,0.808,247.445,75776.933,0.02,0.0
363.505,2026-06-26T00:01:27.902637,62998.363,114973.555,0.796,247.446,75826.933,0.02,980.156
363.556,2026-06-26T00:01:27.953645,63044.121,115023.555,0.833,247.447,75826.933,0.02,0.0
363.607,2026-06-26T00:01:28.004654,62998.363,114973.555,0.813,247.448,75876.933,0.02,980.885
363.658,2026-06-26T00:01:28.055625,63036.941,115023.555,0.799,247.449,75876.933,0.02,0.0
363.709,2026-06-26T00:01:28.106602,62998.363,114973.555,0.835,247.45,75876.933,0.02,0.0
363.76,2026-06-26T00:01:28.157588,63024.566,115023.555,0.768,247.451,75926.933,0.02,980.106
363.811,2026-06-26T00:01:28.208597,62998.363,114973.555,0.814,247.452,75926.933,0.02,0.0
363.862,2026-06-26T00:01:28.259566,63012.559,115773.555,0.754,247.453,75976.933,0.02,980.903
363.913,2026-06-26T00:01:28.310563,63064.555,115773.555,0.803,247.454,75976.933,0.02,0.0
363.964,2026-06-26T00:01:28.361556,63116.773,115773.555,0.792,247.455,75976.933,0.02,0.0
364.015,2026-06-26T00:01:28.412570,63167.93,115773.555,0.784,247.456,75976.933,0.02,0.0
364.066,2026-06-26T00:01:28.463538,63218.93,115773.555,0.779,247.457,75976.933,0.02,0.0
364.117,2026-06-26T00:01:28.514523,63270.238,115773.555,0.775,247.458,75976.933,0.02,0.0
364.168,2026-06-26T00:01:28.565487,63321.168,115773.555,0.773,247.459,75976.933,0.02,0.0
364.219,2026-06-26T00:01:28.616445,63371.0,115773.555,0.771,247.46,75976.933,0.02,0.0
364.27,2026-06-26T00:01:28.667342,63421.395,115773.555,0.816,247.461,75976.933,0.02,0.0
364.321,2026-06-26T00:01:28.718239,63472.836,115773.555,0.801,247.462,75976.933,0.02,0.0
364.371,2026-06-26T00:01:28.769134,63524.637,115773.555,0.791,247.463,75976.933,0.02,0.0
364.422,2026-06-26T00:01:28.820081,63572.816,115773.555,0.738,247.464,75976.933,0.02,0.0
364.473,2026-06-26T00:01:28.870980,63625.941,115773.555,0.792,247.465,75976.933,0.02,0.0
364.524,2026-06-26T00:01:28.921973,63679.613,115773.555,0.877,247.466,75976.933,0.02,0.0
364.575,2026-06-26T00:01:28.972949,63733.004,115773.555,0.797,247.467,75976.933,0.02,0.0
364.626,2026-06-26T00:01:29.023961,63786.723,115773.555,0.834,247.468,75976.933,0.02,0.0
364.677,2026-06-26T00:01:29.074935,63776.168,115773.555,0.768,247.469,75976.933,0.02,0.0
364.728,2026-06-26T00:01:29.125935,63330.363,115773.555,0.767,247.471,75976.933,0.02,0.0
364.779,2026-06-26T00:01:29.176959,62998.363,114973.555,0.766,247.472,75976.933,0.02,0.0
364.83,2026-06-26T00:01:29.228024,62998.363,114973.555,0.766,247.473,75976.933,0.02,0.0
364.881,2026-06-26T00:01:29.279059,62998.363,114973.555,0.766,247.474,75976.933,0.02,0.0
364.932,2026-06-26T00:01:29.330107,62998.363,114973.555,0.811,247.475,75976.933,0.02,0.0
364.984,2026-06-26T00:01:29.381200,63021.5,115773.555,0.797,247.476,76026.933,0.02,979.291
365.035,2026-06-26T00:01:29.432198,63074.367,115773.555,0.788,247.477,76026.933,0.02,0.0
365.086,2026-06-26T00:01:29.483223,63128.18,115773.555,0.781,247.478,76026.933,0.02,0.0
365.137,2026-06-26T00:01:29.534210,63181.52,115773.555,0.777,247.479,76026.933,0.02,0.0
365.188,2026-06-26T00:01:29.585230,63234.629,115773.555,0.819,247.48,76026.933,0.02,0.0
365.239,2026-06-26T00:01:29.636208,63287.652,115773.555,0.803,247.481,76026.933,0.02,0.0
365.29,2026-06-26T00:01:29.687242,63340.168,115773.555,0.792,247.482,76026.933,0.02,0.0
365.341,2026-06-26T00:01:29.738267,63391.324,115773.555,0.738,247.483,76026.933,0.02,0.0
365.392,2026-06-26T00:01:29.789276,63442.914,115773.555,0.792,247.484,76026.933,0.02,0.0
365.443,2026-06-26T00:01:29.840295,63495.238,115773.555,0.785,247.485,76026.933,0.02,0.0
365.494,2026-06-26T00:01:29.891246,63547.355,115773.555,0.825,247.486,76026.933,0.02,0.0
365.545,2026-06-26T00:01:29.942238,63599.066,115773.555,0.807,247.487,76026.933,0.02,0.0
365.596,2026-06-26T00:01:29.993250,63652.188,115773.555,0.841,247.488,76026.933,0.02,0.0
365.647,2026-06-26T00:01:30.044256,63705.566,115773.555,0.772,247.489,76026.933,0.02,0.0
365.698,2026-06-26T00:01:30.095251,63759.301,115773.555,0.816,247.49,76026.933,0.02,0.0
365.749,2026-06-26T00:01:30.146259,63749.363,115773.555,0.755,247.491,76026.933,0.02,0.0
365.8,2026-06-26T00:01:30.197266,63750.363,115773.555,0.804,247.492,76026.933,0.02,0.0
365.851,2026-06-26T00:01:30.248245,62998.363,114973.555,0.839,247.493,76026.933,0.02,0.0
365.902,2026-06-26T00:01:30.299244,62998.363,114973.555,0.817,247.494,76026.933,0.02,0.0
365.953,2026-06-26T00:01:30.350220,62998.363,114973.555,0.802,247.495,76026.933,0.02,0.0
366.003,2026-06-26T00:01:30.401122,62998.363,114973.555,0.792,247.496,76026.933,0.02,0.0
366.054,2026-06-26T00:01:30.452058,62998.363,114973.555,0.784,247.497,76076.933,0.02,982.171
366.105,2026-06-26T00:01:30.502965,63036.867,115773.555,0.825,247.498,76076.933,0.02,0.0
366.156,2026-06-26T00:01:30.553903,63089.156,115773.555,0.762,247.499,76076.933,0.02,0.0
366.207,2026-06-26T00:01:30.604820,63141.105,115773.555,0.809,247.5,76076.933,0.02,0.0
366.258,2026-06-26T00:01:30.655760,63192.078,115773.555,0.797,247.501,76076.933,0.02,0.0
366.309,2026-06-26T00:01:30.706676,63243.883,115773.555,0.742,247.502,76076.933,0.02,0.0
366.36,2026-06-26T00:01:30.757683,63296.254,115773.555,0.795,247.503,76076.933,0.02,0.0
366.411,2026-06-26T00:01:30.808674,63348.273,115773.555,0.74,247.504,76076.933,0.02,0.0
366.462,2026-06-26T00:01:30.859659,63399.457,115773.555,0.84,247.505,76076.933,0.02,0.0
366.513,2026-06-26T00:01:30.910633,63451.742,115773.555,0.818,247.506,76076.933,0.02,0.0
366.564,2026-06-26T00:01:30.961645,63504.508,115773.555,0.802,247.507,76076.933,0.02,0.0
366.615,2026-06-26T00:01:31.012637,63557.27,115773.555,0.791,247.508,76076.933,0.02,0.0
366.666,2026-06-26T00:01:31.063640,63609.957,115773.555,0.784,247.51,76076.933,0.02,0.0
366.717,2026-06-26T00:01:31.114614,63663.328,115773.555,0.779,247.511,76076.933,0.02,0.0
366.768,2026-06-26T00:01:31.165619,63717.066,115773.555,0.867,247.512,76076.933,0.02,0.0
366.819,2026-06-26T00:01:31.216612,63770.27,115773.555,0.836,247.513,76076.933,0.02,0.0
366.87,2026-06-26T00:01:31.267613,63760.285,115773.555,0.815,247.514,76076.933,0.02,0.0
366.921,2026-06-26T00:01:31.318589,63568.363,115773.555,0.8,247.515,76076.933,0.02,0.0
366.972,2026-06-26T00:01:31.369602,62998.363,114973.555,0.79,247.516,76076.933,0.02,0.0
367.023,2026-06-26T00:01:31.420585,62998.363,114973.555,0.783,247.517,76076.933,0.02,0.0
367.074,2026-06-26T00:01:31.471602,62998.363,114973.555,0.778,247.518,76076.933,0.02,0.0
367.125,2026-06-26T00:01:31.522584,62998.363,114973.555,0.774,247.519,76076.933,0.02,0.0
367.176,2026-06-26T00:01:31.573586,63006.363,115023.555,0.772,247.52,76126.933,0.02,980.307
367.227,2026-06-26T00:01:31.624571,62998.363,114973.555,0.77,247.521,76126.933,0.02,0.0
367.278,2026-06-26T00:01:31.675564,62998.363,114973.555,0.769,247.522,76176.933,0.02,980.839
367.329,2026-06-26T00:01:31.726548,63047.867,115023.555,0.814,247.523,76176.933,0.02,0.0
367.38,2026-06-26T00:01:31.777554,62998.363,114973.555,0.754,247.524,76226.933,0.02,980.793
367.431,2026-06-26T00:01:31.828540,63038.254,115773.555,0.803,247.525,76226.933,0.02,0.0
367.482,2026-06-26T00:01:31.879551,63089.852,115773.555,0.792,247.526,76226.933,0.02,0.0
367.533,2026-06-26T00:01:31.930541,63141.312,115773.555,0.784,247.527,76226.933,0.02,0.0
367.584,2026-06-26T00:01:31.981556,63192.93,115773.555,0.779,247.528,76226.933,0.02,0.0
367.635,2026-06-26T00:01:32.032530,63245.113,115773.555,0.821,247.529,76226.933,0.02,0.0
367.686,2026-06-26T00:01:32.083544,63296.0,115773.555,0.804,247.53,76226.933,0.02,0.0
367.737,2026-06-26T00:01:32.134527,63347.562,115773.555,0.839,247.531,76226.933,0.02,0.0
367.788,2026-06-26T00:01:32.185525,63399.605,115773.555,0.817,247.532,76226.933,0.02,0.0
367.839,2026-06-26T00:01:32.236453,63451.617,115773.555,0.756,247.533,76226.933,0.02,0.0
367.89,2026-06-26T00:01:32.287396,63503.633,115773.555,0.759,247.534,76226.933,0.02,0.0
367.941,2026-06-26T00:01:32.338317,63556.586,115773.555,0.808,247.535,76226.933,0.02,0.0
367.992,2026-06-26T00:01:32.389218,63609.801,115773.555,0.795,247.536,76226.933,0.02,0.0
368.042,2026-06-26T00:01:32.440122,63662.934,115773.555,0.787,247.537,76226.933,0.02,0.0
368.093,2026-06-26T00:01:32.491021,63716.059,115773.555,0.827,247.538,76226.933,0.02,0.0
368.214,2026-06-26T00:01:32.611291,63777.398,115773.555,0.95,247.883,76226.933,2.88,0.0
368.264,2026-06-26T00:01:32.661711,63328.395,115773.555,0.897,247.884,76226.933,0.02,0.0
368.315,2026-06-26T00:01:32.712346,62998.395,114973.555,0.859,247.885,76226.933,0.02,0.0
368.365,2026-06-26T00:01:32.762981,62998.395,114973.555,0.832,247.886,76226.933,0.02,0.0
368.416,2026-06-26T00:01:32.813838,62998.395,114973.555,0.813,247.887,76226.933,0.02,0.0
368.467,2026-06-26T00:01:32.864651,62998.395,114973.555,0.799,247.888,76226.933,0.02,0.0
368.518,2026-06-26T00:01:32.915639,63011.336,115773.555,0.789,247.889,76276.933,0.02,980.234
368.569,2026-06-26T00:01:32.966631,63062.457,115773.555,0.828,247.891,76276.933,0.02,0.0
368.62,2026-06-26T00:01:33.017647,63113.895,115773.555,0.809,247.892,76276.933,0.02,0.0
368.671,2026-06-26T00:01:33.068643,63165.109,115773.555,0.75,247.893,76276.933,0.02,0.0
368.722,2026-06-26T00:01:33.119633,63217.023,115773.555,0.755,247.894,76276.933,0.02,0.0
368.773,2026-06-26T00:01:33.170614,63269.094,115773.555,0.804,247.895,76276.933,0.02,0.0
368.824,2026-06-26T00:01:33.221621,63320.777,115773.555,0.794,247.896,76276.933,0.02,0.0
368.875,2026-06-26T00:01:33.272224,63372.508,115773.555,0.833,247.897,76276.933,0.02,0.0
368.926,2026-06-26T00:01:33.323214,63425.035,115773.555,0.813,247.898,76276.933,0.02,0.0
368.977,2026-06-26T00:01:33.374185,63478.398,115773.555,0.799,247.899,76276.933,0.02,0.0
369.028,2026-06-26T00:01:33.425190,63531.801,115773.555,0.789,247.9,76276.933,0.02,0.0
369.078,2026-06-26T00:01:33.476133,63585.328,115773.555,0.782,247.901,76276.933,0.02,0.0
369.129,2026-06-26T00:01:33.527101,63637.801,115773.555,0.777,247.902,76276.933,0.02,0.0
369.18,2026-06-26T00:01:33.578107,63691.129,115773.555,0.82,247.903,76276.933,0.02,0.0
369.231,2026-06-26T00:01:33.629092,63743.645,115773.555,0.758,247.904,76276.933,0.02,0.0
369.282,2026-06-26T00:01:33.680078,63797.062,115773.555,0.806,247.905,76276.933,0.02,0.0
369.333,2026-06-26T00:01:33.731052,63785.871,115773.555,0.794,247.906,76276.933,0.02,0.0
369.384,2026-06-26T00:01:33.782055,63102.395,115773.555,0.74,247.907,76276.933,0.02,0.0
369.435,2026-06-26T00:01:33.833031,62998.395,114973.555,0.748,247.908,76276.933,0.02,0.0
369.486,2026-06-26T00:01:33.884023,62998.395,114973.555,0.753,247.909,76276.933,0.02,0.0
369.537,2026-06-26T00:01:33.934975,62998.395,114973.555,0.757,247.91,76276.933,0.02,0.0
369.588,2026-06-26T00:01:33.985926,62998.395,114973.555,0.806,247.911,76276.933,0.02,0.0
369.639,2026-06-26T00:01:34.036852,63031.996,115023.555,0.794,247.912,76326.933,0.02,981.624
369.69,2026-06-26T00:01:34.087786,62998.395,114973.555,0.832,247.913,76326.933,0.02,0.0
369.741,2026-06-26T00:01:34.138713,63023.047,115023.555,0.812,247.914,76376.933,0.02,981.427
369.792,2026-06-26T00:01:34.189656,62998.395,114973.555,0.799,247.915,76376.933,0.02,0.0
369.843,2026-06-26T00:01:34.240556,63007.457,115773.555,0.835,247.916,76426.933,0.02,980.504
369.894,2026-06-26T00:01:34.291549,63059.73,115773.555,0.86,247.917,76426.933,0.02,0.0
369.945,2026-06-26T00:01:34.342536,63113.219,115773.555,0.832,247.918,76426.933,0.02,0.0
369.996,2026-06-26T00:01:34.393541,63166.664,115773.555,0.812,247.919,76426.933,0.02,0.0
370.047,2026-06-26T00:01:34.444495,63220.219,115773.555,0.799,247.92,76426.933,0.02,0.0
370.098,2026-06-26T00:01:34.495475,63273.617,115773.555,0.789,247.921,76426.933,0.02,0.0
370.149,2026-06-26T00:01:34.546462,63325.605,115773.555,0.782,247.922,76426.933,0.02,0.0
370.2,2026-06-26T00:01:34.597474,63377.34,115773.555,0.823,247.923,76426.933,0.02,0.0
370.251,2026-06-26T00:01:34.648498,63430.219,115773.555,0.806,247.924,76426.933,0.02,0.0
370.302,2026-06-26T00:01:34.699545,63483.363,115773.555,0.793,247.925,76426.933,0.02,0.0
370.353,2026-06-26T00:01:34.750580,63536.48,115773.555,0.785,247.926,76426.933,0.02,0.0
370.404,2026-06-26T00:01:34.801649,63589.926,115773.555,0.779,247.927,76426.933,0.02,0.0
370.455,2026-06-26T00:01:34.852653,63643.34,115773.555,0.775,247.928,76426.933,0.02,0.0
370.506,2026-06-26T00:01:34.903663,63696.727,115773.555,0.772,247.93,76426.933,0.02,0.0
370.557,2026-06-26T00:01:34.954709,63749.379,115773.555,0.816,247.931,76426.933,0.02,0.0
370.608,2026-06-26T00:01:35.005778,63748.395,115723.555,0.801,247.932,76426.933,0.02,0.0
370.659,2026-06-26T00:01:35.056801,63791.668,115773.555,0.79,247.933,76426.933,0.02,0.0
370.71,2026-06-26T00:01:35.107842,63004.395,115773.555,0.829,247.934,76426.933,0.02,0.0
370.761,2026-06-26T00:01:35.158884,62998.395,114973.555,0.809,247.935,76426.933,0.02,0.0
370.812,2026-06-26T00:01:35.209943,62998.395,114973.555,0.796,247.936,76426.933,0.02,0.0
370.863,2026-06-26T00:01:35.260954,62998.395,114973.555,0.787,247.937,76426.933,0.02,0.0
370.914,2026-06-26T00:01:35.311979,62998.395,114973.555,0.781,247.938,76426.933,0.02,0.0
370.965,2026-06-26T00:01:35.363015,63027.723,115773.555,0.73,247.939,76476.933,0.02,978.848
371.016,2026-06-26T00:01:35.414088,63080.246,115773.555,0.786,247.94,76476.933,0.02,0.0
371.067,2026-06-26T00:01:35.465113,63133.895,115773.555,0.78,247.941,76476.933,0.02,0.0
371.119,2026-06-26T00:01:35.516173,63187.457,115773.555,0.822,247.942,76476.933,0.02,0.0
371.17,2026-06-26T00:01:35.567223,63240.789,115773.555,0.805,247.943,76476.933,0.02,0.0
371.221,2026-06-26T00:01:35.618230,63293.746,115773.555,0.793,247.944,76476.933,0.02,0.0
371.272,2026-06-26T00:01:35.669243,63347.086,115773.555,0.785,247.945,76476.933,0.02,0.0
371.323,2026-06-26T00:01:35.720213,63399.551,115773.555,0.826,247.946,76476.933,0.02,0.0
371.373,2026-06-26T00:01:35.771117,63451.52,115773.555,0.762,247.947,76476.933,0.02,0.0
371.424,2026-06-26T00:01:35.822069,63503.312,115773.555,0.81,247.948,76476.933,0.02,0.0
371.475,2026-06-26T00:01:35.872982,63556.652,115773.555,0.797,247.949,76476.933,0.02,0.0
371.526,2026-06-26T00:01:35.923925,63609.84,115773.555,0.788,247.95,76476.933,0.02,0.0
371.577,2026-06-26T00:01:35.974837,63663.219,115773.555,0.781,247.951,76476.933,0.02,0.0
371.628,2026-06-26T00:01:36.025794,63716.527,115773.555,0.777,247.952,76476.933,0.02,0.0
371.679,2026-06-26T00:01:36.076746,63769.977,115773.555,0.774,247.953,76476.933,0.02,0.0
371.73,2026-06-26T00:01:36.127743,63759.715,115773.555,0.817,247.954,76476.933,0.02,0.0
371.781,2026-06-26T00:01:36.178735,63568.395,115773.555,0.848,247.955,76476.933,0.02,0.0
371.832,2026-06-26T00:01:36.229741,62998.395,114973.555,0.823,247.956,76476.933,0.02,0.0
371.883,2026-06-26T00:01:36.280721,62998.395,114973.555,0.806,247.957,76476.933,0.02,0.0
371.934,2026-06-26T00:01:36.331720,62998.395,114973.555,0.794,247.958,76476.933,0.02,0.0
371.985,2026-06-26T00:01:36.382709,62998.395,114973.555,0.786,247.959,76476.933,0.02,0.0
372.036,2026-06-26T00:01:36.433709,62998.395,114973.555,0.78,247.96,76526.933,0.02,980.541
372.087,2026-06-26T00:01:36.484684,63038.395,115023.555,0.776,247.961,76526.933,0.02,0.0
372.138,2026-06-26T00:01:36.535682,62998.395,114973.555,0.773,247.962,76526.933,0.02,0.0
372.189,2026-06-26T00:01:36.586684,63029.199,115023.555,0.771,247.963,76576.933,0.02,980.193
372.24,2026-06-26T00:01:36.637702,62998.395,114973.555,0.769,247.964,76576.933,0.02,0.0
372.291,2026-06-26T00:01:36.688701,63009.586,115773.555,0.814,247.965,76626.933,0.02,980.142
372.342,2026-06-26T00:01:36.739705,63061.918,115773.555,0.8,247.966,76626.933,0.02,0.0
372.393,2026-06-26T00:01:36.790688,63115.391,115773.555,0.789,247.967,76626.933,0.02,0.0
372.444,2026-06-26T00:01:36.841719,63168.918,115773.555,0.828,247.968,76626.933,0.02,0.0
372.495,2026-06-26T00:01:36.892699,63220.27,115773.555,0.764,247.97,76626.933,0.02,0.0
372.546,2026-06-26T00:01:36.943703,63272.355,115773.555,0.764,247.971,76626.933,0.02,0.0
372.597,2026-06-26T00:01:36.994687,63325.215,115773.555,0.765,247.972,76626.933,0.02,0.0
372.648,2026-06-26T00:01:37.045706,63376.633,115773.555,0.811,247.973,76626.933,0.02,0.0
372.699,2026-06-26T00:01:37.096707,63429.645,115773.555,0.797,247.974,76626.933,0.02,0.0
372.75,2026-06-26T00:01:37.147720,63482.77,115773.555,0.742,247.975,76626.933,0.02,0.0
372.801,2026-06-26T00:01:37.198724,63535.895,115773.555,0.795,247.976,76626.933,0.02,0.0
372.852,2026-06-26T00:01:37.249707,63589.328,115773.555,0.832,247.977,76626.933,0.02,0.0
372.903,2026-06-26T00:01:37.300695,63642.535,115773.555,0.812,247.978,76626.933,0.02,0.0
372.954,2026-06-26T00:01:37.351707,63695.922,115773.555,0.799,247.979,76626.933,0.02,0.0
373.005,2026-06-26T00:01:37.402692,63749.379,115773.555,0.789,247.98,76626.933,0.02,0.0
373.056,2026-06-26T00:01:37.453673,63748.395,115723.555,0.828,247.981,76626.933,0.02,0.0
373.107,2026-06-26T00:01:37.504615,63791.395,115773.555,0.763,247.982,76626.933,0.02,0.0
373.231,2026-06-26T00:01:37.629016,62998.426,114973.555,0.931,248.327,76626.933,2.785,0.0
373.282,2026-06-26T00:01:37.679439,62998.426,114973.555,0.883,248.328,76626.933,0.02,0.0
373.332,2026-06-26T00:01:37.729993,62998.426,114973.555,0.85,248.329,76626.933,0.02,0.0
373.383,2026-06-26T00:01:37.780590,62998.426,114973.555,0.826,248.33,76676.933,0.02,986.055
373.434,2026-06-26T00:01:37.831345,63048.551,115773.555,0.809,248.331,76676.933,0.02,0.0
373.485,2026-06-26T00:01:37.882223,63101.09,115773.555,0.797,248.332,76676.933,0.02,0.0
373.536,2026-06-26T00:01:37.933232,63154.512,115773.555,0.787,248.333,76676.933,0.02,0.0
373.587,2026-06-26T00:01:37.984202,63207.887,115773.555,0.781,248.334,76676.933,0.02,0.0
373.638,2026-06-26T00:01:38.035208,63261.32,115773.555,0.776,248.335,76676.933,0.02,0.0
373.689,2026-06-26T00:01:38.086185,63314.598,115773.555,0.819,248.336,76676.933,0.02,0.0
373.739,2026-06-26T00:01:38.137120,63365.613,115773.555,0.803,248.337,76676.933,0.02,0.0
373.79,2026-06-26T00:01:38.188132,63415.707,115773.555,0.792,248.338,76676.933,0.02,0.0
373.841,2026-06-26T00:01:38.239113,63467.938,115773.555,0.784,248.339,76676.933,0.02,0.0
373.892,2026-06-26T00:01:38.290116,63520.785,115773.555,0.779,248.34,76676.933,0.02,0.0
373.943,2026-06-26T00:01:38.341096,63573.738,115773.555,0.775,248.341,76676.933,0.02,0.0
373.994,2026-06-26T00:01:38.392106,63626.676,115773.555,0.818,248.342,76676.933,0.02,0.0
374.045,2026-06-26T00:01:38.443097,63680.121,115773.555,0.802,248.343,76676.933,0.02,0.0
374.096,2026-06-26T00:01:38.494088,63733.562,115773.555,0.792,248.344,76676.933,0.02,0.0
374.147,2026-06-26T00:01:38.545075,63786.828,115773.555,0.784,248.345,76676.933,0.02,0.0
374.198,2026-06-26T00:01:38.596082,63775.953,115773.555,0.825,248.346,76676.933,0.02,0.0
374.249,2026-06-26T00:01:38.647079,63306.426,115773.555,0.761,248.347,76676.933,0.02,0.0
374.3,2026-06-26T00:01:38.698091,62998.426,114973.555,0.763,248.348,76676.933,0.02,0.0
374.351,2026-06-26T00:01:38.749075,62998.426,114973.555,0.763,248.35,76676.933,0.02,0.0
374.402,2026-06-26T00:01:38.800086,62998.426,114973.555,0.764,248.351,76676.933,0.02,0.0
374.453,2026-06-26T00:01:38.851084,62998.426,114973.555,0.811,248.352,76676.933,0.02,0.0
374.504,2026-06-26T00:01:38.902095,63015.09,115023.555,0.797,248.353,76726.933,0.02,980.844
374.555,2026-06-26T00:01:38.953078,62998.426,114973.555,0.834,248.354,76726.933,0.02,0.0
374.606,2026-06-26T00:01:39.004082,62998.426,114973.555,0.675,248.355,76726.933,0.02,0.0
374.657,2026-06-26T00:01:39.055040,62998.426,114973.555,0.565,248.356,76726.933,0.02,0.0
374.708,2026-06-26T00:01:39.106030,62998.426,115023.555,0.533,248.357,76776.933,0.02,980.449
374.759,2026-06-26T00:01:39.157015,63036.957,115023.555,0.557,248.358,76776.933,0.02,0.0
374.81,2026-06-26T00:01:39.208025,62998.426,114973.555,0.62,248.359,76776.933,0.02,0.0
374.861,2026-06-26T00:01:39.259004,62376.426,114973.555,0.71,248.36,76826.933,0.02,981.11
374.912,2026-06-26T00:01:39.309997,61398.426,113373.555,0.726,248.361,76826.933,0.02,0.0
374.963,2026-06-26T00:01:39.360991,61398.426,113373.555,0.738,248.362,76826.933,0.02,0.0
375.014,2026-06-26T00:01:39.411933,61398.426,113373.555,0.747,248.363,76826.933,0.02,0.0
375.065,2026-06-26T00:01:39.462860,61398.426,113373.555,0.753,248.364,76826.933,0.02,0.0
375.116,2026-06-26T00:01:39.513794,61398.426,113373.555,0.757,248.365,76826.933,0.02,0.0
375.167,2026-06-26T00:01:39.564718,61398.426,113373.555,0.806,248.366,76826.933,0.02,0.0
375.218,2026-06-26T00:01:39.615663,61369.609,114123.555,0.795,248.367,76826.933,0.02,0.0
375.269,2026-06-26T00:01:39.666555,61416.543,114123.555,0.786,248.368,76826.933,0.02,0.0
375.32,2026-06-26T00:01:39.717534,61463.898,114123.555,0.78,248.369,76826.933,0.02,0.0
375.371,2026-06-26T00:01:39.768522,61512.488,114123.555,0.776,248.37,76826.933,0.02,0.0
375.422,2026-06-26T00:01:39.819541,61561.945,114123.555,0.773,248.371,76826.933,0.02,0.0
375.473,2026-06-26T00:01:39.870509,61611.18,114123.555,0.771,248.372,76826.933,0.02,0.0
375.524,2026-06-26T00:01:39.921490,61660.633,114123.555,0.769,248.373,76826.933,0.02,0.0
375.575,2026-06-26T00:01:39.972486,61710.891,114123.555,0.86,248.374,76826.933,0.02,0.0
375.626,2026-06-26T00:01:40.023502,61761.562,114123.555,0.786,248.375,76826.933,0.02,0.0
375.677,2026-06-26T00:01:40.074481,61812.078,114123.555,0.78,248.376,76826.933,0.02,0.0
375.728,2026-06-26T00:01:40.125473,61862.781,114123.555,0.776,248.377,76826.933,0.02,0.0
375.779,2026-06-26T00:01:40.176463,61913.539,114123.555,0.773,248.378,76826.933,0.02,0.0
375.83,2026-06-26T00:01:40.227472,61964.133,114123.555,0.817,248.379,76826.933,0.02,0.0
375.881,2026-06-26T00:01:40.278466,62014.801,114123.555,0.802,248.38,76826.933,0.02,0.0
375.932,2026-06-26T00:01:40.329471,62066.402,114123.555,0.791,248.381,76826.933,0.02,0.0
375.983,2026-06-26T00:01:40.380467,62117.992,114123.555,0.783,248.382,76826.933,0.02,0.0
376.034,2026-06-26T00:01:40.431480,62169.633,114173.555,0.778,248.383,76826.933,0.02,0.0
376.085,2026-06-26T00:01:40.482448,61896.426,114173.555,0.774,248.384,76826.933,0.02,0.0
376.136,2026-06-26T00:01:40.533453,61398.426,113373.555,0.772,248.385,76826.933,0.02,0.0
376.187,2026-06-26T00:01:40.584433,61398.426,113373.555,0.77,248.386,76826.933,0.02,0.0
376.238,2026-06-26T00:01:40.635452,61398.426,113373.555,0.769,248.387,76826.933,0.02,0.0
376.289,2026-06-26T00:01:40.686436,61398.426,113373.555,0.768,248.388,76826.933,0.02,0.0
376.34,2026-06-26T00:01:40.737443,61399.426,113423.555,0.859,248.39,76876.933,0.02,979.968
376.391,2026-06-26T00:01:40.788445,61402.426,113423.555,0.831,248.391,76876.933,0.02,0.0
376.442,2026-06-26T00:01:40.839457,61398.426,113373.555,0.812,248.392,76876.933,0.02,0.0
376.493,2026-06-26T00:01:40.890494,61432.801,114173.555,0.798,248.393,76926.933,0.02,979.291
376.544,2026-06-26T00:01:40.941533,61483.738,114173.555,0.834,248.394,76926.933,0.02,0.0
376.595,2026-06-26T00:01:40.992579,61534.66,114173.555,0.813,248.395,76926.933,0.02,0.0
376.646,2026-06-26T00:01:41.043649,61585.707,114173.555,0.753,248.396,76926.933,0.02,0.0
376.697,2026-06-26T00:01:41.094686,61636.688,114173.555,0.803,248.397,76926.933,0.02,0.0
376.748,2026-06-26T00:01:41.145744,61687.637,114173.555,0.837,248.398,76926.933,0.02,0.0
376.799,2026-06-26T00:01:41.196769,61738.504,114173.555,0.816,248.399,76926.933,0.02,0.0
376.85,2026-06-26T00:01:41.247722,61789.051,114173.555,0.801,248.4,76926.933,0.02,0.0
376.901,2026-06-26T00:01:41.298649,61839.051,114173.555,0.791,248.401,76926.933,0.02,0.0
376.952,2026-06-26T00:01:41.349576,61889.004,114173.555,0.784,248.402,76926.933,0.02,0.0
377.003,2026-06-26T00:01:41.400510,61938.723,114173.555,0.779,248.403,76926.933,0.02,0.0
377.054,2026-06-26T00:01:41.451469,61987.996,114173.555,0.775,248.404,76926.933,0.02,0.0
377.105,2026-06-26T00:01:41.502362,62035.621,114173.555,0.773,248.405,76926.933,0.02,0.0
377.156,2026-06-26T00:01:41.553355,62083.055,114173.555,0.771,248.406,76926.933,0.02,0.0
377.207,2026-06-26T00:01:41.604334,62133.402,114173.555,0.769,248.407,76926.933,0.02,0.0
377.258,2026-06-26T00:01:41.655344,62184.871,114173.555,0.814,248.408,76926.933,0.02,0.0
377.309,2026-06-26T00:01:41.706352,62173.512,114173.555,0.8,248.409,76926.933,0.02,0.0
377.36,2026-06-26T00:01:41.757355,61772.426,114173.555,0.835,248.41,76926.933,0.02,0.0
377.411,2026-06-26T00:01:41.808350,61398.426,113373.555,0.814,248.411,76926.933,0.02,0.0
377.462,2026-06-26T00:01:41.859357,61398.426,113373.555,0.8,248.412,76926.933,0.02,0.0
377.513,2026-06-26T00:01:41.910417,61398.426,113373.555,0.789,248.413,76926.933,0.02,0.0
377.564,2026-06-26T00:01:41.961453,61398.426,113373.555,0.782,248.414,76926.933,0.02,0.0
377.615,2026-06-26T00:01:42.012442,61402.035,113423.555,0.777,248.415,76976.933,0.02,980.715
377.666,2026-06-26T00:01:42.063434,61398.426,113373.555,0.774,248.416,76976.933,0.02,0.0
377.717,2026-06-26T00:01:42.114387,61398.426,113373.555,0.772,248.417,77026.933,0.02,980.757
377.768,2026-06-26T00:01:42.165410,61435.91,113423.555,0.77,248.418,77026.933,0.02,0.0
377.819,2026-06-26T00:01:42.216414,61398.426,113373.555,0.769,248.419,77026.933,0.02,0.0
377.87,2026-06-26T00:01:42.267410,61418.191,114173.555,0.814,248.42,77076.933,0.02,980.78
377.921,2026-06-26T00:01:42.318383,61468.32,114173.555,0.8,248.421,77076.933,0.02,0.0
377.972,2026-06-26T00:01:42.369391,61518.992,114173.555,0.835,248.422,77076.933,0.02,0.0
378.023,2026-06-26T00:01:42.420389,61570.215,114173.555,0.815,248.423,77076.933,0.02,0.0
378.074,2026-06-26T00:01:42.471387,61621.062,114173.555,0.754,248.424,77076.933,0.02,0.0
378.125,2026-06-26T00:01:42.522344,61672.223,114173.555,0.804,248.425,77076.933,0.02,0.0
378.245,2026-06-26T00:01:42.642788,61794.754,114173.555,0.933,248.771,77076.933,2.877,0.0
378.296,2026-06-26T00:01:42.693206,61846.316,114173.555,0.885,248.772,77076.933,0.02,0.0
378.346,2026-06-26T00:01:42.743821,61897.148,114173.555,0.851,248.773,77076.933,0.02,0.0
378.397,2026-06-26T00:01:42.794502,61948.641,114173.555,0.827,248.774,77076.933,0.02,0.0
378.448,2026-06-26T00:01:42.845314,62000.32,114173.555,0.809,248.775,77076.933,0.02,0.0
378.499,2026-06-26T00:01:42.896271,62052.453,114173.555,0.842,248.776,77076.933,0.02,0.0
378.55,2026-06-26T00:01:42.947281,62105.305,114173.555,0.773,248.777,77076.933,0.02,0.0
378.601,2026-06-26T00:01:42.998258,62158.016,114173.555,0.863,248.778,77076.933,0.02,0.0
378.652,2026-06-26T00:01:43.049214,62148.457,114123.555,0.834,248.779,77076.933,0.02,0.0
378.702,2026-06-26T00:01:43.100107,62194.68,114173.555,0.814,248.78,77076.933,0.02,0.0
378.753,2026-06-26T00:01:43.151033,61470.457,114173.555,0.8,248.781,77076.933,0.02,0.0
378.804,2026-06-26T00:01:43.201973,61398.457,113373.555,0.79,248.782,77076.933,0.02,0.0
378.855,2026-06-26T00:01:43.252897,61398.457,113373.555,0.783,248.783,77076.933,0.02,0.0
378.906,2026-06-26T00:01:43.303830,61398.457,113373.555,0.824,248.784,77076.933,0.02,0.0
378.957,2026-06-26T00:01:43.354805,61398.457,113373.555,0.807,248.785,77076.933,0.02,0.0
379.008,2026-06-26T00:01:43.405813,61431.922,113423.555,0.794,248.786,77126.933,0.02,980.472
379.059,2026-06-26T00:01:43.456792,61398.387,113373.555,0.832,248.787,77126.933,0.02,0.0
379.11,2026-06-26T00:01:43.507801,61420.32,113423.555,0.766,248.788,77176.933,0.02,980.977
379.161,2026-06-26T00:01:43.558781,61398.387,113373.555,0.766,248.789,77176.933,0.02,0.0
379.212,2026-06-26T00:01:43.609787,61411.422,114173.555,0.766,248.79,77226.933,0.02,980.697
379.263,2026-06-26T00:01:43.660749,61462.012,114173.555,0.766,248.791,77226.933,0.02,0.0
379.314,2026-06-26T00:01:43.711751,61512.957,114173.555,0.812,248.792,77226.933,0.02,0.0
379.365,2026-06-26T00:01:43.762742,61563.48,114173.555,0.798,248.793,77226.933,0.02,0.0
379.416,2026-06-26T00:01:43.813759,61614.281,114173.555,0.789,248.794,77226.933,0.02,0.0
379.467,2026-06-26T00:01:43.864729,61665.164,114173.555,0.782,248.795,77226.933,0.02,0.0
379.518,2026-06-26T00:01:43.915703,61715.828,114173.555,0.777,248.796,77226.933,0.02,0.0
379.569,2026-06-26T00:01:43.966695,61766.59,114173.555,0.774,248.797,77226.933,0.02,0.0
379.62,2026-06-26T00:01:44.017707,61816.645,114173.555,0.817,248.798,77226.933,0.02,0.0
379.671,2026-06-26T00:01:44.068659,61866.59,114173.555,0.848,248.799,77226.933,0.02,0.0
379.722,2026-06-26T00:01:44.119630,61913.234,114173.555,0.778,248.8,77226.933,0.02,0.0
379.773,2026-06-26T00:01:44.170617,61962.918,114173.555,0.82,248.801,77226.933,0.02,0.0
379.824,2026-06-26T00:01:44.221654,62011.527,114173.555,0.804,248.802,77226.933,0.02,0.0
379.875,2026-06-26T00:01:44.272624,62061.902,114173.555,0.747,248.803,77226.933,0.02,0.0
379.926,2026-06-26T00:01:44.323615,62114.812,114173.555,0.752,248.805,77226.933,0.02,0.0
379.977,2026-06-26T00:01:44.374598,62167.785,114173.555,0.803,248.806,77226.933,0.02,0.0
380.028,2026-06-26T00:01:44.425607,62157.055,114173.555,0.791,248.807,77226.933,0.02,0.0
380.079,2026-06-26T00:01:44.476595,62036.387,114173.555,0.83,248.808,77226.933,0.02,0.0
380.13,2026-06-26T00:01:44.527569,61398.387,113373.555,0.811,248.809,77226.933,0.02,0.0
380.181,2026-06-26T00:01:44.578564,61398.387,113373.555,0.797,248.81,77226.933,0.02,0.0
380.232,2026-06-26T00:01:44.629575,61398.387,113373.555,0.788,248.811,77226.933,0.02,0.0
380.283,2026-06-26T00:01:44.680539,61398.387,113373.555,0.782,248.812,77226.933,0.02,0.0
380.334,2026-06-26T00:01:44.731532,61398.387,113373.555,0.777,248.813,77276.933,0.02,980.468
380.385,2026-06-26T00:01:44.782503,61447.367,113423.555,0.774,248.814,77276.933,0.02,0.0
380.436,2026-06-26T00:01:44.833449,61398.387,113373.555,0.772,248.815,77326.933,0.02,981.427
380.487,2026-06-26T00:01:44.884372,61439.012,114173.555,0.816,248.816,77326.933,0.02,0.0
380.538,2026-06-26T00:01:44.935269,61488.719,114173.555,0.756,248.817,77326.933,0.02,0.0
380.589,2026-06-26T00:01:44.986210,61537.703,114173.555,0.805,248.818,77326.933,0.02,0.0
380.639,2026-06-26T00:01:45.037108,61587.367,114173.555,0.794,248.819,77326.933,0.02,0.0
380.69,2026-06-26T00:01:45.088034,61637.016,114173.555,0.786,248.82,77326.933,0.02,0.0
380.741,2026-06-26T00:01:45.138968,61686.965,114173.555,0.78,248.821,77326.933,0.02,0.0
380.792,2026-06-26T00:01:45.189963,61737.262,114173.555,0.776,248.822,77326.933,0.02,0.0
380.843,2026-06-26T00:01:45.240974,61787.742,114173.555,0.773,248.823,77326.933,0.02,0.0
380.894,2026-06-26T00:01:45.291942,61838.465,114173.555,0.817,248.824,77326.933,0.02,0.0
380.945,2026-06-26T00:01:45.342934,61889.266,114173.555,0.847,248.825,77326.933,0.02,0.0
380.996,2026-06-26T00:01:45.393929,61940.027,114173.555,0.823,248.826,77326.933,0.02,0.0
381.047,2026-06-26T00:01:45.444938,61990.062,114173.555,0.76,248.827,77326.933,0.02,0.0
381.098,2026-06-26T00:01:45.495915,62040.574,114173.555,0.808,248.828,77326.933,0.02,0.0
381.149,2026-06-26T00:01:45.546904,62091.391,114173.555,0.795,248.829,77326.933,0.02,0.0
381.2,2026-06-26T00:01:45.597887,62142.957,114173.555,0.741,248.83,77326.933,0.02,0.0
381.251,2026-06-26T00:01:45.648914,62194.84,114173.555,0.794,248.831,77326.933,0.02,0.0
381.302,2026-06-26T00:01:45.699883,62183.484,114173.555,0.786,248.832,77326.933,0.02,0.0
381.353,2026-06-26T00:01:45.750884,61668.387,114173.555,0.78,248.833,77326.933,0.02,0.0
381.404,2026-06-26T00:01:45.801863,61398.387,113373.555,0.822,248.834,77326.933,0.02,0.0
381.455,2026-06-26T00:01:45.852880,61398.387,113373.555,0.805,248.835,77326.933,0.02,0.0
381.506,2026-06-26T00:01:45.903882,61398.387,113373.555,0.793,248.836,77326.933,0.02,0.0
381.557,2026-06-26T00:01:45.954885,61398.387,113373.555,0.785,248.837,77326.933,0.02,0.0
381.608,2026-06-26T00:01:46.005875,61419.742,113423.555,0.825,248.838,77376.933,0.02,979.634
381.659,2026-06-26T00:01:46.056899,61398.387,113373.555,0.808,248.839,77376.933,0.02,0.0
381.71,2026-06-26T00:01:46.107872,61410.973,114173.555,0.841,248.84,77426.933,0.02,980.624
381.761,2026-06-26T00:01:46.158871,61461.949,114173.555,0.819,248.841,77426.933,0.02,0.0
381.812,2026-06-26T00:01:46.209850,61513.137,114173.555,0.803,248.842,77426.933,0.02,0.0
381.863,2026-06-26T00:01:46.260860,61563.465,114173.555,0.792,248.843,77426.933,0.02,0.0
381.914,2026-06-26T00:01:46.311842,61614.266,114173.555,0.784,248.845,77426.933,0.02,0.0
381.965,2026-06-26T00:01:46.362850,61665.188,114173.555,0.825,248.846,77426.933,0.02,0.0
382.016,2026-06-26T00:01:46.413837,61716.59,114173.555,0.761,248.847,77426.933,0.02,0.0
382.067,2026-06-26T00:01:46.464843,61768.668,114173.555,0.808,248.848,77426.933,0.02,0.0
382.118,2026-06-26T00:01:46.515876,61819.793,114173.555,0.749,248.849,77426.933,0.02,0.0
382.169,2026-06-26T00:01:46.566916,61871.023,114173.555,0.8,248.85,77426.933,0.02,0.0
382.22,2026-06-26T00:01:46.617931,61922.047,114173.555,0.79,248.851,77426.933,0.02,0.0
382.271,2026-06-26T00:01:46.668867,61970.371,114173.555,0.783,248.852,77426.933,0.02,0.0
382.322,2026-06-26T00:01:46.719854,62018.953,114173.555,0.778,248.853,77426.933,0.02,0.0
382.373,2026-06-26T00:01:46.770793,62069.793,114173.555,0.775,248.854,77426.933,0.02,0.0
382.424,2026-06-26T00:01:46.821729,62122.52,114173.555,0.772,248.855,77426.933,0.02,0.0
382.475,2026-06-26T00:01:46.872667,62175.324,114173.555,0.771,248.856,77426.933,0.02,0.0
382.526,2026-06-26T00:01:46.923558,62164.453,114173.555,0.77,248.857,77426.933,0.02,0.0
382.577,2026-06-26T00:01:46.974534,61924.387,114173.555,0.815,248.858,77426.933,0.02,0.0
382.628,2026-06-26T00:01:47.025515,61398.387,113373.555,0.8,248.859,77426.933,0.02,0.0
382.679,2026-06-26T00:01:47.076520,61398.387,113373.555,0.836,248.86,77426.933,0.02,0.0
382.73,2026-06-26T00:01:47.127477,61398.387,113373.555,0.815,248.861,77426.933,0.02,0.0
382.781,2026-06-26T00:01:47.178493,61398.387,113373.555,0.846,248.862,77426.933,0.02,0.0
382.832,2026-06-26T00:01:47.229467,61400.73,113423.555,0.776,248.863,77476.933,0.02,981.808
382.883,2026-06-26T00:01:47.280425,61398.387,113373.555,0.773,248.864,77476.933,0.02,0.0
382.934,2026-06-26T00:01:47.331391,61398.387,113373.555,0.771,248.865,77526.933,0.02,980.592
382.985,2026-06-26T00:01:47.382397,61443.125,114173.555,0.77,248.866,77526.933,0.02,0.0
383.036,2026-06-26T00:01:47.433380,61492.727,114173.555,0.815,248.867,77526.933,0.02,0.0
383.087,2026-06-26T00:01:47.484372,61542.055,114173.555,0.8,248.868,77526.933,0.02,0.0
383.138,2026-06-26T00:01:47.535346,61591.441,114173.555,0.79,248.869,77526.933,0.02,0.0
383.259,2026-06-26T00:01:47.657019,61710.383,114173.555,0.92,249.214,77526.933,2.848,0.0
383.31,2026-06-26T00:01:47.707457,61760.371,114173.555,0.876,249.215,77526.933,0.02,0.0
383.36,2026-06-26T00:01:47.758067,61811.434,114173.555,0.844,249.216,77526.933,0.02,0.0
383.411,2026-06-26T00:01:47.808729,61862.953,114173.555,0.822,249.217,77526.933,0.02,0.0
383.462,2026-06-26T00:01:47.859542,61914.402,114173.555,0.806,249.218,77526.933,0.02,0.0
383.513,2026-06-26T00:01:47.910390,61963.984,114173.555,0.84,249.22,77526.933,0.02,0.0
383.564,2026-06-26T00:01:47.961382,62015.859,114173.555,0.818,249.221,77526.933,0.02,0.0
383.615,2026-06-26T00:01:48.012385,62067.629,114173.555,0.848,249.222,77526.933,0.02,0.0
383.666,2026-06-26T00:01:48.063368,62119.633,114173.555,0.824,249.223,77526.933,0.02,0.0
383.717,2026-06-26T00:01:48.114370,62172.109,114173.555,0.806,249.224,77526.933,0.02,0.0
383.768,2026-06-26T00:01:48.165359,62161.438,114173.555,0.794,249.225,77526.933,0.02,0.0
383.819,2026-06-26T00:01:48.216355,62008.418,114173.555,0.786,249.226,77526.933,0.02,0.0
383.87,2026-06-26T00:01:48.267341,61398.418,113373.555,0.826,249.227,77526.933,0.02,0.0
383.921,2026-06-26T00:01:48.318340,61398.418,113373.555,0.808,249.228,77526.933,0.02,0.0
383.972,2026-06-26T00:01:48.369320,61398.418,113373.555,0.795,249.229,77526.933,0.02,0.0
384.023,2026-06-26T00:01:48.420295,61398.418,113373.555,0.787,249.23,77526.933,0.02,0.0
384.074,2026-06-26T00:01:48.471195,61398.418,113373.555,0.781,249.231,77576.933,0.02,980.899
384.125,2026-06-26T00:01:48.522202,61447.652,113423.555,0.776,249.232,77576.933,0.02,0.0
384.175,2026-06-26T00:01:48.573103,61398.418,113373.555,0.774,249.233,77626.933,0.02,981.817
384.226,2026-06-26T00:01:48.624031,61438.918,113423.555,0.772,249.234,77626.933,0.02,0.0
384.277,2026-06-26T00:01:48.674957,61398.418,113373.555,0.817,249.235,77626.933,0.02,0.0
384.328,2026-06-26T00:01:48.725838,61429.504,114173.555,0.801,249.236,77676.933,0.02,981.565
384.379,2026-06-26T00:01:48.776801,61480.328,114173.555,0.791,249.237,77676.933,0.02,0.0
384.43,2026-06-26T00:01:48.827783,61529.934,114173.555,0.784,249.238,77676.933,0.02,0.0
384.481,2026-06-26T00:01:48.878769,61580.641,114173.555,0.778,249.239,77676.933,0.02,0.0
384.532,2026-06-26T00:01:48.929735,61631.238,114173.555,0.821,249.24,77676.933,0.02,0.0
384.583,2026-06-26T00:01:48.980743,61682.074,114173.555,0.804,249.241,77676.933,0.02,0.0
384.634,2026-06-26T00:01:49.031724,61732.668,114173.555,0.793,249.242,77676.933,0.02,0.0
384.685,2026-06-26T00:01:49.082718,61782.793,114173.555,0.739,249.243,77676.933,0.02,0.0
384.736,2026-06-26T00:01:49.133694,61829.922,114173.555,0.795,249.244,77676.933,0.017,0.0
384.797,2026-06-26T00:01:49.194377,61890.605,114173.555,0.825,249.245,77676.933,0.02,0.0
384.848,2026-06-26T00:01:49.245361,61940.859,114173.555,0.807,249.246,77676.933,0.02,0.0
384.899,2026-06-26T00:01:49.296355,61989.91,114173.555,0.841,249.247,77676.933,0.02,0.0
384.95,2026-06-26T00:01:49.347321,62041.195,114173.555,0.819,249.248,77676.933,0.02,0.0
385.001,2026-06-26T00:01:49.398279,62093.984,114173.555,0.803,249.249,77676.933,0.02,0.0
385.052,2026-06-26T00:01:49.449245,62147.109,114173.555,0.792,249.25,77676.933,0.02,0.0
385.103,2026-06-26T00:01:49.500205,62172.418,114173.555,0.785,249.251,77676.933,0.02,0.0
385.154,2026-06-26T00:01:49.551206,62187.422,114173.555,0.779,249.252,77676.933,0.02,0.0
385.205,2026-06-26T00:01:49.602193,61630.418,114173.555,0.821,249.253,77676.933,0.02,0.0
385.256,2026-06-26T00:01:49.653193,61398.418,113373.555,0.805,249.254,77676.933,0.02,0.0
385.306,2026-06-26T00:01:49.704131,61398.418,113373.555,0.793,249.255,77676.933,0.02,0.0
385.357,2026-06-26T00:01:49.755107,61398.418,113373.555,0.785,249.256,77676.933,0.02,0.0
385.408,2026-06-26T00:01:49.806111,61398.418,113373.555,0.825,249.257,77676.933,0.02,0.0
385.459,2026-06-26T00:01:49.857090,61422.062,114173.555,0.807,249.258,77726.933,0.02,980.01
385.51,2026-06-26T00:01:49.908084,61473.84,114173.555,0.795,249.259,77726.933,0.02,0.0
385.561,2026-06-26T00:01:49.959052,61525.074,114173.555,0.786,249.261,77726.933,0.02,0.0
385.612,2026-06-26T00:01:50.010069,61575.234,114173.555,0.78,249.262,77726.933,0.02,0.0
385.663,2026-06-26T00:01:50.061056,61624.484,114173.555,0.776,249.263,77726.933,0.02,0.0
385.714,2026-06-26T00:01:50.112051,61673.672,114173.555,0.819,249.264,77726.933,0.02,0.0
385.765,2026-06-26T00:01:50.163023,61723.855,114173.555,0.757,249.265,77726.933,0.02,0.0
385.816,2026-06-26T00:01:50.214025,61773.609,114173.555,0.76,249.266,77726.933,0.02,0.0
385.867,2026-06-26T00:01:50.265015,61823.434,114173.555,0.762,249.267,77726.933,0.02,0.0
385.918,2026-06-26T00:01:50.315952,61874.434,114173.555,0.763,249.268,77726.933,0.02,0.0
385.969,2026-06-26T00:01:50.366879,61925.859,114173.555,0.764,249.269,77726.933,0.02,0.0
386.02,2026-06-26T00:01:50.417823,61976.551,114173.555,0.811,249.27,77726.933,0.02,0.0
386.071,2026-06-26T00:01:50.468753,62026.184,114173.555,0.844,249.271,77726.933,0.02,0.0
386.122,2026-06-26T00:01:50.519708,62078.105,114173.555,0.821,249.272,77726.933,0.02,0.0
386.173,2026-06-26T00:01:50.570594,62129.668,114173.555,0.85,249.273,77726.933,0.02,0.0
386.224,2026-06-26T00:01:50.621601,62181.758,114173.555,0.779,249.274,77726.933,0.02,0.0
386.275,2026-06-26T00:01:50.672579,62170.211,114173.555,0.775,249.275,77726.933,0.02,0.0
386.326,2026-06-26T00:01:50.723645,61872.418,114173.555,0.818,249.276,77726.933,0.02,0.0
386.377,2026-06-26T00:01:50.774685,61398.418,113373.555,0.848,249.277,77726.933,0.02,0.0
386.428,2026-06-26T00:01:50.825747,61398.418,113373.555,0.823,249.278,77726.933,0.02,0.0
386.479,2026-06-26T00:01:50.876743,61398.418,113373.555,0.806,249.279,77726.933,0.02,0.0
386.53,2026-06-26T00:01:50.927824,61398.418,113373.555,0.794,249.28,77726.933,0.02,0.0
386.581,2026-06-26T00:01:50.978828,61402.672,113423.555,0.786,249.281,77776.933,0.02,985.647
386.632,2026-06-26T00:01:51.029513,61398.418,113373.555,0.781,249.282,77776.933,0.02,0.0
386.683,2026-06-26T00:01:51.080546,61398.418,113373.555,0.776,249.283,77826.933,0.02,980.156
386.734,2026-06-26T00:01:51.131570,61443.02,113423.555,0.773,249.284,77826.933,0.02,0.0
386.785,2026-06-26T00:01:51.182636,61398.418,113373.555,0.816,249.285,77826.933,0.02,0.0
386.836,2026-06-26T00:01:51.233708,61433.203,114173.555,0.755,249.286,77876.933,0.02,979.584
386.887,2026-06-26T00:01:51.284725,61482.598,114173.555,0.758,249.287,77876.933,0.02,0.0
386.938,2026-06-26T00:01:51.335738,61533.156,114173.555,0.806,249.288,77876.933,0.02,0.0
386.989,2026-06-26T00:01:51.386773,61583.594,114173.555,0.794,249.289,77876.933,0.02,0.0
387.04,2026-06-26T00:01:51.437848,61633.992,114173.555,0.785,249.29,77876.933,0.02,0.0
387.091,2026-06-26T00:01:51.488872,61683.879,114173.555,0.779,249.291,77876.933,0.02,0.0
387.142,2026-06-26T00:01:51.539912,61734.176,114173.555,0.775,249.292,77876.933,0.02,0.0
387.193,2026-06-26T00:01:51.590949,61784.863,114173.555,0.818,249.293,77876.933,0.02,0.0
387.244,2026-06-26T00:01:51.642007,61834.355,114173.555,0.802,249.294,77876.933,0.02,0.0
387.295,2026-06-26T00:01:51.693045,61883.09,114173.555,0.837,249.295,77876.933,0.02,0.0
387.346,2026-06-26T00:01:51.744075,61933.684,114173.555,0.77,249.296,77876.933,0.02,0.0
387.397,2026-06-26T00:01:51.795107,61985.672,114173.555,0.814,249.297,77876.933,0.02,0.0
387.449,2026-06-26T00:01:51.846181,62038.508,114173.555,0.754,249.298,77876.933,0.02,0.0
387.5,2026-06-26T00:01:51.897217,62091.535,114173.555,0.803,249.299,77876.933,0.02,0.0
387.551,2026-06-26T00:01:51.948205,62144.238,114173.555,0.792,249.3,77876.933,0.02,0.0
387.602,2026-06-26T00:01:51.999212,62197.273,114173.555,0.83,249.302,77876.933,0.02,0.0
387.653,2026-06-26T00:01:52.050192,62184.832,114173.555,0.811,249.303,77876.933,0.02,0.0
387.703,2026-06-26T00:01:52.101091,61686.418,114173.555,0.798,249.304,77876.933,0.02,0.0
387.754,2026-06-26T00:01:52.152062,61398.418,113373.555,0.789,249.305,77876.933,0.02,0.0
387.805,2026-06-26T00:01:52.202990,61398.418,113373.555,0.782,249.306,77876.933,0.02,0.0
387.856,2026-06-26T00:01:52.253924,61398.418,113373.555,0.778,249.307,77876.933,0.02,0.0
387.907,2026-06-26T00:01:52.304844,61398.418,113373.555,0.775,249.308,77876.933,0.02,0.0
387.958,2026-06-26T00:01:52.355759,61417.168,114173.555,0.818,249.309,77926.933,0.02,981.427
388.009,2026-06-26T00:01:52.406721,61469.309,114173.555,0.757,249.31,77926.933,0.02,0.0
388.06,2026-06-26T00:01:52.457724,61521.539,114173.555,0.805,249.311,77926.933,0.02,0.0
388.111,2026-06-26T00:01:52.508705,61573.672,114173.555,0.794,249.312,77926.933,0.02,0.0
388.162,2026-06-26T00:01:52.559701,61625.816,114173.555,0.739,249.313,77926.933,0.02,0.0
388.283,2026-06-26T00:01:52.680209,61747.145,114173.555,0.907,249.658,77926.933,2.877,0.0
388.333,2026-06-26T00:01:52.730654,61797.0,114173.555,0.867,249.659,77926.933,0.02,0.0
388.384,2026-06-26T00:01:52.781323,61844.633,114173.555,0.838,249.66,77926.933,0.02,0.0
388.434,2026-06-26T00:01:52.832029,61895.277,114173.555,0.817,249.661,77926.933,0.02,0.0
388.485,2026-06-26T00:01:52.882829,61945.828,114173.555,0.849,249.662,77926.933,0.02,0.0
388.536,2026-06-26T00:01:52.933605,61996.566,114173.555,0.825,249.663,77926.933,0.02,0.0
388.587,2026-06-26T00:01:52.984618,62047.652,114173.555,0.807,249.664,77926.933,0.02,0.0
388.638,2026-06-26T00:01:53.035618,62099.406,114173.555,0.794,249.665,77926.933,0.02,0.0
388.689,2026-06-26T00:01:53.086607,62151.281,114173.555,0.786,249.666,77926.933,0.02,0.0
388.74,2026-06-26T00:01:53.137581,62148.453,114123.555,0.78,249.667,77926.933,0.02,0.0
388.791,2026-06-26T00:01:53.188581,62190.656,114173.555,0.822,249.668,77926.933,0.02,0.0
388.842,2026-06-26T00:01:53.239577,61480.453,114173.555,0.805,249.669,77926.933,0.02,0.0
388.893,2026-06-26T00:01:53.290569,61398.453,113373.555,0.794,249.67,77926.933,0.02,0.0
388.944,2026-06-26T00:01:53.341524,61398.453,113373.555,0.785,249.671,77926.933,0.02,0.0
388.995,2026-06-26T00:01:53.392531,61398.453,113373.555,0.78,249.672,77926.933,0.02,0.0
389.046,2026-06-26T00:01:53.443518,61398.453,113373.555,0.822,249.673,77976.933,0.02,980.211
389.097,2026-06-26T00:01:53.494516,61435.453,113423.555,0.805,249.675,77976.933,0.02,0.0
389.148,2026-06-26T00:01:53.545478,61398.453,113373.555,0.793,249.676,77976.933,0.02,0.0
389.199,2026-06-26T00:01:53.596493,61426.367,114173.555,0.831,249.677,78026.933,0.02,980.899
389.25,2026-06-26T00:01:53.647474,61478.066,114173.555,0.765,249.678,78026.933,0.02,0.0
389.301,2026-06-26T00:01:53.698486,61529.043,114173.555,0.858,249.679,78026.933,0.02,0.0
389.352,2026-06-26T00:01:53.749462,61579.945,114173.555,0.784,249.68,78026.933,0.02,0.0
389.403,2026-06-26T00:01:53.800475,61630.809,114173.555,0.779,249.681,78026.933,0.02,0.0
389.454,2026-06-26T00:01:53.851442,61681.371,114173.555,0.821,249.682,78026.933,0.02,0.0
389.505,2026-06-26T00:01:53.902372,61732.438,114173.555,0.805,249.683,78026.933,0.02,0.0
389.556,2026-06-26T00:01:53.953309,61784.133,114173.555,0.794,249.684,78026.933,0.02,0.0
389.607,2026-06-26T00:01:54.004198,61836.801,114173.555,0.786,249.685,78026.933,0.02,0.0
389.657,2026-06-26T00:01:54.055103,61888.68,114173.555,0.78,249.686,78026.933,0.02,0.0
389.708,2026-06-26T00:01:54.106032,61937.289,114173.555,0.776,249.687,78026.933,0.02,0.0
389.759,2026-06-26T00:01:54.156951,61990.043,114173.555,0.774,249.688,78026.933,0.02,0.0
389.81,2026-06-26T00:01:54.207903,62042.965,114173.555,0.771,249.689,78026.933,0.02,0.0
389.861,2026-06-26T00:01:54.258886,62096.332,114173.555,0.77,249.69,78026.933,0.02,0.0
389.912,2026-06-26T00:01:54.309841,62149.344,114173.555,0.77,249.691,78026.933,0.02,0.0
389.963,2026-06-26T00:01:54.360450,62148.453,114123.555,0.77,249.692,78026.933,0.02,0.0
390.014,2026-06-26T00:01:54.411435,62190.715,114173.555,0.814,249.693,78026.933,0.02,0.0
390.065,2026-06-26T00:01:54.462431,61480.453,114173.555,0.846,249.694,78026.933,0.02,0.0
390.116,2026-06-26T00:01:54.513427,61398.453,113373.555,0.822,249.695,78026.933,0.02,0.0
390.167,2026-06-26T00:01:54.564390,61398.453,113373.555,0.805,249.696,78026.933,0.02,0.0
390.218,2026-06-26T00:01:54.615400,61398.453,113373.555,0.793,249.697,78026.933,0.02,0.0
390.269,2026-06-26T00:01:54.666418,61398.453,113373.555,0.785,249.698,78026.933,0.02,0.0
390.32,2026-06-26T00:01:54.717484,61433.902,114173.555,0.733,249.699,78076.933,0.02,978.587
390.371,2026-06-26T00:01:54.768523,61486.07,114173.555,0.789,249.7,78076.933,0.02,0.0
390.422,2026-06-26T00:01:54.819579,61538.023,114173.555,0.781,249.701,78076.933,0.02,0.0
390.473,2026-06-26T00:01:54.870618,61590.938,114173.555,0.776,249.702,78076.933,0.02,0.0
390.524,2026-06-26T00:01:54.921673,61644.02,114173.555,0.773,249.703,78076.933,0.02,0.0
390.575,2026-06-26T00:01:54.972688,61696.645,114173.555,0.771,249.704,78076.933,0.02,0.0
390.626,2026-06-26T00:01:55.023757,61749.406,114173.555,0.815,249.705,78076.933,0.02,0.0
390.677,2026-06-26T00:01:55.074793,61801.031,114173.555,0.754,249.706,78076.933,0.02,0.0
390.728,2026-06-26T00:01:55.125854,61852.594,114173.555,0.803,249.707,78076.933,0.02,0.0
390.779,2026-06-26T00:01:55.176884,61902.332,114173.555,0.792,249.708,78076.933,0.02,0.0
390.83,2026-06-26T00:01:55.227950,61953.887,114173.555,0.738,249.709,78076.933,0.02,0.0
390.881,2026-06-26T00:01:55.278983,62005.703,114173.555,0.792,249.71,78076.933,0.02,0.0
390.932,2026-06-26T00:01:55.330031,62057.527,114173.555,0.83,249.711,78076.933,0.02,0.0
390.983,2026-06-26T00:01:55.381074,62109.391,114173.555,0.856,249.712,78076.933,0.02,0.0
391.034,2026-06-26T00:01:55.432121,62162.094,114173.555,0.829,249.713,78076.933,0.02,0.0
391.086,2026-06-26T00:01:55.483203,62151.941,114173.555,0.81,249.714,78076.933,0.02,0.0
391.137,2026-06-26T00:01:55.534208,62106.453,114173.555,0.797,249.716,78076.933,0.02,0.0
391.188,2026-06-26T00:01:55.585219,61398.453,113373.555,0.787,249.717,78076.933,0.02,0.0
391.239,2026-06-26T00:01:55.636239,61398.453,113373.555,0.781,249.718,78076.933,0.02,0.0
391.29,2026-06-26T00:01:55.687216,61398.453,113373.555,0.777,249.719,78076.933,0.02,0.0
391.34,2026-06-26T00:01:55.738126,61398.453,113373.555,0.774,249.72,78076.933,0.02,0.0
391.391,2026-06-26T00:01:55.789064,61398.453,113373.555,0.818,249.721,78126.933,0.02,982.305
391.442,2026-06-26T00:01:55.839970,61445.953,113423.555,0.802,249.722,78126.933,0.02,0.0
391.493,2026-06-26T00:01:55.890918,61398.453,113373.555,0.746,249.723,78176.933,0.02,982.328
391.544,2026-06-26T00:01:55.941822,61436.309,114173.555,0.798,249.724,78176.933,0.02,0.0
391.595,2026-06-26T00:01:55.992720,61486.715,114173.555,0.835,249.725,78176.933,0.02,0.0
391.646,2026-06-26T00:01:56.043662,61537.539,114173.555,0.814,249.726,78176.933,0.02,0.0
391.697,2026-06-26T00:01:56.094656,61588.531,114173.555,0.754,249.727,78176.933,0.02,0.0
391.748,2026-06-26T00:01:56.145624,61639.07,114173.555,0.803,249.728,78176.933,0.02,0.0
391.799,2026-06-26T00:01:56.196626,61690.289,114173.555,0.746,249.729,78176.933,0.02,0.0
391.85,2026-06-26T00:01:56.247610,61742.078,114173.555,0.752,249.73,78176.933,0.02,0.0
391.901,2026-06-26T00:01:56.298624,61794.664,114173.555,0.802,249.731,78176.933,0.02,0.0
391.952,2026-06-26T00:01:56.349592,61846.891,114173.555,0.837,249.732,78176.933,0.02,0.0
392.003,2026-06-26T00:01:56.400596,61899.734,114173.555,0.816,249.733,78176.933,0.02,0.0
392.054,2026-06-26T00:01:56.451582,61952.223,114173.555,0.801,249.734,78176.933,0.02,0.0
392.105,2026-06-26T00:01:56.502560,62004.84,114173.555,0.837,249.735,78176.933,0.02,0.0
392.156,2026-06-26T00:01:56.553533,62058.145,114173.555,0.816,249.736,78176.933,0.02,0.0
392.207,2026-06-26T00:01:56.604540,62111.551,114173.555,0.847,249.737,78176.933,0.02,0.0
392.258,2026-06-26T00:01:56.655534,62165.031,114173.555,0.776,249.738,78176.933,0.02,0.0
392.309,2026-06-26T00:01:56.706529,62154.574,114173.555,0.773,249.739,78176.933,0.02,0.0
392.36,2026-06-26T00:01:56.757509,62074.453,114173.555,0.771,249.74,78176.933,0.02,0.0
392.411,2026-06-26T00:01:56.808533,61398.453,113373.555,0.769,249.741,78176.933,0.02,0.0
392.462,2026-06-26T00:01:56.859523,61398.453,113373.555,0.769,249.742,78176.933,0.02,0.0
392.513,2026-06-26T00:01:56.910519,61398.453,113373.555,0.768,249.743,78176.933,0.02,0.0
392.564,2026-06-26T00:01:56.961482,61398.453,113373.555,0.767,249.744,78176.933,0.02,0.0
392.615,2026-06-26T00:01:57.012498,61398.453,113373.555,0.813,249.745,78226.933,0.02,980.335
392.666,2026-06-26T00:01:57.063496,61447.551,113423.555,0.799,249.746,78226.933,0.02,0.0
392.717,2026-06-26T00:01:57.114492,61398.453,113373.555,0.789,249.747,78276.933,0.02,981.059
392.768,2026-06-26T00:01:57.165472,61439.352,114173.555,0.782,249.748,78276.933,0.02,0.0
392.819,2026-06-26T00:01:57.216482,61491.656,114173.555,0.823,249.749,78276.933,0.02,0.0
392.87,2026-06-26T00:01:57.267472,61544.887,114173.555,0.76,249.75,78276.933,0.02,0.0
392.921,2026-06-26T00:01:57.318489,61597.906,114173.555,0.808,249.751,78276.933,0.02,0.0
392.972,2026-06-26T00:01:57.369468,61651.141,114173.555,0.749,249.752,78276.933,0.02,0.0
393.023,2026-06-26T00:01:57.420484,61703.613,114173.555,0.8,249.753,78276.933,0.02,0.0
393.074,2026-06-26T00:01:57.471466,61756.207,114173.555,0.836,249.754,78276.933,0.02,0.0
393.125,2026-06-26T00:01:57.522455,61804.832,114173.555,0.815,249.755,78276.933,0.02,0.0
393.176,2026-06-26T00:01:57.573376,61855.078,114173.555,0.801,249.757,78276.933,0.02,0.0
393.296,2026-06-26T00:01:57.693875,61977.609,114173.555,0.931,250.102,78276.933,2.875,0.0
393.347,2026-06-26T00:01:57.744293,62028.918,114173.555,0.883,250.103,78276.933,0.02,0.0
393.397,2026-06-26T00:01:57.794848,62081.191,114173.555,0.85,250.104,78276.933,0.02,0.0
393.448,2026-06-26T00:01:57.845458,62133.832,114173.555,0.872,250.105,78276.933,0.02,0.0
393.499,2026-06-26T00:01:57.896257,62186.84,114173.555,0.888,250.106,78276.933,0.02,0.0
393.549,2026-06-26T00:01:57.947062,62176.113,114173.555,0.805,250.107,78276.933,0.02,0.0
393.6,2026-06-26T00:01:57.998068,61726.469,114173.555,0.793,250.108,78276.933,0.02,0.0
393.651,2026-06-26T00:01:58.049047,61398.469,113373.555,0.785,250.109,78276.933,0.02,0.0
393.702,2026-06-26T00:01:58.100023,61398.469,113373.555,0.78,250.11,78276.933,0.02,0.0
393.753,2026-06-26T00:01:58.150972,61398.469,113373.555,0.776,250.111,78276.933,0.02,0.0
393.804,2026-06-26T00:01:58.201927,61398.469,113373.555,0.774,250.112,78276.933,0.02,0.0
393.855,2026-06-26T00:01:58.252518,61417.785,114173.555,0.819,250.113,78326.933,0.02,984.467
393.906,2026-06-26T00:01:58.303432,61469.633,114173.555,0.757,250.114,78326.933,0.02,0.0
393.957,2026-06-26T00:01:58.354526,61521.105,114173.555,0.805,250.115,78326.933,0.02,0.0
394.008,2026-06-26T00:01:58.405667,61573.344,114173.555,0.793,250.116,78326.933,0.02,0.0
394.059,2026-06-26T00:01:58.456763,61625.539,114173.555,0.784,250.117,78326.933,0.02,0.0
394.11,2026-06-26T00:01:58.507859,61677.609,114173.555,0.778,250.118,78326.933,0.02,0.0
394.161,2026-06-26T00:01:58.558932,61729.172,114173.555,0.774,250.119,78326.933,0.02,0.0
394.212,2026-06-26T00:01:58.610061,61778.863,114173.555,0.771,250.12,78326.933,0.02,0.0
394.263,2026-06-26T00:01:58.661077,61829.23,114173.555,0.77,250.121,78326.933,0.02,0.0
394.314,2026-06-26T00:01:58.712106,61882.477,114173.555,0.769,250.122,78326.933,0.02,0.0
394.365,2026-06-26T00:01:58.763122,61935.684,114173.555,0.859,250.123,78326.933,0.02,0.0
394.417,2026-06-26T00:01:58.814195,61988.938,114173.555,0.831,250.124,78326.933,0.02,0.0
394.468,2026-06-26T00:01:58.865215,62042.141,114173.555,0.812,250.125,78326.933,0.02,0.0
394.519,2026-06-26T00:01:58.916209,62095.355,114173.555,0.844,250.126,78326.933,0.02,0.0
394.57,2026-06-26T00:01:58.967200,62148.977,114173.555,0.821,250.127,78326.933,0.02,0.0
394.621,2026-06-26T00:01:59.018210,62148.469,114123.555,0.804,250.128,78326.933,0.02,0.0
394.672,2026-06-26T00:01:59.069228,62191.422,114173.555,0.793,250.13,78326.933,0.02,0.0
394.723,2026-06-26T00:01:59.120231,61470.469,114173.555,0.785,250.131,78326.933,0.02,0.0
394.774,2026-06-26T00:01:59.171230,61398.469,113373.555,0.779,250.132,78326.933,0.02,0.0
394.825,2026-06-26T00:01:59.222238,61398.469,113373.555,0.775,250.133,78326.933,0.02,0.0
394.876,2026-06-26T00:01:59.273247,61398.469,113373.555,0.772,250.134,78326.933,0.02,0.0
394.927,2026-06-26T00:01:59.324252,61398.469,113373.555,0.771,250.135,78326.933,0.02,0.0
394.978,2026-06-26T00:01:59.375190,61432.109,113423.555,0.816,250.136,78376.933,0.02,981.514
395.028,2026-06-26T00:01:59.426095,61398.469,113373.555,0.801,250.137,78376.933,0.02,0.0
395.079,2026-06-26T00:01:59.477006,61424.383,114173.555,0.791,250.138,78426.933,0.02,981.629
395.13,2026-06-26T00:01:59.527944,61477.461,114173.555,0.784,250.139,78426.933,0.02,0.0
395.181,2026-06-26T00:01:59.578876,61530.445,114173.555,0.779,250.14,78426.933,0.02,0.0
395.232,2026-06-26T00:01:59.629762,61583.262,114173.555,0.821,250.141,78426.933,0.02,0.0
395.283,2026-06-26T00:01:59.680707,61636.301,114173.555,0.759,250.142,78426.933,0.02,0.0
395.334,2026-06-26T00:01:59.731701,61688.645,114173.555,0.761,250.143,78426.933,0.02,0.0
395.385,2026-06-26T00:01:59.782690,61737.324,114173.555,0.854,250.144,78426.933,0.02,0.0
395.436,2026-06-26T00:01:59.833695,61787.312,114173.555,0.782,250.145,78426.933,0.02,0.0
395.487,2026-06-26T00:01:59.884683,61839.242,114173.555,0.823,250.146,78426.933,0.02,0.0
395.538,2026-06-26T00:01:59.935689,61891.164,114173.555,0.76,250.147,78426.933,0.02,0.0
395.589,2026-06-26T00:01:59.986676,61943.426,114173.555,0.761,250.148,78426.933,0.02,0.0
395.64,2026-06-26T00:02:00.037692,61995.598,114173.555,0.809,250.149,78426.933,0.02,0.0
395.691,2026-06-26T00:02:00.088679,62048.168,114173.555,0.796,250.15,78426.933,0.02,0.0
395.742,2026-06-26T00:02:00.139683,62101.438,114173.555,0.787,250.151,78426.933,0.02,0.0
395.793,2026-06-26T00:02:00.190665,62154.719,114173.555,0.781,250.152,78426.933,0.02,0.0
395.844,2026-06-26T00:02:00.241684,62148.469,114123.555,0.822,250.153,78426.933,0.02,0.0
395.895,2026-06-26T00:02:00.292658,62197.117,114173.555,0.805,250.154,78426.933,0.02,0.0
395.946,2026-06-26T00:02:00.343687,61398.469,113373.555,0.839,250.155,78426.933,0.02,0.0
395.997,2026-06-26T00:02:00.394667,61398.469,113373.555,0.817,250.156,78426.933,0.02,0.0
396.048,2026-06-26T00:02:00.445671,61398.469,113373.555,0.802,250.157,78426.933,0.02,0.0
396.099,2026-06-26T00:02:00.496650,61398.469,113373.555,0.791,250.158,78426.933,0.02,0.0
396.15,2026-06-26T00:02:00.547629,61398.469,113373.555,0.784,250.159,78476.933,0.02,980.706
396.201,2026-06-26T00:02:00.598621,61438.969,113423.555,0.778,250.16,78476.933,0.02,0.0
396.252,2026-06-26T00:02:00.649631,61398.469,113373.555,0.821,250.161,78476.933,0.02,0.0
396.303,2026-06-26T00:02:00.700593,61431.453,114173.555,0.805,250.162,78526.933,0.02,981.17
396.354,2026-06-26T00:02:00.751582,61483.102,114173.555,0.839,250.163,78526.933,0.02,0.0
396.405,2026-06-26T00:02:00.802573,61534.285,114173.555,0.771,250.164,78526.933,0.02,0.0
396.456,2026-06-26T00:02:00.853576,61586.199,114173.555,0.815,250.165,78526.933,0.02,0.0
396.507,2026-06-26T00:02:00.904558,61638.254,114173.555,0.801,250.166,78526.933,0.02,0.0
396.558,2026-06-26T00:02:00.955554,61690.305,114173.555,0.744,250.167,78526.933,0.02,0.0
396.609,2026-06-26T00:02:01.006566,61739.516,114173.555,0.797,250.168,78526.933,0.02,0.0
396.66,2026-06-26T00:02:01.057573,61788.566,114173.555,0.787,250.169,78526.933,0.02,0.0
396.711,2026-06-26T00:02:01.108533,61840.223,114173.555,0.781,250.171,78526.933,0.02,0.0
396.762,2026-06-26T00:02:01.159468,61893.207,114173.555,0.777,250.172,78526.933,0.02,0.0
396.813,2026-06-26T00:02:01.210396,61945.852,114173.555,0.774,250.173,78526.933,0.02,0.0
396.864,2026-06-26T00:02:01.261326,61998.504,114173.555,0.772,250.174,78526.933,0.02,0.0
396.915,2026-06-26T00:02:01.312230,62051.227,114173.555,0.771,250.175,78526.933,0.02,0.0
396.965,2026-06-26T00:02:01.363134,62104.172,114173.555,0.815,250.176,78526.933,0.02,0.0
397.016,2026-06-26T00:02:01.414080,62157.367,114173.555,0.801,250.177,78526.933,0.02,0.0
397.067,2026-06-26T00:02:01.464980,62148.469,114123.555,0.836,250.178,78526.933,0.02,0.0
397.118,2026-06-26T00:02:01.515957,62178.469,114173.555,0.769,250.179,78526.933,0.02,0.0
397.169,2026-06-26T00:02:01.566917,61398.469,113373.555,0.769,250.18,78526.933,0.02,0.0
397.22,2026-06-26T00:02:01.617917,61398.469,113373.555,0.814,250.181,78526.933,0.02,0.0
397.271,2026-06-26T00:02:01.668903,61398.469,113373.555,0.799,250.182,78526.933,0.02,0.0
397.322,2026-06-26T00:02:01.719905,61398.469,113373.555,0.789,250.183,78526.933,0.02,0.0
397.373,2026-06-26T00:02:01.770870,61398.469,113373.555,0.782,250.184,78576.933,0.02,979.891
397.424,2026-06-26T00:02:01.821883,61439.883,114173.555,0.778,250.185,78576.933,0.02,0.0
397.475,2026-06-26T00:02:01.872870,61492.148,114173.555,0.774,250.186,78576.933,0.02,0.0
397.526,2026-06-26T00:02:01.923889,61543.781,114173.555,0.772,250.187,78576.933,0.02,0.0
397.577,2026-06-26T00:02:01.974870,61595.469,114173.555,0.77,250.188,78576.933,0.02,0.0
397.628,2026-06-26T00:02:02.025892,61647.668,114173.555,0.769,250.189,78576.933,0.02,0.0
397.679,2026-06-26T00:02:02.076875,61700.539,114173.555,0.814,250.19,78576.933,0.02,0.0
397.73,2026-06-26T00:02:02.127870,61751.258,114173.555,0.754,250.191,78576.933,0.02,0.0
397.781,2026-06-26T00:02:02.178839,61799.484,114173.555,0.849,250.192,78576.933,0.02,0.0
397.832,2026-06-26T00:02:02.229833,61850.004,114173.555,0.87,250.193,78576.933,0.02,0.0
397.883,2026-06-26T00:02:02.280812,61901.684,114173.555,0.839,250.194,78576.933,0.02,0.0
397.934,2026-06-26T00:02:02.331805,61953.664,114173.555,0.817,250.195,78576.933,0.02,0.0
397.985,2026-06-26T00:02:02.382798,62005.52,114173.555,0.802,250.196,78576.933,0.02,0.0
398.036,2026-06-26T00:02:02.433805,62057.297,114173.555,0.837,250.197,78576.933,0.02,0.0
398.087,2026-06-26T00:02:02.484783,62109.914,114173.555,0.77,250.198,78576.933,0.02,0.0
398.138,2026-06-26T00:02:02.535796,62162.867,114173.555,0.769,250.199,78576.933,0.02,0.0
398.189,2026-06-26T00:02:02.586776,62152.684,114173.555,0.814,250.2,78576.933,0.02,0.0
398.315,2026-06-26T00:02:02.712539,61398.516,113373.555,0.944,250.546,78576.933,2.758,0.0
398.365,2026-06-26T00:02:02.762973,61398.516,113373.555,0.892,250.547,78576.933,0.02,0.0
398.416,2026-06-26T00:02:02.813633,61398.516,113373.555,0.855,250.548,78576.933,0.02,0.0
398.467,2026-06-26T00:02:02.864477,61398.516,113373.555,0.829,250.549,78576.933,0.02,0.0
398.518,2026-06-26T00:02:02.915258,61415.613,113423.555,0.811,250.55,78626.933,0.02,984.981
398.568,2026-06-26T00:02:02.966069,61398.516,113373.555,0.752,250.551,78626.933,0.02,0.0
398.619,2026-06-26T00:02:03.017018,61407.473,114173.555,0.802,250.552,78676.933,0.02,981.983
398.67,2026-06-26T00:02:03.067934,61458.594,114173.555,0.792,250.553,78676.933,0.02,0.0
398.721,2026-06-26T00:02:03.118871,61509.453,114173.555,0.784,250.554,78676.933,0.02,0.0
398.772,2026-06-26T00:02:03.169790,61560.305,114173.555,0.779,250.555,78676.933,0.02,0.0
398.823,2026-06-26T00:02:03.220738,61611.016,114173.555,0.776,250.556,78676.933,0.02,0.0
398.874,2026-06-26T00:02:03.271639,61661.254,114173.555,0.819,250.557,78676.933,0.02,0.0
398.925,2026-06-26T00:02:03.322629,61707.855,114173.555,0.757,250.558,78676.933,0.02,0.0
398.976,2026-06-26T00:02:03.373610,61746.945,114173.555,0.806,250.559,78676.933,0.02,0.0
399.027,2026-06-26T00:02:03.424630,61790.289,114173.555,0.794,250.56,78676.933,0.02,0.0
399.078,2026-06-26T00:02:03.475627,61843.027,114173.555,0.785,250.561,78676.933,0.02,0.0
399.129,2026-06-26T00:02:03.526643,61896.152,114173.555,0.78,250.562,78676.933,0.02,0.0
399.18,2026-06-26T00:02:03.577626,61949.129,114173.555,0.775,250.563,78676.933,0.02,0.0
399.231,2026-06-26T00:02:03.628641,62002.039,114173.555,0.773,250.564,78676.933,0.02,0.0
399.282,2026-06-26T00:02:03.679615,62055.023,114173.555,0.816,250.565,78676.933,0.02,0.0
399.333,2026-06-26T00:02:03.730625,62108.168,114173.555,0.801,250.566,78676.933,0.02,0.0
399.384,2026-06-26T00:02:03.781599,62161.574,114173.555,0.791,250.567,78676.933,0.02,0.0
399.435,2026-06-26T00:02:03.832612,62154.648,114173.555,0.783,250.568,78676.933,0.02,0.0
399.486,2026-06-26T00:02:03.883597,62068.516,114173.555,0.824,250.569,78676.933,0.02,0.0
399.537,2026-06-26T00:02:03.934615,61398.516,113373.555,0.806,250.57,78676.933,0.02,0.0
399.588,2026-06-26T00:02:03.985615,61398.516,113373.555,0.794,250.571,78676.933,0.02,0.0
399.639,2026-06-26T00:02:04.036621,61398.516,113373.555,0.832,250.572,78676.933,0.02,0.0
399.69,2026-06-26T00:02:04.087607,61398.516,113373.555,0.812,250.573,78676.933,0.02,0.0
399.741,2026-06-26T00:02:04.138599,61398.516,113373.555,0.798,250.574,78726.933,0.02,980.532
399.792,2026-06-26T00:02:04.189598,61445.516,113423.555,0.789,250.575,78726.933,0.02,0.0
399.843,2026-06-26T00:02:04.240596,61398.516,113373.555,0.782,250.576,78776.933,0.02,980.605
399.894,2026-06-26T00:02:04.291599,61438.016,113423.555,0.777,250.577,78776.933,0.02,0.0
399.945,2026-06-26T00:02:04.342600,61398.516,113373.555,0.774,250.578,78776.933,0.02,0.0
399.996,2026-06-26T00:02:04.393596,61429.77,113423.555,0.817,250.579,78826.933,0.02,979.003
400.047,2026-06-26T00:02:04.444669,61398.516,113373.555,0.802,250.58,78826.933,0.02,0.0
400.098,2026-06-26T00:02:04.495685,61422.172,113423.555,0.791,250.581,78876.933,0.02,980.0
400.149,2026-06-26T00:02:04.546737,61398.516,113373.555,0.783,250.583,78876.933,0.02,0.0
400.2,2026-06-26T00:02:04.597768,61414.398,113423.555,0.778,250.584,78926.933,0.02,979.364
400.251,2026-06-26T00:02:04.648833,61398.516,113373.555,0.774,250.585,78926.933,0.02,0.0
400.302,2026-06-26T00:02:04.699870,61404.516,113423.555,0.771,250.586,78976.933,0.02,979.282
400.353,2026-06-26T00:02:04.750899,61398.516,113373.555,0.816,250.587,78976.933,0.02,0.0
400.404,2026-06-26T00:02:04.801818,61398.516,113373.555,0.801,250.588,79026.933,0.02,981.353
400.455,2026-06-26T00:02:04.852774,61439.652,114173.555,0.837,250.589,79026.933,0.02,0.0
400.506,2026-06-26T00:02:04.903684,61489.395,114173.555,0.77,250.59,79026.933,0.02,0.0
400.557,2026-06-26T00:02:04.954616,61539.938,114173.555,0.815,250.591,79026.933,0.02,0.0
400.608,2026-06-26T00:02:05.005540,61590.703,114173.555,0.847,250.592,79026.933,0.02,0.0
400.659,2026-06-26T00:02:05.056491,61641.211,114173.555,0.777,250.593,79026.933,0.02,0.0
400.71,2026-06-26T00:02:05.107396,61691.867,114173.555,0.82,250.594,79026.933,0.02,0.0
400.761,2026-06-26T00:02:05.158375,61742.828,114173.555,0.803,250.595,79026.933,0.02,0.0
400.812,2026-06-26T00:02:05.209366,61794.574,114173.555,0.792,250.596,79026.933,0.02,0.0
400.863,2026-06-26T00:02:05.260372,61846.152,114173.555,0.784,250.597,79026.933,0.02,0.0
400.914,2026-06-26T00:02:05.311324,61897.668,114173.555,0.779,250.598,79026.933,0.02,0.0
400.965,2026-06-26T00:02:05.362277,61949.672,114173.555,0.775,250.599,79026.933,0.02,0.0
401.016,2026-06-26T00:02:05.413233,62001.641,114173.555,0.773,250.6,79026.933,0.02,0.0
401.067,2026-06-26T00:02:05.464232,62053.512,114173.555,0.77,250.601,79026.933,0.02,0.0
401.118,2026-06-26T00:02:05.515190,62105.273,114173.555,0.815,250.602,79026.933,0.02,0.0
401.168,2026-06-26T00:02:05.566079,62156.988,114173.555,0.802,250.603,79026.933,0.02,0.0
401.219,2026-06-26T00:02:05.616689,62148.516,114123.555,0.792,250.604,79026.933,0.02,0.0
401.27,2026-06-26T00:02:05.667634,62192.766,114173.555,0.784,250.605,79026.933,0.02,0.0
401.321,2026-06-26T00:02:05.718629,61414.516,114173.555,0.779,250.606,79026.933,0.02,0.0
401.372,2026-06-26T00:02:05.769586,61398.516,113373.555,0.821,250.607,79026.933,0.02,0.0
401.423,2026-06-26T00:02:05.820596,61398.516,113373.555,0.804,250.608,79026.933,0.02,0.0
401.474,2026-06-26T00:02:05.871588,61398.516,113373.555,0.793,250.609,79026.933,0.02,0.0
401.525,2026-06-26T00:02:05.922589,61398.516,113373.555,0.785,250.61,79076.933,0.02,981.188
401.576,2026-06-26T00:02:05.973564,61436.297,113423.555,0.779,250.611,79076.933,0.02,0.0
401.627,2026-06-26T00:02:06.024609,61398.516,113373.555,0.775,250.612,79076.933,0.02,0.0
401.678,2026-06-26T00:02:06.075604,61424.676,114173.555,0.772,250.613,79126.933,0.02,980.083
401.729,2026-06-26T00:02:06.126611,61476.895,114173.555,0.816,250.614,79126.933,0.02,0.0
401.78,2026-06-26T00:02:06.177578,61529.219,114173.555,0.755,250.615,79126.933,0.02,0.0
401.831,2026-06-26T00:02:06.228588,61579.219,114173.555,0.85,250.616,79126.933,0.02,0.0
401.882,2026-06-26T00:02:06.279567,61628.711,114173.555,0.825,250.617,79126.933,0.02,0.0
401.933,2026-06-26T00:02:06.330555,61680.535,114173.555,0.808,250.618,79126.933,0.02,0.0
401.984,2026-06-26T00:02:06.381523,61732.598,114173.555,0.795,250.619,79126.933,0.02,0.0
402.035,2026-06-26T00:02:06.432540,61784.633,114173.555,0.786,250.62,79126.933,0.02,0.0
402.086,2026-06-26T00:02:06.483520,61836.527,114173.555,0.78,250.621,79126.933,0.02,0.0
402.137,2026-06-26T00:02:06.534534,61888.488,114173.555,0.822,250.622,79126.933,0.02,0.0
402.188,2026-06-26T00:02:06.585496,61940.609,114173.555,0.759,250.624,79126.933,0.02,0.0
402.239,2026-06-26T00:02:06.636436,61993.16,114173.555,0.761,250.625,79126.933,0.02,0.0
402.29,2026-06-26T00:02:06.687356,62045.246,114173.555,0.763,250.626,79126.933,0.02,0.0
402.341,2026-06-26T00:02:06.738252,62098.051,114173.555,0.811,250.627,79126.933,0.02,0.0
402.392,2026-06-26T00:02:06.789213,62151.164,114173.555,0.797,250.628,79126.933,0.02,0.0
402.442,2026-06-26T00:02:06.840103,62148.516,114123.555,0.789,250.629,79126.933,0.02,0.0
402.493,2026-06-26T00:02:06.890996,62193.215,114173.555,0.828,250.63,79126.933,0.02,0.0
402.544,2026-06-26T00:02:06.941939,61410.516,114173.555,0.81,250.631,79126.933,0.02,0.0
402.595,2026-06-26T00:02:06.992912,61398.516,113373.555,0.796,250.632,79126.933,0.02,0.0
402.646,2026-06-26T00:02:07.043929,61398.516,113373.555,0.787,250.633,79126.933,0.02,0.0
402.697,2026-06-26T00:02:07.094919,61398.516,113373.555,0.781,250.634,79126.933,0.02,0.0
402.748,2026-06-26T00:02:07.145932,61398.516,113373.555,0.776,250.635,79176.933,0.02,980.275
402.799,2026-06-26T00:02:07.196924,61435.09,114173.555,0.773,250.636,79176.933,0.02,0.0
402.85,2026-06-26T00:02:07.247918,61487.262,114173.555,0.817,250.637,79176.933,0.02,0.0
402.901,2026-06-26T00:02:07.298889,61538.898,114173.555,0.802,250.638,79176.933,0.02,0.0
402.952,2026-06-26T00:02:07.349883,61588.34,114173.555,0.837,250.639,79176.933,0.02,0.0
403.003,2026-06-26T00:02:07.400871,61637.699,114173.555,0.77,250.64,79176.933,0.02,0.0
403.054,2026-06-26T00:02:07.451874,61688.199,114173.555,0.815,250.641,79176.933,0.02,0.0
403.105,2026-06-26T00:02:07.502840,61739.109,114173.555,0.8,250.642,79176.933,0.02,0.0
403.156,2026-06-26T00:02:07.553840,61791.012,114173.555,0.79,250.643,79176.933,0.02,0.0
403.207,2026-06-26T00:02:07.604818,61843.027,114173.555,0.783,250.644,79176.933,0.02,0.0
403.328,2026-06-26T00:02:07.725251,61965.973,114173.555,0.938,250.989,79176.933,2.879,0.0
403.378,2026-06-26T00:02:07.775673,62018.711,114173.555,0.842,250.99,79176.933,0.02,0.0
403.429,2026-06-26T00:02:07.826317,62071.586,114173.555,0.821,250.991,79176.933,0.02,0.0
403.479,2026-06-26T00:02:07.876951,62124.547,114173.555,0.805,250.992,79176.933,0.02,0.0
403.53,2026-06-26T00:02:07.927775,62177.609,114173.555,0.841,250.993,79176.933,0.02,0.0
403.581,2026-06-26T00:02:07.978620,62167.055,114173.555,0.772,250.994,79176.933,0.02,0.0
403.632,2026-06-26T00:02:08.029629,61872.531,114173.555,0.817,250.995,79176.933,0.02,0.0
403.683,2026-06-26T00:02:08.080614,61398.531,113373.555,0.801,250.997,79176.933,0.02,0.0
403.734,2026-06-26T00:02:08.131640,61398.531,113373.555,0.791,250.998,79176.933,0.02,0.0
403.785,2026-06-26T00:02:08.182617,61398.531,113373.555,0.783,250.999,79176.933,0.02,0.0
403.836,2026-06-26T00:02:08.233622,61398.531,113373.555,0.778,251.0,79176.933,0.02,0.0
403.887,2026-06-26T00:02:08.284606,61410.031,113423.555,0.775,251.001,79226.933,0.02,980.537
403.938,2026-06-26T00:02:08.335591,61398.531,113373.555,0.772,251.002,79226.933,0.02,0.0
403.989,2026-06-26T00:02:08.386570,61402.27,114173.555,0.771,251.003,79276.933,0.02,981.5
404.04,2026-06-26T00:02:08.437507,61454.516,114173.555,0.769,251.004,79276.933,0.02,0.0
404.091,2026-06-26T00:02:08.488449,61506.68,114173.555,0.815,251.005,79276.933,0.02,0.0
404.142,2026-06-26T00:02:08.539379,61559.723,114173.555,0.846,251.006,79276.933,0.02,0.0
404.193,2026-06-26T00:02:08.590295,61609.805,114173.555,0.869,251.007,79276.933,0.02,0.0
404.244,2026-06-26T00:02:08.641204,61660.184,114173.555,0.792,251.008,79276.933,0.02,0.0
404.294,2026-06-26T00:02:08.692084,61711.734,114173.555,0.785,251.009,79276.933,0.02,0.0
404.345,2026-06-26T00:02:08.743024,61763.832,114173.555,0.779,251.01,79276.933,0.02,0.0
404.396,2026-06-26T00:02:08.794011,61815.973,114173.555,0.821,251.011,79276.933,0.02,0.0
404.447,2026-06-26T00:02:08.845018,61868.043,114173.555,0.805,251.012,79276.933,0.02,0.0
404.498,2026-06-26T00:02:08.896012,61920.02,114173.555,0.793,251.013,79276.933,0.02,0.0
404.549,2026-06-26T00:02:08.947016,61972.371,114173.555,0.785,251.014,79276.933,0.02,0.0
404.6,2026-06-26T00:02:08.997998,62025.16,114173.555,0.779,251.015,79276.933,0.02,0.0
404.651,2026-06-26T00:02:09.049006,62078.41,114173.555,0.775,251.016,79276.933,0.02,0.0
404.702,2026-06-26T00:02:09.099993,62131.668,114173.555,0.772,251.017,79276.933,0.02,0.0
404.753,2026-06-26T00:02:09.150992,62185.016,114173.555,0.771,251.018,79276.933,0.02,0.0
404.804,2026-06-26T00:02:09.201966,62174.516,114173.555,0.815,251.019,79276.933,0.02,0.0
404.855,2026-06-26T00:02:09.252982,61748.531,114173.555,0.8,251.02,79276.933,0.02,0.0
404.906,2026-06-26T00:02:09.303975,61398.531,113373.555,0.836,251.021,79276.933,0.02,0.0
404.957,2026-06-26T00:02:09.354983,61398.531,113373.555,0.815,251.022,79276.933,0.02,0.0
405.008,2026-06-26T00:02:09.405975,61398.531,113373.555,0.8,251.023,79276.933,0.02,0.0
405.059,2026-06-26T00:02:09.456968,61398.531,113373.555,0.79,251.024,79276.933,0.02,0.0
405.11,2026-06-26T00:02:09.507935,61415.172,114173.555,0.783,251.025,79326.933,0.02,980.83
405.161,2026-06-26T00:02:09.558929,61468.246,114173.555,0.778,251.026,79326.933,0.02,0.0
405.212,2026-06-26T00:02:09.609909,61521.602,114173.555,0.82,251.027,79326.933,0.02,0.0
405.263,2026-06-26T00:02:09.660913,61574.547,114173.555,0.758,251.028,79326.933,0.02,0.0
405.314,2026-06-26T00:02:09.711899,61624.293,114173.555,0.761,251.029,79326.933,0.02,0.0
405.365,2026-06-26T00:02:09.762910,61674.703,114173.555,0.808,251.03,79326.933,0.02,0.0
405.416,2026-06-26T00:02:09.813897,61726.594,114173.555,0.795,251.031,79326.933,0.02,0.0
405.467,2026-06-26T00:02:09.864902,61778.473,114173.555,0.787,251.032,79326.933,0.02,0.0
405.518,2026-06-26T00:02:09.915889,61830.312,114173.555,0.78,251.033,79326.933,0.02,0.0
405.569,2026-06-26T00:02:09.966900,61882.117,114173.555,0.776,251.034,79326.933,0.02,0.0
405.62,2026-06-26T00:02:10.017888,61934.105,114173.555,0.819,251.035,79326.933,0.02,0.0
405.671,2026-06-26T00:02:10.068946,61986.539,114173.555,0.803,251.036,79326.933,0.02,0.0
405.722,2026-06-26T00:02:10.119983,62039.664,114173.555,0.792,251.038,79326.933,0.02,0.0
405.773,2026-06-26T00:02:10.171035,62092.789,114173.555,0.784,251.039,79326.933,0.02,0.0
405.824,2026-06-26T00:02:10.222054,62146.191,114173.555,0.825,251.04,79326.933,0.02,0.0
405.875,2026-06-26T00:02:10.272997,62180.531,114173.555,0.853,251.041,79326.933,0.02,0.0
405.926,2026-06-26T00:02:10.323920,62188.203,114173.555,0.781,251.042,79326.933,0.02,0.0
405.977,2026-06-26T00:02:10.374841,61512.531,114173.555,0.777,251.043,79326.933,0.02,0.0
406.028,2026-06-26T00:02:10.425766,61398.531,113373.555,0.774,251.044,79326.933,0.02,0.0
406.079,2026-06-26T00:02:10.476714,61398.531,113373.555,0.772,251.045,79326.933,0.02,0.0
406.13,2026-06-26T00:02:10.527597,61398.531,113373.555,0.771,251.046,79326.933,0.02,0.0
406.181,2026-06-26T00:02:10.578559,61398.531,113373.555,0.769,251.047,79326.933,0.02,0.0
406.232,2026-06-26T00:02:10.629598,61421.516,114173.555,0.814,251.048,79376.933,0.02,979.515
406.283,2026-06-26T00:02:10.680650,61473.629,114173.555,0.799,251.049,79376.933,0.02,0.0
406.334,2026-06-26T00:02:10.731696,61526.574,114173.555,0.789,251.05,79376.933,0.02,0.0
406.385,2026-06-26T00:02:10.782756,61579.781,114173.555,0.782,251.051,79376.933,0.02,0.0
406.436,2026-06-26T00:02:10.833798,61631.965,114173.555,0.777,251.052,79376.933,0.02,0.0
406.487,2026-06-26T00:02:10.884852,61680.629,114173.555,0.773,251.053,79376.933,0.02,0.0
406.538,2026-06-26T00:02:10.935886,61729.281,114173.555,0.771,251.054,79376.933,0.02,0.0
406.589,2026-06-26T00:02:10.986946,61777.879,114173.555,0.815,251.055,79376.933,0.02,0.0
406.64,2026-06-26T00:02:11.037977,61828.309,114173.555,0.754,251.056,79376.933,0.02,0.0
406.691,2026-06-26T00:02:11.089027,61878.949,114173.555,0.804,251.057,79376.933,0.02,0.0
406.742,2026-06-26T00:02:11.140051,61929.66,114173.555,0.792,251.058,79376.933,0.02,0.0
406.793,2026-06-26T00:02:11.191108,61980.164,114173.555,0.784,251.059,79376.933,0.02,0.0
406.845,2026-06-26T00:02:11.242191,62030.848,114173.555,0.824,251.06,79376.933,0.02,0.0
406.896,2026-06-26T00:02:11.293212,62082.906,114173.555,0.853,251.061,79376.933,0.02,0.0
406.947,2026-06-26T00:02:11.344222,62134.738,114173.555,0.827,251.062,79376.933,0.02,0.0
406.998,2026-06-26T00:02:11.395232,62186.793,114173.555,0.808,251.063,79376.933,0.02,0.0
407.049,2026-06-26T00:02:11.446250,62175.746,114173.555,0.795,251.064,79376.933,0.02,0.0
407.1,2026-06-26T00:02:11.497258,61774.531,114173.555,0.787,251.065,79376.933,0.02,0.0
407.151,2026-06-26T00:02:11.548264,61398.531,113373.555,0.78,251.066,79376.933,0.02,0.0
407.202,2026-06-26T00:02:11.599269,61398.531,113373.555,0.776,251.067,79376.933,0.02,0.0
407.253,2026-06-26T00:02:11.650286,61398.531,113373.555,0.773,251.068,79376.933,0.02,0.0
407.304,2026-06-26T00:02:11.701344,61398.531,113373.555,0.77,251.069,79376.933,0.02,0.0
407.355,2026-06-26T00:02:11.752394,61406.738,114173.555,0.815,251.07,79426.933,0.02,979.223
407.406,2026-06-26T00:02:11.803454,61458.688,114173.555,0.8,251.071,79426.933,0.02,0.0
407.457,2026-06-26T00:02:11.854500,61510.953,114173.555,0.789,251.072,79426.933,0.02,0.0
407.508,2026-06-26T00:02:11.905583,61561.031,114173.555,0.782,251.073,79426.933,0.02,0.0
407.559,2026-06-26T00:02:11.956622,61609.723,114173.555,0.777,251.074,79426.933,0.02,0.0
407.61,2026-06-26T00:02:12.007683,61658.164,114173.555,0.773,251.075,79426.933,0.02,0.0
407.661,2026-06-26T00:02:12.058705,61707.402,114173.555,0.817,251.076,79426.933,0.02,0.0
407.712,2026-06-26T00:02:12.109651,61757.906,114173.555,0.756,251.077,79426.933,0.02,0.0
407.763,2026-06-26T00:02:12.160572,61808.16,114173.555,0.852,251.079,79426.933,0.02,0.0
407.814,2026-06-26T00:02:12.211507,61858.668,114173.555,0.78,251.08,79426.933,0.02,0.0
407.865,2026-06-26T00:02:12.262438,61909.176,114173.555,0.822,251.081,79426.933,0.02,0.0
407.916,2026-06-26T00:02:12.313390,61961.172,114173.555,0.806,251.082,79426.933,0.02,0.0
407.967,2026-06-26T00:02:12.364261,62013.836,114173.555,0.794,251.083,79426.933,0.02,0.0
408.018,2026-06-26T00:02:12.415216,62066.734,114173.555,0.786,251.084,79426.933,0.02,0.0
408.069,2026-06-26T00:02:12.466216,62119.824,114173.555,0.78,251.085,79426.933,0.02,0.0
408.12,2026-06-26T00:02:12.517180,62172.785,114173.555,0.822,251.086,79426.933,0.02,0.0
408.17,2026-06-26T00:02:12.568135,62161.531,114173.555,0.805,251.087,79426.933,0.02,0.0
408.222,2026-06-26T00:02:12.619216,61990.531,114173.555,0.839,251.088,79426.933,0.02,0.0
408.342,2026-06-26T00:02:12.739908,61398.562,113373.555,0.957,251.433,79426.933,2.87,0.0
408.393,2026-06-26T00:02:12.790360,61398.562,113373.555,0.901,251.434,79426.933,0.02,0.0
408.443,2026-06-26T00:02:12.840983,61398.562,113373.555,0.862,251.435,79426.933,0.02,0.0
408.494,2026-06-26T00:02:12.891655,61411.062,113423.555,0.789,251.436,79476.933,0.02,985.073
408.545,2026-06-26T00:02:12.942465,61398.562,113373.555,0.829,251.437,79476.933,0.02,0.0
408.596,2026-06-26T00:02:12.993409,61403.066,113423.555,0.764,251.438,79526.933,0.02,979.337
408.647,2026-06-26T00:02:13.044465,61398.562,113373.555,0.81,251.439,79526.933,0.02,0.0
408.698,2026-06-26T00:02:13.095523,61398.562,113373.555,0.796,251.44,79576.933,0.02,979.341
408.749,2026-06-26T00:02:13.146566,61446.754,114173.555,0.787,251.441,79576.933,0.02,0.0
408.8,2026-06-26T00:02:13.197629,61498.27,114173.555,0.78,251.442,79576.933,0.02,0.0
408.851,2026-06-26T00:02:13.248683,61547.805,114173.555,0.776,251.443,79576.933,0.02,0.0
408.902,2026-06-26T00:02:13.299739,61595.578,114173.555,0.773,251.444,79576.933,0.02,0.0
408.953,2026-06-26T00:02:13.350774,61643.125,114173.555,0.77,251.445,79576.933,0.02,0.0
409.004,2026-06-26T00:02:13.401823,61690.754,114173.555,0.861,251.446,79576.933,0.02,0.0
409.055,2026-06-26T00:02:13.452856,61740.312,114173.555,0.786,251.447,79576.933,0.02,0.0
409.106,2026-06-26T00:02:13.503894,61790.004,114173.555,0.826,251.448,79576.933,0.02,0.0
409.157,2026-06-26T00:02:13.554912,61839.695,114173.555,0.808,251.449,79576.933,0.02,0.0
409.208,2026-06-26T00:02:13.605965,61889.188,114173.555,0.795,251.45,79576.933,0.02,0.0
409.259,2026-06-26T00:02:13.656996,61938.645,114173.555,0.786,251.451,79576.933,0.02,0.0
409.31,2026-06-26T00:02:13.708055,61989.238,114173.555,0.78,251.452,79576.933,0.02,0.0
409.361,2026-06-26T00:02:13.759081,62040.102,114173.555,0.821,251.453,79576.933,0.02,0.0
409.412,2026-06-26T00:02:13.810131,62090.914,114173.555,0.851,251.454,79576.933,0.02,0.0
409.464,2026-06-26T00:02:13.861176,62142.344,114173.555,0.779,251.455,79576.933,0.02,0.0
409.514,2026-06-26T00:02:13.912076,62194.25,114173.555,0.776,251.456,79576.933,0.02,0.0
409.565,2026-06-26T00:02:13.963002,62182.688,114173.555,0.773,251.457,79576.933,0.02,0.0
409.616,2026-06-26T00:02:14.013947,61694.562,114173.555,0.771,251.459,79576.933,0.02,0.0
409.667,2026-06-26T00:02:14.064866,61398.562,113373.555,0.77,251.46,79576.933,0.02,0.0
409.718,2026-06-26T00:02:14.115811,61398.562,113373.555,0.769,251.461,79576.933,0.02,0.0
409.769,2026-06-26T00:02:14.166703,61398.562,113373.555,0.768,251.462,79576.933,0.02,0.0
409.82,2026-06-26T00:02:14.217693,61398.562,113373.555,0.768,251.463,79576.933,0.02,0.0
409.871,2026-06-26T00:02:14.268682,61403.457,113423.555,0.813,251.464,79626.933,0.02,980.01
409.922,2026-06-26T00:02:14.319688,61414.562,113423.555,0.799,251.465,79626.933,0.02,0.0
409.973,2026-06-26T00:02:14.370677,61398.562,113373.555,0.789,251.466,79676.933,0.02,979.831
410.024,2026-06-26T00:02:14.421706,61433.953,114173.555,0.782,251.467,79676.933,0.02,0.0
410.075,2026-06-26T00:02:14.472688,61483.445,114173.555,0.777,251.468,79676.933,0.02,0.0
410.126,2026-06-26T00:02:14.523687,61502.195,114173.555,0.682,251.469,79676.933,0.02,0.0
410.177,2026-06-26T00:02:14.574664,61517.02,114173.555,0.523,251.47,79676.933,0.02,0.0
410.228,2026-06-26T00:02:14.625719,61567.566,114173.555,0.596,251.471,79676.933,0.02,0.0
410.279,2026-06-26T00:02:14.676766,61617.914,114173.555,0.692,251.472,79676.933,0.02,0.0
410.33,2026-06-26T00:02:14.727822,61668.609,114173.555,0.668,251.473,79676.933,0.02,0.0
410.381,2026-06-26T00:02:14.778847,61720.234,114173.555,0.743,251.474,79676.933,0.02,0.0
410.432,2026-06-26T00:02:14.829907,61772.254,114173.555,0.75,251.475,79676.933,0.02,0.0
410.483,2026-06-26T00:02:14.880945,61824.312,114173.555,0.754,251.476,79676.933,0.02,0.0
410.534,2026-06-26T00:02:14.932014,61876.109,114173.555,0.804,251.477,79676.933,0.02,0.0
410.585,2026-06-26T00:02:14.983054,61928.191,114173.555,0.838,251.478,79676.933,0.02,0.0
410.636,2026-06-26T00:02:15.034105,61980.121,114173.555,0.816,251.479,79676.933,0.02,0.0
410.687,2026-06-26T00:02:15.085134,62032.906,114173.555,0.755,251.48,79676.933,0.02,0.0
410.739,2026-06-26T00:02:15.136214,62085.594,114173.555,0.804,251.481,79676.933,0.02,0.0
410.79,2026-06-26T00:02:15.187227,62138.133,114173.555,0.793,251.482,79676.933,0.02,0.0
410.841,2026-06-26T00:02:15.238237,62191.258,114173.555,0.785,251.483,79676.933,0.02,0.0
410.892,2026-06-26T00:02:15.289255,62176.867,114173.555,0.779,251.484,79676.933,0.02,0.0
410.943,2026-06-26T00:02:15.340276,61758.562,114173.555,0.775,251.485,79676.933,0.02,0.0
410.994,2026-06-26T00:02:15.391297,61398.562,113373.555,0.772,251.486,79676.933,0.02,0.0
411.045,2026-06-26T00:02:15.442327,61398.562,113373.555,0.816,251.487,79676.933,0.02,0.0
411.096,2026-06-26T00:02:15.493363,61398.562,113373.555,0.801,251.488,79676.933,0.02,0.0
411.147,2026-06-26T00:02:15.544389,61398.562,113373.555,0.79,251.489,79676.933,0.02,0.0
411.198,2026-06-26T00:02:15.595459,61406.465,113423.555,0.783,251.49,79726.933,0.02,978.683
411.249,2026-06-26T00:02:15.646472,61398.562,113373.555,0.778,251.491,79726.933,0.02,0.0
411.3,2026-06-26T00:02:15.697419,61398.562,113373.555,0.774,251.492,79776.933,0.02,981.482
411.351,2026-06-26T00:02:15.748342,61436.746,114173.555,0.818,251.493,79776.933,0.02,0.0
411.402,2026-06-26T00:02:15.799241,61488.164,114173.555,0.757,251.494,79776.933,0.02,0.0
411.453,2026-06-26T00:02:15.850182,61540.43,114173.555,0.806,251.495,79776.933,0.02,0.0
411.503,2026-06-26T00:02:15.901073,61591.43,114173.555,0.794,251.496,79776.933,0.02,0.0
411.554,2026-06-26T00:02:15.952007,61641.398,114173.555,0.786,251.497,79776.933,0.02,0.0
411.605,2026-06-26T00:02:16.002931,61691.777,114173.555,0.826,251.498,79776.933,0.02,0.0
411.656,2026-06-26T00:02:16.053912,61742.312,114173.555,0.808,251.5,79776.933,0.02,0.0
411.707,2026-06-26T00:02:16.104927,61792.926,114173.555,0.841,251.501,79776.933,0.02,0.0
411.758,2026-06-26T00:02:16.155911,61843.461,114173.555,0.773,251.502,79776.933,0.02,0.0
411.809,2026-06-26T00:02:16.206913,61894.828,114173.555,0.817,251.503,79776.933,0.02,0.0
411.86,2026-06-26T00:02:16.257901,61946.766,114173.555,0.801,251.504,79776.933,0.02,0.0
411.911,2026-06-26T00:02:16.308912,61998.562,114173.555,0.791,251.505,79776.933,0.02,0.0
411.962,2026-06-26T00:02:16.359903,62050.379,114173.555,0.783,251.506,79776.933,0.02,0.0
412.013,2026-06-26T00:02:16.410905,62102.363,114173.555,0.778,251.507,79776.933,0.02,0.0
412.064,2026-06-26T00:02:16.461889,62155.574,114173.555,0.774,251.508,79776.933,0.02,0.0
412.115,2026-06-26T00:02:16.512888,62148.562,114123.555,0.772,251.509,79776.933,0.02,0.0
412.166,2026-06-26T00:02:16.563874,62196.664,114173.555,0.77,251.51,79776.933,0.02,0.0
412.217,2026-06-26T00:02:16.614876,61398.562,114173.555,0.815,251.511,79776.933,0.02,0.0
412.268,2026-06-26T00:02:16.665860,61398.562,113373.555,0.8,251.512,79776.933,0.02,0.0
412.319,2026-06-26T00:02:16.716863,61398.562,113373.555,0.79,251.513,79776.933,0.02,0.0
412.37,2026-06-26T00:02:16.767858,61398.562,113373.555,0.783,251.514,79776.933,0.02,0.0
412.421,2026-06-26T00:02:16.818866,61398.562,113373.555,0.778,251.515,79776.933,0.02,0.0
412.472,2026-06-26T00:02:16.869852,61427.703,114173.555,0.82,251.516,79826.933,0.02,979.744
412.523,2026-06-26T00:02:16.920870,61479.883,114173.555,0.85,251.517,79826.933,0.02,0.0
412.574,2026-06-26T00:02:16.971849,61531.883,114173.555,0.825,251.518,79826.933,0.02,0.0
412.625,2026-06-26T00:02:17.022868,61583.922,114173.555,0.807,251.519,79826.933,0.02,0.0
412.676,2026-06-26T00:02:17.073846,61632.391,114173.555,0.795,251.52,79826.933,0.02,0.0
412.727,2026-06-26T00:02:17.124851,61680.691,114173.555,0.786,251.521,79826.933,0.02,0.0
412.778,2026-06-26T00:02:17.175839,61731.129,114173.555,0.78,251.522,79826.933,0.02,0.0
412.829,2026-06-26T00:02:17.226857,61781.629,114173.555,0.776,251.523,79826.933,0.02,0.0
412.88,2026-06-26T00:02:17.277854,61832.137,114173.555,0.773,251.524,79826.933,0.02,0.0
412.931,2026-06-26T00:02:17.328865,61883.691,114173.555,0.817,251.525,79826.933,0.02,0.0
412.982,2026-06-26T00:02:17.379855,61930.574,114173.555,0.755,251.526,79826.933,0.02,0.0
413.033,2026-06-26T00:02:17.430861,61982.645,114173.555,0.805,251.527,79826.933,0.02,0.0
413.084,2026-06-26T00:02:17.481835,62035.172,114173.555,0.793,251.528,79826.933,0.02,0.0
413.135,2026-06-26T00:02:17.532763,62087.879,114173.555,0.786,251.529,79826.933,0.02,0.0
413.186,2026-06-26T00:02:17.583682,62141.004,114173.555,0.78,251.53,79826.933,0.02,0.0
413.237,2026-06-26T00:02:17.634629,62194.32,114173.555,0.776,251.531,79826.933,0.02,0.0
413.363,2026-06-26T00:02:17.760252,61398.609,113373.555,0.917,251.876,79826.933,2.757,0.0
413.413,2026-06-26T00:02:17.810661,61398.609,113373.555,0.874,251.877,79826.933,0.02,0.0
413.464,2026-06-26T00:02:17.861307,61398.609,113373.555,0.843,251.879,79826.933,0.02,0.0
413.514,2026-06-26T00:02:17.911934,61398.609,113373.555,0.821,251.88,79826.933,0.02,0.0
413.565,2026-06-26T00:02:17.962764,61398.609,113373.555,0.805,251.881,79826.933,0.02,0.0
413.616,2026-06-26T00:02:18.013716,61430.113,113423.555,0.839,251.882,79876.933,0.02,980.573
413.667,2026-06-26T00:02:18.064727,61398.609,113373.555,0.771,251.883,79876.933,0.02,0.0
413.718,2026-06-26T00:02:18.115731,61410.359,114173.555,0.815,251.884,79926.933,0.02,980.06
413.769,2026-06-26T00:02:18.166740,61450.098,114173.555,0.801,251.885,79926.933,0.02,0.0
413.82,2026-06-26T00:02:18.217725,61488.18,114173.555,0.836,251.886,79926.933,0.02,0.0
413.871,2026-06-26T00:02:18.268727,61527.793,114173.555,0.815,251.887,79926.933,0.02,0.0
413.922,2026-06-26T00:02:18.319720,61575.68,114173.555,0.846,251.888,79926.933,0.02,0.0
413.973,2026-06-26T00:02:18.370733,61625.172,114173.555,0.776,251.889,79926.933,0.02,0.0
414.024,2026-06-26T00:02:18.421707,61674.871,114173.555,0.819,251.89,79926.933,0.02,0.0
414.075,2026-06-26T00:02:18.472714,61724.371,114173.555,0.803,251.891,79926.933,0.02,0.0
414.126,2026-06-26T00:02:18.523691,61775.059,114173.555,0.792,251.892,79926.933,0.02,0.0
414.177,2026-06-26T00:02:18.574700,61825.789,114173.555,0.784,251.893,79926.933,0.02,0.0
414.228,2026-06-26T00:02:18.625737,61876.734,114173.555,0.778,251.894,79926.933,0.02,0.0
414.279,2026-06-26T00:02:18.676791,61927.086,114173.555,0.774,251.895,79926.933,0.02,0.0
414.33,2026-06-26T00:02:18.727815,61972.301,114173.555,0.772,251.896,79926.933,0.02,0.0
414.381,2026-06-26T00:02:18.778873,62020.738,114173.555,0.77,251.897,79926.933,0.02,0.0
414.432,2026-06-26T00:02:18.829916,62069.945,114173.555,0.814,251.898,79926.933,0.02,0.0
414.483,2026-06-26T00:02:18.880959,62118.461,114173.555,0.754,251.899,79926.933,0.02,0.0
414.534,2026-06-26T00:02:18.931988,62168.121,114173.555,0.849,251.9,79926.933,0.02,0.0
414.585,2026-06-26T00:02:18.983038,62148.609,114123.555,0.732,251.901,79926.933,0.02,0.0
414.636,2026-06-26T00:02:19.034083,62186.109,114173.555,0.696,251.902,79926.933,0.02,0.0
414.688,2026-06-26T00:02:19.085168,61608.609,114173.555,0.809,251.903,79926.933,0.02,0.0
414.739,2026-06-26T00:02:19.136220,61398.609,113373.555,0.796,251.904,79926.933,0.02,0.0
414.79,2026-06-26T00:02:19.187226,61398.609,113373.555,0.787,251.905,79926.933,0.02,0.0
414.841,2026-06-26T00:02:19.238237,61398.609,113373.555,0.781,251.906,79926.933,0.02,0.0
414.892,2026-06-26T00:02:19.289237,61398.609,113373.555,0.777,251.907,79926.933,0.02,0.0
414.942,2026-06-26T00:02:19.340133,61407.223,113423.555,0.773,251.908,79976.933,0.02,981.197
414.993,2026-06-26T00:02:19.391090,61398.609,113373.555,0.772,251.909,79976.933,0.02,0.0
415.044,2026-06-26T00:02:19.442000,61398.609,113373.555,0.77,251.91,80026.933,0.02,981.601
415.095,2026-06-26T00:02:19.492933,60342.312,113373.555,0.815,251.911,80026.933,0.02,0.0
415.146,2026-06-26T00:02:19.543845,59706.27,110688.594,0.939,251.912,80026.933,0.02,0.0
415.197,2026-06-26T00:02:19.594736,59706.27,110688.594,0.888,251.913,80026.933,0.02,0.0
415.248,2026-06-26T00:02:19.645638,59706.27,110688.594,0.851,251.914,80026.933,0.02,0.0
415.299,2026-06-26T00:02:19.696613,59706.27,110688.594,0.826,251.915,80026.933,0.02,0.0
415.35,2026-06-26T00:02:19.747572,59706.27,110688.594,0.808,251.916,80026.933,0.02,0.0
415.401,2026-06-26T00:02:19.798545,59656.27,110688.594,0.796,251.917,80026.933,0.02,0.0
415.452,2026-06-26T00:02:19.849489,59656.27,110638.594,0.649,251.918,80026.933,0.02,0.0
415.503,2026-06-26T00:02:19.900464,59656.004,110629.914,0.684,252.318,80030.497,7.84,69.896
415.526,2026-06-26T00:02:19.923250,59536.516,86428.234,0.479,252.319,80030.497,0.038,0.009
415.527,2026-06-26T00:02:19.925044,59536.547,86428.234,0.335,252.32,80030.503,0.589,3.721
415.528,2026-06-26T00:02:19.925323,59536.547,86428.234,0.235,252.32,80030.503,2.436,0.0
