time_s,timestamp,rss_mb,vms_mb,cpu_percent,disk_read_mb,disk_write_mb,disk_read_rate_mb_s,disk_write_rate_mb_s
0.0,2026-06-26T00:03:31.777863,610.133,6523.18,0.179,155.808,0.012,0.0,0.0
0.0,2026-06-26T00:03:31.778242,610.137,6523.18,0.125,155.809,0.012,1.041,0.0
-0.0,2026-06-26T00:03:31.777699,610.137,6523.18,0.088,155.809,0.012,0.528,0.0
0.052,2026-06-26T00:03:31.829598,611.891,6523.996,0.198,156.072,0.013,5.202,0.01
0.155,2026-06-26T00:03:31.933087,612.637,6523.996,0.252,156.401,0.013,3.178,0.005
0.243,2026-06-26T00:03:32.021222,612.699,6523.996,0.256,156.725,0.013,3.678,0.0
0.294,2026-06-26T00:03:32.071571,612.699,6523.996,0.179,156.725,0.013,0.01,0.0
0.348,2026-06-26T00:03:32.126233,612.75,6523.996,0.254,156.733,0.014,0.136,0.009
0.349,2026-06-26T00:03:32.127116,612.758,6523.996,0.178,156.733,0.014,1.039,0.102
0.349,2026-06-26T00:03:32.127345,612.758,6523.996,0.124,156.734,0.014,2.23,0.0
0.402,2026-06-26T00:03:32.179855,612.902,6524.125,0.355,157.058,0.014,6.165,0.008
0.49,2026-06-26T00:03:32.268119,612.914,6524.125,0.328,157.383,0.014,3.683,0.0
0.541,2026-06-26T00:03:32.318480,612.914,6524.125,0.23,157.383,0.014,0.01,0.0
0.897,2026-06-26T00:03:32.675341,6106.379,802537.43,6.349,158.408,0.015,2.872,0.002
1.017,2026-06-26T00:03:32.795165,15065.93,827241.441,29.945,158.733,0.015,2.713,0.0
1.227,2026-06-26T00:03:33.004532,29538.984,852321.477,46.273,159.058,0.015,1.552,0.0
1.452,2026-06-26T00:03:33.229515,44780.387,852321.477,60.832,159.383,0.015,1.444,0.0
1.747,2026-06-26T00:03:33.524447,63872.707,852321.477,69.631,159.707,0.015,1.099,0.0
1.95,2026-06-26T00:03:33.728294,74770.355,852967.168,68.634,160.031,0.015,1.589,0.0
2.078,2026-06-26T00:03:33.856093,81728.645,853977.609,68.559,160.355,0.015,2.541,0.0
2.178,2026-06-26T00:03:33.956209,85904.812,854062.098,62.843,160.68,0.015,3.243,0.0
2.229,2026-06-26T00:03:34.006644,87571.906,854062.098,54.477,160.68,0.015,0.01,0.0
2.323,2026-06-26T00:03:34.100564,90073.668,854062.098,44.729,161.005,0.015,3.461,0.001
3.53,2026-06-26T00:03:35.308180,60635.172,87145.402,31.567,161.328,0.018,0.268,0.002
3.619,2026-06-26T00:03:35.396874,60635.172,87145.402,22.176,161.653,0.018,3.66,0.0
3.669,2026-06-26T00:03:35.447219,60635.172,87145.402,15.57,161.653,0.018,0.01,0.0
3.774,2026-06-26T00:03:35.551872,60636.996,87622.824,13.185,161.981,0.018,3.135,0.005
3.823,2026-06-26T00:03:35.601199,60712.422,87687.578,13.266,161.982,0.018,0.01,0.002
3.824,2026-06-26T00:03:35.601613,60712.422,87687.578,9.286,161.982,0.018,2.092,0.0
3.862,2026-06-26T00:03:35.640028,60712.422,87687.578,6.744,162.307,0.019,8.439,0.011
3.912,2026-06-26T00:03:35.690334,60712.422,87687.578,4.721,162.307,0.019,0.01,0.0
4.001,2026-06-26T00:03:35.778875,60712.422,87687.578,3.437,162.632,0.019,3.673,0.0
4.051,2026-06-26T00:03:35.829205,60712.422,87687.578,2.406,162.632,0.019,0.01,0.0
4.14,2026-06-26T00:03:35.917704,60712.422,87687.578,1.817,162.964,0.02,3.751,0.01
4.19,2026-06-26T00:03:35.968058,60712.422,87687.578,1.272,162.964,0.02,0.01,0.0
4.279,2026-06-26T00:03:36.056744,60712.422,87687.578,0.996,163.289,0.02,3.669,0.0
4.329,2026-06-26T00:03:36.107059,60712.422,87687.578,0.697,163.308,0.021,0.381,0.018
4.418,2026-06-26T00:03:36.195467,60712.422,87687.578,0.594,163.633,0.021,3.677,0.0
4.468,2026-06-26T00:03:36.245822,60712.422,87687.578,0.416,163.633,0.021,0.01,0.0
4.559,2026-06-26T00:03:36.337006,60712.422,87687.578,0.394,163.959,0.021,3.575,0.005
4.609,2026-06-26T00:03:36.387343,60712.422,87687.578,0.276,163.976,0.021,0.351,0.008
4.715,2026-06-26T00:03:36.492692,60712.422,87687.578,0.327,164.3,0.021,3.078,0.0
4.806,2026-06-26T00:03:36.583637,60712.426,87687.578,0.358,164.625,0.022,3.574,0.004
4.856,2026-06-26T00:03:36.633948,60712.426,87687.578,0.25,164.626,0.022,0.01,0.0
4.945,2026-06-26T00:03:36.722568,60712.426,87687.578,0.255,164.949,0.022,3.661,0.0
4.995,2026-06-26T00:03:36.772923,60712.426,87687.578,0.178,164.95,0.022,0.01,0.0
6.19,2026-06-26T00:03:37.968282,61001.414,87973.887,0.352,177.53,0.022,10.525,0.0
6.279,2026-06-26T00:03:38.056572,61001.414,87973.887,0.353,177.855,0.022,3.683,0.0
6.329,2026-06-26T00:03:38.106906,61001.414,87973.887,0.247,177.856,0.022,0.01,0.0
6.413,2026-06-26T00:03:38.191135,61001.414,87973.887,0.311,177.864,0.022,0.094,0.0
6.414,2026-06-26T00:03:38.192298,61001.414,87973.887,0.218,177.864,0.022,1.676,0.0
6.481,2026-06-26T00:03:38.258881,61001.414,87973.887,0.399,178.188,0.023,4.861,0.006
6.569,2026-06-26T00:03:38.346964,61001.414,87973.887,0.359,178.512,0.023,3.678,0.0
6.619,2026-06-26T00:03:38.397321,61001.414,87973.887,0.251,178.512,0.023,0.01,0.0
6.708,2026-06-26T00:03:38.485701,61001.414,87973.887,0.282,178.838,0.023,3.687,0.005
6.758,2026-06-26T00:03:38.536034,61001.414,87973.887,0.198,178.838,0.023,0.01,0.0
6.847,2026-06-26T00:03:38.624648,61001.414,87973.887,0.244,179.162,0.023,3.664,0.0
6.897,2026-06-26T00:03:38.674954,61001.414,87973.887,0.171,179.164,0.024,0.039,0.01
6.986,2026-06-26T00:03:38.763516,61001.414,87973.887,0.252,179.489,0.024,3.678,0.005
7.036,2026-06-26T00:03:38.813868,61001.414,87973.887,0.176,179.49,0.024,0.01,0.0
7.125,2026-06-26T00:03:38.903192,61001.414,87973.887,0.202,179.814,0.024,3.636,0.0
7.176,2026-06-26T00:03:38.953549,61001.414,87973.887,0.142,179.814,0.024,0.01,0.0
7.265,2026-06-26T00:03:39.042684,61001.414,87973.887,0.231,180.14,0.024,3.654,0.0
7.316,2026-06-26T00:03:39.094190,61001.414,87973.887,0.161,180.14,0.024,0.012,0.008
7.405,2026-06-26T00:03:39.182887,61001.414,87973.887,0.219,180.464,0.024,3.664,0.0
7.455,2026-06-26T00:03:39.233236,61001.414,87973.887,0.153,180.465,0.024,0.01,0.0
7.578,2026-06-26T00:03:39.355514,61001.414,87973.887,0.242,180.801,0.025,2.753,0.007
7.671,2026-06-26T00:03:39.448382,61001.414,87973.887,0.27,181.125,0.025,3.489,0.0
7.721,2026-06-26T00:03:39.498740,61001.414,87973.887,0.189,181.125,0.025,0.01,0.0
7.811,2026-06-26T00:03:39.588674,61001.414,87973.887,0.263,181.451,0.026,3.623,0.005
7.861,2026-06-26T00:03:39.639018,61001.414,87973.887,0.184,181.451,0.026,0.01,0.0
7.95,2026-06-26T00:03:39.727635,61001.414,87973.887,0.208,181.775,0.026,3.664,0.0
8.0,2026-06-26T00:03:39.777977,61001.414,87973.887,0.192,181.776,0.026,0.01,0.0
8.089,2026-06-26T00:03:39.866525,61001.414,87973.887,0.24,182.101,0.026,3.681,0.005
8.139,2026-06-26T00:03:39.916887,61001.414,87973.887,0.168,182.102,0.026,0.01,0.0
8.228,2026-06-26T00:03:40.005637,61001.414,87973.887,0.224,182.426,0.026,3.663,0.0
8.278,2026-06-26T00:03:40.055952,61001.414,87973.887,0.157,182.427,0.027,0.034,0.009
8.366,2026-06-26T00:03:40.144305,61001.414,87973.887,0.216,182.751,0.027,3.672,0.0
8.417,2026-06-26T00:03:40.194667,61001.414,87973.887,0.151,182.752,0.027,0.01,0.0
8.504,2026-06-26T00:03:40.281763,61001.414,87973.887,0.187,183.077,0.027,3.749,0.006
8.554,2026-06-26T00:03:40.332071,61001.414,87973.887,0.131,183.079,0.027,0.035,0.009
8.66,2026-06-26T00:03:40.437998,61001.414,87973.887,0.224,183.404,0.027,3.073,0.0
8.752,2026-06-26T00:03:40.529843,61001.414,87973.887,0.259,183.738,0.028,3.634,0.005
8.802,2026-06-26T00:03:40.580157,61001.414,87973.887,0.181,183.738,0.028,0.01,0.0
8.913,2026-06-26T00:03:40.690494,61001.414,87973.887,0.276,184.063,0.028,2.949,0.0
9.005,2026-06-26T00:03:40.782464,61001.414,87973.887,0.295,184.39,0.028,3.548,0.005
9.055,2026-06-26T00:03:40.832802,61001.414,87973.887,0.207,184.39,0.028,0.01,0.0
9.144,2026-06-26T00:03:40.921430,61001.414,87973.887,0.251,184.715,0.028,3.674,0.0
9.194,2026-06-26T00:03:40.971782,61001.414,87973.887,0.175,184.716,0.028,0.01,0.0
9.283,2026-06-26T00:03:41.060734,61001.414,87973.887,0.281,185.289,0.029,6.45,0.01
9.333,2026-06-26T00:03:41.111100,61001.414,87973.887,0.197,185.289,0.029,0.01,0.0
9.422,2026-06-26T00:03:41.199806,61001.414,87973.887,0.217,185.614,0.029,3.673,0.0
9.472,2026-06-26T00:03:41.250186,61001.414,87973.887,0.152,185.615,0.029,0.01,0.0
9.561,2026-06-26T00:03:41.338668,61001.414,87973.887,0.239,185.94,0.03,3.684,0.005
9.611,2026-06-26T00:03:41.389006,61001.414,87973.887,0.167,185.94,0.03,0.01,0.0
9.7,2026-06-26T00:03:41.477522,61001.414,87973.887,0.25,186.265,0.03,3.669,0.0
9.75,2026-06-26T00:03:41.527844,61001.414,87973.887,0.175,186.268,0.031,0.072,0.018
9.839,2026-06-26T00:03:41.616476,61001.414,87973.887,0.228,186.592,0.031,3.662,0.0
9.889,2026-06-26T00:03:41.666827,61001.414,87973.887,0.16,186.593,0.031,0.01,0.0
10.02,2026-06-26T00:03:41.797680,61001.414,87973.887,0.255,186.924,0.032,2.53,0.007
10.124,2026-06-26T00:03:41.901494,61001.414,87973.887,0.314,187.248,0.032,3.124,0.0
10.212,2026-06-26T00:03:41.989632,61001.414,87973.887,0.3,187.572,0.032,3.678,0.0
10.262,2026-06-26T00:03:42.039951,61001.414,87973.887,0.256,187.591,0.032,0.38,0.018
10.357,2026-06-26T00:03:42.134371,61001.414,87973.887,0.304,187.916,0.032,3.444,0.0
10.407,2026-06-26T00:03:42.184699,61001.414,87973.887,0.213,187.916,0.032,0.01,0.0
10.51,2026-06-26T00:03:42.288233,61001.414,87973.887,0.262,188.26,0.033,3.326,0.008
10.599,2026-06-26T00:03:42.376573,61001.414,87973.887,0.29,188.585,0.033,3.68,0.0
10.649,2026-06-26T00:03:42.426923,61001.414,87973.887,0.203,188.586,0.033,0.01,0.0
10.746,2026-06-26T00:03:42.524020,61001.414,87973.887,0.238,188.912,0.034,3.366,0.004
10.796,2026-06-26T00:03:42.574357,61001.414,87973.887,0.167,188.913,0.034,0.01,0.0
10.903,2026-06-26T00:03:42.681311,61001.414,87973.887,0.249,189.238,0.034,3.049,0.0
12.053,2026-06-26T00:03:43.831303,61085.262,88057.855,0.4,201.817,0.034,10.938,0.0
12.158,2026-06-26T00:03:43.935458,61085.262,88057.855,0.393,202.141,0.034,3.114,0.0
12.306,2026-06-26T00:03:44.084316,61085.262,88057.855,0.432,202.473,0.034,2.225,0.003
12.411,2026-06-26T00:03:44.188860,61085.262,88057.855,0.437,202.797,0.034,3.102,0.0
12.5,2026-06-26T00:03:44.277643,61085.262,88057.855,0.412,203.121,0.034,3.651,0.0
12.55,2026-06-26T00:03:44.327978,61085.262,88057.855,0.288,203.123,0.035,0.034,0.009
12.639,2026-06-26T00:03:44.416973,61085.262,88057.855,0.307,203.447,0.035,3.648,0.0
12.689,2026-06-26T00:03:44.467343,61085.262,88057.855,0.215,203.447,0.035,0.01,0.0
12.798,2026-06-26T00:03:44.575628,61085.262,88057.855,0.281,203.774,0.036,3.025,0.009
12.886,2026-06-26T00:03:44.663765,61085.262,88057.855,0.303,204.099,0.036,3.678,0.0
12.936,2026-06-26T00:03:44.714123,61085.262,88057.855,0.212,204.099,0.036,0.01,0.0
13.032,2026-06-26T00:03:44.809607,61085.262,88057.855,0.271,204.434,0.037,3.514,0.01
13.082,2026-06-26T00:03:44.859950,61085.262,88057.855,0.19,204.434,0.037,0.01,0.0
13.186,2026-06-26T00:03:44.963380,61085.262,88057.855,0.246,204.758,0.037,3.139,0.0
13.283,2026-06-26T00:03:45.061198,61085.262,88057.855,0.268,205.084,0.037,3.327,0.005
13.334,2026-06-26T00:03:45.111553,61085.262,88057.855,0.188,205.084,0.037,0.01,0.0
13.422,2026-06-26T00:03:45.200329,61085.262,88057.855,0.264,205.409,0.037,3.658,0.0
13.473,2026-06-26T00:03:45.250640,61085.262,88057.855,0.185,205.411,0.038,0.04,0.01
13.562,2026-06-26T00:03:45.339638,61085.262,88057.855,0.235,205.737,0.038,3.671,0.005
13.612,2026-06-26T00:03:45.390007,61085.262,88057.855,0.164,205.737,0.038,0.01,0.0
13.701,2026-06-26T00:03:45.478778,61085.262,88057.855,0.221,206.063,0.038,3.671,0.0
13.734,2026-06-26T00:03:45.511967,61085.262,88057.855,0.225,206.066,0.039,0.109,0.015
13.735,2026-06-26T00:03:45.512485,61085.262,88057.855,0.157,206.067,0.039,1.404,0.0
13.735,2026-06-26T00:03:45.513091,61085.262,88057.855,0.11,206.067,0.039,0.802,0.0
13.736,2026-06-26T00:03:45.513525,61085.262,88057.855,0.077,206.068,0.039,1.23,0.0
13.736,2026-06-26T00:03:45.513831,61085.262,88057.855,0.054,206.068,0.039,1.686,0.0
13.736,2026-06-26T00:03:45.514178,61085.262,88057.855,0.038,206.069,0.039,1.454,0.0
13.737,2026-06-26T00:03:45.514442,61085.262,88057.855,0.026,206.069,0.039,1.97,0.0
13.737,2026-06-26T00:03:45.514688,61085.262,88057.855,0.019,206.07,0.039,2.035,0.0
13.737,2026-06-26T00:03:45.515091,61085.262,88057.855,0.013,206.07,0.039,1.154,0.0
13.738,2026-06-26T00:03:45.515393,61085.262,88057.855,0.009,206.071,0.039,1.784,0.0
13.743,2026-06-26T00:03:45.521181,61192.961,88165.363,12.98,206.071,0.039,0.087,0.0
13.744,2026-06-26T00:03:45.521390,61192.961,88165.363,9.086,206.072,0.039,3.577,0.0
13.744,2026-06-26T00:03:45.521526,61192.961,88165.363,6.36,206.072,0.039,3.797,0.0
13.744,2026-06-26T00:03:45.521645,61192.961,88165.363,4.452,206.073,0.039,4.322,0.0
13.744,2026-06-26T00:03:45.521770,61192.961,88165.363,3.117,206.073,0.039,4.07,0.0
13.744,2026-06-26T00:03:45.521892,61192.961,88165.363,2.182,206.074,0.039,4.054,0.0
13.751,2026-06-26T00:03:45.529333,61192.961,88165.363,11.381,206.074,0.039,0.058,0.019
13.762,2026-06-26T00:03:45.539557,61192.961,88165.363,7.967,206.075,0.039,0.055,0.0
13.866,2026-06-26T00:03:45.643654,61440.168,88407.996,16.177,206.4,0.039,3.122,0.003
13.972,2026-06-26T00:03:45.749375,61528.16,88456.379,22.537,206.725,0.04,3.073,0.013
14.073,2026-06-26T00:03:45.850942,62343.031,89593.211,30.041,207.05,0.04,3.203,0.0
14.163,2026-06-26T00:03:45.941097,62665.363,90055.465,30.467,207.375,0.04,3.608,0.0
14.214,2026-06-26T00:03:45.992269,63723.41,96989.215,36.022,207.376,0.04,0.01,0.0
14.32,2026-06-26T00:03:46.097498,65931.527,96989.215,40.337,207.701,0.04,3.096,0.0
14.422,2026-06-26T00:03:46.199581,68152.246,96989.215,42.958,208.026,0.04,3.188,0.0
14.517,2026-06-26T00:03:46.295034,70094.488,96989.215,43.207,208.351,0.04,3.404,0.0
14.569,2026-06-26T00:03:46.347190,71176.504,104385.219,42.024,208.351,0.04,0.01,0.0
14.679,2026-06-26T00:03:46.456476,74241.82,104385.219,44.45,208.676,0.04,2.974,0.0
14.777,2026-06-26T00:03:46.554979,76845.988,104385.219,45.749,209.0,0.04,3.291,0.0
14.828,2026-06-26T00:03:46.605363,77226.781,104385.219,42.285,209.0,0.04,0.01,0.0
14.917,2026-06-26T00:03:46.694784,75829.199,104385.219,29.941,209.324,0.04,3.635,0.0
14.967,2026-06-26T00:03:46.745157,75033.66,104385.219,21.191,209.325,0.04,0.01,0.0
15.057,2026-06-26T00:03:46.834578,73596.781,104385.219,15.175,209.649,0.04,3.632,0.0
15.107,2026-06-26T00:03:46.884930,72806.781,104385.219,10.854,209.65,0.04,0.01,0.0
15.196,2026-06-26T00:03:46.974288,71400.781,104385.219,7.94,209.974,0.04,3.636,0.0
15.247,2026-06-26T00:03:47.024646,70601.371,104385.219,5.79,209.974,0.04,0.01,0.0
15.348,2026-06-26T00:03:47.125509,72063.375,104385.219,14.19,210.299,0.04,3.225,0.0
15.448,2026-06-26T00:03:47.225572,74790.332,104385.219,24.854,210.624,0.04,3.25,0.0
15.547,2026-06-26T00:03:47.325273,77445.965,104385.219,31.994,210.95,0.04,3.26,0.0
15.598,2026-06-26T00:03:47.375730,76844.777,104385.219,25.922,210.95,0.04,0.01,0.0
15.687,2026-06-26T00:03:47.465169,75376.777,104385.219,18.46,211.275,0.04,3.643,0.0
15.738,2026-06-26T00:03:47.515513,74556.777,104385.219,13.154,211.276,0.04,0.01,0.0
15.827,2026-06-26T00:03:47.604672,73101.637,104385.219,9.55,211.601,0.04,3.653,0.0
15.877,2026-06-26T00:03:47.655031,72268.215,104385.219,6.917,211.601,0.04,0.01,0.0
15.967,2026-06-26T00:03:47.744383,70790.785,104385.219,5.184,211.927,0.04,3.647,0.0
16.017,2026-06-26T00:03:47.794710,70375.539,104385.219,5.717,211.927,0.04,0.01,0.0
16.117,2026-06-26T00:03:47.894453,73240.863,104385.219,19.178,212.252,0.04,3.268,0.0
16.167,2026-06-26T00:03:47.944871,74669.52,104385.219,28.523,212.253,0.04,0.01,0.0
16.267,2026-06-26T00:03:48.044957,77270.672,104385.219,34.231,212.578,0.04,3.259,0.0
16.318,2026-06-26T00:03:48.095383,77590.129,104433.598,38.87,212.578,0.04,0.01,0.0
16.417,2026-06-26T00:03:48.194417,77668.754,104481.977,40.724,212.903,0.04,3.291,0.0
16.467,2026-06-26T00:03:48.244861,76943.91,103904.156,32.217,212.904,0.04,0.01,0.0
16.557,2026-06-26T00:03:48.334522,75505.652,103441.902,22.892,213.228,0.04,3.626,0.0
16.607,2026-06-26T00:03:48.384875,74697.652,103441.902,16.257,213.229,0.04,0.01,0.0
16.696,2026-06-26T00:03:48.474285,73257.109,103441.902,11.721,213.553,0.04,3.634,0.0
16.747,2026-06-26T00:03:48.524627,72425.652,103441.902,8.437,213.553,0.04,0.01,0.0
16.836,2026-06-26T00:03:48.613990,70984.141,103441.902,6.247,213.878,0.04,3.634,0.0
16.886,2026-06-26T00:03:48.664341,70150.719,103441.902,4.605,213.878,0.04,0.01,0.0
16.99,2026-06-26T00:03:48.767589,69461.793,96275.016,9.219,214.202,0.04,3.143,0.0
17.091,2026-06-26T00:03:48.868982,69884.609,96697.641,20.439,214.527,0.04,3.198,0.0
17.192,2026-06-26T00:03:48.969958,70861.297,97834.473,28.331,214.851,0.04,3.212,0.0
17.287,2026-06-26T00:03:49.064528,71250.477,105230.477,29.497,215.175,0.04,3.429,0.0
17.337,2026-06-26T00:03:49.114951,72367.492,105230.477,35.75,215.176,0.04,0.01,0.0
17.429,2026-06-26T00:03:49.206407,74481.16,105230.477,40.099,215.5,0.04,3.558,0.0
17.479,2026-06-26T00:03:49.256782,75677.473,105230.477,42.941,215.5,0.04,0.01,0.0
17.568,2026-06-26T00:03:49.345432,77843.332,105230.477,43.182,215.825,0.04,3.664,0.0
17.618,2026-06-26T00:03:49.395803,78690.273,112626.48,39.472,215.825,0.04,0.01,0.0
17.706,2026-06-26T00:03:49.483817,80833.66,112626.48,42.744,216.149,0.04,3.692,0.0
17.756,2026-06-26T00:03:49.534157,82060.258,112626.48,45.081,216.15,0.04,0.01,0.0
17.844,2026-06-26T00:03:49.621699,84246.199,112626.48,46.319,216.474,0.04,3.71,0.0
17.894,2026-06-26T00:03:49.672036,85580.777,112626.48,44.509,216.475,0.04,0.01,0.0
17.982,2026-06-26T00:03:49.759782,84563.316,112626.48,33.563,216.799,0.04,3.702,0.0
18.032,2026-06-26T00:03:49.810120,83805.66,112626.48,23.726,216.799,0.04,0.01,0.0
18.127,2026-06-26T00:03:49.904548,82336.414,112626.48,16.931,217.124,0.04,3.44,0.0
18.177,2026-06-26T00:03:49.954904,81548.414,112626.48,12.131,217.124,0.04,0.01,0.0
18.266,2026-06-26T00:03:50.043871,80168.91,112626.48,8.834,217.448,0.04,3.651,0.0
18.316,2026-06-26T00:03:50.094225,79382.414,112626.48,6.416,217.449,0.04,0.01,0.0
18.405,2026-06-26T00:03:50.183145,79064.34,112626.48,8.343,217.773,0.04,3.653,0.0
18.456,2026-06-26T00:03:50.233511,80599.172,112626.48,20.764,217.774,0.04,0.01,0.0
18.543,2026-06-26T00:03:50.321321,83277.496,112626.48,29.651,218.099,0.04,3.708,0.0
18.594,2026-06-26T00:03:50.371671,84807.926,112626.48,35.633,218.099,0.04,0.01,0.0
18.699,2026-06-26T00:03:50.476875,84828.496,112626.48,30.85,218.425,0.04,3.096,0.0
18.787,2026-06-26T00:03:50.564912,83426.832,112626.48,21.915,218.75,0.04,3.694,0.0
18.837,2026-06-26T00:03:50.615261,82593.41,112626.48,15.619,218.75,0.04,0.01,0.0
18.931,2026-06-26T00:03:50.708706,81078.098,112626.48,11.285,219.075,0.04,3.485,0.0
18.981,2026-06-26T00:03:50.759040,80244.676,112626.48,8.132,219.076,0.04,0.01,0.0
19.07,2026-06-26T00:03:50.847430,78805.129,112626.48,6.011,219.401,0.04,3.686,0.0
19.12,2026-06-26T00:03:50.897788,79024.746,112626.48,10.244,219.402,0.04,0.01,0.0
19.209,2026-06-26T00:03:50.986964,81686.832,112626.48,22.275,219.727,0.04,3.655,0.0
19.259,2026-06-26T00:03:51.037344,83199.637,112626.48,30.788,219.727,0.04,0.01,0.0
19.348,2026-06-26T00:03:51.126212,85730.516,112626.48,35.724,220.052,0.04,3.665,0.0
19.399,2026-06-26T00:03:51.176558,85835.562,112674.859,38.809,220.053,0.04,0.01,0.0
19.489,2026-06-26T00:03:51.266544,85910.207,112723.238,40.176,220.378,0.04,3.618,0.0
19.539,2026-06-26T00:03:51.316895,85218.738,112145.418,32.586,220.379,0.04,0.01,0.0
19.627,2026-06-26T00:03:51.404872,83847.297,111683.164,23.13,220.703,0.04,3.69,0.0
19.677,2026-06-26T00:03:51.455213,83051.098,111683.164,16.424,220.703,0.04,0.01,0.0
19.765,2026-06-26T00:03:51.543253,81613.098,111683.164,11.843,221.027,0.04,3.687,0.0
19.816,2026-06-26T00:03:51.593598,80807.098,111683.164,8.523,221.028,0.04,0.01,0.0
19.91,2026-06-26T00:03:51.687886,79263.477,111683.164,6.314,221.352,0.04,3.443,0.0
19.96,2026-06-26T00:03:51.738236,78467.938,111683.164,4.652,221.352,0.04,0.01,0.0
20.052,2026-06-26T00:03:51.829393,77703.246,104516.277,7.554,221.676,0.04,3.561,0.0
20.102,2026-06-26T00:03:51.879749,77932.363,104745.395,18.811,221.677,0.04,0.01,0.0
20.19,2026-06-26T00:03:51.968180,78125.871,104938.902,27.12,222.001,0.04,3.672,0.0
20.241,2026-06-26T00:03:52.018535,78388.52,105497.914,32.555,222.001,0.04,0.01,0.0
20.33,2026-06-26T00:03:52.107925,79594.305,106537.988,35.569,222.326,0.04,3.632,0.0
20.38,2026-06-26T00:03:52.158272,79796.352,113471.738,33.356,222.326,0.04,0.01,0.0
20.47,2026-06-26T00:03:52.248288,81961.648,113471.738,38.488,222.651,0.04,3.616,0.0
20.521,2026-06-26T00:03:52.298692,83192.957,113471.738,41.752,222.652,0.04,0.01,0.0
20.611,2026-06-26T00:03:52.388440,85428.586,113471.738,43.944,222.977,0.04,3.629,0.0
20.661,2026-06-26T00:03:52.438807,86533.727,113471.738,41.633,222.977,0.04,0.01,0.0
20.75,2026-06-26T00:03:52.528229,88716.727,120867.742,41.892,223.302,0.04,3.641,0.0
20.801,2026-06-26T00:03:52.578599,90246.582,120867.742,44.237,223.303,0.04,0.01,0.0
20.89,2026-06-26T00:03:52.668344,92816.09,120867.742,46.1,223.628,0.04,3.628,0.0
20.941,2026-06-26T00:03:52.718709,93952.199,120867.742,45.469,223.628,0.04,0.01,0.0
21.029,2026-06-26T00:03:52.807074,92827.676,120867.742,33.846,223.953,0.04,3.685,0.0
21.08,2026-06-26T00:03:52.857418,92049.676,120867.742,23.924,223.954,0.04,0.01,0.0
21.168,2026-06-26T00:03:52.946235,90645.258,120867.742,17.064,224.279,0.04,3.666,0.0
21.219,2026-06-26T00:03:52.996585,89811.836,120867.742,12.177,224.279,0.04,0.01,0.0
21.307,2026-06-26T00:03:53.085166,88431.676,120867.742,8.868,224.604,0.04,3.676,0.0
21.358,2026-06-26T00:03:53.135518,87614.633,120867.742,6.44,224.605,0.04,0.01,0.0
21.447,2026-06-26T00:03:53.224456,87349.984,120867.742,8.596,224.929,0.04,3.65,0.0
21.497,2026-06-26T00:03:53.274801,88864.684,120867.742,20.949,224.929,0.04,0.01,0.0
21.586,2026-06-26T00:03:53.364078,91551.199,120867.742,29.897,225.253,0.04,3.633,0.0
21.637,2026-06-26T00:03:53.414462,93059.816,120867.742,35.743,225.254,0.04,0.01,0.0
21.725,2026-06-26T00:03:53.502863,93297.055,120867.742,31.842,225.578,0.04,3.674,0.0
21.775,2026-06-26T00:03:53.553204,92481.668,120867.742,22.522,225.579,0.04,0.01,0.0
21.864,2026-06-26T00:03:53.641383,91099.668,120867.742,16.111,225.903,0.04,3.682,0.0
21.914,2026-06-26T00:03:53.691728,90266.43,120867.742,11.51,225.903,0.04,0.01,0.0
22.002,2026-06-26T00:03:53.779847,88864.766,120867.742,8.376,226.227,0.04,3.685,0.0
22.052,2026-06-26T00:03:53.830192,88031.344,120867.742,6.096,226.228,0.04,0.01,0.0
22.146,2026-06-26T00:03:53.923391,86860.23,120867.742,5.727,226.552,0.04,3.482,0.0
22.196,2026-06-26T00:03:53.973757,88322.062,120867.742,18.876,226.552,0.04,0.01,0.0
22.285,2026-06-26T00:03:54.062715,90895.141,120867.742,28.323,226.876,0.04,3.65,0.0
22.335,2026-06-26T00:03:54.113076,92354.711,120867.742,34.967,226.877,0.04,0.01,0.0
22.424,2026-06-26T00:03:54.202280,94062.0,120916.121,37.84,227.201,0.04,3.641,0.0
22.475,2026-06-26T00:03:54.252654,94086.781,120916.121,41.345,227.201,0.04,0.01,0.0
22.565,2026-06-26T00:03:54.342831,93998.637,120964.5,41.172,227.526,0.04,3.603,0.0
22.615,2026-06-26T00:03:54.393183,93156.938,120386.68,29.053,227.526,0.04,0.01,0.0
22.703,2026-06-26T00:03:54.481115,91785.496,119924.426,20.657,227.85,0.04,3.692,0.0
22.754,2026-06-26T00:03:54.531460,90989.957,119924.426,14.693,227.851,0.04,0.01,0.0
22.842,2026-06-26T00:03:54.619566,89550.41,119924.426,10.631,228.175,0.04,3.685,0.0
22.892,2026-06-26T00:03:54.669919,88716.988,119924.426,7.674,228.175,0.04,0.01,0.0
22.986,2026-06-26T00:03:54.764186,87200.359,119924.426,5.72,228.499,0.04,3.443,0.0
23.037,2026-06-26T00:03:54.814551,86368.254,119924.426,4.236,228.5,0.04,0.01,0.0
23.141,2026-06-26T00:03:54.919042,85966.711,112938.277,11.153,228.824,0.04,3.103,0.0
23.247,2026-06-26T00:03:55.025359,86367.133,113180.164,21.783,229.148,0.04,3.048,0.0
23.35,2026-06-26T00:03:55.127498,87635.609,114894.816,29.618,229.472,0.04,3.175,0.0
23.455,2026-06-26T00:03:55.232471,88559.176,121713.0,31.448,229.796,0.04,3.085,0.0
23.559,2026-06-26T00:03:55.337076,91053.379,121713.0,37.205,230.121,0.04,3.108,0.0
23.664,2026-06-26T00:03:55.441595,93573.945,121713.0,40.666,230.446,0.04,3.11,0.0
23.757,2026-06-26T00:03:55.534604,95098.848,129109.004,38.823,230.771,0.04,3.494,0.0
23.807,2026-06-26T00:03:55.585047,96252.004,129109.004,42.283,230.772,0.04,0.01,0.0
23.906,2026-06-26T00:03:55.683821,98509.332,129109.004,44.639,231.097,0.04,3.298,0.0
23.956,2026-06-26T00:03:55.734231,99663.449,129109.004,46.318,231.097,0.04,0.01,0.0
24.055,2026-06-26T00:03:55.833209,101922.992,129109.004,47.574,231.422,0.04,3.291,0.0
24.106,2026-06-26T00:03:55.883629,101841.379,129109.004,39.941,231.423,0.04,0.01,0.0
24.199,2026-06-26T00:03:55.977212,100424.938,129109.004,28.335,231.748,0.04,3.479,0.0
24.25,2026-06-26T00:03:56.027568,99644.176,129109.004,20.067,231.748,0.04,0.01,0.0
24.339,2026-06-26T00:03:56.116757,98230.938,129109.004,14.362,232.073,0.04,3.651,0.0
24.389,2026-06-26T00:03:56.167104,97446.938,129109.004,10.286,232.074,0.04,0.01,0.0
24.478,2026-06-26T00:03:56.256209,96024.938,129109.004,7.543,232.399,0.04,3.655,0.0
24.529,2026-06-26T00:03:56.306564,95211.887,129109.004,5.512,232.399,0.04,0.01,0.0
24.63,2026-06-26T00:03:56.407987,97084.488,129109.004,15.232,232.723,0.04,3.198,0.0
24.732,2026-06-26T00:03:56.509681,100020.723,129109.004,25.689,233.047,0.04,3.186,0.0
24.829,2026-06-26T00:03:56.607105,102295.973,129109.004,31.168,233.372,0.04,3.327,0.0
24.88,2026-06-26T00:03:56.657555,101500.434,129109.004,23.628,233.372,0.04,0.01,0.0
24.969,2026-06-26T00:03:56.746624,100098.77,129109.004,16.882,233.696,0.04,3.645,0.0
25.019,2026-06-26T00:03:56.796982,99303.23,129109.004,12.049,233.697,0.04,0.01,0.0
25.108,2026-06-26T00:03:56.886214,97866.926,129109.004,8.777,234.021,0.04,3.64,0.0
25.159,2026-06-26T00:03:56.936574,97068.145,129109.004,6.376,234.021,0.04,0.01,0.0
25.252,2026-06-26T00:03:57.030045,95548.926,129109.004,4.814,234.345,0.04,3.473,0.0
25.303,2026-06-26T00:03:57.080385,95117.602,129109.004,6.389,234.346,0.04,0.01,0.0
25.404,2026-06-26T00:03:57.181695,97400.738,129109.004,19.57,234.67,0.04,3.204,0.0
25.503,2026-06-26T00:03:57.280922,99643.453,129109.004,28.769,234.995,0.04,3.275,0.0
25.553,2026-06-26T00:03:57.331343,100789.922,129109.004,35.291,234.995,0.04,0.01,0.0
25.662,2026-06-26T00:03:57.439951,102317.293,129157.383,39.763,235.32,0.04,2.998,0.0
25.756,2026-06-26T00:03:57.533642,102392.73,129205.762,40.472,235.645,0.04,3.472,0.0
25.806,2026-06-26T00:03:57.584009,101921.992,128743.508,36.08,235.646,0.04,0.01,0.0
25.895,2026-06-26T00:03:57.672729,100519.234,128165.688,25.6,235.971,0.04,3.674,0.0
25.945,2026-06-26T00:03:57.723093,99741.621,128165.688,18.152,235.971,0.04,0.01,0.0
26.034,2026-06-26T00:03:57.811870,98359.914,128165.688,13.05,236.296,0.04,3.669,0.0
26.084,2026-06-26T00:03:57.862222,97602.258,128165.688,9.367,236.297,0.04,0.01,0.0
26.178,2026-06-26T00:03:57.955542,96145.621,128165.688,6.909,236.622,0.04,3.488,0.0
26.228,2026-06-26T00:03:58.005893,95341.621,128165.688,5.069,236.622,0.04,0.01,0.0
26.317,2026-06-26T00:03:58.094647,93956.652,120769.684,3.865,236.947,0.04,3.669,0.0
26.367,2026-06-26T00:03:58.144973,94185.77,120998.801,15.652,236.948,0.04,0.01,0.0
26.477,2026-06-26T00:03:58.255246,94608.395,121421.426,24.257,237.272,0.04,2.946,0.0
26.58,2026-06-26T00:03:58.357554,95822.91,122673.824,31.095,237.596,0.04,3.169,0.0
26.68,2026-06-26T00:03:58.457876,96552.828,129954.262,31.858,237.92,0.04,3.23,0.0
26.783,2026-06-26T00:03:58.560562,99084.34,129954.262,37.454,238.244,0.04,3.155,0.0
26.884,2026-06-26T00:03:58.661915,101545.918,129954.262,41.297,238.568,0.04,3.199,0.0
26.979,2026-06-26T00:03:58.756396,103136.215,129954.262,39.056,238.892,0.04,3.432,0.0
27.029,2026-06-26T00:03:58.806758,104032.137,137350.266,40.465,238.893,0.04,0.01,0.0
27.128,2026-06-26T00:03:58.905863,106486.766,137350.266,43.367,239.217,0.04,3.28,0.0
27.179,2026-06-26T00:03:58.957179,107443.535,137350.266,45.451,239.218,0.04,0.01,0.0
27.281,2026-06-26T00:03:59.058465,109125.414,137350.266,46.894,239.542,0.04,3.205,0.0
27.379,2026-06-26T00:03:59.157145,110519.305,137350.266,43.609,239.866,0.04,3.285,0.0
27.43,2026-06-26T00:03:59.207496,109968.992,137350.266,32.387,239.866,0.04,0.01,0.0
27.522,2026-06-26T00:03:59.300183,108643.094,137350.266,22.999,240.19,0.04,3.501,0.0
27.573,2026-06-26T00:03:59.350517,107885.438,137350.266,16.332,240.191,0.04,0.01,0.0
27.661,2026-06-26T00:03:59.438963,106578.199,137350.266,11.777,240.515,0.04,3.67,0.0
27.711,2026-06-26T00:03:59.489315,105816.199,137350.266,8.476,240.516,0.04,0.01,0.0
27.8,2026-06-26T00:03:59.578099,104475.984,137350.266,6.277,240.84,0.04,3.657,0.0
27.851,2026-06-26T00:03:59.628461,103680.445,137350.266,4.673,240.84,0.04,0.01,0.0
27.95,2026-06-26T00:03:59.727918,104862.488,137350.266,12.136,241.164,0.04,3.261,0.0
28.001,2026-06-26T00:03:59.778367,106403.738,137350.266,23.64,241.165,0.04,0.01,0.0
28.1,2026-06-26T00:03:59.878023,109137.75,137350.266,31.74,241.489,0.04,3.26,0.0
28.151,2026-06-26T00:03:59.928458,110276.137,137350.266,36.03,241.489,0.04,0.01,0.0
28.239,2026-06-26T00:04:00.017142,109690.184,137350.266,28.001,241.813,0.04,3.668,0.0
28.29,2026-06-26T00:04:00.067498,109059.805,137350.266,19.833,241.814,0.04,0.01,0.0
28.378,2026-06-26T00:04:00.156169,107961.203,137350.266,14.227,242.138,0.04,3.662,0.0
28.429,2026-06-26T00:04:00.206524,107355.078,137350.266,10.191,242.138,0.04,0.01,0.0
28.519,2026-06-26T00:04:00.296404,106256.477,137350.266,7.499,242.463,0.04,3.612,0.0
28.569,2026-06-26T00:04:00.346750,105624.184,137350.266,5.482,242.463,0.04,0.01,0.0
28.662,2026-06-26T00:04:00.439692,104475.984,137350.266,4.165,242.788,0.04,3.503,0.0
28.712,2026-06-26T00:04:00.490040,103860.184,137350.266,3.148,242.789,0.04,0.01,0.0
28.809,2026-06-26T00:04:00.586643,104100.945,137350.266,7.57,243.114,0.04,3.369,0.0
28.859,2026-06-26T00:04:00.637075,105575.871,137350.266,20.402,243.114,0.04,0.01,0.0
28.959,2026-06-26T00:04:00.736802,108479.926,137350.266,29.324,243.439,0.04,3.269,0.0
29.009,2026-06-26T00:04:00.787201,109620.59,137350.266,35.658,243.44,0.04,0.01,0.0
29.123,2026-06-26T00:04:00.901023,110573.367,137398.645,38.497,243.765,0.04,2.857,0.0
29.22,2026-06-26T00:04:00.997731,110293.047,137447.023,36.479,244.09,0.04,3.366,0.0
29.27,2026-06-26T00:04:01.048071,109556.035,136406.949,25.768,244.09,0.04,0.01,0.0
29.36,2026-06-26T00:04:01.137654,108376.883,136406.949,18.378,244.415,0.04,3.632,0.0
29.41,2026-06-26T00:04:01.188017,107688.883,136406.949,13.097,244.416,0.04,0.01,0.0
29.498,2026-06-26T00:04:01.276306,106373.879,136406.949,9.513,244.741,0.04,3.689,0.0
29.549,2026-06-26T00:04:01.326663,105616.223,136406.949,6.938,244.741,0.04,0.01,0.0
29.642,2026-06-26T00:04:01.419506,104328.207,136406.949,5.185,245.065,0.04,3.497,0.0
29.692,2026-06-26T00:04:01.469856,103532.668,136406.949,3.862,245.066,0.04,0.01,0.0
29.78,2026-06-26T00:04:01.558072,102244.652,136406.949,3.023,245.39,0.04,3.68,0.0
29.831,2026-06-26T00:04:01.608463,102427.031,129240.062,13.919,245.39,0.04,0.01,0.0
29.934,2026-06-26T00:04:01.711447,102849.656,129662.688,22.99,245.714,0.04,3.156,0.0
30.034,2026-06-26T00:04:01.811580,103739.688,130799.52,29.368,246.038,0.04,3.238,0.0
30.122,2026-06-26T00:04:01.900319,103994.148,131261.773,29.091,246.362,0.04,3.654,0.0
30.173,2026-06-26T00:04:01.950676,105057.664,138195.523,34.367,246.363,0.04,0.01,0.0
30.275,2026-06-26T00:04:02.052638,107646.41,138195.523,39.205,246.687,0.04,3.188,0.0
30.378,2026-06-26T00:04:02.155402,109993.633,138195.523,42.585,247.011,0.04,3.152,0.0
30.471,2026-06-26T00:04:02.248583,111681.168,145591.527,40.073,247.336,0.04,3.49,0.0
30.521,2026-06-26T00:04:02.299033,113053.859,145591.527,43.199,247.337,0.04,0.01,0.0
30.62,2026-06-26T00:04:02.397665,115075.402,145591.527,45.279,247.662,0.04,3.303,0.0
30.67,2026-06-26T00:04:02.448104,115929.129,145591.527,46.814,247.662,0.04,0.01,0.0
30.768,2026-06-26T00:04:02.546003,117487.723,145591.527,47.916,247.987,0.04,3.325,0.0
30.819,2026-06-26T00:04:02.596418,118284.492,145591.527,46.813,247.988,0.04,0.01,0.0
30.908,2026-06-26T00:04:02.685986,118119.461,145591.527,37.382,248.313,0.04,3.638,0.0
30.958,2026-06-26T00:04:02.736336,117414.715,145591.527,26.399,248.313,0.04,0.01,0.0
31.048,2026-06-26T00:04:02.825442,116202.465,145591.527,18.822,248.638,0.04,3.654,0.0
31.098,2026-06-26T00:04:02.875780,115491.461,145591.527,13.408,248.639,0.04,0.01,0.0
31.191,2026-06-26T00:04:02.968970,114156.793,145591.527,9.713,248.964,0.04,3.493,0.0
31.241,2026-06-26T00:04:03.019342,113474.902,145591.527,7.031,248.964,0.04,0.01,0.0
31.33,2026-06-26T00:04:03.107906,112173.461,145591.527,5.293,249.289,0.04,3.677,0.0
31.38,2026-06-26T00:04:03.158261,111429.23,145591.527,3.937,249.29,0.04,0.01,0.0
31.481,2026-06-26T00:04:03.258530,114040.707,145591.527,16.415,249.614,0.04,3.236,0.0
31.581,2026-06-26T00:04:03.359193,117087.629,145591.527,26.646,249.938,0.04,3.218,0.0
31.673,2026-06-26T00:04:03.450748,118589.082,145591.527,30.332,250.262,0.04,3.544,0.0
31.723,2026-06-26T00:04:03.501112,117999.441,145591.527,21.464,250.263,0.04,0.01,0.0
31.816,2026-06-26T00:04:03.594262,116884.355,145591.527,15.378,250.587,0.04,3.486,0.0
31.867,2026-06-26T00:04:03.644620,116278.23,145591.527,10.997,250.587,0.04,0.01,0.0
31.955,2026-06-26T00:04:03.733197,115255.395,145591.527,8.042,250.911,0.04,3.665,0.0
32.006,2026-06-26T00:04:03.783545,114649.27,145591.527,5.862,250.912,0.04,0.01,0.0
32.095,2026-06-26T00:04:03.872701,113626.434,145591.527,4.445,251.236,0.04,3.641,0.0
32.145,2026-06-26T00:04:03.923052,113058.191,145591.527,3.344,251.236,0.04,0.01,0.0
32.234,2026-06-26T00:04:04.012042,112005.441,145591.527,2.684,251.56,0.04,3.65,0.0
32.285,2026-06-26T00:04:04.062419,111411.441,145591.527,2.111,251.561,0.04,0.01,0.0
32.384,2026-06-26T00:04:04.162230,113923.746,145591.527,15.058,251.885,0.04,3.25,0.0
32.435,2026-06-26T00:04:04.212668,115366.641,145591.527,25.364,251.886,0.04,0.01,0.0
32.535,2026-06-26T00:04:04.312674,118174.004,145591.527,32.778,252.21,0.04,3.25,0.0
32.585,2026-06-26T00:04:04.363091,118789.684,145639.906,34.197,252.21,0.04,0.01,0.0
32.68,2026-06-26T00:04:04.457871,118826.781,145639.906,36.604,252.534,0.04,3.433,0.0
32.73,2026-06-26T00:04:04.508211,118647.957,145688.285,35.331,252.535,0.04,0.01,0.0
32.825,2026-06-26T00:04:04.602532,117456.352,144648.211,25.08,252.859,0.04,3.444,0.0
32.875,2026-06-26T00:04:04.652892,116906.145,144648.211,17.835,252.859,0.04,0.01,0.0
32.965,2026-06-26T00:04:04.742469,115778.145,144648.211,12.799,253.183,0.04,3.625,0.0
33.015,2026-06-26T00:04:04.792817,115069.734,144648.211,9.191,253.184,0.04,0.01,0.0
33.104,2026-06-26T00:04:04.881790,113864.145,144648.211,6.75,253.508,0.04,3.649,0.0
33.154,2026-06-26T00:04:04.932167,113213.477,144648.211,5.004,253.509,0.04,0.01,0.0
33.243,2026-06-26T00:04:05.021312,112106.145,144648.211,3.845,253.833,0.04,3.642,0.0
33.294,2026-06-26T00:04:05.071682,111370.145,144648.211,2.924,253.833,0.04,0.01,0.0
33.386,2026-06-26T00:04:05.164020,110487.555,137300.586,4.103,254.157,0.04,3.513,0.0
33.437,2026-06-26T00:04:05.214457,110730.449,137662.062,15.812,254.158,0.04,0.01,0.0
33.547,2026-06-26T00:04:05.325156,111162.301,138000.707,24.464,254.482,0.04,2.945,0.0
33.65,2026-06-26T00:04:05.427601,112298.754,139156.348,30.054,254.807,0.04,3.174,0.0
33.745,2026-06-26T00:04:05.523029,112418.309,146436.785,27.692,255.132,0.04,3.404,0.0
33.796,2026-06-26T00:04:05.573484,113657.262,146436.785,34.256,255.133,0.04,0.01,0.0
33.898,2026-06-26T00:04:05.675847,116175.012,146436.785,39.044,255.458,0.04,3.183,0.0
33.999,2026-06-26T00:04:05.777130,118653.129,146436.785,42.28,255.783,0.04,3.209,0.0
34.094,2026-06-26T00:04:05.872117,120261.008,153832.789,39.933,256.108,0.04,3.422,0.0
34.145,2026-06-26T00:04:05.922546,121432.035,153832.789,42.83,256.108,0.04,0.01,0.0
34.244,2026-06-26T00:04:06.021391,123794.855,153832.789,45.132,256.433,0.04,3.297,0.0
34.294,2026-06-26T00:04:06.071802,124807.145,153832.789,46.707,256.434,0.04,0.01,0.0
34.391,2026-06-26T00:04:06.169193,126251.363,153832.789,47.734,256.759,0.04,3.346,0.0
34.442,2026-06-26T00:04:06.219583,126978.906,153832.789,44.798,256.76,0.04,0.01,0.0
34.531,2026-06-26T00:04:06.309342,126110.57,153832.789,32.953,257.084,0.04,3.617,0.0
34.582,2026-06-26T00:04:06.359688,125390.797,153832.789,23.299,257.084,0.04,0.01,0.0
34.676,2026-06-26T00:04:06.453756,124140.664,153832.789,16.659,257.408,0.04,3.452,0.0
34.726,2026-06-26T00:04:06.504111,123496.656,153832.789,11.893,257.409,0.04,0.01,0.0
34.815,2026-06-26T00:04:06.592984,122322.289,153832.789,8.642,257.733,0.04,3.654,0.0
34.865,2026-06-26T00:04:06.643338,121626.723,153832.789,6.328,257.733,0.04,0.01,0.0
34.954,2026-06-26T00:04:06.731899,120352.383,153832.789,4.748,258.057,0.04,3.666,0.0
35.004,2026-06-26T00:04:06.782254,119656.723,153832.789,3.556,258.058,0.04,0.01,0.0
35.105,2026-06-26T00:04:06.882818,122380.871,153832.789,15.805,258.382,0.04,3.226,0.0
35.205,2026-06-26T00:04:06.982754,125502.336,153832.789,26.146,258.706,0.04,3.244,0.0
35.255,2026-06-26T00:04:07.033166,126645.375,153832.789,33.503,258.707,0.04,0.01,0.0
35.348,2026-06-26T00:04:07.126345,126186.336,153832.789,26.879,259.031,0.04,3.496,0.0
35.399,2026-06-26T00:04:07.176747,125542.324,153832.789,19.048,259.032,0.04,0.01,0.0
35.49,2026-06-26T00:04:07.267876,124405.84,153832.789,13.668,259.357,0.04,3.575,0.0
35.54,2026-06-26T00:04:07.318284,123761.832,153832.789,9.846,259.357,0.04,0.01,0.0
35.632,2026-06-26T00:04:07.409456,122624.699,153832.789,7.227,259.682,0.04,3.574,0.0
35.682,2026-06-26T00:04:07.459889,121981.34,153832.789,5.291,259.683,0.04,0.01,0.0
35.78,2026-06-26T00:04:07.557376,120769.09,153832.789,4.041,260.008,0.04,3.344,0.0
35.83,2026-06-26T00:04:07.607743,120124.5,153832.789,3.061,260.008,0.04,0.01,0.0
35.93,2026-06-26T00:04:07.707561,121173.492,153832.789,9.919,260.333,0.04,3.26,0.0
35.98,2026-06-26T00:04:07.757993,122502.941,153832.789,22.044,260.334,0.04,0.01,0.0
36.079,2026-06-26T00:04:07.857104,124775.027,153832.789,30.568,260.659,0.04,3.289,0.0
36.13,2026-06-26T00:04:07.907519,125941.582,153832.789,36.182,260.66,0.04,0.01,0.0
36.241,2026-06-26T00:04:08.018928,127054.168,153881.168,40.177,260.985,0.04,2.924,0.0
36.339,2026-06-26T00:04:08.116995,127040.75,153929.547,39.171,261.31,0.04,3.317,0.0
36.389,2026-06-26T00:04:08.167359,126462.93,153351.727,27.698,261.31,0.04,0.01,0.0
36.479,2026-06-26T00:04:08.256651,125363.406,152889.473,19.73,261.634,0.04,3.636,0.0
36.529,2026-06-26T00:04:08.307011,124674.777,152889.473,14.043,261.635,0.04,0.01,0.0
36.623,2026-06-26T00:04:08.401268,123413.406,152889.473,10.154,261.959,0.04,3.446,0.0
36.674,2026-06-26T00:04:08.451630,122723.406,152889.473,7.34,261.959,0.04,0.01,0.0
36.764,2026-06-26T00:04:08.541815,121530.504,152889.473,5.502,262.283,0.04,3.6,0.0
36.814,2026-06-26T00:04:08.592192,120886.496,152889.473,4.084,262.284,0.04,0.01,0.0
36.905,2026-06-26T00:04:08.682757,119598.48,152889.473,3.195,262.608,0.04,3.585,0.0
36.955,2026-06-26T00:04:08.733159,118965.406,152889.473,2.469,262.609,0.04,0.01,0.0
37.059,2026-06-26T00:04:08.837242,119138.672,145951.703,11.553,262.933,0.04,3.118,0.0
37.167,2026-06-26T00:04:08.944432,119432.688,146290.348,21.013,263.257,0.04,3.025,0.0
37.27,2026-06-26T00:04:09.047806,120584.426,147397.609,27.087,263.581,0.04,3.134,0.0
37.369,2026-06-26T00:04:09.146733,121165.207,154678.047,27.277,263.906,0.04,3.288,0.0
37.419,2026-06-26T00:04:09.197168,122488.031,154678.047,34.196,263.907,0.04,0.01,0.0
37.521,2026-06-26T00:04:09.298998,125026.32,154678.047,39.081,264.232,0.04,3.202,0.0
37.618,2026-06-26T00:04:09.396129,127242.875,154678.047,42.056,264.557,0.04,3.35,0.0
37.669,2026-06-26T00:04:09.446478,127890.242,162074.051,36.965,264.557,0.04,0.01,0.0
37.767,2026-06-26T00:04:09.544823,130067.66,162074.051,40.95,264.883,0.04,3.312,0.0
37.817,2026-06-26T00:04:09.595228,130962.027,162074.051,43.832,264.883,0.04,0.01,0.0
37.915,2026-06-26T00:04:09.692765,132591.219,162074.051,45.723,265.208,0.04,3.342,0.0
37.965,2026-06-26T00:04:09.743134,133387.359,162074.051,47.141,265.209,0.04,0.01,0.0
38.064,2026-06-26T00:04:09.841402,134923.781,162074.051,47.278,265.534,0.04,3.316,0.0
38.114,2026-06-26T00:04:09.891775,135021.984,162074.051,39.041,265.534,0.04,0.01,0.0
38.203,2026-06-26T00:04:09.980937,133935.121,162074.051,27.671,265.86,0.04,3.654,0.0
38.253,2026-06-26T00:04:10.031295,133328.996,162074.051,19.602,265.86,0.04,0.01,0.0
38.342,2026-06-26T00:04:10.120166,132154.629,162074.051,14.065,266.184,0.04,3.653,0.0
38.393,2026-06-26T00:04:10.170514,131409.984,162074.051,10.078,266.185,0.04,0.01,0.0
38.491,2026-06-26T00:04:10.268880,130157.984,162074.051,7.388,266.509,0.04,3.3,0.0
38.541,2026-06-26T00:04:10.319236,129509.984,162074.051,5.404,266.509,0.04,0.01,0.0
38.63,2026-06-26T00:04:10.407825,128290.582,162074.051,4.127,266.834,0.04,3.675,0.0
38.68,2026-06-26T00:04:10.458171,128128.051,162074.051,5.906,266.835,0.04,0.01,0.0
38.781,2026-06-26T00:04:10.558381,130968.41,162074.051,19.257,267.16,0.04,3.248,0.0
38.88,2026-06-26T00:04:10.658313,133817.23,162074.051,28.585,267.485,0.04,3.253,0.0
38.931,2026-06-26T00:04:10.708746,135154.965,162074.051,32.966,267.485,0.04,0.01,0.0
39.02,2026-06-26T00:04:10.797708,134351.832,162074.051,24.975,267.811,0.04,3.661,0.0
39.07,2026-06-26T00:04:10.848052,133749.957,162074.051,17.715,267.811,0.04,0.01,0.0
39.159,2026-06-26T00:04:10.936856,132722.871,162074.051,12.744,268.136,0.04,3.667,0.0
39.209,2026-06-26T00:04:10.987215,132149.957,162074.051,9.153,268.137,0.04,0.01,0.0
39.298,2026-06-26T00:04:11.076228,131093.91,162074.051,6.723,268.462,0.04,3.659,0.0
39.349,2026-06-26T00:04:11.126579,130487.785,162074.051,4.939,268.462,0.04,0.01,0.0
39.445,2026-06-26T00:04:11.222960,129339.957,162074.051,3.822,268.787,0.04,3.377,0.0
39.495,2026-06-26T00:04:11.273321,128745.176,162074.051,2.908,268.788,0.04,0.01,0.0
39.587,2026-06-26T00:04:11.364566,128132.379,162074.051,3.963,269.112,0.04,3.556,0.0
39.637,2026-06-26T00:04:11.414988,129460.496,162074.051,17.922,269.112,0.04,0.01,0.0
39.737,2026-06-26T00:04:11.514535,132125.094,162074.051,27.616,269.436,0.04,3.265,0.0
39.787,2026-06-26T00:04:11.564958,133477.457,162074.051,34.389,269.437,0.04,0.01,0.0
39.886,2026-06-26T00:04:11.663956,135274.039,162122.43,36.897,269.761,0.04,3.28,0.0
39.937,2026-06-26T00:04:11.714479,135299.945,162122.43,40.212,269.761,0.04,0.01,0.0
40.033,2026-06-26T00:04:11.810552,135092.598,162170.809,36.804,270.085,0.04,3.386,0.0
40.083,2026-06-26T00:04:11.860908,134476.895,161592.988,25.995,270.086,0.04,0.01,0.0
40.172,2026-06-26T00:04:11.950109,133522.164,161130.734,18.538,270.41,0.04,3.64,0.0
40.223,2026-06-26T00:04:12.000467,132780.668,161130.734,13.209,270.411,0.04,0.01,0.0
40.312,2026-06-26T00:04:12.089725,131628.023,161130.734,9.588,270.735,0.04,3.638,0.0
40.362,2026-06-26T00:04:12.140080,130956.668,161130.734,6.99,270.735,0.04,0.01,0.0
40.451,2026-06-26T00:04:12.229021,129809.648,161130.734,5.183,271.06,0.04,3.661,0.0
40.502,2026-06-26T00:04:12.279378,129178.668,161130.734,3.861,271.061,0.04,0.01,0.0
40.596,2026-06-26T00:04:12.374120,127915.508,161130.734,3.074,271.386,0.04,3.436,0.0
40.647,2026-06-26T00:04:12.424483,127298.668,161130.734,2.384,271.386,0.04,0.01,0.0
40.752,2026-06-26T00:04:12.529750,127360.246,154192.965,10.646,271.711,0.04,3.091,0.0
40.86,2026-06-26T00:04:12.637487,127717.398,154531.609,20.614,272.036,0.04,3.016,0.0
40.962,2026-06-26T00:04:12.739990,128761.105,155638.871,27.852,272.361,0.04,3.171,0.0
41.055,2026-06-26T00:04:12.833217,128761.383,162919.309,25.831,272.686,0.04,3.485,0.0
41.106,2026-06-26T00:04:12.883652,129960.594,162919.309,32.944,272.687,0.04,0.01,0.0
41.208,2026-06-26T00:04:12.985376,132443.781,162919.309,38.202,273.012,0.04,3.204,0.0
41.309,2026-06-26T00:04:13.086905,134907.531,162919.309,41.747,273.337,0.04,3.201,0.0
41.404,2026-06-26T00:04:13.182324,136663.516,170315.312,39.981,273.661,0.04,3.404,0.0
41.455,2026-06-26T00:04:13.232750,137831.539,170315.312,43.004,273.662,0.04,0.01,0.0
41.554,2026-06-26T00:04:13.331715,140235.832,170315.312,45.139,273.986,0.04,3.283,0.0
41.604,2026-06-26T00:04:13.382166,141258.977,170315.312,46.745,273.986,0.04,0.01,0.0
41.703,2026-06-26T00:04:13.480411,142932.676,170315.312,47.772,274.311,0.04,3.306,0.0
41.753,2026-06-26T00:04:13.530842,143359.246,170315.312,43.561,274.311,0.04,0.01,0.0
41.842,2026-06-26T00:04:13.619732,142395.246,170315.312,30.836,274.635,0.04,3.654,0.0
41.892,2026-06-26T00:04:13.670090,141743.246,170315.312,21.817,274.636,0.04,0.01,0.0
41.981,2026-06-26T00:04:13.758995,140555.246,170315.312,15.615,274.96,0.04,3.652,0.0
42.031,2026-06-26T00:04:13.809354,139865.531,170315.312,11.163,274.96,0.04,0.01,0.0
42.126,2026-06-26T00:04:13.904222,138691.164,170315.312,8.16,275.284,0.04,3.422,0.0
42.177,2026-06-26T00:04:13.954568,138085.039,170315.312,5.945,275.285,0.04,0.01,0.0
42.265,2026-06-26T00:04:14.042828,136857.246,170315.312,4.48,275.609,0.04,3.678,0.0
42.315,2026-06-26T00:04:14.093187,136153.016,170315.312,3.368,275.609,0.04,0.01,0.0
42.415,2026-06-26T00:04:14.193036,138589.93,170315.312,15.766,275.933,0.04,3.248,0.0
42.466,2026-06-26T00:04:14.243530,140040.418,170315.312,25.804,275.934,0.04,0.01,0.0
42.567,2026-06-26T00:04:14.344427,142924.465,170315.312,33.207,276.258,0.04,3.22,0.0
42.655,2026-06-26T00:04:14.433205,142769.215,170315.312,27.55,276.582,0.04,3.655,0.0
42.706,2026-06-26T00:04:14.483560,142100.617,170315.312,19.517,276.583,0.04,0.01,0.0
42.795,2026-06-26T00:04:14.572420,140925.375,170315.312,13.979,276.907,0.04,3.654,0.0
42.845,2026-06-26T00:04:14.622769,140281.367,170315.312,10.064,276.907,0.04,0.01,0.0
42.934,2026-06-26T00:04:14.712016,139123.215,170315.312,7.36,277.231,0.04,3.637,0.0
42.985,2026-06-26T00:04:14.762390,138477.215,170315.312,5.385,277.232,0.04,0.01,0.0
43.081,2026-06-26T00:04:14.858796,137249.215,170315.312,4.134,277.556,0.04,3.368,0.0
43.131,2026-06-26T00:04:14.909188,136571.215,170315.312,3.126,277.556,0.04,0.01,0.0
43.231,2026-06-26T00:04:15.009219,137563.164,170315.312,10.489,277.881,0.04,3.244,0.0
43.282,2026-06-26T00:04:15.059649,138899.621,170315.312,22.122,277.881,0.04,0.01,0.0
43.381,2026-06-26T00:04:15.158467,141159.168,170315.312,30.666,278.205,0.04,3.289,0.0
43.431,2026-06-26T00:04:15.208883,142326.98,170315.312,36.617,278.206,0.04,0.01,0.0
43.542,2026-06-26T00:04:15.320223,143534.613,170363.691,39.647,278.53,0.04,2.915,0.0
43.64,2026-06-26T00:04:15.417751,143475.691,170412.07,38.286,278.855,0.04,3.338,0.0
43.69,2026-06-26T00:04:15.468105,142907.57,169834.25,27.032,278.855,0.04,0.01,0.0
43.779,2026-06-26T00:04:15.557089,141877.074,169371.996,19.265,279.18,0.04,3.659,0.0
43.83,2026-06-26T00:04:15.607462,141233.066,169371.996,13.718,279.181,0.04,0.01,0.0
43.925,2026-06-26T00:04:15.703204,140020.816,169371.996,9.946,279.506,0.04,3.4,0.0
43.976,2026-06-26T00:04:15.753554,139376.809,169371.996,7.194,279.506,0.04,0.01,0.0
44.064,2026-06-26T00:04:15.842195,138164.559,169371.996,5.38,279.831,0.04,3.673,0.0
44.115,2026-06-26T00:04:15.892536,137558.434,169371.996,3.998,279.832,0.04,0.01,0.0
44.203,2026-06-26T00:04:15.981018,136397.93,169371.996,3.144,280.157,0.04,3.679,0.0
44.254,2026-06-26T00:04:16.031372,135721.93,169371.996,2.433,280.157,0.04,0.01,0.0
44.358,2026-06-26T00:04:16.136222,135392.078,162205.109,8.771,280.482,0.04,3.104,0.0
44.463,2026-06-26T00:04:16.241339,135814.703,162627.734,19.161,280.807,0.04,3.092,0.0
44.563,2026-06-26T00:04:16.340963,136855.145,163764.566,25.949,281.131,0.04,3.252,0.0
44.614,2026-06-26T00:04:16.391379,137453.59,164342.387,30.925,281.132,0.04,0.01,0.0
44.715,2026-06-26T00:04:16.492462,138260.668,171160.57,30.002,281.456,0.04,3.211,0.0
44.817,2026-06-26T00:04:16.594803,140857.543,171160.57,36.07,281.78,0.04,3.166,0.0
44.919,2026-06-26T00:04:16.696598,143472.152,171160.57,40.24,282.104,0.04,3.185,0.0
45.018,2026-06-26T00:04:16.795507,145608.969,178556.574,39.162,282.428,0.04,3.277,0.0
45.068,2026-06-26T00:04:16.845946,147099.102,178556.574,42.515,282.429,0.04,0.01,0.0
45.167,2026-06-26T00:04:16.944480,149389.195,178556.574,44.842,282.753,0.04,3.299,0.0
45.217,2026-06-26T00:04:16.994895,150628.293,178556.574,46.409,282.753,0.04,0.01,0.0
45.308,2026-06-26T00:04:17.086315,151458.473,178556.574,41.4,283.077,0.04,3.556,0.0
45.359,2026-06-26T00:04:17.136662,150978.473,178556.574,29.212,283.078,0.04,0.01,0.0
45.448,2026-06-26T00:04:17.225518,149887.285,178556.574,20.792,283.403,0.04,3.664,0.0
45.498,2026-06-26T00:04:17.275872,149281.16,178556.574,14.786,283.404,0.04,0.01,0.0
45.587,2026-06-26T00:04:17.365301,148166.473,178556.574,10.665,283.729,0.04,3.642,0.0
45.638,2026-06-26T00:04:17.415655,147538.551,178556.574,7.698,283.729,0.04,0.01,0.0
45.734,2026-06-26T00:04:17.511412,146477.832,178556.574,5.731,284.054,0.04,3.4,0.0
45.784,2026-06-26T00:04:17.561761,145795.941,178556.574,4.244,284.055,0.04,0.01,0.0
45.873,2026-06-26T00:04:17.650435,144697.34,178556.574,3.341,284.38,0.04,3.672,0.0
45.923,2026-06-26T00:04:17.700813,144764.0,178556.574,7.621,284.38,0.04,0.01,0.0
46.023,2026-06-26T00:04:17.801198,147597.062,178556.574,20.418,284.705,0.04,3.246,0.0
46.124,2026-06-26T00:04:17.902345,150435.332,178556.574,29.353,285.03,0.04,3.212,0.0
46.215,2026-06-26T00:04:17.992815,151262.469,178556.574,28.816,285.355,0.04,3.597,0.0
46.265,2026-06-26T00:04:18.043188,150568.301,178556.574,20.404,285.356,0.04,0.01,0.0
46.354,2026-06-26T00:04:18.132044,149356.051,178556.574,14.626,285.681,0.04,3.664,0.0
46.405,2026-06-26T00:04:18.182416,148636.277,178556.574,10.47,285.681,0.04,0.01,0.0
46.499,2026-06-26T00:04:18.276867,147348.262,178556.574,7.652,286.005,0.04,3.437,0.0
46.549,2026-06-26T00:04:18.327228,146676.469,178556.574,5.589,286.006,0.04,0.01,0.0
46.639,2026-06-26T00:04:18.416441,145453.711,178556.574,4.28,286.33,0.04,3.639,0.0
46.689,2026-06-26T00:04:18.466794,144771.82,178556.574,3.229,286.33,0.04,0.01,0.0
46.789,2026-06-26T00:04:18.566544,145993.648,178556.574,11.475,286.654,0.04,3.252,0.0
46.839,2026-06-26T00:04:18.616980,147373.02,178556.574,23.134,286.655,0.04,0.01,0.0
46.938,2026-06-26T00:04:18.716252,149918.883,178556.574,31.282,286.979,0.04,3.274,0.0
46.989,2026-06-26T00:04:18.766666,151101.938,178556.574,36.73,286.98,0.04,0.01,0.0
47.099,2026-06-26T00:04:18.877295,151785.988,178604.953,38.907,287.304,0.04,2.937,0.0
47.19,2026-06-26T00:04:18.967749,151508.867,178653.332,34.284,287.628,0.04,3.585,0.0
47.24,2026-06-26T00:04:19.018111,150959.418,178075.512,24.231,287.628,0.04,0.01,0.0
47.329,2026-06-26T00:04:19.107335,150004.688,177613.258,17.304,287.952,0.04,3.64,0.0
47.38,2026-06-26T00:04:19.157678,149284.914,177613.258,12.345,287.953,0.04,0.01,0.0
47.469,2026-06-26T00:04:19.246800,148186.312,177613.258,8.984,288.277,0.04,3.643,0.0
47.519,2026-06-26T00:04:19.297164,147607.156,177613.258,6.521,288.277,0.04,0.01,0.0
47.615,2026-06-26T00:04:19.392691,146405.82,177613.258,4.908,288.602,0.04,3.399,0.0
47.665,2026-06-26T00:04:19.443048,145799.695,177613.258,3.715,288.602,0.04,0.01,0.0
47.754,2026-06-26T00:04:19.531583,144701.094,177613.258,2.918,288.926,0.04,3.669,0.0
47.804,2026-06-26T00:04:19.581936,144019.203,177613.258,2.275,288.927,0.04,0.01,0.0
47.908,2026-06-26T00:04:19.686123,143633.34,170446.371,8.369,289.251,0.04,3.115,0.0
48.012,2026-06-26T00:04:19.789608,144055.965,170868.996,18.472,289.575,0.04,3.131,0.0
48.111,2026-06-26T00:04:19.889282,144933.828,172005.828,25.347,289.899,0.04,3.252,0.0
48.162,2026-06-26T00:04:19.939701,145744.348,172583.648,30.487,289.9,0.04,0.01,0.0
48.262,2026-06-26T00:04:20.039568,145928.035,179401.832,28.51,290.224,0.04,3.255,0.0
48.312,2026-06-26T00:04:20.090000,147195.418,179401.832,35.061,290.224,0.04,0.01,0.0
48.414,2026-06-26T00:04:20.191365,149691.133,179401.832,39.639,290.548,0.04,3.205,0.0
48.511,2026-06-26T00:04:20.289299,152067.02,179401.832,42.136,290.872,0.04,3.312,0.0
48.562,2026-06-26T00:04:20.339671,152926.844,186797.836,37.71,290.873,0.04,0.01,0.0
48.662,2026-06-26T00:04:20.439536,155755.941,186797.836,41.55,291.198,0.04,3.26,0.0
48.712,2026-06-26T00:04:20.489994,156987.16,186797.836,44.182,291.199,0.04,0.01,0.0
48.812,2026-06-26T00:04:20.589542,159329.738,186797.836,45.997,291.524,0.04,3.274,0.0
48.862,2026-06-26T00:04:20.639944,159946.922,186797.836,41.379,291.524,0.04,0.01,0.0
48.951,2026-06-26T00:04:20.728782,159063.734,186797.836,29.547,291.849,0.04,3.67,0.0
49.001,2026-06-26T00:04:20.779172,158393.727,186797.836,20.915,291.85,0.04,0.01,0.0
49.097,2026-06-26T00:04:20.874632,157257.242,186797.836,14.984,292.175,0.04,3.41,0.0
49.147,2026-06-26T00:04:20.924991,156726.883,186797.836,10.721,292.175,0.04,0.01,0.0
49.236,2026-06-26T00:04:21.013979,155643.734,186797.836,7.848,292.5,0.04,3.66,0.0
49.286,2026-06-26T00:04:21.064343,155097.922,186797.836,5.726,292.501,0.04,0.01,0.0
49.375,2026-06-26T00:04:21.152848,154075.086,186797.836,4.352,292.826,0.04,3.679,0.0
49.425,2026-06-26T00:04:21.203195,153431.078,186797.836,3.279,292.826,0.04,0.01,0.0
49.517,2026-06-26T00:04:21.294885,152889.793,186797.836,4.802,293.151,0.04,3.546,0.0
49.567,2026-06-26T00:04:21.345327,154341.73,186797.836,18.553,293.151,0.04,0.01,0.0
49.668,2026-06-26T00:04:21.445443,157197.395,186797.836,28.111,293.476,0.04,3.246,0.0
49.718,2026-06-26T00:04:21.495875,158624.512,186797.836,34.735,293.476,0.04,0.01,0.0
49.808,2026-06-26T00:04:21.586047,159605.977,186797.836,33.093,293.8,0.04,3.607,0.0
49.859,2026-06-26T00:04:21.636405,158943.727,186797.836,23.443,293.801,0.04,0.01,0.0
49.947,2026-06-26T00:04:21.725072,157749.719,186797.836,16.736,294.125,0.04,3.469,0.0
50.003,2026-06-26T00:04:21.780370,156992.062,186797.836,11.948,294.125,0.04,0.01,0.0
50.091,2026-06-26T00:04:21.868846,155817.695,186797.836,8.708,294.449,0.04,3.669,0.0
50.141,2026-06-26T00:04:21.919198,155161.727,186797.836,6.328,294.45,0.04,0.01,0.0
50.23,2026-06-26T00:04:22.007605,153923.555,186797.836,4.775,294.774,0.04,3.672,0.0
50.28,2026-06-26T00:04:22.057961,153203.781,186797.836,3.574,294.774,0.04,0.01,0.0
50.378,2026-06-26T00:04:22.155453,153812.305,186797.836,9.626,295.099,0.04,3.336,0.0
50.428,2026-06-26T00:04:22.205841,155055.977,186797.836,21.849,295.1,0.04,0.01,0.0
50.527,2026-06-26T00:04:22.305348,157730.422,186797.836,30.368,295.425,0.04,3.274,0.0
50.578,2026-06-26T00:04:22.355802,159103.711,186797.836,36.36,295.425,0.04,0.01,0.0
50.69,2026-06-26T00:04:22.467990,160026.734,186846.215,39.005,295.75,0.04,2.903,0.0
50.782,2026-06-26T00:04:22.559830,159740.617,186894.594,34.581,296.075,0.04,3.542,0.0
50.832,2026-06-26T00:04:22.610193,159176.637,186316.773,24.485,296.076,0.04,0.01,0.0
50.921,2026-06-26T00:04:22.699275,158236.418,185854.52,17.456,296.401,0.04,3.654,0.0
50.972,2026-06-26T00:04:22.749637,157564.059,185854.52,12.451,296.401,0.04,0.01,0.0
51.066,2026-06-26T00:04:22.843883,156427.574,185854.52,9.064,296.726,0.04,3.454,0.0
51.116,2026-06-26T00:04:22.894239,155888.418,185854.52,6.577,296.727,0.04,0.01,0.0
51.205,2026-06-26T00:04:22.982715,154834.418,185854.52,4.949,297.052,0.04,3.681,0.0
51.255,2026-06-26T00:04:23.033067,154268.254,185854.52,3.697,297.052,0.04,0.01,0.0
51.344,2026-06-26T00:04:23.121797,153245.418,185854.52,2.931,297.377,0.04,3.67,0.0
51.394,2026-06-26T00:04:23.172154,152568.418,185854.52,2.284,297.378,0.04,0.01,0.0
51.484,2026-06-26T00:04:23.261955,151668.195,178506.895,1.912,297.702,0.04,3.613,0.0
51.534,2026-06-26T00:04:23.312351,151874.602,178687.633,15.441,297.702,0.04,0.01,0.0
51.636,2026-06-26T00:04:23.414019,152297.227,179110.258,22.853,298.026,0.04,3.194,0.0
51.737,2026-06-26T00:04:23.514624,152905.621,179784.836,27.882,298.351,0.04,3.223,0.0
51.83,2026-06-26T00:04:23.608034,153706.898,180709.344,29.532,298.675,0.04,3.471,0.0
51.881,2026-06-26T00:04:23.658406,153736.117,187643.094,26.28,298.675,0.04,0.01,0.0
51.983,2026-06-26T00:04:23.761095,156227.359,187643.094,33.595,298.999,0.04,3.162,0.0
52.085,2026-06-26T00:04:23.862703,158801.816,187643.094,38.559,299.323,0.04,3.191,0.0
52.182,2026-06-26T00:04:23.959673,160827.492,187643.094,38.645,299.647,0.04,3.344,0.0
52.232,2026-06-26T00:04:24.010045,161866.938,195039.098,40.739,299.648,0.04,0.01,0.0
52.331,2026-06-26T00:04:24.109302,164184.023,195039.098,43.6,299.972,0.04,3.272,0.0
52.382,2026-06-26T00:04:24.159717,165370.695,195039.098,45.366,299.973,0.04,0.01,0.0
52.482,2026-06-26T00:04:24.259487,167881.969,195039.098,46.923,300.297,0.04,3.253,0.0
52.532,2026-06-26T00:04:24.309950,167794.996,195039.098,38.132,300.297,0.04,0.01,0.0
52.621,2026-06-26T00:04:24.398705,166748.637,195039.098,27.01,300.621,0.04,3.66,0.0
52.671,2026-06-26T00:04:24.449051,166218.277,195039.098,19.139,300.622,0.04,0.01,0.0
52.761,2026-06-26T00:04:24.538597,165119.676,195039.098,13.738,300.946,0.04,3.626,0.0
52.811,2026-06-26T00:04:24.588950,164512.996,195039.098,9.895,300.946,0.04,0.01,0.0
52.909,2026-06-26T00:04:24.687186,163328.996,195039.098,7.261,301.27,0.04,3.305,0.0
52.96,2026-06-26T00:04:24.737553,162808.824,195039.098,5.315,301.271,0.04,0.01,0.0
53.049,2026-06-26T00:04:24.826537,161672.34,195039.098,4.063,301.595,0.04,3.649,0.0
53.099,2026-06-26T00:04:24.876889,161028.332,195039.098,3.077,301.595,0.04,0.01,0.0
53.199,2026-06-26T00:04:24.977060,163023.406,195039.098,13.763,301.92,0.04,3.239,0.0
53.299,2026-06-26T00:04:25.077171,165885.41,195039.098,24.736,302.244,0.04,3.238,0.0
53.397,2026-06-26T00:04:25.175278,168074.535,195039.098,30.077,302.568,0.04,3.306,0.0
53.448,2026-06-26T00:04:25.225639,167430.527,195039.098,21.286,302.568,0.04,0.01,0.0
53.537,2026-06-26T00:04:25.315209,166248.984,195039.098,15.241,302.893,0.04,3.635,0.0
53.588,2026-06-26T00:04:25.365572,165574.27,195039.098,10.901,302.894,0.04,0.01,0.0
53.677,2026-06-26T00:04:25.454569,164420.984,195039.098,7.973,303.219,0.04,3.658,0.0
53.727,2026-06-26T00:04:25.504931,163755.895,195039.098,5.814,303.219,0.04,0.01,0.0
53.816,2026-06-26T00:04:25.594151,162581.527,195039.098,4.385,303.544,0.04,3.65,0.0
53.867,2026-06-26T00:04:25.644513,161937.52,195039.098,3.302,303.545,0.04,0.01,0.0
53.956,2026-06-26T00:04:25.733705,160830.062,187643.094,2.679,303.87,0.04,3.651,0.0
54.006,2026-06-26T00:04:25.784069,162136.867,195039.098,16.104,303.87,0.04,0.01,0.0
54.105,2026-06-26T00:04:25.883242,164521.059,195039.098,26.399,304.195,0.04,3.286,0.0
54.156,2026-06-26T00:04:25.933678,165672.871,195039.098,33.262,304.196,0.04,0.01,0.0
54.255,2026-06-26T00:04:26.032788,168018.234,195039.098,38.109,304.521,0.04,3.289,0.0
54.305,2026-06-26T00:04:26.083214,168251.191,195087.477,40.149,304.521,0.04,0.01,0.0
54.403,2026-06-26T00:04:26.180394,168322.824,195135.855,39.609,304.846,0.04,3.358,0.0
54.453,2026-06-26T00:04:26.230795,167775.453,194673.602,29.63,304.847,0.04,0.01,0.0
54.543,2026-06-26T00:04:26.320377,166695.68,194095.781,21.082,305.171,0.04,3.625,0.0
54.593,2026-06-26T00:04:26.370721,166108.383,194095.781,14.99,305.172,0.04,0.01,0.0
54.682,2026-06-26T00:04:26.459804,164989.68,194095.781,10.835,305.496,0.04,3.644,0.0
54.732,2026-06-26T00:04:26.510154,164327.891,194095.781,7.817,305.496,0.04,0.01,0.0
54.821,2026-06-26T00:04:26.598733,163229.289,194095.781,5.816,305.82,0.04,3.665,0.0
54.871,2026-06-26T00:04:26.649084,162661.047,194095.781,4.304,305.821,0.04,0.01,0.0
54.968,2026-06-26T00:04:26.745543,161600.328,194095.781,3.353,306.145,0.04,3.366,0.0
55.018,2026-06-26T00:04:26.795886,160880.555,194095.781,2.58,306.145,0.04,0.01,0.0
55.107,2026-06-26T00:04:26.884615,159886.746,186699.777,2.149,306.469,0.04,3.656,0.0
55.157,2026-06-26T00:04:26.935029,160115.863,186928.895,14.819,306.47,0.04,0.01,0.0
55.261,2026-06-26T00:04:27.038746,160538.488,187351.52,22.864,306.794,0.04,3.133,0.0
55.364,2026-06-26T00:04:27.141525,161480.496,188488.352,28.866,307.119,0.04,3.159,0.0
55.454,2026-06-26T00:04:27.232250,161834.512,188950.605,28.657,307.444,0.04,3.585,0.0
55.505,2026-06-26T00:04:27.282616,162439.102,195884.355,30.305,307.444,0.04,0.01,0.0
55.607,2026-06-26T00:04:27.385105,164972.695,195884.355,36.418,307.769,0.04,3.178,0.0
55.708,2026-06-26T00:04:27.486157,167493.25,195884.355,40.595,308.094,0.04,3.218,0.0
55.801,2026-06-26T00:04:27.578590,169198.059,203280.359,38.761,308.419,0.04,3.516,0.0
55.851,2026-06-26T00:04:27.629033,170386.289,203280.359,42.29,308.42,0.04,0.01,0.0
55.95,2026-06-26T00:04:27.727937,172515.758,203280.359,44.575,308.745,0.04,3.291,0.0
56.001,2026-06-26T00:04:27.778366,173499.5,203280.359,46.373,308.745,0.04,0.01,0.0
56.1,2026-06-26T00:04:27.877805,175242.891,203280.359,47.511,309.07,0.04,3.272,0.0
56.15,2026-06-26T00:04:27.928241,176087.922,203280.359,47.728,309.071,0.04,0.01,0.0
56.24,2026-06-26T00:04:28.017718,175836.258,203280.359,37.503,309.396,0.04,3.642,0.0
56.29,2026-06-26T00:04:28.068075,175255.078,203280.359,26.484,309.396,0.04,0.01,0.0
56.38,2026-06-26T00:04:28.157657,174200.258,203280.359,18.853,309.721,0.04,3.635,0.0
56.43,2026-06-26T00:04:28.207994,173532.258,203280.359,13.476,309.722,0.04,0.01,0.0
56.528,2026-06-26T00:04:28.305942,172450.258,203280.359,9.745,310.046,0.04,3.313,0.0
56.578,2026-06-26T00:04:28.356303,171866.258,203280.359,7.053,310.046,0.04,0.01,0.0
56.667,2026-06-26T00:04:28.444872,170858.258,203280.359,5.308,310.37,0.04,3.666,0.0
56.717,2026-06-26T00:04:28.495217,170216.664,203280.359,3.948,310.371,0.04,0.01,0.0
56.806,2026-06-26T00:04:28.583883,169071.324,195884.355,3.081,310.695,0.04,3.662,0.0
56.856,2026-06-26T00:04:28.634237,170275.973,203280.359,14.954,310.695,0.04,0.01,0.0
56.956,2026-06-26T00:04:28.734234,173114.438,203280.359,25.562,311.019,0.04,3.25,0.0
57.007,2026-06-26T00:04:28.784661,174553.645,203280.359,32.766,311.02,0.04,0.01,0.0
57.101,2026-06-26T00:04:28.879017,176288.242,203280.359,34.635,311.344,0.04,3.447,0.0
57.152,2026-06-26T00:04:28.929384,175654.242,203280.359,24.477,311.345,0.04,0.01,0.0
57.241,2026-06-26T00:04:29.018439,174535.305,203280.359,17.476,311.669,0.04,3.647,0.0
57.291,2026-06-26T00:04:29.068797,173891.297,203280.359,12.466,311.669,0.04,0.01,0.0
57.38,2026-06-26T00:04:29.157668,172782.242,203280.359,9.069,311.993,0.04,3.654,0.0
57.43,2026-06-26T00:04:29.208026,172118.242,203280.359,6.581,311.994,0.04,0.01,0.0
57.519,2026-06-26T00:04:29.296928,171022.242,203280.359,4.95,312.318,0.04,3.653,0.0
57.569,2026-06-26T00:04:29.347301,170406.078,203280.359,3.697,312.318,0.04,0.01,0.0
57.669,2026-06-26T00:04:29.446687,169155.945,203280.359,2.942,312.643,0.04,3.267,0.0
57.719,2026-06-26T00:04:29.497051,170176.406,203280.359,14.246,312.643,0.04,0.01,0.0
57.819,2026-06-26T00:04:29.596673,172874.648,203280.359,25.009,312.967,0.04,3.263,0.0
57.869,2026-06-26T00:04:29.647085,174027.078,203280.359,32.66,312.968,0.04,0.01,0.0
57.969,2026-06-26T00:04:29.746462,176294.547,203280.359,37.367,313.292,0.04,3.27,0.0
58.019,2026-06-26T00:04:29.796893,176492.742,203328.738,39.624,313.292,0.04,0.01,0.0
58.117,2026-06-26T00:04:29.894585,176564.086,203377.117,39.023,313.616,0.04,3.325,0.0
58.167,2026-06-26T00:04:29.945122,175988.184,202914.863,29.126,313.617,0.04,0.01,0.0
58.257,2026-06-26T00:04:30.034495,174917.887,202337.043,20.73,313.941,0.04,3.634,0.0
58.307,2026-06-26T00:04:30.084850,174349.645,202337.043,14.743,313.941,0.04,0.01,0.0
58.396,2026-06-26T00:04:30.173493,173326.809,202337.043,10.664,314.265,0.04,3.664,0.0
58.446,2026-06-26T00:04:30.223838,172644.918,202337.043,7.697,314.266,0.04,0.01,0.0
58.535,2026-06-26T00:04:30.313072,171670.941,202337.043,5.73,314.591,0.04,3.649,0.0
58.586,2026-06-26T00:04:30.363444,171066.941,202337.043,4.243,314.591,0.04,0.01,0.0
58.675,2026-06-26T00:04:30.452670,170106.77,202337.043,3.286,314.916,0.04,3.651,0.0
58.725,2026-06-26T00:04:30.503026,169500.645,202337.043,2.579,314.917,0.04,0.01,0.0
58.814,2026-06-26T00:04:30.592125,168402.043,202337.043,2.121,315.242,0.04,3.654,0.0
58.865,2026-06-26T00:04:30.642483,168357.125,195170.156,7.329,315.242,0.04,0.01,0.0
58.967,2026-06-26T00:04:30.744551,168596.738,195447.652,17.181,315.567,0.04,3.192,0.0
59.066,2026-06-26T00:04:30.843968,168876.508,195737.918,24.641,315.892,0.04,3.27,0.0
59.116,2026-06-26T00:04:30.894332,169961.328,196845.18,31.717,315.893,0.04,0.01,0.0
59.218,2026-06-26T00:04:30.995424,169927.359,204125.617,29.028,316.218,0.04,3.223,0.0
59.32,2026-06-26T00:04:31.097432,172444.684,204125.617,35.437,316.543,0.04,3.186,0.0
59.421,2026-06-26T00:04:31.199209,175008.77,204125.617,39.957,316.868,0.04,3.193,0.0
59.521,2026-06-26T00:04:31.298598,177114.77,204125.617,40.874,317.192,0.04,3.263,0.0
59.571,2026-06-26T00:04:31.348976,178037.402,211521.621,39.051,317.193,0.04,0.01,0.0
59.669,2026-06-26T00:04:31.447044,180375.809,211521.621,42.431,317.517,0.04,3.311,0.0
59.72,2026-06-26T00:04:31.497483,181124.172,211521.621,44.598,317.517,0.04,0.01,0.0
59.82,2026-06-26T00:04:31.598083,182251.484,211521.621,46.398,317.841,0.04,3.226,0.0
59.918,2026-06-26T00:04:31.696325,183306.348,211521.621,47.558,318.165,0.04,3.299,0.0
59.969,2026-06-26T00:04:31.746701,183877.859,211521.621,47.269,318.166,0.04,0.01,0.0
60.061,2026-06-26T00:04:31.838511,184557.059,211521.621,41.345,318.49,0.04,3.537,0.0
60.111,2026-06-26T00:04:31.888866,184023.52,211521.621,29.174,318.491,0.04,0.01,0.0
60.2,2026-06-26T00:04:31.978070,182969.52,211521.621,20.737,318.815,0.04,3.64,0.0
60.251,2026-06-26T00:04:32.028437,182445.52,211521.621,14.748,318.815,0.04,0.01,0.0
60.341,2026-06-26T00:04:32.118450,181405.52,211521.621,10.689,319.14,0.04,3.614,0.0
60.391,2026-06-26T00:04:32.168805,180806.66,211521.621,7.714,319.14,0.04,0.01,0.0
60.487,2026-06-26T00:04:32.265231,179685.52,211521.621,5.741,319.465,0.04,3.377,0.0
60.538,2026-06-26T00:04:32.315587,179101.934,211521.621,4.251,319.466,0.04,0.01,0.0
60.626,2026-06-26T00:04:32.404094,177951.52,211521.621,3.294,319.791,0.04,3.678,0.0
60.677,2026-06-26T00:04:32.454436,177321.441,211521.621,2.538,319.791,0.04,0.01,0.0
60.776,2026-06-26T00:04:32.554269,179869.387,211521.621,15.73,320.116,0.04,3.259,0.0
60.827,2026-06-26T00:04:32.604715,181311.75,211521.621,26.157,320.117,0.04,0.01,0.0
60.924,2026-06-26T00:04:32.702357,184096.414,211521.621,33.317,320.442,0.04,3.34,0.0
60.975,2026-06-26T00:04:32.752717,184532.145,211521.621,26.807,320.442,0.04,0.01,0.0
61.069,2026-06-26T00:04:32.846722,184632.824,211521.621,20.137,320.767,0.04,3.463,0.0
61.119,2026-06-26T00:04:32.897088,184026.699,211521.621,14.375,320.768,0.04,0.01,0.0
61.208,2026-06-26T00:04:32.986303,182939.5,211521.621,10.378,321.093,0.04,3.65,0.0
61.259,2026-06-26T00:04:33.036672,182337.5,211521.621,7.497,321.094,0.04,0.01,0.0
61.348,2026-06-26T00:04:33.125685,181247.5,211521.621,5.617,321.419,0.04,3.659,0.0
61.398,2026-06-26T00:04:33.176049,180617.105,211521.621,4.164,321.419,0.04,0.01,0.0
61.494,2026-06-26T00:04:33.272004,179489.5,211521.621,3.257,321.743,0.04,3.384,0.0
61.545,2026-06-26T00:04:33.322370,178843.5,211521.621,2.512,321.744,0.04,0.01,0.0
61.634,2026-06-26T00:04:33.411480,177773.5,211521.621,2.101,322.068,0.04,3.644,0.0
61.684,2026-06-26T00:04:33.461816,177429.254,211521.621,3.003,322.068,0.04,0.01,0.0
61.784,2026-06-26T00:04:33.562093,180109.777,211521.621,17.215,322.392,0.04,3.238,0.0
61.884,2026-06-26T00:04:33.661791,182828.895,211521.621,27.05,322.717,0.04,3.251,0.0
61.934,2026-06-26T00:04:33.712214,184013.977,211521.621,34.041,322.717,0.04,0.01,0.0
62.048,2026-06-26T00:04:33.825876,184750.211,211570.0,36.547,323.041,0.04,2.858,0.0
62.142,2026-06-26T00:04:33.919593,184464.402,211618.379,33.514,323.365,0.04,3.461,0.0
62.192,2026-06-26T00:04:33.969960,183962.348,211040.559,23.692,323.366,0.04,0.01,0.0
62.286,2026-06-26T00:04:34.064062,182888.203,210578.305,16.934,323.69,0.04,3.451,0.0
62.337,2026-06-26T00:04:34.114423,182178.203,210578.305,12.086,323.69,0.04,0.01,0.0
62.425,2026-06-26T00:04:34.202941,181151.359,210578.305,8.778,324.015,0.04,3.668,0.0
62.475,2026-06-26T00:04:34.253296,180583.117,210578.305,6.424,324.015,0.04,0.01,0.0
62.564,2026-06-26T00:04:34.341749,179488.203,210578.305,4.841,324.339,0.04,3.671,0.0
62.614,2026-06-26T00:04:34.392095,178916.273,210578.305,3.621,324.34,0.04,0.01,0.0
62.703,2026-06-26T00:04:34.480695,177830.203,210578.305,2.853,324.664,0.04,3.666,0.0
62.753,2026-06-26T00:04:34.531042,177173.664,210578.305,2.229,324.664,0.04,0.01,0.0
62.847,2026-06-26T00:04:34.624426,176598.387,203411.418,4.699,324.989,0.04,3.475,0.0
62.897,2026-06-26T00:04:34.674859,176815.836,203640.535,15.984,324.989,0.04,0.01,0.0
63.006,2026-06-26T00:04:34.783600,177141.824,203979.18,23.406,325.313,0.04,2.985,0.0
63.108,2026-06-26T00:04:34.885908,178264.215,205086.441,29.904,325.637,0.04,3.173,0.0
63.197,2026-06-26T00:04:34.974574,178157.844,205433.129,26.723,325.961,0.04,3.656,0.0
63.247,2026-06-26T00:04:35.024926,179279.977,212366.879,33.448,325.962,0.04,0.01,0.0
63.348,2026-06-26T00:04:35.126258,181897.887,212366.879,38.495,326.286,0.04,3.207,0.0
63.45,2026-06-26T00:04:35.228207,184440.141,212366.879,42.05,326.61,0.04,3.178,0.0
63.548,2026-06-26T00:04:35.325756,186512.473,219762.883,40.03,326.935,0.04,3.332,0.0
63.598,2026-06-26T00:04:35.376225,187838.609,219762.883,43.17,326.936,0.04,0.01,0.0
63.699,2026-06-26T00:04:35.476546,190380.941,219762.883,45.307,327.261,0.04,3.247,0.0
63.797,2026-06-26T00:04:35.575061,191977.156,219762.883,46.847,327.586,0.04,3.3,0.0
63.848,2026-06-26T00:04:35.625470,192670.32,219762.883,44.256,327.586,0.04,0.01,0.0
63.937,2026-06-26T00:04:35.714845,192290.781,219762.883,33.947,327.911,0.04,3.646,0.0
63.987,2026-06-26T00:04:35.765190,191704.781,219762.883,23.996,327.912,0.04,0.01,0.0
64.076,2026-06-26T00:04:35.853590,190752.648,219762.883,17.115,328.237,0.04,3.682,0.0
64.126,2026-06-26T00:04:35.903955,190070.758,219762.883,12.213,328.237,0.04,0.01,0.0
64.221,2026-06-26T00:04:35.998795,188992.781,219762.883,8.895,328.562,0.04,3.434,0.0
64.271,2026-06-26T00:04:36.049170,188402.781,219762.883,6.459,328.563,0.04,0.01,0.0
64.36,2026-06-26T00:04:36.137653,187410.781,219762.883,4.866,328.888,0.04,3.68,0.0
64.41,2026-06-26T00:04:36.188000,186774.953,219762.883,3.639,328.888,0.04,0.01,0.0
64.499,2026-06-26T00:04:36.276473,185676.352,219762.883,2.865,329.213,0.04,3.681,0.0
64.549,2026-06-26T00:04:36.326834,186624.914,219762.883,13.314,329.214,0.04,0.01,0.0
64.649,2026-06-26T00:04:36.427192,189554.363,219762.883,24.407,329.538,0.04,3.238,0.0
64.749,2026-06-26T00:04:36.527206,192476.609,219762.883,32.154,329.862,0.04,3.241,0.0
64.8,2026-06-26T00:04:36.577664,192596.758,219762.883,27.744,329.862,0.04,0.01,0.0
64.889,2026-06-26T00:04:36.666675,191420.758,219762.883,19.764,330.187,0.04,3.653,0.0
64.939,2026-06-26T00:04:36.717041,190752.648,219762.883,14.067,330.187,0.04,0.01,0.0
65.029,2026-06-26T00:04:36.806370,189578.281,219762.883,10.188,330.511,0.04,3.636,0.0
65.079,2026-06-26T00:04:36.856717,188930.758,219762.883,7.364,330.512,0.04,0.01,0.0
65.172,2026-06-26T00:04:36.949709,187722.023,219762.883,5.508,330.836,0.04,3.491,0.0
65.222,2026-06-26T00:04:37.000071,187077.902,219762.883,4.088,330.836,0.04,0.01,0.0
65.312,2026-06-26T00:04:37.089968,185916.758,219762.883,3.201,331.16,0.04,3.612,0.0
65.363,2026-06-26T00:04:37.140369,186047.324,219762.883,7.844,331.161,0.04,0.01,0.0
65.464,2026-06-26T00:04:37.241685,188856.949,219762.883,20.6,331.486,0.04,3.218,0.0
65.564,2026-06-26T00:04:37.341735,191389.27,219762.883,29.53,331.811,0.04,3.25,0.0
65.67,2026-06-26T00:04:37.447510,192973.848,219811.262,34.228,332.136,0.04,3.072,0.0
65.766,2026-06-26T00:04:37.544123,193046.609,219859.641,35.049,332.461,0.04,3.367,0.0
65.817,2026-06-26T00:04:37.594528,192518.98,219397.387,27.089,332.462,0.04,0.01,0.0
65.911,2026-06-26T00:04:37.689204,191383.465,218819.566,19.334,332.787,0.04,3.44,0.0
65.962,2026-06-26T00:04:37.739560,190756.402,218819.566,13.766,332.787,0.04,0.01,0.0
66.05,2026-06-26T00:04:37.828206,189695.684,218819.566,9.954,333.112,0.04,3.674,0.0
66.101,2026-06-26T00:04:37.878565,189051.676,218819.566,7.2,333.113,0.04,0.01,0.0
66.189,2026-06-26T00:04:37.967130,187990.957,218819.566,5.384,333.438,0.04,3.676,0.0
66.24,2026-06-26T00:04:38.017493,187401.465,218819.566,4.001,333.438,0.04,0.01,0.0
66.329,2026-06-26T00:04:38.106708,186399.879,218819.566,3.116,333.763,0.04,3.65,0.0
66.379,2026-06-26T00:04:38.157070,185827.465,218819.566,2.46,333.764,0.04,0.01,0.0
66.468,2026-06-26T00:04:38.246146,184713.465,218819.566,2.038,334.088,0.04,3.646,0.0
66.519,2026-06-26T00:04:38.296517,184839.648,211652.68,11.389,334.089,0.04,0.01,0.0
66.617,2026-06-26T00:04:38.395276,185262.273,212075.305,19.186,334.413,0.04,3.289,0.0
66.668,2026-06-26T00:04:38.445800,185394.402,212220.441,26.308,334.413,0.04,0.01,0.0
66.769,2026-06-26T00:04:38.546813,186401.023,213327.703,30.781,334.737,0.04,3.219,0.0
66.871,2026-06-26T00:04:38.648890,186871.145,220608.141,29.142,335.062,0.04,3.17,0.0
66.974,2026-06-26T00:04:38.751407,189445.109,220608.141,35.469,335.386,0.04,3.165,0.0
67.075,2026-06-26T00:04:38.853023,192038.918,220608.141,39.98,335.71,0.04,3.189,0.0
67.169,2026-06-26T00:04:38.946696,193795.109,220608.141,38.525,336.034,0.04,3.464,0.0
67.219,2026-06-26T00:04:38.997056,194934.316,228004.145,41.725,336.034,0.04,0.01,0.0
67.317,2026-06-26T00:04:39.095063,196730.0,228004.145,44.336,336.359,0.04,3.313,0.0
67.368,2026-06-26T00:04:39.145496,197451.984,228004.145,45.889,336.359,0.04,0.01,0.0
67.466,2026-06-26T00:04:39.243734,198927.637,228004.145,47.214,336.683,0.04,3.305,0.0
67.516,2026-06-26T00:04:39.294114,199612.348,228004.145,48.181,336.684,0.04,0.01,0.0
67.616,2026-06-26T00:04:39.393468,200823.453,228004.145,46.691,337.008,0.04,3.268,0.0
67.666,2026-06-26T00:04:39.443855,201039.582,228004.145,39.701,337.008,0.04,0.01,0.0
67.761,2026-06-26T00:04:39.538764,199928.043,228004.145,28.136,337.332,0.04,3.421,0.0
67.811,2026-06-26T00:04:39.589124,199338.043,228004.145,19.928,337.333,0.04,0.01,0.0
67.9,2026-06-26T00:04:39.677781,198274.137,228004.145,14.267,337.657,0.04,3.664,0.0
67.95,2026-06-26T00:04:39.728132,197678.043,228004.145,10.219,337.658,0.04,0.01,0.0
68.039,2026-06-26T00:04:39.816653,196640.043,228004.145,7.498,337.982,0.04,3.668,0.0
68.089,2026-06-26T00:04:39.867005,196114.816,228004.145,5.527,337.982,0.04,0.01,0.0
68.178,2026-06-26T00:04:39.955472,195091.98,228004.145,4.187,338.306,0.04,3.67,0.0
68.228,2026-06-26T00:04:40.005826,194430.043,228004.145,3.163,338.307,0.04,0.01,0.0
68.324,2026-06-26T00:04:40.101962,194477.605,228004.145,7.606,338.631,0.04,3.376,0.0
68.375,2026-06-26T00:04:40.152412,195633.746,228004.145,20.982,338.631,0.04,0.01,0.0
68.478,2026-06-26T00:04:40.255742,198416.293,228004.145,29.768,338.956,0.04,3.149,0.0
68.577,2026-06-26T00:04:40.354895,201166.316,228004.145,35.357,339.281,0.04,3.281,0.0
68.627,2026-06-26T00:04:40.405280,200622.871,228004.145,26.932,339.282,0.04,0.01,0.0
68.716,2026-06-26T00:04:40.494143,199548.016,228004.145,19.17,339.607,0.04,3.665,0.0
68.767,2026-06-26T00:04:40.544504,198918.145,228004.145,13.651,339.607,0.04,0.01,0.0
68.855,2026-06-26T00:04:40.633204,197878.016,228004.145,9.926,339.932,0.04,3.671,0.0
68.906,2026-06-26T00:04:40.683576,197289.152,228004.145,7.18,339.933,0.04,0.01,0.0
69.002,2026-06-26T00:04:40.779530,196182.016,228004.145,5.369,340.258,0.04,3.394,0.0
69.052,2026-06-26T00:04:40.829895,195546.543,228004.145,3.99,340.258,0.04,0.01,0.0
69.141,2026-06-26T00:04:40.919169,194561.59,228004.145,3.135,340.583,0.04,3.649,0.0
69.192,2026-06-26T00:04:40.969520,193993.348,228004.145,2.427,340.584,0.04,0.01,0.0
69.293,2026-06-26T00:04:41.070497,195803.613,228004.145,13.003,340.909,0.04,3.221,0.0
69.393,2026-06-26T00:04:41.170432,198533.852,228004.145,24.235,341.234,0.04,3.254,0.0
69.443,2026-06-26T00:04:41.220854,199840.715,228004.145,32.113,341.235,0.04,0.01,0.0
69.55,2026-06-26T00:04:41.328023,201218.922,228052.523,35.507,341.559,0.04,3.031,0.0
69.648,2026-06-26T00:04:41.425971,201249.988,228100.902,35.701,341.883,0.04,3.312,0.0
69.699,2026-06-26T00:04:41.476368,200706.516,227523.082,26.012,341.883,0.04,0.01,0.0
69.788,2026-06-26T00:04:41.565841,199679.555,227060.828,18.576,342.207,0.04,3.629,0.0
69.838,2026-06-26T00:04:41.616206,199149.195,227060.828,13.235,342.208,0.04,0.01,0.0
69.927,2026-06-26T00:04:41.705164,198200.727,227060.828,9.608,342.532,0.04,3.65,0.0
69.978,2026-06-26T00:04:41.755524,197606.727,227060.828,6.958,342.533,0.04,0.01,0.0
70.067,2026-06-26T00:04:41.844971,196573.164,227060.828,5.185,342.857,0.04,3.63,0.0
70.117,2026-06-26T00:04:41.895328,196042.805,227060.828,3.862,342.857,0.04,0.01,0.0
70.206,2026-06-26T00:04:41.984325,195104.727,227060.828,3.046,343.181,0.04,3.648,0.0
70.257,2026-06-26T00:04:42.034690,194544.727,227060.828,2.364,343.182,0.04,0.01,0.0
70.348,2026-06-26T00:04:42.125656,193466.773,227060.828,2.016,343.506,0.04,3.576,0.0
70.398,2026-06-26T00:04:42.175981,192898.531,227060.828,1.644,343.507,0.04,0.01,0.0
70.503,2026-06-26T00:04:42.280813,193310.027,220123.059,13.541,343.832,0.04,3.103,0.0
70.605,2026-06-26T00:04:42.382930,193623.953,220461.703,20.934,344.157,0.04,3.183,0.0
70.703,2026-06-26T00:04:42.480466,194708.156,221568.965,27.196,344.482,0.04,3.332,0.0
70.753,2026-06-26T00:04:42.530898,194970.82,221915.652,27.43,344.483,0.04,0.01,0.0
70.854,2026-06-26T00:04:42.632355,196066.902,228849.402,28.428,344.808,0.04,3.209,0.0
70.956,2026-06-26T00:04:42.733626,198582.539,228849.402,34.987,345.133,0.04,3.208,0.0
71.057,2026-06-26T00:04:42.834899,201101.023,228849.402,39.489,345.458,0.04,3.209,0.0
71.155,2026-06-26T00:04:42.932393,203033.477,236245.406,38.052,345.783,0.04,3.336,0.0
71.205,2026-06-26T00:04:42.982822,204498.867,236245.406,41.789,345.783,0.04,0.01,0.0
71.304,2026-06-26T00:04:43.081500,207091.582,236245.406,44.287,346.108,0.04,3.303,0.0
71.354,2026-06-26T00:04:43.131912,208412.422,236245.406,46.113,346.109,0.04,0.01,0.0
71.445,2026-06-26T00:04:43.222433,209318.727,236245.406,41.619,346.433,0.04,3.593,0.0
71.495,2026-06-26T00:04:43.272750,208765.305,236245.406,29.366,346.433,0.04,0.01,0.0
71.583,2026-06-26T00:04:43.361040,207765.531,236245.406,20.875,346.757,0.04,3.675,0.0
71.634,2026-06-26T00:04:43.411395,207273.055,236245.406,14.845,346.758,0.04,0.01,0.0
71.722,2026-06-26T00:04:43.499894,206279.305,236245.406,10.736,347.082,0.04,3.669,0.0
71.772,2026-06-26T00:04:43.550250,205711.305,236245.406,7.747,347.083,0.04,0.01,0.0
71.861,2026-06-26T00:04:43.639306,204697.023,236245.406,5.766,347.407,0.04,3.646,0.0
71.912,2026-06-26T00:04:43.689680,204128.781,236245.406,4.268,347.407,0.04,0.01,0.0
72.0,2026-06-26T00:04:43.778216,203105.945,236245.406,3.332,347.731,0.04,3.667,0.0
72.051,2026-06-26T00:04:43.828565,202499.82,236245.406,2.565,347.732,0.04,0.01,0.0
72.15,2026-06-26T00:04:43.928116,203556.766,236245.406,10.721,348.056,0.04,3.258,0.0
72.201,2026-06-26T00:04:43.978581,205002.238,236245.406,22.327,348.056,0.04,0.01,0.0
72.301,2026-06-26T00:04:44.078668,207857.363,236245.406,30.756,348.38,0.04,3.247,0.0
72.351,2026-06-26T00:04:44.129087,209217.633,236245.406,35.105,348.381,0.04,0.01,0.0
72.44,2026-06-26T00:04:44.218178,208447.422,236245.406,26.656,348.705,0.04,3.652,0.0
72.491,2026-06-26T00:04:44.268536,207765.508,236245.406,18.892,348.706,0.04,0.01,0.0
72.58,2026-06-26T00:04:44.357887,206493.273,236245.406,13.565,349.03,0.04,3.634,0.0
72.63,2026-06-26T00:04:44.408233,205795.59,236245.406,9.728,349.03,0.04,0.01,0.0
72.72,2026-06-26T00:04:44.497585,204582.984,236245.406,7.151,349.354,0.04,3.634,0.0
72.77,2026-06-26T00:04:44.547946,203901.094,236245.406,5.238,349.355,0.04,0.01,0.0
72.86,2026-06-26T00:04:44.637669,202726.727,236245.406,4.007,349.679,0.04,3.619,0.0
72.91,2026-06-26T00:04:44.688037,202039.273,236245.406,3.037,349.679,0.04,0.01,0.0
73.011,2026-06-26T00:04:44.788379,204371.988,236245.406,16.713,350.004,0.04,3.234,0.0
73.11,2026-06-26T00:04:44.887884,206812.074,236245.406,26.726,350.328,0.04,3.257,0.0
73.16,2026-06-26T00:04:44.938321,208045.555,236245.406,33.81,350.328,0.04,0.01,0.0
73.266,2026-06-26T00:04:45.043935,209459.762,236293.785,35.799,350.652,0.04,3.076,0.0
73.363,2026-06-26T00:04:45.140396,209505.152,236342.164,35.755,350.976,0.04,3.363,0.0
73.413,2026-06-26T00:04:45.190770,209028.996,235879.91,26.469,350.977,0.04,0.01,0.0
73.503,2026-06-26T00:04:45.281145,208103.988,235302.09,18.866,351.301,0.04,3.593,0.0
73.554,2026-06-26T00:04:45.331495,207541.988,235302.09,13.438,351.302,0.04,0.01,0.0
73.642,2026-06-26T00:04:45.420069,206543.988,235302.09,9.725,351.627,0.04,3.676,0.0
73.693,2026-06-26T00:04:45.470431,205950.91,235302.09,7.04,351.627,0.04,0.01,0.0
73.783,2026-06-26T00:04:45.560413,204965.957,235302.09,5.267,351.952,0.04,3.619,0.0
73.833,2026-06-26T00:04:45.610770,204397.715,235302.09,3.919,351.953,0.04,0.01,0.0
73.923,2026-06-26T00:04:45.700616,203449.988,235302.09,3.109,352.278,0.04,3.623,0.0
73.973,2026-06-26T00:04:45.750978,202882.402,235302.09,2.408,352.278,0.04,0.01,0.0
74.063,2026-06-26T00:04:45.840385,201875.988,235302.09,2.027,352.603,0.04,3.642,0.0
74.113,2026-06-26T00:04:45.890734,201321.988,235302.09,1.651,352.604,0.04,0.01,0.0
74.217,2026-06-26T00:04:45.995014,201551.289,228364.32,11.61,352.929,0.04,3.119,0.0
74.322,2026-06-26T00:04:46.100043,201803.672,228654.586,20.14,353.254,0.04,3.098,0.0
74.421,2026-06-26T00:04:46.198998,202883.547,229810.227,26.747,353.579,0.04,3.285,0.0
74.472,2026-06-26T00:04:46.249364,203192.352,230156.914,27.031,353.579,0.04,0.01,0.0
74.573,2026-06-26T00:04:46.350785,204416.113,237090.664,28.45,353.903,0.04,3.199,0.0
74.675,2026-06-26T00:04:46.452399,207004.23,237090.664,35.094,354.228,0.04,3.191,0.0
74.776,2026-06-26T00:04:46.553702,209504.387,237090.664,39.488,354.552,0.04,3.199,0.0
74.874,2026-06-26T00:04:46.651900,211340.996,244486.668,37.857,354.876,0.04,3.301,0.0
74.924,2026-06-26T00:04:46.702345,212465.449,244486.668,41.602,354.876,0.04,0.01,0.0
75.023,2026-06-26T00:04:46.800473,213995.363,244486.668,44.218,355.2,0.04,3.313,0.0
75.073,2026-06-26T00:04:46.850869,214626.75,244486.668,46.111,355.201,0.04,0.01,0.0
75.171,2026-06-26T00:04:46.949017,215885.426,244486.668,47.393,355.525,0.04,3.311,0.0
75.222,2026-06-26T00:04:46.999416,216532.551,244486.668,48.035,355.526,0.04,0.01,0.0
75.313,2026-06-26T00:04:47.090814,217656.453,244486.668,44.895,355.85,0.04,3.553,0.0
75.363,2026-06-26T00:04:47.141187,217214.566,244486.668,33.516,355.85,0.04,0.01,0.0
75.452,2026-06-26T00:04:47.229831,216196.207,244486.668,23.779,356.175,0.04,3.675,0.0
75.502,2026-06-26T00:04:47.280190,215665.848,244486.668,16.877,356.176,0.04,0.01,0.0
75.591,2026-06-26T00:04:47.368538,214643.012,244486.668,12.159,356.501,0.04,3.686,0.0
75.641,2026-06-26T00:04:47.418893,214060.566,244486.668,8.744,356.501,0.04,0.01,0.0
75.73,2026-06-26T00:04:47.507884,213048.566,244486.668,6.463,356.826,0.04,3.66,0.0
75.78,2026-06-26T00:04:47.558240,212521.574,244486.668,4.757,356.827,0.04,0.01,0.0
75.869,2026-06-26T00:04:47.646747,211498.738,244486.668,3.648,357.152,0.04,3.68,0.0
75.919,2026-06-26T00:04:47.697099,210868.566,244486.668,2.786,357.152,0.04,0.01,0.0
76.018,2026-06-26T00:04:47.795578,211211.418,244486.668,9.451,357.477,0.04,3.303,0.0
76.068,2026-06-26T00:04:47.846027,212407.938,244486.668,21.739,357.478,0.04,0.01,0.0
76.168,2026-06-26T00:04:47.945978,215042.18,244486.668,30.355,357.803,0.04,3.256,0.0
76.219,2026-06-26T00:04:47.996424,216394.719,244486.668,36.099,357.803,0.04,0.01,0.0
76.927,2026-06-26T00:04:48.704472,210616.934,244486.668,26.769,358.128,0.04,0.458,0.0
77.026,2026-06-26T00:04:48.803837,213380.781,244486.668,33.787,358.452,0.04,3.262,0.0
77.076,2026-06-26T00:04:48.854269,214811.367,244486.668,38.803,358.452,0.04,0.01,0.0
77.176,2026-06-26T00:04:48.953700,217333.488,244486.668,41.729,358.776,0.04,3.269,0.0
77.226,2026-06-26T00:04:49.004122,217691.23,244535.047,39.58,358.777,0.04,0.01,0.0
77.319,2026-06-26T00:04:49.096779,217723.684,244583.426,38.228,359.101,0.04,3.512,0.0
77.369,2026-06-26T00:04:49.147148,217467.34,244583.426,33.772,359.101,0.04,0.01,0.0
77.458,2026-06-26T00:04:49.235739,216583.258,243543.352,23.958,359.426,0.04,3.668,0.0
77.508,2026-06-26T00:04:49.286094,216048.438,243543.352,17.003,359.426,0.04,0.01,0.0
77.597,2026-06-26T00:04:49.374930,215025.602,243543.352,12.245,359.75,0.04,3.656,0.0
77.647,2026-06-26T00:04:49.425287,214525.258,243543.352,8.804,359.751,0.04,0.01,0.0
77.736,2026-06-26T00:04:49.513780,213472.406,243543.352,6.508,360.075,0.04,3.669,0.0
77.786,2026-06-26T00:04:49.564159,212913.258,243543.352,4.788,360.075,0.04,0.01,0.0
77.875,2026-06-26T00:04:49.652643,211939.258,243543.352,3.67,360.399,0.04,3.67,0.0
77.925,2026-06-26T00:04:49.702993,211413.258,243543.352,2.801,360.4,0.04,0.01,0.0
78.014,2026-06-26T00:04:49.791887,210328.133,243543.352,2.304,360.724,0.04,3.653,0.0
78.064,2026-06-26T00:04:49.842241,209727.258,243543.352,1.845,360.725,0.04,0.01,0.0
78.169,2026-06-26T00:04:49.947255,209778.625,236605.582,9.755,361.049,0.04,3.089,0.0
78.278,2026-06-26T00:04:50.055413,210093.32,236944.227,19.356,361.373,0.04,2.998,0.0
78.379,2026-06-26T00:04:50.156848,211200.582,238051.488,26.373,361.697,0.04,3.196,0.0
78.471,2026-06-26T00:04:50.248848,211177.832,238398.176,23.557,362.022,0.04,3.53,0.0
78.521,2026-06-26T00:04:50.299218,212105.762,245331.926,29.099,362.022,0.04,0.01,0.0
78.624,2026-06-26T00:04:50.401672,214691.387,245331.926,35.444,362.347,0.04,3.181,0.0
78.726,2026-06-26T00:04:50.503573,217279.418,245331.926,39.943,362.672,0.04,3.189,0.0
78.822,2026-06-26T00:04:50.599693,219165.371,252727.93,38.348,362.997,0.04,3.383,0.0
78.872,2026-06-26T00:04:50.650163,220671.949,252727.93,41.988,362.998,0.04,0.01,0.0
78.972,2026-06-26T00:04:50.749538,223233.262,252727.93,44.389,363.323,0.04,3.279,0.0
79.022,2026-06-26T00:04:50.799983,224518.973,252727.93,46.173,363.323,0.04,0.01,0.0
79.117,2026-06-26T00:04:50.894574,225663.797,252727.93,42.005,363.648,0.04,3.449,0.0
79.167,2026-06-26T00:04:50.944928,225167.797,252727.93,29.635,363.649,0.04,0.01,0.0
79.255,2026-06-26T00:04:51.033296,224210.18,252727.93,21.063,363.974,0.04,3.685,0.0
79.306,2026-06-26T00:04:51.083658,223755.586,252727.93,14.977,363.974,0.04,0.01,0.0
79.395,2026-06-26T00:04:51.172683,222787.797,252727.93,10.826,364.299,0.04,3.658,0.0
79.445,2026-06-26T00:04:51.223035,222240.273,252727.93,7.811,364.3,0.04,0.01,0.0
79.534,2026-06-26T00:04:51.311546,221305.797,252727.93,5.812,364.624,0.04,3.669,0.0
79.584,2026-06-26T00:04:51.361897,220800.727,252727.93,4.347,364.625,0.04,0.01,0.0
79.673,2026-06-26T00:04:51.450740,219823.797,252727.93,3.334,364.949,0.04,3.655,0.0
79.723,2026-06-26T00:04:51.501097,219247.531,252727.93,2.566,364.949,0.04,0.01,0.0
79.818,2026-06-26T00:04:51.595752,219193.699,252727.93,5.81,365.273,0.04,3.428,0.0
79.868,2026-06-26T00:04:51.646222,220625.109,252727.93,19.164,365.274,0.04,0.01,0.0
79.969,2026-06-26T00:04:51.746827,223470.539,252727.93,28.462,365.598,0.04,3.227,0.0
80.067,2026-06-26T00:04:51.844665,225839.141,252727.93,33.583,365.922,0.04,3.314,0.0
80.117,2026-06-26T00:04:51.895040,225157.25,252727.93,23.74,365.922,0.04,0.01,0.0
80.206,2026-06-26T00:04:51.983978,223945.0,252727.93,16.935,366.246,0.04,3.649,0.0
80.256,2026-06-26T00:04:52.034339,223225.227,252727.93,12.087,366.247,0.04,0.01,0.0
80.348,2026-06-26T00:04:52.125720,221975.004,252727.93,8.82,366.571,0.04,3.557,0.0
80.398,2026-06-26T00:04:52.176088,221292.613,252727.93,6.406,366.572,0.04,0.01,0.0
80.488,2026-06-26T00:04:52.266134,220042.48,252727.93,4.823,366.896,0.04,3.616,0.0
80.539,2026-06-26T00:04:52.316497,219322.707,252727.93,3.608,366.897,0.04,0.01,0.0
80.638,2026-06-26T00:04:52.415849,219640.387,252727.93,8.781,367.222,0.04,3.273,0.0
80.688,2026-06-26T00:04:52.466303,221045.926,252727.93,21.292,367.222,0.04,0.01,0.0
80.788,2026-06-26T00:04:52.565892,223661.133,252727.93,29.943,367.547,0.04,3.271,0.0
80.838,2026-06-26T00:04:52.616320,224866.395,252727.93,36.112,367.548,0.04,0.01,0.0
80.951,2026-06-26T00:04:52.728507,225954.59,252776.309,38.957,367.873,0.04,2.901,0.0
81.047,2026-06-26T00:04:52.824420,225797.512,252824.688,35.363,368.197,0.04,3.39,0.0
81.097,2026-06-26T00:04:52.874775,225330.27,252246.867,24.986,368.198,0.04,0.01,0.0
81.186,2026-06-26T00:04:52.963748,224403.348,251784.613,17.833,368.523,0.04,3.657,0.0
81.236,2026-06-26T00:04:53.014105,223872.988,251784.613,12.715,368.523,0.04,0.01,0.0
81.325,2026-06-26T00:04:53.103324,222946.48,251784.613,9.216,368.848,0.04,3.649,0.0
81.376,2026-06-26T00:04:53.153679,222388.48,251784.613,6.684,368.849,0.04,0.01,0.0
81.465,2026-06-26T00:04:53.242687,221438.48,251784.613,5.048,369.172,0.04,3.645,0.0
81.515,2026-06-26T00:04:53.293032,220896.48,251784.613,3.763,369.173,0.04,0.01,0.0
81.605,2026-06-26T00:04:53.382471,219971.059,251784.613,2.977,369.497,0.04,3.648,0.0
81.655,2026-06-26T00:04:53.432825,219450.48,251784.613,2.316,369.497,0.04,0.01,0.0
81.745,2026-06-26T00:04:53.522579,218493.629,251784.613,1.961,369.821,0.04,3.617,0.0
81.795,2026-06-26T00:04:53.572937,217963.27,251784.613,1.605,369.822,0.04,0.01,0.0
81.9,2026-06-26T00:04:53.678339,218033.426,244846.844,9.533,370.146,0.04,3.076,0.0
82.007,2026-06-26T00:04:53.785175,218334.582,245185.488,19.245,370.469,0.04,3.033,0.0
82.109,2026-06-26T00:04:53.886974,219479.727,246292.75,26.453,370.793,0.04,3.18,0.0
82.199,2026-06-26T00:04:53.977200,219447.586,246639.438,24.572,371.117,0.04,3.592,0.0
82.25,2026-06-26T00:04:54.027556,220215.488,253573.188,28.702,371.118,0.04,0.01,0.0
82.351,2026-06-26T00:04:54.129361,222623.449,253573.188,35.239,371.442,0.04,3.19,0.0
82.453,2026-06-26T00:04:54.230877,225049.5,253573.188,39.719,371.766,0.04,3.189,0.0
82.548,2026-06-26T00:04:54.326174,226740.984,253573.188,38.064,372.089,0.04,3.403,0.0
82.599,2026-06-26T00:04:54.376534,227834.516,260969.191,39.629,372.09,0.04,0.01,0.0
82.697,2026-06-26T00:04:54.475354,229769.863,260969.191,42.917,372.414,0.04,3.286,0.0
82.748,2026-06-26T00:04:54.525788,230425.637,260969.191,45.16,372.414,0.04,0.01,0.0
82.85,2026-06-26T00:04:54.627942,231758.875,260969.191,46.565,372.738,0.04,3.177,0.0
82.948,2026-06-26T00:04:54.726049,233002.375,260969.191,47.861,373.062,0.04,3.302,0.0
82.999,2026-06-26T00:04:54.776450,233633.969,260969.191,47.149,373.063,0.04,0.01,0.0
83.089,2026-06-26T00:04:54.866484,233739.457,260969.191,37.775,373.386,0.04,3.606,0.0
83.139,2026-06-26T00:04:54.916839,233246.98,260969.191,26.674,373.387,0.04,0.01,0.0
83.228,2026-06-26T00:04:55.005763,232269.059,260969.191,19.015,373.711,0.04,3.65,0.0
83.278,2026-06-26T00:04:55.056115,231769.551,260969.191,13.543,373.711,0.04,0.01,0.0
83.367,2026-06-26T00:04:55.144950,230791.059,260969.191,9.823,374.035,0.04,3.653,0.0
83.417,2026-06-26T00:04:55.195314,230277.059,260969.191,7.109,374.036,0.04,0.01,0.0
83.508,2026-06-26T00:04:55.285598,229345.051,260969.191,5.314,374.36,0.04,3.595,0.0
83.558,2026-06-26T00:04:55.335945,228852.574,260969.191,3.952,374.36,0.04,0.01,0.0
83.647,2026-06-26T00:04:55.424436,227863.059,260969.191,3.111,374.685,0.04,3.677,0.0
83.697,2026-06-26T00:04:55.474784,227281.059,260969.191,2.41,374.685,0.04,0.01,0.0
83.795,2026-06-26T00:04:55.572918,227708.934,260969.191,9.07,375.01,0.04,3.313,0.0
83.845,2026-06-26T00:04:55.623358,228909.543,260969.191,22.241,375.011,0.04,0.01,0.0
83.946,2026-06-26T00:04:55.723733,231787.387,260969.191,30.674,375.336,0.04,3.243,0.0
84.043,2026-06-26T00:04:55.820702,234073.051,260969.191,35.327,375.66,0.04,3.353,0.0
84.093,2026-06-26T00:04:55.871059,233474.277,260969.191,24.961,375.661,0.04,0.01,0.0
84.183,2026-06-26T00:04:55.960567,232391.051,260969.191,17.814,375.986,0.04,3.637,0.0
84.233,2026-06-26T00:04:56.010917,231781.051,260969.191,12.702,375.986,0.04,0.01,0.0
84.322,2026-06-26T00:04:56.099994,230708.758,260969.191,9.207,376.311,0.04,3.654,0.0
84.372,2026-06-26T00:04:56.150345,230102.633,260969.191,6.724,376.311,0.04,0.01,0.0
84.462,2026-06-26T00:04:56.239953,229041.91,260969.191,5.047,376.636,0.04,3.63,0.0
84.512,2026-06-26T00:04:56.290326,228469.051,260969.191,3.765,376.637,0.04,0.01,0.0
84.601,2026-06-26T00:04:56.378913,227375.066,260969.191,2.98,376.961,0.04,3.663,0.0
84.651,2026-06-26T00:04:56.429263,226765.051,260969.191,2.318,376.961,0.04,0.01,0.0
84.751,2026-06-26T00:04:56.528516,229411.207,260969.191,16.175,377.285,0.04,3.264,0.0
84.801,2026-06-26T00:04:56.578949,230825.285,260969.191,26.474,377.285,0.04,0.01,0.0
84.9,2026-06-26T00:04:56.677656,233321.109,260969.191,33.562,377.609,0.04,3.288,0.0
84.95,2026-06-26T00:04:56.728066,234164.449,261017.57,34.754,377.61,0.04,0.01,0.0
85.046,2026-06-26T00:04:56.823402,234204.266,261017.57,35.956,377.933,0.04,3.407,0.0
85.096,2026-06-26T00:04:56.873739,234073.605,261065.949,34.367,377.934,0.04,0.01,0.0
85.185,2026-06-26T00:04:56.962417,233220.512,260488.129,24.401,378.257,0.04,3.659,0.0
85.235,2026-06-26T00:04:57.012766,232682.492,260025.875,17.313,378.258,0.04,0.01,0.0
85.324,2026-06-26T00:04:57.102237,231687.742,260025.875,12.486,378.582,0.04,3.624,0.0
85.375,2026-06-26T00:04:57.152572,231215.742,260025.875,8.973,378.582,0.04,0.01,0.0
85.464,2026-06-26T00:04:57.241624,230257.992,260025.875,6.597,378.907,0.04,3.652,0.0
85.514,2026-06-26T00:04:57.291978,229689.75,260025.875,4.85,378.907,0.04,0.01,0.0
85.603,2026-06-26T00:04:57.380609,228742.68,260025.875,3.739,379.232,0.04,3.67,0.0
85.653,2026-06-26T00:04:57.430960,228277.742,260025.875,2.85,379.232,0.04,0.01,0.0
85.742,2026-06-26T00:04:57.519926,227331.742,260025.875,2.311,379.557,0.04,3.656,0.0
85.792,2026-06-26T00:04:57.570282,226772.773,260025.875,1.897,379.557,0.04,0.01,0.0
85.883,2026-06-26T00:04:57.660670,225848.992,252678.25,1.769,379.882,0.04,3.595,0.0
85.933,2026-06-26T00:04:57.711070,226045.965,252858.988,14.453,379.883,0.04,0.01,0.0
86.037,2026-06-26T00:04:57.815333,226468.59,253281.613,22.252,380.207,0.04,3.122,0.0
86.137,2026-06-26T00:04:57.914554,227219.609,254426.133,27.362,380.532,0.04,3.271,0.0
86.187,2026-06-26T00:04:57.964966,227925.875,255003.953,31.152,380.532,0.04,0.01,0.0
86.282,2026-06-26T00:04:58.059533,227980.977,261822.137,27.12,380.857,0.04,3.444,0.0
86.332,2026-06-26T00:04:58.109954,229209.984,261822.137,34.088,380.857,0.04,0.01,0.0
86.433,2026-06-26T00:04:58.211112,231753.105,261822.137,38.99,381.181,0.04,3.208,0.0
86.534,2026-06-26T00:04:58.311978,234268.719,261822.137,42.279,381.505,0.04,3.208,0.0
86.632,2026-06-26T00:04:58.409541,236134.621,269218.141,39.784,381.829,0.04,3.321,0.0
86.682,2026-06-26T00:04:58.459963,237610.035,269218.141,42.953,381.829,0.04,0.01,0.0
86.781,2026-06-26T00:04:58.559030,240314.816,269218.141,45.184,382.153,0.04,3.276,0.0
86.832,2026-06-26T00:04:58.609472,241577.5,269218.141,46.506,382.153,0.04,0.01,0.0
86.921,2026-06-26T00:04:58.698484,241874.758,269218.141,38.121,382.477,0.04,3.649,0.0
86.971,2026-06-26T00:04:58.748829,241382.281,269218.141,26.917,382.477,0.04,0.01,0.0
87.059,2026-06-26T00:04:58.837082,240473.094,269218.141,19.187,382.801,0.04,3.675,0.0
87.11,2026-06-26T00:04:58.887442,239942.734,269218.141,13.663,382.802,0.04,0.01,0.0
87.199,2026-06-26T00:04:58.976425,238995.664,269218.141,9.907,383.125,0.04,3.644,0.0
87.249,2026-06-26T00:04:59.026777,238482.008,269218.141,7.167,383.126,0.04,0.01,0.0
87.337,2026-06-26T00:04:59.115116,237556.117,269218.141,5.362,383.449,0.04,3.67,0.0
87.388,2026-06-26T00:04:59.165472,237025.758,269218.141,3.986,383.45,0.04,0.01,0.0
87.476,2026-06-26T00:04:59.253846,236040.805,269218.141,3.109,383.774,0.04,3.669,0.0
87.526,2026-06-26T00:04:59.304193,235482.008,269218.141,2.455,383.774,0.04,0.01,0.0
87.626,2026-06-26T00:04:59.403821,236551.891,269218.141,9.933,384.098,0.04,3.252,0.0
87.676,2026-06-26T00:04:59.454300,238007.523,269218.141,22.046,384.098,0.04,0.01,0.0
87.778,2026-06-26T00:04:59.555680,240930.777,269218.141,30.504,384.422,0.04,3.201,0.0
87.869,2026-06-26T00:04:59.646836,242026.289,269218.141,30.51,384.746,0.04,3.555,0.0
87.919,2026-06-26T00:04:59.697197,241306.266,269218.141,21.59,384.746,0.04,0.01,0.0
88.009,2026-06-26T00:04:59.786439,240094.016,269218.141,15.454,385.07,0.04,3.633,0.0
88.059,2026-06-26T00:04:59.836796,239374.242,269218.141,11.05,385.071,0.04,0.01,0.0
88.148,2026-06-26T00:04:59.926279,238161.992,269218.141,8.102,385.394,0.04,3.624,0.0
88.199,2026-06-26T00:04:59.976617,237465.996,269218.141,5.904,385.395,0.04,0.01,0.0
88.288,2026-06-26T00:05:00.065878,236229.781,269218.141,4.474,385.718,0.04,3.634,0.0
88.338,2026-06-26T00:05:00.116231,235510.008,269218.141,3.364,385.719,0.04,0.01,0.0
88.438,2026-06-26T00:05:00.216171,236674.465,269218.141,11.717,386.043,0.04,3.242,0.0
88.489,2026-06-26T00:05:00.266606,238050.898,269218.141,23.03,386.043,0.04,0.01,0.0
88.588,2026-06-26T00:05:00.366170,240712.449,269218.141,31.328,386.368,0.04,3.269,0.0
88.639,2026-06-26T00:05:00.416585,241924.75,269218.141,36.623,386.368,0.04,0.01,0.0
88.748,2026-06-26T00:05:00.526315,242450.203,269266.52,37.956,386.693,0.04,2.965,0.0
88.838,2026-06-26T00:05:00.615864,242160.93,269314.898,32.643,387.017,0.04,3.626,0.0
88.888,2026-06-26T00:05:00.666224,241676.953,268737.078,23.082,387.018,0.04,0.01,0.0
88.977,2026-06-26T00:05:00.754684,240758.691,268274.824,16.502,387.343,0.04,3.676,0.0
89.027,2026-06-26T00:05:00.805039,240220.691,268274.824,11.784,387.343,0.04,0.01,0.0
89.116,2026-06-26T00:05:00.893969,239300.691,268274.824,8.592,387.668,0.04,3.658,0.0
89.166,2026-06-26T00:05:00.944334,238696.355,268274.824,6.246,387.668,0.04,0.01,0.0
89.255,2026-06-26T00:05:01.032791,237749.285,268274.824,4.717,387.993,0.04,3.676,0.0
89.305,2026-06-26T00:05:01.083135,237202.691,268274.824,3.534,387.993,0.04,0.01,0.0
89.394,2026-06-26T00:05:01.171802,236271.848,268274.824,2.792,388.318,0.04,3.668,0.0
89.444,2026-06-26T00:05:01.222169,235738.691,268274.824,2.186,388.318,0.04,0.01,0.0
89.534,2026-06-26T00:05:01.311657,234734.691,268274.824,1.871,388.642,0.04,3.624,0.0
89.584,2026-06-26T00:05:01.362010,234188.293,268274.824,1.589,388.642,0.04,0.01,0.0
89.688,2026-06-26T00:05:01.465941,234524.031,261337.055,12.911,388.966,0.04,3.116,0.0
89.79,2026-06-26T00:05:01.567843,234776.414,261627.32,20.106,389.29,0.04,3.179,0.0
89.89,2026-06-26T00:05:01.667878,235867.004,262782.961,26.373,389.614,0.04,3.235,0.0
89.98,2026-06-26T00:05:01.757575,235899.258,263129.648,23.453,389.937,0.04,3.609,0.0
90.03,2026-06-26T00:05:01.807933,236867.488,270063.398,29.906,389.938,0.04,0.01,0.0
90.132,2026-06-26T00:05:01.909606,239421.188,270063.398,35.989,390.261,0.04,3.192,0.0
90.232,2026-06-26T00:05:02.010006,241927.293,270063.398,40.388,390.585,0.04,3.224,0.0
90.326,2026-06-26T00:05:02.103804,243515.91,277459.402,38.117,390.909,0.04,3.451,0.0
90.376,2026-06-26T00:05:02.154233,244874.309,277459.402,41.84,390.909,0.04,0.01,0.0
90.475,2026-06-26T00:05:02.252800,246569.273,277459.402,44.291,391.234,0.04,3.302,0.0
90.525,2026-06-26T00:05:02.303191,247293.789,277459.402,46.187,391.234,0.04,0.01,0.0
90.623,2026-06-26T00:05:02.400725,248662.719,277459.402,47.386,391.559,0.04,3.333,0.0
90.673,2026-06-26T00:05:02.451113,249371.168,277459.402,48.305,391.559,0.04,0.01,0.0
90.772,2026-06-26T00:05:02.549631,250645.191,277459.402,44.604,391.884,0.04,3.302,0.0
90.822,2026-06-26T00:05:02.599969,250078.137,277459.402,33.035,391.885,0.04,0.01,0.0
90.911,2026-06-26T00:05:02.688554,249117.27,277459.402,23.469,392.209,0.04,3.672,0.0
90.961,2026-06-26T00:05:02.738907,248631.27,277459.402,16.66,392.21,0.04,0.01,0.0
91.049,2026-06-26T00:05:02.827356,247615.754,277459.402,11.981,392.534,0.04,3.678,0.0
91.1,2026-06-26T00:05:02.877707,247047.512,277459.402,8.665,392.535,0.04,0.01,0.0
91.189,2026-06-26T00:05:02.966677,246085.27,277459.402,6.382,392.859,0.04,3.655,0.0
91.239,2026-06-26T00:05:03.016995,245603.27,277459.402,4.7,392.86,0.04,0.01,0.0
91.328,2026-06-26T00:05:03.105508,244623.012,277459.402,3.635,393.184,0.04,3.674,0.0
91.378,2026-06-26T00:05:03.155863,243999.27,277459.402,2.776,393.185,0.04,0.01,0.0
91.473,2026-06-26T00:05:03.250755,243784.375,277459.402,6.293,393.509,0.04,3.416,0.0
91.523,2026-06-26T00:05:03.301190,244950.977,277459.402,19.791,393.509,0.04,0.01,0.0
91.624,2026-06-26T00:05:03.402045,247588.703,277459.402,29.0,393.833,0.04,3.216,0.0
91.725,2026-06-26T00:05:03.502913,250482.211,277459.402,35.173,394.157,0.04,3.209,0.0
91.814,2026-06-26T00:05:03.591426,249775.074,277459.402,26.82,394.48,0.04,3.662,0.0
91.864,2026-06-26T00:05:03.641782,249177.254,277459.402,19.006,394.481,0.04,0.01,0.0
91.952,2026-06-26T00:05:03.730196,248183.996,277459.402,13.649,394.804,0.04,3.667,0.0
92.003,2026-06-26T00:05:03.780553,247589.254,277459.402,9.787,394.805,0.04,0.01,0.0
92.092,2026-06-26T00:05:03.869381,246555.035,277459.402,7.194,395.129,0.04,3.65,0.0
92.142,2026-06-26T00:05:03.919739,245986.793,277459.402,5.268,395.129,0.04,0.01,0.0
92.23,2026-06-26T00:05:04.008298,245001.84,277459.402,4.006,395.453,0.04,3.662,0.0
92.281,2026-06-26T00:05:04.058648,244395.715,277459.402,3.036,395.453,0.04,0.01,0.0
92.369,2026-06-26T00:05:04.147016,243297.113,277459.402,2.471,395.777,0.04,3.652,0.0
92.42,2026-06-26T00:05:04.197799,244423.598,277459.402,14.741,395.778,0.04,0.01,0.0
92.519,2026-06-26T00:05:04.297050,247117.16,277459.402,25.428,396.101,0.04,3.27,0.0
92.57,2026-06-26T00:05:04.347514,248495.434,277459.402,32.581,396.102,0.04,0.01,0.0
92.67,2026-06-26T00:05:04.447532,250657.012,277507.781,35.921,396.425,0.04,3.242,0.0
92.72,2026-06-26T00:05:04.498077,250687.918,277507.781,40.168,396.426,0.04,0.01,0.0
92.815,2026-06-26T00:05:04.592946,250497.59,277556.16,35.496,396.75,0.04,3.426,0.0
92.865,2026-06-26T00:05:04.643311,250050.129,276978.34,25.08,396.75,0.04,0.01,0.0
92.954,2026-06-26T00:05:04.731650,249096.938,276516.086,17.901,397.074,0.04,3.671,0.0
93.004,2026-06-26T00:05:04.781996,248585.953,276516.086,12.763,397.074,0.04,0.01,0.0
93.093,2026-06-26T00:05:04.870813,247619.508,276516.086,9.251,397.398,0.04,3.652,0.0
93.143,2026-06-26T00:05:04.921173,246991.953,276516.086,6.708,397.399,0.04,0.01,0.0
93.232,2026-06-26T00:05:05.009533,245995.953,276516.086,5.067,397.722,0.04,3.67,0.0
93.282,2026-06-26T00:05:05.059886,245457.953,276516.086,3.779,397.723,0.04,0.01,0.0
93.371,2026-06-26T00:05:05.149360,244515.953,276516.086,2.96,398.046,0.04,3.624,0.0
93.422,2026-06-26T00:05:05.199717,243944.812,276516.086,2.304,398.047,0.04,0.01,0.0
93.513,2026-06-26T00:05:05.290713,242884.062,276516.086,1.974,398.371,0.04,3.564,0.0
93.563,2026-06-26T00:05:05.341047,242307.059,276516.086,1.614,398.371,0.04,0.01,0.0
93.669,2026-06-26T00:05:05.446657,242765.293,269578.316,13.836,398.696,0.04,3.078,0.0
93.772,2026-06-26T00:05:05.549889,243120.938,269965.34,21.218,399.02,0.04,3.145,0.0
93.871,2026-06-26T00:05:05.648857,244252.359,271486.477,26.834,399.345,0.04,3.279,0.0
93.921,2026-06-26T00:05:05.699269,244392.434,271370.91,25.421,399.346,0.04,0.01,0.0
94.023,2026-06-26T00:05:05.800914,245676.031,278304.66,27.672,399.67,0.04,3.198,0.0
94.124,2026-06-26T00:05:05.901669,248266.957,278304.66,34.513,399.995,0.04,3.221,0.0
94.225,2026-06-26T00:05:06.002691,250802.762,278304.66,39.1,400.319,0.04,3.214,0.0
94.323,2026-06-26T00:05:06.101332,252834.828,285700.664,38.585,400.644,0.04,3.291,0.0
94.374,2026-06-26T00:05:06.151760,254094.711,285700.664,42.072,400.644,0.04,0.01,0.0
94.472,2026-06-26T00:05:06.250334,256613.418,285700.664,44.523,400.969,0.04,3.302,0.0
94.523,2026-06-26T00:05:06.300752,257871.844,285700.664,46.278,400.97,0.04,0.01,0.0
94.612,2026-06-26T00:05:06.389566,258433.047,285700.664,40.116,401.293,0.04,3.658,0.0
94.662,2026-06-26T00:05:06.439918,257940.57,285700.664,28.36,401.294,0.04,0.01,0.0
94.751,2026-06-26T00:05:06.528952,256993.5,285700.664,20.168,401.618,0.04,3.644,0.0
94.801,2026-06-26T00:05:06.579294,256425.258,285700.664,14.35,401.618,0.04,0.01,0.0
94.89,2026-06-26T00:05:06.667650,255406.531,285700.664,10.364,401.942,0.04,3.67,0.0
94.94,2026-06-26T00:05:06.717996,254872.062,285700.664,7.487,401.942,0.04,0.01,0.0
95.029,2026-06-26T00:05:06.806479,253887.109,285700.664,5.586,402.266,0.04,3.665,0.0
95.079,2026-06-26T00:05:06.856834,253320.531,285700.664,4.142,402.266,0.04,0.01,0.0
95.169,2026-06-26T00:05:06.946522,252258.148,285700.664,3.266,402.59,0.04,3.617,0.0
95.219,2026-06-26T00:05:06.996866,251689.906,285700.664,2.518,402.591,0.04,0.01,0.0
95.32,2026-06-26T00:05:07.098045,253983.016,285700.664,14.346,402.914,0.04,3.202,0.0
95.421,2026-06-26T00:05:07.199244,257018.344,285700.664,25.121,403.239,0.04,3.205,0.0
95.514,2026-06-26T00:05:07.291531,258646.512,285700.664,28.28,403.563,0.04,3.519,0.0
95.564,2026-06-26T00:05:07.341895,257978.453,285700.664,20.028,403.564,0.04,0.01,0.0
95.654,2026-06-26T00:05:07.431541,256768.512,285700.664,14.36,403.888,0.04,3.629,0.0
95.704,2026-06-26T00:05:07.481895,256084.312,285700.664,10.284,403.889,0.04,0.01,0.0
95.794,2026-06-26T00:05:07.571465,254909.945,285700.664,7.54,404.214,0.04,3.632,0.0
95.844,2026-06-26T00:05:07.621827,254228.055,285700.664,5.51,404.214,0.04,0.01,0.0
95.933,2026-06-26T00:05:07.710815,253015.805,285700.664,4.2,404.539,0.04,3.656,0.0
95.983,2026-06-26T00:05:07.761209,252296.031,285700.664,3.172,404.539,0.04,0.01,0.0
96.081,2026-06-26T00:05:07.858858,252512.273,285700.664,8.008,404.864,0.04,3.328,0.0
96.131,2026-06-26T00:05:07.909292,253922.973,285700.664,20.752,404.864,0.04,0.01,0.0
96.23,2026-06-26T00:05:08.008121,256301.238,285700.664,29.681,405.189,0.04,3.294,0.0
96.281,2026-06-26T00:05:08.058551,257510.156,285700.664,35.607,405.189,0.04,0.01,0.0
96.387,2026-06-26T00:05:08.164412,258915.93,285749.043,38.603,405.514,0.04,3.07,0.0
96.482,2026-06-26T00:05:08.259869,258984.398,285797.422,37.018,405.837,0.04,3.393,0.0
96.532,2026-06-26T00:05:08.310249,258508.945,285335.168,28.143,405.838,0.04,0.01,0.0
96.621,2026-06-26T00:05:08.399101,257603.379,284757.348,20.043,406.162,0.04,3.649,0.0
96.672,2026-06-26T00:05:08.449458,257110.902,284757.348,14.262,406.162,0.04,0.01,0.0
96.76,2026-06-26T00:05:08.537952,256129.215,284757.348,10.328,406.486,0.04,3.665,0.0
96.81,2026-06-26T00:05:08.588315,255595.59,284757.348,7.462,406.486,0.04,0.01,0.0
96.899,2026-06-26T00:05:08.677143,254572.754,284757.348,5.567,406.81,0.04,3.651,0.0
96.95,2026-06-26T00:05:08.727489,254004.512,284757.348,4.129,406.81,0.04,0.01,0.0
97.039,2026-06-26T00:05:08.816465,253057.441,284757.348,3.207,407.134,0.04,3.645,0.0
97.089,2026-06-26T00:05:08.866804,252499.215,284757.348,2.524,407.135,0.04,0.01,0.0
97.178,2026-06-26T00:05:08.955712,251466.363,284757.348,2.083,407.458,0.04,3.648,0.0
97.228,2026-06-26T00:05:09.006065,250898.121,284757.348,1.737,407.459,0.04,0.01,0.0
97.335,2026-06-26T00:05:09.112499,251006.555,277819.578,10.535,407.783,0.04,3.044,0.0
97.441,2026-06-26T00:05:09.218831,251307.316,278158.223,19.656,408.107,0.04,3.056,0.0
97.541,2026-06-26T00:05:09.319231,252375.355,279265.484,26.087,408.432,0.04,3.236,0.0
97.631,2026-06-26T00:05:09.408410,252382.438,279612.172,23.097,408.757,0.04,3.642,0.0
97.681,2026-06-26T00:05:09.458765,253351.344,286545.922,29.522,408.757,0.04,0.01,0.0
97.782,2026-06-26T00:05:09.560198,255909.516,286545.922,35.73,409.082,0.04,3.21,0.0
97.883,2026-06-26T00:05:09.661035,258465.305,286545.922,40.165,409.407,0.04,3.221,0.0
97.977,2026-06-26T00:05:09.754729,260043.895,293941.926,37.871,409.732,0.04,3.466,0.0
98.027,2026-06-26T00:05:09.805187,261264.664,293941.926,41.611,409.732,0.04,0.01,0.0
98.125,2026-06-26T00:05:09.903221,262838.832,293941.926,44.261,410.057,0.04,3.322,0.0
98.176,2026-06-26T00:05:09.953630,263555.047,293941.926,45.787,410.058,0.04,0.01,0.0
98.273,2026-06-26T00:05:10.050803,264796.207,293941.926,47.165,410.382,0.04,3.348,0.0
98.323,2026-06-26T00:05:10.101186,265445.277,293941.926,48.151,410.383,0.04,0.01,0.0
98.422,2026-06-26T00:05:10.199537,266742.07,293941.926,47.92,410.707,0.04,3.296,0.0
98.472,2026-06-26T00:05:10.249970,266939.488,293941.926,39.901,410.707,0.04,0.01,0.0
98.561,2026-06-26T00:05:10.339281,266017.793,293941.926,28.272,411.032,0.04,3.643,0.0
98.612,2026-06-26T00:05:10.389633,265424.176,293941.926,20.023,411.032,0.04,0.01,0.0
98.7,2026-06-26T00:05:10.478157,264449.793,293941.926,14.361,411.357,0.04,3.674,0.0
98.751,2026-06-26T00:05:10.528509,263917.793,293941.926,10.285,411.357,0.04,0.01,0.0
98.84,2026-06-26T00:05:10.617584,262961.793,293941.926,7.542,411.682,0.04,3.651,0.0
98.89,2026-06-26T00:05:10.667919,262431.434,293941.926,5.512,411.683,0.04,0.01,0.0
98.979,2026-06-26T00:05:10.757186,261484.363,293941.926,4.2,412.007,0.04,3.643,0.0
99.03,2026-06-26T00:05:10.807542,260916.121,293941.926,3.172,412.008,0.04,0.01,0.0
99.118,2026-06-26T00:05:10.896110,259863.793,293941.926,2.538,412.332,0.04,3.672,0.0
99.169,2026-06-26T00:05:10.946471,260366.422,293941.926,11.887,412.333,0.04,0.01,0.0
99.268,2026-06-26T00:05:11.045848,262766.809,293941.926,23.862,412.657,0.04,3.276,0.0
99.318,2026-06-26T00:05:11.096280,264221.016,293941.926,31.811,412.658,0.04,0.01,0.0
99.419,2026-06-26T00:05:11.196470,267027.371,293941.926,37.074,412.983,0.04,3.249,0.0
99.469,2026-06-26T00:05:11.246879,266636.426,293941.926,28.924,412.983,0.04,0.01,0.0
99.558,2026-06-26T00:05:11.335666,265537.824,293941.926,20.564,413.307,0.04,3.654,0.0
99.608,2026-06-26T00:05:11.386012,264931.699,293941.926,14.627,413.307,0.04,0.01,0.0
99.697,2026-06-26T00:05:11.474980,263833.098,293941.926,10.582,413.631,0.04,3.646,0.0
99.747,2026-06-26T00:05:11.525339,263226.973,293941.926,7.64,413.632,0.04,0.01,0.0
99.837,2026-06-26T00:05:11.614430,262165.879,293941.926,5.69,413.955,0.04,3.64,0.0
99.887,2026-06-26T00:05:11.664781,261559.754,293941.926,4.215,413.956,0.04,0.01,0.0
99.976,2026-06-26T00:05:11.753628,260435.77,293941.926,3.294,414.279,0.04,3.65,0.0
100.026,2026-06-26T00:05:11.803982,259811.77,293941.926,2.538,414.28,0.04,0.01,0.0
100.125,2026-06-26T00:05:11.903058,262230.086,293941.926,15.625,414.604,0.04,3.271,0.0
100.176,2026-06-26T00:05:11.953493,263642.582,293941.926,25.769,414.604,0.04,0.01,0.0
100.274,2026-06-26T00:05:12.052208,266269.281,293941.926,33.232,414.928,0.04,3.288,0.0
100.325,2026-06-26T00:05:12.102607,267134.215,293990.305,33.228,414.928,0.04,0.01,0.0
100.42,2026-06-26T00:05:12.197847,267176.812,293990.305,35.195,415.253,0.04,3.418,0.0
100.47,2026-06-26T00:05:12.248183,267107.941,294038.684,34.205,415.253,0.04,0.01,0.0
100.559,2026-06-26T00:05:12.336770,266302.48,293460.863,24.288,415.578,0.04,3.674,0.0
100.609,2026-06-26T00:05:12.387110,265762.477,292998.609,17.234,415.578,0.04,0.01,0.0
100.698,2026-06-26T00:05:12.476220,264856.477,292998.609,12.406,415.903,0.04,3.65,0.0
100.749,2026-06-26T00:05:12.526565,264329.328,292998.609,8.917,415.903,0.04,0.01,0.0
100.838,2026-06-26T00:05:12.615553,263344.375,292998.609,6.558,416.228,0.04,3.655,0.0
100.888,2026-06-26T00:05:12.665905,262814.016,292998.609,4.869,416.229,0.04,0.01,0.0
100.977,2026-06-26T00:05:12.754779,261866.945,292998.609,3.725,416.553,0.04,3.66,0.0
101.027,2026-06-26T00:05:12.805155,261374.469,292998.609,2.84,416.554,0.04,0.01,0.0
101.116,2026-06-26T00:05:12.893686,260436.477,292998.609,2.333,416.878,0.04,3.674,0.0
101.166,2026-06-26T00:05:12.944031,259859.156,292998.609,1.865,416.879,0.04,0.01,0.0
101.255,2026-06-26T00:05:13.032441,258858.477,292998.609,1.651,417.203,0.04,3.679,0.0
101.305,2026-06-26T00:05:13.082798,259018.699,285831.723,13.296,417.204,0.04,0.01,0.0
101.406,2026-06-26T00:05:13.183885,259441.324,286254.348,21.291,417.528,0.04,3.217,0.0
101.502,2026-06-26T00:05:13.280336,259990.105,286813.359,26.205,417.852,0.04,3.358,0.0
101.553,2026-06-26T00:05:13.330729,260588.531,287506.746,31.298,417.853,0.04,0.01,0.0
101.642,2026-06-26T00:05:13.420214,260623.699,287853.434,27.049,418.176,0.04,3.626,0.0
101.693,2026-06-26T00:05:13.470564,261546.934,294787.184,32.104,418.177,0.04,0.01,0.0
101.794,2026-06-26T00:05:13.572231,263956.887,294787.184,37.663,418.5,0.04,3.191,0.0
101.895,2026-06-26T00:05:13.672908,266333.664,294787.184,41.381,418.824,0.04,3.216,0.0
101.986,2026-06-26T00:05:13.764240,267974.16,294787.184,39.184,419.148,0.04,3.547,0.0
102.037,2026-06-26T00:05:13.814604,269249.887,302183.188,41.43,419.148,0.04,0.01,0.0
102.137,2026-06-26T00:05:13.914565,271978.441,302183.188,44.148,419.472,0.04,3.246,0.0
102.187,2026-06-26T00:05:13.965019,273223.039,302183.188,46.002,419.473,0.04,0.01,0.0
102.283,2026-06-26T00:05:14.060828,275262.879,302183.188,44.506,419.796,0.04,3.39,0.0
102.333,2026-06-26T00:05:14.111179,275155.055,302183.188,34.082,419.797,0.04,0.01,0.0
102.423,2026-06-26T00:05:14.200459,274309.445,302183.188,24.173,420.121,0.04,3.632,0.0
102.473,2026-06-26T00:05:14.250811,273741.203,302183.188,17.153,420.121,0.04,0.01,0.0
102.563,2026-06-26T00:05:14.340499,272869.898,302183.188,12.374,420.445,0.04,3.617,0.0
102.613,2026-06-26T00:05:14.390853,272339.539,302183.188,8.894,420.445,0.04,0.01,0.0
102.702,2026-06-26T00:05:14.479518,271430.352,302183.188,6.57,420.769,0.04,3.658,0.0
102.752,2026-06-26T00:05:14.529861,270895.055,302183.188,4.831,420.769,0.04,0.01,0.0
102.841,2026-06-26T00:05:14.618670,269990.805,302183.188,3.699,421.093,0.04,3.652,0.0
102.891,2026-06-26T00:05:14.669007,269460.445,302183.188,2.821,421.094,0.04,0.01,0.0
102.98,2026-06-26T00:05:14.757519,268497.055,302183.188,2.32,421.417,0.04,3.665,0.0
103.03,2026-06-26T00:05:14.807835,267981.051,302183.188,1.903,421.418,0.04,0.01,0.0
103.129,2026-06-26T00:05:14.907068,270638.621,302183.188,16.598,421.742,0.04,3.266,0.0
103.18,2026-06-26T00:05:14.957513,272068.949,302183.188,26.446,421.742,0.04,0.01,0.0
103.279,2026-06-26T00:05:15.057108,274860.715,302183.188,33.666,422.066,0.04,3.259,0.0
103.33,2026-06-26T00:05:15.107500,275104.984,302183.188,28.912,422.066,0.04,0.01,0.0
103.419,2026-06-26T00:05:15.196717,273921.027,302183.188,20.554,422.39,0.04,3.634,0.0
103.469,2026-06-26T00:05:15.247086,273248.727,302183.188,14.62,422.391,0.04,0.01,0.0
103.56,2026-06-26T00:05:15.337620,272005.027,302183.188,10.571,422.715,0.04,3.593,0.0
103.61,2026-06-26T00:05:15.387982,271316.703,302183.188,7.632,422.716,0.04,0.01,0.0
103.7,2026-06-26T00:05:15.477385,270104.453,302183.188,5.684,423.04,0.04,3.638,0.0
103.75,2026-06-26T00:05:15.527742,269431.027,302183.188,4.211,423.041,0.04,0.01,0.0
103.839,2026-06-26T00:05:15.617158,268189.027,302183.188,3.289,423.366,0.04,3.638,0.0
103.89,2026-06-26T00:05:15.667513,268881.352,302183.188,11.947,423.366,0.04,0.01,0.0
103.989,2026-06-26T00:05:15.766857,271668.582,302183.188,23.462,423.691,0.04,3.277,0.0
104.039,2026-06-26T00:05:15.817275,273093.438,302183.188,31.53,423.691,0.04,0.01,0.0
104.137,2026-06-26T00:05:15.914843,275362.676,302183.188,35.26,424.016,0.04,3.338,0.0
104.187,2026-06-26T00:05:15.965204,275402.758,302231.566,39.14,424.016,0.04,0.01,0.0
104.284,2026-06-26T00:05:16.061604,275391.156,302279.945,37.218,424.341,0.04,3.381,0.0
104.334,2026-06-26T00:05:16.111954,274928.902,301817.691,26.331,424.342,0.04,0.01,0.0
104.423,2026-06-26T00:05:16.201078,274059.738,301239.871,18.748,424.666,0.04,3.649,0.0
104.474,2026-06-26T00:05:16.251442,273575.738,301239.871,13.356,424.667,0.04,0.01,0.0
104.563,2026-06-26T00:05:16.340412,272646.355,301239.871,9.692,424.99,0.04,3.645,0.0
104.613,2026-06-26T00:05:16.390760,272131.738,301239.871,7.017,424.991,0.04,0.01,0.0
104.701,2026-06-26T00:05:16.479241,271195.738,301239.871,5.256,425.315,0.04,3.666,0.0
104.752,2026-06-26T00:05:16.529587,270675.738,301239.871,3.912,425.315,0.04,0.01,0.0
104.841,2026-06-26T00:05:16.618752,269743.738,301239.871,3.08,425.639,0.04,3.637,0.0
104.891,2026-06-26T00:05:16.669109,269239.738,301239.871,2.388,425.639,0.04,0.01,0.0
104.98,2026-06-26T00:05:16.757966,268327.668,301239.871,2.015,425.963,0.04,3.651,0.0
105.03,2026-06-26T00:05:16.808322,267759.426,301239.871,1.643,425.964,0.04,0.01,0.0
105.127,2026-06-26T00:05:16.904693,267259.961,294072.984,5.237,426.287,0.04,3.361,0.0
105.177,2026-06-26T00:05:16.955193,267489.078,294302.102,15.743,426.288,0.04,0.01,0.0
105.284,2026-06-26T00:05:17.062245,267817.18,294640.746,23.28,426.612,0.04,3.033,0.0
105.388,2026-06-26T00:05:17.166344,268869.707,295748.008,28.994,426.935,0.04,3.11,0.0
105.478,2026-06-26T00:05:17.255483,268921.961,296094.695,25.477,427.26,0.04,3.643,0.0
105.528,2026-06-26T00:05:17.305827,269638.008,303028.445,29.242,427.26,0.04,0.01,0.0
105.629,2026-06-26T00:05:17.406390,272008.312,303028.445,35.525,427.585,0.04,3.237,0.0
105.729,2026-06-26T00:05:17.506948,274404.441,303028.445,39.924,427.91,0.04,3.228,0.0
105.82,2026-06-26T00:05:17.598184,276142.266,303028.445,38.765,428.234,0.04,3.56,0.0
105.871,2026-06-26T00:05:17.648550,277052.262,310424.449,38.125,428.235,0.04,0.01,0.0
105.966,2026-06-26T00:05:17.743404,278843.273,310424.449,41.836,428.559,0.04,3.433,0.0
106.016,2026-06-26T00:05:17.793798,279565.688,310424.449,44.402,428.56,0.04,0.01,0.0
106.114,2026-06-26T00:05:17.891436,280996.328,310424.449,46.129,428.885,0.04,3.332,0.0
106.164,2026-06-26T00:05:17.941866,281775.84,310424.449,47.408,428.885,0.04,0.01,0.0
106.263,2026-06-26T00:05:18.041198,283215.355,310424.449,45.093,429.21,0.04,3.275,0.0
106.314,2026-06-26T00:05:18.091578,283474.316,310424.449,36.907,429.21,0.04,0.01,0.0
106.402,2026-06-26T00:05:18.180125,282574.316,310424.449,26.153,429.534,0.04,3.669,0.0
106.453,2026-06-26T00:05:18.230472,281988.316,310424.449,18.54,429.535,0.04,0.01,0.0
106.541,2026-06-26T00:05:18.318511,281073.277,310424.449,13.324,429.859,0.04,3.682,0.0
106.591,2026-06-26T00:05:18.368863,280542.918,310424.449,9.559,429.859,0.04,0.01,0.0
106.68,2026-06-26T00:05:18.457457,279557.965,310424.449,7.009,430.183,0.04,3.661,0.0
106.73,2026-06-26T00:05:18.507808,279027.605,310424.449,5.139,430.183,0.04,0.01,0.0
106.818,2026-06-26T00:05:18.595953,278118.418,310424.449,3.943,430.507,0.04,3.68,0.0
106.868,2026-06-26T00:05:18.646303,277588.059,310424.449,2.992,430.508,0.04,0.01,0.0
106.972,2026-06-26T00:05:18.749422,276413.691,310424.449,2.459,430.831,0.04,3.143,0.0
107.071,2026-06-26T00:05:18.848723,278374.641,310424.449,14.108,431.155,0.04,3.258,0.0
107.121,2026-06-26T00:05:18.899155,279805.941,310424.449,25.027,431.155,0.04,0.01,0.0
107.221,2026-06-26T00:05:18.998469,282626.219,310424.449,32.598,431.479,0.04,3.268,0.0
107.271,2026-06-26T00:05:19.048868,283573.543,310424.449,34.414,431.48,0.04,0.01,0.0
107.359,2026-06-26T00:05:19.137194,282414.285,310424.449,24.489,431.803,0.04,3.677,0.0
107.41,2026-06-26T00:05:19.187541,281755.168,310424.449,17.375,431.804,0.04,0.01,0.0
107.499,2026-06-26T00:05:19.276368,280600.285,310424.449,12.506,432.127,0.04,3.65,0.0
107.549,2026-06-26T00:05:19.326733,279972.285,310424.449,8.986,432.128,0.04,0.01,0.0
107.638,2026-06-26T00:05:19.415751,278838.191,310424.449,6.606,432.452,0.04,3.643,0.0
107.688,2026-06-26T00:05:19.466098,278218.285,310424.449,4.903,432.452,0.04,0.01,0.0
107.777,2026-06-26T00:05:19.554700,277095.582,310424.449,3.75,432.776,0.04,3.661,0.0
107.827,2026-06-26T00:05:19.605058,276451.574,310424.449,2.857,432.776,0.04,0.01,0.0
107.927,2026-06-26T00:05:19.704669,278371.535,310424.449,13.774,433.1,0.04,3.254,0.0
107.977,2026-06-26T00:05:19.755094,279780.168,310424.449,24.747,433.101,0.04,0.01,0.0
108.076,2026-06-26T00:05:19.854112,282233.316,310424.449,32.472,433.424,0.04,3.278,0.0
108.127,2026-06-26T00:05:19.904521,283418.117,310424.449,36.548,433.425,0.04,0.01,0.0
108.229,2026-06-26T00:05:20.006791,283657.273,310472.828,37.772,433.749,0.04,3.174,0.0
108.317,2026-06-26T00:05:20.095198,283329.355,310521.207,32.459,434.072,0.04,3.663,0.0
108.368,2026-06-26T00:05:20.145549,282865.184,309943.387,22.954,434.073,0.04,0.01,0.0
108.458,2026-06-26T00:05:20.235762,281971.0,309481.133,16.406,434.397,0.04,3.601,0.0
108.508,2026-06-26T00:05:20.286130,281455.859,309481.133,11.716,434.398,0.04,0.01,0.0
108.597,2026-06-26T00:05:20.375283,280583.0,309481.133,8.57,434.722,0.04,3.65,0.0
108.648,2026-06-26T00:05:20.425642,280016.312,309481.133,6.231,434.723,0.04,0.01,0.0
108.736,2026-06-26T00:05:20.513823,279107.125,309481.133,4.681,435.047,0.04,3.688,0.0
108.786,2026-06-26T00:05:20.564182,278611.0,309481.133,3.509,435.048,0.04,0.01,0.0
108.876,2026-06-26T00:05:20.653682,277743.344,309481.133,2.797,435.373,0.04,3.634,0.0
108.926,2026-06-26T00:05:20.704035,277235.0,309481.133,2.19,435.373,0.04,0.01,0.0
109.015,2026-06-26T00:05:20.792884,276303.797,309481.133,1.877,435.698,0.04,3.662,0.0
109.065,2026-06-26T00:05:20.843236,275775.0,309481.133,1.546,435.698,0.04,0.01,0.0
109.169,2026-06-26T00:05:20.946394,275501.227,302314.246,8.04,436.023,0.04,3.151,0.0
109.273,2026-06-26T00:05:21.050949,275923.852,302736.871,17.91,436.347,0.04,3.104,0.0
109.372,2026-06-26T00:05:21.149833,276770.148,303873.703,24.719,436.672,0.04,3.283,0.0
109.422,2026-06-26T00:05:21.200245,277457.617,304451.523,29.399,436.673,0.04,0.01,0.0
109.517,2026-06-26T00:05:21.294425,277373.117,311269.707,25.39,436.997,0.04,3.453,0.0
109.567,2026-06-26T00:05:21.344868,278544.668,311269.707,32.918,436.997,0.04,0.01,0.0
109.668,2026-06-26T00:05:21.445373,280919.094,311269.707,38.108,437.321,0.04,3.229,0.0
109.769,2026-06-26T00:05:21.546538,283306.973,311269.707,41.734,437.645,0.04,3.199,0.0
109.862,2026-06-26T00:05:21.639400,284724.629,318665.711,37.896,437.969,0.04,3.487,0.0
109.912,2026-06-26T00:05:21.689830,286009.09,318665.711,41.683,437.969,0.04,0.01,0.0
110.01,2026-06-26T00:05:21.787937,288273.09,318665.711,44.134,438.293,0.04,3.31,0.0
110.06,2026-06-26T00:05:21.838321,289135.777,318665.711,46.018,438.293,0.04,0.01,0.0
110.158,2026-06-26T00:05:21.936015,290554.566,318665.711,47.394,438.617,0.04,3.321,0.0
110.209,2026-06-26T00:05:21.986416,291202.402,318665.711,45.331,438.617,0.04,0.01,0.0
110.298,2026-06-26T00:05:22.075797,291553.547,318665.711,36.643,438.941,0.04,3.632,0.0
110.348,2026-06-26T00:05:22.126186,291079.547,318665.711,25.883,438.942,0.04,0.01,0.0
110.437,2026-06-26T00:05:22.214787,290110.082,318665.711,18.462,439.266,0.04,3.671,0.0
110.487,2026-06-26T00:05:22.265172,289655.488,318665.711,13.156,439.267,0.04,0.01,0.0
110.576,2026-06-26T00:05:22.353829,288708.418,318665.711,9.553,439.591,0.04,3.668,0.0
110.626,2026-06-26T00:05:22.404204,288151.547,318665.711,6.919,439.592,0.04,0.01,0.0
110.715,2026-06-26T00:05:22.492444,287230.988,318665.711,5.189,439.917,0.04,3.686,0.0
110.765,2026-06-26T00:05:22.542794,286776.395,318665.711,3.865,439.917,0.04,0.01,0.0
110.853,2026-06-26T00:05:22.631128,285867.207,318665.711,3.024,440.242,0.04,3.682,0.0
110.904,2026-06-26T00:05:22.681480,285237.547,318665.711,2.349,440.242,0.04,0.01,0.0
110.998,2026-06-26T00:05:22.775840,285080.371,318665.711,5.621,440.567,0.04,3.444,0.0
111.048,2026-06-26T00:05:22.826269,286547.434,318665.711,19.088,440.567,0.04,0.01,0.0
111.148,2026-06-26T00:05:22.925678,289467.168,318665.711,28.426,440.892,0.04,3.275,0.0
111.198,2026-06-26T00:05:22.976106,290946.633,318665.711,35.051,440.893,0.04,0.01,0.0
111.287,2026-06-26T00:05:23.064873,291170.801,318665.711,30.357,441.217,0.04,3.671,0.0
111.337,2026-06-26T00:05:23.115218,290501.543,318665.711,21.482,441.218,0.04,0.01,0.0
111.426,2026-06-26T00:05:23.203952,289352.426,318665.711,15.381,441.542,0.04,3.656,0.0
111.476,2026-06-26T00:05:23.254303,288735.543,318665.711,10.999,441.542,0.04,0.01,0.0
111.565,2026-06-26T00:05:23.343361,287609.543,318665.711,8.042,441.866,0.04,3.642,0.0
111.616,2026-06-26T00:05:23.393723,286965.809,318665.711,5.862,441.866,0.04,0.01,0.0
111.706,2026-06-26T00:05:23.484293,285849.543,318665.711,4.44,442.19,0.04,3.581,0.0
111.757,2026-06-26T00:05:23.534663,285201.543,318665.711,3.34,442.191,0.04,0.01,0.0
111.854,2026-06-26T00:05:23.632324,285409.223,318665.711,8.029,442.514,0.04,3.318,0.0
111.905,2026-06-26T00:05:23.682766,286780.074,318665.711,20.771,442.515,0.04,0.01,0.0
112.004,2026-06-26T00:05:23.782172,289485.852,318665.711,29.605,442.838,0.04,3.265,0.0
112.055,2026-06-26T00:05:23.832604,290871.219,318665.711,35.55,442.839,0.04,0.01,0.0
112.167,2026-06-26T00:05:23.945093,291895.289,318714.09,37.942,443.163,0.04,2.882,0.0
112.262,2026-06-26T00:05:24.039639,291729.473,318762.469,33.728,443.486,0.04,3.429,0.0
112.312,2026-06-26T00:05:24.089992,291270.27,318184.648,23.842,443.487,0.04,0.01,0.0
112.4,2026-06-26T00:05:24.178306,290398.23,317722.395,17.008,443.811,0.04,3.673,0.0
112.451,2026-06-26T00:05:24.228662,289912.23,317722.395,12.138,443.811,0.04,0.01,0.0
112.54,2026-06-26T00:05:24.317505,288977.352,317722.395,8.866,444.135,0.04,3.651,0.0
112.59,2026-06-26T00:05:24.367847,288446.992,317722.395,6.439,444.135,0.04,0.01,0.0
112.679,2026-06-26T00:05:24.456444,287499.922,317722.395,4.825,444.459,0.04,3.661,0.0
112.729,2026-06-26T00:05:24.506789,287007.445,317722.395,3.61,444.46,0.04,0.01,0.0
112.817,2026-06-26T00:05:24.595350,286098.258,317722.395,2.871,444.783,0.04,3.662,0.0
112.868,2026-06-26T00:05:24.645688,285605.781,317722.395,2.242,444.784,0.04,0.01,0.0
112.957,2026-06-26T00:05:24.734902,284658.711,317722.395,1.911,445.108,0.04,3.636,0.0
113.007,2026-06-26T00:05:24.785250,284114.23,317722.395,1.57,445.108,0.04,0.01,0.0
113.111,2026-06-26T00:05:24.888708,283742.488,310555.508,7.581,445.432,0.04,3.132,0.0
113.213,2026-06-26T00:05:24.990733,284068.363,310881.383,17.341,445.756,0.04,3.172,0.0
122.516,2026-06-26T00:05:34.294027,285831.332,312640.117,12.53,446.079,0.041,0.035,0.0
122.624,2026-06-26T00:05:34.401902,285831.332,312640.117,9.141,446.402,0.041,3.001,0.0
122.712,2026-06-26T00:05:34.490174,285831.332,312640.117,6.744,446.725,0.041,3.662,0.0
122.763,2026-06-26T00:05:34.540535,285831.332,312640.117,4.953,446.726,0.041,0.01,0.0
122.851,2026-06-26T00:05:34.628991,285831.332,312640.117,3.812,447.049,0.041,3.661,0.0
122.901,2026-06-26T00:05:34.679340,285831.332,312640.117,2.9,447.049,0.041,0.01,0.0
122.99,2026-06-26T00:05:34.767546,285831.332,312640.117,2.376,447.373,0.041,3.671,0.0
123.04,2026-06-26T00:05:34.817899,285831.332,312640.117,1.895,447.373,0.041,0.01,0.0
123.128,2026-06-26T00:05:34.906291,285831.332,312640.117,1.645,447.696,0.041,3.664,0.0
123.179,2026-06-26T00:05:34.956648,285831.332,312640.117,1.384,447.697,0.041,0.01,0.0
123.282,2026-06-26T00:05:35.059635,285831.332,312640.117,1.333,448.02,0.041,3.143,0.0
123.37,2026-06-26T00:05:35.147429,285831.332,312640.117,1.254,448.343,0.041,3.682,0.0
123.42,2026-06-26T00:05:35.197778,285831.332,312640.117,1.11,448.344,0.041,0.01,0.0
123.513,2026-06-26T00:05:35.290476,285831.332,312640.117,1.106,448.667,0.041,3.493,0.0
123.563,2026-06-26T00:05:35.340815,285831.332,312640.117,1.007,448.668,0.041,0.01,0.0
123.651,2026-06-26T00:05:35.429163,285831.332,312640.117,1.05,448.992,0.041,3.676,0.0
123.922,2026-06-26T00:05:35.699802,283402.34,310248.699,1.038,449.316,1739.708,1.198,6427.789
124.027,2026-06-26T00:05:35.805204,282223.938,310055.191,1.06,449.64,1739.708,3.075,0.0
124.115,2026-06-26T00:05:35.893161,281317.625,310055.191,1.088,449.964,1739.708,3.685,0.0
124.166,2026-06-26T00:05:35.943515,280822.273,310055.191,0.994,449.965,1739.708,0.01,0.0
124.254,2026-06-26T00:05:36.032273,279837.32,310055.191,1.04,450.289,1739.708,3.658,0.0
124.305,2026-06-26T00:05:36.082617,279273.625,310055.191,0.96,450.289,1739.708,0.01,0.0
124.394,2026-06-26T00:05:36.171842,278322.008,310055.191,1.014,450.613,1739.708,3.639,0.0
124.444,2026-06-26T00:05:36.222201,277787.625,310055.191,0.942,450.614,1739.708,0.01,0.0
124.534,2026-06-26T00:05:36.311482,276771.625,310055.191,0.975,450.937,1739.708,3.627,0.0
124.584,2026-06-26T00:05:36.361809,276237.625,310055.191,0.915,450.938,1739.708,0.01,0.0
124.673,2026-06-26T00:05:36.450382,275363.824,302284.934,1.011,451.261,1739.708,3.653,0.0
124.723,2026-06-26T00:05:36.500743,274836.434,301813.93,0.94,451.262,1739.708,0.01,0.0
124.811,2026-06-26T00:05:36.589211,273869.09,301813.93,0.976,451.585,1739.708,3.661,0.0
124.862,2026-06-26T00:05:36.639566,273338.73,301813.93,0.916,451.585,1739.708,0.01,0.0
124.95,2026-06-26T00:05:36.728247,272353.777,301813.93,0.985,451.909,1739.708,3.652,0.0
125.001,2026-06-26T00:05:36.778602,271785.535,301813.93,0.922,451.909,1739.708,0.01,0.0
125.093,2026-06-26T00:05:36.871077,270696.434,301813.93,0.975,452.232,1739.708,3.501,0.0
125.144,2026-06-26T00:05:36.921437,270118.691,301813.93,0.915,452.233,1739.708,0.01,0.0
125.232,2026-06-26T00:05:37.009927,269057.973,301813.93,0.985,452.556,1739.708,3.66,0.0
125.282,2026-06-26T00:05:37.060288,268451.848,301813.93,0.922,452.557,1739.708,0.01,0.0
125.372,2026-06-26T00:05:37.149860,267474.93,294321.168,0.986,452.88,1739.708,3.616,0.0
125.422,2026-06-26T00:05:37.200207,266968.316,293814.555,0.922,452.88,1739.708,0.01,0.0
125.511,2026-06-26T00:05:37.289292,265893.008,293572.668,0.988,453.205,1739.708,3.645,0.0
125.562,2026-06-26T00:05:37.339644,265286.883,293572.668,0.924,453.205,1739.708,0.01,0.0
125.65,2026-06-26T00:05:37.428247,264357.176,293572.668,0.991,453.529,1739.708,3.665,0.0
125.701,2026-06-26T00:05:37.478603,263733.688,293572.668,0.926,453.53,1739.708,0.01,0.0
125.793,2026-06-26T00:05:37.571295,262597.203,293572.668,0.977,453.854,1739.708,3.503,0.0
125.844,2026-06-26T00:05:37.621650,261973.176,293572.668,0.916,453.854,1739.708,0.01,0.0
125.932,2026-06-26T00:05:37.710237,260854.594,293572.668,0.986,454.179,1739.708,3.665,0.0
125.983,2026-06-26T00:05:37.760593,260239.176,293572.668,0.922,454.179,1739.708,0.01,0.0
126.071,2026-06-26T00:05:37.849321,259233.668,286079.906,0.989,454.503,1739.708,3.66,0.0
126.122,2026-06-26T00:05:37.899678,258727.055,285573.293,0.925,454.504,1739.708,0.01,0.0
126.211,2026-06-26T00:05:37.989118,257727.512,285331.406,0.988,454.828,1739.708,3.63,0.0
126.262,2026-06-26T00:05:38.039481,257127.918,285331.406,0.924,454.828,1739.708,0.01,0.0
126.351,2026-06-26T00:05:38.128589,256325.848,285331.406,0.963,455.153,1739.708,3.644,0.0
126.401,2026-06-26T00:05:38.178944,255757.605,285331.406,0.953,455.153,1739.708,0.01,0.0
126.494,2026-06-26T00:05:38.271402,254807.918,285331.406,0.997,455.476,1739.708,3.5,0.0
126.544,2026-06-26T00:05:38.321762,254261.918,285331.406,0.93,455.477,1739.708,0.01,0.0
126.633,2026-06-26T00:05:38.410404,253370.988,285331.406,0.995,455.8,1739.708,3.652,0.0
126.683,2026-06-26T00:05:38.460760,252840.629,285331.406,0.929,455.8,1739.708,0.01,0.0
126.772,2026-06-26T00:05:38.549660,251817.793,285331.406,0.967,456.123,1739.708,3.64,0.0
126.822,2026-06-26T00:05:38.600004,251325.316,285331.406,0.955,456.124,1739.708,0.01,0.0
126.911,2026-06-26T00:05:38.689141,250485.793,277332.031,0.985,456.447,1739.708,3.631,0.0
126.962,2026-06-26T00:05:38.739501,249940.844,277090.145,0.922,456.447,1739.708,0.01,0.0
127.051,2026-06-26T00:05:38.828430,249069.539,277090.145,0.988,456.77,1739.708,3.64,0.0
127.101,2026-06-26T00:05:38.878791,248494.66,277090.145,0.924,456.771,1739.708,0.01,0.0
127.194,2026-06-26T00:05:38.972082,247402.695,277090.145,0.999,457.094,1739.708,3.468,0.0
127.245,2026-06-26T00:05:39.022436,246834.453,277090.145,0.931,457.094,1739.708,0.01,0.0
127.334,2026-06-26T00:05:39.111448,245811.617,277090.145,0.995,457.417,1739.708,3.635,0.0
127.384,2026-06-26T00:05:39.161798,245243.375,277090.145,0.929,457.418,1739.708,0.01,0.0
127.473,2026-06-26T00:05:39.250911,244210.66,277090.145,0.992,457.741,1739.708,3.633,0.0
127.523,2026-06-26T00:05:39.301271,243614.414,277090.145,0.927,457.741,1739.708,0.01,0.0
127.613,2026-06-26T00:05:39.390397,242673.121,269500.625,0.991,458.065,1739.708,3.631,0.0
127.663,2026-06-26T00:05:39.440747,242151.121,268994.012,0.926,458.065,1739.708,0.01,0.0
127.752,2026-06-26T00:05:39.529697,241282.871,268848.883,0.965,458.388,1739.708,3.638,0.0
127.802,2026-06-26T00:05:39.580064,240752.512,268848.883,0.954,458.389,1739.708,0.01,0.0
127.891,2026-06-26T00:05:39.669070,239963.402,268848.883,1.01,458.712,1739.708,3.637,0.0
127.942,2026-06-26T00:05:39.719447,239426.613,268848.883,0.94,458.712,1739.708,0.01,0.0
128.037,2026-06-26T00:05:39.814698,238517.426,268848.883,1.002,459.035,1739.708,3.397,0.0
128.087,2026-06-26T00:05:39.865050,238062.832,268848.883,0.934,459.036,1739.708,0.01,0.0
128.177,2026-06-26T00:05:39.954488,237267.293,268848.883,0.995,459.359,1739.708,3.618,0.0
128.227,2026-06-26T00:05:40.004855,236859.402,268848.883,0.929,459.359,1739.708,0.01,0.0
128.316,2026-06-26T00:05:40.093828,236015.402,268848.883,0.993,459.682,1739.708,3.639,0.0
128.366,2026-06-26T00:05:40.144191,235411.035,268848.883,0.927,459.683,1739.708,0.01,0.0
128.457,2026-06-26T00:05:40.234713,234585.23,261404.5,0.986,460.006,1739.708,3.581,0.0
128.507,2026-06-26T00:05:40.285072,234147.945,261078.625,0.922,460.007,1739.708,0.01,0.0
128.596,2026-06-26T00:05:40.374067,233268.906,260607.621,0.962,460.331,1739.708,3.646,0.0
128.647,2026-06-26T00:05:40.424454,232776.43,260607.621,0.906,460.332,1739.708,0.01,0.0
128.736,2026-06-26T00:05:40.513494,231867.242,260607.621,1.003,460.655,1739.708,3.646,0.0
128.786,2026-06-26T00:05:40.563851,231268.145,260607.621,0.934,460.656,1739.708,0.01,0.0
128.875,2026-06-26T00:05:40.653020,230200.398,260607.621,0.996,460.98,1739.708,3.641,0.0
128.926,2026-06-26T00:05:40.703378,229594.273,260607.621,0.93,460.981,1739.708,0.01,0.0
129.019,2026-06-26T00:05:40.796765,228495.672,260607.621,0.977,461.305,1739.708,3.475,0.0
129.069,2026-06-26T00:05:40.847124,227864.145,260607.621,0.916,461.305,1739.708,0.01,0.0
129.158,2026-06-26T00:05:40.936245,226790.945,260607.621,0.957,461.629,1739.708,3.643,0.0
129.209,2026-06-26T00:05:40.986609,226267.762,253114.859,0.902,461.63,1739.708,0.01,0.0
129.298,2026-06-26T00:05:41.075719,225330.707,252366.359,0.974,461.954,1739.708,3.642,0.0
129.348,2026-06-26T00:05:41.126070,224798.887,252366.359,0.914,461.954,1739.708,0.01,0.0
129.437,2026-06-26T00:05:41.215009,223876.887,252366.359,0.983,462.278,1739.708,3.649,0.0
129.488,2026-06-26T00:05:41.265390,223466.887,252366.359,0.92,462.279,1739.708,0.01,0.0
129.577,2026-06-26T00:05:41.354542,222554.887,252366.359,1.013,462.602,1739.708,3.63,0.0
129.627,2026-06-26T00:05:41.404910,222034.902,252366.359,0.941,462.602,1739.708,0.01,0.0
129.716,2026-06-26T00:05:41.494282,221163.598,252366.359,1.0,462.925,1739.708,3.622,0.0
129.767,2026-06-26T00:05:41.544637,220692.887,252366.359,0.932,462.926,1739.708,0.01,0.0
129.861,2026-06-26T00:05:41.639056,219761.934,252366.359,1.0,463.249,1739.708,3.426,0.0
129.912,2026-06-26T00:05:41.689428,219232.887,252366.359,0.933,463.249,1739.708,0.01,0.0
130.001,2026-06-26T00:05:41.779199,218360.27,252366.359,0.966,463.572,1739.708,3.605,0.0
130.052,2026-06-26T00:05:41.829555,217930.602,244776.84,0.955,463.573,1739.708,0.01,0.0
130.141,2026-06-26T00:05:41.918493,217051.562,244125.098,0.985,463.896,1739.708,3.639,0.0
130.191,2026-06-26T00:05:41.968849,216521.203,244125.098,0.922,463.896,1739.708,0.01,0.0
130.28,2026-06-26T00:05:42.057811,215612.016,244125.098,0.988,464.219,1739.708,3.638,0.0
130.33,2026-06-26T00:05:42.108198,215043.773,244125.098,0.924,464.22,1739.708,0.01,0.0
130.42,2026-06-26T00:05:42.197502,214020.938,244125.098,0.988,464.543,1739.708,3.631,0.0
130.47,2026-06-26T00:05:42.247863,213429.629,244125.098,0.924,464.544,1739.708,0.01,0.0
130.566,2026-06-26T00:05:42.344184,212316.211,244125.098,0.988,464.868,1739.708,3.37,0.0
130.617,2026-06-26T00:05:42.394542,211710.086,244125.098,0.924,464.868,1739.708,0.01,0.0
130.706,2026-06-26T00:05:42.483637,210649.367,244125.098,0.989,465.192,1739.708,3.643,0.0
130.756,2026-06-26T00:05:42.533997,210043.242,244125.098,0.925,465.193,1739.708,0.01,0.0
130.845,2026-06-26T00:05:42.623060,209260.977,236077.344,0.99,465.517,1739.708,3.644,0.0
130.896,2026-06-26T00:05:42.673422,208734.535,235883.836,0.925,465.517,1739.708,0.01,0.0
130.985,2026-06-26T00:05:42.762517,207825.348,235883.836,0.99,465.841,1739.708,3.643,0.0
131.035,2026-06-26T00:05:42.812873,207370.754,235883.836,0.925,465.842,1739.708,0.01,0.0
131.124,2026-06-26T00:05:42.901911,206575.215,235883.836,0.964,466.166,1739.708,3.645,0.0
131.174,2026-06-26T00:05:42.952275,206082.738,235883.836,0.907,466.166,1739.708,0.01,0.0
131.263,2026-06-26T00:05:43.041293,205249.316,235883.836,1.004,466.49,1739.708,3.646,0.0
131.314,2026-06-26T00:05:43.091656,204774.375,235883.836,0.935,466.491,1739.708,0.01,0.0
131.407,2026-06-26T00:05:43.184584,203923.418,235883.836,0.983,466.815,1739.708,3.49,0.0
131.457,2026-06-26T00:05:43.234926,203436.375,235883.836,0.92,466.815,1739.708,0.01,0.0
131.561,2026-06-26T00:05:43.339167,202408.105,235883.836,1.027,467.138,1739.708,3.104,0.0
131.659,2026-06-26T00:05:43.436879,201508.0,228342.695,1.055,467.461,1739.708,3.306,0.0
131.709,2026-06-26T00:05:43.487242,201038.223,227884.461,0.97,467.462,1739.708,0.01,0.0
131.799,2026-06-26T00:05:43.576914,200114.445,227642.574,0.993,467.785,1739.708,3.609,0.0
131.849,2026-06-26T00:05:43.627284,199584.086,227642.574,0.974,467.785,1739.708,0.01,0.0
131.939,2026-06-26T00:05:43.716466,198725.117,227642.574,1.024,468.108,1739.708,3.629,0.0
131.989,2026-06-26T00:05:43.766831,198182.422,227642.574,0.949,468.109,1739.708,0.01,0.0
132.078,2026-06-26T00:05:43.856134,197169.117,227642.574,0.979,468.432,1739.708,3.628,0.0
132.129,2026-06-26T00:05:43.906502,196607.117,227642.574,0.964,468.432,1739.708,0.01,0.0
132.218,2026-06-26T00:05:43.995631,195606.391,227642.574,0.991,468.755,1739.708,3.631,0.0
132.268,2026-06-26T00:05:44.045986,195038.148,227642.574,0.926,468.756,1739.708,0.01,0.0
132.357,2026-06-26T00:05:44.135079,193999.117,227642.574,0.991,469.079,1739.708,3.632,0.0
132.408,2026-06-26T00:05:44.185453,193438.215,220246.57,0.926,469.079,1739.708,0.01,0.0
132.497,2026-06-26T00:05:44.274409,192621.203,219546.441,0.991,469.402,1739.708,3.637,0.0
132.547,2026-06-26T00:05:44.324777,192062.598,219401.312,0.926,469.403,1739.708,0.01,0.0
132.636,2026-06-26T00:05:44.413800,191119.859,219401.312,0.991,469.726,1739.708,3.635,0.0
132.686,2026-06-26T00:05:44.464198,190698.816,219401.312,0.926,469.727,1739.708,0.01,0.0
132.775,2026-06-26T00:05:44.553240,189755.859,219401.312,0.99,470.05,1739.708,3.635,0.0
132.826,2026-06-26T00:05:44.603601,189245.859,219401.312,0.925,470.05,1739.708,0.01,0.0
132.923,2026-06-26T00:05:44.700600,188236.434,219401.312,0.987,470.373,1739.708,3.336,0.0
132.973,2026-06-26T00:05:44.750962,187743.859,219401.312,0.923,470.374,1739.708,0.01,0.0
133.062,2026-06-26T00:05:44.839961,186811.859,219401.312,0.989,470.697,1739.708,3.637,0.0
133.112,2026-06-26T00:05:44.890320,186285.859,219401.312,0.924,470.697,1739.708,0.01,0.0
133.202,2026-06-26T00:05:44.979373,185331.859,219401.312,0.989,471.02,1739.708,3.634,0.0
133.252,2026-06-26T00:05:45.029736,184889.789,211811.793,0.925,471.021,1739.708,0.01,0.0
133.341,2026-06-26T00:05:45.119027,183954.602,211160.051,0.989,471.344,1739.708,3.624,0.0
133.392,2026-06-26T00:05:45.169390,183420.602,211160.051,0.924,471.344,1739.708,0.01,0.0
133.484,2026-06-26T00:05:45.261396,182419.672,211160.051,0.979,471.668,1739.708,3.523,0.0
133.534,2026-06-26T00:05:45.311762,181851.43,211160.051,0.917,471.668,1739.708,0.01,0.0
133.624,2026-06-26T00:05:45.402282,180814.602,211160.051,0.979,471.992,1739.708,3.585,0.0
133.675,2026-06-26T00:05:45.452654,180222.469,211160.051,0.918,471.993,1739.708,0.01,0.0
133.764,2026-06-26T00:05:45.541798,179206.602,211160.051,0.985,472.317,1739.708,3.641,0.0
133.814,2026-06-26T00:05:45.592189,178631.391,211160.051,0.921,472.317,1739.708,0.01,0.0
133.903,2026-06-26T00:05:45.681279,177570.672,211160.051,0.987,472.641,1739.708,3.642,0.0
133.954,2026-06-26T00:05:45.731635,176964.547,211160.051,0.923,472.642,1739.708,0.01,0.0
134.043,2026-06-26T00:05:45.820691,176110.434,203063.918,0.989,472.966,1739.708,3.644,0.0
134.093,2026-06-26T00:05:45.871045,175504.309,202918.789,0.924,472.966,1739.708,0.01,0.0
134.182,2026-06-26T00:05:45.960291,174441.344,202918.789,0.989,473.29,1739.708,3.637,0.0
134.233,2026-06-26T00:05:46.010661,173875.348,202918.789,0.925,473.291,1739.708,0.01,0.0
134.328,2026-06-26T00:05:46.106279,172700.98,202918.789,0.991,473.614,1739.708,3.393,0.0
134.379,2026-06-26T00:05:46.156641,172094.855,202918.789,0.926,473.615,1739.708,0.01,0.0
134.468,2026-06-26T00:05:46.245689,171072.02,202918.789,0.99,473.939,1739.708,3.644,0.0
134.518,2026-06-26T00:05:46.296049,170465.895,202918.789,0.925,473.939,1739.708,0.01,0.0
134.607,2026-06-26T00:05:46.385282,169367.293,202918.789,0.99,474.262,1739.708,3.627,0.0
134.658,2026-06-26T00:05:46.435642,168761.168,202918.789,0.925,474.263,1739.708,0.01,0.0
134.747,2026-06-26T00:05:46.524396,167869.172,194822.656,0.965,474.586,1739.708,3.646,0.0
134.797,2026-06-26T00:05:46.574747,167242.086,194677.527,0.908,474.586,1739.708,0.01,0.0
134.886,2026-06-26T00:05:46.663503,166126.086,194677.527,1.006,474.909,1739.708,3.65,0.0
134.936,2026-06-26T00:05:46.713865,165482.555,194677.527,0.936,474.91,1739.708,0.01,0.0
135.025,2026-06-26T00:05:46.802628,164346.07,194677.527,0.972,475.233,1739.708,3.648,0.0
135.075,2026-06-26T00:05:46.852981,163726.086,194677.527,0.913,475.233,1739.708,0.01,0.0
135.179,2026-06-26T00:05:46.956854,162444.086,194677.527,1.0,475.556,1739.708,3.115,0.0
135.275,2026-06-26T00:05:47.052932,161277.562,194677.527,1.042,475.879,1739.708,3.362,0.0
135.325,2026-06-26T00:05:47.103311,160633.555,194677.527,0.962,475.88,1739.708,0.01,0.0
135.416,2026-06-26T00:05:47.193367,159760.5,186581.395,1.012,476.204,1739.708,3.599,0.0
135.466,2026-06-26T00:05:47.243719,159173.316,186436.266,0.941,476.204,1739.708,0.01,0.0
135.555,2026-06-26T00:05:47.332413,158188.363,186436.266,1.002,476.528,1739.708,3.658,0.0
135.605,2026-06-26T00:05:47.382767,157620.121,186436.266,0.934,476.529,1739.708,0.01,0.0
135.694,2026-06-26T00:05:47.472073,156566.828,186436.266,0.995,476.852,1739.708,3.634,0.0
135.745,2026-06-26T00:05:47.522436,155991.16,186436.266,0.929,476.853,1739.708,0.01,0.0
135.834,2026-06-26T00:05:47.611690,154930.441,186436.266,0.992,477.177,1739.708,3.635,0.0
135.884,2026-06-26T00:05:47.662044,154340.828,186436.266,0.973,477.177,1739.708,0.01,0.0
135.973,2026-06-26T00:05:47.751231,153263.598,186436.266,0.997,477.501,1739.708,3.639,0.0
136.024,2026-06-26T00:05:47.801592,152657.473,186436.266,0.93,477.502,1739.708,0.01,0.0
136.113,2026-06-26T00:05:47.890998,151744.004,178666.008,0.992,477.826,1739.708,3.629,0.0
136.164,2026-06-26T00:05:47.941369,151197.234,178195.004,0.927,477.826,1739.708,0.01,0.0
136.253,2026-06-26T00:05:48.030535,150212.281,178195.004,0.991,478.15,1739.708,3.639,0.0
136.303,2026-06-26T00:05:48.080885,149644.039,178195.004,0.926,478.151,1739.708,0.01,0.0
136.399,2026-06-26T00:05:48.176814,148435.57,178195.004,0.99,478.474,1739.708,3.379,0.0
136.449,2026-06-26T00:05:48.227157,147977.195,178195.004,0.926,478.475,1739.708,0.01,0.0
136.538,2026-06-26T00:05:48.315804,146916.477,178195.004,0.966,478.798,1739.708,3.649,0.0
136.588,2026-06-26T00:05:48.366163,146351.57,178195.004,0.955,478.798,1739.708,0.01,0.0
136.677,2026-06-26T00:05:48.454851,145347.57,178195.004,1.012,479.121,1739.708,3.649,0.0
136.727,2026-06-26T00:05:48.505197,144755.57,178195.004,0.941,479.122,1739.708,0.01,0.0
136.816,2026-06-26T00:05:48.593789,143797.129,170653.863,0.976,479.445,1739.708,3.652,0.0
136.866,2026-06-26T00:05:48.644160,143268.094,170098.871,0.916,479.446,1739.708,0.01,0.0
136.97,2026-06-26T00:05:48.747770,142160.434,169953.742,1.003,479.769,1739.708,3.123,0.0
137.059,2026-06-26T00:05:48.836668,140914.312,169953.742,1.045,480.092,1739.708,3.634,0.0
137.109,2026-06-26T00:05:48.887028,140228.41,169953.742,0.964,480.092,1739.708,0.01,0.0
137.199,2026-06-26T00:05:48.976437,139034.312,169953.742,1.016,480.415,1739.708,3.62,0.0
137.249,2026-06-26T00:05:49.026792,138378.312,169953.742,0.943,480.416,1739.708,0.01,0.0
137.344,2026-06-26T00:05:49.122228,137120.312,169953.742,0.98,480.739,1739.708,3.39,0.0
137.395,2026-06-26T00:05:49.172579,136402.246,169953.742,0.918,480.739,1739.708,0.01,0.0
137.483,2026-06-26T00:05:49.261281,135442.219,162364.223,1.013,481.062,1739.708,3.648,0.0
137.534,2026-06-26T00:05:49.311640,134904.125,161857.609,0.941,481.063,1739.708,0.01,0.0
137.623,2026-06-26T00:05:49.400474,133789.059,161712.48,0.976,481.386,1739.708,3.644,0.0
137.673,2026-06-26T00:05:49.450827,133123.633,161712.48,0.915,481.386,1739.708,0.01,0.0
137.762,2026-06-26T00:05:49.539496,131949.266,161712.48,0.985,481.709,1739.708,3.65,0.0
137.812,2026-06-26T00:05:49.589852,131229.492,161712.48,0.922,481.71,1739.708,0.01,0.0
137.901,2026-06-26T00:05:49.678485,130093.008,161712.48,0.989,482.033,1739.708,3.651,0.0
137.951,2026-06-26T00:05:49.728843,129449.0,161712.48,0.925,482.033,1739.708,0.01,0.0
138.04,2026-06-26T00:05:49.817674,128257.059,161712.48,0.991,482.356,1739.708,3.644,0.0
138.09,2026-06-26T00:05:49.868024,127557.059,161712.48,0.926,482.357,1739.708,0.01,0.0
138.179,2026-06-26T00:05:49.956646,126665.742,153616.348,0.966,482.68,1739.708,3.652,0.0
138.229,2026-06-26T00:05:50.007008,126094.621,153471.219,0.908,482.68,1739.708,0.01,0.0
138.318,2026-06-26T00:05:50.095669,125009.801,153471.219,0.98,483.003,1739.708,3.651,0.0
138.368,2026-06-26T00:05:50.146027,124399.801,153471.219,0.918,483.004,1739.708,0.01,0.0
138.465,2026-06-26T00:05:50.242400,123177.645,153471.219,1.008,483.327,1739.708,3.363,0.0
138.515,2026-06-26T00:05:50.292761,122571.52,153471.219,0.938,483.328,1739.708,0.01,0.0
138.604,2026-06-26T00:05:50.381470,121510.801,153471.219,1.0,483.652,1739.708,3.656,0.0
138.654,2026-06-26T00:05:50.431815,120866.793,153471.219,0.933,483.652,1739.708,0.01,0.0
138.743,2026-06-26T00:05:50.520470,119768.191,153471.219,0.997,483.976,1739.708,3.658,0.0
138.793,2026-06-26T00:05:50.570806,119223.852,146075.215,0.93,483.976,1739.708,0.01,0.0
138.883,2026-06-26T00:05:50.660407,118270.07,145229.957,0.965,484.3,1739.708,3.621,0.0
138.933,2026-06-26T00:05:50.710765,117663.945,145229.957,0.908,484.301,1739.708,0.01,0.0
139.022,2026-06-26T00:05:50.799972,116532.543,145229.957,0.978,484.624,1739.708,3.635,0.0
139.072,2026-06-26T00:05:50.850336,115883.453,145229.957,0.917,484.625,1739.708,0.01,0.0
139.161,2026-06-26T00:05:50.939030,114746.969,145229.957,0.985,484.949,1739.708,3.657,0.0
139.212,2026-06-26T00:05:50.989396,114102.961,145229.957,0.922,484.949,1739.708,0.01,0.0
139.306,2026-06-26T00:05:51.083790,112966.477,145229.957,0.993,485.273,1739.708,3.436,0.0
139.356,2026-06-26T00:05:51.134162,112284.586,145229.957,0.928,485.274,1739.708,0.01,0.0
139.445,2026-06-26T00:05:51.222842,111180.543,145229.957,0.967,485.597,1739.708,3.658,0.0
139.495,2026-06-26T00:05:51.273186,110709.391,137640.438,0.909,485.598,1739.708,0.01,0.0
139.584,2026-06-26T00:05:51.361722,109707.285,136988.695,0.981,485.921,1739.708,3.652,0.0
139.634,2026-06-26T00:05:51.412082,109119.621,136988.695,0.919,485.921,1739.708,0.01,0.0
139.723,2026-06-26T00:05:51.500867,108021.02,136988.695,0.987,486.244,1739.708,3.644,0.0
139.773,2026-06-26T00:05:51.551223,107339.129,136988.695,0.923,486.244,1739.708,0.01,0.0
139.862,2026-06-26T00:05:51.639842,106202.645,136988.695,0.99,486.567,1739.708,3.649,0.0
139.912,2026-06-26T00:05:51.690190,105596.52,136988.695,0.925,486.568,1739.708,0.01,0.0
140.001,2026-06-26T00:05:51.778940,104497.918,136988.695,0.991,486.891,1739.708,3.65,0.0
140.051,2026-06-26T00:05:51.829303,103816.027,136988.695,0.926,486.891,1739.708,0.01,0.0
140.14,2026-06-26T00:05:51.918104,102784.336,129592.691,0.992,487.214,1739.708,3.642,0.0
140.191,2026-06-26T00:05:51.968465,102143.082,128989.32,0.927,487.214,1739.708,0.01,0.0
140.284,2026-06-26T00:05:52.061492,101029.891,128747.434,1.002,487.537,1739.708,3.475,0.0
140.334,2026-06-26T00:05:52.111845,100332.027,128747.434,0.933,487.538,1739.708,0.01,0.0
140.423,2026-06-26T00:05:52.200848,99202.027,128747.434,0.97,487.861,1739.708,3.641,0.0
140.473,2026-06-26T00:05:52.251198,98529.625,128747.434,0.911,487.862,1739.708,0.01,0.0
140.562,2026-06-26T00:05:52.340104,97355.258,128747.434,0.981,488.185,1739.708,3.648,0.0
140.613,2026-06-26T00:05:52.390468,96749.133,128747.434,0.919,488.186,1739.708,0.01,0.0
140.702,2026-06-26T00:05:52.480309,95466.027,128747.434,0.983,488.51,1739.708,3.61,0.0
140.753,2026-06-26T00:05:52.530660,94854.992,128747.434,0.92,488.51,1739.708,0.01,0.0
140.843,2026-06-26T00:05:52.620562,93620.77,120506.172,0.983,488.834,1739.708,3.607,0.0
140.893,2026-06-26T00:05:52.670927,92932.77,120506.172,0.967,488.834,1739.708,0.01,0.0
140.982,2026-06-26T00:05:52.760183,91727.91,120506.172,0.992,489.158,1739.708,3.636,0.0
141.033,2026-06-26T00:05:52.810538,91046.02,120506.172,0.927,489.159,1739.708,0.01,0.0
141.126,2026-06-26T00:05:52.903629,89795.887,120506.172,1.002,489.482,1739.708,3.484,0.0
141.176,2026-06-26T00:05:52.953975,89113.996,120506.172,0.933,489.483,1739.708,0.01,0.0
141.265,2026-06-26T00:05:53.042628,87901.746,120506.172,0.997,489.807,1739.708,3.659,0.0
141.315,2026-06-26T00:05:53.092987,87219.855,120506.172,0.93,489.807,1739.708,0.01,0.0
141.409,2026-06-26T00:05:53.187165,86011.863,112916.652,0.975,490.131,1739.708,3.441,0.0
141.46,2026-06-26T00:05:53.237521,85247.512,112264.91,0.915,490.131,1739.708,0.01,0.0
141.563,2026-06-26T00:05:53.340801,83676.062,112264.91,1.004,490.454,1739.708,3.131,0.0
141.651,2026-06-26T00:05:53.428896,82291.512,112264.91,1.049,490.777,1739.708,3.665,0.0
141.701,2026-06-26T00:05:53.479239,81481.512,112264.91,0.966,490.777,1739.708,0.01,0.0
141.794,2026-06-26T00:05:53.572014,80047.512,112264.91,1.005,491.1,1739.708,3.486,0.0
141.845,2026-06-26T00:05:53.622370,79243.773,112264.91,0.936,491.101,1739.708,0.01,0.0
141.933,2026-06-26T00:05:53.710865,77877.531,104723.77,1.0,491.424,1739.708,3.654,0.0
141.983,2026-06-26T00:05:53.761224,77101.645,104023.648,0.932,491.424,1739.708,0.01,0.0
142.072,2026-06-26T00:05:53.849879,75699.98,104023.648,0.997,491.747,1739.708,3.649,0.0
142.122,2026-06-26T00:05:53.900229,74916.254,104023.648,0.93,491.747,1739.708,0.01,0.0
142.211,2026-06-26T00:05:53.988833,73464.895,104023.648,0.995,492.07,1739.708,3.65,0.0
142.261,2026-06-26T00:05:54.039193,72631.473,104023.648,0.929,492.071,1739.708,0.01,0.0
142.364,2026-06-26T00:05:54.142176,70972.254,104023.648,0.992,492.394,1739.708,3.139,0.0
142.453,2026-06-26T00:05:54.230955,69550.008,96434.129,1.037,492.716,1739.708,3.636,0.0
142.503,2026-06-26T00:05:54.281313,68746.734,95782.387,0.959,492.717,1739.708,0.01,0.0
142.592,2026-06-26T00:05:54.370268,67317.0,95782.387,1.014,493.04,1739.708,3.636,0.0
142.643,2026-06-26T00:05:54.420624,66511.648,95782.387,0.942,493.04,1739.708,0.01,0.0
142.731,2026-06-26T00:05:54.509187,65072.102,95782.387,1.004,493.363,1739.708,3.652,0.0
142.782,2026-06-26T00:05:54.559535,64238.68,95782.387,0.935,493.364,1739.708,0.01,0.0
142.872,2026-06-26T00:05:54.649532,62761.25,95782.387,0.967,493.686,1739.708,3.59,0.0
142.922,2026-06-26T00:05:54.700029,61927.828,95782.387,0.909,493.687,1739.708,0.01,0.0
142.963,2026-06-26T00:05:54.740549,61341.57,88149.863,0.97,493.688,1739.708,0.012,0.0
142.966,2026-06-26T00:05:54.743803,61341.57,88149.863,0.679,493.688,1739.708,1.355,0.0
142.966,2026-06-26T00:05:54.743949,61341.57,88149.863,0.475,493.689,1739.708,4.185,0.0
142.966,2026-06-26T00:05:54.744078,61341.57,88149.863,0.333,493.689,1739.708,3.921,0.0
143.011,2026-06-26T00:05:54.788530,61419.512,89889.531,0.601,494.012,1739.708,7.248,0.0
143.061,2026-06-26T00:05:54.838890,61504.742,89889.531,0.653,494.012,1739.708,0.01,0.0
143.164,2026-06-26T00:05:54.942304,61686.402,89889.531,0.82,494.335,1739.708,3.128,0.0
143.253,2026-06-26T00:05:55.030431,61840.652,89889.531,0.893,494.658,1739.708,3.663,0.0
143.303,2026-06-26T00:05:55.080790,61928.312,89889.531,0.858,494.659,1739.708,0.01,0.0
143.391,2026-06-26T00:05:55.169239,62087.805,89889.531,0.945,494.981,1739.708,3.657,0.0
143.442,2026-06-26T00:05:55.219590,62179.383,89889.531,0.894,494.982,1739.708,0.01,0.0
143.531,2026-06-26T00:05:55.309151,62342.242,89889.531,0.992,495.305,1739.708,3.618,0.0
143.582,2026-06-26T00:05:55.359509,62434.293,89889.531,0.927,495.306,1739.708,0.01,0.0
143.67,2026-06-26T00:05:55.448102,62596.707,89889.531,0.967,495.63,1739.708,3.662,0.0
143.721,2026-06-26T00:05:55.498464,62691.508,89889.531,0.909,495.63,1739.708,0.01,0.0
143.81,2026-06-26T00:05:55.587908,62861.07,89889.531,0.977,495.954,1739.708,3.626,0.0
143.86,2026-06-26T00:05:55.638253,62957.117,89889.531,0.917,495.955,1739.708,0.01,0.0
145.049,2026-06-26T00:05:56.827199,62993.027,89801.445,0.88,2235.722,1739.708,1462.985,0.0
145.05,2026-06-26T00:05:56.827972,62993.027,89801.445,0.616,2235.723,1739.708,2.271,0.0
145.055,2026-06-26T00:05:56.832665,62993.027,89801.445,0.929,2235.723,1739.708,0.111,0.0
145.055,2026-06-26T00:05:56.833013,62993.027,89801.445,8.297,2235.724,1739.708,2.168,0.0
148.999,2026-06-26T00:06:00.776707,64732.695,91541.113,6.046,2235.946,1739.708,0.056,0.0
149.103,2026-06-26T00:06:00.880399,64732.695,91541.113,4.594,2236.27,1739.708,3.129,0.0
149.191,2026-06-26T00:06:00.968668,64732.695,91541.113,3.535,2236.594,1739.708,3.672,0.0
149.241,2026-06-26T00:06:01.019021,64732.695,91541.113,2.707,2236.595,1739.708,0.01,0.0
149.33,2026-06-26T00:06:01.107524,64732.695,91541.113,2.213,2236.919,1739.708,3.67,0.0
149.38,2026-06-26T00:06:01.157879,64732.695,91541.113,1.828,2236.92,1739.708,0.01,0.0
149.475,2026-06-26T00:06:01.253117,64732.695,91541.113,1.624,2237.244,1739.708,3.41,0.0
149.526,2026-06-26T00:06:01.303482,64732.695,91541.113,1.369,2237.244,1739.708,0.01,0.0
149.614,2026-06-26T00:06:01.392274,64732.695,91541.113,1.302,2237.568,1739.708,3.647,0.0
149.665,2026-06-26T00:06:01.442629,64732.695,91541.113,1.144,2237.568,1739.708,0.01,0.0
149.754,2026-06-26T00:06:01.531771,64732.695,91541.113,1.117,2237.891,1739.708,3.633,0.0
149.804,2026-06-26T00:06:01.582116,64732.695,91541.113,1.014,2237.892,1739.708,0.01,0.0
149.894,2026-06-26T00:06:01.671402,64732.695,91541.113,1.078,2238.215,1739.708,3.627,0.0
149.944,2026-06-26T00:06:01.721760,64732.695,91541.113,0.987,2238.216,1739.708,0.01,0.0
150.032,2026-06-26T00:06:01.810304,64732.695,91541.113,1.035,2238.539,1739.708,3.657,0.0
150.083,2026-06-26T00:06:01.860662,64732.695,91541.113,0.957,2238.539,1739.708,0.01,0.0
150.268,2026-06-26T00:06:02.046334,62993.027,89801.445,0.897,2238.54,3479.374,0.005,9358.872
150.338,2026-06-26T00:06:02.116360,62993.027,89801.445,0.896,2238.863,3479.374,4.633,0.0
150.427,2026-06-26T00:06:02.205209,62993.027,89801.445,0.786,2239.187,3479.374,3.643,0.0
150.478,2026-06-26T00:06:02.255563,62993.027,89801.445,0.596,2239.187,3479.374,0.01,0.0
150.573,2026-06-26T00:06:02.350665,62993.027,89801.445,0.565,2239.511,3479.374,3.409,0.0
150.623,2026-06-26T00:06:02.401019,62993.027,89801.445,0.489,2239.511,3479.374,0.01,0.0
150.712,2026-06-26T00:06:02.489647,62993.027,89801.445,0.474,2239.835,3479.374,3.659,0.0
150.762,2026-06-26T00:06:02.540014,62993.027,89801.445,0.425,2239.835,3479.374,0.01,0.0
150.851,2026-06-26T00:06:02.628738,62993.031,89801.445,0.456,2240.159,3479.374,3.657,0.0
150.901,2026-06-26T00:06:02.679087,62993.031,89801.445,0.412,2240.159,3479.374,0.01,0.0
150.99,2026-06-26T00:06:02.767725,62993.031,89801.445,0.421,2240.483,3479.374,3.661,0.0
151.04,2026-06-26T00:06:02.818085,62993.031,89801.445,0.295,2240.484,3479.374,0.01,0.0
151.129,2026-06-26T00:06:02.906739,62993.031,89801.445,0.392,2240.807,3479.374,3.658,0.0
151.179,2026-06-26T00:06:02.957091,62993.031,89801.445,0.321,2240.808,3479.374,0.01,0.0
151.268,2026-06-26T00:06:03.045634,62993.031,89801.445,0.383,2241.131,3479.374,3.662,0.0
151.318,2026-06-26T00:06:03.095981,62993.031,89801.445,0.268,2241.132,3479.374,0.01,0.0
151.407,2026-06-26T00:06:03.185160,62993.031,89801.445,0.346,2241.455,3479.374,3.632,0.0
151.458,2026-06-26T00:06:03.235515,62993.031,89801.445,0.242,2241.456,3479.374,0.01,0.0
151.547,2026-06-26T00:06:03.324699,62993.031,89801.445,0.327,2241.778,3479.374,3.625,0.0
151.597,2026-06-26T00:06:03.375056,62993.031,89801.445,0.276,2241.779,3479.374,0.01,0.0
151.693,2026-06-26T00:06:03.470671,62993.031,89801.445,0.365,2242.101,3479.374,3.381,0.0
151.743,2026-06-26T00:06:03.521024,62993.031,89801.445,0.348,2242.102,3479.374,0.01,0.0
151.832,2026-06-26T00:06:03.609473,62993.031,89801.445,0.403,2242.425,3479.374,3.655,0.0
151.882,2026-06-26T00:06:03.659827,62993.031,89801.445,0.328,2242.425,3479.374,0.01,0.0
151.971,2026-06-26T00:06:03.748443,62993.031,89801.445,0.362,2242.748,3479.374,3.649,0.0
152.021,2026-06-26T00:06:03.798794,62993.031,89801.445,0.3,2242.748,3479.374,0.01,0.0
152.109,2026-06-26T00:06:03.887326,62993.031,89801.445,0.369,2243.071,3479.374,3.651,0.0
152.16,2026-06-26T00:06:03.937688,62993.031,89801.445,0.258,2243.071,3479.374,0.01,0.0
152.248,2026-06-26T00:06:04.026194,62993.031,89801.445,0.34,2243.394,3479.374,3.655,0.0
152.299,2026-06-26T00:06:04.076551,62993.031,89801.445,0.238,2243.395,3479.374,0.01,0.0
152.402,2026-06-26T00:06:04.179513,62993.031,89801.445,0.349,2243.717,3479.374,3.139,0.0
152.49,2026-06-26T00:06:04.267439,62993.031,89801.445,0.378,2244.04,3479.374,3.67,0.0
152.54,2026-06-26T00:06:04.317797,62993.031,89801.445,0.357,2244.04,3479.374,0.01,0.0
152.635,2026-06-26T00:06:04.413125,62993.031,89801.445,0.422,2244.363,3479.374,3.391,0.0
152.686,2026-06-26T00:06:04.463485,62993.031,89801.445,0.342,2244.364,3479.374,0.01,0.0
152.774,2026-06-26T00:06:04.551944,62993.031,89801.445,0.399,2244.686,3479.374,3.654,0.0
152.824,2026-06-26T00:06:04.602291,62993.031,89801.445,0.325,2244.687,3479.374,0.01,0.0
152.913,2026-06-26T00:06:04.690811,62993.031,89801.445,0.387,2245.009,3479.374,3.652,0.0
152.963,2026-06-26T00:06:04.741186,62993.031,89801.445,0.271,2245.01,3479.374,0.01,0.0
153.052,2026-06-26T00:06:04.829723,62993.031,89801.445,0.375,2245.333,3479.374,3.651,0.0
153.102,2026-06-26T00:06:04.880077,62993.031,89801.445,0.355,2245.333,3479.374,0.01,0.0
153.191,2026-06-26T00:06:04.968572,62993.031,89801.445,0.408,2245.656,3479.374,3.653,0.0
153.241,2026-06-26T00:06:05.018920,62993.031,89801.445,0.332,2245.656,3479.374,0.01,0.0
153.33,2026-06-26T00:06:05.108130,62993.031,89801.445,0.416,2245.979,3479.374,3.624,0.0
153.381,2026-06-26T00:06:05.158494,62993.031,89801.445,0.291,2245.979,3479.374,0.01,0.0
153.473,2026-06-26T00:06:05.250451,62993.031,89801.445,0.408,2246.303,3479.374,3.522,0.0
153.523,2026-06-26T00:06:05.300809,62993.031,89801.445,0.332,2246.303,3479.374,0.01,0.0
153.611,2026-06-26T00:06:05.389337,62993.031,89801.445,0.365,2246.627,3479.374,3.663,0.0
153.662,2026-06-26T00:06:05.439687,62993.031,89801.445,0.348,2246.627,3479.374,0.01,0.0
153.754,2026-06-26T00:06:05.531906,62993.031,89801.445,0.422,2246.951,3479.374,3.512,0.0
153.805,2026-06-26T00:06:05.582382,62993.031,89801.445,0.342,2246.951,3479.374,0.01,0.0
153.893,2026-06-26T00:06:05.671047,62993.031,89801.445,0.372,2247.275,3479.374,3.656,0.0
153.944,2026-06-26T00:06:05.721407,62993.031,89801.445,0.353,2247.276,3479.374,0.01,0.0
154.032,2026-06-26T00:06:05.810010,62993.031,89801.445,0.406,2247.599,3479.374,3.658,0.0
154.083,2026-06-26T00:06:05.860367,62993.031,89801.445,0.377,2247.6,3479.374,0.01,0.0
154.171,2026-06-26T00:06:05.948895,62993.031,89801.445,0.37,2247.923,3479.374,3.662,0.0
154.221,2026-06-26T00:06:05.999250,62993.031,89801.445,0.352,2247.924,3479.374,0.01,0.0
154.325,2026-06-26T00:06:06.102999,62993.031,89801.445,0.404,2248.247,3479.374,3.124,0.0
154.414,2026-06-26T00:06:06.191711,62993.031,89801.445,0.574,2248.571,3479.374,3.649,0.0
154.464,2026-06-26T00:06:06.242066,62993.031,89801.445,0.634,2248.572,3479.374,0.01,0.0
154.553,2026-06-26T00:06:06.330724,62993.031,89801.445,0.761,2248.894,3479.374,3.647,0.0
154.603,2026-06-26T00:06:06.381064,62993.031,89801.445,0.765,2248.895,3479.374,0.01,0.0
154.692,2026-06-26T00:06:06.469551,62993.031,89801.445,0.88,2249.217,3479.374,3.653,0.0
155.193,2026-06-26T00:06:06.971162,61341.574,88149.863,0.854,2249.218,3479.378,0.002,0.007
155.202,2026-06-26T00:06:06.979869,61234.066,88042.355,0.872,2249.228,3479.378,1.176,0.0
155.202,2026-06-26T00:06:06.980284,61234.066,88042.355,0.611,2249.229,3479.378,2.033,0.0
155.203,2026-06-26T00:06:06.980696,61234.066,88042.355,0.427,2249.23,3479.378,1.956,0.0
155.264,2026-06-26T00:06:07.041684,61331.457,89782.023,0.76,2249.542,3479.378,5.124,0.0
155.355,2026-06-26T00:06:07.133357,61478.039,89782.023,0.89,2249.865,3479.378,3.527,0.0
155.406,2026-06-26T00:06:07.183725,61559.141,89782.023,0.855,2249.866,3479.378,0.01,0.0
155.495,2026-06-26T00:06:07.272908,61701.516,89782.023,0.941,2250.19,3479.378,3.636,0.0
155.545,2026-06-26T00:06:07.323258,61782.215,89782.023,0.891,2250.19,3479.378,0.01,0.0
155.634,2026-06-26T00:06:07.412027,61923.977,89782.023,0.941,2250.514,3479.378,3.652,0.0
155.685,2026-06-26T00:06:07.462380,62004.266,89782.023,0.891,2250.514,3479.378,0.01,0.0
155.773,2026-06-26T00:06:07.551238,62147.629,89782.023,0.993,2250.838,3479.378,3.648,0.0
155.824,2026-06-26T00:06:07.601606,62228.691,89782.023,0.927,2250.838,3479.378,0.01,0.0
155.913,2026-06-26T00:06:07.690461,62372.852,89782.023,0.966,2251.162,3479.378,3.649,0.0
155.963,2026-06-26T00:06:07.740811,62454.488,89782.023,0.909,2251.162,3479.378,0.01,0.0
156.052,2026-06-26T00:06:07.829567,62598.137,89782.023,0.98,2251.486,3479.378,3.653,0.0
156.102,2026-06-26T00:06:07.879915,62678.949,89782.023,0.918,2251.487,3479.378,0.01,0.0
156.191,2026-06-26T00:06:07.968664,62821.105,89782.023,0.96,2251.81,3479.378,3.653,0.0
156.241,2026-06-26T00:06:08.019023,62903.469,89782.023,0.95,2251.811,3479.378,0.01,0.0
157.451,2026-06-26T00:06:09.229069,62875.398,89683.812,0.902,3991.478,3479.378,1437.433,0.0
157.453,2026-06-26T00:06:09.230413,62875.398,89683.812,0.631,3991.479,3479.378,0.585,0.484
157.522,2026-06-26T00:06:09.300074,62980.434,89898.254,0.677,4056.654,3479.379,934.498,0.004
157.573,2026-06-26T00:06:09.350489,63035.598,90030.254,0.706,4111.866,3479.379,1090.814,0.0
157.623,2026-06-26T00:06:09.401085,63091.668,90100.254,0.725,4167.882,3479.379,1106.749,0.0
157.674,2026-06-26T00:06:09.451726,63147.398,90164.254,0.739,4223.704,3479.379,1099.751,0.0
157.725,2026-06-26T00:06:09.502517,63204.754,90260.254,0.748,4282.33,3479.379,1153.544,0.0
157.777,2026-06-26T00:06:09.554698,63262.848,90260.254,0.792,4339.299,3479.379,1086.376,0.0
157.828,2026-06-26T00:06:09.605841,63318.473,90376.254,0.784,4394.816,3479.379,1087.694,0.0
157.879,2026-06-26T00:06:09.656867,63374.184,90376.254,0.778,4450.45,3479.379,1090.958,0.0
157.93,2026-06-26T00:06:09.707874,63430.582,90494.254,0.775,4506.834,3479.379,1105.097,0.0
157.981,2026-06-26T00:06:09.758890,63487.762,90646.254,0.726,4563.905,3479.379,1118.953,0.0
158.032,2026-06-26T00:06:09.809888,63544.066,90646.254,0.784,4620.211,3479.379,1103.973,0.0
158.083,2026-06-26T00:06:09.860889,63600.07,90646.254,0.824,4675.868,3479.379,1091.504,0.0
158.134,2026-06-26T00:06:09.911885,63656.785,90834.254,0.807,4732.83,3479.379,1116.491,0.0
158.185,2026-06-26T00:06:09.962911,63713.395,90834.254,0.886,4789.385,3479.379,1108.569,0.0
158.236,2026-06-26T00:06:10.013931,63769.59,91026.254,0.85,4845.535,3479.379,1100.272,0.0
158.287,2026-06-26T00:06:10.064952,63826.359,91026.254,0.825,4902.294,3479.379,1113.185,0.0
158.338,2026-06-26T00:06:10.115956,63883.543,91058.254,0.761,4959.123,3479.379,1113.123,0.0
158.389,2026-06-26T00:06:10.167000,63940.0,91058.254,0.808,5015.842,3479.379,1112.185,0.0
158.44,2026-06-26T00:06:10.217996,63997.418,91282.254,0.796,5073.211,3479.379,1124.543,0.0
158.491,2026-06-26T00:06:10.269020,64054.477,91282.254,0.787,5130.282,3479.379,1118.164,0.0
158.542,2026-06-26T00:06:10.320046,64112.141,91282.254,0.78,5187.658,3479.379,1124.917,0.0
158.593,2026-06-26T00:06:10.371065,64168.965,91282.254,0.776,5244.651,3479.379,1116.978,0.0
158.644,2026-06-26T00:06:10.422080,64226.848,91578.254,0.819,5302.48,3479.379,1133.605,0.0
158.695,2026-06-26T00:06:10.473090,64284.84,91578.254,0.757,5360.403,3479.379,1135.867,0.0
158.746,2026-06-26T00:06:10.524096,64342.352,91578.254,0.805,5417.912,3479.379,1127.025,0.0
158.797,2026-06-26T00:06:10.575101,64400.152,91578.254,0.794,5475.655,3479.379,1132.661,0.0
158.848,2026-06-26T00:06:10.626102,64457.352,91898.254,0.831,5532.828,3479.379,1120.358,0.0
158.899,2026-06-26T00:06:10.677121,64513.766,91898.254,0.812,5589.173,3479.379,1104.486,0.0
158.95,2026-06-26T00:06:10.728190,64581.258,91898.254,0.798,5626.142,3479.379,724.685,0.0
159.001,2026-06-26T00:06:10.779186,64594.191,91898.254,0.788,5669.604,3479.379,852.041,0.0
159.052,2026-06-26T00:06:10.830196,64661.523,91898.254,0.781,5707.168,3479.379,736.561,0.0
159.103,2026-06-26T00:06:10.881174,64663.039,91946.254,0.777,5731.531,3486.133,477.853,132.479
159.154,2026-06-26T00:06:10.932199,64638.516,91946.254,0.774,5731.532,3516.543,0.019,596.067
159.205,2026-06-26T00:06:10.983183,64648.238,91946.254,0.771,5731.533,3535.474,0.019,371.31
159.256,2026-06-26T00:06:11.034201,64584.566,91946.254,0.77,5731.534,3569.61,0.019,668.921
159.307,2026-06-26T00:06:11.085209,64591.359,91946.254,0.768,5731.535,3593.608,0.019,470.52
159.358,2026-06-26T00:06:11.136207,64531.57,91946.254,0.814,5731.536,3627.744,0.02,669.387
159.409,2026-06-26T00:06:11.187114,64532.742,91946.254,0.801,5731.537,3651.742,0.02,474.343
159.46,2026-06-26T00:06:11.237624,64508.957,91946.254,0.792,5731.538,3670.678,0.02,374.372
159.511,2026-06-26T00:06:11.288377,64487.363,91946.254,0.831,5731.539,3690.945,0.02,397.397
159.562,2026-06-26T00:06:11.339364,64442.066,91946.254,0.811,5731.54,3728.812,0.02,742.844
159.612,2026-06-26T00:06:11.390353,64434.352,91946.254,0.798,5731.541,3749.08,0.02,397.726
159.663,2026-06-26T00:06:11.441275,64389.93,91946.254,0.789,5731.542,3786.946,0.02,743.483
159.714,2026-06-26T00:06:11.492195,64371.195,91946.254,0.782,5731.543,3807.214,0.02,398.134
159.765,2026-06-26T00:06:11.543119,64326.68,91946.254,0.777,5731.544,3845.08,0.02,742.58
159.816,2026-06-26T00:06:11.594101,64318.168,91946.254,0.774,5731.545,3865.348,0.02,397.935
159.867,2026-06-26T00:06:11.645030,64272.09,91946.254,0.772,5731.546,3903.214,0.02,743.073
159.918,2026-06-26T00:06:11.695998,64255.012,91946.254,0.816,5731.547,3923.482,0.02,397.732
159.969,2026-06-26T00:06:11.746946,64206.988,91946.254,0.755,5731.548,3961.348,0.02,743.063
160.02,2026-06-26T00:06:11.797923,64201.984,91946.254,0.805,5731.549,3981.616,0.02,397.668
160.071,2026-06-26T00:06:11.848879,64153.281,91946.254,0.793,5731.55,4019.482,0.02,742.944
160.122,2026-06-26T00:06:11.899842,64148.961,91946.254,0.785,5731.551,4039.75,0.02,397.655
160.173,2026-06-26T00:06:11.950833,64099.793,91946.254,0.825,5731.552,4077.617,0.02,742.018
160.224,2026-06-26T00:06:12.001870,64085.801,91946.254,0.807,5731.553,4097.884,0.02,397.382
160.275,2026-06-26T00:06:12.052892,64036.254,91946.254,0.795,5731.554,4135.751,0.019,741.616
160.326,2026-06-26T00:06:12.103924,64032.777,91946.254,0.786,5731.555,4156.018,0.02,397.375
160.377,2026-06-26T00:06:12.154926,63982.246,91946.254,0.826,5731.556,4193.885,0.02,742.132
160.428,2026-06-26T00:06:12.205956,63974.684,91946.254,0.808,5731.557,4214.152,0.02,397.291
160.479,2026-06-26T00:06:12.256955,63923.203,91946.254,0.749,5731.558,4252.019,0.02,742.278
160.53,2026-06-26T00:06:12.307987,63911.523,91946.254,0.8,5731.559,4272.286,0.02,397.313
160.581,2026-06-26T00:06:12.358988,63858.434,91946.254,0.79,5731.56,4310.153,0.02,742.146
160.632,2026-06-26T00:06:12.410004,63858.5,91946.254,0.783,5731.561,4330.421,0.02,397.592
160.683,2026-06-26T00:06:12.460981,63802.871,91946.254,0.824,5731.562,4368.287,0.02,742.125
160.734,2026-06-26T00:06:12.512010,63813.746,91946.254,0.852,5731.563,4388.555,0.02,397.189
160.785,2026-06-26T00:06:12.563046,63741.523,91946.254,0.78,5731.564,4426.399,0.02,741.774
160.836,2026-06-26T00:06:12.614064,63759.586,91946.254,0.822,5731.565,4446.689,0.02,397.757
160.887,2026-06-26T00:06:12.665064,63690.508,91946.254,0.759,5731.566,4484.533,0.02,742.183
160.938,2026-06-26T00:06:12.716068,63693.066,91946.254,0.807,5731.567,4504.823,0.02,397.607
160.989,2026-06-26T00:06:12.767090,63660.238,91946.254,0.84,5731.568,4542.667,0.02,741.743
161.04,2026-06-26T00:06:12.818123,63637.109,91946.254,0.772,5731.569,4562.957,0.02,397.761
161.091,2026-06-26T00:06:12.869181,63607.211,91946.254,0.816,5731.57,4581.887,0.02,370.923
161.142,2026-06-26T00:06:12.920168,63572.219,91946.254,0.801,5731.571,4621.091,0.02,769.034
161.193,2026-06-26T00:06:12.971184,63544.051,91946.254,0.791,5731.572,4640.021,0.02,370.908
161.244,2026-06-26T00:06:13.022213,63518.391,91946.254,0.783,5731.573,4679.225,0.02,768.51
161.295,2026-06-26T00:06:13.073198,63491.023,91946.254,0.778,5731.574,4698.156,0.02,371.301
161.346,2026-06-26T00:06:13.124227,63464.477,91946.254,0.774,5731.575,4737.359,0.02,768.258
161.397,2026-06-26T00:06:13.175210,63437.996,91946.254,0.818,5731.576,4756.29,0.02,371.256
161.448,2026-06-26T00:06:13.226238,63397.699,91946.254,0.756,5731.577,4795.493,0.02,768.219
161.499,2026-06-26T00:06:13.277238,63374.836,91946.254,0.805,5731.578,4814.424,0.02,371.249
161.55,2026-06-26T00:06:13.328209,63342.805,91946.254,0.748,5731.579,4853.627,0.02,768.88
161.601,2026-06-26T00:06:13.379205,63321.809,91946.254,0.799,5731.58,4872.558,0.02,371.149
161.652,2026-06-26T00:06:13.430198,63276.836,91946.254,0.789,5731.581,4911.761,0.02,769.034
161.703,2026-06-26T00:06:13.481235,63258.648,91946.254,0.782,5731.582,4930.692,0.02,371.029
161.754,2026-06-26T00:06:13.532206,63223.039,91946.254,0.777,5731.583,4969.896,0.02,769.016
161.805,2026-06-26T00:06:13.583222,63205.625,91946.254,0.774,5731.584,4988.826,0.02,371.175
161.856,2026-06-26T00:06:13.634217,63157.234,91946.254,0.863,5731.585,5028.03,0.02,768.42
161.907,2026-06-26T00:06:13.685201,63142.465,91946.254,0.788,5731.586,5046.96,0.02,371.383
161.958,2026-06-26T00:06:13.736240,63170.965,91946.254,0.781,5731.587,5065.887,0.02,370.868
162.009,2026-06-26T00:06:13.787217,63250.578,91946.254,0.777,5731.588,5065.887,0.02,0.0
162.06,2026-06-26T00:06:13.838219,63185.637,91946.254,0.82,5731.589,5065.887,0.02,0.0
162.111,2026-06-26T00:06:13.889203,63061.273,91946.254,0.849,5731.59,5146.905,0.02,1588.094
162.162,2026-06-26T00:06:13.940233,63152.086,91946.254,0.824,5731.591,5146.905,0.02,0.0
162.213,2026-06-26T00:06:13.991199,63095.641,91946.254,0.807,5731.592,5146.905,0.02,0.0
162.264,2026-06-26T00:06:14.042221,62977.215,91956.379,0.795,5731.593,5218.934,0.021,1411.584
162.39,2026-06-26T00:06:14.167431,62955.914,91946.254,0.931,5731.935,5218.945,2.748,0.092
162.44,2026-06-26T00:06:14.217869,62955.98,91946.254,0.837,5731.936,5218.945,0.02,0.0
162.491,2026-06-26T00:06:14.268486,62967.488,91953.004,0.864,5731.937,5218.945,0.02,0.0
162.541,2026-06-26T00:06:14.319188,62963.738,91946.254,0.835,5731.938,5218.945,0.02,0.0
162.592,2026-06-26T00:06:14.369953,62969.348,91946.254,0.815,5731.939,5218.945,0.02,0.0
162.643,2026-06-26T00:06:14.420947,62972.867,91946.254,0.8,5731.94,5218.945,0.02,0.0
162.694,2026-06-26T00:06:14.471965,62975.129,91946.254,0.79,5731.941,5218.945,0.02,0.0
162.745,2026-06-26T00:06:14.522959,62975.258,91946.254,0.783,5731.942,5218.945,0.02,0.0
162.796,2026-06-26T00:06:14.573961,62975.289,91946.254,0.778,5731.943,5218.945,0.02,0.0
162.847,2026-06-26T00:06:14.624962,62978.395,91946.254,0.82,5731.944,5218.945,0.02,0.0
162.898,2026-06-26T00:06:14.675988,62980.082,91946.254,0.85,5731.945,5218.945,0.02,0.0
162.949,2026-06-26T00:06:14.726994,62980.102,91946.254,0.824,5731.946,5218.945,0.02,0.0
163.0,2026-06-26T00:06:14.778049,62980.109,91946.254,0.807,5731.947,5218.945,0.02,0.0
163.051,2026-06-26T00:06:14.829044,62983.816,91946.277,0.794,5731.948,5218.945,0.02,0.0
163.102,2026-06-26T00:06:14.880053,62983.82,91946.277,0.786,5731.949,5218.945,0.02,0.0
163.153,2026-06-26T00:06:14.931047,62983.891,91946.277,0.78,5731.95,5218.945,0.02,0.0
163.204,2026-06-26T00:06:14.982029,62984.254,91946.277,0.776,5731.951,5218.945,0.02,0.0
163.255,2026-06-26T00:06:15.033035,62984.617,91946.277,0.773,5731.952,5218.945,0.02,0.0
163.306,2026-06-26T00:06:15.084057,62984.742,91946.277,0.771,5731.953,5218.945,0.02,0.0
163.357,2026-06-26T00:06:15.135050,62984.762,91946.277,0.769,5731.954,5218.945,0.02,0.0
163.408,2026-06-26T00:06:15.186062,62984.797,91946.277,0.768,5731.955,5218.945,0.02,0.0
163.459,2026-06-26T00:06:15.237056,62984.809,91946.277,0.813,5731.956,5218.945,0.02,0.0
163.51,2026-06-26T00:06:15.288106,62985.219,91946.277,0.845,5731.957,5218.945,0.02,0.0
163.561,2026-06-26T00:06:15.339116,62985.785,91946.277,0.867,5731.958,5218.945,0.02,0.0
163.612,2026-06-26T00:06:15.390125,62985.812,91946.277,0.837,5731.959,5218.945,0.02,0.0
163.663,2026-06-26T00:06:15.441118,62986.996,91946.277,0.815,5731.96,5218.945,0.02,0.0
163.714,2026-06-26T00:06:15.492171,62999.449,91946.277,0.8,5731.961,5218.945,0.02,0.0
163.765,2026-06-26T00:06:15.543196,63004.145,91946.277,0.79,5731.962,5218.945,0.02,0.0
163.816,2026-06-26T00:06:15.594179,63010.395,91946.277,0.783,5731.963,5218.945,0.02,0.0
163.867,2026-06-26T00:06:15.645196,63017.207,91946.277,0.778,5731.964,5218.945,0.02,0.0
163.918,2026-06-26T00:06:15.696184,63018.059,91946.277,0.774,5731.965,5218.945,0.02,0.0
163.969,2026-06-26T00:06:15.747228,63018.645,91946.277,0.772,5731.966,5218.945,0.02,0.0
164.02,2026-06-26T00:06:15.798202,63018.898,91946.277,0.77,5731.967,5218.945,0.02,0.0
164.071,2026-06-26T00:06:15.849225,63018.918,91946.277,0.769,5731.968,5218.945,0.02,0.0
164.122,2026-06-26T00:06:15.900209,63018.922,91946.277,0.814,5731.969,5218.945,0.02,0.0
164.173,2026-06-26T00:06:15.951231,63018.961,91946.277,0.845,5731.97,5218.945,0.02,0.0
164.224,2026-06-26T00:06:16.002211,63019.484,91946.277,0.822,5731.971,5218.945,0.02,0.0
164.283,2026-06-26T00:06:16.060674,63022.551,91946.277,0.855,5731.972,5218.945,0.017,0.0
164.334,2026-06-26T00:06:16.111733,63022.941,91946.277,0.875,5731.973,5218.945,0.02,0.0
164.385,2026-06-26T00:06:16.162735,63023.301,91946.277,0.842,5731.974,5218.945,0.02,0.0
164.436,2026-06-26T00:06:16.213761,63023.922,91946.277,0.819,5731.975,5218.945,0.02,0.0
164.487,2026-06-26T00:06:16.264753,63024.793,91946.277,0.803,5731.976,5218.945,0.02,0.0
164.538,2026-06-26T00:06:16.315768,63025.656,91946.277,0.792,5731.977,5218.945,0.02,0.0
164.589,2026-06-26T00:06:16.366765,63026.047,91946.277,0.784,5731.978,5218.945,0.02,0.0
164.64,2026-06-26T00:06:16.417810,63026.684,91946.277,0.779,5731.979,5218.945,0.02,0.0
164.691,2026-06-26T00:06:16.468802,63033.715,91946.277,0.775,5731.98,5218.945,0.02,0.0
164.742,2026-06-26T00:06:16.519823,63035.438,91946.277,0.772,5731.981,5218.945,0.02,0.0
164.793,2026-06-26T00:06:16.570810,63036.242,91946.277,0.77,5731.982,5218.945,0.02,0.0
164.844,2026-06-26T00:06:16.621833,63038.77,91946.277,0.769,5731.983,5218.945,0.02,0.0
164.895,2026-06-26T00:06:16.672832,63039.262,91946.277,0.722,5731.984,5218.976,0.02,0.603
164.946,2026-06-26T00:06:16.723863,63039.262,91946.277,0.505,5731.985,5218.976,0.02,0.0
164.997,2026-06-26T00:06:16.774860,63039.262,91946.277,0.354,5731.986,5218.976,0.02,0.0
165.048,2026-06-26T00:06:16.825860,63039.262,91946.277,0.248,5731.987,5218.976,0.02,0.0
165.099,2026-06-26T00:06:16.876885,63039.262,91946.277,0.173,5731.988,5218.976,0.02,0.0
165.15,2026-06-26T00:06:16.927891,63039.262,91946.277,0.167,5732.0,5219.06,0.235,1.651
165.201,2026-06-26T00:06:16.978886,63038.75,91946.277,0.393,5732.001,5219.06,0.02,0.0
165.252,2026-06-26T00:06:17.029899,63037.949,91946.277,0.551,5732.002,5219.06,0.02,0.0
165.303,2026-06-26T00:06:17.080891,63040.473,91946.277,0.615,5732.003,5219.06,0.02,0.0
165.354,2026-06-26T00:06:17.131932,63040.66,91946.277,0.66,5732.004,5219.06,0.02,0.0
165.405,2026-06-26T00:06:17.182871,63040.301,91946.277,0.693,5732.005,5219.06,0.02,0.0
165.456,2026-06-26T00:06:17.233727,63039.73,91946.277,0.761,5732.006,5219.06,0.02,0.0
165.507,2026-06-26T00:06:17.284674,63038.965,91946.277,0.808,5732.007,5219.06,0.02,0.0
165.558,2026-06-26T00:06:17.335651,63038.965,91946.277,0.796,5732.008,5219.06,0.02,0.0
165.609,2026-06-26T00:06:17.386608,63038.969,91946.277,0.787,5732.009,5219.06,0.02,0.0
165.66,2026-06-26T00:06:17.437567,63038.969,91946.277,0.781,5732.01,5219.06,0.02,0.0
165.711,2026-06-26T00:06:17.488509,63038.969,91946.277,0.777,5732.011,5219.06,0.02,0.0
165.762,2026-06-26T00:06:17.539479,63038.969,91946.277,0.774,5732.012,5219.06,0.02,0.0
165.813,2026-06-26T00:06:17.590426,63038.969,91946.277,0.771,5732.013,5219.06,0.02,0.0
165.864,2026-06-26T00:06:17.641401,63038.969,91946.277,0.77,5732.014,5219.06,0.02,0.0
165.914,2026-06-26T00:06:17.692338,63038.969,91946.277,0.769,5732.015,5219.06,0.02,0.0
165.965,2026-06-26T00:06:17.743266,63038.969,91946.277,0.769,5732.016,5219.06,0.02,0.0
166.016,2026-06-26T00:06:17.794228,63038.973,91946.277,0.768,5732.017,5219.06,0.02,0.0
166.067,2026-06-26T00:06:17.845177,63038.973,91946.277,0.767,5732.018,5219.06,0.02,0.0
166.118,2026-06-26T00:06:17.896101,63038.973,91946.277,0.767,5732.019,5219.06,0.02,0.0
166.169,2026-06-26T00:06:17.947055,63039.02,91946.277,0.767,5732.02,5219.06,0.02,0.0
166.22,2026-06-26T00:06:17.998041,63039.02,91946.277,0.812,5732.021,5219.06,0.02,0.0
166.271,2026-06-26T00:06:18.049058,63039.035,91946.277,0.799,5732.022,5219.06,0.02,0.0
166.322,2026-06-26T00:06:18.100032,63039.035,91946.277,0.789,5732.023,5219.06,0.02,0.0
166.373,2026-06-26T00:06:18.151045,63039.035,91946.277,0.782,5732.024,5219.06,0.02,0.0
166.424,2026-06-26T00:06:18.201990,63039.035,91946.277,0.825,5732.026,5219.06,0.02,0.0
166.475,2026-06-26T00:06:18.252576,63040.789,91946.277,0.808,5732.027,5219.06,0.02,0.0
166.526,2026-06-26T00:06:18.303540,63040.789,91946.277,0.842,5732.028,5219.06,0.02,0.0
166.577,2026-06-26T00:06:18.354502,63040.789,91946.277,0.819,5732.029,5219.06,0.02,0.0
166.628,2026-06-26T00:06:18.405446,63043.801,91946.277,0.803,5732.03,5219.06,0.02,0.0
166.679,2026-06-26T00:06:18.456408,63043.801,91946.277,0.792,5732.031,5219.06,0.02,0.0
166.729,2026-06-26T00:06:18.507352,63043.465,91946.277,0.784,5732.032,5219.06,0.02,0.0
166.78,2026-06-26T00:06:18.558311,63043.465,91946.277,0.779,5732.033,5219.06,0.02,0.0
166.831,2026-06-26T00:06:18.609230,63046.559,91946.277,0.821,5732.034,5219.06,0.02,0.0
166.882,2026-06-26T00:06:18.660284,63046.152,91946.277,0.804,5732.035,5219.06,0.02,0.0
166.933,2026-06-26T00:06:18.711236,63046.152,91946.277,0.793,5732.036,5219.06,0.02,0.0
166.984,2026-06-26T00:06:18.762201,63046.152,91946.277,0.785,5732.037,5219.06,0.02,0.0
167.035,2026-06-26T00:06:18.813211,63046.148,91946.277,0.779,5732.038,5219.06,0.02,0.0
167.086,2026-06-26T00:06:18.864178,63046.148,91946.277,0.775,5732.039,5219.06,0.02,0.0
167.137,2026-06-26T00:06:18.915132,63046.148,91946.277,0.772,5732.04,5219.06,0.02,0.0
167.188,2026-06-26T00:06:18.966127,63046.148,91946.277,0.771,5732.041,5219.06,0.02,0.0
167.239,2026-06-26T00:06:19.017111,63046.148,91946.277,0.769,5732.042,5219.06,0.02,0.0
167.29,2026-06-26T00:06:19.068100,63046.148,91946.277,0.768,5732.043,5219.06,0.02,0.0
167.411,2026-06-26T00:06:19.188614,63046.152,91946.277,0.928,5732.385,5219.06,2.855,0.0
167.461,2026-06-26T00:06:19.239039,63046.156,91946.277,0.927,5732.386,5219.06,0.02,0.0
167.512,2026-06-26T00:06:19.289649,63046.156,91946.277,0.881,5732.387,5219.06,0.02,0.0
167.562,2026-06-26T00:06:19.340336,63046.145,91946.277,0.847,5732.388,5219.06,0.02,0.0
167.613,2026-06-26T00:06:19.391089,63046.172,91946.277,0.824,5732.389,5219.06,0.02,0.0
167.664,2026-06-26T00:06:19.441887,63045.531,91946.277,0.807,5732.39,5219.06,0.02,0.0
167.715,2026-06-26T00:06:19.492873,63045.531,91946.277,0.795,5732.391,5219.06,0.02,0.0
167.766,2026-06-26T00:06:19.543882,63045.52,91946.277,0.786,5732.392,5219.06,0.02,0.0
167.817,2026-06-26T00:06:19.594863,63044.84,91946.277,0.78,5732.393,5219.06,0.02,0.0
167.868,2026-06-26T00:06:19.645892,63044.242,91946.277,0.776,5732.394,5219.06,0.02,0.0
167.919,2026-06-26T00:06:19.696876,63044.242,91946.277,0.773,5732.395,5219.06,0.02,0.0
167.97,2026-06-26T00:06:19.747890,63044.242,91946.277,0.771,5732.396,5219.06,0.02,0.0
168.021,2026-06-26T00:06:19.798892,63044.242,91946.277,0.815,5732.397,5219.06,0.02,0.0
168.072,2026-06-26T00:06:19.849886,63044.242,91946.277,0.8,5732.398,5219.06,0.02,0.0
168.123,2026-06-26T00:06:19.900895,63044.242,91946.277,0.79,5732.399,5219.06,0.02,0.0
168.174,2026-06-26T00:06:19.951894,63044.242,91946.277,0.829,5732.4,5219.06,0.02,0.0
168.225,2026-06-26T00:06:20.002879,63044.242,91946.277,0.81,5732.401,5219.06,0.02,0.0
168.276,2026-06-26T00:06:20.053879,63044.23,91946.277,0.797,5732.402,5219.06,0.02,0.0
168.327,2026-06-26T00:06:20.104857,63044.234,91946.277,0.787,5732.403,5219.06,0.02,0.0
168.378,2026-06-26T00:06:20.155866,63044.234,91946.277,0.781,5732.404,5219.06,0.02,0.0
168.429,2026-06-26T00:06:20.206846,63044.234,91946.277,0.776,5732.405,5219.06,0.02,0.0
168.48,2026-06-26T00:06:20.257851,63044.234,91946.277,0.773,5732.406,5219.06,0.02,0.0
168.531,2026-06-26T00:06:20.308844,63044.211,91946.277,0.817,5732.407,5219.06,0.02,0.0
168.582,2026-06-26T00:06:20.359856,63044.211,91946.277,0.756,5732.408,5219.06,0.02,0.0
168.633,2026-06-26T00:06:20.410847,63044.227,91946.277,0.805,5732.409,5219.06,0.02,0.0
168.684,2026-06-26T00:06:20.461844,63044.227,91946.277,0.793,5732.41,5219.06,0.02,0.0
168.735,2026-06-26T00:06:20.512824,63044.23,91946.277,0.785,5732.411,5219.06,0.02,0.0
168.786,2026-06-26T00:06:20.563840,63044.23,91946.277,0.779,5732.412,5219.06,0.02,0.0
168.837,2026-06-26T00:06:20.614818,63044.23,91946.277,0.821,5732.413,5219.06,0.02,0.0
168.888,2026-06-26T00:06:20.665824,63044.23,91946.277,0.805,5732.414,5219.06,0.02,0.0
168.939,2026-06-26T00:06:20.716801,63044.23,91946.277,0.793,5732.415,5219.06,0.02,0.0
168.99,2026-06-26T00:06:20.767793,63044.23,91946.277,0.785,5732.416,5219.06,0.02,0.0
169.041,2026-06-26T00:06:20.818829,63044.234,91946.277,0.779,5732.417,5219.06,0.02,0.0
169.092,2026-06-26T00:06:20.869839,63044.234,91946.277,0.775,5732.418,5219.06,0.02,0.0
169.143,2026-06-26T00:06:20.920810,63044.234,91946.277,0.818,5732.419,5219.06,0.02,0.0
169.194,2026-06-26T00:06:20.971812,63047.09,91946.277,0.895,5732.42,5219.06,0.02,0.0
169.245,2026-06-26T00:06:21.022782,63047.098,91946.277,0.856,5732.421,5219.06,0.02,0.0
169.296,2026-06-26T00:06:21.073807,63046.781,91946.277,0.829,5732.422,5219.06,0.02,0.0
169.347,2026-06-26T00:06:21.124781,63046.781,91946.277,0.81,5732.423,5219.06,0.02,0.0
169.398,2026-06-26T00:06:21.175786,63046.781,91946.277,0.797,5732.424,5219.06,0.02,0.0
169.449,2026-06-26T00:06:21.226768,63046.781,91946.277,0.788,5732.425,5219.06,0.02,0.0
169.5,2026-06-26T00:06:21.277780,63046.781,91946.277,0.781,5732.426,5219.06,0.02,0.0
169.551,2026-06-26T00:06:21.328774,63046.781,91946.277,0.776,5732.427,5219.06,0.02,0.0
169.602,2026-06-26T00:06:21.379760,63046.773,91946.277,0.773,5732.428,5219.06,0.02,0.0
169.653,2026-06-26T00:06:21.430679,63046.758,91946.277,0.773,5732.429,5219.06,0.02,0.0
169.703,2026-06-26T00:06:21.481232,63046.773,91946.277,0.773,5732.43,5219.06,0.02,0.0
169.754,2026-06-26T00:06:21.531827,63046.773,91946.277,0.771,5732.431,5219.06,0.02,0.0
169.805,2026-06-26T00:06:21.582843,63046.773,91946.277,0.77,5732.432,5219.06,0.02,0.0
169.856,2026-06-26T00:06:21.633821,63046.773,91946.277,0.769,5732.433,5219.06,0.02,0.0
169.907,2026-06-26T00:06:21.684819,63046.773,91946.277,0.814,5732.434,5219.06,0.02,0.0
169.958,2026-06-26T00:06:21.735799,63046.781,91946.277,0.845,5732.435,5219.06,0.02,0.0
170.009,2026-06-26T00:06:21.786811,63046.785,91946.277,0.822,5732.436,5219.06,0.02,0.0
170.06,2026-06-26T00:06:21.837785,63046.785,91946.277,0.805,5732.437,5219.06,0.02,0.0
170.111,2026-06-26T00:06:21.888788,63046.789,91946.277,0.793,5732.438,5219.06,0.02,0.0
170.162,2026-06-26T00:06:21.939766,63046.789,91946.277,0.831,5732.439,5219.06,0.02,0.0
170.213,2026-06-26T00:06:21.990780,63050.301,91946.277,0.812,5732.44,5219.06,0.02,0.0
170.264,2026-06-26T00:06:22.041759,63050.301,91946.277,0.798,5732.441,5219.06,0.02,0.0
170.315,2026-06-26T00:06:22.092771,63050.301,91946.277,0.788,5732.442,5219.06,0.02,0.0
170.366,2026-06-26T00:06:22.143738,63050.301,91946.277,0.782,5732.443,5219.06,0.02,0.0
170.417,2026-06-26T00:06:22.194686,63050.301,91946.277,0.778,5732.444,5219.06,0.02,0.0
170.468,2026-06-26T00:06:22.245376,63050.301,91946.277,0.776,5732.446,5219.06,0.02,0.0
170.518,2026-06-26T00:06:22.296018,63050.301,91946.277,0.821,5732.447,5219.06,0.02,0.0
170.569,2026-06-26T00:06:22.346714,63050.301,91946.277,0.806,5732.448,5219.06,0.02,0.0
170.62,2026-06-26T00:06:22.397372,63050.301,91946.277,0.795,5732.449,5219.06,0.02,0.0
170.67,2026-06-26T00:06:22.448035,63050.301,91946.277,0.788,5732.45,5219.06,0.02,0.0
170.721,2026-06-26T00:06:22.498736,63050.301,91946.277,0.783,5732.451,5219.06,0.02,0.0
170.772,2026-06-26T00:06:22.549397,63050.301,91946.277,0.779,5732.452,5219.06,0.02,0.0
170.822,2026-06-26T00:06:22.600068,63057.82,91946.277,0.776,5732.453,5219.06,0.02,0.0
170.873,2026-06-26T00:06:22.650824,63057.824,91946.277,0.775,5732.454,5219.06,0.02,0.0
170.924,2026-06-26T00:06:22.701597,63057.418,91946.277,0.773,5732.455,5219.06,0.02,0.0
170.974,2026-06-26T00:06:22.752322,63056.973,91946.277,0.772,5732.456,5219.06,0.02,0.0
171.025,2026-06-26T00:06:22.803029,63056.973,91946.277,0.772,5732.457,5219.06,0.02,0.0
171.076,2026-06-26T00:06:22.853760,63056.91,91946.277,0.771,5732.458,5219.06,0.02,0.0
171.127,2026-06-26T00:06:22.904466,63060.914,91946.277,0.771,5732.459,5219.06,0.02,0.0
171.177,2026-06-26T00:06:22.955218,63064.488,91946.277,0.816,5732.46,5219.06,0.02,0.0
171.228,2026-06-26T00:06:23.006003,63055.672,91946.277,0.802,5732.461,5219.06,0.02,0.0
171.279,2026-06-26T00:06:23.056741,63054.461,91946.277,0.793,5732.462,5219.06,0.02,0.0
171.33,2026-06-26T00:06:23.107442,63053.613,91946.277,0.832,5732.463,5219.06,0.02,0.0
171.38,2026-06-26T00:06:23.158207,63052.727,91946.277,0.813,5732.464,5219.06,0.02,0.0
171.431,2026-06-26T00:06:23.208921,63052.727,91946.277,0.8,5732.465,5219.06,0.02,0.0
171.482,2026-06-26T00:06:23.259662,63052.207,91946.277,0.791,5732.466,5219.06,0.02,0.0
171.533,2026-06-26T00:06:23.310415,63051.969,91946.277,0.785,5732.467,5219.06,0.02,0.0
171.583,2026-06-26T00:06:23.361183,63044.5,91946.277,0.78,5732.468,5219.06,0.02,0.0
171.634,2026-06-26T00:06:23.411900,63044.504,91946.277,0.777,5732.469,5219.06,0.02,0.0
171.685,2026-06-26T00:06:23.462670,63044.504,91946.277,0.775,5732.47,5219.06,0.02,0.0
171.736,2026-06-26T00:06:23.513401,63044.504,91946.277,0.774,5732.471,5219.06,0.02,0.0
171.786,2026-06-26T00:06:23.564076,63044.504,91946.277,0.773,5732.472,5219.06,0.02,0.0
171.837,2026-06-26T00:06:23.614820,63044.504,91946.277,0.772,5732.473,5219.06,0.02,0.0
171.888,2026-06-26T00:06:23.665558,63044.504,91946.277,0.771,5732.474,5219.06,0.02,0.0
171.938,2026-06-26T00:06:23.716350,63044.504,91946.277,0.771,5732.475,5219.06,0.02,0.0
171.989,2026-06-26T00:06:23.767064,63044.504,91946.277,0.816,5732.476,5219.06,0.02,0.0
172.04,2026-06-26T00:06:23.817866,63044.504,91946.277,0.848,5732.477,5219.06,0.02,0.0
172.091,2026-06-26T00:06:23.868591,63044.504,91946.277,0.825,5732.478,5219.06,0.02,0.0
172.141,2026-06-26T00:06:23.919297,63044.504,91946.277,0.809,5732.479,5219.06,0.02,0.0
172.192,2026-06-26T00:06:23.969980,63044.414,91946.277,0.797,5732.48,5219.06,0.02,0.0
172.243,2026-06-26T00:06:24.020741,63044.414,91946.277,0.789,5732.481,5219.06,0.02,0.0
172.294,2026-06-26T00:06:24.071449,63043.699,91946.277,0.783,5732.482,5219.06,0.02,0.0
172.39,2026-06-26T00:06:24.167781,63043.699,91946.277,0.914,5732.825,5219.06,3.571,0.0
172.44,2026-06-26T00:06:24.218190,63042.672,91946.277,0.872,5732.826,5219.06,0.02,0.0
172.491,2026-06-26T00:06:24.268763,63039.129,91946.277,0.842,5732.827,5219.06,0.02,0.0
172.541,2026-06-26T00:06:24.319359,63039.129,91946.277,0.821,5732.828,5219.06,0.02,0.0
172.592,2026-06-26T00:06:24.369925,63039.129,91946.277,0.806,5732.829,5219.753,0.02,13.704
172.643,2026-06-26T00:06:24.420499,63039.129,91946.277,0.75,5732.83,5220.17,0.025,8.246
172.693,2026-06-26T00:06:24.471048,63039.129,91946.277,0.803,5732.831,5220.17,0.027,0.0
172.744,2026-06-26T00:06:24.521631,63039.129,91946.277,0.794,5732.832,5220.17,0.026,0.0
172.794,2026-06-26T00:06:24.572233,63039.129,91946.277,0.648,5732.889,5220.187,1.108,0.345
172.845,2026-06-26T00:06:24.622808,63039.129,91946.277,0.454,5732.89,5220.187,0.02,0.0
172.896,2026-06-26T00:06:24.673404,63039.129,91946.277,0.318,5732.891,5220.187,0.02,0.0
172.946,2026-06-26T00:06:24.723980,63039.129,91946.277,0.222,5732.991,5220.227,1.975,0.772
172.997,2026-06-26T00:06:24.774593,63039.129,91946.277,0.202,5732.992,5220.227,0.02,0.0
173.047,2026-06-26T00:06:24.825182,63039.129,91946.277,0.141,5732.993,5220.227,0.02,0.0
173.098,2026-06-26T00:06:24.875742,63039.129,91946.277,0.099,5733.016,5220.244,0.455,0.337
173.148,2026-06-26T00:06:24.926344,63039.129,91946.277,0.069,5733.104,5220.287,1.758,0.864
173.199,2026-06-26T00:06:24.976909,63033.824,91946.277,0.049,5733.193,5220.412,1.759,2.458
173.25,2026-06-26T00:06:25.027466,63033.824,91946.277,0.08,5733.413,5220.45,4.342,0.751
173.3,2026-06-26T00:06:25.078034,63033.824,91946.277,0.056,5733.425,5220.85,0.236,7.878
173.351,2026-06-26T00:06:25.128962,63026.152,91946.277,0.177,5733.85,5228.106,8.345,142.545
173.402,2026-06-26T00:06:25.179860,63091.422,98850.848,0.354,5733.851,5230.053,0.02,38.215
173.453,2026-06-26T00:06:25.230771,63287.078,102086.27,1.217,5733.852,5234.962,0.02,96.717
173.504,2026-06-26T00:06:25.281486,63373.023,102136.645,1.638,5733.853,5270.4,0.02,699.212
173.554,2026-06-26T00:06:25.332196,63262.355,102055.645,1.378,5733.854,5272.931,0.02,49.881
173.605,2026-06-26T00:06:25.382968,63254.945,102055.637,1.24,5733.855,5272.931,0.02,0.0
173.656,2026-06-26T00:06:25.433926,63370.316,102225.324,1.836,5733.856,5328.621,0.02,1094.747
173.707,2026-06-26T00:06:25.484788,63419.871,102229.051,2.114,5733.857,5348.871,0.02,398.106
173.758,2026-06-26T00:06:25.535681,63418.133,102157.051,2.355,5733.858,5365.957,0.02,335.598
173.809,2026-06-26T00:06:25.586606,63391.461,102172.238,2.892,5733.859,5388.738,0.02,447.127
173.86,2026-06-26T00:06:25.637558,63387.188,102187.426,3.22,5733.86,5449.418,0.02,1191.338
173.911,2026-06-26T00:06:25.688491,63385.66,102187.426,3.773,5733.861,5498.742,0.02,969.028
173.962,2026-06-26T00:06:25.739431,63390.133,102187.426,4.159,5733.862,5540.472,0.02,819.043
174.013,2026-06-26T00:06:25.790390,63387.148,102187.426,4.337,5733.863,5589.796,0.02,967.967
174.063,2026-06-26T00:06:25.841336,63376.953,102172.238,4.554,5733.864,5639.156,0.02,968.807
174.114,2026-06-26T00:06:25.892255,63372.883,102175.965,4.569,5733.865,5688.48,0.02,968.738
174.165,2026-06-26T00:06:25.943195,63375.324,102175.965,4.579,5733.866,5733.972,0.02,893.313
174.216,2026-06-26T00:06:25.994090,63381.055,102175.965,4.678,5733.867,5781.363,0.02,930.561
174.267,2026-06-26T00:06:26.045011,63397.691,102175.965,4.701,5733.868,5828.718,0.02,929.727
174.318,2026-06-26T00:06:26.095951,63380.777,102175.965,4.579,5733.869,5876.144,0.02,931.064
174.369,2026-06-26T00:06:26.146891,63371.168,102175.965,4.585,5733.87,5923.5,0.02,929.345
174.42,2026-06-26T00:06:26.197826,63386.504,102175.965,4.686,5733.871,5970.89,0.02,933.327
174.471,2026-06-26T00:06:26.248572,63397.473,102175.965,4.759,5733.872,6027.703,0.02,1119.747
174.521,2026-06-26T00:06:26.299340,63299.547,102138.137,3.885,5733.873,6075.023,0.02,931.588
174.572,2026-06-26T00:06:26.350086,63140.547,101270.168,2.996,5733.874,6093.937,0.02,372.82
174.623,2026-06-26T00:06:26.400841,63034.371,101044.496,2.328,5733.898,6107.372,0.482,264.713
174.674,2026-06-26T00:06:26.451583,63031.5,101044.496,1.815,5734.277,6107.773,7.465,7.911
174.724,2026-06-26T00:06:26.502332,63031.5,101044.496,1.547,5734.278,6107.773,0.02,0.0
174.775,2026-06-26T00:06:26.553041,63031.5,101044.496,1.314,5734.279,6107.773,0.02,0.0
174.826,2026-06-26T00:06:26.603799,63031.5,101044.496,1.151,5734.28,6107.773,0.02,0.0
174.877,2026-06-26T00:06:26.654526,63031.5,101044.496,1.037,5734.281,6107.773,0.02,0.0
174.927,2026-06-26T00:06:26.705240,63031.5,101044.496,0.957,5734.282,6107.773,0.02,0.0
174.978,2026-06-26T00:06:26.755958,63031.5,101044.496,0.901,5734.283,6107.773,0.02,0.0
175.028,2026-06-26T00:06:26.806205,62875.402,89683.812,0.63,5734.284,6107.773,0.017,0.004
175.187,2026-06-26T00:06:26.965235,61234.109,88042.355,0.677,5734.285,6107.781,0.008,0.05
175.188,2026-06-26T00:06:26.965639,61234.109,88042.355,0.474,5734.286,6107.781,2.587,0.0
175.188,2026-06-26T00:06:26.965812,61234.109,88042.355,0.332,5734.286,6107.781,3.304,0.0
175.188,2026-06-26T00:06:26.965998,61234.109,88042.355,0.232,5734.287,6107.781,2.868,0.0
175.188,2026-06-26T00:06:26.966134,61234.109,88042.355,16.885,5734.287,6107.781,3.847,0.0
175.188,2026-06-26T00:06:26.966265,61234.109,88042.355,11.819,5734.288,6107.781,4.387,0.0
175.189,2026-06-26T00:06:26.966394,61234.109,88042.355,8.273,5734.288,6107.781,4.173,0.0
175.189,2026-06-26T00:06:26.966503,61234.109,88042.355,5.791,5734.289,6107.781,4.89,0.0
175.189,2026-06-26T00:06:26.966606,61234.109,88042.355,4.054,5734.289,6107.781,5.311,0.0
175.189,2026-06-26T00:06:26.966765,61234.109,88042.355,2.838,5734.29,6107.781,3.171,0.0
175.189,2026-06-26T00:06:26.966882,61234.109,88042.355,1.986,5734.291,6107.781,4.693,0.0
175.194,2026-06-26T00:06:26.972258,61341.617,88149.863,14.693,5734.331,6107.781,7.274,0.0
175.195,2026-06-26T00:06:26.972565,61341.617,88149.863,10.285,5734.332,6107.781,4.383,0.0
175.195,2026-06-26T00:06:26.972765,61341.617,88149.863,7.199,5734.333,6107.781,4.681,0.0
175.195,2026-06-26T00:06:26.972949,61341.617,88149.863,5.04,5734.334,6107.781,5.74,0.0
175.195,2026-06-26T00:06:26.973165,61341.617,88149.863,33.528,5734.335,6107.781,4.108,0.0
175.195,2026-06-26T00:06:26.973343,61341.617,88149.863,23.469,5734.336,6107.781,5.236,0.0
175.21,2026-06-26T00:06:26.987502,61341.617,88149.863,21.216,5734.378,6107.781,2.987,0.0
175.306,2026-06-26T00:06:27.083613,61341.871,88149.863,21.432,5734.633,6107.781,2.646,0.003
175.521,2026-06-26T00:06:27.298629,61347.875,88150.863,25.556,5734.959,6107.781,1.516,0.0
175.633,2026-06-26T00:06:27.410502,61505.066,96342.867,29.434,5735.283,6107.782,2.906,0.003
175.733,2026-06-26T00:06:27.510546,62864.48,96342.867,35.713,5735.607,6107.782,3.237,0.0
175.835,2026-06-26T00:06:27.612561,64392.941,96342.867,40.139,5735.931,6107.782,3.174,0.0
175.937,2026-06-26T00:06:27.714660,65916.164,96342.867,43.202,5736.254,6107.782,3.172,0.0
176.037,2026-06-26T00:06:27.815196,67368.547,96342.867,45.393,5736.578,6107.782,3.22,0.0
176.138,2026-06-26T00:06:27.915847,68432.742,96342.867,42.398,5736.902,6107.782,3.219,0.0
176.228,2026-06-26T00:06:28.006083,68967.09,96342.867,35.288,5737.226,6107.782,3.588,0.0
176.279,2026-06-26T00:06:28.056457,69262.562,96342.867,29.852,5737.226,6107.782,0.01,0.0
176.369,2026-06-26T00:06:28.147086,69931.707,104534.871,29.029,5737.55,6107.782,3.582,0.0
176.42,2026-06-26T00:06:28.197463,70612.836,104534.871,35.163,5737.551,6107.782,0.01,0.0
176.522,2026-06-26T00:06:28.299490,72164.102,104534.871,39.751,5737.874,6107.782,3.172,0.0
176.621,2026-06-26T00:06:28.398949,73635.84,104534.871,42.887,5738.196,6107.782,3.248,0.0
176.671,2026-06-26T00:06:28.449318,74395.629,104534.871,45.203,5738.197,6107.782,0.01,0.0
176.763,2026-06-26T00:06:28.540731,75738.504,104534.871,46.658,5738.52,6107.782,3.54,0.0
176.813,2026-06-26T00:06:28.591104,76356.664,104534.871,45.331,5738.52,6107.782,0.01,0.0
176.904,2026-06-26T00:06:28.681971,76936.672,104534.871,37.75,5738.843,6107.782,3.562,0.0
176.954,2026-06-26T00:06:28.732345,77239.984,104534.871,31.856,5738.844,6107.782,0.01,0.0
177.045,2026-06-26T00:06:28.823065,77729.074,104534.871,27.059,5739.167,6107.782,3.568,0.0
177.096,2026-06-26T00:06:28.873420,77973.637,112726.875,32.655,5739.167,6107.782,0.011,0.0
177.186,2026-06-26T00:06:28.963700,79030.105,112726.875,37.9,5739.49,6107.782,3.582,0.0
177.236,2026-06-26T00:06:29.014063,79484.941,112726.875,41.727,5739.491,6107.782,0.01,0.0
177.327,2026-06-26T00:06:29.104435,80512.008,112726.875,44.263,5739.814,6107.782,3.581,0.0
177.377,2026-06-26T00:06:29.154794,81090.527,112726.875,45.848,5739.814,6107.782,0.01,0.0
177.468,2026-06-26T00:06:29.246032,82178.617,112726.875,47.342,5740.138,6107.782,3.548,0.0
177.519,2026-06-26T00:06:29.296408,82780.16,112726.875,48.001,5740.138,6107.782,0.01,0.0
177.61,2026-06-26T00:06:29.387739,83861.148,112726.875,47.55,5740.461,6107.782,3.544,0.0
177.66,2026-06-26T00:06:29.438108,84072.367,112726.875,41.27,5740.462,6107.782,0.01,0.0
177.751,2026-06-26T00:06:29.528511,84652.855,112726.875,36.054,5740.785,6107.782,3.582,0.0
177.801,2026-06-26T00:06:29.578877,85114.227,112726.875,32.339,5740.785,6107.782,0.01,0.0
177.892,2026-06-26T00:06:29.669766,85624.383,112726.875,29.429,5741.108,6107.782,3.564,0.0
177.942,2026-06-26T00:06:29.720108,85872.266,112726.875,25.062,5741.109,6107.782,0.011,0.0
178.039,2026-06-26T00:06:29.816639,86509.238,113302.887,29.012,5741.432,6107.782,3.351,0.006
178.089,2026-06-26T00:06:29.867069,86572.379,113366.891,33.174,5741.432,6107.782,0.01,0.0
178.183,2026-06-26T00:06:29.960892,87037.23,113750.902,33.664,5741.756,6107.782,3.458,0.0
178.233,2026-06-26T00:06:30.011242,88248.336,115030.922,38.098,5741.756,6107.782,0.01,0.0
178.325,2026-06-26T00:06:30.103102,87663.215,114518.914,31.089,5742.079,6107.782,3.527,0.0
178.376,2026-06-26T00:06:30.153436,87103.824,114006.906,21.995,5742.08,6107.782,0.011,0.0
178.477,2026-06-26T00:06:30.254594,86781.23,113494.898,23.557,5742.403,6107.782,3.203,0.0
178.644,2026-06-26T00:06:30.422034,86784.105,113497.898,24.276,5742.727,6107.782,1.928,0.0
178.775,2026-06-26T00:06:30.553127,86829.43,113543.223,30.307,5743.051,6107.782,2.481,0.0
178.876,2026-06-26T00:06:30.653503,87770.602,121735.227,34.533,5743.375,6107.782,3.231,0.0
178.966,2026-06-26T00:06:30.743798,89047.238,121735.227,39.228,5743.699,6107.782,3.588,0.0
179.016,2026-06-26T00:06:30.794214,89728.832,121735.227,42.554,5743.7,6107.782,0.01,0.0
179.125,2026-06-26T00:06:30.902756,91204.109,121735.227,44.861,5744.024,6107.782,2.993,0.0
179.224,2026-06-26T00:06:31.001809,92346.133,121735.227,44.635,5744.348,6107.782,3.273,0.0
179.274,2026-06-26T00:06:31.052168,92741.508,121735.227,40.91,5744.348,6107.782,0.011,0.0
179.364,2026-06-26T00:06:31.141551,93577.281,121735.227,37.98,5744.672,6107.782,3.631,0.0
179.414,2026-06-26T00:06:31.191912,94082.426,121735.227,34.252,5744.673,6107.782,0.011,0.0
179.503,2026-06-26T00:06:31.280617,94815.547,121735.227,30.112,5744.997,6107.782,3.656,0.0
179.553,2026-06-26T00:06:31.330975,95015.402,121735.227,23.912,5744.997,6107.782,0.011,0.0
179.662,2026-06-26T00:06:31.439561,96225.996,129927.23,30.303,5745.32,6107.782,2.979,0.0
179.767,2026-06-26T00:06:31.545299,97745.391,129927.23,36.371,5745.643,6107.782,3.055,0.0
179.873,2026-06-26T00:06:31.650887,99137.465,129927.23,40.467,5745.966,6107.782,3.06,0.0
179.974,2026-06-26T00:06:31.752032,100389.469,129927.23,42.418,5746.29,6107.782,3.195,0.0
180.063,2026-06-26T00:06:31.840986,101216.488,129927.23,39.1,5746.613,6107.782,3.632,0.0
180.113,2026-06-26T00:06:31.891350,101718.484,129927.23,36.847,5746.613,6107.782,0.011,0.0
180.202,2026-06-26T00:06:31.980124,102538.844,129927.23,33.694,5746.936,6107.782,3.645,0.0
180.253,2026-06-26T00:06:32.030497,102942.586,129927.23,28.975,5746.937,6107.782,0.011,0.0
180.347,2026-06-26T00:06:32.124955,103336.188,138119.234,28.378,5747.26,6107.782,3.433,0.0
180.397,2026-06-26T00:06:32.175322,103731.473,138119.234,34.935,5747.261,6107.782,0.01,0.0
180.512,2026-06-26T00:06:32.290077,105239.328,138119.234,39.652,5747.585,6107.782,2.824,0.0
180.626,2026-06-26T00:06:32.403423,106616.051,138119.234,42.844,5747.909,6107.782,2.863,0.0
180.743,2026-06-26T00:06:32.520373,107739.207,138119.234,45.121,5748.233,6107.782,2.77,0.0
180.848,2026-06-26T00:06:32.625871,108814.156,138119.234,45.345,5748.557,6107.782,3.076,0.0
180.937,2026-06-26T00:06:32.715124,109521.789,138119.234,41.247,5748.881,6107.782,3.631,0.0
180.988,2026-06-26T00:06:32.765488,109873.332,138119.234,37.094,5748.882,6107.782,0.011,0.0
181.085,2026-06-26T00:06:32.862688,110539.543,138119.234,33.884,5749.206,6107.782,3.341,0.0
181.135,2026-06-26T00:06:32.913043,110848.156,138119.234,30.222,5749.206,6107.782,0.011,0.0
181.224,2026-06-26T00:06:33.001434,111302.492,138119.234,25.748,5749.531,6107.782,3.674,0.0
181.274,2026-06-26T00:06:33.051746,111723.039,138631.242,24.164,5749.531,6107.782,0.011,0.0
181.38,2026-06-26T00:06:33.157995,112044.848,138759.25,30.127,5749.855,6107.782,3.052,0.0
181.48,2026-06-26T00:06:33.258154,112548.324,139399.266,31.648,5750.179,6107.782,3.23,0.0
181.572,2026-06-26T00:06:33.349515,113453.488,140167.277,31.557,5750.502,6107.782,3.532,0.0
181.623,2026-06-26T00:06:33.400645,112832.832,139660.27,24.75,5750.502,6107.782,0.01,0.0
181.72,2026-06-26T00:06:33.497905,112179.074,138892.258,23.26,5750.826,6107.782,3.33,0.0
181.77,2026-06-26T00:06:33.548276,112179.074,138892.258,16.514,5750.826,6107.782,0.01,0.0
181.86,2026-06-26T00:06:33.638314,112179.074,138892.258,11.925,5751.149,6107.782,3.599,0.0
181.911,2026-06-26T00:06:33.688707,112179.074,138892.258,8.579,5751.15,6107.782,0.01,0.0
182.001,2026-06-26T00:06:33.778818,112179.074,138892.258,6.318,5751.473,6107.782,3.596,0.0
182.051,2026-06-26T00:06:33.829204,112179.074,138892.258,4.655,5751.474,6107.782,0.01,0.0
182.141,2026-06-26T00:06:33.919245,112179.074,138892.258,3.597,5751.797,6107.782,3.599,0.0
182.192,2026-06-26T00:06:33.969636,112179.074,138892.258,2.796,5751.797,6107.782,0.01,0.0
182.282,2026-06-26T00:06:34.060042,112179.074,138892.258,2.295,5752.121,6107.782,3.584,0.0
182.333,2026-06-26T00:06:34.110436,112179.074,138892.258,1.839,5752.121,6107.782,0.011,0.0
182.43,2026-06-26T00:06:34.207689,112179.074,138892.258,1.625,5752.444,6107.782,3.33,0.0
182.48,2026-06-26T00:06:34.258069,112179.074,138892.258,1.416,5752.445,6107.782,0.011,0.0
182.57,2026-06-26T00:06:34.347507,112179.074,138892.258,1.306,5752.768,6107.782,3.621,0.0
182.62,2026-06-26T00:06:34.397865,112179.074,138892.258,1.146,5752.769,6107.782,0.011,0.0
182.709,2026-06-26T00:06:34.486909,112179.074,138892.258,1.145,5753.092,6107.782,3.637,0.0
182.759,2026-06-26T00:06:34.537261,112179.074,138892.258,1.034,5753.092,6107.782,0.011,0.0
182.848,2026-06-26T00:06:34.626122,112179.074,138892.258,1.067,5753.416,6107.782,3.644,0.0
182.899,2026-06-26T00:06:34.676496,112179.074,138892.258,0.932,5753.416,6107.782,0.01,0.0
182.989,2026-06-26T00:06:34.766622,112179.074,138892.258,0.991,5753.739,6107.782,3.599,0.0
283.02,2026-06-26T00:08:14.797487,111535.695,138616.254,1.324,5754.46,64034.038,0.007,579.084
283.122,2026-06-26T00:08:14.899638,110350.535,138616.254,1.294,5754.784,64034.038,3.176,0.0
283.21,2026-06-26T00:08:14.987645,109343.695,138616.254,1.225,5755.108,64034.038,3.684,0.0
283.26,2026-06-26T00:08:15.037974,108797.34,138616.254,1.09,5755.108,64034.038,0.011,0.0
283.355,2026-06-26T00:08:15.132412,107698.738,138616.254,1.111,5755.433,64034.038,3.439,0.0
283.405,2026-06-26T00:08:15.182740,107130.496,138616.254,1.01,5755.433,64034.038,0.011,0.0
283.496,2026-06-26T00:08:15.273586,106069.777,138616.254,1.043,5755.757,64034.038,3.575,0.0
283.546,2026-06-26T00:08:15.323887,105463.652,138616.254,0.963,5755.758,64034.038,0.011,0.0
283.635,2026-06-26T00:08:15.412855,104413.695,138616.254,1.017,5756.083,64034.038,3.659,0.0
283.685,2026-06-26T00:08:15.463185,103872.574,138616.254,0.944,5756.084,64034.038,0.011,0.0
283.774,2026-06-26T00:08:15.552245,102925.352,130168.234,0.977,5756.409,64034.038,3.655,0.0
283.825,2026-06-26T00:08:15.602574,102455.684,130168.234,0.916,5756.409,64034.038,0.011,0.0
283.914,2026-06-26T00:08:15.691887,101479.684,130168.234,1.009,5756.734,64034.038,3.646,0.0
283.964,2026-06-26T00:08:15.742225,100955.445,130168.234,0.939,5756.735,64034.038,0.011,0.0
284.053,2026-06-26T00:08:15.830912,100084.141,130168.234,1.001,5757.061,64034.038,3.678,0.0
284.103,2026-06-26T00:08:15.881236,99495.684,130168.234,0.933,5757.061,64034.038,0.011,0.0
284.193,2026-06-26T00:08:15.970434,98606.711,130168.234,0.969,5757.387,64034.038,3.657,0.0
284.243,2026-06-26T00:08:16.020766,98045.684,130168.234,0.911,5757.387,64034.038,0.011,0.0
284.332,2026-06-26T00:08:16.109488,97101.684,130168.234,0.981,5757.713,64034.038,3.679,0.0
284.382,2026-06-26T00:08:16.159813,96598.922,130168.234,0.919,5757.714,64034.038,0.011,0.0
284.477,2026-06-26T00:08:16.254713,95613.969,130168.234,0.99,5758.04,64034.038,3.44,0.0
284.527,2026-06-26T00:08:16.305039,95112.176,121976.23,0.972,5758.04,64034.038,0.011,0.0
284.616,2026-06-26T00:08:16.393786,94183.676,121976.23,0.997,5758.365,64034.038,3.67,0.0
284.666,2026-06-26T00:08:16.444113,93596.863,121976.23,0.931,5758.366,64034.038,0.011,0.0
284.755,2026-06-26T00:08:16.532809,92649.793,121976.23,0.995,5758.691,64034.038,3.672,0.0
284.805,2026-06-26T00:08:16.583158,92119.434,121976.23,0.929,5758.692,64034.038,0.011,0.0
284.894,2026-06-26T00:08:16.671986,91143.676,121976.23,0.994,5759.016,64034.038,3.659,0.0
284.944,2026-06-26T00:08:16.722322,90657.676,121976.23,0.928,5759.017,64034.038,0.011,0.0
285.033,2026-06-26T00:08:16.811025,89669.676,121976.23,0.967,5759.341,64034.038,3.664,0.0
285.083,2026-06-26T00:08:16.861362,89088.809,121976.23,0.909,5759.342,64034.038,0.011,0.0
285.172,2026-06-26T00:08:16.950004,88141.738,121976.23,0.981,5759.666,64034.038,3.666,0.0
285.222,2026-06-26T00:08:17.000355,87595.676,121976.23,0.919,5759.667,64034.038,0.011,0.0
285.312,2026-06-26T00:08:17.089676,86739.934,113528.223,0.985,5759.991,64034.038,3.639,0.0
285.362,2026-06-26T00:08:17.140012,86180.867,113272.219,0.922,5759.992,64034.038,0.011,0.0
285.452,2026-06-26T00:08:17.229438,85385.328,113272.219,0.986,5760.317,64034.038,3.646,0.0
285.502,2026-06-26T00:08:17.279779,84817.086,113272.219,0.923,5760.318,64034.038,0.011,0.0
285.592,2026-06-26T00:08:17.369593,83969.684,113272.219,0.985,5760.643,64034.038,3.63,0.0
285.642,2026-06-26T00:08:17.419938,83491.188,113272.219,0.922,5760.644,64034.038,0.011,0.0
285.733,2026-06-26T00:08:17.511298,82585.684,113272.219,0.979,5760.969,64034.038,3.567,0.0
285.784,2026-06-26T00:08:17.561714,82179.684,113272.219,0.918,5760.97,64034.038,0.011,0.0
285.873,2026-06-26T00:08:17.651167,81293.984,113272.219,0.983,5761.295,64034.038,3.645,0.0
285.924,2026-06-26T00:08:17.701497,80869.684,113272.219,0.921,5761.296,64034.038,0.011,0.0
286.013,2026-06-26T00:08:17.791072,79930.203,113272.219,0.985,5761.621,64034.038,3.639,0.0
286.064,2026-06-26T00:08:17.841429,79447.684,113272.219,0.922,5761.622,64034.038,0.011,0.0
286.154,2026-06-26T00:08:17.931757,78642.188,113272.219,0.983,5761.948,64034.038,3.614,0.0
286.204,2026-06-26T00:08:17.982105,78144.672,104888.203,0.92,5761.948,64034.038,0.011,0.0
286.293,2026-06-26T00:08:18.070762,77354.02,104824.199,0.988,5762.274,64034.038,3.678,0.0
286.343,2026-06-26T00:08:18.121103,76975.191,104824.199,0.924,5762.274,64034.038,0.011,0.0
286.433,2026-06-26T00:08:18.210700,76149.672,104824.199,0.987,5762.599,64034.038,3.629,0.0
286.483,2026-06-26T00:08:18.261047,75767.672,104824.199,0.923,5762.599,64034.038,0.011,0.0
286.572,2026-06-26T00:08:18.350342,75005.285,104824.199,0.988,5762.925,64034.038,3.652,0.0
286.623,2026-06-26T00:08:18.400678,74626.457,104824.199,0.924,5762.925,64034.038,0.011,0.0
286.712,2026-06-26T00:08:18.489577,73906.684,104824.199,0.99,5763.252,64034.038,3.688,0.0
286.762,2026-06-26T00:08:18.539899,73527.855,104824.199,0.925,5763.253,64034.038,0.011,0.0
286.851,2026-06-26T00:08:18.628796,72751.672,104824.199,0.964,5763.581,64034.038,3.702,0.0
286.901,2026-06-26T00:08:18.679129,72379.672,104824.199,0.954,5763.582,64034.038,0.011,0.0
286.994,2026-06-26T00:08:18.771738,71589.672,104824.199,0.997,5763.91,64034.038,3.551,0.0
287.044,2026-06-26T00:08:18.822121,71217.004,104824.199,0.93,5763.911,64034.038,0.011,0.0
287.134,2026-06-26T00:08:18.911615,70487.672,104824.199,0.992,5764.239,64034.038,3.677,0.0
287.184,2026-06-26T00:08:18.961955,70103.672,104824.199,0.973,5764.24,64034.038,0.011,0.0
287.274,2026-06-26T00:08:19.051992,69313.547,96632.195,0.994,5764.568,64034.038,3.655,0.0
287.324,2026-06-26T00:08:19.102341,68934.719,96632.195,0.928,5764.569,64034.038,0.011,0.0
287.415,2026-06-26T00:08:19.192425,68139.18,96632.195,1.014,5764.897,64034.038,3.652,0.0
287.465,2026-06-26T00:08:19.242763,67733.664,96632.195,0.942,5764.898,64034.038,0.011,0.0
287.555,2026-06-26T00:08:19.332717,66959.664,96632.195,0.999,5765.225,64034.038,3.647,0.0
287.605,2026-06-26T00:08:19.383046,66585.664,96632.195,0.931,5765.226,64034.038,0.011,0.0
287.694,2026-06-26T00:08:19.472031,65790.445,96632.195,0.968,5765.551,64034.038,3.667,0.0
287.745,2026-06-26T00:08:19.522373,65411.617,96632.195,0.91,5765.552,64034.038,0.011,0.0
287.833,2026-06-26T00:08:19.611028,64601.664,96632.195,0.981,5765.878,64034.038,3.679,0.0
287.884,2026-06-26T00:08:19.661365,64199.367,96632.195,0.919,5765.878,64034.038,0.011,0.0
287.972,2026-06-26T00:08:19.750244,63365.945,96632.195,0.987,5766.204,64034.038,3.67,0.0
288.023,2026-06-26T00:08:19.800569,62987.117,96632.195,0.923,5766.204,64034.038,0.011,0.0
288.112,2026-06-26T00:08:19.890158,62215.664,96632.195,0.987,5766.53,64034.038,3.643,0.0
288.163,2026-06-26T00:08:19.940480,61812.75,96632.195,0.923,5766.531,64034.038,0.011,0.0
288.206,2026-06-26T00:08:19.984339,61471.664,88184.188,0.905,5766.531,64034.038,0.011,0.0
288.213,2026-06-26T00:08:19.990475,61471.664,88184.188,1.02,5766.532,64034.038,0.145,0.0
288.219,2026-06-26T00:08:19.996481,61471.664,88184.188,0.714,5766.533,64034.038,0.091,0.0
288.224,2026-06-26T00:08:20.002314,61471.664,88184.188,0.901,5766.533,64034.038,0.128,0.0
288.229,2026-06-26T00:08:20.007327,61471.664,88184.188,0.63,5768.194,64034.038,587.789,0.0
288.23,2026-06-26T00:08:20.007934,61471.664,88184.188,0.441,5768.195,64034.038,2.95,0.0
288.238,2026-06-26T00:08:20.015729,61471.664,88184.188,0.61,5768.196,64034.038,0.128,0.0
288.238,2026-06-26T00:08:20.016085,61471.664,88184.188,0.427,5768.197,64034.038,3.064,0.0
288.292,2026-06-26T00:08:20.069687,61471.664,88184.188,0.517,5768.202,64035.704,0.093,30.985
288.564,2026-06-26T00:08:20.342126,61471.664,88184.188,0.603,5768.237,64035.709,0.127,0.016
288.579,2026-06-26T00:08:20.356585,61364.156,88076.68,0.91,5768.292,64035.709,3.848,0.0
288.579,2026-06-26T00:08:20.357047,61364.156,88076.68,0.637,5768.293,64035.709,2.363,0.0
288.586,2026-06-26T00:08:20.363367,61364.156,88076.68,0.446,5769.962,64035.709,261.752,0.0
288.586,2026-06-26T00:08:20.363776,61364.156,88076.68,0.312,5769.963,64035.709,2.389,0.0
288.586,2026-06-26T00:08:20.364123,61364.156,88076.68,0.219,5769.963,64035.709,2.052,0.0
288.588,2026-06-26T00:08:20.366248,61364.156,88076.68,0.153,5771.631,64035.709,765.641,0.0
288.636,2026-06-26T00:08:20.414188,61364.156,88076.68,0.4,5771.823,64035.709,4.006,0.012
288.642,2026-06-26T00:08:20.420035,61364.156,88076.68,0.28,5771.859,64035.709,6.043,0.0
288.734,2026-06-26T00:08:20.512000,61439.824,103597.621,0.298,5773.883,64035.713,22.035,0.045
288.785,2026-06-26T00:08:20.562382,61453.012,103607.621,0.44,5773.884,64035.725,0.02,0.232
288.835,2026-06-26T00:08:20.612960,61454.051,103607.621,0.54,5773.885,64035.725,0.025,0.001
288.886,2026-06-26T00:08:20.663551,61454.41,103607.621,0.563,5773.886,64035.758,0.02,0.643
288.936,2026-06-26T00:08:20.714103,61454.586,103607.621,0.673,5773.887,64035.758,0.02,0.0
288.987,2026-06-26T00:08:20.764685,61461.559,103619.621,0.702,5773.888,64035.758,0.02,0.0
289.038,2026-06-26T00:08:20.815409,61461.559,103619.621,0.722,5773.889,64035.789,0.02,0.609
289.089,2026-06-26T00:08:20.866403,61472.441,103633.625,0.736,5773.89,64035.789,0.02,0.0
289.139,2026-06-26T00:08:20.916936,61472.559,103633.621,0.793,5773.891,64035.789,0.02,0.0
289.19,2026-06-26T00:08:20.967568,61472.625,103633.621,0.832,5773.892,64035.789,0.02,0.0
289.241,2026-06-26T00:08:21.018511,61464.914,103633.621,0.859,5773.893,64035.789,0.02,0.0
289.292,2026-06-26T00:08:21.069419,61464.922,103633.621,0.831,5773.894,64035.789,0.02,0.0
289.342,2026-06-26T00:08:21.120296,61464.922,103633.621,0.813,5773.895,64035.789,0.02,0.0
289.393,2026-06-26T00:08:21.170858,61464.922,103633.621,0.8,5773.896,64035.789,0.02,0.0
289.444,2026-06-26T00:08:21.221770,61464.922,103633.621,0.79,5773.897,64035.789,0.02,0.0
289.495,2026-06-26T00:08:21.272666,61465.863,103633.621,0.783,5773.898,64035.789,0.024,0.005
289.546,2026-06-26T00:08:21.323575,61466.84,103633.621,0.779,5773.899,64035.789,0.02,0.0
289.597,2026-06-26T00:08:21.374470,61471.328,103633.621,0.775,5773.9,64035.789,0.02,0.0
289.648,2026-06-26T00:08:21.425396,61472.48,103633.621,0.773,5773.901,64035.789,0.02,0.0
289.698,2026-06-26T00:08:21.476310,61472.625,103633.621,0.771,5773.902,64035.789,0.02,0.0
289.749,2026-06-26T00:08:21.527200,61472.625,103633.621,0.77,5773.903,64035.789,0.02,0.0
289.8,2026-06-26T00:08:21.578109,61497.164,103649.621,0.769,5773.904,64035.789,0.02,0.0
289.851,2026-06-26T00:08:21.629010,61528.258,103693.621,0.815,5773.905,64035.789,0.02,0.0
289.902,2026-06-26T00:08:21.679909,61545.332,103693.621,0.801,5773.906,64035.789,0.02,0.0
289.953,2026-06-26T00:08:21.730797,61561.387,103721.621,0.745,5773.907,64035.789,0.02,0.0
290.004,2026-06-26T00:08:21.781710,61579.422,103753.621,0.797,5773.908,64035.789,0.02,0.0
290.055,2026-06-26T00:08:21.832650,61593.898,103753.621,0.788,5773.909,64035.789,0.02,0.0
290.106,2026-06-26T00:08:21.883574,61611.855,103793.621,0.782,5773.91,64035.789,0.02,0.0
290.157,2026-06-26T00:08:21.934510,61629.816,103793.621,0.778,5773.911,64035.789,0.02,0.0
290.208,2026-06-26T00:08:21.985415,61642.598,103793.621,0.774,5773.912,64035.789,0.02,0.0
290.259,2026-06-26T00:08:22.036366,61649.535,103841.621,0.772,5773.913,64035.789,0.02,0.0
290.309,2026-06-26T00:08:22.087258,61649.738,103841.621,0.771,5773.914,64035.789,0.02,0.0
290.36,2026-06-26T00:08:22.138184,61661.328,103841.621,0.862,5773.915,64035.789,0.02,0.0
290.411,2026-06-26T00:08:22.189058,61699.414,103897.621,0.834,5773.916,64035.789,0.02,0.0
290.462,2026-06-26T00:08:22.239738,61727.625,103897.621,0.768,5773.917,64035.789,0.02,0.0
290.513,2026-06-26T00:08:22.290795,61729.16,103897.621,0.814,5773.918,64035.789,0.02,0.0
290.564,2026-06-26T00:08:22.341515,61730.945,103897.621,0.801,5773.919,64035.789,0.02,0.0
290.614,2026-06-26T00:08:22.392232,61730.945,103897.621,0.792,5773.92,64035.789,0.02,0.0
290.665,2026-06-26T00:08:22.442938,61730.664,103897.621,0.785,5773.921,64035.789,0.02,0.0
290.716,2026-06-26T00:08:22.493664,61730.664,103897.621,0.827,5773.922,64035.789,0.02,0.0
290.767,2026-06-26T00:08:22.544380,61741.23,103897.621,0.81,5773.923,64035.789,0.02,0.0
290.817,2026-06-26T00:08:22.595080,61773.09,103961.621,0.798,5773.924,64035.789,0.02,0.0
290.868,2026-06-26T00:08:22.645823,61787.145,103961.621,0.79,5773.925,64035.789,0.02,0.0
290.919,2026-06-26T00:08:22.696560,61787.145,103961.621,0.783,5773.926,64035.789,0.02,0.0
290.97,2026-06-26T00:08:22.747490,61788.895,103961.621,0.778,5773.927,64035.789,0.02,0.0
291.021,2026-06-26T00:08:22.798446,61788.496,103961.621,0.775,5773.928,64035.789,0.02,0.0
291.072,2026-06-26T00:08:22.849428,61797.52,103961.621,0.818,5773.929,64035.789,0.02,0.0
291.122,2026-06-26T00:08:22.900311,61797.0,103961.621,0.803,5773.93,64035.789,0.02,0.0
291.173,2026-06-26T00:08:22.951188,61797.0,103961.621,0.793,5773.931,64035.789,0.02,0.0
291.224,2026-06-26T00:08:23.002065,61797.062,103961.621,0.785,5773.932,64035.789,0.02,0.0
291.275,2026-06-26T00:08:23.052990,61799.07,103961.621,0.78,5773.933,64035.789,0.02,0.0
291.326,2026-06-26T00:08:23.103869,61798.566,103961.621,0.777,5773.934,64035.789,0.02,0.0
291.377,2026-06-26T00:08:23.154416,61801.98,103961.621,0.776,5773.935,64035.789,0.02,0.0
291.427,2026-06-26T00:08:23.204921,61801.98,103961.621,0.775,5773.936,64035.789,0.02,0.0
291.478,2026-06-26T00:08:23.255517,61803.066,103961.621,0.819,5773.937,64035.789,0.02,0.0
291.529,2026-06-26T00:08:23.306568,61802.152,103961.621,0.848,5773.938,64035.789,0.02,0.0
291.58,2026-06-26T00:08:23.357648,61816.738,104041.621,0.778,5773.939,64035.789,0.02,0.0
291.631,2026-06-26T00:08:23.408678,61816.789,104041.621,0.774,5773.94,64035.789,0.02,0.0
291.682,2026-06-26T00:08:23.459753,61819.176,104041.621,0.817,5773.941,64035.789,0.02,0.0
291.733,2026-06-26T00:08:23.510777,61825.191,104041.621,0.802,5773.942,64035.789,0.02,0.0
291.784,2026-06-26T00:08:23.561837,61819.191,104041.621,0.791,5773.943,64035.789,0.02,0.0
291.835,2026-06-26T00:08:23.612867,61831.121,104041.621,0.783,5773.944,64035.789,0.02,0.0
291.886,2026-06-26T00:08:23.663913,61839.098,104041.621,0.778,5773.945,64035.789,0.02,0.0
291.937,2026-06-26T00:08:23.714965,61831.098,104041.621,0.774,5773.946,64035.789,0.02,0.0
291.988,2026-06-26T00:08:23.766029,61831.098,104041.621,0.771,5773.947,64035.789,0.02,0.0
292.039,2026-06-26T00:08:23.817009,61831.098,104041.621,0.771,5773.948,64035.789,0.02,0.0
292.09,2026-06-26T00:08:23.867599,61831.098,104041.621,0.77,5773.949,64035.789,0.02,0.0
292.141,2026-06-26T00:08:23.918618,61833.164,104041.621,0.769,5773.95,64035.789,0.02,0.0
292.192,2026-06-26T00:08:23.969701,61837.742,104041.621,0.813,5773.951,64035.789,0.02,0.0
292.243,2026-06-26T00:08:24.020761,61837.742,104041.621,0.845,5773.952,64035.789,0.02,0.0
292.294,2026-06-26T00:08:24.071820,61838.402,104041.621,0.821,5773.953,64035.789,0.02,0.0
292.345,2026-06-26T00:08:24.122845,61838.359,104041.621,0.85,5773.954,64035.789,0.02,0.0
292.396,2026-06-26T00:08:24.173907,61838.227,104041.621,0.825,5773.955,64035.789,0.02,0.0
292.447,2026-06-26T00:08:24.224925,61838.227,104041.621,0.807,5773.956,64035.789,0.02,0.0
292.498,2026-06-26T00:08:24.275972,61840.289,104041.621,0.795,5773.957,64035.789,0.02,0.0
292.549,2026-06-26T00:08:24.326991,61840.77,104041.621,0.832,5773.958,64035.789,0.02,0.0
292.6,2026-06-26T00:08:24.378035,61843.188,104041.621,0.812,5773.959,64035.789,0.02,0.0
292.651,2026-06-26T00:08:24.429062,61844.324,104041.621,0.798,5773.96,64035.789,0.02,0.0
292.702,2026-06-26T00:08:24.480088,61838.219,104041.621,0.788,5773.961,64035.789,0.02,0.0
292.753,2026-06-26T00:08:24.531112,61838.219,104041.621,0.817,5773.962,64035.789,0.016,0.0
292.815,2026-06-26T00:08:24.593022,61841.25,104041.621,0.801,5773.963,64035.789,0.02,0.0
292.866,2026-06-26T00:08:24.644073,61840.867,104041.621,0.79,5773.964,64035.789,0.02,0.0
292.917,2026-06-26T00:08:24.695117,61848.879,104041.621,0.829,5773.965,64035.789,0.02,0.0
292.968,2026-06-26T00:08:24.746199,61848.879,104041.621,0.81,5773.966,64035.789,0.02,0.0
293.019,2026-06-26T00:08:24.797195,61848.879,104041.621,0.842,5773.967,64035.789,0.02,0.0
293.07,2026-06-26T00:08:24.848199,61854.895,104041.621,0.821,5773.968,64035.789,0.02,0.0
293.121,2026-06-26T00:08:24.898892,61837.852,104041.621,0.804,5773.969,64035.789,0.02,0.0
293.172,2026-06-26T00:08:24.949886,61838.988,104041.621,0.793,5773.97,64035.789,0.02,0.0
293.223,2026-06-26T00:08:25.000868,61838.988,104041.621,0.785,5773.971,64035.789,0.02,0.0
293.274,2026-06-26T00:08:25.051833,61839.488,104041.621,0.779,5773.972,64035.789,0.02,0.0
293.325,2026-06-26T00:08:25.102837,61839.488,104041.621,0.775,5773.973,64035.789,0.02,0.0
293.376,2026-06-26T00:08:25.153809,61839.055,104041.621,0.818,5773.974,64035.789,0.02,0.0
293.427,2026-06-26T00:08:25.204799,61839.055,104041.621,0.803,5773.975,64035.789,0.02,0.0
293.478,2026-06-26T00:08:25.255757,61841.113,104041.621,0.792,5773.976,64035.789,0.02,0.0
293.529,2026-06-26T00:08:25.306734,61841.113,104041.621,0.784,5773.977,64035.789,0.02,0.0
293.58,2026-06-26T00:08:25.357699,61843.117,104041.621,0.779,5773.978,64035.789,0.02,0.0
293.631,2026-06-26T00:08:25.408681,61843.117,104041.621,0.775,5773.979,64035.789,0.02,0.0
293.682,2026-06-26T00:08:25.459628,61839.031,104041.621,0.818,5773.98,64035.789,0.02,0.0
293.803,2026-06-26T00:08:25.580539,61840.832,104041.621,0.923,5774.328,64035.789,2.886,0.0
293.853,2026-06-26T00:08:25.630936,61844.836,104041.621,0.878,5774.329,64035.789,0.02,0.0
293.904,2026-06-26T00:08:25.681520,61844.344,104041.621,0.846,5774.33,64035.789,0.02,0.0
293.954,2026-06-26T00:08:25.732120,61848.348,104041.621,0.87,5774.331,64035.789,0.02,0.0
294.005,2026-06-26T00:08:25.782867,61848.348,104041.621,0.84,5774.332,64035.789,0.02,0.0
294.056,2026-06-26T00:08:25.833637,61848.348,104041.621,0.818,5774.333,64035.789,0.02,0.0
294.107,2026-06-26T00:08:25.884646,61843.352,104041.621,0.802,5774.334,64035.789,0.02,0.0
294.158,2026-06-26T00:08:25.935624,61843.414,104041.621,0.791,5774.335,64035.789,0.02,0.0
294.209,2026-06-26T00:08:25.986666,61842.953,104041.621,0.784,5774.336,64035.789,0.02,0.0
294.26,2026-06-26T00:08:26.037638,61841.898,104041.621,0.778,5774.337,64035.789,0.02,0.0
294.311,2026-06-26T00:08:26.088635,61841.898,104041.621,0.821,5774.338,64035.789,0.02,0.0
294.362,2026-06-26T00:08:26.139604,61841.898,104041.621,0.804,5774.339,64035.789,0.02,0.0
294.413,2026-06-26T00:08:26.190612,61841.961,104041.621,0.839,5774.34,64035.789,0.02,0.0
294.464,2026-06-26T00:08:26.241599,61840.883,104041.621,0.817,5774.341,64035.789,0.02,0.0
294.515,2026-06-26T00:08:26.292611,61840.887,104041.621,0.802,5774.342,64035.789,0.02,0.0
294.566,2026-06-26T00:08:26.343568,61840.887,104041.621,0.792,5774.343,64035.789,0.02,0.0
294.616,2026-06-26T00:08:26.394180,61846.906,104041.621,0.785,5774.344,64035.789,0.02,0.0
294.667,2026-06-26T00:08:26.445093,61846.906,104041.621,0.78,5774.345,64035.789,0.02,0.0
294.718,2026-06-26T00:08:26.496005,61846.906,104041.621,0.776,5774.346,64035.789,0.02,0.0
294.769,2026-06-26T00:08:26.546934,61838.891,104041.621,0.819,5774.347,64035.789,0.02,0.0
294.82,2026-06-26T00:08:26.597849,61838.891,104041.621,0.804,5774.348,64035.789,0.02,0.0
294.871,2026-06-26T00:08:26.648788,61846.398,104041.621,0.793,5774.349,64035.789,0.02,0.0
294.922,2026-06-26T00:08:26.699713,61846.398,104041.621,0.785,5774.35,64035.789,0.02,0.0
294.973,2026-06-26T00:08:26.750672,61846.398,104041.621,0.779,5774.351,64035.789,0.02,0.0
295.024,2026-06-26T00:08:26.801606,61846.398,104041.621,0.776,5774.352,64035.789,0.02,0.0
295.075,2026-06-26T00:08:26.852542,61849.402,104041.621,0.773,5774.353,64035.789,0.02,0.0
295.126,2026-06-26T00:08:26.903467,61849.402,104041.621,0.817,5774.354,64035.789,0.02,0.0
295.177,2026-06-26T00:08:26.954466,61849.402,104041.621,0.802,5774.355,64035.789,0.02,0.0
295.228,2026-06-26T00:08:27.005375,61849.402,104041.621,0.837,5774.356,64035.789,0.02,0.0
295.278,2026-06-26T00:08:27.056289,61855.68,104041.621,0.863,5774.357,64035.789,0.02,0.0
295.329,2026-06-26T00:08:27.107187,61858.691,104041.621,0.834,5774.358,64035.789,0.02,0.0
295.38,2026-06-26T00:08:27.158087,61860.699,104041.621,0.814,5774.359,64035.789,0.02,0.0
295.431,2026-06-26T00:08:27.209009,61873.145,104041.621,0.754,5774.36,64035.789,0.02,0.0
295.482,2026-06-26T00:08:27.259917,61856.113,104041.621,0.758,5774.361,64035.789,0.02,0.0
295.533,2026-06-26T00:08:27.310847,61854.945,104041.621,0.761,5774.362,64035.789,0.02,0.0
295.584,2026-06-26T00:08:27.361759,61854.945,104041.621,0.763,5774.363,64035.789,0.02,0.0
295.635,2026-06-26T00:08:27.412667,61854.949,104041.621,0.81,5774.364,64035.789,0.02,0.0
295.686,2026-06-26T00:08:27.463581,61854.949,104041.621,0.797,5774.365,64035.789,0.02,0.0
295.737,2026-06-26T00:08:27.514499,61854.949,104041.621,0.788,5774.366,64035.789,0.02,0.0
295.788,2026-06-26T00:08:27.565406,61865.793,104041.621,0.782,5774.367,64035.789,0.02,0.0
295.838,2026-06-26T00:08:27.616324,61874.312,104041.621,0.778,5774.368,64035.789,0.02,0.0
295.889,2026-06-26T00:08:27.667204,61879.184,104041.621,0.775,5774.369,64035.789,0.02,0.0
295.94,2026-06-26T00:08:27.718086,61885.238,104041.621,0.772,5774.37,64035.789,0.02,0.0
295.991,2026-06-26T00:08:27.769005,61869.23,104041.621,0.771,5774.371,64035.789,0.02,0.0
296.042,2026-06-26T00:08:27.819908,61869.742,104041.621,0.77,5774.372,64035.789,0.02,0.0
296.093,2026-06-26T00:08:27.870819,61877.234,104041.621,0.815,5774.373,64035.789,0.02,0.0
296.144,2026-06-26T00:08:27.921712,61877.234,104041.621,0.801,5774.374,64035.789,0.02,0.0
296.195,2026-06-26T00:08:27.972649,61878.273,104041.621,0.791,5774.375,64035.789,0.02,0.0
296.246,2026-06-26T00:08:28.023542,61886.277,104041.621,0.784,5774.376,64035.789,0.02,0.0
296.297,2026-06-26T00:08:28.074462,61870.648,104041.621,0.779,5774.377,64035.789,0.02,0.0
296.348,2026-06-26T00:08:28.125376,61871.895,104041.621,0.821,5774.378,64035.789,0.02,0.0
296.398,2026-06-26T00:08:28.176311,61876.766,104041.621,0.851,5774.379,64035.789,0.02,0.0
296.449,2026-06-26T00:08:28.227197,61885.664,104041.621,0.78,5774.38,64035.789,0.02,0.0
296.5,2026-06-26T00:08:28.278061,61894.988,104041.621,0.868,5774.381,64035.789,0.02,0.0
296.551,2026-06-26T00:08:28.328993,61898.305,104041.621,0.838,5774.382,64035.789,0.02,0.0
296.602,2026-06-26T00:08:28.379924,61910.188,104041.621,0.817,5774.383,64035.789,0.02,0.0
296.653,2026-06-26T00:08:28.430876,61904.438,104041.621,0.802,5774.384,64035.789,0.02,0.0
296.704,2026-06-26T00:08:28.481811,61904.438,104041.621,0.791,5774.385,64035.789,0.02,0.0
296.755,2026-06-26T00:08:28.532740,61904.438,104041.621,0.784,5774.386,64035.789,0.02,0.0
296.806,2026-06-26T00:08:28.583683,61904.438,104041.621,0.779,5774.387,64035.789,0.02,0.0
296.857,2026-06-26T00:08:28.634622,61904.438,104041.621,0.775,5774.388,64035.789,0.02,0.0
296.908,2026-06-26T00:08:28.685550,61904.438,104041.621,0.773,5774.389,64035.789,0.02,0.0
296.959,2026-06-26T00:08:28.736489,61904.438,104041.621,0.771,5774.39,64035.789,0.02,0.0
297.01,2026-06-26T00:08:28.787407,61904.438,104041.621,0.77,5774.391,64035.789,0.02,0.0
297.06,2026-06-26T00:08:28.838330,61904.438,104041.621,0.77,5774.392,64035.789,0.02,0.0
297.111,2026-06-26T00:08:28.889126,61914.441,104041.621,0.769,5774.393,64035.789,0.02,0.0
297.162,2026-06-26T00:08:28.940062,61914.441,104041.621,0.768,5774.394,64035.789,0.02,0.0
297.213,2026-06-26T00:08:28.990976,61920.461,104137.621,0.814,5774.395,64035.789,0.02,0.0
297.264,2026-06-26T00:08:29.041918,61864.211,104137.621,0.8,5774.396,64035.789,0.02,0.0
297.315,2026-06-26T00:08:29.092833,61861.867,104137.621,0.79,5774.397,64035.789,0.02,0.0
297.366,2026-06-26T00:08:29.143772,61869.875,104137.621,0.783,5774.398,64035.789,0.02,0.0
297.417,2026-06-26T00:08:29.194689,61869.875,104137.621,0.778,5774.399,64035.789,0.02,0.0
297.468,2026-06-26T00:08:29.245631,61869.875,104137.621,0.821,5774.4,64035.789,0.02,0.0
297.519,2026-06-26T00:08:29.296559,61876.742,104137.621,0.759,5774.401,64035.789,0.02,0.0
297.57,2026-06-26T00:08:29.347494,61861.883,104137.621,0.807,5774.402,64035.789,0.02,0.0
297.621,2026-06-26T00:08:29.398409,61873.398,104137.621,0.841,5774.403,64035.789,0.02,0.0
297.671,2026-06-26T00:08:29.449337,61873.398,104137.621,0.819,5774.404,64035.789,0.02,0.0
297.722,2026-06-26T00:08:29.500245,61873.398,104137.621,0.849,5774.405,64035.789,0.02,0.0
297.773,2026-06-26T00:08:29.551196,61873.398,104137.621,0.825,5774.406,64035.789,0.02,0.0
297.824,2026-06-26T00:08:29.602088,61873.398,104137.621,0.807,5774.407,64035.789,0.02,0.0
297.875,2026-06-26T00:08:29.652975,61881.406,104137.621,0.796,5774.408,64035.789,0.02,0.0
297.926,2026-06-26T00:08:29.703859,61881.406,104137.621,0.787,5774.409,64035.789,0.02,0.0
297.977,2026-06-26T00:08:29.754790,61873.383,104137.621,0.781,5774.41,64035.789,0.02,0.0
298.028,2026-06-26T00:08:29.805709,61881.391,104137.621,0.777,5774.411,64035.789,0.02,0.0
298.079,2026-06-26T00:08:29.856599,61881.391,104137.621,0.774,5774.412,64035.789,0.02,0.0
298.13,2026-06-26T00:08:29.907526,61884.984,104137.621,0.818,5774.413,64035.789,0.02,0.0
298.181,2026-06-26T00:08:29.958436,61888.512,104137.621,0.803,5774.414,64035.789,0.02,0.0
298.232,2026-06-26T00:08:30.009379,61883.414,104137.621,0.746,5774.415,64035.789,0.02,0.0
298.282,2026-06-26T00:08:30.060260,61883.414,104137.621,0.753,5774.416,64035.789,0.02,0.0
298.333,2026-06-26T00:08:30.111183,61882.48,104137.621,0.757,5774.417,64035.789,0.02,0.0
298.384,2026-06-26T00:08:30.162079,61895.09,104137.621,0.806,5774.418,64035.789,0.02,0.0
298.435,2026-06-26T00:08:30.212996,61881.086,104137.621,0.794,5774.419,64035.789,0.02,0.0
298.486,2026-06-26T00:08:30.263937,61881.086,104137.621,0.786,5774.42,64035.789,0.02,0.0
298.537,2026-06-26T00:08:30.314859,61881.094,104137.621,0.826,5774.421,64035.789,0.02,0.0
298.588,2026-06-26T00:08:30.365809,61897.973,104137.621,0.854,5774.422,64035.789,0.02,0.0
298.639,2026-06-26T00:08:30.416737,61900.773,104137.621,0.782,5774.423,64035.789,0.02,0.0
298.69,2026-06-26T00:08:30.467681,61912.691,104137.621,0.778,5774.424,64035.789,0.02,0.0
298.811,2026-06-26T00:08:30.588552,61896.684,104137.621,0.914,5774.772,64035.789,2.888,0.0
298.861,2026-06-26T00:08:30.638956,61904.711,104137.621,0.825,5774.773,64035.789,0.02,0.0
298.912,2026-06-26T00:08:30.689545,61904.711,104137.621,0.856,5774.774,64035.789,0.02,0.0
298.962,2026-06-26T00:08:30.740112,61904.711,104137.621,0.83,5774.775,64035.789,0.02,0.0
299.013,2026-06-26T00:08:30.790851,61904.711,104137.621,0.858,5774.776,64035.789,0.02,0.0
299.064,2026-06-26T00:08:30.841601,61912.715,104137.621,0.786,5774.777,64035.789,0.02,0.0
299.115,2026-06-26T00:08:30.892376,61897.023,104137.621,0.826,5774.778,64035.789,0.02,0.0
299.165,2026-06-26T00:08:30.943268,61899.125,104137.621,0.809,5774.779,64035.789,0.02,0.0
299.216,2026-06-26T00:08:30.994197,61904.91,104137.621,0.796,5774.78,64035.789,0.02,0.0
299.267,2026-06-26T00:08:31.045077,61914.105,104137.621,0.788,5774.781,64035.789,0.02,0.0
299.318,2026-06-26T00:08:31.096005,61923.242,104137.621,0.827,5774.782,64035.789,0.02,0.0
299.369,2026-06-26T00:08:31.146958,61926.086,104137.621,0.809,5774.783,64035.789,0.02,0.0
299.42,2026-06-26T00:08:31.197872,61930.109,104137.621,0.843,5774.784,64035.789,0.02,0.0
299.471,2026-06-26T00:08:31.248798,61932.367,104137.621,0.82,5774.785,64035.789,0.02,0.0
299.522,2026-06-26T00:08:31.299700,61932.367,104137.621,0.804,5774.786,64035.789,0.02,0.0
299.573,2026-06-26T00:08:31.350654,61932.367,104137.621,0.793,5774.787,64035.789,0.02,0.0
299.624,2026-06-26T00:08:31.401578,61932.367,104137.621,0.785,5774.788,64035.789,0.02,0.0
299.675,2026-06-26T00:08:31.452514,61932.367,104137.621,0.78,5774.789,64035.789,0.02,0.0
299.726,2026-06-26T00:08:31.503444,61932.367,104137.621,0.776,5774.79,64035.789,0.02,0.0
299.776,2026-06-26T00:08:31.554361,61932.367,104137.621,0.773,5774.791,64035.789,0.02,0.0
299.827,2026-06-26T00:08:31.605271,61932.367,104137.621,0.817,5774.792,64035.789,0.02,0.0
299.878,2026-06-26T00:08:31.656188,61932.367,104137.621,0.848,5774.793,64035.789,0.02,0.0
299.929,2026-06-26T00:08:31.707078,61942.371,104137.621,0.778,5774.794,64035.789,0.02,0.0
299.98,2026-06-26T00:08:31.757984,61942.371,104137.621,0.775,5774.795,64035.789,0.02,0.0
300.031,2026-06-26T00:08:31.808922,61942.383,104137.621,0.819,5774.796,64035.789,0.02,0.0
300.082,2026-06-26T00:08:31.859841,61892.539,104137.621,0.757,5774.797,64035.789,0.02,0.0
300.133,2026-06-26T00:08:31.910779,61892.672,104137.621,0.806,5774.798,64035.789,0.02,0.0
300.184,2026-06-26T00:08:31.961689,61894.035,104137.621,0.794,5774.799,64035.789,0.02,0.0
300.235,2026-06-26T00:08:32.012680,61911.191,104137.621,0.786,5774.8,64035.789,0.02,0.0
300.286,2026-06-26T00:08:32.063604,61929.434,104137.621,0.78,5774.801,64035.789,0.02,0.0
300.337,2026-06-26T00:08:32.114563,61952.762,104137.621,0.776,5774.802,64035.789,0.02,0.0
300.388,2026-06-26T00:08:32.165466,61974.766,104137.621,0.774,5774.803,64035.789,0.02,0.0
300.439,2026-06-26T00:08:32.216390,62007.957,104137.621,0.772,5774.804,64035.789,0.02,0.0
300.489,2026-06-26T00:08:32.267301,62031.391,104137.621,0.77,5774.805,64035.789,0.02,0.0
300.54,2026-06-26T00:08:32.318195,62054.668,104249.621,0.769,5774.806,64035.789,0.02,0.0
300.591,2026-06-26T00:08:32.369087,62078.441,104249.621,0.815,5774.807,64035.789,0.02,0.0
300.642,2026-06-26T00:08:32.420007,62107.645,104249.621,0.846,5774.808,64035.789,0.02,0.0
300.693,2026-06-26T00:08:32.470906,62099.391,104259.621,0.822,5774.809,64035.789,0.02,0.0
300.744,2026-06-26T00:08:32.521864,62099.391,104259.621,0.806,5774.81,64035.789,0.02,0.0
300.795,2026-06-26T00:08:32.572789,62099.391,104259.621,0.794,5774.811,64035.789,0.02,0.0
300.846,2026-06-26T00:08:32.623730,62099.398,104259.621,0.786,5774.812,64035.789,0.02,0.0
300.897,2026-06-26T00:08:32.674646,62099.398,104259.621,0.826,5774.813,64035.789,0.02,0.0
300.948,2026-06-26T00:08:32.725574,62100.375,104259.621,0.809,5774.814,64035.789,0.02,0.0
300.999,2026-06-26T00:08:32.776502,62101.535,104259.621,0.796,5774.815,64035.789,0.02,0.0
301.05,2026-06-26T00:08:32.827433,62064.273,104259.621,0.787,5774.816,64035.789,0.02,0.0
301.1,2026-06-26T00:08:32.878350,62021.766,104259.621,0.827,5774.817,64035.789,0.02,0.0
301.151,2026-06-26T00:08:32.929244,62020.633,104259.621,0.809,5774.818,64035.789,0.02,0.0
301.202,2026-06-26T00:08:32.980134,62020.707,104259.621,0.796,5774.819,64035.789,0.02,0.0
301.253,2026-06-26T00:08:33.031158,62020.711,104259.621,0.788,5774.82,64035.789,0.02,0.0
301.304,2026-06-26T00:08:33.082053,62020.711,104259.621,0.782,5774.821,64035.789,0.02,0.0
301.355,2026-06-26T00:08:33.132988,62020.711,104259.621,0.777,5774.822,64035.789,0.02,0.0
301.406,2026-06-26T00:08:33.183898,62020.711,104259.621,0.774,5774.823,64035.789,0.02,0.0
301.457,2026-06-26T00:08:33.234834,62020.711,104259.621,0.772,5774.824,64035.789,0.02,0.0
301.508,2026-06-26T00:08:33.285749,62020.711,104259.621,0.771,5774.825,64035.789,0.02,0.0
301.559,2026-06-26T00:08:33.336681,62020.711,104259.621,0.816,5774.826,64035.789,0.02,0.0
301.61,2026-06-26T00:08:33.387590,62020.711,104259.621,0.801,5774.827,64035.789,0.02,0.0
301.661,2026-06-26T00:08:33.438524,62020.711,104259.621,0.791,5774.828,64035.789,0.02,0.0
301.712,2026-06-26T00:08:33.489430,62020.711,104259.621,0.784,5774.829,64035.789,0.02,0.0
301.762,2026-06-26T00:08:33.540323,62020.711,104259.621,0.779,5774.83,64035.789,0.02,0.0
301.813,2026-06-26T00:08:33.591236,62020.711,104259.621,0.775,5774.831,64035.789,0.02,0.0
301.864,2026-06-26T00:08:33.642124,62020.711,104259.621,0.773,5774.832,64035.789,0.02,0.0
301.915,2026-06-26T00:08:33.693061,62020.711,104259.621,0.771,5774.833,64035.789,0.02,0.0
301.966,2026-06-26T00:08:33.743980,62020.711,104259.621,0.816,5774.834,64035.789,0.02,0.0
302.017,2026-06-26T00:08:33.794905,62033.879,104259.621,0.847,5774.835,64035.789,0.02,0.0
302.068,2026-06-26T00:08:33.845821,62047.773,104259.621,0.823,5774.836,64035.789,0.02,0.0
302.119,2026-06-26T00:08:33.896753,62049.109,104259.621,0.806,5774.837,64035.789,0.02,0.0
302.17,2026-06-26T00:08:33.947681,62049.133,104259.621,0.794,5774.838,64035.789,0.02,0.0
302.221,2026-06-26T00:08:33.998672,62049.133,104259.621,0.786,5774.839,64035.789,0.02,0.0
302.272,2026-06-26T00:08:34.049580,62021.121,104259.621,0.827,5774.84,64035.789,0.02,0.0
302.323,2026-06-26T00:08:34.100517,62021.121,104259.621,0.809,5774.841,64035.789,0.02,0.0
302.374,2026-06-26T00:08:34.151415,62021.121,104259.621,0.796,5774.842,64035.789,0.02,0.0
302.424,2026-06-26T00:08:34.202356,62021.121,104259.621,0.788,5774.843,64035.789,0.02,0.0
302.475,2026-06-26T00:08:34.253245,62021.121,104259.621,0.781,5774.844,64035.789,0.02,0.0
302.526,2026-06-26T00:08:34.304190,62021.121,104259.621,0.777,5774.845,64035.789,0.02,0.0
302.577,2026-06-26T00:08:34.355074,62021.121,104259.621,0.82,5774.846,64035.789,0.02,0.0
302.628,2026-06-26T00:08:34.405966,62021.121,104259.621,0.804,5774.847,64035.789,0.02,0.0
302.679,2026-06-26T00:08:34.456897,62021.121,104259.621,0.793,5774.848,64035.789,0.02,0.0
302.73,2026-06-26T00:08:34.507800,62021.121,104259.621,0.786,5774.849,64035.789,0.02,0.0
302.781,2026-06-26T00:08:34.558727,62021.121,104259.621,0.78,5774.85,64035.789,0.02,0.0
302.832,2026-06-26T00:08:34.609636,62021.121,104259.621,0.776,5774.851,64035.789,0.02,0.0
302.883,2026-06-26T00:08:34.660574,62021.129,104259.621,0.773,5774.852,64035.789,0.02,0.0
302.934,2026-06-26T00:08:34.711468,62029.133,104259.621,0.772,5774.853,64035.789,0.02,0.0
302.985,2026-06-26T00:08:34.762399,62042.215,104259.621,0.77,5774.854,64035.789,0.02,0.0
303.035,2026-06-26T00:08:34.813306,62021.129,104259.621,0.769,5774.855,64035.789,0.02,0.0
303.086,2026-06-26T00:08:34.864196,62021.129,104259.621,0.815,5774.856,64035.789,0.02,0.0
303.137,2026-06-26T00:08:34.915066,62021.129,104259.621,0.801,5774.857,64035.789,0.02,0.0
303.188,2026-06-26T00:08:34.966013,62021.129,104259.621,0.791,5774.858,64035.789,0.02,0.0
303.239,2026-06-26T00:08:35.016887,62021.211,104259.621,0.784,5774.859,64035.789,0.02,0.0
303.29,2026-06-26T00:08:35.067804,62026.59,104259.621,0.779,5774.86,64035.789,0.02,0.0
303.341,2026-06-26T00:08:35.118707,62029.234,104259.621,0.775,5774.861,64035.789,0.02,0.0
303.392,2026-06-26T00:08:35.169650,62033.852,104259.621,0.773,5774.862,64035.789,0.02,0.0
303.443,2026-06-26T00:08:35.220577,62036.734,104259.621,0.863,5774.863,64035.789,0.02,0.0
303.494,2026-06-26T00:08:35.271521,62042.027,104259.621,0.788,5774.864,64035.789,0.02,0.0
303.545,2026-06-26T00:08:35.322404,62047.996,104259.621,0.829,5774.865,64035.789,0.02,0.0
303.595,2026-06-26T00:08:35.373176,62054.59,104259.621,0.81,5774.866,64035.789,0.02,0.0
303.646,2026-06-26T00:08:35.424063,62061.785,104259.621,0.797,5774.867,64035.789,0.02,0.0
303.697,2026-06-26T00:08:35.474972,62061.785,104259.621,0.788,5774.868,64035.789,0.02,0.0
303.818,2026-06-26T00:08:35.596083,62078.18,104259.621,0.921,5775.216,64035.789,2.882,0.0
303.869,2026-06-26T00:08:35.646489,62080.781,104259.621,0.876,5775.217,64035.789,0.02,0.0
303.919,2026-06-26T00:08:35.697048,62088.766,104259.621,0.891,5775.218,64035.789,0.02,0.0
303.97,2026-06-26T00:08:35.747636,62094.059,104259.621,0.809,5775.219,64035.789,0.02,0.0
304.021,2026-06-26T00:08:35.798399,62117.836,104259.621,0.843,5775.22,64035.789,0.02,0.0
304.071,2026-06-26T00:08:35.849263,62117.836,104259.621,0.82,5775.221,64035.789,0.02,0.0
304.122,2026-06-26T00:08:35.900240,62106.84,104259.621,0.804,5775.222,64035.789,0.02,0.0
304.173,2026-06-26T00:08:35.951130,62098.484,104259.621,0.793,5775.223,64035.789,0.02,0.0
304.224,2026-06-26T00:08:36.002034,62066.859,104259.621,0.785,5775.224,64035.789,0.02,0.0
304.275,2026-06-26T00:08:36.052957,62066.859,104259.621,0.78,5775.225,64035.789,0.02,0.0
304.326,2026-06-26T00:08:36.103850,62060.785,104259.621,0.776,5775.226,64035.789,0.02,0.0
304.377,2026-06-26T00:08:36.154786,62060.785,104259.621,0.774,5775.227,64035.789,0.02,0.0
304.428,2026-06-26T00:08:36.205692,62060.785,104259.621,0.818,5775.228,64035.789,0.02,0.0
304.479,2026-06-26T00:08:36.256614,62060.07,104259.621,0.802,5775.229,64035.789,0.02,0.0
304.53,2026-06-26T00:08:36.307481,62050.836,104259.621,0.793,5775.23,64035.789,0.02,0.0
304.58,2026-06-26T00:08:36.357981,62050.836,104259.621,0.787,5775.231,64035.789,0.02,0.0
304.631,2026-06-26T00:08:36.408491,62050.836,104259.621,0.783,5775.232,64035.789,0.02,0.0
304.681,2026-06-26T00:08:36.459068,62050.836,104259.621,0.78,5775.233,64035.789,0.02,0.0
304.732,2026-06-26T00:08:36.509653,62050.836,104259.621,0.778,5775.234,64035.789,0.02,0.0
304.782,2026-06-26T00:08:36.560234,62050.836,104259.621,0.776,5775.235,64035.789,0.02,0.0
304.833,2026-06-26T00:08:36.610789,62044.73,104259.621,0.775,5775.236,64035.789,0.02,0.0
304.884,2026-06-26T00:08:36.661370,62044.742,104259.621,0.774,5775.237,64035.789,0.02,0.0
304.934,2026-06-26T00:08:36.711925,62044.742,104259.621,0.773,5775.238,64035.789,0.02,0.0
304.985,2026-06-26T00:08:36.762529,62060.746,104259.621,0.773,5775.239,64035.789,0.02,0.0
305.035,2026-06-26T00:08:36.813082,62044.742,104259.621,0.819,5775.24,64035.789,0.02,0.0
305.086,2026-06-26T00:08:36.863649,62044.742,104259.621,0.805,5775.241,64035.789,0.02,0.0
305.136,2026-06-26T00:08:36.914194,62044.754,104259.621,0.796,5775.242,64035.789,0.02,0.0
305.187,2026-06-26T00:08:36.964757,62044.754,104259.621,0.789,5775.243,64035.789,0.02,0.0
305.237,2026-06-26T00:08:37.015354,62036.746,104259.621,0.784,5775.244,64035.789,0.02,0.0
305.288,2026-06-26T00:08:37.065914,62036.746,104259.621,0.78,5775.245,64035.789,0.02,0.0
305.339,2026-06-26T00:08:37.116499,62044.75,104259.621,0.824,5775.246,64035.789,0.02,0.0
305.389,2026-06-26T00:08:37.167077,62038.285,104259.621,0.808,5775.247,64035.789,0.02,0.0
305.44,2026-06-26T00:08:37.217993,62037.375,104259.621,0.795,5775.248,64035.789,0.02,0.0
305.491,2026-06-26T00:08:37.268894,62037.375,104259.621,0.787,5775.249,64035.789,0.02,0.0
305.542,2026-06-26T00:08:37.319820,62034.602,104259.621,0.827,5775.25,64035.789,0.02,0.0
305.593,2026-06-26T00:08:37.370723,62033.859,104259.621,0.809,5775.251,64035.789,0.02,0.0
305.644,2026-06-26T00:08:37.421629,62029.605,104259.621,0.797,5775.252,64035.789,0.02,0.0
305.695,2026-06-26T00:08:37.472637,62028.133,104259.621,0.787,5775.253,64035.789,0.02,0.0
305.746,2026-06-26T00:08:37.523543,62028.133,104259.621,0.782,5775.254,64035.789,0.02,0.0
305.797,2026-06-26T00:08:37.574426,62026.883,104259.621,0.777,5775.255,64035.789,0.02,0.0
305.847,2026-06-26T00:08:37.625351,62026.883,104259.621,0.774,5775.256,64035.789,0.02,0.0
305.898,2026-06-26T00:08:37.676237,62026.883,104259.621,0.772,5775.257,64035.789,0.02,0.0
305.949,2026-06-26T00:08:37.727114,62022.68,104259.621,0.771,5775.258,64035.789,0.02,0.0
306.0,2026-06-26T00:08:37.778026,62022.699,104259.621,0.77,5775.259,64035.789,0.02,0.0
306.051,2026-06-26T00:08:37.828910,62016.914,104259.621,0.815,5775.26,64035.789,0.02,0.0
306.102,2026-06-26T00:08:37.879826,62015.5,104259.621,0.801,5775.261,64035.789,0.02,0.0
306.153,2026-06-26T00:08:37.930749,62015.5,104259.621,0.791,5775.262,64035.789,0.02,0.0
306.204,2026-06-26T00:08:37.981661,62029.977,104259.621,0.876,5775.263,64035.789,0.02,0.0
306.255,2026-06-26T00:08:38.032547,62036.594,104259.621,0.798,5775.264,64035.789,0.02,0.0
306.306,2026-06-26T00:08:38.083471,62015.504,104259.621,0.834,5775.265,64035.789,0.02,0.0
306.357,2026-06-26T00:08:38.134394,62007.949,104259.621,0.814,5775.266,64035.789,0.02,0.0
306.407,2026-06-26T00:08:38.185319,62007.949,104259.621,0.8,5775.267,64035.789,0.02,0.0
306.458,2026-06-26T00:08:38.236205,62007.949,104259.621,0.79,5775.268,64035.789,0.02,0.0
306.509,2026-06-26T00:08:38.287102,62007.949,104259.621,0.783,5775.269,64035.789,0.02,0.0
306.56,2026-06-26T00:08:38.338037,62007.949,104259.621,0.825,5775.27,64035.789,0.02,0.0
306.611,2026-06-26T00:08:38.388957,62017.953,104259.621,0.761,5775.271,64035.789,0.02,0.0
306.662,2026-06-26T00:08:38.439905,62016.398,104259.621,0.763,5775.272,64035.789,0.02,0.0
306.713,2026-06-26T00:08:38.490820,62016.27,104259.621,0.764,5775.273,64035.789,0.02,0.0
306.764,2026-06-26T00:08:38.541770,62024.273,104259.621,0.765,5775.274,64035.789,0.02,0.0
306.815,2026-06-26T00:08:38.592672,62037.359,104259.621,0.812,5775.275,64035.789,0.02,0.0
306.866,2026-06-26T00:08:38.643631,62016.273,104259.621,0.798,5775.276,64035.789,0.02,0.0
306.917,2026-06-26T00:08:38.694562,62005.863,104259.621,0.789,5775.277,64035.789,0.02,0.0
306.968,2026-06-26T00:08:38.745549,62005.863,104259.621,0.828,5775.278,64035.789,0.02,0.0
307.019,2026-06-26T00:08:38.796511,61987.664,104259.621,0.764,5775.279,64035.789,0.02,0.0
307.07,2026-06-26T00:08:38.847496,61987.664,104259.621,0.81,5775.28,64035.789,0.02,0.0
307.121,2026-06-26T00:08:38.898438,61987.664,104259.621,0.843,5775.281,64035.789,0.02,0.0
307.172,2026-06-26T00:08:38.949445,61986.32,104259.621,0.82,5775.282,64035.789,0.02,0.0
307.223,2026-06-26T00:08:39.000414,61986.32,104259.621,0.804,5775.283,64035.789,0.02,0.0
307.274,2026-06-26T00:08:39.051428,61996.324,104259.621,0.747,5775.284,64035.789,0.02,0.0
307.325,2026-06-26T00:08:39.102382,61996.324,104259.621,0.753,5775.285,64035.789,0.02,0.0
307.376,2026-06-26T00:08:39.153372,61996.324,104259.621,0.757,5775.286,64035.789,0.02,0.0
307.427,2026-06-26T00:08:39.204370,61996.324,104259.621,0.805,5775.287,64035.789,0.02,0.0
307.477,2026-06-26T00:08:39.255361,62004.328,104259.621,0.794,5775.288,64035.789,0.02,0.0
307.528,2026-06-26T00:08:39.306329,62017.414,104259.621,0.785,5775.289,64035.789,0.02,0.0
307.579,2026-06-26T00:08:39.357280,61996.324,104259.621,0.826,5775.29,64035.789,0.02,0.0
307.63,2026-06-26T00:08:39.408221,61996.324,104259.621,0.808,5775.291,64035.789,0.02,0.0
307.681,2026-06-26T00:08:39.459200,61996.324,104259.621,0.796,5775.292,64035.789,0.02,0.0
307.732,2026-06-26T00:08:39.510157,61982.273,104259.621,0.787,5775.293,64035.789,0.02,0.0
307.783,2026-06-26T00:08:39.561112,61982.273,104259.621,0.826,5775.294,64035.789,0.02,0.0
307.834,2026-06-26T00:08:39.612106,61982.273,104259.621,0.808,5775.295,64035.789,0.02,0.0
307.885,2026-06-26T00:08:39.663081,61982.281,104259.621,0.796,5775.296,64035.789,0.02,0.0
307.936,2026-06-26T00:08:39.714072,61982.281,104259.621,0.787,5775.297,64035.789,0.02,0.0
307.987,2026-06-26T00:08:39.765034,61988.543,104259.621,0.781,5775.298,64035.789,0.02,0.0
308.038,2026-06-26T00:08:39.816020,61992.285,104259.621,0.776,5775.299,64035.789,0.02,0.0
308.089,2026-06-26T00:08:39.866984,61992.285,104259.621,0.819,5775.3,64035.789,0.02,0.0
308.14,2026-06-26T00:08:39.917959,61992.285,104259.621,0.803,5775.301,64035.789,0.02,0.0
308.191,2026-06-26T00:08:39.968910,62004.297,104259.621,0.792,5775.302,64035.789,0.02,0.0
308.242,2026-06-26T00:08:40.019894,62017.387,104259.621,0.785,5775.303,64035.789,0.02,0.0
308.293,2026-06-26T00:08:40.070868,61996.297,104259.621,0.825,5775.304,64035.789,0.02,0.0
308.344,2026-06-26T00:08:40.121842,61996.297,104259.621,0.807,5775.305,64035.789,0.02,0.0
308.395,2026-06-26T00:08:40.172811,61996.297,104259.621,0.795,5775.306,64035.789,0.02,0.0
308.446,2026-06-26T00:08:40.223806,61967.273,104259.621,0.786,5775.307,64035.789,0.02,0.0
308.497,2026-06-26T00:08:40.274740,61967.273,104259.621,0.781,5775.308,64035.789,0.02,0.0
308.548,2026-06-26T00:08:40.325414,61967.273,104259.621,0.778,5775.309,64035.789,0.02,0.0
308.598,2026-06-26T00:08:40.376198,61961.359,104259.621,0.775,5775.31,64035.789,0.02,0.0
308.649,2026-06-26T00:08:40.427066,61961.359,104259.621,0.773,5775.311,64035.789,0.02,0.0
308.7,2026-06-26T00:08:40.477967,61961.359,104259.621,0.771,5775.312,64035.789,0.02,0.0
308.821,2026-06-26T00:08:40.598460,61971.363,104259.621,0.949,5775.66,64035.789,2.897,0.0
308.871,2026-06-26T00:08:40.648870,61971.363,104259.621,0.896,5775.661,64035.789,0.02,0.0
308.922,2026-06-26T00:08:40.699447,61971.363,104259.621,0.859,5775.662,64035.789,0.02,0.0
308.972,2026-06-26T00:08:40.750101,61983.371,104259.621,0.786,5775.663,64035.789,0.02,0.0
309.023,2026-06-26T00:08:40.800836,61996.461,104259.621,0.781,5775.664,64035.789,0.02,0.0
309.074,2026-06-26T00:08:40.851585,61975.367,104259.621,0.823,5775.665,64035.789,0.02,0.0
309.125,2026-06-26T00:08:40.902511,61975.367,104259.621,0.807,5775.666,64035.789,0.02,0.0
309.176,2026-06-26T00:08:40.953459,61975.367,104259.621,0.794,5775.667,64035.789,0.02,0.0
309.227,2026-06-26T00:08:41.004382,61957.879,104259.621,0.786,5775.668,64035.789,0.02,0.0
309.277,2026-06-26T00:08:41.055269,61957.879,104259.621,0.781,5775.669,64035.789,0.02,0.0
309.328,2026-06-26T00:08:41.106200,61957.879,104259.621,0.777,5775.67,64035.789,0.02,0.0
309.379,2026-06-26T00:08:41.157097,61944.289,104259.621,0.774,5775.671,64035.789,0.02,0.0
309.43,2026-06-26T00:08:41.207984,61944.289,104259.621,0.772,5775.672,64035.789,0.02,0.0
309.481,2026-06-26T00:08:41.258903,61944.289,104259.621,0.77,5775.673,64035.789,0.02,0.0
309.532,2026-06-26T00:08:41.309814,61944.289,104259.621,0.769,5775.674,64035.789,0.02,0.0
309.583,2026-06-26T00:08:41.360737,61954.293,104259.621,0.769,5775.675,64035.789,0.02,0.0
309.634,2026-06-26T00:08:41.411655,61954.293,104259.621,0.768,5775.676,64035.789,0.02,0.0
309.685,2026-06-26T00:08:41.462600,61954.293,104259.621,0.768,5775.677,64035.789,0.02,0.0
309.736,2026-06-26T00:08:41.513548,61962.297,104259.621,0.86,5775.678,64035.789,0.02,0.0
309.787,2026-06-26T00:08:41.564452,61975.383,104259.621,0.832,5775.679,64035.789,0.02,0.0
309.837,2026-06-26T00:08:41.615318,61954.293,104259.621,0.813,5775.68,64035.789,0.02,0.0
309.888,2026-06-26T00:08:41.666200,61954.293,104259.621,0.799,5775.681,64035.789,0.02,0.0
309.939,2026-06-26T00:08:41.717092,61954.293,104259.621,0.79,5775.682,64035.789,0.02,0.0
309.99,2026-06-26T00:08:41.768020,61954.293,104259.621,0.783,5775.683,64035.789,0.02,0.0
310.041,2026-06-26T00:08:41.818927,61936.281,104259.621,0.778,5775.684,64035.789,0.02,0.0
310.092,2026-06-26T00:08:41.869857,61936.281,104259.621,0.775,5775.685,64035.789,0.02,0.0
310.143,2026-06-26T00:08:41.920791,61954.754,104259.621,0.772,5775.686,64035.789,0.02,0.0
310.194,2026-06-26T00:08:41.971742,61960.758,104259.621,0.817,5775.687,64035.789,0.02,0.0
310.245,2026-06-26T00:08:42.022660,61972.766,104259.621,0.848,5775.688,64035.789,0.02,0.0
310.296,2026-06-26T00:08:42.073605,61984.77,104259.621,0.824,5775.689,64035.789,0.02,0.0
310.347,2026-06-26T00:08:42.124528,61984.77,104259.621,0.807,5775.69,64035.789,0.02,0.0
310.398,2026-06-26T00:08:42.175476,62008.969,104259.621,0.795,5775.691,64035.789,0.02,0.0
310.449,2026-06-26T00:08:42.226395,62009.555,104259.621,0.787,5775.692,64035.789,0.02,0.0
310.509,2026-06-26T00:08:42.286973,62009.555,104259.621,0.86,5775.693,64035.789,0.017,0.0
310.56,2026-06-26T00:08:42.337923,62009.926,104259.621,0.878,5775.694,64035.789,0.02,0.0
310.611,2026-06-26T00:08:42.388854,62105.016,104259.621,0.799,5775.695,64035.789,0.02,0.0
310.662,2026-06-26T00:08:42.439764,62059.465,104259.621,0.835,5775.696,64035.789,0.02,0.0
310.713,2026-06-26T00:08:42.490691,62061.98,104259.621,0.815,5775.697,64035.789,0.02,0.0
310.764,2026-06-26T00:08:42.541603,62063.355,104259.621,0.754,5775.698,64035.789,0.02,0.0
310.815,2026-06-26T00:08:42.592549,62065.512,104259.621,0.758,5775.699,64035.789,0.02,0.0
310.866,2026-06-26T00:08:42.643462,62075.637,104259.621,0.807,5775.7,64035.789,0.02,0.0
310.917,2026-06-26T00:08:42.694394,62089.715,104259.621,0.795,5775.701,64035.789,0.02,0.0
310.967,2026-06-26T00:08:42.745316,62089.727,104259.621,0.787,5775.702,64035.789,0.02,0.0
311.018,2026-06-26T00:08:42.796212,62089.734,104259.621,0.781,5775.703,64035.789,0.02,0.0
311.069,2026-06-26T00:08:42.847113,62069.414,104259.621,0.777,5775.704,64035.789,0.02,0.0
311.12,2026-06-26T00:08:42.898031,61963.02,104259.621,0.774,5775.705,64035.789,0.02,0.0
311.171,2026-06-26T00:08:42.948949,61949.609,104259.621,0.772,5775.706,64035.789,0.02,0.0
311.222,2026-06-26T00:08:42.999870,61948.309,104259.621,0.77,5775.707,64035.789,0.02,0.0
311.273,2026-06-26T00:08:43.050781,61948.062,104259.621,0.815,5775.708,64035.789,0.02,0.0
311.324,2026-06-26T00:08:43.101706,61948.062,104259.621,0.801,5775.709,64035.789,0.02,0.0
311.375,2026-06-26T00:08:43.152644,61948.062,104259.621,0.791,5775.71,64035.789,0.02,0.0
311.426,2026-06-26T00:08:43.203595,61948.062,104259.621,0.784,5775.711,64035.789,0.02,0.0
311.477,2026-06-26T00:08:43.254522,61947.418,104259.621,0.825,5775.712,64035.789,0.02,0.0
311.528,2026-06-26T00:08:43.305465,61947.418,104259.621,0.807,5775.713,64035.789,0.02,0.0
311.579,2026-06-26T00:08:43.356390,61950.402,104259.621,0.795,5775.714,64035.789,0.02,0.0
311.629,2026-06-26T00:08:43.407318,61968.156,104259.621,0.787,5775.715,64035.789,0.02,0.0
311.68,2026-06-26T00:08:43.458210,61968.504,104259.621,0.827,5775.716,64035.789,0.02,0.0
311.731,2026-06-26T00:08:43.509113,61945.152,104259.621,0.763,5775.717,64035.789,0.02,0.0
311.782,2026-06-26T00:08:43.560046,61945.152,104259.621,0.81,5775.718,64035.789,0.02,0.0
311.833,2026-06-26T00:08:43.610959,61945.152,104259.621,0.797,5775.719,64035.789,0.02,0.0
311.884,2026-06-26T00:08:43.661889,61945.152,104259.621,0.788,5775.72,64035.789,0.02,0.0
311.935,2026-06-26T00:08:43.712788,61945.152,104259.621,0.782,5775.721,64035.789,0.02,0.0
311.986,2026-06-26T00:08:43.763753,61945.934,104259.621,0.777,5775.722,64035.789,0.02,0.0
312.037,2026-06-26T00:08:43.814674,61955.156,104259.621,0.774,5775.723,64035.789,0.02,0.0
312.088,2026-06-26T00:08:43.865621,61955.156,104259.621,0.772,5775.724,64035.789,0.02,0.0
312.139,2026-06-26T00:08:43.916538,61955.156,104259.621,0.771,5775.725,64035.789,0.02,0.0
312.19,2026-06-26T00:08:43.967493,61974.703,104259.621,0.815,5775.726,64035.789,0.02,0.0
312.241,2026-06-26T00:08:44.018414,61976.246,104259.621,0.847,5775.727,64035.789,0.02,0.0
312.291,2026-06-26T00:08:44.069335,61955.156,104259.621,0.823,5775.728,64035.789,0.02,0.0
312.342,2026-06-26T00:08:44.120224,61955.156,104259.621,0.806,5775.729,64035.789,0.02,0.0
312.393,2026-06-26T00:08:44.171121,61955.156,104259.621,0.841,5775.73,64035.789,0.02,0.0
312.444,2026-06-26T00:08:44.222048,61945.152,104259.621,0.819,5775.731,64035.789,0.02,0.0
312.495,2026-06-26T00:08:44.272973,61945.152,104259.621,0.803,5775.732,64035.789,0.02,0.0
312.546,2026-06-26T00:08:44.323911,61945.152,104259.621,0.792,5775.733,64035.789,0.02,0.0
312.597,2026-06-26T00:08:44.374826,61945.152,104259.621,0.785,5775.734,64035.789,0.02,0.0
312.648,2026-06-26T00:08:44.425763,61945.152,104259.621,0.779,5775.735,64035.789,0.02,0.0
312.699,2026-06-26T00:08:44.476670,61955.156,104259.621,0.776,5775.736,64035.789,0.02,0.0
312.75,2026-06-26T00:08:44.527606,61955.156,104259.621,0.773,5775.737,64035.789,0.02,0.0
312.801,2026-06-26T00:08:44.578520,61955.156,104259.621,0.771,5775.738,64035.789,0.02,0.0
312.852,2026-06-26T00:08:44.629463,61955.156,104259.621,0.77,5775.739,64035.789,0.02,0.0
312.903,2026-06-26T00:08:44.680378,61975.332,104259.621,0.769,5775.74,64035.789,0.02,0.0
312.953,2026-06-26T00:08:44.731310,61976.246,104259.621,0.769,5775.741,64035.789,0.02,0.0
313.004,2026-06-26T00:08:44.782207,61955.156,104259.621,0.86,5775.742,64035.789,0.02,0.0
313.055,2026-06-26T00:08:44.833093,61955.156,104259.621,0.832,5775.743,64035.789,0.02,0.0
313.106,2026-06-26T00:08:44.884010,61955.156,104259.621,0.813,5775.744,64035.789,0.02,0.0
313.157,2026-06-26T00:08:44.934941,61955.156,104259.621,0.799,5775.745,64035.789,0.02,0.0
313.208,2026-06-26T00:08:44.985888,61955.156,104259.621,0.789,5775.746,64035.789,0.02,0.0
313.259,2026-06-26T00:08:45.036810,61955.156,104259.621,0.783,5775.747,64035.789,0.02,0.0
313.31,2026-06-26T00:08:45.087738,61955.156,104259.621,0.824,5775.748,64035.789,0.02,0.0
313.361,2026-06-26T00:08:45.138648,61955.25,104259.621,0.807,5775.749,64035.789,0.02,0.0
313.412,2026-06-26T00:08:45.189604,61965.254,104259.621,0.749,5775.75,64035.789,0.02,0.0
313.463,2026-06-26T00:08:45.240527,61965.254,104259.621,0.754,5775.751,64035.789,0.02,0.0
313.514,2026-06-26T00:08:45.291476,61965.254,104259.621,0.804,5775.752,64035.789,0.02,0.0
313.565,2026-06-26T00:08:45.342409,61965.254,104259.621,0.793,5775.753,64035.789,0.02,0.0
313.615,2026-06-26T00:08:45.393335,61981.258,104259.621,0.785,5775.754,64035.789,0.02,0.0
313.666,2026-06-26T00:08:45.444253,61986.348,104259.621,0.78,5775.755,64035.789,0.02,0.0
313.717,2026-06-26T00:08:45.495182,61965.254,104259.621,0.776,5775.756,64035.789,0.02,0.0
313.839,2026-06-26T00:08:45.616455,61965.258,104259.621,0.911,5776.104,64035.789,2.877,0.0
313.889,2026-06-26T00:08:45.666875,61955.254,104259.621,0.87,5776.105,64035.789,0.02,0.0
313.94,2026-06-26T00:08:45.717451,61955.254,104259.621,0.841,5776.106,64035.789,0.02,0.0
313.99,2026-06-26T00:08:45.768066,61955.254,104259.621,0.819,5776.107,64035.789,0.02,0.0
314.041,2026-06-26T00:08:45.818810,61955.254,104259.621,0.851,5776.108,64035.789,0.02,0.0
314.092,2026-06-26T00:08:45.869562,61955.254,104259.621,0.826,5776.109,64035.789,0.02,0.0
314.143,2026-06-26T00:08:45.920480,61955.254,104259.621,0.808,5776.11,64035.789,0.02,0.0
314.194,2026-06-26T00:08:45.971421,61965.258,104259.621,0.888,5776.111,64035.789,0.02,0.0
314.244,2026-06-26T00:08:46.022357,61965.258,104259.621,0.851,5776.112,64035.789,0.02,0.0
314.295,2026-06-26T00:08:46.073268,61965.258,104259.621,0.826,5776.113,64035.789,0.02,0.0
314.346,2026-06-26T00:08:46.124193,61973.023,104259.621,0.809,5776.114,64035.789,0.02,0.0
314.397,2026-06-26T00:08:46.175080,61986.176,104259.621,0.796,5776.115,64035.789,0.02,0.0
314.448,2026-06-26T00:08:46.225985,61965.258,104259.621,0.788,5776.116,64035.789,0.02,0.0
314.499,2026-06-26T00:08:46.276925,61965.258,104259.621,0.781,5776.117,64035.789,0.02,0.0
314.55,2026-06-26T00:08:46.327833,61965.258,104259.621,0.777,5776.118,64035.789,0.02,0.0
314.601,2026-06-26T00:08:46.378770,61965.258,104259.621,0.774,5776.119,64035.789,0.02,0.0
314.652,2026-06-26T00:08:46.429670,61955.254,104259.621,0.772,5776.12,64035.789,0.02,0.0
314.703,2026-06-26T00:08:46.480593,61955.254,104259.621,0.771,5776.121,64035.789,0.02,0.0
314.754,2026-06-26T00:08:46.531525,61954.18,104259.621,0.77,5776.122,64035.789,0.02,0.0
314.805,2026-06-26T00:08:46.582474,61954.18,104259.621,0.769,5776.123,64035.789,0.02,0.0
314.856,2026-06-26T00:08:46.633442,61954.18,104259.621,0.814,5776.124,64035.789,0.02,0.0
314.907,2026-06-26T00:08:46.684438,61954.18,104259.621,0.8,5776.125,64035.789,0.02,0.0
314.958,2026-06-26T00:08:46.735403,61964.184,104259.621,0.789,5776.126,64035.789,0.02,0.0
315.009,2026-06-26T00:08:46.786420,61964.184,104259.621,0.783,5776.127,64035.789,0.02,0.0
315.06,2026-06-26T00:08:46.837380,61964.184,104259.621,0.778,5776.128,64035.789,0.02,0.0
315.111,2026-06-26T00:08:46.888371,61972.188,104259.621,0.82,5776.129,64035.789,0.02,0.0
315.161,2026-06-26T00:08:46.939333,61985.25,104259.621,0.85,5776.13,64035.789,0.02,0.0
315.212,2026-06-26T00:08:46.990302,61967.285,104259.621,0.825,5776.131,64035.789,0.02,0.0
315.263,2026-06-26T00:08:47.041269,61964.184,104259.621,0.807,5776.132,64035.789,0.02,0.0
315.314,2026-06-26T00:08:47.092221,61964.184,104259.621,0.795,5776.133,64035.789,0.02,0.0
315.365,2026-06-26T00:08:47.143218,61964.184,104259.621,0.786,5776.134,64035.789,0.02,0.0
315.416,2026-06-26T00:08:47.194176,61954.18,104259.621,0.78,5776.135,64035.789,0.02,0.0
315.467,2026-06-26T00:08:47.245126,61954.18,104259.621,0.776,5776.136,64035.789,0.02,0.0
315.518,2026-06-26T00:08:47.296110,61971.918,104259.621,0.773,5776.137,64035.789,0.02,0.0
315.569,2026-06-26T00:08:47.347074,61971.918,104259.621,0.771,5776.138,64035.789,0.02,0.0
315.62,2026-06-26T00:08:47.398053,61983.922,104259.621,0.816,5776.139,64035.789,0.02,0.0
315.671,2026-06-26T00:08:47.449011,61995.922,104259.621,0.801,5776.14,64035.789,0.02,0.0
315.722,2026-06-26T00:08:47.500005,61995.922,104259.621,0.791,5776.141,64035.789,0.02,0.0
315.773,2026-06-26T00:08:47.550943,62019.922,104259.621,0.829,5776.142,64035.789,0.02,0.0
315.824,2026-06-26T00:08:47.601876,62019.922,104259.621,0.812,5776.143,64035.789,0.02,0.0
315.875,2026-06-26T00:08:47.652401,62020.016,104259.621,0.799,5776.144,64035.789,0.02,0.0
315.925,2026-06-26T00:08:47.703346,62020.016,104259.621,0.789,5776.145,64035.789,0.02,0.0
315.976,2026-06-26T00:08:47.754328,62087.48,104259.621,0.782,5776.146,64035.789,0.02,0.0
316.027,2026-06-26T00:08:47.805332,62068.496,104259.621,0.778,5776.147,64035.789,0.02,0.0
316.078,2026-06-26T00:08:47.856276,62071.578,104259.621,0.774,5776.148,64035.789,0.02,0.0
316.129,2026-06-26T00:08:47.907222,62074.316,104259.621,0.772,5776.149,64035.789,0.02,0.0
316.18,2026-06-26T00:08:47.958203,62076.68,104259.621,0.816,5776.15,64035.789,0.02,0.0
316.231,2026-06-26T00:08:48.009200,62086.352,104259.621,0.801,5776.151,64035.789,0.02,0.0
316.282,2026-06-26T00:08:48.060156,62096.191,104259.621,0.791,5776.152,64035.789,0.02,0.0
316.333,2026-06-26T00:08:48.111113,62096.191,104259.621,0.783,5776.153,64035.789,0.02,0.0
316.384,2026-06-26T00:08:48.162081,62096.191,104259.621,0.778,5776.154,64035.789,0.02,0.0
316.435,2026-06-26T00:08:48.213069,62096.191,104259.621,0.775,5776.155,64035.789,0.02,0.0
316.486,2026-06-26T00:08:48.264048,61966.332,104259.621,0.818,5776.156,64035.789,0.02,0.0
316.537,2026-06-26T00:08:48.315019,61955.746,104259.621,0.802,5776.157,64035.789,0.02,0.0
316.588,2026-06-26T00:08:48.366006,61954.27,104259.621,0.792,5776.158,64035.789,0.02,0.0
316.639,2026-06-26T00:08:48.416970,61953.883,104259.621,0.784,5776.159,64035.789,0.02,0.0
316.69,2026-06-26T00:08:48.467955,61953.883,104259.621,0.779,5776.16,64035.789,0.02,0.0
316.741,2026-06-26T00:08:48.518915,61953.883,104259.621,0.775,5776.161,64035.789,0.02,0.0
316.792,2026-06-26T00:08:48.569899,61953.883,104259.621,0.772,5776.162,64035.789,0.02,0.0
316.843,2026-06-26T00:08:48.620865,61945.531,104259.621,0.771,5776.163,64035.789,0.02,0.0
316.894,2026-06-26T00:08:48.671861,61945.531,104259.621,0.815,5776.164,64035.789,0.02,0.0
316.945,2026-06-26T00:08:48.722835,61945.531,104259.621,0.8,5776.165,64035.789,0.02,0.0
316.996,2026-06-26T00:08:48.773827,61945.531,104259.621,0.79,5776.166,64035.789,0.02,0.0
317.047,2026-06-26T00:08:48.824798,61945.531,104259.621,0.829,5776.167,64035.789,0.02,0.0
317.098,2026-06-26T00:08:48.875794,61945.531,104259.621,0.81,5776.168,64035.789,0.02,0.0
317.149,2026-06-26T00:08:48.926762,61945.531,104259.621,0.797,5776.169,64035.789,0.02,0.0
317.2,2026-06-26T00:08:48.977760,61945.531,104259.621,0.834,5776.17,64035.789,0.02,0.0
317.251,2026-06-26T00:08:49.028724,61945.531,104259.621,0.813,5776.171,64035.789,0.02,0.0
317.302,2026-06-26T00:08:49.079720,61945.531,104259.621,0.799,5776.172,64035.789,0.02,0.0
317.353,2026-06-26T00:08:49.130687,61945.531,104259.621,0.789,5776.173,64035.789,0.02,0.0
317.404,2026-06-26T00:08:49.181687,61945.531,104259.621,0.782,5776.174,64035.789,0.02,0.0
317.455,2026-06-26T00:08:49.232651,61945.531,104259.621,0.778,5776.175,64035.789,0.02,0.0
317.506,2026-06-26T00:08:49.283649,61945.531,104259.621,0.774,5776.176,64035.789,0.02,0.0
317.557,2026-06-26T00:08:49.334604,61944.395,104259.621,0.818,5776.177,64035.789,0.02,0.0
317.608,2026-06-26T00:08:49.385619,61944.395,104259.621,0.802,5776.178,64035.789,0.02,0.0
317.659,2026-06-26T00:08:49.436578,61943.098,104259.621,0.792,5776.179,64035.789,0.02,0.0
317.71,2026-06-26T00:08:49.487573,61943.098,104259.621,0.784,5776.18,64035.789,0.02,0.0
317.761,2026-06-26T00:08:49.538529,61943.098,104259.621,0.779,5776.181,64035.789,0.02,0.0
317.812,2026-06-26T00:08:49.589508,61943.098,104259.621,0.775,5776.182,64035.789,0.02,0.0
317.863,2026-06-26T00:08:49.640494,61943.098,104259.621,0.772,5776.183,64035.789,0.02,0.0
317.914,2026-06-26T00:08:49.691502,61943.098,104259.621,0.77,5776.184,64035.789,0.02,0.0
317.965,2026-06-26T00:08:49.742472,61943.098,104259.621,0.769,5776.185,64035.789,0.02,0.0
318.016,2026-06-26T00:08:49.793466,61934.5,104259.621,0.768,5776.186,64035.789,0.02,0.0
318.067,2026-06-26T00:08:49.844437,61934.5,104259.621,0.768,5776.187,64035.789,0.02,0.0
318.118,2026-06-26T00:08:49.895435,61934.5,104259.621,0.813,5776.188,64035.789,0.02,0.0
318.169,2026-06-26T00:08:49.946398,61893.055,104259.621,0.845,5776.189,64035.789,0.02,0.0
318.22,2026-06-26T00:08:49.997388,61887.75,104259.621,0.821,5776.19,64035.789,0.02,0.0
318.27,2026-06-26T00:08:50.048350,61813.898,104259.621,0.851,5776.191,64035.789,0.02,0.0
318.321,2026-06-26T00:08:50.099355,61364.16,88076.68,0.826,5774.516,64035.709,-32.869,-1.564
318.331,2026-06-26T00:08:50.108814,61364.16,88076.68,0.578,5776.193,64035.79,176.83,8.462
318.332,2026-06-26T00:08:50.109732,61364.16,88076.68,4.312,5776.194,64035.79,1.163,0.0
318.332,2026-06-26T00:08:50.110063,61364.16,88076.68,3.018,5776.194,64035.79,1.659,0.0
318.333,2026-06-26T00:08:50.110834,61364.16,88076.68,2.113,5776.195,64035.79,0.661,0.0
318.333,2026-06-26T00:08:50.111288,61364.16,88076.68,1.479,5776.195,64035.79,1.295,0.0
318.334,2026-06-26T00:08:50.111610,61364.16,88076.68,1.035,5776.196,64035.79,1.735,0.0
318.334,2026-06-26T00:08:50.111889,61364.16,88076.68,0.725,5776.196,64035.79,1.897,0.0
318.334,2026-06-26T00:08:50.112225,61364.16,88076.68,0.507,5776.197,64035.79,1.584,0.0
318.335,2026-06-26T00:08:50.112497,61364.16,88076.68,0.355,5776.197,64035.79,2.016,0.0
318.335,2026-06-26T00:08:50.112749,61364.16,88076.68,0.249,5776.198,64035.79,2.188,0.0
318.335,2026-06-26T00:08:50.113111,61364.16,88076.68,0.174,5776.198,64035.79,1.349,0.0
318.336,2026-06-26T00:08:50.113415,61364.16,88076.68,0.122,5776.199,64035.79,1.923,0.0
318.343,2026-06-26T00:08:50.120636,61471.668,88184.188,12.43,5776.2,64035.79,0.074,0.0
318.343,2026-06-26T00:08:50.120850,61471.668,88184.188,8.701,5776.2,64035.79,3.822,0.0
318.343,2026-06-26T00:08:50.120981,61471.668,88184.188,6.091,5776.201,64035.79,4.179,0.0
318.343,2026-06-26T00:08:50.121096,61471.668,88184.188,34.263,5776.201,64035.79,4.164,0.0
318.343,2026-06-26T00:08:50.121238,61471.668,88184.188,23.984,5776.202,64035.79,4.051,0.0
318.344,2026-06-26T00:08:50.121375,61471.668,88184.188,16.789,5776.202,64035.79,3.944,0.0
318.362,2026-06-26T00:08:50.139903,61471.668,88184.188,15.786,5776.203,64035.79,0.029,0.0
318.478,2026-06-26T00:08:50.255664,61471.676,88184.188,21.83,5776.53,64035.79,2.82,0.0
318.683,2026-06-26T00:08:50.461298,61476.559,93304.191,27.732,5776.857,64035.79,1.595,0.0
318.785,2026-06-26T00:08:50.563066,64282.027,93304.191,34.287,5777.185,64035.79,3.219,0.0
318.883,2026-06-26T00:08:50.661288,66590.551,93304.191,36.965,5777.513,64035.79,3.34,0.0
318.934,2026-06-26T00:08:50.711626,67877.262,98424.195,40.027,5777.513,64035.79,0.011,0.0
319.035,2026-06-26T00:08:50.812807,70771.625,98424.195,43.049,5777.841,64035.79,3.247,0.0
319.136,2026-06-26T00:08:50.913858,73048.945,103544.199,43.124,5778.169,64035.79,3.244,0.0
319.234,2026-06-26T00:08:51.012053,75888.172,103544.199,45.369,5778.497,64035.79,3.339,0.0
319.285,2026-06-26T00:08:51.062437,76830.027,103544.199,42.492,5778.497,64035.79,0.011,0.0
319.563,2026-06-26T00:08:51.341325,76861.23,103573.867,42.653,5778.824,64035.79,1.169,0.0
319.665,2026-06-26T00:08:51.442547,79456.016,108697.871,44.818,5779.151,64035.79,3.254,0.0
319.766,2026-06-26T00:08:51.544331,82435.574,113817.875,46.156,5779.478,64035.79,3.211,0.0
319.874,2026-06-26T00:08:51.652317,85773.633,113817.875,47.416,5779.805,64035.79,3.027,0.0
319.976,2026-06-26T00:08:51.754056,88755.398,118937.879,48.232,5780.131,64035.79,3.211,0.0
320.077,2026-06-26T00:08:51.854820,91840.301,118937.879,48.744,5780.458,64035.79,3.245,0.0
320.18,2026-06-26T00:08:51.957418,92240.242,118952.879,44.245,5780.785,64035.79,3.187,0.0
320.268,2026-06-26T00:08:52.045680,92240.242,118952.879,31.317,5781.112,64035.79,3.703,0.0
320.318,2026-06-26T00:08:52.096005,92240.242,118952.879,22.154,5781.112,64035.79,0.011,0.0
320.409,2026-06-26T00:08:52.186408,92240.242,118952.879,15.845,5781.44,64035.79,3.628,0.0
320.459,2026-06-26T00:08:52.236748,92240.242,118952.879,11.324,5781.44,64035.79,0.011,0.0
320.548,2026-06-26T00:08:52.326111,92240.242,118952.879,8.268,5781.768,64035.79,3.673,0.0
320.599,2026-06-26T00:08:52.376446,92240.242,118952.879,6.02,5781.768,64035.79,0.011,0.0
320.688,2026-06-26T00:08:52.465563,92240.242,118952.879,4.53,5782.096,64035.79,3.683,0.0
320.738,2026-06-26T00:08:52.515892,92240.242,118952.879,3.45,5782.097,64035.79,0.011,0.0
320.827,2026-06-26T00:08:52.604898,92240.242,118952.879,2.731,5782.424,64035.79,3.688,0.0
320.877,2026-06-26T00:08:52.655243,92240.242,118952.879,2.191,5782.425,64035.79,0.011,0.0
320.966,2026-06-26T00:08:52.744132,92240.242,118952.879,1.85,5782.753,64035.79,3.693,0.0
321.017,2026-06-26T00:08:52.794472,92240.242,118952.879,1.528,5782.753,64035.79,0.011,0.0
321.105,2026-06-26T00:08:52.883346,92240.242,118952.879,1.412,5783.081,64035.79,3.694,0.0
321.156,2026-06-26T00:08:52.933690,92240.242,118952.879,1.221,5783.081,64035.79,0.011,0.0
321.245,2026-06-26T00:08:53.022507,92240.242,118952.879,1.198,5783.409,64035.79,3.696,0.0
321.295,2026-06-26T00:08:53.072839,92240.242,118952.879,1.071,5783.41,64035.79,0.011,0.0
423.225,2026-06-26T00:10:35.003070,91699.395,118979.879,1.435,5783.736,121962.018,0.003,568.293
423.328,2026-06-26T00:10:35.106191,90419.613,118979.879,1.345,5784.063,121962.018,3.175,0.0
423.417,2026-06-26T00:10:35.194555,89545.613,118979.879,1.286,5784.39,121962.018,3.702,0.0
423.467,2026-06-26T00:10:35.244904,89009.715,118979.879,1.133,5784.391,121962.018,0.011,0.0
423.556,2026-06-26T00:10:35.334081,88100.527,118979.879,1.135,5784.719,121962.018,3.686,0.0
423.607,2026-06-26T00:10:35.384434,87557.613,118979.879,1.027,5784.719,121962.018,0.011,0.0
423.696,2026-06-26T00:10:35.473749,86713.617,113859.875,1.034,5785.047,121962.018,3.68,0.0
423.746,2026-06-26T00:10:35.524103,86237.617,113859.875,1.002,5785.048,121962.018,0.011,0.0
423.836,2026-06-26T00:10:35.614219,85287.617,113859.875,1.04,5785.376,121962.018,3.648,0.0
423.887,2026-06-26T00:10:35.664572,84798.898,113859.875,0.96,5785.376,121962.018,0.011,0.0
423.977,2026-06-26T00:10:35.754485,83889.711,113859.875,1.011,5785.704,121962.018,3.655,0.0
424.027,2026-06-26T00:10:35.804837,83397.234,113859.875,0.94,5785.705,121962.018,0.011,0.0
424.116,2026-06-26T00:10:35.894223,82450.164,113859.875,0.999,5786.033,121962.018,3.678,0.0
424.167,2026-06-26T00:10:35.944563,82027.629,108739.871,0.932,5786.034,121962.018,0.011,0.0
424.256,2026-06-26T00:10:36.033908,81118.441,108739.871,0.994,5786.362,121962.018,3.679,0.0
424.306,2026-06-26T00:10:36.084256,80588.082,108739.871,0.928,5786.362,121962.018,0.011,0.0
424.396,2026-06-26T00:10:36.173536,79641.012,108739.871,0.991,5786.69,121962.018,3.682,0.0
424.446,2026-06-26T00:10:36.223886,79185.609,108739.871,0.926,5786.691,121962.018,0.011,0.0
424.536,2026-06-26T00:10:36.313363,78239.348,108739.871,0.963,5787.019,121962.018,3.671,0.0
424.586,2026-06-26T00:10:36.363710,77745.609,108739.871,0.906,5787.019,121962.018,0.011,0.0
424.675,2026-06-26T00:10:36.453173,76907.625,103619.867,0.976,5787.346,121962.018,3.663,0.0
424.726,2026-06-26T00:10:36.503523,76429.039,103557.867,0.962,5787.347,121962.018,0.011,0.0
424.815,2026-06-26T00:10:36.592937,75633.5,103557.867,1.014,5787.674,121962.018,3.665,0.0
424.865,2026-06-26T00:10:36.643297,75141.023,103557.867,0.942,5787.675,121962.018,0.011,0.0
424.955,2026-06-26T00:10:36.732709,74353.738,103557.867,0.975,5788.002,121962.018,3.666,0.0
425.005,2026-06-26T00:10:36.783063,74004.539,103557.867,0.914,5788.002,121962.018,0.011,0.0
425.095,2026-06-26T00:10:36.872599,73246.883,103557.867,0.981,5788.329,121962.018,3.661,0.0
425.145,2026-06-26T00:10:36.922949,72754.406,103557.867,0.919,5788.33,121962.018,0.011,0.0
425.235,2026-06-26T00:10:37.012397,71996.75,103557.867,0.984,5788.657,121962.018,3.665,0.0
425.285,2026-06-26T00:10:37.062747,71649.98,98437.863,0.921,5788.658,121962.018,0.011,0.0
425.376,2026-06-26T00:10:37.154326,70930.207,98437.863,1.003,5788.985,121962.018,3.579,0.0
425.427,2026-06-26T00:10:37.204648,70513.496,98437.863,0.935,5788.985,121962.018,0.011,0.0
425.516,2026-06-26T00:10:37.293754,69773.742,98437.863,0.997,5789.313,121962.018,3.686,0.0
425.566,2026-06-26T00:10:37.344111,69414.895,98437.863,0.93,5789.314,121962.018,0.011,0.0
425.663,2026-06-26T00:10:37.441362,68695.121,98437.863,0.989,5789.642,121962.018,3.379,0.0
425.714,2026-06-26T00:10:37.491715,68316.293,98437.863,0.924,5789.642,121962.018,0.011,0.0
425.803,2026-06-26T00:10:37.581237,67629.742,98437.863,0.988,5789.971,121962.018,3.671,0.0
425.854,2026-06-26T00:10:37.631598,67255.574,98437.863,0.924,5789.971,121962.018,0.011,0.0
425.943,2026-06-26T00:10:37.720739,66605.742,98437.863,0.989,5790.299,121962.018,3.688,0.0
425.993,2026-06-26T00:10:37.771089,66177.734,93317.859,0.924,5790.3,121962.018,0.011,0.0
426.082,2026-06-26T00:10:37.860157,65545.023,93317.859,0.989,5790.628,121962.018,3.69,0.0
426.133,2026-06-26T00:10:37.910510,65093.734,93317.859,0.925,5790.628,121962.018,0.011,0.0
426.222,2026-06-26T00:10:37.999484,64446.422,93317.859,0.964,5790.956,121962.018,3.694,0.0
426.272,2026-06-26T00:10:38.049837,64029.711,93317.859,0.907,5790.957,121962.018,0.011,0.0
426.361,2026-06-26T00:10:38.139016,63347.82,93317.859,0.977,5791.285,121962.018,3.687,0.0
426.412,2026-06-26T00:10:38.189375,63033.734,93317.859,0.916,5791.286,121962.018,0.011,0.0
426.5,2026-06-26T00:10:38.278334,62324.984,93317.859,0.984,5791.613,121962.018,3.684,0.0
426.551,2026-06-26T00:10:38.328682,61870.391,93317.859,0.921,5791.613,121962.018,0.011,0.0
426.611,2026-06-26T00:10:38.388376,61485.738,88197.855,0.952,5791.652,121962.018,0.608,0.0
426.616,2026-06-26T00:10:38.394264,61485.738,88197.855,0.666,5791.653,121962.018,0.093,0.0
426.699,2026-06-26T00:10:38.476672,60844.238,87570.316,0.871,5791.941,121962.018,3.688,0.0
427.019,2026-06-26T00:10:38.797074,59853.355,86565.473,0.873,5792.118,121962.018,0.55,0.0
427.02,2026-06-26T00:10:38.797707,59853.355,86565.473,0.611,5792.119,121962.018,3.198,0.0
427.022,2026-06-26T00:10:38.800222,59853.355,86565.473,0.428,5793.755,121962.018,635.201,0.0
427.023,2026-06-26T00:10:38.800556,59853.355,86565.473,0.299,5793.756,121962.018,3.338,0.0
427.03,2026-06-26T00:10:38.808000,59853.355,86565.473,0.523,5793.757,121962.018,0.097,0.0
427.031,2026-06-26T00:10:38.808409,59853.355,86565.473,0.366,5793.758,121962.018,3.002,0.0
427.084,2026-06-26T00:10:38.861572,59853.355,86565.473,0.521,5793.763,121963.653,0.092,30.669
427.325,2026-06-26T00:10:39.103079,59853.355,86565.473,0.597,5793.767,121963.657,0.017,0.018
427.34,2026-06-26T00:10:39.118199,59745.848,86457.965,1.042,5793.827,121963.657,3.984,0.0
427.341,2026-06-26T00:10:39.118674,59745.848,86457.965,0.729,5793.827,121963.657,2.235,0.0
427.343,2026-06-26T00:10:39.121009,59745.848,86457.965,0.511,5795.464,121963.657,677.284,0.0
427.344,2026-06-26T00:10:39.121416,59745.848,86457.965,0.357,5795.465,121963.657,2.55,0.0
427.344,2026-06-26T00:10:39.121733,59745.848,86457.965,0.25,5795.466,121963.657,2.143,0.0
427.346,2026-06-26T00:10:39.123867,59745.848,86457.965,0.175,5797.102,121963.657,769.78,0.0
427.347,2026-06-26T00:10:39.124636,59745.848,86457.965,0.123,5797.103,121963.658,1.588,0.796
427.363,2026-06-26T00:10:39.141004,59745.848,86457.965,0.228,5797.182,121963.658,4.733,0.0
427.48,2026-06-26T00:10:39.257747,59834.188,101988.906,0.3,5799.175,121963.658,17.096,0.002
427.53,2026-06-26T00:10:39.308175,59834.914,101988.906,0.488,5799.176,121963.659,0.019,0.02
427.581,2026-06-26T00:10:39.358786,59834.934,101988.906,0.573,5799.177,121963.69,0.02,0.613
427.632,2026-06-26T00:10:39.409404,59834.996,101988.906,0.632,5799.178,121963.69,0.02,0.0
427.682,2026-06-26T00:10:39.460200,59835.305,101988.906,0.627,5799.179,121963.721,0.02,0.611
427.733,2026-06-26T00:10:39.510956,59838.32,101989.281,0.715,5799.18,121963.721,0.022,0.002
427.784,2026-06-26T00:10:39.561938,59838.672,111588.906,0.776,5799.181,121963.721,0.022,0.002
427.835,2026-06-26T00:10:39.612968,59839.961,111600.906,0.773,5799.182,121963.721,0.02,0.0
427.886,2026-06-26T00:10:39.663953,59843.984,111600.906,0.771,5799.183,121963.721,0.02,0.0
427.937,2026-06-26T00:10:39.714973,59850.617,106800.906,0.77,5799.184,121963.721,0.02,0.0
427.988,2026-06-26T00:10:39.765961,59859.086,102014.906,0.768,5799.185,121963.721,0.02,0.0
428.039,2026-06-26T00:10:39.817007,59864.859,102014.906,0.768,5799.186,121963.721,0.02,0.0
428.09,2026-06-26T00:10:39.868011,59884.535,102050.906,0.767,5799.187,121963.721,0.02,0.0
428.141,2026-06-26T00:10:39.919006,59885.492,102050.906,0.767,5799.188,121963.721,0.02,0.0
428.192,2026-06-26T00:10:39.969997,59885.496,102050.906,0.766,5799.189,121963.721,0.02,0.0
428.243,2026-06-26T00:10:40.021004,59885.496,102050.906,0.766,5799.19,121963.721,0.02,0.0
428.294,2026-06-26T00:10:40.071966,59886.562,102050.906,0.812,5799.191,121963.721,0.02,0.0
428.345,2026-06-26T00:10:40.122980,59886.566,102050.906,0.798,5799.192,121963.721,0.02,0.0
428.396,2026-06-26T00:10:40.173959,59886.629,102050.906,0.789,5799.193,121963.721,0.02,0.0
428.447,2026-06-26T00:10:40.224963,59886.805,102050.906,0.782,5799.194,121963.721,0.02,0.0
428.498,2026-06-26T00:10:40.275950,59888.312,102050.906,0.823,5799.195,121963.721,0.02,0.0
428.549,2026-06-26T00:10:40.326968,59888.824,102050.906,0.806,5799.196,121963.721,0.02,0.0
428.6,2026-06-26T00:10:40.377961,59889.227,102050.906,0.794,5799.197,121963.721,0.02,0.0
428.651,2026-06-26T00:10:40.428980,59892.617,102050.906,0.831,5799.198,121963.721,0.02,0.0
428.702,2026-06-26T00:10:40.479953,59904.809,102074.906,0.812,5799.199,121963.721,0.02,0.0
428.753,2026-06-26T00:10:40.530962,59904.832,102074.906,0.798,5799.2,121963.721,0.02,0.0
428.804,2026-06-26T00:10:40.581952,59904.895,102074.906,0.788,5799.201,121963.721,0.02,0.0
428.855,2026-06-26T00:10:40.632966,59904.895,102074.906,0.782,5799.202,121963.721,0.02,0.0
428.906,2026-06-26T00:10:40.683952,59911.531,102074.906,0.777,5799.203,121963.721,0.02,0.0
428.957,2026-06-26T00:10:40.734953,59922.762,102074.906,0.774,5799.204,121963.721,0.02,0.0
429.008,2026-06-26T00:10:40.785976,59926.504,102102.906,0.817,5799.205,121963.721,0.02,0.0
429.059,2026-06-26T00:10:40.836975,59926.504,102102.906,0.802,5799.206,121963.721,0.02,0.0
429.11,2026-06-26T00:10:40.887963,59926.504,102102.906,0.791,5799.207,121963.721,0.02,0.0
429.161,2026-06-26T00:10:40.938964,59926.504,102102.906,0.83,5799.208,121963.721,0.02,0.0
429.212,2026-06-26T00:10:40.989941,59926.504,102102.906,0.81,5799.209,121963.721,0.02,0.0
429.263,2026-06-26T00:10:41.040970,59926.504,102102.906,0.797,5799.21,121963.721,0.02,0.0
429.314,2026-06-26T00:10:41.091941,59926.504,102102.906,0.788,5799.211,121963.721,0.02,0.0
429.365,2026-06-26T00:10:41.142945,59926.504,102102.906,0.781,5799.212,121963.721,0.02,0.0
429.416,2026-06-26T00:10:41.193936,59926.574,102102.906,0.777,5799.213,121963.721,0.02,0.0
429.467,2026-06-26T00:10:41.244944,59926.582,102102.906,0.819,5799.214,121963.721,0.02,0.0
429.518,2026-06-26T00:10:41.295943,59926.586,102102.906,0.803,5799.215,121963.721,0.02,0.0
429.569,2026-06-26T00:10:41.346951,59926.586,102102.906,0.792,5799.216,121963.721,0.02,0.0
429.62,2026-06-26T00:10:41.397929,59926.59,102102.906,0.784,5799.217,121963.721,0.02,0.0
429.671,2026-06-26T00:10:41.448935,59938.594,102102.906,0.779,5799.218,121963.721,0.02,0.0
429.722,2026-06-26T00:10:41.499926,59926.59,102102.906,0.775,5799.219,121963.721,0.02,0.0
429.773,2026-06-26T00:10:41.550932,59926.656,102102.906,0.772,5799.22,121963.721,0.02,0.0
429.824,2026-06-26T00:10:41.601916,59930.129,102102.906,0.77,5799.221,121963.721,0.02,0.0
429.875,2026-06-26T00:10:41.652919,59930.293,102102.93,0.815,5799.222,121963.721,0.02,0.0
429.926,2026-06-26T00:10:41.703922,59930.293,102102.93,0.846,5799.223,121963.721,0.02,0.0
429.977,2026-06-26T00:10:41.754922,59930.293,102102.93,0.822,5799.224,121963.721,0.02,0.0
430.028,2026-06-26T00:10:41.805947,59930.293,102102.93,0.805,5799.225,121963.721,0.02,0.0
430.079,2026-06-26T00:10:41.856945,59930.293,102102.93,0.793,5799.226,121963.721,0.02,0.0
430.13,2026-06-26T00:10:41.907921,59930.293,102102.93,0.785,5799.227,121963.721,0.02,0.0
430.181,2026-06-26T00:10:41.958946,59930.293,102102.93,0.779,5799.228,121963.721,0.02,0.0
430.232,2026-06-26T00:10:42.009935,59930.293,102102.93,0.775,5799.229,121963.721,0.02,0.0
430.283,2026-06-26T00:10:42.060935,59930.293,102102.93,0.773,5799.23,121963.721,0.02,0.0
430.334,2026-06-26T00:10:42.111909,59930.293,102102.93,0.771,5799.231,121963.721,0.02,0.0
430.385,2026-06-26T00:10:42.162899,59930.293,102102.93,0.769,5799.232,121963.721,0.02,0.0
430.436,2026-06-26T00:10:42.213910,59930.293,102102.93,0.814,5799.233,121963.721,0.02,0.0
430.487,2026-06-26T00:10:42.264901,59930.293,102102.93,0.8,5799.234,121963.721,0.02,0.0
430.538,2026-06-26T00:10:42.315880,59930.293,102102.93,0.79,5799.235,121963.721,0.02,0.0
430.589,2026-06-26T00:10:42.366886,59930.293,102102.93,0.829,5799.236,121963.721,0.02,0.0
430.64,2026-06-26T00:10:42.417867,59930.293,102102.93,0.81,5799.237,121963.721,0.02,0.0
430.691,2026-06-26T00:10:42.468886,59930.293,102102.93,0.797,5799.238,121963.721,0.02,0.0
430.742,2026-06-26T00:10:42.519863,59930.293,102102.93,0.787,5799.239,121963.721,0.02,0.0
430.793,2026-06-26T00:10:42.570855,59930.293,102102.93,0.781,5799.24,121963.721,0.02,0.0
430.844,2026-06-26T00:10:42.621840,59930.293,102102.93,0.776,5799.241,121963.721,0.02,0.0
430.895,2026-06-26T00:10:42.672831,59930.293,102102.93,0.773,5799.242,121963.721,0.02,0.0
430.946,2026-06-26T00:10:42.723811,59930.293,102102.93,0.817,5799.243,121963.721,0.02,0.0
430.997,2026-06-26T00:10:42.774814,59930.293,102102.93,0.848,5799.244,121963.721,0.02,0.0
431.048,2026-06-26T00:10:42.825799,59930.293,102102.93,0.823,5799.245,121963.721,0.02,0.0
431.099,2026-06-26T00:10:42.876806,59930.293,102102.93,0.806,5799.246,121963.721,0.02,0.0
431.15,2026-06-26T00:10:42.927806,59930.293,102102.93,0.794,5799.247,121963.721,0.02,0.0
431.201,2026-06-26T00:10:42.978823,59930.293,102102.93,0.786,5799.248,121963.721,0.02,0.0
431.252,2026-06-26T00:10:43.029798,59930.293,102102.93,0.78,5799.249,121963.721,0.02,0.0
431.303,2026-06-26T00:10:43.080798,59930.293,102102.93,0.776,5799.25,121963.721,0.02,0.0
431.354,2026-06-26T00:10:43.131784,59930.293,102102.93,0.773,5799.251,121963.721,0.02,0.0
431.405,2026-06-26T00:10:43.182775,59930.293,102102.93,0.771,5799.252,121963.721,0.02,0.0
431.456,2026-06-26T00:10:43.233751,59930.293,102102.93,0.861,5799.253,121963.721,0.02,0.0
431.507,2026-06-26T00:10:43.284747,59930.293,102102.93,0.833,5799.254,121963.721,0.02,0.0
431.558,2026-06-26T00:10:43.335724,59930.293,102102.93,0.813,5799.255,121963.721,0.02,0.0
431.609,2026-06-26T00:10:43.386754,59930.293,102102.93,0.799,5799.256,121963.721,0.02,0.0
431.66,2026-06-26T00:10:43.437723,59930.293,102102.93,0.789,5799.257,121963.721,0.02,0.0
431.711,2026-06-26T00:10:43.488731,59930.293,102102.93,0.782,5799.258,121963.721,0.02,0.0
431.762,2026-06-26T00:10:43.539711,59930.293,102102.93,0.777,5799.259,121963.721,0.02,0.0
431.813,2026-06-26T00:10:43.590718,59930.293,102102.93,0.774,5799.26,121963.721,0.02,0.0
431.864,2026-06-26T00:10:43.641671,59930.293,102102.93,0.772,5799.261,121963.721,0.02,0.0
431.915,2026-06-26T00:10:43.692664,59930.293,102102.93,0.77,5799.262,121963.721,0.02,0.0
431.966,2026-06-26T00:10:43.743656,59930.293,102102.93,0.815,5799.263,121963.721,0.02,0.0
432.017,2026-06-26T00:10:43.794663,59930.293,102102.93,0.846,5799.264,121963.721,0.02,0.0
432.068,2026-06-26T00:10:43.845651,59930.293,102102.93,0.822,5799.265,121963.721,0.02,0.0
432.119,2026-06-26T00:10:43.896662,59930.293,102102.93,0.805,5799.266,121963.721,0.02,0.0
432.17,2026-06-26T00:10:43.947637,59930.293,102102.93,0.793,5799.267,121963.721,0.02,0.0
432.221,2026-06-26T00:10:43.998651,59930.293,102102.93,0.785,5799.268,121963.721,0.02,0.0
432.272,2026-06-26T00:10:44.049638,59930.293,102102.93,0.779,5799.269,121963.721,0.02,0.0
432.323,2026-06-26T00:10:44.100664,59930.293,102102.93,0.775,5799.27,121963.721,0.02,0.0
432.374,2026-06-26T00:10:44.151657,59930.293,102102.93,0.772,5799.271,121963.721,0.02,0.0
432.495,2026-06-26T00:10:44.272734,59930.293,102102.93,0.91,5799.619,121963.721,2.88,0.0
432.545,2026-06-26T00:10:44.323176,59930.293,102102.93,0.868,5799.62,121963.721,0.02,0.0
432.596,2026-06-26T00:10:44.373757,59930.293,102102.93,0.84,5799.621,121963.721,0.02,0.0
432.647,2026-06-26T00:10:44.424428,59930.293,102102.93,0.864,5799.622,121963.721,0.02,0.0
432.697,2026-06-26T00:10:44.475191,59930.293,102102.93,0.836,5799.623,121963.721,0.02,0.0
432.748,2026-06-26T00:10:44.525951,59930.293,102102.93,0.815,5799.624,121963.721,0.02,0.0
432.799,2026-06-26T00:10:44.576955,59930.293,102102.93,0.801,5799.625,121963.721,0.02,0.0
432.85,2026-06-26T00:10:44.627933,59930.293,102102.93,0.79,5799.626,121963.721,0.02,0.0
432.901,2026-06-26T00:10:44.678932,59930.293,102102.93,0.783,5799.627,121963.721,0.02,0.0
432.952,2026-06-26T00:10:44.729937,59930.293,102102.93,0.778,5799.628,121963.721,0.02,0.0
433.003,2026-06-26T00:10:44.780937,59930.293,102102.93,0.774,5799.629,121963.721,0.02,0.0
433.054,2026-06-26T00:10:44.831927,59930.293,102102.93,0.818,5799.63,121963.721,0.02,0.0
433.105,2026-06-26T00:10:44.882945,59930.293,102102.93,0.802,5799.631,121963.721,0.02,0.0
433.156,2026-06-26T00:10:44.933925,59930.293,102102.93,0.837,5799.632,121963.721,0.02,0.0
433.207,2026-06-26T00:10:44.984953,59930.293,102102.93,0.816,5799.633,121963.721,0.02,0.0
433.258,2026-06-26T00:10:45.035933,59930.293,102102.93,0.801,5799.634,121963.721,0.02,0.0
433.309,2026-06-26T00:10:45.086948,59930.293,102102.93,0.79,5799.635,121963.721,0.02,0.0
433.36,2026-06-26T00:10:45.137931,59930.293,102102.93,0.783,5799.636,121963.721,0.02,0.0
433.411,2026-06-26T00:10:45.188915,59930.293,102102.93,0.778,5799.637,121963.721,0.02,0.0
433.462,2026-06-26T00:10:45.239906,59930.293,102102.93,0.82,5799.638,121963.721,0.02,0.0
433.513,2026-06-26T00:10:45.290905,59930.293,102102.93,0.804,5799.639,121963.721,0.02,0.0
433.564,2026-06-26T00:10:45.341900,59930.91,102102.93,0.793,5799.64,121963.721,0.02,0.0
433.615,2026-06-26T00:10:45.392905,59939.191,102102.93,0.831,5799.641,121963.721,0.02,0.0
433.666,2026-06-26T00:10:45.443897,59944.633,102102.93,0.811,5799.642,121963.721,0.02,0.0
433.717,2026-06-26T00:10:45.494912,59959.305,102102.93,0.798,5799.643,121963.721,0.02,0.0
433.768,2026-06-26T00:10:45.545901,59960.73,102102.93,0.788,5799.644,121963.721,0.02,0.0
433.819,2026-06-26T00:10:45.596893,59960.969,102102.93,0.782,5799.645,121963.721,0.02,0.0
433.87,2026-06-26T00:10:45.647884,59960.988,102102.93,0.777,5799.646,121963.721,0.02,0.0
433.921,2026-06-26T00:10:45.698893,59961.988,102102.93,0.773,5799.647,121963.721,0.02,0.0
433.972,2026-06-26T00:10:45.749890,59964.801,102102.93,0.771,5799.648,121963.721,0.02,0.0
434.023,2026-06-26T00:10:45.800899,59958.469,102102.93,0.77,5799.649,121963.753,0.02,0.624
434.074,2026-06-26T00:10:45.851873,59958.469,102102.93,0.539,5799.65,121963.753,0.02,0.0
434.125,2026-06-26T00:10:45.902905,59958.469,102102.93,0.377,5799.651,121963.753,0.02,0.0
434.176,2026-06-26T00:10:45.953877,59958.469,102102.93,0.31,5799.652,121963.753,0.02,0.0
434.227,2026-06-26T00:10:46.004876,59958.469,102102.93,0.217,5799.653,121963.753,0.02,0.0
434.278,2026-06-26T00:10:46.055852,59952.645,102102.93,0.198,5799.665,121963.837,0.235,1.651
434.329,2026-06-26T00:10:46.106860,59943.059,102102.93,0.414,5799.666,121963.837,0.02,0.0
434.38,2026-06-26T00:10:46.157871,59943.059,102102.93,0.52,5799.667,121963.837,0.02,0.0
434.431,2026-06-26T00:10:46.208864,59942.527,102102.93,0.594,5799.668,121963.837,0.02,0.0
434.482,2026-06-26T00:10:46.259845,59942.777,102102.93,0.645,5799.669,121963.837,0.02,0.0
434.533,2026-06-26T00:10:46.310845,59941.41,102102.93,0.728,5799.67,121963.837,0.02,0.0
434.584,2026-06-26T00:10:46.361833,59941.41,102102.93,0.739,5799.671,121963.837,0.02,0.0
434.635,2026-06-26T00:10:46.412841,59940.875,102102.93,0.747,5799.672,121963.837,0.02,0.0
434.686,2026-06-26T00:10:46.463825,59940.766,102102.93,0.753,5799.673,121963.837,0.02,0.0
434.737,2026-06-26T00:10:46.514825,59939.555,102102.93,0.757,5799.674,121963.837,0.02,0.0
434.788,2026-06-26T00:10:46.565804,59939.555,102102.93,0.759,5799.675,121963.837,0.02,0.0
434.839,2026-06-26T00:10:46.616830,59939.438,102102.93,0.762,5799.676,121963.837,0.02,0.0
434.89,2026-06-26T00:10:46.667795,59937.359,102102.93,0.763,5799.677,121963.837,0.02,0.0
434.941,2026-06-26T00:10:46.718793,59937.359,102102.93,0.764,5799.678,121963.837,0.02,0.0
434.992,2026-06-26T00:10:46.769779,59937.359,102102.93,0.765,5799.679,121963.837,0.02,0.0
435.043,2026-06-26T00:10:46.820805,59935.965,102102.93,0.811,5799.68,121963.837,0.02,0.0
435.094,2026-06-26T00:10:46.871796,59935.965,102102.93,0.797,5799.681,121963.837,0.02,0.0
435.145,2026-06-26T00:10:46.922810,59935.965,102102.93,0.788,5799.682,121963.837,0.02,0.0
435.196,2026-06-26T00:10:46.973788,59935.965,102102.93,0.828,5799.683,121963.837,0.02,0.0
435.247,2026-06-26T00:10:47.024789,59935.965,102102.93,0.809,5799.684,121963.837,0.02,0.0
435.298,2026-06-26T00:10:47.075799,59935.965,102102.93,0.796,5799.685,121963.837,0.02,0.0
435.349,2026-06-26T00:10:47.126803,59935.965,102102.93,0.787,5799.686,121963.837,0.02,0.0
435.4,2026-06-26T00:10:47.177790,59935.961,102102.93,0.781,5799.687,121963.837,0.02,0.0
435.451,2026-06-26T00:10:47.228778,59935.961,102102.93,0.776,5799.688,121963.837,0.02,0.0
435.502,2026-06-26T00:10:47.279755,59935.961,102102.93,0.773,5799.689,121963.837,0.02,0.0
435.553,2026-06-26T00:10:47.330779,59935.961,102102.93,0.771,5799.69,121963.837,0.02,0.0
435.604,2026-06-26T00:10:47.381746,59936.02,102102.93,0.862,5799.691,121963.837,0.02,0.0
435.655,2026-06-26T00:10:47.432758,59936.023,102102.93,0.833,5799.692,121963.837,0.02,0.0
435.706,2026-06-26T00:10:47.483737,59936.023,102102.93,0.813,5799.693,121963.837,0.02,0.0
435.757,2026-06-26T00:10:47.534747,59936.023,102102.93,0.799,5799.694,121963.837,0.02,0.0
435.808,2026-06-26T00:10:47.585749,59936.023,102102.93,0.789,5799.695,121963.837,0.02,0.0
435.859,2026-06-26T00:10:47.636709,59936.023,102102.93,0.782,5799.696,121963.837,0.02,0.0
435.91,2026-06-26T00:10:47.687680,59936.023,102102.93,0.777,5799.697,121963.837,0.02,0.0
435.961,2026-06-26T00:10:47.738695,59936.023,102102.93,0.774,5799.698,121963.837,0.02,0.0
436.012,2026-06-26T00:10:47.789684,59936.023,102102.93,0.817,5799.699,121963.837,0.02,0.0
436.063,2026-06-26T00:10:47.840674,59936.027,102102.93,0.802,5799.7,121963.837,0.02,0.0
436.114,2026-06-26T00:10:47.891633,59936.027,102102.93,0.791,5799.701,121963.837,0.02,0.0
436.165,2026-06-26T00:10:47.942611,59936.027,102102.93,0.784,5799.702,121963.837,0.02,0.0
436.216,2026-06-26T00:10:47.993589,59936.027,102102.93,0.778,5799.703,121963.837,0.02,0.0
436.267,2026-06-26T00:10:48.044607,59934.734,102102.93,0.775,5799.704,121963.837,0.02,0.0
436.318,2026-06-26T00:10:48.095577,59934.734,102102.93,0.818,5799.705,121963.837,0.02,0.0
436.369,2026-06-26T00:10:48.146580,59934.734,102102.93,0.803,5799.706,121963.837,0.02,0.0
436.42,2026-06-26T00:10:48.197498,59934.734,102102.93,0.793,5799.707,121963.837,0.02,0.0
436.47,2026-06-26T00:10:48.248024,59934.734,102102.93,0.787,5799.708,121963.837,0.02,0.0
436.521,2026-06-26T00:10:48.298630,59934.734,102102.93,0.782,5799.709,121963.837,0.02,0.0
436.571,2026-06-26T00:10:48.349221,59934.734,102102.93,0.779,5799.71,121963.837,0.02,0.0
436.622,2026-06-26T00:10:48.399790,59934.734,102102.93,0.777,5799.711,121963.837,0.02,0.0
436.673,2026-06-26T00:10:48.450387,59934.734,102102.93,0.776,5799.712,121963.837,0.02,0.0
436.723,2026-06-26T00:10:48.500981,59934.711,102102.93,0.775,5799.713,121963.837,0.02,0.0
436.774,2026-06-26T00:10:48.551596,59934.727,102102.93,0.774,5799.714,121963.837,0.02,0.0
436.824,2026-06-26T00:10:48.602212,59934.734,102102.93,0.773,5799.715,121963.837,0.02,0.0
436.875,2026-06-26T00:10:48.652781,59934.734,102102.93,0.773,5799.716,121963.837,0.02,0.0
436.926,2026-06-26T00:10:48.703369,59934.734,102102.93,0.773,5799.717,121963.837,0.02,0.0
436.976,2026-06-26T00:10:48.753976,59934.734,102102.93,0.772,5799.718,121963.837,0.02,0.0
437.027,2026-06-26T00:10:48.804581,59934.734,102102.93,0.772,5799.719,121963.837,0.02,0.0
437.077,2026-06-26T00:10:48.855205,59934.734,102102.93,0.819,5799.72,121963.837,0.02,0.0
437.128,2026-06-26T00:10:48.905776,59936.738,102102.93,0.851,5799.721,121963.837,0.02,0.0
437.179,2026-06-26T00:10:48.956373,59936.738,102102.93,0.827,5799.722,121963.837,0.02,0.0
437.229,2026-06-26T00:10:49.006978,59936.738,102102.93,0.811,5799.723,121963.837,0.02,0.0
437.28,2026-06-26T00:10:49.057583,59940.242,102102.93,0.799,5799.724,121963.837,0.02,0.0
437.33,2026-06-26T00:10:49.108193,59940.242,102102.93,0.79,5799.725,121963.837,0.02,0.0
437.381,2026-06-26T00:10:49.159104,59940.242,102102.93,0.829,5799.726,121963.837,0.02,0.0
437.506,2026-06-26T00:10:49.284305,59940.246,102102.93,0.956,5800.073,121963.837,2.783,0.0
437.557,2026-06-26T00:10:49.334713,59940.246,102102.93,0.9,5800.074,121963.837,0.02,0.0
437.607,2026-06-26T00:10:49.385325,59940.246,102102.93,0.862,5800.075,121963.837,0.02,0.0
437.658,2026-06-26T00:10:49.435922,59940.246,102102.93,0.834,5800.076,121963.837,0.02,0.0
437.709,2026-06-26T00:10:49.486707,59940.246,102102.93,0.815,5800.077,121963.837,0.02,0.0
437.76,2026-06-26T00:10:49.537495,59940.246,102102.93,0.801,5800.078,121963.837,0.02,0.0
437.811,2026-06-26T00:10:49.588458,59940.246,102102.93,0.791,5800.079,121963.837,0.02,0.0
437.862,2026-06-26T00:10:49.639408,59940.246,102102.93,0.829,5800.08,121963.837,0.02,0.0
437.913,2026-06-26T00:10:49.690378,59946.254,102102.93,0.765,5800.081,121963.837,0.02,0.0
437.963,2026-06-26T00:10:49.741315,59946.254,102102.93,0.765,5800.082,121963.837,0.02,0.0
438.014,2026-06-26T00:10:49.792231,59945.211,102102.93,0.766,5800.083,121963.837,0.02,0.0
438.065,2026-06-26T00:10:49.843213,59945.211,102102.93,0.812,5800.084,121963.837,0.02,0.0
438.116,2026-06-26T00:10:49.894134,59944.656,102102.93,0.798,5800.085,121963.837,0.02,0.0
438.167,2026-06-26T00:10:49.945078,59944.656,102102.93,0.789,5800.086,121963.837,0.02,0.0
438.218,2026-06-26T00:10:49.996040,59960.68,102134.93,0.782,5800.087,121963.837,0.02,0.0
438.269,2026-06-26T00:10:50.046969,59952.062,102134.93,0.778,5800.088,121963.837,0.02,0.0
438.32,2026-06-26T00:10:50.097947,59950.992,102134.93,0.774,5800.089,121963.837,0.02,0.0
438.371,2026-06-26T00:10:50.148877,59949.398,102134.93,0.772,5800.09,121963.837,0.02,0.0
438.422,2026-06-26T00:10:50.199843,59949.398,102134.93,0.77,5800.091,121963.837,0.02,0.0
438.473,2026-06-26T00:10:50.250790,59949.398,102134.93,0.861,5800.092,121963.837,0.02,0.0
438.524,2026-06-26T00:10:50.301743,59949.398,102134.93,0.833,5800.093,121963.837,0.02,0.0
438.575,2026-06-26T00:10:50.352706,59949.398,102134.93,0.859,5800.094,121963.837,0.02,0.0
438.626,2026-06-26T00:10:50.403663,59949.398,102134.93,0.831,5800.095,121963.837,0.02,0.0
438.677,2026-06-26T00:10:50.454605,59949.398,102134.93,0.812,5800.096,121963.837,0.02,0.0
438.728,2026-06-26T00:10:50.505564,59948.629,102134.93,0.798,5800.097,121963.837,0.02,0.0
438.779,2026-06-26T00:10:50.556511,59948.629,102134.93,0.789,5800.098,121963.837,0.02,0.0
438.83,2026-06-26T00:10:50.607487,59948.629,102134.93,0.782,5800.099,121963.837,0.02,0.0
438.881,2026-06-26T00:10:50.658385,59948.629,102134.93,0.778,5800.1,121963.837,0.02,0.0
438.931,2026-06-26T00:10:50.709340,59948.605,102134.93,0.774,5800.101,121963.837,0.02,0.0
438.982,2026-06-26T00:10:50.760323,59948.613,102134.93,0.772,5800.102,121963.837,0.02,0.0
439.033,2026-06-26T00:10:50.811297,59948.621,102134.93,0.77,5800.103,121963.837,0.02,0.0
439.084,2026-06-26T00:10:50.862265,59948.629,102134.93,0.815,5800.104,121963.837,0.02,0.0
439.135,2026-06-26T00:10:50.913230,59948.633,102134.93,0.8,5800.105,121963.837,0.02,0.0
439.186,2026-06-26T00:10:50.964241,59948.637,102134.93,0.79,5800.106,121963.837,0.02,0.0
439.237,2026-06-26T00:10:51.015207,59948.637,102134.93,0.783,5800.107,121963.837,0.02,0.0
439.288,2026-06-26T00:10:51.066217,59948.637,102134.93,0.778,5800.108,121963.837,0.02,0.0
439.339,2026-06-26T00:10:51.117199,59948.637,102134.93,0.774,5800.109,121963.837,0.02,0.0
439.39,2026-06-26T00:10:51.168189,59948.637,102134.93,0.772,5800.11,121963.837,0.02,0.0
439.441,2026-06-26T00:10:51.219165,59948.641,102134.93,0.77,5800.111,121963.837,0.02,0.0
439.492,2026-06-26T00:10:51.270188,59948.641,102134.93,0.815,5800.112,121963.837,0.02,0.0
439.543,2026-06-26T00:10:51.321081,59947.805,102134.93,0.802,5800.113,121963.837,0.02,0.0
439.594,2026-06-26T00:10:51.371626,59946.52,102134.93,0.793,5800.114,121963.837,0.02,0.0
439.644,2026-06-26T00:10:51.422236,59946.508,102134.93,0.786,5800.115,121963.837,0.02,0.0
439.695,2026-06-26T00:10:51.473216,59946.508,102134.93,0.826,5800.116,121963.837,0.02,0.0
439.746,2026-06-26T00:10:51.524210,59946.508,102134.93,0.854,5800.117,121963.837,0.02,0.0
439.797,2026-06-26T00:10:51.575202,59946.508,102134.93,0.828,5800.118,121963.837,0.02,0.0
439.848,2026-06-26T00:10:51.626185,59946.508,102134.93,0.809,5800.119,121963.837,0.02,0.0
439.899,2026-06-26T00:10:51.677133,59946.508,102134.93,0.796,5800.12,121963.837,0.02,0.0
439.95,2026-06-26T00:10:51.728128,59946.508,102134.93,0.787,5800.121,121963.837,0.02,0.0
440.001,2026-06-26T00:10:51.779128,59946.508,102134.93,0.781,5800.122,121963.837,0.02,0.0
440.052,2026-06-26T00:10:51.830116,59946.488,102134.93,0.776,5800.123,121963.837,0.02,0.0
440.103,2026-06-26T00:10:51.881099,59946.492,102134.93,0.773,5800.124,121963.837,0.02,0.0
440.154,2026-06-26T00:10:51.932093,59946.508,102134.93,0.771,5800.125,121963.837,0.02,0.0
440.205,2026-06-26T00:10:51.983079,59946.508,102134.93,0.815,5800.126,121963.837,0.02,0.0
440.256,2026-06-26T00:10:52.034086,59946.508,102134.93,0.801,5800.127,121963.837,0.02,0.0
440.307,2026-06-26T00:10:52.085069,59946.508,102134.93,0.836,5800.128,121963.837,0.02,0.0
440.358,2026-06-26T00:10:52.136076,59946.508,102134.93,0.815,5800.129,121963.837,0.02,0.0
440.409,2026-06-26T00:10:52.187013,59946.508,102134.93,0.802,5800.13,121963.837,0.02,0.0
440.46,2026-06-26T00:10:52.237599,59946.508,102134.93,0.793,5800.131,121963.837,0.02,0.0
440.51,2026-06-26T00:10:52.288215,59946.508,102134.93,0.786,5800.132,121963.837,0.02,0.0
440.561,2026-06-26T00:10:52.339130,59946.508,102134.93,0.78,5800.133,121963.837,0.02,0.0
440.612,2026-06-26T00:10:52.390093,59946.508,102134.93,0.776,5800.134,121963.837,0.02,0.0
440.663,2026-06-26T00:10:52.441039,59946.508,102134.93,0.773,5800.135,121963.837,0.02,0.0
440.714,2026-06-26T00:10:52.491989,59946.508,102134.93,0.771,5800.136,121963.837,0.02,0.0
440.765,2026-06-26T00:10:52.542923,59946.508,102134.93,0.816,5800.137,121963.837,0.02,0.0
440.816,2026-06-26T00:10:52.593871,59946.508,102134.93,0.801,5800.138,121963.837,0.02,0.0
440.867,2026-06-26T00:10:52.644812,59946.508,102134.93,0.791,5800.139,121963.837,0.02,0.0
440.918,2026-06-26T00:10:52.695789,59946.508,102134.93,0.783,5800.14,121963.837,0.02,0.0
440.969,2026-06-26T00:10:52.746739,59946.508,102134.93,0.778,5800.142,121963.837,0.02,0.0
441.02,2026-06-26T00:10:52.797701,59946.508,102134.93,0.775,5800.143,121963.837,0.02,0.0
441.071,2026-06-26T00:10:52.848632,59946.508,102134.93,0.772,5800.144,121963.837,0.02,0.0
441.122,2026-06-26T00:10:52.899589,59946.508,102134.93,0.771,5800.145,121963.837,0.02,0.0
441.173,2026-06-26T00:10:52.950555,59949.188,102134.93,0.77,5800.146,121963.837,0.02,0.0
441.224,2026-06-26T00:10:53.001513,59949.516,102134.93,0.769,5800.147,121963.837,0.02,0.0
441.275,2026-06-26T00:10:53.052461,59948.863,102134.93,0.814,5800.148,121963.837,0.02,0.0
441.326,2026-06-26T00:10:53.103419,59948.867,102134.93,0.8,5800.149,121963.837,0.02,0.0
441.376,2026-06-26T00:10:53.154354,59948.258,102134.93,0.79,5800.15,121963.837,0.02,0.0
441.427,2026-06-26T00:10:53.205331,59948.258,102134.93,0.829,5800.151,121963.837,0.02,0.0
441.478,2026-06-26T00:10:53.256246,59950.531,102134.93,0.81,5800.152,121963.837,0.02,0.0
441.529,2026-06-26T00:10:53.307218,59950.527,102134.93,0.797,5800.153,121963.837,0.02,0.0
441.58,2026-06-26T00:10:53.358128,59947.594,102134.93,0.788,5800.154,121963.837,0.02,0.0
441.631,2026-06-26T00:10:53.409062,59946.82,102134.93,0.828,5800.155,121963.837,0.02,0.0
441.682,2026-06-26T00:10:53.460022,59946.82,102134.93,0.809,5800.156,121963.837,0.02,0.0
441.733,2026-06-26T00:10:53.510946,59946.82,102134.93,0.797,5800.157,121963.837,0.02,0.0
441.784,2026-06-26T00:10:53.561902,59946.82,102134.93,0.788,5800.158,121963.837,0.02,0.0
441.835,2026-06-26T00:10:53.612843,59946.738,102134.93,0.827,5800.159,121963.837,0.02,0.0
441.886,2026-06-26T00:10:53.663815,59946.738,102134.93,0.809,5800.16,121963.837,0.02,0.0
441.937,2026-06-26T00:10:53.714765,59945.648,102134.93,0.796,5800.161,121963.837,0.02,0.0
441.988,2026-06-26T00:10:53.765736,59941.625,102134.93,0.788,5800.162,121963.837,0.02,0.0
442.039,2026-06-26T00:10:53.816677,59941.625,102134.93,0.781,5800.163,121963.837,0.02,0.0
442.09,2026-06-26T00:10:53.867648,59941.625,102134.93,0.777,5800.164,121963.837,0.02,0.0
442.141,2026-06-26T00:10:53.918592,59941.625,102134.93,0.774,5800.165,121963.837,0.02,0.0
442.192,2026-06-26T00:10:53.969568,59941.617,102134.93,0.818,5800.166,121963.837,0.02,0.0
442.243,2026-06-26T00:10:54.020505,59941.602,102134.93,0.803,5800.167,121963.837,0.02,0.0
442.294,2026-06-26T00:10:54.071461,59941.609,102134.93,0.792,5800.168,121963.837,0.02,0.0
442.345,2026-06-26T00:10:54.122419,59941.609,102134.93,0.83,5800.169,121963.837,0.02,0.0
442.396,2026-06-26T00:10:54.173385,59941.609,102134.93,0.811,5800.17,121963.837,0.02,0.0
442.516,2026-06-26T00:10:54.293782,59941.613,102134.93,0.938,5800.517,121963.837,2.894,0.0
442.566,2026-06-26T00:10:54.344210,59941.613,102134.93,0.888,5800.518,121963.837,0.02,0.0
442.617,2026-06-26T00:10:54.394800,59941.613,102134.93,0.854,5800.519,121963.837,0.02,0.0
442.668,2026-06-26T00:10:54.445420,59941.613,102134.93,0.829,5800.52,121963.837,0.02,0.0
442.718,2026-06-26T00:10:54.496215,59941.613,102134.93,0.811,5800.521,121963.837,0.02,0.0
442.769,2026-06-26T00:10:54.546988,59941.613,102134.93,0.798,5800.522,121963.837,0.02,0.0
442.82,2026-06-26T00:10:54.597913,59941.613,102134.93,0.788,5800.523,121963.837,0.02,0.0
442.871,2026-06-26T00:10:54.648876,59940.672,102134.93,0.782,5800.524,121963.837,0.02,0.0
442.922,2026-06-26T00:10:54.699818,59940.375,102134.93,0.823,5800.525,121963.837,0.02,0.0
442.973,2026-06-26T00:10:54.750823,59940.379,102134.93,0.806,5800.526,121963.837,0.02,0.0
443.024,2026-06-26T00:10:54.801821,59940.379,102134.93,0.794,5800.527,121963.837,0.02,0.0
443.075,2026-06-26T00:10:54.852824,59935.801,102134.93,0.786,5800.528,121963.837,0.02,0.0
443.126,2026-06-26T00:10:54.903814,59935.801,102134.93,0.78,5800.529,121963.837,0.02,0.0
443.177,2026-06-26T00:10:54.954833,59935.801,102134.93,0.776,5800.53,121963.837,0.02,0.0
443.228,2026-06-26T00:10:55.005822,59935.801,102134.93,0.819,5800.531,121963.837,0.02,0.0
443.279,2026-06-26T00:10:55.056844,59935.801,102134.93,0.803,5800.532,121963.837,0.02,0.0
443.33,2026-06-26T00:10:55.107835,59935.801,102134.93,0.792,5800.533,121963.837,0.02,0.0
443.381,2026-06-26T00:10:55.158843,59935.793,102134.93,0.784,5800.534,121963.837,0.02,0.0
443.432,2026-06-26T00:10:55.209840,59935.801,102134.93,0.824,5800.535,121963.837,0.02,0.0
443.483,2026-06-26T00:10:55.260856,59935.809,102134.93,0.853,5800.536,121963.837,0.02,0.0
443.534,2026-06-26T00:10:55.311856,59935.812,102134.93,0.827,5800.537,121963.837,0.02,0.0
443.585,2026-06-26T00:10:55.362863,59935.812,102134.93,0.809,5800.538,121963.837,0.02,0.0
443.636,2026-06-26T00:10:55.413835,59935.812,102134.93,0.796,5800.539,121963.837,0.02,0.0
443.687,2026-06-26T00:10:55.464863,59935.812,102134.93,0.787,5800.54,121963.837,0.02,0.0
443.738,2026-06-26T00:10:55.515851,59935.812,102134.93,0.78,5800.541,121963.837,0.02,0.0
443.789,2026-06-26T00:10:55.566857,59935.812,102134.93,0.776,5800.542,121963.837,0.02,0.0
443.84,2026-06-26T00:10:55.617841,59935.812,102134.93,0.773,5800.543,121963.837,0.02,0.0
443.891,2026-06-26T00:10:55.668837,59935.812,102134.93,0.771,5800.544,121963.837,0.02,0.0
443.942,2026-06-26T00:10:55.719842,59935.812,102134.93,0.769,5800.545,121963.837,0.02,0.0
443.993,2026-06-26T00:10:55.770847,59935.812,102134.93,0.814,5800.546,121963.837,0.02,0.0
444.044,2026-06-26T00:10:55.821837,59935.812,102134.93,0.846,5800.547,121963.837,0.02,0.0
444.095,2026-06-26T00:10:55.872850,59935.812,102134.93,0.822,5800.548,121963.837,0.02,0.0
444.146,2026-06-26T00:10:55.923847,59935.812,102134.93,0.805,5800.549,121963.837,0.02,0.0
444.197,2026-06-26T00:10:55.974860,59935.812,102134.93,0.793,5800.55,121963.837,0.02,0.0
444.248,2026-06-26T00:10:56.025844,59935.812,102134.93,0.785,5800.551,121963.837,0.02,0.0
444.299,2026-06-26T00:10:56.076856,59935.812,102134.93,0.779,5800.552,121963.837,0.02,0.0
444.35,2026-06-26T00:10:56.127850,59935.812,102134.93,0.775,5800.553,121963.837,0.02,0.0
444.401,2026-06-26T00:10:56.178862,59935.812,102134.93,0.772,5800.554,121963.837,0.02,0.0
444.452,2026-06-26T00:10:56.229855,59935.812,102134.93,0.77,5800.555,121963.837,0.02,0.0
444.503,2026-06-26T00:10:56.280860,59935.812,102134.93,0.815,5800.556,121963.837,0.02,0.0
444.554,2026-06-26T00:10:56.331794,59935.812,102134.93,0.802,5800.557,121963.837,0.02,0.0
444.605,2026-06-26T00:10:56.382368,59935.816,102134.93,0.793,5800.558,121963.837,0.02,0.0
444.655,2026-06-26T00:10:56.432992,59935.816,102134.93,0.785,5800.559,121963.837,0.02,0.0
444.706,2026-06-26T00:10:56.483997,59935.816,102134.93,0.78,5800.56,121963.837,0.02,0.0
444.757,2026-06-26T00:10:56.534977,59935.816,102134.93,0.821,5800.561,121963.837,0.02,0.0
444.808,2026-06-26T00:10:56.585974,59939.195,102134.93,0.759,5800.562,121963.837,0.02,0.0
444.859,2026-06-26T00:10:56.636962,59938.051,102134.93,0.807,5800.563,121963.837,0.02,0.0
444.91,2026-06-26T00:10:56.687973,59935.891,102134.93,0.795,5800.564,121963.837,0.02,0.0
444.961,2026-06-26T00:10:56.738968,59933.289,102134.93,0.786,5800.565,121963.837,0.02,0.0
445.012,2026-06-26T00:10:56.789972,59932.594,102134.93,0.78,5800.566,121963.837,0.02,0.0
445.063,2026-06-26T00:10:56.840952,59928.609,102134.93,0.776,5800.567,121963.837,0.02,0.0
445.114,2026-06-26T00:10:56.891990,59928.609,102134.93,0.773,5800.568,121963.837,0.02,0.0
445.165,2026-06-26T00:10:56.942972,59928.609,102134.93,0.771,5800.569,121963.837,0.02,0.0
445.216,2026-06-26T00:10:56.993989,59928.609,102134.93,0.769,5800.57,121963.837,0.02,0.0
445.267,2026-06-26T00:10:57.044969,59928.609,102134.93,0.768,5800.571,121963.837,0.02,0.0
445.318,2026-06-26T00:10:57.095964,59924.605,102134.93,0.813,5800.572,121963.837,0.02,0.0
445.369,2026-06-26T00:10:57.146976,59924.605,102134.93,0.845,5800.573,121963.837,0.02,0.0
445.42,2026-06-26T00:10:57.197987,59924.668,102134.93,0.821,5800.574,121963.837,0.02,0.0
445.471,2026-06-26T00:10:57.248975,59924.668,102134.93,0.851,5800.575,121963.837,0.02,0.0
445.522,2026-06-26T00:10:57.299983,59924.668,102134.93,0.825,5800.576,121963.837,0.02,0.0
445.573,2026-06-26T00:10:57.350978,59924.668,102134.93,0.807,5800.577,121963.837,0.02,0.0
445.624,2026-06-26T00:10:57.401996,59924.668,102134.93,0.795,5800.578,121963.837,0.02,0.0
445.675,2026-06-26T00:10:57.452977,59924.66,102134.93,0.787,5800.579,121963.837,0.02,0.0
445.726,2026-06-26T00:10:57.503975,59924.66,102134.93,0.78,5800.58,121963.837,0.02,0.0
445.777,2026-06-26T00:10:57.554963,59924.66,102134.93,0.776,5800.581,121963.837,0.02,0.0
445.828,2026-06-26T00:10:57.605982,59924.66,102134.93,0.773,5800.582,121963.837,0.02,0.0
445.879,2026-06-26T00:10:57.656967,59924.637,102134.93,0.771,5800.583,121963.837,0.02,0.0
445.93,2026-06-26T00:10:57.707971,59924.641,102134.93,0.769,5800.584,121963.837,0.02,0.0
445.981,2026-06-26T00:10:57.758968,59924.648,102134.93,0.768,5800.585,121963.837,0.02,0.0
446.032,2026-06-26T00:10:57.809999,59924.648,102134.93,0.86,5800.586,121963.837,0.02,0.0
446.083,2026-06-26T00:10:57.860989,59924.648,102134.93,0.831,5800.587,121963.837,0.02,0.0
446.134,2026-06-26T00:10:57.912003,59924.648,102134.93,0.812,5800.588,121963.837,0.02,0.0
446.185,2026-06-26T00:10:57.962986,59924.648,102134.93,0.798,5800.589,121963.837,0.02,0.0
446.236,2026-06-26T00:10:58.013991,59924.648,102134.93,0.788,5800.59,121963.837,0.02,0.0
446.287,2026-06-26T00:10:58.065000,59924.648,102134.93,0.782,5800.591,121963.837,0.02,0.0
446.338,2026-06-26T00:10:58.116009,59924.656,102134.93,0.777,5800.592,121963.837,0.02,0.0
446.389,2026-06-26T00:10:58.167000,59924.656,102134.93,0.774,5800.593,121963.837,0.02,0.0
446.44,2026-06-26T00:10:58.217953,59924.656,102134.93,0.773,5800.594,121963.837,0.02,0.0
446.491,2026-06-26T00:10:58.268543,59924.656,102134.93,0.771,5800.595,121963.837,0.02,0.0
446.542,2026-06-26T00:10:58.319574,59924.094,102134.93,0.77,5800.596,121963.837,0.02,0.0
446.593,2026-06-26T00:10:58.370540,59924.094,102134.93,0.815,5800.597,121963.837,0.02,0.0
446.644,2026-06-26T00:10:58.421556,59924.062,102134.93,0.8,5800.598,121963.837,0.02,0.0
446.695,2026-06-26T00:10:58.472544,59924.062,102134.93,0.79,5800.599,121963.837,0.02,0.0
446.746,2026-06-26T00:10:58.523548,59924.066,102134.93,0.829,5800.6,121963.837,0.02,0.0
446.797,2026-06-26T00:10:58.574533,59924.074,102134.93,0.856,5800.601,121963.837,0.02,0.0
446.848,2026-06-26T00:10:58.625537,59924.078,102134.93,0.829,5800.602,121963.837,0.02,0.0
446.899,2026-06-26T00:10:58.676511,59924.078,102134.93,0.81,5800.603,121963.837,0.02,0.0
446.95,2026-06-26T00:10:58.727518,59924.078,102134.93,0.797,5800.604,121963.837,0.02,0.0
447.001,2026-06-26T00:10:58.778503,59924.078,102134.93,0.788,5800.605,121963.837,0.02,0.0
447.052,2026-06-26T00:10:58.829523,59924.078,102134.93,0.781,5800.606,121963.837,0.02,0.0
447.103,2026-06-26T00:10:58.880506,59924.074,102134.93,0.777,5800.607,121963.837,0.02,0.0
447.154,2026-06-26T00:10:58.931520,59924.074,102134.93,0.773,5800.608,121963.837,0.02,0.0
447.205,2026-06-26T00:10:58.982507,59924.074,102134.93,0.771,5800.609,121963.837,0.02,0.0
447.256,2026-06-26T00:10:59.033523,59924.074,102134.93,0.77,5800.61,121963.837,0.02,0.0
447.307,2026-06-26T00:10:59.084514,59924.074,102134.93,0.815,5800.611,121963.837,0.02,0.0
447.358,2026-06-26T00:10:59.135521,59924.074,102134.93,0.8,5800.613,121963.837,0.02,0.0
447.409,2026-06-26T00:10:59.186502,59924.074,102134.93,0.79,5800.614,121963.837,0.02,0.0
447.529,2026-06-26T00:10:59.306389,59924.074,102134.93,0.925,5800.961,121963.837,2.909,0.0
447.579,2026-06-26T00:10:59.356818,59924.078,102134.93,0.879,5800.962,121963.837,0.02,0.0
447.63,2026-06-26T00:10:59.407441,59924.078,102134.93,0.847,5800.963,121963.837,0.02,0.0
447.68,2026-06-26T00:10:59.458041,59920.125,102134.93,0.824,5800.964,121963.837,0.02,0.0
447.731,2026-06-26T00:10:59.508826,59917.301,102134.93,0.808,5800.965,121963.837,0.02,0.0
447.782,2026-06-26T00:10:59.559656,59917.301,102134.93,0.795,5800.966,121963.837,0.02,0.0
447.833,2026-06-26T00:10:59.610663,59917.301,102134.93,0.786,5800.967,121963.837,0.02,0.0
447.884,2026-06-26T00:10:59.661666,59917.301,102134.93,0.78,5800.968,121963.837,0.02,0.0
447.935,2026-06-26T00:10:59.712670,59917.301,102134.93,0.822,5800.969,121963.837,0.02,0.0
447.986,2026-06-26T00:10:59.763662,59917.293,102134.93,0.805,5800.97,121963.837,0.02,0.0
448.037,2026-06-26T00:10:59.814672,59915.027,102134.93,0.793,5800.971,121963.837,0.02,0.0
448.088,2026-06-26T00:10:59.865657,59915.027,102134.93,0.785,5800.972,121963.837,0.02,0.0
448.139,2026-06-26T00:10:59.916686,59915.027,102134.93,0.825,5800.973,121963.837,0.02,0.0
448.19,2026-06-26T00:10:59.967657,59912.141,102134.93,0.808,5800.974,121963.837,0.02,0.0
448.241,2026-06-26T00:11:00.018672,59912.141,102134.93,0.795,5800.975,121963.837,0.02,0.0
448.292,2026-06-26T00:11:00.069650,59912.141,102134.93,0.786,5800.976,121963.837,0.02,0.0
448.343,2026-06-26T00:11:00.120661,59912.145,102134.93,0.78,5800.977,121963.837,0.02,0.0
448.394,2026-06-26T00:11:00.171648,59909.387,102134.93,0.776,5800.978,121963.837,0.02,0.0
448.445,2026-06-26T00:11:00.222649,59909.387,102134.93,0.773,5800.979,121963.837,0.02,0.0
448.496,2026-06-26T00:11:00.273641,59909.387,102134.93,0.771,5800.98,121963.837,0.02,0.0
448.547,2026-06-26T00:11:00.324658,59909.387,102134.93,0.769,5800.981,121963.837,0.02,0.0
448.598,2026-06-26T00:11:00.375647,59909.387,102134.93,0.814,5800.982,121963.837,0.02,0.0
448.649,2026-06-26T00:11:00.426661,59909.387,102134.93,0.8,5800.983,121963.837,0.02,0.0
448.7,2026-06-26T00:11:00.477639,59909.387,102134.93,0.836,5800.984,121963.837,0.02,0.0
448.751,2026-06-26T00:11:00.528647,59903.375,102134.93,0.861,5800.985,121963.96,0.02,2.406
448.802,2026-06-26T00:11:00.579636,59903.375,102134.93,0.832,5800.986,121965.139,0.023,23.106
448.853,2026-06-26T00:11:00.630666,59903.375,102134.93,0.858,5800.988,121965.139,0.029,0.0
448.904,2026-06-26T00:11:00.681591,59903.375,102134.93,0.739,5800.989,121965.139,0.026,0.0
448.955,2026-06-26T00:11:00.732587,59903.375,102134.93,0.517,5800.99,121965.139,0.02,0.0
449.006,2026-06-26T00:11:00.783490,59903.375,102134.93,0.362,5800.991,121965.139,0.02,0.0
449.057,2026-06-26T00:11:00.834441,59903.375,102134.93,0.253,5800.992,121965.139,0.02,0.0
449.108,2026-06-26T00:11:00.885371,59903.375,102134.93,0.177,5800.993,121965.139,0.02,0.0
449.158,2026-06-26T00:11:00.936270,59903.375,102134.93,0.124,5800.994,121965.139,0.02,0.0
449.209,2026-06-26T00:11:00.987192,59903.375,102134.93,0.087,5801.039,121965.157,0.884,0.36
449.26,2026-06-26T00:11:01.038107,59903.375,102134.93,0.061,5801.04,121965.157,0.02,0.0
449.311,2026-06-26T00:11:01.089079,59903.375,102134.93,0.043,5801.041,121965.157,0.02,0.0
449.362,2026-06-26T00:11:01.140012,59903.375,102134.93,0.03,5801.042,121965.157,0.02,0.0
449.413,2026-06-26T00:11:01.190965,59903.375,102134.93,0.021,5801.043,121965.157,0.02,0.0
449.464,2026-06-26T00:11:01.241952,59897.867,102134.93,0.061,5801.352,121965.377,6.055,4.32
449.515,2026-06-26T00:11:01.292903,59892.34,102134.93,0.089,5801.597,121965.418,4.851,0.798
449.566,2026-06-26T00:11:01.343565,59898.031,102789.047,0.155,5802.031,121966.98,8.567,30.874
449.616,2026-06-26T00:11:01.394110,59974.18,110783.812,0.339,5802.032,121966.98,0.02,0.0
449.667,2026-06-26T00:11:01.445089,60602.895,119789.289,0.513,5802.033,121966.98,0.02,0.0
449.718,2026-06-26T00:11:01.496061,61311.961,119789.289,0.543,5802.034,121966.98,0.02,0.0
449.769,2026-06-26T00:11:01.547054,62025.852,119789.289,0.61,5802.035,121966.98,0.02,0.0
449.82,2026-06-26T00:11:01.598028,62744.832,119789.289,0.703,5802.036,121966.98,0.02,0.0
449.871,2026-06-26T00:11:01.649010,63424.832,119789.289,0.722,5802.037,121966.98,0.02,0.0
449.922,2026-06-26T00:11:01.699967,64046.898,119789.289,0.689,5802.038,121966.98,0.02,0.0
449.973,2026-06-26T00:11:01.750952,64669.832,119789.289,0.758,5802.039,121966.98,0.02,0.0
450.024,2026-06-26T00:11:01.801927,65343.086,119789.289,0.761,5802.04,121966.98,0.02,0.0
450.075,2026-06-26T00:11:01.852915,66052.203,119789.289,0.762,5802.041,121966.98,0.02,0.0
450.126,2026-06-26T00:11:01.903880,66763.008,119789.289,0.764,5802.042,121966.98,0.02,0.0
450.177,2026-06-26T00:11:01.954875,67475.148,119789.289,0.764,5802.043,121966.98,0.02,0.0
450.228,2026-06-26T00:11:02.005824,68174.898,119804.406,0.857,5802.044,121966.98,0.02,0.0
450.279,2026-06-26T00:11:02.056796,68714.875,124773.977,2.847,5802.045,121972.683,0.02,111.524
450.33,2026-06-26T00:11:02.107969,69268.691,125363.539,4.195,5802.046,121983.621,0.02,214.183
450.381,2026-06-26T00:11:02.158982,69359.672,125293.289,4.639,5802.047,121989.871,0.02,122.788
450.432,2026-06-26T00:11:02.209869,69234.375,125101.289,4.904,5802.048,121989.871,0.02,0.0
450.483,2026-06-26T00:11:02.260769,69118.656,124902.289,5.001,5802.049,121989.871,0.02,0.0
450.534,2026-06-26T00:11:02.311586,68985.012,124753.289,4.931,5802.05,121989.871,0.02,0.0
450.585,2026-06-26T00:11:02.362405,68836.363,124465.289,5.024,5802.051,121989.871,0.02,0.0
450.635,2026-06-26T00:11:02.413033,68730.789,124317.789,4.581,5802.052,122039.871,0.02,987.704
450.686,2026-06-26T00:11:02.463670,68750.523,124305.289,4.086,5802.053,122064.871,0.02,493.652
450.736,2026-06-26T00:11:02.514327,68692.105,124184.289,3.694,5802.055,122089.871,0.02,493.764
450.787,2026-06-26T00:11:02.564932,68599.691,124050.789,3.279,5802.056,122127.371,0.02,740.433
450.838,2026-06-26T00:11:02.615583,68598.875,124013.289,2.666,5802.057,122164.871,0.02,740.82
450.888,2026-06-26T00:11:02.666220,68636.191,124013.289,2.143,5802.058,122164.871,0.02,0.0
450.939,2026-06-26T00:11:02.717211,68673.531,124013.289,1.73,5802.059,122164.871,0.02,0.0
450.99,2026-06-26T00:11:02.768236,68710.805,124013.289,1.44,5802.06,122164.871,0.02,0.0
451.041,2026-06-26T00:11:02.819204,68748.0,124013.289,1.239,5802.061,122164.871,0.02,0.0
451.092,2026-06-26T00:11:02.870001,68785.305,124013.289,1.097,5802.062,122164.871,0.02,0.0
451.143,2026-06-26T00:11:02.920987,68822.699,124013.289,1.044,5802.063,122164.871,0.02,0.0
451.194,2026-06-26T00:11:02.971978,68859.844,124013.289,0.914,5802.064,122164.871,0.02,0.0
451.245,2026-06-26T00:11:03.022976,68893.84,124013.289,0.87,5802.065,122164.871,0.02,0.0
451.296,2026-06-26T00:11:03.073955,68930.805,124013.289,0.885,5802.066,122164.871,0.02,0.0
451.347,2026-06-26T00:11:03.124941,68964.969,124013.289,0.849,5802.067,122164.871,0.02,0.0
451.398,2026-06-26T00:11:03.175924,69003.805,124013.289,0.824,5802.068,122164.871,0.02,0.0
451.449,2026-06-26T00:11:03.226918,69042.805,124013.289,0.807,5802.069,122164.871,0.02,0.0
451.5,2026-06-26T00:11:03.277893,69080.91,124013.289,0.795,5802.07,122164.871,0.02,0.0
451.551,2026-06-26T00:11:03.328889,69120.41,124013.289,0.832,5802.071,122164.871,0.02,0.0
451.602,2026-06-26T00:11:03.379868,69160.305,124013.289,0.812,5802.072,122164.871,0.02,0.0
451.653,2026-06-26T00:11:03.430881,69199.59,124013.289,0.798,5802.073,122164.871,0.02,0.0
451.704,2026-06-26T00:11:03.481862,69238.301,124013.289,0.789,5802.074,122164.871,0.02,0.0
451.755,2026-06-26T00:11:03.532867,69276.805,124013.289,0.782,5802.075,122164.871,0.02,0.0
451.806,2026-06-26T00:11:03.583840,69315.691,124013.289,0.777,5802.076,122164.871,0.02,0.0
451.857,2026-06-26T00:11:03.634818,69354.305,124013.289,0.774,5802.077,122164.871,0.02,0.0
451.908,2026-06-26T00:11:03.685812,69392.805,124013.289,0.817,5802.078,122164.871,0.02,0.0
451.959,2026-06-26T00:11:03.736792,69431.438,124013.289,0.802,5802.079,122164.871,0.02,0.0
452.01,2026-06-26T00:11:03.787765,69470.07,124013.289,0.837,5802.08,122164.871,0.02,0.0
452.061,2026-06-26T00:11:03.838757,69508.805,124013.289,0.816,5802.081,122164.871,0.02,0.0
452.112,2026-06-26T00:11:03.889732,69547.336,124013.289,0.801,5802.082,122164.871,0.02,0.0
452.163,2026-06-26T00:11:03.940744,69585.828,124013.289,0.79,5802.083,122164.871,0.02,0.0
452.214,2026-06-26T00:11:03.991717,69624.348,124013.289,0.783,5802.084,122164.871,0.02,0.0
452.265,2026-06-26T00:11:04.042716,69663.023,124013.289,0.778,5802.085,122164.871,0.02,0.0
452.316,2026-06-26T00:11:04.093691,69701.676,124013.289,0.821,5802.086,122164.871,0.02,0.0
452.367,2026-06-26T00:11:04.144693,69740.305,124013.289,0.804,5802.088,122164.871,0.02,0.0
452.418,2026-06-26T00:11:04.195675,69778.887,124013.289,0.793,5802.089,122164.871,0.02,0.0
452.538,2026-06-26T00:11:04.315619,69869.805,124013.289,0.908,5802.436,122164.871,2.906,0.0
452.588,2026-06-26T00:11:04.366049,69908.066,124013.289,0.867,5802.437,122164.871,0.02,0.0
452.639,2026-06-26T00:11:04.416681,69946.496,124013.289,0.838,5802.438,122164.871,0.02,0.0
452.689,2026-06-26T00:11:04.467332,69984.836,124013.289,0.864,5802.439,122164.871,0.02,0.0
452.74,2026-06-26T00:11:04.518117,70023.398,124013.289,0.789,5802.44,122164.871,0.02,0.0
452.791,2026-06-26T00:11:04.569038,70062.062,124013.289,0.828,5802.441,122164.871,0.02,0.0
452.842,2026-06-26T00:11:04.620013,70100.805,124013.289,0.855,5802.442,122164.871,0.02,0.0
452.893,2026-06-26T00:11:04.671002,70139.441,124013.289,0.829,5802.443,122164.871,0.02,0.0
452.944,2026-06-26T00:11:04.721973,70178.211,124013.289,0.764,5802.444,122164.871,0.02,0.0
452.995,2026-06-26T00:11:04.772975,70224.305,124013.289,0.804,5802.445,122164.871,0.017,0.0
453.056,2026-06-26T00:11:04.833863,70262.805,124013.289,0.839,5802.446,122164.871,0.02,0.0
453.107,2026-06-26T00:11:04.884861,70301.305,124013.289,0.817,5802.447,122164.871,0.02,0.0
453.158,2026-06-26T00:11:04.935838,70339.805,124013.289,0.802,5802.448,122164.871,0.02,0.0
453.209,2026-06-26T00:11:04.986887,70377.898,124013.289,0.837,5802.449,122164.871,0.02,0.0
453.26,2026-06-26T00:11:05.037872,70416.344,124013.289,0.816,5802.45,122164.871,0.02,0.0
453.311,2026-06-26T00:11:05.088870,70455.043,124013.289,0.755,5802.451,122164.871,0.02,0.0
453.362,2026-06-26T00:11:05.139848,70493.352,124013.289,0.804,5802.452,122164.871,0.02,0.0
453.413,2026-06-26T00:11:05.190844,70532.016,124013.289,0.839,5802.453,122164.871,0.02,0.0
453.464,2026-06-26T00:11:05.241825,70570.441,124013.289,0.817,5802.454,122164.871,0.02,0.0
453.515,2026-06-26T00:11:05.292826,70608.934,124013.289,0.802,5802.455,122164.871,0.02,0.0
453.566,2026-06-26T00:11:05.343802,70647.469,124013.289,0.791,5802.456,122164.871,0.02,0.0
453.617,2026-06-26T00:11:05.394795,70685.988,124013.289,0.83,5802.457,122164.871,0.02,0.0
453.668,2026-06-26T00:11:05.445776,70724.535,124013.289,0.811,5802.458,122164.871,0.02,0.0
453.719,2026-06-26T00:11:05.496769,70762.992,124013.289,0.797,5802.46,122164.871,0.02,0.0
453.77,2026-06-26T00:11:05.547753,70801.492,124013.289,0.834,5802.461,122164.871,0.02,0.0
453.821,2026-06-26T00:11:05.598747,70839.988,124013.289,0.768,5802.462,122164.871,0.02,0.0
453.872,2026-06-26T00:11:05.649710,70878.492,124013.289,0.767,5802.463,122164.871,0.02,0.0
453.923,2026-06-26T00:11:05.700725,70917.008,124013.289,0.813,5802.464,122164.871,0.02,0.0
453.974,2026-06-26T00:11:05.751686,70955.613,124013.289,0.753,5802.465,122164.871,0.02,0.0
454.025,2026-06-26T00:11:05.802678,70994.199,124013.289,0.803,5802.466,122164.871,0.02,0.0
454.076,2026-06-26T00:11:05.853647,71032.703,124013.289,0.792,5802.467,122164.871,0.02,0.0
454.127,2026-06-26T00:11:05.904635,71071.168,124013.289,0.784,5802.468,122164.871,0.02,0.0
454.178,2026-06-26T00:11:05.955631,71109.52,124013.289,0.778,5802.469,122164.871,0.02,0.0
454.229,2026-06-26T00:11:06.006632,71147.988,124013.289,0.775,5802.47,122164.871,0.02,0.0
454.28,2026-06-26T00:11:06.057591,71186.52,124013.289,0.772,5802.471,122164.871,0.02,0.0
454.331,2026-06-26T00:11:06.108576,71225.008,124013.289,0.771,5802.472,122164.871,0.02,0.0
454.382,2026-06-26T00:11:06.159554,71263.309,124013.289,0.861,5802.473,122164.871,0.02,0.0
454.433,2026-06-26T00:11:06.210552,71301.805,124013.289,0.787,5802.474,122164.871,0.02,0.0
454.484,2026-06-26T00:11:06.261519,71340.305,124013.289,0.781,5802.475,122164.871,0.02,0.0
454.535,2026-06-26T00:11:06.312456,71378.652,124013.289,0.824,5802.476,122164.871,0.02,0.0
454.585,2026-06-26T00:11:06.363013,71416.586,124013.289,0.808,5802.477,122164.871,0.02,0.0
454.636,2026-06-26T00:11:06.413728,71454.805,124013.289,0.796,5802.478,122164.871,0.02,0.0
454.687,2026-06-26T00:11:06.464759,71493.43,124013.289,0.787,5802.479,122164.871,0.02,0.0
454.738,2026-06-26T00:11:06.515809,71531.973,124013.289,0.78,5802.48,122164.871,0.02,0.0
454.789,2026-06-26T00:11:06.566809,71570.805,124013.289,0.822,5802.481,122164.871,0.02,0.0
454.84,2026-06-26T00:11:06.617857,71609.738,124013.289,0.759,5802.482,122164.871,0.02,0.0
454.891,2026-06-26T00:11:06.668869,71648.305,124013.289,0.761,5802.483,122164.871,0.02,0.0
454.942,2026-06-26T00:11:06.719924,71686.957,124013.289,0.808,5802.484,122164.871,0.02,0.0
454.993,2026-06-26T00:11:06.770945,71725.805,124013.289,0.75,5802.485,122164.871,0.02,0.0
455.044,2026-06-26T00:11:06.821979,71764.555,124013.289,0.754,5802.486,122164.871,0.02,0.0
455.095,2026-06-26T00:11:06.873022,71803.859,124013.289,0.803,5802.487,122164.871,0.02,0.0
455.146,2026-06-26T00:11:06.924072,71843.773,124013.289,0.838,5802.488,122164.871,0.02,0.0
455.197,2026-06-26T00:11:06.975099,71883.5,124013.289,0.816,5802.489,122164.871,0.02,0.0
455.248,2026-06-26T00:11:07.026163,71923.172,124013.289,0.801,5802.49,122164.871,0.02,0.0
455.299,2026-06-26T00:11:07.077211,71960.805,124013.289,0.836,5802.491,122164.871,0.02,0.0
455.35,2026-06-26T00:11:07.128231,71993.305,124013.289,0.769,5802.493,122164.871,0.02,0.0
455.401,2026-06-26T00:11:07.179190,72024.125,124013.289,0.816,5802.494,122164.871,0.02,0.0
455.452,2026-06-26T00:11:07.229775,72052.254,124013.289,0.802,5802.495,122164.871,0.02,0.0
455.503,2026-06-26T00:11:07.280437,72072.867,124013.289,0.838,5802.496,122164.871,0.02,0.0
455.554,2026-06-26T00:11:07.331546,72094.387,124013.289,0.816,5802.497,122164.871,0.02,0.0
455.605,2026-06-26T00:11:07.382652,72116.652,124013.289,0.8,5802.498,122164.871,0.02,0.0
455.656,2026-06-26T00:11:07.433754,72154.348,124013.289,0.79,5802.499,122164.871,0.02,0.0
455.707,2026-06-26T00:11:07.484846,72194.082,124013.289,0.782,5802.5,122164.871,0.02,0.0
455.758,2026-06-26T00:11:07.535956,72233.805,124013.289,0.777,5802.501,122164.871,0.02,0.0
455.809,2026-06-26T00:11:07.587045,72273.402,124013.289,0.773,5802.502,122164.871,0.02,0.0
455.86,2026-06-26T00:11:07.638188,70717.805,124013.289,0.816,5802.503,122164.871,0.02,0.0
455.911,2026-06-26T00:11:07.689248,68915.805,124013.289,0.801,5802.504,122164.871,0.02,0.0
455.962,2026-06-26T00:11:07.740350,67619.805,124013.289,0.79,5802.505,122164.871,0.02,0.0
456.014,2026-06-26T00:11:07.791434,65925.805,124013.289,0.782,5802.506,122164.871,0.02,0.0
456.065,2026-06-26T00:11:07.842518,64093.805,124013.289,0.823,5802.507,122164.871,0.02,0.0
456.116,2026-06-26T00:11:07.893634,64765.258,123797.289,1.034,5802.508,122164.871,0.02,0.0
456.167,2026-06-26T00:11:07.944719,65472.262,123797.289,1.182,5802.509,122164.871,0.02,0.0
456.218,2026-06-26T00:11:07.995887,66179.047,123797.289,1.332,5802.51,122164.871,0.02,0.0
456.269,2026-06-26T00:11:08.046986,66862.844,123797.289,1.208,5802.511,122164.871,0.02,0.0
456.32,2026-06-26T00:11:08.098084,67564.391,123797.289,1.258,5802.512,122164.871,0.02,0.0
456.371,2026-06-26T00:11:08.149226,68190.332,125741.289,1.339,5802.513,122164.871,0.02,0.0
456.422,2026-06-26T00:11:08.200266,68254.355,125741.289,1.397,5802.514,122164.871,0.02,0.0
456.473,2026-06-26T00:11:08.251327,68336.441,125741.289,1.482,5802.515,122164.871,0.02,0.0
456.525,2026-06-26T00:11:08.302459,68421.117,125741.289,1.496,5802.516,122164.871,0.02,0.0
456.576,2026-06-26T00:11:08.353539,68505.828,125741.289,1.552,5802.517,122164.871,0.02,0.0
456.627,2026-06-26T00:11:08.404659,68590.188,125741.289,1.545,5802.518,122164.871,0.02,0.0
456.678,2026-06-26T00:11:08.455746,68674.852,125741.289,1.586,5802.519,122164.871,0.02,0.0
456.729,2026-06-26T00:11:08.506854,68759.516,125741.289,1.569,5802.52,122164.871,0.02,0.0
456.78,2026-06-26T00:11:08.557951,68844.34,125741.289,1.603,5802.521,122164.871,0.02,0.0
456.831,2026-06-26T00:11:08.609057,68929.047,125741.289,1.581,5802.522,122164.871,0.02,0.0
456.882,2026-06-26T00:11:08.660184,69013.547,125741.289,1.611,5802.523,122164.871,0.02,0.0
456.933,2026-06-26T00:11:08.711240,69098.113,125741.289,1.587,5802.525,122164.871,0.02,0.0
456.984,2026-06-26T00:11:08.762330,69182.852,125741.289,1.524,5802.526,122164.871,0.02,0.0
457.036,2026-06-26T00:11:08.813449,69267.074,125741.289,1.571,5802.527,122164.871,0.02,0.0
457.087,2026-06-26T00:11:08.864533,69351.617,125741.289,1.604,5802.528,122164.871,0.02,0.0
457.138,2026-06-26T00:11:08.915641,69436.098,125741.289,1.582,5802.529,122164.871,0.02,0.0
457.189,2026-06-26T00:11:08.966744,69519.977,125741.289,1.565,5802.53,122164.871,0.02,0.0
457.24,2026-06-26T00:11:09.017867,69604.125,125741.289,1.555,5802.531,122164.871,0.02,0.0
457.291,2026-06-26T00:11:09.068949,69688.535,125741.289,1.547,5802.532,122164.871,0.02,0.0
457.342,2026-06-26T00:11:09.120058,69772.5,125741.289,1.542,5802.533,122164.871,0.02,0.0
457.393,2026-06-26T00:11:09.171131,69856.398,125741.289,1.538,5802.534,122164.871,0.02,0.0
457.444,2026-06-26T00:11:09.222257,69940.023,125741.289,1.581,5802.535,122164.871,0.02,0.0
457.571,2026-06-26T00:11:09.348718,70147.406,125741.289,1.72,5802.882,122164.871,2.757,0.0
457.621,2026-06-26T00:11:09.399186,70230.199,125741.289,1.713,5802.883,122164.871,0.02,0.0
457.672,2026-06-26T00:11:09.449800,70313.438,125741.289,1.662,5802.884,122164.871,0.02,0.0
457.723,2026-06-26T00:11:09.500450,70396.664,125741.289,1.579,5802.885,122164.871,0.02,0.0
457.773,2026-06-26T00:11:09.551232,70479.859,125741.289,1.613,5802.886,122164.871,0.02,0.0
457.824,2026-06-26T00:11:09.602240,70563.406,125741.289,1.588,5802.887,122164.871,0.02,0.0
457.875,2026-06-26T00:11:09.653298,70647.066,125741.289,1.57,5802.888,122164.871,0.02,0.0
457.927,2026-06-26T00:11:09.704381,70730.422,125741.289,1.558,5802.889,122164.871,0.02,0.0
457.978,2026-06-26T00:11:09.755470,70813.383,125741.289,1.595,5802.89,122164.871,0.02,0.0
458.029,2026-06-26T00:11:09.806557,70896.902,125741.289,1.529,5802.891,122164.871,0.02,0.0
458.08,2026-06-26T00:11:09.857673,70981.902,125741.289,1.575,5802.892,122164.871,0.02,0.0
458.131,2026-06-26T00:11:09.908768,71067.301,125741.289,1.607,5802.893,122164.871,0.02,0.0
458.182,2026-06-26T00:11:09.959884,71152.68,125741.289,1.629,5802.895,122164.871,0.02,0.0
458.233,2026-06-26T00:11:10.010959,71237.852,125741.289,1.645,5802.896,122164.871,0.02,0.0
458.284,2026-06-26T00:11:10.062095,71322.895,125741.289,1.61,5802.897,122164.871,0.02,0.0
458.335,2026-06-26T00:11:10.113214,71407.816,125741.289,1.632,5802.898,122164.871,0.02,0.0
458.386,2026-06-26T00:11:10.164270,71492.906,125741.289,1.555,5802.899,122164.871,0.02,0.0
458.437,2026-06-26T00:11:10.215357,71578.086,125741.289,1.593,5802.9,122164.871,0.02,0.0
458.489,2026-06-26T00:11:10.266466,71663.262,125741.289,1.574,5802.901,122164.871,0.02,0.0
458.54,2026-06-26T00:11:10.317587,71748.113,125741.289,1.56,5802.902,122164.871,0.02,0.0
458.591,2026-06-26T00:11:10.368697,71833.457,125741.289,1.551,5802.903,122164.871,0.02,0.0
458.642,2026-06-26T00:11:10.419778,71918.535,125741.289,1.544,5802.904,122164.871,0.02,0.0
458.693,2026-06-26T00:11:10.470888,72003.566,125741.289,1.586,5802.905,122164.871,0.02,0.0
458.744,2026-06-26T00:11:10.521972,72088.891,125741.289,1.568,5802.906,122164.871,0.02,0.0
458.795,2026-06-26T00:11:10.573060,72173.902,125741.289,1.557,5802.907,122164.871,0.02,0.0
458.846,2026-06-26T00:11:10.624078,72259.086,125741.289,1.549,5802.908,122164.871,0.02,0.0
458.897,2026-06-26T00:11:10.675112,72249.422,125741.289,1.544,5802.909,122164.871,0.02,0.0
458.948,2026-06-26T00:11:10.726132,70814.504,125741.289,1.632,5802.91,122164.871,0.02,0.0
458.999,2026-06-26T00:11:10.777185,69381.59,125741.289,1.602,5802.911,122164.871,0.02,0.0
459.05,2026-06-26T00:11:10.828231,68892.75,125862.539,1.718,5802.912,122164.871,0.02,0.0
459.101,2026-06-26T00:11:10.879232,69658.641,125862.539,1.846,5802.913,122164.871,0.02,0.0
459.152,2026-06-26T00:11:10.930221,70406.238,125862.539,2.027,5802.914,122164.871,0.02,0.0
459.203,2026-06-26T00:11:10.981233,71136.164,125862.539,2.155,5802.915,122164.871,0.02,0.0
459.254,2026-06-26T00:11:11.032235,71851.145,125862.539,2.152,5802.916,122286.121,0.02,2376.945
459.305,2026-06-26T00:11:11.083243,72438.152,125983.789,2.195,5802.917,122286.121,0.02,0.0
459.356,2026-06-26T00:11:11.134236,72939.793,127927.789,2.318,5802.918,122286.121,0.02,0.0
459.407,2026-06-26T00:11:11.185213,73050.062,127927.789,2.312,5802.919,122286.121,0.02,0.0
459.458,2026-06-26T00:11:11.236241,73015.23,127806.539,2.354,5802.92,122286.121,0.02,0.0
459.509,2026-06-26T00:11:11.287238,73099.609,127806.539,2.337,5802.921,122286.121,0.02,0.0
459.56,2026-06-26T00:11:11.338248,73184.07,127927.789,2.325,5802.922,122407.371,0.02,2376.646
459.611,2026-06-26T00:11:11.389247,73315.758,127927.789,2.317,5802.923,122407.371,0.02,0.0
459.662,2026-06-26T00:11:11.440248,73447.656,127927.789,2.357,5802.925,122407.371,0.02,0.0
459.713,2026-06-26T00:11:11.491272,73438.77,127806.539,2.339,5802.926,122407.371,0.02,0.0
459.764,2026-06-26T00:11:11.542278,73523.969,127806.539,2.327,5802.927,122407.371,0.02,0.0
459.815,2026-06-26T00:11:11.593287,73609.027,127806.539,2.364,5802.928,122528.621,0.02,2376.845
459.866,2026-06-26T00:11:11.644280,73720.16,127927.789,2.344,5802.929,122528.621,0.02,0.0
459.917,2026-06-26T00:11:11.695295,73851.648,127927.789,2.33,5802.93,122528.621,0.02,0.0
459.968,2026-06-26T00:11:11.746322,73983.215,127927.789,2.366,5802.931,122528.621,0.02,0.0
460.019,2026-06-26T00:11:11.797344,73949.172,127806.539,2.299,5802.932,122528.621,0.02,0.0
460.071,2026-06-26T00:11:11.848373,74033.824,127806.539,2.344,5802.933,122528.621,0.02,0.0
460.122,2026-06-26T00:11:11.899427,74123.359,127927.789,2.375,5802.934,122649.871,0.02,2375.125
460.173,2026-06-26T00:11:11.950457,74255.258,127927.789,2.352,5802.935,122649.871,0.02,0.0
460.224,2026-06-26T00:11:12.001505,74387.223,127927.789,2.381,5802.936,122649.871,0.02,0.0
460.275,2026-06-26T00:11:12.052526,74374.246,127806.539,2.356,5802.937,122649.871,0.02,0.0
460.326,2026-06-26T00:11:12.103581,74459.188,127806.539,2.383,5802.938,122649.871,0.02,0.0
460.377,2026-06-26T00:11:12.154625,74544.406,127806.539,2.403,5802.939,122771.121,0.02,2374.615
460.428,2026-06-26T00:11:12.205694,74659.32,127927.789,2.371,5802.94,122771.121,0.02,0.0
460.479,2026-06-26T00:11:12.256734,74791.359,127927.789,2.394,5802.941,122771.121,0.02,0.0
460.53,2026-06-26T00:11:12.307778,74877.344,127927.789,2.411,5802.942,122771.121,0.02,0.0
460.581,2026-06-26T00:11:12.358802,74885.09,127806.539,2.33,5802.943,122771.121,0.02,0.0
460.632,2026-06-26T00:11:12.409878,74970.277,127806.539,2.366,5802.944,122771.121,0.02,0.0
460.683,2026-06-26T00:11:12.460905,75065.07,127927.789,2.345,5802.945,122892.371,0.02,2375.014
460.734,2026-06-26T00:11:12.511963,75198.785,127927.789,2.376,5802.946,122892.371,0.02,0.0
460.785,2026-06-26T00:11:12.562983,75295.141,127927.789,2.352,5802.947,122892.371,0.02,0.0
460.836,2026-06-26T00:11:12.614031,74640.508,127927.789,2.014,5802.948,122892.371,0.02,0.0
460.887,2026-06-26T00:11:12.665084,73996.508,127927.789,1.639,5802.949,122892.371,0.02,0.0
460.938,2026-06-26T00:11:12.716119,73356.508,127927.789,1.377,5802.95,122892.371,0.02,0.0
460.989,2026-06-26T00:11:12.767189,72718.508,127927.789,1.194,5802.951,122892.371,0.02,0.0
461.04,2026-06-26T00:11:12.818198,72078.508,127927.789,1.065,5802.952,122892.371,0.02,0.0
461.091,2026-06-26T00:11:12.869201,71342.508,127927.789,1.021,5802.953,122892.371,0.02,0.0
461.142,2026-06-26T00:11:12.920208,71181.086,123710.539,1.174,5802.955,122892.371,0.02,0.0
461.193,2026-06-26T00:11:12.971204,71221.418,123710.539,1.282,5802.956,122892.371,0.02,0.0
461.244,2026-06-26T00:11:13.022206,71262.34,123831.789,1.678,5802.957,123013.621,0.02,2376.912
461.295,2026-06-26T00:11:13.073210,71344.203,123831.789,1.818,5802.958,123013.621,0.02,0.0
461.346,2026-06-26T00:11:13.124220,71428.836,123831.789,2.008,5802.959,123013.621,0.02,0.0
461.397,2026-06-26T00:11:13.175237,71372.848,123710.539,2.094,5802.96,123013.621,0.02,0.0
461.448,2026-06-26T00:11:13.226240,71409.934,123710.539,2.202,5802.961,123013.621,0.02,0.0
461.499,2026-06-26T00:11:13.277247,71446.188,123710.539,2.23,5802.962,123134.871,0.02,2376.634
461.55,2026-06-26T00:11:13.328255,71506.383,123831.789,2.25,5802.963,123134.871,0.02,0.0
461.601,2026-06-26T00:11:13.379270,71586.73,123831.789,2.265,5802.964,123134.871,0.02,0.0
461.652,2026-06-26T00:11:13.430272,71666.113,123831.789,2.366,5802.965,123134.871,0.02,0.0
461.703,2026-06-26T00:11:13.481257,71590.316,123710.539,2.346,5802.966,123134.871,0.02,0.0
461.754,2026-06-26T00:11:13.532254,71626.258,123710.539,2.331,5802.967,123134.871,0.02,0.0
461.805,2026-06-26T00:11:13.583268,71660.668,123710.539,2.321,5802.968,123256.121,0.02,2377.79
461.856,2026-06-26T00:11:13.634264,71730.605,123831.789,2.36,5802.969,123256.121,0.02,0.0
461.907,2026-06-26T00:11:13.685268,71808.363,123831.789,2.295,5802.97,123256.121,0.02,0.0
461.958,2026-06-26T00:11:13.736265,71850.109,123831.789,2.343,5802.971,123256.121,0.02,0.0
462.009,2026-06-26T00:11:13.787252,71797.176,123710.539,2.329,5802.972,123256.121,0.02,0.0
462.06,2026-06-26T00:11:13.838269,71831.273,123710.539,2.365,5802.973,123256.121,0.02,0.0
462.111,2026-06-26T00:11:13.889242,71866.828,123831.789,2.346,5802.974,123377.371,0.02,2380.461
462.162,2026-06-26T00:11:13.940214,71951.055,125431.789,2.332,5802.975,123377.371,0.02,0.0
462.213,2026-06-26T00:11:13.991126,72049.688,125431.789,2.369,5802.976,123377.371,0.02,0.0
462.264,2026-06-26T00:11:14.042058,71873.191,125310.539,2.348,5802.977,123377.371,0.02,0.0
462.315,2026-06-26T00:11:14.093064,70365.844,125310.539,2.333,5802.978,123377.371,0.02,0.0
462.366,2026-06-26T00:11:14.144090,68848.523,125310.539,2.367,5802.979,123377.371,0.02,0.0
462.417,2026-06-26T00:11:14.195195,68205.324,123491.789,2.345,5802.98,123498.621,0.02,2374.149
462.468,2026-06-26T00:11:14.246260,68310.996,123491.789,2.33,5802.981,123498.621,0.02,0.0
462.59,2026-06-26T00:11:14.367437,68400.395,123370.539,2.485,5803.329,123498.621,2.879,0.0
462.64,2026-06-26T00:11:14.417875,68460.922,123370.539,2.434,5803.33,123498.621,0.02,0.0
462.691,2026-06-26T00:11:14.468577,68521.609,123370.539,2.35,5803.331,123619.871,0.02,2389.824
462.741,2026-06-26T00:11:14.519352,68620.352,123491.789,2.383,5803.332,123619.871,0.02,0.0
462.792,2026-06-26T00:11:14.570212,68725.504,123491.789,2.358,5803.333,123619.871,0.02,0.0
462.843,2026-06-26T00:11:14.621275,68749.121,123491.789,2.385,5803.334,123619.871,0.02,0.0
462.895,2026-06-26T00:11:14.672385,68764.773,123370.539,2.357,5803.335,123619.871,0.02,0.0
462.946,2026-06-26T00:11:14.723470,68825.703,123370.539,2.384,5803.336,123619.871,0.02,0.0
462.997,2026-06-26T00:11:14.774578,68886.992,123370.539,2.356,5803.337,123619.871,0.02,0.0
463.048,2026-06-26T00:11:14.825679,68948.016,123370.539,2.337,5803.338,123741.121,0.02,2372.333
463.099,2026-06-26T00:11:14.876790,69027.57,123491.789,2.369,5803.339,123741.121,0.02,0.0
463.15,2026-06-26T00:11:14.927916,69133.34,123491.789,2.438,5803.34,123741.121,0.02,0.0
463.201,2026-06-26T00:11:14.979031,69239.297,123491.789,2.395,5803.341,123741.121,0.02,0.0
463.252,2026-06-26T00:11:15.030123,69192.469,123370.539,2.364,5803.342,123741.121,0.02,0.0
463.303,2026-06-26T00:11:15.081230,69253.621,123370.539,2.389,5803.343,123741.121,0.02,0.0
463.354,2026-06-26T00:11:15.132306,69314.961,123370.539,2.361,5803.344,123862.371,0.02,2373.706
463.406,2026-06-26T00:11:15.183426,69406.57,123491.789,2.34,5803.345,123862.371,0.02,0.0
463.457,2026-06-26T00:11:15.234528,69512.129,123491.789,2.372,5803.346,123862.371,0.02,0.0
463.508,2026-06-26T00:11:15.285651,69617.848,123491.789,2.348,5803.347,123862.371,0.02,0.0
463.559,2026-06-26T00:11:15.336755,69558.949,123370.539,2.377,5803.348,123862.371,0.02,0.0
463.61,2026-06-26T00:11:15.387875,69620.203,123370.539,2.352,5803.349,123862.371,0.02,0.0
463.661,2026-06-26T00:11:15.438972,69682.484,123370.539,2.334,5803.35,123983.621,0.02,2372.41
463.712,2026-06-26T00:11:15.490081,69790.461,123491.789,2.368,5803.351,123983.621,0.02,0.0
463.763,2026-06-26T00:11:15.541217,69898.758,123491.789,2.346,5803.353,123983.621,0.02,0.0
463.814,2026-06-26T00:11:15.592289,69869.68,123370.539,2.33,5803.354,123983.621,0.02,0.0
463.866,2026-06-26T00:11:15.643366,69933.691,123370.539,2.319,5803.355,123983.621,0.02,0.0
463.917,2026-06-26T00:11:15.694479,69997.902,123370.539,2.357,5803.356,124104.871,0.02,2371.791
463.968,2026-06-26T00:11:15.745562,69749.641,123370.539,2.384,5803.357,124104.871,0.02,0.0
464.019,2026-06-26T00:11:15.796667,69042.98,123370.539,2.403,5803.358,124104.871,0.02,0.0
464.07,2026-06-26T00:11:15.847750,68274.395,123370.539,2.324,5803.359,124104.871,0.02,0.0
464.121,2026-06-26T00:11:15.898843,68312.238,121430.539,2.361,5803.36,124104.871,0.02,0.0
464.172,2026-06-26T00:11:15.949960,68375.348,121430.539,2.386,5803.361,124104.871,0.02,0.0
464.223,2026-06-26T00:11:16.001070,68437.664,121430.539,2.312,5803.362,124104.871,0.02,0.0
464.274,2026-06-26T00:11:16.052203,68499.969,121430.539,2.398,5803.363,124104.871,0.02,0.0
464.325,2026-06-26T00:11:16.103271,68561.961,121430.539,2.367,5803.364,124104.871,0.02,0.0
464.377,2026-06-26T00:11:16.154364,68624.258,121430.539,2.345,5803.365,124104.871,0.02,0.0
464.428,2026-06-26T00:11:16.205480,68686.344,121430.539,2.375,5803.366,124104.871,0.02,0.0
464.479,2026-06-26T00:11:16.256573,68748.164,121430.539,2.35,5803.367,124104.871,0.02,0.0
464.53,2026-06-26T00:11:16.307686,68688.746,121309.289,2.333,5803.368,124104.871,0.02,0.0
464.581,2026-06-26T00:11:16.358771,68750.762,121309.289,2.138,5803.369,124104.871,0.02,0.0
464.632,2026-06-26T00:11:16.409874,68813.332,121309.289,2.001,5803.37,124104.871,0.02,0.0
464.683,2026-06-26T00:11:16.460962,68875.824,121309.289,1.86,5803.371,124104.871,0.02,0.0
464.734,2026-06-26T00:11:16.512066,68641.418,121309.289,1.76,5803.372,124104.871,0.02,0.0
464.785,2026-06-26T00:11:16.563196,67792.328,121309.289,1.737,5803.373,124104.871,0.02,0.0
464.836,2026-06-26T00:11:16.614262,67139.242,121309.289,1.675,5803.374,124104.871,0.02,0.0
464.887,2026-06-26T00:11:16.665351,67038.352,119369.289,1.585,5803.375,124104.871,0.02,0.0
464.939,2026-06-26T00:11:16.716466,67057.199,119369.289,1.66,5803.376,124104.871,0.02,0.0
464.99,2026-06-26T00:11:16.767572,67075.949,119369.289,1.666,5803.377,124104.871,0.02,0.0
465.041,2026-06-26T00:11:16.818691,67094.742,119369.289,1.579,5803.378,124104.871,0.02,0.0
465.092,2026-06-26T00:11:16.869784,67113.449,119369.289,1.564,5803.379,124104.871,0.02,0.0
465.143,2026-06-26T00:11:16.920906,67132.242,119369.289,1.599,5803.38,124104.871,0.02,0.0
465.194,2026-06-26T00:11:16.972004,67150.949,119369.289,1.578,5803.381,124104.871,0.02,0.0
465.245,2026-06-26T00:11:17.023117,67169.742,119369.289,1.563,5803.383,124104.871,0.02,0.0
465.296,2026-06-26T00:11:17.074213,67200.305,120127.102,1.553,5803.384,124104.871,0.02,0.0
465.347,2026-06-26T00:11:17.125288,67237.977,120127.102,1.638,5803.385,124104.871,0.02,0.0
465.399,2026-06-26T00:11:17.176403,67275.824,120127.102,1.559,5803.386,124104.871,0.02,0.0
465.45,2026-06-26T00:11:17.227491,67313.684,120127.102,1.596,5803.387,124104.871,0.02,0.0
465.501,2026-06-26T00:11:17.278605,67351.535,120127.102,1.576,5803.388,124104.871,0.02,0.0
465.552,2026-06-26T00:11:17.329684,67389.66,120127.102,1.562,5803.389,124104.871,0.02,0.0
465.603,2026-06-26T00:11:17.380791,67427.582,120127.102,1.598,5803.39,124104.871,0.02,0.0
465.654,2026-06-26T00:11:17.431877,67465.668,120127.102,1.577,5803.391,124104.871,0.02,0.0
465.705,2026-06-26T00:11:17.482978,67503.582,120127.102,1.563,5803.392,124104.871,0.02,0.0
465.756,2026-06-26T00:11:17.534067,67541.621,120127.102,1.553,5803.393,124104.871,0.02,0.0
465.807,2026-06-26T00:11:17.585183,67579.723,120127.102,1.546,5803.394,124104.871,0.02,0.0
465.858,2026-06-26T00:11:17.636249,67617.77,120127.102,1.633,5803.395,124104.871,0.02,0.0
465.91,2026-06-26T00:11:17.687366,67655.93,120127.102,1.601,5803.396,124104.871,0.02,0.0
465.961,2026-06-26T00:11:17.738464,67694.039,120127.102,1.626,5803.397,124104.871,0.02,0.0
466.012,2026-06-26T00:11:17.789575,67732.102,120127.102,1.596,5803.398,124104.871,0.02,0.0
466.063,2026-06-26T00:11:17.840663,67770.23,120127.102,1.576,5803.399,124104.871,0.02,0.0
466.114,2026-06-26T00:11:17.891777,67808.312,120127.102,1.562,5803.4,124104.871,0.02,0.0
466.165,2026-06-26T00:11:17.942905,67846.488,120127.102,1.552,5803.401,124104.871,0.02,0.0
466.216,2026-06-26T00:11:17.994012,67884.582,120127.102,1.545,5803.402,124104.871,0.02,0.0
466.267,2026-06-26T00:11:18.045100,67920.676,120127.102,1.586,5803.403,124104.871,0.02,0.0
466.318,2026-06-26T00:11:18.096220,67958.645,120127.102,1.615,5803.404,124104.871,0.02,0.0
466.369,2026-06-26T00:11:18.147292,67996.621,120127.102,1.543,5803.405,124104.871,0.02,0.0
466.421,2026-06-26T00:11:18.198407,68034.496,120127.102,1.585,5803.406,124104.871,0.02,0.0
466.472,2026-06-26T00:11:18.249501,68072.637,120127.102,1.568,5803.407,124104.871,0.02,0.0
466.523,2026-06-26T00:11:18.300610,67415.957,120127.102,1.557,5803.408,124104.871,0.02,0.0
466.574,2026-06-26T00:11:18.351621,66660.805,120127.102,1.549,5803.409,124104.871,0.02,0.0
466.625,2026-06-26T00:11:18.402613,65849.555,120127.102,1.544,5803.41,124104.871,0.02,0.0
466.676,2026-06-26T00:11:18.453619,65006.363,120127.102,1.586,5803.412,124104.871,0.02,0.0
466.727,2026-06-26T00:11:18.504633,64163.152,120127.102,1.57,5803.413,124104.871,0.02,0.0
466.778,2026-06-26T00:11:18.555644,64092.156,116031.102,1.329,5803.414,124104.871,0.02,0.0
466.829,2026-06-26T00:11:18.606628,64111.141,116031.102,1.344,5803.415,124104.871,0.02,0.0
466.88,2026-06-26T00:11:18.657578,64130.34,116031.102,1.447,5803.416,124104.871,0.02,0.0
466.931,2026-06-26T00:11:18.708568,64149.477,116031.102,1.427,5803.417,124104.871,0.02,0.0
466.982,2026-06-26T00:11:18.759530,64168.781,116031.102,1.504,5803.418,124104.871,0.02,0.0
467.033,2026-06-26T00:11:18.810503,64187.996,116031.102,1.467,5803.419,124104.871,0.02,0.0
467.084,2026-06-26T00:11:18.861467,64207.137,116031.102,1.532,5803.42,124104.871,0.02,0.0
467.135,2026-06-26T00:11:18.912449,64226.18,116031.102,1.533,5803.421,124104.871,0.02,0.0
467.186,2026-06-26T00:11:18.963402,64245.32,116031.102,1.579,5803.422,124104.871,0.02,0.0
467.237,2026-06-26T00:11:19.014378,64264.664,116031.102,1.565,5803.423,124104.871,0.02,0.0
467.287,2026-06-26T00:11:19.065321,64283.977,116031.102,1.556,5803.424,124104.871,0.02,0.0
467.338,2026-06-26T00:11:19.116260,63828.289,116031.102,1.641,5803.425,124104.871,0.02,0.0
467.389,2026-06-26T00:11:19.167224,63214.289,116031.102,1.609,5803.426,124104.871,0.02,0.0
467.44,2026-06-26T00:11:19.218175,62430.289,116031.102,1.586,5803.427,124104.871,0.02,0.0
467.491,2026-06-26T00:11:19.269100,62348.289,114091.102,1.57,5803.428,124104.871,0.02,0.0
467.612,2026-06-26T00:11:19.390188,62348.289,114091.102,1.701,5803.776,124104.871,2.884,0.0
467.663,2026-06-26T00:11:19.440607,62348.289,114091.102,1.654,5803.777,124104.871,0.02,0.0
467.713,2026-06-26T00:11:19.491190,62359.168,114891.102,1.621,5803.778,124104.871,0.02,0.0
467.764,2026-06-26T00:11:19.541891,62408.793,114891.102,1.642,5803.779,124104.871,0.02,0.0
467.815,2026-06-26T00:11:19.592694,62458.586,114891.102,1.565,5803.78,124104.871,0.02,0.0
467.866,2026-06-26T00:11:19.643510,62508.789,114891.102,1.602,5803.781,124104.871,0.02,0.0
467.917,2026-06-26T00:11:19.694504,62661.418,123083.102,1.581,5803.782,124104.871,0.02,0.0
467.968,2026-06-26T00:11:19.745478,63224.629,123083.102,1.566,5803.783,124104.871,0.02,0.0
468.019,2026-06-26T00:11:19.796497,63781.312,123083.102,1.556,5803.784,124104.871,0.02,0.0
468.07,2026-06-26T00:11:19.847462,64352.195,123083.102,1.549,5803.785,124104.871,0.02,0.0
468.121,2026-06-26T00:11:19.898464,64943.438,123083.102,1.544,5803.786,124104.871,0.02,0.0
468.172,2026-06-26T00:11:19.949433,65540.398,123083.102,1.587,5803.787,124104.871,0.02,0.0
468.223,2026-06-26T00:11:20.000425,66141.121,123083.102,1.616,5803.788,124104.871,0.02,0.0
468.274,2026-06-26T00:11:20.051402,66736.355,123083.102,1.591,5803.789,124104.871,0.02,0.0
468.325,2026-06-26T00:11:20.102397,67335.324,123083.102,1.619,5803.79,124104.871,0.02,0.0
468.376,2026-06-26T00:11:20.153373,67931.016,123083.102,1.547,5803.792,124104.871,0.02,0.0
468.427,2026-06-26T00:11:20.204425,68531.035,123083.102,1.588,5803.793,124104.871,0.02,0.0
468.478,2026-06-26T00:11:20.255467,69129.902,123083.102,1.571,5803.794,124104.871,0.02,0.0
468.529,2026-06-26T00:11:20.306525,69728.707,123083.102,1.605,5803.795,124104.871,0.02,0.0
468.58,2026-06-26T00:11:20.357550,70329.121,123133.102,1.629,5803.796,124104.871,0.02,0.0
468.631,2026-06-26T00:11:20.408598,70442.676,123133.102,1.599,5803.797,124104.871,0.02,0.0
468.682,2026-06-26T00:11:20.459636,70590.395,122337.102,1.578,5803.798,124104.871,0.02,0.0
468.733,2026-06-26T00:11:20.510683,70608.285,126433.102,1.564,5803.799,124104.871,0.02,0.0
468.784,2026-06-26T00:11:20.561725,70641.617,126433.102,1.554,5803.8,124104.871,0.02,0.0
468.835,2026-06-26T00:11:20.612779,70677.758,126433.102,1.593,5803.801,124104.871,0.02,0.0
468.886,2026-06-26T00:11:20.663802,70720.117,127233.102,1.574,5803.802,124154.871,0.02,978.834
468.937,2026-06-26T00:11:20.714881,70805.121,127233.102,1.561,5803.803,124154.871,0.02,0.0
468.988,2026-06-26T00:11:20.765913,70890.957,127233.102,1.552,5803.804,124154.871,0.02,0.0
469.039,2026-06-26T00:11:20.816956,70976.164,127233.102,1.545,5803.805,124154.871,0.02,0.0
469.09,2026-06-26T00:11:20.867979,71061.73,127233.102,1.541,5803.806,124154.871,0.02,0.0
469.141,2026-06-26T00:11:20.919020,71146.898,127233.102,1.538,5803.807,124154.871,0.02,0.0
469.192,2026-06-26T00:11:20.970065,71232.223,127233.102,1.536,5803.808,124154.871,0.02,0.0
469.243,2026-06-26T00:11:21.021087,71317.609,127233.102,1.581,5803.809,124154.871,0.02,0.0
469.294,2026-06-26T00:11:21.072113,71402.836,127233.102,1.565,5803.81,124154.871,0.02,0.0
469.345,2026-06-26T00:11:21.123178,71488.285,127233.102,1.555,5803.811,124154.871,0.02,0.0
469.396,2026-06-26T00:11:21.174221,71573.586,127233.102,1.594,5803.812,124154.871,0.02,0.0
469.447,2026-06-26T00:11:21.225222,71659.832,127233.102,1.575,5803.813,124154.871,0.02,0.0
469.498,2026-06-26T00:11:21.276228,71747.551,127233.102,1.608,5803.814,124154.871,0.02,0.0
469.549,2026-06-26T00:11:21.327230,71834.473,127233.102,1.631,5803.815,124154.871,0.02,0.0
469.6,2026-06-26T00:11:21.378230,71920.922,127233.102,1.647,5803.816,124154.871,0.02,0.0
469.651,2026-06-26T00:11:21.429225,72007.406,127233.102,1.613,5803.817,124154.871,0.02,0.0
469.702,2026-06-26T00:11:21.480235,72094.047,127233.102,1.588,5803.819,124154.871,0.02,0.0
469.753,2026-06-26T00:11:21.531238,72116.332,127233.102,1.572,5803.82,124154.871,0.02,0.0
469.804,2026-06-26T00:11:21.582246,71772.711,127233.102,1.559,5803.821,124154.871,0.02,0.0
469.855,2026-06-26T00:11:21.633253,71407.695,126433.102,1.551,5803.822,124154.871,0.02,0.0
469.906,2026-06-26T00:11:21.684246,71443.922,126433.102,1.545,5803.823,124154.871,0.02,0.0
469.957,2026-06-26T00:11:21.735257,71480.055,126433.102,1.541,5803.824,124154.871,0.02,0.0
470.008,2026-06-26T00:11:21.786257,71516.07,126433.102,1.584,5803.825,124154.871,0.02,0.0
470.059,2026-06-26T00:11:21.837257,71555.461,127233.102,1.568,5803.826,124204.871,0.02,979.73
470.11,2026-06-26T00:11:21.888291,71641.297,127233.102,1.603,5803.827,124204.871,0.02,0.0
470.172,2026-06-26T00:11:21.949514,71744.562,127233.102,1.619,5803.828,124204.871,0.017,0.0
470.223,2026-06-26T00:11:22.000568,71832.055,127233.102,1.593,5803.829,124204.871,0.02,0.0
470.274,2026-06-26T00:11:22.051585,71919.559,127233.102,1.574,5803.83,124204.871,0.02,0.0
470.325,2026-06-26T00:11:22.102646,72005.934,127233.102,1.561,5803.831,124204.871,0.02,0.0
470.376,2026-06-26T00:11:22.153681,72091.801,127233.102,1.597,5803.832,124204.871,0.02,0.0
470.427,2026-06-26T00:11:22.204738,72178.141,127233.102,1.624,5803.833,124204.871,0.02,0.0
470.478,2026-06-26T00:11:22.255766,72264.34,127233.102,1.595,5803.834,124204.871,0.02,0.0
470.529,2026-06-26T00:11:22.306830,72350.684,127233.102,1.576,5803.835,124204.871,0.02,0.0
470.58,2026-06-26T00:11:22.357857,72436.762,127233.102,1.562,5803.836,124204.871,0.02,0.0
470.631,2026-06-26T00:11:22.408914,72522.906,127233.102,1.599,5803.837,124204.871,0.02,0.0
470.682,2026-06-26T00:11:22.459948,72609.457,127233.102,1.533,5803.838,124204.871,0.02,0.0
470.733,2026-06-26T00:11:22.510991,72695.617,127233.102,1.532,5803.839,124204.871,0.02,0.0
470.784,2026-06-26T00:11:22.562038,72781.852,127233.102,1.577,5803.84,124204.871,0.02,0.0
470.835,2026-06-26T00:11:22.613071,72868.457,127233.102,1.564,5803.841,124204.871,0.02,0.0
470.886,2026-06-26T00:11:22.664078,72898.305,127183.102,1.646,5803.842,124204.871,0.02,0.0
470.937,2026-06-26T00:11:22.715117,72977.535,127233.102,1.611,5803.843,124204.871,0.02,0.0
470.988,2026-06-26T00:11:22.766184,72458.047,127233.102,1.541,5803.844,124204.871,0.02,0.0
471.039,2026-06-26T00:11:22.817205,72258.828,126433.102,1.584,5803.846,124204.871,0.02,0.0
471.09,2026-06-26T00:11:22.868206,72295.578,126433.102,1.568,5803.847,124204.871,0.02,0.0
471.141,2026-06-26T00:11:22.919220,72332.297,126433.102,1.557,5803.848,124204.871,0.02,0.0
471.192,2026-06-26T00:11:22.970215,72368.434,126433.102,1.55,5803.849,124204.871,0.02,0.0
471.243,2026-06-26T00:11:23.021224,72417.672,127233.102,1.59,5803.85,124254.871,0.02,980.092
471.294,2026-06-26T00:11:23.072215,72417.672,127233.102,1.113,5803.851,124254.871,0.02,0.0
471.345,2026-06-26T00:11:23.123213,72417.672,127233.102,0.825,5803.852,124254.871,0.02,0.0
471.396,2026-06-26T00:11:23.174217,72486.465,127233.102,0.899,5803.853,124254.871,0.02,0.0
471.447,2026-06-26T00:11:23.225226,72574.121,127233.102,1.089,5803.854,124254.871,0.02,0.0
471.498,2026-06-26T00:11:23.276237,72661.875,127233.102,1.268,5803.855,124254.871,0.02,0.0
471.549,2026-06-26T00:11:23.327248,72748.727,127233.102,1.347,5803.856,124254.871,0.02,0.0
471.6,2026-06-26T00:11:23.378253,72835.434,127233.102,1.402,5803.857,124254.871,0.02,0.0
471.651,2026-06-26T00:11:23.429253,72922.094,127233.102,1.441,5803.858,124254.871,0.02,0.0
471.702,2026-06-26T00:11:23.480265,73009.094,127233.102,1.514,5803.859,124254.871,0.02,0.0
471.753,2026-06-26T00:11:23.531271,73096.391,127233.102,1.519,5803.86,124254.871,0.02,0.0
471.804,2026-06-26T00:11:23.582287,73183.762,127233.102,1.523,5803.861,124254.871,0.02,0.0
471.855,2026-06-26T00:11:23.633338,73271.098,127233.102,1.525,5803.862,124254.871,0.02,0.0
471.906,2026-06-26T00:11:23.684352,73358.469,127233.102,1.527,5803.863,124254.871,0.02,0.0
471.958,2026-06-26T00:11:23.735409,73445.469,127233.102,1.528,5803.864,124254.871,0.02,0.0
472.009,2026-06-26T00:11:23.786456,73532.973,127233.102,1.575,5803.865,124254.871,0.02,0.0
472.06,2026-06-26T00:11:23.837501,73620.086,127233.102,1.607,5803.866,124254.871,0.02,0.0
472.111,2026-06-26T00:11:23.888550,73707.684,127233.102,1.584,5803.867,124254.871,0.02,0.0
472.162,2026-06-26T00:11:23.939565,73735.895,127183.102,1.614,5803.868,124254.871,0.02,0.0
472.213,2026-06-26T00:11:23.990647,73813.699,127233.102,1.543,5803.869,124254.871,0.02,0.0
472.264,2026-06-26T00:11:24.041672,73320.02,127233.102,1.585,5803.87,124254.871,0.02,0.0
472.315,2026-06-26T00:11:24.092707,73093.5,126433.102,1.615,5803.872,124254.871,0.02,0.0
472.366,2026-06-26T00:11:24.143720,73129.895,126433.102,1.59,5803.873,124254.871,0.02,0.0
472.417,2026-06-26T00:11:24.194782,73164.879,126433.102,1.572,5803.874,124254.871,0.02,0.0
472.468,2026-06-26T00:11:24.245814,73199.766,126433.102,1.605,5803.875,124254.871,0.02,0.0
472.519,2026-06-26T00:11:24.296864,73243.762,127233.102,1.583,5803.876,124304.871,0.02,979.707
472.639,2026-06-26T00:11:24.416992,73442.75,127233.102,1.676,5804.223,124304.871,2.903,0.0
472.69,2026-06-26T00:11:24.467433,73528.59,127233.102,1.683,5804.224,124304.871,0.021,0.0
472.74,2026-06-26T00:11:24.518096,73612.219,127233.102,1.638,5804.225,124304.871,0.02,0.0
472.791,2026-06-26T00:11:24.569052,73682.875,127233.102,1.654,5804.226,124304.871,0.02,0.0
472.842,2026-06-26T00:11:24.619852,73767.793,127233.102,1.619,5804.227,124304.871,0.02,0.0
472.893,2026-06-26T00:11:24.670694,73853.754,127233.102,1.593,5804.228,124304.871,0.02,0.0
472.944,2026-06-26T00:11:24.721720,73937.363,127233.102,1.574,5804.229,124304.871,0.02,0.0
472.995,2026-06-26T00:11:24.772769,74022.168,127233.102,1.607,5804.23,124304.871,0.02,0.0
473.046,2026-06-26T00:11:24.823813,74108.0,127233.102,1.584,5804.231,124304.871,0.02,0.0
473.097,2026-06-26T00:11:24.874855,74192.613,127233.102,1.568,5804.232,124304.871,0.02,0.0
473.148,2026-06-26T00:11:24.925892,74279.086,127233.102,1.603,5804.233,124304.871,0.02,0.0
473.199,2026-06-26T00:11:24.976947,74366.535,127233.102,1.581,5804.234,124304.871,0.02,0.0
473.25,2026-06-26T00:11:25.027965,74452.719,127233.102,1.566,5804.235,124304.871,0.02,0.0
473.301,2026-06-26T00:11:25.079040,74538.293,127233.102,1.555,5804.236,124304.871,0.02,0.0
473.352,2026-06-26T00:11:25.130050,74562.781,127183.102,1.594,5804.238,124304.871,0.02,0.0
473.403,2026-06-26T00:11:25.181063,74642.02,127233.102,1.575,5804.239,124304.871,0.02,0.0
473.454,2026-06-26T00:11:25.232087,73968.895,127233.102,1.608,5804.24,124304.871,0.02,0.0
473.505,2026-06-26T00:11:25.283130,73918.324,126433.102,1.539,5804.241,124304.871,0.02,0.0
473.556,2026-06-26T00:11:25.334232,73953.289,126433.102,1.628,5804.242,124304.871,0.02,0.0
473.607,2026-06-26T00:11:25.385219,73988.816,126433.102,1.599,5804.243,124304.871,0.02,0.0
473.658,2026-06-26T00:11:25.436229,74024.672,126433.102,1.625,5804.244,124304.871,0.02,0.0
473.709,2026-06-26T00:11:25.487232,74086.148,127233.102,1.551,5804.245,124354.871,0.02,980.436
473.76,2026-06-26T00:11:25.538242,74171.703,127233.102,1.591,5804.246,124354.871,0.02,0.0
473.811,2026-06-26T00:11:25.589255,74256.691,127233.102,1.573,5804.247,124354.871,0.02,0.0
473.862,2026-06-26T00:11:25.640248,74341.75,127233.102,1.607,5804.248,124354.871,0.02,0.0
473.913,2026-06-26T00:11:25.691254,74427.605,127233.102,1.538,5804.249,124354.871,0.02,0.0
473.964,2026-06-26T00:11:25.742256,74514.258,127233.102,1.582,5804.25,124354.871,0.02,0.0
474.015,2026-06-26T00:11:25.793264,74598.812,127233.102,1.567,5804.251,124354.871,0.02,0.0
474.066,2026-06-26T00:11:25.844275,74684.137,127233.102,1.556,5804.252,124354.871,0.02,0.0
474.117,2026-06-26T00:11:25.895280,74769.125,127233.102,1.549,5804.253,124354.871,0.02,0.0
474.168,2026-06-26T00:11:25.946280,74853.77,127233.102,1.59,5804.254,124354.871,0.02,0.0
474.219,2026-06-26T00:11:25.997316,74937.562,127233.102,1.526,5804.255,124354.871,0.02,0.0
474.27,2026-06-26T00:11:26.048341,75019.379,127233.102,1.527,5804.256,124354.871,0.02,0.0
474.322,2026-06-26T00:11:26.099375,75104.406,127233.102,1.574,5804.257,124354.871,0.02,0.0
474.373,2026-06-26T00:11:26.150427,75188.672,127233.102,1.561,5804.258,124354.871,0.02,0.0
474.424,2026-06-26T00:11:26.201439,75272.926,127233.102,1.552,5804.259,124354.871,0.02,0.0
474.475,2026-06-26T00:11:26.252520,75355.719,127233.102,1.546,5804.26,124354.871,0.02,0.0
474.526,2026-06-26T00:11:26.303538,75374.598,127233.102,1.587,5804.261,124354.871,0.02,0.0
474.577,2026-06-26T00:11:26.354594,75454.379,127233.102,1.662,5804.262,124354.871,0.02,0.0
474.628,2026-06-26T00:11:26.405619,74766.395,127233.102,1.623,5804.263,124354.871,0.02,0.0
474.679,2026-06-26T00:11:26.456663,73634.395,126433.102,1.549,5804.265,124354.871,0.02,0.0
474.73,2026-06-26T00:11:26.507720,72268.395,126433.102,1.543,5804.266,124354.871,0.02,0.0
474.781,2026-06-26T00:11:26.558725,70790.395,126433.102,1.586,5804.267,124354.871,0.02,0.0
474.832,2026-06-26T00:11:26.609750,69364.395,126433.102,1.569,5804.268,124354.871,0.02,0.0
474.883,2026-06-26T00:11:26.660788,67844.395,126433.102,1.42,5804.269,124404.871,0.02,980.298
474.934,2026-06-26T00:11:26.711814,66497.496,119041.102,1.269,5804.27,124404.871,0.02,0.0
474.985,2026-06-26T00:11:26.762870,66587.082,123137.102,1.348,5804.271,124404.871,0.02,0.0
475.036,2026-06-26T00:11:26.813892,66678.836,123137.102,1.403,5804.272,124404.871,0.02,0.0
475.087,2026-06-26T00:11:26.864939,66771.062,123137.102,1.441,5804.273,124404.871,0.02,0.0
475.138,2026-06-26T00:11:26.915968,66863.402,123137.102,1.514,5804.274,124404.871,0.02,0.0
475.189,2026-06-26T00:11:26.967030,66956.332,123137.102,1.519,5804.275,124404.871,0.02,0.0
475.24,2026-06-26T00:11:27.018064,67049.121,123137.102,1.522,5804.276,124404.871,0.02,0.0
475.291,2026-06-26T00:11:27.069112,67139.441,123137.102,1.525,5804.277,124404.871,0.02,0.0
475.342,2026-06-26T00:11:27.120133,67232.117,123137.102,1.526,5804.278,124404.871,0.02,0.0
475.393,2026-06-26T00:11:27.171204,67326.629,123137.102,1.528,5804.279,124404.871,0.02,0.0
475.444,2026-06-26T00:11:27.222221,67418.586,123137.102,1.621,5804.28,124404.871,0.02,0.0
475.495,2026-06-26T00:11:27.273238,67509.148,123137.102,1.594,5804.281,124404.871,0.02,0.0
475.546,2026-06-26T00:11:27.324239,67602.719,123137.102,1.576,5804.282,124404.871,0.02,0.0
475.597,2026-06-26T00:11:27.375240,67693.492,123137.102,1.608,5804.283,124404.871,0.02,0.0
475.648,2026-06-26T00:11:27.426270,67785.309,123137.102,1.585,5804.284,124404.871,0.02,0.0
475.699,2026-06-26T00:11:27.477267,67877.422,123137.102,1.569,5804.285,124404.871,0.02,0.0
475.75,2026-06-26T00:11:27.528282,67969.93,123137.102,1.558,5804.286,124404.871,0.02,0.0
475.801,2026-06-26T00:11:27.579282,67995.172,123137.102,1.55,5804.287,124404.871,0.02,0.0
475.852,2026-06-26T00:11:27.630261,67753.078,123137.102,1.545,5804.288,124404.871,0.02,0.0
475.903,2026-06-26T00:11:27.681275,67309.242,122337.102,1.541,5804.289,124404.871,0.02,0.0
475.954,2026-06-26T00:11:27.732275,67352.668,122337.102,1.584,5804.291,124404.871,0.02,0.0
476.005,2026-06-26T00:11:27.783290,67395.637,122337.102,1.614,5804.292,124404.871,0.02,0.0
476.056,2026-06-26T00:11:27.834314,67439.258,122337.102,1.543,5804.293,124404.871,0.02,0.0
476.107,2026-06-26T00:11:27.885344,67481.68,122337.102,1.631,5804.294,124454.871,0.02,979.721
476.159,2026-06-26T00:11:27.936383,67566.965,123137.102,1.601,5804.295,124454.871,0.02,0.0
476.21,2026-06-26T00:11:27.987444,67661.164,123137.102,1.534,5804.296,124454.871,0.02,0.0
476.261,2026-06-26T00:11:28.038472,67721.18,123137.102,1.395,5804.297,124454.871,0.02,0.0
476.312,2026-06-26T00:11:28.089524,67793.125,123137.102,1.344,5804.298,124454.871,0.02,0.0
476.363,2026-06-26T00:11:28.140569,67885.59,123137.102,1.399,5804.299,124454.871,0.02,0.0
476.414,2026-06-26T00:11:28.191609,67975.066,123137.102,1.485,5804.3,124454.871,0.02,0.0
476.465,2026-06-26T00:11:28.242637,68067.172,123137.102,1.545,5804.301,124454.871,0.02,0.0
476.516,2026-06-26T00:11:28.293690,68158.84,123137.102,1.54,5804.302,124454.871,0.02,0.0
476.567,2026-06-26T00:11:28.344727,68248.707,123137.102,1.537,5804.303,124454.871,0.02,0.0
476.618,2026-06-26T00:11:28.395772,68341.0,123137.102,1.535,5804.304,124454.871,0.02,0.0
476.669,2026-06-26T00:11:28.446812,68433.098,123137.102,1.534,5804.305,124454.871,0.02,0.0
476.72,2026-06-26T00:11:28.497851,68526.594,123137.102,1.579,5804.306,124454.871,0.02,0.0
476.771,2026-06-26T00:11:28.548869,68616.527,123137.102,1.564,5804.307,124454.871,0.02,0.0
476.822,2026-06-26T00:11:28.599943,68709.16,123137.102,1.554,5804.308,124454.871,0.02,0.0
476.873,2026-06-26T00:11:28.650964,68799.926,123137.102,1.547,5804.309,124454.871,0.02,0.0
476.924,2026-06-26T00:11:28.702023,68894.473,123137.102,1.588,5804.31,124454.871,0.02,0.0
476.975,2026-06-26T00:11:28.753048,68947.895,123137.102,1.571,5804.311,124454.871,0.02,0.0
477.026,2026-06-26T00:11:28.804091,69012.344,123137.102,1.605,5804.312,124454.871,0.02,0.0
477.077,2026-06-26T00:11:28.855135,68552.973,123137.102,1.537,5804.313,124454.871,0.02,0.0
477.128,2026-06-26T00:11:28.906196,68313.453,122337.102,1.581,5804.314,124454.871,0.02,0.0
477.179,2026-06-26T00:11:28.957205,68356.301,122337.102,1.612,5804.315,124454.871,0.02,0.0
477.23,2026-06-26T00:11:29.008217,68399.176,122337.102,1.588,5804.316,124454.871,0.02,0.0
477.281,2026-06-26T00:11:29.059231,68441.332,122337.102,1.525,5804.318,124454.871,0.02,0.0
477.332,2026-06-26T00:11:29.110246,68495.926,123137.102,1.573,5804.319,124504.871,0.02,980.161
477.383,2026-06-26T00:11:29.161255,68588.641,123137.102,1.56,5804.32,124504.871,0.02,0.0
477.434,2026-06-26T00:11:29.212241,68681.527,123137.102,1.552,5804.321,124504.871,0.02,0.0
477.485,2026-06-26T00:11:29.263243,68772.199,123137.102,1.546,5804.322,124504.871,0.02,0.0
477.536,2026-06-26T00:11:29.314253,68865.719,123137.102,1.587,5804.323,124504.871,0.02,0.0
477.657,2026-06-26T00:11:29.434754,69076.934,123137.102,1.735,5804.67,124504.871,2.895,0.0
477.707,2026-06-26T00:11:29.485194,69169.938,123137.102,1.631,5804.671,124504.871,0.021,0.0
477.758,2026-06-26T00:11:29.535828,69257.016,123137.102,1.651,5804.672,124504.871,0.021,0.0
477.809,2026-06-26T00:11:29.586485,69339.547,123137.102,1.618,5804.673,124504.871,0.02,0.0
477.859,2026-06-26T00:11:29.637264,69429.727,123137.102,1.594,5804.674,124504.871,0.02,0.0
477.91,2026-06-26T00:11:29.688133,69521.922,123137.102,1.621,5804.675,124504.871,0.02,0.0
477.961,2026-06-26T00:11:29.739207,69614.301,123137.102,1.594,5804.676,124504.871,0.02,0.0
478.012,2026-06-26T00:11:29.790222,69709.207,123137.102,1.575,5804.677,124504.871,0.02,0.0
478.063,2026-06-26T00:11:29.841230,69803.562,123137.102,1.562,5804.678,124504.871,0.02,0.0
478.114,2026-06-26T00:11:29.892228,69896.336,123137.102,1.553,5804.679,124504.871,0.02,0.0
478.165,2026-06-26T00:11:29.943253,69926.504,123087.102,1.593,5804.681,124504.871,0.02,0.0
478.216,2026-06-26T00:11:29.994248,70016.855,123137.102,1.574,5804.682,124504.871,0.02,0.0
478.267,2026-06-26T00:11:30.045225,69313.395,123137.102,1.562,5804.683,124504.871,0.02,0.0
478.318,2026-06-26T00:11:30.096224,69309.395,122337.102,1.507,5804.684,124504.871,0.02,0.0
478.369,2026-06-26T00:11:30.147219,69353.113,122337.102,1.606,5804.685,124504.871,0.02,0.0
478.42,2026-06-26T00:11:30.198239,69397.031,122337.102,1.584,5804.686,124504.871,0.02,0.0
478.471,2026-06-26T00:11:30.249243,69441.395,122337.102,1.614,5804.687,124504.871,0.02,0.0
478.522,2026-06-26T00:11:30.300257,69511.305,122387.102,1.543,5804.688,124554.871,0.02,980.01
478.573,2026-06-26T00:11:30.351258,69529.766,122337.102,1.632,5804.689,124554.871,0.02,0.0
478.624,2026-06-26T00:11:30.402261,69582.23,123137.102,1.602,5804.69,124604.871,0.02,980.28
478.675,2026-06-26T00:11:30.453272,69661.895,123137.102,1.581,5804.691,124604.871,0.02,0.0
478.726,2026-06-26T00:11:30.504270,69744.07,123137.102,1.612,5804.692,124604.871,0.02,0.0
478.777,2026-06-26T00:11:30.555271,69826.91,123137.102,1.588,5804.693,124604.871,0.02,0.0
478.828,2026-06-26T00:11:30.606273,69916.652,123137.102,1.571,5804.694,124604.871,0.02,0.0
478.879,2026-06-26T00:11:30.657270,70010.898,123137.102,1.605,5804.695,124604.871,0.02,0.0
478.93,2026-06-26T00:11:30.708273,70104.703,123137.102,1.537,5804.696,124604.871,0.02,0.0
478.981,2026-06-26T00:11:30.759271,70198.609,123137.102,1.582,5804.697,124604.871,0.02,0.0
479.032,2026-06-26T00:11:30.810273,70291.02,123137.102,1.521,5804.698,124604.871,0.02,0.0
479.083,2026-06-26T00:11:30.861291,70384.066,123137.102,1.57,5804.699,124604.871,0.02,0.0
479.134,2026-06-26T00:11:30.912322,70479.629,123137.102,1.558,5804.7,124604.871,0.02,0.0
479.186,2026-06-26T00:11:30.963375,70572.875,123137.102,1.596,5804.701,124604.871,0.02,0.0
479.237,2026-06-26T00:11:31.014394,70665.859,123137.102,1.577,5804.702,124604.871,0.02,0.0
479.288,2026-06-26T00:11:31.065443,70760.648,123137.102,1.562,5804.703,124604.871,0.02,0.0
479.339,2026-06-26T00:11:31.116499,70856.188,123137.102,1.553,5804.704,124604.871,0.02,0.0
479.39,2026-06-26T00:11:31.167543,70952.07,123137.102,1.592,5804.705,124604.871,0.02,0.0
479.441,2026-06-26T00:11:31.218574,71048.004,123137.102,1.573,5804.707,124604.871,0.02,0.0
479.492,2026-06-26T00:11:31.269623,71080.965,123137.102,1.561,5804.708,124604.871,0.02,0.0
479.543,2026-06-26T00:11:31.320644,71049.617,123137.102,1.552,5804.709,124604.871,0.02,0.0
479.594,2026-06-26T00:11:31.371721,70410.395,122337.102,1.591,5804.71,124604.871,0.02,0.0
479.645,2026-06-26T00:11:31.422733,70455.895,122337.102,1.573,5804.711,124604.871,0.02,0.0
479.696,2026-06-26T00:11:31.473786,70493.945,122337.102,1.652,5804.712,124604.871,0.02,0.0
479.747,2026-06-26T00:11:31.524827,70537.715,122337.102,1.616,5804.713,124604.871,0.02,0.0
479.798,2026-06-26T00:11:31.575884,70582.285,122337.102,1.59,5804.714,124654.871,0.02,979.479
479.849,2026-06-26T00:11:31.626927,70141.902,123137.102,1.572,5804.715,124654.871,0.02,0.0
479.9,2026-06-26T00:11:31.677938,69512.16,123137.102,1.606,5804.716,124654.871,0.02,0.0
479.951,2026-06-26T00:11:31.728951,68815.16,123137.102,1.584,5804.717,124654.871,0.02,0.0
480.002,2026-06-26T00:11:31.779997,68113.176,123137.102,1.568,5804.718,124654.871,0.02,0.0
480.053,2026-06-26T00:11:31.831021,67360.477,123137.102,1.557,5804.719,124654.871,0.02,0.0
480.104,2026-06-26T00:11:31.882079,66715.801,119041.102,1.549,5804.72,124654.871,0.02,0.0
480.155,2026-06-26T00:11:31.933096,66757.148,119041.102,1.544,5804.721,124654.871,0.02,0.0
480.206,2026-06-26T00:11:31.984162,66806.508,119041.102,1.54,5804.722,124654.871,0.02,0.0
480.257,2026-06-26T00:11:32.035215,66855.898,119041.102,1.537,5804.723,124654.871,0.02,0.0
480.308,2026-06-26T00:11:32.086214,66905.332,119041.102,1.581,5804.724,124654.871,0.02,0.0
480.359,2026-06-26T00:11:32.137228,66955.332,119041.102,1.612,5804.725,124654.871,0.02,0.0
480.41,2026-06-26T00:11:32.188231,67005.332,119041.102,1.542,5804.726,124654.871,0.02,0.0
480.461,2026-06-26T00:11:32.239236,67054.277,119041.102,1.585,5804.727,124654.871,0.02,0.0
480.512,2026-06-26T00:11:32.290258,67104.062,119041.102,1.615,5804.728,124654.871,0.02,0.0
480.563,2026-06-26T00:11:32.341247,67151.207,119041.102,1.544,5804.729,124654.871,0.02,0.0
480.614,2026-06-26T00:11:32.392256,67197.887,119041.102,1.586,5804.73,124654.871,0.02,0.0
480.665,2026-06-26T00:11:32.443248,67244.105,119041.102,1.57,5804.731,124654.871,0.02,0.0
480.716,2026-06-26T00:11:32.494246,67291.254,119041.102,1.513,5804.732,124654.871,0.02,0.0
480.767,2026-06-26T00:11:32.545275,67277.195,119041.102,1.564,5804.734,124654.871,0.02,0.0
480.818,2026-06-26T00:11:32.596269,66798.395,119041.102,1.601,5804.735,124654.871,0.02,0.0
480.869,2026-06-26T00:11:32.647273,66494.395,118241.102,1.58,5804.736,124654.871,0.02,0.0
480.92,2026-06-26T00:11:32.698274,66494.395,118241.102,1.565,5804.737,124654.871,0.02,0.0
480.971,2026-06-26T00:11:32.749282,66494.395,118241.102,1.555,5804.738,124654.871,0.02,0.0
481.022,2026-06-26T00:11:32.800323,66494.395,118241.102,1.548,5804.739,124654.871,0.02,0.0
481.073,2026-06-26T00:11:32.851328,66494.395,118241.102,1.589,5804.74,124704.871,0.02,980.078
481.124,2026-06-26T00:11:32.902357,66556.914,120641.102,1.571,5804.741,124704.871,0.02,0.0
481.176,2026-06-26T00:11:32.953369,66623.32,120641.102,1.561,5804.742,124704.871,0.02,0.0
481.226,2026-06-26T00:11:33.004216,66684.199,120641.102,1.598,5804.743,124704.871,0.02,0.0
481.277,2026-06-26T00:11:33.055224,66736.23,120641.102,1.486,5804.744,124704.871,0.02,0.0
481.328,2026-06-26T00:11:33.106226,66762.664,120641.102,1.316,5804.745,124704.871,0.02,0.0
481.379,2026-06-26T00:11:33.157239,66819.953,120641.102,1.335,5804.746,124704.871,0.02,0.0
481.43,2026-06-26T00:11:33.208243,66882.738,120641.102,1.44,5804.747,124704.871,0.02,0.0
481.481,2026-06-26T00:11:33.259259,66949.887,120641.102,1.467,5804.748,124704.871,0.02,0.0
481.532,2026-06-26T00:11:33.310261,67016.59,120641.102,1.487,5804.749,124704.871,0.02,0.0
481.583,2026-06-26T00:11:33.361257,67083.531,120641.102,1.546,5804.75,124704.871,0.02,0.0
481.634,2026-06-26T00:11:33.412267,67150.48,120641.102,1.542,5804.751,124704.871,0.02,0.0
481.685,2026-06-26T00:11:33.463282,67218.094,120641.102,1.539,5804.752,124704.871,0.02,0.0
481.736,2026-06-26T00:11:33.514294,67281.043,120641.102,1.582,5804.753,124704.871,0.02,0.0
481.787,2026-06-26T00:11:33.565359,67342.895,120641.102,1.659,5804.754,124704.871,0.02,0.0
481.839,2026-06-26T00:11:33.616386,67406.551,120641.102,1.574,5804.755,124704.871,0.02,0.0
481.89,2026-06-26T00:11:33.667430,67470.168,120641.102,1.561,5804.756,124704.871,0.02,0.0
481.941,2026-06-26T00:11:33.718486,67534.066,120641.102,1.598,5804.757,124704.871,0.02,0.0
481.992,2026-06-26T00:11:33.769528,67597.934,120641.102,1.578,5804.758,124704.871,0.02,0.0
482.043,2026-06-26T00:11:33.820565,67601.727,120641.102,1.609,5804.759,124704.871,0.02,0.0
482.094,2026-06-26T00:11:33.871622,67233.965,120641.102,1.54,5804.761,124704.871,0.02,0.0
482.145,2026-06-26T00:11:33.922652,66857.602,119841.102,1.582,5804.762,124704.871,0.02,0.0
482.196,2026-06-26T00:11:33.973773,66875.156,119841.102,1.567,5804.763,124704.871,0.02,0.0
482.247,2026-06-26T00:11:34.024799,66892.637,119841.102,1.556,5804.764,124704.871,0.02,0.0
482.298,2026-06-26T00:11:34.075860,66910.734,119841.102,1.548,5804.765,124704.871,0.02,0.0
482.349,2026-06-26T00:11:34.126889,66928.512,119841.102,1.543,5804.766,124754.871,0.02,979.639
482.4,2026-06-26T00:11:34.177944,66986.156,120641.102,1.539,5804.767,124754.871,0.02,0.0
482.451,2026-06-26T00:11:34.228979,67052.508,120641.102,1.582,5804.768,124754.871,0.02,0.0
482.502,2026-06-26T00:11:34.280025,67117.031,120641.102,1.567,5804.769,124754.871,0.02,0.0
482.553,2026-06-26T00:11:34.331036,67182.75,120641.102,1.556,5804.77,124754.871,0.02,0.0
482.675,2026-06-26T00:11:34.452488,67325.793,120641.102,1.709,5805.117,124754.871,2.872,0.0
482.725,2026-06-26T00:11:34.502927,67384.965,120641.102,1.659,5805.118,124754.871,0.021,0.0
482.776,2026-06-26T00:11:34.553579,67451.98,120641.102,1.624,5805.119,124754.871,0.021,0.0
482.826,2026-06-26T00:11:34.604344,67514.824,120641.102,1.643,5805.12,124754.871,0.02,0.0
482.877,2026-06-26T00:11:34.655247,67571.379,120641.102,1.658,5805.121,124754.871,0.02,0.0
482.928,2026-06-26T00:11:34.706105,67635.188,120641.102,1.62,5805.122,124754.871,0.02,0.0
482.979,2026-06-26T00:11:34.757182,67703.711,120641.102,1.547,5805.123,124754.871,0.02,0.0
483.03,2026-06-26T00:11:34.808217,67769.848,120641.102,1.588,5805.124,124754.871,0.02,0.0
483.081,2026-06-26T00:11:34.859219,67834.91,120641.102,1.571,5805.126,124754.871,0.02,0.0
483.132,2026-06-26T00:11:34.910238,67899.961,120641.102,1.605,5805.127,124754.871,0.02,0.0
483.183,2026-06-26T00:11:34.961252,67965.863,120641.102,1.583,5805.128,124754.871,0.02,0.0
483.234,2026-06-26T00:11:35.012256,68030.879,120641.102,1.614,5805.129,124754.871,0.02,0.0
483.285,2026-06-26T00:11:35.063285,68036.262,120641.102,1.543,5805.13,124754.871,0.02,0.0
483.336,2026-06-26T00:11:35.114303,67608.602,120641.102,1.585,5805.131,124754.871,0.02,0.0
483.387,2026-06-26T00:11:35.165333,67286.953,119841.102,1.569,5805.132,124754.871,0.02,0.0
483.439,2026-06-26T00:11:35.216366,67304.91,119841.102,1.604,5805.133,124754.871,0.02,0.0
483.49,2026-06-26T00:11:35.267436,67322.375,119841.102,1.581,5805.134,124754.871,0.02,0.0
483.541,2026-06-26T00:11:35.318494,67340.984,119841.102,1.566,5805.135,124754.871,0.02,0.0
483.592,2026-06-26T00:11:35.369552,67362.953,119891.102,1.555,5805.136,124804.871,0.02,979.95
483.643,2026-06-26T00:11:35.420584,67403.117,119891.102,1.547,5805.137,124804.871,0.02,0.0
483.694,2026-06-26T00:11:35.471656,67394.668,119841.102,1.588,5805.138,124854.871,0.02,979.694
483.745,2026-06-26T00:11:35.522699,67448.77,120641.102,1.617,5805.139,124854.871,0.02,0.0
483.796,2026-06-26T00:11:35.573762,67514.738,120641.102,1.591,5805.14,124854.871,0.02,0.0
483.847,2026-06-26T00:11:35.624796,67582.016,120641.102,1.573,5805.141,124854.871,0.02,0.0
483.898,2026-06-26T00:11:35.675833,67643.664,120641.102,1.56,5805.142,124854.871,0.02,0.0
483.949,2026-06-26T00:11:35.726870,67700.871,120641.102,1.551,5805.143,124854.871,0.02,0.0
484.0,2026-06-26T00:11:35.777927,67761.215,120641.102,1.545,5805.144,124854.871,0.02,0.0
484.051,2026-06-26T00:11:35.828978,67821.984,120641.102,1.586,5805.145,124854.871,0.02,0.0
484.102,2026-06-26T00:11:35.880031,67878.879,120641.102,1.57,5805.146,124854.871,0.02,0.0
484.153,2026-06-26T00:11:35.931054,67932.82,120641.102,1.558,5805.147,124854.871,0.02,0.0
484.204,2026-06-26T00:11:35.982161,67989.164,120641.102,1.55,5805.148,124854.871,0.02,0.0
484.255,2026-06-26T00:11:36.033208,68050.297,120641.102,1.544,5805.149,124854.871,0.02,0.0
484.306,2026-06-26T00:11:36.084231,68106.016,120641.102,1.586,5805.15,124854.871,0.02,0.0
484.357,2026-06-26T00:11:36.135232,68163.391,120641.102,1.57,5805.152,124854.871,0.02,0.0
484.408,2026-06-26T00:11:36.186239,68218.289,120641.102,1.558,5805.153,124854.871,0.02,0.0
484.459,2026-06-26T00:11:36.237273,68275.059,120641.102,1.642,5805.154,124854.871,0.02,0.0
484.51,2026-06-26T00:11:36.288275,68328.738,120641.102,1.563,5805.155,124854.871,0.02,0.0
484.561,2026-06-26T00:11:36.339293,68387.039,120641.102,1.599,5805.156,124854.871,0.02,0.0
484.612,2026-06-26T00:11:36.390350,68443.215,120641.102,1.625,5805.157,124854.871,0.02,0.0
484.664,2026-06-26T00:11:36.441388,68438.027,120591.102,1.596,5805.158,124854.871,0.02,0.0
484.715,2026-06-26T00:11:36.492466,68488.609,120641.102,1.576,5805.159,124854.871,0.02,0.0
484.766,2026-06-26T00:11:36.543492,68144.996,120641.102,1.609,5805.16,124854.871,0.02,0.0
484.817,2026-06-26T00:11:36.594549,67731.266,119841.102,1.585,5805.161,124854.871,0.02,0.0
484.868,2026-06-26T00:11:36.645591,67745.988,119841.102,1.569,5805.162,124854.871,0.02,0.0
484.919,2026-06-26T00:11:36.696660,67762.828,119841.102,1.557,5805.163,124854.871,0.02,0.0
484.97,2026-06-26T00:11:36.747699,67775.309,119841.102,1.549,5805.164,124854.871,0.02,0.0
485.021,2026-06-26T00:11:36.798749,67790.461,119841.102,1.59,5805.165,124854.871,0.02,0.0
485.072,2026-06-26T00:11:36.849779,67806.887,119891.102,1.526,5805.166,124904.871,0.02,979.104
485.123,2026-06-26T00:11:36.900845,67850.707,119891.102,1.573,5805.167,124904.871,0.02,0.0
485.174,2026-06-26T00:11:36.951910,67834.172,119841.102,1.56,5805.168,124904.871,0.02,0.0
485.225,2026-06-26T00:11:37.002970,67852.066,119891.102,1.597,5805.169,124954.871,0.02,979.694
485.276,2026-06-26T00:11:37.053995,67910.801,119891.102,1.577,5805.17,124954.871,0.02,0.0
485.327,2026-06-26T00:11:37.105036,67881.191,119841.102,1.563,5805.171,124954.871,0.02,0.0
485.378,2026-06-26T00:11:37.156095,67910.988,120641.102,1.553,5805.172,125004.871,0.02,979.373
485.429,2026-06-26T00:11:37.207165,67966.438,120641.102,1.547,5805.173,125004.871,0.02,0.0
485.48,2026-06-26T00:11:37.258224,68032.738,120641.102,1.542,5805.174,125004.871,0.02,0.0
485.531,2026-06-26T00:11:37.309227,68102.508,120641.102,1.631,5805.175,125004.871,0.02,0.0
485.582,2026-06-26T00:11:37.360228,68172.262,120641.102,1.555,5805.176,125004.871,0.02,0.0
485.633,2026-06-26T00:11:37.411254,68239.469,120641.102,1.594,5805.177,125004.871,0.02,0.0
485.684,2026-06-26T00:11:37.462254,68309.059,120641.102,1.575,5805.179,125004.871,0.02,0.0
485.735,2026-06-26T00:11:37.513272,68378.395,120641.102,1.608,5805.18,125004.871,0.02,0.0
485.786,2026-06-26T00:11:37.564283,68447.973,120641.102,1.631,5805.181,125004.871,0.02,0.0
485.837,2026-06-26T00:11:37.615300,68517.484,120641.102,1.601,5805.182,125004.871,0.02,0.0
485.888,2026-06-26T00:11:37.666354,68585.77,120641.102,1.58,5805.183,125004.871,0.02,0.0
485.94,2026-06-26T00:11:37.717369,68466.855,120641.102,1.565,5805.184,125004.871,0.02,0.0
485.991,2026-06-26T00:11:37.768428,67659.332,120641.102,1.555,5805.185,125004.871,0.02,0.0
486.042,2026-06-26T00:11:37.819465,66815.801,120641.102,1.594,5805.186,125004.871,0.02,0.0
486.093,2026-06-26T00:11:37.870522,65960.383,120641.102,1.574,5805.187,125004.871,0.02,0.0
486.144,2026-06-26T00:11:37.921561,65071.789,120641.102,1.561,5805.188,125004.871,0.02,0.0
486.195,2026-06-26T00:11:37.972613,64771.109,116545.102,1.598,5805.189,125004.871,0.02,0.0
486.246,2026-06-26T00:11:38.023649,64757.473,116545.102,1.532,5805.19,125004.871,0.02,0.0
486.297,2026-06-26T00:11:38.074709,64670.473,116545.102,1.577,5805.191,125004.871,0.02,0.0
486.348,2026-06-26T00:11:38.125747,63998.473,115745.102,1.609,5805.192,125004.871,0.02,0.0
486.399,2026-06-26T00:11:38.176812,63998.473,115745.102,1.585,5805.193,125004.871,0.02,0.0
486.45,2026-06-26T00:11:38.227836,63998.473,115745.102,1.569,5805.194,125004.871,0.02,0.0
486.501,2026-06-26T00:11:38.278887,63998.473,115745.102,1.557,5805.195,125004.871,0.02,0.0
486.552,2026-06-26T00:11:38.329943,63998.473,115745.102,1.595,5805.196,125054.871,0.02,979.291
486.603,2026-06-26T00:11:38.381000,64032.711,115795.102,1.53,5805.197,125054.871,0.02,0.0
486.654,2026-06-26T00:11:38.432018,63998.473,115745.102,1.53,5805.198,125054.871,0.02,0.0
486.705,2026-06-26T00:11:38.483055,64019.547,116545.102,1.53,5805.199,125104.871,0.02,980.179
486.756,2026-06-26T00:11:38.534083,64070.0,116545.102,1.576,5805.2,125104.871,0.02,0.0
486.807,2026-06-26T00:11:38.585176,64120.348,116545.102,1.563,5805.201,125104.871,0.02,0.0
486.858,2026-06-26T00:11:38.636216,64170.734,116545.102,1.599,5805.202,125104.871,0.02,0.0
486.909,2026-06-26T00:11:38.687219,64220.516,116545.102,1.625,5805.203,125104.871,0.02,0.0
486.96,2026-06-26T00:11:38.738225,64264.352,116545.102,1.551,5805.205,125104.871,0.02,0.0
487.011,2026-06-26T00:11:38.789239,64303.16,116545.102,1.545,5805.206,125104.871,0.02,0.0
487.062,2026-06-26T00:11:38.840262,64351.066,116545.102,1.541,5805.207,125104.871,0.02,0.0
487.113,2026-06-26T00:11:38.891265,64397.688,116545.102,1.354,5805.208,125104.871,0.02,0.0
487.164,2026-06-26T00:11:38.942279,64448.73,116545.102,1.178,5805.209,125104.871,0.02,0.0
487.215,2026-06-26T00:11:38.993312,64500.051,116545.102,1.008,5805.21,125104.871,0.02,0.0
487.266,2026-06-26T00:11:39.044344,64538.738,116545.102,0.981,5805.211,125104.871,0.02,0.0
487.318,2026-06-26T00:11:39.095394,64576.582,116545.102,0.916,5805.212,125104.871,0.02,0.0
487.369,2026-06-26T00:11:39.146453,64614.309,116545.102,0.871,5805.213,125104.871,0.02,0.0
487.42,2026-06-26T00:11:39.197486,64660.832,116545.102,0.839,5805.214,125104.871,0.02,0.0
487.471,2026-06-26T00:11:39.248546,64711.871,116545.102,0.863,5805.215,125104.871,0.02,0.0
487.522,2026-06-26T00:11:39.299590,64763.062,116545.102,0.834,5805.216,125104.871,0.02,0.0
487.573,2026-06-26T00:11:39.350662,64750.785,116545.102,0.859,5805.217,125104.871,0.02,0.0
487.699,2026-06-26T00:11:39.476885,63998.488,115745.102,0.955,5805.564,125104.871,2.761,0.0
487.749,2026-06-26T00:11:39.527329,63998.488,115745.102,0.9,5805.565,125104.871,0.021,0.0
487.8,2026-06-26T00:11:39.577944,63998.488,115745.102,0.908,5805.566,125104.871,0.021,0.0
487.851,2026-06-26T00:11:39.628597,63998.488,115745.102,0.82,5805.567,125104.871,0.02,0.0
487.902,2026-06-26T00:11:39.679415,63998.488,115745.102,0.713,5805.568,125104.871,0.02,0.0
487.952,2026-06-26T00:11:39.730361,64028.566,116545.102,0.728,5805.569,125154.871,0.02,979.369
488.004,2026-06-26T00:11:39.781403,64079.168,116545.102,0.785,5805.57,125154.871,0.02,0.0
488.055,2026-06-26T00:11:39.832458,64125.031,116545.102,0.733,5805.571,125154.871,0.02,0.0
488.106,2026-06-26T00:11:39.883496,64175.812,116545.102,0.789,5805.572,125154.871,0.02,0.0
488.157,2026-06-26T00:11:39.934568,64226.867,116545.102,0.782,5805.573,125154.871,0.02,0.0
488.208,2026-06-26T00:11:39.985600,64278.562,116545.102,0.777,5805.574,125154.871,0.02,0.0
488.259,2026-06-26T00:11:40.036675,64329.992,116545.102,0.773,5805.576,125154.871,0.02,0.0
488.31,2026-06-26T00:11:40.087719,64381.301,116545.102,0.771,5805.577,125154.871,0.02,0.0
488.361,2026-06-26T00:11:40.138783,64432.699,116545.102,0.769,5805.578,125154.871,0.02,0.0
488.412,2026-06-26T00:11:40.189833,64483.879,116545.102,0.768,5805.579,125154.871,0.02,0.0
488.463,2026-06-26T00:11:40.240895,64535.219,116545.102,0.767,5805.58,125154.871,0.02,0.0
488.514,2026-06-26T00:11:40.291930,64586.074,116545.102,0.812,5805.581,125154.871,0.02,0.0
488.565,2026-06-26T00:11:40.343012,64634.68,116545.102,0.844,5805.582,125154.871,0.02,0.0
488.616,2026-06-26T00:11:40.394046,64673.008,116545.102,0.82,5805.583,125154.871,0.02,0.0
488.667,2026-06-26T00:11:40.445103,64711.336,116545.102,0.804,5805.584,125154.871,0.02,0.0
488.718,2026-06-26T00:11:40.496124,64749.832,116545.102,0.792,5805.585,125154.871,0.02,0.0
488.769,2026-06-26T00:11:40.547192,64790.488,116545.102,0.784,5805.586,125154.871,0.02,0.0
488.82,2026-06-26T00:11:40.598221,64786.812,116545.102,0.779,5805.587,125154.871,0.02,0.0
488.871,2026-06-26T00:11:40.649219,64236.488,116545.102,0.821,5805.588,125154.871,0.02,0.0
488.922,2026-06-26T00:11:40.700234,63998.488,115745.102,0.804,5805.589,125154.871,0.02,0.0
488.973,2026-06-26T00:11:40.751241,63998.488,115745.102,0.793,5805.59,125154.871,0.02,0.0
489.024,2026-06-26T00:11:40.802249,63998.488,115745.102,0.785,5805.591,125154.871,0.02,0.0
489.075,2026-06-26T00:11:40.853271,63998.488,115745.102,0.779,5805.592,125154.871,0.02,0.0
489.126,2026-06-26T00:11:40.904268,64018.488,115795.102,0.821,5805.593,125204.871,0.02,980.294
489.177,2026-06-26T00:11:40.955288,63998.488,115745.102,0.804,5805.594,125204.871,0.02,0.0
489.228,2026-06-26T00:11:41.006349,64008.977,115795.102,0.747,5805.595,125254.871,0.02,979.415
489.28,2026-06-26T00:11:41.057385,63998.488,115745.102,0.798,5805.596,125254.871,0.02,0.0
489.331,2026-06-26T00:11:41.108450,63998.488,115745.102,0.788,5805.597,125304.871,0.02,978.656
489.382,2026-06-26T00:11:41.159490,64043.699,115795.102,0.781,5805.598,125304.871,0.02,0.0
489.433,2026-06-26T00:11:41.210554,63998.488,115745.102,0.776,5805.599,125304.871,0.02,0.0
489.484,2026-06-26T00:11:41.261596,64032.984,116545.102,0.819,5805.6,125354.871,0.02,979.373
489.535,2026-06-26T00:11:41.312655,64084.098,116545.102,0.803,5805.602,125354.871,0.02,0.0
489.586,2026-06-26T00:11:41.363694,64135.27,116545.102,0.791,5805.603,125354.871,0.02,0.0
489.637,2026-06-26T00:11:41.414744,64186.898,116545.102,0.83,5805.604,125354.871,0.02,0.0
489.688,2026-06-26T00:11:41.465783,64238.312,116545.102,0.81,5805.605,125354.871,0.02,0.0
489.739,2026-06-26T00:11:41.516845,64289.797,116545.102,0.797,5805.606,125354.871,0.02,0.0
489.79,2026-06-26T00:11:41.567873,64341.223,116545.102,0.787,5805.607,125354.871,0.02,0.0
489.841,2026-06-26T00:11:41.618938,64390.605,116545.102,0.826,5805.608,125354.871,0.02,0.0
489.892,2026-06-26T00:11:41.669976,64440.453,116545.102,0.808,5805.609,125354.871,0.02,0.0
489.943,2026-06-26T00:11:41.721019,64490.059,116545.102,0.841,5805.61,125354.871,0.02,0.0
489.994,2026-06-26T00:11:41.772079,64540.938,116545.102,0.818,5805.611,125354.871,0.02,0.0
490.045,2026-06-26T00:11:41.823125,64592.148,116545.102,0.757,5805.612,125354.871,0.02,0.0
490.096,2026-06-26T00:11:41.874215,64643.844,116545.102,0.759,5805.613,125354.871,0.02,0.0
490.147,2026-06-26T00:11:41.925221,64696.125,116545.102,0.807,5805.614,125354.871,0.02,0.0
490.198,2026-06-26T00:11:41.976234,64747.766,116545.102,0.795,5805.615,125354.871,0.02,0.0
490.249,2026-06-26T00:11:42.027268,64788.895,116545.102,0.74,5805.616,125354.871,0.02,0.0
490.3,2026-06-26T00:11:42.078269,64773.051,116545.102,0.794,5805.617,125354.871,0.02,0.0
490.351,2026-06-26T00:11:42.129292,64438.488,116545.102,0.785,5805.618,125354.871,0.02,0.0
490.402,2026-06-26T00:11:42.180349,63998.488,115745.102,0.779,5805.619,125354.871,0.02,0.0
490.454,2026-06-26T00:11:42.231394,63998.488,115745.102,0.821,5805.62,125354.871,0.02,0.0
490.505,2026-06-26T00:11:42.282479,63998.488,115745.102,0.804,5805.621,125354.871,0.02,0.0
490.556,2026-06-26T00:11:42.333512,63998.488,115745.102,0.838,5805.622,125354.871,0.02,0.0
490.607,2026-06-26T00:11:42.384573,64007.863,115795.102,0.77,5805.623,125404.871,0.02,979.41
490.658,2026-06-26T00:11:42.435608,63998.488,115745.102,0.815,5805.624,125404.871,0.02,0.0
490.709,2026-06-26T00:11:42.486675,63998.488,115795.102,0.754,5805.625,125454.871,0.02,979.639
490.76,2026-06-26T00:11:42.537704,64045.895,115795.102,0.803,5805.626,125454.871,0.02,0.0
490.811,2026-06-26T00:11:42.588740,63998.488,115745.102,0.792,5805.628,125504.871,0.02,980.275
490.862,2026-06-26T00:11:42.639773,64035.871,116545.102,0.784,5805.629,125504.871,0.02,0.0
490.913,2026-06-26T00:11:42.690836,64086.242,116545.102,0.778,5805.63,125504.871,0.02,0.0
490.964,2026-06-26T00:11:42.741873,64136.719,116545.102,0.774,5805.631,125504.871,0.02,0.0
491.015,2026-06-26T00:11:42.792940,64186.75,116545.102,0.771,5805.632,125504.871,0.02,0.0
491.066,2026-06-26T00:11:42.843968,64236.977,116545.102,0.816,5805.633,125504.871,0.02,0.0
491.117,2026-06-26T00:11:42.895014,64288.059,116545.102,0.8,5805.634,125504.871,0.02,0.0
491.168,2026-06-26T00:11:42.946066,64339.543,116545.102,0.79,5805.635,125504.871,0.02,0.0
491.219,2026-06-26T00:11:42.997103,64390.398,116545.102,0.829,5805.636,125504.871,0.02,0.0
491.27,2026-06-26T00:11:43.048182,64440.477,116545.102,0.809,5805.637,125504.871,0.02,0.0
491.321,2026-06-26T00:11:43.099202,64491.234,116545.102,0.796,5805.638,125504.871,0.02,0.0
491.372,2026-06-26T00:11:43.150245,64542.125,116545.102,0.787,5805.639,125504.871,0.02,0.0
491.423,2026-06-26T00:11:43.201267,64592.766,116545.102,0.781,5805.64,125504.871,0.02,0.0
491.474,2026-06-26T00:11:43.252267,64644.875,116545.102,0.776,5805.641,125504.871,0.02,0.0
491.525,2026-06-26T00:11:43.303209,64696.531,116545.102,0.774,5805.642,125504.871,0.021,0.0
491.576,2026-06-26T00:11:43.353807,64747.434,116545.102,0.819,5805.643,125504.871,0.02,0.0
491.627,2026-06-26T00:11:43.404803,64782.488,116545.102,0.803,5805.644,125504.871,0.02,0.0
491.678,2026-06-26T00:11:43.455843,64785.488,116545.102,0.837,5805.645,125504.871,0.02,0.0
491.729,2026-06-26T00:11:43.506894,64256.488,116545.102,0.816,5805.646,125504.871,0.02,0.0
491.78,2026-06-26T00:11:43.557914,63998.488,115745.102,0.801,5805.647,125504.871,0.02,0.0
491.831,2026-06-26T00:11:43.608967,63998.488,115745.102,0.79,5805.648,125504.871,0.02,0.0
491.882,2026-06-26T00:11:43.660001,63998.488,115745.102,0.783,5805.649,125504.871,0.02,0.0
491.933,2026-06-26T00:11:43.711056,63998.488,115745.102,0.777,5805.65,125504.871,0.02,0.0
491.984,2026-06-26T00:11:43.762077,64020.988,115795.102,0.774,5805.651,125554.871,0.02,979.799
492.035,2026-06-26T00:11:43.813118,63998.488,115745.102,0.771,5805.652,125554.871,0.02,0.0
492.086,2026-06-26T00:11:43.864205,64011.488,115795.102,0.77,5805.653,125604.871,0.02,979.598
492.137,2026-06-26T00:11:43.915205,63998.488,115745.102,0.768,5805.655,125604.871,0.02,0.0
492.188,2026-06-26T00:11:43.966225,64000.273,115795.102,0.768,5805.656,125654.871,0.02,980.22
492.239,2026-06-26T00:11:44.017223,64047.066,115795.102,0.813,5805.657,125654.871,0.02,0.0
492.29,2026-06-26T00:11:44.068223,63998.488,115745.102,0.799,5805.658,125654.871,0.02,0.0
492.341,2026-06-26T00:11:44.119248,64027.449,116545.102,0.789,5805.659,125704.871,0.02,980.33
492.392,2026-06-26T00:11:44.170248,64078.992,116545.102,0.828,5805.66,125704.871,0.02,0.0
492.443,2026-06-26T00:11:44.221257,64130.367,116545.102,0.809,5805.661,125704.871,0.02,0.0
492.494,2026-06-26T00:11:44.272246,64181.809,116545.102,0.796,5805.662,125704.871,0.02,0.0
492.545,2026-06-26T00:11:44.323244,64232.895,116545.102,0.833,5805.663,125704.871,0.02,0.0
492.596,2026-06-26T00:11:44.374269,64284.426,116545.102,0.813,5805.664,125704.871,0.02,0.0
492.717,2026-06-26T00:11:44.495009,64405.176,116545.102,0.919,5806.011,125704.871,2.886,0.0
492.768,2026-06-26T00:11:44.545450,64455.371,116545.102,0.922,5806.012,125704.871,0.021,0.0
492.818,2026-06-26T00:11:44.596057,64506.27,116545.102,0.923,5806.013,125704.871,0.021,0.0
492.869,2026-06-26T00:11:44.646706,64556.91,116545.102,0.831,5806.014,125704.871,0.02,0.0
492.92,2026-06-26T00:11:44.697502,64608.723,116545.102,0.812,5806.015,125704.871,0.02,0.0
492.971,2026-06-26T00:11:44.748452,64661.031,116545.102,0.798,5806.016,125704.871,0.02,0.0
493.022,2026-06-26T00:11:44.799489,64713.152,116545.102,0.834,5806.017,125704.871,0.02,0.0
493.073,2026-06-26T00:11:44.850550,64765.551,116545.102,0.767,5806.018,125704.871,0.02,0.0
493.124,2026-06-26T00:11:44.901578,64754.137,116545.102,0.812,5806.019,125704.871,0.02,0.0
493.175,2026-06-26T00:11:44.952634,64700.488,116545.102,0.798,5806.02,125704.871,0.02,0.0
493.226,2026-06-26T00:11:45.003669,63998.488,115745.102,0.788,5806.021,125704.871,0.02,0.0
493.277,2026-06-26T00:11:45.054727,63998.488,115745.102,0.781,5806.022,125704.871,0.02,0.0
493.328,2026-06-26T00:11:45.105751,63998.488,115745.102,0.777,5806.023,125704.871,0.02,0.0
493.379,2026-06-26T00:11:45.156800,63998.488,115745.102,0.773,5806.025,125704.871,0.02,0.0
493.43,2026-06-26T00:11:45.207834,63998.488,115745.102,0.771,5806.026,125754.871,0.02,979.328
493.481,2026-06-26T00:11:45.258890,64038.988,115795.102,0.815,5806.027,125754.871,0.02,0.0
493.532,2026-06-26T00:11:45.309933,63998.488,115745.102,0.8,5806.028,125754.871,0.02,0.0
493.583,2026-06-26T00:11:45.360978,64029.277,115795.102,0.836,5806.029,125804.871,0.02,980.413
493.634,2026-06-26T00:11:45.411992,63998.488,115745.102,0.814,5806.03,125804.871,0.02,0.0
493.685,2026-06-26T00:11:45.463058,64016.133,116545.102,0.754,5806.031,125854.871,0.02,980.014
493.736,2026-06-26T00:11:45.514075,64065.391,116545.102,0.803,5806.032,125854.871,0.02,0.0
493.787,2026-06-26T00:11:45.565126,64114.992,116545.102,0.792,5806.033,125854.871,0.02,0.0
493.838,2026-06-26T00:11:45.616188,64164.875,116545.102,0.784,5806.034,125854.871,0.02,0.0
493.889,2026-06-26T00:11:45.667179,64215.484,116545.102,0.778,5806.035,125854.871,0.02,0.0
493.94,2026-06-26T00:11:45.718240,64266.176,116545.102,0.821,5806.036,125854.871,0.02,0.0
493.991,2026-06-26T00:11:45.769230,64317.195,116545.102,0.804,5806.037,125854.871,0.02,0.0
494.042,2026-06-26T00:11:45.820241,64367.746,116545.102,0.793,5806.038,125854.871,0.02,0.0
494.093,2026-06-26T00:11:45.871239,64418.68,116545.102,0.831,5806.039,125854.871,0.02,0.0
494.144,2026-06-26T00:11:45.922249,64469.48,116545.102,0.811,5806.04,125854.871,0.02,0.0
494.195,2026-06-26T00:11:45.973261,64520.195,116545.102,0.752,5806.041,125854.871,0.02,0.0
494.246,2026-06-26T00:11:46.024263,64570.895,116545.102,0.802,5806.042,125854.871,0.02,0.0
494.297,2026-06-26T00:11:46.075266,64621.785,116545.102,0.791,5806.043,125854.871,0.02,0.0
494.348,2026-06-26T00:11:46.126269,64672.641,116545.102,0.829,5806.044,125854.871,0.02,0.0
494.399,2026-06-26T00:11:46.177272,64724.574,116545.102,0.764,5806.045,125854.871,0.02,0.0
494.45,2026-06-26T00:11:46.228279,64776.516,116545.102,0.811,5806.046,125854.871,0.02,0.0
494.501,2026-06-26T00:11:46.279280,64763.988,116545.102,0.797,5806.047,125854.871,0.02,0.0
494.552,2026-06-26T00:11:46.330288,64562.488,116545.102,0.742,5806.048,125854.871,0.02,0.0
494.603,2026-06-26T00:11:46.381346,63998.488,115745.102,0.795,5806.049,125854.871,0.02,0.0
494.655,2026-06-26T00:11:46.432368,63998.488,115745.102,0.832,5806.05,125854.871,0.02,0.0
494.706,2026-06-26T00:11:46.483421,63998.488,115745.102,0.812,5806.052,125854.871,0.02,0.0
494.757,2026-06-26T00:11:46.534445,63998.488,115745.102,0.798,5806.053,125854.871,0.02,0.0
494.808,2026-06-26T00:11:46.585466,64003.863,115795.102,0.788,5806.054,125904.871,0.02,978.82
494.859,2026-06-26T00:11:46.636513,64016.488,115795.102,0.827,5806.055,125904.871,0.02,0.0
494.91,2026-06-26T00:11:46.687546,63998.488,115745.102,0.809,5806.056,125954.871,0.02,979.923
494.961,2026-06-26T00:11:46.738581,64040.488,115795.102,0.796,5806.057,125954.871,0.02,0.0
495.012,2026-06-26T00:11:46.789626,63998.488,115745.102,0.833,5806.058,125954.871,0.02,0.0
495.063,2026-06-26T00:11:46.840640,64031.723,115795.102,0.766,5806.059,126004.871,0.02,978.852
495.114,2026-06-26T00:11:46.891712,63998.488,115745.102,0.812,5806.06,126004.871,0.02,0.0
495.165,2026-06-26T00:11:46.942745,64023.27,115795.102,0.798,5806.061,126054.871,0.02,979.383
495.216,2026-06-26T00:11:46.993805,63998.488,115745.102,0.742,5806.062,126054.871,0.02,0.0
495.267,2026-06-26T00:11:47.044831,64010.758,115795.102,0.795,5806.063,126104.871,0.02,979.758
495.318,2026-06-26T00:11:47.095885,63998.488,115745.102,0.786,5806.064,126104.871,0.02,0.0
495.369,2026-06-26T00:11:47.146933,64002.488,115795.102,0.734,5806.065,126154.871,0.02,979.428
495.42,2026-06-26T00:11:47.197981,64036.488,115795.102,0.79,5806.066,126154.871,0.02,0.0
495.471,2026-06-26T00:11:47.248932,63998.488,115745.102,0.782,5806.067,126204.871,0.02,980.211
495.522,2026-06-26T00:11:47.299932,64040.09,116545.102,0.824,5806.068,126204.871,0.02,0.0
495.573,2026-06-26T00:11:47.350922,64090.969,116545.102,0.76,5806.069,126204.871,0.02,0.0
495.624,2026-06-26T00:11:47.401908,64141.691,116545.102,0.762,5806.07,126204.871,0.02,0.0
495.675,2026-06-26T00:11:47.452886,64192.637,116545.102,0.855,5806.071,126204.871,0.02,0.0
495.726,2026-06-26T00:11:47.503884,64243.539,116545.102,0.828,5806.072,126204.871,0.02,0.0
495.777,2026-06-26T00:11:47.554878,64292.371,116545.102,0.764,5806.073,126204.871,0.02,0.0
495.828,2026-06-26T00:11:47.605876,64342.027,116545.102,0.81,5806.074,126204.871,0.02,0.0
495.879,2026-06-26T00:11:47.656855,64391.375,116545.102,0.797,5806.075,126204.871,0.02,0.0
495.93,2026-06-26T00:11:47.707842,64441.133,116545.102,0.788,5806.076,126204.871,0.02,0.0
495.981,2026-06-26T00:11:47.758813,64491.371,116545.102,0.781,5806.078,126204.871,0.02,0.0
496.032,2026-06-26T00:11:47.809830,64542.082,116545.102,0.823,5806.079,126204.871,0.02,0.0
496.083,2026-06-26T00:11:47.860798,64592.746,116545.102,0.806,5806.08,126204.871,0.02,0.0
496.134,2026-06-26T00:11:47.911793,64642.492,116545.102,0.84,5806.081,126204.871,0.02,0.0
496.185,2026-06-26T00:11:47.962768,64693.234,116545.102,0.772,5806.082,126204.871,0.02,0.0
496.236,2026-06-26T00:11:48.013762,64743.859,116545.102,0.816,5806.083,126204.871,0.02,0.0
496.287,2026-06-26T00:11:48.064753,64794.438,116545.102,0.755,5806.084,126204.871,0.02,0.0
496.338,2026-06-26T00:11:48.115752,64782.117,116545.102,0.804,5806.085,126204.871,0.02,0.0
496.389,2026-06-26T00:11:48.166734,64254.488,116545.102,0.793,5806.086,126204.871,0.02,0.0
496.44,2026-06-26T00:11:48.217691,63998.488,115745.102,0.786,5806.087,126204.871,0.021,0.0
496.49,2026-06-26T00:11:48.268266,63998.488,115745.102,0.782,5806.088,126204.871,0.021,0.0
496.541,2026-06-26T00:11:48.318917,63998.488,115745.102,0.778,5806.089,126204.871,0.02,0.0
496.592,2026-06-26T00:11:48.369902,63998.488,115745.102,0.774,5806.09,126204.871,0.02,0.0
496.643,2026-06-26T00:11:48.420875,64022.246,116545.102,0.772,5806.091,126254.871,0.02,980.294
496.694,2026-06-26T00:11:48.471867,64073.059,116545.102,0.816,5806.092,126254.871,0.02,0.0
496.745,2026-06-26T00:11:48.522845,64124.117,116545.102,0.801,5806.093,126254.871,0.02,0.0
496.796,2026-06-26T00:11:48.573847,64175.051,116545.102,0.791,5806.094,126254.871,0.02,0.0
496.847,2026-06-26T00:11:48.624812,64226.066,116545.102,0.783,5806.095,126254.871,0.02,0.0
496.898,2026-06-26T00:11:48.675786,64278.176,116545.102,0.778,5806.096,126254.871,0.02,0.0
496.949,2026-06-26T00:11:48.726759,64329.492,116545.102,0.729,5806.097,126254.871,0.02,0.0
497.0,2026-06-26T00:11:48.777756,64381.008,116545.102,0.832,5806.098,126254.871,0.02,0.0
497.051,2026-06-26T00:11:48.828729,64432.438,116545.102,0.812,5806.099,126254.871,0.02,0.0
497.102,2026-06-26T00:11:48.879721,64483.43,116545.102,0.799,5806.1,126254.871,0.02,0.0
497.153,2026-06-26T00:11:48.930697,64535.441,116545.102,0.789,5806.101,126254.871,0.02,0.0
497.204,2026-06-26T00:11:48.981712,64587.551,116545.102,0.782,5806.102,126254.871,0.02,0.0
497.255,2026-06-26T00:11:49.032683,64636.75,116545.102,0.823,5806.104,126254.871,0.02,0.0
497.306,2026-06-26T00:11:49.083693,64680.867,116545.102,0.806,5806.105,126254.871,0.02,0.0
497.357,2026-06-26T00:11:49.134664,64725.449,116545.102,0.748,5806.106,126254.871,0.02,0.0
497.408,2026-06-26T00:11:49.185654,64769.438,116545.102,0.846,5806.107,126254.871,0.02,0.0
497.459,2026-06-26T00:11:49.236650,64751.988,116545.102,0.822,5806.108,126254.871,0.02,0.0
497.51,2026-06-26T00:11:49.287644,64724.488,116545.102,0.805,5806.109,126254.871,0.02,0.0
497.561,2026-06-26T00:11:49.338624,63998.488,115745.102,0.793,5806.11,126254.871,0.02,0.0
497.612,2026-06-26T00:11:49.389622,63998.488,115745.102,0.785,5806.111,126254.871,0.02,0.0
497.733,2026-06-26T00:11:49.510839,63998.488,115745.102,0.918,5806.458,126254.871,2.874,0.0
497.783,2026-06-26T00:11:49.561271,64010.938,115795.102,0.874,5806.459,126304.871,0.021,987.662
497.834,2026-06-26T00:11:49.611898,63998.488,115745.102,0.843,5806.46,126304.871,0.021,0.0
497.885,2026-06-26T00:11:49.662564,64000.832,116545.102,0.821,5806.461,126354.871,0.02,985.425
497.935,2026-06-26T00:11:49.713354,64051.613,116545.102,0.852,5806.462,126354.871,0.02,0.0
497.986,2026-06-26T00:11:49.764212,64101.613,116545.102,0.872,5806.463,126354.871,0.02,0.0
498.037,2026-06-26T00:11:49.815175,64152.504,116545.102,0.794,5806.464,126354.871,0.02,0.0
498.088,2026-06-26T00:11:49.866129,64203.43,116545.102,0.832,5806.465,126354.871,0.02,0.0
498.139,2026-06-26T00:11:49.917124,64254.258,116545.102,0.812,5806.466,126354.871,0.02,0.0
498.19,2026-06-26T00:11:49.968096,64305.754,116545.102,0.798,5806.467,126354.871,0.02,0.0
498.241,2026-06-26T00:11:50.019080,64357.02,116545.102,0.789,5806.468,126354.871,0.02,0.0
498.292,2026-06-26T00:11:50.070051,64407.402,116545.102,0.782,5806.469,126354.871,0.02,0.0
498.343,2026-06-26T00:11:50.121040,64459.48,116545.102,0.777,5806.47,126354.871,0.02,0.0
498.394,2026-06-26T00:11:50.172015,64511.672,116545.102,0.774,5806.471,126354.871,0.02,0.0
498.445,2026-06-26T00:11:50.222996,64563.641,116545.102,0.772,5806.472,126354.871,0.02,0.0
498.496,2026-06-26T00:11:50.273970,64615.676,116545.102,0.816,5806.473,126354.871,0.02,0.0
498.547,2026-06-26T00:11:50.324964,64667.172,116545.102,0.756,5806.475,126354.871,0.021,0.0
498.598,2026-06-26T00:11:50.375613,64719.035,116545.102,0.805,5806.476,126354.871,0.02,0.0
498.649,2026-06-26T00:11:50.426628,64771.125,116545.102,0.748,5806.477,126354.871,0.02,0.0
498.7,2026-06-26T00:11:50.477601,64759.578,116545.102,0.799,5806.478,126354.871,0.02,0.0
498.751,2026-06-26T00:11:50.528594,64616.488,116545.102,0.835,5806.479,126354.871,0.02,0.0
498.802,2026-06-26T00:11:50.579583,63998.488,115745.102,0.815,5806.48,126354.871,0.02,0.0
498.853,2026-06-26T00:11:50.630571,63998.488,115745.102,0.846,5806.481,126354.871,0.02,0.0
498.904,2026-06-26T00:11:50.681550,63998.488,115745.102,0.822,5806.482,126354.871,0.02,0.0
498.955,2026-06-26T00:11:50.732601,63998.488,115745.102,0.805,5806.483,126354.871,0.02,0.0
499.006,2026-06-26T00:11:50.783622,63999.336,115795.102,0.747,5806.484,126404.871,0.02,978.798
499.057,2026-06-26T00:11:50.834701,64028.488,115795.102,0.753,5806.485,126404.871,0.02,0.0
499.108,2026-06-26T00:11:50.885721,63998.488,115745.102,0.802,5806.486,126454.871,0.02,979.465
499.159,2026-06-26T00:11:50.936783,64040.641,115795.102,0.791,5806.487,126454.871,0.02,0.0
499.21,2026-06-26T00:11:50.987815,63998.488,115745.102,0.783,5806.488,126454.871,0.02,0.0
499.261,2026-06-26T00:11:51.038871,64032.262,115795.102,0.824,5806.489,126504.871,0.02,979.405
499.312,2026-06-26T00:11:51.089921,63998.488,115745.102,0.76,5806.49,126504.871,0.02,0.0
499.363,2026-06-26T00:11:51.140970,64024.062,115795.102,0.808,5806.491,126554.871,0.02,979.826
499.414,2026-06-26T00:11:51.192009,63998.488,115745.102,0.795,5806.492,126554.871,0.02,0.0
499.465,2026-06-26T00:11:51.243058,64015.094,115795.102,0.786,5806.493,126604.871,0.02,980.014
499.516,2026-06-26T00:11:51.294093,63998.488,115745.102,0.826,5806.494,126604.871,0.02,0.0
499.567,2026-06-26T00:11:51.345168,64006.082,116545.102,0.808,5806.495,126654.871,0.02,979.653
499.618,2026-06-26T00:11:51.396219,64056.945,116545.102,0.795,5806.496,126654.871,0.02,0.0
499.669,2026-06-26T00:11:51.447216,64107.758,116545.102,0.786,5806.497,126654.871,0.02,0.0
499.72,2026-06-26T00:11:51.498230,64157.902,116545.102,0.826,5806.498,126654.871,0.02,0.0
499.771,2026-06-26T00:11:51.549240,64208.312,116545.102,0.762,5806.499,126654.871,0.02,0.0
499.822,2026-06-26T00:11:51.600256,64258.625,116545.102,0.809,5806.501,126654.871,0.02,0.0
499.873,2026-06-26T00:11:51.651252,64309.004,116545.102,0.796,5806.502,126654.871,0.02,0.0
499.924,2026-06-26T00:11:51.702243,64358.879,116545.102,0.787,5806.503,126654.871,0.02,0.0
499.975,2026-06-26T00:11:51.753265,64410.523,116545.102,0.781,5806.504,126654.871,0.02,0.0
500.026,2026-06-26T00:11:51.804263,64462.805,116545.102,0.776,5806.505,126654.871,0.02,0.0
500.077,2026-06-26T00:11:51.855277,64514.973,116545.102,0.819,5806.506,126654.871,0.02,0.0
500.128,2026-06-26T00:11:51.906276,64567.238,116545.102,0.757,5806.507,126654.871,0.02,0.0
500.179,2026-06-26T00:11:51.957273,64619.406,116545.102,0.852,5806.508,126654.871,0.02,0.0
500.23,2026-06-26T00:11:52.008299,64671.633,116545.102,0.78,5806.509,126654.871,0.02,0.0
500.281,2026-06-26T00:11:52.059319,64723.996,116545.102,0.822,5806.51,126654.871,0.02,0.0
500.332,2026-06-26T00:11:52.110352,64776.07,116545.102,0.759,5806.511,126654.871,0.02,0.0
500.384,2026-06-26T00:11:52.161389,64764.5,116545.102,0.807,5806.512,126654.871,0.02,0.0
500.435,2026-06-26T00:11:52.212463,64546.488,116545.102,0.794,5806.513,126654.871,0.02,0.0
500.486,2026-06-26T00:11:52.263497,63998.488,115745.102,0.786,5806.514,126654.871,0.02,0.0
500.537,2026-06-26T00:11:52.314545,63998.488,115745.102,0.779,5806.515,126654.871,0.02,0.0
500.588,2026-06-26T00:11:52.365572,63998.488,115745.102,0.775,5806.516,126654.871,0.02,0.0
500.639,2026-06-26T00:11:52.416626,63998.488,115745.102,0.772,5806.517,126654.871,0.02,0.0
500.69,2026-06-26T00:11:52.467669,64004.449,115795.102,0.816,5806.518,126704.871,0.02,979.227
500.741,2026-06-26T00:11:52.518727,63998.488,115745.102,0.755,5806.519,126704.871,0.02,0.0
500.792,2026-06-26T00:11:52.569753,63998.488,115745.102,0.85,5806.52,126754.871,0.02,979.749
500.843,2026-06-26T00:11:52.620793,64045.98,116545.102,0.825,5806.521,126754.871,0.02,0.0
500.894,2026-06-26T00:11:52.671825,64096.926,116545.102,0.807,5806.522,126754.871,0.02,0.0
500.945,2026-06-26T00:11:52.722874,64148.023,116545.102,0.795,5806.523,126754.871,0.02,0.0
500.996,2026-06-26T00:11:52.773890,64198.996,116545.102,0.786,5806.524,126754.871,0.02,0.0
501.047,2026-06-26T00:11:52.824927,64249.965,116545.102,0.78,5806.525,126754.871,0.02,0.0
501.098,2026-06-26T00:11:52.875945,64301.867,116545.102,0.821,5806.527,126754.871,0.02,0.0
501.149,2026-06-26T00:11:52.927018,64353.184,116545.102,0.759,5806.528,126754.871,0.02,0.0
501.2,2026-06-26T00:11:52.978066,64404.738,116545.102,0.761,5806.529,126754.871,0.02,0.0
501.251,2026-06-26T00:11:53.029117,64455.629,116545.102,0.762,5806.53,126754.871,0.02,0.0
501.302,2026-06-26T00:11:53.080190,64507.062,116545.102,0.809,5806.531,126754.871,0.02,0.0
501.353,2026-06-26T00:11:53.131206,64557.781,116545.102,0.796,5806.532,126754.871,0.02,0.0
501.404,2026-06-26T00:11:53.182230,64608.371,116545.102,0.833,5806.533,126754.871,0.02,0.0
501.455,2026-06-26T00:11:53.233228,64659.426,116545.102,0.813,5806.534,126754.871,0.02,0.0
501.506,2026-06-26T00:11:53.284248,64711.496,116545.102,0.799,5806.535,126754.871,0.02,0.0
501.557,2026-06-26T00:11:53.335251,64763.566,116545.102,0.835,5806.536,126754.871,0.02,0.0
501.608,2026-06-26T00:11:53.386264,64752.203,116545.102,0.768,5806.537,126754.871,0.02,0.0
501.659,2026-06-26T00:11:53.437276,64790.488,116545.102,0.767,5806.538,126754.871,0.02,0.0
501.71,2026-06-26T00:11:53.488273,63998.488,116545.102,0.767,5806.539,126754.871,0.02,0.0
501.761,2026-06-26T00:11:53.539276,63998.488,115745.102,0.812,5806.54,126754.871,0.02,0.0
501.812,2026-06-26T00:11:53.590272,63998.488,115745.102,0.798,5806.541,126754.871,0.02,0.0
501.863,2026-06-26T00:11:53.641284,63998.488,115745.102,0.789,5806.542,126754.871,0.02,0.0
501.914,2026-06-26T00:11:53.692288,63998.488,115745.102,0.736,5806.543,126804.871,0.02,980.344
501.965,2026-06-26T00:11:53.743288,64037.996,115795.102,0.837,5806.544,126804.871,0.02,0.0
502.016,2026-06-26T00:11:53.794276,63998.488,115745.102,0.815,5806.545,126804.871,0.02,0.0
502.067,2026-06-26T00:11:53.845282,64027.559,116545.102,0.755,5806.546,126854.871,0.02,980.413
502.118,2026-06-26T00:11:53.896289,64078.305,116545.102,0.85,5806.547,126854.871,0.02,0.0
502.169,2026-06-26T00:11:53.947296,64128.43,116545.102,0.825,5806.548,126854.871,0.02,0.0
502.22,2026-06-26T00:11:53.998338,64178.535,116545.102,0.807,5806.549,126854.871,0.02,0.0
502.271,2026-06-26T00:11:54.049360,64228.797,116545.102,0.794,5806.55,126854.871,0.02,0.0
502.323,2026-06-26T00:11:54.100430,64278.738,116545.102,0.785,5806.551,126854.871,0.02,0.0
502.374,2026-06-26T00:11:54.151460,64329.414,116545.102,0.779,5806.552,126854.871,0.02,0.0
502.425,2026-06-26T00:11:54.202526,64379.539,116545.102,0.775,5806.554,126854.871,0.02,0.0
502.476,2026-06-26T00:11:54.253555,64430.5,116545.102,0.772,5806.555,126854.871,0.02,0.0
502.527,2026-06-26T00:11:54.304603,64481.496,116545.102,0.77,5806.556,126854.871,0.02,0.0
502.578,2026-06-26T00:11:54.355657,64532.645,116545.102,0.814,5806.557,126854.871,0.02,0.0
502.629,2026-06-26T00:11:54.406698,64582.902,116545.102,0.754,5806.558,126854.871,0.02,0.0
502.749,2026-06-26T00:11:54.527101,64704.176,116545.102,0.898,5806.905,126854.871,2.895,0.0
502.8,2026-06-26T00:11:54.577559,64755.941,116545.102,0.906,5806.906,126854.871,0.02,0.0
502.851,2026-06-26T00:11:54.628422,64748.488,116495.102,0.819,5806.907,126854.871,0.021,0.0
502.901,2026-06-26T00:11:54.679039,64794.719,116545.102,0.804,5806.908,126854.871,0.02,0.0
502.952,2026-06-26T00:11:54.729860,64074.488,116545.102,0.793,5806.909,126854.871,0.02,0.0
503.003,2026-06-26T00:11:54.780847,63998.488,115745.102,0.831,5806.91,126854.871,0.02,0.0
503.054,2026-06-26T00:11:54.831892,63998.488,115745.102,0.811,5806.911,126854.871,0.02,0.0
503.105,2026-06-26T00:11:54.882919,63998.488,115745.102,0.797,5806.912,126854.871,0.02,0.0
503.156,2026-06-26T00:11:54.933978,63998.488,115745.102,0.834,5806.913,126854.871,0.02,0.0
503.207,2026-06-26T00:11:54.985015,64031.301,116545.102,0.813,5806.914,126904.871,0.02,979.309
503.258,2026-06-26T00:11:55.036067,64081.996,116545.102,0.799,5806.915,126904.871,0.02,0.0
503.309,2026-06-26T00:11:55.087098,64132.961,116545.102,0.789,5806.916,126904.871,0.02,0.0
503.36,2026-06-26T00:11:55.138134,64184.121,116545.102,0.782,5806.917,126904.871,0.02,0.0
503.411,2026-06-26T00:11:55.189214,64235.453,116545.102,0.777,5806.918,126904.871,0.02,0.0
503.462,2026-06-26T00:11:55.240211,64287.609,116545.102,0.82,5806.919,126904.871,0.02,0.0
503.513,2026-06-26T00:11:55.291220,64339.695,116545.102,0.757,5806.92,126904.871,0.02,0.0
503.564,2026-06-26T00:11:55.342205,64391.488,116545.102,0.806,5806.921,126904.871,0.02,0.0
503.615,2026-06-26T00:11:55.393203,64442.773,116545.102,0.794,5806.923,126904.871,0.02,0.0
503.666,2026-06-26T00:11:55.444188,64494.035,116545.102,0.786,5806.924,126904.871,0.02,0.0
503.717,2026-06-26T00:11:55.495132,64545.473,116545.102,0.78,5806.925,126904.871,0.02,0.0
503.768,2026-06-26T00:11:55.546120,64595.871,116545.102,0.868,5806.926,126904.871,0.02,0.0
503.819,2026-06-26T00:11:55.597089,64646.59,116545.102,0.791,5806.927,126904.871,0.02,0.0
503.87,2026-06-26T00:11:55.648048,64697.309,116545.102,0.83,5806.928,126904.871,0.02,0.0
503.921,2026-06-26T00:11:55.699029,64749.426,116545.102,0.765,5806.929,126904.871,0.02,0.0
503.972,2026-06-26T00:11:55.750009,64752.488,116545.102,0.811,5806.93,126904.871,0.02,0.0
504.023,2026-06-26T00:11:55.800984,64788.875,116545.102,0.844,5806.931,126904.871,0.02,0.0
504.074,2026-06-26T00:11:55.851972,64174.488,116545.102,0.82,5806.932,126904.871,0.02,0.0
504.125,2026-06-26T00:11:55.902950,63998.488,115745.102,0.804,5806.933,126904.871,0.02,0.0
504.176,2026-06-26T00:11:55.953955,63998.488,115745.102,0.793,5806.934,126904.871,0.02,0.0
504.227,2026-06-26T00:11:56.004921,63998.488,115745.102,0.785,5806.935,126904.871,0.02,0.0
504.278,2026-06-26T00:11:56.055906,63998.488,115745.102,0.779,5806.936,126904.871,0.02,0.0
504.329,2026-06-26T00:11:56.106884,64026.316,115795.102,0.775,5806.937,126954.871,0.02,980.729
504.38,2026-06-26T00:11:56.157887,63998.488,115745.102,0.772,5806.938,126954.871,0.02,0.0
504.431,2026-06-26T00:11:56.208910,64017.238,116545.102,0.77,5806.939,127004.871,0.02,979.593
504.482,2026-06-26T00:11:56.259948,64067.297,116545.102,0.815,5806.94,127004.871,0.02,0.0
504.533,2026-06-26T00:11:56.310977,64118.008,116545.102,0.8,5806.941,127004.871,0.02,0.0
504.584,2026-06-26T00:11:56.362002,64168.82,116545.102,0.745,5806.942,127004.871,0.021,0.0
504.635,2026-06-26T00:11:56.412607,64219.586,116545.102,0.844,5806.943,127004.871,0.02,0.0
504.686,2026-06-26T00:11:56.463556,64270.871,116545.102,0.821,5806.944,127004.871,0.02,0.0
504.737,2026-06-26T00:11:56.514470,64321.672,116545.102,0.805,5806.945,127004.871,0.02,0.0
504.788,2026-06-26T00:11:56.565407,64373.547,116545.102,0.793,5806.946,127004.871,0.02,0.0
504.839,2026-06-26T00:11:56.616363,64425.559,116545.102,0.785,5806.947,127004.871,0.02,0.0
504.889,2026-06-26T00:11:56.667295,64477.426,116545.102,0.78,5806.948,127004.871,0.02,0.0
504.94,2026-06-26T00:11:56.718211,64529.133,116545.102,0.776,5806.95,127004.871,0.02,0.0
504.991,2026-06-26T00:11:56.769107,64580.5,116545.102,0.819,5806.951,127004.871,0.02,0.0
505.042,2026-06-26T00:11:56.820050,64631.809,116545.102,0.803,5806.952,127004.871,0.02,0.0
505.093,2026-06-26T00:11:56.870999,64683.625,116545.102,0.792,5806.953,127004.871,0.02,0.0
505.144,2026-06-26T00:11:56.921947,64735.309,116545.102,0.785,5806.954,127004.871,0.02,0.0
505.195,2026-06-26T00:11:56.972852,64787.27,116545.102,0.78,5806.955,127004.871,0.02,0.0
505.246,2026-06-26T00:11:57.023809,64775.312,116545.102,0.776,5806.956,127004.871,0.02,0.0
505.297,2026-06-26T00:11:57.074750,64408.488,116545.102,0.819,5806.957,127004.871,0.02,0.0
505.348,2026-06-26T00:11:57.125727,63998.488,115745.102,0.803,5806.958,127004.871,0.02,0.0
505.399,2026-06-26T00:11:57.176585,63998.488,115745.102,0.793,5806.959,127004.871,0.02,0.0
505.45,2026-06-26T00:11:57.227507,63998.488,115745.102,0.785,5806.96,127004.871,0.02,0.0
505.501,2026-06-26T00:11:57.278440,63998.488,115745.102,0.78,5806.961,127004.871,0.02,0.0
505.552,2026-06-26T00:11:57.329385,64010.492,116545.102,0.776,5806.962,127054.871,0.02,981.56
505.602,2026-06-26T00:11:57.380302,64061.16,116545.102,0.819,5806.963,127054.871,0.02,0.0
505.653,2026-06-26T00:11:57.431224,64112.004,116545.102,0.804,5806.964,127054.871,0.02,0.0
505.704,2026-06-26T00:11:57.482115,64162.551,116545.102,0.793,5806.965,127054.871,0.02,0.0
505.755,2026-06-26T00:11:57.533040,64213.043,116545.102,0.785,5806.966,127054.871,0.02,0.0
505.806,2026-06-26T00:11:57.583975,64273.395,116545.102,0.819,5806.967,127054.871,0.017,0.0
505.867,2026-06-26T00:11:57.644819,64323.781,116545.102,0.849,5806.968,127054.871,0.02,0.0
505.918,2026-06-26T00:11:57.695797,64374.504,116545.102,0.825,5806.969,127054.871,0.02,0.0
505.969,2026-06-26T00:11:57.746708,64425.051,116545.102,0.854,5806.97,127054.871,0.02,0.0
506.02,2026-06-26T00:11:57.797645,64474.641,116545.102,0.782,5806.971,127054.871,0.02,0.0
506.071,2026-06-26T00:11:57.848593,64524.758,116545.102,0.777,5806.972,127054.871,0.02,0.0
506.122,2026-06-26T00:11:57.899486,64573.742,116545.102,0.775,5806.973,127054.871,0.02,0.0
506.172,2026-06-26T00:11:57.950227,64622.781,116545.102,0.773,5806.974,127054.871,0.02,0.0
506.223,2026-06-26T00:11:58.001167,64672.129,116545.102,0.817,5806.976,127054.871,0.02,0.0
506.274,2026-06-26T00:11:58.052081,64721.586,116545.102,0.756,5806.977,127054.871,0.02,0.0
506.325,2026-06-26T00:11:58.103008,64771.453,116545.102,0.805,5806.978,127054.871,0.02,0.0
506.376,2026-06-26T00:11:58.153942,64759.238,116545.102,0.794,5806.979,127054.871,0.02,0.0
506.427,2026-06-26T00:11:58.204873,64614.488,116545.102,0.786,5806.98,127054.871,0.02,0.0
506.478,2026-06-26T00:11:58.255850,63998.488,115745.102,0.78,5806.981,127054.871,0.02,0.0
506.529,2026-06-26T00:11:58.306816,63998.488,115745.102,0.776,5806.982,127054.871,0.02,0.0
506.58,2026-06-26T00:11:58.357798,63998.488,115745.102,0.773,5806.983,127054.871,0.02,0.0
506.631,2026-06-26T00:11:58.408763,63998.488,115745.102,0.771,5806.984,127054.871,0.02,0.0
506.682,2026-06-26T00:11:58.459765,63998.488,115745.102,0.769,5806.985,127104.871,0.02,981.124
506.733,2026-06-26T00:11:58.510734,64045.379,116545.102,0.814,5806.986,127104.871,0.02,0.0
506.784,2026-06-26T00:11:58.561732,64095.617,116545.102,0.846,5806.987,127104.871,0.02,0.0
506.835,2026-06-26T00:11:58.612697,64145.738,116545.102,0.776,5806.988,127104.871,0.02,0.0
506.886,2026-06-26T00:11:58.663712,64195.363,116545.102,0.819,5806.989,127104.871,0.02,0.0
506.937,2026-06-26T00:11:58.714745,64244.949,116545.102,0.849,5806.99,127104.871,0.02,0.0
506.988,2026-06-26T00:11:58.765791,64294.816,116545.102,0.778,5806.991,127104.871,0.02,0.0
507.039,2026-06-26T00:11:58.816807,64344.855,116545.102,0.82,5806.992,127104.871,0.02,0.0
507.09,2026-06-26T00:11:58.867846,64395.684,116545.102,0.758,5806.993,127104.871,0.02,0.0
507.141,2026-06-26T00:11:58.918833,64446.113,116545.102,0.806,5806.994,127104.871,0.02,0.0
507.192,2026-06-26T00:11:58.969881,64496.473,116545.102,0.794,5806.995,127104.871,0.02,0.0
507.243,2026-06-26T00:11:59.020889,64547.18,116545.102,0.785,5806.996,127104.871,0.02,0.0
507.294,2026-06-26T00:11:59.071928,64596.465,116545.102,0.779,5806.997,127104.871,0.02,0.0
507.345,2026-06-26T00:11:59.122943,64647.129,116545.102,0.821,5806.998,127104.871,0.02,0.0
507.396,2026-06-26T00:11:59.173991,64697.84,116545.102,0.805,5806.999,127104.871,0.02,0.0
507.447,2026-06-26T00:11:59.225017,64748.488,116545.102,0.747,5807.0,127104.871,0.02,0.0
507.498,2026-06-26T00:11:59.276045,64768.488,116545.102,0.798,5807.002,127104.871,0.02,0.0
507.549,2026-06-26T00:11:59.327072,64787.859,116545.102,0.788,5807.003,127104.871,0.02,0.0
507.6,2026-06-26T00:11:59.378110,64224.488,116545.102,0.782,5807.004,127104.871,0.02,0.0
507.651,2026-06-26T00:11:59.429125,63998.488,115745.102,0.777,5807.005,127104.871,0.02,0.0
507.772,2026-06-26T00:11:59.550017,63998.492,115745.102,0.913,5807.352,127104.871,2.884,0.0
507.823,2026-06-26T00:11:59.600458,63998.492,115745.102,0.917,5807.353,127154.871,0.021,987.536
507.873,2026-06-26T00:11:59.651072,64040.461,115795.102,0.873,5807.354,127154.871,0.021,0.0
507.924,2026-06-26T00:11:59.701720,63998.492,115745.102,0.842,5807.355,127154.871,0.02,0.0
507.975,2026-06-26T00:11:59.752580,64031.18,116545.102,0.82,5807.356,127204.871,0.02,984.264
508.026,2026-06-26T00:11:59.803471,64082.059,116545.102,0.804,5807.357,127204.871,0.02,0.0
508.077,2026-06-26T00:11:59.854486,64132.848,116545.102,0.792,5807.358,127204.871,0.02,0.0
508.128,2026-06-26T00:11:59.905544,64183.23,116545.102,0.83,5807.359,127204.871,0.02,0.0
508.179,2026-06-26T00:11:59.956554,64233.965,116545.102,0.811,5807.36,127204.871,0.02,0.0
508.23,2026-06-26T00:12:00.007584,64284.668,116545.102,0.751,5807.361,127204.871,0.02,0.0
508.281,2026-06-26T00:12:00.058614,64335.461,116545.102,0.847,5807.362,127204.871,0.02,0.0
508.332,2026-06-26T00:12:00.109638,64386.246,116545.102,0.823,5807.363,127204.871,0.02,0.0
508.383,2026-06-26T00:12:00.160663,64436.16,116545.102,0.805,5807.364,127204.871,0.02,0.0
508.434,2026-06-26T00:12:00.211698,64486.211,116545.102,0.794,5807.365,127204.871,0.02,0.0
508.485,2026-06-26T00:12:00.262711,64535.195,116545.102,0.785,5807.366,127204.871,0.02,0.0
508.536,2026-06-26T00:12:00.313723,64584.938,116545.102,0.779,5807.367,127204.871,0.02,0.0
508.587,2026-06-26T00:12:00.364725,64634.938,116545.102,0.821,5807.368,127204.871,0.02,0.0
508.638,2026-06-26T00:12:00.415775,64685.961,116545.102,0.805,5807.369,127204.871,0.02,0.0
508.689,2026-06-26T00:12:00.466791,64737.734,116545.102,0.793,5807.37,127204.871,0.02,0.0
508.74,2026-06-26T00:12:00.517833,64789.879,116545.102,0.831,5807.371,127204.871,0.02,0.0
508.791,2026-06-26T00:12:00.568861,64777.887,116545.102,0.811,5807.373,127204.871,0.02,0.0
508.842,2026-06-26T00:12:00.619897,64348.492,116545.102,0.797,5807.374,127204.871,0.02,0.0
508.893,2026-06-26T00:12:00.670913,63998.492,115745.102,0.788,5807.375,127204.871,0.02,0.0
508.944,2026-06-26T00:12:00.721960,63998.492,115745.102,0.781,5807.376,127204.871,0.02,0.0
508.995,2026-06-26T00:12:00.772979,63998.492,115745.102,0.776,5807.377,127204.871,0.02,0.0
509.046,2026-06-26T00:12:00.824019,63998.492,115745.102,0.773,5807.378,127204.871,0.02,0.0
509.097,2026-06-26T00:12:00.875031,64005.992,115795.102,0.771,5807.379,127254.871,0.02,979.968
509.148,2026-06-26T00:12:00.926067,63998.492,115745.102,0.815,5807.38,127254.871,0.02,0.0
509.199,2026-06-26T00:12:00.977092,63998.492,115745.102,0.8,5807.381,127304.871,0.02,980.106
509.25,2026-06-26T00:12:01.028123,62978.492,115745.102,0.744,5807.382,127304.871,0.02,0.0
509.301,2026-06-26T00:12:01.079196,62398.492,114145.102,0.75,5807.383,127304.871,0.02,0.0
509.352,2026-06-26T00:12:01.130195,62398.492,114145.102,0.801,5807.384,127304.871,0.02,0.0
509.403,2026-06-26T00:12:01.181228,62398.492,114145.102,0.79,5807.385,127304.871,0.02,0.0
509.454,2026-06-26T00:12:01.232236,62398.492,114145.102,0.783,5807.386,127304.871,0.02,0.0
509.505,2026-06-26T00:12:01.283227,62398.492,114145.102,0.778,5807.387,127304.871,0.02,0.0
509.556,2026-06-26T00:12:01.334221,62398.492,114145.102,0.774,5807.388,127304.871,0.02,0.0
509.607,2026-06-26T00:12:01.385209,62458.68,122287.102,0.818,5807.389,127304.871,0.02,0.0
509.658,2026-06-26T00:12:01.436206,62964.742,122287.102,1.078,5807.39,127304.871,0.02,0.0
509.709,2026-06-26T00:12:01.487222,63470.688,122287.102,1.214,5807.391,127304.871,0.02,0.0
509.76,2026-06-26T00:12:01.538206,63976.305,122287.102,1.309,5807.392,127304.871,0.02,0.0
509.811,2026-06-26T00:12:01.589209,64497.117,122287.102,1.422,5807.393,127304.871,0.02,0.0
509.862,2026-06-26T00:12:01.640207,65020.367,122287.102,1.501,5807.394,127304.871,0.02,0.0
509.913,2026-06-26T00:12:01.691200,65544.68,122287.102,1.51,5807.395,127304.871,0.02,0.0
509.964,2026-06-26T00:12:01.742203,66091.305,122287.102,1.517,5807.396,127304.871,0.02,0.0
510.015,2026-06-26T00:12:01.793202,66644.242,122287.102,1.521,5807.397,127304.871,0.02,0.0
510.066,2026-06-26T00:12:01.844233,67195.18,122287.102,1.57,5807.398,127304.871,0.02,0.0
510.117,2026-06-26T00:12:01.895218,67747.305,122287.102,1.559,5807.4,127304.871,0.02,0.0
510.168,2026-06-26T00:12:01.946222,68302.117,122287.102,1.505,5807.401,128062.683,0.02,14857.089
510.219,2026-06-26T00:12:01.997215,68849.742,122287.102,1.559,5807.402,128062.683,0.02,0.0
510.27,2026-06-26T00:12:02.048200,69399.805,122287.102,1.551,5807.403,128062.683,0.02,0.0
510.321,2026-06-26T00:12:02.099232,69944.242,122287.102,1.591,5807.404,128062.683,0.02,0.0
510.372,2026-06-26T00:12:02.150228,69886.805,122287.102,1.527,5807.405,128062.683,0.02,0.0
510.423,2026-06-26T00:12:02.201226,69794.773,125629.289,1.575,5807.406,128062.683,0.02,0.0
510.474,2026-06-26T00:12:02.252228,69826.336,125629.289,1.562,5807.407,128062.683,0.02,0.0
510.525,2026-06-26T00:12:02.303219,69875.402,125679.289,1.553,5807.408,128062.683,0.02,0.0
510.576,2026-06-26T00:12:02.354216,69949.086,125679.289,1.592,5807.409,128062.683,0.02,0.0
510.627,2026-06-26T00:12:02.405221,69999.926,125729.289,1.574,5807.41,128112.683,0.02,980.72
510.678,2026-06-26T00:12:02.456216,70021.23,125679.289,1.562,5807.411,128112.683,0.02,0.0
510.729,2026-06-26T00:12:02.507218,70062.406,125729.289,1.599,5807.412,128162.683,0.02,980.376
510.78,2026-06-26T00:12:02.558206,70093.52,125679.289,1.579,5807.413,128162.683,0.02,0.0
510.831,2026-06-26T00:12:02.609232,70129.809,125679.289,1.564,5807.414,128212.683,0.02,979.373
510.882,2026-06-26T00:12:02.660223,70210.129,126479.289,1.601,5807.415,128212.683,0.02,0.0
510.933,2026-06-26T00:12:02.711207,70296.609,126479.289,1.58,5807.416,128212.683,0.02,0.0
510.984,2026-06-26T00:12:02.762206,70383.152,126479.289,1.566,5807.417,128212.683,0.02,0.0
511.035,2026-06-26T00:12:02.813200,70469.938,126479.289,1.556,5807.418,128212.683,0.02,0.0
511.086,2026-06-26T00:12:02.864238,70556.293,126479.289,1.594,5807.419,128212.683,0.02,0.0
511.137,2026-06-26T00:12:02.915243,70637.859,126479.289,1.575,5807.42,128212.683,0.02,0.0
511.188,2026-06-26T00:12:02.966230,70718.594,126479.289,1.562,5807.421,128212.683,0.02,0.0
511.239,2026-06-26T00:12:03.017211,70800.145,126479.289,1.553,5807.422,128212.683,0.02,0.0
511.29,2026-06-26T00:12:03.068198,70885.164,126479.289,1.593,5807.423,128212.683,0.02,0.0
511.341,2026-06-26T00:12:03.119253,70968.609,126479.289,1.666,5807.425,128212.683,0.02,0.0
511.392,2026-06-26T00:12:03.170247,71051.301,126479.289,1.626,5807.426,128212.683,0.02,0.0
511.443,2026-06-26T00:12:03.221238,71133.137,126479.289,1.552,5807.427,128212.683,0.02,0.0
511.494,2026-06-26T00:12:03.272232,71217.273,126479.289,1.546,5807.428,128212.683,0.02,0.0
511.545,2026-06-26T00:12:03.323227,71302.281,126479.289,1.588,5807.429,128212.683,0.02,0.0
511.596,2026-06-26T00:12:03.374225,71385.512,126479.289,1.571,5807.43,128212.683,0.02,0.0
511.647,2026-06-26T00:12:03.425228,71468.07,126479.289,1.559,5807.431,128212.683,0.02,0.0
511.698,2026-06-26T00:12:03.476227,71470.926,126429.289,1.459,5807.432,128212.683,0.02,0.0
511.749,2026-06-26T00:12:03.527216,71503.273,126429.289,1.297,5807.433,128212.683,0.02,0.0
511.8,2026-06-26T00:12:03.578216,71560.211,126479.289,1.23,5807.434,128212.683,0.02,0.0
511.851,2026-06-26T00:12:03.629208,71379.273,126479.289,1.32,5807.435,128212.683,0.02,0.0
511.902,2026-06-26T00:12:03.680207,70857.926,125679.289,1.384,5807.436,128212.683,0.02,0.0
511.953,2026-06-26T00:12:03.731201,70892.961,125679.289,1.429,5807.437,128212.683,0.02,0.0
512.004,2026-06-26T00:12:03.782231,70925.953,125679.289,1.459,5807.438,128212.683,0.02,0.0
512.055,2026-06-26T00:12:03.833238,70955.086,125679.289,1.481,5807.439,128212.683,0.02,0.0
512.106,2026-06-26T00:12:03.884224,70985.406,125679.289,1.542,5807.44,128212.683,0.02,0.0
512.157,2026-06-26T00:12:03.935224,71036.379,125729.289,1.585,5807.441,128262.683,0.02,980.344
512.208,2026-06-26T00:12:03.986203,71046.273,125679.289,1.523,5807.442,128262.683,0.02,0.0
512.259,2026-06-26T00:12:04.037215,71075.074,125679.289,1.618,5807.443,128312.683,0.02,979.762
512.31,2026-06-26T00:12:04.088203,71126.762,125729.289,1.546,5807.444,128312.683,0.02,0.0
512.361,2026-06-26T00:12:04.139212,71123.258,125679.289,1.588,5807.445,128312.683,0.02,0.0
512.412,2026-06-26T00:12:04.190219,71146.773,125679.289,1.571,5807.446,128362.683,0.02,979.913
512.463,2026-06-26T00:12:04.241205,71192.215,126479.289,1.559,5807.447,128362.683,0.02,0.0
512.514,2026-06-26T00:12:04.292213,71251.156,126479.289,1.551,5807.448,128362.683,0.02,0.0
512.565,2026-06-26T00:12:04.343203,71310.516,126479.289,1.545,5807.449,128362.683,0.02,0.0
512.616,2026-06-26T00:12:04.394217,71369.66,126479.289,1.541,5807.451,128362.683,0.02,0.0
512.667,2026-06-26T00:12:04.445205,71429.141,126479.289,1.538,5807.452,128362.683,0.02,0.0
512.789,2026-06-26T00:12:04.566540,71568.477,126479.289,1.697,5807.799,128362.683,2.873,0.0
512.839,2026-06-26T00:12:04.616954,71626.066,126479.289,1.697,5807.8,128362.683,0.021,0.0
512.89,2026-06-26T00:12:04.667592,71696.637,126479.289,1.651,5807.801,128362.683,0.021,0.0
512.94,2026-06-26T00:12:04.718210,71753.621,126479.289,1.664,5807.802,128362.683,0.021,0.0
512.991,2026-06-26T00:12:04.769000,71811.875,126479.289,1.579,5807.803,128362.683,0.02,0.0
513.042,2026-06-26T00:12:04.820032,71871.328,126479.289,1.611,5807.804,128362.683,0.02,0.0
513.093,2026-06-26T00:12:04.871037,71930.82,126479.289,1.587,5807.805,128362.683,0.02,0.0
513.144,2026-06-26T00:12:04.922098,71990.414,126479.289,1.57,5807.806,128362.683,0.02,0.0
513.195,2026-06-26T00:12:04.973126,72053.379,126479.289,1.558,5807.807,128362.683,0.02,0.0
513.246,2026-06-26T00:12:05.024177,72128.918,126479.289,1.55,5807.808,128362.683,0.02,0.0
513.297,2026-06-26T00:12:05.075213,72204.164,126479.289,1.544,5807.809,128362.683,0.02,0.0
513.348,2026-06-26T00:12:05.126195,72272.211,126479.289,1.586,5807.81,128362.683,0.02,0.0
513.399,2026-06-26T00:12:05.177197,72333.043,126479.289,1.57,5807.811,128362.683,0.02,0.0
513.45,2026-06-26T00:12:05.228227,72393.461,126479.289,1.558,5807.812,128362.683,0.02,0.0
513.501,2026-06-26T00:12:05.279219,72453.844,126479.289,1.55,5807.813,128362.683,0.02,0.0
513.552,2026-06-26T00:12:05.330230,72450.348,126479.289,1.591,5807.814,128362.683,0.02,0.0
513.603,2026-06-26T00:12:05.381250,72508.23,126479.289,1.619,5807.815,128362.683,0.02,0.0
513.654,2026-06-26T00:12:05.432267,72226.984,126479.289,1.593,5807.816,128362.683,0.02,0.0
513.705,2026-06-26T00:12:05.483260,71768.273,125679.289,1.621,5807.817,128362.683,0.02,0.0
513.756,2026-06-26T00:12:05.534271,71792.227,125679.289,1.64,5807.819,128362.683,0.02,0.0
513.807,2026-06-26T00:12:05.585269,71815.773,125679.289,1.561,5807.82,128362.683,0.02,0.0
513.858,2026-06-26T00:12:05.636263,71839.273,125679.289,1.553,5807.821,128362.683,0.02,0.0
513.909,2026-06-26T00:12:05.687275,71862.574,125679.289,1.592,5807.822,128362.683,0.02,0.0
513.96,2026-06-26T00:12:05.738288,71885.773,125679.289,1.574,5807.823,128362.683,0.02,0.0
514.011,2026-06-26T00:12:05.789329,71939.637,125729.289,1.607,5807.824,128412.683,0.02,979.602
514.062,2026-06-26T00:12:05.840323,71955.164,125679.289,1.584,5807.825,128412.683,0.02,0.0
514.113,2026-06-26T00:12:05.891361,72002.945,125729.289,1.522,5807.826,128462.683,0.02,979.703
514.165,2026-06-26T00:12:05.942424,72028.816,125679.289,1.571,5807.827,128462.683,0.02,0.0
514.216,2026-06-26T00:12:05.993452,72067.551,126479.289,1.559,5807.828,128512.683,0.02,979.168
514.267,2026-06-26T00:12:06.044512,72155.797,126479.289,1.596,5807.829,128512.683,0.02,0.0
514.318,2026-06-26T00:12:06.095553,72243.367,126479.289,1.576,5807.83,128512.683,0.02,0.0
514.369,2026-06-26T00:12:06.146619,72330.992,126479.289,1.608,5807.831,128512.683,0.02,0.0
514.42,2026-06-26T00:12:06.197663,72416.961,126479.289,1.585,5807.832,128512.683,0.02,0.0
514.471,2026-06-26T00:12:06.248711,72502.941,126479.289,1.569,5807.833,128512.683,0.02,0.0
514.522,2026-06-26T00:12:06.299731,72588.668,126479.289,1.603,5807.834,128512.683,0.02,0.0
514.573,2026-06-26T00:12:06.350805,72674.336,126479.289,1.581,5807.835,128512.683,0.02,0.0
514.624,2026-06-26T00:12:06.401829,72760.324,126479.289,1.52,5807.836,128512.683,0.02,0.0
514.675,2026-06-26T00:12:06.452889,72847.047,126479.289,1.569,5807.837,128512.683,0.02,0.0
514.726,2026-06-26T00:12:06.503913,72934.23,126479.289,1.558,5807.838,128512.683,0.02,0.0
514.777,2026-06-26T00:12:06.554954,73023.082,126479.289,1.55,5807.839,128512.683,0.02,0.0
514.828,2026-06-26T00:12:06.605990,73111.219,126479.289,1.544,5807.84,128512.683,0.02,0.0
514.879,2026-06-26T00:12:06.657020,73200.168,126479.289,1.54,5807.841,128512.683,0.02,0.0
514.93,2026-06-26T00:12:06.708052,73289.305,126479.289,1.583,5807.842,128512.683,0.02,0.0
514.981,2026-06-26T00:12:06.759105,73378.773,126479.289,1.567,5807.844,128512.683,0.02,0.0
515.032,2026-06-26T00:12:06.810133,73404.848,126479.289,1.556,5807.845,128512.683,0.02,0.0
515.083,2026-06-26T00:12:06.861219,73439.789,126479.289,1.549,5807.846,128512.683,0.02,0.0
515.134,2026-06-26T00:12:06.912223,72726.422,125679.289,1.635,5807.847,128512.683,0.02,0.0
515.185,2026-06-26T00:12:06.963236,72763.125,125679.289,1.604,5807.848,128512.683,0.02,0.0
515.236,2026-06-26T00:12:07.014240,72799.457,125679.289,1.582,5807.849,128512.683,0.02,0.0
515.287,2026-06-26T00:12:07.065256,72835.863,125679.289,1.567,5807.85,128512.683,0.02,0.0
515.338,2026-06-26T00:12:07.116261,72872.328,125679.289,1.556,5807.851,128562.683,0.02,980.28
515.389,2026-06-26T00:12:07.167262,72948.934,126479.289,1.595,5807.852,128562.683,0.02,0.0
515.44,2026-06-26T00:12:07.218281,73037.008,126479.289,1.576,5807.853,128562.683,0.02,0.0
515.491,2026-06-26T00:12:07.269319,73125.199,126479.289,1.608,5807.854,128562.683,0.02,0.0
515.542,2026-06-26T00:12:07.320356,73213.352,126479.289,1.585,5807.855,128562.683,0.02,0.0
515.594,2026-06-26T00:12:07.371402,73300.793,126479.289,1.569,5807.856,128562.683,0.02,0.0
515.645,2026-06-26T00:12:07.422464,73388.074,126479.289,1.603,5807.857,128562.683,0.02,0.0
515.696,2026-06-26T00:12:07.473493,73475.012,126479.289,1.581,5807.858,128562.683,0.02,0.0
515.747,2026-06-26T00:12:07.524578,73561.211,126479.289,1.566,5807.859,128562.683,0.02,0.0
515.798,2026-06-26T00:12:07.575605,73647.539,126479.289,1.601,5807.86,128562.683,0.02,0.0
515.849,2026-06-26T00:12:07.626668,73733.809,126479.289,1.58,5807.861,128562.683,0.02,0.0
515.9,2026-06-26T00:12:07.677700,73821.133,126479.289,1.611,5807.862,128562.683,0.02,0.0
515.951,2026-06-26T00:12:07.728743,73908.383,126479.289,1.587,5807.863,128562.683,0.02,0.0
516.002,2026-06-26T00:12:07.779800,73997.203,126479.289,1.57,5807.864,128562.683,0.02,0.0
516.053,2026-06-26T00:12:07.830847,74086.91,126479.289,1.558,5807.865,128562.683,0.02,0.0
516.104,2026-06-26T00:12:07.881856,74176.625,126479.289,1.551,5807.866,128562.683,0.02,0.0
516.155,2026-06-26T00:12:07.932839,74211.559,126429.289,1.545,5807.867,128562.683,0.02,0.0
516.206,2026-06-26T00:12:07.983821,74290.879,126479.289,1.587,5807.869,128562.683,0.02,0.0
516.257,2026-06-26T00:12:08.034822,73721.379,126479.289,1.571,5807.87,128562.683,0.02,0.0
516.308,2026-06-26T00:12:08.085794,73572.285,125679.289,1.559,5807.871,128562.683,0.02,0.0
516.359,2026-06-26T00:12:08.136779,73608.859,125679.289,1.597,5807.872,128562.683,0.02,0.0
516.41,2026-06-26T00:12:08.187758,73645.352,125679.289,1.578,5807.873,128562.683,0.02,0.0
516.461,2026-06-26T00:12:08.238760,73681.871,125679.289,1.61,5807.874,128562.683,0.02,0.0
516.512,2026-06-26T00:12:08.289744,73748.109,125729.289,1.587,5807.875,128612.683,0.02,980.381
516.563,2026-06-26T00:12:08.340741,73755.359,125679.289,1.57,5807.876,128612.683,0.02,0.0
516.614,2026-06-26T00:12:08.391722,73814.227,125729.289,1.605,5807.877,128662.683,0.02,979.964
516.665,2026-06-26T00:12:08.442736,73829.672,125679.289,1.583,5807.878,128662.683,0.02,0.0
516.716,2026-06-26T00:12:08.493718,73873.074,126479.289,1.522,5807.879,128712.683,0.02,980.156
516.767,2026-06-26T00:12:08.544730,73962.172,126479.289,1.525,5807.88,128712.683,0.02,0.0
516.818,2026-06-26T00:12:08.595701,73710.457,126479.289,1.527,5807.881,128712.683,0.02,0.0
516.869,2026-06-26T00:12:08.646702,72572.887,126479.289,1.574,5807.882,128712.683,0.02,0.0
516.92,2026-06-26T00:12:08.697705,71229.273,126479.289,1.608,5807.883,128712.683,0.02,0.0
516.971,2026-06-26T00:12:08.748700,69797.328,126479.289,1.585,5807.884,128712.683,0.02,0.0
517.022,2026-06-26T00:12:08.799684,68304.289,126479.289,1.569,5807.885,128712.683,0.02,0.0
517.073,2026-06-26T00:12:08.850687,66821.602,126479.289,1.604,5807.886,128712.683,0.02,0.0
517.124,2026-06-26T00:12:08.901649,66172.969,122383.289,1.582,5807.887,128712.683,0.02,0.0
517.175,2026-06-26T00:12:08.952674,66271.484,122383.289,1.568,5807.888,128712.683,0.02,0.0
517.226,2026-06-26T00:12:09.003643,66370.352,122383.289,1.511,5807.889,128712.683,0.02,0.0
517.277,2026-06-26T00:12:09.054653,66470.012,122383.289,1.563,5807.89,128712.683,0.02,0.0
517.328,2026-06-26T00:12:09.105635,66569.863,122383.289,1.554,5807.891,128712.683,0.02,0.0
517.379,2026-06-26T00:12:09.156617,66669.52,122383.289,1.593,5807.892,128712.683,0.02,0.0
517.43,2026-06-26T00:12:09.207599,66769.496,122383.289,1.529,5807.894,128712.683,0.02,0.0
517.481,2026-06-26T00:12:09.258596,66869.422,122383.289,1.576,5807.895,128712.683,0.02,0.0
517.532,2026-06-26T00:12:09.309577,66905.352,122383.289,1.563,5807.896,128712.683,0.02,0.0
517.583,2026-06-26T00:12:09.360577,66636.414,122383.289,1.554,5807.897,128712.683,0.02,0.0
517.634,2026-06-26T00:12:09.411558,66223.051,121583.289,1.547,5807.898,128712.683,0.02,0.0
517.685,2026-06-26T00:12:09.462564,66269.703,121583.289,1.543,5807.899,128712.683,0.02,0.0
517.807,2026-06-26T00:12:09.584627,66374.586,121583.289,1.715,5808.247,128712.683,2.863,0.0
517.857,2026-06-26T00:12:09.635067,66453.547,121633.289,1.664,5808.248,128762.683,0.021,986.932
517.908,2026-06-26T00:12:09.685733,66466.969,121583.289,1.626,5808.249,128762.683,0.02,0.0
517.959,2026-06-26T00:12:09.736605,66538.934,121633.289,1.599,5808.25,128812.683,0.02,983.005
518.01,2026-06-26T00:12:09.787464,66560.273,121583.289,1.581,5808.251,128812.683,0.02,0.0
518.06,2026-06-26T00:12:09.838261,66624.934,122383.289,1.567,5808.252,128862.683,0.02,981.941
518.111,2026-06-26T00:12:09.889221,66723.344,122383.289,1.603,5808.253,128862.683,0.02,0.0
518.162,2026-06-26T00:12:09.940217,66822.355,122383.289,1.582,5808.254,128862.683,0.02,0.0
518.213,2026-06-26T00:12:09.991184,66920.586,122383.289,1.567,5808.255,128862.683,0.02,0.0
518.264,2026-06-26T00:12:10.042199,67018.961,122383.289,1.602,5808.256,128862.683,0.02,0.0
518.315,2026-06-26T00:12:10.093164,67117.145,122383.289,1.581,5808.257,128862.683,0.02,0.0
518.366,2026-06-26T00:12:10.144121,67214.598,122383.289,1.566,5808.258,128862.683,0.02,0.0
518.417,2026-06-26T00:12:10.195115,67311.711,122383.289,1.557,5808.259,128862.683,0.02,0.0
518.468,2026-06-26T00:12:10.246084,67408.355,122383.289,1.595,5808.26,128862.683,0.02,0.0
518.519,2026-06-26T00:12:10.297084,67504.809,122383.289,1.577,5808.261,128862.683,0.02,0.0
518.57,2026-06-26T00:12:10.348045,67601.59,122383.289,1.609,5808.263,128862.683,0.02,0.0
518.621,2026-06-26T00:12:10.399037,67701.125,122383.289,1.54,5808.264,128862.683,0.02,0.0
518.672,2026-06-26T00:12:10.450009,67800.578,122383.289,1.584,5808.265,128862.683,0.02,0.0
518.723,2026-06-26T00:12:10.501003,67900.289,122383.289,1.568,5808.266,128862.683,0.02,0.0
518.774,2026-06-26T00:12:10.551984,67999.664,122383.289,1.557,5808.267,128862.683,0.02,0.0
518.825,2026-06-26T00:12:10.602971,68097.949,122383.289,1.55,5808.268,128862.683,0.02,0.0
518.876,2026-06-26T00:12:10.653921,68132.773,122383.289,1.545,5808.269,128862.683,0.02,0.0
518.927,2026-06-26T00:12:10.704918,67690.16,122383.289,1.587,5808.27,128862.683,0.02,0.0
518.978,2026-06-26T00:12:10.755946,67442.691,121583.289,1.616,5808.271,128862.683,0.02,0.0
519.029,2026-06-26T00:12:10.807004,67489.121,121583.289,1.59,5808.272,128862.683,0.02,0.0
519.08,2026-06-26T00:12:10.858040,67535.555,121583.289,1.618,5808.273,128862.683,0.02,0.0
519.131,2026-06-26T00:12:10.909082,67582.047,121583.289,1.592,5808.274,128862.683,0.02,0.0
519.182,2026-06-26T00:12:10.960126,67654.379,121633.289,1.574,5808.275,128912.683,0.02,979.657
519.233,2026-06-26T00:12:11.011195,67675.062,121583.289,1.561,5808.276,128912.683,0.02,0.0
519.284,2026-06-26T00:12:11.062215,67741.203,121633.289,1.552,5808.277,128962.683,0.02,980.11
519.335,2026-06-26T00:12:11.113219,67768.312,121583.289,1.546,5808.278,128962.683,0.02,0.0
519.386,2026-06-26T00:12:11.164226,67827.359,122383.289,1.541,5808.279,129012.683,0.02,979.616
519.437,2026-06-26T00:12:11.215253,67925.508,122383.289,1.584,5808.28,129012.683,0.02,0.0
519.488,2026-06-26T00:12:11.266255,68024.453,122383.289,1.568,5808.281,129012.683,0.02,0.0
519.539,2026-06-26T00:12:11.317265,68119.535,122383.289,1.603,5808.282,129012.683,0.02,0.0
519.59,2026-06-26T00:12:11.368272,68215.234,122383.289,1.582,5808.283,129012.683,0.02,0.0
519.641,2026-06-26T00:12:11.419277,68310.867,122383.289,1.613,5808.284,129012.683,0.02,0.0
519.692,2026-06-26T00:12:11.470355,68407.152,122383.289,1.542,5808.285,129012.683,0.02,0.0
519.744,2026-06-26T00:12:11.521380,68503.672,122383.289,1.585,5808.286,129012.683,0.02,0.0
519.795,2026-06-26T00:12:11.572445,68600.539,122383.289,1.614,5808.287,129012.683,0.02,0.0
519.846,2026-06-26T00:12:11.623477,68697.535,122383.289,1.589,5808.289,129012.683,0.02,0.0
519.897,2026-06-26T00:12:11.674526,68795.371,122383.289,1.618,5808.29,129012.683,0.02,0.0
519.948,2026-06-26T00:12:11.725567,68893.887,122383.289,1.591,5808.291,129012.683,0.02,0.0
519.999,2026-06-26T00:12:11.776628,68992.82,122383.289,1.573,5808.292,129012.683,0.02,0.0
520.05,2026-06-26T00:12:11.827660,69091.328,122383.289,1.56,5808.293,129012.683,0.02,0.0
520.101,2026-06-26T00:12:11.878723,69189.938,122383.289,1.551,5808.294,129012.683,0.02,0.0
520.152,2026-06-26T00:12:11.929760,69288.246,122383.289,1.591,5808.295,129012.683,0.02,0.0
520.203,2026-06-26T00:12:11.980819,69323.629,122383.289,1.527,5808.296,129012.683,0.02,0.0
520.254,2026-06-26T00:12:12.031859,69181.828,122383.289,1.574,5808.297,129012.683,0.02,0.0
520.305,2026-06-26T00:12:12.082911,68652.207,121583.289,1.561,5808.298,129012.683,0.02,0.0
520.356,2026-06-26T00:12:12.133958,68698.773,121583.289,1.552,5808.299,129012.683,0.02,0.0
520.407,2026-06-26T00:12:12.185018,68745.102,121583.289,1.545,5808.3,129012.683,0.02,0.0
520.458,2026-06-26T00:12:12.236053,68788.273,121583.289,1.541,5808.301,129012.683,0.02,0.0
520.509,2026-06-26T00:12:12.287094,68837.086,122383.289,1.584,5808.302,129062.683,0.02,980.179
520.56,2026-06-26T00:12:12.338116,68933.098,122383.289,1.614,5808.303,129062.683,0.02,0.0
520.611,2026-06-26T00:12:12.389205,69031.32,122383.289,1.589,5808.304,129062.683,0.02,0.0
520.662,2026-06-26T00:12:12.440207,69130.016,122383.289,1.572,5808.305,129062.683,0.02,0.0
520.713,2026-06-26T00:12:12.491226,69227.266,122383.289,1.605,5808.306,129062.683,0.02,0.0
520.764,2026-06-26T00:12:12.542233,69324.785,122383.289,1.537,5808.307,129062.683,0.02,0.0
520.815,2026-06-26T00:12:12.593237,69421.297,122383.289,1.582,5808.308,129062.683,0.02,0.0
520.866,2026-06-26T00:12:12.644261,69518.004,122383.289,1.566,5808.309,129062.683,0.02,0.0
520.917,2026-06-26T00:12:12.695268,69613.547,122383.289,1.648,5808.31,129062.683,0.02,0.0
520.968,2026-06-26T00:12:12.746285,69709.523,122383.289,1.613,5808.311,129062.683,0.02,0.0
521.019,2026-06-26T00:12:12.797287,69805.18,122383.289,1.543,5808.312,129062.683,0.02,0.0
521.07,2026-06-26T00:12:12.848303,69902.285,122383.289,1.585,5808.313,129062.683,0.02,0.0
521.122,2026-06-26T00:12:12.899368,70000.965,122383.289,1.569,5808.315,129062.683,0.02,0.0
521.173,2026-06-26T00:12:12.950399,70100.312,122383.289,1.603,5808.316,129062.683,0.02,0.0
521.224,2026-06-26T00:12:13.001452,70199.574,122383.289,1.581,5808.317,129062.683,0.02,0.0
521.275,2026-06-26T00:12:13.052490,70299.5,122383.289,1.566,5808.318,129062.683,0.02,0.0
521.326,2026-06-26T00:12:13.103568,70335.867,122383.289,1.555,5808.319,129062.683,0.02,0.0
521.377,2026-06-26T00:12:13.154607,70209.332,122383.289,1.593,5808.32,129062.683,0.02,0.0
521.428,2026-06-26T00:12:13.205669,69666.773,121583.289,1.529,5808.321,129062.683,0.02,0.0
521.479,2026-06-26T00:12:13.256681,69712.746,121583.289,1.529,5808.322,129062.683,0.02,0.0
521.53,2026-06-26T00:12:13.307745,69759.129,121583.289,1.576,5808.323,129062.683,0.02,0.0
521.581,2026-06-26T00:12:13.358777,69805.613,121583.289,1.562,5808.324,129062.683,0.02,0.0
521.632,2026-06-26T00:12:13.409844,69568.773,121583.289,1.507,5808.325,129112.683,0.02,979.703
521.683,2026-06-26T00:12:13.460871,68852.773,121583.289,1.376,5808.326,129112.683,0.02,0.0
521.734,2026-06-26T00:12:13.511923,68022.773,121583.289,1.193,5808.327,129112.683,0.02,0.0
521.785,2026-06-26T00:12:13.562946,67124.773,121583.289,1.065,5808.328,129112.683,0.02,0.0
521.836,2026-06-26T00:12:13.613982,66178.773,121583.289,0.975,5808.329,129112.683,0.02,0.0
521.887,2026-06-26T00:12:13.665012,65763.773,117537.289,1.05,5808.33,129112.683,0.02,0.0
521.938,2026-06-26T00:12:13.716057,65736.773,117487.289,1.194,5808.331,129112.683,0.02,0.0
521.989,2026-06-26T00:12:13.767083,65756.562,118287.289,1.341,5808.332,129162.683,0.02,978.848
522.04,2026-06-26T00:12:13.818174,65808.625,118287.289,1.352,5808.333,129162.683,0.02,0.0
522.091,2026-06-26T00:12:13.869218,65860.598,118287.289,1.452,5808.334,129162.683,0.02,0.0
522.142,2026-06-26T00:12:13.920224,65911.844,118287.289,1.475,5808.335,129162.683,0.02,0.0
522.193,2026-06-26T00:12:13.971235,65960.918,118287.289,1.492,5808.336,129162.683,0.02,0.0
522.244,2026-06-26T00:12:14.022256,66009.969,118287.289,1.55,5808.337,129162.683,0.02,0.0
522.295,2026-06-26T00:12:14.073270,66059.113,118287.289,1.545,5808.338,129162.683,0.02,0.0
522.346,2026-06-26T00:12:14.124265,66108.836,118287.289,1.541,5808.339,129162.683,0.02,0.0
522.397,2026-06-26T00:12:14.175274,66158.648,118287.289,1.584,5808.341,129162.683,0.02,0.0
522.448,2026-06-26T00:12:14.226279,66209.156,118287.289,1.568,5808.342,129162.683,0.02,0.0
522.499,2026-06-26T00:12:14.277280,66259.695,118287.289,1.557,5808.343,129162.683,0.02,0.0
522.55,2026-06-26T00:12:14.328290,66310.32,118287.289,1.55,5808.344,129162.683,0.02,0.0
522.601,2026-06-26T00:12:14.379316,66358.09,118287.289,1.544,5808.345,129162.683,0.02,0.0
522.652,2026-06-26T00:12:14.430343,66405.523,118287.289,1.586,5808.346,129162.683,0.02,0.0
522.704,2026-06-26T00:12:14.481374,66452.906,118287.289,1.615,5808.347,129162.683,0.02,0.0
522.829,2026-06-26T00:12:14.606932,66533.426,119887.289,1.711,5808.694,129162.683,2.775,0.0
522.879,2026-06-26T00:12:14.657359,66225.195,119887.289,1.659,5808.695,129162.683,0.02,0.0
522.93,2026-06-26T00:12:14.708355,65798.508,119087.289,1.669,5808.696,129162.683,0.021,0.0
522.981,2026-06-26T00:12:14.758985,65817.805,119087.289,1.676,5808.697,129162.683,0.02,0.0
523.032,2026-06-26T00:12:14.809808,65837.195,119087.289,1.681,5808.698,129162.683,0.02,0.0
523.083,2026-06-26T00:12:14.860695,65856.578,119087.289,1.636,5808.699,129162.683,0.02,0.0
523.134,2026-06-26T00:12:14.911765,65878.961,119137.289,1.604,5808.7,129212.683,0.02,979.621
523.185,2026-06-26T00:12:14.962799,65905.508,119137.289,1.582,5808.701,129212.683,0.02,0.0
523.236,2026-06-26T00:12:15.013855,65914.891,119087.289,1.567,5808.702,129262.683,0.02,979.529
523.287,2026-06-26T00:12:15.064884,65976.871,119887.289,1.602,5808.703,129262.683,0.02,0.0
523.338,2026-06-26T00:12:15.115945,66045.613,119887.289,1.534,5808.704,129262.683,0.02,0.0
523.389,2026-06-26T00:12:15.166990,66114.516,119887.289,1.579,5808.705,129262.683,0.02,0.0
523.44,2026-06-26T00:12:15.218047,66184.883,119887.289,1.565,5808.706,129262.683,0.02,0.0
523.491,2026-06-26T00:12:15.269080,66254.727,119887.289,1.554,5808.707,129262.683,0.02,0.0
523.542,2026-06-26T00:12:15.320162,66323.961,119887.289,1.593,5808.709,129262.683,0.02,0.0
523.593,2026-06-26T00:12:15.371224,66393.312,119887.289,1.528,5808.71,129262.683,0.02,0.0
523.644,2026-06-26T00:12:15.422213,66462.043,119887.289,1.575,5808.711,129262.683,0.02,0.0
523.695,2026-06-26T00:12:15.473211,66530.773,119887.289,1.562,5808.712,129262.683,0.02,0.0
523.746,2026-06-26T00:12:15.524213,66599.172,119887.289,1.553,5808.713,129262.683,0.02,0.0
523.797,2026-06-26T00:12:15.575239,66668.289,119887.289,1.547,5808.714,129262.683,0.02,0.0
523.848,2026-06-26T00:12:15.626246,66739.742,119887.289,1.542,5808.715,129262.683,0.02,0.0
523.899,2026-06-26T00:12:15.677238,66807.492,119887.289,1.631,5808.716,129262.683,0.02,0.0
523.95,2026-06-26T00:12:15.728241,66874.652,119887.289,1.601,5808.717,129262.683,0.02,0.0
524.001,2026-06-26T00:12:15.779237,66941.348,119887.289,1.626,5808.718,129262.683,0.02,0.0
524.052,2026-06-26T00:12:15.830270,67008.332,119887.289,1.644,5808.719,129262.683,0.02,0.0
524.103,2026-06-26T00:12:15.881265,67012.402,119887.289,1.564,5808.72,129262.683,0.02,0.0
524.154,2026-06-26T00:12:15.932272,66815.082,119887.289,1.6,5808.721,129262.683,0.02,0.0
524.205,2026-06-26T00:12:15.983278,66282.418,119087.289,1.58,5808.722,129262.683,0.02,0.0
524.256,2026-06-26T00:12:16.034285,66301.754,119087.289,1.565,5808.723,129262.683,0.02,0.0
524.307,2026-06-26T00:12:16.085354,66321.188,119087.289,1.601,5808.724,129262.683,0.02,0.0
524.359,2026-06-26T00:12:16.136381,66340.621,119087.289,1.58,5808.725,129262.683,0.02,0.0
524.41,2026-06-26T00:12:16.187442,66360.02,119087.289,1.519,5808.726,129312.683,0.02,978.482
524.461,2026-06-26T00:12:16.238476,66419.777,119137.289,1.523,5808.727,129312.683,0.02,0.0
524.512,2026-06-26T00:12:16.289530,66398.824,119087.289,1.571,5808.728,129312.683,0.02,0.0
524.563,2026-06-26T00:12:16.340581,66445.41,119887.289,1.558,5808.729,129362.683,0.02,979.268
524.614,2026-06-26T00:12:16.391643,66514.098,119887.289,1.55,5808.73,129362.683,0.02,0.0
524.665,2026-06-26T00:12:16.442660,66584.305,119887.289,1.544,5808.731,129362.683,0.02,0.0
524.716,2026-06-26T00:12:16.493707,66654.887,119887.289,1.54,5808.732,129362.683,0.02,0.0
524.767,2026-06-26T00:12:16.544747,66723.461,119887.289,1.629,5808.733,129362.683,0.02,0.0
524.818,2026-06-26T00:12:16.595799,66791.586,119887.289,1.6,5808.735,129362.683,0.02,0.0
524.869,2026-06-26T00:12:16.646806,66860.641,119887.289,1.579,5808.736,129362.683,0.02,0.0
524.92,2026-06-26T00:12:16.697854,66930.559,119887.289,1.611,5808.737,129362.683,0.02,0.0
524.971,2026-06-26T00:12:16.748895,67000.645,119887.289,1.587,5808.738,129362.683,0.02,0.0
525.022,2026-06-26T00:12:16.799956,67071.332,119887.289,1.57,5808.739,129362.683,0.02,0.0
525.073,2026-06-26T00:12:16.851000,67141.207,119887.289,1.604,5808.74,129362.683,0.02,0.0
525.124,2026-06-26T00:12:16.902051,67208.773,119887.289,1.628,5808.741,129362.683,0.02,0.0
525.175,2026-06-26T00:12:16.953107,67276.344,119887.289,1.598,5808.742,129362.683,0.02,0.0
525.226,2026-06-26T00:12:17.004203,67343.883,119887.289,1.578,5808.743,129362.683,0.02,0.0
525.277,2026-06-26T00:12:17.055203,67411.289,119887.289,1.564,5808.744,129362.683,0.02,0.0
525.328,2026-06-26T00:12:17.106221,67478.512,119887.289,1.554,5808.745,129362.683,0.02,0.0
525.379,2026-06-26T00:12:17.157235,67482.242,119887.289,1.548,5808.746,129362.683,0.02,0.0
525.43,2026-06-26T00:12:17.208257,67391.449,119887.289,1.543,5808.747,129362.683,0.02,0.0
525.481,2026-06-26T00:12:17.259288,66762.32,119887.289,1.585,5808.748,129362.683,0.02,0.0
525.532,2026-06-26T00:12:17.310290,66777.145,119087.289,1.569,5808.749,129362.683,0.02,0.0
525.583,2026-06-26T00:12:17.361316,66795.773,119087.289,1.558,5808.75,129362.683,0.02,0.0
525.634,2026-06-26T00:12:17.412340,66814.508,119087.289,1.55,5808.751,129362.683,0.02,0.0
525.686,2026-06-26T00:12:17.463381,66833.199,119087.289,1.544,5808.752,129362.683,0.02,0.0
525.737,2026-06-26T00:12:17.514450,66883.363,119137.289,1.586,5808.753,129412.683,0.02,978.811
525.788,2026-06-26T00:12:17.565475,66870.566,119087.289,1.569,5808.754,129412.683,0.02,0.0
525.839,2026-06-26T00:12:17.616536,66906.527,119137.289,1.557,5808.755,129462.683,0.02,979.241
525.89,2026-06-26T00:12:17.667571,66908.398,119087.289,1.549,5808.756,129462.683,0.02,0.0
525.941,2026-06-26T00:12:17.718632,66931.574,119887.289,1.589,5808.757,129512.683,0.02,979.515
525.992,2026-06-26T00:12:17.769672,66999.918,119887.289,1.572,5808.758,129512.683,0.02,0.0
526.043,2026-06-26T00:12:17.820735,67068.371,119887.289,1.605,5808.759,129512.683,0.02,0.0
526.094,2026-06-26T00:12:17.871758,67137.363,119887.289,1.583,5808.761,129512.683,0.02,0.0
526.145,2026-06-26T00:12:17.922830,67207.188,119887.289,1.613,5808.762,129512.683,0.02,0.0
526.196,2026-06-26T00:12:17.973856,67277.195,119887.289,1.542,5808.763,129512.683,0.02,0.0
526.247,2026-06-26T00:12:18.024915,67347.258,119887.289,1.585,5808.764,129512.683,0.02,0.0
526.298,2026-06-26T00:12:18.075949,67416.746,119887.289,1.614,5808.765,129512.683,0.02,0.0
526.349,2026-06-26T00:12:18.126991,67485.898,119887.289,1.589,5808.766,129512.683,0.02,0.0
526.4,2026-06-26T00:12:18.178043,67555.23,119887.289,1.572,5808.767,129512.683,0.02,0.0
526.451,2026-06-26T00:12:18.229077,67624.801,119887.289,1.605,5808.768,129512.683,0.02,0.0
526.502,2026-06-26T00:12:18.280118,67694.262,119887.289,1.583,5808.769,129512.683,0.02,0.0
526.553,2026-06-26T00:12:18.331175,67764.059,119887.289,1.568,5808.77,129512.683,0.02,0.0
526.604,2026-06-26T00:12:18.382194,67834.238,119887.289,1.556,5808.771,129512.683,0.02,0.0
526.655,2026-06-26T00:12:18.433211,67905.027,119887.289,1.549,5808.772,129512.683,0.02,0.0
526.706,2026-06-26T00:12:18.484211,67975.91,119887.289,1.59,5808.773,129512.683,0.02,0.0
526.757,2026-06-26T00:12:18.535224,67982.008,119887.289,1.572,5808.774,129512.683,0.02,0.0
526.808,2026-06-26T00:12:18.586217,68049.254,119887.289,1.56,5808.775,129512.683,0.02,0.0
526.859,2026-06-26T00:12:18.637229,67392.746,119887.289,1.552,5808.776,129512.683,0.02,0.0
526.91,2026-06-26T00:12:18.688241,67286.066,119087.289,1.546,5808.777,129512.683,0.02,0.0
526.961,2026-06-26T00:12:18.739249,67304.887,119087.289,1.542,5808.778,129512.683,0.02,0.0
527.012,2026-06-26T00:12:18.790255,67323.641,119087.289,1.584,5808.779,129512.683,0.02,0.0
527.063,2026-06-26T00:12:18.841261,67045.008,119087.289,1.615,5808.78,129512.683,0.02,0.0
527.114,2026-06-26T00:12:18.892276,66097.008,119087.289,1.452,5808.781,129562.683,0.02,980.152
527.165,2026-06-26T00:12:18.943285,65099.008,119087.289,1.246,5808.782,129562.683,0.02,0.0
527.216,2026-06-26T00:12:18.994349,64137.008,119087.289,1.102,5808.783,129562.683,0.02,0.0
527.268,2026-06-26T00:12:19.045375,63245.395,115041.289,1.093,5808.784,129562.683,0.02,0.0
527.319,2026-06-26T00:12:19.096441,63241.008,114991.289,1.224,5808.786,129562.683,0.02,0.0
527.37,2026-06-26T00:12:19.147479,63241.008,114991.289,1.316,5808.787,129612.683,0.02,979.049
527.421,2026-06-26T00:12:19.198549,63283.195,115791.289,1.426,5808.788,129612.683,0.02,0.0
527.472,2026-06-26T00:12:19.249574,63333.195,115791.289,1.411,5808.789,129612.683,0.02,0.0
527.523,2026-06-26T00:12:19.300629,63383.027,115791.289,1.447,5808.79,129612.683,0.02,0.0
527.574,2026-06-26T00:12:19.351690,63432.84,115791.289,1.518,5808.791,129612.683,0.02,0.0
527.625,2026-06-26T00:12:19.402735,63482.312,115791.289,1.522,5808.792,129612.683,0.02,0.0
527.676,2026-06-26T00:12:19.453767,63531.633,115791.289,1.524,5808.793,129612.683,0.02,0.0
527.727,2026-06-26T00:12:19.504830,63581.816,115791.289,1.526,5808.794,129612.683,0.02,0.0
527.848,2026-06-26T00:12:19.626336,63701.945,115791.289,1.687,5809.141,129612.683,2.87,0.0
527.899,2026-06-26T00:12:19.676757,63752.453,115791.289,1.645,5809.142,129612.683,0.021,0.0
527.95,2026-06-26T00:12:19.727417,63802.961,115791.289,1.614,5809.143,129612.683,0.021,0.0
528.0,2026-06-26T00:12:19.778068,63851.164,115791.289,1.591,5809.144,129612.683,0.02,0.0
528.051,2026-06-26T00:12:19.828943,63899.328,115791.289,1.575,5809.145,129612.683,0.02,0.0
528.102,2026-06-26T00:12:19.879870,63947.766,115791.289,1.607,5809.146,129612.683,0.02,0.0
528.153,2026-06-26T00:12:19.930917,63996.664,115791.289,1.401,5809.147,129612.683,0.02,0.0
528.204,2026-06-26T00:12:19.981953,63991.016,115741.289,1.21,5809.148,129612.683,0.02,0.0
528.255,2026-06-26T00:12:20.033010,64033.516,115791.289,1.077,5809.149,129612.683,0.02,0.0
528.306,2026-06-26T00:12:20.084036,63441.016,115791.289,0.983,5809.15,129612.683,0.02,0.0
528.357,2026-06-26T00:12:20.135078,63241.016,114991.289,0.964,5809.152,129612.683,0.02,0.0
528.408,2026-06-26T00:12:20.186113,63241.016,114991.289,0.904,5809.153,129612.683,0.02,0.0
528.459,2026-06-26T00:12:20.237180,63241.016,114991.289,0.909,5809.154,129612.683,0.02,0.0
528.51,2026-06-26T00:12:20.288236,63241.016,114991.289,0.866,5809.155,129612.683,0.02,0.0
528.561,2026-06-26T00:12:20.339216,63257.59,115041.289,0.791,5809.156,129662.683,0.02,986.603
528.612,2026-06-26T00:12:20.389840,63241.016,114991.289,0.83,5809.157,129662.683,0.02,0.0
528.663,2026-06-26T00:12:20.440849,63247.016,115041.289,0.811,5809.158,129712.683,0.02,981.059
528.714,2026-06-26T00:12:20.491814,63241.016,114991.289,0.797,5809.159,129712.683,0.02,0.0
528.765,2026-06-26T00:12:20.542805,63241.016,114991.289,0.788,5809.16,129762.683,0.02,981.11
528.816,2026-06-26T00:12:20.593769,63283.137,115791.289,0.781,5809.161,129762.683,0.02,0.0
528.867,2026-06-26T00:12:20.644755,63332.328,115791.289,0.777,5809.162,129762.683,0.02,0.0
528.918,2026-06-26T00:12:20.695751,63382.656,115791.289,0.774,5809.163,129762.683,0.02,0.0
528.969,2026-06-26T00:12:20.746741,63432.918,115791.289,0.771,5809.164,129762.683,0.02,0.0
529.02,2026-06-26T00:12:20.797722,63482.777,115791.289,0.816,5809.165,129762.683,0.02,0.0
529.071,2026-06-26T00:12:20.848721,63532.156,115791.289,0.755,5809.166,129762.683,0.02,0.0
529.122,2026-06-26T00:12:20.899699,63581.91,115791.289,0.85,5809.167,129762.683,0.02,0.0
529.173,2026-06-26T00:12:20.950708,63632.34,115791.289,0.825,5809.168,129762.683,0.02,0.0
529.224,2026-06-26T00:12:21.001683,63682.949,115791.289,0.807,5809.169,129762.683,0.02,0.0
529.275,2026-06-26T00:12:21.052674,63734.219,115791.289,0.795,5809.17,129762.683,0.02,0.0
529.326,2026-06-26T00:12:21.103646,63784.961,115791.289,0.786,5809.171,129762.683,0.02,0.0
529.377,2026-06-26T00:12:21.154640,63835.84,115791.289,0.78,5809.172,129762.683,0.02,0.0
529.428,2026-06-26T00:12:21.205620,63886.598,115791.289,0.776,5809.173,129762.683,0.02,0.0
529.479,2026-06-26T00:12:21.256618,63937.492,115791.289,0.819,5809.174,129762.683,0.02,0.0
529.53,2026-06-26T00:12:21.307597,63989.504,115791.289,0.757,5809.175,129762.683,0.02,0.0
529.581,2026-06-26T00:12:21.358577,64040.754,115791.289,0.807,5809.176,129762.683,0.021,0.0
529.631,2026-06-26T00:12:21.409211,64025.711,115791.289,0.749,5809.178,129762.683,0.02,0.0
529.682,2026-06-26T00:12:21.460211,63587.016,115791.289,0.8,5809.179,129762.683,0.02,0.0
529.733,2026-06-26T00:12:21.511218,63241.016,114991.289,0.79,5809.18,129762.683,0.02,0.0
529.784,2026-06-26T00:12:21.562206,63241.016,114991.289,0.783,5809.181,129762.683,0.02,0.0
529.835,2026-06-26T00:12:21.613216,63241.016,114991.289,0.778,5809.182,129762.683,0.02,0.0
529.886,2026-06-26T00:12:21.664220,63241.016,114991.289,0.774,5809.183,129762.683,0.02,0.0
529.937,2026-06-26T00:12:21.715233,63255.492,115041.289,0.817,5809.184,129812.683,0.02,980.367
529.988,2026-06-26T00:12:21.766230,63241.016,114991.289,0.802,5809.185,129812.683,0.02,0.0
530.039,2026-06-26T00:12:21.817229,63243.594,115791.289,0.883,5809.186,129862.683,0.02,979.836
530.09,2026-06-26T00:12:21.868259,63293.902,115791.289,0.802,5809.187,129862.683,0.02,0.0
530.141,2026-06-26T00:12:21.919262,63344.672,115791.289,0.837,5809.188,129862.683,0.02,0.0
530.192,2026-06-26T00:12:21.970271,63396.219,115791.289,0.77,5809.189,129862.683,0.02,0.0
530.243,2026-06-26T00:12:22.021283,63447.789,115791.289,0.815,5809.19,129862.683,0.02,0.0
530.294,2026-06-26T00:12:22.072279,63499.109,115791.289,0.8,5809.191,129862.683,0.02,0.0
530.345,2026-06-26T00:12:22.123354,63550.008,115791.289,0.789,5809.192,129862.683,0.02,0.0
530.396,2026-06-26T00:12:22.174325,63600.391,115791.289,0.784,5809.193,129862.683,0.021,0.0
530.447,2026-06-26T00:12:22.224922,63650.48,115791.289,0.78,5809.194,129862.683,0.02,0.0
530.498,2026-06-26T00:12:22.275608,63701.312,115791.289,0.776,5809.195,129862.683,0.02,0.0
530.549,2026-06-26T00:12:22.326583,63752.539,115791.289,0.819,5809.196,129862.683,0.02,0.0
530.6,2026-06-26T00:12:22.377589,63802.594,115791.289,0.757,5809.197,129862.683,0.02,0.0
530.651,2026-06-26T00:12:22.428558,63851.59,115791.289,0.806,5809.198,129862.683,0.02,0.0
530.702,2026-06-26T00:12:22.479556,63900.645,115791.289,0.748,5809.199,129862.683,0.02,0.0
530.753,2026-06-26T00:12:22.530528,63952.715,115791.289,0.753,5809.2,129862.683,0.02,0.0
530.804,2026-06-26T00:12:22.581508,64004.531,115791.289,0.803,5809.201,129862.683,0.02,0.0
530.855,2026-06-26T00:12:22.632539,63993.172,115791.289,0.792,5809.202,129862.683,0.02,0.0
530.906,2026-06-26T00:12:22.683594,64001.016,115791.289,0.83,5809.204,129862.683,0.02,0.0
530.957,2026-06-26T00:12:22.734634,63307.016,115791.289,0.81,5809.205,129862.683,0.02,0.0
531.008,2026-06-26T00:12:22.785688,63241.016,114991.289,0.797,5809.206,129862.683,0.02,0.0
531.059,2026-06-26T00:12:22.836711,63241.016,114991.289,0.787,5809.207,129862.683,0.02,0.0
531.11,2026-06-26T00:12:22.887771,63241.016,114991.289,0.781,5809.208,129862.683,0.02,0.0
531.161,2026-06-26T00:12:22.938794,63241.016,114991.289,0.776,5809.209,129862.683,0.02,0.0
531.212,2026-06-26T00:12:22.989850,63275.098,115791.289,0.819,5809.21,129912.683,0.02,979.259
531.263,2026-06-26T00:12:23.040904,63325.988,115791.289,0.757,5809.211,129912.683,0.02,0.0
531.314,2026-06-26T00:12:23.091953,63375.809,115791.289,0.851,5809.212,129912.683,0.02,0.0
531.365,2026-06-26T00:12:23.142993,63425.266,115791.289,0.779,5809.213,129912.683,0.02,0.0
531.416,2026-06-26T00:12:23.194028,63474.844,115791.289,0.821,5809.214,129912.683,0.02,0.0
531.467,2026-06-26T00:12:23.245079,63524.844,115791.289,0.804,5809.215,129912.683,0.02,0.0
531.518,2026-06-26T00:12:23.296203,63574.59,115791.289,0.792,5809.216,129912.683,0.02,0.0
531.569,2026-06-26T00:12:23.347260,63624.184,115791.289,0.83,5809.217,129912.683,0.02,0.0
531.621,2026-06-26T00:12:23.398377,63673.734,115791.289,0.764,5809.218,129912.683,0.02,0.0
531.672,2026-06-26T00:12:23.449458,63723.184,115791.289,0.764,5809.219,129912.683,0.02,0.0
531.723,2026-06-26T00:12:23.500555,63773.406,115791.289,0.764,5809.22,129912.683,0.02,0.0
531.774,2026-06-26T00:12:23.551652,63824.441,115791.289,0.764,5809.221,129912.683,0.02,0.0
531.825,2026-06-26T00:12:23.602762,63874.848,115791.289,0.81,5809.222,129912.683,0.02,0.0
531.876,2026-06-26T00:12:23.653848,63921.457,115791.289,0.751,5809.223,129912.683,0.02,0.0
531.927,2026-06-26T00:12:23.704957,63972.266,115791.289,0.801,5809.224,129912.683,0.02,0.0
531.978,2026-06-26T00:12:23.756044,64023.281,115791.289,0.79,5809.225,129912.683,0.02,0.0
532.029,2026-06-26T00:12:23.807180,64011.484,115791.289,0.782,5809.226,129912.683,0.02,0.0
532.08,2026-06-26T00:12:23.858236,63751.016,115791.289,0.731,5809.227,129912.683,0.02,0.0
532.131,2026-06-26T00:12:23.909297,63241.016,114991.289,0.833,5809.228,129912.683,0.02,0.0
532.183,2026-06-26T00:12:23.960407,63241.016,114991.289,0.813,5809.229,129912.683,0.02,0.0
532.234,2026-06-26T00:12:24.011533,63241.016,114991.289,0.844,5809.231,129912.683,0.02,0.0
532.285,2026-06-26T00:12:24.062642,63241.016,114991.289,0.82,5809.232,129912.683,0.02,0.0
532.336,2026-06-26T00:12:24.113728,63241.016,114991.289,0.849,5809.233,129962.683,0.02,978.51
532.387,2026-06-26T00:12:24.164841,63288.434,115791.289,0.824,5809.234,129962.683,0.02,0.0
532.438,2026-06-26T00:12:24.215950,63339.988,115791.289,0.806,5809.235,129962.683,0.02,0.0
532.489,2026-06-26T00:12:24.267066,63391.273,115791.289,0.793,5809.236,129962.683,0.02,0.0
532.54,2026-06-26T00:12:24.318207,63441.871,115791.289,0.785,5809.237,129962.683,0.02,0.0
532.591,2026-06-26T00:12:24.369266,63492.578,115791.289,0.779,5809.238,129962.683,0.02,0.0
532.642,2026-06-26T00:12:24.420348,63543.082,115791.289,0.774,5809.239,129962.683,0.02,0.0
532.694,2026-06-26T00:12:24.471481,63594.156,115791.289,0.771,5809.24,129962.683,0.02,0.0
532.745,2026-06-26T00:12:24.522552,63645.34,115791.289,0.815,5809.241,129962.683,0.02,0.0
532.871,2026-06-26T00:12:24.648947,63769.602,115791.289,0.924,5809.588,129962.683,2.76,0.0
532.922,2026-06-26T00:12:24.699385,63818.047,115791.289,0.925,5809.589,129962.683,0.021,0.0
532.972,2026-06-26T00:12:24.750006,63866.652,115791.289,0.878,5809.59,129962.683,0.021,0.0
533.023,2026-06-26T00:12:24.800754,63916.586,115791.289,0.845,5809.591,129962.683,0.021,0.0
533.074,2026-06-26T00:12:24.851556,63968.199,115791.289,0.822,5809.592,129962.683,0.02,0.0
533.125,2026-06-26T00:12:24.902401,64020.039,115791.289,0.806,5809.593,129962.683,0.02,0.0
533.176,2026-06-26T00:12:24.953482,64008.406,115791.289,0.793,5809.594,129962.683,0.02,0.0
533.227,2026-06-26T00:12:25.004593,63799.016,115791.289,0.83,5809.596,129962.683,0.02,0.0
533.278,2026-06-26T00:12:25.055711,63241.016,114991.289,0.81,5809.597,129962.683,0.02,0.0
533.329,2026-06-26T00:12:25.106817,63241.016,114991.289,0.797,5809.598,129962.683,0.02,0.0
533.38,2026-06-26T00:12:25.157895,63241.016,114991.289,0.787,5809.599,129962.683,0.02,0.0
533.431,2026-06-26T00:12:25.209005,63241.016,114991.289,0.779,5809.6,129962.683,0.02,0.0
533.482,2026-06-26T00:12:25.260217,63241.016,114991.289,0.775,5809.601,130012.683,0.02,981.156
533.533,2026-06-26T00:12:25.311224,63285.98,115041.289,0.819,5809.602,130012.683,0.02,0.0
533.584,2026-06-26T00:12:25.362187,63241.016,114991.289,0.849,5809.603,130062.683,0.02,981.032
533.635,2026-06-26T00:12:25.413187,63275.898,115791.289,0.824,5809.604,130062.683,0.02,0.0
533.686,2026-06-26T00:12:25.464125,63326.785,115791.289,0.807,5809.605,130062.683,0.02,0.0
533.737,2026-06-26T00:12:25.515094,63377.199,115791.289,0.794,5809.606,130062.683,0.02,0.0
533.788,2026-06-26T00:12:25.566094,63427.461,115791.289,0.786,5809.607,130062.683,0.02,0.0
533.839,2026-06-26T00:12:25.617063,63478.07,115791.289,0.826,5809.608,130062.683,0.02,0.0
533.89,2026-06-26T00:12:25.668026,63528.551,115791.289,0.762,5809.609,130062.683,0.02,0.0
533.941,2026-06-26T00:12:25.718983,63579.715,115791.289,0.809,5809.61,130062.683,0.02,0.0
533.992,2026-06-26T00:12:25.769982,63630.84,115791.289,0.797,5809.611,130062.683,0.02,0.0
534.043,2026-06-26T00:12:25.820962,63681.387,115791.289,0.787,5809.612,130062.683,0.02,0.0
534.094,2026-06-26T00:12:25.871949,63731.895,115791.289,0.781,5809.613,130062.683,0.02,0.0
534.145,2026-06-26T00:12:25.922915,63781.773,115791.289,0.776,5809.614,130062.683,0.02,0.0
534.196,2026-06-26T00:12:25.973911,63831.297,115791.289,0.773,5809.615,130062.683,0.02,0.0
534.247,2026-06-26T00:12:26.024883,63881.895,115791.289,0.817,5809.616,130062.683,0.02,0.0
534.298,2026-06-26T00:12:26.075885,63932.695,115791.289,0.756,5809.617,130062.683,0.02,0.0
534.349,2026-06-26T00:12:26.126851,63984.359,115791.289,0.759,5809.618,130062.683,0.02,0.0
534.4,2026-06-26T00:12:26.177847,64036.203,115791.289,0.853,5809.619,130062.683,0.02,0.0
534.451,2026-06-26T00:12:26.228840,64023.777,115791.289,0.781,5809.62,130062.683,0.02,0.0
534.502,2026-06-26T00:12:26.279831,63611.016,115791.289,0.823,5809.622,130062.683,0.02,0.0
534.553,2026-06-26T00:12:26.330799,63241.016,114991.289,0.805,5809.623,130062.683,0.02,0.0
534.604,2026-06-26T00:12:26.381896,63241.016,114991.289,0.793,5809.624,130062.683,0.02,0.0
534.655,2026-06-26T00:12:26.432971,63241.016,114991.289,0.784,5809.625,130062.683,0.02,0.0
534.706,2026-06-26T00:12:26.484086,63241.016,114991.289,0.779,5809.626,130062.683,0.02,0.0
534.757,2026-06-26T00:12:26.535112,63241.016,114991.289,0.775,5809.627,130112.683,0.02,979.84
534.808,2026-06-26T00:12:26.586195,63268.223,115041.289,0.772,5809.628,130112.683,0.02,0.0
534.859,2026-06-26T00:12:26.637224,63241.016,114991.289,0.77,5809.629,130112.683,0.02,0.0
534.91,2026-06-26T00:12:26.688199,63246.961,115791.289,0.769,5809.63,130162.683,0.02,980.436
534.961,2026-06-26T00:12:26.739226,63297.109,115791.289,0.86,5809.631,130162.683,0.02,0.0
535.012,2026-06-26T00:12:26.790203,63347.285,115791.289,0.786,5809.632,130162.683,0.02,0.0
535.063,2026-06-26T00:12:26.841207,63398.176,115791.289,0.78,5809.633,130162.683,0.02,0.0
535.114,2026-06-26T00:12:26.892195,63448.828,115791.289,0.822,5809.634,130162.683,0.02,0.0
535.165,2026-06-26T00:12:26.943235,63499.434,115791.289,0.805,5809.635,130162.683,0.02,0.0
535.216,2026-06-26T00:12:26.994232,63550.02,115791.289,0.793,5809.636,130162.683,0.02,0.0
535.267,2026-06-26T00:12:27.045224,63601.043,115791.289,0.785,5809.637,130162.683,0.02,0.0
535.318,2026-06-26T00:12:27.096202,63652.207,115791.289,0.779,5809.638,130162.683,0.02,0.0
535.369,2026-06-26T00:12:27.147200,63702.914,115791.289,0.775,5809.639,130162.683,0.02,0.0
535.42,2026-06-26T00:12:27.198227,63753.477,115791.289,0.772,5809.64,130162.683,0.02,0.0
535.471,2026-06-26T00:12:27.249194,63802.969,115791.289,0.817,5809.641,130162.683,0.02,0.0
535.522,2026-06-26T00:12:27.300218,63851.953,115791.289,0.755,5809.642,130162.683,0.02,0.0
535.573,2026-06-26T00:12:27.351195,63900.961,115791.289,0.758,5809.643,130162.683,0.02,0.0
535.624,2026-06-26T00:12:27.402229,63951.91,115791.289,0.807,5809.644,130162.683,0.02,0.0
535.675,2026-06-26T00:12:27.453215,64003.516,115791.289,0.84,5809.645,130162.683,0.02,0.0
535.726,2026-06-26T00:12:27.504218,63991.574,115791.289,0.818,5809.646,130162.683,0.02,0.0
535.777,2026-06-26T00:12:27.555212,64025.016,115791.289,0.802,5809.647,130162.683,0.02,0.0
535.828,2026-06-26T00:12:27.606234,63383.016,115791.289,0.791,5809.649,130162.683,0.02,0.0
535.879,2026-06-26T00:12:27.657234,63241.016,114991.289,0.83,5809.65,130162.683,0.02,0.0
535.93,2026-06-26T00:12:27.708197,63241.016,114991.289,0.811,5809.651,130162.683,0.02,0.0
535.981,2026-06-26T00:12:27.759205,63241.016,114991.289,0.843,5809.652,130162.683,0.02,0.0
536.032,2026-06-26T00:12:27.810209,63241.016,114991.289,0.82,5809.653,130162.683,0.02,0.0
536.083,2026-06-26T00:12:27.861208,63267.465,115791.289,0.804,5809.654,130212.683,0.02,979.968
536.134,2026-06-26T00:12:27.912195,63317.324,115791.289,0.792,5809.655,130212.683,0.02,0.0
536.186,2026-06-26T00:12:27.963450,63367.336,115791.289,0.738,5809.656,130212.683,0.02,0.0
536.237,2026-06-26T00:12:28.014454,63416.625,115791.289,0.792,5809.657,130212.683,0.02,0.0
536.288,2026-06-26T00:12:28.065472,63466.039,115791.289,0.784,5809.658,130212.683,0.02,0.0
536.339,2026-06-26T00:12:28.116513,63515.469,115791.289,0.824,5809.659,130212.683,0.02,0.0
536.39,2026-06-26T00:12:28.167521,63564.707,115791.289,0.761,5809.66,130212.683,0.02,0.0
536.441,2026-06-26T00:12:28.218554,63614.453,115791.289,0.762,5809.661,130212.683,0.02,0.0
536.492,2026-06-26T00:12:28.269567,63664.453,115791.289,0.809,5809.662,130212.683,0.02,0.0
536.543,2026-06-26T00:12:28.320620,63713.906,115791.289,0.796,5809.663,130212.683,0.02,0.0
536.594,2026-06-26T00:12:28.371639,63763.398,115791.289,0.787,5809.664,130212.683,0.02,0.0
536.645,2026-06-26T00:12:28.422678,63812.555,115791.289,0.78,5809.665,130212.683,0.02,0.0
536.696,2026-06-26T00:12:28.473691,63860.273,115791.289,0.822,5809.666,130212.683,0.02,0.0
536.747,2026-06-26T00:12:28.524734,63910.273,115791.289,0.805,5809.667,130212.683,0.02,0.0
536.798,2026-06-26T00:12:28.575751,63961.051,115791.289,0.793,5809.668,130212.683,0.02,0.0
536.849,2026-06-26T00:12:28.626774,64012.246,115791.289,0.877,5809.669,130212.683,0.02,0.0
536.9,2026-06-26T00:12:28.677801,63996.449,115791.289,0.798,5809.67,130212.683,0.02,0.0
536.951,2026-06-26T00:12:28.728827,63949.016,115791.289,0.742,5809.671,130212.683,0.02,0.0
537.002,2026-06-26T00:12:28.779816,63295.016,115791.289,0.795,5809.672,130212.683,0.02,0.0
537.053,2026-06-26T00:12:28.830873,63241.016,114991.289,0.786,5809.673,130212.683,0.02,0.0
537.104,2026-06-26T00:12:28.881871,63241.016,114991.289,0.78,5809.675,130212.683,0.02,0.0
537.155,2026-06-26T00:12:28.932909,63241.016,114991.289,0.776,5809.676,130212.683,0.02,0.0
537.206,2026-06-26T00:12:28.983929,63241.016,114991.289,0.773,5809.677,130212.683,0.02,0.0
537.257,2026-06-26T00:12:29.034955,63272.855,115791.289,0.771,5809.678,130262.683,0.02,979.817
537.308,2026-06-26T00:12:29.085985,63322.855,115791.289,0.769,5809.679,130262.683,0.02,0.0
537.359,2026-06-26T00:12:29.137002,63373.082,115791.289,0.768,5809.68,130262.683,0.02,0.0
537.41,2026-06-26T00:12:29.188016,63422.5,115791.289,0.813,5809.681,130262.683,0.02,0.0
537.461,2026-06-26T00:12:29.239034,63471.891,115791.289,0.753,5809.682,130262.683,0.02,0.0
537.512,2026-06-26T00:12:29.290023,63521.211,115791.289,0.803,5809.683,130262.683,0.02,0.0
537.563,2026-06-26T00:12:29.341054,63570.703,115791.289,0.792,5809.684,130262.683,0.02,0.0
537.614,2026-06-26T00:12:29.392059,63620.66,115791.289,0.784,5809.685,130262.683,0.02,0.0
537.665,2026-06-26T00:12:29.443080,63670.527,115791.289,0.778,5809.686,130262.683,0.02,0.0
537.716,2026-06-26T00:12:29.494097,63719.648,115791.289,0.775,5809.687,130262.683,0.02,0.0
537.767,2026-06-26T00:12:29.545126,63769.051,115791.289,0.818,5809.688,130262.683,0.02,0.0
537.887,2026-06-26T00:12:29.664837,63882.227,115791.289,0.946,5810.035,130262.683,2.913,0.0
537.937,2026-06-26T00:12:29.715282,63929.957,115791.289,0.939,5810.036,130262.683,0.021,0.0
537.988,2026-06-26T00:12:29.765966,63979.027,115791.289,0.889,5810.037,130262.683,0.021,0.0
538.039,2026-06-26T00:12:29.816607,64029.223,115791.289,0.807,5810.038,130262.683,0.021,0.0
538.09,2026-06-26T00:12:29.867387,64016.902,115791.289,0.795,5810.039,130262.683,0.02,0.0
538.141,2026-06-26T00:12:29.918424,63691.02,115791.289,0.786,5810.041,130262.683,0.02,0.0
538.192,2026-06-26T00:12:29.969693,63241.02,114991.289,0.779,5810.042,130262.683,0.02,0.0
538.243,2026-06-26T00:12:30.020723,63241.02,114991.289,0.775,5810.043,130262.683,0.02,0.0
538.294,2026-06-26T00:12:30.071737,63241.02,114991.289,0.772,5810.044,130262.683,0.02,0.0
538.345,2026-06-26T00:12:30.122774,63241.02,114991.289,0.77,5810.045,130262.683,0.02,0.0
538.396,2026-06-26T00:12:30.173809,63241.02,115041.289,0.815,5810.046,130312.683,0.02,979.698
538.447,2026-06-26T00:12:30.224837,63290.465,115041.289,0.8,5810.047,130312.683,0.02,0.0
538.498,2026-06-26T00:12:30.275842,63241.02,114991.289,0.835,5810.048,130362.683,0.02,979.04
538.549,2026-06-26T00:12:30.326909,63280.336,115791.289,0.815,5810.049,130362.683,0.02,0.0
538.6,2026-06-26T00:12:30.377906,63329.762,115791.289,0.846,5810.05,130362.683,0.02,0.0
538.651,2026-06-26T00:12:30.428966,63379.277,115791.289,0.776,5810.051,130362.683,0.02,0.0
538.702,2026-06-26T00:12:30.479967,63429.281,115791.289,0.865,5810.052,130362.683,0.02,0.0
538.753,2026-06-26T00:12:30.530953,63479.535,115791.289,0.789,5810.053,130362.683,0.02,0.0
538.804,2026-06-26T00:12:30.581943,63530.082,115791.289,0.828,5810.054,130362.683,0.02,0.0
538.855,2026-06-26T00:12:30.632958,63581.055,115791.289,0.809,5810.055,130362.683,0.02,0.0
538.906,2026-06-26T00:12:30.683967,63631.891,115791.289,0.796,5810.056,130362.683,0.02,0.0
538.957,2026-06-26T00:12:30.735012,63679.281,115791.289,0.787,5810.057,130362.683,0.02,0.0
539.008,2026-06-26T00:12:30.785954,63727.211,115791.289,0.781,5810.058,130362.683,0.02,0.0
539.059,2026-06-26T00:12:30.836945,63775.359,115791.289,0.777,5810.059,130362.683,0.02,0.0
539.11,2026-06-26T00:12:30.887907,63825.102,115791.289,0.774,5810.06,130362.683,0.02,0.0
539.161,2026-06-26T00:12:30.938880,63874.953,115791.289,0.771,5810.061,130362.683,0.02,0.0
539.212,2026-06-26T00:12:30.989844,63925.219,115791.289,0.77,5810.062,130362.683,0.02,0.0
539.263,2026-06-26T00:12:31.040835,63975.648,115791.289,0.815,5810.063,130362.683,0.02,0.0
539.314,2026-06-26T00:12:31.091812,64026.957,115791.289,0.8,5810.064,130362.683,0.02,0.0
539.365,2026-06-26T00:12:31.142786,64014.223,115791.289,0.836,5810.065,130362.683,0.02,0.0
539.416,2026-06-26T00:12:31.193752,63749.02,115791.289,0.815,5810.067,130362.683,0.02,0.0
539.467,2026-06-26T00:12:31.244724,63241.02,114991.289,0.801,5810.068,130362.683,0.02,0.0
539.518,2026-06-26T00:12:31.295657,63241.02,114991.289,0.79,5810.069,130362.683,0.02,0.0
539.569,2026-06-26T00:12:31.346663,63241.02,114991.289,0.784,5810.07,130362.683,0.017,0.0
539.63,2026-06-26T00:12:31.407621,63241.02,114991.289,0.863,5810.071,130362.683,0.02,0.0
539.681,2026-06-26T00:12:31.458579,63241.02,114991.289,0.788,5810.072,130412.683,0.02,981.441
539.732,2026-06-26T00:12:31.509525,63286.293,115791.289,0.782,5810.073,130412.683,0.02,0.0
539.783,2026-06-26T00:12:31.560502,63333.711,115791.289,0.823,5810.074,130412.683,0.02,0.0
539.834,2026-06-26T00:12:31.611452,63375.039,115791.289,0.806,5810.075,130412.683,0.02,0.0
539.885,2026-06-26T00:12:31.662430,63422.863,115791.289,0.794,5810.076,130412.683,0.02,0.0
539.936,2026-06-26T00:12:31.713404,63471.723,115791.289,0.786,5810.077,130412.683,0.02,0.0
539.987,2026-06-26T00:12:31.764465,63520.691,115791.289,0.734,5810.078,130412.683,0.02,0.0
540.038,2026-06-26T00:12:31.815475,63570.961,115791.289,0.789,5810.079,130412.683,0.02,0.0
540.089,2026-06-26T00:12:31.866519,63621.695,115791.289,0.782,5810.08,130412.683,0.02,0.0
540.14,2026-06-26T00:12:31.917549,63672.27,115791.289,0.777,5810.081,130412.683,0.02,0.0
540.191,2026-06-26T00:12:31.968579,63723.031,115791.289,0.773,5810.082,130412.683,0.02,0.0
540.242,2026-06-26T00:12:32.019628,63773.832,115791.289,0.771,5810.083,130412.683,0.02,0.0
540.293,2026-06-26T00:12:32.070658,63822.23,115791.289,0.861,5810.084,130412.683,0.02,0.0
540.344,2026-06-26T00:12:32.121671,63863.148,115791.289,0.833,5810.085,130412.683,0.02,0.0
540.395,2026-06-26T00:12:32.172652,63903.52,115791.289,0.814,5810.086,130412.683,0.021,0.0
540.445,2026-06-26T00:12:32.223225,63939.695,115791.289,0.801,5810.087,130412.683,0.021,0.0
540.496,2026-06-26T00:12:32.274059,63975.395,115791.289,0.836,5810.088,130412.683,0.02,0.0
540.547,2026-06-26T00:12:32.325091,64007.441,115791.289,0.769,5810.089,130412.683,0.02,0.0
540.598,2026-06-26T00:12:32.376105,64033.02,115791.289,0.814,5810.09,130412.683,0.02,0.0
540.649,2026-06-26T00:12:32.427135,64009.02,115791.289,0.8,5810.092,130412.683,0.02,0.0
540.7,2026-06-26T00:12:32.478207,64038.871,115791.289,0.789,5810.093,130412.683,0.02,0.0
540.751,2026-06-26T00:12:32.529228,63673.02,115791.289,0.782,5810.094,130412.683,0.02,0.0
540.802,2026-06-26T00:12:32.580233,63241.02,114991.289,0.777,5810.095,130412.683,0.02,0.0
540.853,2026-06-26T00:12:32.631221,63241.02,114991.289,0.774,5810.096,130412.683,0.02,0.0
540.904,2026-06-26T00:12:32.682230,63241.02,114991.289,0.771,5810.097,130412.683,0.02,0.0
540.955,2026-06-26T00:12:32.733227,63241.02,114991.289,0.77,5810.098,130412.683,0.02,0.0
541.006,2026-06-26T00:12:32.784214,63241.02,114991.289,0.815,5810.099,130412.683,0.02,0.0
541.057,2026-06-26T00:12:32.835209,63241.02,114991.289,0.8,5810.1,130412.683,0.02,0.0
541.108,2026-06-26T00:12:32.886228,63241.02,114991.289,0.79,5810.101,130412.683,0.02,0.0
541.159,2026-06-26T00:12:32.937239,63258.043,115791.289,0.783,5810.102,130462.683,0.02,980.271
541.21,2026-06-26T00:12:32.988228,63294.02,115791.289,0.778,5810.103,130462.683,0.02,0.0
541.261,2026-06-26T00:12:33.039221,63327.535,115791.289,0.774,5810.104,130462.683,0.02,0.0
541.312,2026-06-26T00:12:33.090212,63371.723,115791.289,0.772,5810.105,130462.683,0.02,0.0
541.363,2026-06-26T00:12:33.141222,63411.332,115791.289,0.816,5810.106,130462.683,0.02,0.0
541.414,2026-06-26T00:12:33.192237,63457.66,115791.289,0.847,5810.107,130462.683,0.02,0.0
541.465,2026-06-26T00:12:33.243224,63499.594,115791.289,0.823,5810.108,130462.683,0.02,0.0
541.516,2026-06-26T00:12:33.294203,63541.461,115791.289,0.806,5810.109,130462.683,0.02,0.0
541.567,2026-06-26T00:12:33.345208,63582.691,115791.289,0.748,5810.11,130462.683,0.02,0.0
541.618,2026-06-26T00:12:33.396204,63624.512,115791.289,0.799,5810.111,130462.683,0.02,0.0
541.669,2026-06-26T00:12:33.447230,63665.523,115791.289,0.789,5810.112,130462.683,0.02,0.0
541.72,2026-06-26T00:12:33.498230,63704.719,115791.289,0.782,5810.113,130462.683,0.02,0.0
541.771,2026-06-26T00:12:33.549224,63743.695,115791.289,0.777,5810.114,130462.683,0.02,0.0
541.822,2026-06-26T00:12:33.600222,63791.273,115791.289,0.82,5810.115,130462.683,0.02,0.0
541.873,2026-06-26T00:12:33.651216,63824.688,115791.289,0.804,5810.116,130462.683,0.02,0.0
541.924,2026-06-26T00:12:33.702223,63868.152,115791.289,0.746,5810.118,130462.683,0.02,0.0
541.975,2026-06-26T00:12:33.753210,63913.184,115791.289,0.752,5810.119,130462.683,0.02,0.0
542.026,2026-06-26T00:12:33.804206,63957.152,115791.289,0.756,5810.12,130462.683,0.02,0.0
542.077,2026-06-26T00:12:33.855207,64000.102,115791.289,0.805,5810.121,130462.683,0.02,0.0
542.128,2026-06-26T00:12:33.906214,64027.02,115791.289,0.747,5810.122,130462.683,0.02,0.0
542.179,2026-06-26T00:12:33.957213,64018.645,115791.289,0.845,5810.123,130462.683,0.02,0.0
542.23,2026-06-26T00:12:34.008205,63759.02,115791.289,0.821,5810.124,130462.683,0.02,0.0
542.281,2026-06-26T00:12:34.059195,63241.02,114991.289,0.805,5810.125,130462.683,0.02,0.0
542.332,2026-06-26T00:12:34.110225,63241.02,114991.289,0.793,5810.126,130462.683,0.02,0.0
542.383,2026-06-26T00:12:34.161219,63241.02,114991.289,0.785,5810.127,130462.683,0.02,0.0
542.434,2026-06-26T00:12:34.212241,63241.02,114991.289,0.779,5810.128,130462.683,0.02,0.0
542.485,2026-06-26T00:12:34.263248,63241.02,114991.289,0.775,5810.129,130462.683,0.02,0.0
542.536,2026-06-26T00:12:34.314257,63269.383,115791.289,0.772,5810.13,130512.683,0.02,979.698
542.587,2026-06-26T00:12:34.365280,63321.238,115791.289,0.816,5810.131,130512.683,0.02,0.0
542.638,2026-06-26T00:12:34.416290,63372.957,115791.289,0.801,5810.132,130512.683,0.02,0.0
542.689,2026-06-26T00:12:34.467353,63423.508,115791.289,0.744,5810.133,130512.683,0.02,0.0
542.741,2026-06-26T00:12:34.518389,63473.832,115791.289,0.797,5810.134,130512.683,0.02,0.0
542.792,2026-06-26T00:12:34.569383,63524.086,115791.289,0.787,5810.135,130512.683,0.02,0.0
542.912,2026-06-26T00:12:34.690163,63642.273,115791.289,0.921,5810.483,130512.683,2.887,0.0
542.963,2026-06-26T00:12:34.740605,63692.25,115791.289,0.876,5810.484,130512.683,0.021,0.0
543.013,2026-06-26T00:12:34.791247,63742.504,115791.289,0.845,5810.485,130512.683,0.021,0.0
543.064,2026-06-26T00:12:34.841945,63791.953,115791.289,0.822,5810.486,130512.683,0.02,0.0
543.115,2026-06-26T00:12:34.892760,63841.359,115791.289,0.806,5810.487,130512.683,0.02,0.0
543.166,2026-06-26T00:12:34.943607,63893.285,115791.289,0.794,5810.488,130512.683,0.02,0.0
543.217,2026-06-26T00:12:34.994675,63945.637,115791.289,0.831,5810.489,130512.683,0.02,0.0
543.268,2026-06-26T00:12:35.045717,63998.324,115791.289,0.811,5810.49,130512.683,0.02,0.0
543.319,2026-06-26T00:12:35.096779,63991.02,115741.289,0.798,5810.491,130512.683,0.02,0.0
543.37,2026-06-26T00:12:35.147810,64037.523,115791.289,0.788,5810.492,130512.683,0.02,0.0
543.421,2026-06-26T00:12:35.198864,63357.02,115791.289,0.873,5810.493,130512.683,0.02,0.0
543.472,2026-06-26T00:12:35.249881,63241.02,114991.289,0.841,5810.494,130512.683,0.02,0.0
543.523,2026-06-26T00:12:35.300807,63241.02,114991.289,0.819,5810.495,130512.683,0.02,0.0
543.574,2026-06-26T00:12:35.351694,63241.02,114991.289,0.804,5810.496,130512.683,0.02,0.0
543.625,2026-06-26T00:12:35.402633,63241.02,114991.289,0.792,5810.497,130512.683,0.02,0.0
543.676,2026-06-26T00:12:35.453567,63273.117,115041.289,0.785,5810.498,130562.683,0.02,980.931
543.727,2026-06-26T00:12:35.504561,63241.02,114991.289,0.779,5810.499,130562.683,0.02,0.0
543.778,2026-06-26T00:12:35.555483,63263.52,115041.289,0.822,5810.5,130612.683,0.02,982.158
543.829,2026-06-26T00:12:35.606464,63241.02,114991.289,0.759,5810.501,130612.683,0.02,0.0
543.88,2026-06-26T00:12:35.657399,63254.871,115791.289,0.761,5810.502,130662.683,0.02,981.211
543.931,2026-06-26T00:12:35.708372,63305.629,115791.289,0.809,5810.503,130662.683,0.02,0.0
543.981,2026-06-26T00:12:35.759297,63355.082,115791.289,0.796,5810.504,130662.683,0.02,0.0
544.032,2026-06-26T00:12:35.810204,63404.535,115791.289,0.788,5810.505,130662.683,0.02,0.0
544.083,2026-06-26T00:12:35.861126,63454.125,115791.289,0.735,5810.506,130662.683,0.02,0.0
544.134,2026-06-26T00:12:35.912069,63503.52,115791.289,0.837,5810.507,130662.683,0.02,0.0
544.185,2026-06-26T00:12:35.962999,63552.844,115791.289,0.816,5810.509,130662.683,0.02,0.0
544.236,2026-06-26T00:12:36.013946,63602.871,115791.289,0.801,5810.51,130662.683,0.02,0.0
544.287,2026-06-26T00:12:36.064869,63653.086,115791.289,0.791,5810.511,130662.683,0.02,0.0
544.338,2026-06-26T00:12:36.115814,63702.391,115791.289,0.83,5810.512,130662.683,0.02,0.0
544.389,2026-06-26T00:12:36.166763,63751.957,115791.289,0.765,5810.513,130662.683,0.02,0.0
544.44,2026-06-26T00:12:36.217816,63802.719,115791.289,0.811,5810.514,130662.683,0.02,0.0
544.491,2026-06-26T00:12:36.268822,63854.453,115791.289,0.751,5810.515,130662.683,0.02,0.0
544.542,2026-06-26T00:12:36.319830,63906.152,115791.289,0.802,5810.516,130662.683,0.02,0.0
544.593,2026-06-26T00:12:36.370735,63958.16,115791.289,0.837,5810.517,130662.683,0.02,0.0
544.644,2026-06-26T00:12:36.421726,64011.098,115791.289,0.816,5810.518,130662.683,0.02,0.0
544.695,2026-06-26T00:12:36.472704,64000.082,115791.289,0.801,5810.519,130662.683,0.02,0.0
544.746,2026-06-26T00:12:36.523689,63903.02,115791.289,0.791,5810.52,130662.683,0.02,0.0
544.797,2026-06-26T00:12:36.574655,63241.02,114991.289,0.783,5810.521,130662.683,0.02,0.0
544.848,2026-06-26T00:12:36.625656,63241.02,114991.289,0.824,5810.522,130662.683,0.02,0.0
544.899,2026-06-26T00:12:36.676632,63241.02,114991.289,0.807,5810.523,130662.683,0.02,0.0
544.95,2026-06-26T00:12:36.727628,63241.02,114991.289,0.795,5810.524,130662.683,0.02,0.0
545.001,2026-06-26T00:12:36.778614,63241.02,114991.289,0.786,5810.525,130712.683,0.02,980.821
545.052,2026-06-26T00:12:36.829597,63285.406,115041.289,0.78,5810.526,130712.683,0.02,0.0
545.103,2026-06-26T00:12:36.880574,63241.02,114991.289,0.73,5810.527,130762.683,0.02,980.757
545.154,2026-06-26T00:12:36.931549,63276.957,115791.289,0.787,5810.528,130762.683,0.02,0.0
545.205,2026-06-26T00:12:36.982531,63328.773,115791.289,0.781,5810.529,130762.683,0.02,0.0
545.256,2026-06-26T00:12:37.033518,63380.844,115791.289,0.776,5810.53,130762.683,0.02,0.0
545.307,2026-06-26T00:12:37.084479,63431.793,115791.289,0.773,5810.531,130762.683,0.02,0.0
545.358,2026-06-26T00:12:37.135525,63482.152,115791.289,0.817,5810.532,130762.683,0.02,0.0
545.409,2026-06-26T00:12:37.186487,63532.152,115791.289,0.756,5810.533,130762.683,0.02,0.0
545.46,2026-06-26T00:12:37.237486,63582.496,115791.289,0.759,5810.535,130762.683,0.02,0.0
545.511,2026-06-26T00:12:37.288457,63632.496,115791.289,0.853,5810.536,130762.683,0.02,0.0
545.562,2026-06-26T00:12:37.339428,63681.898,115791.289,0.827,5810.537,130762.683,0.02,0.0
545.613,2026-06-26T00:12:37.390408,63731.43,115791.289,0.763,5810.538,130762.683,0.02,0.0
545.664,2026-06-26T00:12:37.441395,63779.535,115791.289,0.81,5810.539,130762.683,0.02,0.0
545.715,2026-06-26T00:12:37.492370,63827.445,115791.289,0.797,5810.54,130762.683,0.02,0.0
545.766,2026-06-26T00:12:37.543367,63875.395,115791.289,0.788,5810.541,130762.683,0.02,0.0
545.816,2026-06-26T00:12:37.594343,63925.395,115791.289,0.781,5810.542,130762.683,0.02,0.0
545.867,2026-06-26T00:12:37.645339,63976.293,115791.289,0.777,5810.543,130762.683,0.02,0.0
545.918,2026-06-26T00:12:37.696268,64028.297,115791.289,0.82,5810.544,130762.683,0.02,0.0
545.969,2026-06-26T00:12:37.747217,64017.047,115791.289,0.804,5810.545,130762.683,0.02,0.0
546.02,2026-06-26T00:12:37.798200,63627.02,115791.289,0.793,5810.546,130762.683,0.02,0.0
546.071,2026-06-26T00:12:37.849133,63241.02,114991.289,0.785,5810.547,130762.683,0.02,0.0
546.122,2026-06-26T00:12:37.900097,63241.02,114991.289,0.779,5810.548,130762.683,0.02,0.0
546.173,2026-06-26T00:12:37.951081,63241.02,114991.289,0.821,5810.549,130762.683,0.02,0.0
546.224,2026-06-26T00:12:38.002046,63241.02,114991.289,0.851,5810.55,130762.683,0.02,0.0
546.275,2026-06-26T00:12:38.053039,63252.215,115791.289,0.779,5810.551,130812.683,0.02,981.128
546.326,2026-06-26T00:12:38.104008,63303.316,115791.289,0.821,5810.552,130812.683,0.02,0.0
546.377,2026-06-26T00:12:38.154998,63353.809,115791.289,0.805,5810.553,130812.683,0.02,0.0
546.428,2026-06-26T00:12:38.205929,63402.973,115791.289,0.795,5810.554,130812.683,0.021,0.0
546.479,2026-06-26T00:12:38.256542,63452.074,115791.289,0.787,5810.555,130812.683,0.02,0.0
546.53,2026-06-26T00:12:38.307523,63501.598,115791.289,0.781,5810.556,130812.683,0.02,0.0
546.581,2026-06-26T00:12:38.358519,63551.125,115791.289,0.776,5810.557,130812.683,0.02,0.0
546.632,2026-06-26T00:12:38.409546,63600.504,115791.289,0.773,5810.558,130812.683,0.02,0.0
546.683,2026-06-26T00:12:38.460592,63650.598,115791.289,0.816,5810.559,130812.683,0.02,0.0
546.734,2026-06-26T00:12:38.511611,63700.707,115791.289,0.755,5810.561,130812.683,0.02,0.0
546.785,2026-06-26T00:12:38.562690,63750.754,115791.289,0.804,5810.562,130812.683,0.02,0.0
546.836,2026-06-26T00:12:38.613705,63800.926,115791.289,0.793,5810.563,130812.683,0.02,0.0
546.887,2026-06-26T00:12:38.664733,63845.707,115791.289,0.739,5810.564,130812.683,0.02,0.0
546.938,2026-06-26T00:12:38.715744,63897.496,115791.289,0.793,5810.565,130812.683,0.02,0.0
546.989,2026-06-26T00:12:38.766786,63950.25,115791.289,0.785,5810.566,130812.683,0.02,0.0
547.04,2026-06-26T00:12:38.817824,64003.25,115791.289,0.825,5810.567,130812.683,0.02,0.0
547.091,2026-06-26T00:12:38.868855,63993.004,115791.289,0.807,5810.568,130812.683,0.02,0.0
547.142,2026-06-26T00:12:38.919875,63985.02,115791.289,0.794,5810.569,130812.683,0.02,0.0
547.193,2026-06-26T00:12:38.970929,63267.02,115791.289,0.786,5810.57,130812.683,0.02,0.0
547.244,2026-06-26T00:12:39.021954,63241.02,114991.289,0.779,5810.571,130812.683,0.02,0.0
547.295,2026-06-26T00:12:39.073007,63241.02,114991.289,0.775,5810.572,130812.683,0.02,0.0
547.346,2026-06-26T00:12:39.124032,63241.02,114991.289,0.772,5810.573,130812.683,0.02,0.0
547.397,2026-06-26T00:12:39.175075,63241.02,114991.289,0.816,5810.574,130812.683,0.02,0.0
547.448,2026-06-26T00:12:39.226103,63276.371,115791.289,0.801,5810.575,130862.683,0.02,979.707
547.499,2026-06-26T00:12:39.277178,63327.855,115791.289,0.79,5810.576,130862.683,0.02,0.0
547.55,2026-06-26T00:12:39.328225,63378.52,115791.289,0.829,5810.577,130862.683,0.02,0.0
547.601,2026-06-26T00:12:39.379221,63428.52,115791.289,0.81,5810.578,130862.683,0.02,0.0
547.652,2026-06-26T00:12:39.430219,63478.52,115791.289,0.797,5810.579,130862.683,0.02,0.0
547.703,2026-06-26T00:12:39.481225,63528.52,115791.289,0.788,5810.58,130862.683,0.02,0.0
547.754,2026-06-26T00:12:39.532225,63578.523,115791.289,0.781,5810.581,130862.683,0.02,0.0
547.805,2026-06-26T00:12:39.583232,63628.52,115791.289,0.776,5810.582,130862.683,0.02,0.0
547.925,2026-06-26T00:12:39.703249,63747.184,115791.289,0.915,5810.93,130862.683,2.905,0.0
547.976,2026-06-26T00:12:39.753683,63796.188,115791.289,0.872,5810.931,130862.683,0.021,0.0
548.026,2026-06-26T00:12:39.804335,63844.82,115791.289,0.842,5810.932,130862.683,0.021,0.0
548.077,2026-06-26T00:12:39.855032,63893.445,115791.289,0.82,5810.933,130862.683,0.021,0.0
548.128,2026-06-26T00:12:39.905882,63944.906,115791.289,0.85,5810.934,130862.683,0.02,0.0
548.179,2026-06-26T00:12:39.956901,63997.105,115791.289,0.824,5810.935,130862.683,0.02,0.0
548.23,2026-06-26T00:12:40.007942,63991.02,115741.289,0.853,5810.936,130862.683,0.02,0.0
548.281,2026-06-26T00:12:40.058966,64038.336,115791.289,0.827,5810.937,130862.683,0.02,0.0
548.332,2026-06-26T00:12:40.110013,63383.02,115791.289,0.808,5810.938,130862.683,0.02,0.0
548.383,2026-06-26T00:12:40.161049,63241.02,114991.289,0.795,5810.939,130862.683,0.02,0.0
548.434,2026-06-26T00:12:40.212084,63241.02,114991.289,0.787,5810.94,130862.683,0.02,0.0
548.485,2026-06-26T00:12:40.263110,63241.02,114991.289,0.78,5810.941,130862.683,0.02,0.0
548.536,2026-06-26T00:12:40.314178,63241.02,114991.289,0.776,5810.942,130862.683,0.02,0.0
548.587,2026-06-26T00:12:40.365239,63269.812,115041.289,0.772,5810.943,130912.683,0.02,979.241
548.638,2026-06-26T00:12:40.416241,63241.02,114991.289,0.77,5810.944,130912.683,0.02,0.0
548.689,2026-06-26T00:12:40.467237,63261.312,115041.289,0.769,5810.945,130962.683,0.02,980.541
548.74,2026-06-26T00:12:40.518239,63241.02,114991.289,0.814,5810.946,130962.683,0.02,0.0
548.791,2026-06-26T00:12:40.569239,63250.902,115791.289,0.754,5810.947,131012.683,0.02,980.413
548.842,2026-06-26T00:12:40.620248,63300.254,115791.289,0.803,5810.948,131012.683,0.02,0.0
548.893,2026-06-26T00:12:40.671249,63349.711,115791.289,0.746,5810.949,131012.683,0.02,0.0
548.944,2026-06-26T00:12:40.722246,63399.238,115791.289,0.798,5810.95,131012.683,0.02,0.0
548.995,2026-06-26T00:12:40.773201,63448.66,115791.289,0.834,5810.952,131012.683,0.02,0.0
549.046,2026-06-26T00:12:40.824209,63498.066,115791.289,0.814,5810.953,131012.683,0.02,0.0
549.097,2026-06-26T00:12:40.875217,63547.883,115791.289,0.799,5810.954,131012.683,0.02,0.0
549.148,2026-06-26T00:12:40.926227,63598.031,115791.289,0.789,5810.955,131012.683,0.02,0.0
549.199,2026-06-26T00:12:40.977224,63647.977,115791.289,0.782,5810.956,131012.683,0.02,0.0
549.25,2026-06-26T00:12:41.028205,63696.309,115791.289,0.777,5810.957,131012.683,0.02,0.0
549.301,2026-06-26T00:12:41.079226,63745.879,115791.289,0.866,5810.958,131012.683,0.02,0.0
549.352,2026-06-26T00:12:41.130215,63795.973,115791.289,0.79,5810.959,131012.683,0.02,0.0
549.403,2026-06-26T00:12:41.181222,63847.148,115791.289,0.828,5810.96,131012.683,0.02,0.0
549.454,2026-06-26T00:12:41.232225,63898.875,115791.289,0.764,5810.961,131012.683,0.02,0.0
549.505,2026-06-26T00:12:41.283229,63950.582,115791.289,0.81,5810.962,131012.683,0.02,0.0
549.556,2026-06-26T00:12:41.334187,64000.297,115791.289,0.798,5810.963,131012.683,0.021,0.0
549.607,2026-06-26T00:12:41.384759,63991.02,115741.289,0.791,5810.964,131012.683,0.021,0.0
549.657,2026-06-26T00:12:41.435334,64039.02,115791.289,0.83,5810.965,131012.683,0.02,0.0
549.708,2026-06-26T00:12:41.486274,63365.02,115791.289,0.811,5810.966,131012.683,0.02,0.0
549.759,2026-06-26T00:12:41.537198,63241.02,114991.289,0.798,5810.967,131012.683,0.02,0.0
549.81,2026-06-26T00:12:41.588097,63241.02,114991.289,0.789,5810.968,131012.683,0.02,0.0
549.861,2026-06-26T00:12:41.639049,63241.02,114991.289,0.782,5810.969,131012.683,0.02,0.0
549.912,2026-06-26T00:12:41.690022,63241.02,114991.289,0.777,5810.97,131012.683,0.02,0.0
549.963,2026-06-26T00:12:41.740989,63269.16,115791.289,0.774,5810.971,131062.683,0.02,980.94
550.014,2026-06-26T00:12:41.791977,63322.27,115791.289,0.818,5810.972,131062.683,0.02,0.0
550.065,2026-06-26T00:12:41.842948,63375.438,115791.289,0.802,5810.973,131062.683,0.02,0.0
550.116,2026-06-26T00:12:41.893932,63427.973,115791.289,0.792,5810.974,131062.683,0.02,0.0
550.167,2026-06-26T00:12:41.944890,63479.848,115791.289,0.784,5810.975,131062.683,0.02,0.0
550.218,2026-06-26T00:12:41.995877,63531.418,115791.289,0.779,5810.977,131062.683,0.02,0.0
550.269,2026-06-26T00:12:42.046827,63582.406,115791.289,0.775,5810.978,131062.683,0.02,0.0
550.32,2026-06-26T00:12:42.097814,63633.566,115791.289,0.772,5810.979,131062.683,0.02,0.0
550.371,2026-06-26T00:12:42.148781,63685.027,115791.289,0.771,5810.98,131062.683,0.02,0.0
550.422,2026-06-26T00:12:42.199786,63736.062,115791.289,0.815,5810.981,131062.683,0.02,0.0
550.473,2026-06-26T00:12:42.250773,63786.586,115791.289,0.8,5810.982,131062.683,0.02,0.0
550.524,2026-06-26T00:12:42.301769,63836.332,115791.289,0.744,5810.983,131062.683,0.02,0.0
550.575,2026-06-26T00:12:42.352746,63885.141,115791.289,0.751,5810.984,131062.683,0.02,0.0
550.626,2026-06-26T00:12:42.403734,63933.969,115791.289,0.802,5810.985,131062.683,0.02,0.0
550.677,2026-06-26T00:12:42.454694,63982.859,115791.289,0.791,5810.986,131062.683,0.02,0.0
550.728,2026-06-26T00:12:42.505700,64034.77,115791.289,0.783,5810.987,131062.683,0.02,0.0
550.779,2026-06-26T00:12:42.556662,64022.383,115791.289,0.824,5810.988,131062.683,0.02,0.0
550.83,2026-06-26T00:12:42.607667,63561.02,115791.289,0.807,5810.989,131062.683,0.02,0.0
550.881,2026-06-26T00:12:42.658675,63241.02,114991.289,0.794,5810.99,131062.683,0.02,0.0
550.932,2026-06-26T00:12:42.709717,63241.02,114991.289,0.786,5810.991,131062.683,0.02,0.0
550.983,2026-06-26T00:12:42.760752,63241.02,114991.289,0.78,5810.992,131062.683,0.02,0.0
551.034,2026-06-26T00:12:42.811792,63241.02,114991.289,0.775,5810.993,131062.683,0.02,0.0
551.085,2026-06-26T00:12:42.862817,63254.02,115041.289,0.772,5810.994,131112.683,0.02,979.438
551.136,2026-06-26T00:12:42.913848,63241.02,114991.289,0.77,5810.995,131112.683,0.02,0.0
551.187,2026-06-26T00:12:42.964869,63243.52,115041.289,0.861,5810.996,131162.683,0.02,979.556
551.238,2026-06-26T00:12:43.015916,63273.02,115041.289,0.832,5810.997,131162.683,0.02,0.0
551.289,2026-06-26T00:12:43.066928,63241.02,114991.289,0.812,5810.998,131212.683,0.02,979.968
551.34,2026-06-26T00:12:43.117968,63280.32,115791.289,0.798,5810.999,131212.683,0.02,0.0
551.391,2026-06-26T00:12:43.168989,63329.898,115791.289,0.788,5811.0,131212.683,0.02,0.0
551.442,2026-06-26T00:12:43.220038,63379.141,115791.289,0.782,5811.001,131212.683,0.02,0.0
551.493,2026-06-26T00:12:43.271061,63428.77,115791.289,0.823,5811.003,131212.683,0.02,0.0
551.544,2026-06-26T00:12:43.322095,63480.043,115791.289,0.852,5811.004,131212.683,0.02,0.0
551.595,2026-06-26T00:12:43.373106,63531.207,115791.289,0.826,5811.005,131212.683,0.02,0.0
551.646,2026-06-26T00:12:43.424162,63582.406,115791.289,0.762,5811.006,131212.683,0.02,0.0
551.697,2026-06-26T00:12:43.475201,63633.969,115791.289,0.809,5811.007,131212.683,0.02,0.0
551.748,2026-06-26T00:12:43.526204,63685.785,115791.289,0.75,5811.008,131212.683,0.02,0.0
551.799,2026-06-26T00:12:43.577201,63737.867,115791.289,0.755,5811.009,131212.683,0.02,0.0
551.85,2026-06-26T00:12:43.628231,63789.801,115791.289,0.804,5811.01,131212.683,0.02,0.0
551.901,2026-06-26T00:12:43.679274,63838.797,115791.289,0.746,5811.011,131212.683,0.02,0.0
551.952,2026-06-26T00:12:43.730252,63891.93,115791.289,0.798,5811.012,131212.683,0.02,0.0
552.003,2026-06-26T00:12:43.781253,63945.031,115791.289,0.788,5811.013,131212.683,0.02,0.0
552.054,2026-06-26T00:12:43.832245,63993.828,115791.289,0.782,5811.014,131212.683,0.02,0.0
552.105,2026-06-26T00:12:43.883235,63991.02,115741.289,0.777,5811.015,131212.683,0.02,0.0
552.156,2026-06-26T00:12:43.934247,64031.66,115791.289,0.774,5811.016,131212.683,0.02,0.0
552.207,2026-06-26T00:12:43.985227,63465.02,115791.289,0.771,5811.017,131212.683,0.02,0.0
552.258,2026-06-26T00:12:44.036226,63241.02,114991.289,0.77,5811.018,131212.683,0.02,0.0
552.309,2026-06-26T00:12:44.087210,63241.02,114991.289,0.769,5811.019,131212.683,0.02,0.0
552.36,2026-06-26T00:12:44.138211,63241.02,114991.289,0.768,5811.02,131212.683,0.02,0.0
552.411,2026-06-26T00:12:44.189220,63241.02,114991.289,0.813,5811.021,131212.683,0.02,0.0
552.462,2026-06-26T00:12:44.240212,62717.02,114991.289,0.845,5811.022,131262.683,0.02,980.615
552.513,2026-06-26T00:12:44.291202,61641.02,113391.289,0.821,5811.023,131262.683,0.02,0.0
552.564,2026-06-26T00:12:44.342198,61641.02,113391.289,0.805,5811.024,131262.683,0.02,0.0
552.615,2026-06-26T00:12:44.393234,61641.02,113391.289,0.793,5811.025,131262.683,0.02,0.0
552.666,2026-06-26T00:12:44.444232,61641.02,113391.289,0.785,5811.026,131262.683,0.02,0.0
552.717,2026-06-26T00:12:44.495223,61641.02,113391.289,0.779,5811.027,131262.683,0.02,0.0
552.768,2026-06-26T00:12:44.546223,61641.02,113391.289,0.775,5811.029,131262.683,0.02,0.0
552.819,2026-06-26T00:12:44.597224,61605.02,113391.289,0.773,5811.03,131262.683,0.02,0.0
552.94,2026-06-26T00:12:44.717734,63116.207,121633.289,1.126,5811.377,131312.683,2.893,416.479
552.99,2026-06-26T00:12:44.768197,63807.457,121583.289,1.298,5811.378,131312.683,0.021,0.0
553.041,2026-06-26T00:12:44.818808,64508.77,121583.289,1.371,5811.379,131362.683,0.021,987.532
553.092,2026-06-26T00:12:44.869455,65254.594,121633.289,1.422,5811.38,131362.683,0.021,0.0
553.142,2026-06-26T00:12:44.920228,65916.395,121583.289,1.457,5811.381,131362.683,0.021,0.0
553.193,2026-06-26T00:12:44.971121,66629.816,121633.289,1.479,5811.382,131412.683,0.02,979.008
553.244,2026-06-26T00:12:45.022205,67205.27,121583.289,1.541,5811.383,131412.683,0.02,0.0
553.295,2026-06-26T00:12:45.073229,67786.008,121633.289,1.538,5811.384,131462.683,0.02,979.909
553.346,2026-06-26T00:12:45.124202,68267.875,121583.289,1.536,5811.385,131462.683,0.02,0.0
553.397,2026-06-26T00:12:45.175230,68786.125,121633.289,1.535,5811.386,131512.683,0.02,980.275
553.448,2026-06-26T00:12:45.226209,69281.77,121583.289,1.534,5811.387,131512.683,0.02,0.0
553.499,2026-06-26T00:12:45.277222,69789.082,121633.289,1.579,5811.388,131562.683,0.02,980.188
553.55,2026-06-26T00:12:45.328224,69895.371,125733.289,1.611,5811.389,131562.683,0.02,0.0
553.601,2026-06-26T00:12:45.379223,69877.785,125683.289,1.587,5811.39,131612.683,0.02,980.307
553.652,2026-06-26T00:12:45.430213,69954.109,125733.289,1.617,5811.391,131612.683,0.02,0.0
553.703,2026-06-26T00:12:45.481218,69954.375,125683.289,1.545,5811.393,131612.683,0.02,0.0
553.754,2026-06-26T00:12:45.532221,70018.328,125733.289,1.541,5811.394,131662.683,0.02,980.427
553.805,2026-06-26T00:12:45.583217,70031.113,125683.289,1.538,5811.395,131662.683,0.02,0.0
553.856,2026-06-26T00:12:45.634212,70082.082,125733.289,1.582,5811.396,131712.683,0.02,980.124
553.907,2026-06-26T00:12:45.685213,70107.898,125683.289,1.567,5811.397,131712.683,0.02,0.0
553.958,2026-06-26T00:12:45.736211,70146.363,125683.289,1.557,5811.398,131762.683,0.02,980.358
554.009,2026-06-26T00:12:45.787210,70229.84,125733.289,1.595,5811.399,131762.683,0.02,0.0
554.06,2026-06-26T00:12:45.838206,70223.285,125683.289,1.622,5811.4,131762.683,0.02,0.0
554.111,2026-06-26T00:12:45.889212,70293.176,125733.289,1.595,5811.401,131812.683,0.02,979.978
554.162,2026-06-26T00:12:45.940208,70300.113,125683.289,1.576,5811.402,131812.683,0.02,0.0
554.213,2026-06-26T00:12:45.991205,70356.363,125733.289,1.609,5811.403,131862.683,0.02,980.28
554.264,2026-06-26T00:12:46.042207,70377.113,125683.289,1.54,5811.404,131862.683,0.02,0.0
554.315,2026-06-26T00:12:46.093193,70418.781,126483.289,1.584,5811.405,131912.683,0.02,980.871
554.366,2026-06-26T00:12:46.144210,70504.355,126483.289,1.568,5811.406,131912.683,0.02,0.0
554.417,2026-06-26T00:12:46.195217,70589.844,126483.289,1.557,5811.407,131912.683,0.02,0.0
554.468,2026-06-26T00:12:46.246207,70677.281,126483.289,1.595,5811.408,131912.683,0.02,0.0
554.519,2026-06-26T00:12:46.297203,70767.797,126483.289,1.576,5811.409,131912.683,0.02,0.0
554.57,2026-06-26T00:12:46.348200,70857.816,126483.289,1.563,5811.41,131912.683,0.02,0.0
554.621,2026-06-26T00:12:46.399248,70947.906,126483.289,1.599,5811.411,131912.683,0.02,0.0
554.672,2026-06-26T00:12:46.450257,71037.93,126483.289,1.579,5811.412,131912.683,0.02,0.0
554.723,2026-06-26T00:12:46.501249,71128.023,126483.289,1.565,5811.413,131912.683,0.02,0.0
554.774,2026-06-26T00:12:46.552253,71219.758,126483.289,1.555,5811.414,131912.683,0.02,0.0
554.825,2026-06-26T00:12:46.603240,71312.074,126483.289,1.594,5811.416,131912.683,0.02,0.0
554.876,2026-06-26T00:12:46.654246,71405.32,126483.289,1.575,5811.417,131912.683,0.02,0.0
554.927,2026-06-26T00:12:46.705248,71497.465,126483.289,1.562,5811.418,131912.683,0.02,0.0
554.978,2026-06-26T00:12:46.756240,71590.328,126483.289,1.553,5811.419,131912.683,0.02,0.0
555.029,2026-06-26T00:12:46.807232,71683.227,126483.289,1.547,5811.42,131912.683,0.02,0.0
555.08,2026-06-26T00:12:46.858224,71776.246,126483.289,1.542,5811.421,131912.683,0.02,0.0
555.131,2026-06-26T00:12:46.909224,71804.316,126483.289,1.585,5811.422,131912.683,0.02,0.0
555.182,2026-06-26T00:12:46.960222,71893.586,126483.289,1.569,5811.423,131912.683,0.02,0.0
555.233,2026-06-26T00:12:47.011210,71167.102,126483.289,1.558,5811.424,131912.683,0.02,0.0
555.284,2026-06-26T00:12:47.062228,71174.938,125683.289,1.642,5811.425,131912.683,0.02,0.0
555.335,2026-06-26T00:12:47.113223,71213.523,125683.289,1.609,5811.426,131912.683,0.02,0.0
555.386,2026-06-26T00:12:47.164211,71251.613,125683.289,1.586,5811.427,131912.683,0.02,0.0
555.437,2026-06-26T00:12:47.215218,71289.613,125683.289,1.57,5811.428,131912.683,0.02,0.0
555.488,2026-06-26T00:12:47.266210,71363.312,126483.289,1.558,5811.429,131962.683,0.02,980.803
555.539,2026-06-26T00:12:47.317249,71454.98,126483.289,1.55,5811.43,131962.683,0.02,0.0
555.59,2026-06-26T00:12:47.368259,71546.812,126483.289,1.544,5811.431,131962.683,0.02,0.0
555.641,2026-06-26T00:12:47.419260,71638.637,126483.289,1.587,5811.432,131962.683,0.02,0.0
555.692,2026-06-26T00:12:47.470265,71730.418,126483.289,1.57,5811.433,131962.683,0.02,0.0
555.743,2026-06-26T00:12:47.521257,71821.75,126483.289,1.559,5811.434,131962.683,0.02,0.0
555.794,2026-06-26T00:12:47.572252,71912.926,126483.289,1.597,5811.435,131962.683,0.02,0.0
555.845,2026-06-26T00:12:47.623265,72003.141,126483.289,1.577,5811.436,131962.683,0.02,0.0
555.896,2026-06-26T00:12:47.674205,72093.648,126483.289,1.61,5811.437,131962.683,0.02,0.0
555.947,2026-06-26T00:12:47.725202,72184.242,126483.289,1.586,5811.438,131962.683,0.02,0.0
555.998,2026-06-26T00:12:47.776200,72274.742,126483.289,1.616,5811.44,131962.683,0.02,0.0
556.049,2026-06-26T00:12:47.827238,72365.5,126483.289,1.591,5811.441,131962.683,0.02,0.0
556.1,2026-06-26T00:12:47.878244,72457.238,126483.289,1.619,5811.442,131962.683,0.02,0.0
556.151,2026-06-26T00:12:47.929235,72549.801,126483.289,1.593,5811.443,131962.683,0.02,0.0
556.202,2026-06-26T00:12:47.980234,72642.43,126483.289,1.575,5811.444,131962.683,0.02,0.0
556.253,2026-06-26T00:12:48.031222,72735.156,126483.289,1.562,5811.445,131962.683,0.02,0.0
556.304,2026-06-26T00:12:48.082204,72761.285,126483.289,1.553,5811.446,131962.683,0.02,0.0
556.355,2026-06-26T00:12:48.133203,72314.98,126483.289,1.593,5811.447,131962.683,0.02,0.0
556.406,2026-06-26T00:12:48.184240,72062.078,125683.289,1.528,5811.448,131962.683,0.02,0.0
556.457,2026-06-26T00:12:48.235235,72102.266,125683.289,1.575,5811.449,131962.683,0.02,0.0
556.508,2026-06-26T00:12:48.286231,72142.637,125683.289,1.562,5811.45,131962.683,0.02,0.0
556.559,2026-06-26T00:12:48.337230,72183.113,125683.289,1.553,5811.451,131962.683,0.02,0.0
556.61,2026-06-26T00:12:48.388226,72247.172,125733.289,1.547,5811.452,132012.683,0.02,980.436
556.661,2026-06-26T00:12:48.439220,72264.797,125683.289,1.589,5811.453,132012.683,0.02,0.0
556.712,2026-06-26T00:12:48.490211,72318.816,125733.289,1.525,5811.454,132062.683,0.02,980.055
556.763,2026-06-26T00:12:48.541219,72346.883,125683.289,1.573,5811.455,132062.683,0.02,0.0
556.814,2026-06-26T00:12:48.592214,72392.801,126483.289,1.607,5811.456,132112.683,0.02,980.271
556.865,2026-06-26T00:12:48.643221,72485.215,126483.289,1.584,5811.457,132112.683,0.02,0.0
556.916,2026-06-26T00:12:48.694218,72574.73,126483.289,1.569,5811.458,132112.683,0.02,0.0
556.967,2026-06-26T00:12:48.745206,72663.594,126483.289,1.558,5811.459,132112.683,0.02,0.0
557.018,2026-06-26T00:12:48.796228,72752.719,126483.289,1.596,5811.46,132112.683,0.02,0.0
557.069,2026-06-26T00:12:48.847213,72841.664,126483.289,1.577,5811.461,132112.683,0.02,0.0
557.12,2026-06-26T00:12:48.898216,72930.488,126483.289,1.563,5811.463,132112.683,0.02,0.0
557.171,2026-06-26T00:12:48.949207,73020.27,126483.289,1.6,5811.464,132112.683,0.02,0.0
557.222,2026-06-26T00:12:49.000247,73109.461,126483.289,1.579,5811.465,132112.683,0.02,0.0
557.273,2026-06-26T00:12:49.051257,73199.73,126483.289,1.565,5811.466,132112.683,0.02,0.0
557.324,2026-06-26T00:12:49.102236,73289.312,126483.289,1.555,5811.467,132112.683,0.02,0.0
557.375,2026-06-26T00:12:49.153237,73379.23,126483.289,1.594,5811.468,132112.683,0.02,0.0
557.426,2026-06-26T00:12:49.204225,73469.633,126483.289,1.576,5811.469,132112.683,0.02,0.0
557.477,2026-06-26T00:12:49.255226,73559.973,126483.289,1.563,5811.47,132112.683,0.02,0.0
557.528,2026-06-26T00:12:49.306222,73650.113,126483.289,1.507,5811.471,132112.683,0.02,0.0
557.579,2026-06-26T00:12:49.357217,73740.598,126483.289,1.607,5811.472,132112.683,0.02,0.0
557.63,2026-06-26T00:12:49.408209,73767.594,126483.289,1.584,5811.473,132112.683,0.02,0.0
557.681,2026-06-26T00:12:49.459204,73587.395,126483.289,1.66,5811.474,132112.683,0.02,0.0
557.732,2026-06-26T00:12:49.510240,73062.801,125683.289,1.576,5811.475,132112.683,0.02,0.0
557.783,2026-06-26T00:12:49.561220,73083.512,125683.289,1.609,5811.476,132112.683,0.02,0.0
557.834,2026-06-26T00:12:49.612197,73104.223,125683.289,1.632,5811.477,132112.683,0.02,0.0
557.96,2026-06-26T00:12:49.737765,73158.363,125683.289,1.722,5811.824,132112.683,2.776,0.0
558.01,2026-06-26T00:12:49.788184,73211.453,126483.289,1.669,5811.826,132162.683,0.021,988.225
558.061,2026-06-26T00:12:49.838781,73298.277,126483.289,1.631,5811.827,132162.683,0.021,0.0
558.112,2026-06-26T00:12:49.889452,73386.918,126483.289,1.65,5811.828,132162.683,0.021,0.0
558.162,2026-06-26T00:12:49.940214,73475.832,126483.289,1.57,5811.829,132162.683,0.021,0.0
558.213,2026-06-26T00:12:49.991096,73564.469,126483.289,1.604,5811.83,132162.683,0.02,0.0
558.264,2026-06-26T00:12:50.042156,73652.734,126483.289,1.583,5811.831,132162.683,0.02,0.0
558.315,2026-06-26T00:12:50.093135,73740.645,126483.289,1.567,5811.832,132162.683,0.02,0.0
558.366,2026-06-26T00:12:50.144184,73828.27,126483.289,1.556,5811.833,132162.683,0.02,0.0
558.417,2026-06-26T00:12:50.195204,73915.633,126483.289,1.549,5811.834,132162.683,0.02,0.0
558.468,2026-06-26T00:12:50.246188,74002.273,126483.289,1.544,5811.835,132162.683,0.02,0.0
558.519,2026-06-26T00:12:50.297210,74089.367,126483.289,1.632,5811.836,132162.683,0.02,0.0
558.57,2026-06-26T00:12:50.348197,74175.809,126483.289,1.602,5811.837,132162.683,0.02,0.0
558.621,2026-06-26T00:12:50.399218,74265.117,126483.289,1.581,5811.838,132162.683,0.02,0.0
558.672,2026-06-26T00:12:50.450202,74355.844,126483.289,1.566,5811.839,132162.683,0.02,0.0
558.723,2026-06-26T00:12:50.501218,74446.191,126483.289,1.602,5811.84,132162.683,0.02,0.0
558.774,2026-06-26T00:12:50.552205,74536.746,126483.289,1.581,5811.841,132162.683,0.02,0.0
558.825,2026-06-26T00:12:50.603218,74562.531,126483.289,1.612,5811.842,132162.683,0.02,0.0
558.876,2026-06-26T00:12:50.654202,74056.613,126483.289,1.588,5811.843,132162.683,0.02,0.0
558.927,2026-06-26T00:12:50.705216,73853.469,125683.289,1.571,5811.844,132162.683,0.02,0.0
558.978,2026-06-26T00:12:50.756200,73890.23,125683.289,1.605,5811.845,132162.683,0.02,0.0
559.029,2026-06-26T00:12:50.807207,73927.035,125683.289,1.537,5811.846,132162.683,0.02,0.0
559.08,2026-06-26T00:12:50.858239,72243.113,125683.289,1.581,5811.847,132162.683,0.02,0.0
559.131,2026-06-26T00:12:50.909213,70368.129,125683.289,1.429,5811.848,132212.683,0.02,980.853
559.182,2026-06-26T00:12:50.960231,68693.113,125683.289,1.23,5811.85,132212.683,0.02,0.0
559.233,2026-06-26T00:12:51.011172,67449.113,125683.289,1.091,5811.851,132212.683,0.02,0.0
559.284,2026-06-26T00:12:51.062224,66237.113,125683.289,1.039,5811.852,132212.683,0.02,0.0
559.335,2026-06-26T00:12:51.113202,65788.25,121637.289,1.141,5811.853,132212.683,0.02,0.0
559.386,2026-06-26T00:12:51.164216,65806.816,121587.289,1.212,5811.854,132212.683,0.02,0.0
559.437,2026-06-26T00:12:51.215197,65876.441,121637.289,1.354,5811.855,132262.683,0.02,980.936
559.488,2026-06-26T00:12:51.266209,65901.824,121587.289,1.407,5811.856,132262.683,0.02,0.0
559.539,2026-06-26T00:12:51.317202,65964.883,122387.289,1.491,5811.857,132312.683,0.02,980.825
559.59,2026-06-26T00:12:51.368218,66064.668,122387.289,1.503,5811.858,132312.683,0.02,0.0
559.641,2026-06-26T00:12:51.419199,66162.957,122387.289,1.512,5811.859,132312.683,0.02,0.0
559.692,2026-06-26T00:12:51.470213,66261.184,122387.289,1.518,5811.86,132312.683,0.02,0.0
559.743,2026-06-26T00:12:51.521199,66359.695,122387.289,1.522,5811.861,132312.683,0.02,0.0
559.794,2026-06-26T00:12:51.572209,66458.492,122387.289,1.571,5811.862,132312.683,0.02,0.0
559.845,2026-06-26T00:12:51.623195,66557.91,122387.289,1.513,5811.863,132312.683,0.02,0.0
559.896,2026-06-26T00:12:51.674209,66657.52,122387.289,1.519,5811.864,132312.683,0.02,0.0
559.947,2026-06-26T00:12:51.725201,66757.609,122387.289,1.523,5811.865,132312.683,0.02,0.0
559.998,2026-06-26T00:12:51.776217,66858.484,122387.289,1.571,5811.866,132312.683,0.02,0.0
560.049,2026-06-26T00:12:51.827201,66958.852,122387.289,1.56,5811.867,132312.683,0.02,0.0
560.1,2026-06-26T00:12:51.878219,67059.59,122387.289,1.597,5811.868,132312.683,0.02,0.0
560.151,2026-06-26T00:12:51.929252,67160.215,122387.289,1.531,5811.869,132312.683,0.02,0.0
560.202,2026-06-26T00:12:51.980246,67260.684,122387.289,1.577,5811.87,132312.683,0.02,0.0
560.253,2026-06-26T00:12:52.031224,67361.371,122387.289,1.61,5811.871,132312.683,0.02,0.0
560.304,2026-06-26T00:12:52.082212,67440.641,122387.289,1.587,5811.872,132312.683,0.02,0.0
560.355,2026-06-26T00:12:52.133195,67498.18,122387.289,1.617,5811.874,132312.683,0.02,0.0
560.406,2026-06-26T00:12:52.184209,66863.223,122387.289,1.637,5811.875,132312.683,0.02,0.0
560.457,2026-06-26T00:12:52.235219,66802.289,121587.289,1.605,5811.876,132312.683,0.02,0.0
560.508,2026-06-26T00:12:52.286197,66848.953,121587.289,1.584,5811.877,132312.683,0.02,0.0
560.559,2026-06-26T00:12:52.337218,66894.113,121587.289,1.568,5811.878,132312.683,0.02,0.0
560.61,2026-06-26T00:12:52.388195,66938.914,121587.289,1.603,5811.879,132362.683,0.02,980.945
560.661,2026-06-26T00:12:52.439213,67021.75,122387.289,1.536,5811.88,132362.683,0.02,0.0
560.712,2026-06-26T00:12:52.490212,67121.199,122387.289,1.581,5811.881,132362.683,0.02,0.0
560.763,2026-06-26T00:12:52.541225,67220.977,122387.289,1.566,5811.882,132362.683,0.02,0.0
560.814,2026-06-26T00:12:52.592201,67321.348,122387.289,1.556,5811.883,132362.683,0.02,0.0
560.865,2026-06-26T00:12:52.643217,67421.969,122387.289,1.549,5811.884,132362.683,0.02,0.0
560.916,2026-06-26T00:12:52.694204,67521.809,122387.289,1.544,5811.885,132362.683,0.02,0.0
560.967,2026-06-26T00:12:52.745208,67621.32,122387.289,1.54,5811.886,132362.683,0.02,0.0
561.018,2026-06-26T00:12:52.796187,67720.16,122387.289,1.584,5811.887,132362.683,0.02,0.0
561.069,2026-06-26T00:12:52.847217,67819.176,122387.289,1.568,5811.888,132362.683,0.02,0.0
561.12,2026-06-26T00:12:52.898201,67917.539,122387.289,1.603,5811.889,132362.683,0.02,0.0
561.171,2026-06-26T00:12:52.949247,68015.926,122387.289,1.581,5811.89,132362.683,0.02,0.0
561.222,2026-06-26T00:12:53.000228,68114.191,122387.289,1.613,5811.891,132362.683,0.02,0.0
561.273,2026-06-26T00:12:53.051207,68214.41,122387.289,1.589,5811.892,132362.683,0.02,0.0
561.324,2026-06-26T00:12:53.102229,68314.938,122387.289,1.571,5811.893,132362.683,0.02,0.0
561.375,2026-06-26T00:12:53.153213,68415.309,122387.289,1.606,5811.894,132362.683,0.02,0.0
561.426,2026-06-26T00:12:53.204226,68451.016,122387.289,1.583,5811.895,132362.683,0.02,0.0
561.477,2026-06-26T00:12:53.255207,68320.707,122387.289,1.568,5811.896,132362.683,0.02,0.0
561.528,2026-06-26T00:12:53.306216,67783.645,121587.289,1.557,5811.898,132362.683,0.02,0.0
561.579,2026-06-26T00:12:53.357191,67830.613,121587.289,1.549,5811.899,132362.683,0.02,0.0
561.63,2026-06-26T00:12:53.408203,67877.613,121587.289,1.544,5811.9,132362.683,0.02,0.0
561.681,2026-06-26T00:12:53.459231,67924.613,121587.289,1.586,5811.901,132362.683,0.02,0.0
561.732,2026-06-26T00:12:53.510218,67981.891,121637.289,1.57,5811.902,132412.683,0.02,980.376
561.783,2026-06-26T00:12:53.561206,68019.258,121587.289,1.605,5811.903,132412.683,0.02,0.0
561.834,2026-06-26T00:12:53.612234,68069.23,121637.289,1.582,5811.904,132462.683,0.02,979.277
561.885,2026-06-26T00:12:53.663249,68159.434,121637.289,1.521,5811.905,132462.683,0.02,0.0
561.936,2026-06-26T00:12:53.714218,68157.113,121587.289,1.571,5811.906,132512.683,0.02,980.761
561.987,2026-06-26T00:12:53.765200,68247.168,122387.289,1.605,5811.907,132512.683,0.02,0.0
562.038,2026-06-26T00:12:53.816222,68344.215,122387.289,1.583,5811.908,132512.683,0.02,0.0
562.089,2026-06-26T00:12:53.867199,68441.402,122387.289,1.614,5811.909,132512.683,0.02,0.0
562.14,2026-06-26T00:12:53.918202,68538.898,122387.289,1.589,5811.91,132512.683,0.02,0.0
562.191,2026-06-26T00:12:53.969220,68637.188,122387.289,1.526,5811.911,132512.683,0.02,0.0
562.242,2026-06-26T00:12:54.020205,68736.18,122387.289,1.574,5811.912,132512.683,0.02,0.0
562.293,2026-06-26T00:12:54.071225,68835.969,122387.289,1.561,5811.913,132512.683,0.02,0.0
562.344,2026-06-26T00:12:54.122198,68936.379,122387.289,1.552,5811.914,132512.683,0.02,0.0
562.395,2026-06-26T00:12:54.173203,69036.781,122387.289,1.592,5811.915,132512.683,0.02,0.0
562.446,2026-06-26T00:12:54.224229,69137.602,122387.289,1.574,5811.916,132512.683,0.02,0.0
562.497,2026-06-26T00:12:54.275219,69237.797,122387.289,1.561,5811.917,132512.683,0.02,0.0
562.548,2026-06-26T00:12:54.326201,69338.16,122387.289,1.553,5811.918,132512.683,0.02,0.0
562.599,2026-06-26T00:12:54.377214,69438.492,122387.289,1.592,5811.919,132512.683,0.02,0.0
562.65,2026-06-26T00:12:54.428196,69538.969,122387.289,1.62,5811.921,132512.683,0.02,0.0
562.701,2026-06-26T00:12:54.479218,69639.871,122387.289,1.594,5811.922,132512.683,0.02,0.0
562.752,2026-06-26T00:12:54.530207,69677.203,122387.289,1.575,5811.923,132512.683,0.02,0.0
562.803,2026-06-26T00:12:54.581201,69503.504,122387.289,1.562,5811.924,132512.683,0.02,0.0
562.854,2026-06-26T00:12:54.632216,69006.344,121587.289,1.553,5811.925,132512.683,0.02,0.0
562.975,2026-06-26T00:12:54.752511,69115.254,121587.289,1.673,5812.272,132512.683,2.898,0.0
563.025,2026-06-26T00:12:54.802935,69159.777,121587.289,1.681,5812.273,132512.683,0.021,0.0
563.076,2026-06-26T00:12:54.853563,69237.73,122387.289,1.639,5812.274,132562.683,0.021,986.171
563.126,2026-06-26T00:12:54.904321,69336.508,122387.289,1.655,5812.275,132562.683,0.021,0.0
563.177,2026-06-26T00:12:54.955073,69434.746,122387.289,1.62,5812.276,132562.683,0.021,0.0
563.228,2026-06-26T00:12:55.005927,69534.941,122387.289,1.64,5812.277,132562.683,0.02,0.0
563.279,2026-06-26T00:12:55.056927,69635.434,122387.289,1.607,5812.278,132562.683,0.02,0.0
563.33,2026-06-26T00:12:55.107948,69729.805,122387.289,1.585,5812.279,132562.683,0.02,0.0
563.381,2026-06-26T00:12:55.158952,69805.941,122387.289,1.569,5812.28,132562.683,0.02,0.0
563.432,2026-06-26T00:12:55.209961,69875.84,122387.289,1.558,5812.281,132562.683,0.02,0.0
563.483,2026-06-26T00:12:55.260961,69945.449,122387.289,1.596,5812.282,132562.683,0.02,0.0
563.534,2026-06-26T00:12:55.311983,70013.363,122387.289,1.577,5812.283,132562.683,0.02,0.0
563.585,2026-06-26T00:12:55.362965,70080.121,122387.289,1.563,5812.285,132562.683,0.02,0.0
563.636,2026-06-26T00:12:55.413983,70149.047,122387.289,1.554,5812.286,132562.683,0.02,0.0
563.687,2026-06-26T00:12:55.464970,70217.992,122387.289,1.593,5812.287,132562.683,0.02,0.0
563.738,2026-06-26T00:12:55.515984,70287.094,122387.289,1.575,5812.288,132562.683,0.02,0.0
563.789,2026-06-26T00:12:55.566989,70355.664,122387.289,1.562,5812.289,132562.683,0.02,0.0
563.84,2026-06-26T00:12:55.618006,70424.676,122387.289,1.553,5812.29,132562.683,0.02,0.0
563.891,2026-06-26T00:12:55.669019,70494.582,122387.289,1.546,5812.291,132562.683,0.02,0.0
563.942,2026-06-26T00:12:55.720052,70481.676,122387.289,1.588,5812.292,132562.683,0.02,0.0
563.993,2026-06-26T00:12:55.771073,69829.027,122387.289,1.617,5812.293,132562.683,0.02,0.0
564.044,2026-06-26T00:12:55.822102,69069.113,122387.289,1.545,5812.294,132562.683,0.02,0.0
564.095,2026-06-26T00:12:55.873093,68093.113,122387.289,1.311,5812.295,132562.683,0.02,0.0
564.146,2026-06-26T00:12:55.924160,67121.113,122387.289,1.148,5812.296,132562.683,0.02,0.0
564.197,2026-06-26T00:12:55.975223,66494.699,118291.289,1.033,5812.297,132562.683,0.02,0.0
564.248,2026-06-26T00:12:56.026219,66353.113,118291.289,0.953,5812.298,132562.683,0.02,0.0
564.299,2026-06-26T00:12:56.077209,65737.113,117491.289,0.943,5812.299,132562.683,0.02,0.0
564.35,2026-06-26T00:12:56.128209,65737.113,117491.289,0.89,5812.3,132562.683,0.02,0.0
564.401,2026-06-26T00:12:56.179216,65737.113,117491.289,0.853,5812.301,132562.683,0.02,0.0
564.452,2026-06-26T00:12:56.230200,65737.113,117491.289,0.827,5812.302,132562.683,0.02,0.0
564.503,2026-06-26T00:12:56.281239,65739.359,118291.289,0.808,5812.303,132612.683,0.02,979.689
564.554,2026-06-26T00:12:56.332224,65789.855,118291.289,0.796,5812.304,132612.683,0.02,0.0
564.605,2026-06-26T00:12:56.383226,65840.32,118291.289,0.787,5812.305,132612.683,0.02,0.0
564.656,2026-06-26T00:12:56.434229,65891.902,118291.289,0.78,5812.306,132612.683,0.02,0.0
564.707,2026-06-26T00:12:56.485216,65943.617,118291.289,0.822,5812.307,132612.683,0.02,0.0
564.758,2026-06-26T00:12:56.536216,65995.941,118291.289,0.805,5812.309,132612.683,0.02,0.0
564.809,2026-06-26T00:12:56.587205,66048.535,118291.289,0.839,5812.31,132612.683,0.02,0.0
564.86,2026-06-26T00:12:56.638205,66101.184,118291.289,0.817,5812.311,132612.683,0.02,0.0
564.911,2026-06-26T00:12:56.689202,66153.891,118291.289,0.756,5812.312,132612.683,0.02,0.0
564.962,2026-06-26T00:12:56.740199,66206.621,118291.289,0.805,5812.313,132612.683,0.02,0.0
565.013,2026-06-26T00:12:56.791229,66259.305,118291.289,0.793,5812.314,132612.683,0.02,0.0
565.064,2026-06-26T00:12:56.842220,66307.934,118291.289,0.923,5812.315,132612.683,0.02,0.0
565.115,2026-06-26T00:12:56.893225,66354.719,118291.289,1.152,5812.316,132612.683,0.02,0.0
565.166,2026-06-26T00:12:56.944223,66401.938,118291.289,1.266,5812.317,132612.683,0.02,0.0
565.217,2026-06-26T00:12:56.995219,66449.258,118291.289,1.346,5812.318,132612.683,0.02,0.0
565.268,2026-06-26T00:12:57.046214,66496.488,118291.289,1.401,5812.319,132612.683,0.02,0.0
565.319,2026-06-26T00:12:57.097208,66487.113,118241.289,1.487,5812.32,132612.683,0.02,0.0
565.37,2026-06-26T00:12:57.148204,66532.672,118291.289,1.546,5812.321,132612.683,0.02,0.0
565.421,2026-06-26T00:12:57.199228,65805.113,118291.289,1.588,5812.322,132612.683,0.02,0.0
565.472,2026-06-26T00:12:57.250219,65737.113,117491.289,1.571,5812.323,132612.683,0.02,0.0
565.523,2026-06-26T00:12:57.301238,65737.113,117491.289,1.559,5812.324,132612.683,0.02,0.0
565.574,2026-06-26T00:12:57.352248,65737.113,117491.289,1.551,5812.325,132612.683,0.02,0.0
565.625,2026-06-26T00:12:57.403222,65737.113,117491.289,1.545,5812.326,132612.683,0.02,0.0
565.676,2026-06-26T00:12:57.454220,65757.848,117541.289,1.541,5812.327,132662.683,0.02,980.225
565.727,2026-06-26T00:12:57.505217,65737.113,117491.289,1.585,5812.328,132662.683,0.02,0.0
565.778,2026-06-26T00:12:57.556213,65747.062,118291.289,1.569,5812.329,132712.683,0.02,979.946
565.829,2026-06-26T00:12:57.607230,65795.773,118291.289,1.558,5812.33,132712.683,0.02,0.0
565.88,2026-06-26T00:12:57.658222,65846.43,119891.289,1.55,5812.332,132712.683,0.02,0.0
565.931,2026-06-26T00:12:57.709228,65913.125,119891.289,1.59,5812.333,132712.683,0.02,0.0
565.982,2026-06-26T00:12:57.760220,65979.078,119891.289,1.573,5812.334,132712.683,0.02,0.0
566.033,2026-06-26T00:12:57.811221,66045.348,119891.289,1.561,5812.335,132712.683,0.02,0.0
566.084,2026-06-26T00:12:57.862221,66112.617,119891.289,1.552,5812.336,132712.683,0.02,0.0
566.135,2026-06-26T00:12:57.913210,66180.035,119891.289,1.592,5812.337,132712.683,0.02,0.0
566.186,2026-06-26T00:12:57.964210,66247.508,119891.289,1.62,5812.338,132712.683,0.02,0.0
566.237,2026-06-26T00:12:58.015204,66314.797,119891.289,1.594,5812.339,132712.683,0.02,0.0
566.288,2026-06-26T00:12:58.066207,66381.883,119891.289,1.575,5812.34,132712.683,0.02,0.0
566.339,2026-06-26T00:12:58.117210,66449.371,119891.289,1.608,5812.341,132712.683,0.02,0.0
566.39,2026-06-26T00:12:58.168247,66518.09,119891.289,1.539,5812.342,132712.683,0.02,0.0
566.441,2026-06-26T00:12:58.219240,66587.602,119891.289,1.537,5812.343,132712.683,0.02,0.0
566.492,2026-06-26T00:12:58.270238,66657.266,119891.289,1.535,5812.344,132712.683,0.02,0.0
566.543,2026-06-26T00:12:58.321222,66726.602,119891.289,1.58,5812.345,132712.683,0.02,0.0
566.594,2026-06-26T00:12:58.372218,66796.117,119891.289,1.612,5812.346,132712.683,0.02,0.0
566.645,2026-06-26T00:12:58.423206,66800.105,119891.289,1.588,5812.347,132712.683,0.02,0.0
566.696,2026-06-26T00:12:58.474233,66470.676,119891.289,1.571,5812.348,132712.683,0.02,0.0
566.747,2026-06-26T00:12:58.525239,66057.488,119091.289,1.559,5812.349,132712.683,0.02,0.0
566.798,2026-06-26T00:12:58.576221,66076.297,119091.289,1.551,5812.35,132712.683,0.02,0.0
566.849,2026-06-26T00:12:58.627215,66094.93,119091.289,1.545,5812.351,132712.683,0.02,0.0
566.9,2026-06-26T00:12:58.678199,66112.086,119091.289,1.542,5812.352,132712.683,0.02,0.0
566.951,2026-06-26T00:12:58.729238,66130.766,119091.289,1.584,5812.353,132762.683,0.02,979.177
567.002,2026-06-26T00:12:58.780246,66156.719,119891.289,1.568,5812.354,132762.683,0.02,0.0
567.053,2026-06-26T00:12:58.831231,66225.418,119891.289,1.558,5812.356,132762.683,0.02,0.0
567.104,2026-06-26T00:12:58.882225,66295.105,119891.289,1.596,5812.357,132762.683,0.02,0.0
567.155,2026-06-26T00:12:58.933226,66364.828,119891.289,1.577,5812.358,132762.683,0.02,0.0
567.206,2026-06-26T00:12:58.984220,66434.078,119891.289,1.563,5812.359,132762.683,0.02,0.0
567.257,2026-06-26T00:12:59.035231,66503.211,119891.289,1.554,5812.36,132762.683,0.02,0.0
567.308,2026-06-26T00:12:59.086216,66572.824,119891.289,1.593,5812.361,132762.683,0.02,0.0
567.359,2026-06-26T00:12:59.137214,66642.219,119891.289,1.575,5812.362,132762.683,0.02,0.0
567.41,2026-06-26T00:12:59.188207,66711.895,119891.289,1.562,5812.363,132762.683,0.02,0.0
567.461,2026-06-26T00:12:59.239207,66781.293,119891.289,1.599,5812.364,132762.683,0.02,0.0
567.512,2026-06-26T00:12:59.290213,66850.797,119891.289,1.579,5812.365,132762.683,0.02,0.0
567.563,2026-06-26T00:12:59.341198,66920.18,119891.289,1.565,5812.366,132762.683,0.02,0.0
567.614,2026-06-26T00:12:59.392240,66989.785,119891.289,1.555,5812.367,132762.683,0.02,0.0
567.665,2026-06-26T00:12:59.443230,67061.41,119891.289,1.548,5812.368,132762.683,0.02,0.0
567.716,2026-06-26T00:12:59.494229,67133.195,119891.289,1.635,5812.369,132762.683,0.02,0.0
567.767,2026-06-26T00:12:59.545231,67154.965,119891.289,1.604,5812.37,132762.683,0.02,0.0
567.818,2026-06-26T00:12:59.596228,67208.543,119891.289,1.629,5812.371,132762.683,0.02,0.0
567.869,2026-06-26T00:12:59.647223,66743.402,119891.289,1.599,5812.372,132762.683,0.02,0.0
567.99,2026-06-26T00:12:59.767971,66484.219,119091.289,1.704,5812.72,132762.683,2.887,0.0
568.041,2026-06-26T00:12:59.818437,66502.797,119091.289,1.655,5812.721,132762.683,0.021,0.0
568.091,2026-06-26T00:12:59.869074,66521.625,119091.289,1.668,5812.722,132762.683,0.021,0.0
568.142,2026-06-26T00:12:59.919703,66571.691,119891.289,1.63,5812.723,132812.683,0.021,985.467
568.193,2026-06-26T00:12:59.970497,66641.625,119891.289,1.602,5812.724,132812.683,0.021,0.0
568.244,2026-06-26T00:13:00.021445,66710.488,119891.289,1.581,5812.725,132812.683,0.02,0.0
568.295,2026-06-26T00:13:00.072465,66778.578,119891.289,1.566,5812.726,132812.683,0.02,0.0
568.346,2026-06-26T00:13:00.123530,66846.594,119891.289,1.601,5812.727,132812.683,0.02,0.0
568.397,2026-06-26T00:13:00.174541,66915.031,119891.289,1.58,5812.728,132812.683,0.02,0.0
568.448,2026-06-26T00:13:00.225586,66983.199,119891.289,1.565,5812.729,132812.683,0.02,0.0
568.499,2026-06-26T00:13:00.276602,67051.625,119891.289,1.555,5812.73,132812.683,0.02,0.0
568.55,2026-06-26T00:13:00.327677,67120.027,119891.289,1.593,5812.731,132812.683,0.02,0.0
568.601,2026-06-26T00:13:00.378704,67188.578,119891.289,1.529,5812.732,132812.683,0.02,0.0
568.652,2026-06-26T00:13:00.429741,67258.074,119891.289,1.621,5812.733,132812.683,0.02,0.0
568.703,2026-06-26T00:13:00.480752,67328.043,119891.289,1.594,5812.734,132812.683,0.02,0.0
568.754,2026-06-26T00:13:00.531795,67399.648,119891.289,1.575,5812.735,132812.683,0.02,0.0
568.805,2026-06-26T00:13:00.582805,67471.23,119891.289,1.608,5812.736,132812.683,0.02,0.0
568.856,2026-06-26T00:13:00.633849,67543.043,119891.289,1.539,5812.737,132812.683,0.02,0.0
568.907,2026-06-26T00:13:00.684862,67615.0,119891.289,1.583,5812.738,132812.683,0.02,0.0
568.958,2026-06-26T00:13:00.735901,67619.816,119891.289,1.613,5812.739,132812.683,0.02,0.0
569.009,2026-06-26T00:13:00.786925,67359.996,119891.289,1.588,5812.74,132812.683,0.02,0.0
569.06,2026-06-26T00:13:00.837967,66885.125,119091.289,1.617,5812.741,132812.683,0.02,0.0
569.111,2026-06-26T00:13:00.888998,66904.301,119091.289,1.591,5812.743,132812.683,0.02,0.0
569.162,2026-06-26T00:13:00.940024,66923.547,119091.289,1.573,5812.744,132812.683,0.02,0.0
569.213,2026-06-26T00:13:00.991036,66942.258,119091.289,1.56,5812.745,132812.683,0.02,0.0
569.264,2026-06-26T00:13:01.042087,66960.977,119091.289,1.598,5812.746,132862.683,0.02,980.06
569.315,2026-06-26T00:13:01.093103,67029.578,119891.289,1.532,5812.747,132862.683,0.02,0.0
569.366,2026-06-26T00:13:01.144205,67099.949,119891.289,1.531,5812.748,132862.683,0.02,0.0
569.417,2026-06-26T00:13:01.195110,67170.781,119891.289,1.58,5812.749,132862.683,0.021,0.0
569.468,2026-06-26T00:13:01.245734,67240.664,119891.289,1.567,5812.75,132862.683,0.021,0.0
569.519,2026-06-26T00:13:01.296735,67309.57,119891.289,1.602,5812.751,132862.683,0.02,0.0
569.57,2026-06-26T00:13:01.347747,67378.188,119891.289,1.581,5812.752,132862.683,0.02,0.0
569.621,2026-06-26T00:13:01.398734,67447.031,119891.289,1.52,5812.753,132862.683,0.02,0.0
569.672,2026-06-26T00:13:01.449700,67515.637,119891.289,1.573,5812.754,132862.683,0.021,0.0
569.722,2026-06-26T00:13:01.500244,67584.32,119891.289,1.564,5812.755,132862.683,0.021,0.0
569.773,2026-06-26T00:13:01.550862,67653.863,119891.289,1.556,5812.756,132862.683,0.021,0.0
569.824,2026-06-26T00:13:01.601868,67725.562,119891.289,1.549,5812.757,132862.683,0.02,0.0
569.875,2026-06-26T00:13:01.652864,67797.137,119891.289,1.543,5812.758,132862.683,0.02,0.0
569.926,2026-06-26T00:13:01.703854,67868.734,119891.289,1.586,5812.759,132862.683,0.02,0.0
569.977,2026-06-26T00:13:01.754847,67940.918,119891.289,1.615,5812.76,132862.683,0.02,0.0
570.028,2026-06-26T00:13:01.805909,68013.352,119891.289,1.59,5812.761,132862.683,0.02,0.0
570.079,2026-06-26T00:13:01.856937,68019.691,119891.289,1.572,5812.762,132862.683,0.02,0.0
570.13,2026-06-26T00:13:01.907991,67992.875,119891.289,1.56,5812.763,132862.683,0.02,0.0
570.181,2026-06-26T00:13:01.959027,67302.113,119091.289,1.597,5812.764,132862.683,0.02,0.0
570.232,2026-06-26T00:13:02.010079,66381.625,119091.289,1.577,5812.765,132862.683,0.02,0.0
570.283,2026-06-26T00:13:02.061112,65409.625,119091.289,1.563,5812.767,132862.683,0.02,0.0
570.334,2026-06-26T00:13:02.112182,64421.625,119091.289,1.553,5812.768,132862.683,0.02,0.0
570.385,2026-06-26T00:13:02.163224,63467.625,119091.289,1.592,5812.769,132912.683,0.02,979.044
570.436,2026-06-26T00:13:02.214229,63241.516,115795.289,1.577,5812.77,132912.683,0.021,0.0
570.487,2026-06-26T00:13:02.264852,63292.762,115795.289,1.564,5812.771,132912.683,0.02,0.0
570.538,2026-06-26T00:13:02.315857,63343.891,115795.289,1.601,5812.772,132912.683,0.02,0.0
570.589,2026-06-26T00:13:02.366829,63395.125,115795.289,1.58,5812.773,132912.683,0.02,0.0
570.64,2026-06-26T00:13:02.417805,63446.418,115795.289,1.566,5812.774,132912.683,0.02,0.0
570.691,2026-06-26T00:13:02.468798,63496.039,115795.289,1.556,5812.775,132912.683,0.02,0.0
570.742,2026-06-26T00:13:02.519794,63545.117,115795.289,1.549,5812.776,132912.683,0.02,0.0
570.793,2026-06-26T00:13:02.570728,63593.797,115795.289,1.59,5812.777,132912.683,0.02,0.0
570.844,2026-06-26T00:13:02.621774,63643.395,115795.289,1.572,5812.778,132912.683,0.02,0.0
570.895,2026-06-26T00:13:02.672780,63693.223,115795.289,1.56,5812.779,132912.683,0.02,0.0
570.946,2026-06-26T00:13:02.723850,63742.738,115795.289,1.597,5812.78,132912.683,0.02,0.0
570.997,2026-06-26T00:13:02.774871,63791.855,115795.289,1.577,5812.781,132912.683,0.02,0.0
571.048,2026-06-26T00:13:02.825934,63841.926,115795.289,1.563,5812.782,132912.683,0.02,0.0
571.099,2026-06-26T00:13:02.876966,63891.945,115795.289,1.553,5812.783,132912.683,0.02,0.0
571.15,2026-06-26T00:13:02.928020,63942.09,115795.289,1.592,5812.784,132912.683,0.02,0.0
571.201,2026-06-26T00:13:02.979097,63993.105,115795.289,1.574,5812.785,132912.683,0.02,0.0
571.252,2026-06-26T00:13:03.030168,63978.047,115795.289,1.515,5812.786,132912.683,0.02,0.0
571.303,2026-06-26T00:13:03.081223,63681.637,115795.289,1.29,5812.787,132912.683,0.02,0.0
571.354,2026-06-26T00:13:03.132224,63207.637,114995.289,1.133,5812.788,132912.683,0.02,0.0
571.405,2026-06-26T00:13:03.183233,63207.637,114995.289,1.023,5812.789,132912.683,0.02,0.0
571.456,2026-06-26T00:13:03.234243,63207.637,114995.289,0.946,5812.791,132912.683,0.02,0.0
571.507,2026-06-26T00:13:03.285249,63207.637,114995.289,0.892,5812.792,132912.683,0.02,0.0
571.558,2026-06-26T00:13:03.336251,63207.637,114995.289,0.854,5812.793,132962.683,0.02,980.028
571.609,2026-06-26T00:13:03.387257,63243.137,115045.289,0.919,5812.794,132962.683,0.02,0.0
571.66,2026-06-26T00:13:03.438257,63207.637,114995.289,0.873,5812.795,132962.683,0.02,0.0
571.711,2026-06-26T00:13:03.489267,63230.512,115795.289,0.841,5812.796,133012.683,0.02,980.202
571.762,2026-06-26T00:13:03.540265,63280.949,115795.289,0.865,5812.797,133012.683,0.02,0.0
571.813,2026-06-26T00:13:03.591267,63331.582,115795.289,0.835,5812.798,133012.683,0.02,0.0
571.864,2026-06-26T00:13:03.642293,63380.504,115795.289,0.814,5812.799,133012.683,0.02,0.0
571.915,2026-06-26T00:13:03.693307,63428.965,115795.289,0.8,5812.8,133012.683,0.02,0.0
571.966,2026-06-26T00:13:03.744331,63477.68,115795.289,0.835,5812.801,133012.683,0.02,0.0
572.017,2026-06-26T00:13:03.795362,63526.641,115795.289,0.768,5812.802,133012.683,0.02,0.0
572.069,2026-06-26T00:13:03.846404,63575.586,115795.289,0.813,5812.803,133012.683,0.02,0.0
572.12,2026-06-26T00:13:03.897454,63624.684,115795.289,0.753,5812.804,133012.683,0.02,0.0
572.171,2026-06-26T00:13:03.948494,63673.535,115795.289,0.803,5812.805,133012.683,0.02,0.0
572.222,2026-06-26T00:13:03.999561,63723.113,115795.289,0.745,5812.806,133012.683,0.02,0.0
572.273,2026-06-26T00:13:04.050613,63774.059,115795.289,0.797,5812.807,133012.683,0.02,0.0
572.324,2026-06-26T00:13:04.101645,63824.898,115795.289,0.788,5812.808,133012.683,0.02,0.0
572.375,2026-06-26T00:13:04.152711,63875.859,115795.289,0.781,5812.809,133012.683,0.02,0.0
572.426,2026-06-26T00:13:04.203736,63926.895,115795.289,0.822,5812.81,133012.683,0.02,0.0
572.477,2026-06-26T00:13:04.254787,63977.691,115795.289,0.851,5812.811,133012.683,0.02,0.0
572.528,2026-06-26T00:13:04.305808,63965.137,115795.289,0.826,5812.812,133012.683,0.02,0.0
572.579,2026-06-26T00:13:04.356857,63889.637,115795.289,0.808,5812.813,133012.683,0.02,0.0
572.63,2026-06-26T00:13:04.407898,63213.637,115795.289,0.795,5812.814,133012.683,0.02,0.0
572.681,2026-06-26T00:13:04.458935,63207.637,114995.289,0.786,5812.816,133012.683,0.02,0.0
572.732,2026-06-26T00:13:04.509958,63207.637,114995.289,0.78,5812.817,133012.683,0.02,0.0
572.783,2026-06-26T00:13:04.561006,63207.637,114995.289,0.775,5812.818,133012.683,0.02,0.0
572.834,2026-06-26T00:13:04.612029,63207.637,114995.289,0.773,5812.819,133012.683,0.02,0.0
572.885,2026-06-26T00:13:04.663077,63242.34,115045.289,0.816,5812.82,133062.683,0.02,979.872
573.006,2026-06-26T00:13:04.784174,63250.34,115795.289,0.921,5813.167,133112.683,2.88,414.568
573.057,2026-06-26T00:13:04.834608,63300.105,115795.289,0.876,5813.168,133112.683,0.021,0.0
573.107,2026-06-26T00:13:04.885227,63350.055,115795.289,0.891,5813.169,133112.683,0.021,0.0
573.158,2026-06-26T00:13:04.935856,63400.086,115795.289,0.855,5813.17,133112.683,0.02,0.0
573.209,2026-06-26T00:13:04.986747,63449.539,115795.289,0.782,5813.171,133112.683,0.02,0.0
573.26,2026-06-26T00:13:05.037738,63498.867,115795.289,0.869,5813.172,133112.683,0.02,0.0
573.311,2026-06-26T00:13:05.088776,63548.238,115795.289,0.838,5813.173,133112.683,0.02,0.0
573.362,2026-06-26T00:13:05.139802,63597.469,115795.289,0.816,5813.174,133112.683,0.02,0.0
573.413,2026-06-26T00:13:05.190851,63646.961,115795.289,0.801,5813.175,133112.683,0.02,0.0
573.464,2026-06-26T00:13:05.241903,63696.16,115795.289,0.79,5813.176,133112.683,0.02,0.0
573.515,2026-06-26T00:13:05.292953,63745.398,115795.289,0.783,5813.178,133112.683,0.02,0.0
573.566,2026-06-26T00:13:05.343995,63793.582,115795.289,0.777,5813.179,133112.683,0.02,0.0
573.617,2026-06-26T00:13:05.395037,63842.273,115795.289,0.82,5813.18,133112.683,0.02,0.0
573.668,2026-06-26T00:13:05.446065,63893.035,115795.289,0.849,5813.181,133112.683,0.02,0.0
573.719,2026-06-26T00:13:05.497120,63943.801,115795.289,0.778,5813.182,133112.683,0.02,0.0
573.77,2026-06-26T00:13:05.548198,63995.535,115795.289,0.774,5813.183,133112.683,0.02,0.0
573.821,2026-06-26T00:13:05.599215,63982.645,115795.289,0.818,5813.184,133112.683,0.02,0.0
573.872,2026-06-26T00:13:05.650221,63665.645,115795.289,0.802,5813.185,133112.683,0.02,0.0
573.923,2026-06-26T00:13:05.701237,63207.645,114995.289,0.791,5813.186,133112.683,0.02,0.0
573.974,2026-06-26T00:13:05.752237,63207.645,114995.289,0.783,5813.187,133112.683,0.02,0.0
574.025,2026-06-26T00:13:05.803240,63207.645,114995.289,0.778,5813.188,133112.683,0.02,0.0
574.076,2026-06-26T00:13:05.854245,63207.645,114995.289,0.775,5813.189,133112.683,0.02,0.0
574.127,2026-06-26T00:13:05.905260,63208.746,115795.289,0.772,5813.19,133162.683,0.02,980.367
574.178,2026-06-26T00:13:05.956270,63259.242,115795.289,0.77,5813.191,133162.683,0.02,0.0
574.229,2026-06-26T00:13:06.007292,63310.77,115795.289,0.769,5813.192,133162.683,0.02,0.0
574.28,2026-06-26T00:13:06.058309,63362.312,115795.289,0.814,5813.193,133162.683,0.02,0.0
574.331,2026-06-26T00:13:06.109308,63411.953,115795.289,0.753,5813.194,133162.683,0.02,0.0
574.383,2026-06-26T00:13:06.160370,63461.496,115795.289,0.849,5813.195,133162.683,0.02,0.0
574.444,2026-06-26T00:13:06.221624,63521.371,115795.289,0.862,5813.196,133162.683,0.017,0.0
574.495,2026-06-26T00:13:06.272699,63572.723,115795.289,0.879,5813.197,133162.683,0.02,0.0
574.546,2026-06-26T00:13:06.323768,63624.441,115795.289,0.845,5813.198,133162.683,0.02,0.0
574.597,2026-06-26T00:13:06.374789,63675.594,115795.289,0.821,5813.199,133162.683,0.02,0.0
574.648,2026-06-26T00:13:06.425853,63727.156,115795.289,0.804,5813.2,133162.683,0.02,0.0
574.699,2026-06-26T00:13:06.476876,63778.797,115795.289,0.839,5813.201,133162.683,0.02,0.0
574.75,2026-06-26T00:13:06.527929,63830.535,115795.289,0.817,5813.203,133162.683,0.02,0.0
574.801,2026-06-26T00:13:06.578972,63882.625,115795.289,0.801,5813.204,133162.683,0.02,0.0
574.852,2026-06-26T00:13:06.630014,63935.824,115795.289,0.79,5813.205,133162.683,0.02,0.0
574.903,2026-06-26T00:13:06.681036,63988.793,115795.289,0.737,5813.206,133162.683,0.02,0.0
574.954,2026-06-26T00:13:06.732096,63976.863,115795.289,0.791,5813.207,133162.683,0.02,0.0
575.005,2026-06-26T00:13:06.783127,63693.645,115795.289,0.783,5813.208,133162.683,0.02,0.0
575.056,2026-06-26T00:13:06.834217,63207.645,114995.289,0.778,5813.209,133162.683,0.02,0.0
575.107,2026-06-26T00:13:06.885214,63207.645,114995.289,0.774,5813.21,133162.683,0.02,0.0
575.158,2026-06-26T00:13:06.936231,63207.645,114995.289,0.772,5813.211,133162.683,0.02,0.0
575.209,2026-06-26T00:13:06.987242,63207.645,114995.289,0.77,5813.212,133162.683,0.02,0.0
575.26,2026-06-26T00:13:07.038254,63222.137,115045.289,0.769,5813.213,133212.683,0.02,979.886
575.311,2026-06-26T00:13:07.089276,63207.645,114995.289,0.768,5813.214,133212.683,0.02,0.0
575.362,2026-06-26T00:13:07.140280,63212.348,115795.289,0.813,5813.215,133262.683,0.02,980.207
575.413,2026-06-26T00:13:07.191254,63263.895,115795.289,0.8,5813.216,133262.683,0.021,0.0
575.464,2026-06-26T00:13:07.241854,63315.711,115795.289,0.744,5813.217,133262.683,0.02,0.0
575.515,2026-06-26T00:13:07.292848,63367.527,115795.289,0.797,5813.218,133262.683,0.02,0.0
575.566,2026-06-26T00:13:07.343831,63419.465,115795.289,0.834,5813.219,133262.683,0.02,0.0
575.617,2026-06-26T00:13:07.394823,63471.379,115795.289,0.859,5813.22,133262.683,0.02,0.0
575.668,2026-06-26T00:13:07.445794,63523.336,115795.289,0.831,5813.221,133262.683,0.02,0.0
575.719,2026-06-26T00:13:07.496787,63576.609,115795.289,0.812,5813.222,133262.683,0.02,0.0
575.77,2026-06-26T00:13:07.547760,63628.465,115795.289,0.798,5813.223,133262.683,0.02,0.0
575.821,2026-06-26T00:13:07.598756,63680.156,115795.289,0.835,5813.224,133262.683,0.02,0.0
575.872,2026-06-26T00:13:07.649716,63731.43,115795.289,0.814,5813.225,133262.683,0.02,0.0
575.923,2026-06-26T00:13:07.700699,63782.379,115795.289,0.754,5813.227,133262.683,0.02,0.0
575.974,2026-06-26T00:13:07.751682,63834.254,115795.289,0.803,5813.228,133262.683,0.02,0.0
576.025,2026-06-26T00:13:07.802683,63887.398,115795.289,0.792,5813.229,133262.683,0.02,0.0
576.076,2026-06-26T00:13:07.853671,63940.754,115795.289,0.784,5813.23,133262.683,0.02,0.0
576.127,2026-06-26T00:13:07.904661,63993.582,115795.289,0.779,5813.231,133262.683,0.02,0.0
576.178,2026-06-26T00:13:07.955677,63982.094,115795.289,0.775,5813.232,133262.683,0.02,0.0
576.229,2026-06-26T00:13:08.006757,63571.645,115795.289,0.772,5813.233,133262.683,0.02,0.0
576.28,2026-06-26T00:13:08.057778,63207.645,114995.289,0.77,5813.234,133262.683,0.02,0.0
576.331,2026-06-26T00:13:08.108843,63207.645,114995.289,0.769,5813.235,133262.683,0.02,0.0
576.382,2026-06-26T00:13:08.159864,63207.645,114995.289,0.768,5813.236,133262.683,0.02,0.0
576.433,2026-06-26T00:13:08.210941,63207.645,114995.289,0.767,5813.237,133262.683,0.02,0.0
576.484,2026-06-26T00:13:08.261958,63227.348,115795.289,0.813,5813.238,133312.683,0.02,981.069
576.535,2026-06-26T00:13:08.312901,63280.773,115795.289,0.753,5813.239,133312.683,0.02,0.0
576.586,2026-06-26T00:13:08.363834,63333.66,115795.289,0.803,5813.24,133312.683,0.02,0.0
576.637,2026-06-26T00:13:08.414826,63385.863,115795.289,0.838,5813.241,133312.683,0.02,0.0
576.688,2026-06-26T00:13:08.465827,63437.332,115795.289,0.816,5813.242,133312.683,0.02,0.0
576.739,2026-06-26T00:13:08.516870,63488.953,115795.289,0.847,5813.243,133312.683,0.02,0.0
576.79,2026-06-26T00:13:08.567883,63540.711,115795.289,0.868,5813.244,133312.683,0.02,0.0
576.841,2026-06-26T00:13:08.618898,63592.754,115795.289,0.792,5813.245,133312.683,0.02,0.0
576.892,2026-06-26T00:13:08.669909,63642.066,115795.289,0.784,5813.246,133312.683,0.02,0.0
576.943,2026-06-26T00:13:08.720940,63695.02,115795.289,0.778,5813.247,133312.683,0.02,0.0
576.994,2026-06-26T00:13:08.771959,63747.84,115795.289,0.774,5813.248,133312.683,0.02,0.0
577.045,2026-06-26T00:13:08.823004,63798.828,115795.289,0.772,5813.249,133312.683,0.02,0.0
577.096,2026-06-26T00:13:08.873996,63851.566,115795.289,0.77,5813.25,133312.683,0.02,0.0
577.147,2026-06-26T00:13:08.925032,63904.52,115795.289,0.769,5813.252,133312.683,0.02,0.0
577.198,2026-06-26T00:13:08.976049,63957.578,115795.289,0.814,5813.253,133312.683,0.02,0.0
577.249,2026-06-26T00:13:09.027092,63957.645,115745.289,0.753,5813.254,133312.683,0.02,0.0
577.3,2026-06-26T00:13:09.078103,63999.496,115795.289,0.803,5813.255,133312.683,0.02,0.0
577.351,2026-06-26T00:13:09.129168,63307.645,115795.289,0.792,5813.256,133312.683,0.02,0.0
577.402,2026-06-26T00:13:09.180219,63207.645,114995.289,0.784,5813.257,133312.683,0.02,0.0
577.453,2026-06-26T00:13:09.231207,63207.645,114995.289,0.779,5813.258,133312.683,0.02,0.0
577.504,2026-06-26T00:13:09.282213,63207.645,114995.289,0.775,5813.259,133312.683,0.02,0.0
577.555,2026-06-26T00:13:09.333208,63207.645,114995.289,0.772,5813.26,133312.683,0.02,0.0
577.606,2026-06-26T00:13:09.384205,63241.645,115045.289,0.816,5813.261,133362.683,0.02,979.936
577.657,2026-06-26T00:13:09.435223,63207.645,114995.289,0.801,5813.262,133362.683,0.02,0.0
577.708,2026-06-26T00:13:09.486220,63232.246,115795.289,0.79,5813.263,133412.683,0.02,980.321
577.759,2026-06-26T00:13:09.537223,63284.207,115795.289,0.783,5813.264,133412.683,0.02,0.0
577.81,2026-06-26T00:13:09.588180,63336.172,115795.289,0.87,5813.265,133412.683,0.02,0.0
577.861,2026-06-26T00:13:09.639213,63388.359,115795.289,0.839,5813.266,133412.683,0.02,0.0
577.912,2026-06-26T00:13:09.690208,63440.938,115795.289,0.817,5813.267,133412.683,0.02,0.0
578.033,2026-06-26T00:13:09.811240,63565.281,115795.289,0.941,5813.616,133412.683,2.891,0.0
578.084,2026-06-26T00:13:09.861703,63616.203,115795.289,0.889,5813.617,133412.683,0.021,0.0
578.135,2026-06-26T00:13:09.912464,63667.359,115795.289,0.854,5813.618,133412.683,0.021,0.0
578.185,2026-06-26T00:13:09.963184,63718.43,115795.289,0.829,5813.619,133412.683,0.021,0.0
578.236,2026-06-26T00:13:10.013967,63768.488,115795.289,0.811,5813.62,133412.683,0.021,0.0
578.287,2026-06-26T00:13:10.064789,63820.906,115795.289,0.843,5813.621,133412.683,0.02,0.0
578.338,2026-06-26T00:13:10.115847,63874.129,115795.289,0.82,5813.622,133412.683,0.02,0.0
578.389,2026-06-26T00:13:10.166869,63927.641,115795.289,0.758,5813.623,133412.683,0.02,0.0
578.44,2026-06-26T00:13:10.217913,63981.191,115795.289,0.806,5813.624,133412.683,0.02,0.0
578.491,2026-06-26T00:13:10.268970,63970.684,115795.289,0.748,5813.625,133412.683,0.02,0.0
578.542,2026-06-26T00:13:10.320023,63775.645,115795.289,0.799,5813.626,133412.683,0.02,0.0
578.593,2026-06-26T00:13:10.371056,63207.645,114995.289,0.789,5813.627,133412.683,0.02,0.0
578.644,2026-06-26T00:13:10.422096,63207.645,114995.289,0.828,5813.628,133412.683,0.02,0.0
578.695,2026-06-26T00:13:10.473121,63207.645,114995.289,0.809,5813.629,133412.683,0.02,0.0
578.746,2026-06-26T00:13:10.524213,63207.645,114995.289,0.796,5813.63,133412.683,0.02,0.0
578.797,2026-06-26T00:13:10.575199,63213.789,115045.289,0.787,5813.631,133462.683,0.02,980.605
578.848,2026-06-26T00:13:10.626205,63207.645,114995.289,0.781,5813.632,133462.683,0.02,0.0
578.899,2026-06-26T00:13:10.677212,63207.645,114995.289,0.776,5813.633,133512.683,0.02,980.619
578.95,2026-06-26T00:13:10.728203,63257.605,115795.289,0.819,5813.634,133512.683,0.02,0.0
579.001,2026-06-26T00:13:10.779223,63309.324,115795.289,0.757,5813.636,133512.683,0.02,0.0
579.052,2026-06-26T00:13:10.830225,63360.609,115795.289,0.76,5813.637,133512.683,0.02,0.0
579.103,2026-06-26T00:13:10.881241,63410.637,115795.289,0.761,5813.638,133512.683,0.02,0.0
579.154,2026-06-26T00:13:10.932245,63460.77,115795.289,0.809,5813.639,133512.683,0.02,0.0
579.205,2026-06-26T00:13:10.983262,63511.016,115795.289,0.842,5813.64,133512.683,0.02,0.0
579.256,2026-06-26T00:13:11.034277,63561.285,115795.289,0.819,5813.641,133512.683,0.02,0.0
579.307,2026-06-26T00:13:11.085279,63612.574,115795.289,0.803,5813.642,133512.683,0.02,0.0
579.358,2026-06-26T00:13:11.136291,63664.113,115795.289,0.792,5813.643,133512.683,0.02,0.0
579.409,2026-06-26T00:13:11.187344,63715.457,115795.289,0.784,5813.644,133512.683,0.02,0.0
579.461,2026-06-26T00:13:11.238381,63766.594,115795.289,0.778,5813.645,133512.683,0.02,0.0
579.512,2026-06-26T00:13:11.289444,63816.879,115795.289,0.82,5813.646,133512.683,0.02,0.0
579.563,2026-06-26T00:13:11.340422,63868.805,115795.289,0.805,5813.647,133512.683,0.021,0.0
579.613,2026-06-26T00:13:11.391000,63920.551,115795.289,0.795,5813.648,133512.683,0.021,0.0
579.664,2026-06-26T00:13:11.441684,63973.328,115795.289,0.787,5813.649,133512.683,0.021,0.0
579.715,2026-06-26T00:13:11.492661,63963.262,115795.289,0.78,5813.65,133512.683,0.02,0.0
579.766,2026-06-26T00:13:11.543718,63869.645,115795.289,0.776,5813.651,133512.683,0.02,0.0
579.817,2026-06-26T00:13:11.594741,63207.645,114995.289,0.773,5813.652,133512.683,0.02,0.0
579.868,2026-06-26T00:13:11.645774,63207.645,114995.289,0.771,5813.653,133512.683,0.02,0.0
579.919,2026-06-26T00:13:11.696820,63207.645,114995.289,0.769,5813.654,133512.683,0.02,0.0
579.97,2026-06-26T00:13:11.747846,63207.645,114995.289,0.768,5813.655,133512.683,0.02,0.0
580.021,2026-06-26T00:13:11.798873,63207.645,114995.289,0.767,5813.656,133562.683,0.02,979.131
580.072,2026-06-26T00:13:11.849922,63258.43,115795.289,0.813,5813.657,133562.683,0.02,0.0
580.123,2026-06-26T00:13:11.900945,63311.051,115795.289,0.798,5813.658,133562.683,0.02,0.0
580.174,2026-06-26T00:13:11.952017,63363.094,115795.289,0.834,5813.659,133562.683,0.02,0.0
580.225,2026-06-26T00:13:12.003050,63414.168,115795.289,0.86,5813.661,133562.683,0.02,0.0
580.276,2026-06-26T00:13:12.054098,63466.527,115795.289,0.831,5813.662,133562.683,0.02,0.0
580.327,2026-06-26T00:13:12.105110,63518.965,115795.289,0.812,5813.663,133562.683,0.02,0.0
580.378,2026-06-26T00:13:12.156187,63571.504,115795.289,0.798,5813.664,133562.683,0.02,0.0
580.429,2026-06-26T00:13:12.207217,63623.156,115795.289,0.788,5813.665,133562.683,0.02,0.0
580.48,2026-06-26T00:13:12.258223,63674.711,115795.289,0.827,5813.666,133562.683,0.02,0.0
580.531,2026-06-26T00:13:12.309230,63726.133,115795.289,0.763,5813.667,133562.683,0.02,0.0
580.582,2026-06-26T00:13:12.360236,63777.426,115795.289,0.81,5813.668,133562.683,0.02,0.0
580.633,2026-06-26T00:13:12.411256,63827.434,115795.289,0.796,5813.669,133562.683,0.02,0.0
580.684,2026-06-26T00:13:12.462259,63880.281,115795.289,0.787,5813.67,133562.683,0.02,0.0
580.735,2026-06-26T00:13:12.513256,63930.641,115795.289,0.781,5813.671,133562.683,0.02,0.0
580.786,2026-06-26T00:13:12.564234,63972.32,115795.289,0.777,5813.672,133562.683,0.02,0.0
580.837,2026-06-26T00:13:12.615241,63975.645,115795.289,0.773,5813.673,133562.683,0.02,0.0
580.888,2026-06-26T00:13:12.666240,63981.016,115795.289,0.771,5813.674,133562.683,0.02,0.0
580.939,2026-06-26T00:13:12.717228,63873.645,115795.289,0.77,5813.675,133562.683,0.02,0.0
580.99,2026-06-26T00:13:12.768221,63207.645,114995.289,0.815,5813.676,133562.683,0.02,0.0
581.041,2026-06-26T00:13:12.819226,63207.645,114995.289,0.8,5813.677,133562.683,0.02,0.0
581.092,2026-06-26T00:13:12.870247,63207.645,114995.289,0.79,5813.678,133562.683,0.02,0.0
581.143,2026-06-26T00:13:12.921247,63207.645,114995.289,0.782,5813.679,133562.683,0.02,0.0
581.194,2026-06-26T00:13:12.972251,63207.645,114995.289,0.777,5813.68,133612.683,0.02,980.175
581.245,2026-06-26T00:13:13.023252,63250.996,115795.289,0.866,5813.681,133612.683,0.02,0.0
581.296,2026-06-26T00:13:13.074251,63302.957,115795.289,0.79,5813.682,133612.683,0.02,0.0
581.347,2026-06-26T00:13:13.125268,63354.062,115795.289,0.829,5813.683,133612.683,0.02,0.0
581.398,2026-06-26T00:13:13.176263,63404.004,115795.289,0.81,5813.684,133612.683,0.02,0.0
581.449,2026-06-26T00:13:13.227214,63453.91,115795.289,0.798,5813.686,133612.683,0.021,0.0
581.5,2026-06-26T00:13:13.277794,63503.758,115795.289,0.789,5813.687,133612.683,0.02,0.0
581.551,2026-06-26T00:13:13.328799,63554.441,115795.289,0.782,5813.688,133612.683,0.02,0.0
581.602,2026-06-26T00:13:13.379842,63605.188,115795.289,0.777,5813.689,133612.683,0.02,0.0
581.653,2026-06-26T00:13:13.430881,63656.523,115795.289,0.82,5813.69,133612.683,0.02,0.0
581.704,2026-06-26T00:13:13.481909,63707.766,115795.289,0.757,5813.691,133612.683,0.02,0.0
581.755,2026-06-26T00:13:13.532943,63758.762,115795.289,0.76,5813.692,133612.683,0.02,0.0
581.806,2026-06-26T00:13:13.583961,63807.906,115795.289,0.807,5813.693,133612.683,0.02,0.0
581.857,2026-06-26T00:13:13.635022,63858.406,115795.289,0.795,5813.694,133612.683,0.02,0.0
581.908,2026-06-26T00:13:13.686038,63906.082,115795.289,0.74,5813.695,133612.683,0.02,0.0
581.959,2026-06-26T00:13:13.737063,63959.113,115795.289,0.794,5813.696,133612.683,0.02,0.0
582.01,2026-06-26T00:13:13.788078,63957.645,115745.289,0.739,5813.697,133612.683,0.02,0.0
582.061,2026-06-26T00:13:13.839121,64001.5,115795.289,0.747,5813.698,133612.683,0.02,0.0
582.112,2026-06-26T00:13:13.890198,63319.645,115795.289,0.798,5813.699,133612.683,0.02,0.0
582.163,2026-06-26T00:13:13.941205,63207.645,114995.289,0.835,5813.7,133612.683,0.02,0.0
582.214,2026-06-26T00:13:13.992203,63207.645,114995.289,0.814,5813.701,133612.683,0.02,0.0
582.265,2026-06-26T00:13:14.043218,63207.645,114995.289,0.799,5813.702,133612.683,0.02,0.0
582.316,2026-06-26T00:13:14.094223,63207.645,114995.289,0.835,5813.703,133612.683,0.02,0.0
582.367,2026-06-26T00:13:14.145235,63234.957,115795.289,0.814,5813.704,133662.683,0.02,980.156
582.418,2026-06-26T00:13:14.196239,63286.5,115795.289,0.8,5813.705,133662.683,0.02,0.0
582.469,2026-06-26T00:13:14.247237,63337.586,115795.289,0.79,5813.706,133662.683,0.02,0.0
582.52,2026-06-26T00:13:14.298263,63389.133,115795.289,0.828,5813.707,133662.683,0.02,0.0
582.571,2026-06-26T00:13:14.349258,63440.457,115795.289,0.764,5813.708,133662.683,0.02,0.0
582.622,2026-06-26T00:13:14.400270,63491.625,115795.289,0.81,5813.71,133662.683,0.02,0.0
582.673,2026-06-26T00:13:14.451272,63542.277,115795.289,0.797,5813.711,133662.683,0.02,0.0
582.724,2026-06-26T00:13:14.502264,63592.871,115795.289,0.788,5813.712,133662.683,0.02,0.0
582.775,2026-06-26T00:13:14.553289,63643.457,115795.289,0.781,5813.713,133662.683,0.02,0.0
582.826,2026-06-26T00:13:14.604273,63693.25,115795.289,0.823,5813.714,133662.683,0.02,0.0
582.877,2026-06-26T00:13:14.655283,63742.02,115795.289,0.76,5813.715,133662.683,0.02,0.0
582.928,2026-06-26T00:13:14.706278,63790.98,115795.289,0.762,5813.716,133662.683,0.02,0.0
583.049,2026-06-26T00:13:14.827119,63906.766,115795.289,0.902,5814.063,133662.683,2.886,0.0
583.1,2026-06-26T00:13:14.877553,63957.098,115795.289,0.863,5814.064,133662.683,0.021,0.0
583.15,2026-06-26T00:13:14.928218,63969.645,115795.289,0.882,5814.065,133662.683,0.021,0.0
583.201,2026-06-26T00:13:14.978843,63998.145,115795.289,0.848,5814.066,133662.683,0.021,0.0
583.252,2026-06-26T00:13:15.029639,63445.645,115795.289,0.87,5814.067,133662.683,0.02,0.0
583.303,2026-06-26T00:13:15.080582,63207.645,114995.289,0.839,5814.068,133662.683,0.02,0.0
583.354,2026-06-26T00:13:15.131622,63207.645,114995.289,0.817,5814.069,133662.683,0.02,0.0
583.405,2026-06-26T00:13:15.182686,63207.645,114995.289,0.801,5814.071,133662.683,0.02,0.0
583.456,2026-06-26T00:13:15.233722,63207.645,114995.289,0.79,5814.072,133662.683,0.02,0.0
583.507,2026-06-26T00:13:15.284771,63225.742,115795.289,0.783,5814.073,133712.683,0.02,979.813
583.558,2026-06-26T00:13:15.335817,63276.395,115795.289,0.778,5814.074,133712.683,0.02,0.0
583.609,2026-06-26T00:13:15.386896,63327.465,115795.289,0.774,5814.075,133712.683,0.02,0.0
583.66,2026-06-26T00:13:15.437913,63378.676,115795.289,0.771,5814.076,133712.683,0.02,0.0
583.711,2026-06-26T00:13:15.488970,63429.188,115795.289,0.815,5814.077,133712.683,0.02,0.0
583.762,2026-06-26T00:13:15.539991,63479.324,115795.289,0.755,5814.078,133712.683,0.02,0.0
583.813,2026-06-26T00:13:15.591033,63529.383,115795.289,0.804,5814.079,133712.683,0.02,0.0
583.864,2026-06-26T00:13:15.642083,63579.312,115795.289,0.792,5814.08,133712.683,0.02,0.0
583.915,2026-06-26T00:13:15.693121,63628.902,115795.289,0.784,5814.081,133712.683,0.02,0.0
583.966,2026-06-26T00:13:15.744198,63678.465,115795.289,0.824,5814.082,133712.683,0.02,0.0
584.017,2026-06-26T00:13:15.795197,63728.883,115795.289,0.807,5814.083,133712.683,0.02,0.0
584.068,2026-06-26T00:13:15.846206,63779.773,115795.289,0.795,5814.084,133712.683,0.02,0.0
584.119,2026-06-26T00:13:15.897218,63831.082,115795.289,0.832,5814.085,133712.683,0.02,0.0
584.17,2026-06-26T00:13:15.948220,63882.855,115795.289,0.858,5814.086,133712.683,0.02,0.0
584.221,2026-06-26T00:13:15.999231,63934.227,115795.289,0.784,5814.087,133712.683,0.02,0.0
584.272,2026-06-26T00:13:16.050237,63986.336,115795.289,0.779,5814.088,133712.683,0.02,0.0
584.323,2026-06-26T00:13:16.101252,63976.035,115795.289,0.821,5814.089,133712.683,0.02,0.0
584.374,2026-06-26T00:13:16.152252,63713.645,115795.289,0.804,5814.09,133712.683,0.02,0.0
584.425,2026-06-26T00:13:16.203243,63207.645,114995.289,0.793,5814.091,133712.683,0.02,0.0
584.476,2026-06-26T00:13:16.254248,63207.645,114995.289,0.785,5814.092,133712.683,0.02,0.0
584.527,2026-06-26T00:13:16.305254,63207.645,114995.289,0.779,5814.093,133712.683,0.02,0.0
584.578,2026-06-26T00:13:16.356196,63207.645,114995.289,0.823,5814.094,133712.683,0.021,0.0
584.629,2026-06-26T00:13:16.406787,63216.676,115045.289,0.761,5814.096,133762.683,0.021,984.708
584.68,2026-06-26T00:13:16.457659,63207.645,114995.289,0.808,5814.097,133762.683,0.02,0.0
584.731,2026-06-26T00:13:16.508685,63209.316,115045.289,0.749,5814.098,133812.683,0.02,978.953
584.782,2026-06-26T00:13:16.559749,63207.645,114995.289,0.8,5814.099,133812.683,0.02,0.0
584.833,2026-06-26T00:13:16.610769,63207.645,114995.289,0.79,5814.1,133862.683,0.02,979.794
584.884,2026-06-26T00:13:16.661825,63253.172,115795.289,0.783,5814.101,133862.683,0.02,0.0
584.935,2026-06-26T00:13:16.712850,63304.52,115795.289,0.732,5814.102,133862.683,0.02,0.0
584.986,2026-06-26T00:13:16.763883,63355.512,115795.289,0.788,5814.103,133862.683,0.02,0.0
585.037,2026-06-26T00:13:16.814929,63406.082,115795.289,0.781,5814.104,133862.683,0.02,0.0
585.088,2026-06-26T00:13:16.865956,63456.109,115795.289,0.822,5814.105,133862.683,0.02,0.0
585.139,2026-06-26T00:13:16.916986,63506.59,115795.289,0.759,5814.106,133862.683,0.02,0.0
585.19,2026-06-26T00:13:16.968029,63557.859,115795.289,0.853,5814.107,133862.683,0.02,0.0
585.241,2026-06-26T00:13:17.019047,63609.121,115795.289,0.781,5814.108,133862.683,0.02,0.0
585.292,2026-06-26T00:13:17.070115,63660.355,115795.289,0.868,5814.109,133862.683,0.02,0.0
585.343,2026-06-26T00:13:17.121118,63709.652,115795.289,0.837,5814.11,133862.683,0.02,0.0
585.394,2026-06-26T00:13:17.172196,63758.789,115795.289,0.816,5814.111,133862.683,0.02,0.0
585.445,2026-06-26T00:13:17.223232,63808.727,115795.289,0.801,5814.112,133862.683,0.02,0.0
585.496,2026-06-26T00:13:17.274236,63861.277,115795.289,0.79,5814.113,133862.683,0.02,0.0
585.547,2026-06-26T00:13:17.325246,63914.266,115795.289,0.783,5814.114,133862.683,0.02,0.0
585.598,2026-06-26T00:13:17.376250,63967.312,115795.289,0.778,5814.115,133862.683,0.02,0.0
585.649,2026-06-26T00:13:17.427256,63957.645,115745.289,0.774,5814.116,133862.683,0.02,0.0
585.7,2026-06-26T00:13:17.478261,63983.645,115795.289,0.772,5814.117,133862.683,0.02,0.0
585.751,2026-06-26T00:13:17.529271,63223.645,115795.289,0.816,5814.118,133862.683,0.02,0.0
585.802,2026-06-26T00:13:17.580280,63207.645,114995.289,0.801,5814.12,133862.683,0.02,0.0
585.853,2026-06-26T00:13:17.631282,63207.645,114995.289,0.79,5814.121,133862.683,0.02,0.0
585.904,2026-06-26T00:13:17.682287,63207.645,114995.289,0.783,5814.122,133862.683,0.02,0.0
585.955,2026-06-26T00:13:17.733346,63207.645,114995.289,0.778,5814.123,133912.683,0.02,979.584
586.007,2026-06-26T00:13:17.784368,63245.645,115045.289,0.728,5814.124,133912.683,0.02,0.0
586.058,2026-06-26T00:13:17.835406,63207.645,114995.289,0.785,5814.125,133912.683,0.02,0.0
586.109,2026-06-26T00:13:17.886449,63238.082,115045.289,0.779,5814.126,133962.683,0.02,979.826
586.16,2026-06-26T00:13:17.937479,63207.645,114995.289,0.775,5814.127,133962.683,0.02,0.0
586.211,2026-06-26T00:13:17.988564,63229.645,115045.289,0.818,5814.128,134012.683,0.02,979.749
586.262,2026-06-26T00:13:18.039590,63207.645,114995.289,0.848,5814.129,134012.683,0.02,0.0
586.313,2026-06-26T00:13:18.090652,63220.398,115795.289,0.823,5814.13,134062.683,0.02,979.575
586.364,2026-06-26T00:13:18.141681,63268.871,115795.289,0.852,5814.131,134062.683,0.02,0.0
586.415,2026-06-26T00:13:18.192727,63304.715,115795.289,0.826,5814.132,134062.683,0.02,0.0
586.466,2026-06-26T00:13:18.243746,63337.586,115795.289,0.809,5814.133,134062.683,0.021,0.0
586.517,2026-06-26T00:13:18.294386,63370.484,115795.289,0.797,5814.134,134062.683,0.02,0.0
586.568,2026-06-26T00:13:18.345408,63405.957,115795.289,0.787,5814.135,134062.683,0.02,0.0
586.619,2026-06-26T00:13:18.396458,63439.555,115795.289,0.781,5814.136,134062.683,0.02,0.0
586.67,2026-06-26T00:13:18.447507,63472.215,115795.289,0.776,5814.137,134062.683,0.02,0.0
586.721,2026-06-26T00:13:18.498555,63506.289,115795.289,0.773,5814.138,134062.683,0.02,0.0
586.772,2026-06-26T00:13:18.549579,63540.512,115795.289,0.816,5814.139,134062.683,0.02,0.0
586.823,2026-06-26T00:13:18.600627,63576.527,115795.289,0.755,5814.14,134062.683,0.02,0.0
586.874,2026-06-26T00:13:18.651658,63608.809,115795.289,0.804,5814.141,134062.683,0.02,0.0
586.925,2026-06-26T00:13:18.702711,63641.789,115795.289,0.747,5814.142,134062.683,0.02,0.0
586.976,2026-06-26T00:13:18.753721,63679.191,115795.289,0.798,5814.143,134062.683,0.02,0.0
587.027,2026-06-26T00:13:18.804767,63716.648,115795.289,0.743,5814.145,134062.683,0.02,0.0
587.078,2026-06-26T00:13:18.855779,63751.648,115795.289,0.795,5814.146,134062.683,0.02,0.0
587.129,2026-06-26T00:13:18.906827,63785.484,115795.289,0.74,5814.147,134062.683,0.02,0.0
587.18,2026-06-26T00:13:18.957853,63819.617,115795.289,0.794,5814.148,134062.683,0.02,0.0
587.231,2026-06-26T00:13:19.008892,63852.156,115795.289,0.831,5814.149,134062.683,0.02,0.0
587.282,2026-06-26T00:13:19.059905,63886.75,115795.289,0.858,5814.15,134062.683,0.02,0.0
587.333,2026-06-26T00:13:19.110926,63921.16,115795.289,0.784,5814.151,134062.683,0.02,0.0
587.384,2026-06-26T00:13:19.161963,63956.082,115795.289,0.779,5814.152,134062.683,0.02,0.0
587.435,2026-06-26T00:13:19.212998,64000.453,115795.289,0.821,5814.153,134062.683,0.02,0.0
587.486,2026-06-26T00:13:19.264003,63969.645,115795.289,0.804,5814.154,134062.683,0.02,0.0
587.537,2026-06-26T00:13:19.315042,64005.645,115795.289,0.747,5814.155,134062.683,0.02,0.0
587.588,2026-06-26T00:13:19.366056,63471.645,115795.289,0.844,5814.156,134062.683,0.02,0.0
587.639,2026-06-26T00:13:19.417103,63207.645,114995.289,0.82,5814.157,134062.683,0.02,0.0
587.69,2026-06-26T00:13:19.468108,63207.645,114995.289,0.804,5814.158,134062.683,0.02,0.0
587.741,2026-06-26T00:13:19.519123,63207.645,114995.289,0.792,5814.159,134062.683,0.02,0.0
587.792,2026-06-26T00:13:19.570187,63207.645,114995.289,0.784,5814.16,134062.683,0.02,0.0
587.843,2026-06-26T00:13:19.621215,63207.645,114995.289,0.779,5814.161,134062.683,0.02,0.0
587.894,2026-06-26T00:13:19.672230,63207.645,114995.289,0.775,5814.162,134062.683,0.02,0.0
587.945,2026-06-26T00:13:19.723238,63231.465,115795.289,0.772,5814.163,134112.683,0.02,980.156
588.066,2026-06-26T00:13:19.844052,63338.09,115795.289,0.91,5814.51,134112.683,2.88,0.0
588.117,2026-06-26T00:13:19.894486,63388.035,115795.289,0.868,5814.511,134112.683,0.021,0.0
588.167,2026-06-26T00:13:19.945088,63438.078,115795.289,0.886,5814.512,134112.683,0.021,0.0
588.218,2026-06-26T00:13:19.995732,63489.055,115795.289,0.851,5814.513,134112.683,0.021,0.0
588.269,2026-06-26T00:13:20.046530,63540.164,115795.289,0.78,5814.514,134112.683,0.021,0.0
588.32,2026-06-26T00:13:20.097447,63591.703,115795.289,0.822,5814.515,134112.683,0.02,0.0
588.371,2026-06-26T00:13:20.148473,63642.805,115795.289,0.759,5814.516,134112.683,0.02,0.0
588.422,2026-06-26T00:13:20.199533,63694.09,115795.289,0.806,5814.517,134112.683,0.02,0.0
588.473,2026-06-26T00:13:20.250574,63745.375,115795.289,0.794,5814.518,134112.683,0.02,0.0
588.524,2026-06-26T00:13:20.301638,63795.738,115795.289,0.785,5814.519,134112.683,0.02,0.0
588.575,2026-06-26T00:13:20.352667,63845.027,115795.289,0.825,5814.52,134112.683,0.02,0.0
588.626,2026-06-26T00:13:20.403716,63894.273,115795.289,0.807,5814.521,134112.683,0.02,0.0
588.677,2026-06-26T00:13:20.454724,63943.035,115795.289,0.841,5814.522,134112.683,0.02,0.0
588.728,2026-06-26T00:13:20.505798,63992.02,115795.289,0.818,5814.523,134112.683,0.02,0.0
588.779,2026-06-26T00:13:20.556827,63979.598,115795.289,0.802,5814.525,134112.683,0.02,0.0
588.83,2026-06-26T00:13:20.607885,63727.645,115795.289,0.837,5814.526,134112.683,0.02,0.0
588.881,2026-06-26T00:13:20.658910,63207.645,114995.289,0.816,5814.527,134112.683,0.02,0.0
588.932,2026-06-26T00:13:20.709950,63207.645,114995.289,0.8,5814.528,134112.683,0.02,0.0
588.983,2026-06-26T00:13:20.760994,63207.645,114995.289,0.79,5814.529,134112.683,0.02,0.0
589.034,2026-06-26T00:13:20.812027,63207.645,114995.289,0.783,5814.53,134112.683,0.02,0.0
589.085,2026-06-26T00:13:20.863049,63207.645,114995.289,0.777,5814.531,134162.683,0.02,979.282
589.136,2026-06-26T00:13:20.914091,63247.949,115795.289,0.774,5814.532,134162.683,0.02,0.0
589.187,2026-06-26T00:13:20.965106,63297.316,115795.289,0.771,5814.533,134162.683,0.02,0.0
589.238,2026-06-26T00:13:21.016169,63347.098,115795.289,0.77,5814.534,134162.683,0.02,0.0
589.289,2026-06-26T00:13:21.067206,63397.199,115795.289,0.814,5814.535,134162.683,0.02,0.0
589.34,2026-06-26T00:13:21.118195,63448.352,115795.289,0.754,5814.536,134162.683,0.02,0.0
589.391,2026-06-26T00:13:21.169201,63499.629,115795.289,0.757,5814.537,134162.683,0.02,0.0
589.442,2026-06-26T00:13:21.220201,63550.793,115795.289,0.806,5814.538,134162.683,0.02,0.0
589.493,2026-06-26T00:13:21.271227,63601.812,115795.289,0.794,5814.539,134162.683,0.02,0.0
589.544,2026-06-26T00:13:21.322228,63652.902,115795.289,0.785,5814.54,134162.683,0.02,0.0
589.595,2026-06-26T00:13:21.373236,63704.52,115795.289,0.779,5814.541,134162.683,0.02,0.0
589.646,2026-06-26T00:13:21.424258,63754.82,115795.289,0.821,5814.542,134162.683,0.02,0.0
589.697,2026-06-26T00:13:21.475255,63804.152,115795.289,0.851,5814.543,134162.683,0.02,0.0
589.748,2026-06-26T00:13:21.526273,63852.832,115795.289,0.825,5814.544,134162.683,0.02,0.0
589.799,2026-06-26T00:13:21.577275,63901.395,115795.289,0.807,5814.545,134162.683,0.02,0.0
589.85,2026-06-26T00:13:21.628281,63949.945,115795.289,0.795,5814.546,134162.683,0.02,0.0
589.901,2026-06-26T00:13:21.679360,63998.621,115795.289,0.832,5814.547,134162.683,0.02,0.0
589.953,2026-06-26T00:13:21.730379,63986.07,115795.289,0.812,5814.549,134162.683,0.02,0.0
590.004,2026-06-26T00:13:21.781434,63629.645,115795.289,0.798,5814.55,134162.683,0.02,0.0
590.055,2026-06-26T00:13:21.832460,63207.645,114995.289,0.788,5814.551,134162.683,0.02,0.0
590.106,2026-06-26T00:13:21.883500,63207.645,114995.289,0.781,5814.552,134162.683,0.02,0.0
590.157,2026-06-26T00:13:21.934549,63207.645,114995.289,0.776,5814.553,134162.683,0.02,0.0
590.208,2026-06-26T00:13:21.985607,63207.645,114995.289,0.773,5814.554,134162.683,0.02,0.0
590.259,2026-06-26T00:13:22.036633,63207.645,114995.289,0.771,5814.555,134212.683,0.02,979.218
590.31,2026-06-26T00:13:22.087676,63255.027,115795.289,0.769,5814.556,134212.683,0.02,0.0
590.361,2026-06-26T00:13:22.138690,63303.973,115795.289,0.768,5814.557,134212.683,0.02,0.0
590.412,2026-06-26T00:13:22.189728,63352.957,115795.289,0.767,5814.558,134212.683,0.02,0.0
590.463,2026-06-26T00:13:22.240745,63402.16,115795.289,0.767,5814.559,134212.683,0.02,0.0
590.514,2026-06-26T00:13:22.291783,63451.395,115795.289,0.766,5814.56,134212.683,0.02,0.0
590.565,2026-06-26T00:13:22.342815,63501.754,115795.289,0.812,5814.561,134212.683,0.02,0.0
590.616,2026-06-26T00:13:22.393854,63551.727,115795.289,0.798,5814.562,134212.683,0.02,0.0
590.667,2026-06-26T00:13:22.444893,63601.902,115795.289,0.834,5814.563,134212.683,0.02,0.0
590.718,2026-06-26T00:13:22.495935,63651.648,115795.289,0.813,5814.564,134212.683,0.02,0.0
590.769,2026-06-26T00:13:22.546936,63701.648,115795.289,0.799,5814.565,134212.683,0.02,0.0
590.82,2026-06-26T00:13:22.597981,63751.648,115795.289,0.835,5814.566,134212.683,0.02,0.0
590.871,2026-06-26T00:13:22.649000,63801.113,115795.289,0.814,5814.567,134212.683,0.02,0.0
590.922,2026-06-26T00:13:22.700029,63849.031,115795.289,0.846,5814.568,134212.683,0.02,0.0
590.973,2026-06-26T00:13:22.751035,63897.215,115795.289,0.776,5814.569,134212.683,0.02,0.0
591.024,2026-06-26T00:13:22.802069,63944.77,115795.289,0.818,5814.57,134212.683,0.02,0.0
591.075,2026-06-26T00:13:22.853098,63992.273,115795.289,0.757,5814.571,134212.683,0.02,0.0
591.126,2026-06-26T00:13:22.904121,63979.184,115795.289,0.805,5814.572,134212.683,0.02,0.0
591.177,2026-06-26T00:13:22.955127,63735.645,115795.289,0.747,5814.574,134212.683,0.02,0.0
591.228,2026-06-26T00:13:23.006173,63207.645,114995.289,0.753,5814.575,134212.683,0.02,0.0
591.279,2026-06-26T00:13:23.057192,63207.645,114995.289,0.802,5814.576,134212.683,0.02,0.0
591.33,2026-06-26T00:13:23.108206,63207.645,114995.289,0.791,5814.577,134212.683,0.02,0.0
591.381,2026-06-26T00:13:23.159223,63207.645,114995.289,0.784,5814.578,134212.683,0.02,0.0
591.432,2026-06-26T00:13:23.210204,63207.645,114995.289,0.778,5814.579,134262.683,0.02,980.495
591.483,2026-06-26T00:13:23.261202,63246.246,115045.289,0.775,5814.58,134262.683,0.02,0.0
591.534,2026-06-26T00:13:23.312212,63207.645,114995.289,0.818,5814.581,134262.683,0.02,0.0
591.585,2026-06-26T00:13:23.363230,63235.367,115795.289,0.848,5814.582,134312.683,0.02,980.211
591.636,2026-06-26T00:13:23.414233,63284.992,115795.289,0.823,5814.583,134312.683,0.02,0.0
591.687,2026-06-26T00:13:23.465240,63334.367,115795.289,0.806,5814.584,134312.683,0.02,0.0
591.738,2026-06-26T00:13:23.516243,63384.227,115795.289,0.794,5814.585,134312.683,0.02,0.0
591.789,2026-06-26T00:13:23.567247,63434.207,115795.289,0.786,5814.586,134312.683,0.02,0.0
591.84,2026-06-26T00:13:23.618256,63485.223,115795.289,0.78,5814.587,134312.683,0.02,0.0
591.891,2026-06-26T00:13:23.669258,63532.051,115795.289,0.729,5814.588,134312.683,0.02,0.0
591.942,2026-06-26T00:13:23.720250,63583.199,115795.289,0.832,5814.589,134312.683,0.02,0.0
591.993,2026-06-26T00:13:23.771260,63634.555,115795.289,0.812,5814.59,134312.683,0.02,0.0
592.044,2026-06-26T00:13:23.822256,63685.297,115795.289,0.798,5814.591,134312.683,0.02,0.0
592.095,2026-06-26T00:13:23.873262,63734.969,115795.289,0.789,5814.592,134312.683,0.02,0.0
592.146,2026-06-26T00:13:23.924262,63783.465,115795.289,0.782,5814.593,134312.683,0.02,0.0
592.197,2026-06-26T00:13:23.975265,63832.059,115795.289,0.777,5814.594,134312.683,0.02,0.0
592.248,2026-06-26T00:13:24.026275,63880.41,115795.289,0.774,5814.595,134312.683,0.02,0.0
592.299,2026-06-26T00:13:24.077264,63928.793,115795.289,0.818,5814.596,134312.683,0.02,0.0
592.35,2026-06-26T00:13:24.128257,63976.793,115795.289,0.802,5814.597,134312.683,0.02,0.0
592.401,2026-06-26T00:13:24.179247,63961.539,115795.289,0.791,5814.599,134312.683,0.02,0.0
592.452,2026-06-26T00:13:24.230221,63973.645,115795.289,0.784,5814.6,134312.683,0.02,0.0
592.503,2026-06-26T00:13:24.281236,63317.645,115795.289,0.778,5814.601,134312.683,0.02,0.0
592.554,2026-06-26T00:13:24.332217,63207.645,114995.289,0.775,5814.602,134312.683,0.02,0.0
592.605,2026-06-26T00:13:24.383211,63207.645,114995.289,0.772,5814.603,134312.683,0.02,0.0
592.656,2026-06-26T00:13:24.434215,63207.645,114995.289,0.77,5814.604,134312.683,0.02,0.0
592.707,2026-06-26T00:13:24.485217,63207.645,114995.289,0.769,5814.605,134312.683,0.02,0.0
592.758,2026-06-26T00:13:24.536224,63229.211,115045.289,0.814,5814.606,134362.683,0.02,980.702
592.809,2026-06-26T00:13:24.587209,63207.645,114995.289,0.8,5814.607,134362.683,0.02,0.0
592.86,2026-06-26T00:13:24.638198,63215.711,115795.289,0.79,5814.608,134412.683,0.02,980.527
592.911,2026-06-26T00:13:24.689199,63264.766,115795.289,0.828,5814.609,134412.683,0.02,0.0
592.962,2026-06-26T00:13:24.740224,63314.07,115795.289,0.764,5814.61,134412.683,0.02,0.0
593.089,2026-06-26T00:13:24.866457,63437.164,115795.289,0.907,5814.957,134412.683,2.758,0.0
593.139,2026-06-26T00:13:24.916880,63488.094,115795.289,0.913,5814.958,134412.683,0.021,0.0
593.19,2026-06-26T00:13:24.967512,63538.895,115795.289,0.824,5814.959,134412.683,0.021,0.0
593.24,2026-06-26T00:13:25.018129,63590.113,115795.289,0.808,5814.96,134412.683,0.021,0.0
593.291,2026-06-26T00:13:25.068920,63640.805,115795.289,0.842,5814.961,134412.683,0.02,0.0
593.342,2026-06-26T00:13:25.119933,63692.02,115795.289,0.865,5814.962,134412.683,0.02,0.0
593.393,2026-06-26T00:13:25.170973,63742.516,115795.289,0.789,5814.963,134412.683,0.02,0.0
593.444,2026-06-26T00:13:25.221998,63791.727,115795.289,0.828,5814.964,134412.683,0.02,0.0
593.495,2026-06-26T00:13:25.273052,63840.715,115795.289,0.855,5814.965,134412.683,0.02,0.0
593.546,2026-06-26T00:13:25.324053,63889.195,115795.289,0.828,5814.966,134412.683,0.02,0.0
593.597,2026-06-26T00:13:25.375116,63938.215,115795.289,0.809,5814.967,134412.683,0.02,0.0
593.648,2026-06-26T00:13:25.426130,63987.258,115795.289,0.796,5814.968,134412.683,0.02,0.0
593.699,2026-06-26T00:13:25.477184,63972.363,115795.289,0.833,5814.969,134412.683,0.02,0.0
593.75,2026-06-26T00:13:25.528219,63833.645,115795.289,0.767,5814.97,134412.683,0.02,0.0
593.801,2026-06-26T00:13:25.579210,63207.645,114995.289,0.812,5814.971,134412.683,0.02,0.0
593.852,2026-06-26T00:13:25.630218,63207.645,114995.289,0.798,5814.972,134412.683,0.02,0.0
593.903,2026-06-26T00:13:25.681208,63207.645,114995.289,0.789,5814.973,134412.683,0.02,0.0
593.954,2026-06-26T00:13:25.732207,63207.645,114995.289,0.782,5814.975,134412.683,0.02,0.0
594.005,2026-06-26T00:13:25.783210,63207.645,114995.289,0.777,5814.976,134412.683,0.02,0.0
594.056,2026-06-26T00:13:25.834208,62337.645,114995.289,0.728,5814.977,134462.683,0.02,980.417
594.107,2026-06-26T00:13:25.885208,61607.645,113395.289,0.785,5814.978,134462.683,0.02,0.0
594.158,2026-06-26T00:13:25.936199,61607.645,113395.289,0.779,5814.979,134462.683,0.02,0.0
594.209,2026-06-26T00:13:25.987221,61607.645,113395.289,0.775,5814.98,134462.683,0.02,0.0
594.26,2026-06-26T00:13:26.038223,61607.645,113395.289,0.772,5814.981,134462.683,0.02,0.0
594.311,2026-06-26T00:13:26.089212,61607.645,113395.289,0.816,5814.982,134462.683,0.02,0.0
594.362,2026-06-26T00:13:26.140182,61607.645,113395.289,0.802,5814.983,134462.683,0.021,0.0
594.413,2026-06-26T00:13:26.190702,61682.402,122337.289,0.84,5814.984,134462.683,0.021,0.0
594.463,2026-06-26T00:13:26.241190,62312.395,122337.289,1.052,5814.985,134462.683,0.021,0.0
594.514,2026-06-26T00:13:26.291790,62892.566,122337.289,1.244,5814.986,134462.683,0.02,0.0
594.565,2026-06-26T00:13:26.342764,63457.906,122337.289,1.376,5814.987,134462.683,0.02,0.0
594.616,2026-06-26T00:13:26.393781,64030.645,122337.289,1.376,5814.988,134462.683,0.02,0.0
594.667,2026-06-26T00:13:26.444813,64610.082,122337.289,1.469,5814.989,134462.683,0.02,0.0
594.718,2026-06-26T00:13:26.495776,65187.77,122337.289,1.488,5814.99,134462.683,0.02,0.0
594.769,2026-06-26T00:13:26.546837,65764.848,122337.289,1.501,5814.991,134462.683,0.02,0.0
594.82,2026-06-26T00:13:26.597841,66343.246,122337.289,1.51,5814.992,134462.683,0.02,0.0
594.871,2026-06-26T00:13:26.648884,66920.965,122337.289,1.516,5814.993,134462.683,0.02,0.0
594.922,2026-06-26T00:13:26.699917,67488.895,122337.289,1.52,5814.994,134462.683,0.02,0.0
594.973,2026-06-26T00:13:26.750949,68047.883,122337.289,1.57,5814.995,134462.683,0.02,0.0
595.024,2026-06-26T00:13:26.801978,68611.359,122337.289,1.558,5814.996,134462.683,0.02,0.0
595.075,2026-06-26T00:13:26.853011,69184.91,122337.289,1.594,5814.997,134462.683,0.02,0.0
595.126,2026-06-26T00:13:26.904332,69753.625,122337.289,1.529,5814.999,134462.683,0.02,0.0
595.178,2026-06-26T00:13:26.955377,70329.328,122337.289,1.529,5815.0,134462.683,0.02,0.0
595.229,2026-06-26T00:13:27.006379,70541.734,126437.289,1.622,5815.001,134462.683,0.02,0.0
595.28,2026-06-26T00:13:27.057413,70617.328,126487.289,1.594,5815.002,134462.683,0.02,0.0
595.331,2026-06-26T00:13:27.108424,70279.145,126487.289,1.622,5815.003,134462.683,0.02,0.0
595.382,2026-06-26T00:13:27.159459,69913.066,125687.289,1.594,5815.004,134462.683,0.02,0.0
595.433,2026-06-26T00:13:27.210489,69951.227,125687.289,1.575,5815.005,134462.683,0.02,0.0
595.484,2026-06-26T00:13:27.261524,69988.492,125687.289,1.562,5815.006,134462.683,0.02,0.0
595.535,2026-06-26T00:13:27.312535,70024.461,125687.289,1.553,5815.007,134462.683,0.02,0.0
595.586,2026-06-26T00:13:27.363575,70060.77,125687.289,1.546,5815.008,134512.683,0.02,980.326
595.637,2026-06-26T00:13:27.414574,70142.406,126487.289,1.633,5815.009,134512.683,0.02,0.0
595.688,2026-06-26T00:13:27.465648,70227.906,126487.289,1.602,5815.01,134512.683,0.02,0.0
595.739,2026-06-26T00:13:27.516680,70312.574,126487.289,1.581,5815.011,134512.683,0.02,0.0
595.79,2026-06-26T00:13:27.567745,70397.484,126487.289,1.566,5815.012,134512.683,0.02,0.0
595.841,2026-06-26T00:13:27.618770,70482.863,126487.289,1.601,5815.013,134512.683,0.02,0.0
595.892,2026-06-26T00:13:27.669790,70568.102,126487.289,1.534,5815.014,134512.683,0.02,0.0
595.943,2026-06-26T00:13:27.720858,70653.168,126487.289,1.579,5815.015,134512.683,0.02,0.0
595.994,2026-06-26T00:13:27.771899,70738.129,126487.289,1.564,5815.016,134512.683,0.02,0.0
596.045,2026-06-26T00:13:27.822919,70823.086,126487.289,1.554,5815.017,134512.683,0.02,0.0
596.096,2026-06-26T00:13:27.873967,70908.781,126487.289,1.594,5815.018,134512.683,0.02,0.0
596.147,2026-06-26T00:13:27.924975,70994.742,126487.289,1.529,5815.019,134512.683,0.02,0.0
596.198,2026-06-26T00:13:27.976031,71082.215,126487.289,1.575,5815.02,134512.683,0.02,0.0
596.249,2026-06-26T00:13:28.027038,71169.969,126487.289,1.562,5815.021,134512.683,0.02,0.0
596.3,2026-06-26T00:13:28.078083,71257.73,126487.289,1.553,5815.023,134512.683,0.02,0.0
596.351,2026-06-26T00:13:28.129113,71345.305,126487.289,1.592,5815.024,134512.683,0.02,0.0
596.402,2026-06-26T00:13:28.180155,71432.723,126487.289,1.574,5815.025,134512.683,0.02,0.0
596.453,2026-06-26T00:13:28.231208,71454.422,126487.289,1.561,5815.026,134512.683,0.02,0.0
596.504,2026-06-26T00:13:28.282200,71203.18,126487.289,1.552,5815.027,134512.683,0.02,0.0
596.555,2026-06-26T00:13:28.333199,70752.148,125687.289,1.592,5815.028,134512.683,0.02,0.0
596.606,2026-06-26T00:13:28.384202,70788.77,125687.289,1.574,5815.029,134512.683,0.02,0.0
596.657,2026-06-26T00:13:28.435218,70824.77,125687.289,1.607,5815.03,134512.683,0.02,0.0
596.708,2026-06-26T00:13:28.486207,70860.176,125687.289,1.585,5815.031,134512.683,0.021,0.0
596.759,2026-06-26T00:13:28.537198,70895.77,125687.289,1.615,5815.032,134562.683,0.02,980.592
596.81,2026-06-26T00:13:28.588229,70977.875,126487.289,1.589,5815.033,134562.683,0.02,0.0
596.861,2026-06-26T00:13:28.639234,71064.797,126487.289,1.572,5815.034,134562.683,0.02,0.0
596.912,2026-06-26T00:13:28.690229,71150.59,126487.289,1.56,5815.035,134562.683,0.02,0.0
596.963,2026-06-26T00:13:28.741227,71237.652,126487.289,1.598,5815.036,134562.683,0.02,0.0
597.014,2026-06-26T00:13:28.792230,71324.262,126487.289,1.578,5815.037,134562.683,0.02,0.0
597.065,2026-06-26T00:13:28.843238,71410.805,126487.289,1.564,5815.038,134562.683,0.02,0.0
597.116,2026-06-26T00:13:28.894272,71495.312,126487.289,1.554,5815.039,134562.683,0.02,0.0
597.167,2026-06-26T00:13:28.945278,71580.719,126487.289,1.593,5815.04,134562.683,0.02,0.0
597.218,2026-06-26T00:13:28.996273,71666.391,126487.289,1.529,5815.041,134562.683,0.02,0.0
597.269,2026-06-26T00:13:29.047266,71753.117,126487.289,1.576,5815.042,134562.683,0.021,0.0
597.32,2026-06-26T00:13:29.098246,71839.102,126487.289,1.563,5815.043,134562.683,0.02,0.0
597.371,2026-06-26T00:13:29.149254,71925.672,126487.289,1.554,5815.044,134562.683,0.021,0.0
597.422,2026-06-26T00:13:29.200240,72013.031,126487.289,1.547,5815.046,134562.683,0.02,0.0
597.473,2026-06-26T00:13:29.251249,72100.582,126487.289,1.634,5815.047,134562.683,0.02,0.0
597.524,2026-06-26T00:13:29.302247,72188.008,126487.289,1.558,5815.048,134562.683,0.02,0.0
597.575,2026-06-26T00:13:29.353244,72220.824,126437.289,1.596,5815.049,134562.683,0.02,0.0
597.626,2026-06-26T00:13:29.404259,72297.809,126487.289,1.577,5815.05,134562.683,0.02,0.0
597.677,2026-06-26T00:13:29.455256,71793.848,126487.289,1.563,5815.051,134562.683,0.02,0.0
597.728,2026-06-26T00:13:29.506262,71580.441,125687.289,1.554,5815.052,134562.683,0.02,0.0
597.779,2026-06-26T00:13:29.557272,71615.992,125687.289,1.593,5815.053,134562.683,0.02,0.0
597.83,2026-06-26T00:13:29.608277,71651.59,125687.289,1.575,5815.054,134562.683,0.02,0.0
597.881,2026-06-26T00:13:29.659266,71687.254,125687.289,1.562,5815.055,134562.683,0.02,0.0
597.932,2026-06-26T00:13:29.710262,71742.203,126487.289,1.553,5815.056,134612.683,0.021,980.656
597.983,2026-06-26T00:13:29.761268,71828.918,126487.289,1.546,5815.057,134612.683,0.02,0.0
598.104,2026-06-26T00:13:29.882359,72034.492,126487.289,1.704,5815.405,134612.683,2.885,0.0
598.155,2026-06-26T00:13:29.932782,72119.559,126487.289,1.609,5815.406,134612.683,0.021,0.0
598.206,2026-06-26T00:13:29.983442,72205.73,126487.289,1.59,5815.407,134612.683,0.021,0.0
598.256,2026-06-26T00:13:30.034052,72292.266,126487.289,1.667,5815.408,134612.683,0.021,0.0
598.307,2026-06-26T00:13:30.084853,72378.656,126487.289,1.628,5815.409,134612.683,0.021,0.0
598.358,2026-06-26T00:13:30.135768,72465.844,126487.289,1.599,5815.41,134612.683,0.02,0.0
598.409,2026-06-26T00:13:30.186791,72553.629,126487.289,1.579,5815.411,134612.683,0.02,0.0
598.46,2026-06-26T00:13:30.237823,72641.41,126487.289,1.61,5815.412,134612.683,0.02,0.0
598.511,2026-06-26T00:13:30.288851,72729.891,126487.289,1.587,5815.413,134612.683,0.02,0.0
598.562,2026-06-26T00:13:30.339877,72819.418,126487.289,1.57,5815.414,134612.683,0.02,0.0
598.613,2026-06-26T00:13:30.390913,72909.453,126487.289,1.558,5815.415,134612.683,0.02,0.0
598.664,2026-06-26T00:13:30.441921,72999.605,126487.289,1.596,5815.416,134612.683,0.02,0.0
598.715,2026-06-26T00:13:30.492973,73052.746,126487.289,1.623,5815.418,134612.683,0.02,0.0
598.766,2026-06-26T00:13:30.543984,73111.199,126487.289,1.595,5815.419,134612.683,0.02,0.0
598.817,2026-06-26T00:13:30.595012,72660.16,126487.289,1.576,5815.42,134612.683,0.02,0.0
598.868,2026-06-26T00:13:30.646026,72397.27,125687.289,1.608,5815.421,134612.683,0.02,0.0
598.919,2026-06-26T00:13:30.697050,72433.574,125687.289,1.585,5815.422,134612.683,0.02,0.0
598.97,2026-06-26T00:13:30.748057,72469.77,125687.289,1.523,5815.423,134612.683,0.02,0.0
599.021,2026-06-26T00:13:30.799090,72505.848,125687.289,1.572,5815.424,134612.683,0.02,0.0
599.072,2026-06-26T00:13:30.850091,72564.445,125737.289,1.559,5815.425,134662.683,0.02,979.717
599.123,2026-06-26T00:13:30.901122,72578.867,125687.289,1.597,5815.426,134662.683,0.02,0.0
599.174,2026-06-26T00:13:30.952205,72626.852,125737.289,1.531,5815.427,134712.683,0.02,979.364
599.225,2026-06-26T00:13:31.003209,72653.117,125687.289,1.577,5815.428,134712.683,0.02,0.0
599.276,2026-06-26T00:13:31.054197,72693.555,125737.289,1.564,5815.429,134762.683,0.021,980.748
599.327,2026-06-26T00:13:31.105218,72727.621,125687.289,1.554,5815.43,134762.683,0.02,0.0
599.378,2026-06-26T00:13:31.156231,72764.77,125687.289,1.593,5815.431,134812.683,0.02,980.459
599.429,2026-06-26T00:13:31.207220,72847.469,125737.289,1.575,5815.432,134812.683,0.02,0.0
599.48,2026-06-26T00:13:31.258221,72839.16,125687.289,1.608,5815.433,134862.683,0.02,980.468
599.531,2026-06-26T00:13:31.309216,72912.934,125737.289,1.585,5815.434,134862.683,0.021,0.0
599.582,2026-06-26T00:13:31.360235,72913.227,125687.289,1.569,5815.435,134862.683,0.02,0.0
599.633,2026-06-26T00:13:31.411257,72975.746,126487.289,1.558,5815.436,134912.683,0.02,980.537
599.684,2026-06-26T00:13:31.462237,73062.176,126487.289,1.596,5815.437,134912.683,0.02,0.0
599.735,2026-06-26T00:13:31.513221,73148.188,126487.289,1.577,5815.438,134912.683,0.02,0.0
599.786,2026-06-26T00:13:31.564212,73234.668,126487.289,1.564,5815.439,134912.683,0.021,0.0
599.837,2026-06-26T00:13:31.615227,73322.102,126487.289,1.554,5815.441,134912.683,0.02,0.0
599.888,2026-06-26T00:13:31.666232,73409.082,126487.289,1.547,5815.442,134912.683,0.02,0.0
599.939,2026-06-26T00:13:31.717220,73496.379,126487.289,1.543,5815.443,134912.683,0.021,0.0
599.99,2026-06-26T00:13:31.768205,73584.328,126487.289,1.631,5815.444,134912.683,0.02,0.0
600.041,2026-06-26T00:13:31.819198,73674.422,126487.289,1.602,5815.445,134912.683,0.021,0.0
600.092,2026-06-26T00:13:31.870231,73764.422,126487.289,1.626,5815.446,134912.683,0.02,0.0
600.143,2026-06-26T00:13:31.921231,73854.262,126487.289,1.598,5815.447,134912.683,0.02,0.0
600.194,2026-06-26T00:13:31.972212,73944.367,126487.289,1.624,5815.448,134912.683,0.021,0.0
600.245,2026-06-26T00:13:32.023203,74034.445,126487.289,1.597,5815.449,134912.683,0.02,0.0
600.296,2026-06-26T00:13:32.074207,74124.371,126487.289,1.577,5815.45,134912.683,0.02,0.0
600.347,2026-06-26T00:13:32.125205,74214.312,126487.289,1.564,5815.451,134912.683,0.02,0.0
600.398,2026-06-26T00:13:32.176208,74304.324,126487.289,1.554,5815.452,134912.683,0.02,0.0
600.449,2026-06-26T00:13:32.227208,74327.875,126487.289,1.548,5815.453,134912.683,0.021,0.0
600.5,2026-06-26T00:13:32.278202,73879.07,126487.289,1.589,5815.454,134912.683,0.02,0.0
600.551,2026-06-26T00:13:32.329216,73616.02,125687.289,1.572,5815.455,134912.683,0.02,0.0
600.602,2026-06-26T00:13:32.380216,73652.312,125687.289,1.56,5815.456,134912.683,0.02,0.0
600.653,2026-06-26T00:13:32.431231,73687.27,125687.289,1.551,5815.457,134912.683,0.02,0.0
600.704,2026-06-26T00:13:32.482221,73721.77,125687.289,1.545,5815.458,134912.683,0.02,0.0
600.755,2026-06-26T00:13:32.533214,73781.176,125737.289,1.541,5815.459,134962.683,0.02,980.193
600.806,2026-06-26T00:13:32.584231,73793.352,125687.289,1.585,5815.46,134962.683,0.02,0.0
600.857,2026-06-26T00:13:32.635222,73846.082,125737.289,1.569,5815.461,135012.683,0.02,980.431
600.908,2026-06-26T00:13:32.686218,73868.191,125687.289,1.604,5815.462,135012.683,0.02,0.0
600.959,2026-06-26T00:13:32.737216,73479.059,125687.289,1.536,5815.464,135062.683,0.021,980.729
601.01,2026-06-26T00:13:32.788208,72115.277,125687.289,1.305,5815.465,135062.683,0.02,0.0
601.061,2026-06-26T00:13:32.839228,70801.77,125687.289,1.189,5815.466,135062.683,0.02,0.0
601.112,2026-06-26T00:13:32.890223,69467.77,125687.289,1.062,5815.467,135062.683,0.02,0.0
601.163,2026-06-26T00:13:32.941234,68155.77,125687.289,0.973,5815.468,135062.683,0.02,0.0
601.214,2026-06-26T00:13:32.992236,66843.77,125687.289,0.911,5815.469,135062.683,0.02,0.0
601.265,2026-06-26T00:13:33.043246,65710.055,122391.289,0.867,5815.47,135062.683,0.02,0.0
601.316,2026-06-26T00:13:33.094256,65809.328,122391.289,1.113,5815.471,135062.683,0.02,0.0
601.367,2026-06-26T00:13:33.145246,65908.281,122391.289,1.239,5815.472,135062.683,0.02,0.0
601.418,2026-06-26T00:13:33.196232,66006.961,122391.289,1.327,5815.473,135062.683,0.02,0.0
601.469,2026-06-26T00:13:33.247227,66105.531,122391.289,1.388,5815.474,135062.683,0.02,0.0
601.52,2026-06-26T00:13:33.298220,66204.191,122391.289,1.477,5815.475,135062.683,0.02,0.0
601.571,2026-06-26T00:13:33.349221,66301.617,122391.289,1.494,5815.476,135062.683,0.02,0.0
601.622,2026-06-26T00:13:33.400215,66397.719,122391.289,1.505,5815.477,135062.683,0.02,0.0
601.673,2026-06-26T00:13:33.451216,66493.625,122391.289,1.605,5815.478,135062.683,0.02,0.0
601.724,2026-06-26T00:13:33.502226,66589.609,122391.289,1.537,5815.479,135062.683,0.02,0.0
601.775,2026-06-26T00:13:33.553227,66686.113,122391.289,1.581,5815.48,135062.683,0.02,0.0
601.826,2026-06-26T00:13:33.604236,66785.07,122391.289,1.612,5815.481,135062.683,0.02,0.0
601.877,2026-06-26T00:13:33.655230,66885.352,122391.289,1.588,5815.482,135062.683,0.02,0.0
601.928,2026-06-26T00:13:33.706217,66984.535,122391.289,1.571,5815.483,135062.683,0.02,0.0
601.979,2026-06-26T00:13:33.757238,67084.664,122391.289,1.56,5815.484,135062.683,0.02,0.0
602.03,2026-06-26T00:13:33.808235,67185.086,122391.289,1.597,5815.485,135062.683,0.02,0.0
602.081,2026-06-26T00:13:33.859237,67221.652,122391.289,1.531,5815.486,135062.683,0.02,0.0
602.132,2026-06-26T00:13:33.910233,66973.27,122391.289,1.578,5815.488,135062.683,0.02,0.0
602.183,2026-06-26T00:13:33.961206,66547.746,121591.289,1.564,5815.489,135062.683,0.02,0.0
602.234,2026-06-26T00:13:34.012234,66593.77,121591.289,1.554,5815.49,135062.683,0.02,0.0
602.285,2026-06-26T00:13:34.063219,66640.496,121591.289,1.548,5815.491,135062.683,0.02,0.0
602.336,2026-06-26T00:13:34.114218,66687.27,121591.289,1.589,5815.492,135062.683,0.02,0.0
602.387,2026-06-26T00:13:34.165232,66746.32,121641.289,1.572,5815.493,135112.683,0.02,980.624
602.438,2026-06-26T00:13:34.216225,66780.844,121591.289,1.56,5815.494,135112.683,0.02,0.0
602.489,2026-06-26T00:13:34.267238,66831.797,122391.289,1.643,5815.495,135162.683,0.02,980.463
602.54,2026-06-26T00:13:34.318235,66930.582,122391.289,1.564,5815.496,135162.683,0.02,0.0
602.591,2026-06-26T00:13:34.369242,67029.293,122391.289,1.554,5815.497,135162.683,0.02,0.0
602.642,2026-06-26T00:13:34.420249,67127.652,122391.289,1.593,5815.498,135162.683,0.02,0.0
602.693,2026-06-26T00:13:34.471259,67223.75,122391.289,1.621,5815.499,135162.683,0.02,0.0
602.744,2026-06-26T00:13:34.522271,67319.562,122391.289,1.548,5815.5,135162.683,0.02,0.0
602.795,2026-06-26T00:13:34.573268,67414.902,122391.289,1.589,5815.501,135162.683,0.02,0.0
602.846,2026-06-26T00:13:34.624276,67510.527,122391.289,1.526,5815.502,135162.683,0.02,0.0
602.897,2026-06-26T00:13:34.675281,67605.145,122391.289,1.574,5815.503,135162.683,0.02,0.0
602.948,2026-06-26T00:13:34.726281,67702.93,122391.289,1.607,5815.504,135162.683,0.02,0.0
602.999,2026-06-26T00:13:34.777254,67802.145,122391.289,1.539,5815.505,135162.683,0.02,0.0
603.121,2026-06-26T00:13:34.898549,68038.367,122391.289,1.678,5815.853,135162.683,2.88,0.0
603.171,2026-06-26T00:13:34.948966,68136.996,122391.289,1.638,5815.854,135162.683,0.021,0.0
603.222,2026-06-26T00:13:34.999601,68235.426,122391.289,1.61,5815.855,135162.683,0.021,0.0
603.272,2026-06-26T00:13:35.050193,68327.301,122391.289,1.635,5815.856,135162.683,0.021,0.0
603.323,2026-06-26T00:13:35.100982,68337.977,122391.289,1.605,5815.858,135162.683,0.021,0.0
603.374,2026-06-26T00:13:35.151928,68314.77,122391.289,1.583,5815.859,135162.683,0.02,0.0
603.425,2026-06-26T00:13:35.202929,67774.77,122391.289,1.613,5815.86,135162.683,0.02,0.0
603.476,2026-06-26T00:13:35.253966,67661.645,121591.289,1.589,5815.861,135162.683,0.02,0.0
603.527,2026-06-26T00:13:35.304961,67692.27,121591.289,1.617,5815.862,135162.683,0.02,0.0
603.578,2026-06-26T00:13:35.356016,67734.211,121591.289,1.592,5815.863,135162.683,0.02,0.0
603.629,2026-06-26T00:13:35.407010,67780.699,121591.289,1.573,5815.864,135162.683,0.02,0.0
603.68,2026-06-26T00:13:35.458034,67830.785,122391.289,1.653,5815.865,135212.683,0.02,980.147
603.731,2026-06-26T00:13:35.509040,67929.586,122391.289,1.616,5815.866,135212.683,0.02,0.0
603.782,2026-06-26T00:13:35.560054,68028.582,122391.289,1.591,5815.867,135212.683,0.02,0.0
603.833,2026-06-26T00:13:35.611059,68127.262,122391.289,1.573,5815.868,135212.683,0.02,0.0
603.884,2026-06-26T00:13:35.662087,68225.555,122391.289,1.561,5815.869,135212.683,0.02,0.0
603.935,2026-06-26T00:13:35.713089,68323.891,122391.289,1.552,5815.87,135212.683,0.02,0.0
603.986,2026-06-26T00:13:35.764107,68422.398,122391.289,1.592,5815.871,135212.683,0.02,0.0
604.037,2026-06-26T00:13:35.815109,68519.672,122391.289,1.574,5815.872,135212.683,0.02,0.0
604.088,2026-06-26T00:13:35.866169,68615.473,122391.289,1.561,5815.873,135212.683,0.02,0.0
604.139,2026-06-26T00:13:35.917195,68711.301,122391.289,1.552,5815.874,135212.683,0.02,0.0
604.19,2026-06-26T00:13:35.968183,68806.465,122391.289,1.638,5815.875,135212.683,0.02,0.0
604.241,2026-06-26T00:13:36.019222,68902.477,122391.289,1.606,5815.876,135212.683,0.02,0.0
604.292,2026-06-26T00:13:36.070200,69000.902,122391.289,1.584,5815.877,135212.683,0.02,0.0
604.343,2026-06-26T00:13:36.121219,69100.121,122391.289,1.568,5815.878,135212.683,0.02,0.0
604.394,2026-06-26T00:13:36.172194,69200.145,122391.289,1.557,5815.879,135212.683,0.02,0.0
604.445,2026-06-26T00:13:36.223210,69299.91,122391.289,1.549,5815.88,135212.683,0.02,0.0
604.496,2026-06-26T00:13:36.274211,69336.27,122391.289,1.544,5815.882,135212.683,0.02,0.0
604.547,2026-06-26T00:13:36.325198,69161.77,122391.289,1.587,5815.883,135212.683,0.02,0.0
604.598,2026-06-26T00:13:36.376211,68666.27,121591.289,1.57,5815.884,135212.683,0.02,0.0
604.649,2026-06-26T00:13:36.427205,68712.887,121591.289,1.559,5815.885,135212.683,0.02,0.0
604.7,2026-06-26T00:13:36.478216,68758.965,121591.289,1.596,5815.886,135212.683,0.02,0.0
604.751,2026-06-26T00:13:36.529226,68805.344,121591.289,1.577,5815.887,135212.683,0.02,0.0
604.802,2026-06-26T00:13:36.580205,68859.289,121641.289,1.61,5815.888,135262.683,0.02,980.679
604.853,2026-06-26T00:13:36.631235,68899.203,121591.289,1.586,5815.889,135262.683,0.02,0.0
604.904,2026-06-26T00:13:36.682220,68946.441,121641.289,1.57,5815.89,135312.683,0.02,980.853
604.955,2026-06-26T00:13:36.733213,69008.176,121641.289,1.559,5815.891,135312.683,0.02,0.0
605.006,2026-06-26T00:13:36.784216,69038.918,121591.289,1.597,5815.892,135362.683,0.02,980.463
605.057,2026-06-26T00:13:36.835197,69130.691,121641.289,1.577,5815.893,135362.683,0.02,0.0
605.108,2026-06-26T00:13:36.886217,69131.77,121591.289,1.564,5815.894,135412.683,0.02,979.895
605.159,2026-06-26T00:13:36.937200,69214.477,122391.289,1.554,5815.895,135412.683,0.02,0.0
605.21,2026-06-26T00:13:36.988229,69310.23,122391.289,1.593,5815.896,135412.683,0.02,0.0
605.261,2026-06-26T00:13:37.039210,69405.645,122391.289,1.529,5815.897,135412.683,0.02,0.0
605.312,2026-06-26T00:13:37.090224,69502.488,122391.289,1.576,5815.898,135412.683,0.02,0.0
605.363,2026-06-26T00:13:37.141216,69599.188,122391.289,1.562,5815.899,135412.683,0.02,0.0
605.414,2026-06-26T00:13:37.192220,69697.457,122391.289,1.553,5815.9,135412.683,0.02,0.0
605.465,2026-06-26T00:13:37.243221,69797.062,122391.289,1.593,5815.901,135412.683,0.02,0.0
605.516,2026-06-26T00:13:37.294198,69896.414,122391.289,1.621,5815.902,135412.683,0.02,0.0
605.567,2026-06-26T00:13:37.345214,69996.582,122391.289,1.548,5815.903,135412.683,0.02,0.0
605.618,2026-06-26T00:13:37.396224,70096.32,122391.289,1.543,5815.904,135412.683,0.02,0.0
605.669,2026-06-26T00:13:37.447222,70195.988,122391.289,1.586,5815.906,135412.683,0.02,0.0
605.72,2026-06-26T00:13:37.498198,70288.555,122391.289,1.57,5815.907,135412.683,0.02,0.0
605.771,2026-06-26T00:13:37.549231,70371.695,122391.289,1.558,5815.908,135412.683,0.02,0.0
605.822,2026-06-26T00:13:37.600215,70455.297,122391.289,1.55,5815.909,135412.683,0.02,0.0
605.873,2026-06-26T00:13:37.651215,70405.598,122391.289,1.591,5815.91,135412.683,0.02,0.0
605.924,2026-06-26T00:13:37.702210,69780.0,122391.289,1.573,5815.911,135412.683,0.02,0.0
605.975,2026-06-26T00:13:37.753212,69069.77,122391.289,1.469,5815.912,135412.683,0.02,0.0
606.026,2026-06-26T00:13:37.804190,68169.77,122391.289,1.258,5815.913,135412.683,0.02,0.0
606.077,2026-06-26T00:13:37.855211,67191.77,122391.289,1.11,5815.914,135412.683,0.02,0.0
606.128,2026-06-26T00:13:37.906199,66453.77,118245.289,1.053,5815.915,135412.683,0.02,0.0
606.179,2026-06-26T00:13:37.957201,66498.77,118295.289,1.243,5815.916,135412.683,0.02,0.0
606.23,2026-06-26T00:13:38.008223,65877.77,118295.289,1.375,5815.917,135412.683,0.02,0.0
606.281,2026-06-26T00:13:38.059208,65703.77,117495.289,1.468,5815.918,135412.683,0.02,0.0
606.332,2026-06-26T00:13:38.110195,65703.77,117495.289,1.488,5815.919,135412.683,0.02,0.0
606.383,2026-06-26T00:13:38.161213,65703.77,117495.289,1.501,5815.92,135412.683,0.02,0.0
606.434,2026-06-26T00:13:38.212193,65703.77,117495.289,1.51,5815.921,135412.683,0.02,0.0
606.485,2026-06-26T00:13:38.263214,65703.77,117495.289,1.563,5815.922,135462.683,0.02,980.133
606.536,2026-06-26T00:13:38.314201,65745.477,118295.289,1.507,5815.923,135462.683,0.02,0.0
606.587,2026-06-26T00:13:38.365195,65792.531,118295.289,1.561,5815.924,135462.683,0.02,0.0
606.638,2026-06-26T00:13:38.416223,65840.668,118295.289,1.552,5815.925,135462.683,0.02,0.0
606.689,2026-06-26T00:13:38.467214,65888.906,118295.289,1.546,5815.926,135462.683,0.02,0.0
606.74,2026-06-26T00:13:38.518199,65937.238,118295.289,1.542,5815.927,135462.683,0.02,0.0
606.791,2026-06-26T00:13:38.569205,65985.609,118295.289,1.539,5815.929,135462.683,0.02,0.0
606.842,2026-06-26T00:13:38.620205,66033.965,118295.289,1.583,5815.93,135462.683,0.02,0.0
606.893,2026-06-26T00:13:38.671224,66078.223,118295.289,1.521,5815.931,135462.683,0.02,0.0
606.944,2026-06-26T00:13:38.722196,66126.281,118295.289,1.525,5815.932,135462.683,0.02,0.0
606.995,2026-06-26T00:13:38.773208,66174.414,118295.289,1.573,5815.933,135462.683,0.02,0.0
607.046,2026-06-26T00:13:38.824187,66235.418,119895.289,1.56,5815.934,135462.683,0.02,0.0
607.097,2026-06-26T00:13:38.875219,66302.188,119895.289,1.552,5815.935,135462.683,0.02,0.0
607.148,2026-06-26T00:13:38.926211,66369.102,119895.289,1.546,5815.936,135462.683,0.02,0.0
607.199,2026-06-26T00:13:38.977199,66435.094,119895.289,1.588,5815.937,135462.683,0.02,0.0
607.25,2026-06-26T00:13:39.028232,66501.941,119895.289,1.571,5815.938,135462.683,0.02,0.0
607.301,2026-06-26T00:13:39.079197,66568.82,119895.289,1.605,5815.939,135462.683,0.02,0.0
607.352,2026-06-26T00:13:39.130208,66578.027,119845.289,1.583,5815.94,135462.683,0.02,0.0
607.403,2026-06-26T00:13:39.181219,66639.18,119895.289,1.614,5815.941,135462.683,0.02,0.0
607.454,2026-06-26T00:13:39.232209,66145.234,119895.289,1.589,5815.942,135462.683,0.02,0.0
607.505,2026-06-26T00:13:39.283196,65883.887,119095.289,1.526,5815.943,135462.683,0.02,0.0
607.556,2026-06-26T00:13:39.334225,65902.535,119095.289,1.528,5815.944,135462.683,0.02,0.0
607.607,2026-06-26T00:13:39.385210,65921.266,119095.289,1.575,5815.945,135462.683,0.02,0.0
607.658,2026-06-26T00:13:39.436234,65939.926,119095.289,1.562,5815.946,135462.683,0.02,0.0
607.709,2026-06-26T00:13:39.487222,65964.934,119145.289,1.553,5815.947,135512.683,0.02,980.362
607.76,2026-06-26T00:13:39.538213,65977.246,119095.289,1.547,5815.948,135512.683,0.02,0.0
607.811,2026-06-26T00:13:39.589204,65995.996,119095.289,1.542,5815.949,135562.683,0.02,980.445
607.862,2026-06-26T00:13:39.640201,66055.602,119145.289,1.631,5815.95,135562.683,0.02,0.0
607.913,2026-06-26T00:13:39.691229,66033.301,119095.289,1.647,5815.951,135562.683,0.02,0.0
607.964,2026-06-26T00:13:39.742215,66078.793,119895.289,1.613,5815.953,135612.683,0.02,980.266
608.015,2026-06-26T00:13:39.793210,66146.883,119895.289,1.635,5815.954,135612.683,0.02,0.0
608.136,2026-06-26T00:13:39.914208,66309.996,119895.289,1.727,5816.302,135612.683,2.887,0.0
608.187,2026-06-26T00:13:39.964649,66377.988,119895.289,1.672,5816.303,135612.683,0.021,0.0
608.237,2026-06-26T00:13:40.015260,66446.582,119895.289,1.587,5816.304,135612.683,0.021,0.0
608.288,2026-06-26T00:13:40.065891,66515.332,119895.289,1.619,5816.305,135612.683,0.021,0.0
608.339,2026-06-26T00:13:40.116703,66584.402,119895.289,1.595,5816.306,135612.683,0.021,0.0
608.39,2026-06-26T00:13:40.167539,66653.516,119895.289,1.576,5816.307,135612.683,0.02,0.0
608.441,2026-06-26T00:13:40.218602,66722.816,119895.289,1.608,5816.308,135612.683,0.02,0.0
608.492,2026-06-26T00:13:40.269610,66791.934,119895.289,1.631,5816.309,135612.683,0.02,0.0
608.543,2026-06-26T00:13:40.320645,66857.941,119895.289,1.601,5816.31,135612.683,0.02,0.0
608.594,2026-06-26T00:13:40.371673,66927.277,119895.289,1.58,5816.311,135612.683,0.02,0.0
608.645,2026-06-26T00:13:40.422698,66996.602,119895.289,1.611,5816.312,135612.683,0.02,0.0
608.696,2026-06-26T00:13:40.473732,67066.102,119895.289,1.633,5816.313,135612.683,0.02,0.0
608.747,2026-06-26T00:13:40.524752,67135.758,119895.289,1.603,5816.314,135612.683,0.02,0.0
608.798,2026-06-26T00:13:40.575766,67139.715,119895.289,1.581,5816.315,135612.683,0.02,0.0
608.849,2026-06-26T00:13:40.626797,66792.562,119895.289,1.612,5816.316,135612.683,0.02,0.0
608.9,2026-06-26T00:13:40.677797,66394.254,119095.289,1.542,5816.317,135612.683,0.02,0.0
608.951,2026-06-26T00:13:40.728840,66408.301,119095.289,1.585,5816.318,135612.683,0.02,0.0
609.002,2026-06-26T00:13:40.779849,66422.098,119095.289,1.569,5816.319,135612.683,0.02,0.0
609.053,2026-06-26T00:13:40.830862,66434.723,119095.289,1.558,5816.32,135612.683,0.02,0.0
609.104,2026-06-26T00:13:40.881875,66446.68,119095.289,1.55,5816.321,135612.683,0.02,0.0
609.155,2026-06-26T00:13:40.932904,66458.129,119095.289,1.59,5816.322,135662.683,0.02,980.133
609.206,2026-06-26T00:13:40.983907,66490.602,119895.289,1.572,5816.323,135662.683,0.02,0.0
609.257,2026-06-26T00:13:41.034926,66536.684,119895.289,1.56,5816.325,135662.683,0.02,0.0
609.308,2026-06-26T00:13:41.085929,66585.535,119895.289,1.598,5816.326,135662.683,0.02,0.0
609.359,2026-06-26T00:13:41.136961,66634.266,119895.289,1.578,5816.327,135662.683,0.02,0.0
609.41,2026-06-26T00:13:41.187960,66686.656,119895.289,1.564,5816.328,135662.683,0.02,0.0
609.461,2026-06-26T00:13:41.238984,66735.84,119895.289,1.554,5816.329,135662.683,0.02,0.0
609.512,2026-06-26T00:13:41.289974,66785.977,119895.289,1.593,5816.33,135662.683,0.02,0.0
609.563,2026-06-26T00:13:41.340991,66834.84,119895.289,1.529,5816.331,135662.683,0.02,0.0
609.614,2026-06-26T00:13:41.392009,66886.176,119895.289,1.575,5816.332,135662.683,0.02,0.0
609.665,2026-06-26T00:13:41.443027,66937.852,119895.289,1.562,5816.333,135662.683,0.02,0.0
609.716,2026-06-26T00:13:41.494021,66987.449,119895.289,1.553,5816.334,135662.683,0.02,0.0
609.767,2026-06-26T00:13:41.545052,67038.348,119895.289,1.547,5816.335,135662.683,0.02,0.0
609.818,2026-06-26T00:13:41.596044,67089.914,119895.289,1.542,5816.336,135662.683,0.02,0.0
609.869,2026-06-26T00:13:41.647098,67141.102,119895.289,1.585,5816.337,135662.683,0.02,0.0
609.92,2026-06-26T00:13:41.698097,67196.875,119895.289,1.569,5816.338,135662.683,0.02,0.0
609.971,2026-06-26T00:13:41.749124,67250.109,119895.289,1.557,5816.339,135662.683,0.02,0.0
610.022,2026-06-26T00:13:41.800133,67304.008,119895.289,1.596,5816.34,135662.683,0.02,0.0
610.073,2026-06-26T00:13:41.851166,67356.492,119895.289,1.622,5816.341,135662.683,0.02,0.0
610.124,2026-06-26T00:13:41.902200,67406.637,119895.289,1.549,5816.342,135662.683,0.02,0.0
610.175,2026-06-26T00:13:41.953198,67461.516,119895.289,1.59,5816.343,135662.683,0.02,0.0
610.226,2026-06-26T00:13:42.004211,67515.711,119895.289,1.572,5816.344,135662.683,0.02,0.0
610.277,2026-06-26T00:13:42.055200,67505.473,119895.289,1.606,5816.345,135662.683,0.02,0.0
610.328,2026-06-26T00:13:42.106220,67559.004,119895.289,1.584,5816.346,135662.683,0.02,0.0
610.379,2026-06-26T00:13:42.157196,67064.062,119895.289,1.568,5816.348,135662.683,0.02,0.0
610.44,2026-06-26T00:13:42.218285,66792.676,119095.289,1.596,5816.349,135662.683,0.017,0.0
610.491,2026-06-26T00:13:42.269331,66806.738,119095.289,1.577,5816.35,135662.683,0.02,0.0
610.542,2026-06-26T00:13:42.320351,66821.094,119095.289,1.609,5816.351,135662.683,0.02,0.0
610.594,2026-06-26T00:13:42.371371,66835.332,119095.289,1.54,5816.352,135662.683,0.02,0.0
610.645,2026-06-26T00:13:42.422368,66849.457,119095.289,1.583,5816.353,135662.683,0.02,0.0
610.696,2026-06-26T00:13:42.473390,66871.621,119895.289,1.614,5816.354,135712.683,0.02,980.175
610.747,2026-06-26T00:13:42.524387,66928.359,119895.289,1.635,5816.355,135712.683,0.02,0.0
610.798,2026-06-26T00:13:42.575411,66981.395,119895.289,1.65,5816.356,135712.683,0.02,0.0
610.849,2026-06-26T00:13:42.626434,67037.625,119895.289,1.568,5816.357,135712.683,0.02,0.0
610.9,2026-06-26T00:13:42.677464,67092.559,119895.289,1.603,5816.358,135712.683,0.02,0.0
610.951,2026-06-26T00:13:42.728478,67148.266,119895.289,1.582,5816.359,135712.683,0.02,0.0
611.002,2026-06-26T00:13:42.779517,67200.98,119895.289,1.566,5816.36,135712.683,0.02,0.0
611.053,2026-06-26T00:13:42.830538,67254.734,119895.289,1.602,5816.361,135712.683,0.02,0.0
611.104,2026-06-26T00:13:42.881588,67312.617,119895.289,1.58,5816.362,135712.683,0.02,0.0
611.155,2026-06-26T00:13:42.932611,67369.492,119895.289,1.565,5816.363,135712.683,0.02,0.0
611.206,2026-06-26T00:13:42.983669,67418.719,119895.289,1.555,5816.364,135712.683,0.02,0.0
611.257,2026-06-26T00:13:43.034689,67472.453,119895.289,1.548,5816.365,135712.683,0.02,0.0
611.308,2026-06-26T00:13:43.085747,67529.871,119895.289,1.588,5816.366,135712.683,0.02,0.0
611.359,2026-06-26T00:13:43.136772,67587.484,119895.289,1.571,5816.367,135712.683,0.02,0.0
611.41,2026-06-26T00:13:43.187734,67642.902,119895.289,1.563,5816.368,135712.683,0.021,0.0
611.46,2026-06-26T00:13:43.238310,67707.328,119895.289,1.557,5816.369,135712.683,0.021,0.0
611.511,2026-06-26T00:13:43.288932,67765.578,119895.289,1.55,5816.37,135712.683,0.02,0.0
611.562,2026-06-26T00:13:43.339971,67824.094,119895.289,1.544,5816.372,135712.683,0.02,0.0
611.613,2026-06-26T00:13:43.390987,67883.062,119895.289,1.586,5816.373,135712.683,0.02,0.0
611.664,2026-06-26T00:13:43.441999,67903.266,119895.289,1.57,5816.374,135712.683,0.02,0.0
611.715,2026-06-26T00:13:43.493002,67933.062,119895.289,1.558,5816.375,135712.683,0.02,0.0
611.766,2026-06-26T00:13:43.544018,67689.707,119895.289,1.596,5816.376,135712.683,0.02,0.0
611.817,2026-06-26T00:13:43.595019,67185.07,119095.289,1.577,5816.377,135712.683,0.02,0.0
611.868,2026-06-26T00:13:43.646035,67199.484,119095.289,1.563,5816.378,135712.683,0.02,0.0
611.919,2026-06-26T00:13:43.697032,67217.09,119095.289,1.6,5816.379,135712.683,0.02,0.0
611.97,2026-06-26T00:13:43.748063,67235.938,119095.289,1.625,5816.38,135712.683,0.02,0.0
612.021,2026-06-26T00:13:43.799072,67249.805,119095.289,1.597,5816.381,135712.683,0.02,0.0
612.072,2026-06-26T00:13:43.850100,67262.738,119145.289,1.577,5816.382,135762.683,0.02,979.968
612.123,2026-06-26T00:13:43.901119,67319.477,119145.289,1.563,5816.383,135762.683,0.02,0.0
612.174,2026-06-26T00:13:43.952157,67290.719,119095.289,1.554,5816.384,135762.683,0.02,0.0
612.225,2026-06-26T00:13:44.003130,67115.406,119895.289,1.593,5816.385,135812.683,0.02,980.207
612.276,2026-06-26T00:13:44.054170,65505.281,119895.289,1.529,5816.386,135812.683,0.02,0.0
612.327,2026-06-26T00:13:44.105176,64532.504,119895.289,1.576,5816.387,135812.683,0.02,0.0
612.378,2026-06-26T00:13:44.156179,63598.0,119895.289,1.562,5816.388,135812.683,0.02,0.0
612.429,2026-06-26T00:13:44.207199,63422.652,115799.289,1.415,5816.389,135812.683,0.02,0.0
612.48,2026-06-26T00:13:44.258184,63473.254,115799.289,1.267,5816.39,135812.683,0.02,0.0
612.531,2026-06-26T00:13:44.309196,63523.883,115799.289,1.162,5816.391,135812.683,0.02,0.0
612.582,2026-06-26T00:13:44.360187,63574.637,115799.289,0.997,5816.392,135812.683,0.02,0.0
612.633,2026-06-26T00:13:44.411221,63624.879,115799.289,1.066,5816.393,135812.683,0.02,0.0
612.684,2026-06-26T00:13:44.462202,63674.711,115799.289,1.206,5816.394,135812.683,0.02,0.0
612.735,2026-06-26T00:13:44.513203,63724.645,115799.289,1.349,5816.396,135812.683,0.02,0.0
612.786,2026-06-26T00:13:44.564228,63774.801,115799.289,1.358,5816.397,135812.683,0.02,0.0
612.837,2026-06-26T00:13:44.615214,63825.953,115799.289,1.456,5816.398,135812.683,0.02,0.0
612.888,2026-06-26T00:13:44.666214,63876.512,115799.289,1.479,5816.399,135812.683,0.02,0.0
612.939,2026-06-26T00:13:44.717200,63928.543,115799.289,1.495,5816.4,135812.683,0.02,0.0
612.99,2026-06-26T00:13:44.768242,63979.078,115799.289,1.506,5816.401,135812.683,0.02,0.0
613.041,2026-06-26T00:13:44.819235,63966.762,115799.289,1.56,5816.402,135812.683,0.02,0.0
613.167,2026-06-26T00:13:44.945169,63208.008,114999.289,1.707,5816.749,135812.683,2.769,0.0
613.218,2026-06-26T00:13:44.995741,63208.008,114999.289,1.657,5816.751,135812.683,0.02,0.0
613.269,2026-06-26T00:13:45.046563,63208.008,114999.289,1.621,5816.752,135812.683,0.021,0.0
613.32,2026-06-26T00:13:45.097367,63208.008,114999.289,1.596,5816.753,135812.683,0.021,0.0
613.37,2026-06-26T00:13:45.148178,63208.547,115799.289,1.578,5816.754,135862.683,0.02,981.79
613.421,2026-06-26T00:13:45.199168,63247.016,115799.289,1.38,5816.755,135862.683,0.02,0.0
613.472,2026-06-26T00:13:45.250221,63285.66,115799.289,1.15,5816.756,135862.683,0.02,0.0
613.523,2026-06-26T00:13:45.301212,63323.691,115799.289,1.081,5816.757,135862.683,0.02,0.0
613.574,2026-06-26T00:13:45.352233,63371.02,115799.289,0.986,5816.758,135862.683,0.02,0.0
613.625,2026-06-26T00:13:45.403221,63421.109,115799.289,0.92,5816.759,135862.683,0.02,0.0
613.676,2026-06-26T00:13:45.454213,63471.219,115799.289,0.92,5816.76,135862.683,0.02,0.0
613.727,2026-06-26T00:13:45.505225,63521.559,115799.289,0.874,5816.761,135862.683,0.02,0.0
613.778,2026-06-26T00:13:45.556200,63572.074,115799.289,0.841,5816.762,135862.683,0.02,0.0
613.829,2026-06-26T00:13:45.607242,63622.922,115799.289,0.818,5816.763,135862.683,0.02,0.0
613.88,2026-06-26T00:13:45.658232,63673.859,115799.289,0.803,5816.764,135862.683,0.02,0.0
613.931,2026-06-26T00:13:45.709232,63724.398,115799.289,0.792,5816.765,135862.683,0.02,0.0
613.982,2026-06-26T00:13:45.760242,63773.121,115799.289,0.83,5816.766,135862.683,0.02,0.0
614.033,2026-06-26T00:13:45.811227,63822.812,115799.289,0.811,5816.767,135862.683,0.02,0.0
614.084,2026-06-26T00:13:45.862225,63874.629,115799.289,0.797,5816.768,135862.683,0.02,0.0
614.135,2026-06-26T00:13:45.913222,63926.918,115799.289,0.788,5816.769,135862.683,0.02,0.0
614.186,2026-06-26T00:13:45.964223,63979.16,115799.289,0.781,5816.77,135862.683,0.02,0.0
614.237,2026-06-26T00:13:46.015222,63967.469,115799.289,0.777,5816.771,135862.683,0.02,0.0
614.288,2026-06-26T00:13:46.066215,63842.012,115799.289,0.819,5816.772,135862.683,0.02,0.0
614.339,2026-06-26T00:13:46.117208,63208.012,114999.289,0.803,5816.773,135862.683,0.02,0.0
614.39,2026-06-26T00:13:46.168197,63208.012,114999.289,0.792,5816.774,135862.683,0.02,0.0
614.441,2026-06-26T00:13:46.219239,63208.012,114999.289,0.784,5816.776,135862.683,0.02,0.0
614.492,2026-06-26T00:13:46.270231,63208.012,114999.289,0.825,5816.777,135862.683,0.02,0.0
614.543,2026-06-26T00:13:46.321219,63208.012,114999.289,0.853,5816.778,135912.683,0.02,980.784
614.594,2026-06-26T00:13:46.372205,63246.422,115049.289,0.827,5816.779,135912.683,0.02,0.0
614.645,2026-06-26T00:13:46.423206,63208.012,114999.289,0.809,5816.78,135912.683,0.02,0.0
614.696,2026-06-26T00:13:46.474199,63230.324,115799.289,0.796,5816.781,135962.683,0.02,980.289
614.747,2026-06-26T00:13:46.525206,63269.219,115799.289,0.787,5816.782,135962.683,0.02,0.0
614.798,2026-06-26T00:13:46.576224,63307.969,115799.289,0.781,5816.783,135962.683,0.02,0.0
614.849,2026-06-26T00:13:46.627206,63348.758,115799.289,0.776,5816.784,135962.683,0.02,0.0
614.9,2026-06-26T00:13:46.678217,63398.152,115799.289,0.773,5816.785,135962.683,0.02,0.0
614.951,2026-06-26T00:13:46.729205,63447.582,115799.289,0.771,5816.786,135962.683,0.02,0.0
615.002,2026-06-26T00:13:46.780201,63497.062,115799.289,0.77,5816.787,135962.683,0.02,0.0
615.053,2026-06-26T00:13:46.831232,63547.418,115799.289,0.768,5816.788,135962.683,0.02,0.0
615.104,2026-06-26T00:13:46.882216,63597.684,115799.289,0.813,5816.789,135962.683,0.02,0.0
615.155,2026-06-26T00:13:46.933231,63647.945,115799.289,0.799,5816.79,135962.683,0.02,0.0
615.206,2026-06-26T00:13:46.984218,63698.09,115799.289,0.789,5816.791,135962.683,0.02,0.0
615.257,2026-06-26T00:13:47.035220,63747.812,115799.289,0.828,5816.792,135962.683,0.02,0.0
615.308,2026-06-26T00:13:47.086206,63797.922,115799.289,0.81,5816.793,135962.683,0.02,0.0
615.359,2026-06-26T00:13:47.137210,63849.906,115799.289,0.796,5816.794,135962.683,0.02,0.0
615.41,2026-06-26T00:13:47.188218,63902.344,115799.289,0.787,5816.795,135962.683,0.02,0.0
615.461,2026-06-26T00:13:47.239214,63954.918,115799.289,0.781,5816.796,135962.683,0.02,0.0
615.512,2026-06-26T00:13:47.290208,64008.0,115799.289,0.776,5816.797,135962.683,0.02,0.0
615.563,2026-06-26T00:13:47.341202,63995.512,115799.289,0.819,5816.798,135962.683,0.02,0.0
615.614,2026-06-26T00:13:47.392205,63514.012,115799.289,0.803,5816.799,135962.683,0.02,0.0
615.665,2026-06-26T00:13:47.443208,63208.012,114999.289,0.792,5816.801,135962.683,0.02,0.0
615.716,2026-06-26T00:13:47.494199,63208.012,114999.289,0.784,5816.802,135962.683,0.02,0.0
615.767,2026-06-26T00:13:47.545232,63208.012,114999.289,0.778,5816.803,135962.683,0.02,0.0
615.818,2026-06-26T00:13:47.596225,63208.012,114999.289,0.775,5816.804,135962.683,0.02,0.0
615.869,2026-06-26T00:13:47.647217,63208.012,114999.289,0.772,5816.805,136012.683,0.02,980.312
615.92,2026-06-26T00:13:47.698224,63254.887,115799.289,0.77,5816.806,136012.683,0.02,0.0
615.971,2026-06-26T00:13:47.749209,63307.488,115799.289,0.769,5816.807,136012.683,0.02,0.0
616.022,2026-06-26T00:13:47.800240,63359.629,115799.289,0.86,5816.808,136012.683,0.02,0.0
616.073,2026-06-26T00:13:47.851254,63411.137,115799.289,0.785,5816.809,136012.683,0.02,0.0
616.124,2026-06-26T00:13:47.902244,63461.707,115799.289,0.826,5816.81,136012.683,0.02,0.0
616.175,2026-06-26T00:13:47.953244,63512.535,115799.289,0.808,5816.811,136012.683,0.02,0.0
616.226,2026-06-26T00:13:48.004234,63561.488,115799.289,0.795,5816.812,136012.683,0.02,0.0
616.277,2026-06-26T00:13:48.055223,63609.844,115799.289,0.74,5816.813,136012.683,0.02,0.0
616.328,2026-06-26T00:13:48.106236,63658.254,115799.289,0.794,5816.814,136012.683,0.02,0.0
616.379,2026-06-26T00:13:48.157228,63706.973,115799.289,0.786,5816.815,136012.683,0.02,0.0
616.43,2026-06-26T00:13:48.208178,63755.488,115799.289,0.827,5816.816,136012.683,0.021,0.0
616.481,2026-06-26T00:13:48.258722,63801.219,115799.289,0.811,5816.817,136012.683,0.021,0.0
616.531,2026-06-26T00:13:48.309361,63846.527,115799.289,0.798,5816.818,136012.683,0.021,0.0
616.583,2026-06-26T00:13:48.360366,63895.477,115799.289,0.788,5816.819,136012.683,0.02,0.0
616.633,2026-06-26T00:13:48.411332,63944.098,115799.289,0.782,5816.82,136012.683,0.02,0.0
616.684,2026-06-26T00:13:48.462286,63992.852,115799.289,0.777,5816.821,136012.683,0.02,0.0
616.735,2026-06-26T00:13:48.513234,63979.977,115799.289,0.82,5816.822,136012.683,0.021,0.0
616.786,2026-06-26T00:13:48.564227,63674.012,115799.289,0.804,5816.823,136012.683,0.02,0.0
616.837,2026-06-26T00:13:48.615196,63208.012,114999.289,0.793,5816.825,136012.683,0.02,0.0
616.888,2026-06-26T00:13:48.666227,63208.012,114999.289,0.784,5816.826,136012.683,0.02,0.0
616.939,2026-06-26T00:13:48.717214,63208.012,114999.289,0.779,5816.827,136012.683,0.02,0.0
616.99,2026-06-26T00:13:48.768208,63208.012,114999.289,0.821,5816.828,136012.683,0.02,0.0
617.041,2026-06-26T00:13:48.819212,63208.012,114999.289,0.804,5816.829,136062.683,0.02,980.353
617.092,2026-06-26T00:13:48.870209,63252.887,115799.289,0.793,5816.83,136062.683,0.02,0.0
617.143,2026-06-26T00:13:48.921204,63302.621,115799.289,0.785,5816.831,136062.683,0.02,0.0
617.194,2026-06-26T00:13:48.972242,63349.09,115799.289,0.779,5816.832,136062.683,0.02,0.0
617.245,2026-06-26T00:13:49.023242,63387.121,115799.289,0.775,5816.833,136062.683,0.02,0.0
617.296,2026-06-26T00:13:49.074238,63425.203,115799.289,0.772,5816.834,136062.683,0.02,0.0
617.347,2026-06-26T00:13:49.125245,63463.344,115799.289,0.77,5816.835,136062.683,0.02,0.0
617.398,2026-06-26T00:13:49.176241,63513.613,115799.289,0.815,5816.836,136062.683,0.02,0.0
617.449,2026-06-26T00:13:49.227231,63563.969,115799.289,0.8,5816.837,136062.683,0.02,0.0
617.5,2026-06-26T00:13:49.278244,63614.262,115799.289,0.79,5816.838,136062.683,0.02,0.0
617.551,2026-06-26T00:13:49.329231,63664.562,115799.289,0.783,5816.839,136062.683,0.02,0.0
617.602,2026-06-26T00:13:49.380232,63714.891,115799.289,0.778,5816.84,136062.683,0.02,0.0
617.653,2026-06-26T00:13:49.431227,63764.602,115799.289,0.774,5816.841,136062.683,0.02,0.0
617.704,2026-06-26T00:13:49.482217,63813.387,115799.289,0.818,5816.842,136062.683,0.02,0.0
617.755,2026-06-26T00:13:49.533233,63862.152,115799.289,0.756,5816.843,136062.683,0.02,0.0
617.806,2026-06-26T00:13:49.584226,63911.012,115799.289,0.851,5816.844,136062.683,0.02,0.0
617.857,2026-06-26T00:13:49.635227,63959.754,115799.289,0.826,5816.845,136062.683,0.02,0.0
617.908,2026-06-26T00:13:49.686217,63994.012,115799.289,0.808,5816.846,136062.683,0.02,0.0
617.959,2026-06-26T00:13:49.737218,63996.488,115799.289,0.749,5816.847,136062.683,0.02,0.0
618.01,2026-06-26T00:13:49.788228,63530.012,115799.289,0.754,5816.848,136062.683,0.02,0.0
618.061,2026-06-26T00:13:49.839221,63208.012,114999.289,0.85,5816.85,136062.683,0.02,0.0
618.181,2026-06-26T00:13:49.958940,63208.039,114999.289,0.929,5817.197,136062.683,2.913,0.0
618.232,2026-06-26T00:13:50.009376,63208.039,114999.289,0.882,5817.198,136062.683,0.021,0.0
618.282,2026-06-26T00:13:50.059997,63228.543,115049.289,0.895,5817.199,136112.683,0.021,986.134
618.333,2026-06-26T00:13:50.110730,63208.039,114999.289,0.811,5817.2,136112.683,0.021,0.0
618.384,2026-06-26T00:13:50.161536,63217.758,115799.289,0.844,5817.201,136162.683,0.021,984.606
618.435,2026-06-26T00:13:50.212375,63266.867,115799.289,0.821,5817.202,136162.683,0.02,0.0
618.486,2026-06-26T00:13:50.263394,63316.371,115799.289,0.896,5817.203,136162.683,0.02,0.0
618.537,2026-06-26T00:13:50.314441,63365.852,115799.289,0.811,5817.204,136162.683,0.02,0.0
618.588,2026-06-26T00:13:50.365478,63415.852,115799.289,0.797,5817.205,136162.683,0.02,0.0
618.639,2026-06-26T00:13:50.416516,63466.867,115799.289,0.834,5817.206,136162.683,0.02,0.0
618.69,2026-06-26T00:13:50.467542,63517.445,115799.289,0.813,5817.207,136162.683,0.02,0.0
618.741,2026-06-26T00:13:50.518589,63568.023,115799.289,0.799,5817.208,136162.683,0.02,0.0
618.792,2026-06-26T00:13:50.569578,63618.684,115799.289,0.835,5817.21,136162.683,0.02,0.0
618.843,2026-06-26T00:13:50.620646,63669.516,115799.289,0.814,5817.211,136162.683,0.02,0.0
618.894,2026-06-26T00:13:50.671649,63719.738,115799.289,0.799,5817.212,136162.683,0.02,0.0
618.945,2026-06-26T00:13:50.722693,63768.43,115799.289,0.789,5817.213,136162.683,0.02,0.0
618.996,2026-06-26T00:13:50.773710,63812.727,115799.289,0.782,5817.214,136162.683,0.02,0.0
619.047,2026-06-26T00:13:50.824749,63861.496,115799.289,0.777,5817.215,136162.683,0.02,0.0
619.098,2026-06-26T00:13:50.875791,63910.156,115799.289,0.774,5817.216,136162.683,0.02,0.0
619.149,2026-06-26T00:13:50.926832,63960.25,115799.289,0.817,5817.217,136162.683,0.02,0.0
619.2,2026-06-26T00:13:50.977859,63968.039,115799.289,0.756,5817.218,136162.683,0.02,0.0
619.251,2026-06-26T00:13:51.028889,63996.297,115799.289,0.759,5817.219,136162.683,0.02,0.0
619.302,2026-06-26T00:13:51.079912,63530.039,115799.289,0.806,5817.22,136162.683,0.02,0.0
619.353,2026-06-26T00:13:51.130960,63208.039,114999.289,0.794,5817.221,136162.683,0.02,0.0
619.404,2026-06-26T00:13:51.181982,63208.039,114999.289,0.786,5817.222,136162.683,0.02,0.0
619.455,2026-06-26T00:13:51.233007,63208.039,114999.289,0.78,5817.223,136162.683,0.02,0.0
619.506,2026-06-26T00:13:51.284028,63208.039,114999.289,0.775,5817.224,136162.683,0.02,0.0
619.557,2026-06-26T00:13:51.334996,63213.262,115049.289,0.774,5817.225,136212.683,0.021,987.513
619.608,2026-06-26T00:13:51.385585,63256.613,115049.289,0.773,5817.226,136212.683,0.021,0.0
619.658,2026-06-26T00:13:51.436221,63208.039,114999.289,0.864,5817.227,136262.683,0.02,982.185
619.709,2026-06-26T00:13:51.487216,63243.414,115799.289,0.789,5817.228,136262.683,0.02,0.0
619.76,2026-06-26T00:13:51.538220,63292.828,115799.289,0.828,5817.229,136262.683,0.02,0.0
619.811,2026-06-26T00:13:51.589211,63342.188,115799.289,0.855,5817.23,136262.683,0.02,0.0
619.862,2026-06-26T00:13:51.640207,63391.445,115799.289,0.829,5817.231,136262.683,0.02,0.0
619.913,2026-06-26T00:13:51.691221,63440.887,115799.289,0.764,5817.232,136262.683,0.02,0.0
619.964,2026-06-26T00:13:51.742195,63484.25,115799.289,0.81,5817.233,136262.683,0.02,0.0
620.015,2026-06-26T00:13:51.793201,63522.527,115799.289,0.797,5817.235,136262.683,0.02,0.0
620.066,2026-06-26T00:13:51.844240,63560.609,115799.289,0.787,5817.236,136262.683,0.02,0.0
620.117,2026-06-26T00:13:51.895242,63599.426,115799.289,0.781,5817.237,136262.683,0.02,0.0
620.168,2026-06-26T00:13:51.946232,63648.02,115799.289,0.823,5817.238,136262.683,0.02,0.0
620.219,2026-06-26T00:13:51.997224,63696.594,115799.289,0.805,5817.239,136262.683,0.02,0.0
620.27,2026-06-26T00:13:52.048239,63745.488,115799.289,0.748,5817.24,136262.683,0.02,0.0
620.321,2026-06-26T00:13:52.099216,63795.711,115799.289,0.799,5817.241,136262.683,0.02,0.0
620.372,2026-06-26T00:13:52.150214,63846.84,115799.289,0.743,5817.242,136262.683,0.02,0.0
620.423,2026-06-26T00:13:52.201220,63898.664,115799.289,0.75,5817.243,136262.683,0.02,0.0
620.474,2026-06-26T00:13:52.252221,63950.48,115799.289,0.801,5817.244,136262.683,0.02,0.0
620.525,2026-06-26T00:13:52.303230,64002.551,115799.289,0.836,5817.245,136262.683,0.02,0.0
620.576,2026-06-26T00:13:52.354221,63988.988,115799.289,0.815,5817.246,136262.683,0.02,0.0
620.627,2026-06-26T00:13:52.405218,63628.039,115799.289,0.8,5817.247,136262.683,0.02,0.0
620.678,2026-06-26T00:13:52.456214,63208.039,114999.289,0.79,5817.248,136262.683,0.02,0.0
620.729,2026-06-26T00:13:52.507209,63208.039,114999.289,0.783,5817.249,136262.683,0.02,0.0
620.78,2026-06-26T00:13:52.558210,63208.039,114999.289,0.778,5817.25,136262.683,0.02,0.0
620.831,2026-06-26T00:13:52.609200,63208.039,114999.289,0.774,5817.251,136262.683,0.02,0.0
620.882,2026-06-26T00:13:52.660237,63212.828,115799.289,0.771,5817.252,136312.683,0.02,979.492
620.933,2026-06-26T00:13:52.711224,63263.332,115799.289,0.816,5817.253,136312.683,0.02,0.0
620.984,2026-06-26T00:13:52.762234,63314.148,115799.289,0.755,5817.254,136312.683,0.02,0.0
621.035,2026-06-26T00:13:52.813231,63357.941,115799.289,0.758,5817.255,136312.683,0.02,0.0
621.086,2026-06-26T00:13:52.864202,63396.281,115799.289,0.808,5817.256,136312.683,0.021,0.0
621.137,2026-06-26T00:13:52.915005,63434.512,115799.289,0.795,5817.257,136312.683,0.02,0.0
621.188,2026-06-26T00:13:52.966039,63472.355,115799.289,0.786,5817.258,136312.683,0.02,0.0
621.239,2026-06-26T00:13:53.017082,63510.469,115799.289,0.78,5817.26,136312.683,0.02,0.0
621.29,2026-06-26T00:13:53.068115,63548.664,115799.289,0.775,5817.261,136312.683,0.02,0.0
621.341,2026-06-26T00:13:53.119177,63586.922,115799.289,0.818,5817.262,136312.683,0.02,0.0
621.392,2026-06-26T00:13:53.170220,63634.855,115799.289,0.802,5817.263,136312.683,0.02,0.0
621.443,2026-06-26T00:13:53.221203,63675.641,115799.289,0.792,5817.264,136312.683,0.021,0.0
621.494,2026-06-26T00:13:53.272054,63713.422,115799.289,0.784,5817.265,136312.683,0.02,0.0
621.545,2026-06-26T00:13:53.323099,63761.016,115799.289,0.779,5817.266,136312.683,0.02,0.0
621.596,2026-06-26T00:13:53.374119,63808.922,115799.289,0.821,5817.267,136312.683,0.02,0.0
621.647,2026-06-26T00:13:53.425181,63856.535,115799.289,0.804,5817.268,136312.683,0.02,0.0
621.698,2026-06-26T00:13:53.476236,63904.277,115799.289,0.838,5817.269,136312.683,0.02,0.0
621.749,2026-06-26T00:13:53.527224,63952.043,115799.289,0.817,5817.27,136312.683,0.02,0.0
621.8,2026-06-26T00:13:53.578225,64001.242,115799.289,0.801,5817.271,136312.683,0.02,0.0
621.851,2026-06-26T00:13:53.629210,63988.07,115799.289,0.791,5817.272,136312.683,0.02,0.0
621.902,2026-06-26T00:13:53.680214,63594.039,115799.289,0.829,5817.273,136312.683,0.02,0.0
621.953,2026-06-26T00:13:53.731201,63208.039,114999.289,0.81,5817.274,136312.683,0.02,0.0
622.004,2026-06-26T00:13:53.782233,63208.039,114999.289,0.797,5817.275,136312.683,0.02,0.0
622.055,2026-06-26T00:13:53.833218,63208.039,114999.289,0.788,5817.276,136312.683,0.02,0.0
622.106,2026-06-26T00:13:53.884217,63208.039,114999.289,0.781,5817.277,136312.683,0.02,0.0
622.157,2026-06-26T00:13:53.935218,63212.211,115799.289,0.777,5817.278,136362.683,0.02,980.307
622.208,2026-06-26T00:13:53.986220,63261.07,115799.289,0.727,5817.279,136362.683,0.02,0.0
622.259,2026-06-26T00:13:54.037214,63310.398,115799.289,0.785,5817.28,136362.683,0.02,0.0
622.31,2026-06-26T00:13:54.088208,63359.602,115799.289,0.779,5817.281,136362.683,0.02,0.0
622.361,2026-06-26T00:13:54.139212,63409.16,115799.289,0.775,5817.282,136362.683,0.02,0.0
622.412,2026-06-26T00:13:54.190209,63458.73,115799.289,0.818,5817.284,136362.683,0.02,0.0
622.463,2026-06-26T00:13:54.241196,63508.176,115799.289,0.803,5817.285,136362.683,0.02,0.0
622.514,2026-06-26T00:13:54.292217,63557.664,115799.289,0.792,5817.286,136362.683,0.02,0.0
622.565,2026-06-26T00:13:54.343204,63603.352,115799.289,0.784,5817.287,136362.683,0.02,0.0
622.616,2026-06-26T00:13:54.394217,63640.949,115799.289,0.824,5817.288,136362.683,0.02,0.0
622.667,2026-06-26T00:13:54.445207,63682.238,115799.289,0.853,5817.289,136362.683,0.02,0.0
622.718,2026-06-26T00:13:54.496202,63731.73,115799.289,0.781,5817.29,136362.683,0.02,0.0
622.769,2026-06-26T00:13:54.547195,63781.551,115799.289,0.822,5817.291,136362.683,0.02,0.0
622.82,2026-06-26T00:13:54.598221,63831.5,115799.289,0.805,5817.292,136362.683,0.02,0.0
622.871,2026-06-26T00:13:54.649226,63883.445,115799.289,0.794,5817.293,136362.683,0.02,0.0
622.922,2026-06-26T00:13:54.700210,63935.5,115799.289,0.785,5817.294,136362.683,0.02,0.0
622.973,2026-06-26T00:13:54.751239,63987.984,115799.289,0.78,5817.295,136362.683,0.02,0.0
623.024,2026-06-26T00:13:54.802224,63975.203,115799.289,0.776,5817.296,136362.683,0.02,0.0
623.075,2026-06-26T00:13:54.853227,63798.039,115799.289,0.819,5817.297,136362.683,0.02,0.0
623.195,2026-06-26T00:13:54.972827,63208.066,114999.289,0.927,5817.645,136362.683,2.917,0.0
623.245,2026-06-26T00:13:55.023266,63208.066,114999.289,0.88,5817.646,136362.683,0.021,0.0
623.296,2026-06-26T00:13:55.073882,63208.066,114999.289,0.847,5817.647,136362.683,0.021,0.0
623.347,2026-06-26T00:13:55.124561,63213.25,115799.289,0.87,5817.648,136412.683,0.02,981.486
623.398,2026-06-26T00:13:55.175564,63264.023,115799.289,0.885,5817.649,136412.683,0.02,0.0
623.449,2026-06-26T00:13:55.226402,63314.824,115799.289,0.804,5817.65,136412.683,0.02,0.0
623.5,2026-06-26T00:13:55.277422,63365.332,115799.289,0.792,5817.651,136412.683,0.02,0.0
623.551,2026-06-26T00:13:55.328474,63415.332,115799.289,0.784,5817.652,136412.683,0.02,0.0
623.602,2026-06-26T00:13:55.379493,63464.824,115799.289,0.825,5817.653,136412.683,0.02,0.0
623.653,2026-06-26T00:13:55.430534,63514.395,115799.289,0.807,5817.654,136412.683,0.02,0.0
623.704,2026-06-26T00:13:55.481573,63563.867,115799.289,0.794,5817.655,136412.683,0.02,0.0
623.755,2026-06-26T00:13:55.532596,63609.082,115799.289,0.786,5817.656,136412.683,0.02,0.0
623.806,2026-06-26T00:13:55.583614,63647.18,115799.289,0.78,5817.657,136412.683,0.02,0.0
623.857,2026-06-26T00:13:55.634649,63685.395,115799.289,0.821,5817.658,136412.683,0.02,0.0
623.908,2026-06-26T00:13:55.685661,63720.02,115799.289,0.804,5817.659,136412.683,0.02,0.0
623.959,2026-06-26T00:13:55.736717,63757.773,115799.289,0.747,5817.66,136412.683,0.02,0.0
624.01,2026-06-26T00:13:55.787711,63795.172,115799.289,0.798,5817.661,136412.683,0.02,0.0
624.061,2026-06-26T00:13:55.838746,63832.438,115799.289,0.743,5817.662,136412.683,0.02,0.0
624.112,2026-06-26T00:13:55.889762,63876.016,115799.289,0.795,5817.663,136412.683,0.02,0.0
624.163,2026-06-26T00:13:55.940801,63924.855,115799.289,0.786,5817.664,136412.683,0.02,0.0
624.214,2026-06-26T00:13:55.991856,63974.32,115799.289,0.78,5817.665,136412.683,0.02,0.0
624.265,2026-06-26T00:13:56.042890,63962.594,115799.289,0.776,5817.666,136412.683,0.02,0.0
624.316,2026-06-26T00:13:56.093910,63934.066,115799.289,0.772,5817.667,136412.683,0.02,0.0
624.367,2026-06-26T00:13:56.144956,63290.066,115799.289,0.816,5817.669,136412.683,0.02,0.0
624.418,2026-06-26T00:13:56.195987,63208.066,114999.289,0.847,5817.67,136412.683,0.02,0.0
624.469,2026-06-26T00:13:56.247031,63208.066,114999.289,0.822,5817.671,136412.683,0.02,0.0
624.52,2026-06-26T00:13:56.298043,63208.066,114999.289,0.805,5817.672,136412.683,0.02,0.0
624.571,2026-06-26T00:13:56.349080,63208.066,114999.289,0.793,5817.673,136412.683,0.02,0.0
624.622,2026-06-26T00:13:56.400093,63234.66,115799.289,0.785,5817.674,136462.683,0.02,980.019
624.673,2026-06-26T00:13:56.451132,63284.629,115799.289,0.825,5817.675,136462.683,0.02,0.0
624.724,2026-06-26T00:13:56.502203,63334.648,115799.289,0.807,5817.676,136462.683,0.02,0.0
624.775,2026-06-26T00:13:56.553205,63385.137,115799.289,0.795,5817.677,136462.683,0.02,0.0
624.826,2026-06-26T00:13:56.604237,63435.812,115799.289,0.786,5817.678,136462.683,0.02,0.0
624.877,2026-06-26T00:13:56.655231,63486.266,115799.289,0.78,5817.679,136462.683,0.02,0.0
624.928,2026-06-26T00:13:56.706223,63536.727,115799.289,0.776,5817.68,136462.683,0.02,0.0
624.979,2026-06-26T00:13:56.757223,63587.18,115799.289,0.773,5817.681,136462.683,0.02,0.0
625.03,2026-06-26T00:13:56.808201,63637.664,115799.289,0.771,5817.682,136462.683,0.02,0.0
625.081,2026-06-26T00:13:56.859230,63687.848,115799.289,0.769,5817.683,136462.683,0.02,0.0
625.132,2026-06-26T00:13:56.910237,63738.277,115799.289,0.814,5817.684,136462.683,0.02,0.0
625.183,2026-06-26T00:13:56.961232,63788.008,115799.289,0.754,5817.685,136462.683,0.02,0.0
625.234,2026-06-26T00:13:57.012241,63838.516,115799.289,0.803,5817.686,136462.683,0.02,0.0
625.285,2026-06-26T00:13:57.063230,63890.332,115799.289,0.838,5817.687,136462.683,0.02,0.0
625.336,2026-06-26T00:13:57.114219,63942.082,115799.289,0.816,5817.688,136462.683,0.02,0.0
625.387,2026-06-26T00:13:57.165234,63994.258,115799.289,0.801,5817.689,136462.683,0.02,0.0
625.438,2026-06-26T00:13:57.216232,63980.961,115799.289,0.837,5817.69,136462.683,0.02,0.0
625.489,2026-06-26T00:13:57.267233,63728.066,115799.289,0.815,5817.691,136462.683,0.02,0.0
625.54,2026-06-26T00:13:57.318226,63208.066,114999.289,0.801,5817.693,136462.683,0.02,0.0
625.591,2026-06-26T00:13:57.369222,63208.066,114999.289,0.79,5817.694,136462.683,0.02,0.0
625.642,2026-06-26T00:13:57.420223,63208.066,114999.289,0.783,5817.695,136462.683,0.02,0.0
625.693,2026-06-26T00:13:57.471213,63208.066,114999.289,0.778,5817.696,136462.683,0.02,0.0
625.744,2026-06-26T00:13:57.522212,63208.066,114999.289,0.774,5817.697,136512.683,0.02,980.225
625.795,2026-06-26T00:13:57.573206,63255.09,115799.289,0.772,5817.698,136512.683,0.02,0.0
625.846,2026-06-26T00:13:57.624208,63307.055,115799.289,0.816,5817.699,136512.683,0.02,0.0
625.897,2026-06-26T00:13:57.675205,63358.664,115799.289,0.801,5817.7,136512.683,0.02,0.0
625.948,2026-06-26T00:13:57.726226,63409.871,115799.289,0.79,5817.701,136512.683,0.02,0.0
625.999,2026-06-26T00:13:57.777216,63460.137,115799.289,0.783,5817.702,136512.683,0.02,0.0
626.05,2026-06-26T00:13:57.828205,63510.469,115799.289,0.87,5817.703,136512.683,0.02,0.0
626.101,2026-06-26T00:13:57.879204,63560.801,115799.289,0.793,5817.704,136512.683,0.02,0.0
626.152,2026-06-26T00:13:57.930202,63611.047,115799.289,0.785,5817.705,136512.683,0.02,0.0
626.203,2026-06-26T00:13:57.981243,63661.191,115799.289,0.825,5817.706,136512.683,0.02,0.0
626.254,2026-06-26T00:13:58.032231,63711.359,115799.289,0.761,5817.707,136512.683,0.02,0.0
626.305,2026-06-26T00:13:58.083235,63751.523,115799.289,0.809,5817.708,136512.683,0.02,0.0
626.356,2026-06-26T00:13:58.134238,63785.137,115799.289,0.796,5817.709,136512.683,0.02,0.0
626.407,2026-06-26T00:13:58.185244,63822.176,115799.289,0.741,5817.71,136512.683,0.02,0.0
626.458,2026-06-26T00:13:58.236242,63859.094,115799.289,0.794,5817.711,136512.683,0.02,0.0
626.509,2026-06-26T00:13:58.287226,63896.32,115799.289,0.786,5817.712,136512.683,0.02,0.0
626.56,2026-06-26T00:13:58.338242,63933.465,115799.289,0.78,5817.713,136512.683,0.02,0.0
626.611,2026-06-26T00:13:58.389230,63971.402,115799.289,0.776,5817.714,136512.683,0.02,0.0
626.662,2026-06-26T00:13:58.440227,63958.566,115799.289,0.773,5817.715,136512.683,0.02,0.0
626.713,2026-06-26T00:13:58.491220,64004.066,115799.289,0.817,5817.716,136512.683,0.02,0.0
626.764,2026-06-26T00:13:58.542208,63342.066,115799.289,0.801,5817.718,136512.683,0.02,0.0
626.815,2026-06-26T00:13:58.593211,63208.066,114999.289,0.791,5817.719,136512.683,0.02,0.0
626.866,2026-06-26T00:13:58.644238,63208.066,114999.289,0.829,5817.72,136512.683,0.02,0.0
626.917,2026-06-26T00:13:58.695229,63208.066,114999.289,0.81,5817.721,136512.683,0.02,0.0
626.968,2026-06-26T00:13:58.746224,63208.066,114999.289,0.797,5817.722,136512.683,0.02,0.0
627.019,2026-06-26T00:13:58.797224,63228.246,115799.289,0.788,5817.723,136562.683,0.02,980.229
627.07,2026-06-26T00:13:58.848215,63277.371,115799.289,0.781,5817.724,136562.683,0.02,0.0
627.121,2026-06-26T00:13:58.899211,63326.816,115799.289,0.823,5817.725,136562.683,0.02,0.0
627.172,2026-06-26T00:13:58.950204,63372.746,115799.289,0.76,5817.726,136562.683,0.02,0.0
627.223,2026-06-26T00:13:59.001204,63423.406,115799.289,0.761,5817.727,136562.683,0.02,0.0
627.274,2026-06-26T00:13:59.052212,63473.812,115799.289,0.763,5817.728,136562.683,0.02,0.0
627.325,2026-06-26T00:13:59.103212,63524.184,115799.289,0.764,5817.729,136562.683,0.02,0.0
627.376,2026-06-26T00:13:59.154207,63574.453,115799.289,0.764,5817.73,136562.683,0.02,0.0
627.427,2026-06-26T00:13:59.205202,63624.836,115799.289,0.765,5817.731,136562.683,0.02,0.0
627.478,2026-06-26T00:13:59.256190,63673.277,115799.289,0.766,5817.732,136562.683,0.021,0.0
627.529,2026-06-26T00:13:59.306797,63721.934,115799.289,0.767,5817.733,136562.683,0.02,0.0
627.58,2026-06-26T00:13:59.357822,63770.496,115799.289,0.812,5817.734,136562.683,0.02,0.0
627.631,2026-06-26T00:13:59.408864,63819.766,115799.289,0.844,5817.735,136562.683,0.02,0.0
627.682,2026-06-26T00:13:59.459885,63865.184,115799.289,0.82,5817.736,136562.683,0.02,0.0
627.733,2026-06-26T00:13:59.510950,63903.945,115799.289,0.804,5817.737,136562.683,0.02,0.0
627.784,2026-06-26T00:13:59.561965,63943.012,115799.289,0.792,5817.738,136562.683,0.02,0.0
627.835,2026-06-26T00:13:59.613013,63984.082,115799.289,0.83,5817.739,136562.683,0.02,0.0
627.886,2026-06-26T00:13:59.664027,63971.566,115799.289,0.811,5817.74,136562.683,0.02,0.0
627.937,2026-06-26T00:13:59.715061,63844.066,115799.289,0.797,5817.741,136562.683,0.02,0.0
627.988,2026-06-26T00:13:59.766055,63208.066,114999.289,0.789,5817.743,136562.683,0.021,0.0
628.039,2026-06-26T00:13:59.816655,63208.066,114999.289,0.784,5817.744,136562.683,0.021,0.0
628.089,2026-06-26T00:13:59.867309,63208.066,114999.289,0.779,5817.745,136562.683,0.02,0.0
628.215,2026-06-26T00:13:59.993202,63214.602,115049.289,0.919,5818.092,136612.683,2.771,398.648
628.266,2026-06-26T00:14:00.043635,63208.102,114999.289,0.828,5818.093,136612.683,0.021,0.0
628.316,2026-06-26T00:14:00.094253,63208.102,114999.289,0.858,5818.094,136662.683,0.021,987.192
628.367,2026-06-26T00:14:00.144952,63253.527,115799.289,0.831,5818.095,136662.683,0.02,0.0
628.418,2026-06-26T00:14:00.195780,63303.59,115799.289,0.812,5818.096,136662.683,0.021,0.0
628.469,2026-06-26T00:14:00.246589,63352.711,115799.289,0.845,5818.097,136662.683,0.02,0.0
628.52,2026-06-26T00:14:00.297635,63401.941,115799.289,0.821,5818.098,136662.683,0.02,0.0
628.571,2026-06-26T00:14:00.348669,63451.262,115799.289,0.85,5818.099,136662.683,0.02,0.0
628.622,2026-06-26T00:14:00.399716,63500.543,115799.289,0.825,5818.1,136662.683,0.02,0.0
628.673,2026-06-26T00:14:00.450750,63549.703,115799.289,0.807,5818.102,136662.683,0.02,0.0
628.724,2026-06-26T00:14:00.501798,63599.234,115799.289,0.794,5818.103,136662.683,0.02,0.0
628.775,2026-06-26T00:14:00.552813,63648.727,115799.289,0.831,5818.104,136662.683,0.02,0.0
628.826,2026-06-26T00:14:00.603874,63695.602,115799.289,0.812,5818.105,136662.683,0.02,0.0
628.877,2026-06-26T00:14:00.654875,63743.34,115799.289,0.798,5818.106,136662.683,0.02,0.0
628.928,2026-06-26T00:14:00.705918,63791.957,115799.289,0.834,5818.107,136662.683,0.02,0.0
628.979,2026-06-26T00:14:00.756939,63841.062,115799.289,0.768,5818.108,136662.683,0.02,0.0
629.03,2026-06-26T00:14:00.807983,63889.922,115799.289,0.767,5818.109,136662.683,0.02,0.0
629.081,2026-06-26T00:14:00.859020,63940.348,115799.289,0.767,5818.11,136662.683,0.02,0.0
629.132,2026-06-26T00:14:00.910040,63989.227,115799.289,0.812,5818.111,136662.683,0.02,0.0
629.183,2026-06-26T00:14:00.961059,63971.605,115799.289,0.798,5818.112,136662.683,0.02,0.0
629.234,2026-06-26T00:14:01.012090,63814.102,115799.289,0.788,5818.113,136662.683,0.02,0.0
629.285,2026-06-26T00:14:01.063110,63208.102,114999.289,0.781,5818.114,136662.683,0.02,0.0
629.336,2026-06-26T00:14:01.114183,63208.102,114999.289,0.777,5818.115,136662.683,0.02,0.0
629.387,2026-06-26T00:14:01.165220,63208.102,114999.289,0.773,5818.116,136662.683,0.02,0.0
629.438,2026-06-26T00:14:01.216216,63208.102,114999.289,0.771,5818.117,136662.683,0.02,0.0
629.489,2026-06-26T00:14:01.267210,63208.102,114999.289,0.77,5818.118,136712.683,0.02,980.546
629.54,2026-06-26T00:14:01.318215,63246.363,115799.289,0.768,5818.119,136712.683,0.02,0.0
629.591,2026-06-26T00:14:01.369201,63295.602,115799.289,0.769,5818.12,136712.683,0.021,0.0
629.642,2026-06-26T00:14:01.419893,63344.914,115799.289,0.768,5818.121,136712.683,0.02,0.0
629.693,2026-06-26T00:14:01.470821,63394.305,115799.289,0.814,5818.122,136712.683,0.02,0.0
629.744,2026-06-26T00:14:01.521793,63443.949,115799.289,0.754,5818.123,136712.683,0.02,0.0
629.795,2026-06-26T00:14:01.572713,63494.293,115799.289,0.804,5818.124,136712.683,0.02,0.0
629.846,2026-06-26T00:14:01.623669,63544.777,115799.289,0.792,5818.125,136712.683,0.02,0.0
629.897,2026-06-26T00:14:01.674614,63595.109,115799.289,0.831,5818.127,136712.683,0.02,0.0
629.948,2026-06-26T00:14:01.725563,63645.477,115799.289,0.858,5818.128,136712.683,0.02,0.0
629.999,2026-06-26T00:14:01.776499,63695.602,115799.289,0.83,5818.129,136712.683,0.02,0.0
630.05,2026-06-26T00:14:01.827449,63745.855,115799.289,0.811,5818.13,136712.683,0.02,0.0
630.101,2026-06-26T00:14:01.878398,63794.598,115799.289,0.798,5818.131,136712.683,0.02,0.0
630.152,2026-06-26T00:14:01.929366,63843.273,115799.289,0.789,5818.132,136712.683,0.02,0.0
630.202,2026-06-26T00:14:01.980326,63893.344,115799.289,0.782,5818.133,136712.683,0.02,0.0
630.253,2026-06-26T00:14:02.031347,63945.109,115799.289,0.777,5818.134,136712.683,0.02,0.0
630.304,2026-06-26T00:14:02.082329,63997.57,115799.289,0.82,5818.135,136712.683,0.02,0.0
630.355,2026-06-26T00:14:02.133355,63985.59,115799.289,0.803,5818.136,136712.683,0.02,0.0
630.406,2026-06-26T00:14:02.184340,63658.102,115799.289,0.793,5818.137,136712.683,0.021,0.0
630.457,2026-06-26T00:14:02.234877,63208.102,114999.289,0.787,5818.138,136712.683,0.021,0.0
630.508,2026-06-26T00:14:02.285466,63208.102,114999.289,0.782,5818.139,136712.683,0.02,0.0
630.559,2026-06-26T00:14:02.336462,63208.102,114999.289,0.777,5818.14,136712.683,0.02,0.0
630.61,2026-06-26T00:14:02.387457,63208.102,114999.289,0.774,5818.141,136712.683,0.02,0.0
630.661,2026-06-26T00:14:02.438423,63208.102,114999.289,0.772,5818.142,136762.683,0.02,981.188
630.712,2026-06-26T00:14:02.489418,63257.301,115799.289,0.77,5818.143,136762.683,0.02,0.0
630.763,2026-06-26T00:14:02.540403,63307.555,115799.289,0.769,5818.144,136762.683,0.02,0.0
630.814,2026-06-26T00:14:02.591388,63356.883,115799.289,0.768,5818.145,136762.683,0.02,0.0
630.865,2026-06-26T00:14:02.642364,63406.168,115799.289,0.768,5818.146,136762.683,0.02,0.0
630.915,2026-06-26T00:14:02.693361,63455.32,115799.289,0.813,5818.147,136762.683,0.02,0.0
630.966,2026-06-26T00:14:02.744340,63504.43,115799.289,0.845,5818.148,136762.683,0.02,0.0
631.017,2026-06-26T00:14:02.795338,63554.375,115799.289,0.775,5818.149,136762.683,0.02,0.0
631.068,2026-06-26T00:14:02.846314,63604.883,115799.289,0.819,5818.15,136762.683,0.02,0.0
631.119,2026-06-26T00:14:02.897266,63655.23,115799.289,0.757,5818.152,136762.683,0.02,0.0
631.17,2026-06-26T00:14:02.948231,63705.68,115799.289,0.806,5818.153,136762.683,0.02,0.0
631.221,2026-06-26T00:14:02.999224,63755.992,115799.289,0.794,5818.154,136762.683,0.02,0.0
631.272,2026-06-26T00:14:03.050228,63804.594,115799.289,0.831,5818.155,136762.683,0.02,0.0
631.323,2026-06-26T00:14:03.101219,63853.414,115799.289,0.812,5818.156,136762.683,0.02,0.0
631.374,2026-06-26T00:14:03.152209,63902.105,115799.289,0.844,5818.157,136762.683,0.02,0.0
631.425,2026-06-26T00:14:03.203203,63951.852,115799.289,0.776,5818.158,136762.683,0.021,0.0
631.476,2026-06-26T00:14:03.253752,64004.43,115799.289,0.821,5818.159,136762.683,0.021,0.0
631.527,2026-06-26T00:14:03.304401,63991.691,115799.289,0.805,5818.16,136762.683,0.021,0.0
631.578,2026-06-26T00:14:03.355399,63568.102,115799.289,0.793,5818.161,136762.683,0.02,0.0
631.629,2026-06-26T00:14:03.406368,63208.102,114999.289,0.785,5818.162,136762.683,0.02,0.0
631.68,2026-06-26T00:14:03.457380,63208.102,114999.289,0.78,5818.163,136762.683,0.02,0.0
631.73,2026-06-26T00:14:03.508339,63208.102,114999.289,0.776,5818.164,136762.683,0.02,0.0
631.781,2026-06-26T00:14:03.559315,63208.102,114999.289,0.773,5818.165,136762.683,0.02,0.0
631.832,2026-06-26T00:14:03.610260,63214.605,115799.289,0.771,5818.166,136812.683,0.02,981.496
631.883,2026-06-26T00:14:03.661220,63264.332,115799.289,0.77,5818.167,136812.683,0.02,0.0
631.934,2026-06-26T00:14:03.712192,63313.551,115799.289,0.769,5818.168,136812.683,0.02,0.0
631.985,2026-06-26T00:14:03.763124,63363.004,115799.289,0.768,5818.169,136812.683,0.02,0.0
632.036,2026-06-26T00:14:03.814090,63412.223,115799.289,0.813,5818.17,136812.683,0.02,0.0
632.087,2026-06-26T00:14:03.865074,63461.48,115799.289,0.799,5818.171,136812.683,0.02,0.0
632.138,2026-06-26T00:14:03.916042,63511.188,115799.289,0.835,5818.172,136812.683,0.02,0.0
632.189,2026-06-26T00:14:03.967031,63557.355,115799.289,0.814,5818.173,136812.683,0.02,0.0
632.24,2026-06-26T00:14:04.017996,63607.863,115799.289,0.754,5818.174,136812.683,0.02,0.0
632.291,2026-06-26T00:14:04.068987,63658.098,115799.289,0.85,5818.176,136812.683,0.02,0.0
632.342,2026-06-26T00:14:04.119961,63708.234,115799.289,0.825,5818.177,136812.683,0.02,0.0
632.393,2026-06-26T00:14:04.170965,63758.68,115799.289,0.807,5818.178,136812.683,0.02,0.0
632.444,2026-06-26T00:14:04.221941,63808.336,115799.289,0.795,5818.179,136812.683,0.02,0.0
632.495,2026-06-26T00:14:04.272926,63857.0,115799.289,0.786,5818.18,136812.683,0.02,0.0
632.546,2026-06-26T00:14:04.323894,63907.543,115799.289,0.78,5818.181,136812.683,0.02,0.0
632.597,2026-06-26T00:14:04.374897,63959.426,115799.289,0.776,5818.182,136812.683,0.02,0.0
632.648,2026-06-26T00:14:04.425861,64003.414,115799.289,0.773,5818.183,136812.683,0.02,0.0
632.699,2026-06-26T00:14:04.476867,63989.602,115799.289,0.771,5818.184,136812.683,0.02,0.0
632.75,2026-06-26T00:14:04.527832,63614.102,115799.289,0.77,5818.185,136812.683,0.02,0.0
632.801,2026-06-26T00:14:04.578813,63208.102,114999.289,0.815,5818.186,136812.683,0.02,0.0
632.852,2026-06-26T00:14:04.629805,63208.102,114999.289,0.8,5818.187,136812.683,0.02,0.0
632.903,2026-06-26T00:14:04.680782,63208.102,114999.289,0.79,5818.188,136812.683,0.02,0.0
632.954,2026-06-26T00:14:04.731754,63208.102,114999.289,0.783,5818.189,136812.683,0.02,0.0
633.005,2026-06-26T00:14:04.782747,63210.719,115799.289,0.824,5818.19,136862.683,0.02,981.358
633.056,2026-06-26T00:14:04.833712,63261.48,115799.289,0.806,5818.191,136862.683,0.02,0.0
633.107,2026-06-26T00:14:04.884719,63311.559,115799.289,0.794,5818.192,136862.683,0.02,0.0
633.226,2026-06-26T00:14:05.004329,63427.191,115799.289,0.929,5818.54,136862.683,2.919,0.0
633.277,2026-06-26T00:14:05.054780,63475.969,115799.289,0.881,5818.541,136862.683,0.02,0.0
633.328,2026-06-26T00:14:05.105692,63525.012,115799.289,0.848,5818.542,136862.683,0.021,0.0
633.378,2026-06-26T00:14:05.156329,63573.742,115799.289,0.778,5818.543,136862.683,0.021,0.0
633.429,2026-06-26T00:14:05.207107,63622.902,115799.289,0.775,5818.544,136862.683,0.02,0.0
633.48,2026-06-26T00:14:05.258023,63666.945,115799.289,0.819,5818.545,136862.683,0.02,0.0
633.531,2026-06-26T00:14:05.308989,63705.246,115799.289,0.803,5818.546,136862.683,0.02,0.0
633.582,2026-06-26T00:14:05.359962,63748.484,115799.289,0.838,5818.547,136862.683,0.02,0.0
633.633,2026-06-26T00:14:05.410913,63789.004,115799.289,0.771,5818.548,136862.683,0.02,0.0
633.684,2026-06-26T00:14:05.461898,63828.43,115799.289,0.769,5818.549,136862.683,0.02,0.0
633.735,2026-06-26T00:14:05.512867,63867.727,115799.289,0.814,5818.55,136862.683,0.02,0.0
633.786,2026-06-26T00:14:05.563864,63902.059,115799.289,0.8,5818.551,136862.683,0.02,0.0
633.837,2026-06-26T00:14:05.614838,63944.156,115799.289,0.79,5818.553,136862.683,0.02,0.0
633.888,2026-06-26T00:14:05.665801,63990.652,115799.289,0.783,5818.554,136862.683,0.02,0.0
633.939,2026-06-26T00:14:05.716758,63970.117,115799.289,0.778,5818.555,136862.683,0.02,0.0
633.99,2026-06-26T00:14:05.767729,63882.117,115799.289,0.82,5818.556,136862.683,0.02,0.0
634.041,2026-06-26T00:14:05.818706,63262.117,115799.289,0.804,5818.557,136862.683,0.02,0.0
634.092,2026-06-26T00:14:05.869701,63208.117,114999.289,0.793,5818.558,136862.683,0.02,0.0
634.143,2026-06-26T00:14:05.920661,63208.117,114999.289,0.785,5818.559,136862.683,0.02,0.0
634.194,2026-06-26T00:14:05.971669,63208.117,114999.289,0.825,5818.56,136862.683,0.02,0.0
634.245,2026-06-26T00:14:06.022634,63208.117,114999.289,0.853,5818.561,136862.683,0.02,0.0
634.296,2026-06-26T00:14:06.073630,63237.293,115799.289,0.827,5818.562,136912.683,0.02,980.504
634.347,2026-06-26T00:14:06.124605,63286.75,115799.289,0.809,5818.563,136912.683,0.02,0.0
634.398,2026-06-26T00:14:06.175602,63336.352,115799.289,0.796,5818.564,136912.683,0.02,0.0
634.449,2026-06-26T00:14:06.226604,63385.695,115799.289,0.741,5818.565,136912.683,0.02,0.0
634.5,2026-06-26T00:14:06.277592,63435.188,115799.289,0.749,5818.566,136912.683,0.02,0.0
634.551,2026-06-26T00:14:06.328544,63484.391,115799.289,0.801,5818.567,136912.683,0.021,0.0
634.601,2026-06-26T00:14:06.379161,63533.414,115799.289,0.792,5818.568,136912.683,0.021,0.0
634.652,2026-06-26T00:14:06.429894,63582.98,115799.289,0.785,5818.569,136912.683,0.02,0.0
634.703,2026-06-26T00:14:06.480874,63632.41,115799.289,0.779,5818.57,136912.683,0.02,0.0
634.754,2026-06-26T00:14:06.531859,63681.809,115799.289,0.821,5818.571,136912.683,0.02,0.0
634.805,2026-06-26T00:14:06.582820,63731.605,115799.289,0.805,5818.572,136912.683,0.02,0.0
634.856,2026-06-26T00:14:06.633817,63780.492,115799.289,0.793,5818.573,136912.683,0.02,0.0
634.907,2026-06-26T00:14:06.684790,63829.219,115799.289,0.739,5818.574,136912.683,0.02,0.0
634.958,2026-06-26T00:14:06.735791,63878.047,115799.289,0.793,5818.575,136912.683,0.02,0.0
635.009,2026-06-26T00:14:06.786763,63928.684,115799.289,0.785,5818.577,136912.683,0.02,0.0
635.06,2026-06-26T00:14:06.837768,63980.355,115799.289,0.825,5818.578,136912.683,0.02,0.0
635.111,2026-06-26T00:14:06.888747,63969.004,115799.289,0.808,5818.579,136912.683,0.02,0.0
635.162,2026-06-26T00:14:06.939744,63864.117,115799.289,0.795,5818.58,136912.683,0.02,0.0
635.213,2026-06-26T00:14:06.990723,63218.117,115799.289,0.832,5818.581,136912.683,0.02,0.0
635.264,2026-06-26T00:14:07.041719,63208.117,114999.289,0.858,5818.582,136912.683,0.02,0.0
635.315,2026-06-26T00:14:07.092740,63208.117,114999.289,0.83,5818.583,136912.683,0.02,0.0
635.366,2026-06-26T00:14:07.143811,63208.117,114999.289,0.811,5818.584,136912.683,0.02,0.0
635.417,2026-06-26T00:14:07.194831,63208.117,114999.289,0.797,5818.585,136912.683,0.02,0.0
635.468,2026-06-26T00:14:07.245890,63239.117,115049.289,0.742,5818.586,136962.683,0.02,979.598
635.519,2026-06-26T00:14:07.296907,63208.117,114999.289,0.795,5818.587,136962.683,0.02,0.0
635.57,2026-06-26T00:14:07.347940,63228.965,115049.289,0.786,5818.588,137012.683,0.02,979.337
635.621,2026-06-26T00:14:07.398990,63208.117,114999.289,0.78,5818.589,137012.683,0.02,0.0
635.672,2026-06-26T00:14:07.450024,63216.117,115049.289,0.776,5818.59,137062.683,0.02,980.069
635.723,2026-06-26T00:14:07.501050,63208.117,114999.289,0.772,5818.591,137062.683,0.02,0.0
635.774,2026-06-26T00:14:07.552079,63208.117,114999.289,0.771,5818.592,137112.683,0.02,980.582
635.825,2026-06-26T00:14:07.603092,63252.117,115049.289,0.769,5818.593,137112.683,0.02,0.0
635.876,2026-06-26T00:14:07.654176,63208.117,114999.289,0.768,5818.594,137112.683,0.02,0.0
635.927,2026-06-26T00:14:07.705211,63237.746,115049.289,0.813,5818.595,137162.683,0.02,979.675
635.978,2026-06-26T00:14:07.756197,63208.117,114999.289,0.799,5818.596,137162.683,0.02,0.0
636.029,2026-06-26T00:14:07.807196,63225.02,115049.289,0.789,5818.597,137212.683,0.02,980.514
636.08,2026-06-26T00:14:07.858206,63208.117,114999.289,0.782,5818.598,137212.683,0.02,0.0
636.131,2026-06-26T00:14:07.909214,63212.078,115049.289,0.777,5818.599,137262.683,0.02,980.252
636.182,2026-06-26T00:14:07.960191,63230.117,115049.289,0.775,5818.6,137262.683,0.021,0.0
636.233,2026-06-26T00:14:08.010791,63208.117,114999.289,0.82,5818.602,137312.683,0.021,987.364
636.284,2026-06-26T00:14:08.061443,63247.043,115049.289,0.805,5818.603,137312.683,0.02,0.0
636.335,2026-06-26T00:14:08.112483,63208.117,114999.289,0.793,5818.604,137312.683,0.02,0.0
636.386,2026-06-26T00:14:08.163510,63234.43,115049.289,0.831,5818.605,137362.683,0.02,979.438
636.437,2026-06-26T00:14:08.214506,63208.117,114999.289,0.766,5818.606,137362.683,0.021,0.0
636.487,2026-06-26T00:14:08.265076,63221.617,115049.289,0.768,5818.607,137412.683,0.021,987.239
636.538,2026-06-26T00:14:08.315744,63208.117,114999.289,0.768,5818.608,137412.683,0.02,0.0
636.589,2026-06-26T00:14:08.366720,63208.977,115049.289,0.767,5818.609,137462.683,0.02,980.367
636.64,2026-06-26T00:14:08.417726,63257.176,115049.289,0.813,5818.61,137462.683,0.02,0.0
636.691,2026-06-26T00:14:08.468697,63208.117,114999.289,0.753,5818.611,137512.683,0.02,980.908
636.742,2026-06-26T00:14:08.519690,63243.617,115049.289,0.803,5818.612,137512.683,0.02,0.0
636.793,2026-06-26T00:14:08.570691,63208.117,114999.289,0.792,5818.613,137512.683,0.02,0.0
636.844,2026-06-26T00:14:08.621688,63230.117,115049.289,0.784,5818.614,137562.683,0.02,980.807
636.895,2026-06-26T00:14:08.672673,63208.117,114999.289,0.779,5818.615,137562.683,0.02,0.0
636.946,2026-06-26T00:14:08.723666,63208.117,114999.289,0.591,5818.616,137562.683,0.02,0.0
636.997,2026-06-26T00:14:08.774644,63214.117,115049.289,0.689,5818.617,137612.683,0.02,979.968
637.048,2026-06-26T00:14:08.825664,63210.117,115049.289,0.758,5818.618,137612.683,0.02,0.0
637.099,2026-06-26T00:14:08.876629,63208.117,114999.289,0.715,5818.619,137662.683,0.02,980.394
637.15,2026-06-26T00:14:08.927637,62188.117,114999.289,0.73,5818.62,137662.683,0.02,0.0
637.201,2026-06-26T00:14:08.978620,61608.117,113399.289,0.741,5818.621,137662.683,0.02,0.0
637.252,2026-06-26T00:14:09.029623,61608.117,113399.289,0.748,5818.622,137662.683,0.02,0.0
637.303,2026-06-26T00:14:09.080608,61608.117,113399.289,0.799,5818.623,137662.683,0.02,0.0
637.354,2026-06-26T00:14:09.131647,61608.117,113399.289,0.789,5818.624,137662.683,0.02,0.0
637.405,2026-06-26T00:14:09.182671,61608.117,113399.289,0.782,5818.625,137662.683,0.02,0.0
637.456,2026-06-26T00:14:09.233730,61608.117,113399.289,0.777,5818.627,137662.683,0.02,0.0
637.507,2026-06-26T00:14:09.284754,61558.117,113349.289,0.636,5818.628,137662.683,0.02,0.0
637.558,2026-06-26T00:14:09.335813,61613.023,122341.289,0.491,5818.629,137662.683,0.02,0.0
637.609,2026-06-26T00:14:09.386836,62349.289,122341.289,0.803,5818.63,137662.683,0.02,0.0
637.66,2026-06-26T00:14:09.437873,63096.512,122341.289,1.022,5818.631,137662.683,0.02,0.0
637.711,2026-06-26T00:14:09.488896,63849.898,122341.289,1.174,5818.632,137662.683,0.02,0.0
637.762,2026-06-26T00:14:09.539939,64607.602,122341.289,1.281,5818.633,137662.683,0.02,0.0
637.813,2026-06-26T00:14:09.590970,65360.883,122341.289,1.402,5818.634,137662.683,0.02,0.0
637.864,2026-06-26T00:14:09.641993,66118.008,122341.289,1.487,5818.635,137662.683,0.02,0.0
637.915,2026-06-26T00:14:09.693005,66870.336,122341.289,1.5,5818.636,137662.683,0.02,0.0
637.966,2026-06-26T00:14:09.744052,67551.703,122341.289,1.509,5818.637,137662.683,0.02,0.0
638.017,2026-06-26T00:14:09.795064,68309.012,122341.289,1.516,5818.638,137662.683,0.02,0.0
638.068,2026-06-26T00:14:09.846115,69070.148,122341.289,1.52,5818.639,137662.683,0.02,0.0
638.119,2026-06-26T00:14:09.897121,69833.82,122341.289,1.616,5818.64,137662.683,0.02,0.0
638.243,2026-06-26T00:14:10.021120,70455.922,126441.289,1.738,5818.989,137662.683,2.822,0.0
638.294,2026-06-26T00:14:10.071579,70542.0,126441.289,1.679,5818.99,137662.683,0.021,0.0
638.344,2026-06-26T00:14:10.122336,70630.664,126441.289,1.636,5818.991,137662.683,0.021,0.0
638.395,2026-06-26T00:14:10.173206,70719.473,126491.289,1.606,5818.992,137662.683,0.021,0.0
638.446,2026-06-26T00:14:10.224129,70597.824,126491.289,1.584,5818.993,137662.683,0.02,0.0
638.497,2026-06-26T00:14:10.275199,70035.324,125691.289,1.567,5818.994,137662.683,0.02,0.0
638.548,2026-06-26T00:14:10.326299,70074.656,125691.289,1.602,5818.995,137662.683,0.02,0.0
638.6,2026-06-26T00:14:10.377435,70112.484,125691.289,1.58,5818.996,137662.683,0.02,0.0
638.651,2026-06-26T00:14:10.428545,70150.555,125691.289,1.564,5818.997,137662.683,0.02,0.0
638.702,2026-06-26T00:14:10.479684,70188.957,125691.289,1.553,5818.998,137662.683,0.02,0.0
638.753,2026-06-26T00:14:10.530792,70245.918,125741.289,1.546,5818.999,137712.683,0.02,977.971
638.804,2026-06-26T00:14:10.581909,70265.906,125691.289,1.541,5819.0,137712.683,0.02,0.0
638.855,2026-06-26T00:14:10.633013,70305.273,126491.289,1.537,5819.001,137762.683,0.02,978.003
638.906,2026-06-26T00:14:10.684126,70391.488,126491.289,1.58,5819.002,137762.683,0.02,0.0
638.957,2026-06-26T00:14:10.735239,70477.367,126491.289,1.611,5819.003,137762.683,0.02,0.0
639.009,2026-06-26T00:14:10.786372,70563.125,126491.289,1.632,5819.004,137762.683,0.02,0.0
639.06,2026-06-26T00:14:10.837488,70648.68,126491.289,1.647,5819.005,137762.683,0.02,0.0
639.111,2026-06-26T00:14:10.888607,70730.332,126491.289,1.611,5819.006,137762.683,0.02,0.0
639.162,2026-06-26T00:14:10.939714,70799.445,126491.289,1.586,5819.007,137762.683,0.02,0.0
639.213,2026-06-26T00:14:10.990848,70869.293,126491.289,1.615,5819.008,137762.683,0.02,0.0
639.264,2026-06-26T00:14:11.041950,70947.441,126491.289,1.543,5819.01,137762.683,0.02,0.0
639.315,2026-06-26T00:14:11.093070,71024.43,126491.289,1.584,5819.011,137762.683,0.02,0.0
639.366,2026-06-26T00:14:11.144191,71105.344,126491.289,1.568,5819.012,137762.683,0.02,0.0
639.417,2026-06-26T00:14:11.195260,71183.734,126491.289,1.556,5819.013,137762.683,0.02,0.0
639.469,2026-06-26T00:14:11.246365,71266.387,126491.289,1.594,5819.014,137762.683,0.02,0.0
639.52,2026-06-26T00:14:11.297484,71342.598,126491.289,1.528,5819.015,137762.683,0.02,0.0
639.571,2026-06-26T00:14:11.348572,71425.117,126491.289,1.574,5819.016,137762.683,0.02,0.0
639.622,2026-06-26T00:14:11.399687,71502.727,126491.289,1.56,5819.017,137762.683,0.02,0.0
639.673,2026-06-26T00:14:11.450783,71579.902,126491.289,1.597,5819.018,137762.683,0.02,0.0
639.724,2026-06-26T00:14:11.501910,71664.988,126491.289,1.576,5819.019,137762.683,0.02,0.0
639.775,2026-06-26T00:14:11.553020,71692.465,126441.289,1.516,5819.02,137762.683,0.02,0.0
639.826,2026-06-26T00:14:11.604171,71761.285,126491.289,1.566,5819.021,137762.683,0.02,0.0
639.877,2026-06-26T00:14:11.655244,71468.668,126491.289,1.555,5819.022,137762.683,0.02,0.0
639.928,2026-06-26T00:14:11.706337,71047.789,125691.289,1.593,5819.023,137762.683,0.02,0.0
639.98,2026-06-26T00:14:11.757438,71079.285,125691.289,1.62,5819.024,137762.683,0.02,0.0
640.031,2026-06-26T00:14:11.808562,71110.785,125691.289,1.59,5819.025,137762.683,0.02,0.0
640.082,2026-06-26T00:14:11.860182,71143.973,125691.289,1.615,5819.026,137762.683,0.02,0.0
640.133,2026-06-26T00:14:11.911179,71176.285,125691.289,1.591,5819.027,137762.683,0.021,0.0
640.184,2026-06-26T00:14:11.962131,71227.43,125741.289,1.573,5819.028,137812.683,0.02,980.115
640.235,2026-06-26T00:14:12.013175,71244.285,125691.289,1.606,5819.029,137812.683,0.02,0.0
640.286,2026-06-26T00:14:12.064173,71278.785,125691.289,1.584,5819.03,137862.683,0.02,980.514
640.337,2026-06-26T00:14:12.115135,71340.59,126491.289,1.569,5819.031,137862.683,0.02,0.0
640.388,2026-06-26T00:14:12.166172,71427.016,126491.289,1.558,5819.033,137862.683,0.02,0.0
640.439,2026-06-26T00:14:12.217166,71502.469,126491.289,1.596,5819.034,137862.683,0.02,0.0
640.49,2026-06-26T00:14:12.268179,71587.902,126491.289,1.577,5819.035,137862.683,0.02,0.0
640.541,2026-06-26T00:14:12.319164,71677.926,126491.289,1.563,5819.036,137862.683,0.02,0.0
640.592,2026-06-26T00:14:12.370226,71750.641,126491.289,1.599,5819.037,137862.683,0.02,0.0
640.643,2026-06-26T00:14:12.421340,71822.168,126491.289,1.624,5819.038,137862.683,0.02,0.0
640.695,2026-06-26T00:14:12.472424,71896.617,126491.289,1.55,5819.039,137862.683,0.02,0.0
640.746,2026-06-26T00:14:12.523456,71972.344,126491.289,1.59,5819.04,137862.683,0.02,0.0
640.797,2026-06-26T00:14:12.574471,72057.477,126491.289,1.573,5819.041,137862.683,0.02,0.0
640.848,2026-06-26T00:14:12.625485,72133.305,126491.289,1.56,5819.042,137862.683,0.02,0.0
640.899,2026-06-26T00:14:12.676494,72208.477,126491.289,1.552,5819.043,137862.683,0.02,0.0
640.95,2026-06-26T00:14:12.727510,72289.043,126491.289,1.591,5819.044,137862.683,0.021,0.0
641.001,2026-06-26T00:14:12.778488,72370.359,126491.289,1.574,5819.045,137862.683,0.02,0.0
641.052,2026-06-26T00:14:12.829496,72447.797,126491.289,1.561,5819.046,137862.683,0.021,0.0
641.103,2026-06-26T00:14:12.880477,72527.316,126491.289,1.552,5819.047,137862.683,0.02,0.0
641.154,2026-06-26T00:14:12.931503,72609.035,126491.289,1.546,5819.048,137862.683,0.02,0.0
641.205,2026-06-26T00:14:12.982601,72694.312,126491.289,1.541,5819.049,137862.683,0.02,0.0
641.256,2026-06-26T00:14:13.033610,72713.508,126491.289,1.584,5819.05,137862.683,0.02,0.0
641.307,2026-06-26T00:14:13.084610,72628.207,126491.289,1.568,5819.051,137862.683,0.02,0.0
641.358,2026-06-26T00:14:13.135614,72016.785,125691.289,1.557,5819.052,137862.683,0.02,0.0
641.409,2026-06-26T00:14:13.186643,72051.863,125691.289,1.595,5819.053,137862.683,0.02,0.0
641.46,2026-06-26T00:14:13.237663,72087.309,125691.289,1.622,5819.054,137862.683,0.02,0.0
641.511,2026-06-26T00:14:13.288656,72122.285,125691.289,1.549,5819.056,137862.683,0.02,0.0
641.562,2026-06-26T00:14:13.339683,72156.543,125691.289,1.59,5819.057,137862.683,0.021,0.0
641.613,2026-06-26T00:14:13.390669,72197.598,126491.289,1.572,5819.058,137912.683,0.02,979.946
641.664,2026-06-26T00:14:13.441691,72279.742,126491.289,1.606,5819.059,137912.683,0.02,0.0
641.715,2026-06-26T00:14:13.492688,72369.082,126491.289,1.63,5819.06,137912.683,0.02,0.0
641.766,2026-06-26T00:14:13.543690,72448.703,126491.289,1.6,5819.061,137912.683,0.02,0.0
641.817,2026-06-26T00:14:13.594683,72525.309,126491.289,1.579,5819.062,137912.683,0.02,0.0
641.868,2026-06-26T00:14:13.645747,72602.023,126491.289,1.565,5819.063,137912.683,0.02,0.0
641.919,2026-06-26T00:14:13.696743,72686.059,126491.289,1.555,5819.064,137912.683,0.02,0.0
641.97,2026-06-26T00:14:13.747825,72763.988,126491.289,1.594,5819.065,137912.683,0.02,0.0
642.021,2026-06-26T00:14:13.798815,72846.723,126491.289,1.574,5819.066,137912.683,0.02,0.0
642.072,2026-06-26T00:14:13.849957,72919.543,126491.289,1.561,5819.067,137912.683,0.02,0.0
642.123,2026-06-26T00:14:13.900948,73005.0,126491.289,1.552,5819.068,137912.683,0.02,0.0
642.174,2026-06-26T00:14:13.952022,73094.594,126491.289,1.546,5819.069,137912.683,0.02,0.0
642.225,2026-06-26T00:14:14.003031,73188.027,126491.289,1.588,5819.07,137912.683,0.02,0.0
642.276,2026-06-26T00:14:14.054033,73281.406,126491.289,1.571,5819.071,137912.683,0.02,0.0
642.327,2026-06-26T00:14:14.105034,73375.883,126491.289,1.559,5819.072,137912.683,0.02,0.0
642.378,2026-06-26T00:14:14.156043,73470.348,126491.289,1.597,5819.073,137912.683,0.02,0.0
642.429,2026-06-26T00:14:14.207037,73564.809,126491.289,1.577,5819.074,137912.683,0.02,0.0
642.48,2026-06-26T00:14:14.258055,73593.883,126491.289,1.564,5819.075,137912.683,0.021,0.0
642.531,2026-06-26T00:14:14.309030,73468.656,126491.289,1.554,5819.076,137912.683,0.02,0.0
642.582,2026-06-26T00:14:14.360074,72909.684,125691.289,1.547,5819.077,137912.683,0.02,0.0
642.633,2026-06-26T00:14:14.411065,72948.785,125691.289,1.543,5819.079,137912.683,0.02,0.0
642.684,2026-06-26T00:14:14.462069,72987.582,125691.289,1.586,5819.08,137912.683,0.02,0.0
642.735,2026-06-26T00:14:14.513182,73026.562,125691.289,1.569,5819.081,137912.683,0.02,0.0
642.786,2026-06-26T00:14:14.564130,73069.633,126491.289,1.557,5819.082,137962.683,0.02,978.999
642.837,2026-06-26T00:14:14.615210,73160.773,126491.289,1.55,5819.083,137962.683,0.021,0.0
642.888,2026-06-26T00:14:14.666211,73251.922,126491.289,1.636,5819.084,137962.683,0.02,0.0
642.939,2026-06-26T00:14:14.717190,73342.594,126491.289,1.559,5819.085,137962.683,0.02,0.0
642.99,2026-06-26T00:14:14.768193,73432.977,126491.289,1.597,5819.086,137962.683,0.02,0.0
643.041,2026-06-26T00:14:14.819173,73524.18,126491.289,1.577,5819.087,137962.683,0.02,0.0
643.092,2026-06-26T00:14:14.870178,73615.352,126491.289,1.61,5819.088,137962.683,0.02,0.0
643.143,2026-06-26T00:14:14.921174,73706.375,126491.289,1.541,5819.089,137962.683,0.02,0.0
643.271,2026-06-26T00:14:15.048474,73931.195,126491.289,1.688,5819.437,137962.683,2.741,0.0
643.321,2026-06-26T00:14:15.098907,74019.586,126491.289,1.645,5819.438,137962.683,0.021,0.0
643.372,2026-06-26T00:14:15.149503,74109.512,126491.289,1.614,5819.439,137962.683,0.021,0.0
643.422,2026-06-26T00:14:15.200202,74201.5,126491.289,1.592,5819.44,137962.683,0.021,0.0
643.473,2026-06-26T00:14:15.250911,74293.594,126491.289,1.622,5819.441,137962.683,0.021,0.0
643.524,2026-06-26T00:14:15.301707,74385.535,126491.289,1.596,5819.442,137962.683,0.021,0.0
643.575,2026-06-26T00:14:15.352703,74419.805,126441.289,1.623,5819.443,137962.683,0.02,0.0
643.626,2026-06-26T00:14:15.403696,74504.906,126491.289,1.641,5819.444,137962.683,0.021,0.0
643.677,2026-06-26T00:14:15.454676,73773.855,126491.289,1.655,5819.445,137962.683,0.02,0.0
643.728,2026-06-26T00:14:15.505684,73786.812,125691.289,1.572,5819.446,137962.683,0.02,0.0
643.779,2026-06-26T00:14:15.556719,73825.738,125691.289,1.559,5819.447,137962.683,0.02,0.0
643.83,2026-06-26T00:14:15.607745,73864.805,125691.289,1.551,5819.448,137962.683,0.021,0.0
643.881,2026-06-26T00:14:15.658726,73593.242,125691.289,1.591,5819.449,138012.683,0.02,980.28
643.932,2026-06-26T00:14:15.709736,71888.516,125691.289,1.39,5819.45,138012.683,0.021,0.0
643.983,2026-06-26T00:14:15.760724,70056.305,125691.289,1.203,5819.451,138012.683,0.02,0.0
644.034,2026-06-26T00:14:15.811709,68392.305,125691.289,1.072,5819.452,138012.683,0.021,0.0
644.085,2026-06-26T00:14:15.862691,66547.039,125691.289,0.98,5819.453,138012.683,0.02,0.0
644.136,2026-06-26T00:14:15.913717,65752.238,121645.289,1.053,5819.454,138012.683,0.02,0.0
644.187,2026-06-26T00:14:15.964716,65771.305,121595.289,1.288,5819.455,138012.683,0.02,0.0
644.238,2026-06-26T00:14:16.015742,65837.137,122395.289,1.361,5819.457,138062.683,0.02,980.605
644.289,2026-06-26T00:14:16.066722,65936.207,122395.289,1.412,5819.458,138062.683,0.02,0.0
644.34,2026-06-26T00:14:16.117742,66036.559,122395.289,1.448,5819.459,138062.683,0.02,0.0
644.391,2026-06-26T00:14:16.168731,66133.371,122395.289,1.473,5819.46,138062.683,0.02,0.0
644.442,2026-06-26T00:14:16.219772,66230.406,122395.289,1.537,5819.461,138062.683,0.02,0.0
644.493,2026-06-26T00:14:16.270767,66328.102,122395.289,1.489,5819.462,138062.683,0.02,0.0
644.544,2026-06-26T00:14:16.321768,66426.043,122395.289,1.548,5819.463,138062.683,0.02,0.0
644.595,2026-06-26T00:14:16.372757,66524.73,122395.289,1.543,5819.464,138062.683,0.02,0.0
644.646,2026-06-26T00:14:16.423770,66623.383,122395.289,1.54,5819.465,138062.683,0.02,0.0
644.697,2026-06-26T00:14:16.474768,66722.277,122395.289,1.583,5819.466,138062.683,0.02,0.0
644.748,2026-06-26T00:14:16.525798,66821.441,122395.289,1.568,5819.467,138062.683,0.02,0.0
644.799,2026-06-26T00:14:16.576784,66921.621,122395.289,1.557,5819.468,138062.683,0.02,0.0
644.85,2026-06-26T00:14:16.627812,67021.484,122395.289,1.549,5819.469,138062.683,0.02,0.0
644.901,2026-06-26T00:14:16.678807,67121.766,122395.289,1.544,5819.47,138062.683,0.02,0.0
644.952,2026-06-26T00:14:16.729817,67221.898,122395.289,1.632,5819.471,138062.683,0.02,0.0
645.003,2026-06-26T00:14:16.780821,67289.805,122395.289,1.556,5819.472,138062.683,0.02,0.0
645.054,2026-06-26T00:14:16.831830,67357.445,122395.289,1.595,5819.473,138062.683,0.02,0.0
645.105,2026-06-26T00:14:16.882828,66747.305,122395.289,1.576,5819.474,138062.683,0.02,0.0
645.156,2026-06-26T00:14:16.933846,66660.191,121595.289,1.563,5819.475,138062.683,0.02,0.0
645.207,2026-06-26T00:14:16.984841,66706.996,121595.289,1.553,5819.476,138062.683,0.02,0.0
645.258,2026-06-26T00:14:17.035888,66753.719,121595.289,1.547,5819.477,138062.683,0.02,0.0
645.309,2026-06-26T00:14:17.086884,66796.805,121595.289,1.542,5819.478,138062.683,0.02,0.0
645.36,2026-06-26T00:14:17.137915,66876.094,122395.289,1.585,5819.479,138112.683,0.02,980.514
645.411,2026-06-26T00:14:17.188915,66974.938,122395.289,1.569,5819.481,138112.683,0.02,0.0
645.462,2026-06-26T00:14:17.239921,67073.363,122395.289,1.558,5819.482,138112.683,0.02,0.0
645.513,2026-06-26T00:14:17.290926,67171.941,122395.289,1.642,5819.483,138112.683,0.02,0.0
645.564,2026-06-26T00:14:17.341931,67269.922,122395.289,1.609,5819.484,138112.683,0.02,0.0
645.615,2026-06-26T00:14:17.392915,67367.156,122395.289,1.586,5819.485,138112.683,0.02,0.0
645.666,2026-06-26T00:14:17.443927,67464.559,122395.289,1.616,5819.486,138112.683,0.02,0.0
645.717,2026-06-26T00:14:17.494904,67561.535,122395.289,1.59,5819.487,138112.683,0.02,0.0
645.768,2026-06-26T00:14:17.545935,67658.324,122395.289,1.573,5819.488,138112.683,0.02,0.0
645.819,2026-06-26T00:14:17.596927,67755.078,122395.289,1.56,5819.489,138112.683,0.02,0.0
645.87,2026-06-26T00:14:17.647961,67851.262,122395.289,1.552,5819.49,138112.683,0.02,0.0
645.921,2026-06-26T00:14:17.698951,67947.543,122395.289,1.546,5819.491,138112.683,0.02,0.0
645.972,2026-06-26T00:14:17.749935,68046.07,122395.289,1.542,5819.492,138112.683,0.02,0.0
646.023,2026-06-26T00:14:17.800938,68144.598,122395.289,1.539,5819.493,138112.683,0.02,0.0
646.074,2026-06-26T00:14:17.851942,68243.156,122395.289,1.629,5819.494,138112.683,0.02,0.0
646.125,2026-06-26T00:14:17.902929,68310.445,122395.289,1.599,5819.495,138112.683,0.02,0.0
646.176,2026-06-26T00:14:17.953946,68377.379,122395.289,1.579,5819.496,138112.683,0.02,0.0
646.227,2026-06-26T00:14:18.004940,67751.305,122395.289,1.565,5819.497,138112.683,0.02,0.0
646.278,2026-06-26T00:14:18.055970,67679.059,121595.289,1.555,5819.498,138112.683,0.02,0.0
646.329,2026-06-26T00:14:18.106961,67723.52,121595.289,1.594,5819.499,138112.683,0.02,0.0
646.38,2026-06-26T00:14:18.157984,67766.824,121595.289,1.575,5819.5,138112.683,0.02,0.0
646.431,2026-06-26T00:14:18.208984,67810.199,121595.289,1.608,5819.501,138112.683,0.02,0.0
646.482,2026-06-26T00:14:18.259994,67881.305,121645.289,1.585,5819.502,138162.683,0.02,980.592
646.533,2026-06-26T00:14:18.310977,67900.719,121595.289,1.523,5819.504,138162.683,0.02,0.0
646.584,2026-06-26T00:14:18.361987,67964.375,121645.289,1.572,5819.505,138212.683,0.02,980.408
646.635,2026-06-26T00:14:18.412989,67992.348,121595.289,1.56,5819.506,138212.683,0.02,0.0
646.686,2026-06-26T00:14:18.464014,68046.68,122395.289,1.597,5819.507,138262.683,0.02,979.817
646.737,2026-06-26T00:14:18.515041,68144.934,122395.289,1.623,5819.508,138262.683,0.02,0.0
646.788,2026-06-26T00:14:18.566044,68243.004,122395.289,1.55,5819.509,138262.683,0.02,0.0
646.839,2026-06-26T00:14:18.617032,68341.699,122395.289,1.545,5819.51,138262.683,0.02,0.0
646.89,2026-06-26T00:14:18.668030,68440.141,122395.289,1.587,5819.511,138262.683,0.02,0.0
646.941,2026-06-26T00:14:18.719028,68539.043,122395.289,1.57,5819.512,138262.683,0.02,0.0
646.992,2026-06-26T00:14:18.770040,68637.105,122395.289,1.559,5819.513,138262.683,0.02,0.0
647.043,2026-06-26T00:14:18.821029,68735.883,122395.289,1.55,5819.514,138262.683,0.02,0.0
647.094,2026-06-26T00:14:18.872050,68820.68,122395.289,1.545,5819.515,138262.683,0.02,0.0
647.145,2026-06-26T00:14:18.923026,68903.348,122395.289,1.587,5819.516,138262.683,0.02,0.0
647.196,2026-06-26T00:14:18.974050,68986.148,122395.289,1.616,5819.517,138262.683,0.02,0.0
647.247,2026-06-26T00:14:19.025043,69069.074,122395.289,1.591,5819.518,138262.683,0.02,0.0
647.298,2026-06-26T00:14:19.076037,69152.246,122395.289,1.619,5819.519,138262.683,0.02,0.0
647.349,2026-06-26T00:14:19.127027,69235.922,122395.289,1.593,5819.52,138262.683,0.02,0.0
647.4,2026-06-26T00:14:19.178009,69319.0,122395.289,1.529,5819.521,138262.683,0.02,0.0
647.451,2026-06-26T00:14:19.229055,69402.59,122395.289,1.575,5819.522,138262.683,0.02,0.0
647.502,2026-06-26T00:14:19.280028,69478.621,122395.289,1.563,5819.523,138262.683,0.02,0.0
647.553,2026-06-26T00:14:19.331017,69504.305,122345.289,1.508,5819.524,138262.683,0.02,0.0
647.604,2026-06-26T00:14:19.382003,69590.273,122395.289,1.561,5819.525,138262.683,0.02,0.0
647.655,2026-06-26T00:14:19.432973,69068.305,122395.289,1.598,5819.526,138262.683,0.02,0.0
647.706,2026-06-26T00:14:19.483992,68878.586,121595.289,1.578,5819.528,138262.683,0.02,0.0
647.757,2026-06-26T00:14:19.534986,68924.152,121595.289,1.61,5819.529,138262.683,0.02,0.0
647.808,2026-06-26T00:14:19.585979,68970.301,121595.289,1.587,5819.53,138262.683,0.02,0.0
647.859,2026-06-26T00:14:19.636964,69016.516,121595.289,1.571,5819.531,138262.683,0.02,0.0
647.91,2026-06-26T00:14:19.687969,69063.273,121595.289,1.559,5819.532,138312.683,0.02,980.748
647.961,2026-06-26T00:14:19.738945,69155.867,122395.289,1.551,5819.533,138312.683,0.02,0.0
648.012,2026-06-26T00:14:19.789930,69245.848,122395.289,1.546,5819.534,138312.683,0.02,0.0
648.063,2026-06-26T00:14:19.840906,69331.145,122395.289,1.541,5819.535,138312.683,0.02,0.0
648.114,2026-06-26T00:14:19.891926,69416.43,122395.289,1.584,5819.536,138312.683,0.02,0.0
648.165,2026-06-26T00:14:19.942923,69501.75,122395.289,1.523,5819.537,138312.683,0.02,0.0
648.286,2026-06-26T00:14:20.064210,69704.953,122396.289,1.706,5819.885,138312.683,2.883,0.0
648.337,2026-06-26T00:14:20.114657,69790.016,122396.289,1.657,5819.886,138312.683,0.021,0.0
648.387,2026-06-26T00:14:20.165240,69873.891,122396.289,1.624,5819.887,138312.683,0.021,0.0
648.438,2026-06-26T00:14:20.215818,69956.652,122396.289,1.645,5819.888,138312.683,0.021,0.0
648.489,2026-06-26T00:14:20.266584,70040.332,122396.289,1.612,5819.889,138312.683,0.021,0.0
648.54,2026-06-26T00:14:20.317549,70124.086,122396.289,1.59,5819.89,138312.683,0.021,0.0
648.59,2026-06-26T00:14:20.368350,70207.656,122396.289,1.527,5819.892,138312.683,0.02,0.0
648.641,2026-06-26T00:14:20.419305,70291.387,122396.289,1.575,5819.893,138312.683,0.02,0.0
648.692,2026-06-26T00:14:20.470291,70375.34,122396.289,1.562,5819.894,138312.683,0.02,0.0
648.743,2026-06-26T00:14:20.521258,70459.312,122396.289,1.599,5819.895,138312.683,0.02,0.0
648.794,2026-06-26T00:14:20.572238,70543.844,122396.289,1.579,5819.896,138312.683,0.02,0.0
648.845,2026-06-26T00:14:20.623201,70567.336,122396.289,1.519,5819.897,138312.683,0.02,0.0
648.896,2026-06-26T00:14:20.674194,69994.336,122396.289,1.477,5819.898,138312.683,0.02,0.0
648.947,2026-06-26T00:14:20.725176,69160.336,122396.289,1.264,5819.899,138312.683,0.02,0.0
648.998,2026-06-26T00:14:20.776190,68160.336,122396.289,1.114,5819.9,138312.683,0.02,0.0
649.049,2026-06-26T00:14:20.827132,67146.336,122396.289,1.056,5819.901,138312.683,0.02,0.0
649.1,2026-06-26T00:14:20.878117,66324.336,118300.289,1.061,5819.902,138312.683,0.02,0.0
649.151,2026-06-26T00:14:20.929104,65904.336,118300.289,1.202,5819.903,138312.683,0.02,0.0
649.202,2026-06-26T00:14:20.980062,65704.336,117500.289,1.301,5819.904,138312.683,0.02,0.0
649.253,2026-06-26T00:14:21.031053,65704.336,117500.289,1.417,5819.905,138312.683,0.02,0.0
649.304,2026-06-26T00:14:21.082104,65704.336,117500.289,1.451,5819.906,138312.683,0.02,0.0
649.355,2026-06-26T00:14:21.133080,65704.336,117500.289,1.476,5819.907,138312.683,0.021,0.0
649.406,2026-06-26T00:14:21.184040,65704.336,117500.289,1.493,5819.908,138312.683,0.02,0.0
649.457,2026-06-26T00:14:21.235019,65725.836,117550.289,1.551,5819.909,138362.683,0.02,980.679
649.508,2026-06-26T00:14:21.286009,65704.336,117500.289,1.545,5819.91,138362.683,0.02,0.0
649.559,2026-06-26T00:14:21.337011,65704.988,118300.289,1.541,5819.911,138412.683,0.02,980.917
649.61,2026-06-26T00:14:21.387986,65753.027,118300.289,1.538,5819.912,138412.683,0.02,0.0
649.661,2026-06-26T00:14:21.438975,65801.211,118300.289,1.537,5819.913,138412.683,0.02,0.0
649.712,2026-06-26T00:14:21.489945,65849.355,118300.289,1.581,5819.915,138412.683,0.02,0.0
649.763,2026-06-26T00:14:21.540955,65897.793,118300.289,1.613,5819.916,138412.683,0.02,0.0
649.814,2026-06-26T00:14:21.591953,65945.988,118300.289,1.634,5819.917,138412.683,0.02,0.0
649.865,2026-06-26T00:14:21.642980,65994.516,118300.289,1.603,5819.918,138412.683,0.02,0.0
649.916,2026-06-26T00:14:21.693975,66042.793,118300.289,1.627,5819.919,138412.683,0.02,0.0
649.967,2026-06-26T00:14:21.745019,66095.27,119900.289,1.553,5819.92,138412.683,0.02,0.0
650.018,2026-06-26T00:14:21.796017,66162.52,119900.289,1.546,5819.921,138412.683,0.02,0.0
650.069,2026-06-26T00:14:21.847048,66230.629,119900.289,1.588,5819.922,138412.683,0.02,0.0
650.12,2026-06-26T00:14:21.898055,66300.238,119900.289,1.571,5819.923,138412.683,0.02,0.0
650.171,2026-06-26T00:14:21.949075,66369.004,119900.289,1.559,5819.924,138412.683,0.02,0.0
650.222,2026-06-26T00:14:22.000098,66438.543,119900.289,1.551,5819.925,138412.683,0.02,0.0
650.273,2026-06-26T00:14:22.051115,66509.16,119900.289,1.591,5819.926,138412.683,0.02,0.0
650.324,2026-06-26T00:14:22.102108,66579.898,119900.289,1.573,5819.927,138412.683,0.02,0.0
650.375,2026-06-26T00:14:22.153135,66651.605,119900.289,1.561,5819.928,138412.683,0.02,0.0
650.426,2026-06-26T00:14:22.204185,66656.277,119900.289,1.552,5819.929,138412.683,0.02,0.0
650.477,2026-06-26T00:14:22.255187,66378.711,119900.289,1.546,5819.93,138412.683,0.02,0.0
650.528,2026-06-26T00:14:22.306203,65917.949,119100.289,1.633,5819.931,138412.683,0.02,0.0
650.579,2026-06-26T00:14:22.357189,65937.188,119100.289,1.603,5819.932,138412.683,0.02,0.0
650.63,2026-06-26T00:14:22.408217,65956.109,119100.289,1.581,5819.933,138412.683,0.02,0.0
650.681,2026-06-26T00:14:22.459213,65974.785,119100.289,1.567,5819.934,138412.683,0.02,0.0
650.732,2026-06-26T00:14:22.510195,65993.535,119900.289,1.556,5819.935,138462.683,0.02,980.67
650.783,2026-06-26T00:14:22.561213,66062.781,119900.289,1.549,5819.936,138462.683,0.02,0.0
650.834,2026-06-26T00:14:22.612204,66131.938,119900.289,1.544,5819.937,138462.683,0.02,0.0
650.885,2026-06-26T00:14:22.663210,66200.41,119900.289,1.54,5819.939,138462.683,0.02,0.0
650.936,2026-06-26T00:14:22.714212,66269.258,119900.289,1.584,5819.94,138462.683,0.02,0.0
650.987,2026-06-26T00:14:22.765195,66338.402,119900.289,1.614,5819.941,138462.683,0.02,0.0
651.038,2026-06-26T00:14:22.816195,66407.637,119900.289,1.59,5819.942,138462.683,0.02,0.0
651.089,2026-06-26T00:14:22.867168,66477.227,119900.289,1.526,5819.943,138462.683,0.02,0.0
651.14,2026-06-26T00:14:22.918200,66546.629,119900.289,1.574,5819.944,138462.683,0.02,0.0
651.191,2026-06-26T00:14:22.969126,66615.848,119900.289,1.562,5819.945,138462.683,0.02,0.0
651.242,2026-06-26T00:14:23.020113,66687.699,119900.289,1.599,5819.946,138462.683,0.02,0.0
651.293,2026-06-26T00:14:23.071122,66759.254,119900.289,1.579,5819.947,138462.683,0.02,0.0
651.344,2026-06-26T00:14:23.122119,66829.465,119900.289,1.61,5819.948,138462.683,0.02,0.0
651.395,2026-06-26T00:14:23.173128,66901.695,119900.289,1.541,5819.949,138462.683,0.02,0.0
651.446,2026-06-26T00:14:23.224106,66973.973,119900.289,1.584,5819.95,138462.683,0.02,0.0
651.497,2026-06-26T00:14:23.275104,67046.621,119900.289,1.569,5819.951,138462.683,0.02,0.0
651.548,2026-06-26T00:14:23.326093,67053.492,119900.289,1.604,5819.952,138462.683,0.02,0.0
651.599,2026-06-26T00:14:23.377057,67068.828,119900.289,1.536,5819.953,138462.683,0.02,0.0
651.65,2026-06-26T00:14:23.428073,66338.062,119100.289,1.581,5819.954,138462.683,0.02,0.0
651.701,2026-06-26T00:14:23.479080,66357.402,119100.289,1.566,5819.955,138462.683,0.02,0.0
651.752,2026-06-26T00:14:23.530076,66376.316,119100.289,1.601,5819.956,138462.683,0.02,0.0
651.803,2026-06-26T00:14:23.581106,66394.902,119100.289,1.581,5819.957,138462.683,0.02,0.0
651.854,2026-06-26T00:14:23.632097,66413.59,119100.289,1.566,5819.958,138462.683,0.02,0.0
651.905,2026-06-26T00:14:23.683122,66463.836,119150.289,1.555,5819.959,138512.683,0.02,980.188
651.956,2026-06-26T00:14:23.734077,66451.055,119100.289,1.549,5819.96,138512.683,0.02,0.0
652.007,2026-06-26T00:14:23.785089,66479.836,119900.289,1.543,5819.961,138562.683,0.02,980.028
652.058,2026-06-26T00:14:23.836097,66550.434,119900.289,1.585,5819.963,138562.683,0.02,0.0
652.109,2026-06-26T00:14:23.887156,66620.57,119900.289,1.569,5819.964,138562.683,0.02,0.0
652.16,2026-06-26T00:14:23.938123,66687.941,119900.289,1.558,5819.965,138562.683,0.02,0.0
652.211,2026-06-26T00:14:23.989161,66758.254,119900.289,1.596,5819.966,138562.683,0.02,0.0
652.262,2026-06-26T00:14:24.040122,66827.598,119900.289,1.577,5819.967,138562.683,0.02,0.0
652.313,2026-06-26T00:14:24.091185,66895.727,119900.289,1.563,5819.968,138562.683,0.02,0.0
652.364,2026-06-26T00:14:24.142189,66963.645,119900.289,1.6,5819.969,138562.683,0.02,0.0
652.415,2026-06-26T00:14:24.193180,67031.77,119900.289,1.579,5819.97,138562.683,0.02,0.0
652.466,2026-06-26T00:14:24.244194,67100.246,119900.289,1.565,5819.971,138562.683,0.02,0.0
652.517,2026-06-26T00:14:24.295168,67164.891,119900.289,1.509,5819.972,138562.683,0.02,0.0
652.568,2026-06-26T00:14:24.346206,67237.926,119900.289,1.562,5819.973,138562.683,0.02,0.0
652.619,2026-06-26T00:14:24.397200,67310.91,119900.289,1.553,5819.974,138562.683,0.02,0.0
652.67,2026-06-26T00:14:24.448215,67383.602,119900.289,1.546,5819.975,138562.683,0.02,0.0
652.721,2026-06-26T00:14:24.499203,67456.691,119900.289,1.542,5819.976,138562.683,0.02,0.0
652.772,2026-06-26T00:14:24.550214,67529.609,119900.289,1.631,5819.977,138562.683,0.02,0.0
652.823,2026-06-26T00:14:24.601194,67538.93,119900.289,1.601,5819.978,138562.683,0.02,0.0
652.874,2026-06-26T00:14:24.652213,67322.266,119900.289,1.58,5819.979,138562.683,0.02,0.0
652.925,2026-06-26T00:14:24.703194,66811.484,119100.289,1.566,5819.98,138562.683,0.02,0.0
652.976,2026-06-26T00:14:24.754134,66830.742,119100.289,1.556,5819.981,138562.683,0.021,0.0
653.027,2026-06-26T00:14:24.805100,66849.98,119100.289,1.595,5819.982,138562.683,0.02,0.0
653.078,2026-06-26T00:14:24.856069,66868.73,119100.289,1.576,5819.983,138562.683,0.02,0.0
653.129,2026-06-26T00:14:24.907065,66894.184,119900.289,1.609,5819.984,138612.683,0.02,980.569
653.18,2026-06-26T00:14:24.958054,66964.82,119900.289,1.586,5819.986,138612.683,0.02,0.0
653.302,2026-06-26T00:14:25.079715,67135.465,119900.289,1.69,5820.333,138612.683,2.87,0.0
653.352,2026-06-26T00:14:25.130119,67206.254,119900.289,1.692,5820.334,138612.683,0.021,0.0
653.403,2026-06-26T00:14:25.180734,67276.613,119900.289,1.695,5820.335,138612.683,0.021,0.0
653.453,2026-06-26T00:14:25.231313,67345.371,119900.289,1.647,5820.336,138612.683,0.021,0.0
653.504,2026-06-26T00:14:25.282208,67413.605,119900.289,1.568,5820.337,138612.683,0.02,0.0
653.555,2026-06-26T00:14:25.333201,67482.105,119900.289,1.603,5820.338,138612.683,0.02,0.0
653.606,2026-06-26T00:14:25.384207,67550.508,119900.289,1.582,5820.339,138612.683,0.02,0.0
653.657,2026-06-26T00:14:25.435192,67620.547,119900.289,1.567,5820.341,138612.683,0.02,0.0
653.708,2026-06-26T00:14:25.486205,67691.387,119900.289,1.602,5820.342,138612.683,0.02,0.0
653.759,2026-06-26T00:14:25.537192,67762.383,119900.289,1.581,5820.343,138612.683,0.02,0.0
653.81,2026-06-26T00:14:25.588212,67833.879,119900.289,1.566,5820.344,138612.683,0.02,0.0
653.861,2026-06-26T00:14:25.639195,67905.695,119900.289,1.556,5820.345,138612.683,0.02,0.0
653.912,2026-06-26T00:14:25.690172,67978.574,119900.289,1.549,5820.346,138612.683,0.02,0.0
653.963,2026-06-26T00:14:25.741124,67986.652,119900.289,1.59,5820.347,138612.683,0.02,0.0
654.014,2026-06-26T00:14:25.792098,67481.621,119900.289,1.573,5820.348,138612.683,0.02,0.0
654.065,2026-06-26T00:14:25.843085,67240.949,119100.289,1.561,5820.349,138612.683,0.02,0.0
654.116,2026-06-26T00:14:25.894069,67260.258,119100.289,1.598,5820.35,138612.683,0.02,0.0
654.167,2026-06-26T00:14:25.945070,67279.523,119100.289,1.578,5820.351,138612.683,0.02,0.0
654.218,2026-06-26T00:14:25.996047,67298.859,119100.289,1.61,5820.352,138612.683,0.02,0.0
654.269,2026-06-26T00:14:26.047044,66594.621,119100.289,1.449,5820.353,138662.683,0.02,980.417
654.32,2026-06-26T00:14:26.098035,65610.621,119100.289,1.244,5820.354,138662.683,0.02,0.0
654.371,2026-06-26T00:14:26.149029,64678.621,119100.289,1.101,5820.355,138662.683,0.02,0.0
654.422,2026-06-26T00:14:26.200000,64196.621,119100.289,1.046,5820.356,138662.683,0.02,0.0
654.473,2026-06-26T00:14:26.250953,63610.621,119100.289,0.963,5820.357,138662.683,0.02,0.0
654.524,2026-06-26T00:14:26.301883,63214.133,115054.289,0.95,5820.358,138662.683,0.02,0.0
654.575,2026-06-26T00:14:26.352791,63208.621,115004.289,1.124,5820.359,138662.683,0.02,0.0
654.626,2026-06-26T00:14:26.403876,63208.621,115004.289,1.246,5820.36,138712.683,0.02,978.492
654.677,2026-06-26T00:14:26.454987,63256.621,115054.289,1.377,5820.361,138712.683,0.02,0.0
654.728,2026-06-26T00:14:26.506010,63208.621,115004.289,1.379,5820.362,138762.683,0.021,987.007
654.779,2026-06-26T00:14:26.556630,63250.543,115804.289,1.472,5820.363,138762.683,0.02,0.0
654.83,2026-06-26T00:14:26.607648,63301.402,115804.289,1.49,5820.365,138762.683,0.02,0.0
654.881,2026-06-26T00:14:26.658654,63352.379,115804.289,1.503,5820.366,138762.683,0.02,0.0
654.932,2026-06-26T00:14:26.709650,63401.559,115804.289,1.511,5820.367,138762.683,0.02,0.0
654.983,2026-06-26T00:14:26.760629,63450.617,115804.289,1.518,5820.368,138762.683,0.02,0.0
655.034,2026-06-26T00:14:26.811611,63499.477,115804.289,1.522,5820.369,138762.683,0.02,0.0
655.085,2026-06-26T00:14:26.862584,63548.992,115804.289,1.572,5820.37,138762.683,0.02,0.0
655.136,2026-06-26T00:14:26.913567,63599.414,115804.289,1.56,5820.371,138762.683,0.02,0.0
655.187,2026-06-26T00:14:26.964532,63650.809,115804.289,1.552,5820.372,138762.683,0.02,0.0
655.238,2026-06-26T00:14:27.015507,63702.609,115804.289,1.546,5820.373,138762.683,0.02,0.0
655.289,2026-06-26T00:14:27.066489,63750.926,115804.289,1.587,5820.374,138762.683,0.02,0.0
655.34,2026-06-26T00:14:27.117510,63798.445,115804.289,1.525,5820.375,138762.683,0.02,0.0
655.391,2026-06-26T00:14:27.168497,63847.137,115804.289,1.619,5820.376,138762.683,0.02,0.0
655.442,2026-06-26T00:14:27.219482,63897.141,115804.289,1.547,5820.377,138762.683,0.02,0.0
655.493,2026-06-26T00:14:27.270471,63948.195,115804.289,1.359,5820.378,138762.683,0.021,0.0
655.544,2026-06-26T00:14:27.321444,63999.504,115804.289,1.227,5820.379,138762.683,0.02,0.0
655.595,2026-06-26T00:14:27.372463,63988.828,115804.289,1.043,5820.38,138762.683,0.02,0.0
655.646,2026-06-26T00:14:27.423482,63538.625,115804.289,1.005,5820.381,138762.683,0.02,0.0
655.697,2026-06-26T00:14:27.474475,63208.625,115004.289,0.934,5820.382,138762.683,0.02,0.0
655.748,2026-06-26T00:14:27.525482,63208.625,115004.289,0.883,5820.383,138762.683,0.02,0.0
655.799,2026-06-26T00:14:27.576462,63208.625,115004.289,0.848,5820.384,138762.683,0.02,0.0
655.85,2026-06-26T00:14:27.627466,63208.625,115004.289,0.823,5820.385,138762.683,0.02,0.0
655.901,2026-06-26T00:14:27.678445,63222.289,115054.289,0.76,5820.386,138812.683,0.02,981.771
655.952,2026-06-26T00:14:27.729460,63208.625,115004.289,0.807,5820.387,138812.683,0.02,0.0
656.003,2026-06-26T00:14:27.780787,63214.375,115054.289,0.794,5820.389,138862.683,0.02,979.218
656.054,2026-06-26T00:14:27.831776,63208.625,115004.289,0.785,5820.39,138862.683,0.02,0.0
656.105,2026-06-26T00:14:27.882850,63208.625,115004.289,0.825,5820.391,138912.683,0.02,980.051
656.156,2026-06-26T00:14:27.933825,63253.969,115804.289,0.807,5820.392,138912.683,0.02,0.0
656.207,2026-06-26T00:14:27.985000,63302.883,115804.289,0.84,5820.393,138912.683,0.02,0.0
656.258,2026-06-26T00:14:28.035998,63352.246,115804.289,0.818,5820.394,138912.683,0.02,0.0
656.309,2026-06-26T00:14:28.087023,63404.441,115804.289,0.802,5820.395,138912.683,0.02,0.0
656.36,2026-06-26T00:14:28.138207,63456.539,115804.289,0.745,5820.396,138912.683,0.02,0.0
656.411,2026-06-26T00:14:28.189195,63507.277,115804.289,0.797,5820.397,138912.683,0.02,0.0
656.462,2026-06-26T00:14:28.240200,63557.062,115804.289,0.788,5820.398,138912.683,0.02,0.0
656.513,2026-06-26T00:14:28.291184,63605.859,115804.289,0.781,5820.399,138912.683,0.02,0.0
656.564,2026-06-26T00:14:28.342112,63654.445,115804.289,0.777,5820.4,138912.683,0.02,0.0
656.615,2026-06-26T00:14:28.393054,63703.137,115804.289,0.773,5820.401,138912.683,0.02,0.0
656.666,2026-06-26T00:14:28.444251,63754.078,115804.289,0.817,5820.402,138912.683,0.02,0.0
656.717,2026-06-26T00:14:28.495208,63806.988,115804.289,0.801,5820.403,138912.683,0.02,0.0
656.769,2026-06-26T00:14:28.546430,63859.945,115804.289,0.744,5820.404,138912.683,0.02,0.0
656.82,2026-06-26T00:14:28.597507,63913.312,115804.289,0.751,5820.405,138912.683,0.02,0.0
656.871,2026-06-26T00:14:28.648530,63966.59,115804.289,0.801,5820.406,138912.683,0.02,0.0
656.922,2026-06-26T00:14:28.699538,63958.625,115754.289,0.836,5820.407,138912.683,0.02,0.0
656.973,2026-06-26T00:14:28.750554,64006.625,115804.289,0.815,5820.408,138912.683,0.02,0.0
657.024,2026-06-26T00:14:28.801546,63284.625,115804.289,0.8,5820.409,138912.683,0.02,0.0
657.075,2026-06-26T00:14:28.852533,63208.625,115004.289,0.79,5820.41,138912.683,0.02,0.0
657.126,2026-06-26T00:14:28.903506,63208.625,115004.289,0.783,5820.411,138912.683,0.02,0.0
657.177,2026-06-26T00:14:28.954548,63208.625,115004.289,0.777,5820.412,138912.683,0.02,0.0
657.228,2026-06-26T00:14:29.005677,63208.625,115004.289,0.774,5820.414,138912.683,0.02,0.0
657.279,2026-06-26T00:14:29.056669,63242.844,115804.289,0.771,5820.415,138962.683,0.02,980.472
657.33,2026-06-26T00:14:29.107669,63294.816,115804.289,0.77,5820.416,138962.683,0.02,0.0
657.381,2026-06-26T00:14:29.158675,63346.633,115804.289,0.814,5820.417,138962.683,0.02,0.0
657.432,2026-06-26T00:14:29.209693,63398.441,115804.289,0.8,5820.418,138962.683,0.02,0.0
657.483,2026-06-26T00:14:29.260675,63445.984,115804.289,0.744,5820.419,138962.683,0.02,0.0
657.534,2026-06-26T00:14:29.311657,63445.984,115804.289,0.567,5820.42,138962.683,0.02,0.0
657.585,2026-06-26T00:14:29.362672,63453.938,115804.289,0.443,5820.421,138962.683,0.02,0.0
657.636,2026-06-26T00:14:29.413650,63504.359,115804.289,0.585,5820.422,138962.683,0.02,0.0
657.687,2026-06-26T00:14:29.464635,63554.699,115804.289,0.686,5820.423,138962.683,0.02,0.0
657.738,2026-06-26T00:14:29.515609,63605.551,115804.289,0.71,5820.424,138962.683,0.02,0.0
657.789,2026-06-26T00:14:29.566624,63656.562,115804.289,0.681,5820.425,138962.683,0.02,0.0
657.84,2026-06-26T00:14:29.617601,63708.672,115804.289,0.752,5820.426,138962.683,0.02,0.0
657.891,2026-06-26T00:14:29.668613,63761.773,115804.289,0.756,5820.427,138962.683,0.02,0.0
657.942,2026-06-26T00:14:29.719600,63812.766,115804.289,0.759,5820.428,138962.683,0.02,0.0
657.993,2026-06-26T00:14:29.770609,63861.75,115804.289,0.807,5820.429,138962.683,0.02,0.0
658.044,2026-06-26T00:14:29.821595,63911.117,115804.289,0.749,5820.43,138962.683,0.02,0.0
658.095,2026-06-26T00:14:29.872621,63963.07,115804.289,0.754,5820.431,138962.683,0.02,0.0
658.146,2026-06-26T00:14:29.923625,63958.625,115754.289,0.803,5820.432,138962.683,0.02,0.0
658.197,2026-06-26T00:14:29.974630,64002.945,115804.289,0.792,5820.433,138962.683,0.02,0.0
658.323,2026-06-26T00:14:30.100718,63208.641,115004.289,0.927,5820.781,138962.683,2.767,0.0
658.373,2026-06-26T00:14:30.151169,63208.641,115004.289,0.881,5820.782,138962.683,0.021,0.0
658.424,2026-06-26T00:14:30.201727,63208.641,115004.289,0.848,5820.783,138962.683,0.021,0.0
658.474,2026-06-26T00:14:30.252300,63211.656,115054.289,0.825,5820.784,139012.683,0.021,985.194
658.525,2026-06-26T00:14:30.303077,63210.641,115054.289,0.808,5820.785,139012.683,0.021,0.0
658.576,2026-06-26T00:14:30.353861,63208.641,115004.289,0.796,5820.786,139062.683,0.02,981.56
658.627,2026-06-26T00:14:30.404808,63250.141,115054.289,0.787,5820.787,139062.683,0.02,0.0
658.678,2026-06-26T00:14:30.455857,63208.641,115004.289,0.781,5820.788,139062.683,0.02,0.0
658.729,2026-06-26T00:14:30.506840,63239.641,115054.289,0.776,5820.789,139112.683,0.02,979.634
658.78,2026-06-26T00:14:30.557878,63208.641,115004.289,0.865,5820.79,139112.683,0.02,0.0
658.831,2026-06-26T00:14:30.608857,63226.797,115804.289,0.789,5820.791,139162.683,0.02,980.399
658.882,2026-06-26T00:14:30.659853,63278.152,115804.289,0.828,5820.792,139162.683,0.02,0.0
658.933,2026-06-26T00:14:30.710852,63329.715,115804.289,0.809,5820.794,139162.683,0.02,0.0
658.984,2026-06-26T00:14:30.761868,63380.02,115804.289,0.796,5820.795,139162.683,0.02,0.0
659.035,2026-06-26T00:14:30.812835,63429.887,115804.289,0.787,5820.796,139162.683,0.02,0.0
659.086,2026-06-26T00:14:30.863857,63479.441,115804.289,0.781,5820.797,139162.683,0.02,0.0
659.137,2026-06-26T00:14:30.914835,63528.953,115804.289,0.822,5820.798,139162.683,0.02,0.0
659.188,2026-06-26T00:14:30.965863,63579.246,115804.289,0.806,5820.799,139162.683,0.02,0.0
659.239,2026-06-26T00:14:31.016833,63629.715,115804.289,0.748,5820.8,139162.683,0.02,0.0
659.29,2026-06-26T00:14:31.067828,63682.586,115804.289,0.753,5820.801,139162.683,0.02,0.0
659.341,2026-06-26T00:14:31.118820,63735.578,115804.289,0.757,5820.802,139162.683,0.02,0.0
659.392,2026-06-26T00:14:31.169802,63788.902,115804.289,0.76,5820.803,139162.683,0.02,0.0
659.443,2026-06-26T00:14:31.220802,63843.016,115804.289,0.807,5820.804,139162.683,0.02,0.0
659.494,2026-06-26T00:14:31.271806,63897.18,115804.289,0.841,5820.805,139162.683,0.02,0.0
659.545,2026-06-26T00:14:31.322783,63951.332,115804.289,0.818,5820.806,139162.683,0.02,0.0
659.596,2026-06-26T00:14:31.373795,64005.504,115804.289,0.803,5820.807,139162.683,0.02,0.0
659.647,2026-06-26T00:14:31.424775,63990.812,115804.289,0.792,5820.808,139162.683,0.02,0.0
659.698,2026-06-26T00:14:31.475805,63548.641,115804.289,0.784,5820.809,139162.683,0.02,0.0
659.749,2026-06-26T00:14:31.526798,63208.641,115004.289,0.779,5820.81,139162.683,0.02,0.0
659.8,2026-06-26T00:14:31.577805,63208.641,115004.289,0.775,5820.811,139162.683,0.02,0.0
659.851,2026-06-26T00:14:31.628800,63208.641,115004.289,0.772,5820.812,139162.683,0.02,0.0
659.902,2026-06-26T00:14:31.679810,63208.641,115004.289,0.77,5820.813,139162.683,0.02,0.0
659.953,2026-06-26T00:14:31.730799,63232.664,115054.289,0.861,5820.814,139212.683,0.02,980.821
660.004,2026-06-26T00:14:31.781787,63208.641,115004.289,0.787,5820.815,139212.683,0.02,0.0
660.055,2026-06-26T00:14:31.832755,63222.121,115054.289,0.827,5820.816,139262.683,0.02,980.422
660.106,2026-06-26T00:14:31.883782,63208.641,115004.289,0.808,5820.818,139262.683,0.02,0.0
660.157,2026-06-26T00:14:31.934765,63214.551,115804.289,0.795,5820.819,139312.683,0.02,979.785
660.208,2026-06-26T00:14:31.985786,63267.164,115804.289,0.833,5820.82,139312.683,0.02,0.0
660.259,2026-06-26T00:14:32.036730,63319.473,115804.289,0.767,5820.821,139312.683,0.02,0.0
660.31,2026-06-26T00:14:32.087731,63371.238,115804.289,0.767,5820.822,139312.683,0.02,0.0
660.361,2026-06-26T00:14:32.138709,63422.902,115804.289,0.858,5820.823,139312.683,0.02,0.0
660.412,2026-06-26T00:14:32.189729,63473.527,115804.289,0.785,5820.824,139312.683,0.02,0.0
660.463,2026-06-26T00:14:32.240720,63523.109,115804.289,0.779,5820.825,139312.683,0.02,0.0
660.514,2026-06-26T00:14:32.291730,63572.477,115804.289,0.821,5820.826,139312.683,0.02,0.0
660.565,2026-06-26T00:14:32.342673,63622.695,115804.289,0.805,5820.827,139312.683,0.02,0.0
660.616,2026-06-26T00:14:32.393629,63673.422,115804.289,0.793,5820.828,139312.683,0.02,0.0
660.667,2026-06-26T00:14:32.444628,63723.211,115804.289,0.785,5820.829,139312.683,0.02,0.0
660.718,2026-06-26T00:14:32.495606,63774.141,115804.289,0.779,5820.83,139312.683,0.02,0.0
660.769,2026-06-26T00:14:32.546581,63827.672,115804.289,0.775,5820.831,139312.683,0.02,0.0
660.82,2026-06-26T00:14:32.597563,63881.133,115804.289,0.773,5820.832,139312.683,0.02,0.0
660.871,2026-06-26T00:14:32.648558,63934.844,115804.289,0.816,5820.833,139312.683,0.02,0.0
660.922,2026-06-26T00:14:32.699567,63988.566,115804.289,0.755,5820.834,139312.683,0.02,0.0
660.973,2026-06-26T00:14:32.750561,63978.641,115804.289,0.805,5820.835,139312.683,0.02,0.0
661.024,2026-06-26T00:14:32.801559,63660.641,115804.289,0.793,5820.836,139312.683,0.02,0.0
661.075,2026-06-26T00:14:32.852567,63208.641,115004.289,0.785,5820.837,139312.683,0.02,0.0
661.126,2026-06-26T00:14:32.903594,63208.641,115004.289,0.779,5820.838,139312.683,0.02,0.0
661.177,2026-06-26T00:14:32.954578,63208.641,115004.289,0.821,5820.839,139312.683,0.02,0.0
661.228,2026-06-26T00:14:33.005581,63208.641,115004.289,0.805,5820.84,139312.683,0.02,0.0
661.279,2026-06-26T00:14:33.056563,63221.523,115804.289,0.839,5820.841,139362.683,0.02,980.028
661.33,2026-06-26T00:14:33.107579,63273.895,115804.289,0.817,5820.843,139362.683,0.02,0.0
661.381,2026-06-26T00:14:33.158569,63326.336,115804.289,0.802,5820.844,139362.683,0.02,0.0
661.432,2026-06-26T00:14:33.209566,63378.457,115804.289,0.791,5820.845,139362.683,0.02,0.0
661.483,2026-06-26T00:14:33.260557,63429.203,115804.289,0.829,5820.846,139362.683,0.02,0.0
661.534,2026-06-26T00:14:33.311595,63479.297,115804.289,0.764,5820.847,139362.683,0.02,0.0
661.585,2026-06-26T00:14:33.362595,63528.918,115804.289,0.765,5820.848,139362.683,0.02,0.0
661.636,2026-06-26T00:14:33.413617,63578.164,115804.289,0.811,5820.849,139362.683,0.02,0.0
661.687,2026-06-26T00:14:33.464614,63627.547,115804.289,0.751,5820.85,139362.683,0.02,0.0
661.738,2026-06-26T00:14:33.515629,63676.965,115804.289,0.802,5820.851,139362.683,0.02,0.0
661.789,2026-06-26T00:14:33.566628,63727.41,115804.289,0.791,5820.852,139362.683,0.02,0.0
661.84,2026-06-26T00:14:33.617635,63778.094,115804.289,0.783,5820.853,139362.683,0.02,0.0
661.891,2026-06-26T00:14:33.668630,63829.461,115804.289,0.778,5820.854,139362.683,0.02,0.0
661.942,2026-06-26T00:14:33.719644,63881.113,115804.289,0.82,5820.855,139362.683,0.02,0.0
661.993,2026-06-26T00:14:33.770612,63933.348,115804.289,0.85,5820.856,139362.683,0.02,0.0
662.044,2026-06-26T00:14:33.821586,63985.773,115804.289,0.825,5820.857,139362.683,0.02,0.0
662.095,2026-06-26T00:14:33.872557,63975.535,115804.289,0.762,5820.858,139362.683,0.02,0.0
662.146,2026-06-26T00:14:33.923566,63706.641,115804.289,0.809,5820.859,139362.683,0.02,0.0
662.197,2026-06-26T00:14:33.974558,63208.641,115004.289,0.796,5820.86,139362.683,0.02,0.0
662.248,2026-06-26T00:14:34.025657,63208.641,115004.289,0.787,5820.861,139362.683,0.02,0.0
662.299,2026-06-26T00:14:34.076649,63208.641,115004.289,0.78,5820.862,139362.683,0.02,0.0
662.35,2026-06-26T00:14:34.127619,63208.641,115004.289,0.776,5820.863,139362.683,0.02,0.0
662.401,2026-06-26T00:14:34.178609,63217.684,115054.289,0.773,5820.864,139412.683,0.02,980.358
662.452,2026-06-26T00:14:34.229609,63208.641,115004.289,0.771,5820.865,139412.683,0.02,0.0
662.503,2026-06-26T00:14:34.280599,63208.641,115004.289,0.769,5820.866,139462.683,0.02,980.097
662.554,2026-06-26T00:14:34.331614,63257.84,115804.289,0.768,5820.868,139462.683,0.02,0.0
662.605,2026-06-26T00:14:34.382605,63309.91,115804.289,0.768,5820.869,139462.683,0.02,0.0
662.656,2026-06-26T00:14:34.433562,63358.262,115804.289,0.813,5820.87,139462.683,0.02,0.0
662.707,2026-06-26T00:14:34.484549,63395.688,115804.289,0.799,5820.871,139462.683,0.02,0.0
662.758,2026-06-26T00:14:34.535599,63437.527,115804.289,0.835,5820.872,139462.683,0.02,0.0
662.809,2026-06-26T00:14:34.586583,63481.277,115804.289,0.768,5820.873,139462.683,0.02,0.0
662.86,2026-06-26T00:14:34.637561,63523.504,115804.289,0.768,5820.874,139462.683,0.02,0.0
662.911,2026-06-26T00:14:34.688550,63566.453,115804.289,0.813,5820.875,139462.683,0.02,0.0
662.962,2026-06-26T00:14:34.739534,63611.09,115804.289,0.753,5820.876,139462.683,0.02,0.0
663.013,2026-06-26T00:14:34.790485,63652.328,115804.289,0.757,5820.877,139462.683,0.02,0.0
663.064,2026-06-26T00:14:34.841477,63695.805,115804.289,0.76,5820.878,139462.683,0.02,0.0
663.115,2026-06-26T00:14:34.892471,63740.91,115804.289,0.808,5820.879,139462.683,0.02,0.0
663.166,2026-06-26T00:14:34.943488,63784.777,115804.289,0.795,5820.88,139462.683,0.02,0.0
663.217,2026-06-26T00:14:34.994532,63838.105,115804.289,0.832,5820.881,139462.683,0.02,0.0
663.338,2026-06-26T00:14:35.116020,63963.32,115804.289,0.95,5821.229,139462.683,2.875,0.0
663.389,2026-06-26T00:14:35.166425,63958.672,115754.289,0.897,5821.23,139462.683,0.021,0.0
663.439,2026-06-26T00:14:35.216984,64005.172,115804.289,0.906,5821.231,139462.683,0.021,0.0
663.49,2026-06-26T00:14:35.267588,63300.672,115804.289,0.865,5821.232,139462.683,0.021,0.0
663.54,2026-06-26T00:14:35.318361,63208.672,115004.289,0.836,5821.233,139462.683,0.021,0.0
663.591,2026-06-26T00:14:35.369115,63208.672,115004.289,0.815,5821.234,139462.683,0.02,0.0
663.642,2026-06-26T00:14:35.420155,63208.672,115004.289,0.801,5821.235,139462.683,0.02,0.0
663.693,2026-06-26T00:14:35.471116,63208.672,115004.289,0.79,5821.236,139462.683,0.02,0.0
663.744,2026-06-26T00:14:35.522103,63236.113,115054.289,0.783,5821.237,139512.683,0.02,980.555
663.795,2026-06-26T00:14:35.573056,63208.672,115004.289,0.778,5821.238,139512.683,0.02,0.0
663.846,2026-06-26T00:14:35.624046,63227.457,115054.289,0.774,5821.239,139562.683,0.02,980.44
663.897,2026-06-26T00:14:35.675030,63208.336,115004.289,0.772,5821.24,139562.683,0.02,0.0
663.948,2026-06-26T00:14:35.726030,63219.004,115054.289,0.77,5821.241,139612.683,0.02,980.578
663.999,2026-06-26T00:14:35.777016,63208.336,115004.289,0.815,5821.242,139612.683,0.02,0.0
664.05,2026-06-26T00:14:35.828015,63210.836,115054.289,0.754,5821.243,139662.683,0.02,979.671
664.101,2026-06-26T00:14:35.879060,63208.336,115004.289,0.804,5821.244,139662.683,0.02,0.0
664.152,2026-06-26T00:14:35.930023,63208.336,115004.289,0.792,5821.245,139712.683,0.02,981.037
664.203,2026-06-26T00:14:35.981019,63253.566,115054.289,0.831,5821.246,139712.683,0.02,0.0
664.254,2026-06-26T00:14:36.031989,63208.336,115004.289,0.857,5821.248,139762.683,0.02,980.61
664.305,2026-06-26T00:14:36.082981,63244.836,115054.289,0.83,5821.249,139762.683,0.02,0.0
664.356,2026-06-26T00:14:36.133998,63208.336,115004.289,0.811,5821.25,139762.683,0.02,0.0
664.407,2026-06-26T00:14:36.184985,63234.246,115054.289,0.797,5821.251,139812.683,0.02,980.142
664.458,2026-06-26T00:14:36.236003,63208.336,115004.289,0.788,5821.252,139812.683,0.02,0.0
664.509,2026-06-26T00:14:36.286977,63222.398,115804.289,0.781,5821.253,139862.683,0.02,980.0
664.56,2026-06-26T00:14:36.338009,63270.113,115804.289,0.823,5821.254,139862.683,0.02,0.0
664.611,2026-06-26T00:14:36.388996,63317.711,115804.289,0.806,5821.255,139862.683,0.02,0.0
664.662,2026-06-26T00:14:36.440004,63365.188,115804.289,0.748,5821.256,139862.683,0.02,0.0
664.713,2026-06-26T00:14:36.491010,63414.586,115804.289,0.753,5821.257,139862.683,0.02,0.0
664.764,2026-06-26T00:14:36.542007,63465.992,115804.289,0.803,5821.258,139862.683,0.02,0.0
664.815,2026-06-26T00:14:36.593013,63518.727,115804.289,0.792,5821.259,139862.683,0.02,0.0
664.866,2026-06-26T00:14:36.644023,63571.84,115804.289,0.784,5821.26,139862.683,0.02,0.0
664.917,2026-06-26T00:14:36.695039,63625.031,115804.289,0.778,5821.261,139862.683,0.02,0.0
664.968,2026-06-26T00:14:36.746063,63678.871,115804.289,0.775,5821.262,139862.683,0.02,0.0
665.019,2026-06-26T00:14:36.797077,63732.789,115804.289,0.818,5821.263,139862.683,0.02,0.0
665.07,2026-06-26T00:14:36.848091,63785.902,115804.289,0.756,5821.264,139862.683,0.02,0.0
665.121,2026-06-26T00:14:36.899083,63839.586,115804.289,0.805,5821.265,139862.683,0.02,0.0
665.172,2026-06-26T00:14:36.950080,63893.188,115804.289,0.839,5821.266,139862.683,0.02,0.0
665.223,2026-06-26T00:14:37.001090,63946.852,115804.289,0.817,5821.267,139862.683,0.02,0.0
665.274,2026-06-26T00:14:37.052096,64000.523,115804.289,0.756,5821.268,139862.683,0.02,0.0
665.325,2026-06-26T00:14:37.103086,63986.836,115804.289,0.805,5821.269,139862.683,0.02,0.0
665.376,2026-06-26T00:14:37.154101,63598.336,115804.289,0.793,5821.27,139862.683,0.02,0.0
665.427,2026-06-26T00:14:37.205098,63208.336,115004.289,0.785,5821.272,139862.683,0.02,0.0
665.478,2026-06-26T00:14:37.256115,63208.336,115004.289,0.779,5821.273,139862.683,0.02,0.0
665.529,2026-06-26T00:14:37.307115,63208.336,115004.289,0.775,5821.274,139862.683,0.02,0.0
665.58,2026-06-26T00:14:37.358122,63208.336,115004.289,0.772,5821.275,139862.683,0.02,0.0
665.631,2026-06-26T00:14:37.409124,63227.594,115804.289,0.771,5821.276,139912.683,0.02,980.592
665.682,2026-06-26T00:14:37.460110,63279.664,115804.289,0.769,5821.277,139912.683,0.02,0.0
665.733,2026-06-26T00:14:37.511114,63331.816,115804.289,0.86,5821.278,139912.683,0.02,0.0
665.784,2026-06-26T00:14:37.562107,63383.703,115804.289,0.832,5821.279,139912.683,0.02,0.0
665.835,2026-06-26T00:14:37.613103,63435.707,115804.289,0.766,5821.28,139912.683,0.02,0.0
665.886,2026-06-26T00:14:37.664100,63488.148,115804.289,0.812,5821.281,139912.683,0.02,0.0
665.937,2026-06-26T00:14:37.715070,63540.441,115804.289,0.798,5821.282,139912.683,0.02,0.0
665.988,2026-06-26T00:14:37.766088,63592.164,115804.289,0.789,5821.283,139912.683,0.02,0.0
666.039,2026-06-26T00:14:37.817066,63644.273,115804.289,0.782,5821.284,139912.683,0.02,0.0
666.09,2026-06-26T00:14:37.868057,63697.242,115804.289,0.777,5821.285,139912.683,0.02,0.0
666.141,2026-06-26T00:14:37.919064,63749.098,115804.289,0.82,5821.286,139912.683,0.02,0.0
666.192,2026-06-26T00:14:37.970054,63799.465,115804.289,0.758,5821.287,139912.683,0.02,0.0
666.243,2026-06-26T00:14:38.021016,63848.105,115804.289,0.806,5821.288,139912.683,0.02,0.0
666.294,2026-06-26T00:14:38.072014,63896.539,115804.289,0.794,5821.289,139912.683,0.02,0.0
666.345,2026-06-26T00:14:38.122955,63944.938,115804.289,0.786,5821.29,139912.683,0.02,0.0
666.396,2026-06-26T00:14:38.173939,63997.105,115804.289,0.872,5821.291,139912.683,0.02,0.0
666.447,2026-06-26T00:14:38.224938,63983.66,115804.289,0.794,5821.292,139912.683,0.02,0.0
666.498,2026-06-26T00:14:38.275959,63546.336,115804.289,0.832,5821.293,139912.683,0.02,0.0
666.549,2026-06-26T00:14:38.326954,63208.336,115004.289,0.812,5821.294,139912.683,0.02,0.0
666.6,2026-06-26T00:14:38.377968,63208.336,115004.289,0.798,5821.295,139912.683,0.02,0.0
666.651,2026-06-26T00:14:38.428965,63208.336,115004.289,0.788,5821.297,139912.683,0.02,0.0
666.702,2026-06-26T00:14:38.479983,63208.336,115004.289,0.781,5821.298,139912.683,0.02,0.0
666.753,2026-06-26T00:14:38.530971,63218.984,115804.289,0.777,5821.299,139962.683,0.02,980.257
666.804,2026-06-26T00:14:38.581987,63268.219,115804.289,0.82,5821.3,139962.683,0.02,0.0
666.855,2026-06-26T00:14:38.632960,63317.164,115804.289,0.757,5821.301,139962.683,0.02,0.0
666.906,2026-06-26T00:14:38.683980,63366.266,115804.289,0.76,5821.302,139962.683,0.02,0.0
666.957,2026-06-26T00:14:38.734969,63415.906,115804.289,0.808,5821.303,139962.683,0.02,0.0
667.008,2026-06-26T00:14:38.786003,63466.402,115804.289,0.795,5821.304,139962.683,0.02,0.0
667.059,2026-06-26T00:14:38.837008,63517.945,115804.289,0.786,5821.305,139962.683,0.02,0.0
667.11,2026-06-26T00:14:38.888000,63569.562,115804.289,0.826,5821.306,139962.683,0.02,0.0
667.161,2026-06-26T00:14:38.939019,63621.316,115804.289,0.808,5821.307,139962.683,0.02,0.0
667.212,2026-06-26T00:14:38.990033,63673.625,115804.289,0.795,5821.308,139962.683,0.02,0.0
667.263,2026-06-26T00:14:39.041011,63725.777,115804.289,0.786,5821.309,139962.683,0.02,0.0
667.314,2026-06-26T00:14:39.092020,63778.789,115804.289,0.826,5821.31,139962.683,0.02,0.0
667.365,2026-06-26T00:14:39.142991,63829.156,115804.289,0.762,5821.311,139962.683,0.02,0.0
667.416,2026-06-26T00:14:39.194021,63882.754,115804.289,0.809,5821.312,139962.683,0.02,0.0
667.467,2026-06-26T00:14:39.245008,63936.582,115804.289,0.796,5821.313,139962.683,0.02,0.0
667.518,2026-06-26T00:14:39.296007,63972.191,115804.289,0.695,5821.314,139962.683,0.02,0.0
667.569,2026-06-26T00:14:39.346988,63972.191,115804.289,0.487,5821.315,139962.683,0.02,0.0
667.62,2026-06-26T00:14:39.398012,63998.16,115804.289,0.478,5821.316,139962.683,0.02,0.0
667.671,2026-06-26T00:14:39.449004,63984.77,115804.289,0.565,5821.317,139962.683,0.02,0.0
667.722,2026-06-26T00:14:39.500004,63638.336,115804.289,0.625,5821.318,139962.683,0.02,0.0
667.773,2026-06-26T00:14:39.550995,63208.336,115004.289,0.667,5821.319,139962.683,0.02,0.0
667.824,2026-06-26T00:14:39.601974,63208.336,115004.289,0.697,5821.32,139962.683,0.02,0.0
667.875,2026-06-26T00:14:39.652978,63208.336,115004.289,0.764,5821.322,139962.683,0.02,0.0
667.926,2026-06-26T00:14:39.703970,63208.336,115004.289,0.764,5821.323,139962.683,0.02,0.0
667.977,2026-06-26T00:14:39.754956,63224.531,115054.289,0.765,5821.324,140012.683,0.02,980.692
668.028,2026-06-26T00:14:39.805936,63208.336,115004.289,0.765,5821.325,140012.683,0.02,0.0
668.079,2026-06-26T00:14:39.856910,63214.176,115054.289,0.765,5821.326,140062.683,0.02,980.527
668.13,2026-06-26T00:14:39.907905,63208.336,115004.289,0.857,5821.327,140062.683,0.02,0.0
668.181,2026-06-26T00:14:39.958938,63208.336,115004.289,0.784,5821.328,140112.683,0.02,980.752
668.232,2026-06-26T00:14:40.009921,63258.336,115804.289,0.779,5821.329,140112.683,0.02,0.0
668.353,2026-06-26T00:14:40.131222,63378.77,115804.289,0.933,5821.677,140112.683,2.877,0.0
668.404,2026-06-26T00:14:40.181631,63428.715,115804.289,0.838,5821.678,140112.683,0.021,0.0
668.454,2026-06-26T00:14:40.232203,63478.133,115804.289,0.865,5821.679,140112.683,0.021,0.0
668.505,2026-06-26T00:14:40.282794,63528.297,115804.289,0.836,5821.68,140112.683,0.021,0.0
668.556,2026-06-26T00:14:40.333577,63577.879,115804.289,0.817,5821.681,140112.683,0.021,0.0
668.607,2026-06-26T00:14:40.384463,63627.219,115804.289,0.801,5821.682,140112.683,0.02,0.0
668.658,2026-06-26T00:14:40.435451,63676.473,115804.289,0.791,5821.683,140112.683,0.02,0.0
668.709,2026-06-26T00:14:40.486427,63723.016,115804.289,0.783,5821.684,140112.683,0.02,0.0
668.76,2026-06-26T00:14:40.537437,63768.621,115804.289,0.778,5821.685,140112.683,0.02,0.0
668.811,2026-06-26T00:14:40.588371,63814.207,115804.289,0.775,5821.686,140112.683,0.02,0.0
668.862,2026-06-26T00:14:40.639367,63861.492,115804.289,0.772,5821.687,140112.683,0.02,0.0
668.912,2026-06-26T00:14:40.690354,63912.508,115804.289,0.77,5821.688,140112.683,0.02,0.0
668.964,2026-06-26T00:14:40.741384,63963.305,115804.289,0.861,5821.689,140112.683,0.02,0.0
669.015,2026-06-26T00:14:40.792372,63958.367,115754.289,0.832,5821.69,140112.683,0.02,0.0
669.066,2026-06-26T00:14:40.843387,64000.867,115804.289,0.812,5821.691,140112.683,0.02,0.0
669.117,2026-06-26T00:14:40.894367,63386.367,115804.289,0.798,5821.692,140112.683,0.02,0.0
669.168,2026-06-26T00:14:40.945432,63208.367,115004.289,0.789,5821.693,140112.683,0.02,0.0
669.219,2026-06-26T00:14:40.996428,63208.367,115004.289,0.782,5821.694,140112.683,0.02,0.0
669.27,2026-06-26T00:14:41.047433,63208.367,115004.289,0.777,5821.695,140112.683,0.02,0.0
669.321,2026-06-26T00:14:41.098428,63208.367,115004.289,0.774,5821.696,140112.683,0.02,0.0
669.372,2026-06-26T00:14:41.149390,63222.762,115054.289,0.772,5821.697,140162.683,0.021,986.445
669.422,2026-06-26T00:14:41.199959,63208.367,115004.289,0.819,5821.698,140162.683,0.021,0.0
669.473,2026-06-26T00:14:41.250593,63208.367,115004.289,0.757,5821.699,140212.683,0.02,981.037
669.524,2026-06-26T00:14:41.301646,63253.68,115804.289,0.806,5821.7,140212.683,0.02,0.0
669.575,2026-06-26T00:14:41.352661,63299.246,115804.289,0.794,5821.702,140212.683,0.02,0.0
669.626,2026-06-26T00:14:41.403589,63344.559,115804.289,0.74,5821.703,140212.683,0.02,0.0
669.677,2026-06-26T00:14:41.454578,63387.328,115804.289,0.84,5821.704,140212.683,0.02,0.0
669.728,2026-06-26T00:14:41.505529,63433.367,115804.289,0.818,5821.705,140212.683,0.02,0.0
669.779,2026-06-26T00:14:41.556481,63480.906,115804.289,0.802,5821.706,140212.683,0.02,0.0
669.83,2026-06-26T00:14:41.607413,63529.559,115804.289,0.792,5821.707,140212.683,0.02,0.0
669.88,2026-06-26T00:14:41.658347,63582.043,115804.289,0.784,5821.708,140212.683,0.02,0.0
669.931,2026-06-26T00:14:41.709331,63628.434,115804.289,0.779,5821.709,140212.683,0.02,0.0
669.982,2026-06-26T00:14:41.760252,63677.887,115804.289,0.775,5821.71,140212.683,0.02,0.0
670.033,2026-06-26T00:14:41.811198,63724.535,115804.289,0.819,5821.711,140212.683,0.02,0.0
670.084,2026-06-26T00:14:41.862116,63775.27,115804.289,0.803,5821.712,140212.683,0.02,0.0
670.135,2026-06-26T00:14:41.913071,63822.082,115804.289,0.792,5821.713,140212.683,0.02,0.0
670.186,2026-06-26T00:14:41.964062,63872.43,115804.289,0.785,5821.714,140212.683,0.021,0.0
670.237,2026-06-26T00:14:42.014994,63918.996,115804.289,0.779,5821.715,140212.683,0.021,0.0
670.288,2026-06-26T00:14:42.065894,63969.18,115804.289,0.822,5821.716,140212.683,0.021,0.0
670.339,2026-06-26T00:14:42.116823,63958.367,115754.289,0.805,5821.717,140212.683,0.021,0.0
670.39,2026-06-26T00:14:42.167729,64002.367,115804.289,0.794,5821.718,140212.683,0.02,0.0
670.441,2026-06-26T00:14:42.218711,63366.367,115804.289,0.785,5821.719,140212.683,0.02,0.0
670.492,2026-06-26T00:14:42.269667,63208.367,115004.289,0.78,5821.72,140212.683,0.02,0.0
670.543,2026-06-26T00:14:42.320641,63208.367,115004.289,0.776,5821.721,140212.683,0.02,0.0
670.594,2026-06-26T00:14:42.371595,63208.367,115004.289,0.773,5821.722,140212.683,0.02,0.0
670.645,2026-06-26T00:14:42.422567,63208.367,115004.289,0.817,5821.723,140212.683,0.02,0.0
670.696,2026-06-26T00:14:42.473522,63224.027,115804.289,0.848,5821.724,140262.683,0.02,980.959
670.747,2026-06-26T00:14:42.524499,63273.992,115804.289,0.778,5821.725,140262.683,0.02,0.0
670.798,2026-06-26T00:14:42.575448,63321.883,115804.289,0.82,5821.727,140262.683,0.02,0.0
670.849,2026-06-26T00:14:42.626476,63373.707,115804.289,0.804,5821.728,140262.683,0.02,0.0
670.9,2026-06-26T00:14:42.677475,63426.0,115804.289,0.792,5821.729,140262.683,0.02,0.0
670.951,2026-06-26T00:14:42.728515,63477.445,115804.289,0.784,5821.73,140262.683,0.02,0.0
671.002,2026-06-26T00:14:42.779526,63527.875,115804.289,0.779,5821.731,140262.683,0.02,0.0
671.053,2026-06-26T00:14:42.830544,63578.156,115804.289,0.775,5821.732,140262.683,0.02,0.0
671.104,2026-06-26T00:14:42.881578,63628.773,115804.289,0.772,5821.733,140262.683,0.02,0.0
671.155,2026-06-26T00:14:42.932599,63679.188,115804.289,0.77,5821.734,140262.683,0.02,0.0
671.206,2026-06-26T00:14:42.983601,63727.328,115804.289,0.815,5821.735,140262.683,0.02,0.0
671.257,2026-06-26T00:14:43.034637,63776.562,115804.289,0.8,5821.736,140262.683,0.02,0.0
671.308,2026-06-26T00:14:43.085624,63824.5,115804.289,0.836,5821.737,140262.683,0.02,0.0
671.359,2026-06-26T00:14:43.136634,63871.121,115804.289,0.769,5821.738,140262.683,0.02,0.0
671.41,2026-06-26T00:14:43.187635,63917.742,115804.289,0.814,5821.739,140262.683,0.02,0.0
671.461,2026-06-26T00:14:43.238677,63963.473,115804.289,0.799,5821.74,140262.683,0.02,0.0
671.512,2026-06-26T00:14:43.289686,63958.367,115754.289,0.789,5821.741,140262.683,0.02,0.0
671.563,2026-06-26T00:14:43.340707,64000.41,115804.289,0.782,5821.742,140262.683,0.02,0.0
671.614,2026-06-26T00:14:43.391707,63336.367,115804.289,0.777,5821.743,140262.683,0.02,0.0
671.665,2026-06-26T00:14:43.442731,63208.367,115004.289,0.774,5821.744,140262.683,0.02,0.0
671.716,2026-06-26T00:14:43.493718,63208.367,115004.289,0.817,5821.745,140262.683,0.02,0.0
671.767,2026-06-26T00:14:43.544747,63208.367,115004.289,0.802,5821.746,140262.683,0.02,0.0
671.818,2026-06-26T00:14:43.595756,63208.367,115004.289,0.791,5821.747,140262.683,0.02,0.0
671.869,2026-06-26T00:14:43.646790,63230.086,115054.289,0.829,5821.748,140312.683,0.02,980.381
671.92,2026-06-26T00:14:43.697793,63208.367,115004.289,0.81,5821.749,140312.683,0.02,0.0
671.971,2026-06-26T00:14:43.748806,63216.652,115804.289,0.797,5821.751,140362.683,0.02,980.33
672.022,2026-06-26T00:14:43.799820,63265.633,115804.289,0.787,5821.752,140362.683,0.02,0.0
672.073,2026-06-26T00:14:43.850840,63313.816,115804.289,0.781,5821.753,140362.683,0.02,0.0
672.124,2026-06-26T00:14:43.901844,63357.008,115804.289,0.822,5821.754,140362.683,0.02,0.0
672.175,2026-06-26T00:14:43.952870,63405.176,115804.289,0.805,5821.755,140362.683,0.02,0.0
672.226,2026-06-26T00:14:44.003892,63453.68,115804.289,0.747,5821.756,140362.683,0.02,0.0
672.277,2026-06-26T00:14:44.054921,63504.527,115804.289,0.799,5821.757,140362.683,0.02,0.0
672.328,2026-06-26T00:14:44.105910,63555.027,115804.289,0.789,5821.758,140362.683,0.02,0.0
672.379,2026-06-26T00:14:44.156880,63605.242,115804.289,0.782,5821.759,140362.683,0.02,0.0
672.43,2026-06-26T00:14:44.207885,63654.797,115804.289,0.777,5821.76,140362.683,0.02,0.0
672.481,2026-06-26T00:14:44.258898,63706.262,115804.289,0.774,5821.761,140362.683,0.02,0.0
672.532,2026-06-26T00:14:44.309898,63750.512,115804.289,0.817,5821.762,140362.683,0.02,0.0
672.583,2026-06-26T00:14:44.360912,63804.332,115804.289,0.756,5821.763,140362.683,0.02,0.0
672.634,2026-06-26T00:14:44.411901,63857.273,115804.289,0.759,5821.764,140362.683,0.02,0.0
672.685,2026-06-26T00:14:44.462923,63909.863,115804.289,0.761,5821.765,140362.683,0.02,0.0
672.736,2026-06-26T00:14:44.513921,63960.363,115804.289,0.762,5821.766,140362.683,0.02,0.0
672.787,2026-06-26T00:14:44.564939,63982.367,115804.289,0.809,5821.767,140362.683,0.02,0.0
672.838,2026-06-26T00:14:44.615940,63994.367,115804.289,0.75,5821.768,140362.683,0.02,0.0
672.889,2026-06-26T00:14:44.666954,63512.367,115804.289,0.801,5821.769,140362.683,0.02,0.0
672.94,2026-06-26T00:14:44.717966,63208.367,115004.289,0.79,5821.77,140362.683,0.02,0.0
672.991,2026-06-26T00:14:44.768978,63208.367,115004.289,0.783,5821.771,140362.683,0.02,0.0
673.042,2026-06-26T00:14:44.819977,63208.367,115004.289,0.778,5821.772,140362.683,0.02,0.0
673.093,2026-06-26T00:14:44.871002,63208.367,115004.289,0.82,5821.773,140362.683,0.02,0.0
673.144,2026-06-26T00:14:44.921995,63217.688,115804.289,0.804,5821.774,140412.683,0.02,979.895
673.195,2026-06-26T00:14:44.973028,63266.305,115804.289,0.792,5821.776,140412.683,0.02,0.0
673.246,2026-06-26T00:14:45.024021,63317.688,115804.289,0.876,5821.777,140412.683,0.02,0.0
673.367,2026-06-26T00:14:45.145071,63434.965,115804.289,0.944,5822.124,140412.683,2.885,0.0
673.418,2026-06-26T00:14:45.195493,63483.109,115804.289,0.938,5822.125,140412.683,0.021,0.0
673.468,2026-06-26T00:14:45.246090,63530.887,115804.289,0.842,5822.126,140412.683,0.021,0.0
673.519,2026-06-26T00:14:45.296719,63575.969,115804.289,0.821,5822.128,140412.683,0.021,0.0
673.57,2026-06-26T00:14:45.347500,63619.66,115804.289,0.898,5822.129,140412.683,0.021,0.0
673.621,2026-06-26T00:14:45.398402,63665.16,115804.289,0.858,5822.13,140412.683,0.02,0.0
673.672,2026-06-26T00:14:45.449400,63711.23,115804.289,0.83,5822.131,140412.683,0.02,0.0
673.723,2026-06-26T00:14:45.500433,63756.039,115804.289,0.811,5822.132,140412.683,0.02,0.0
673.774,2026-06-26T00:14:45.551462,63799.484,115804.289,0.797,5822.133,140412.683,0.02,0.0
673.825,2026-06-26T00:14:45.602467,63841.977,115804.289,0.788,5822.134,140412.683,0.02,0.0
673.876,2026-06-26T00:14:45.653482,63882.496,115804.289,0.781,5822.135,140412.683,0.02,0.0
673.927,2026-06-26T00:14:45.704511,63924.961,115804.289,0.822,5822.136,140412.683,0.02,0.0
673.978,2026-06-26T00:14:45.755512,63970.902,115804.289,0.759,5822.137,140412.683,0.02,0.0
674.029,2026-06-26T00:14:45.806539,63958.402,115754.289,0.807,5822.138,140412.683,0.02,0.0
674.08,2026-06-26T00:14:45.857539,63995.316,115804.289,0.795,5822.139,140412.683,0.02,0.0
674.131,2026-06-26T00:14:45.908565,63458.402,115804.289,0.786,5822.14,140412.683,0.02,0.0
674.182,2026-06-26T00:14:45.959563,63208.402,115004.289,0.78,5822.141,140412.683,0.02,0.0
674.233,2026-06-26T00:14:46.010584,63208.402,115004.289,0.775,5822.142,140412.683,0.02,0.0
674.284,2026-06-26T00:14:46.061625,63208.402,115004.289,0.818,5822.143,140412.683,0.02,0.0
674.335,2026-06-26T00:14:46.112648,63208.402,115004.289,0.803,5822.144,140412.683,0.02,0.0
674.386,2026-06-26T00:14:46.163657,63208.402,115004.289,0.791,5822.145,140462.683,0.02,979.712
674.437,2026-06-26T00:14:46.214689,63238.508,115054.289,0.784,5822.146,140462.683,0.02,0.0
674.488,2026-06-26T00:14:46.265686,63208.402,115004.289,0.824,5822.147,140462.683,0.02,0.0
674.539,2026-06-26T00:14:46.316711,63212.035,115804.289,0.807,5822.148,140512.683,0.02,980.573
674.59,2026-06-26T00:14:46.367708,63257.094,115804.289,0.84,5822.149,140512.683,0.02,0.0
674.641,2026-06-26T00:14:46.418741,63307.402,115804.289,0.772,5822.15,140512.683,0.02,0.0
674.692,2026-06-26T00:14:46.469742,63358.082,115804.289,0.77,5822.152,140512.683,0.02,0.0
674.743,2026-06-26T00:14:46.520753,63409.527,115804.289,0.815,5822.153,140512.683,0.02,0.0
674.794,2026-06-26T00:14:46.571773,63461.746,115804.289,0.8,5822.154,140512.683,0.02,0.0
674.845,2026-06-26T00:14:46.622800,63514.234,115804.289,0.79,5822.155,140512.683,0.02,0.0
674.896,2026-06-26T00:14:46.673804,63566.723,115804.289,0.782,5822.156,140512.683,0.02,0.0
674.947,2026-06-26T00:14:46.724841,63619.164,115804.289,0.777,5822.157,140512.683,0.02,0.0
674.998,2026-06-26T00:14:46.775844,63671.695,115804.289,0.774,5822.158,140512.683,0.02,0.0
675.049,2026-06-26T00:14:46.826898,63725.531,115804.289,0.771,5822.159,140512.683,0.02,0.0
675.1,2026-06-26T00:14:46.877904,63779.465,115804.289,0.815,5822.16,140512.683,0.02,0.0
675.151,2026-06-26T00:14:46.928928,63833.402,115804.289,0.801,5822.161,140512.683,0.02,0.0
675.202,2026-06-26T00:14:46.979935,63886.527,115804.289,0.79,5822.162,140512.683,0.02,0.0
675.253,2026-06-26T00:14:47.030950,63940.328,115804.289,0.783,5822.163,140512.683,0.02,0.0
675.304,2026-06-26T00:14:47.081940,63994.312,115804.289,0.824,5822.164,140512.683,0.02,0.0
675.355,2026-06-26T00:14:47.132960,63980.941,115804.289,0.806,5822.165,140512.683,0.02,0.0
675.406,2026-06-26T00:14:47.183970,63686.402,115804.289,0.794,5822.166,140512.683,0.02,0.0
675.457,2026-06-26T00:14:47.235008,63208.402,115004.289,0.785,5822.167,140512.683,0.02,0.0
675.508,2026-06-26T00:14:47.286022,63208.402,115004.289,0.78,5822.168,140512.683,0.02,0.0
675.559,2026-06-26T00:14:47.337071,63208.402,115004.289,0.775,5822.169,140512.683,0.02,0.0
675.61,2026-06-26T00:14:47.388082,63208.402,115004.289,0.772,5822.17,140512.683,0.02,0.0
675.661,2026-06-26T00:14:47.439112,63223.426,115804.289,0.816,5822.171,140562.683,0.02,979.973
675.712,2026-06-26T00:14:47.490127,63275.816,115804.289,0.755,5822.172,140562.683,0.02,0.0
675.763,2026-06-26T00:14:47.541157,63328.25,115804.289,0.758,5822.173,140562.683,0.02,0.0
675.814,2026-06-26T00:14:47.592127,63380.844,115804.289,0.761,5822.174,140562.683,0.02,0.0
675.865,2026-06-26T00:14:47.643154,63433.402,115804.289,0.808,5822.175,140562.683,0.02,0.0
675.916,2026-06-26T00:14:47.694118,63485.855,115804.289,0.795,5822.177,140562.683,0.02,0.0
675.967,2026-06-26T00:14:47.745177,63538.051,115804.289,0.832,5822.178,140562.683,0.02,0.0
676.018,2026-06-26T00:14:47.796192,63590.293,115804.289,0.812,5822.179,140562.683,0.02,0.0
676.069,2026-06-26T00:14:47.847195,63642.941,115804.289,0.798,5822.18,140562.683,0.02,0.0
676.12,2026-06-26T00:14:47.898228,63693.145,115804.289,0.789,5822.181,140562.683,0.02,0.0
676.171,2026-06-26T00:14:47.949194,63741.562,115804.289,0.782,5822.182,140562.683,0.02,0.0
676.222,2026-06-26T00:14:48.000217,63791.977,115804.289,0.823,5822.183,140562.683,0.02,0.0
676.273,2026-06-26T00:14:48.051183,63845.047,115804.289,0.806,5822.184,140562.683,0.02,0.0
676.324,2026-06-26T00:14:48.102200,63899.027,115804.289,0.794,5822.185,140562.683,0.02,0.0
676.375,2026-06-26T00:14:48.153183,63952.914,115804.289,0.786,5822.186,140562.683,0.02,0.0
676.426,2026-06-26T00:14:48.204201,64006.648,115804.289,0.734,5822.187,140562.683,0.02,0.0
676.477,2026-06-26T00:14:48.255193,63992.734,115804.289,0.789,5822.188,140562.683,0.02,0.0
676.528,2026-06-26T00:14:48.306196,63434.402,115804.289,0.828,5822.189,140562.683,0.02,0.0
676.579,2026-06-26T00:14:48.357210,63208.402,115004.289,0.855,5822.19,140562.683,0.02,0.0
676.63,2026-06-26T00:14:48.408205,63208.402,115004.289,0.829,5822.191,140562.683,0.02,0.0
676.681,2026-06-26T00:14:48.459216,63208.402,115004.289,0.81,5822.192,140562.683,0.02,0.0
676.732,2026-06-26T00:14:48.510189,63208.402,115004.289,0.797,5822.193,140562.683,0.02,0.0
676.783,2026-06-26T00:14:48.561229,63241.965,115054.289,0.833,5822.194,140612.683,0.02,980.436
676.834,2026-06-26T00:14:48.612215,63208.402,115004.289,0.767,5822.195,140612.683,0.02,0.0
676.885,2026-06-26T00:14:48.663200,63231.465,115804.289,0.813,5822.196,140662.683,0.02,980.656
676.936,2026-06-26T00:14:48.714226,63283.637,115804.289,0.799,5822.197,140662.683,0.02,0.0
676.987,2026-06-26T00:14:48.765195,63335.453,115804.289,0.789,5822.198,140662.683,0.02,0.0
677.038,2026-06-26T00:14:48.816211,63385.102,115804.289,0.782,5822.199,140662.683,0.02,0.0
677.089,2026-06-26T00:14:48.867196,63434.418,115804.289,0.777,5822.201,140662.683,0.02,0.0
677.14,2026-06-26T00:14:48.918231,63484.902,115804.289,0.774,5822.202,140662.683,0.02,0.0
677.191,2026-06-26T00:14:48.969200,63535.98,115804.289,0.817,5822.203,140662.683,0.02,0.0
677.242,2026-06-26T00:14:49.020226,63586.914,115804.289,0.756,5822.204,140662.683,0.02,0.0
677.293,2026-06-26T00:14:49.071207,63640.16,115804.289,0.759,5822.205,140662.683,0.02,0.0
677.344,2026-06-26T00:14:49.122220,63694.039,115804.289,0.807,5822.206,140662.683,0.02,0.0
677.395,2026-06-26T00:14:49.173210,63746.66,115804.289,0.795,5822.207,140662.683,0.02,0.0
677.446,2026-06-26T00:14:49.224221,63800.59,115804.289,0.832,5822.208,140662.683,0.02,0.0
677.497,2026-06-26T00:14:49.275206,63854.562,115804.289,0.812,5822.209,140662.683,0.02,0.0
677.548,2026-06-26T00:14:49.326231,63904.223,115804.289,0.798,5822.21,140662.683,0.02,0.0
677.599,2026-06-26T00:14:49.377197,63958.293,115804.289,0.743,5822.211,140662.683,0.02,0.0
677.65,2026-06-26T00:14:49.428219,63958.402,115754.289,0.796,5822.212,140662.683,0.02,0.0
677.701,2026-06-26T00:14:49.479203,64001.695,115804.289,0.741,5822.213,140662.683,0.02,0.0
677.752,2026-06-26T00:14:49.530214,63256.402,115804.289,0.794,5822.214,140662.683,0.02,0.0
677.803,2026-06-26T00:14:49.581205,63208.402,115004.289,0.786,5822.215,140662.683,0.02,0.0
677.854,2026-06-26T00:14:49.632216,63208.402,115004.289,0.826,5822.216,140662.683,0.02,0.0
677.905,2026-06-26T00:14:49.683196,63208.402,115004.289,0.808,5822.217,140662.683,0.02,0.0
677.956,2026-06-26T00:14:49.734210,63208.402,115004.289,0.749,5822.218,140712.683,0.02,980.207
678.007,2026-06-26T00:14:49.785194,63249.402,115054.289,0.754,5822.219,140712.683,0.02,0.0
678.058,2026-06-26T00:14:49.836215,63208.402,115004.289,0.758,5822.22,140712.683,0.02,0.0
678.109,2026-06-26T00:14:49.887191,63239.461,115804.289,0.852,5822.221,140762.683,0.02,980.743
678.16,2026-06-26T00:14:49.938228,63291.977,115804.289,0.826,5822.222,140762.683,0.02,0.0
678.211,2026-06-26T00:14:49.989197,63344.969,115804.289,0.808,5822.223,140762.683,0.02,0.0
678.262,2026-06-26T00:14:50.040201,63396.938,115804.289,0.841,5822.224,140762.683,0.02,0.0
678.384,2026-06-26T00:14:50.161815,63521.465,115804.289,0.937,5822.572,140762.683,2.871,0.0
678.434,2026-06-26T00:14:50.212246,63572.82,115804.289,0.887,5822.573,140762.683,0.021,0.0
678.485,2026-06-26T00:14:50.262861,63624.773,115804.289,0.852,5822.574,140762.683,0.021,0.0
678.536,2026-06-26T00:14:50.313605,63676.113,115804.289,0.828,5822.575,140762.683,0.021,0.0
678.587,2026-06-26T00:14:50.364380,63726.621,115804.289,0.81,5822.576,140762.683,0.021,0.0
678.637,2026-06-26T00:14:50.415200,63775.32,115804.289,0.797,5822.578,140762.683,0.02,0.0
678.688,2026-06-26T00:14:50.466168,63827.152,115804.289,0.834,5822.579,140762.683,0.02,0.0
678.739,2026-06-26T00:14:50.517208,63880.117,115804.289,0.768,5822.58,140762.683,0.02,0.0
678.79,2026-06-26T00:14:50.568149,63934.086,115804.289,0.767,5822.581,140762.683,0.02,0.0
678.841,2026-06-26T00:14:50.619179,63988.09,115804.289,0.767,5822.582,140762.683,0.02,0.0
678.892,2026-06-26T00:14:50.670175,63978.613,115804.289,0.858,5822.583,140762.683,0.02,0.0
678.943,2026-06-26T00:14:50.721196,63614.418,115804.289,0.831,5822.584,140762.683,0.02,0.0
678.994,2026-06-26T00:14:50.772206,63208.418,115004.289,0.857,5822.585,140762.683,0.02,0.0
679.045,2026-06-26T00:14:50.823213,63208.418,115004.289,0.83,5822.586,140762.683,0.02,0.0
679.096,2026-06-26T00:14:50.874209,63208.418,115004.289,0.81,5822.587,140762.683,0.02,0.0
679.147,2026-06-26T00:14:50.925222,63208.418,115004.289,0.797,5822.588,140762.683,0.02,0.0
679.198,2026-06-26T00:14:50.976198,63227.078,115054.289,0.834,5822.589,140812.683,0.02,980.615
679.249,2026-06-26T00:14:51.027201,63208.418,115004.289,0.814,5822.59,140812.683,0.02,0.0
679.3,2026-06-26T00:14:51.078189,62970.418,115004.289,0.753,5822.591,140862.683,0.02,980.491
679.351,2026-06-26T00:14:51.129195,61802.418,115004.289,0.757,5822.592,140862.683,0.02,0.0
679.402,2026-06-26T00:14:51.180197,61608.418,113404.289,0.805,5822.593,140862.683,0.02,0.0
679.453,2026-06-26T00:14:51.231217,61608.418,113404.289,0.794,5822.594,140862.683,0.02,0.0
679.504,2026-06-26T00:14:51.282196,61608.418,113404.289,0.785,5822.595,140862.683,0.02,0.0
679.555,2026-06-26T00:14:51.333212,61608.418,113404.289,0.779,5822.596,140862.683,0.02,0.0
679.606,2026-06-26T00:14:51.384196,61608.418,113404.289,0.775,5822.597,140862.683,0.02,0.0
679.657,2026-06-26T00:14:51.435213,61608.418,113404.289,0.772,5822.598,140862.683,0.02,0.0
679.708,2026-06-26T00:14:51.486196,61584.918,113404.289,0.816,5822.599,140862.683,0.02,0.0
679.759,2026-06-26T00:14:51.537212,61608.418,113404.289,0.801,5822.6,140862.683,0.02,0.0
679.81,2026-06-26T00:14:51.588196,61637.418,113454.289,0.791,5822.601,140912.683,0.02,980.899
679.861,2026-06-26T00:14:51.639205,61608.418,113404.289,0.783,5822.603,140912.683,0.02,0.0
679.912,2026-06-26T00:14:51.690208,61630.016,113454.289,0.778,5822.604,140962.683,0.02,980.67
679.963,2026-06-26T00:14:51.741220,61608.418,113404.289,0.82,5822.605,140962.683,0.02,0.0
680.014,2026-06-26T00:14:51.792213,61620.594,113454.289,0.804,5822.606,141012.683,0.02,980.289
680.065,2026-06-26T00:14:51.843198,61608.418,113404.289,0.793,5822.607,141012.683,0.02,0.0
680.116,2026-06-26T00:14:51.894197,61612.777,113454.289,0.739,5822.608,141062.683,0.02,980.344
680.167,2026-06-26T00:14:51.945195,61608.418,113404.289,0.793,5822.609,141062.683,0.02,0.0
680.218,2026-06-26T00:14:51.996260,61608.418,113404.289,0.784,5822.61,141112.683,0.02,979.159
680.269,2026-06-26T00:14:52.047232,61654.121,113454.289,0.779,5822.611,141112.683,0.02,0.0
680.32,2026-06-26T00:14:52.098207,61608.418,113404.289,0.775,5822.612,141162.683,0.02,980.867
680.371,2026-06-26T00:14:52.149215,61642.793,114204.289,0.864,5822.613,141162.683,0.02,0.0
680.422,2026-06-26T00:14:52.200208,61689.922,114204.289,0.789,5822.614,141162.683,0.02,0.0
680.473,2026-06-26T00:14:52.251210,61737.457,114204.289,0.782,5822.615,141162.683,0.02,0.0
680.524,2026-06-26T00:14:52.302221,61785.137,114204.289,0.823,5822.616,141162.683,0.02,0.0
680.575,2026-06-26T00:14:52.353201,61833.363,114204.289,0.806,5822.617,141162.683,0.02,0.0
680.626,2026-06-26T00:14:52.404216,61881.309,114204.289,0.748,5822.618,141162.683,0.02,0.0
680.677,2026-06-26T00:14:52.455207,61929.238,114204.289,0.799,5822.619,141162.683,0.02,0.0
680.728,2026-06-26T00:14:52.506195,61978.18,114204.289,0.79,5822.62,141162.683,0.02,0.0
680.779,2026-06-26T00:14:52.557206,62026.988,114204.289,0.782,5822.621,141162.683,0.02,0.0
680.83,2026-06-26T00:14:52.608208,62075.754,114204.289,0.778,5822.622,141162.683,0.02,0.0
680.881,2026-06-26T00:14:52.659213,62124.551,114204.289,0.774,5822.623,141162.683,0.02,0.0
680.932,2026-06-26T00:14:52.710208,62173.195,114204.289,0.818,5822.624,141162.683,0.02,0.0
680.983,2026-06-26T00:14:52.761221,62222.27,114204.289,0.802,5822.625,141162.683,0.02,0.0
681.034,2026-06-26T00:14:52.812199,62271.203,114204.289,0.837,5822.626,141162.683,0.02,0.0
681.085,2026-06-26T00:14:52.863209,62320.414,114204.289,0.77,5822.628,141162.683,0.02,0.0
681.136,2026-06-26T00:14:52.914196,62370.363,114204.289,0.815,5822.629,141162.683,0.02,0.0
681.187,2026-06-26T00:14:52.965229,62358.418,114154.289,0.8,5822.63,141162.683,0.02,0.0
681.238,2026-06-26T00:14:53.016209,62407.688,114204.289,0.79,5822.631,141162.683,0.02,0.0
681.289,2026-06-26T00:14:53.067213,61800.418,114204.289,0.829,5822.632,141162.683,0.02,0.0
681.34,2026-06-26T00:14:53.118202,61608.418,113404.289,0.81,5822.633,141162.683,0.02,0.0
681.391,2026-06-26T00:14:53.169203,61608.418,113404.289,0.843,5822.634,141162.683,0.02,0.0
681.442,2026-06-26T00:14:53.220191,61608.418,113404.289,0.819,5822.635,141162.683,0.02,0.0
681.493,2026-06-26T00:14:53.271211,61608.418,113404.289,0.803,5822.636,141162.683,0.02,0.0
681.544,2026-06-26T00:14:53.322194,61625.34,113454.289,0.746,5822.637,141212.683,0.02,980.642
681.595,2026-06-26T00:14:53.373199,61608.418,113404.289,0.798,5822.638,141212.683,0.02,0.0
681.646,2026-06-26T00:14:53.424182,61613.461,114204.289,0.743,5822.639,141262.683,0.02,980.559
681.697,2026-06-26T00:14:53.475196,61662.77,114204.289,0.795,5822.64,141262.683,0.02,0.0
681.748,2026-06-26T00:14:53.526183,61712.031,114204.289,0.741,5822.641,141262.683,0.02,0.0
681.799,2026-06-26T00:14:53.577195,61761.25,114204.289,0.794,5822.642,141262.683,0.02,0.0
681.85,2026-06-26T00:14:53.628190,61810.262,114204.289,0.786,5822.643,141262.683,0.02,0.0
681.901,2026-06-26T00:14:53.679190,61859.445,114204.289,0.78,5822.644,141262.683,0.02,0.0
681.952,2026-06-26T00:14:53.730170,61908.59,114204.289,0.822,5822.645,141262.683,0.02,0.0
682.003,2026-06-26T00:14:53.781195,61957.973,114204.289,0.805,5822.646,141262.683,0.02,0.0
682.054,2026-06-26T00:14:53.832182,62007.465,114204.289,0.839,5822.647,141262.683,0.02,0.0
682.105,2026-06-26T00:14:53.883212,62056.75,114204.289,0.771,5822.648,141262.683,0.02,0.0
682.156,2026-06-26T00:14:53.934189,62106.383,114204.289,0.77,5822.649,141262.683,0.02,0.0
682.207,2026-06-26T00:14:53.985204,62155.547,114204.289,0.814,5822.65,141262.683,0.02,0.0
682.258,2026-06-26T00:14:54.036198,62204.152,114204.289,0.8,5822.651,141262.683,0.02,0.0
682.309,2026-06-26T00:14:54.087195,62252.676,114204.289,0.79,5822.653,141262.683,0.02,0.0
682.36,2026-06-26T00:14:54.138185,62301.18,114204.289,0.783,5822.654,141262.683,0.02,0.0
682.411,2026-06-26T00:14:54.189209,62351.777,114204.289,0.778,5822.655,141262.683,0.02,0.0
682.462,2026-06-26T00:14:54.240185,62402.453,114204.289,0.774,5822.656,141262.683,0.02,0.0
682.513,2026-06-26T00:14:54.291214,62385.918,114204.289,0.817,5822.657,141262.683,0.02,0.0
682.564,2026-06-26T00:14:54.342191,62092.418,114204.289,0.802,5822.658,141262.683,0.02,0.0
682.615,2026-06-26T00:14:54.393208,61608.418,113404.289,0.791,5822.659,141262.683,0.02,0.0
682.666,2026-06-26T00:14:54.444205,61608.418,113404.289,0.784,5822.66,141262.683,0.02,0.0
682.717,2026-06-26T00:14:54.495194,61608.418,113404.289,0.778,5822.661,141262.683,0.02,0.0
682.768,2026-06-26T00:14:54.546206,61608.418,113404.289,0.774,5822.662,141262.683,0.02,0.0
682.819,2026-06-26T00:14:54.597214,61608.418,113404.289,0.772,5822.663,141312.683,0.02,980.252
682.87,2026-06-26T00:14:54.648203,61651.918,113454.289,0.77,5822.664,141312.683,0.02,0.0
682.921,2026-06-26T00:14:54.699219,61608.418,113404.289,0.769,5822.665,141312.683,0.02,0.0
682.972,2026-06-26T00:14:54.750163,61639.418,113454.289,0.815,5822.666,141362.683,0.021,984.389
683.023,2026-06-26T00:14:54.800916,61608.418,113404.289,0.801,5822.667,141362.683,0.021,0.0
683.074,2026-06-26T00:14:54.851712,61627.418,114204.289,0.792,5822.668,141412.683,0.021,984.666
683.125,2026-06-26T00:14:54.902486,61676.27,114204.289,0.739,5822.669,141412.683,0.021,0.0
683.175,2026-06-26T00:14:54.953257,61725.355,114204.289,0.84,5822.67,141412.683,0.021,0.0
683.226,2026-06-26T00:14:55.004021,61774.574,114204.289,0.819,5822.671,141412.683,0.021,0.0
683.277,2026-06-26T00:14:55.054823,61824.344,114204.289,0.804,5822.672,141412.683,0.021,0.0
683.386,2026-06-26T00:14:55.164344,61932.535,114204.289,0.906,5823.02,141412.683,3.183,0.0
683.437,2026-06-26T00:14:55.214774,61982.152,114204.289,0.912,5823.021,141412.683,0.021,0.0
683.488,2026-06-26T00:14:55.265395,62032.086,114204.289,0.87,5823.022,141412.683,0.021,0.0
683.538,2026-06-26T00:14:55.316005,62081.848,114204.289,0.84,5823.023,141412.683,0.021,0.0
683.589,2026-06-26T00:14:55.366813,62130.391,114204.289,0.819,5823.024,141412.683,0.021,0.0
683.64,2026-06-26T00:14:55.417584,62178.867,114204.289,0.804,5823.025,141412.683,0.021,0.0
683.691,2026-06-26T00:14:55.468403,62227.215,114204.289,0.793,5823.026,141412.683,0.02,0.0
683.741,2026-06-26T00:14:55.519188,62275.758,114204.289,0.832,5823.027,141412.683,0.021,0.0
683.792,2026-06-26T00:14:55.569962,62324.223,114204.289,0.767,5823.028,141412.683,0.021,0.0
683.843,2026-06-26T00:14:55.620746,62372.523,114204.289,0.814,5823.029,141412.683,0.021,0.0
683.894,2026-06-26T00:14:55.671543,62358.461,114204.289,0.847,5823.03,141412.683,0.021,0.0
683.944,2026-06-26T00:14:55.722326,62407.234,114204.289,0.823,5823.031,141412.683,0.021,0.0
683.995,2026-06-26T00:14:55.773093,61808.461,114204.289,0.807,5823.032,141412.683,0.021,0.0
684.046,2026-06-26T00:14:55.823880,61608.461,113404.289,0.796,5823.033,141412.683,0.021,0.0
684.097,2026-06-26T00:14:55.874664,61608.461,113404.289,0.788,5823.034,141412.683,0.021,0.0
684.148,2026-06-26T00:14:55.925461,61608.461,113404.289,0.782,5823.036,141412.683,0.021,0.0
684.198,2026-06-26T00:14:55.976240,61608.461,113404.289,0.778,5823.037,141412.683,0.021,0.0
684.249,2026-06-26T00:14:56.027002,61622.914,113454.289,0.775,5823.038,141462.683,0.021,984.394
684.3,2026-06-26T00:14:56.077801,61608.461,113404.289,0.728,5823.039,141462.683,0.021,0.0
684.351,2026-06-26T00:14:56.128588,61609.656,113454.289,0.786,5823.04,141512.683,0.021,985.004
684.402,2026-06-26T00:14:56.179380,61656.461,113454.289,0.781,5823.041,141512.683,0.021,0.0
684.452,2026-06-26T00:14:56.230171,61608.461,113404.289,0.777,5823.042,141562.683,0.021,984.486
684.503,2026-06-26T00:14:56.280927,61644.906,114204.289,0.775,5823.043,141562.683,0.021,0.0
684.554,2026-06-26T00:14:56.331695,61693.852,114204.289,0.773,5823.044,141562.683,0.02,0.0
684.605,2026-06-26T00:14:56.382502,61742.836,114204.289,0.772,5823.045,141562.683,0.021,0.0
684.655,2026-06-26T00:14:56.433280,61792.836,114204.289,0.771,5823.046,141562.683,0.021,0.0
684.706,2026-06-26T00:14:56.484041,61842.887,114204.289,0.817,5823.047,141562.683,0.021,0.0
684.757,2026-06-26T00:14:56.534823,61893.113,114204.289,0.803,5823.048,141562.683,0.021,0.0
684.808,2026-06-26T00:14:56.585589,61943.141,114204.289,0.747,5823.049,141562.683,0.021,0.0
684.859,2026-06-26T00:14:56.636413,61993.344,114204.289,0.799,5823.05,141562.683,0.02,0.0
684.909,2026-06-26T00:14:56.687202,62043.559,114204.289,0.79,5823.051,141562.683,0.021,0.0
684.96,2026-06-26T00:14:56.737948,62093.508,114204.289,0.784,5823.052,141562.683,0.021,0.0
685.011,2026-06-26T00:14:56.788722,62142.305,114204.289,0.872,5823.053,141562.683,0.021,0.0
685.062,2026-06-26T00:14:56.839498,62190.75,114204.289,0.841,5823.054,141562.683,0.021,0.0
685.112,2026-06-26T00:14:56.890289,62239.18,114204.289,0.82,5823.055,141562.683,0.021,0.0
685.163,2026-06-26T00:14:56.941038,62287.797,114204.289,0.805,5823.056,141562.683,0.021,0.0
685.214,2026-06-26T00:14:56.991825,62338.176,114204.289,0.84,5823.057,141562.683,0.021,0.0
685.265,2026-06-26T00:14:57.042622,62388.91,114204.289,0.773,5823.058,141562.683,0.021,0.0
685.316,2026-06-26T00:14:57.093389,62374.379,114204.289,0.772,5823.059,141562.683,0.021,0.0
685.366,2026-06-26T00:14:57.144198,62222.461,114204.289,0.817,5823.061,141562.683,0.021,0.0
685.417,2026-06-26T00:14:57.194910,61608.461,113404.289,0.803,5823.062,141562.683,0.021,0.0
685.468,2026-06-26T00:14:57.245653,61608.461,113404.289,0.793,5823.063,141562.683,0.021,0.0
685.519,2026-06-26T00:14:57.296444,61608.461,113404.289,0.786,5823.064,141562.683,0.021,0.0
685.569,2026-06-26T00:14:57.347188,61608.461,113404.289,0.781,5823.065,141562.683,0.021,0.0
685.62,2026-06-26T00:14:57.397950,61608.461,113404.289,0.778,5823.066,141562.683,0.021,0.0
685.671,2026-06-26T00:14:57.448719,61640.605,113454.289,0.775,5823.067,141612.683,0.021,984.828
685.722,2026-06-26T00:14:57.499485,61608.461,113404.289,0.727,5823.068,141612.683,0.021,0.0
685.772,2026-06-26T00:14:57.550241,61627.211,114204.289,0.786,5823.069,141662.683,0.021,985.129
685.823,2026-06-26T00:14:57.600990,61676.23,114204.289,0.781,5823.07,141662.683,0.021,0.0
685.874,2026-06-26T00:14:57.651790,61725.812,114204.289,0.777,5823.071,141662.683,0.021,0.0
685.925,2026-06-26T00:14:57.702577,61776.059,114204.289,0.775,5823.072,141662.683,0.021,0.0
685.975,2026-06-26T00:14:57.753362,61826.492,114204.289,0.773,5823.073,141662.683,0.021,0.0
686.026,2026-06-26T00:14:57.804117,61876.961,114204.289,0.772,5823.074,141662.683,0.021,0.0
686.077,2026-06-26T00:14:57.854889,61927.188,114204.289,0.771,5823.075,141662.683,0.021,0.0
686.128,2026-06-26T00:14:57.905655,61977.195,114204.289,0.771,5823.076,141662.683,0.021,0.0
686.179,2026-06-26T00:14:57.956439,62027.457,114204.289,0.816,5823.077,141662.683,0.021,0.0
686.229,2026-06-26T00:14:58.007182,62077.465,114204.289,0.802,5823.078,141662.683,0.021,0.0
686.28,2026-06-26T00:14:58.057935,62127.719,114204.289,0.792,5823.079,141662.683,0.021,0.0
686.331,2026-06-26T00:14:58.108725,62176.41,114204.289,0.785,5823.08,141662.683,0.021,0.0
686.382,2026-06-26T00:14:58.159481,62224.668,114204.289,0.827,5823.081,141662.683,0.021,0.0
686.432,2026-06-26T00:14:58.210214,62272.777,114204.289,0.81,5823.082,141662.683,0.021,0.0
686.483,2026-06-26T00:14:58.260946,62321.43,114204.289,0.844,5823.083,141662.683,0.021,0.0
686.534,2026-06-26T00:14:58.311746,62371.73,114204.289,0.821,5823.084,141662.683,0.021,0.0
686.585,2026-06-26T00:14:58.362515,62358.836,114204.289,0.806,5823.086,141662.683,0.021,0.0
686.635,2026-06-26T00:14:58.413302,62406.461,114204.289,0.795,5823.087,141662.683,0.021,0.0
686.686,2026-06-26T00:14:58.464047,61788.461,114204.289,0.787,5823.088,141662.683,0.021,0.0
686.737,2026-06-26T00:14:58.514811,61608.461,113404.289,0.782,5823.089,141662.683,0.021,0.0
686.788,2026-06-26T00:14:58.565583,61608.461,113404.289,0.778,5823.09,141662.683,0.021,0.0
686.838,2026-06-26T00:14:58.616361,61608.461,113404.289,0.776,5823.091,141662.683,0.021,0.0
686.889,2026-06-26T00:14:58.667133,61608.461,113404.289,0.773,5823.092,141662.683,0.02,0.0
686.94,2026-06-26T00:14:58.718169,61625.797,114204.289,0.817,5823.093,141712.683,0.02,980.789
686.991,2026-06-26T00:14:58.769128,61675.191,114204.289,0.756,5823.094,141712.683,0.02,0.0
687.042,2026-06-26T00:14:58.820190,61724.539,114204.289,0.805,5823.095,141712.683,0.02,0.0
687.093,2026-06-26T00:14:58.871193,61773.969,114204.289,0.793,5823.096,141712.683,0.02,0.0
687.144,2026-06-26T00:14:58.922190,61823.285,114204.289,0.785,5823.097,141712.683,0.02,0.0
687.195,2026-06-26T00:14:58.973211,61872.625,114204.289,0.825,5823.098,141712.683,0.02,0.0
687.246,2026-06-26T00:14:59.024195,61921.977,114204.289,0.807,5823.099,141712.683,0.02,0.0
687.297,2026-06-26T00:14:59.075196,61972.207,114204.289,0.795,5823.1,141712.683,0.02,0.0
687.348,2026-06-26T00:14:59.126207,62022.777,114204.289,0.786,5823.101,141712.683,0.02,0.0
687.399,2026-06-26T00:14:59.177196,62073.137,114204.289,0.826,5823.102,141712.683,0.02,0.0
687.45,2026-06-26T00:14:59.228212,62123.859,114204.289,0.762,5823.103,141712.683,0.02,0.0
687.501,2026-06-26T00:14:59.279202,62174.426,114204.289,0.809,5823.104,141712.683,0.02,0.0
687.552,2026-06-26T00:14:59.330199,62219.926,114204.289,0.75,5823.105,141712.683,0.02,0.0
687.603,2026-06-26T00:14:59.381208,62268.547,114204.289,0.755,5823.106,141712.683,0.02,0.0
687.654,2026-06-26T00:14:59.432195,62317.203,114204.289,0.804,5823.107,141712.683,0.02,0.0
687.705,2026-06-26T00:14:59.483209,62367.215,114204.289,0.793,5823.108,141712.683,0.02,0.0
687.756,2026-06-26T00:14:59.534199,62358.461,114154.289,0.785,5823.109,141712.683,0.02,0.0
687.807,2026-06-26T00:14:59.585204,62404.633,114204.289,0.779,5823.111,141712.683,0.02,0.0
687.858,2026-06-26T00:14:59.636183,61828.461,114204.289,0.775,5823.112,141712.683,0.02,0.0
687.909,2026-06-26T00:14:59.687181,61608.461,113404.289,0.772,5823.113,141712.683,0.02,0.0
687.96,2026-06-26T00:14:59.738176,61608.461,113404.289,0.771,5823.114,141712.683,0.02,0.0
688.011,2026-06-26T00:14:59.789177,61608.461,113404.289,0.815,5823.115,141712.683,0.02,0.0
688.062,2026-06-26T00:14:59.840163,61608.461,113404.289,0.8,5823.116,141712.683,0.02,0.0
688.113,2026-06-26T00:14:59.891134,61622.812,113454.289,0.79,5823.117,141762.683,0.02,980.491
688.164,2026-06-26T00:14:59.942127,61608.461,113404.289,0.783,5823.118,141762.683,0.02,0.0
688.215,2026-06-26T00:14:59.993197,61611.305,113454.289,0.778,5823.119,141812.683,0.02,979.836
688.266,2026-06-26T00:15:00.044192,61640.461,113454.289,0.774,5823.12,141812.683,0.02,0.0
688.317,2026-06-26T00:15:00.095194,61608.461,113404.289,0.772,5823.121,141862.683,0.02,980.422
688.439,2026-06-26T00:15:00.216604,61715.465,114204.289,0.927,5823.469,141862.683,2.876,0.0
688.489,2026-06-26T00:15:00.267023,61764.086,114204.289,0.835,5823.47,141862.683,0.021,0.0
688.54,2026-06-26T00:15:00.317634,61812.637,114204.289,0.909,5823.471,141862.683,0.021,0.0
688.59,2026-06-26T00:15:00.368238,61861.621,114204.289,0.867,5823.472,141862.683,0.021,0.0
688.641,2026-06-26T00:15:00.419010,61910.504,114204.289,0.837,5823.473,141862.683,0.02,0.0
688.692,2026-06-26T00:15:00.469950,61959.988,114204.289,0.816,5823.474,141862.683,0.02,0.0
688.743,2026-06-26T00:15:00.520971,62010.312,114204.289,0.801,5823.475,141862.683,0.02,0.0
688.794,2026-06-26T00:15:00.571992,62060.844,114204.289,0.79,5823.476,141862.683,0.02,0.0
688.845,2026-06-26T00:15:00.622986,62109.754,114204.289,0.783,5823.477,141862.683,0.02,0.0
688.896,2026-06-26T00:15:00.674024,62158.137,114204.289,0.824,5823.478,141862.683,0.02,0.0
688.947,2026-06-26T00:15:00.725018,62206.277,114204.289,0.806,5823.479,141862.683,0.02,0.0
688.998,2026-06-26T00:15:00.776023,62256.133,114204.289,0.794,5823.48,141862.683,0.02,0.0
689.049,2026-06-26T00:15:00.827027,62306.918,114204.289,0.786,5823.481,141862.683,0.02,0.0
689.1,2026-06-26T00:15:00.878038,62357.27,114204.289,0.78,5823.482,141862.683,0.02,0.0
689.151,2026-06-26T00:15:00.929028,62407.117,114204.289,0.776,5823.483,141862.683,0.02,0.0
689.202,2026-06-26T00:15:00.980036,62391.664,114204.289,0.773,5823.484,141862.683,0.02,0.0
689.253,2026-06-26T00:15:01.031018,62008.496,114204.289,0.771,5823.485,141862.683,0.02,0.0
689.304,2026-06-26T00:15:01.082041,61608.496,113404.289,0.769,5823.486,141862.683,0.02,0.0
689.355,2026-06-26T00:15:01.133034,61608.496,113404.289,0.814,5823.488,141862.683,0.02,0.0
689.406,2026-06-26T00:15:01.184047,61608.496,113404.289,0.8,5823.489,141862.683,0.02,0.0
689.457,2026-06-26T00:15:01.235039,61608.496,113404.289,0.79,5823.49,141862.683,0.02,0.0
689.508,2026-06-26T00:15:01.286032,61608.496,113404.289,0.783,5823.491,141912.683,0.02,980.266
689.559,2026-06-26T00:15:01.337001,61650.262,114204.289,0.778,5823.492,141912.683,0.02,0.0
689.61,2026-06-26T00:15:01.387954,61700.684,114204.289,0.774,5823.493,141912.683,0.02,0.0
689.661,2026-06-26T00:15:01.438948,61748.828,114204.289,0.818,5823.494,141912.683,0.02,0.0
689.712,2026-06-26T00:15:01.489973,61796.25,114204.289,0.848,5823.495,141912.683,0.02,0.0
689.763,2026-06-26T00:15:01.540957,61843.754,114204.289,0.823,5823.496,141912.683,0.02,0.0
689.814,2026-06-26T00:15:01.592012,61891.305,114204.289,0.806,5823.497,141912.683,0.02,0.0
689.865,2026-06-26T00:15:01.643013,61938.934,114204.289,0.748,5823.498,141912.683,0.02,0.0
689.916,2026-06-26T00:15:01.694034,61986.223,114204.289,0.799,5823.499,141912.683,0.02,0.0
689.967,2026-06-26T00:15:01.745036,62034.523,114204.289,0.789,5823.5,141912.683,0.02,0.0
690.018,2026-06-26T00:15:01.796040,62084.004,114204.289,0.782,5823.501,141912.683,0.02,0.0
690.069,2026-06-26T00:15:01.847026,62133.695,114204.289,0.777,5823.502,141912.683,0.02,0.0
690.12,2026-06-26T00:15:01.898046,62184.445,114204.289,0.774,5823.503,141912.683,0.02,0.0
690.171,2026-06-26T00:15:01.949043,62234.992,114204.289,0.817,5823.504,141912.683,0.02,0.0
690.222,2026-06-26T00:15:02.000111,62286.766,114204.289,0.848,5823.505,141912.683,0.02,0.0
690.273,2026-06-26T00:15:02.051104,62339.398,114204.289,0.777,5823.506,141912.683,0.02,0.0
690.324,2026-06-26T00:15:02.102110,62392.113,114204.289,0.774,5823.507,141912.683,0.02,0.0
690.375,2026-06-26T00:15:02.153111,62377.336,114204.289,0.817,5823.508,141912.683,0.02,0.0
690.426,2026-06-26T00:15:02.204156,62168.496,114204.289,0.756,5823.509,141912.683,0.02,0.0
690.477,2026-06-26T00:15:02.255181,61608.496,113404.289,0.805,5823.51,141912.683,0.02,0.0
690.528,2026-06-26T00:15:02.306175,61608.496,113404.289,0.793,5823.511,141912.683,0.02,0.0
690.579,2026-06-26T00:15:02.357194,61608.496,113404.289,0.831,5823.513,141912.683,0.02,0.0
690.63,2026-06-26T00:15:02.408177,61608.496,113404.289,0.811,5823.514,141912.683,0.02,0.0
690.681,2026-06-26T00:15:02.459178,61608.496,113404.289,0.798,5823.515,141962.683,0.02,979.973
690.732,2026-06-26T00:15:02.510201,61655.625,114204.289,0.834,5823.516,141962.683,0.02,0.0
690.783,2026-06-26T00:15:02.561221,61706.773,114204.289,0.768,5823.517,141962.683,0.02,0.0
690.834,2026-06-26T00:15:02.612227,61757.949,114204.289,0.813,5823.518,141962.683,0.02,0.0
690.885,2026-06-26T00:15:02.663223,61809.258,114204.289,0.753,5823.519,141962.683,0.02,0.0
690.936,2026-06-26T00:15:02.714212,61860.824,114204.289,0.803,5823.52,141962.683,0.02,0.0
690.987,2026-06-26T00:15:02.765237,61912.281,114204.289,0.792,5823.521,141962.683,0.02,0.0
691.038,2026-06-26T00:15:02.816215,61963.562,114204.289,0.784,5823.522,141962.683,0.02,0.0
691.089,2026-06-26T00:15:02.867199,62013.797,114204.289,0.779,5823.523,141962.683,0.02,0.0
691.14,2026-06-26T00:15:02.918211,62064.352,114204.289,0.775,5823.524,141962.683,0.02,0.0
691.191,2026-06-26T00:15:02.969202,62114.445,114204.289,0.818,5823.525,141962.683,0.02,0.0
691.242,2026-06-26T00:15:03.020211,62164.477,114204.289,0.802,5823.526,141962.683,0.02,0.0
691.293,2026-06-26T00:15:03.071202,62214.828,114204.289,0.791,5823.527,141962.683,0.02,0.0
691.344,2026-06-26T00:15:03.122213,62265.527,114204.289,0.83,5823.528,141962.683,0.02,0.0
691.395,2026-06-26T00:15:03.173207,62317.441,114204.289,0.764,5823.529,141962.683,0.02,0.0
691.446,2026-06-26T00:15:03.224226,62367.871,114204.289,0.811,5823.53,141962.683,0.02,0.0
691.497,2026-06-26T00:15:03.275217,62358.496,114154.289,0.797,5823.531,141962.683,0.02,0.0
691.548,2026-06-26T00:15:03.326199,62402.359,114204.289,0.788,5823.532,141962.683,0.02,0.0
691.599,2026-06-26T00:15:03.377217,61790.496,114204.289,0.781,5823.533,141962.683,0.02,0.0
691.65,2026-06-26T00:15:03.428202,61608.496,113404.289,0.777,5823.534,141962.683,0.02,0.0
691.701,2026-06-26T00:15:03.479224,61608.496,113404.289,0.774,5823.535,141962.683,0.02,0.0
691.752,2026-06-26T00:15:03.530199,61608.496,113404.289,0.817,5823.536,141962.683,0.02,0.0
691.803,2026-06-26T00:15:03.581219,61608.496,113404.289,0.802,5823.538,141962.683,0.02,0.0
691.854,2026-06-26T00:15:03.632204,61632.996,113454.289,0.791,5823.539,142012.683,0.02,980.12
691.905,2026-06-26T00:15:03.683212,61608.496,113404.289,0.783,5823.54,142012.683,0.02,0.0
691.956,2026-06-26T00:15:03.734194,61618.633,114204.289,0.778,5823.541,142062.683,0.02,980.665
692.007,2026-06-26T00:15:03.785235,61668.586,114204.289,0.82,5823.542,142062.683,0.02,0.0
692.058,2026-06-26T00:15:03.836242,61717.871,114204.289,0.804,5823.543,142062.683,0.02,0.0
692.109,2026-06-26T00:15:03.887207,61767.07,114204.289,0.793,5823.544,142062.683,0.02,0.0
692.16,2026-06-26T00:15:03.938216,61815.457,114204.289,0.785,5823.545,142062.683,0.02,0.0
692.211,2026-06-26T00:15:03.989235,61864.746,114204.289,0.779,5823.546,142062.683,0.02,0.0
692.262,2026-06-26T00:15:04.040212,61913.945,114204.289,0.821,5823.547,142062.683,0.02,0.0
692.313,2026-06-26T00:15:04.091197,61963.184,114204.289,0.759,5823.548,142062.683,0.02,0.0
692.364,2026-06-26T00:15:04.142210,62013.219,114204.289,0.807,5823.549,142062.683,0.02,0.0
692.415,2026-06-26T00:15:04.193197,62063.438,114204.289,0.795,5823.55,142062.683,0.02,0.0
692.466,2026-06-26T00:15:04.244221,62114.199,114204.289,0.786,5823.551,142062.683,0.02,0.0
692.517,2026-06-26T00:15:04.295190,62161.074,114204.289,0.78,5823.552,142062.683,0.02,0.0
692.568,2026-06-26T00:15:04.346214,62213.48,114204.289,0.822,5823.553,142062.683,0.02,0.0
692.619,2026-06-26T00:15:04.397209,62265.559,114204.289,0.805,5823.554,142062.683,0.02,0.0
692.67,2026-06-26T00:15:04.448205,62318.633,114204.289,0.793,5823.555,142062.683,0.02,0.0
692.721,2026-06-26T00:15:04.499224,62371.766,114204.289,0.785,5823.556,142062.683,0.02,0.0
692.772,2026-06-26T00:15:04.550196,62360.496,114204.289,0.779,5823.557,142062.683,0.02,0.0
692.823,2026-06-26T00:15:04.601227,62374.496,114204.289,0.821,5823.558,142062.683,0.02,0.0
692.874,2026-06-26T00:15:04.652215,61654.496,114204.289,0.805,5823.559,142062.683,0.02,0.0
692.925,2026-06-26T00:15:04.703194,61608.496,113404.289,0.793,5823.56,142062.683,0.02,0.0
692.976,2026-06-26T00:15:04.754202,61608.496,113404.289,0.785,5823.561,142062.683,0.02,0.0
693.027,2026-06-26T00:15:04.805176,61608.496,113404.289,0.779,5823.562,142062.683,0.02,0.0
693.078,2026-06-26T00:15:04.856193,61608.496,113404.289,0.775,5823.564,142112.683,0.02,980.344
693.129,2026-06-26T00:15:04.907192,61646.25,114204.289,0.772,5823.565,142112.683,0.02,0.0
693.18,2026-06-26T00:15:04.958211,61697.539,114204.289,0.77,5823.566,142112.683,0.02,0.0
693.231,2026-06-26T00:15:05.009201,61749.121,114204.289,0.815,5823.567,142112.683,0.02,0.0
693.282,2026-06-26T00:15:05.060198,61801.191,114204.289,0.754,5823.568,142112.683,0.02,0.0
693.333,2026-06-26T00:15:05.111208,61853.172,114204.289,0.804,5823.569,142112.683,0.02,0.0
693.457,2026-06-26T00:15:05.234592,61977.137,114204.289,0.924,5823.917,142112.683,2.829,0.0
693.507,2026-06-26T00:15:05.285045,62027.457,114204.289,0.925,5823.918,142112.683,0.021,0.0
693.558,2026-06-26T00:15:05.335693,62077.262,114204.289,0.879,5823.919,142112.683,0.021,0.0
693.608,2026-06-26T00:15:05.386298,62127.465,114204.289,0.8,5823.92,142112.683,0.021,0.0
693.659,2026-06-26T00:15:05.437064,62177.676,114204.289,0.837,5823.921,142112.683,0.02,0.0
693.71,2026-06-26T00:15:05.487990,62228.031,114204.289,0.862,5823.922,142112.683,0.02,0.0
693.761,2026-06-26T00:15:05.538958,62278.531,114204.289,0.833,5823.923,142112.683,0.02,0.0
693.812,2026-06-26T00:15:05.589938,62329.527,114204.289,0.813,5823.924,142112.683,0.02,0.0
693.863,2026-06-26T00:15:05.640887,62381.148,114204.289,0.799,5823.925,142112.683,0.02,0.0
693.914,2026-06-26T00:15:05.691871,62369.418,114204.289,0.835,5823.926,142112.683,0.02,0.0
693.965,2026-06-26T00:15:05.742834,62226.512,114204.289,0.86,5823.927,142112.683,0.02,0.0
694.016,2026-06-26T00:15:05.793801,61608.512,113404.289,0.832,5823.928,142112.683,0.02,0.0
694.067,2026-06-26T00:15:05.844756,61608.512,113404.289,0.813,5823.929,142112.683,0.02,0.0
694.118,2026-06-26T00:15:05.895712,61608.512,113404.289,0.799,5823.93,142112.683,0.02,0.0
694.169,2026-06-26T00:15:05.946675,61608.512,113404.289,0.789,5823.931,142112.683,0.02,0.0
694.22,2026-06-26T00:15:05.997637,61608.512,113404.289,0.736,5823.932,142162.683,0.02,981.082
694.271,2026-06-26T00:15:06.048613,61651.02,113454.289,0.745,5823.933,142162.683,0.02,0.0
694.322,2026-06-26T00:15:06.099562,61608.512,113404.289,0.752,5823.934,142162.683,0.02,0.0
694.373,2026-06-26T00:15:06.150491,61639.215,114204.289,0.756,5823.935,142212.683,0.02,980.527
694.424,2026-06-26T00:15:06.201489,61689.258,114204.289,0.805,5823.936,142212.683,0.02,0.0
694.475,2026-06-26T00:15:06.252442,61739.762,114204.289,0.794,5823.937,142212.683,0.02,0.0
694.526,2026-06-26T00:15:06.303411,61789.973,114204.289,0.785,5823.938,142212.683,0.02,0.0
694.577,2026-06-26T00:15:06.354370,61840.27,114204.289,0.78,5823.939,142212.683,0.02,0.0
694.627,2026-06-26T00:15:06.405329,61890.523,114204.289,0.822,5823.94,142212.683,0.02,0.0
694.678,2026-06-26T00:15:06.456287,61941.277,114204.289,0.805,5823.942,142212.683,0.02,0.0
694.729,2026-06-26T00:15:06.507209,61992.418,114204.289,0.748,5823.943,142212.683,0.02,0.0
694.78,2026-06-26T00:15:06.558183,62043.594,114204.289,0.753,5823.944,142212.683,0.02,0.0
694.831,2026-06-26T00:15:06.609123,62095.465,114204.289,0.803,5823.945,142212.683,0.02,0.0
694.882,2026-06-26T00:15:06.660068,62147.41,114204.289,0.838,5823.946,142212.683,0.02,0.0
694.933,2026-06-26T00:15:06.711045,62199.137,114204.289,0.817,5823.947,142212.683,0.02,0.0
694.984,2026-06-26T00:15:06.761999,62251.715,114204.289,0.802,5823.948,142212.683,0.02,0.0
695.035,2026-06-26T00:15:06.812973,62303.801,114204.289,0.791,5823.949,142212.683,0.02,0.0
695.086,2026-06-26T00:15:06.863926,62356.734,114204.289,0.784,5823.95,142212.683,0.02,0.0
695.137,2026-06-26T00:15:06.914897,62386.512,114204.289,0.824,5823.951,142212.683,0.02,0.0
695.188,2026-06-26T00:15:06.965856,62396.102,114204.289,0.807,5823.952,142212.683,0.02,0.0
695.239,2026-06-26T00:15:07.016835,61904.512,114204.289,0.795,5823.953,142212.683,0.02,0.0
695.29,2026-06-26T00:15:07.067773,61608.512,113404.289,0.786,5823.954,142212.683,0.02,0.0
695.341,2026-06-26T00:15:07.118746,61608.512,113404.289,0.78,5823.955,142212.683,0.02,0.0
695.392,2026-06-26T00:15:07.169749,61608.512,113404.289,0.776,5823.956,142212.683,0.02,0.0
695.443,2026-06-26T00:15:07.220798,61608.512,113404.289,0.819,5823.957,142212.683,0.02,0.0
695.494,2026-06-26T00:15:07.271800,61630.508,114204.289,0.803,5823.958,142262.683,0.02,980.124
695.545,2026-06-26T00:15:07.322819,61682.242,114204.289,0.746,5823.959,142262.683,0.02,0.0
695.596,2026-06-26T00:15:07.373832,61733.344,114204.289,0.798,5823.96,142262.683,0.02,0.0
695.647,2026-06-26T00:15:07.424856,61784.309,114204.289,0.788,5823.961,142262.683,0.02,0.0
695.698,2026-06-26T00:15:07.475867,61835.055,114204.289,0.827,5823.962,142262.683,0.02,0.0
695.749,2026-06-26T00:15:07.526901,61885.836,114204.289,0.763,5823.963,142262.683,0.02,0.0
695.8,2026-06-26T00:15:07.577888,61936.133,114204.289,0.764,5823.964,142262.683,0.02,0.0
695.851,2026-06-26T00:15:07.628944,61986.461,114204.289,0.81,5823.965,142262.683,0.02,0.0
695.902,2026-06-26T00:15:07.679960,62036.637,114204.289,0.843,5823.967,142262.683,0.02,0.0
695.953,2026-06-26T00:15:07.730994,62086.137,114204.289,0.82,5823.968,142262.683,0.02,0.0
696.004,2026-06-26T00:15:07.782006,62136.637,114204.289,0.757,5823.969,142262.683,0.02,0.0
696.055,2026-06-26T00:15:07.833023,62187.129,114204.289,0.806,5823.97,142262.683,0.02,0.0
696.106,2026-06-26T00:15:07.884052,62237.586,114204.289,0.794,5823.971,142262.683,0.02,0.0
696.157,2026-06-26T00:15:07.935060,62287.906,114204.289,0.786,5823.972,142262.683,0.02,0.0
696.208,2026-06-26T00:15:07.986058,62338.082,114204.289,0.78,5823.973,142262.683,0.02,0.0
696.259,2026-06-26T00:15:08.037078,62389.484,114204.289,0.776,5823.974,142262.683,0.02,0.0
696.31,2026-06-26T00:15:08.088066,62377.012,114204.289,0.819,5823.975,142262.683,0.02,0.0
696.361,2026-06-26T00:15:08.139082,62102.512,114204.289,0.757,5823.976,142262.683,0.02,0.0
696.412,2026-06-26T00:15:08.190080,61608.512,113404.289,0.759,5823.977,142262.683,0.02,0.0
696.463,2026-06-26T00:15:08.241094,61608.512,113404.289,0.807,5823.978,142262.683,0.02,0.0
696.514,2026-06-26T00:15:08.292104,61608.512,113404.289,0.795,5823.979,142262.683,0.02,0.0
696.565,2026-06-26T00:15:08.343115,61608.512,113404.289,0.786,5823.98,142262.683,0.02,0.0
696.616,2026-06-26T00:15:08.394125,61608.512,113404.289,0.826,5823.981,142262.683,0.02,0.0
696.667,2026-06-26T00:15:08.445179,61640.551,113454.289,0.808,5823.982,142312.683,0.02,980.651
696.718,2026-06-26T00:15:08.496199,61608.512,113404.289,0.795,5823.983,142312.683,0.02,0.0
696.769,2026-06-26T00:15:08.547202,61628.699,114204.289,0.832,5823.984,142362.683,0.02,980.578
696.82,2026-06-26T00:15:08.598221,61677.77,114204.289,0.812,5823.985,142362.683,0.02,0.0
696.871,2026-06-26T00:15:08.649200,61727.516,114204.289,0.799,5823.986,142362.683,0.02,0.0
696.922,2026-06-26T00:15:08.700223,61778.023,114204.289,0.835,5823.987,142362.683,0.02,0.0
696.973,2026-06-26T00:15:08.751202,61828.277,114204.289,0.814,5823.988,142362.683,0.02,0.0
697.024,2026-06-26T00:15:08.802220,61878.824,114204.289,0.799,5823.989,142362.683,0.02,0.0
697.075,2026-06-26T00:15:08.853199,61930.07,114204.289,0.744,5823.99,142362.683,0.02,0.0
697.126,2026-06-26T00:15:08.904240,61981.383,114204.289,0.796,5823.992,142362.683,0.02,0.0
697.177,2026-06-26T00:15:08.955225,62030.387,114204.289,0.787,5823.993,142362.683,0.02,0.0
697.228,2026-06-26T00:15:09.006199,62078.949,114204.289,0.781,5823.994,142362.683,0.02,0.0
697.279,2026-06-26T00:15:09.057221,62127.551,114204.289,0.822,5823.995,142362.683,0.02,0.0
697.33,2026-06-26T00:15:09.108195,62176.441,114204.289,0.759,5823.996,142362.683,0.02,0.0
697.381,2026-06-26T00:15:09.159215,62225.082,114204.289,0.807,5823.997,142362.683,0.02,0.0
697.432,2026-06-26T00:15:09.210194,62273.52,114204.289,0.795,5823.998,142362.683,0.02,0.0
697.483,2026-06-26T00:15:09.261217,62322.059,114204.289,0.786,5823.999,142362.683,0.02,0.0
697.534,2026-06-26T00:15:09.312192,62367.148,114204.289,0.78,5824.0,142362.683,0.02,0.0
697.585,2026-06-26T00:15:09.363219,62358.512,114154.289,0.73,5824.001,142362.683,0.02,0.0
697.636,2026-06-26T00:15:09.414205,62402.543,114204.289,0.741,5824.002,142362.683,0.02,0.0
697.687,2026-06-26T00:15:09.465221,61846.512,114204.289,0.794,5824.003,142362.683,0.02,0.0
697.738,2026-06-26T00:15:09.516200,61608.512,113404.289,0.786,5824.004,142362.683,0.02,0.0
697.789,2026-06-26T00:15:09.567232,61608.512,113404.289,0.78,5824.005,142362.683,0.02,0.0
697.84,2026-06-26T00:15:09.618196,61608.512,113404.289,0.822,5824.006,142362.683,0.02,0.0
697.891,2026-06-26T00:15:09.669105,61608.512,113404.289,0.851,5824.007,142362.683,0.02,0.0
697.942,2026-06-26T00:15:09.720076,61621.742,114204.289,0.826,5824.008,142412.683,0.02,981.211
697.993,2026-06-26T00:15:09.771036,61671.273,114204.289,0.808,5824.009,142412.683,0.02,0.0
698.044,2026-06-26T00:15:09.822006,61721.473,114204.289,0.796,5824.01,142412.683,0.02,0.0
698.095,2026-06-26T00:15:09.872951,61771.832,114204.289,0.787,5824.011,142412.683,0.02,0.0
698.146,2026-06-26T00:15:09.923913,61822.34,114204.289,0.827,5824.012,142412.683,0.02,0.0
698.197,2026-06-26T00:15:09.974883,61872.574,114204.289,0.809,5824.013,142412.683,0.02,0.0
698.248,2026-06-26T00:15:10.025862,61922.828,114204.289,0.796,5824.014,142412.683,0.02,0.0
698.299,2026-06-26T00:15:10.076820,61973.039,114204.289,0.787,5824.015,142412.683,0.02,0.0
698.35,2026-06-26T00:15:10.127799,62024.137,114204.289,0.781,5824.017,142412.683,0.02,0.0
698.472,2026-06-26T00:15:10.249886,62145.34,114204.289,0.912,5824.365,142412.683,2.867,0.0
698.522,2026-06-26T00:15:10.300302,62195.254,114204.289,0.87,5824.366,142412.683,0.021,0.0
698.573,2026-06-26T00:15:10.350892,62245.398,114204.289,0.841,5824.367,142412.683,0.021,0.0
698.624,2026-06-26T00:15:10.401560,62295.41,114204.289,0.819,5824.368,142412.683,0.021,0.0
698.674,2026-06-26T00:15:10.452330,62345.613,114204.289,0.805,5824.37,142412.683,0.021,0.0
698.725,2026-06-26T00:15:10.503100,62394.746,114204.289,0.793,5824.371,142412.683,0.02,0.0
698.776,2026-06-26T00:15:10.554070,62381.555,114204.289,0.831,5824.372,142412.683,0.02,0.0
698.827,2026-06-26T00:15:10.605071,62128.555,114204.289,0.766,5824.373,142412.683,0.02,0.0
698.878,2026-06-26T00:15:10.656087,61608.555,113404.289,0.766,5824.374,142412.683,0.02,0.0
698.929,2026-06-26T00:15:10.707079,61608.555,113404.289,0.812,5824.375,142412.683,0.02,0.0
698.98,2026-06-26T00:15:10.758082,61608.555,113404.289,0.844,5824.376,142412.683,0.02,0.0
699.031,2026-06-26T00:15:10.809086,61608.555,113404.289,0.821,5824.377,142412.683,0.02,0.0
699.082,2026-06-26T00:15:10.860103,61608.555,113404.289,0.804,5824.378,142462.683,0.02,980.449
699.133,2026-06-26T00:15:10.911097,61648.555,113454.289,0.793,5824.379,142462.683,0.02,0.0
699.184,2026-06-26T00:15:10.962119,61608.555,113404.289,0.785,5824.38,142462.683,0.02,0.0
699.235,2026-06-26T00:15:11.013107,61636.707,114204.289,0.779,5824.381,142512.683,0.02,979.845
699.286,2026-06-26T00:15:11.064160,61685.793,114204.289,0.775,5824.382,142512.683,0.02,0.0
699.337,2026-06-26T00:15:11.115134,61735.117,114204.289,0.772,5824.383,142512.683,0.02,0.0
699.388,2026-06-26T00:15:11.166173,61784.062,114204.289,0.816,5824.384,142512.683,0.02,0.0
699.439,2026-06-26T00:15:11.217201,61833.449,114204.289,0.801,5824.385,142512.683,0.02,0.0
699.49,2026-06-26T00:15:11.268176,61883.176,114204.289,0.79,5824.386,142512.683,0.02,0.0
699.541,2026-06-26T00:15:11.319231,61933.152,114204.289,0.829,5824.387,142512.683,0.02,0.0
699.592,2026-06-26T00:15:11.370197,61982.141,114204.289,0.81,5824.388,142512.683,0.02,0.0
699.643,2026-06-26T00:15:11.421202,62031.445,114204.289,0.797,5824.389,142512.683,0.02,0.0
699.694,2026-06-26T00:15:11.472193,62081.848,114204.289,0.834,5824.39,142512.683,0.02,0.0
699.745,2026-06-26T00:15:11.523182,62132.086,114204.289,0.813,5824.391,142512.683,0.02,0.0
699.796,2026-06-26T00:15:11.574203,62182.414,114204.289,0.799,5824.392,142512.683,0.02,0.0
699.847,2026-06-26T00:15:11.625212,62231.191,114204.289,0.835,5824.393,142512.683,0.02,0.0
699.898,2026-06-26T00:15:11.676197,62279.629,114204.289,0.814,5824.395,142512.683,0.02,0.0
699.949,2026-06-26T00:15:11.727214,62328.715,114204.289,0.754,5824.396,142512.683,0.02,0.0
700.0,2026-06-26T00:15:11.778207,62380.523,114204.289,0.803,5824.397,142512.683,0.02,0.0
700.051,2026-06-26T00:15:11.829203,62367.309,114204.289,0.792,5824.398,142512.683,0.02,0.0
700.102,2026-06-26T00:15:11.880221,62310.555,114204.289,0.784,5824.399,142512.683,0.02,0.0
700.153,2026-06-26T00:15:11.931211,61672.555,114204.289,0.779,5824.4,142512.683,0.02,0.0
700.204,2026-06-26T00:15:11.982193,61608.555,113404.289,0.775,5824.401,142512.683,0.02,0.0
700.255,2026-06-26T00:15:12.033223,61608.555,113404.289,0.772,5824.402,142512.683,0.02,0.0
700.306,2026-06-26T00:15:12.084194,61608.555,113404.289,0.771,5824.403,142512.683,0.02,0.0
700.357,2026-06-26T00:15:12.135208,61608.555,113404.289,0.769,5824.404,142512.683,0.02,0.0
700.408,2026-06-26T00:15:12.186190,61641.727,114204.289,0.768,5824.405,142562.683,0.02,980.399
700.459,2026-06-26T00:15:12.237229,61691.52,114204.289,0.813,5824.406,142562.683,0.02,0.0
700.51,2026-06-26T00:15:12.288203,61741.621,114204.289,0.799,5824.407,142562.683,0.02,0.0
700.561,2026-06-26T00:15:12.339229,61785.297,114204.289,0.743,5824.408,142562.683,0.02,0.0
700.612,2026-06-26T00:15:12.390195,61827.391,114204.289,0.888,5824.409,142562.683,0.02,0.0
700.663,2026-06-26T00:15:12.441205,61864.805,114204.289,0.851,5824.41,142562.683,0.02,0.0
700.714,2026-06-26T00:15:12.492192,61903.664,114204.289,0.826,5824.411,142562.683,0.02,0.0
700.765,2026-06-26T00:15:12.543214,61936.68,114204.289,0.808,5824.412,142562.683,0.02,0.0
700.816,2026-06-26T00:15:12.594198,61972.887,114204.289,0.841,5824.413,142562.683,0.02,0.0
700.867,2026-06-26T00:15:12.645217,62012.922,114204.289,0.819,5824.414,142562.683,0.02,0.0
700.918,2026-06-26T00:15:12.696195,62049.973,114204.289,0.757,5824.415,142562.683,0.02,0.0
700.969,2026-06-26T00:15:12.747200,62088.496,114204.289,0.76,5824.416,142562.683,0.02,0.0
701.02,2026-06-26T00:15:12.798215,62134.516,114204.289,0.807,5824.417,142562.683,0.02,0.0
701.071,2026-06-26T00:15:12.849205,62185.117,114204.289,0.795,5824.418,142562.683,0.02,0.0
701.122,2026-06-26T00:15:12.900195,62223.871,114204.289,0.786,5824.42,142562.683,0.02,0.0
701.173,2026-06-26T00:15:12.951226,62270.508,114204.289,0.78,5824.421,142562.683,0.02,0.0
701.224,2026-06-26T00:15:13.002209,62319.492,114204.289,0.822,5824.422,142562.683,0.02,0.0
701.275,2026-06-26T00:15:13.053197,62369.758,114204.289,0.759,5824.423,142562.683,0.02,0.0
701.326,2026-06-26T00:15:13.104204,62360.055,114204.289,0.807,5824.424,142562.683,0.02,0.0
701.377,2026-06-26T00:15:13.155192,62382.555,114204.289,0.749,5824.425,142562.683,0.02,0.0
701.428,2026-06-26T00:15:13.206206,61688.555,114204.289,0.754,5824.426,142562.683,0.02,0.0
701.479,2026-06-26T00:15:13.257200,61608.555,113404.289,0.757,5824.427,142562.683,0.02,0.0
701.53,2026-06-26T00:15:13.308224,61608.555,113404.289,0.76,5824.428,142562.683,0.02,0.0
701.581,2026-06-26T00:15:13.359202,61608.555,113404.289,0.762,5824.429,142562.683,0.02,0.0
701.632,2026-06-26T00:15:13.410239,61608.555,113404.289,0.809,5824.43,142612.683,0.02,979.936
701.683,2026-06-26T00:15:13.461221,61647.5,114204.289,0.842,5824.431,142612.683,0.02,0.0
701.734,2026-06-26T00:15:13.512214,61696.562,114204.289,0.819,5824.432,142612.683,0.02,0.0
701.785,2026-06-26T00:15:13.563217,61746.055,114204.289,0.803,5824.433,142612.683,0.02,0.0
701.836,2026-06-26T00:15:13.614197,61795.223,114204.289,0.792,5824.434,142612.683,0.02,0.0
701.887,2026-06-26T00:15:13.665215,61844.836,114204.289,0.784,5824.435,142612.683,0.02,0.0
701.938,2026-06-26T00:15:13.716200,61894.754,114204.289,0.825,5824.436,142612.683,0.02,0.0
701.989,2026-06-26T00:15:13.767222,61944.652,114204.289,0.807,5824.437,142612.683,0.02,0.0
702.04,2026-06-26T00:15:13.818197,61993.922,114204.289,0.841,5824.438,142612.683,0.02,0.0
702.091,2026-06-26T00:15:13.869202,62042.93,114204.289,0.818,5824.439,142612.683,0.02,0.0
702.142,2026-06-26T00:15:13.920201,62092.0,114204.289,0.803,5824.44,142612.683,0.02,0.0
702.193,2026-06-26T00:15:13.971124,62141.316,114204.289,0.792,5824.441,142612.683,0.02,0.0
702.244,2026-06-26T00:15:14.022100,62190.312,114204.289,0.784,5824.442,142612.683,0.02,0.0
702.295,2026-06-26T00:15:14.073061,62239.43,114204.289,0.779,5824.443,142612.683,0.02,0.0
702.346,2026-06-26T00:15:14.124007,62288.414,114204.289,0.775,5824.445,142612.683,0.02,0.0
702.397,2026-06-26T00:15:14.174966,62336.934,114204.289,0.818,5824.446,142612.683,0.02,0.0
702.448,2026-06-26T00:15:14.225931,62387.215,114204.289,0.803,5824.447,142612.683,0.02,0.0
702.499,2026-06-26T00:15:14.276889,62373.055,114204.289,0.746,5824.448,142612.683,0.02,0.0
702.55,2026-06-26T00:15:14.327872,62242.555,114204.289,0.798,5824.449,142612.683,0.02,0.0
702.601,2026-06-26T00:15:14.378833,61608.555,113404.289,0.789,5824.45,142612.683,0.02,0.0
702.652,2026-06-26T00:15:14.429825,61608.555,113404.289,0.828,5824.451,142612.683,0.02,0.0
702.703,2026-06-26T00:15:14.480789,61608.555,113404.289,0.809,5824.452,142612.683,0.02,0.0
702.754,2026-06-26T00:15:14.531773,61608.555,113404.289,0.797,5824.453,142612.683,0.02,0.0
702.805,2026-06-26T00:15:14.582756,61608.555,113404.289,0.787,5824.454,142662.683,0.02,979.749
702.856,2026-06-26T00:15:14.633797,61645.039,114204.289,0.873,5824.455,142662.683,0.02,0.0
702.907,2026-06-26T00:15:14.684814,61694.199,114204.289,0.841,5824.456,142662.683,0.02,0.0
702.958,2026-06-26T00:15:14.735847,61743.438,114204.289,0.772,5824.457,142662.683,0.02,0.0
703.009,2026-06-26T00:15:14.786855,61792.418,114204.289,0.77,5824.458,142662.683,0.02,0.0
703.06,2026-06-26T00:15:14.837906,61841.477,114204.289,0.815,5824.459,142662.683,0.02,0.0
703.111,2026-06-26T00:15:14.888928,61890.699,114204.289,0.8,5824.46,142662.683,0.02,0.0
703.162,2026-06-26T00:15:14.939971,61939.898,114204.289,0.744,5824.461,142662.683,0.02,0.0
703.213,2026-06-26T00:15:14.991000,61989.004,114204.289,0.796,5824.462,142662.683,0.02,0.0
703.264,2026-06-26T00:15:15.042012,62038.309,114204.289,0.787,5824.463,142662.683,0.02,0.0
703.315,2026-06-26T00:15:15.093052,62088.242,114204.289,0.781,5824.464,142662.683,0.02,0.0
703.366,2026-06-26T00:15:15.144070,62138.18,114204.289,0.776,5824.465,142662.683,0.02,0.0
703.488,2026-06-26T00:15:15.265936,62255.645,114204.289,0.948,5824.813,142662.683,2.865,0.0
703.538,2026-06-26T00:15:15.316362,62305.258,114204.289,0.895,5824.814,142662.683,0.021,0.0
703.589,2026-06-26T00:15:15.367001,62353.852,114204.289,0.811,5824.815,142662.683,0.02,0.0
703.64,2026-06-26T00:15:15.417862,62405.328,114204.289,0.845,5824.816,142662.683,0.021,0.0
703.691,2026-06-26T00:15:15.468633,62390.152,114204.289,0.822,5824.817,142662.683,0.021,0.0
703.742,2026-06-26T00:15:15.519437,62024.582,114204.289,0.806,5824.818,142662.683,0.02,0.0
703.793,2026-06-26T00:15:15.570435,61608.582,113404.289,0.794,5824.819,142662.683,0.02,0.0
703.844,2026-06-26T00:15:15.621445,61608.582,113404.289,0.785,5824.82,142662.683,0.02,0.0
703.895,2026-06-26T00:15:15.672441,61608.582,113404.289,0.779,5824.822,142662.683,0.02,0.0
703.946,2026-06-26T00:15:15.723460,61608.582,113404.289,0.775,5824.823,142662.683,0.02,0.0
703.997,2026-06-26T00:15:15.774483,61612.73,113454.289,0.818,5824.824,142712.683,0.02,979.534
704.048,2026-06-26T00:15:15.825515,61620.582,113454.289,0.803,5824.825,142712.683,0.02,0.0
704.099,2026-06-26T00:15:15.876514,61608.582,113404.289,0.746,5824.826,142762.683,0.02,979.383
704.15,2026-06-26T00:15:15.927566,61648.121,113454.289,0.763,5824.827,142762.683,0.018,0.0
704.208,2026-06-26T00:15:15.985778,61608.582,113404.289,0.804,5824.828,142762.683,0.02,0.0
704.259,2026-06-26T00:15:16.036807,61642.258,114204.289,0.793,5824.829,142812.683,0.02,980.633
704.31,2026-06-26T00:15:16.087791,61691.379,114204.289,0.785,5824.83,142812.683,0.02,0.0
704.361,2026-06-26T00:15:16.138814,61740.848,114204.289,0.825,5824.831,142812.683,0.02,0.0
704.412,2026-06-26T00:15:16.189813,61790.594,114204.289,0.807,5824.832,142812.683,0.02,0.0
704.463,2026-06-26T00:15:16.240860,61840.516,114204.289,0.795,5824.833,142812.683,0.02,0.0
704.514,2026-06-26T00:15:16.291853,61889.57,114204.289,0.786,5824.834,142812.683,0.02,0.0
704.565,2026-06-26T00:15:16.342873,61938.523,114204.289,0.826,5824.835,142812.683,0.02,0.0
704.616,2026-06-26T00:15:16.393871,61987.469,114204.289,0.808,5824.836,142812.683,0.02,0.0
704.667,2026-06-26T00:15:16.444903,62036.707,114204.289,0.841,5824.837,142812.683,0.02,0.0
704.718,2026-06-26T00:15:16.495911,62085.785,114204.289,0.818,5824.838,142812.683,0.02,0.0
704.769,2026-06-26T00:15:16.546925,62134.598,114204.289,0.757,5824.839,142812.683,0.02,0.0
704.82,2026-06-26T00:15:16.597940,62183.582,114204.289,0.759,5824.84,142812.683,0.02,0.0
704.871,2026-06-26T00:15:16.648960,62231.793,114204.289,0.807,5824.841,142812.683,0.02,0.0
704.922,2026-06-26T00:15:16.699967,62282.23,114204.289,0.795,5824.842,142812.683,0.02,0.0
704.973,2026-06-26T00:15:16.750977,62334.344,114204.289,0.786,5824.843,142812.683,0.02,0.0
705.024,2026-06-26T00:15:16.801996,62387.621,114204.289,0.78,5824.844,142812.683,0.02,0.0
705.075,2026-06-26T00:15:16.853023,62374.582,114204.289,0.868,5824.845,142812.683,0.02,0.0
705.126,2026-06-26T00:15:16.904013,62206.582,114204.289,0.791,5824.846,142812.683,0.02,0.0
705.177,2026-06-26T00:15:16.955020,61608.582,113404.289,0.783,5824.848,142812.683,0.02,0.0
705.228,2026-06-26T00:15:17.006016,61608.582,113404.289,0.778,5824.849,142812.683,0.02,0.0
705.279,2026-06-26T00:15:17.057006,61608.582,113404.289,0.775,5824.85,142812.683,0.02,0.0
705.33,2026-06-26T00:15:17.108013,61608.582,113404.289,0.864,5824.851,142812.683,0.02,0.0
705.381,2026-06-26T00:15:17.158992,61608.582,113404.289,0.835,5824.852,142862.683,0.02,981.486
705.432,2026-06-26T00:15:17.209945,61654.309,114204.289,0.814,5824.853,142862.683,0.02,0.0
705.483,2026-06-26T00:15:17.260963,61705.797,114204.289,0.8,5824.854,142862.683,0.02,0.0
705.534,2026-06-26T00:15:17.311950,61755.66,114204.289,0.79,5824.855,142862.683,0.02,0.0
705.585,2026-06-26T00:15:17.362990,61804.738,114204.289,0.782,5824.856,142862.683,0.02,0.0
705.636,2026-06-26T00:15:17.413987,61853.895,114204.289,0.823,5824.857,142862.683,0.02,0.0
705.687,2026-06-26T00:15:17.465003,61902.84,114204.289,0.76,5824.858,142862.683,0.02,0.0
705.738,2026-06-26T00:15:17.516001,61952.109,114204.289,0.762,5824.859,142862.683,0.02,0.0
705.789,2026-06-26T00:15:17.567015,62002.332,114204.289,0.763,5824.86,142862.683,0.02,0.0
705.84,2026-06-26T00:15:17.618027,62052.586,114204.289,0.81,5824.861,142862.683,0.02,0.0
705.891,2026-06-26T00:15:17.669048,62102.648,114204.289,0.796,5824.862,142862.683,0.02,0.0
705.942,2026-06-26T00:15:17.720087,62153.348,114204.289,0.787,5824.863,142862.683,0.02,0.0
705.993,2026-06-26T00:15:17.771107,62204.375,114204.289,0.781,5824.864,142862.683,0.02,0.0
706.044,2026-06-26T00:15:17.822112,62255.402,114204.289,0.776,5824.865,142862.683,0.02,0.0
706.095,2026-06-26T00:15:17.873134,62305.473,114204.289,0.819,5824.866,142862.683,0.02,0.0
706.146,2026-06-26T00:15:17.924126,62355.711,114204.289,0.803,5824.867,142862.683,0.02,0.0
706.197,2026-06-26T00:15:17.975131,62404.582,114204.289,0.792,5824.868,142862.683,0.02,0.0
706.248,2026-06-26T00:15:18.026134,62393.582,114204.289,0.784,5824.869,142862.683,0.02,0.0
706.299,2026-06-26T00:15:18.077166,61944.582,114204.289,0.778,5824.87,142862.683,0.02,0.0
706.35,2026-06-26T00:15:18.128177,61608.582,113404.289,0.821,5824.871,142862.683,0.02,0.0
706.401,2026-06-26T00:15:18.179153,61608.582,113404.289,0.804,5824.873,142862.683,0.02,0.0
706.452,2026-06-26T00:15:18.230079,61608.582,113404.289,0.793,5824.874,142862.683,0.02,0.0
706.503,2026-06-26T00:15:18.281037,61608.582,113404.289,0.785,5824.875,142862.683,0.02,0.0
706.554,2026-06-26T00:15:18.332034,61621.141,114204.289,0.779,5824.876,142912.683,0.02,980.028
706.605,2026-06-26T00:15:18.383052,61670.281,114204.289,0.775,5824.877,142912.683,0.02,0.0
706.656,2026-06-26T00:15:18.434049,61719.461,114204.289,0.772,5824.878,142912.683,0.02,0.0
706.707,2026-06-26T00:15:18.485046,61768.973,114204.289,0.77,5824.879,142912.683,0.02,0.0
706.758,2026-06-26T00:15:18.536067,61818.738,114204.289,0.769,5824.88,142912.683,0.02,0.0
706.809,2026-06-26T00:15:18.587072,61868.211,114204.289,0.814,5824.881,142912.683,0.02,0.0
706.86,2026-06-26T00:15:18.638075,61917.363,114204.289,0.845,5824.882,142912.683,0.02,0.0
706.911,2026-06-26T00:15:18.689082,61966.648,114204.289,0.822,5824.883,142912.683,0.02,0.0
706.962,2026-06-26T00:15:18.740081,62017.059,114204.289,0.759,5824.884,142912.683,0.02,0.0
707.013,2026-06-26T00:15:18.791104,62067.367,114204.289,0.807,5824.885,142912.683,0.02,0.0
707.064,2026-06-26T00:15:18.842101,62117.719,114204.289,0.795,5824.886,142912.683,0.02,0.0
707.115,2026-06-26T00:15:18.893104,62167.93,114204.289,0.786,5824.887,142912.683,0.02,0.0
707.166,2026-06-26T00:15:18.944102,62218.211,114204.289,0.78,5824.888,142912.683,0.02,0.0
707.217,2026-06-26T00:15:18.995113,62269.773,114204.289,0.776,5824.889,142912.683,0.02,0.0
707.268,2026-06-26T00:15:19.046204,62321.871,114204.289,0.773,5824.89,142912.683,0.02,0.0
707.319,2026-06-26T00:15:19.097187,62374.48,114204.289,0.771,5824.891,142912.683,0.02,0.0
707.37,2026-06-26T00:15:19.148203,62362.344,114204.289,0.769,5824.892,142912.683,0.02,0.0
707.421,2026-06-26T00:15:19.199202,62372.582,114204.289,0.86,5824.893,142912.683,0.02,0.0
707.472,2026-06-26T00:15:19.250219,61730.582,114204.289,0.878,5824.894,142912.683,0.02,0.0
707.523,2026-06-26T00:15:19.301194,61608.582,113404.289,0.844,5824.895,142912.683,0.02,0.0
707.574,2026-06-26T00:15:19.352200,61608.582,113404.289,0.821,5824.896,142912.683,0.02,0.0
707.625,2026-06-26T00:15:19.403177,61608.582,113404.289,0.804,5824.898,142912.683,0.02,0.0
707.676,2026-06-26T00:15:19.454218,61608.582,113404.289,0.793,5824.899,142912.683,0.02,0.0
707.727,2026-06-26T00:15:19.505196,61639.836,113454.289,0.785,5824.9,142962.683,0.02,980.688
707.778,2026-06-26T00:15:19.556209,61608.582,113404.289,0.779,5824.901,142962.683,0.02,0.0
707.829,2026-06-26T00:15:19.607198,61627.586,114204.289,0.821,5824.902,143012.683,0.02,980.835
707.88,2026-06-26T00:15:19.658201,61678.227,114204.289,0.759,5824.903,143012.683,0.02,0.0
707.931,2026-06-26T00:15:19.709201,61727.586,114204.289,0.761,5824.904,143012.683,0.02,0.0
707.982,2026-06-26T00:15:19.760217,61776.578,114204.289,0.808,5824.905,143012.683,0.02,0.0
708.033,2026-06-26T00:15:19.811201,61825.77,114204.289,0.795,5824.906,143012.683,0.02,0.0
708.084,2026-06-26T00:15:19.862216,61874.969,114204.289,0.787,5824.907,143012.683,0.02,0.0
708.135,2026-06-26T00:15:19.913201,61924.531,114204.289,0.78,5824.908,143012.683,0.02,0.0
708.186,2026-06-26T00:15:19.964236,61974.715,114204.289,0.776,5824.909,143012.683,0.02,0.0
708.237,2026-06-26T00:15:20.015206,62024.969,114204.289,0.773,5824.91,143012.683,0.02,0.0
708.288,2026-06-26T00:15:20.066230,62074.781,114204.289,0.771,5824.911,143012.683,0.02,0.0
708.339,2026-06-26T00:15:20.117222,62125.727,114204.289,0.769,5824.912,143012.683,0.02,0.0
708.39,2026-06-26T00:15:20.168200,62176.531,114204.289,0.86,5824.913,143012.683,0.02,0.0
708.512,2026-06-26T00:15:20.289744,62294.984,114204.289,0.97,5825.261,143012.683,2.873,0.0
708.562,2026-06-26T00:15:20.340172,62346.621,114204.289,0.864,5825.262,143012.683,0.021,0.0
708.613,2026-06-26T00:15:20.390779,62399.922,114204.289,0.883,5825.263,143012.683,0.021,0.0
708.664,2026-06-26T00:15:20.441398,62387.613,114204.289,0.803,5825.264,143012.683,0.021,0.0
708.714,2026-06-26T00:15:20.492186,62026.613,114204.289,0.839,5825.265,143012.683,0.02,0.0
708.765,2026-06-26T00:15:20.543081,61608.613,113404.289,0.817,5825.266,143012.683,0.02,0.0
708.816,2026-06-26T00:15:20.594078,61608.613,113404.289,0.801,5825.267,143012.683,0.02,0.0
708.867,2026-06-26T00:15:20.645115,61608.613,113404.289,0.837,5825.268,143012.683,0.02,0.0
708.918,2026-06-26T00:15:20.696110,61608.613,113404.289,0.815,5825.269,143012.683,0.02,0.0
708.969,2026-06-26T00:15:20.747104,61618.371,113454.289,0.8,5825.27,143062.683,0.02,980.124
709.02,2026-06-26T00:15:20.798112,61608.613,113404.289,0.836,5825.271,143062.683,0.02,0.0
709.071,2026-06-26T00:15:20.849119,61609.613,113454.289,0.769,5825.272,143112.683,0.02,980.587
709.122,2026-06-26T00:15:20.900101,61658.613,113454.289,0.814,5825.273,143112.683,0.02,0.0
709.173,2026-06-26T00:15:20.951117,61608.613,113404.289,0.753,5825.275,143162.683,0.02,980.683
709.224,2026-06-26T00:15:21.002096,61649.168,113454.289,0.757,5825.276,143162.683,0.02,0.0
709.275,2026-06-26T00:15:21.053123,61608.613,113404.289,0.76,5825.277,143162.683,0.02,0.0
709.326,2026-06-26T00:15:21.104120,61636.551,114204.289,0.807,5825.278,143212.683,0.02,980.17
709.377,2026-06-26T00:15:21.155155,61686.523,114204.289,0.795,5825.279,143212.683,0.02,0.0
709.428,2026-06-26T00:15:21.206129,61736.602,114204.289,0.832,5825.28,143212.683,0.02,0.0
709.479,2026-06-26T00:15:21.257159,61785.77,114204.289,0.858,5825.281,143212.683,0.02,0.0
709.53,2026-06-26T00:15:21.308177,61835.43,114204.289,0.784,5825.282,143212.683,0.02,0.0
709.581,2026-06-26T00:15:21.359173,61885.746,114204.289,0.779,5825.283,143212.683,0.02,0.0
709.632,2026-06-26T00:15:21.410186,61936.191,114204.289,0.775,5825.284,143212.683,0.02,0.0
709.683,2026-06-26T00:15:21.461185,61986.625,114204.289,0.772,5825.285,143212.683,0.02,0.0
709.734,2026-06-26T00:15:21.512200,62036.738,114204.289,0.816,5825.286,143212.683,0.02,0.0
709.785,2026-06-26T00:15:21.563210,62086.98,114204.289,0.801,5825.287,143212.683,0.02,0.0
709.836,2026-06-26T00:15:21.614222,62137.422,114204.289,0.79,5825.288,143212.683,0.02,0.0
709.887,2026-06-26T00:15:21.665192,62189.312,114204.289,0.783,5825.289,143212.683,0.02,0.0
709.938,2026-06-26T00:15:21.716229,62242.828,114204.289,0.778,5825.29,143212.683,0.02,0.0
709.989,2026-06-26T00:15:21.767206,62296.508,114204.289,0.82,5825.291,143212.683,0.02,0.0
710.04,2026-06-26T00:15:21.818189,62350.254,114204.289,0.804,5825.292,143212.683,0.02,0.0
710.091,2026-06-26T00:15:21.869208,62404.254,114204.289,0.793,5825.293,143212.683,0.02,0.0
710.142,2026-06-26T00:15:21.920206,62389.594,114204.289,0.739,5825.294,143212.683,0.02,0.0
710.193,2026-06-26T00:15:21.971213,62016.613,114204.289,0.839,5825.295,143212.683,0.02,0.0
710.244,2026-06-26T00:15:22.022212,61608.613,113404.289,0.817,5825.296,143212.683,0.02,0.0
710.295,2026-06-26T00:15:22.073190,61608.613,113404.289,0.802,5825.297,143212.683,0.02,0.0
710.346,2026-06-26T00:15:22.124213,61608.613,113404.289,0.837,5825.298,143212.683,0.02,0.0
710.397,2026-06-26T00:15:22.175179,61608.613,113404.289,0.816,5825.3,143212.683,0.02,0.0
710.448,2026-06-26T00:15:22.226224,61608.613,113404.289,0.801,5825.301,143262.683,0.02,980.216
710.499,2026-06-26T00:15:22.277204,61659.586,114204.289,0.79,5825.302,143262.683,0.02,0.0
710.55,2026-06-26T00:15:22.328212,61711.992,114204.289,0.783,5825.303,143262.683,0.02,0.0
710.601,2026-06-26T00:15:22.379207,61764.395,114204.289,0.824,5825.304,143262.683,0.02,0.0
710.652,2026-06-26T00:15:22.430218,61815.625,114204.289,0.806,5825.305,143262.683,0.02,0.0
710.703,2026-06-26T00:15:22.481200,61865.117,114204.289,0.748,5825.306,143262.683,0.02,0.0
710.754,2026-06-26T00:15:22.532229,61914.316,114204.289,0.8,5825.307,143262.683,0.02,0.0
710.805,2026-06-26T00:15:22.583191,61964.113,114204.289,0.79,5825.308,143262.683,0.02,0.0
710.856,2026-06-26T00:15:22.634222,62014.383,114204.289,0.782,5825.309,143262.683,0.02,0.0
710.907,2026-06-26T00:15:22.685197,62064.855,114204.289,0.778,5825.31,143262.683,0.02,0.0
710.958,2026-06-26T00:15:22.736236,62115.199,114204.289,0.774,5825.311,143262.683,0.02,0.0
711.009,2026-06-26T00:15:22.787210,62165.371,114204.289,0.818,5825.312,143262.683,0.02,0.0
711.06,2026-06-26T00:15:22.838193,62215.625,114204.289,0.756,5825.313,143262.683,0.02,0.0
711.111,2026-06-26T00:15:22.889214,62266.652,114204.289,0.805,5825.314,143262.683,0.02,0.0
711.162,2026-06-26T00:15:22.940213,62317.84,114204.289,0.793,5825.315,143262.683,0.02,0.0
711.213,2026-06-26T00:15:22.991197,62368.129,114204.289,0.831,5825.316,143262.683,0.02,0.0
711.264,2026-06-26T00:15:23.042218,62358.613,114154.289,0.765,5825.317,143262.683,0.02,0.0
711.315,2026-06-26T00:15:23.093193,62405.887,114204.289,0.811,5825.318,143262.683,0.02,0.0
711.366,2026-06-26T00:15:23.144225,61752.613,114204.289,0.798,5825.319,143262.683,0.02,0.0
711.417,2026-06-26T00:15:23.195197,61608.613,113404.289,0.788,5825.32,143262.683,0.02,0.0
711.468,2026-06-26T00:15:23.246231,61608.613,113404.289,0.782,5825.321,143262.683,0.02,0.0
711.519,2026-06-26T00:15:23.297214,61608.613,113404.289,0.777,5825.322,143262.683,0.02,0.0
711.57,2026-06-26T00:15:23.348219,61608.613,113404.289,0.774,5825.323,143262.683,0.02,0.0
711.621,2026-06-26T00:15:23.399220,61638.301,114204.289,0.817,5825.325,143312.683,0.02,980.734
711.672,2026-06-26T00:15:23.450199,61688.301,114204.289,0.756,5825.326,143312.683,0.02,0.0
711.723,2026-06-26T00:15:23.501213,61738.301,114204.289,0.759,5825.327,143312.683,0.02,0.0
711.774,2026-06-26T00:15:23.552205,61787.562,114204.289,0.807,5825.328,143312.683,0.02,0.0
711.825,2026-06-26T00:15:23.603198,61836.992,114204.289,0.795,5825.329,143312.683,0.02,0.0
711.876,2026-06-26T00:15:23.654200,61886.09,114204.289,0.832,5825.33,143312.683,0.02,0.0
711.927,2026-06-26T00:15:23.705220,61935.582,114204.289,0.812,5825.331,143312.683,0.02,0.0
711.978,2026-06-26T00:15:23.756191,61985.871,114204.289,0.798,5825.332,143312.683,0.02,0.0
712.029,2026-06-26T00:15:23.807208,62036.191,114204.289,0.835,5825.333,143312.683,0.02,0.0
712.08,2026-06-26T00:15:23.858199,62086.504,114204.289,0.814,5825.334,143312.683,0.02,0.0
712.131,2026-06-26T00:15:23.909235,62136.738,114204.289,0.8,5825.335,143312.683,0.02,0.0
712.182,2026-06-26T00:15:23.960215,62188.809,114204.289,0.836,5825.336,143312.683,0.02,0.0
712.233,2026-06-26T00:15:24.011195,62241.938,114204.289,0.815,5825.337,143312.683,0.02,0.0
712.284,2026-06-26T00:15:24.062217,62295.566,114204.289,0.754,5825.338,143312.683,0.02,0.0
712.335,2026-06-26T00:15:24.113203,62348.73,114204.289,0.758,5825.339,143312.683,0.02,0.0
712.386,2026-06-26T00:15:24.164201,62402.641,114204.289,0.806,5825.34,143312.683,0.02,0.0
712.437,2026-06-26T00:15:24.215193,62388.164,114204.289,0.794,5825.341,143312.683,0.02,0.0
712.488,2026-06-26T00:15:24.266206,62036.613,114204.289,0.786,5825.342,143312.683,0.02,0.0
712.539,2026-06-26T00:15:24.317201,61608.613,113404.289,0.78,5825.343,143312.683,0.02,0.0
712.59,2026-06-26T00:15:24.368219,61608.613,113404.289,0.776,5825.344,143312.683,0.02,0.0
712.641,2026-06-26T00:15:24.419215,61608.613,113404.289,0.773,5825.345,143312.683,0.02,0.0
712.692,2026-06-26T00:15:24.470225,61608.613,113404.289,0.771,5825.346,143312.683,0.02,0.0
712.743,2026-06-26T00:15:24.521195,61620.973,113454.289,0.815,5825.347,143362.683,0.02,980.065
712.794,2026-06-26T00:15:24.572216,61608.613,113404.289,0.846,5825.348,143362.683,0.02,0.0
712.845,2026-06-26T00:15:24.623199,61609.445,113454.289,0.776,5825.349,143412.683,0.02,980.688
712.896,2026-06-26T00:15:24.674220,61618.613,113454.289,0.773,5825.351,143412.683,0.02,0.0
712.947,2026-06-26T00:15:24.725196,61608.613,113404.289,0.817,5825.352,143462.683,0.02,980.885
712.998,2026-06-26T00:15:24.776212,61654.383,114204.289,0.802,5825.353,143462.683,0.02,0.0
713.049,2026-06-26T00:15:24.827213,61706.867,114204.289,0.791,5825.354,143462.683,0.02,0.0
713.1,2026-06-26T00:15:24.878231,61757.918,114204.289,0.783,5825.355,143462.683,0.02,0.0
713.151,2026-06-26T00:15:24.929228,61808.445,114204.289,0.824,5825.356,143462.683,0.02,0.0
713.202,2026-06-26T00:15:24.980234,61858.848,114204.289,0.761,5825.357,143462.683,0.02,0.0
713.253,2026-06-26T00:15:25.031216,61909.188,114204.289,0.808,5825.358,143462.683,0.02,0.0
713.304,2026-06-26T00:15:25.082209,61959.496,114204.289,0.75,5825.359,143462.683,0.02,0.0
713.355,2026-06-26T00:15:25.133226,62009.887,114204.289,0.801,5825.36,143462.683,0.02,0.0
713.406,2026-06-26T00:15:25.184199,62060.176,114204.289,0.79,5825.361,143462.683,0.02,0.0
713.529,2026-06-26T00:15:25.306693,62181.977,114204.289,0.937,5825.709,143462.683,2.85,0.0
713.579,2026-06-26T00:15:25.357115,62232.0,114204.289,0.887,5825.71,143462.683,0.021,0.0
713.63,2026-06-26T00:15:25.407742,62283.664,114204.289,0.853,5825.711,143462.683,0.021,0.0
713.68,2026-06-26T00:15:25.458360,62337.527,114204.289,0.828,5825.712,143462.683,0.021,0.0
713.731,2026-06-26T00:15:25.509120,62391.453,114204.289,0.81,5825.713,143462.683,0.02,0.0
713.782,2026-06-26T00:15:25.560035,62381.379,114204.289,0.843,5825.714,143462.683,0.02,0.0
713.833,2026-06-26T00:15:25.611020,62084.641,114204.289,0.774,5825.715,143462.683,0.02,0.0
713.884,2026-06-26T00:15:25.662065,61608.641,113404.289,0.771,5825.716,143462.683,0.02,0.0
713.935,2026-06-26T00:15:25.713066,61608.641,113404.289,0.77,5825.717,143462.683,0.02,0.0
713.986,2026-06-26T00:15:25.764083,61608.641,113404.289,0.768,5825.718,143462.683,0.02,0.0
714.037,2026-06-26T00:15:25.815087,61608.641,113404.289,0.859,5825.719,143462.683,0.02,0.0
714.088,2026-06-26T00:15:25.866090,61615.848,114204.289,0.831,5825.72,143512.683,0.02,979.232
714.139,2026-06-26T00:15:25.917192,61669.668,114204.289,0.811,5825.721,143512.683,0.02,0.0
714.19,2026-06-26T00:15:25.968170,61722.957,114204.289,0.844,5825.722,143512.683,0.02,0.0
714.241,2026-06-26T00:15:26.019184,61774.188,114204.289,0.774,5825.723,143512.683,0.02,0.0
714.292,2026-06-26T00:15:26.070193,61825.281,114204.289,0.772,5825.724,143512.683,0.02,0.0
714.343,2026-06-26T00:15:26.121194,61875.758,114204.289,0.77,5825.725,143512.683,0.02,0.0
714.394,2026-06-26T00:15:26.172187,61925.828,114204.289,0.815,5825.726,143512.683,0.02,0.0
714.445,2026-06-26T00:15:26.223201,61976.129,114204.289,0.8,5825.728,143512.683,0.02,0.0
714.496,2026-06-26T00:15:26.274194,62026.426,114204.289,0.744,5825.729,143512.683,0.02,0.0
714.547,2026-06-26T00:15:26.325131,62076.43,114204.289,0.798,5825.73,143512.683,0.021,0.0
714.598,2026-06-26T00:15:26.375711,62126.336,114204.289,0.836,5825.731,143512.683,0.02,0.0
714.649,2026-06-26T00:15:26.426672,62176.625,114204.289,0.815,5825.732,143512.683,0.02,0.0
714.7,2026-06-26T00:15:26.477649,62226.93,114204.289,0.8,5825.733,143512.683,0.02,0.0
714.751,2026-06-26T00:15:26.528603,62278.406,114204.289,0.836,5825.734,143512.683,0.02,0.0
714.802,2026-06-26T00:15:26.579597,62331.238,114204.289,0.769,5825.735,143512.683,0.02,0.0
714.853,2026-06-26T00:15:26.630601,62385.062,114204.289,0.814,5825.736,143512.683,0.02,0.0
714.904,2026-06-26T00:15:26.681641,62374.641,114204.289,0.799,5825.737,143512.683,0.02,0.0
714.955,2026-06-26T00:15:26.732652,62144.641,114204.289,0.789,5825.738,143512.683,0.02,0.0
715.006,2026-06-26T00:15:26.783684,61608.641,113404.289,0.782,5825.739,143512.683,0.02,0.0
715.057,2026-06-26T00:15:26.834720,61608.641,113404.289,0.777,5825.74,143512.683,0.02,0.0
715.108,2026-06-26T00:15:26.885749,61608.641,113404.289,0.774,5825.741,143512.683,0.02,0.0
715.159,2026-06-26T00:15:26.936763,61608.641,113404.289,0.771,5825.742,143512.683,0.02,0.0
715.21,2026-06-26T00:15:26.987799,61609.016,113454.289,0.77,5825.743,143562.683,0.02,980.752
715.261,2026-06-26T00:15:27.038773,61616.641,113454.289,0.814,5825.744,143562.683,0.02,0.0
715.312,2026-06-26T00:15:27.089794,61608.641,113404.289,0.8,5825.745,143612.683,0.02,980.697
715.363,2026-06-26T00:15:27.140782,61652.641,113454.289,0.79,5825.746,143612.683,0.02,0.0
715.414,2026-06-26T00:15:27.191794,61608.641,113404.289,0.782,5825.747,143662.683,0.02,980.33
715.465,2026-06-26T00:15:27.242796,61643.848,114204.289,0.824,5825.748,143662.683,0.02,0.0
715.516,2026-06-26T00:15:27.293791,61693.094,114204.289,0.852,5825.749,143662.683,0.02,0.0
715.567,2026-06-26T00:15:27.344813,61742.445,114204.289,0.78,5825.75,143662.683,0.02,0.0
715.618,2026-06-26T00:15:27.395827,61791.707,114204.289,0.822,5825.751,143662.683,0.02,0.0
715.669,2026-06-26T00:15:27.446819,61841.453,114204.289,0.805,5825.753,143662.683,0.02,0.0
715.72,2026-06-26T00:15:27.497835,61891.961,114204.289,0.793,5825.754,143662.683,0.02,0.0
715.771,2026-06-26T00:15:27.548827,61942.215,114204.289,0.785,5825.755,143662.683,0.02,0.0
715.822,2026-06-26T00:15:27.599847,61992.461,114204.289,0.825,5825.756,143662.683,0.02,0.0
715.873,2026-06-26T00:15:27.650841,62043.016,114204.289,0.761,5825.757,143662.683,0.02,0.0
715.924,2026-06-26T00:15:27.701848,62094.031,114204.289,0.763,5825.758,143662.683,0.02,0.0
715.975,2026-06-26T00:15:27.752860,62145.195,114204.289,0.764,5825.759,143662.683,0.02,0.0
716.026,2026-06-26T00:15:27.803884,62198.023,114204.289,0.764,5825.76,143662.683,0.02,0.0
716.077,2026-06-26T00:15:27.854887,62251.656,114204.289,0.811,5825.761,143662.683,0.02,0.0
716.128,2026-06-26T00:15:27.905904,62305.695,114204.289,0.843,5825.762,143662.683,0.02,0.0
716.179,2026-06-26T00:15:27.956887,62359.656,114204.289,0.82,5825.763,143662.683,0.02,0.0
716.23,2026-06-26T00:15:28.007911,62358.641,114154.289,0.804,5825.764,143662.683,0.02,0.0
716.281,2026-06-26T00:15:28.058903,62400.719,114204.289,0.838,5825.765,143662.683,0.02,0.0
716.332,2026-06-26T00:15:28.109934,61868.641,114204.289,0.77,5825.766,143662.683,0.02,0.0
716.383,2026-06-26T00:15:28.160936,61608.641,113404.289,0.815,5825.767,143662.683,0.02,0.0
716.434,2026-06-26T00:15:28.211941,61608.641,113404.289,0.8,5825.768,143662.683,0.02,0.0
716.485,2026-06-26T00:15:28.262984,61608.641,113404.289,0.79,5825.769,143662.683,0.02,0.0
716.536,2026-06-26T00:15:28.314001,61608.641,113404.289,0.783,5825.77,143662.683,0.02,0.0
716.587,2026-06-26T00:15:28.365001,61637.156,114204.289,0.777,5825.771,143712.683,0.02,979.845
716.638,2026-06-26T00:15:28.416026,61689.766,114204.289,0.774,5825.772,143712.683,0.02,0.0
716.689,2026-06-26T00:15:28.467011,61742.965,114204.289,0.818,5825.773,143712.683,0.02,0.0
716.74,2026-06-26T00:15:28.518046,61796.145,114204.289,0.802,5825.774,143712.683,0.02,0.0
716.791,2026-06-26T00:15:28.569033,61847.957,114204.289,0.791,5825.775,143712.683,0.02,0.0
716.842,2026-06-26T00:15:28.620064,61898.867,114204.289,0.784,5825.776,143712.683,0.02,0.0
716.893,2026-06-26T00:15:28.671059,61949.871,114204.289,0.778,5825.777,143712.683,0.02,0.0
716.944,2026-06-26T00:15:28.722061,62000.094,114204.289,0.775,5825.779,143712.683,0.02,0.0
716.995,2026-06-26T00:15:28.773061,62050.441,114204.289,0.772,5825.78,143712.683,0.02,0.0
717.046,2026-06-26T00:15:28.824063,62100.828,114204.289,0.77,5825.781,143712.683,0.02,0.0
717.097,2026-06-26T00:15:28.875052,62151.109,114204.289,0.815,5825.782,143712.683,0.02,0.0
717.148,2026-06-26T00:15:28.926067,62201.566,114204.289,0.8,5825.783,143712.683,0.02,0.0
717.199,2026-06-26T00:15:28.977063,62251.832,114204.289,0.79,5825.784,143712.683,0.02,0.0
717.25,2026-06-26T00:15:29.028090,62301.992,114204.289,0.783,5825.785,143712.683,0.02,0.0
717.301,2026-06-26T00:15:29.079088,62352.504,114204.289,0.778,5825.786,143712.683,0.02,0.0
717.352,2026-06-26T00:15:29.130094,62406.023,114204.289,0.774,5825.787,143712.683,0.02,0.0
717.403,2026-06-26T00:15:29.181090,62393.84,114204.289,0.772,5825.788,143712.683,0.02,0.0
717.454,2026-06-26T00:15:29.232098,61884.641,114204.289,0.816,5825.789,143712.683,0.02,0.0
717.505,2026-06-26T00:15:29.283093,61608.641,113404.289,0.847,5825.79,143712.683,0.02,0.0
717.556,2026-06-26T00:15:29.334106,61608.641,113404.289,0.822,5825.791,143712.683,0.02,0.0
717.607,2026-06-26T00:15:29.385104,61608.641,113404.289,0.805,5825.792,143712.683,0.02,0.0
717.658,2026-06-26T00:15:29.436163,61608.641,113404.289,0.793,5825.793,143712.683,0.02,0.0
717.709,2026-06-26T00:15:29.487179,61628.641,113454.289,0.785,5825.794,143762.683,0.02,979.982
717.76,2026-06-26T00:15:29.538191,61608.641,113404.289,0.779,5825.795,143762.683,0.02,0.0
717.811,2026-06-26T00:15:29.589214,61617.883,113454.289,0.775,5825.796,143812.683,0.02,980.477
717.862,2026-06-26T00:15:29.640196,61608.641,113404.289,0.772,5825.797,143812.683,0.02,0.0
717.913,2026-06-26T00:15:29.691195,61608.641,113404.289,0.816,5825.798,143862.683,0.02,980.848
717.964,2026-06-26T00:15:29.742210,61654.266,114204.289,0.801,5825.799,143862.683,0.02,0.0
718.015,2026-06-26T00:15:29.793195,61704.383,114204.289,0.791,5825.8,143862.683,0.02,0.0
718.066,2026-06-26T00:15:29.844219,61754.715,114204.289,0.783,5825.801,143862.683,0.02,0.0
718.117,2026-06-26T00:15:29.895199,61805.027,114204.289,0.824,5825.802,143862.683,0.02,0.0
718.168,2026-06-26T00:15:29.946199,61855.473,114204.289,0.807,5825.804,143862.683,0.02,0.0
718.219,2026-06-26T00:15:29.997216,61905.77,114204.289,0.794,5825.805,143862.683,0.02,0.0
718.27,2026-06-26T00:15:30.048201,61956.531,114204.289,0.832,5825.806,143862.683,0.02,0.0
718.321,2026-06-26T00:15:30.099222,62007.586,114204.289,0.858,5825.807,143862.683,0.02,0.0
718.372,2026-06-26T00:15:30.150202,62059.082,114204.289,0.784,5825.808,143862.683,0.02,0.0
718.423,2026-06-26T00:15:30.201225,62112.242,114204.289,0.779,5825.809,143862.683,0.02,0.0
718.545,2026-06-26T00:15:30.322667,62240.18,114204.289,0.913,5826.157,143862.683,2.874,0.0
718.595,2026-06-26T00:15:30.373104,62293.234,114204.289,0.87,5826.158,143862.683,0.021,0.0
718.646,2026-06-26T00:15:30.423712,62346.922,114204.289,0.887,5826.159,143862.683,0.021,0.0
718.696,2026-06-26T00:15:30.474357,62400.57,114204.289,0.806,5826.16,143862.683,0.021,0.0
718.747,2026-06-26T00:15:30.525120,62386.246,114204.289,0.841,5826.161,143862.683,0.021,0.0
718.798,2026-06-26T00:15:30.575971,62074.676,114204.289,0.819,5826.162,143862.683,0.02,0.0
718.849,2026-06-26T00:15:30.626977,61608.676,113404.289,0.803,5826.163,143862.683,0.02,0.0
718.9,2026-06-26T00:15:30.678015,61608.676,113404.289,0.792,5826.164,143862.683,0.02,0.0
718.951,2026-06-26T00:15:30.728998,61608.676,113404.289,0.784,5826.165,143862.683,0.02,0.0
719.002,2026-06-26T00:15:30.780055,61608.676,113404.289,0.778,5826.166,143862.683,0.02,0.0
719.053,2026-06-26T00:15:30.831056,61622.449,114204.289,0.821,5826.167,143912.683,0.02,979.982
719.104,2026-06-26T00:15:30.882085,61684.57,114204.289,0.813,5826.168,143912.683,0.018,0.0
719.163,2026-06-26T00:15:30.941000,61738.098,114204.289,0.845,5826.169,143912.683,0.02,0.0
719.214,2026-06-26T00:15:30.992023,61791.496,114204.289,0.821,5826.17,143912.683,0.02,0.0
719.265,2026-06-26T00:15:31.043030,61845.043,114204.289,0.804,5826.171,143912.683,0.02,0.0
719.316,2026-06-26T00:15:31.094050,61898.145,114204.289,0.839,5826.172,143912.683,0.02,0.0
719.367,2026-06-26T00:15:31.145064,61949.781,114204.289,0.771,5826.173,143912.683,0.02,0.0
719.418,2026-06-26T00:15:31.196079,62000.492,114204.289,0.77,5826.174,143912.683,0.02,0.0
719.469,2026-06-26T00:15:31.247076,62051.559,114204.289,0.814,5826.175,143912.683,0.02,0.0
719.52,2026-06-26T00:15:31.298088,62101.879,114204.289,0.8,5826.176,143912.683,0.02,0.0
719.571,2026-06-26T00:15:31.349071,62152.16,114204.289,0.79,5826.177,143912.683,0.02,0.0
719.622,2026-06-26T00:15:31.399982,62202.375,114204.289,0.783,5826.178,143912.683,0.02,0.0
719.673,2026-06-26T00:15:31.450966,62252.707,114204.289,0.824,5826.179,143912.683,0.02,0.0
719.724,2026-06-26T00:15:31.501899,62302.426,114204.289,0.761,5826.181,143912.683,0.02,0.0
719.775,2026-06-26T00:15:31.552847,62350.988,114204.289,0.809,5826.182,143912.683,0.02,0.0
719.826,2026-06-26T00:15:31.603794,62403.262,114204.289,0.796,5826.183,143912.683,0.02,0.0
719.877,2026-06-26T00:15:31.654726,62388.676,114204.289,0.833,5826.184,143912.683,0.02,0.0
719.928,2026-06-26T00:15:31.705706,61926.676,114204.289,0.767,5826.185,143912.683,0.02,0.0
719.979,2026-06-26T00:15:31.756641,61608.676,113404.289,0.767,5826.186,143912.683,0.02,0.0
720.03,2026-06-26T00:15:31.807608,61608.676,113404.289,0.813,5826.187,143912.683,0.02,0.0
720.081,2026-06-26T00:15:31.858572,61608.676,113404.289,0.845,5826.188,143912.683,0.02,0.0
720.132,2026-06-26T00:15:31.909548,61608.676,113404.289,0.822,5826.189,143912.683,0.02,0.0
720.183,2026-06-26T00:15:31.960522,61624.176,113454.289,0.805,5826.19,143962.683,0.02,980.459
720.234,2026-06-26T00:15:32.011506,61608.676,113404.289,0.839,5826.191,143962.683,0.02,0.0
720.285,2026-06-26T00:15:32.062461,61610.363,113454.289,0.772,5826.192,144012.683,0.02,981.427
720.336,2026-06-26T00:15:32.113451,61656.676,113454.289,0.77,5826.193,144012.683,0.02,0.0
720.387,2026-06-26T00:15:32.164412,61608.676,113404.289,0.815,5826.194,144062.683,0.02,980.239
720.438,2026-06-26T00:15:32.215401,60660.398,113404.289,0.8,5826.195,144062.683,0.02,0.0
720.488,2026-06-26T00:15:32.266292,59916.336,110719.328,0.884,5826.196,144062.683,0.02,0.0
720.539,2026-06-26T00:15:32.316861,59916.336,110719.328,0.849,5826.197,144062.683,0.02,0.0
720.59,2026-06-26T00:15:32.367786,59916.336,110719.328,0.825,5826.198,144062.683,0.02,0.0
720.641,2026-06-26T00:15:32.418710,59916.336,110719.328,0.807,5826.199,144062.683,0.02,0.0
720.692,2026-06-26T00:15:32.469650,59916.336,110719.328,0.795,5826.2,144062.683,0.02,0.0
720.743,2026-06-26T00:15:32.520581,59916.336,110719.328,0.787,5826.201,144062.683,0.02,0.0
720.794,2026-06-26T00:15:32.571516,59866.199,110660.648,0.781,5826.601,144066.247,7.847,69.958
720.835,2026-06-26T00:15:32.612825,59746.52,86458.965,0.546,5826.602,144066.247,0.021,0.005
720.838,2026-06-26T00:15:32.615523,59746.52,86458.965,1.312,5826.603,144066.253,0.393,2.451
720.838,2026-06-26T00:15:32.615739,59746.52,86458.965,0.918,5826.603,144066.253,3.396,0.0
