{
  "model_name": "meta-llama/Llama-3.2-1B",
  "dataset": "wikitext-2-raw-v1",
  "num_samples": 5,
  "ctx_len": 256,
  "metrics": {
    "perplexity": {
      "baseline": {
        "perplexity": 17.96992422203536,
        "loss": 2.88869948387146,
        "perplexity_std": 3.736807444299444,
        "per_sample_perplexities": [
          11.717784881591797,
          17.894874572753906,
          18.586885452270508,
          21.91179656982422,
          21.941808700561523
        ]
      },
      "qefficient": {
        "perplexity": 17.997527277727798,
        "loss": 2.890234375,
        "perplexity_std": 3.755753125149944,
        "per_sample_perplexities": [
          11.71875,
          17.90625,
          18.65625,
          22.015625,
          21.9375
        ]
      },
      "difference": {
        "perplexity_diff": 0.02760305569243826,
        "relative_change_pct": 0.1536069676832049
      }
    },
    "logit_mse": {
      "mean": 2.32988633797504e-05,
      "std": 6.315088008769909e-06,
      "min": 1.6456633602501824e-05,
      "max": 3.49989568348974e-05,
      "median": 2.0958746972610243e-05,
      "count": 5
    },
    "kl_divergence": {
      "mean": 2.504742460587295e-05,
      "std": 1.9242609373955016e-05,
      "min": -6.871056939417031e-06,
      "max": 5.32554549863562e-05,
      "median": 2.6341944248997606e-05,
      "count": 5
    },
    "topk_overlap": {
      "mean": 99.6171875,
      "std": 0.09043622580304864,
      "min": 99.4921875,
      "max": 99.7265625,
      "median": 99.6484375,
      "count": 5
    },
    "rank_correlation": {
      "mean": 0.9999986387129111,
      "std": 2.59119109190578e-07,
      "min": 0.999998182809254,
      "max": 0.9999989090536273,
      "median": 0.9999987842317234,
      "count": 5
    },
    "next_token_accuracy": {
      "mean": 99.765625,
      "std": 0.3125,
      "min": 99.21875,
      "max": 100.0,
      "median": 100.0,
      "count": 5
    }
  }
}