time_s,timestamp,rss_mb,vms_mb,cpu_percent,disk_read_mb,disk_write_mb,disk_read_rate_mb_s,disk_write_rate_mb_s
0.0,2026-06-26T02:58:57.506773,610.789,6523.23,0.234,155.816,0.012,0.0,0.0
-0.0,2026-06-26T02:58:57.506605,610.793,6523.23,0.164,155.817,0.012,2.087,0.0
0.0,2026-06-26T02:58:57.507242,610.797,6523.23,0.115,155.817,0.012,2.291,0.0
0.051,2026-06-26T02:58:57.557680,612.426,6524.035,0.173,156.08,0.012,5.198,0.0
0.158,2026-06-26T02:58:57.664778,613.238,6524.035,0.253,156.413,0.013,3.114,0.009
0.247,2026-06-26T02:58:57.753295,613.359,6524.035,0.256,156.742,0.013,3.718,0.0
0.297,2026-06-26T02:58:57.803639,613.359,6524.035,0.179,156.742,0.013,0.01,0.0
0.388,2026-06-26T02:58:57.895221,613.383,6524.035,0.254,157.073,0.014,3.612,0.005
0.444,2026-06-26T02:58:57.950672,613.426,6524.035,0.291,157.078,0.014,0.093,0.0
0.45,2026-06-26T02:58:57.956973,613.434,6524.035,0.317,157.079,0.014,2.38,0.0
0.451,2026-06-26T02:58:57.958198,613.438,6524.035,0.222,157.079,0.014,0.724,0.071
0.452,2026-06-26T02:58:57.958532,613.438,6524.035,0.155,157.08,0.014,1.747,0.0
0.572,2026-06-26T02:58:58.078629,613.559,6524.164,0.245,157.409,0.014,2.739,0.004
0.661,2026-06-26T02:58:58.167329,613.566,6524.164,0.277,157.738,0.014,3.716,0.0
0.712,2026-06-26T02:58:58.218721,613.566,6524.164,0.194,157.74,0.015,0.037,0.009
1.071,2026-06-26T02:58:58.577634,10273.875,810858.477,9.75,158.768,0.015,2.864,0.001
1.302,2026-06-26T02:58:58.808622,25166.445,852322.516,30.285,159.098,0.015,1.428,0.0
1.493,2026-06-26T02:58:58.999581,38090.051,852322.516,50.25,159.428,0.015,1.726,0.0
1.76,2026-06-26T02:58:59.266423,55670.789,852322.516,63.105,159.757,0.015,1.236,0.0
1.996,2026-06-26T02:58:59.502385,68642.312,852322.516,66.282,160.088,0.015,1.401,0.0
2.152,2026-06-26T02:58:59.658643,76357.363,852582.637,64.475,160.419,0.015,2.117,0.0
2.264,2026-06-26T02:58:59.770789,81810.098,852910.113,60.975,160.75,0.015,2.948,0.0
2.392,2026-06-26T02:58:59.898974,88268.258,854022.633,57.985,161.08,0.015,2.581,0.0
2.483,2026-06-26T02:58:59.990171,90124.383,854022.633,44.215,161.411,0.015,3.632,0.001
3.674,2026-06-26T02:59:01.180958,60635.871,87105.938,31.2,161.74,0.018,0.277,0.002
3.763,2026-06-26T02:59:01.269481,60635.871,87105.938,21.946,162.07,0.018,3.72,0.0
3.813,2026-06-26T02:59:01.319821,60635.871,87105.938,15.362,162.07,0.018,0.01,0.0
3.904,2026-06-26T02:59:01.410370,60635.871,87105.938,10.857,162.401,0.018,3.659,0.005
3.954,2026-06-26T02:59:01.460723,60713.059,87648.113,11.777,162.403,0.018,0.04,0.0
3.978,2026-06-26T02:59:01.484942,60713.121,87648.113,8.438,162.403,0.018,0.021,0.005
3.979,2026-06-26T02:59:01.485355,60713.121,87648.113,5.907,162.404,0.018,2.599,0.0
4.043,2026-06-26T02:59:01.550233,60713.121,87648.113,4.315,162.733,0.019,5.069,0.007
4.094,2026-06-26T02:59:01.600591,60713.121,87648.113,3.021,162.734,0.019,0.01,0.0
4.183,2026-06-26T02:59:01.689618,60713.121,87648.113,2.193,163.063,0.019,3.706,0.0
4.233,2026-06-26T02:59:01.739961,60713.121,87648.113,1.535,163.065,0.019,0.038,0.009
4.322,2026-06-26T02:59:01.829040,60713.121,87648.113,1.233,163.4,0.02,3.762,0.005
4.373,2026-06-26T02:59:01.879402,60713.121,87648.113,0.863,163.4,0.02,0.01,0.0
4.462,2026-06-26T02:59:01.968540,60713.121,87648.113,0.683,163.729,0.02,3.701,0.0
4.512,2026-06-26T02:59:02.018896,60713.121,87648.113,0.478,163.73,0.02,0.01,0.0
4.601,2026-06-26T02:59:02.108036,60713.121,87648.113,0.466,164.078,0.021,3.911,0.01
4.652,2026-06-26T02:59:02.158395,60713.121,87648.113,0.326,164.078,0.021,0.01,0.0
4.741,2026-06-26T02:59:02.247477,60713.121,87648.113,0.307,164.408,0.021,3.703,0.0
4.791,2026-06-26T02:59:02.297834,60713.121,87648.113,0.215,164.408,0.021,0.01,0.0
4.882,2026-06-26T02:59:02.388918,60713.121,87648.113,0.279,164.756,0.021,3.828,0.01
4.933,2026-06-26T02:59:02.439284,60713.121,87648.113,0.196,164.757,0.021,0.01,0.0
5.022,2026-06-26T02:59:02.528406,60713.121,87648.113,0.242,165.086,0.021,3.703,0.0
5.072,2026-06-26T02:59:02.578727,60713.121,87648.113,0.169,165.087,0.021,0.01,0.0
5.161,2026-06-26T02:59:02.667854,60713.125,87648.113,0.224,165.417,0.022,3.715,0.004
5.211,2026-06-26T02:59:02.718205,60713.125,87648.113,0.157,165.418,0.022,0.01,0.0
5.301,2026-06-26T02:59:02.807318,60713.125,87648.113,0.189,165.747,0.022,3.703,0.0
5.351,2026-06-26T02:59:02.857671,60713.125,87648.113,0.178,165.748,0.022,0.01,0.0
6.483,2026-06-26T02:59:03.989525,61002.113,87934.422,0.355,178.333,0.022,11.12,0.0
6.572,2026-06-26T02:59:04.078803,61002.113,87934.422,0.353,178.662,0.022,3.693,0.0
6.622,2026-06-26T02:59:04.129175,61002.113,87934.422,0.247,178.663,0.022,0.01,0.0
6.714,2026-06-26T02:59:04.220530,61002.113,87934.422,0.301,178.682,0.022,0.211,0.0
6.715,2026-06-26T02:59:04.221820,61002.113,87934.422,0.211,178.683,0.022,2.091,0.0
6.777,2026-06-26T02:59:04.284031,61002.113,87934.422,0.373,179.001,0.023,5.122,0.007
6.866,2026-06-26T02:59:04.373027,61002.113,87934.422,0.34,179.333,0.023,3.725,0.0
6.917,2026-06-26T02:59:04.423382,61002.113,87934.422,0.238,179.333,0.023,0.01,0.0
7.011,2026-06-26T02:59:04.518258,61002.113,87934.422,0.291,179.666,0.023,3.513,0.005
7.062,2026-06-26T02:59:04.568616,61002.113,87934.422,0.203,179.667,0.023,0.01,0.0
7.151,2026-06-26T02:59:04.657883,61002.113,87934.422,0.248,179.998,0.023,3.72,0.0
7.201,2026-06-26T02:59:04.708240,61002.113,87934.422,0.173,179.999,0.023,0.01,0.0
7.294,2026-06-26T02:59:04.801210,61002.113,87934.422,0.247,180.333,0.024,3.602,0.01
7.345,2026-06-26T02:59:04.851558,61002.113,87934.422,0.173,180.333,0.024,0.01,0.0
7.434,2026-06-26T02:59:04.940848,61002.113,87934.422,0.226,180.665,0.024,3.719,0.0
7.484,2026-06-26T02:59:04.991199,61002.113,87934.422,0.158,180.666,0.024,0.01,0.0
7.574,2026-06-26T02:59:05.080445,61002.113,87934.422,0.216,180.998,0.024,3.735,0.005
7.624,2026-06-26T02:59:05.130803,61002.113,87934.422,0.151,180.999,0.024,0.01,0.0
7.713,2026-06-26T02:59:05.220045,61002.113,87934.422,0.185,181.329,0.024,3.71,0.0
7.764,2026-06-26T02:59:05.270404,61002.113,87934.422,0.129,181.33,0.024,0.01,0.0
7.858,2026-06-26T02:59:05.364332,61002.113,87934.422,0.24,181.672,0.025,3.644,0.009
7.908,2026-06-26T02:59:05.414691,61002.113,87934.422,0.168,181.672,0.025,0.01,0.0
7.997,2026-06-26T02:59:05.503750,61002.113,87934.422,0.197,182.002,0.025,3.707,0.0
8.047,2026-06-26T02:59:05.554107,61002.113,87934.422,0.138,182.002,0.025,0.01,0.0
8.137,2026-06-26T02:59:05.643904,61002.113,87934.422,0.227,182.333,0.026,3.691,0.005
8.187,2026-06-26T02:59:05.694265,61002.113,87934.422,0.159,182.334,0.026,0.01,0.0
8.277,2026-06-26T02:59:05.783480,61002.113,87934.422,0.19,182.663,0.026,3.701,0.0
8.327,2026-06-26T02:59:05.833826,61002.113,87934.422,0.133,182.664,0.026,0.01,0.0
8.416,2026-06-26T02:59:05.922909,61002.113,87934.422,0.225,182.995,0.026,3.721,0.005
8.466,2026-06-26T02:59:05.973269,61002.113,87934.422,0.204,182.995,0.026,0.01,0.0
8.556,2026-06-26T02:59:06.062495,61002.113,87934.422,0.195,183.325,0.026,3.702,0.0
8.606,2026-06-26T02:59:06.112852,61002.113,87934.422,0.229,183.326,0.027,0.034,0.009
8.695,2026-06-26T02:59:06.201858,61002.113,87934.422,0.24,183.656,0.027,3.711,0.0
8.745,2026-06-26T02:59:06.252205,61002.113,87934.422,0.168,183.657,0.027,0.01,0.0
8.834,2026-06-26T02:59:06.341144,61002.113,87934.422,0.223,183.986,0.027,3.713,0.0
8.885,2026-06-26T02:59:06.391504,61002.113,87934.422,0.156,183.988,0.027,0.039,0.01
8.974,2026-06-26T02:59:06.480768,61002.113,87934.422,0.241,184.319,0.027,3.715,0.005
9.024,2026-06-26T02:59:06.531122,61002.113,87934.422,0.168,184.32,0.027,0.01,0.0
9.115,2026-06-26T02:59:06.621748,61002.113,87934.422,0.222,184.649,0.027,3.645,0.0
9.165,2026-06-26T02:59:06.672088,61002.113,87934.422,0.201,184.659,0.028,0.18,0.009
9.254,2026-06-26T02:59:06.761180,61002.113,87934.422,0.22,184.988,0.028,3.707,0.0
9.305,2026-06-26T02:59:06.811541,61002.113,87934.422,0.154,184.989,0.028,0.01,0.0
9.394,2026-06-26T02:59:06.900692,61002.113,87934.422,0.213,185.319,0.028,3.705,0.0
9.444,2026-06-26T02:59:06.951050,61002.113,87934.422,0.149,185.32,0.028,0.034,0.009
9.533,2026-06-26T02:59:07.040157,61002.113,87934.422,0.236,185.65,0.028,3.708,0.0
9.584,2026-06-26T02:59:07.090510,61002.113,87934.422,0.165,185.65,0.028,0.01,0.0
9.676,2026-06-26T02:59:07.182319,61002.113,87934.422,0.192,185.982,0.029,3.613,0.005
9.726,2026-06-26T02:59:07.232680,61002.113,87934.422,0.181,186.229,0.029,4.885,0.009
9.83,2026-06-26T02:59:07.336948,61002.113,87934.422,0.262,186.558,0.029,3.167,0.0
9.92,2026-06-26T02:59:07.426896,61002.113,87934.422,0.287,186.888,0.029,3.662,0.0
9.971,2026-06-26T02:59:07.477360,61002.113,87934.422,0.201,186.888,0.029,0.01,0.0
10.06,2026-06-26T02:59:07.566596,61002.113,87934.422,0.246,187.219,0.03,3.714,0.005
10.11,2026-06-26T02:59:07.616957,61002.113,87934.422,0.172,187.22,0.03,0.01,0.0
10.199,2026-06-26T02:59:07.706227,61002.113,87934.422,0.226,187.549,0.03,3.7,0.0
10.25,2026-06-26T02:59:07.756583,61002.113,87934.422,0.204,187.551,0.03,0.039,0.01
10.339,2026-06-26T02:59:07.845740,61002.113,87934.422,0.248,187.883,0.031,3.723,0.005
10.389,2026-06-26T02:59:07.896093,61002.113,87934.422,0.174,187.883,0.031,0.01,0.0
10.479,2026-06-26T02:59:07.985420,61002.113,87934.422,0.227,188.213,0.031,3.699,0.0
10.529,2026-06-26T02:59:08.035773,61002.113,87934.422,0.159,188.213,0.031,0.01,0.0
10.665,2026-06-26T02:59:08.172104,61002.113,87934.422,0.283,188.55,0.032,2.47,0.007
10.754,2026-06-26T02:59:08.261115,61002.113,87934.422,0.303,188.879,0.032,3.704,0.0
10.805,2026-06-26T02:59:08.311470,61002.113,87934.422,0.212,188.88,0.032,0.01,0.0
10.918,2026-06-26T02:59:08.424651,61002.113,87934.422,0.294,189.228,0.032,3.082,0.008
11.007,2026-06-26T02:59:08.513897,61002.113,87934.422,0.311,189.558,0.032,3.694,0.0
11.057,2026-06-26T02:59:08.564253,61002.113,87934.422,0.217,189.558,0.032,0.01,0.0
11.147,2026-06-26T02:59:08.653586,61002.113,87934.422,0.257,189.888,0.032,3.697,0.0
11.197,2026-06-26T02:59:08.703945,61002.113,87934.422,0.18,189.89,0.033,0.039,0.01
11.286,2026-06-26T02:59:08.793093,61002.113,87934.422,0.231,190.237,0.033,3.898,0.004
11.337,2026-06-26T02:59:08.843458,61002.113,87934.422,0.162,190.237,0.033,0.01,0.0
11.426,2026-06-26T02:59:08.932579,61002.113,87934.422,0.219,190.567,0.033,3.705,0.0
11.476,2026-06-26T02:59:08.982931,61002.113,87934.422,0.153,190.569,0.034,0.032,0.007
11.565,2026-06-26T02:59:09.072169,61002.113,87934.422,0.212,190.898,0.034,3.702,0.0
11.616,2026-06-26T02:59:09.122521,61002.113,87934.422,0.149,190.899,0.034,0.01,0.0
11.706,2026-06-26T02:59:09.213213,61002.113,87934.422,0.233,191.229,0.034,3.648,0.0
12.84,2026-06-26T02:59:10.346804,61102.469,88034.906,0.389,203.814,0.034,11.102,0.0
12.929,2026-06-26T02:59:10.435969,61102.469,88034.906,0.404,204.144,0.034,3.697,0.0
12.98,2026-06-26T02:59:10.486344,61102.469,88034.906,0.283,204.144,0.034,0.01,0.0
13.135,2026-06-26T02:59:10.641298,61102.469,88034.906,0.349,204.481,0.034,2.174,0.003
13.243,2026-06-26T02:59:10.749853,61102.469,88034.906,0.374,204.811,0.034,3.038,0.0
13.332,2026-06-26T02:59:10.838748,61102.469,88034.906,0.367,205.14,0.034,3.707,0.0
13.382,2026-06-26T02:59:10.889099,61102.469,88034.906,0.257,205.142,0.035,0.034,0.009
13.472,2026-06-26T02:59:10.978299,61102.469,88034.906,0.285,205.471,0.035,3.702,0.0
13.522,2026-06-26T02:59:11.028648,61102.469,88034.906,0.2,205.472,0.035,0.01,0.0
13.611,2026-06-26T02:59:11.117784,61102.469,88034.906,0.245,205.801,0.035,3.704,0.0
13.661,2026-06-26T02:59:11.168162,61102.469,88034.906,0.171,205.805,0.036,0.065,0.018
13.751,2026-06-26T02:59:11.257483,61102.469,88034.906,0.225,206.134,0.036,3.696,0.0
13.801,2026-06-26T02:59:11.307839,61102.469,88034.906,0.158,206.135,0.036,0.01,0.0
13.89,2026-06-26T02:59:11.397000,61102.469,88034.906,0.242,206.464,0.036,3.703,0.0
13.941,2026-06-26T02:59:11.447358,61102.469,88034.906,0.169,206.466,0.036,0.039,0.01
14.03,2026-06-26T02:59:11.536527,61102.469,88034.906,0.25,206.805,0.037,3.805,0.005
14.08,2026-06-26T02:59:11.586887,61102.469,88034.906,0.175,206.806,0.037,0.01,0.0
14.169,2026-06-26T02:59:11.676103,61102.469,88034.906,0.228,207.135,0.037,3.702,0.0
14.221,2026-06-26T02:59:11.728009,61102.469,88034.906,0.159,207.137,0.037,0.031,0.0
14.326,2026-06-26T02:59:11.832561,61102.469,88034.906,0.246,207.466,0.037,3.166,0.004
14.414,2026-06-26T02:59:11.921228,61102.469,88034.906,0.278,207.796,0.037,3.717,0.0
14.465,2026-06-26T02:59:11.971572,61102.469,88034.906,0.195,207.796,0.037,0.01,0.0
14.556,2026-06-26T02:59:12.062458,61102.469,88034.906,0.24,208.129,0.038,3.663,0.01
14.606,2026-06-26T02:59:12.112817,61102.469,88034.906,0.168,208.129,0.038,0.01,0.0
14.701,2026-06-26T02:59:12.208162,61102.469,88034.906,0.24,208.459,0.038,3.462,0.0
14.752,2026-06-26T02:59:12.258522,61102.469,88034.906,0.168,208.459,0.038,0.01,0.0
14.817,2026-06-26T02:59:12.323469,61102.469,88034.906,0.19,208.501,0.039,0.631,0.007
14.818,2026-06-26T02:59:12.324415,61102.469,88034.906,3.111,208.502,0.039,2.191,0.0
14.819,2026-06-26T02:59:12.325297,61102.469,88034.906,2.178,208.503,0.039,1.565,0.0
14.819,2026-06-26T02:59:12.325829,61102.469,88034.906,1.525,208.505,0.039,2.58,0.0
14.82,2026-06-26T02:59:12.326385,61102.469,88034.906,1.067,208.506,0.039,2.716,0.0
14.82,2026-06-26T02:59:12.326909,61102.469,88034.906,0.747,208.508,0.039,2.639,0.0
14.821,2026-06-26T02:59:12.327392,61102.469,88034.906,0.523,208.509,0.039,3.174,0.0
14.821,2026-06-26T02:59:12.327812,61102.469,88034.906,0.366,208.51,0.039,3.198,0.0
14.822,2026-06-26T02:59:12.328401,61102.469,88034.906,0.256,208.512,0.039,2.289,0.0
14.822,2026-06-26T02:59:12.328880,61102.469,88034.906,0.179,208.513,0.039,2.78,0.0
14.83,2026-06-26T02:59:12.336630,61210.168,88142.414,12.941,208.542,0.039,3.792,0.0
14.83,2026-06-26T02:59:12.336850,61210.168,88142.414,9.058,208.543,0.039,3.645,0.0
14.83,2026-06-26T02:59:12.336983,61210.168,88142.414,6.341,208.543,0.039,3.839,0.0
14.83,2026-06-26T02:59:12.337101,61210.168,88142.414,34.439,208.544,0.039,3.91,0.0
14.83,2026-06-26T02:59:12.337240,61210.168,88142.414,24.107,208.544,0.039,3.896,0.0
14.831,2026-06-26T02:59:12.337367,61210.168,88142.414,16.875,208.545,0.039,3.977,0.0
14.84,2026-06-26T02:59:12.346276,61210.168,88142.414,19.9,208.546,0.039,0.211,0.018
14.891,2026-06-26T02:59:12.398234,61264.727,88191.293,23.717,208.801,0.039,4.894,0.0
14.991,2026-06-26T02:59:12.497717,61567.121,88530.184,27.698,209.13,0.039,3.313,0.003
15.041,2026-06-26T02:59:12.548079,61447.273,88433.43,25.983,209.131,0.04,0.01,0.027
15.14,2026-06-26T02:59:12.646537,61660.191,88578.566,31.773,209.46,0.04,3.354,0.0
15.19,2026-06-26T02:59:12.696893,62681.977,89570.262,35.924,209.461,0.04,0.01,0.0
15.28,2026-06-26T02:59:12.786955,62755.625,90032.516,32.579,209.79,0.04,3.672,0.0
15.331,2026-06-26T02:59:12.837302,63532.746,96966.266,35.512,209.791,0.04,0.01,0.0
15.435,2026-06-26T02:59:12.941789,65845.41,96966.266,39.954,210.121,0.04,3.161,0.0
15.539,2026-06-26T02:59:13.046096,68128.098,96966.266,42.951,210.45,0.04,3.159,0.0
15.634,2026-06-26T02:59:13.140366,70074.191,96966.266,44.144,210.78,0.04,3.499,0.0
15.684,2026-06-26T02:59:13.190797,70910.551,104362.27,41.088,210.78,0.04,0.01,0.0
15.783,2026-06-26T02:59:13.289869,73587.5,104362.27,43.669,211.11,0.04,3.337,0.0
15.833,2026-06-26T02:59:13.340270,74911.133,104362.27,45.456,211.11,0.04,0.01,0.0
15.934,2026-06-26T02:59:13.440390,77513.688,104362.27,46.727,211.44,0.04,3.299,0.0
15.984,2026-06-26T02:59:13.490798,77096.543,104362.27,36.006,211.441,0.04,0.01,0.0
16.074,2026-06-26T02:59:13.580312,76083.992,104362.27,25.545,211.77,0.04,3.688,0.0
16.124,2026-06-26T02:59:13.630657,75511.992,104362.27,18.114,211.771,0.04,0.01,0.0
16.22,2026-06-26T02:59:13.726397,74444.746,104362.27,13.022,212.1,0.04,3.448,0.0
16.27,2026-06-26T02:59:13.776764,73875.992,104362.27,9.348,212.101,0.04,0.01,0.0
16.36,2026-06-26T02:59:13.866358,72853.668,104362.27,6.884,212.43,0.04,3.685,0.0
16.41,2026-06-26T02:59:13.916700,72277.992,104362.27,5.051,212.431,0.04,0.01,0.0
16.5,2026-06-26T02:59:14.006508,71181.992,104362.27,3.875,212.76,0.04,3.676,0.0
16.55,2026-06-26T02:59:14.056859,70587.992,104362.27,2.945,212.761,0.04,0.01,0.0
16.65,2026-06-26T02:59:14.157089,71715.699,104362.27,10.764,213.091,0.04,3.292,0.0
16.754,2026-06-26T02:59:14.260500,74451.84,104362.27,22.493,213.42,0.04,3.187,0.0
16.855,2026-06-26T02:59:14.361622,77063.914,104362.27,30.601,213.751,0.04,3.268,0.0
16.945,2026-06-26T02:59:14.451419,76859.988,104362.27,26.435,214.081,0.04,3.685,0.0
16.995,2026-06-26T02:59:14.501776,76263.121,104362.27,18.783,214.082,0.04,0.01,0.0
17.085,2026-06-26T02:59:14.591333,75240.285,104362.27,13.462,214.412,0.04,3.697,0.0
17.135,2026-06-26T02:59:14.641684,74659.988,104362.27,9.656,214.413,0.04,0.01,0.0
17.224,2026-06-26T02:59:14.731170,73611.324,104362.27,7.126,214.743,0.04,3.699,0.0
17.275,2026-06-26T02:59:14.781534,73043.082,104362.27,5.221,214.744,0.04,0.01,0.0
17.372,2026-06-26T02:59:14.878476,71906.598,104362.27,3.969,215.074,0.04,3.415,0.0
17.422,2026-06-26T02:59:14.928823,71329.988,104362.27,3.011,215.075,0.04,0.01,0.0
17.512,2026-06-26T02:59:15.018662,70277.637,104362.27,2.473,215.405,0.04,3.686,0.0
17.562,2026-06-26T02:59:15.069015,71090.273,104362.27,11.745,215.406,0.04,0.01,0.0
17.663,2026-06-26T02:59:15.169802,73770.125,104362.27,23.221,215.736,0.04,3.287,0.0
17.764,2026-06-26T02:59:15.270441,76356.469,104362.27,31.182,216.067,0.04,3.284,0.0
17.88,2026-06-26T02:59:15.386942,77617.734,104410.648,36.913,216.397,0.04,2.828,0.0
17.981,2026-06-26T02:59:15.487328,77496.551,104459.027,38.665,216.726,0.04,3.287,0.0
18.076,2026-06-26T02:59:15.582834,76456.477,103418.953,27.384,217.056,0.04,3.451,0.0
18.126,2026-06-26T02:59:15.633188,75926.117,103418.953,19.401,217.056,0.04,0.01,0.0
18.216,2026-06-26T02:59:15.722815,74888.863,103418.953,13.947,217.386,0.04,3.683,0.0
18.266,2026-06-26T02:59:15.773185,74297.156,103418.953,9.995,217.386,0.04,0.01,0.0
18.356,2026-06-26T02:59:15.862648,73264.863,103418.953,7.312,217.716,0.04,3.689,0.0
18.406,2026-06-26T02:59:15.912994,72668.195,103418.953,5.397,217.716,0.04,0.01,0.0
18.496,2026-06-26T02:59:16.002813,71624.863,103418.953,4.091,218.046,0.04,3.676,0.0
18.546,2026-06-26T02:59:16.053185,71039.234,103418.953,3.143,218.046,0.04,0.01,0.0
18.636,2026-06-26T02:59:16.142694,69978.516,103418.953,2.541,218.376,0.04,3.688,0.0
18.686,2026-06-26T02:59:16.193050,69372.391,103418.953,2.01,218.376,0.04,0.01,0.0
18.796,2026-06-26T02:59:16.302782,69708.309,96481.184,13.459,218.706,0.04,3.005,0.0
18.903,2026-06-26T02:59:16.409958,69956.195,96771.449,23.711,219.036,0.04,3.079,0.0
19.012,2026-06-26T02:59:16.519187,71213.855,98389.344,29.705,219.365,0.04,3.017,0.0
19.11,2026-06-26T02:59:16.616274,71436.57,105207.527,28.156,219.695,0.04,3.394,0.0
19.16,2026-06-26T02:59:16.666712,72413.328,105207.527,34.582,219.695,0.04,0.01,0.0
19.265,2026-06-26T02:59:16.771341,74679.012,105207.527,39.322,220.025,0.04,3.155,0.0
19.369,2026-06-26T02:59:16.875884,76948.625,105207.527,42.349,220.355,0.04,3.156,0.0
19.465,2026-06-26T02:59:16.971363,78602.543,112603.531,41.353,220.684,0.04,3.452,0.0
19.515,2026-06-26T02:59:17.021815,79983.887,112603.531,44.051,220.685,0.04,0.01,0.0
19.616,2026-06-26T02:59:17.122395,82651.227,112603.531,45.769,221.014,0.04,3.285,0.0
19.715,2026-06-26T02:59:17.222230,85256.195,112603.531,46.946,221.344,0.04,3.302,0.0
19.766,2026-06-26T02:59:17.272665,85527.594,112603.531,41.727,221.345,0.04,0.01,0.0
19.862,2026-06-26T02:59:17.368468,84501.621,112603.531,29.576,221.674,0.04,3.447,0.0
19.912,2026-06-26T02:59:17.418811,83936.516,112603.531,20.936,221.675,0.04,0.01,0.0
20.001,2026-06-26T02:59:17.507990,82933.621,112603.531,14.997,222.004,0.04,3.702,0.0
20.052,2026-06-26T02:59:17.558350,82369.621,112603.531,10.73,222.005,0.04,0.01,0.0
20.141,2026-06-26T02:59:17.647870,81360.484,112603.531,7.826,222.334,0.04,3.687,0.0
20.191,2026-06-26T02:59:17.698226,80792.242,112603.531,5.71,222.335,0.04,0.01,0.0
20.281,2026-06-26T02:59:17.787698,79777.621,112603.531,4.338,222.664,0.04,3.69,0.0
20.331,2026-06-26T02:59:17.838043,79201.164,112603.531,3.315,222.665,0.04,0.01,0.0
20.425,2026-06-26T02:59:17.931635,78915.363,112603.531,5.403,222.995,0.04,3.526,0.0
20.475,2026-06-26T02:59:17.982057,80281.305,112603.531,18.887,222.995,0.04,0.01,0.0
20.576,2026-06-26T02:59:18.082352,82913.594,112603.531,28.178,223.325,0.04,3.295,0.0
20.676,2026-06-26T02:59:18.182718,85506.582,112603.531,34.551,223.654,0.04,3.283,0.0
20.765,2026-06-26T02:59:18.272121,85035.117,112603.531,28.356,223.984,0.04,3.69,0.0
20.816,2026-06-26T02:59:18.322481,84447.617,112603.531,20.081,223.985,0.04,0.01,0.0
20.905,2026-06-26T02:59:18.411956,83406.156,112603.531,14.398,224.314,0.04,3.69,0.0
20.956,2026-06-26T02:59:18.462299,82800.031,112603.531,10.357,224.315,0.04,0.01,0.0
21.053,2026-06-26T02:59:18.560027,81663.547,112603.531,7.586,224.644,0.04,3.379,0.0
21.104,2026-06-26T02:59:18.610391,81057.422,112603.531,5.542,224.645,0.04,0.01,0.0
21.193,2026-06-26T02:59:18.699855,80007.617,112603.531,4.221,224.974,0.04,3.691,0.0
21.243,2026-06-26T02:59:18.750209,79421.617,112603.531,3.187,224.975,0.04,0.01,0.0
21.333,2026-06-26T02:59:18.839638,78434.652,105207.527,2.572,225.305,0.04,3.692,0.0
21.383,2026-06-26T02:59:18.889988,79730.277,112603.531,16.173,225.305,0.04,0.01,0.0
21.484,2026-06-26T02:59:18.991087,82395.141,112603.531,26.342,225.635,0.04,3.268,0.0
21.585,2026-06-26T02:59:19.091712,84978.012,112603.531,33.232,225.964,0.04,3.276,0.0
21.701,2026-06-26T02:59:19.207414,85865.332,112651.91,38.333,226.294,0.04,2.849,0.0
21.801,2026-06-26T02:59:19.307877,85548.586,112700.289,37.452,226.624,0.04,3.293,0.0
21.851,2026-06-26T02:59:19.358242,84970.766,112122.469,26.449,226.625,0.04,0.01,0.0
21.941,2026-06-26T02:59:19.447559,83978.152,111660.215,18.856,226.956,0.04,3.707,0.0
21.991,2026-06-26T02:59:19.497911,83372.027,111660.215,13.431,226.956,0.04,0.01,0.0
22.087,2026-06-26T02:59:19.593643,82250.305,111660.215,9.745,227.287,0.04,3.459,0.0
22.137,2026-06-26T02:59:19.644006,81667.301,111660.215,7.054,227.287,0.04,0.01,0.0
22.227,2026-06-26T02:59:19.733547,80606.582,111660.215,5.278,227.618,0.04,3.699,0.0
22.277,2026-06-26T02:59:19.783901,80020.305,111660.215,3.927,227.618,0.04,0.01,0.0
22.367,2026-06-26T02:59:19.873311,78977.621,111660.215,3.09,227.949,0.04,3.704,0.0
22.417,2026-06-26T02:59:19.923660,78371.496,111660.215,2.395,227.949,0.04,0.01,0.0
22.509,2026-06-26T02:59:20.015474,77520.648,104312.59,3.363,228.28,0.04,3.604,0.0
22.559,2026-06-26T02:59:20.065878,77720.453,104493.328,17.093,228.28,0.04,0.01,0.0
22.668,2026-06-26T02:59:20.174872,78143.078,104915.953,26.605,228.611,0.04,3.037,0.0
22.769,2026-06-26T02:59:20.275800,79151.84,106052.785,31.655,228.941,0.04,3.276,0.0
22.86,2026-06-26T02:59:20.366746,79437.477,106515.039,30.717,229.271,0.04,3.626,0.0
22.91,2026-06-26T02:59:20.417095,79926.098,113448.789,32.399,229.271,0.04,0.01,0.0
23.014,2026-06-26T02:59:20.520679,82152.094,113448.789,37.725,229.601,0.04,3.189,0.0
23.117,2026-06-26T02:59:20.624096,84455.988,113448.789,41.41,229.93,0.04,3.188,0.0
23.212,2026-06-26T02:59:20.718738,86489.855,113448.789,43.033,230.26,0.04,3.484,0.0
23.262,2026-06-26T02:59:20.769105,87541.438,120844.793,42.659,230.261,0.04,0.01,0.0
23.362,2026-06-26T02:59:20.869095,90227.738,120844.793,44.923,230.59,0.04,3.301,0.0
23.413,2026-06-26T02:59:20.919525,91550.996,120844.793,46.064,230.591,0.04,0.01,0.0
23.512,2026-06-26T02:59:21.018736,94070.52,120844.793,47.098,230.92,0.04,3.329,0.0
23.562,2026-06-26T02:59:21.069096,93579.441,120844.793,35.57,230.921,0.04,0.01,0.0
23.651,2026-06-26T02:59:21.158265,92594.488,120844.793,25.241,231.25,0.04,3.703,0.0
23.702,2026-06-26T02:59:21.208609,92026.246,120844.793,17.901,231.251,0.04,0.01,0.0
23.791,2026-06-26T02:59:21.297559,91016.883,120844.793,12.874,231.58,0.04,3.711,0.0
23.841,2026-06-26T02:59:21.347908,90438.883,120844.793,9.244,231.581,0.04,0.01,0.0
23.93,2026-06-26T02:59:21.437107,89440.883,120844.793,6.813,231.911,0.04,3.702,0.0
23.981,2026-06-26T02:59:21.487455,88858.883,120844.793,5.001,231.911,0.04,0.01,0.0
24.076,2026-06-26T02:59:21.583130,87780.883,120844.793,3.868,232.241,0.04,3.45,0.0
24.127,2026-06-26T02:59:21.633499,87184.883,120844.793,2.94,232.241,0.04,0.01,0.0
24.226,2026-06-26T02:59:21.732714,87919.988,120844.793,9.22,232.571,0.04,3.326,0.0
24.276,2026-06-26T02:59:21.783131,89287.312,120844.793,21.517,232.571,0.04,0.01,0.0
24.377,2026-06-26T02:59:21.883776,91895.23,120844.793,29.94,232.901,0.04,3.282,0.0
24.476,2026-06-26T02:59:21.982543,93920.387,120844.793,34.893,233.231,0.04,3.34,0.0
24.526,2026-06-26T02:59:22.032897,93352.145,120844.793,24.657,233.231,0.04,0.01,0.0
24.615,2026-06-26T02:59:22.122042,92232.875,120844.793,17.629,233.561,0.04,3.705,0.0
24.666,2026-06-26T02:59:22.172411,91609.535,120844.793,12.572,233.561,0.04,0.01,0.0
24.755,2026-06-26T02:59:22.261678,90473.051,120844.793,9.116,233.891,0.04,3.7,0.0
24.805,2026-06-26T02:59:22.312030,89858.875,120844.793,6.614,233.891,0.04,0.01,0.0
24.895,2026-06-26T02:59:22.401718,88730.441,120844.793,4.97,234.221,0.04,3.684,0.0
24.945,2026-06-26T02:59:22.452066,88086.434,120844.793,3.711,234.222,0.04,0.01,0.0
25.042,2026-06-26T02:59:22.548902,86874.184,120844.793,2.961,234.552,0.04,3.411,0.0
25.092,2026-06-26T02:59:22.599257,87568.973,120844.793,11.951,234.552,0.04,0.01,0.0
25.194,2026-06-26T02:59:22.700363,90258.84,120844.793,23.454,234.882,0.04,3.269,0.0
25.294,2026-06-26T02:59:22.801012,92862.863,120844.793,31.321,235.212,0.04,3.277,0.0
25.409,2026-06-26T02:59:22.915698,94100.352,120893.172,36.879,235.541,0.04,2.873,0.0
25.509,2026-06-26T02:59:23.016243,93941.379,120941.551,38.53,235.871,0.04,3.286,0.0
25.599,2026-06-26T02:59:23.105620,92901.305,119901.477,27.312,236.201,0.04,3.691,0.0
25.649,2026-06-26T02:59:23.155966,92370.945,119901.477,19.351,236.202,0.04,0.01,0.0
25.739,2026-06-26T02:59:23.245745,91310.227,119901.477,13.885,236.531,0.04,3.681,0.0
25.789,2026-06-26T02:59:23.296098,90704.102,119901.477,9.952,236.532,0.04,0.01,0.0
25.879,2026-06-26T02:59:23.385850,89643.383,119901.477,7.306,236.862,0.04,3.681,0.0
25.929,2026-06-26T02:59:23.436208,89037.258,119901.477,5.347,236.862,0.04,0.01,0.0
26.026,2026-06-26T02:59:23.533046,87900.773,119901.477,4.082,237.192,0.04,3.411,0.0
26.077,2026-06-26T02:59:23.583414,87294.648,119901.477,3.089,237.192,0.04,0.01,0.0
26.166,2026-06-26T02:59:23.673182,86233.93,119901.477,2.502,237.522,0.04,3.681,0.0
26.217,2026-06-26T02:59:23.723530,85732.598,112505.473,1.984,237.523,0.04,0.01,0.0
26.326,2026-06-26T02:59:23.833147,86190.832,112963.707,16.065,237.853,0.04,3.012,0.0
26.432,2026-06-26T02:59:23.938379,86570.844,113350.73,25.255,238.182,0.04,3.134,0.0
26.532,2026-06-26T02:59:24.038672,87935.691,114871.867,30.601,238.512,0.04,3.288,0.0
26.634,2026-06-26T02:59:24.140600,88319.742,121690.051,29.63,238.842,0.04,3.236,0.0
26.74,2026-06-26T02:59:24.247256,90575.508,121690.051,35.899,239.172,0.04,3.096,0.0
26.845,2026-06-26T02:59:24.351941,92806.578,121690.051,39.975,239.503,0.04,3.16,0.0
26.939,2026-06-26T02:59:24.445535,94798.008,121690.051,41.885,239.834,0.04,3.537,0.0
26.989,2026-06-26T02:59:24.495904,95818.188,129086.055,41.108,239.834,0.04,0.01,0.0
27.089,2026-06-26T02:59:24.595994,98597.496,129086.055,43.73,240.165,0.04,3.309,0.0
27.14,2026-06-26T02:59:24.646436,99928.766,129086.055,45.089,240.166,0.04,0.01,0.0
27.238,2026-06-26T02:59:24.744657,102312.633,129086.055,45.944,240.496,0.04,3.374,0.0
27.288,2026-06-26T02:59:24.794999,101788.145,129086.055,34.02,240.497,0.04,0.01,0.0
27.377,2026-06-26T02:59:24.884124,100797.867,129086.055,24.13,240.828,0.04,3.716,0.0
27.428,2026-06-26T02:59:24.934487,100212.145,129086.055,17.123,240.828,0.04,0.01,0.0
27.524,2026-06-26T02:59:25.031213,99093.141,129086.055,12.35,241.159,0.04,3.425,0.0
27.575,2026-06-26T02:59:25.081573,98524.898,129086.055,8.877,241.159,0.04,0.01,0.0
27.664,2026-06-26T02:59:25.170820,97538.145,129086.055,6.556,241.49,0.04,3.712,0.0
27.714,2026-06-26T02:59:25.221174,96940.145,129086.055,4.821,241.491,0.04,0.01,0.0
27.804,2026-06-26T02:59:25.310507,95910.984,129086.055,3.69,241.82,0.04,3.698,0.0
27.854,2026-06-26T02:59:25.360859,95328.145,129086.055,2.815,241.821,0.04,0.01,0.0
27.954,2026-06-26T02:59:25.460766,96448.371,129086.055,10.373,242.151,0.04,3.304,0.0
28.004,2026-06-26T02:59:25.511189,97861.742,129086.055,22.37,242.151,0.04,0.01,0.0
28.105,2026-06-26T02:59:25.612001,100499.109,129086.055,30.464,242.481,0.04,3.278,0.0
28.2,2026-06-26T02:59:25.707090,102046.133,129086.055,33.309,242.811,0.04,3.471,0.0
28.251,2026-06-26T02:59:25.757456,101410.133,129086.055,23.549,242.811,0.04,0.01,0.0
28.34,2026-06-26T02:59:25.846712,100234.133,129086.055,16.8,243.141,0.04,3.702,0.0
28.39,2026-06-26T02:59:25.897066,99585.617,129086.055,12.038,243.141,0.04,0.01,0.0
28.488,2026-06-26T02:59:25.995077,98297.602,129086.055,8.762,243.471,0.04,3.37,0.0
28.539,2026-06-26T02:59:26.045435,97686.133,129086.055,6.366,243.472,0.04,0.01,0.0
28.628,2026-06-26T02:59:26.134736,96498.133,129086.055,4.771,243.802,0.04,3.699,0.0
28.678,2026-06-26T02:59:26.185095,95835.219,129086.055,3.619,243.802,0.04,0.01,0.0
28.772,2026-06-26T02:59:26.278566,95365.551,129086.055,5.394,244.132,0.04,3.532,0.0
28.822,2026-06-26T02:59:26.329028,96782.121,129086.055,18.921,244.132,0.04,0.01,0.0
28.923,2026-06-26T02:59:26.429775,99514.145,129086.055,28.085,244.462,0.04,3.281,0.0
29.023,2026-06-26T02:59:26.530156,102117.266,129086.055,34.394,244.792,0.04,3.286,0.0
29.133,2026-06-26T02:59:26.639728,102355.156,129134.434,38.836,245.122,0.04,3.01,0.0
29.223,2026-06-26T02:59:26.729650,101899.164,128720.559,35.633,245.452,0.04,3.67,0.0
29.273,2026-06-26T02:59:26.780028,101294.098,128142.738,25.175,245.452,0.04,0.01,0.0
29.372,2026-06-26T02:59:26.878964,100195.496,128142.738,17.955,245.782,0.04,3.342,0.0
29.423,2026-06-26T02:59:26.929321,99589.371,128142.738,12.8,245.782,0.04,0.01,0.0
29.512,2026-06-26T02:59:27.018477,98528.652,128142.738,9.302,246.112,0.04,3.709,0.0
29.562,2026-06-26T02:59:27.068830,97922.527,128142.738,6.744,246.113,0.04,0.01,0.0
29.651,2026-06-26T02:59:27.157855,96899.691,128142.738,5.063,246.442,0.04,3.711,0.0
29.701,2026-06-26T02:59:27.208194,96293.566,128142.738,3.777,246.443,0.04,0.01,0.0
29.791,2026-06-26T02:59:27.297439,95232.848,128142.738,2.959,246.773,0.04,3.701,0.0
29.841,2026-06-26T02:59:27.347814,94626.723,128142.738,2.349,246.773,0.04,0.01,0.0
29.945,2026-06-26T02:59:27.451655,94202.977,120975.852,7.772,247.103,0.04,3.186,0.0
30.037,2026-06-26T02:59:27.543686,94619.027,121398.477,19.778,247.433,0.04,3.584,0.0
30.087,2026-06-26T02:59:27.594062,94730.332,121543.613,28.617,247.433,0.04,0.01,0.0
30.18,2026-06-26T02:59:27.686591,95754.781,122535.309,32.987,247.763,0.04,3.57,0.0
30.23,2026-06-26T02:59:27.736938,96281.828,123113.129,36.339,247.764,0.04,0.01,0.0
30.32,2026-06-26T02:59:27.826562,96551.77,129931.312,32.451,248.094,0.04,3.686,0.0
30.37,2026-06-26T02:59:27.876911,97625.473,129931.312,37.827,248.094,0.04,0.01,0.0
30.459,2026-06-26T02:59:27.966004,99722.262,129931.312,41.353,248.424,0.04,3.708,0.0
30.51,2026-06-26T02:59:28.016351,100862.383,129931.312,43.636,248.424,0.04,0.01,0.0
30.598,2026-06-26T02:59:28.105263,102795.453,129931.312,44.554,248.754,0.04,3.715,0.0
30.649,2026-06-26T02:59:28.155610,103776.195,137327.316,42.577,248.755,0.04,0.01,0.0
30.738,2026-06-26T02:59:28.244400,106362.836,137327.316,44.969,249.085,0.04,3.72,0.0
30.788,2026-06-26T02:59:28.294739,107735.484,137327.316,45.942,249.085,0.04,0.01,0.0
30.875,2026-06-26T02:59:28.382237,110036.301,137327.316,46.634,249.415,0.04,3.774,0.0
30.926,2026-06-26T02:59:28.432581,110235.406,137327.316,40.487,249.415,0.04,0.01,0.0
31.029,2026-06-26T02:59:28.535879,109077.012,137327.316,28.704,249.745,0.04,3.201,0.0
31.118,2026-06-26T02:59:28.624359,108054.176,137327.316,20.437,250.075,0.04,3.728,0.0
31.168,2026-06-26T02:59:28.674712,107485.934,137327.316,14.538,250.076,0.04,0.01,0.0
31.265,2026-06-26T02:59:28.771725,106409.406,137327.316,10.516,250.405,0.04,3.408,0.0
31.315,2026-06-26T02:59:28.822100,105835.406,137327.316,7.639,250.406,0.04,0.01,0.0
31.404,2026-06-26T02:59:28.911134,104796.254,137327.316,5.664,250.736,0.04,3.713,0.0
31.455,2026-06-26T02:59:28.961515,104228.012,137327.316,4.197,250.736,0.04,0.01,0.0
31.546,2026-06-26T02:59:29.052537,103158.438,137327.316,3.299,251.066,0.04,3.637,0.0
31.596,2026-06-26T02:59:29.102941,104400.934,137327.316,15.043,251.066,0.04,0.01,0.0
31.687,2026-06-26T02:59:29.193910,107007.449,137327.316,25.481,251.396,0.04,3.639,0.0
31.738,2026-06-26T02:59:29.244282,108320.27,137327.316,32.292,251.397,0.04,0.01,0.0
31.827,2026-06-26T02:59:29.333563,110527.391,137327.316,36.949,251.728,0.04,3.71,0.0
31.877,2026-06-26T02:59:29.383894,109948.316,137327.316,27.445,251.728,0.04,0.01,0.0
31.966,2026-06-26T02:59:29.472428,108803.391,137327.316,19.53,252.059,0.04,3.742,0.0
32.016,2026-06-26T02:59:29.522775,108129.941,137327.316,13.903,252.059,0.04,0.01,0.0
32.105,2026-06-26T02:59:29.611854,106971.391,137327.316,10.101,252.39,0.04,3.723,0.0
32.155,2026-06-26T02:59:29.662210,106373.391,137327.316,7.303,252.391,0.04,0.01,0.0
32.244,2026-06-26T02:59:29.751209,105250.848,137327.316,5.455,252.721,0.04,3.726,0.0
32.295,2026-06-26T02:59:29.801550,104605.391,137327.316,4.051,252.722,0.04,0.01,0.0
32.392,2026-06-26T02:59:29.898320,103318.824,137327.316,3.175,253.053,0.04,3.423,0.0
32.442,2026-06-26T02:59:29.948679,104194.105,137327.316,12.755,253.053,0.04,0.01,0.0
32.533,2026-06-26T02:59:30.039566,106811.449,137327.316,24.088,253.384,0.04,3.649,0.0
32.583,2026-06-26T02:59:30.089955,108139.52,137327.316,31.397,253.384,0.04,0.01,0.0
32.672,2026-06-26T02:59:30.179238,110457.598,137327.316,36.353,253.715,0.04,3.712,0.0
32.723,2026-06-26T02:59:30.229596,110574.352,137375.695,39.699,253.716,0.04,0.01,0.0
32.813,2026-06-26T02:59:30.320217,110613.316,137424.074,41.853,254.045,0.04,3.65,0.0
32.864,2026-06-26T02:59:30.370566,110256.16,137424.074,35.757,254.046,0.04,0.01,0.0
32.953,2026-06-26T02:59:30.459558,109270.18,136384.0,25.346,254.376,0.04,3.713,0.0
33.003,2026-06-26T02:59:30.509927,108664.055,136384.0,17.974,254.376,0.04,0.01,0.0
33.092,2026-06-26T02:59:30.598833,107603.336,136384.0,12.925,254.706,0.04,3.72,0.0
33.142,2026-06-26T02:59:30.649203,106997.211,136384.0,9.279,254.707,0.04,0.01,0.0
33.232,2026-06-26T02:59:30.738276,105936.492,136384.0,6.838,255.036,0.04,3.714,0.0
33.282,2026-06-26T02:59:30.788602,105370.09,136384.0,5.019,255.037,0.04,0.01,0.0
33.372,2026-06-26T02:59:30.878957,104345.414,136384.0,3.851,255.367,0.04,3.656,0.0
33.423,2026-06-26T02:59:30.929324,103739.289,136384.0,2.928,255.367,0.04,0.01,0.0
33.521,2026-06-26T02:59:31.027571,102540.09,136384.0,2.408,255.697,0.04,3.362,0.0
33.571,2026-06-26T02:59:31.077927,102444.238,129217.113,7.958,255.697,0.04,0.01,0.0
33.661,2026-06-26T02:59:31.167363,102673.355,129446.23,19.893,256.027,0.04,3.695,0.0
33.711,2026-06-26T02:59:31.217716,102866.863,129639.738,27.956,256.028,0.04,0.01,0.0
33.831,2026-06-26T02:59:31.338229,104081.379,130892.137,33.228,256.358,0.04,2.74,0.0
33.936,2026-06-26T02:59:31.443024,104149.805,138172.574,30.106,256.687,0.04,3.149,0.0
34.025,2026-06-26T02:59:31.531354,106073.18,138172.574,36.144,257.017,0.04,3.734,0.0
34.075,2026-06-26T02:59:31.581715,107251.637,138172.574,40.22,257.018,0.04,0.01,0.0
34.164,2026-06-26T02:59:31.670874,109330.812,138172.574,42.676,257.347,0.04,3.706,0.0
34.214,2026-06-26T02:59:31.721223,110360.906,138172.574,43.721,257.348,0.04,0.01,0.0
34.313,2026-06-26T02:59:31.819973,112394.969,145568.578,42.435,257.678,0.04,3.345,0.0
34.364,2026-06-26T02:59:31.870334,113850.738,145568.578,44.901,257.678,0.04,0.01,0.0
34.469,2026-06-26T02:59:31.975965,116762.77,145568.578,46.152,258.008,0.04,3.127,0.0
34.555,2026-06-26T02:59:32.061719,118718.668,145568.578,46.603,258.338,0.04,3.847,0.0
34.605,2026-06-26T02:59:32.112033,118164.668,145568.578,32.855,258.338,0.04,0.01,0.0
34.693,2026-06-26T02:59:32.199442,117166.742,145568.578,23.347,258.668,0.04,3.78,0.0
34.743,2026-06-26T02:59:32.249796,116598.5,145568.578,16.575,258.669,0.04,0.01,0.0
34.856,2026-06-26T02:59:32.362380,115286.668,145568.578,11.957,258.999,0.04,2.936,0.0
34.944,2026-06-26T02:59:32.450650,114325.531,145568.578,8.715,259.328,0.04,3.737,0.0
34.994,2026-06-26T02:59:32.501002,113757.289,145568.578,6.333,259.329,0.04,0.01,0.0
35.083,2026-06-26T02:59:32.589825,112734.453,145568.578,4.776,259.659,0.04,3.72,0.0
35.133,2026-06-26T02:59:32.640191,112148.668,145568.578,3.576,259.659,0.04,0.01,0.0
35.228,2026-06-26T02:59:32.734657,112053.465,145568.578,6.377,259.989,0.04,3.497,0.0
35.278,2026-06-26T02:59:32.785025,113496.059,145568.578,19.56,259.989,0.04,0.01,0.0
35.384,2026-06-26T02:59:32.890741,116425.574,145568.578,28.559,260.319,0.04,3.125,0.0
35.472,2026-06-26T02:59:32.978847,118723.176,145568.578,34.356,260.649,0.04,3.743,0.0
35.522,2026-06-26T02:59:33.029202,118265.344,145568.578,27.535,260.65,0.04,0.01,0.0
35.611,2026-06-26T02:59:33.117583,117090.977,145568.578,19.593,260.979,0.04,3.738,0.0
35.661,2026-06-26T02:59:33.167924,116426.648,145568.578,13.948,260.98,0.04,0.01,0.0
35.767,2026-06-26T02:59:33.273902,115020.648,145568.578,10.14,261.31,0.04,3.117,0.0
35.855,2026-06-26T02:59:33.362254,113904.648,145568.578,7.442,261.64,0.04,3.733,0.0
35.906,2026-06-26T02:59:33.412612,113264.812,145568.578,5.442,261.64,0.04,0.01,0.0
35.995,2026-06-26T02:59:33.501821,112076.648,145568.578,4.125,261.97,0.04,3.704,0.0
36.045,2026-06-26T02:59:33.552192,111399.699,145568.578,3.166,261.97,0.04,0.01,0.0
36.135,2026-06-26T02:59:33.641400,113670.922,145568.578,15.654,262.3,0.04,3.704,0.0
36.185,2026-06-26T02:59:33.691762,115120.934,145568.578,25.829,262.301,0.04,0.01,0.0
36.274,2026-06-26T02:59:33.780633,117467.914,145568.578,32.677,262.631,0.04,3.718,0.0
36.324,2026-06-26T02:59:33.830990,118779.289,145568.578,37.185,262.631,0.04,0.01,0.0
36.413,2026-06-26T02:59:33.919920,118832.637,145616.957,40.723,262.961,0.04,3.715,0.0
36.464,2026-06-26T02:59:33.970281,118892.461,145665.336,41.977,262.961,0.04,0.01,0.0
36.552,2026-06-26T02:59:34.059263,118001.875,145087.516,32.469,263.291,0.04,3.714,0.0
36.603,2026-06-26T02:59:34.109622,117435.676,144625.262,22.961,263.292,0.04,0.01,0.0
36.692,2026-06-26T02:59:34.198830,116359.352,144625.262,16.388,263.622,0.04,3.704,0.0
36.742,2026-06-26T02:59:34.249181,115730.949,144625.262,11.704,263.622,0.04,0.01,0.0
36.841,2026-06-26T02:59:34.348097,114541.352,144625.262,8.549,263.953,0.04,3.348,0.0
36.892,2026-06-26T02:59:34.398469,113912.574,144625.262,6.216,263.953,0.04,0.01,0.0
36.981,2026-06-26T02:59:34.487295,112889.738,144625.262,4.695,264.284,0.04,3.731,0.0
37.031,2026-06-26T02:59:34.537643,112321.496,144625.262,3.518,264.285,0.04,0.01,0.0
37.12,2026-06-26T02:59:34.626699,111222.895,144625.262,2.806,264.615,0.04,3.727,0.0
37.17,2026-06-26T02:59:34.677049,110589.352,144625.262,2.196,264.616,0.04,0.01,0.0
37.262,2026-06-26T02:59:34.768483,110914.617,137687.492,12.977,264.947,0.04,3.622,0.0
37.312,2026-06-26T02:59:34.818876,110925.113,137735.871,23.529,264.947,0.04,0.01,0.0
37.406,2026-06-26T02:59:34.912299,111263.758,138074.516,30.206,265.278,0.04,3.547,0.0
37.456,2026-06-26T02:59:34.962666,112062.527,139017.832,34.015,265.278,0.04,0.01,0.0
37.562,2026-06-26T02:59:35.068459,112244.957,139017.832,31.148,265.609,0.04,3.13,0.0
37.666,2026-06-26T02:59:35.172318,114275.562,146413.836,36.45,265.94,0.04,3.185,0.0
37.753,2026-06-26T02:59:35.260259,116257.285,146413.836,40.495,266.271,0.04,3.762,0.0
37.804,2026-06-26T02:59:35.310598,117372.008,146413.836,42.479,266.271,0.04,0.01,0.0
37.893,2026-06-26T02:59:35.399331,119225.754,146413.836,43.27,266.601,0.04,3.723,0.0
37.943,2026-06-26T02:59:35.449688,120030.332,153809.84,39.911,266.601,0.04,0.01,0.0
38.031,2026-06-26T02:59:35.538025,122598.504,153809.84,43.099,266.931,0.04,3.739,0.0
38.082,2026-06-26T02:59:35.588380,124028.789,153809.84,45.044,266.932,0.04,0.01,0.0
38.169,2026-06-26T02:59:35.676009,126337.645,153809.84,45.827,267.262,0.04,3.77,0.0
38.22,2026-06-26T02:59:35.726342,126771.785,153809.84,42.16,267.262,0.04,0.01,0.0
38.324,2026-06-26T02:59:35.831127,125609.93,153809.84,29.87,267.592,0.04,3.153,0.0
38.412,2026-06-26T02:59:35.919250,124585.93,153809.84,21.255,267.922,0.04,3.743,0.0
38.463,2026-06-26T02:59:35.969621,124006.34,153809.84,15.111,267.922,0.04,0.01,0.0
38.561,2026-06-26T02:59:36.067635,122907.738,153809.84,10.913,268.252,0.04,3.373,0.0
38.611,2026-06-26T02:59:36.117990,122335.93,153809.84,7.871,268.253,0.04,0.01,0.0
38.7,2026-06-26T02:59:36.206761,121337.93,153809.84,5.853,268.582,0.04,3.723,0.0
38.75,2026-06-26T02:59:36.257106,120748.418,153809.84,4.33,268.583,0.04,0.01,0.0
38.84,2026-06-26T02:59:36.346844,119679.93,153809.84,3.371,268.913,0.04,3.683,0.0
38.892,2026-06-26T02:59:36.399222,120768.379,153809.84,13.595,268.913,0.04,0.01,0.0
38.985,2026-06-26T02:59:36.492116,123421.473,153809.84,24.658,269.243,0.04,3.562,0.0
39.036,2026-06-26T02:59:36.542488,124773.648,153809.84,31.718,269.244,0.04,0.01,0.0
39.125,2026-06-26T02:59:36.632099,127036.281,153809.84,36.624,269.573,0.04,3.687,0.0
39.176,2026-06-26T02:59:36.682462,126423.906,153809.84,27.54,269.574,0.04,0.01,0.0
39.265,2026-06-26T02:59:36.771806,125219.906,153809.84,19.619,269.904,0.04,3.701,0.0
39.315,2026-06-26T02:59:36.822198,124567.906,153809.84,13.966,269.904,0.04,0.01,0.0
39.405,2026-06-26T02:59:36.911577,123369.906,153809.84,10.117,270.234,0.04,3.699,0.0
39.455,2026-06-26T02:59:36.961923,122741.906,153809.84,7.315,270.235,0.04,0.01,0.0
39.545,2026-06-26T02:59:37.051315,121581.84,153809.84,5.461,270.564,0.04,3.696,0.0
39.595,2026-06-26T02:59:37.101666,120899.949,153809.84,4.055,270.565,0.04,0.01,0.0
39.684,2026-06-26T02:59:37.191095,119719.906,153809.84,3.18,270.895,0.04,3.695,0.0
39.735,2026-06-26T02:59:37.241460,120672.605,153809.84,12.911,270.895,0.04,0.01,0.0
39.824,2026-06-26T02:59:37.331216,123241.805,153809.84,24.197,271.225,0.04,3.682,0.0
39.875,2026-06-26T02:59:37.381575,124598.836,153809.84,31.441,271.226,0.04,0.01,0.0
39.964,2026-06-26T02:59:37.470968,126922.895,153809.84,36.335,271.556,0.04,3.696,0.0
40.015,2026-06-26T02:59:37.521325,127057.156,153858.219,40.349,271.556,0.04,0.01,0.0
40.106,2026-06-26T02:59:37.612636,127133.723,153906.598,42.22,271.886,0.04,3.619,0.0
40.156,2026-06-26T02:59:37.662987,126679.129,153906.598,35.035,271.886,0.04,0.01,0.0
40.255,2026-06-26T02:59:37.761908,125563.289,152866.523,24.88,272.216,0.04,3.341,0.0
40.306,2026-06-26T02:59:37.812284,124957.164,152866.523,17.648,272.217,0.04,0.01,0.0
40.395,2026-06-26T02:59:37.901752,123858.562,152866.523,12.695,272.547,0.04,3.694,0.0
40.445,2026-06-26T02:59:37.952100,123252.438,152866.523,9.119,272.547,0.04,0.01,0.0
40.535,2026-06-26T02:59:38.041527,122146.613,152866.523,6.698,272.877,0.04,3.695,0.0
40.585,2026-06-26T02:59:38.091888,121580.613,152866.523,4.921,272.877,0.04,0.01,0.0
40.674,2026-06-26T02:59:38.181271,120524.875,152866.523,3.812,273.207,0.04,3.701,0.0
40.725,2026-06-26T02:59:38.231632,119884.613,152866.523,2.901,273.208,0.04,0.01,0.0
40.814,2026-06-26T02:59:38.320930,118782.266,152866.523,2.346,273.538,0.04,3.701,0.0
40.865,2026-06-26T02:59:38.371283,118926.762,145699.637,11.587,273.538,0.04,0.01,0.0
40.956,2026-06-26T02:59:38.462848,119198.023,145977.133,22.201,273.868,0.04,3.609,0.0
41.006,2026-06-26T02:59:38.513203,119446.148,146219.02,30.136,273.868,0.04,0.01,0.0
41.099,2026-06-26T02:59:38.606055,120484.156,147259.094,34.505,274.198,0.04,3.564,0.0
41.15,2026-06-26T02:59:38.656408,120988.277,147836.914,36.89,274.199,0.04,0.01,0.0
41.239,2026-06-26T02:59:38.745973,121323.168,154655.098,32.894,274.529,0.04,3.688,0.0
41.29,2026-06-26T02:59:38.796335,122393.773,154655.098,38.177,274.529,0.04,0.01,0.0
41.379,2026-06-26T02:59:38.885768,124449.281,154655.098,41.7,274.859,0.04,3.695,0.0
41.429,2026-06-26T02:59:38.936099,125535.598,154655.098,43.602,274.859,0.04,0.01,0.0
41.519,2026-06-26T02:59:39.025315,127446.473,154655.098,44.222,275.189,0.04,3.703,0.0
41.569,2026-06-26T02:59:39.075654,128237.004,162051.102,40.344,275.19,0.04,0.01,0.0
41.658,2026-06-26T02:59:39.164664,130827.027,162051.102,43.396,275.52,0.04,3.712,0.0
41.708,2026-06-26T02:59:39.215000,132248.574,162051.102,45.348,275.52,0.04,0.01,0.0
41.796,2026-06-26T02:59:39.302852,134572.246,162051.102,46.032,275.851,0.04,3.771,0.0
41.846,2026-06-26T02:59:39.353160,135013.051,162051.102,42.504,275.851,0.04,0.01,0.0
41.956,2026-06-26T02:59:39.463079,133800.801,162051.102,30.116,276.182,0.04,3.012,0.0
42.044,2026-06-26T02:59:39.551246,132767.195,162051.102,21.4,276.513,0.04,3.751,0.0
42.095,2026-06-26T02:59:39.601585,132171.84,162051.102,15.212,276.513,0.04,0.01,0.0
42.184,2026-06-26T02:59:39.690499,131149.004,162051.102,10.992,276.844,0.04,3.727,0.0
42.234,2026-06-26T02:59:39.740859,130580.762,162051.102,7.927,276.845,0.04,0.01,0.0
42.323,2026-06-26T02:59:39.829838,129573.195,162051.102,5.891,277.175,0.04,3.727,0.0
42.373,2026-06-26T02:59:39.880184,128985.195,162051.102,4.357,277.176,0.04,0.01,0.0
42.462,2026-06-26T02:59:39.969256,127891.082,162051.102,3.392,277.506,0.04,3.719,0.0
42.513,2026-06-26T02:59:40.019619,129013.473,162051.102,14.081,277.507,0.04,0.01,0.0
42.602,2026-06-26T02:59:40.108779,131556.883,162051.102,24.934,277.838,0.04,3.717,0.0
42.652,2026-06-26T02:59:40.159129,132916.289,162051.102,32.234,277.838,0.04,0.01,0.0
42.741,2026-06-26T02:59:40.248213,135235.355,162051.102,36.942,278.169,0.04,3.719,0.0
42.792,2026-06-26T02:59:40.298556,134717.168,162051.102,29.067,278.169,0.04,0.01,0.0
42.88,2026-06-26T02:59:40.387176,133557.168,162051.102,20.718,278.499,0.04,3.728,0.0
42.931,2026-06-26T02:59:40.437528,132891.613,162051.102,14.735,278.5,0.04,0.01,0.0
43.042,2026-06-26T02:59:40.548714,131414.184,162051.102,10.652,278.83,0.04,2.971,0.0
43.13,2026-06-26T02:59:40.637253,130277.699,162051.102,7.8,279.159,0.04,3.725,0.0
43.181,2026-06-26T02:59:40.687603,129633.691,162051.102,5.692,279.16,0.04,0.01,0.0
43.27,2026-06-26T02:59:40.776576,128459.324,162051.102,4.354,279.49,0.04,3.714,0.0
43.32,2026-06-26T02:59:40.826918,127882.227,154655.098,3.28,279.49,0.04,0.01,0.0
43.409,2026-06-26T02:59:40.916229,130400.586,162051.102,17.189,279.82,0.04,3.7,0.0
43.46,2026-06-26T02:59:40.966580,131840.629,162051.102,26.908,279.821,0.04,0.01,0.0
43.549,2026-06-26T02:59:41.055682,134183.34,162051.102,33.34,280.15,0.04,3.708,0.0
43.599,2026-06-26T02:59:41.106032,135281.762,162099.48,37.743,280.151,0.04,0.01,0.0
43.688,2026-06-26T02:59:41.195117,135319.066,162099.48,41.114,280.481,0.04,3.709,0.0
43.739,2026-06-26T02:59:41.245481,135353.691,162147.859,42.535,280.481,0.04,0.01,0.0
43.828,2026-06-26T02:59:41.334525,134334.914,161570.039,30.854,280.811,0.04,3.711,0.0
43.878,2026-06-26T02:59:41.384913,133766.672,161107.785,21.83,280.812,0.04,0.01,0.0
43.967,2026-06-26T02:59:41.474164,132668.07,161107.785,15.623,281.141,0.04,3.711,0.0
44.018,2026-06-26T02:59:41.524529,132051.879,161107.785,11.168,281.142,0.04,0.01,0.0
44.107,2026-06-26T02:59:41.613392,130955.879,161107.785,8.161,281.472,0.04,3.719,0.0
44.157,2026-06-26T02:59:41.663753,130319.336,161107.785,5.945,281.472,0.04,0.01,0.0
44.246,2026-06-26T02:59:41.752782,129296.5,161107.785,4.53,281.802,0.04,3.715,0.0
44.296,2026-06-26T02:59:41.803152,128576.727,161107.785,3.403,281.803,0.04,0.01,0.0
44.385,2026-06-26T02:59:41.892203,127364.477,161107.785,2.698,282.132,0.04,3.711,0.0
44.436,2026-06-26T02:59:41.942546,126945.34,153760.16,3.609,282.133,0.04,0.01,0.0
44.545,2026-06-26T02:59:42.052092,127397.145,154170.016,17.038,282.463,0.04,3.004,0.0
44.657,2026-06-26T02:59:42.163610,127787.648,154922.535,25.213,282.792,0.04,2.968,0.0
44.746,2026-06-26T02:59:42.252735,129267.422,156078.176,31.508,283.122,0.04,3.701,0.0
44.796,2026-06-26T02:59:42.303216,128727.484,155500.355,23.258,283.123,0.04,0.01,0.0
44.9,2026-06-26T02:59:42.406618,130883.703,162896.359,31.292,283.453,0.04,3.199,0.0
44.988,2026-06-26T02:59:42.494614,133004.367,162896.359,36.82,283.782,0.04,3.748,0.0
45.038,2026-06-26T02:59:42.544958,134078.379,162896.359,40.142,283.783,0.04,0.01,0.0
45.127,2026-06-26T02:59:42.633567,135925.898,162896.359,40.832,284.113,0.04,3.728,0.0
45.177,2026-06-26T02:59:42.683914,136918.336,170292.363,39.226,284.113,0.04,0.01,0.0
45.266,2026-06-26T02:59:42.772385,139573.18,170292.363,42.52,284.443,0.04,3.735,0.0
45.316,2026-06-26T02:59:42.822702,140975.59,170292.363,44.235,284.444,0.04,0.01,0.0
45.418,2026-06-26T02:59:42.924929,143481.609,170292.363,45.049,284.773,0.04,3.23,0.0
45.511,2026-06-26T02:59:43.017486,142458.773,170292.363,32.421,285.103,0.04,3.563,0.0
45.561,2026-06-26T02:59:43.067818,141890.531,170292.363,22.973,285.104,0.04,0.01,0.0
45.65,2026-06-26T02:59:43.156482,140905.578,170292.363,16.425,285.433,0.04,3.729,0.0
45.7,2026-06-26T02:59:43.206824,140348.457,170292.363,11.73,285.434,0.04,0.01,0.0
45.789,2026-06-26T02:59:43.295583,139394.457,170292.363,8.528,285.764,0.04,3.723,0.0
45.839,2026-06-26T02:59:43.345924,138859.906,170292.363,6.202,285.764,0.04,0.01,0.0
45.928,2026-06-26T02:59:43.434724,137912.836,170292.363,4.711,286.094,0.04,3.721,0.0
45.978,2026-06-26T02:59:43.485064,137344.594,170292.363,3.53,286.095,0.04,0.01,0.0
46.067,2026-06-26T02:59:43.573860,136346.457,170292.363,2.788,286.424,0.04,3.721,0.0
46.117,2026-06-26T02:59:43.624219,136722.566,170292.363,8.078,286.425,0.04,0.01,0.0
46.207,2026-06-26T02:59:43.713625,139359.684,170292.363,20.725,286.755,0.04,3.7,0.0
46.257,2026-06-26T02:59:43.763982,140791.926,170292.363,29.425,286.755,0.04,0.01,0.0
46.346,2026-06-26T02:59:43.853010,143119.43,170292.363,34.668,287.085,0.04,3.712,0.0
46.397,2026-06-26T02:59:43.903385,143140.426,170292.363,30.906,287.086,0.04,0.01,0.0
46.485,2026-06-26T02:59:43.992007,142079.945,170292.363,21.952,287.416,0.04,3.731,0.0
46.536,2026-06-26T02:59:44.042355,141435.938,170292.363,15.599,287.416,0.04,0.01,0.0
46.634,2026-06-26T02:59:44.140718,140223.688,170292.363,11.277,287.746,0.04,3.359,0.0
46.684,2026-06-26T02:59:44.191065,139579.68,170292.363,8.126,287.746,0.04,0.01,0.0
46.774,2026-06-26T02:59:44.280291,138481.078,170292.363,6.004,288.076,0.04,3.703,0.0
46.824,2026-06-26T02:59:44.330636,137850.426,170292.363,4.435,288.077,0.04,0.01,0.0
46.913,2026-06-26T02:59:44.420020,136700.586,170292.363,3.446,288.407,0.04,3.706,0.0
46.964,2026-06-26T02:59:44.470378,136123.488,162896.359,2.644,288.408,0.04,0.01,0.0
47.053,2026-06-26T02:59:44.559698,138608.926,170292.363,16.303,288.739,0.04,3.713,0.0
47.103,2026-06-26T02:59:44.610061,140079.035,170292.363,26.557,288.739,0.04,0.01,0.0
47.192,2026-06-26T02:59:44.699051,142500.309,170292.363,33.168,289.07,0.04,3.723,0.0
47.243,2026-06-26T02:59:44.749401,143525.945,170340.742,37.17,289.07,0.04,0.01,0.0
47.332,2026-06-26T02:59:44.838516,143561.461,170340.742,40.518,289.401,0.04,3.716,0.0
47.382,2026-06-26T02:59:44.888870,143578.367,170389.121,41.932,289.402,0.04,0.01,0.0
47.471,2026-06-26T02:59:44.978099,142538.293,169349.047,30.192,289.732,0.04,3.702,0.0
47.522,2026-06-26T02:59:45.028766,141970.051,169349.047,21.366,289.733,0.04,0.01,0.0
47.611,2026-06-26T02:59:45.118045,140923.141,169349.047,15.271,290.064,0.04,3.711,0.0
47.662,2026-06-26T02:59:45.168398,140303.207,169349.047,10.922,290.064,0.04,0.01,0.0
47.751,2026-06-26T02:59:45.257657,139275.141,169349.047,8.014,290.395,0.04,3.712,0.0
47.801,2026-06-26T02:59:45.308006,138649.141,169349.047,5.842,290.395,0.04,0.01,0.0
47.898,2026-06-26T02:59:45.404922,137537.762,169349.047,4.428,290.725,0.04,3.409,0.0
47.949,2026-06-26T02:59:45.455281,136931.637,169349.047,3.332,290.726,0.04,0.01,0.0
48.038,2026-06-26T02:59:45.544392,135833.035,169349.047,2.675,291.056,0.04,3.707,0.0
48.088,2026-06-26T02:59:45.594743,135199.141,169349.047,2.104,291.056,0.04,0.01,0.0
48.196,2026-06-26T02:59:45.703003,135638.406,162411.277,14.376,291.386,0.04,3.047,0.0
48.303,2026-06-26T02:59:45.809599,135976.586,162749.922,23.504,291.716,0.04,3.096,0.0
48.402,2026-06-26T02:59:45.908558,137098.812,164319.438,29.17,292.046,0.04,3.333,0.0
48.452,2026-06-26T02:59:45.958999,137165.82,164203.871,27.099,292.046,0.04,0.01,0.0
48.555,2026-06-26T02:59:46.061830,138695.129,171137.621,31.265,292.376,0.04,3.212,0.0
48.65,2026-06-26T02:59:46.156455,140909.887,171137.621,37.022,292.706,0.04,3.486,0.0
48.7,2026-06-26T02:59:46.206836,142047.926,171137.621,39.995,292.706,0.04,0.01,0.0
48.789,2026-06-26T02:59:46.296206,143993.266,171137.621,41.356,293.036,0.04,3.697,0.0
48.84,2026-06-26T02:59:46.346556,144824.578,178533.625,38.338,293.037,0.04,0.01,0.0
48.93,2026-06-26T02:59:46.437010,147489.609,178533.625,42.031,293.366,0.04,3.651,0.0
48.981,2026-06-26T02:59:46.487391,148980.109,178533.625,44.331,293.367,0.04,0.01,0.0
49.07,2026-06-26T02:59:46.576739,151330.203,178533.625,45.214,293.697,0.04,3.7,0.0
49.12,2026-06-26T02:59:46.627070,151381.926,178533.625,38.661,293.697,0.04,0.01,0.0
49.208,2026-06-26T02:59:46.714592,150399.719,178533.625,27.411,294.027,0.04,3.777,0.0
49.258,2026-06-26T02:59:46.764920,149855.719,178533.625,19.42,294.027,0.04,0.01,0.0
49.364,2026-06-26T02:59:46.870787,148659.719,178533.625,13.949,294.357,0.04,3.12,0.0
49.459,2026-06-26T02:59:46.965799,147665.719,178533.625,10.109,294.687,0.04,3.471,0.0
49.509,2026-06-26T02:59:47.016156,147101.168,178533.625,7.309,294.688,0.04,0.01,0.0
49.598,2026-06-26T02:59:47.105069,146137.719,178533.625,5.433,295.017,0.04,3.715,0.0
49.649,2026-06-26T02:59:47.155423,145571.719,178533.625,4.035,295.018,0.04,0.01,0.0
49.737,2026-06-26T02:59:47.244094,144563.02,178533.625,3.169,295.348,0.04,3.727,0.0
49.788,2026-06-26T02:59:47.294451,145015.859,178533.625,8.907,295.348,0.04,0.01,0.0
49.878,2026-06-26T02:59:47.384809,147646.617,178533.625,21.295,295.678,0.04,3.657,0.0
49.928,2026-06-26T02:59:47.435210,149122.93,178533.625,30.033,295.679,0.04,0.01,0.0
50.018,2026-06-26T02:59:47.524326,151460.402,178533.625,35.271,296.008,0.04,3.711,0.0
50.068,2026-06-26T02:59:47.574670,151344.043,178533.625,30.361,296.009,0.04,0.01,0.0
50.156,2026-06-26T02:59:47.662913,150283.324,178533.625,21.598,296.339,0.04,3.744,0.0
50.206,2026-06-26T02:59:47.713261,149639.316,178533.625,15.351,296.339,0.04,0.01,0.0
50.295,2026-06-26T02:59:47.801795,148540.715,178533.625,11.064,296.669,0.04,3.732,0.0
50.345,2026-06-26T02:59:47.852152,147896.707,178533.625,7.977,296.67,0.04,0.01,0.0
50.441,2026-06-26T02:59:47.947666,146722.34,178533.625,5.952,296.999,0.04,3.458,0.0
50.491,2026-06-26T02:59:47.998016,146087.684,178533.625,4.399,297.0,0.04,0.01,0.0
50.58,2026-06-26T02:59:48.087239,144941.848,178533.625,3.395,297.33,0.04,3.704,0.0
50.631,2026-06-26T02:59:48.137581,144433.129,178533.625,3.166,297.33,0.04,0.01,0.0
50.721,2026-06-26T02:59:48.228193,147082.906,178533.625,17.411,297.66,0.04,3.645,0.0
50.772,2026-06-26T02:59:48.278593,148561.586,178533.625,27.042,297.66,0.04,0.01,0.0
50.861,2026-06-26T02:59:48.368128,150939.934,178533.625,33.395,297.99,0.04,3.691,0.0
50.912,2026-06-26T02:59:48.418476,151767.598,178582.004,36.81,297.991,0.04,0.01,0.0
51.002,2026-06-26T02:59:48.508552,151804.723,178582.004,40.22,298.321,0.04,3.667,0.0
51.052,2026-06-26T02:59:48.558909,151746.043,178630.383,41.212,298.321,0.04,0.01,0.0
51.141,2026-06-26T02:59:48.648100,150712.402,177590.309,29.216,298.651,0.04,3.704,0.0
51.192,2026-06-26T02:59:48.698455,150148.402,177590.309,20.684,298.651,0.04,0.01,0.0
51.281,2026-06-26T02:59:48.787590,149088.402,177590.309,14.795,298.981,0.04,3.706,0.0
51.331,2026-06-26T02:59:48.837927,148468.703,177590.309,10.589,298.982,0.04,0.01,0.0
51.427,2026-06-26T02:59:48.934064,147332.219,177590.309,7.754,299.311,0.04,3.436,0.0
51.478,2026-06-26T02:59:48.984425,146726.094,177590.309,5.66,299.312,0.04,0.01,0.0
51.567,2026-06-26T02:59:49.073582,145665.375,177590.309,4.304,299.642,0.04,3.706,0.0
51.617,2026-06-26T02:59:49.123937,145059.25,177590.309,3.245,299.642,0.04,0.01,0.0
51.707,2026-06-26T02:59:49.213459,143950.402,177590.309,2.638,299.973,0.04,3.698,0.0
51.757,2026-06-26T02:59:49.263797,143421.434,170194.305,2.079,299.973,0.04,0.01,0.0
51.861,2026-06-26T02:59:49.368147,143879.668,170652.539,15.683,300.304,0.04,3.174,0.0
51.955,2026-06-26T02:59:49.462090,144121.555,170894.426,24.46,300.635,0.04,3.516,0.0
52.006,2026-06-26T02:59:49.512597,144709.238,171520.625,30.308,300.635,0.04,0.01,0.0
52.094,2026-06-26T02:59:49.601270,145558.613,172445.133,32.832,300.966,0.04,3.738,0.0
52.145,2026-06-26T02:59:49.651595,145564.68,179378.883,28.143,300.966,0.04,0.01,0.0
52.235,2026-06-26T02:59:49.742270,147537.387,179378.883,34.882,301.297,0.04,3.652,0.0
52.286,2026-06-26T02:59:49.792672,148774.438,179378.883,39.319,301.298,0.04,0.01,0.0
52.376,2026-06-26T02:59:49.882357,150760.367,179378.883,41.888,301.628,0.04,3.697,0.0
52.426,2026-06-26T02:59:49.932705,151893.969,179378.883,42.286,301.629,0.04,0.01,0.0
52.531,2026-06-26T02:59:50.037728,154141.062,186774.887,41.526,301.96,0.04,3.154,0.0
52.621,2026-06-26T02:59:50.127411,156791.25,186774.887,44.225,302.29,0.04,3.687,0.0
52.671,2026-06-26T02:59:50.177789,158168.086,186774.887,45.315,302.291,0.04,0.01,0.0
52.76,2026-06-26T02:59:50.266391,159850.484,186774.887,44.67,302.622,0.04,3.74,0.0
52.81,2026-06-26T02:59:50.316702,159320.125,186774.887,31.501,302.622,0.04,0.01,0.0
52.898,2026-06-26T02:59:50.404547,158335.172,186774.887,22.371,302.952,0.04,3.76,0.0
52.948,2026-06-26T02:59:50.454896,157766.93,186774.887,15.892,302.952,0.04,0.01,0.0
53.061,2026-06-26T02:59:50.567341,156536.941,186774.887,11.479,303.282,0.04,2.941,0.0
53.149,2026-06-26T02:59:50.655738,155569.727,186774.887,8.38,303.612,0.04,3.731,0.0
53.199,2026-06-26T02:59:50.706108,155001.484,186774.887,6.098,303.612,0.04,0.01,0.0
53.288,2026-06-26T02:59:50.794920,154016.531,186774.887,4.612,303.942,0.04,3.724,0.0
53.339,2026-06-26T02:59:50.845277,153448.289,186774.887,3.461,303.943,0.04,0.01,0.0
53.428,2026-06-26T02:59:50.934413,152697.508,186774.887,3.239,304.273,0.04,3.706,0.0
53.478,2026-06-26T02:59:50.984786,154165.07,186774.887,17.121,304.273,0.04,0.01,0.0
53.569,2026-06-26T02:59:51.075530,156810.211,186774.887,27.164,304.603,0.04,3.642,0.0
53.619,2026-06-26T02:59:51.125944,158195.469,186774.887,33.718,304.603,0.04,0.01,0.0
53.708,2026-06-26T02:59:51.215068,159804.938,186774.887,36.033,304.933,0.04,3.711,0.0
53.759,2026-06-26T02:59:51.265439,159206.477,186774.887,25.502,304.934,0.04,0.01,0.0
53.847,2026-06-26T02:59:51.354115,158107.875,186774.887,18.142,305.263,0.04,3.729,0.0
53.898,2026-06-26T02:59:51.404454,157463.867,186774.887,12.978,305.264,0.04,0.01,0.0
53.987,2026-06-26T02:59:51.493382,156365.266,186774.887,9.428,305.594,0.04,3.721,0.0
54.037,2026-06-26T02:59:51.543750,155756.938,186774.887,6.832,305.594,0.04,0.01,0.0
54.126,2026-06-26T02:59:51.632699,154622.656,186774.887,5.125,305.924,0.04,3.721,0.0
54.176,2026-06-26T02:59:51.683046,153978.648,186774.887,3.82,305.925,0.04,0.01,0.0
54.271,2026-06-26T02:59:51.778072,152766.398,186774.887,2.995,306.254,0.04,3.477,0.0
54.322,2026-06-26T02:59:51.828434,153653.582,186774.887,12.827,306.255,0.04,0.01,0.0
54.412,2026-06-26T02:59:51.918632,156285.539,186774.887,24.065,306.585,0.04,3.663,0.0
54.462,2026-06-26T02:59:51.969017,157713.324,186774.887,31.846,306.585,0.04,0.01,0.0
54.551,2026-06-26T02:59:52.058126,159998.168,186774.887,36.326,306.915,0.04,3.709,0.0
54.602,2026-06-26T02:59:52.108493,160025.703,186823.266,40.232,306.916,0.04,0.01,0.0
54.693,2026-06-26T02:59:52.199709,160098.773,186871.645,41.801,307.245,0.04,3.626,0.0
54.743,2026-06-26T02:59:52.250065,159621.398,186409.391,33.907,307.246,0.04,0.01,0.0
54.832,2026-06-26T02:59:52.338776,158617.625,185831.57,24.079,307.576,0.04,3.725,0.0
54.882,2026-06-26T02:59:52.389181,158035.863,185831.57,17.087,307.576,0.04,0.01,0.0
54.971,2026-06-26T02:59:52.477907,156937.262,185831.57,12.278,307.906,0.04,3.726,0.0
55.021,2026-06-26T02:59:52.528254,156293.254,185831.57,8.827,307.906,0.04,0.01,0.0
55.11,2026-06-26T02:59:52.617114,155232.535,185831.57,6.522,308.236,0.04,3.718,0.0
55.161,2026-06-26T02:59:52.667462,154626.41,185831.57,4.798,308.237,0.04,0.01,0.0
55.257,2026-06-26T02:59:52.763760,153457.625,185831.57,3.7,308.567,0.04,3.43,0.0
55.307,2026-06-26T02:59:52.814111,152845.918,185831.57,2.822,308.567,0.04,0.01,0.0
55.396,2026-06-26T02:59:52.902686,151709.434,185831.57,2.32,308.897,0.04,3.73,0.0
55.446,2026-06-26T02:59:52.953029,151891.812,178664.684,13.424,308.897,0.04,0.01,0.0
55.538,2026-06-26T02:59:53.044531,152155.996,178942.18,23.345,309.227,0.04,3.611,0.0
55.588,2026-06-26T02:59:53.094950,152411.199,179232.445,30.904,309.228,0.04,0.01,0.0
55.703,2026-06-26T02:59:53.209840,153591.434,180801.961,34.556,309.558,0.04,2.874,0.0
55.811,2026-06-26T02:59:53.317516,154250.07,187620.145,32.92,309.887,0.04,3.064,0.0
55.901,2026-06-26T02:59:53.407957,156253.785,187620.145,38.075,310.217,0.04,3.647,0.0
55.952,2026-06-26T02:59:53.458340,157442.293,187620.145,41.625,310.218,0.04,0.01,0.0
56.041,2026-06-26T02:59:53.548018,159358.789,187620.145,43.071,310.547,0.04,3.692,0.0
56.092,2026-06-26T02:59:53.598366,160480.105,187620.145,42.977,310.548,0.04,0.01,0.0
56.18,2026-06-26T02:59:53.687047,162455.227,195016.148,42.358,310.878,0.04,3.725,0.0
56.231,2026-06-26T02:59:53.737393,163952.781,195016.148,44.529,310.878,0.04,0.01,0.0
56.319,2026-06-26T02:59:53.825486,166415.031,195016.148,45.843,311.208,0.04,3.75,0.0
56.369,2026-06-26T02:59:53.875800,167741.184,195016.148,46.09,311.209,0.04,0.01,0.0
56.473,2026-06-26T02:59:53.980213,167296.207,195016.148,36.329,311.538,0.04,3.163,0.0
56.569,2026-06-26T02:59:54.075747,166235.488,195016.148,25.774,311.868,0.04,3.452,0.0
56.619,2026-06-26T02:59:54.126085,165667.246,195016.148,18.274,311.869,0.04,0.01,0.0
56.708,2026-06-26T02:59:54.215258,164682.293,195016.148,13.16,312.199,0.04,3.713,0.0
56.759,2026-06-26T02:59:54.265614,164136.203,195016.148,9.444,312.2,0.04,0.01,0.0
56.848,2026-06-26T02:59:54.354959,163166.98,195016.148,6.926,312.53,0.04,3.711,0.0
56.899,2026-06-26T02:59:54.405335,162598.738,195016.148,5.081,312.531,0.04,0.01,0.0
56.987,2026-06-26T02:59:54.494203,161575.902,195016.148,3.9,312.862,0.04,3.729,0.0
57.038,2026-06-26T02:59:54.544550,161007.66,195016.148,2.962,312.862,0.04,0.01,0.0
57.128,2026-06-26T02:59:54.635084,162789.59,195016.148,13.317,313.193,0.04,3.658,0.0
57.179,2026-06-26T02:59:54.685491,164265.023,195016.148,24.124,313.193,0.04,0.01,0.0
57.268,2026-06-26T02:59:54.774959,166748.637,195016.148,31.576,313.524,0.04,3.706,0.0
57.319,2026-06-26T02:59:54.825326,168066.398,195016.148,36.323,313.525,0.04,0.01,0.0
57.407,2026-06-26T02:59:54.913734,167344.195,195016.148,28.425,313.855,0.04,3.748,0.0
57.457,2026-06-26T02:59:54.964069,166727.965,195016.148,20.13,313.856,0.04,0.01,0.0
57.546,2026-06-26T02:59:55.052836,165591.48,195016.148,14.434,314.187,0.04,3.733,0.0
57.596,2026-06-26T02:59:55.103199,164985.355,195016.148,10.336,314.187,0.04,0.01,0.0
57.692,2026-06-26T02:59:55.198330,163808.195,195016.148,7.581,314.518,0.04,3.482,0.0
57.742,2026-06-26T02:59:55.248709,163166.98,195016.148,5.538,314.518,0.04,0.01,0.0
57.831,2026-06-26T02:59:55.337642,162030.496,195016.148,4.22,314.848,0.04,3.722,0.0
57.881,2026-06-26T02:59:55.387991,161386.488,195016.148,3.186,314.849,0.04,0.01,0.0
57.971,2026-06-26T02:59:55.477959,161899.305,195016.148,8.438,315.178,0.04,3.674,0.0
58.022,2026-06-26T02:59:55.528360,163368.625,195016.148,21.039,315.179,0.04,0.01,0.0
58.112,2026-06-26T02:59:55.618882,165960.246,195016.148,29.683,315.509,0.04,3.651,0.0
58.162,2026-06-26T02:59:55.669241,167272.043,195016.148,35.004,315.509,0.04,0.01,0.0
58.253,2026-06-26T02:59:55.759514,168267.168,195064.527,38.998,315.839,0.04,3.658,0.0
58.303,2026-06-26T02:59:55.809907,168286.352,195064.527,41.275,315.839,0.04,0.01,0.0
58.392,2026-06-26T02:59:55.898777,167857.801,194650.652,37.262,316.169,0.04,3.719,0.0
58.442,2026-06-26T02:59:55.949153,167248.887,194072.832,26.315,316.17,0.04,0.01,0.0
58.531,2026-06-26T02:59:56.037918,166201.359,194072.832,18.764,316.5,0.04,3.725,0.0
58.581,2026-06-26T02:59:56.088258,165576.887,194072.832,13.368,316.5,0.04,0.01,0.0
58.679,2026-06-26T02:59:56.185332,164348.887,194072.832,9.72,316.83,0.04,3.404,0.0
58.729,2026-06-26T02:59:56.235687,163776.859,194072.832,7.036,316.83,0.04,0.01,0.0
58.818,2026-06-26T02:59:56.324403,162692.887,194072.832,5.243,317.16,0.04,3.724,0.0
58.868,2026-06-26T02:59:56.374745,162102.887,194072.832,3.902,317.161,0.04,0.01,0.0
58.957,2026-06-26T02:59:56.463477,160973.531,194072.832,3.075,317.49,0.04,3.724,0.0
59.007,2026-06-26T02:59:56.513820,160329.523,194072.832,2.385,317.491,0.04,0.01,0.0
59.111,2026-06-26T02:59:56.617548,160133.074,186905.945,10.123,317.821,0.04,3.154,0.0
59.211,2026-06-26T02:59:56.718258,160555.699,187328.57,21.382,318.15,0.04,3.306,0.0
59.262,2026-06-26T02:59:56.768620,160720.062,187522.086,28.306,318.151,0.04,0.01,0.0
59.372,2026-06-26T02:59:56.879034,162079.02,188927.656,32.027,318.481,0.04,2.991,0.0
59.462,2026-06-26T02:59:56.968956,162811.125,195861.406,31.905,318.811,0.04,3.666,0.0
59.513,2026-06-26T02:59:57.019360,163939.941,195861.406,37.462,318.811,0.04,0.01,0.0
59.603,2026-06-26T02:59:57.109542,166055.137,195861.406,41.107,319.141,0.04,3.666,0.0
59.653,2026-06-26T02:59:57.159907,167166.32,195861.406,42.859,319.141,0.04,0.01,0.0
59.742,2026-06-26T02:59:57.248431,169044.254,195861.406,42.588,319.471,0.04,3.732,0.0
59.792,2026-06-26T02:59:57.298773,170032.195,203257.41,41.056,319.472,0.04,0.01,0.0
59.882,2026-06-26T02:59:57.388748,172688.422,203257.41,43.862,319.801,0.04,3.672,0.0
59.932,2026-06-26T02:59:57.439114,174134.441,203257.41,45.668,319.802,0.04,0.01,0.0
60.021,2026-06-26T02:59:57.527937,176473.543,203257.41,45.967,320.132,0.04,3.717,0.0
60.071,2026-06-26T02:59:57.578233,175941.465,203257.41,34.969,320.132,0.04,0.01,0.0
60.159,2026-06-26T02:59:57.665335,174931.344,203257.41,24.828,320.462,0.04,3.788,0.0
60.209,2026-06-26T02:59:57.715696,174363.102,203257.41,17.612,320.462,0.04,0.01,0.0
60.32,2026-06-26T02:59:57.826434,173150.852,203257.41,12.689,320.792,0.04,2.984,0.0
60.408,2026-06-26T02:59:57.914638,172185.465,203257.41,9.201,321.121,0.04,3.736,0.0
60.458,2026-06-26T02:59:57.964998,171623.465,203257.41,6.719,321.122,0.04,0.01,0.0
60.547,2026-06-26T02:59:58.053808,170650.586,203257.41,5.021,321.451,0.04,3.721,0.0
60.597,2026-06-26T02:59:58.104183,170077.465,203257.41,3.746,321.452,0.04,0.01,0.0
60.686,2026-06-26T02:59:58.193052,169088.535,195861.406,2.966,321.781,0.04,3.717,0.0
60.737,2026-06-26T02:59:58.243410,170317.07,203257.41,14.566,321.782,0.04,0.01,0.0
60.827,2026-06-26T02:59:58.334005,172964.207,203257.41,25.374,322.111,0.04,3.647,0.0
60.878,2026-06-26T02:59:58.384404,174379.836,203257.41,32.344,322.112,0.04,0.01,0.0
60.967,2026-06-26T02:59:58.473499,176408.773,203257.41,36.782,322.442,0.04,3.708,0.0
61.017,2026-06-26T02:59:58.523853,175802.648,203257.41,26.165,322.442,0.04,0.01,0.0
61.106,2026-06-26T02:59:58.612438,174666.164,203257.41,18.66,322.772,0.04,3.732,0.0
61.156,2026-06-26T02:59:58.662802,174009.453,203257.41,13.294,322.772,0.04,0.01,0.0
61.245,2026-06-26T02:59:58.751632,172881.453,203257.41,9.623,323.102,0.04,3.722,0.0
61.295,2026-06-26T02:59:58.801989,172241.664,203257.41,6.968,323.103,0.04,0.01,0.0
61.406,2026-06-26T02:59:58.912732,170802.117,203257.41,5.259,323.432,0.04,2.984,0.0
61.494,2026-06-26T02:59:59.000966,169627.75,203257.41,4.026,323.762,0.04,3.737,0.0
61.545,2026-06-26T02:59:59.051344,169088.535,195861.406,3.05,323.763,0.04,0.01,0.0
61.635,2026-06-26T02:59:59.141546,171648.145,203257.41,16.787,324.093,0.04,3.664,0.0
61.685,2026-06-26T02:59:59.191965,173122.691,203257.41,26.898,324.093,0.04,0.01,0.0
61.775,2026-06-26T02:59:59.281757,175537.027,203257.41,33.19,324.423,0.04,3.687,0.0
61.825,2026-06-26T02:59:59.332075,176491.195,203305.789,37.423,324.423,0.04,0.01,0.0
61.915,2026-06-26T02:59:59.421579,176527.289,203305.789,40.633,324.754,0.04,3.699,0.0
61.965,2026-06-26T02:59:59.471960,176543.414,203354.168,41.979,324.755,0.04,0.01,0.0
62.055,2026-06-26T02:59:59.561323,175434.148,202314.094,30.252,325.085,0.04,3.714,0.0
62.105,2026-06-26T02:59:59.611674,174859.332,202314.094,21.409,325.086,0.04,0.01,0.0
62.194,2026-06-26T02:59:59.700785,173730.148,202314.094,15.329,325.416,0.04,3.717,0.0
62.244,2026-06-26T02:59:59.751153,173096.148,202314.094,10.962,325.417,0.04,0.01,0.0
62.334,2026-06-26T02:59:59.840319,172018.121,202314.094,8.016,325.748,0.04,3.716,0.0
62.384,2026-06-26T02:59:59.890690,171411.996,202314.094,5.843,325.748,0.04,0.01,0.0
62.48,2026-06-26T02:59:59.986775,170237.629,202314.094,4.456,326.079,0.04,3.453,0.0
62.53,2026-06-26T03:00:00.037133,169593.621,202314.094,3.352,326.079,0.04,0.01,0.0
62.62,2026-06-26T03:00:00.126314,168457.137,202314.094,2.688,326.41,0.04,3.718,0.0
62.67,2026-06-26T03:00:00.176653,168342.016,195147.207,6.298,326.411,0.04,0.01,0.0
62.76,2026-06-26T03:00:00.267247,168603.453,195376.324,18.829,326.741,0.04,3.656,0.0
62.811,2026-06-26T03:00:00.317629,168796.961,195569.832,27.065,326.742,0.04,0.01,0.0
62.92,2026-06-26T03:00:00.426596,170008.723,196822.23,32.637,327.072,0.04,3.031,0.0
63.032,2026-06-26T03:00:00.538566,170424.934,204102.668,31.323,327.401,0.04,2.945,0.0
63.123,2026-06-26T03:00:00.629562,172391.887,204102.668,37.044,327.731,0.04,3.624,0.0
63.173,2026-06-26T03:00:00.679967,173611.254,204102.668,41.056,327.732,0.04,0.01,0.0
63.263,2026-06-26T03:00:00.769743,175583.875,204102.668,42.936,328.062,0.04,3.684,0.0
63.313,2026-06-26T03:00:00.820085,176651.496,204102.668,43.3,328.062,0.04,0.01,0.0
63.403,2026-06-26T03:00:00.910130,178541.02,211498.672,42.162,328.392,0.04,3.668,0.0
63.454,2026-06-26T03:00:00.960521,180030.043,211498.672,44.378,328.392,0.04,0.01,0.0
63.544,2026-06-26T03:00:01.050633,182629.543,211498.672,45.981,328.722,0.04,3.666,0.0
63.594,2026-06-26T03:00:01.100991,183961.766,211498.672,46.454,328.723,0.04,0.01,0.0
63.683,2026-06-26T03:00:01.189274,184081.793,211498.672,38.524,329.052,0.04,3.743,0.0
63.733,2026-06-26T03:00:01.239596,183475.668,211498.672,27.199,329.053,0.04,0.01,0.0
63.847,2026-06-26T03:00:01.353422,182149.77,211498.672,19.41,329.383,0.04,2.901,0.0
63.935,2026-06-26T03:00:01.442145,181150.727,211498.672,13.93,329.713,0.04,3.718,0.0
63.986,2026-06-26T03:00:01.492497,180596.574,211498.672,9.984,329.713,0.04,0.01,0.0
64.075,2026-06-26T03:00:01.581608,179590.727,211498.672,7.331,330.043,0.04,3.708,0.0
64.125,2026-06-26T03:00:01.631969,179005.496,211498.672,5.364,330.043,0.04,0.01,0.0
64.214,2026-06-26T03:00:01.721218,177944.777,211498.672,4.096,330.373,0.04,3.705,0.0
64.265,2026-06-26T03:00:01.771573,177338.652,211498.672,3.1,330.374,0.04,0.01,0.0
64.356,2026-06-26T03:00:01.862321,179698.367,211498.672,15.66,330.704,0.04,3.639,0.0
64.406,2026-06-26T03:00:01.912741,181177.297,211498.672,25.85,330.704,0.04,0.01,0.0
64.496,2026-06-26T03:00:02.002461,183614.414,211498.672,32.692,331.034,0.04,3.686,0.0
64.546,2026-06-26T03:00:02.052820,184650.035,211498.672,36.782,331.034,0.04,0.01,0.0
64.635,2026-06-26T03:00:02.141693,183551.434,211498.672,26.222,331.364,0.04,3.719,0.0
64.685,2026-06-26T03:00:02.192040,182869.543,211498.672,18.634,331.365,0.04,0.01,0.0
64.774,2026-06-26T03:00:02.281265,181664.711,211498.672,13.36,331.695,0.04,3.704,0.0
64.825,2026-06-26T03:00:02.331635,181040.711,211498.672,9.584,331.695,0.04,0.01,0.0
64.92,2026-06-26T03:00:02.427192,179788.711,211498.672,7.077,332.025,0.04,3.46,0.0
64.971,2026-06-26T03:00:02.477568,179119.145,211498.672,5.186,332.025,0.04,0.01,0.0
65.061,2026-06-26T03:00:02.567519,177906.895,211498.672,3.969,332.355,0.04,3.68,0.0
65.111,2026-06-26T03:00:02.617857,177329.797,204102.668,3.011,332.356,0.04,0.01,0.0
65.202,2026-06-26T03:00:02.708456,179862.34,211498.672,16.552,332.686,0.04,3.645,0.0
65.252,2026-06-26T03:00:02.758846,181337.449,211498.672,26.677,332.686,0.04,0.01,0.0
65.342,2026-06-26T03:00:02.848450,183776.012,211498.672,33.206,333.016,0.04,3.689,0.0
65.392,2026-06-26T03:00:02.898805,184732.457,211547.051,37.094,333.016,0.04,0.01,0.0
65.482,2026-06-26T03:00:02.988593,184769.109,211547.051,40.466,333.346,0.04,3.68,0.0
65.532,2026-06-26T03:00:03.038944,184784.676,211595.43,41.853,333.347,0.04,0.01,0.0
65.621,2026-06-26T03:00:03.128216,183668.836,210555.355,30.217,333.677,0.04,3.701,0.0
65.672,2026-06-26T03:00:03.178576,183062.711,210555.355,21.384,333.677,0.04,0.01,0.0
65.761,2026-06-26T03:00:03.267801,181926.227,210555.355,15.311,334.007,0.04,3.704,0.0
65.811,2026-06-26T03:00:03.318165,181271.41,210555.355,10.95,334.007,0.04,0.01,0.0
65.901,2026-06-26T03:00:03.407403,180145.734,210555.355,7.98,334.337,0.04,3.703,0.0
65.951,2026-06-26T03:00:03.457748,179539.609,210555.355,5.819,334.338,0.04,0.01,0.0
66.048,2026-06-26T03:00:03.554657,178327.359,210555.355,4.436,334.668,0.04,3.409,0.0
66.098,2026-06-26T03:00:03.605001,177683.352,210555.355,3.338,334.668,0.04,0.01,0.0
66.188,2026-06-26T03:00:03.694310,176508.984,210555.355,2.678,334.998,0.04,3.7,0.0
66.238,2026-06-26T03:00:03.744680,176615.598,203388.469,11.055,334.998,0.04,0.01,0.0
66.33,2026-06-26T03:00:03.837033,176887.414,203665.965,21.848,335.328,0.04,3.583,0.0
66.381,2026-06-26T03:00:03.887409,177134.984,203956.23,29.592,335.329,0.04,0.01,0.0
66.475,2026-06-26T03:00:03.981302,178290.621,205063.492,34.458,335.659,0.04,3.519,0.0
66.525,2026-06-26T03:00:04.031710,178561.543,205410.18,34.291,335.659,0.04,0.01,0.0
66.616,2026-06-26T03:00:04.122286,179207.578,212343.93,32.342,335.989,0.04,3.647,0.0
66.666,2026-06-26T03:00:04.172693,180298.895,212343.93,37.487,335.989,0.04,0.01,0.0
66.757,2026-06-26T03:00:04.264125,182502.055,212343.93,41.382,336.32,0.04,3.627,0.0
66.808,2026-06-26T03:00:04.314524,183535.238,212343.93,42.834,336.321,0.04,0.01,0.0
66.897,2026-06-26T03:00:04.404218,185501.027,212343.93,42.943,336.652,0.04,3.711,0.0
66.948,2026-06-26T03:00:04.454553,186474.988,219739.934,40.983,336.653,0.04,0.01,0.0
67.038,2026-06-26T03:00:04.544506,189132.332,219739.934,43.785,336.985,0.04,3.693,0.0
67.088,2026-06-26T03:00:04.594888,190592.57,219739.934,45.651,336.985,0.04,0.01,0.0
67.177,2026-06-26T03:00:04.684028,192944.402,219739.934,46.091,337.317,0.04,3.729,0.0
67.228,2026-06-26T03:00:04.734376,192398.82,219739.934,35.098,337.318,0.04,0.01,0.0
67.316,2026-06-26T03:00:04.822416,191375.984,219739.934,24.915,337.649,0.04,3.775,0.0
67.366,2026-06-26T03:00:04.872759,190763.988,219739.934,17.673,337.65,0.04,0.01,0.0
67.477,2026-06-26T03:00:04.983507,189465.988,219739.934,12.731,337.981,0.04,3.0,0.0
67.565,2026-06-26T03:00:05.071848,188429.988,219739.934,9.23,338.313,0.04,3.756,0.0
67.615,2026-06-26T03:00:05.122206,187852.883,219739.934,6.74,338.314,0.04,0.01,0.0
67.704,2026-06-26T03:00:05.211263,186792.164,219739.934,5.034,338.645,0.04,3.728,0.0
67.755,2026-06-26T03:00:05.261607,186163.988,219739.934,3.756,338.646,0.04,0.01,0.0
67.857,2026-06-26T03:00:05.364271,186817.07,219739.934,9.117,338.975,0.04,3.216,0.0
67.948,2026-06-26T03:00:05.454579,189461.824,219739.934,21.46,339.305,0.04,3.652,0.0
67.998,2026-06-26T03:00:05.504975,190861.809,219739.934,29.788,339.306,0.04,0.01,0.0
68.087,2026-06-26T03:00:05.594016,192891.297,219739.934,34.977,339.636,0.04,3.712,0.0
68.138,2026-06-26T03:00:05.644367,192265.969,219739.934,24.716,339.636,0.04,0.01,0.0
68.226,2026-06-26T03:00:05.733178,191072.922,219739.934,17.618,339.966,0.04,3.72,0.0
68.277,2026-06-26T03:00:05.783538,190369.969,219739.934,12.565,339.966,0.04,0.01,0.0
68.366,2026-06-26T03:00:05.872298,189216.664,219739.934,9.166,340.296,0.04,3.724,0.0
68.416,2026-06-26T03:00:05.922674,188557.969,219739.934,6.648,340.297,0.04,0.01,0.0
68.513,2026-06-26T03:00:06.019451,187284.641,219739.934,4.993,340.627,0.04,3.419,0.0
68.563,2026-06-26T03:00:06.069817,186593.969,219739.934,3.727,340.627,0.04,0.01,0.0
68.652,2026-06-26T03:00:06.158949,185689.855,219739.934,3.531,340.957,0.04,3.709,0.0
68.703,2026-06-26T03:00:06.209334,187165.285,219739.934,17.651,340.957,0.04,0.01,0.0
68.793,2026-06-26T03:00:06.299532,189801.973,219739.934,27.417,341.287,0.04,3.664,0.0
68.843,2026-06-26T03:00:06.349922,191175.809,219739.934,33.867,341.288,0.04,0.01,0.0
68.937,2026-06-26T03:00:06.443929,192977.516,219788.312,37.805,341.617,0.04,3.515,0.0
68.988,2026-06-26T03:00:06.494319,193000.023,219788.312,41.463,341.618,0.04,0.01,0.0
69.094,2026-06-26T03:00:06.601188,192684.992,219836.691,39.648,341.948,0.04,3.091,0.0
69.183,2026-06-26T03:00:06.689528,191584.672,218796.617,28.072,342.278,0.04,3.734,0.0
69.233,2026-06-26T03:00:06.739887,190925.145,218796.617,19.883,342.278,0.04,0.01,0.0
69.322,2026-06-26T03:00:06.828786,189750.777,218796.617,14.287,342.608,0.04,3.72,0.0
69.372,2026-06-26T03:00:06.879159,189106.77,218796.617,10.233,342.608,0.04,0.01,0.0
69.461,2026-06-26T03:00:06.968096,187970.285,218796.617,7.506,342.938,0.04,3.718,0.0
69.512,2026-06-26T03:00:07.018477,187364.16,218796.617,5.486,342.939,0.04,0.01,0.0
69.607,2026-06-26T03:00:07.113980,186151.91,218796.617,4.16,343.269,0.04,3.46,0.0
69.658,2026-06-26T03:00:07.164337,185470.02,218796.617,3.144,343.269,0.04,0.01,0.0
69.749,2026-06-26T03:00:07.255324,184834.957,211629.73,5.037,343.599,0.04,3.631,0.0
69.799,2026-06-26T03:00:07.305678,185007.25,211810.469,17.699,343.599,0.04,0.01,0.0
69.917,2026-06-26T03:00:07.423587,185399.266,212197.492,26.705,343.929,0.04,2.799,0.0
70.029,2026-06-26T03:00:07.535583,186662.375,213767.008,31.795,344.259,0.04,2.945,0.0
70.136,2026-06-26T03:00:07.642546,187374.539,220585.191,31.264,344.589,0.04,3.085,0.0
70.226,2026-06-26T03:00:07.733043,189351.176,220585.191,37.087,344.919,0.04,3.644,0.0
70.277,2026-06-26T03:00:07.783428,190538.277,220585.191,40.636,344.919,0.04,0.01,0.0
70.366,2026-06-26T03:00:07.872940,192443.207,220585.191,42.286,345.249,0.04,3.693,0.0
70.417,2026-06-26T03:00:07.923288,193497.02,220585.191,42.291,345.25,0.04,0.01,0.0
70.506,2026-06-26T03:00:08.012984,195592.684,227981.195,42.154,345.579,0.04,3.682,0.0
70.557,2026-06-26T03:00:08.063372,197086.352,227981.195,44.462,345.58,0.04,0.01,0.0
70.646,2026-06-26T03:00:08.152777,199598.062,227981.195,45.792,345.91,0.04,3.696,0.0
70.696,2026-06-26T03:00:08.203118,200930.535,227981.195,46.281,345.91,0.04,0.01,0.0
70.784,2026-06-26T03:00:08.290302,200337.02,227981.195,35.734,346.24,0.04,3.789,0.0
70.834,2026-06-26T03:00:08.340648,199730.895,227981.195,25.246,346.24,0.04,0.01,0.0
70.946,2026-06-26T03:00:08.452900,198329.23,227981.195,18.048,346.57,0.04,2.946,0.0
71.035,2026-06-26T03:00:08.541423,197268.512,227981.195,12.978,346.9,0.04,3.726,0.0
71.085,2026-06-26T03:00:08.591782,196700.27,227981.195,9.317,346.901,0.04,0.01,0.0
71.174,2026-06-26T03:00:08.680591,195627.25,227981.195,6.839,347.23,0.04,3.724,0.0
71.224,2026-06-26T03:00:08.730940,194995.543,227981.195,5.02,347.231,0.04,0.01,0.0
71.313,2026-06-26T03:00:08.819905,193859.059,227981.195,3.857,347.561,0.04,3.715,0.0
71.364,2026-06-26T03:00:08.870275,194838.41,227981.195,13.183,347.561,0.04,0.01,0.0
71.454,2026-06-26T03:00:08.960949,197488.242,227981.195,24.243,347.891,0.04,3.646,0.0
71.505,2026-06-26T03:00:09.011352,198936.578,227981.195,32.01,347.892,0.04,0.01,0.0
71.594,2026-06-26T03:00:09.100506,201203.32,227981.195,36.514,348.221,0.04,3.708,0.0
71.644,2026-06-26T03:00:09.150852,200640.082,227981.195,28.07,348.222,0.04,0.01,0.0
71.734,2026-06-26T03:00:09.240425,199427.832,227981.195,19.989,348.552,0.04,3.696,0.0
71.784,2026-06-26T03:00:09.290797,198729.227,227981.195,14.224,348.553,0.04,0.01,0.0
71.873,2026-06-26T03:00:09.380016,197561.227,227981.195,10.299,348.884,0.04,3.722,0.0
71.924,2026-06-26T03:00:09.430391,196889.684,227981.195,7.441,348.884,0.04,0.01,0.0
72.02,2026-06-26T03:00:09.526883,195601.668,227981.195,5.549,349.215,0.04,3.436,0.0
72.07,2026-06-26T03:00:09.577249,194919.777,227981.195,4.163,349.215,0.04,0.01,0.0
72.16,2026-06-26T03:00:09.666842,194037.852,227981.195,4.46,349.546,0.04,3.7,0.0
72.21,2026-06-26T03:00:09.717209,195509.754,227981.195,18.259,349.546,0.04,0.01,0.0
72.301,2026-06-26T03:00:09.807580,198143.988,227981.195,27.813,349.877,0.04,3.666,0.0
72.351,2026-06-26T03:00:09.857971,199520.309,227981.195,34.143,349.878,0.04,0.01,0.0
72.446,2026-06-26T03:00:09.952740,201219.664,228029.574,37.737,350.208,0.04,3.496,0.0
72.496,2026-06-26T03:00:10.003130,201241.285,228029.574,41.368,350.209,0.04,0.01,0.0
72.587,2026-06-26T03:00:10.094140,201096.324,228077.953,40.92,350.54,0.04,3.642,0.0
72.638,2026-06-26T03:00:10.144495,200462.082,227500.133,28.922,350.54,0.04,0.01,0.0
72.727,2026-06-26T03:00:10.233439,199317.938,227037.879,20.589,350.871,0.04,3.726,0.0
72.777,2026-06-26T03:00:10.283809,198636.047,227037.879,14.644,350.871,0.04,0.01,0.0
72.866,2026-06-26T03:00:10.372699,197443.934,227037.879,10.568,351.201,0.04,3.721,0.0
72.916,2026-06-26T03:00:10.423058,196817.672,227037.879,7.629,351.202,0.04,0.01,0.0
73.005,2026-06-26T03:00:10.512019,195643.305,227037.879,5.683,351.532,0.04,3.717,0.0
73.056,2026-06-26T03:00:10.562374,195017.934,227037.879,4.211,351.532,0.04,0.01,0.0
73.152,2026-06-26T03:00:10.659141,193711.281,227037.879,3.311,351.862,0.04,3.414,0.0
73.203,2026-06-26T03:00:10.709512,193029.391,227037.879,2.55,351.862,0.04,0.01,0.0
73.294,2026-06-26T03:00:10.800829,193327.238,220100.109,13.889,352.192,0.04,3.619,0.0
73.344,2026-06-26T03:00:10.851199,193380.34,220293.617,23.752,352.193,0.04,0.01,0.0
73.437,2026-06-26T03:00:10.943557,193617.504,220390.375,30.051,352.522,0.04,3.573,0.0
73.487,2026-06-26T03:00:10.994116,194773.145,221546.016,35.811,352.523,0.04,0.01,0.0
73.591,2026-06-26T03:00:11.097512,195074.039,228826.453,32.943,352.853,0.04,3.196,0.0
73.681,2026-06-26T03:00:11.188053,196979.992,228826.453,38.227,353.183,0.04,3.642,0.0
73.732,2026-06-26T03:00:11.238452,198195.078,228826.453,41.612,353.183,0.04,0.01,0.0
73.821,2026-06-26T03:00:11.328153,200107.559,228826.453,43.412,353.513,0.04,3.686,0.0
73.872,2026-06-26T03:00:11.378514,201196.961,228826.453,43.352,353.513,0.04,0.01,0.0
73.975,2026-06-26T03:00:11.481826,203412.355,236222.457,42.538,353.843,0.04,3.196,0.0
74.065,2026-06-26T03:00:11.571661,206065.094,236222.457,44.909,354.173,0.04,3.672,0.0
74.115,2026-06-26T03:00:11.622047,207479.449,236222.457,46.248,354.174,0.04,0.01,0.0
74.204,2026-06-26T03:00:11.711104,209298.055,236222.457,45.705,354.503,0.04,3.711,0.0
74.255,2026-06-26T03:00:11.761464,208694.512,236222.457,32.226,354.504,0.04,0.01,0.0
74.344,2026-06-26T03:00:11.850464,207593.328,236222.457,22.874,354.834,0.04,3.715,0.0
74.394,2026-06-26T03:00:11.900824,206949.32,236222.457,16.244,354.834,0.04,0.01,0.0
74.505,2026-06-26T03:00:12.011859,205610.512,236222.457,11.73,355.164,0.04,2.977,0.0
74.594,2026-06-26T03:00:12.100387,204524.82,236222.457,8.555,355.494,0.04,3.726,0.0
74.644,2026-06-26T03:00:12.150757,203918.695,236222.457,6.221,355.494,0.04,0.01,0.0
74.733,2026-06-26T03:00:12.239595,202782.211,236222.457,4.698,355.824,0.04,3.723,0.0
74.783,2026-06-26T03:00:12.289971,202138.203,236222.457,3.52,355.825,0.04,0.01,0.0
74.874,2026-06-26T03:00:12.380640,204222.48,236222.457,14.842,356.155,0.04,3.649,0.0
74.924,2026-06-26T03:00:12.431053,205698.133,236222.457,25.56,356.155,0.04,0.01,0.0
75.014,2026-06-26T03:00:12.520304,208142.648,236222.457,32.487,356.485,0.04,3.705,0.0
75.064,2026-06-26T03:00:12.570658,209449.543,236222.457,36.591,356.485,0.04,0.01,0.0
75.152,2026-06-26T03:00:12.659112,208313.102,236222.457,26.966,356.815,0.04,3.735,0.0
75.203,2026-06-26T03:00:12.709475,207624.484,236222.457,19.109,356.816,0.04,0.01,0.0
75.291,2026-06-26T03:00:12.798212,206388.484,236222.457,13.72,357.146,0.04,3.725,0.0
75.342,2026-06-26T03:00:12.848561,205737.07,236222.457,9.836,357.146,0.04,0.01,0.0
75.431,2026-06-26T03:00:12.937341,204562.703,236222.457,7.229,357.476,0.04,3.721,0.0
75.481,2026-06-26T03:00:12.987690,203918.695,236222.457,5.292,357.476,0.04,0.01,0.0
75.576,2026-06-26T03:00:13.083097,202592.797,236222.457,4.049,357.806,0.04,3.463,0.0
75.627,2026-06-26T03:00:13.133452,202328.684,236222.457,5.762,357.807,0.04,0.01,0.0
75.717,2026-06-26T03:00:13.223421,204943.066,236222.457,19.181,358.137,0.04,3.671,0.0
75.767,2026-06-26T03:00:13.273814,206413.59,236222.457,28.286,358.137,0.04,0.01,0.0
75.856,2026-06-26T03:00:13.362983,208798.875,236222.457,34.219,358.467,0.04,3.707,0.0
75.907,2026-06-26T03:00:13.413342,209463.055,236270.836,38.488,358.467,0.04,0.01,0.0
75.996,2026-06-26T03:00:13.502700,209496.887,236270.836,41.07,358.797,0.04,3.699,0.0
76.046,2026-06-26T03:00:13.553082,209432.695,236319.215,41.218,358.798,0.04,0.01,0.0
76.135,2026-06-26T03:00:13.642035,208278.973,235279.141,29.196,359.127,0.04,3.721,0.0
76.186,2026-06-26T03:00:13.692390,207647.195,235279.141,20.67,359.128,0.04,0.01,0.0
76.274,2026-06-26T03:00:13.781211,206460.598,235279.141,14.812,359.458,0.04,3.72,0.0
76.325,2026-06-26T03:00:13.831589,205778.707,235279.141,10.601,359.458,0.04,0.01,0.0
76.414,2026-06-26T03:00:13.920423,204641.195,235279.141,7.764,359.788,0.04,3.721,0.0
76.464,2026-06-26T03:00:13.970803,203998.215,235279.141,5.667,359.789,0.04,0.01,0.0
76.562,2026-06-26T03:00:14.068568,202719.195,235279.141,4.303,360.118,0.04,3.384,0.0
76.612,2026-06-26T03:00:14.118938,202033.195,235279.141,3.244,360.119,0.04,0.01,0.0
76.704,2026-06-26T03:00:14.211005,201269.961,228112.254,4.922,360.449,0.04,3.591,0.0
76.755,2026-06-26T03:00:14.261368,201462.82,228292.992,17.566,360.449,0.04,0.01,0.0
76.848,2026-06-26T03:00:14.354324,201762.008,228534.879,26.632,360.78,0.04,3.565,0.0
76.898,2026-06-26T03:00:14.404687,201917.641,228728.395,32.121,360.78,0.04,0.01,0.0
76.988,2026-06-26T03:00:14.495029,203388.645,230249.531,36.01,361.111,0.04,3.666,0.0
77.039,2026-06-26T03:00:14.545423,202906.5,230133.965,28.083,361.112,0.04,0.01,0.0
77.129,2026-06-26T03:00:14.635978,204750.984,237067.715,34.353,361.442,0.04,3.659,0.0
77.18,2026-06-26T03:00:14.686381,205915.746,237067.715,39.036,361.443,0.04,0.01,0.0
77.269,2026-06-26T03:00:14.775987,207936.801,237067.715,41.887,361.774,0.04,3.7,0.0
77.32,2026-06-26T03:00:14.826341,209009.336,237067.715,42.892,361.774,0.04,0.01,0.0
77.411,2026-06-26T03:00:14.918253,210763.203,244463.719,41.458,362.105,0.04,3.603,0.0
77.462,2026-06-26T03:00:14.968616,212256.0,244463.719,43.937,362.105,0.04,0.01,0.0
77.568,2026-06-26T03:00:15.075148,215375.648,244463.719,45.901,362.436,0.04,3.107,0.0
77.656,2026-06-26T03:00:15.162290,217677.176,244463.719,46.202,362.767,0.04,3.795,0.0
77.706,2026-06-26T03:00:15.212607,217122.605,244463.719,34.946,362.767,0.04,0.01,0.0
77.794,2026-06-26T03:00:15.300315,216011.773,244463.719,24.81,363.097,0.04,3.771,0.0
77.844,2026-06-26T03:00:15.350678,215342.113,244463.719,17.599,363.098,0.04,0.01,0.0
77.949,2026-06-26T03:00:15.456075,214016.215,244463.719,12.675,363.427,0.04,3.133,0.0
78.045,2026-06-26T03:00:15.551747,212821.773,244463.719,9.216,363.757,0.04,3.446,0.0
78.095,2026-06-26T03:00:15.602113,212197.84,244463.719,6.729,363.758,0.04,0.01,0.0
78.184,2026-06-26T03:00:15.691248,211023.473,244463.719,5.027,364.087,0.04,3.708,0.0
78.235,2026-06-26T03:00:15.741604,210341.582,244463.719,3.751,364.088,0.04,0.01,0.0
78.325,2026-06-26T03:00:15.831984,212500.102,244463.719,15.289,364.417,0.04,3.651,0.0
78.376,2026-06-26T03:00:15.882392,213977.277,244463.719,25.645,364.418,0.04,0.01,0.0
78.465,2026-06-26T03:00:15.971805,216438.746,244463.719,32.544,364.748,0.04,3.696,0.0
78.515,2026-06-26T03:00:16.022162,217689.953,244463.719,36.862,364.748,0.04,0.01,0.0
78.604,2026-06-26T03:00:16.110908,216497.742,244463.719,27.151,365.078,0.04,3.722,0.0
78.654,2026-06-26T03:00:16.161266,215785.742,244463.719,19.238,365.078,0.04,0.01,0.0
78.743,2026-06-26T03:00:16.250082,214529.742,244463.719,13.81,365.408,0.04,3.721,0.0
78.794,2026-06-26T03:00:16.300444,213835.742,244463.719,9.899,365.408,0.04,0.01,0.0
78.882,2026-06-26T03:00:16.389257,212635.742,244463.719,7.247,365.738,0.04,3.72,0.0
78.933,2026-06-26T03:00:16.439614,211932.66,244463.719,5.305,365.739,0.04,0.01,0.0
79.022,2026-06-26T03:00:16.528544,210644.645,244463.719,4.083,366.068,0.04,3.715,0.0
79.072,2026-06-26T03:00:16.578903,210729.418,244463.719,7.499,366.069,0.04,0.01,0.0
79.162,2026-06-26T03:00:16.669055,213358.191,244463.719,20.373,366.398,0.04,3.665,0.0
79.213,2026-06-26T03:00:16.719450,214833.141,244463.719,29.124,366.399,0.04,0.01,0.0
79.302,2026-06-26T03:00:16.808509,217191.508,244463.719,34.717,366.729,0.04,3.709,0.0
79.352,2026-06-26T03:00:16.858874,217704.469,244512.098,38.695,366.729,0.04,0.01,0.0
79.441,2026-06-26T03:00:16.948125,217739.227,244512.098,41.126,367.059,0.04,3.703,0.0
79.492,2026-06-26T03:00:16.998507,217526.676,244560.477,38.906,367.059,0.04,0.01,0.0
79.581,2026-06-26T03:00:17.087349,216406.586,243520.402,27.577,367.389,0.04,3.72,0.0
79.631,2026-06-26T03:00:17.137722,215714.457,243520.402,19.536,367.389,0.04,0.01,0.0
79.72,2026-06-26T03:00:17.226647,214474.562,243520.402,13.992,367.719,0.04,3.722,0.0
79.77,2026-06-26T03:00:17.277001,213754.789,243520.402,10.027,367.72,0.04,0.01,0.0
79.867,2026-06-26T03:00:17.373332,212504.656,243520.402,7.384,368.049,0.04,3.432,0.0
79.917,2026-06-26T03:00:17.423694,211804.457,243520.402,5.401,368.05,0.04,0.01,0.0
80.006,2026-06-26T03:00:17.512348,210604.457,243520.402,4.125,368.379,0.04,3.725,0.0
80.056,2026-06-26T03:00:17.562703,209890.742,243520.402,3.12,368.38,0.04,0.01,0.0
80.173,2026-06-26T03:00:17.679824,209684.871,236534.254,10.676,368.71,0.04,2.82,0.0
80.285,2026-06-26T03:00:17.791676,210003.27,236776.141,21.485,369.039,0.04,2.946,0.0
80.377,2026-06-26T03:00:17.883838,210976.148,237912.973,28.246,369.369,0.04,3.579,0.0
80.427,2026-06-26T03:00:17.934195,211680.039,238490.793,33.342,369.369,0.04,0.01,0.0
80.534,2026-06-26T03:00:18.040713,212329.793,245308.977,32.389,369.699,0.04,3.099,0.0
80.624,2026-06-26T03:00:18.131148,214445.918,245308.977,37.858,370.029,0.04,3.645,0.0
80.675,2026-06-26T03:00:18.181547,215667.836,245308.977,41.083,370.029,0.04,0.01,0.0
80.764,2026-06-26T03:00:18.270726,217607.961,245308.977,42.439,370.359,0.04,3.705,0.0
80.814,2026-06-26T03:00:18.321064,218520.16,245308.977,40.631,370.359,0.04,0.01,0.0
80.904,2026-06-26T03:00:18.410896,220900.367,252704.98,42.281,370.689,0.04,3.675,0.0
80.955,2026-06-26T03:00:18.461282,222395.559,252704.98,44.721,370.69,0.04,0.01,0.0
81.044,2026-06-26T03:00:18.550659,224847.738,252704.98,45.776,371.019,0.04,3.699,0.0
81.094,2026-06-26T03:00:18.600985,225833.0,252704.98,45.763,371.02,0.04,0.01,0.0
81.182,2026-06-26T03:00:18.688770,224568.328,252704.98,32.354,371.349,0.04,3.761,0.0
81.232,2026-06-26T03:00:18.739106,223924.32,252704.98,22.927,371.35,0.04,0.01,0.0
81.345,2026-06-26T03:00:18.851687,222571.0,252704.98,16.382,371.68,0.04,2.932,0.0
81.433,2026-06-26T03:00:18.939983,221537.703,252704.98,11.813,372.009,0.04,3.733,0.0
81.484,2026-06-26T03:00:18.990337,220815.0,252704.98,8.548,372.01,0.04,0.01,0.0
81.572,2026-06-26T03:00:19.079105,219567.797,252704.98,6.3,372.339,0.04,3.72,0.0
81.623,2026-06-26T03:00:19.129470,218961.0,252704.98,4.642,372.34,0.04,0.01,0.0
81.714,2026-06-26T03:00:19.220443,219978.371,252704.98,11.582,372.67,0.04,3.638,0.0
81.764,2026-06-26T03:00:19.270839,221455.453,252704.98,23.238,372.671,0.04,0.01,0.0
81.854,2026-06-26T03:00:19.361046,224016.723,252704.98,31.12,373.001,0.04,3.674,0.0
81.905,2026-06-26T03:00:19.411415,225331.871,252704.98,35.775,373.002,0.04,0.01,0.0
81.993,2026-06-26T03:00:19.500050,225136.57,252704.98,30.282,373.332,0.04,3.736,0.0
82.044,2026-06-26T03:00:19.550401,224492.562,252704.98,21.43,373.333,0.04,0.01,0.0
82.133,2026-06-26T03:00:19.639278,223280.312,252704.98,15.318,373.664,0.04,3.727,0.0
82.183,2026-06-26T03:00:19.689626,222620.996,252704.98,10.955,373.664,0.04,0.01,0.0
82.272,2026-06-26T03:00:19.778496,221452.996,252704.98,8.011,373.995,0.04,3.727,0.0
82.322,2026-06-26T03:00:19.828864,220780.047,252704.98,5.84,373.995,0.04,0.01,0.0
82.411,2026-06-26T03:00:19.917856,219567.797,252704.98,4.431,374.326,0.04,3.728,0.0
82.461,2026-06-26T03:00:19.968211,218874.996,252704.98,3.334,374.326,0.04,0.01,0.0
82.552,2026-06-26T03:00:20.058461,220211.672,252704.98,12.059,374.657,0.04,3.672,0.0
82.602,2026-06-26T03:00:20.108846,221681.125,252704.98,23.532,374.657,0.04,0.01,0.0
82.691,2026-06-26T03:00:20.198224,224186.699,252704.98,31.278,374.988,0.04,3.707,0.0
82.742,2026-06-26T03:00:20.248587,225499.578,252704.98,35.836,374.988,0.04,0.01,0.0
82.832,2026-06-26T03:00:20.339173,225965.07,252753.359,39.87,375.318,0.04,3.645,0.0
82.883,2026-06-26T03:00:20.389541,225980.488,252753.359,40.687,375.319,0.04,0.01,0.0
82.985,2026-06-26T03:00:20.491464,224996.453,252223.918,32.83,375.648,0.04,3.239,0.0
83.083,2026-06-26T03:00:20.589433,223738.66,251761.664,23.34,375.978,0.04,3.365,0.0
83.133,2026-06-26T03:00:20.639795,223056.77,251761.664,16.57,375.978,0.04,0.01,0.0
83.222,2026-06-26T03:00:20.728735,221844.52,251761.664,11.916,376.308,0.04,3.717,0.0
83.272,2026-06-26T03:00:20.779108,221200.512,251761.664,8.619,376.309,0.04,0.01,0.0
83.362,2026-06-26T03:00:20.868396,220026.145,251761.664,6.375,376.638,0.04,3.705,0.0
83.412,2026-06-26T03:00:20.918751,219382.137,251761.664,4.695,376.639,0.04,0.01,0.0
83.501,2026-06-26T03:00:21.007727,218169.887,251761.664,3.629,376.968,0.04,3.715,0.0
83.551,2026-06-26T03:00:21.058081,217594.379,244414.039,2.773,376.969,0.04,0.01,0.0
83.653,2026-06-26T03:00:21.160215,218051.023,244823.895,16.188,377.299,0.04,3.236,0.0
83.747,2026-06-26T03:00:21.254063,218341.289,245114.16,25.255,377.628,0.04,3.51,0.0
83.798,2026-06-26T03:00:21.304504,218772.453,245576.414,30.178,377.629,0.04,0.01,0.0
83.903,2026-06-26T03:00:21.410126,219546.039,246616.488,31.274,377.958,0.04,3.126,0.0
83.993,2026-06-26T03:00:21.500235,220948.02,253550.238,34.582,378.288,0.04,3.658,0.0
84.044,2026-06-26T03:00:21.550639,222092.203,253550.238,39.056,378.289,0.04,0.01,0.0
84.133,2026-06-26T03:00:21.640077,224197.465,253550.238,42.216,378.618,0.04,3.695,0.0
84.184,2026-06-26T03:00:21.690443,225273.434,253550.238,42.984,378.619,0.04,0.01,0.0
84.273,2026-06-26T03:00:21.779631,226930.785,260946.242,41.082,378.948,0.04,3.702,0.0
84.323,2026-06-26T03:00:21.829983,228418.855,260946.242,43.951,378.949,0.04,0.01,0.0
84.429,2026-06-26T03:00:21.936251,231547.82,260946.242,45.862,379.279,0.04,3.107,0.0
84.517,2026-06-26T03:00:22.023853,233860.742,260946.242,46.154,379.608,0.04,3.765,0.0
84.567,2026-06-26T03:00:22.074195,233752.262,260946.242,38.016,379.609,0.04,0.01,0.0
84.655,2026-06-26T03:00:22.162124,232620.176,260946.242,26.958,379.938,0.04,3.761,0.0
84.706,2026-06-26T03:00:22.212489,231982.262,260946.242,19.103,379.939,0.04,0.01,0.0
84.818,2026-06-26T03:00:22.324602,230612.387,260946.242,13.728,380.269,0.04,2.946,0.0
84.906,2026-06-26T03:00:22.412926,229513.785,260946.242,9.954,380.598,0.04,3.733,0.0
84.957,2026-06-26T03:00:22.463281,228907.66,260946.242,7.2,380.599,0.04,0.01,0.0
85.045,2026-06-26T03:00:22.552268,227771.176,260946.242,5.357,380.928,0.04,3.714,0.0
85.096,2026-06-26T03:00:22.602624,227127.168,260946.242,3.982,380.929,0.04,0.01,0.0
85.186,2026-06-26T03:00:22.692964,228545.367,260946.242,12.939,381.259,0.04,3.654,0.0
85.237,2026-06-26T03:00:22.743371,230017.652,260946.242,24.186,381.259,0.04,0.01,0.0
85.326,2026-06-26T03:00:22.832825,232522.645,260946.242,31.673,381.589,0.04,3.694,0.0
85.376,2026-06-26T03:00:22.883186,233838.406,260946.242,36.391,381.589,0.04,0.01,0.0
85.465,2026-06-26T03:00:22.971811,233206.254,260946.242,28.809,381.919,0.04,3.726,0.0
85.515,2026-06-26T03:00:23.022190,232526.254,260946.242,20.398,381.919,0.04,0.01,0.0
85.604,2026-06-26T03:00:23.111059,231312.254,260946.242,14.649,382.249,0.04,3.722,0.0
85.655,2026-06-26T03:00:23.161437,230650.27,260946.242,10.486,382.25,0.04,0.01,0.0
85.744,2026-06-26T03:00:23.250318,229475.902,260946.242,7.657,382.579,0.04,3.72,0.0
85.794,2026-06-26T03:00:23.300689,228804.254,260946.242,5.592,382.58,0.04,0.01,0.0
85.883,2026-06-26T03:00:23.389402,227594.254,260946.242,4.258,382.909,0.04,3.724,0.0
85.933,2026-06-26T03:00:23.439762,226899.871,260946.242,3.213,382.91,0.04,0.01,0.0
86.023,2026-06-26T03:00:23.529811,228965.93,260946.242,14.834,383.239,0.04,3.669,0.0
86.073,2026-06-26T03:00:23.580197,230437.812,260946.242,25.521,383.24,0.04,0.01,0.0
86.163,2026-06-26T03:00:23.669397,232883.133,260946.242,32.49,383.57,0.04,3.704,0.0
86.213,2026-06-26T03:00:23.719747,234173.371,260946.242,36.763,383.57,0.04,0.01,0.0
86.303,2026-06-26T03:00:23.809457,234212.129,260994.621,40.361,383.9,0.04,3.692,0.0
86.353,2026-06-26T03:00:23.859839,234270.129,261043.0,41.609,383.9,0.04,0.01,0.0
86.442,2026-06-26T03:00:23.948768,233230.055,260465.18,31.688,384.23,0.04,3.72,0.0
86.492,2026-06-26T03:00:23.999182,232604.945,260002.926,22.413,384.23,0.04,0.01,0.0
86.589,2026-06-26T03:00:24.095886,231316.945,260002.926,16.029,384.56,0.04,3.42,0.0
86.639,2026-06-26T03:00:24.146251,230638.945,260002.926,11.499,384.561,0.04,0.01,0.0
86.73,2026-06-26T03:00:24.236463,229462.945,260002.926,8.361,384.891,0.04,3.671,0.0
86.78,2026-06-26T03:00:24.286806,228826.945,260002.926,6.085,384.891,0.04,0.01,0.0
86.869,2026-06-26T03:00:24.375599,227661.281,260002.926,4.63,385.222,0.04,3.729,0.0
86.919,2026-06-26T03:00:24.425951,226979.391,260002.926,3.473,385.222,0.04,0.01,0.0
87.009,2026-06-26T03:00:24.515295,225862.676,252655.301,3.167,385.553,0.04,3.709,0.0
87.059,2026-06-26T03:00:24.565645,226063.168,252836.039,16.293,385.554,0.04,0.01,0.0
87.162,2026-06-26T03:00:24.669162,226485.793,253258.664,25.478,385.884,0.04,3.199,0.0
87.277,2026-06-26T03:00:24.783572,227525.148,254395.496,31.498,386.215,0.04,2.889,0.0
87.365,2026-06-26T03:00:24.871939,227630.285,254857.75,29.953,386.545,0.04,3.742,0.0
87.416,2026-06-26T03:00:24.922294,228652.191,261791.5,35.319,386.546,0.04,0.01,0.0
87.506,2026-06-26T03:00:25.012859,230730.492,261791.5,39.748,386.876,0.04,3.657,0.0
87.556,2026-06-26T03:00:25.063267,231995.383,261791.5,42.822,386.877,0.04,0.01,0.0
87.647,2026-06-26T03:00:25.153546,234076.652,261791.5,43.874,387.207,0.04,3.679,0.0
87.697,2026-06-26T03:00:25.203916,235018.629,261791.5,41.588,387.208,0.04,0.01,0.0
87.788,2026-06-26T03:00:25.294727,237667.992,269187.504,43.727,387.538,0.04,3.641,0.0
87.838,2026-06-26T03:00:25.345086,239193.949,269187.504,45.818,387.539,0.04,0.01,0.0
87.928,2026-06-26T03:00:25.434370,241650.004,269187.504,46.361,387.868,0.04,3.697,0.0
87.978,2026-06-26T03:00:25.484720,242137.523,269187.504,42.162,387.869,0.04,0.01,0.0
88.065,2026-06-26T03:00:25.572217,241050.852,269187.504,29.862,388.198,0.04,3.775,0.0
88.116,2026-06-26T03:00:25.622576,240406.844,269187.504,21.135,388.199,0.04,0.01,0.0
88.228,2026-06-26T03:00:25.735015,239005.18,269187.504,15.15,388.529,0.04,2.938,0.0
88.317,2026-06-26T03:00:25.823732,237911.523,269187.504,10.948,388.859,0.04,3.719,0.0
88.367,2026-06-26T03:00:25.874095,237300.453,269187.504,7.896,388.859,0.04,0.01,0.0
88.457,2026-06-26T03:00:25.963451,236179.523,269187.504,5.868,389.189,0.04,3.702,0.0
88.507,2026-06-26T03:00:26.013830,235523.523,269187.504,4.339,389.19,0.04,0.01,0.0
88.598,2026-06-26T03:00:26.104428,236244.574,269187.504,10.064,389.52,0.04,3.656,0.0
88.648,2026-06-26T03:00:26.154838,237747.164,269187.504,22.171,389.52,0.04,0.01,0.0
88.739,2026-06-26T03:00:26.245461,240433.457,269187.504,30.538,389.85,0.04,3.65,0.0
88.789,2026-06-26T03:00:26.295836,241757.727,269187.504,35.177,389.851,0.04,0.01,0.0
88.878,2026-06-26T03:00:26.384644,241619.094,269187.504,30.223,390.181,0.04,3.723,0.0
88.928,2026-06-26T03:00:26.435001,240937.203,269187.504,21.388,390.181,0.04,0.01,0.0
89.017,2026-06-26T03:00:26.524110,239724.953,269187.504,15.314,390.511,0.04,3.716,0.0
89.068,2026-06-26T03:00:26.574486,239080.945,269187.504,10.952,390.511,0.04,0.01,0.0
89.157,2026-06-26T03:00:26.663524,237895.512,269187.504,8.009,390.841,0.04,3.718,0.0
89.207,2026-06-26T03:00:26.713887,237249.512,269187.504,5.839,390.842,0.04,0.01,0.0
89.296,2026-06-26T03:00:26.802931,236050.32,269187.504,4.43,391.172,0.04,3.716,0.0
89.347,2026-06-26T03:00:26.853303,235367.512,269187.504,3.333,391.172,0.04,0.01,0.0
89.437,2026-06-26T03:00:26.943322,236684.922,269187.504,11.9,391.502,0.04,3.674,0.0
89.487,2026-06-26T03:00:26.993715,238179.914,269187.504,23.142,391.503,0.04,0.01,0.0
89.577,2026-06-26T03:00:27.083789,240808.766,269187.504,31.255,391.833,0.04,3.671,0.0
89.627,2026-06-26T03:00:27.134163,242124.07,269187.504,35.819,391.833,0.04,0.01,0.0
89.718,2026-06-26T03:00:27.224698,242448.363,269235.883,39.347,392.163,0.04,3.651,0.0
89.768,2026-06-26T03:00:27.275060,242482.438,269284.262,40.089,392.164,0.04,0.01,0.0
89.871,2026-06-26T03:00:27.377882,241433.434,268244.188,31.986,392.494,0.04,3.215,0.0
89.96,2026-06-26T03:00:27.466378,240259.066,268244.188,22.735,392.824,0.04,3.729,0.0
90.01,2026-06-26T03:00:27.516747,239577.176,268244.188,16.146,392.824,0.04,0.01,0.0
90.107,2026-06-26T03:00:27.613949,238289.16,268244.188,11.665,393.154,0.04,3.407,0.0
90.158,2026-06-26T03:00:27.664321,237607.27,268244.188,8.397,393.155,0.04,0.01,0.0
90.247,2026-06-26T03:00:27.753344,236458.207,268244.188,6.194,393.485,0.04,3.716,0.0
90.297,2026-06-26T03:00:27.803714,235810.207,268244.188,4.568,393.485,0.04,0.01,0.0
90.386,2026-06-26T03:00:27.892607,234586.207,268244.188,3.541,393.815,0.04,3.719,0.0
90.436,2026-06-26T03:00:27.942947,234085.809,260896.562,3.734,393.816,0.04,0.01,0.0
90.543,2026-06-26T03:00:28.049536,234533.547,261306.418,16.609,394.146,0.04,3.1,0.0
90.637,2026-06-26T03:00:28.143405,234783.301,261596.684,24.934,394.476,0.04,3.515,0.0
90.687,2026-06-26T03:00:28.193772,235286.066,262058.938,30.092,394.476,0.04,0.01,0.0
90.776,2026-06-26T03:00:28.282846,236098.844,263099.012,31.705,394.806,0.04,3.711,0.0
90.826,2026-06-26T03:00:28.333193,236456.422,270032.762,31.254,394.807,0.04,0.01,0.0
90.917,2026-06-26T03:00:28.423924,238636.297,270032.762,36.874,395.137,0.04,3.643,0.0
90.968,2026-06-26T03:00:28.474332,239941.004,270032.762,40.931,395.137,0.04,0.01,0.0
91.059,2026-06-26T03:00:28.565520,242125.926,270032.762,42.706,395.467,0.04,3.629,0.0
91.109,2026-06-26T03:00:28.615907,243207.469,270032.762,41.122,395.468,0.04,0.01,0.0
91.2,2026-06-26T03:00:28.706609,245471.52,277428.766,41.542,395.798,0.04,3.646,0.0
91.25,2026-06-26T03:00:28.757022,247035.773,277428.766,44.198,395.798,0.04,0.01,0.0
91.341,2026-06-26T03:00:28.847837,249784.102,277428.766,45.774,396.128,0.04,3.643,0.0
91.391,2026-06-26T03:00:28.898194,250428.598,277428.766,42.642,396.129,0.04,0.01,0.0
91.486,2026-06-26T03:00:28.993010,249254.23,277428.766,30.196,396.459,0.04,3.485,0.0
91.537,2026-06-26T03:00:29.043383,248636.785,277428.766,21.369,396.459,0.04,0.01,0.0
91.626,2026-06-26T03:00:29.132357,247511.621,277428.766,15.275,396.789,0.04,3.72,0.0
91.676,2026-06-26T03:00:29.182728,246902.785,277428.766,10.924,396.79,0.04,0.01,0.0
91.766,2026-06-26T03:00:29.272406,245790.785,277428.766,7.987,397.12,0.04,3.687,0.0
91.816,2026-06-26T03:00:29.322728,245200.77,277428.766,5.824,397.12,0.04,0.01,0.0
91.905,2026-06-26T03:00:29.411644,244102.168,277428.766,4.419,397.451,0.04,3.727,0.0
91.955,2026-06-26T03:00:29.462012,243458.16,277428.766,3.325,397.452,0.04,0.01,0.0
92.046,2026-06-26T03:00:29.553184,245258.426,277428.766,13.271,397.782,0.04,3.64,0.0
92.097,2026-06-26T03:00:29.603608,246804.055,277428.766,24.106,397.783,0.04,0.01,0.0
92.187,2026-06-26T03:00:29.694131,249500.496,277428.766,32.106,398.114,0.04,3.67,0.0
92.238,2026-06-26T03:00:29.744815,250560.77,277428.766,35.38,398.114,0.04,0.01,0.0
92.329,2026-06-26T03:00:29.835523,249390.77,277428.766,25.104,398.445,0.04,3.683,0.0
92.379,2026-06-26T03:00:29.885887,248723.871,277428.766,17.805,398.446,0.04,0.01,0.0
92.468,2026-06-26T03:00:29.975073,247511.621,277428.766,12.805,398.777,0.04,3.716,0.0
92.519,2026-06-26T03:00:30.025425,246867.613,277428.766,9.196,398.777,0.04,0.01,0.0
92.608,2026-06-26T03:00:30.114641,245684.77,277428.766,6.779,399.108,0.04,3.715,0.0
92.658,2026-06-26T03:00:30.164983,245049.238,277428.766,4.978,399.109,0.04,0.01,0.0
92.747,2026-06-26T03:00:30.254049,243842.77,277428.766,3.827,399.439,0.04,3.721,0.0
92.799,2026-06-26T03:00:30.306192,243397.328,277428.766,4.653,399.44,0.04,0.01,0.0
92.903,2026-06-26T03:00:30.409601,245617.977,277428.766,18.317,399.77,0.04,3.195,0.0
93.002,2026-06-26T03:00:30.509034,247757.988,277428.766,28.022,400.1,0.04,3.317,0.0
93.053,2026-06-26T03:00:30.559498,248910.945,277428.766,34.208,400.1,0.04,0.01,0.0
93.16,2026-06-26T03:00:30.666704,250675.934,277477.145,37.403,400.43,0.04,3.081,0.0
93.259,2026-06-26T03:00:30.765561,250752.652,277525.523,39.345,400.76,0.04,3.34,0.0
93.309,2026-06-26T03:00:30.816063,250192.059,277063.27,31.574,400.761,0.04,0.01,0.0
93.398,2026-06-26T03:00:30.904993,249049.469,276485.449,22.445,401.091,0.04,3.718,0.0
93.449,2026-06-26T03:00:30.955363,248357.469,276485.449,15.944,401.091,0.04,0.01,0.0
93.538,2026-06-26T03:00:31.044323,247181.469,276485.449,11.503,401.421,0.04,3.716,0.0
93.588,2026-06-26T03:00:31.094683,246530.422,276485.449,8.331,401.422,0.04,0.01,0.0
93.677,2026-06-26T03:00:31.184011,245356.055,276485.449,6.147,401.752,0.04,3.699,0.0
93.728,2026-06-26T03:00:31.234366,244674.164,276485.449,4.535,401.752,0.04,0.01,0.0
93.816,2026-06-26T03:00:31.323208,243505.469,276485.449,3.518,402.082,0.04,3.72,0.0
93.867,2026-06-26T03:00:31.373570,242855.789,276485.449,2.695,402.082,0.04,0.01,0.0
93.974,2026-06-26T03:00:31.480656,242579.645,269499.301,10.383,402.412,0.04,3.084,0.0
94.081,2026-06-26T03:00:31.587852,242968.316,269741.188,21.066,402.742,0.04,3.079,0.0
94.183,2026-06-26T03:00:31.689931,244220.715,270993.586,28.724,403.072,0.04,3.23,0.0
94.278,2026-06-26T03:00:31.784680,244395.441,278274.023,27.975,403.402,0.04,3.484,0.0
94.328,2026-06-26T03:00:31.835124,245555.918,278274.023,34.679,403.403,0.04,0.01,0.0
94.431,2026-06-26T03:00:31.938132,248009.449,278274.023,39.429,403.733,0.04,3.211,0.0
94.532,2026-06-26T03:00:32.039216,250433.18,278274.023,41.818,404.063,0.04,3.266,0.0
94.629,2026-06-26T03:00:32.136254,252445.062,285670.027,40.427,404.393,0.04,3.398,0.0
94.68,2026-06-26T03:00:32.186735,253973.684,285670.027,43.441,404.393,0.04,0.01,0.0
94.78,2026-06-26T03:00:32.287019,256999.512,285670.027,45.48,404.723,0.04,3.298,0.0
94.872,2026-06-26T03:00:32.378920,258574.047,285670.027,43.089,405.053,0.04,3.594,0.0
94.923,2026-06-26T03:00:32.429278,257928.047,285670.027,30.441,405.054,0.04,0.01,0.0
95.011,2026-06-26T03:00:32.518019,256813.602,285670.027,21.652,405.384,0.04,3.725,0.0
95.062,2026-06-26T03:00:32.568379,256169.594,285670.027,15.389,405.384,0.04,0.01,0.0
95.15,2026-06-26T03:00:32.657217,255070.992,285670.027,11.116,405.714,0.04,3.72,0.0
95.201,2026-06-26T03:00:32.707579,254444.047,285670.027,8.013,405.715,0.04,0.01,0.0
95.29,2026-06-26T03:00:32.797048,253366.266,285670.027,5.924,406.045,0.04,3.694,0.0
95.341,2026-06-26T03:00:32.847402,252720.047,285670.027,4.379,406.045,0.04,0.01,0.0
95.43,2026-06-26T03:00:32.936287,251566.047,285670.027,3.408,406.375,0.04,3.719,0.0
95.48,2026-06-26T03:00:32.986651,252776.926,285670.027,14.902,406.376,0.04,0.01,0.0
95.581,2026-06-26T03:00:33.087945,255804.984,285670.027,25.679,406.705,0.04,3.265,0.0
95.681,2026-06-26T03:00:33.187335,258689.105,285670.027,32.6,407.035,0.04,3.323,0.0
95.731,2026-06-26T03:00:33.237726,258338.027,285670.027,26.721,407.036,0.04,0.01,0.0
95.82,2026-06-26T03:00:33.326872,257088.027,285670.027,19.073,407.366,0.04,3.708,0.0
95.87,2026-06-26T03:00:33.377229,256359.008,285670.027,13.584,407.366,0.04,0.01,0.0
95.96,2026-06-26T03:00:33.466356,255070.992,285670.027,9.824,407.696,0.04,3.709,0.0
96.01,2026-06-26T03:00:33.516707,254389.102,285670.027,7.109,407.697,0.04,0.01,0.0
96.099,2026-06-26T03:00:33.605741,253138.969,285670.027,5.319,408.027,0.04,3.712,0.0
96.149,2026-06-26T03:00:33.656104,252419.195,285670.027,3.956,408.027,0.04,0.01,0.0
96.246,2026-06-26T03:00:33.752995,252438.07,285670.027,7.997,408.357,0.04,3.408,0.0
96.297,2026-06-26T03:00:33.803478,253934.965,285670.027,20.463,408.358,0.04,0.01,0.0
96.398,2026-06-26T03:00:33.904685,256924.617,285670.027,29.397,408.688,0.04,3.267,0.0
96.5,2026-06-26T03:00:34.006947,258912.137,285718.406,34.897,409.018,0.04,3.224,0.0
96.597,2026-06-26T03:00:34.104031,258978.402,285766.785,37.303,409.348,0.04,3.404,0.0
96.648,2026-06-26T03:00:34.154455,258603.055,285766.785,33.672,409.348,0.04,0.01,0.0
96.74,2026-06-26T03:00:34.246908,257385.598,284726.711,23.9,409.679,0.04,3.585,0.0
96.79,2026-06-26T03:00:34.297269,256703.707,284726.711,16.962,409.679,0.04,0.01,0.0
96.881,2026-06-26T03:00:34.387491,255491.457,284726.711,12.212,410.01,0.04,3.674,0.0
96.931,2026-06-26T03:00:34.437841,254809.566,284726.711,8.78,410.011,0.04,0.01,0.0
97.02,2026-06-26T03:00:34.527077,253644.73,284726.711,6.488,410.342,0.04,3.714,0.0
97.071,2026-06-26T03:00:34.577437,252958.73,284726.711,4.774,410.342,0.04,0.01,0.0
97.16,2026-06-26T03:00:34.666742,251796.73,284726.711,3.683,410.673,0.04,3.711,0.0
97.21,2026-06-26T03:00:34.717106,251134.934,284726.711,2.857,410.674,0.04,0.01,0.0
97.319,2026-06-26T03:00:34.825361,250786.953,277559.824,10.148,411.004,0.04,3.061,0.0
97.426,2026-06-26T03:00:34.933200,251209.578,277982.449,20.816,411.335,0.04,3.068,0.0
97.529,2026-06-26T03:00:35.035372,252444.566,279234.848,28.219,411.666,0.04,3.239,0.0
97.623,2026-06-26T03:00:35.129875,252510.324,286515.285,27.764,411.997,0.04,3.501,0.0
97.674,2026-06-26T03:00:35.180317,253492.578,286515.285,34.536,411.998,0.04,0.01,0.0
97.776,2026-06-26T03:00:35.282573,255642.488,286515.285,39.278,412.328,0.04,3.241,0.0
97.878,2026-06-26T03:00:35.385082,257897.984,286515.285,42.538,412.658,0.04,3.218,0.0
97.975,2026-06-26T03:00:35.481446,259782.402,293911.289,40.237,412.988,0.04,3.426,0.0
98.025,2026-06-26T03:00:35.531870,260918.992,293911.289,43.273,412.989,0.04,0.01,0.0
98.125,2026-06-26T03:00:35.631793,263155.57,293911.289,45.3,413.319,0.04,3.31,0.0
98.175,2026-06-26T03:00:35.682247,264297.926,293911.289,46.858,413.319,0.04,0.01,0.0
98.271,2026-06-26T03:00:35.778205,266689.059,293911.289,46.405,413.649,0.04,3.449,0.0
98.322,2026-06-26T03:00:35.828582,266751.309,293911.289,38.01,413.65,0.04,0.01,0.0
98.411,2026-06-26T03:00:35.917848,265585.223,293911.289,26.949,413.98,0.04,3.703,0.0
98.461,2026-06-26T03:00:35.968206,264951.309,293911.289,19.096,413.98,0.04,0.01,0.0
98.551,2026-06-26T03:00:36.057860,263804.73,293911.289,13.681,414.31,0.04,3.686,0.0
98.601,2026-06-26T03:00:36.108210,263135.309,293911.289,9.856,414.311,0.04,0.01,0.0
98.691,2026-06-26T03:00:36.197321,262062.121,293911.289,7.215,414.641,0.04,3.709,0.0
98.741,2026-06-26T03:00:36.247690,261455.996,293911.289,5.283,414.641,0.04,0.01,0.0
98.83,2026-06-26T03:00:36.336825,260281.629,293911.289,4.04,414.971,0.04,3.709,0.0
98.88,2026-06-26T03:00:36.387183,259957.332,293911.289,5.148,414.972,0.04,0.01,0.0
98.982,2026-06-26T03:00:36.488358,263009.93,293911.289,18.723,415.302,0.04,3.266,0.0
99.083,2026-06-26T03:00:36.589598,266071.387,293911.289,28.177,415.632,0.04,3.26,0.0
99.173,2026-06-26T03:00:36.679907,266467.285,293911.289,26.787,415.962,0.04,3.658,0.0
99.224,2026-06-26T03:00:36.730273,265736.754,293911.289,18.983,415.962,0.04,0.01,0.0
99.313,2026-06-26T03:00:36.819382,264448.738,293911.289,13.631,416.292,0.04,3.709,0.0
99.363,2026-06-26T03:00:36.869732,263761.285,293911.289,9.774,416.293,0.04,0.01,0.0
99.453,2026-06-26T03:00:36.959289,262516.715,293911.289,7.182,416.622,0.04,3.691,0.0
99.503,2026-06-26T03:00:37.009652,261815.285,293911.289,5.26,416.623,0.04,0.01,0.0
99.592,2026-06-26T03:00:37.098818,260553.285,293911.289,4.024,416.953,0.04,3.707,0.0
99.642,2026-06-26T03:00:37.149205,259789.152,293911.289,3.049,416.953,0.04,0.01,0.0
99.743,2026-06-26T03:00:37.249679,262472.359,293911.289,16.208,417.283,0.04,3.287,0.0
99.844,2026-06-26T03:00:37.350369,265405.68,293911.289,26.522,417.613,0.04,3.276,0.0
99.95,2026-06-26T03:00:37.457216,267160.262,293959.668,32.402,417.943,0.04,3.086,0.0
100.05,2026-06-26T03:00:37.556496,267235.176,294008.047,35.669,418.273,0.04,3.325,0.0
100.1,2026-06-26T03:00:37.606991,266600.77,293430.227,27.75,418.274,0.04,0.01,0.0
100.189,2026-06-26T03:00:37.696156,265419.992,292967.973,19.741,418.604,0.04,3.707,0.0
100.24,2026-06-26T03:00:37.746515,264717.672,292967.973,14.051,418.604,0.04,0.01,0.0
100.329,2026-06-26T03:00:37.836116,263497.992,292967.973,10.176,418.934,0.04,3.689,0.0
100.38,2026-06-26T03:00:37.886482,262823.531,292967.973,7.355,418.935,0.04,0.01,0.0
100.469,2026-06-26T03:00:37.975524,261649.164,292967.973,5.491,419.265,0.04,3.712,0.0
100.519,2026-06-26T03:00:38.025880,260967.273,292967.973,4.076,419.265,0.04,0.01,0.0
100.609,2026-06-26T03:00:38.115428,259755.023,292967.973,3.194,419.595,0.04,3.691,0.0
100.659,2026-06-26T03:00:38.165792,259069.992,292967.973,2.468,419.595,0.04,0.01,0.0
100.765,2026-06-26T03:00:38.272200,259257.332,286030.203,12.965,419.925,0.04,3.102,0.0
100.875,2026-06-26T03:00:38.381313,259568.293,286368.848,22.85,420.255,0.04,3.027,0.0
100.974,2026-06-26T03:00:38.481085,260820.125,287938.363,29.57,420.585,0.04,3.306,0.0
101.025,2026-06-26T03:00:38.531497,260695.074,287822.797,26.737,420.586,0.04,0.01,0.0
101.128,2026-06-26T03:00:38.634650,262720.086,294756.547,32.466,420.916,0.04,3.199,0.0
101.231,2026-06-26T03:00:38.737491,265282.242,294756.547,37.885,421.246,0.04,3.211,0.0
101.324,2026-06-26T03:00:38.830449,267453.43,294756.547,39.483,421.576,0.04,3.552,0.0
101.374,2026-06-26T03:00:38.880820,268325.637,302152.551,36.825,421.576,0.04,0.01,0.0
101.474,2026-06-26T03:00:38.980762,271377.145,302152.551,40.779,421.906,0.04,3.307,0.0
101.524,2026-06-26T03:00:39.031238,272929.426,302152.551,43.687,421.907,0.04,0.01,0.0
101.62,2026-06-26T03:00:39.126556,275228.148,302152.551,43.934,422.237,0.04,3.473,0.0
101.67,2026-06-26T03:00:39.176933,274622.023,302152.551,30.986,422.237,0.04,0.01,0.0
101.761,2026-06-26T03:00:39.268178,273440.57,302152.551,22.05,422.567,0.04,3.623,0.0
101.812,2026-06-26T03:00:39.318510,272765.766,302152.551,15.667,422.568,0.04,0.01,0.0
101.901,2026-06-26T03:00:39.407573,271629.281,302152.551,11.283,422.898,0.04,3.719,0.0
101.951,2026-06-26T03:00:39.457925,270985.273,302152.551,8.13,422.899,0.04,0.01,0.0
102.041,2026-06-26T03:00:39.547550,269886.672,302152.551,6.058,423.23,0.04,3.698,0.0
102.091,2026-06-26T03:00:39.597911,269206.57,302152.551,4.473,423.23,0.04,0.01,0.0
102.18,2026-06-26T03:00:39.687194,268030.414,302152.551,3.473,423.561,0.04,3.713,0.0
102.231,2026-06-26T03:00:39.737546,269315.594,302152.551,15.366,423.562,0.04,0.01,0.0
102.332,2026-06-26T03:00:39.839106,272377.773,302152.551,25.963,423.892,0.04,3.265,0.0
102.431,2026-06-26T03:00:39.937540,275252.07,302152.551,32.561,424.223,0.04,3.364,0.0
102.481,2026-06-26T03:00:39.987935,274798.543,302152.551,25.856,424.224,0.04,0.01,0.0
102.571,2026-06-26T03:00:40.077505,273508.543,302152.551,18.44,424.555,0.04,3.701,0.0
102.621,2026-06-26T03:00:40.127856,272754.543,302152.551,13.14,424.555,0.04,0.01,0.0
102.71,2026-06-26T03:00:40.216981,271515.633,302152.551,9.54,424.886,0.04,3.719,0.0
102.761,2026-06-26T03:00:40.267351,270833.742,302152.551,6.911,424.887,0.04,0.01,0.0
102.85,2026-06-26T03:00:40.356535,269583.609,302152.551,5.153,425.216,0.04,3.706,0.0
102.9,2026-06-26T03:00:40.406897,268863.836,302152.551,3.886,425.217,0.04,0.01,0.0
102.999,2026-06-26T03:00:40.505526,269077.156,302152.551,8.664,425.547,0.04,3.349,0.0
103.049,2026-06-26T03:00:40.555968,270544.656,302152.551,21.167,425.547,0.04,0.01,0.0
103.15,2026-06-26T03:00:40.656395,273457.238,302152.551,29.891,425.877,0.04,3.293,0.0
103.252,2026-06-26T03:00:40.758936,275395.379,302200.93,34.749,426.207,0.04,3.214,0.0
103.348,2026-06-26T03:00:40.854670,275428.059,302200.93,37.052,426.537,0.04,3.422,0.0
103.399,2026-06-26T03:00:40.905916,275021.844,302249.309,32.704,426.538,0.04,0.01,0.0
103.488,2026-06-26T03:00:40.995240,273830.238,301209.234,23.235,426.868,0.04,3.704,0.0
103.539,2026-06-26T03:00:41.045583,273110.465,301209.234,16.497,426.868,0.04,0.01,0.0
103.628,2026-06-26T03:00:41.134736,271860.332,301209.234,11.89,427.198,0.04,3.707,0.0
103.678,2026-06-26T03:00:41.185095,271216.324,301209.234,8.555,427.199,0.04,0.01,0.0
103.768,2026-06-26T03:00:41.274798,269999.254,301209.234,6.329,427.529,0.04,3.686,0.0
103.818,2026-06-26T03:00:41.325167,269322.184,301209.234,4.662,427.529,0.04,0.01,0.0
103.907,2026-06-26T03:00:41.414258,268072.051,301209.234,3.58,427.859,0.04,3.71,0.0
103.958,2026-06-26T03:00:41.464614,267390.16,301209.234,2.738,427.86,0.04,0.01,0.0
104.066,2026-06-26T03:00:41.572283,267498.594,294271.465,12.411,428.19,0.04,3.066,0.0
104.174,2026-06-26T03:00:41.681264,267799.355,294610.109,22.263,428.52,0.04,3.03,0.0
104.276,2026-06-26T03:00:41.782460,268944.449,295717.371,28.855,428.849,0.04,3.254,0.0
104.376,2026-06-26T03:00:41.882985,269638.48,302997.809,29.289,429.179,0.04,3.287,0.0
104.48,2026-06-26T03:00:41.986286,272156.754,302997.809,35.589,429.509,0.04,3.193,0.0
104.583,2026-06-26T03:00:42.089797,274793.777,302997.809,39.789,429.839,0.04,3.188,0.0
104.677,2026-06-26T03:00:42.184223,276640.352,310393.812,38.427,430.169,0.04,3.495,0.0
104.728,2026-06-26T03:00:42.234690,278185.93,310393.812,41.766,430.17,0.04,0.01,0.0
104.829,2026-06-26T03:00:42.335286,281258.793,310393.812,44.424,430.5,0.04,3.288,0.0
104.923,2026-06-26T03:00:42.429752,283435.832,310393.812,44.103,430.83,0.04,3.496,0.0
104.973,2026-06-26T03:00:42.480116,282789.832,310393.812,31.105,430.83,0.04,0.01,0.0
105.063,2026-06-26T03:00:42.569674,281613.832,310393.812,22.114,431.16,0.04,3.691,0.0
105.113,2026-06-26T03:00:42.620046,280931.262,310393.812,15.712,431.161,0.04,0.01,0.0
105.202,2026-06-26T03:00:42.709272,279799.832,310393.812,11.34,431.491,0.04,3.706,0.0
105.253,2026-06-26T03:00:42.759633,279188.652,310393.812,8.17,431.491,0.04,0.01,0.0
105.342,2026-06-26T03:00:42.848666,278090.051,310393.812,6.062,431.821,0.04,3.712,0.0
105.392,2026-06-26T03:00:42.899018,277370.277,310393.812,4.476,431.822,0.04,0.01,0.0
105.482,2026-06-26T03:00:42.989155,276269.086,310393.812,3.732,432.152,0.04,3.665,0.0
105.533,2026-06-26T03:00:43.039572,277806.758,310393.812,17.439,432.152,0.04,0.01,0.0
105.635,2026-06-26T03:00:43.141596,280905.805,310393.812,27.344,432.482,0.04,3.241,0.0
105.731,2026-06-26T03:00:43.237281,283595.801,310393.812,33.182,432.812,0.04,3.451,0.0
105.781,2026-06-26T03:00:43.287683,282901.168,310393.812,24.852,432.813,0.04,0.01,0.0
105.87,2026-06-26T03:00:43.376953,281613.152,310393.812,17.738,433.143,0.04,3.703,0.0
105.921,2026-06-26T03:00:43.427319,280851.801,310393.812,12.649,433.143,0.04,0.01,0.0
106.01,2026-06-26T03:00:43.516379,279589.801,310393.812,9.197,433.473,0.04,3.711,0.0
106.06,2026-06-26T03:00:43.566736,278923.473,310393.812,6.67,433.474,0.04,0.01,0.0
106.15,2026-06-26T03:00:43.656465,277659.801,310393.812,5.009,433.804,0.04,3.683,0.0
106.2,2026-06-26T03:00:43.706826,276953.566,310393.812,3.738,433.804,0.04,0.01,0.0
106.299,2026-06-26T03:00:43.806265,277384.668,310393.812,10.306,434.134,0.04,3.322,0.0
106.35,2026-06-26T03:00:43.856690,278575.523,310393.812,22.092,434.134,0.04,0.01,0.0
106.45,2026-06-26T03:00:43.956433,280907.789,310393.812,30.643,434.464,0.04,3.316,0.0
106.5,2026-06-26T03:00:44.006836,282138.875,310393.812,36.288,434.465,0.04,0.01,0.0
106.609,2026-06-26T03:00:44.115844,283647.484,310442.191,37.69,434.795,0.04,3.031,0.0
106.71,2026-06-26T03:00:44.216788,283662.582,310490.57,38.881,435.125,0.04,3.274,0.0
106.8,2026-06-26T03:00:44.306467,282450.328,309450.496,27.897,435.455,0.04,3.687,0.0
106.85,2026-06-26T03:00:44.356827,281768.438,309450.496,19.76,435.456,0.04,0.01,0.0
106.94,2026-06-26T03:00:44.446481,280518.305,309450.496,14.198,435.787,0.04,3.698,0.0
106.99,2026-06-26T03:00:44.496837,279798.531,309450.496,10.171,435.787,0.04,0.01,0.0
107.079,2026-06-26T03:00:44.586011,278624.164,309450.496,7.462,436.118,0.04,3.717,0.0
107.13,2026-06-26T03:00:44.636385,277974.516,309450.496,5.455,436.119,0.04,0.01,0.0
107.219,2026-06-26T03:00:44.726096,276767.906,309450.496,4.159,436.45,0.04,3.695,0.0
107.27,2026-06-26T03:00:44.776459,276100.516,309450.496,3.143,436.45,0.04,0.01,0.0
107.375,2026-06-26T03:00:44.881900,275510.738,302283.609,8.582,436.781,0.04,3.139,0.0
107.479,2026-06-26T03:00:44.986158,275933.363,302706.234,19.249,437.112,0.04,3.174,0.0
107.582,2026-06-26T03:00:45.088581,276607.941,303380.812,26.75,437.443,0.04,3.228,0.0
107.675,2026-06-26T03:00:45.181675,277267.27,304305.32,29.151,437.774,0.04,3.561,0.0
107.725,2026-06-26T03:00:45.232035,277802.227,311239.07,30.699,437.774,0.04,0.01,0.0
107.828,2026-06-26T03:00:45.335225,280335.445,311239.07,36.59,438.104,0.04,3.204,0.0
107.931,2026-06-26T03:00:45.437910,282927.148,311239.07,40.453,438.434,0.04,3.215,0.0
108.024,2026-06-26T03:00:45.530341,284686.543,318635.074,38.636,438.764,0.04,3.568,0.0
108.074,2026-06-26T03:00:45.580807,286231.867,318635.074,42.188,438.765,0.04,0.01,0.0
108.175,2026-06-26T03:00:45.681415,289301.715,318635.074,44.601,439.095,0.04,3.287,0.0
108.271,2026-06-26T03:00:45.777564,291748.555,318635.074,44.878,439.425,0.04,3.435,0.0
108.321,2026-06-26T03:00:45.827919,291104.547,318635.074,31.647,439.425,0.04,0.01,0.0
108.41,2026-06-26T03:00:45.917120,289930.18,318635.074,22.521,439.755,0.04,3.706,0.0
108.461,2026-06-26T03:00:45.967489,289237.059,318635.074,15.997,439.756,0.04,0.01,0.0
108.55,2026-06-26T03:00:46.057144,288073.922,318635.074,11.512,440.085,0.04,3.687,0.0
108.601,2026-06-26T03:00:46.107500,287429.914,318635.074,8.291,440.086,0.04,0.01,0.0
108.69,2026-06-26T03:00:46.196692,286331.312,318635.074,6.172,440.416,0.04,3.706,0.0
108.74,2026-06-26T03:00:46.247052,285679.059,318635.074,4.552,440.416,0.04,0.01,0.0
108.829,2026-06-26T03:00:46.336242,284466.199,318635.074,3.502,440.746,0.04,3.706,0.0
108.88,2026-06-26T03:00:46.386600,285683.559,318635.074,16.733,440.747,0.04,0.01,0.0
108.981,2026-06-26T03:00:46.487419,288208.305,318635.074,26.892,441.077,0.04,3.28,0.0
109.081,2026-06-26T03:00:46.588130,290764.582,318635.074,33.512,441.407,0.04,3.278,0.0
109.17,2026-06-26T03:00:46.677258,291256.078,318635.074,29.482,441.737,0.04,3.704,0.0
109.221,2026-06-26T03:00:46.727621,290481.055,318635.074,20.916,441.737,0.04,0.01,0.0
109.31,2026-06-26T03:00:46.816820,289179.055,318635.074,14.957,442.067,0.04,3.706,0.0
109.36,2026-06-26T03:00:46.867190,288528.516,318635.074,10.702,442.068,0.04,0.01,0.0
109.451,2026-06-26T03:00:46.957631,287251.055,318635.074,7.829,442.398,0.04,3.654,0.0
109.501,2026-06-26T03:00:47.007997,286547.055,318635.074,5.712,442.398,0.04,0.01,0.0
109.59,2026-06-26T03:00:47.097059,285308.477,318635.074,4.341,442.728,0.04,3.712,0.0
109.641,2026-06-26T03:00:47.147430,284550.82,318635.074,3.271,442.729,0.04,0.01,0.0
109.741,2026-06-26T03:00:47.247646,287218.781,318635.074,16.166,443.059,0.04,3.296,0.0
109.841,2026-06-26T03:00:47.347840,290207.434,318635.074,26.404,443.389,0.04,3.293,0.0
109.949,2026-06-26T03:00:47.455904,291886.461,318683.453,32.317,443.719,0.04,3.051,0.0
110.048,2026-06-26T03:00:47.555006,291947.758,318731.832,34.994,444.049,0.04,3.333,0.0
110.099,2026-06-26T03:00:47.605432,291251.781,318154.012,26.121,444.049,0.04,0.01,0.0
110.188,2026-06-26T03:00:47.694749,290011.742,317691.758,18.626,444.379,0.04,3.7,0.0
110.238,2026-06-26T03:00:47.745120,289277.742,317691.758,13.271,444.38,0.04,0.01,0.0
110.327,2026-06-26T03:00:47.834128,287888.262,317691.758,9.658,444.71,0.04,3.715,0.0
110.378,2026-06-26T03:00:47.884494,287206.371,317691.758,6.993,444.71,0.04,0.01,0.0
110.467,2026-06-26T03:00:47.973531,286009.742,317691.758,5.211,445.04,0.04,3.712,0.0
110.517,2026-06-26T03:00:48.023884,285350.113,317691.758,3.88,445.041,0.04,0.01,0.0
110.606,2026-06-26T03:00:48.113219,284099.98,317691.758,3.058,445.371,0.04,3.7,0.0
110.657,2026-06-26T03:00:48.163551,283571.262,310344.133,5.128,445.371,0.04,0.01,0.0
110.765,2026-06-26T03:00:48.271852,283981.117,310753.988,16.783,445.701,0.04,3.068,0.0
110.874,2026-06-26T03:00:48.380936,284170.359,310942.379,25.346,446.031,0.04,3.024,0.0
118.769,2026-06-26T03:00:56.275805,285832.102,312600.668,18.077,446.361,0.041,0.042,0.0
118.858,2026-06-26T03:00:56.364975,285832.102,312600.668,12.996,446.691,0.041,3.704,0.0
118.909,2026-06-26T03:00:56.415338,285832.102,312600.668,9.33,446.692,0.041,0.01,0.0
118.998,2026-06-26T03:00:56.504831,285832.102,312600.668,6.871,447.021,0.041,3.692,0.0
119.048,2026-06-26T03:00:56.555201,285832.102,312600.668,5.042,447.022,0.041,0.01,0.0
119.138,2026-06-26T03:00:56.644582,285832.102,312600.668,3.871,447.352,0.041,3.698,0.0
119.188,2026-06-26T03:00:56.694943,285832.102,312600.668,2.988,447.352,0.041,0.01,0.0
119.278,2026-06-26T03:00:56.784406,285832.102,312600.668,2.407,447.682,0.041,3.695,0.0
119.328,2026-06-26T03:00:56.834764,285832.102,312600.668,1.917,447.683,0.041,0.01,0.0
119.417,2026-06-26T03:00:56.924106,285832.102,312600.668,1.683,448.013,0.041,3.698,0.0
119.468,2026-06-26T03:00:56.974480,285832.102,312600.668,1.41,448.013,0.041,0.01,0.0
119.563,2026-06-26T03:00:57.069415,285832.102,312600.668,1.333,448.343,0.041,3.481,0.0
119.613,2026-06-26T03:00:57.119785,285832.102,312600.668,1.166,448.344,0.041,0.01,0.0
119.702,2026-06-26T03:00:57.209163,285832.102,312600.668,1.157,448.674,0.041,3.698,0.0
119.753,2026-06-26T03:00:57.259518,285832.102,312600.668,1.042,448.674,0.041,0.01,0.0
119.956,2026-06-26T03:00:57.462463,283861.344,310667.484,1.007,449.004,1739.708,1.627,8578.287
120.045,2026-06-26T03:00:57.551461,282641.418,310015.742,1.047,449.334,1739.708,3.707,0.0
120.095,2026-06-26T03:00:57.601808,281921.645,310015.742,0.965,449.335,1739.708,0.01,0.0
120.185,2026-06-26T03:00:57.691291,280671.512,310015.742,1.016,449.665,1739.708,3.693,0.0
120.235,2026-06-26T03:00:57.741647,280010.395,310015.742,0.944,449.665,1739.708,0.01,0.0
120.324,2026-06-26T03:00:57.831055,278777.371,310015.742,1.002,449.995,1739.708,3.696,0.0
120.375,2026-06-26T03:00:57.881423,278095.48,310015.742,0.933,449.995,1739.708,0.01,0.0
120.464,2026-06-26T03:00:57.970859,276864.395,310015.742,0.994,450.325,1739.708,3.696,0.0
120.514,2026-06-26T03:00:58.021189,276144.395,310015.742,0.929,450.326,1739.708,0.01,0.0
120.604,2026-06-26T03:00:58.110541,275006.344,301919.609,0.991,450.656,1739.708,3.697,0.0
120.654,2026-06-26T03:00:58.160903,274301.203,301774.48,0.926,450.656,1739.708,0.01,0.0
120.744,2026-06-26T03:00:58.250394,273074.32,301774.48,0.989,450.986,1739.708,3.694,0.0
120.794,2026-06-26T03:00:58.300760,272316.664,301774.48,0.925,450.987,1739.708,0.01,0.0
120.889,2026-06-26T03:00:58.395782,271028.648,301774.48,0.993,451.317,1739.708,3.478,0.0
120.939,2026-06-26T03:00:58.446179,270355.203,301774.48,0.927,451.317,1739.708,0.01,0.0
121.041,2026-06-26T03:00:58.547420,268982.977,301774.48,0.997,451.647,1739.708,3.263,0.0
121.13,2026-06-26T03:00:58.636313,267713.203,301774.48,1.04,451.977,1739.708,3.711,0.0
121.18,2026-06-26T03:00:58.686667,267116.191,294004.223,0.961,451.978,1739.708,0.01,0.0
121.269,2026-06-26T03:00:58.775991,265861.945,293533.219,1.014,452.307,1739.708,3.699,0.0
121.32,2026-06-26T03:00:58.826361,265147.945,293533.219,0.942,452.308,1739.708,0.01,0.0
121.409,2026-06-26T03:00:58.915769,263885.988,293533.219,0.974,452.638,1739.708,3.696,0.0
121.459,2026-06-26T03:00:58.966176,263241.98,293533.219,0.96,452.638,1739.708,0.01,0.0
121.549,2026-06-26T03:00:59.055474,262029.73,293533.219,1.014,452.968,1739.708,3.701,0.0
121.599,2026-06-26T03:00:59.105830,261347.84,293533.219,0.942,452.969,1739.708,0.01,0.0
121.689,2026-06-26T03:00:59.195408,260091.945,293533.219,1.0,453.299,1739.708,3.69,0.0
121.739,2026-06-26T03:00:59.245754,259369.078,286137.215,0.932,453.299,1739.708,0.01,0.0
121.828,2026-06-26T03:00:59.335204,258220.758,285291.957,0.967,453.63,1739.708,3.705,0.0
121.879,2026-06-26T03:00:59.385570,257514.688,285291.957,0.909,453.631,1739.708,0.01,0.0
121.968,2026-06-26T03:00:59.474772,256288.734,285291.957,1.005,453.961,1739.708,3.716,0.0
122.018,2026-06-26T03:00:59.525130,255532.688,285291.957,0.935,453.962,1739.708,0.01,0.0
122.113,2026-06-26T03:00:59.620080,254243.062,285291.957,0.976,454.293,1739.708,3.491,0.0
122.164,2026-06-26T03:00:59.670444,253546.688,285291.957,0.962,454.293,1739.708,0.01,0.0
122.253,2026-06-26T03:00:59.759682,252311.039,285291.957,1.015,454.624,1739.708,3.713,0.0
122.303,2026-06-26T03:00:59.810044,251591.266,285291.957,0.943,454.625,1739.708,0.01,0.0
122.393,2026-06-26T03:00:59.899306,250438.184,277244.203,1.002,454.955,1739.708,3.713,0.0
122.443,2026-06-26T03:00:59.949668,249757.43,277050.695,0.933,454.956,1739.708,0.01,0.0
122.532,2026-06-26T03:01:00.039083,248539.949,277050.695,0.994,455.287,1739.708,3.706,0.0
122.583,2026-06-26T03:01:00.089447,247815.43,277050.695,0.928,455.287,1739.708,0.01,0.0
122.672,2026-06-26T03:01:00.178654,246557.43,277050.695,0.965,455.618,1739.708,3.715,0.0
122.722,2026-06-26T03:01:00.229021,245850.27,277050.695,0.908,455.619,1739.708,0.01,0.0
122.812,2026-06-26T03:01:00.318334,244638.02,277050.695,1.003,455.949,1739.708,3.702,0.0
122.862,2026-06-26T03:01:00.368679,243918.246,277050.695,0.935,455.949,1739.708,0.01,0.0
122.951,2026-06-26T03:01:00.457809,242751.043,269557.934,0.97,456.279,1739.708,3.708,0.0
123.001,2026-06-26T03:01:00.508186,242072.777,268954.562,0.911,456.28,1739.708,0.01,0.0
123.096,2026-06-26T03:01:00.603066,240778.172,268809.434,0.984,456.609,1739.708,3.482,0.0
123.147,2026-06-26T03:01:00.653441,240109.273,268809.434,0.921,456.61,1739.708,0.01,0.0
123.236,2026-06-26T03:01:00.742669,238897.023,268809.434,0.987,456.94,1739.708,3.704,0.0
123.286,2026-06-26T03:01:00.793034,238215.133,268809.434,0.923,456.94,1739.708,0.01,0.0
123.375,2026-06-26T03:01:00.882102,237040.766,268809.434,0.989,457.27,1739.708,3.711,0.0
123.426,2026-06-26T03:01:00.932463,236396.758,268809.434,0.924,457.271,1739.708,0.01,0.0
123.515,2026-06-26T03:01:01.021627,235184.508,268809.434,0.989,457.601,1739.708,3.706,0.0
123.565,2026-06-26T03:01:01.071986,234584.773,261365.051,0.925,457.601,1739.708,0.01,0.0
123.654,2026-06-26T03:01:01.161231,233442.914,260568.172,0.989,457.931,1739.708,3.704,0.0
123.705,2026-06-26T03:01:01.211595,232766.914,260568.172,0.925,457.932,1739.708,0.01,0.0
123.794,2026-06-26T03:01:01.300692,231564.949,260568.172,0.963,458.262,1739.708,3.709,0.0
123.844,2026-06-26T03:01:01.351046,230883.059,260568.172,0.953,458.262,1739.708,0.01,0.0
123.933,2026-06-26T03:01:01.440209,229708.691,260568.172,1.009,458.592,1739.708,3.706,0.0
123.984,2026-06-26T03:01:01.490577,229056.914,260568.172,0.939,458.593,1739.708,0.01,0.0
124.079,2026-06-26T03:01:01.585570,227814.551,260568.172,0.978,458.922,1739.708,3.479,0.0
124.129,2026-06-26T03:01:01.635937,227132.66,260568.172,0.917,458.923,1739.708,0.01,0.0
124.228,2026-06-26T03:01:01.735098,225889.969,252797.914,0.997,459.253,1739.708,3.332,0.0
124.279,2026-06-26T03:01:01.785456,225245.656,252326.91,0.93,459.253,1739.708,0.01,0.0
124.368,2026-06-26T03:01:01.874535,224043.461,252326.91,0.993,459.583,1739.708,3.71,0.0
124.418,2026-06-26T03:01:01.924901,223357.656,252326.91,0.928,459.584,1739.708,0.01,0.0
124.507,2026-06-26T03:01:02.014048,222167.656,252326.91,0.992,459.914,1739.708,3.708,0.0
124.558,2026-06-26T03:01:02.064414,221491.656,252326.91,0.926,459.914,1739.708,0.01,0.0
124.647,2026-06-26T03:01:02.153562,220321.656,252326.91,0.991,460.244,1739.708,3.707,0.0
124.697,2026-06-26T03:01:02.203914,219635.656,252326.91,0.926,460.245,1739.708,0.01,0.0
124.786,2026-06-26T03:01:02.293000,218398.922,252326.91,0.99,460.575,1739.708,3.71,0.0
124.837,2026-06-26T03:01:02.343371,217832.637,244737.391,0.926,460.575,1739.708,0.01,0.0
124.932,2026-06-26T03:01:02.438328,216597.738,244085.648,0.994,460.905,1739.708,3.481,0.0
124.982,2026-06-26T03:01:02.488698,215915.848,244085.648,0.928,460.906,1739.708,0.01,0.0
125.071,2026-06-26T03:01:02.577760,214703.598,244085.648,0.992,461.236,1739.708,3.711,0.0
125.121,2026-06-26T03:01:02.628115,214052.398,244085.648,0.927,461.236,1739.708,0.01,0.0
125.211,2026-06-26T03:01:02.717275,212847.34,244085.648,0.964,461.566,1739.708,3.704,0.0
125.261,2026-06-26T03:01:02.767631,212203.332,244085.648,0.907,461.566,1739.708,0.01,0.0
125.35,2026-06-26T03:01:02.856777,210991.082,244085.648,1.004,461.896,1739.708,3.707,0.0
125.4,2026-06-26T03:01:02.907160,210271.309,244085.648,0.935,461.897,1739.708,0.01,0.0
125.49,2026-06-26T03:01:02.997023,209183.496,235989.516,0.994,462.227,1739.708,3.678,0.0
125.541,2026-06-26T03:01:03.047384,208545.145,235844.387,0.928,462.227,1739.708,0.01,0.0
125.63,2026-06-26T03:01:03.136471,207321.145,235844.387,0.992,462.557,1739.708,3.709,0.0
125.68,2026-06-26T03:01:03.186835,206613.867,235844.387,0.927,462.558,1739.708,0.01,0.0
125.769,2026-06-26T03:01:03.276010,205439.5,235844.387,0.991,462.887,1739.708,3.707,0.0
125.82,2026-06-26T03:01:03.326382,204757.609,235844.387,0.926,462.888,1739.708,0.01,0.0
125.915,2026-06-26T03:01:03.422068,203469.594,235844.387,0.991,463.218,1739.708,3.453,0.0
125.966,2026-06-26T03:01:03.472433,202773.145,235844.387,0.926,463.218,1739.708,0.01,0.0
126.055,2026-06-26T03:01:03.561599,201642.363,228448.383,0.964,463.548,1739.708,3.706,0.0
126.105,2026-06-26T03:01:03.611957,200980.117,227796.633,0.907,463.549,1739.708,0.01,0.0
126.194,2026-06-26T03:01:03.701120,199805.887,227603.125,1.003,463.879,1739.708,3.706,0.0
126.245,2026-06-26T03:01:03.751498,199107.887,227603.125,0.935,463.879,1739.708,0.01,0.0
126.334,2026-06-26T03:01:03.840660,197880.129,227603.125,0.97,464.209,1739.708,3.707,0.0
126.384,2026-06-26T03:01:03.891018,197236.121,227603.125,0.911,464.21,1739.708,0.01,0.0
126.473,2026-06-26T03:01:03.980225,196023.871,227603.125,0.98,464.54,1739.708,3.705,0.0
126.524,2026-06-26T03:01:04.030587,195375.887,227603.125,0.918,464.54,1739.708,0.01,0.0
126.613,2026-06-26T03:01:04.119761,194129.73,227603.125,0.985,464.87,1739.708,3.706,0.0
126.663,2026-06-26T03:01:04.170188,193438.984,227603.125,0.921,464.871,1739.708,0.01,0.0
126.754,2026-06-26T03:01:04.260961,192334.629,219361.863,0.981,465.201,1739.708,3.651,0.0
126.805,2026-06-26T03:01:04.311318,191684.539,219361.863,0.919,465.202,1739.708,0.01,0.0
126.901,2026-06-26T03:01:04.407489,190364.629,219361.863,0.985,465.534,1739.708,3.457,0.0
126.951,2026-06-26T03:01:04.457848,189676.75,219361.863,0.922,465.534,1739.708,0.01,0.0
127.04,2026-06-26T03:01:04.547261,188502.383,219361.863,0.986,465.866,1739.708,3.719,0.0
127.091,2026-06-26T03:01:04.597622,187820.492,219361.863,0.923,465.867,1739.708,0.01,0.0
127.18,2026-06-26T03:01:04.687211,186612.629,219361.863,0.986,466.199,1739.708,3.712,0.0
127.231,2026-06-26T03:01:04.737576,185926.352,219361.863,0.923,466.199,1739.708,0.01,0.0
127.322,2026-06-26T03:01:04.828510,184805.934,211591.605,1.007,466.531,1739.708,3.656,0.0
127.372,2026-06-26T03:01:04.878867,184125.168,211120.602,0.937,466.532,1739.708,0.01,0.0
127.462,2026-06-26T03:01:04.968341,182950.801,211120.602,0.997,466.864,1739.708,3.716,0.0
127.512,2026-06-26T03:01:05.018706,182268.91,211120.602,0.93,466.864,1739.708,0.01,0.0
127.601,2026-06-26T03:01:05.108246,181094.543,211120.602,0.992,467.196,1739.708,3.714,0.0
127.652,2026-06-26T03:01:05.158608,180399.371,211120.602,0.927,467.197,1739.708,0.01,0.0
127.741,2026-06-26T03:01:05.247982,179231.371,211120.602,0.964,467.528,1739.708,3.72,0.0
127.792,2026-06-26T03:01:05.298343,178533.371,211120.602,0.907,467.529,1739.708,0.01,0.0
127.887,2026-06-26T03:01:05.394073,177230.496,211120.602,1.002,467.859,1739.708,3.451,0.0
127.938,2026-06-26T03:01:05.444452,176582.207,203531.082,0.934,467.859,1739.708,0.01,0.0
128.027,2026-06-26T03:01:05.533687,175429.312,202879.34,0.969,468.189,1739.708,3.704,0.0
128.077,2026-06-26T03:01:05.584048,174747.422,202879.34,0.91,468.19,1739.708,0.01,0.0
128.167,2026-06-26T03:01:05.673306,173573.055,202879.34,0.979,468.52,1739.708,3.703,0.0
128.217,2026-06-26T03:01:05.723678,172891.164,202879.34,0.964,468.52,1739.708,0.01,0.0
128.306,2026-06-26T03:01:05.812876,171716.797,202879.34,0.99,468.85,1739.708,3.704,0.0
128.356,2026-06-26T03:01:05.863247,171038.113,202879.34,0.925,468.851,1739.708,0.01,0.0
128.446,2026-06-26T03:01:05.952598,169822.656,202879.34,0.989,469.18,1739.708,3.699,0.0
128.496,2026-06-26T03:01:06.002961,169140.766,202879.34,0.925,469.181,1739.708,0.01,0.0
128.59,2026-06-26T03:01:06.097167,168029.004,194831.586,0.996,469.511,1739.708,3.508,0.0
128.641,2026-06-26T03:01:06.147522,167415.348,194638.078,0.93,469.511,1739.708,0.01,0.0
128.747,2026-06-26T03:01:06.253564,166051.566,194638.078,1.027,469.841,1739.708,3.115,0.0
128.842,2026-06-26T03:01:06.348834,164801.434,194638.078,1.039,470.171,1739.708,3.462,0.0
128.892,2026-06-26T03:01:06.399190,164172.855,194638.078,0.959,470.172,1739.708,0.01,0.0
128.982,2026-06-26T03:01:06.488395,163024.855,194638.078,1.013,470.501,1739.708,3.704,0.0
129.032,2026-06-26T03:01:06.538767,162396.855,194638.078,0.942,470.502,1739.708,0.01,0.0
129.121,2026-06-26T03:01:06.628064,161216.855,194638.078,1.027,470.832,1739.708,3.701,0.0
129.172,2026-06-26T03:01:06.678433,160554.855,194638.078,0.951,470.832,1739.708,0.01,0.0
129.261,2026-06-26T03:01:06.767673,159552.914,186396.816,1.007,471.162,1739.708,3.703,0.0
129.311,2026-06-26T03:01:06.818030,158946.789,186396.816,0.938,471.163,1739.708,0.01,0.0
129.4,2026-06-26T03:01:06.907196,157848.188,186396.816,0.972,471.493,1739.708,3.707,0.0
129.451,2026-06-26T03:01:06.957563,157204.18,186396.816,0.913,471.493,1739.708,0.01,0.0
129.54,2026-06-26T03:01:07.046754,156083.598,186396.816,0.981,471.823,1739.708,3.706,0.0
129.59,2026-06-26T03:01:07.097115,155461.57,186396.816,0.919,471.824,1739.708,0.01,0.0
129.68,2026-06-26T03:01:07.186308,154345.598,186396.816,0.959,472.154,1739.708,3.706,0.0
129.73,2026-06-26T03:01:07.236662,153691.598,186396.816,0.903,472.154,1739.708,0.01,0.0
129.826,2026-06-26T03:01:07.332426,152468.828,186396.816,1.0,472.484,1739.708,3.45,0.0
129.876,2026-06-26T03:01:07.382796,151858.422,178807.297,0.932,472.484,1739.708,0.01,0.0
129.965,2026-06-26T03:01:07.472056,150781.293,178155.555,0.994,472.814,1739.708,3.702,0.0
130.016,2026-06-26T03:01:07.522429,150175.168,178155.555,0.928,472.815,1739.708,0.01,0.0
130.105,2026-06-26T03:01:07.611548,149038.684,178155.555,0.966,473.145,1739.708,3.708,0.0
130.155,2026-06-26T03:01:07.661903,148394.676,178155.555,0.908,473.145,1739.708,0.01,0.0
130.244,2026-06-26T03:01:07.751079,147296.074,178155.555,1.004,473.475,1739.708,3.706,0.0
130.295,2026-06-26T03:01:07.801443,146658.34,178155.555,0.935,473.476,1739.708,0.01,0.0
130.384,2026-06-26T03:01:07.890886,145542.34,178155.555,0.996,473.806,1739.708,3.695,0.0
130.434,2026-06-26T03:01:07.941250,144888.34,178155.555,0.929,473.806,1739.708,0.01,0.0
130.524,2026-06-26T03:01:08.030481,143856.773,170662.793,0.966,474.136,1739.708,3.704,0.0
130.574,2026-06-26T03:01:08.080835,143253.402,170059.422,0.955,474.136,1739.708,0.01,0.0
130.663,2026-06-26T03:01:08.169985,142161.203,169914.293,1.011,474.466,1739.708,3.707,0.0
130.714,2026-06-26T03:01:08.220354,141555.078,169914.293,0.94,474.467,1739.708,0.01,0.0
130.809,2026-06-26T03:01:08.315996,140342.828,169914.293,1.001,474.797,1739.708,3.455,0.0
130.86,2026-06-26T03:01:08.366369,139725.086,169914.293,0.933,474.797,1739.708,0.01,0.0
130.949,2026-06-26T03:01:08.455567,138600.219,169914.293,0.995,475.127,1739.708,3.706,0.0
130.999,2026-06-26T03:01:08.505923,137989.086,169914.293,0.929,475.128,1739.708,0.01,0.0
131.088,2026-06-26T03:01:08.595090,136845.086,169914.293,0.966,475.458,1739.708,3.707,0.0
131.139,2026-06-26T03:01:08.645459,136189.086,169914.293,0.908,475.458,1739.708,0.01,0.0
131.23,2026-06-26T03:01:08.736518,135163.125,161963.297,0.997,475.788,1739.708,3.629,0.0
131.28,2026-06-26T03:01:08.786885,134563.949,161673.031,0.93,475.789,1739.708,0.01,0.0
131.369,2026-06-26T03:01:08.876148,133465.348,161673.031,0.993,476.119,1739.708,3.704,0.0
131.42,2026-06-26T03:01:08.926508,132821.34,161673.031,0.927,476.119,1739.708,0.01,0.0
131.509,2026-06-26T03:01:09.015616,131722.738,161673.031,0.991,476.449,1739.708,3.709,0.0
131.559,2026-06-26T03:01:09.065972,131078.73,161673.031,0.926,476.45,1739.708,0.01,0.0
131.648,2026-06-26T03:01:09.155175,129969.828,161673.031,0.964,476.779,1739.708,3.705,0.0
131.699,2026-06-26T03:01:09.205539,129336.121,161673.031,0.907,476.78,1739.708,0.01,0.0
131.788,2026-06-26T03:01:09.295166,128199.637,161673.031,0.975,477.11,1739.708,3.698,0.0
131.839,2026-06-26T03:01:09.345521,127539.828,161673.031,0.915,477.111,1739.708,0.01,0.0
131.928,2026-06-26T03:01:09.434823,126549.984,153431.77,0.982,477.442,1739.708,3.71,0.0
131.978,2026-06-26T03:01:09.485210,125943.859,153431.77,0.92,477.442,1739.708,0.01,0.0
132.068,2026-06-26T03:01:09.574456,124807.375,153431.77,0.985,477.773,1739.708,3.712,0.0
132.118,2026-06-26T03:01:09.624826,124163.367,153431.77,0.922,477.774,1739.708,0.01,0.0
132.214,2026-06-26T03:01:09.720631,122913.234,153431.77,0.988,478.104,1739.708,3.459,0.0
132.264,2026-06-26T03:01:09.770998,122296.57,153431.77,0.924,478.105,1739.708,0.01,0.0
132.353,2026-06-26T03:01:09.860229,121162.57,153431.77,0.989,478.436,1739.708,3.714,0.0
132.404,2026-06-26T03:01:09.910591,120488.734,153431.77,0.924,478.436,1739.708,0.01,0.0
132.493,2026-06-26T03:01:09.999933,119324.57,153431.77,0.989,478.767,1739.708,3.709,0.0
132.544,2026-06-26T03:01:10.050306,118817.609,145661.512,0.924,478.767,1739.708,0.01,0.0
132.633,2026-06-26T03:01:10.139782,117721.312,145190.508,0.988,479.098,1739.708,3.704,0.0
132.683,2026-06-26T03:01:10.190182,117096.473,145190.508,0.923,479.099,1739.708,0.01,0.0
132.773,2026-06-26T03:01:10.279353,115959.988,145190.508,0.988,479.43,1739.708,3.716,0.0
132.823,2026-06-26T03:01:10.329697,115315.98,145190.508,0.924,479.43,1739.708,0.01,0.0
132.913,2026-06-26T03:01:10.419387,114179.496,145190.508,0.987,479.76,1739.708,3.683,0.0
132.963,2026-06-26T03:01:10.469754,113523.312,145190.508,0.923,479.761,1739.708,0.01,0.0
133.053,2026-06-26T03:01:10.559600,112363.312,145190.508,0.986,480.09,1739.708,3.679,0.0
133.103,2026-06-26T03:01:10.609967,111717.113,145190.508,0.922,480.091,1739.708,0.01,0.0
133.193,2026-06-26T03:01:10.699657,110681.32,137600.988,0.986,480.421,1739.708,3.685,0.0
133.243,2026-06-26T03:01:10.750011,110067.461,136949.246,0.922,480.421,1739.708,0.01,0.0
133.333,2026-06-26T03:01:10.839641,108968.859,136949.246,0.986,480.751,1739.708,3.687,0.0
133.383,2026-06-26T03:01:10.890006,108324.852,136949.246,0.922,480.752,1739.708,0.01,0.0
133.473,2026-06-26T03:01:10.979793,107188.367,136949.246,0.985,481.082,1739.708,3.682,0.0
133.523,2026-06-26T03:01:11.030167,106528.055,136949.246,0.922,481.082,1739.708,0.01,0.0
133.619,2026-06-26T03:01:11.126248,105332.109,136949.246,0.987,481.412,1739.708,3.438,0.0
133.67,2026-06-26T03:01:11.176610,104710.055,136949.246,0.923,481.413,1739.708,0.01,0.0
133.759,2026-06-26T03:01:11.266181,103551.617,136949.246,0.987,481.743,1739.708,3.689,0.0
133.81,2026-06-26T03:01:11.316559,102882.055,136949.246,0.923,481.743,1739.708,0.01,0.0
133.9,2026-06-26T03:01:11.406375,101901.965,128707.984,1.012,482.073,1739.708,3.68,0.0
133.95,2026-06-26T03:01:11.456741,101295.84,128707.984,0.94,482.073,1739.708,0.01,0.0
134.04,2026-06-26T03:01:11.546388,100197.238,128707.984,0.972,482.403,1739.708,3.686,0.0
134.09,2026-06-26T03:01:11.596742,99553.23,128707.984,0.913,482.404,1739.708,0.01,0.0
134.18,2026-06-26T03:01:11.686369,98416.746,128707.984,0.979,482.734,1739.708,3.687,0.0
134.23,2026-06-26T03:01:11.736736,97810.621,128707.984,0.918,482.734,1739.708,0.01,0.0
134.32,2026-06-26T03:01:11.826424,96712.02,128707.984,0.983,483.064,1739.708,3.685,0.0
134.37,2026-06-26T03:01:11.876789,96068.012,128707.984,0.92,483.065,1739.708,0.01,0.0
134.46,2026-06-26T03:01:11.966483,94924.797,128707.984,1.01,483.395,1739.708,3.684,0.0
134.51,2026-06-26T03:01:12.016830,94367.395,121166.844,0.94,483.395,1739.708,0.01,0.0
134.6,2026-06-26T03:01:12.106363,93319.758,120466.723,0.972,483.725,1739.708,3.691,0.0
134.65,2026-06-26T03:01:12.156737,92695.539,120466.723,0.913,483.725,1739.708,0.01,0.0
134.74,2026-06-26T03:01:12.246411,91575.539,120466.723,0.979,484.055,1739.708,3.686,0.0
134.79,2026-06-26T03:01:12.296776,90915.539,120466.723,0.918,484.056,1739.708,0.01,0.0
134.88,2026-06-26T03:01:12.386441,89758.773,120466.723,0.982,484.386,1739.708,3.686,0.0
134.93,2026-06-26T03:01:12.436797,89152.648,120466.723,0.92,484.386,1739.708,0.01,0.0
135.024,2026-06-26T03:01:12.531015,87940.398,120466.723,0.992,484.716,1739.708,3.506,0.0
135.075,2026-06-26T03:01:12.581392,87296.391,120466.723,0.927,484.717,1739.708,0.01,0.0
135.165,2026-06-26T03:01:12.671659,86167.941,112973.961,0.986,485.047,1739.708,3.652,0.0
135.216,2026-06-26T03:01:12.722405,85564.57,112370.59,0.921,485.047,1739.708,0.01,0.0
135.306,2026-06-26T03:01:12.812284,84510.254,112225.461,0.984,485.377,1739.708,3.677,0.0
135.356,2026-06-26T03:01:12.862635,83904.129,112225.461,0.921,485.378,1739.708,0.01,0.0
135.445,2026-06-26T03:01:12.952197,82805.527,112225.461,0.985,485.708,1739.708,3.69,0.0
135.496,2026-06-26T03:01:13.002554,82199.402,112225.461,0.922,485.708,1739.708,0.01,0.0
135.585,2026-06-26T03:01:13.092166,81110.281,112225.461,0.986,486.038,1739.708,3.688,0.0
135.636,2026-06-26T03:01:13.142526,80494.676,112225.461,0.922,486.038,1739.708,0.01,0.0
135.726,2026-06-26T03:01:13.232805,79396.074,112225.461,0.983,486.368,1739.708,3.658,0.0
135.776,2026-06-26T03:01:13.283266,78789.949,112225.461,0.92,486.369,1739.708,0.01,0.0
135.866,2026-06-26T03:01:13.372883,77716.273,104635.941,1.011,486.699,1739.708,3.687,0.0
135.916,2026-06-26T03:01:13.423247,77140.297,103984.199,0.94,486.699,1739.708,0.01,0.0
136.006,2026-06-26T03:01:13.512840,76141.023,103984.199,0.972,487.029,1739.708,3.689,0.0
136.056,2026-06-26T03:01:13.563200,75565.023,103984.199,0.913,487.03,1739.708,0.01,0.0
136.146,2026-06-26T03:01:13.652862,74555.023,103984.199,0.979,487.36,1739.708,3.686,0.0
136.196,2026-06-26T03:01:13.703215,73975.023,103984.199,0.918,487.36,1739.708,0.01,0.0
136.286,2026-06-26T03:01:13.792819,72965.023,103984.199,0.983,487.69,1739.708,3.688,0.0
136.336,2026-06-26T03:01:13.843193,72381.023,103984.199,0.92,487.691,1739.708,0.01,0.0
136.432,2026-06-26T03:01:13.939026,71293.023,103984.199,0.987,488.021,1739.708,3.447,0.0
136.483,2026-06-26T03:01:13.989427,70717.023,103984.199,0.923,488.021,1739.708,0.01,0.0
136.572,2026-06-26T03:01:14.079143,69702.922,96491.438,1.012,488.351,1739.708,3.684,0.0
136.623,2026-06-26T03:01:14.129502,69130.426,95936.445,0.941,488.352,1739.708,0.01,0.0
136.713,2026-06-26T03:01:14.219868,68141.379,95742.938,0.996,488.682,1739.708,3.664,0.0
136.763,2026-06-26T03:01:14.270219,67573.137,95742.938,0.93,488.683,1739.708,0.01,0.0
136.853,2026-06-26T03:01:14.359764,66550.301,95742.938,0.991,489.013,1739.708,3.701,0.0
136.903,2026-06-26T03:01:14.410122,65982.059,95742.938,0.926,489.014,1739.708,0.01,0.0
136.993,2026-06-26T03:01:14.499316,64981.77,95742.938,0.964,489.345,1739.708,3.716,0.0
137.043,2026-06-26T03:01:14.549660,64403.77,95742.938,0.907,489.345,1739.708,0.01,0.0
137.132,2026-06-26T03:01:14.638760,63406.027,95742.938,0.977,489.676,1739.708,3.719,0.0
137.182,2026-06-26T03:01:14.689102,62837.785,95742.938,0.916,489.677,1739.708,0.01,0.0
137.272,2026-06-26T03:01:14.778288,61814.949,95742.938,0.983,490.007,1739.708,3.716,0.0
137.315,2026-06-26T03:01:14.821717,61342.34,88110.414,0.948,490.008,1739.708,0.011,0.0
137.32,2026-06-26T03:01:14.826307,61342.34,88110.414,0.664,490.008,1739.708,1.189,0.0
137.32,2026-06-26T03:01:14.826463,61342.34,88110.414,0.464,490.009,1739.708,3.949,0.0
137.32,2026-06-26T03:01:14.826608,61342.34,88110.414,0.325,490.01,1739.708,3.505,0.0
137.322,2026-06-26T03:01:14.828642,61345.984,89850.082,1.29,490.01,1739.708,0.223,0.0
137.411,2026-06-26T03:01:14.918040,61538.785,89850.082,1.218,490.341,1739.708,3.708,0.0
137.462,2026-06-26T03:01:14.968409,61647.203,89850.082,1.085,490.341,1739.708,0.01,0.0
137.551,2026-06-26T03:01:15.058174,61836.703,89850.082,1.099,490.672,1739.708,3.69,0.0
137.602,2026-06-26T03:01:15.108569,61941.488,89850.082,1.002,490.673,1739.708,0.01,0.0
137.691,2026-06-26T03:01:15.197984,62129.445,89850.082,1.042,491.004,1739.708,3.706,0.0
137.742,2026-06-26T03:01:15.248355,62236.195,89850.082,0.962,491.004,1739.708,0.01,0.0
137.832,2026-06-26T03:01:15.338380,62422.02,89850.082,1.012,491.334,1739.708,3.672,0.0
137.882,2026-06-26T03:01:15.388734,62528.266,89850.082,0.941,491.335,1739.708,0.01,0.0
137.972,2026-06-26T03:01:15.478392,62709.559,89850.082,0.999,491.664,1739.708,3.686,0.0
138.022,2026-06-26T03:01:15.528746,62812.25,89850.082,0.931,491.665,1739.708,0.01,0.0
138.112,2026-06-26T03:01:15.618503,62994.762,89850.082,0.992,491.995,1739.708,3.682,0.0
139.213,2026-06-26T03:01:16.720055,62993.797,89761.996,0.93,2231.662,1739.708,1578.613,0.0
139.214,2026-06-26T03:01:16.720933,62993.797,89761.996,0.651,2231.663,1739.708,1.528,0.0
139.219,2026-06-26T03:01:16.726052,62993.797,89761.996,0.9,2231.663,1739.708,0.097,0.0
139.22,2026-06-26T03:01:16.726607,62993.797,89761.996,0.63,2231.664,1739.708,1.26,0.0
143.338,2026-06-26T03:01:20.845167,64733.465,91501.664,0.681,2231.993,1739.708,0.08,0.0
143.427,2026-06-26T03:01:20.933872,64733.465,91501.664,0.821,2232.323,1739.708,3.721,0.0
143.477,2026-06-26T03:01:20.984224,64733.465,91501.664,0.807,2232.324,1739.708,0.01,0.0
143.567,2026-06-26T03:01:21.074229,64733.465,91501.664,0.904,2232.653,1739.708,3.669,0.0
143.618,2026-06-26T03:01:21.124591,64733.465,91501.664,0.865,2232.654,1739.708,0.01,0.0
143.708,2026-06-26T03:01:21.215126,64733.465,91501.664,0.942,2232.984,1739.708,3.656,0.0
143.759,2026-06-26T03:01:21.265490,64733.465,91501.664,0.938,2232.985,1739.708,0.01,0.0
143.848,2026-06-26T03:01:21.354756,64733.465,91501.664,0.972,2233.315,1739.708,3.71,0.0
143.898,2026-06-26T03:01:21.405109,64733.465,91501.664,0.913,2233.316,1739.708,0.01,0.0
143.988,2026-06-26T03:01:21.494438,64733.465,91501.664,0.98,2233.647,1739.708,3.708,0.0
144.038,2026-06-26T03:01:21.544799,64733.465,91501.664,0.919,2233.647,1739.708,0.01,0.0
144.127,2026-06-26T03:01:21.634166,64733.465,91501.664,0.984,2233.978,1739.708,3.708,0.0
144.178,2026-06-26T03:01:21.684523,64733.465,91501.664,0.921,2233.978,1739.708,0.01,0.0
144.268,2026-06-26T03:01:21.774772,64733.465,91501.664,0.983,2234.309,1739.708,3.67,0.0
144.318,2026-06-26T03:01:21.825121,64733.465,91501.664,0.92,2234.309,1739.708,0.01,0.0
144.512,2026-06-26T03:01:22.018808,62993.797,89761.996,0.91,2234.448,3479.374,0.716,8969.008
144.555,2026-06-26T03:01:22.061298,62993.797,89761.996,0.859,2234.641,3479.374,4.566,0.0
144.658,2026-06-26T03:01:22.165257,62993.797,89761.996,0.737,2234.971,3479.374,3.183,0.0
144.747,2026-06-26T03:01:22.253946,62993.797,89761.996,0.621,2235.302,3479.374,3.729,0.0
144.798,2026-06-26T03:01:22.304311,62993.797,89761.996,0.435,2235.302,3479.374,0.01,0.0
144.888,2026-06-26T03:01:22.394717,62993.797,89761.996,0.434,2235.632,3479.374,3.654,0.0
144.938,2026-06-26T03:01:22.445070,62993.797,89761.996,0.304,2235.633,3479.374,0.01,0.0
145.027,2026-06-26T03:01:22.534180,62993.797,89761.996,0.318,2235.962,3479.374,3.707,0.0
145.078,2026-06-26T03:01:22.584522,62993.797,89761.996,0.269,2235.963,3479.374,0.01,0.0
145.167,2026-06-26T03:01:22.673556,62993.797,89761.996,0.267,2236.293,3479.374,3.709,0.0
145.217,2026-06-26T03:01:22.723920,62993.797,89761.996,0.234,2236.293,3479.374,0.01,0.0
145.308,2026-06-26T03:01:22.814404,62993.797,89761.996,0.267,2236.624,3479.374,3.659,0.0
145.358,2026-06-26T03:01:22.864762,62993.797,89761.996,0.187,2236.624,3479.374,0.01,0.0
145.447,2026-06-26T03:01:22.954047,62993.797,89761.996,0.236,2236.955,3479.374,3.709,0.0
145.498,2026-06-26T03:01:23.004409,62993.797,89761.996,0.165,2236.955,3479.374,0.01,0.0
145.588,2026-06-26T03:01:23.094624,62993.797,89761.996,0.246,2237.286,3479.374,3.671,0.0
145.638,2026-06-26T03:01:23.144988,62993.797,89761.996,0.172,2237.286,3479.374,0.01,0.0
145.727,2026-06-26T03:01:23.234262,62993.797,89761.996,0.226,2237.617,3479.374,3.712,0.0
145.778,2026-06-26T03:01:23.284617,62993.797,89761.996,0.158,2237.618,3479.374,0.01,0.0
145.867,2026-06-26T03:01:23.373777,62993.797,89761.996,0.216,2237.948,3479.374,3.715,0.0
145.917,2026-06-26T03:01:23.424130,62993.797,89761.996,0.151,2237.949,3479.374,0.01,0.0
146.006,2026-06-26T03:01:23.513239,62993.797,89761.996,0.211,2238.28,3479.374,3.717,0.0
146.057,2026-06-26T03:01:23.563617,62993.797,89761.996,0.148,2238.28,3479.374,0.01,0.0
146.146,2026-06-26T03:01:23.653106,62993.797,89761.996,0.235,2238.611,3479.374,3.709,0.0
146.197,2026-06-26T03:01:23.703463,62993.797,89761.996,0.164,2238.611,3479.374,0.01,0.0
146.287,2026-06-26T03:01:23.793721,62993.797,89761.996,0.219,2238.942,3479.374,3.67,0.0
146.337,2026-06-26T03:01:23.844072,62993.797,89761.996,0.153,2238.942,3479.374,0.01,0.0
146.427,2026-06-26T03:01:23.933347,62993.797,89761.996,0.213,2239.272,3479.374,3.7,0.0
146.477,2026-06-26T03:01:23.983703,62993.797,89761.996,0.149,2239.273,3479.374,0.01,0.0
146.566,2026-06-26T03:01:24.072909,62993.797,89761.996,0.236,2239.603,3479.374,3.703,0.0
146.616,2026-06-26T03:01:24.123266,62993.797,89761.996,0.165,2239.603,3479.374,0.01,0.0
146.707,2026-06-26T03:01:24.213609,62993.797,89761.996,0.219,2239.933,3479.374,3.663,0.0
146.757,2026-06-26T03:01:24.263959,62993.797,89761.996,0.154,2239.934,3479.374,0.01,0.0
146.846,2026-06-26T03:01:24.353216,62993.797,89761.996,0.213,2240.265,3479.374,3.711,0.0
146.897,2026-06-26T03:01:24.403577,62993.797,89761.996,0.149,2240.265,3479.374,0.01,0.0
146.987,2026-06-26T03:01:24.494104,62993.797,89761.996,0.208,2240.596,3479.374,3.66,0.0
147.038,2026-06-26T03:01:24.544469,62993.797,89761.996,0.145,2240.596,3479.374,0.01,0.0
147.127,2026-06-26T03:01:24.633691,62993.797,89761.996,0.233,2240.927,3479.374,3.713,0.0
147.177,2026-06-26T03:01:24.684054,62993.797,89761.996,0.163,2240.928,3479.374,0.01,0.0
147.266,2026-06-26T03:01:24.773210,62993.797,89761.996,0.22,2241.258,3479.374,3.715,0.0
147.317,2026-06-26T03:01:24.823572,62993.797,89761.996,0.154,2241.259,3479.374,0.01,0.0
147.406,2026-06-26T03:01:24.912808,62993.797,89761.996,0.213,2241.59,3479.374,3.713,0.0
147.456,2026-06-26T03:01:24.963178,62993.797,89761.996,0.195,2241.59,3479.374,0.01,0.0
147.546,2026-06-26T03:01:25.052365,62993.797,89761.996,0.242,2241.921,3479.374,3.714,0.0
147.596,2026-06-26T03:01:25.102714,62993.797,89761.996,0.169,2241.921,3479.374,0.01,0.0
147.686,2026-06-26T03:01:25.192858,62993.797,89761.996,0.197,2242.252,3479.374,3.674,0.0
147.736,2026-06-26T03:01:25.243220,62993.797,89761.996,0.138,2242.252,3479.374,0.01,0.0
147.826,2026-06-26T03:01:25.332454,62993.797,89761.996,0.254,2242.582,3479.374,3.702,0.0
147.876,2026-06-26T03:01:25.382809,62993.797,89761.996,0.178,2242.583,3479.374,0.01,0.0
147.965,2026-06-26T03:01:25.471963,62993.797,89761.996,0.23,2242.913,3479.374,3.705,0.0
148.016,2026-06-26T03:01:25.522313,62993.797,89761.996,0.161,2242.913,3479.374,0.01,0.0
148.105,2026-06-26T03:01:25.611394,62993.797,89761.996,0.244,2243.243,3479.374,3.707,0.0
148.155,2026-06-26T03:01:25.661761,62993.797,89761.996,0.171,2243.243,3479.374,0.01,0.0
148.244,2026-06-26T03:01:25.751038,62993.797,89761.996,0.225,2243.573,3479.374,3.7,0.0
148.295,2026-06-26T03:01:25.801395,62993.797,89761.996,0.157,2243.574,3479.374,0.01,0.0
148.385,2026-06-26T03:01:25.891688,62993.797,89761.996,0.214,2243.903,3479.374,3.658,0.0
148.435,2026-06-26T03:01:25.942035,62993.797,89761.996,0.15,2243.904,3479.374,0.01,0.0
148.524,2026-06-26T03:01:26.031201,62993.797,89761.996,0.236,2244.234,3479.374,3.704,0.0
148.575,2026-06-26T03:01:26.081541,62993.797,89761.996,0.165,2244.234,3479.374,0.01,0.0
148.664,2026-06-26T03:01:26.170970,62993.797,89761.996,0.221,2244.564,3479.374,3.7,0.0
148.715,2026-06-26T03:01:26.221335,62993.797,89761.996,0.155,2244.564,3479.374,0.01,0.0
148.804,2026-06-26T03:01:26.310499,62993.797,89761.996,0.213,2244.894,3479.374,3.705,0.0
148.854,2026-06-26T03:01:26.360849,62993.797,89761.996,0.149,2244.895,3479.374,0.01,0.0
148.943,2026-06-26T03:01:26.449885,62993.797,89761.996,0.236,2245.224,3479.374,3.71,0.0
148.993,2026-06-26T03:01:26.500251,62993.797,89761.996,0.165,2245.225,3479.374,0.01,0.0
149.084,2026-06-26T03:01:26.590671,62993.797,89761.996,0.22,2245.555,3479.374,3.654,0.0
149.134,2026-06-26T03:01:26.641006,62993.797,89761.996,0.154,2245.555,3479.374,0.01,0.0
149.223,2026-06-26T03:01:26.730120,62993.797,89761.996,0.213,2245.885,3479.374,3.707,0.0
149.274,2026-06-26T03:01:26.780477,62993.797,89761.996,0.149,2245.886,3479.374,0.01,0.0
149.363,2026-06-26T03:01:26.869497,62993.797,89761.996,0.21,2246.215,3479.374,3.71,0.0
149.413,2026-06-26T03:01:26.919864,62993.797,89761.996,0.193,2246.216,3479.374,0.01,0.0
149.502,2026-06-26T03:01:27.009148,62993.797,89761.996,0.241,2246.546,3479.374,3.701,0.0
149.553,2026-06-26T03:01:27.059506,62993.797,89761.996,0.168,2246.546,3479.374,0.01,0.0
149.642,2026-06-26T03:01:27.148616,62993.797,89761.996,0.25,2246.876,3479.374,3.707,0.0
149.692,2026-06-26T03:01:27.198971,62993.797,89761.996,0.175,2246.876,3479.374,0.01,0.0
149.781,2026-06-26T03:01:27.288026,62993.797,89761.996,0.228,2247.206,3479.374,3.709,0.0
149.832,2026-06-26T03:01:27.338400,62993.797,89761.996,0.159,2247.207,3479.374,0.01,0.0
149.922,2026-06-26T03:01:27.428999,62993.797,89761.996,0.215,2247.536,3479.374,3.646,0.0
149.973,2026-06-26T03:01:27.479363,62993.797,89761.996,0.151,2247.537,3479.374,0.01,0.0
150.062,2026-06-26T03:01:27.568550,62993.797,89761.996,0.211,2247.867,3479.374,3.704,0.0
150.112,2026-06-26T03:01:27.618899,62993.797,89761.996,0.147,2247.867,3479.374,0.01,0.0
150.201,2026-06-26T03:01:27.707933,62993.797,89761.996,0.209,2248.197,3479.374,3.71,0.0
150.252,2026-06-26T03:01:27.758306,62993.797,89761.996,0.146,2248.197,3479.374,0.01,0.0
150.341,2026-06-26T03:01:27.848068,62993.797,89761.996,0.233,2248.527,3479.374,3.68,0.0
150.392,2026-06-26T03:01:27.898430,62993.797,89761.996,0.163,2248.528,3479.374,0.01,0.0
150.481,2026-06-26T03:01:27.987684,62993.797,89761.996,0.219,2248.858,3479.374,3.711,0.0
150.531,2026-06-26T03:01:28.038035,62993.797,89761.996,0.154,2248.859,3479.374,0.01,0.0
150.622,2026-06-26T03:01:28.128904,62993.797,89761.996,0.237,2249.19,3479.374,3.646,0.0
150.672,2026-06-26T03:01:28.179264,62993.797,89761.996,0.166,2249.19,3479.374,0.01,0.0
150.762,2026-06-26T03:01:28.269025,62993.797,89761.996,0.22,2249.521,3479.374,3.691,0.0
150.813,2026-06-26T03:01:28.319387,62993.797,89761.996,0.154,2249.521,3479.374,0.01,0.0
150.902,2026-06-26T03:01:28.409053,62993.797,89761.996,0.213,2249.852,3479.374,3.694,0.0
150.953,2026-06-26T03:01:28.459410,62993.797,89761.996,0.149,2249.853,3479.374,0.01,0.0
151.042,2026-06-26T03:01:28.549009,62993.797,89761.996,0.209,2250.183,3479.374,3.696,0.0
151.093,2026-06-26T03:01:28.599378,62993.797,89761.996,0.146,2250.184,3479.374,0.01,0.0
151.182,2026-06-26T03:01:28.689105,62993.797,89761.996,0.207,2250.515,3479.374,3.692,0.0
151.233,2026-06-26T03:01:28.739468,62993.797,89761.996,0.145,2250.515,3479.374,0.01,0.0
151.324,2026-06-26T03:01:28.830319,62993.797,89761.996,0.231,2250.846,3479.374,3.646,0.0
151.374,2026-06-26T03:01:28.880665,62993.797,89761.996,0.161,2250.846,3479.374,0.01,0.0
151.464,2026-06-26T03:01:28.970476,62993.797,89761.996,0.218,2251.176,3479.374,3.677,0.0
151.514,2026-06-26T03:01:29.020841,62993.797,89761.996,0.152,2251.177,3479.374,0.01,0.0
151.604,2026-06-26T03:01:29.110463,62993.797,89761.996,0.211,2251.506,3479.374,3.687,0.0
151.654,2026-06-26T03:01:29.160820,62993.797,89761.996,0.148,2251.507,3479.374,0.01,0.0
151.744,2026-06-26T03:01:29.251220,62993.797,89761.996,0.207,2251.837,3479.374,3.657,0.0
151.795,2026-06-26T03:01:29.301567,62993.797,89761.996,0.192,2251.837,3479.374,0.01,0.0
151.884,2026-06-26T03:01:29.390948,62993.797,89761.996,0.239,2252.168,3479.374,3.706,0.0
151.935,2026-06-26T03:01:29.441312,62993.797,89761.996,0.167,2252.168,3479.374,0.01,0.0
152.025,2026-06-26T03:01:29.531676,62993.797,89761.996,0.221,2252.499,3479.374,3.666,0.0
152.075,2026-06-26T03:01:29.582034,62993.797,89761.996,0.155,2252.5,3479.374,0.01,0.0
152.164,2026-06-26T03:01:29.671255,62993.797,89761.996,0.214,2252.83,3479.374,3.714,0.0
152.215,2026-06-26T03:01:29.721600,62993.797,89761.996,0.196,2252.831,3479.374,0.01,0.0
152.304,2026-06-26T03:01:29.810689,62993.797,89761.996,0.242,2253.162,3479.374,3.718,0.0
152.354,2026-06-26T03:01:29.861051,62993.797,89761.996,0.17,2253.162,3479.374,0.01,0.0
152.444,2026-06-26T03:01:29.950344,62993.797,89761.996,0.224,2253.493,3479.374,3.71,0.0
152.494,2026-06-26T03:01:30.000676,62993.797,89761.996,0.157,2253.493,3479.374,0.01,0.0
152.583,2026-06-26T03:01:30.089801,62993.797,89761.996,0.215,2253.824,3479.374,3.717,0.0
152.633,2026-06-26T03:01:30.140133,62993.797,89761.996,0.15,2253.825,3479.374,0.01,0.0
152.724,2026-06-26T03:01:30.230466,62993.797,89761.996,0.235,2254.155,3479.374,3.667,0.0
152.774,2026-06-26T03:01:30.280831,62993.797,89761.996,0.165,2254.156,3479.374,0.01,0.0
152.863,2026-06-26T03:01:30.369949,62993.797,89761.996,0.22,2254.486,3479.374,3.707,0.0
152.914,2026-06-26T03:01:30.420313,62993.797,89761.996,0.154,2254.486,3479.374,0.01,0.0
153.003,2026-06-26T03:01:30.509424,62993.797,89761.996,0.213,2254.816,3479.374,3.707,0.0
153.053,2026-06-26T03:01:30.559766,62993.797,89761.996,0.149,2254.816,3479.374,0.01,0.0
153.142,2026-06-26T03:01:30.648797,62993.797,89761.996,0.236,2255.146,3479.374,3.71,0.0
153.192,2026-06-26T03:01:30.699178,62993.797,89761.996,0.165,2255.147,3479.374,0.01,0.0
153.283,2026-06-26T03:01:30.789785,62993.797,89761.996,0.219,2255.476,3479.374,3.646,0.0
153.333,2026-06-26T03:01:30.840158,62993.797,89761.996,0.154,2255.477,3479.374,0.01,0.0
153.424,2026-06-26T03:01:30.930471,62993.797,89761.996,0.211,2255.807,3479.374,3.658,0.0
153.474,2026-06-26T03:01:30.980815,62993.797,89761.996,0.148,2255.807,3479.374,0.01,0.0
153.563,2026-06-26T03:01:31.069669,62993.797,89761.996,0.209,2256.137,3479.374,3.717,0.0
153.613,2026-06-26T03:01:31.120028,62993.797,89761.996,0.193,2256.137,3479.374,0.01,0.0
153.702,2026-06-26T03:01:31.208885,62993.797,89761.996,0.214,2256.467,3479.374,3.718,0.0
153.752,2026-06-26T03:01:31.259243,62993.797,89761.996,0.15,2256.468,3479.374,0.01,0.0
153.841,2026-06-26T03:01:31.348081,62993.797,89761.996,0.211,2256.798,3479.374,3.718,0.0
153.892,2026-06-26T03:01:31.398433,62993.797,89761.996,0.194,2256.798,3479.374,0.01,0.0
153.981,2026-06-26T03:01:31.487395,62993.797,89761.996,0.241,2257.128,3479.374,3.713,0.0
154.031,2026-06-26T03:01:31.537762,62993.797,89761.996,0.169,2257.128,3479.374,0.01,0.0
154.121,2026-06-26T03:01:31.628267,62993.797,89761.996,0.222,2257.458,3479.374,3.65,0.0
154.172,2026-06-26T03:01:31.678629,62993.797,89761.996,0.155,2257.459,3479.374,0.01,0.0
154.261,2026-06-26T03:01:31.767703,62993.797,89761.996,0.214,2257.788,3479.374,3.709,0.0
154.311,2026-06-26T03:01:31.818052,62993.797,89761.996,0.15,2257.789,3479.374,0.01,0.0
154.4,2026-06-26T03:01:31.907126,62993.797,89761.996,0.237,2258.119,3479.374,3.708,0.0
154.451,2026-06-26T03:01:31.957495,62993.797,89761.996,0.166,2258.119,3479.374,0.01,0.0
154.54,2026-06-26T03:01:32.046593,62993.797,89761.996,0.221,2258.449,3479.374,3.708,0.0
154.59,2026-06-26T03:01:32.096949,62993.797,89761.996,0.155,2258.449,3479.374,0.01,0.0
154.679,2026-06-26T03:01:32.186097,62993.797,89761.996,0.214,2258.779,3479.374,3.706,0.0
154.73,2026-06-26T03:01:32.236449,62993.797,89761.996,0.15,2258.78,3479.374,0.01,0.0
154.824,2026-06-26T03:01:32.330292,62993.797,89761.996,0.205,2259.109,3479.374,3.519,0.0
154.874,2026-06-26T03:01:32.380651,62993.797,89761.996,0.19,2259.11,3479.374,0.01,0.0
154.963,2026-06-26T03:01:32.470004,62993.801,89761.996,0.238,2259.44,3479.374,3.696,0.0
155.014,2026-06-26T03:01:32.520364,62993.801,89761.996,0.259,2259.44,3479.374,0.01,0.0
155.103,2026-06-26T03:01:32.609418,62993.801,89761.996,0.313,2259.77,3479.374,3.709,0.0
155.153,2026-06-26T03:01:32.659782,62993.801,89761.996,0.312,2259.771,3479.374,0.01,0.0
155.242,2026-06-26T03:01:32.749090,62993.801,89761.996,0.324,2260.1,3479.374,3.702,0.0
155.293,2026-06-26T03:01:32.799452,62993.801,89761.996,0.32,2260.101,3479.374,0.01,0.0
155.382,2026-06-26T03:01:32.888659,62993.801,89761.996,0.329,2260.431,3479.374,3.71,0.0
155.432,2026-06-26T03:01:32.939017,62993.801,89761.996,0.23,2260.432,3479.374,0.01,0.0
155.521,2026-06-26T03:01:33.028151,62993.801,89761.996,0.266,2260.762,3479.374,3.717,0.0
155.572,2026-06-26T03:01:33.078491,62993.801,89761.996,0.233,2260.763,3479.374,0.01,0.0
155.661,2026-06-26T03:01:33.167517,62993.801,89761.996,0.347,2261.094,3479.374,3.72,0.0
155.711,2026-06-26T03:01:33.217877,62993.801,89761.996,0.29,2261.094,3479.374,0.01,0.0
155.8,2026-06-26T03:01:33.307107,62993.801,89761.996,0.334,2261.425,3479.374,3.712,0.0
155.851,2026-06-26T03:01:33.357469,62993.801,89761.996,0.28,2261.425,3479.374,0.01,0.0
155.94,2026-06-26T03:01:33.447005,62993.801,89761.996,0.38,2261.756,3479.374,3.698,0.0
155.991,2026-06-26T03:01:33.497397,62993.801,89761.996,0.266,2261.756,3479.374,0.01,0.0
156.08,2026-06-26T03:01:33.586563,62993.801,89761.996,0.317,2262.087,3479.374,3.714,0.0
156.13,2026-06-26T03:01:33.636921,62993.801,89761.996,0.269,2262.088,3479.374,0.01,0.0
156.219,2026-06-26T03:01:33.725972,62993.801,89761.996,0.346,2262.418,3479.374,3.72,0.0
156.27,2026-06-26T03:01:33.776346,62993.801,89761.996,0.289,2262.419,3479.374,0.01,0.0
156.359,2026-06-26T03:01:33.865412,62993.801,89761.996,0.334,2262.749,3479.374,3.718,0.0
156.409,2026-06-26T03:01:33.915753,62993.801,89761.996,0.327,2262.75,3479.374,0.01,0.0
156.498,2026-06-26T03:01:34.004776,62993.801,89761.996,0.36,2263.079,3479.374,3.71,0.0
156.548,2026-06-26T03:01:34.055131,62993.801,89761.996,0.252,2263.08,3479.374,0.01,0.0
156.639,2026-06-26T03:01:34.146048,62993.801,89761.996,0.331,2263.41,3479.374,3.632,0.0
156.69,2026-06-26T03:01:34.196437,62993.801,89761.996,0.278,2263.41,3479.374,0.01,0.0
156.779,2026-06-26T03:01:34.285833,62993.801,89761.996,0.352,2263.74,3479.374,3.695,0.0
156.829,2026-06-26T03:01:34.336184,62993.801,89761.996,0.293,2263.74,3479.374,0.01,0.0
156.919,2026-06-26T03:01:34.425387,62993.801,89761.996,0.337,2264.071,3479.374,3.713,0.0
156.969,2026-06-26T03:01:34.475744,62993.801,89761.996,0.468,2264.072,3479.374,0.01,0.0
157.058,2026-06-26T03:01:34.564870,62993.801,89761.996,0.643,2264.402,3479.374,3.717,0.0
157.108,2026-06-26T03:01:34.615223,62993.801,89761.996,0.683,2264.403,3479.374,0.01,0.0
157.198,2026-06-26T03:01:34.704348,62993.801,89761.996,0.847,2264.734,3479.374,3.717,0.0
157.248,2026-06-26T03:01:34.754696,62993.801,89761.996,0.825,2264.734,3479.374,0.01,0.0
157.764,2026-06-26T03:01:35.270625,61342.344,88110.414,0.809,2264.735,3479.378,0.002,0.007
157.775,2026-06-26T03:01:35.281479,61234.836,88002.906,1.224,2264.753,3479.378,1.681,0.0
157.775,2026-06-26T03:01:35.281923,61234.836,88002.906,0.857,2264.754,3479.378,2.543,0.0
157.776,2026-06-26T03:01:35.282282,61234.836,88002.906,0.6,2264.754,3479.378,2.051,0.0
157.835,2026-06-26T03:01:35.342150,61350.926,89742.574,0.889,2265.066,3479.378,5.203,0.0
157.925,2026-06-26T03:01:35.431923,61527.562,89742.574,0.962,2265.396,3479.378,3.673,0.0
157.976,2026-06-26T03:01:35.482293,61626.152,89742.574,0.906,2265.396,3479.378,0.01,0.0
158.065,2026-06-26T03:01:35.571622,61799.238,89742.574,0.975,2265.726,3479.378,3.697,0.0
158.115,2026-06-26T03:01:35.621984,61895.188,89742.574,0.915,2265.726,3479.378,0.01,0.0
158.205,2026-06-26T03:01:35.711285,62063.41,89742.574,0.956,2266.056,3479.378,3.699,0.0
158.255,2026-06-26T03:01:35.761641,62159.648,89742.574,0.901,2266.057,3479.378,0.01,0.0
158.344,2026-06-26T03:01:35.850870,62329.902,89742.574,0.973,2266.386,3479.378,3.701,0.0
158.394,2026-06-26T03:01:35.901232,62426.812,89742.574,0.913,2266.387,3479.378,0.01,0.0
158.484,2026-06-26T03:01:35.990508,62597.488,89742.574,0.981,2266.716,3479.378,3.699,0.0
158.534,2026-06-26T03:01:36.040869,62693.914,89742.574,0.965,2266.717,3479.378,0.01,0.0
158.623,2026-06-26T03:01:36.130113,62863.812,89742.574,0.991,2267.047,3479.378,3.702,0.0
158.674,2026-06-26T03:01:36.180455,62960.695,89742.574,0.926,2267.047,3479.378,0.01,0.0
159.738,2026-06-26T03:01:37.244908,62876.168,89644.363,0.884,4006.715,3479.378,1633.993,0.0
159.74,2026-06-26T03:01:37.246304,62876.168,89644.363,0.619,4006.715,3479.378,0.517,0.431
159.809,2026-06-26T03:01:37.315431,62989.449,89858.805,0.67,4080.186,3479.379,1061.9,0.004
159.859,2026-06-26T03:01:37.365826,63052.074,89990.805,0.747,4142.866,3479.379,1238.612,0.0
159.91,2026-06-26T03:01:37.416425,63115.031,90060.805,0.755,4205.836,3479.379,1243.938,0.0
159.96,2026-06-26T03:01:37.467091,63177.652,90124.805,0.805,4268.446,3479.379,1232.792,0.0
160.011,2026-06-26T03:01:37.517875,63241.195,90220.805,0.794,4331.939,3479.379,1251.431,0.0
160.062,2026-06-26T03:01:37.568643,63304.543,90336.805,0.786,4395.433,3479.379,1245.17,0.0
160.113,2026-06-26T03:01:37.619671,63367.797,90336.805,0.78,4458.613,3479.379,1239.262,0.0
160.164,2026-06-26T03:01:37.670648,63430.578,90454.805,0.776,4521.395,3479.379,1230.969,0.0
160.215,2026-06-26T03:01:37.721660,63493.828,90606.805,0.819,4584.553,3479.379,1238.426,0.0
160.266,2026-06-26T03:01:37.772641,63556.539,90606.805,0.803,4647.241,3479.379,1229.464,0.0
160.317,2026-06-26T03:01:37.823581,63619.32,90766.805,0.794,4709.641,3479.379,1232.677,0.0
160.367,2026-06-26T03:01:37.874126,63679.105,90794.805,0.788,4769.345,3479.379,1182.122,0.0
160.418,2026-06-26T03:01:37.924660,63741.285,90794.805,0.782,4831.799,3479.379,1228.786,0.0
160.469,2026-06-26T03:01:37.975561,63803.969,90986.805,0.778,4894.487,3479.379,1230.264,0.0
160.52,2026-06-26T03:01:38.026504,63866.516,90986.805,0.729,4956.84,3479.379,1229.25,0.0
160.57,2026-06-26T03:01:38.077254,63928.859,91018.805,0.832,5019.239,3479.379,1225.595,0.0
160.621,2026-06-26T03:01:38.128119,63991.914,91242.805,0.814,5081.974,3479.379,1239.431,0.0
160.672,2026-06-26T03:01:38.178698,64054.781,91242.805,0.801,5145.077,3479.379,1241.719,0.0
160.723,2026-06-26T03:01:38.229580,64117.988,91242.805,0.791,5208.015,3479.379,1240.732,0.0
160.773,2026-06-26T03:01:38.280225,64179.836,91538.805,0.786,5269.766,3479.379,1221.162,0.0
160.824,2026-06-26T03:01:38.330826,64242.168,91538.805,0.781,5332.127,3479.379,1230.081,0.0
160.875,2026-06-26T03:01:38.381507,64304.527,91538.805,0.825,5394.346,3479.379,1229.974,0.0
160.925,2026-06-26T03:01:38.432081,64366.305,91538.805,0.809,5456.066,3479.379,1219.871,0.0
160.976,2026-06-26T03:01:38.482677,64428.391,91538.805,0.798,5518.122,3479.379,1226.765,0.0
161.027,2026-06-26T03:01:38.533282,64490.738,91858.805,0.789,5580.654,3479.379,1230.375,0.0
161.077,2026-06-26T03:01:38.584235,64553.719,91858.805,0.782,5641.382,3479.379,1191.602,0.0
161.128,2026-06-26T03:01:38.635106,64576.289,91858.805,0.778,5666.226,3479.379,488.31,0.0
161.179,2026-06-26T03:01:38.686025,64642.781,91858.805,0.775,5722.407,3479.379,1102.858,0.0
161.23,2026-06-26T03:01:38.736976,64668.977,91906.805,0.772,5746.77,3479.379,478.136,0.0
161.281,2026-06-26T03:01:38.787919,64633.219,91906.805,0.771,5746.771,3511.476,0.019,629.803
161.332,2026-06-26T03:01:38.838892,64637.789,91906.805,0.77,5746.772,3535.474,0.019,471.126
161.383,2026-06-26T03:01:38.889798,64615.73,91906.805,0.815,5746.773,3554.41,0.019,372.199
161.434,2026-06-26T03:01:38.940689,64584.523,91906.805,0.847,5746.774,3593.608,0.019,770.009
161.485,2026-06-26T03:01:38.991590,64547.543,91906.805,0.777,5746.775,3627.731,0.019,670.071
161.536,2026-06-26T03:01:39.042533,64535.227,91906.805,0.774,5746.776,3651.742,0.019,471.363
161.587,2026-06-26T03:01:39.093469,64479.355,91906.805,0.818,5746.777,3685.879,0.019,670.587
161.638,2026-06-26T03:01:39.144417,64474.426,91906.805,0.848,5746.778,3709.876,0.019,470.89
161.689,2026-06-26T03:01:39.195356,64416.219,91906.805,0.824,5746.779,3744.013,0.019,670.333
161.739,2026-06-26T03:01:39.246222,64424.5,91906.805,0.762,5746.78,3768.01,0.019,473.727
161.79,2026-06-26T03:01:39.296825,64406.992,91906.805,0.811,5746.781,3786.946,0.019,374.09
161.841,2026-06-26T03:01:39.347439,64353.062,91906.805,0.799,5746.782,3826.128,0.019,774.796
161.891,2026-06-26T03:01:39.398020,64343.348,91906.805,0.791,5746.783,3845.08,0.019,374.337
161.942,2026-06-26T03:01:39.448632,64288.039,91906.805,0.786,5746.784,3884.262,0.019,774.811
161.992,2026-06-26T03:01:39.499222,64277.391,91906.805,0.781,5746.785,3903.214,0.019,374.461
162.043,2026-06-26T03:01:39.549825,64217.961,91906.805,0.779,5746.786,3942.412,0.019,774.405
162.094,2026-06-26T03:01:39.600422,64214.238,91906.805,0.777,5746.787,3961.348,0.02,374.618
162.144,2026-06-26T03:01:39.650995,64169.367,91906.805,0.822,5746.788,4000.546,0.019,774.292
162.195,2026-06-26T03:01:39.701597,64161.207,91906.805,0.807,5746.789,4019.482,0.02,374.558
162.245,2026-06-26T03:01:39.752183,64117.676,91906.805,0.75,5746.79,4058.681,0.019,774.493
162.296,2026-06-26T03:01:39.802777,64108.184,91906.805,0.803,5746.791,4077.617,0.019,374.178
162.347,2026-06-26T03:01:39.853368,64055.754,91906.805,0.794,5746.792,4116.815,0.02,775.38
162.397,2026-06-26T03:01:39.903926,64045.023,91906.805,0.741,5746.793,4135.751,0.019,374.215
162.448,2026-06-26T03:01:39.954523,64007.867,91906.805,0.75,5746.794,4174.949,0.02,775.362
162.498,2026-06-26T03:01:40.005094,63992.0,91906.805,0.803,5746.795,4193.885,0.019,374.041
162.549,2026-06-26T03:01:40.055714,63959.832,91906.805,0.794,5746.796,4233.083,0.02,775.212
162.6,2026-06-26T03:01:40.106283,63924.973,91906.805,0.787,5746.797,4267.206,0.019,674.784
162.65,2026-06-26T03:01:40.156837,63901.188,91906.805,0.783,5746.798,4291.217,0.019,474.628
162.701,2026-06-26T03:01:40.207429,63845.43,91906.805,0.78,5746.799,4325.354,0.02,675.118
162.751,2026-06-26T03:01:40.257997,63853.125,91906.805,0.777,5746.8,4349.351,0.019,474.176
162.802,2026-06-26T03:01:40.308618,63792.406,91906.805,0.776,5746.801,4383.488,0.019,674.94
162.852,2026-06-26T03:01:40.359177,63793.27,91906.805,0.775,5746.802,4407.485,0.02,474.728
162.903,2026-06-26T03:01:40.409727,63729.84,91906.805,0.774,5746.803,4446.689,0.019,775.227
162.954,2026-06-26T03:01:40.460327,63742.465,91906.805,0.774,5746.804,4465.619,0.02,374.187
163.004,2026-06-26T03:01:40.510900,63667.066,91906.805,0.819,5746.805,4504.823,0.02,774.46
163.055,2026-06-26T03:01:40.561531,63680.824,91906.805,0.759,5746.806,4523.753,0.02,374.256
163.105,2026-06-26T03:01:40.612087,63617.031,91906.805,0.809,5746.807,4562.957,0.02,775.15
163.156,2026-06-26T03:01:40.662672,63629.844,91906.805,0.845,5746.808,4581.887,0.02,374.298
163.206,2026-06-26T03:01:40.713239,63553.375,91906.805,0.777,5746.809,4621.091,0.02,775.392
163.257,2026-06-26T03:01:40.763805,63566.762,91906.805,0.822,5746.81,4640.021,0.02,374.051
163.308,2026-06-26T03:01:40.814431,63502.887,91906.805,0.76,5746.811,4679.225,0.019,771.524
163.359,2026-06-26T03:01:40.865373,63515.793,91906.805,0.762,5746.812,4698.156,0.019,372.951
163.409,2026-06-26T03:01:40.915964,63451.07,91906.805,0.812,5746.813,4737.359,0.02,776.091
163.46,2026-06-26T03:01:40.966497,63456.766,91906.805,0.8,5746.813,4756.29,0.02,374.256
163.51,2026-06-26T03:01:41.017077,63387.234,91906.805,0.792,5746.814,4795.493,0.02,774.906
163.561,2026-06-26T03:01:41.067681,63380.688,91906.805,0.786,5746.815,4814.424,0.02,374.374
163.611,2026-06-26T03:01:41.118232,63338.266,91906.805,0.828,5746.816,4853.627,0.02,775.549
163.662,2026-06-26T03:01:41.168791,63327.66,91906.805,0.811,5746.817,4872.558,0.02,374.021
163.713,2026-06-26T03:01:41.219396,63276.672,91906.805,0.846,5746.818,4911.761,0.02,775.3
163.763,2026-06-26T03:01:41.269967,63264.5,91906.805,0.778,5746.819,4930.692,0.02,374.171
163.814,2026-06-26T03:01:41.320554,63226.246,91906.805,0.823,5746.82,4969.896,0.02,775.403
163.864,2026-06-26T03:01:41.371114,63211.473,91906.805,0.808,5746.821,4988.826,0.02,374.309
163.915,2026-06-26T03:01:41.421688,63165.477,91906.805,0.751,5746.822,5028.03,0.02,775.26
163.966,2026-06-26T03:01:41.472279,63148.316,91906.805,0.757,5746.823,5046.96,0.02,374.259
164.016,2026-06-26T03:01:41.522861,63181.055,91906.805,0.762,5746.824,5065.887,0.019,373.89
164.067,2026-06-26T03:01:41.573484,63260.973,91906.805,0.811,5746.825,5065.887,0.02,0.0
164.117,2026-06-26T03:01:41.624059,63191.488,91906.805,0.753,5746.826,5065.887,0.02,0.0
164.168,2026-06-26T03:01:41.674667,63073.715,91906.805,0.805,5746.827,5146.905,0.02,1600.902
164.218,2026-06-26T03:01:41.725259,63165.219,91906.805,0.795,5746.828,5146.905,0.02,0.0
164.269,2026-06-26T03:01:41.775844,63101.492,91906.805,0.788,5746.829,5146.905,0.02,0.0
164.32,2026-06-26T03:01:41.826459,62984.77,91916.93,0.783,5746.83,5218.934,0.021,1423.939
164.37,2026-06-26T03:01:41.877034,63015.172,91906.805,0.78,5746.831,5218.945,0.02,0.226
164.421,2026-06-26T03:01:41.927650,62956.012,91906.805,0.778,5746.832,5218.945,0.022,0.002
164.471,2026-06-26T03:01:41.978238,62973.781,91906.805,0.776,5746.833,5218.945,0.02,0.0
164.522,2026-06-26T03:01:42.028819,62967.664,91913.555,0.775,5746.834,5218.945,0.02,0.0
164.573,2026-06-26T03:01:42.079428,62964.344,91906.812,0.774,5746.835,5218.945,0.02,0.0
164.662,2026-06-26T03:01:42.169131,62972.441,91906.805,0.882,5747.185,5218.945,3.904,0.0
164.713,2026-06-26T03:01:42.219544,62975.16,91906.805,0.896,5747.186,5218.945,0.02,0.0
164.763,2026-06-26T03:01:42.270133,62975.82,91906.805,0.858,5747.187,5218.945,0.02,0.0
164.814,2026-06-26T03:01:42.320770,62975.953,91906.805,0.833,5747.188,5218.945,0.02,0.0
164.865,2026-06-26T03:01:42.371354,62976.871,91906.805,0.814,5747.189,5218.945,0.02,0.0
164.915,2026-06-26T03:01:42.421936,62977.988,91906.805,0.848,5747.19,5218.945,0.02,0.0
164.966,2026-06-26T03:01:42.472541,62980.379,91906.805,0.779,5747.191,5218.945,0.02,0.0
165.016,2026-06-26T03:01:42.523126,62980.379,91906.805,0.777,5747.192,5218.945,0.02,0.0
165.067,2026-06-26T03:01:42.573750,62983.594,91906.805,0.775,5747.193,5218.945,0.02,0.0
165.118,2026-06-26T03:01:42.624334,62984.09,91906.832,0.774,5747.194,5218.945,0.02,0.0
165.168,2026-06-26T03:01:42.674918,62984.094,91906.832,0.82,5747.195,5218.945,0.02,0.0
165.219,2026-06-26T03:01:42.725544,62984.277,91906.832,0.806,5747.196,5218.945,0.02,0.0
165.269,2026-06-26T03:01:42.776133,62984.754,91906.832,0.795,5747.197,5218.945,0.02,0.0
165.32,2026-06-26T03:01:42.826763,62985.051,91906.832,0.788,5747.198,5218.945,0.02,0.0
165.371,2026-06-26T03:01:42.877361,62985.109,91906.832,0.783,5747.199,5218.945,0.02,0.0
165.421,2026-06-26T03:01:42.927940,62985.117,91906.832,0.78,5747.2,5218.945,0.02,0.0
165.472,2026-06-26T03:01:42.978550,62985.141,91906.832,0.778,5747.201,5218.945,0.02,0.0
165.522,2026-06-26T03:01:43.029118,62985.422,91906.832,0.776,5747.202,5218.945,0.02,0.0
165.573,2026-06-26T03:01:43.079739,62985.484,91906.832,0.775,5747.203,5218.945,0.02,0.0
165.624,2026-06-26T03:01:43.130330,62985.695,91906.832,0.774,5747.204,5218.945,0.02,0.0
165.674,2026-06-26T03:01:43.180907,62985.711,91906.832,0.773,5747.205,5218.945,0.02,0.0
165.725,2026-06-26T03:01:43.231533,62988.492,91906.832,0.773,5747.206,5218.945,0.02,0.0
165.775,2026-06-26T03:01:43.282118,62999.906,91906.832,0.819,5747.207,5218.945,0.02,0.0
165.826,2026-06-26T03:01:43.332737,63006.238,91906.832,0.851,5747.208,5218.945,0.02,0.0
165.877,2026-06-26T03:01:43.383335,63010.879,91906.832,0.781,5747.209,5218.945,0.02,0.0
165.927,2026-06-26T03:01:43.433914,63016.328,91906.832,0.825,5747.21,5218.945,0.02,0.0
165.978,2026-06-26T03:01:43.484557,63017.504,91906.832,0.808,5747.211,5218.945,0.019,0.0
166.029,2026-06-26T03:01:43.535493,63018.336,91906.832,0.796,5747.212,5218.945,0.019,0.0
166.08,2026-06-26T03:01:43.586455,63018.77,91906.832,0.787,5747.213,5218.945,0.019,0.0
166.131,2026-06-26T03:01:43.637387,63018.773,91906.832,0.781,5747.214,5218.945,0.019,0.0
166.182,2026-06-26T03:01:43.688322,63018.781,91906.832,0.777,5747.215,5218.945,0.019,0.0
166.232,2026-06-26T03:01:43.739248,63018.793,91906.832,0.774,5747.216,5218.945,0.019,0.0
166.283,2026-06-26T03:01:43.790203,63020.438,91906.832,0.772,5747.217,5218.945,0.019,0.0
166.334,2026-06-26T03:01:43.841112,63023.062,91906.832,0.77,5747.218,5218.945,0.019,0.0
166.385,2026-06-26T03:01:43.892048,63023.918,91906.832,0.769,5747.219,5218.945,0.019,0.0
166.436,2026-06-26T03:01:43.942958,63024.34,91906.832,0.816,5747.22,5218.945,0.02,0.0
166.487,2026-06-26T03:01:43.993552,63025.016,91906.832,0.802,5747.221,5218.945,0.019,0.0
166.538,2026-06-26T03:01:44.044514,63025.613,91906.832,0.791,5747.222,5218.945,0.019,0.0
166.589,2026-06-26T03:01:44.095456,63026.531,91906.832,0.784,5747.223,5218.945,0.019,0.0
166.64,2026-06-26T03:01:44.146413,63026.961,91906.832,0.779,5747.224,5218.945,0.019,0.0
166.691,2026-06-26T03:01:44.197349,63027.352,91906.832,0.775,5747.225,5218.945,0.019,0.0
166.742,2026-06-26T03:01:44.248295,63034.91,91906.832,0.819,5747.226,5218.945,0.019,0.0
166.792,2026-06-26T03:01:44.299213,63036.086,91906.832,0.803,5747.227,5218.945,0.019,0.0
166.843,2026-06-26T03:01:44.350129,63036.871,91906.832,0.792,5747.228,5218.945,0.019,0.0
166.894,2026-06-26T03:01:44.401092,63039.5,91906.832,0.831,5747.229,5218.945,0.019,0.0
166.945,2026-06-26T03:01:44.452030,63039.883,91906.832,0.811,5747.23,5218.976,0.02,0.603
166.996,2026-06-26T03:01:44.503012,63039.883,91906.832,0.568,5747.231,5218.976,0.019,0.0
167.047,2026-06-26T03:01:44.553939,63039.883,91906.832,0.398,5747.232,5218.976,0.019,0.0
167.098,2026-06-26T03:01:44.604891,63039.883,91906.832,0.278,5747.233,5218.976,0.019,0.0
167.149,2026-06-26T03:01:44.655828,63039.883,91906.832,0.195,5747.234,5218.976,0.019,0.0
167.2,2026-06-26T03:01:44.706770,63039.883,91906.832,0.182,5747.245,5219.06,0.235,1.651
167.251,2026-06-26T03:01:44.757732,63039.883,91906.832,0.358,5747.246,5219.06,0.019,0.0
167.302,2026-06-26T03:01:44.808682,63039.395,91906.832,0.526,5747.247,5219.06,0.019,0.0
167.353,2026-06-26T03:01:44.859598,63041.793,91906.832,0.598,5747.248,5219.06,0.019,0.0
167.404,2026-06-26T03:01:44.910543,63040.441,91906.832,0.649,5747.249,5219.06,0.02,0.0
167.455,2026-06-26T03:01:44.961434,63040.441,91906.832,0.685,5747.25,5219.06,0.02,0.0
167.506,2026-06-26T03:01:45.012394,63039.996,91906.832,0.709,5747.251,5219.06,0.019,0.0
167.557,2026-06-26T03:01:45.063324,63039.727,91906.832,0.727,5747.252,5219.06,0.019,0.0
167.607,2026-06-26T03:01:45.114230,63039.727,91906.832,0.739,5747.253,5219.06,0.019,0.0
167.658,2026-06-26T03:01:45.165200,63039.016,91906.832,0.747,5747.254,5219.06,0.019,0.0
167.709,2026-06-26T03:01:45.216107,63039.016,91906.832,0.753,5747.255,5219.06,0.019,0.0
167.76,2026-06-26T03:01:45.267041,63039.016,91906.832,0.803,5747.256,5219.06,0.019,0.0
167.811,2026-06-26T03:01:45.318002,63039.016,91906.832,0.792,5747.257,5219.06,0.019,0.0
167.862,2026-06-26T03:01:45.368932,63039.016,91906.832,0.785,5747.258,5219.06,0.019,0.0
167.913,2026-06-26T03:01:45.419906,63039.016,91906.832,0.816,5747.259,5219.06,0.019,0.0
167.966,2026-06-26T03:01:45.472567,63039.016,91906.832,0.801,5747.26,5219.06,0.019,0.0
168.017,2026-06-26T03:01:45.523519,63039.02,91906.832,0.791,5747.261,5219.06,0.019,0.0
168.068,2026-06-26T03:01:45.574441,63039.02,91906.832,0.784,5747.262,5219.06,0.02,0.0
168.119,2026-06-26T03:01:45.625382,63039.02,91906.832,0.779,5747.263,5219.06,0.019,0.0
168.17,2026-06-26T03:01:45.676342,63039.02,91906.832,0.775,5747.264,5219.06,0.019,0.0
168.22,2026-06-26T03:01:45.727239,63039.066,91906.832,0.773,5747.265,5219.06,0.02,0.0
168.271,2026-06-26T03:01:45.778190,63039.066,91906.832,0.771,5747.266,5219.06,0.019,0.0
168.322,2026-06-26T03:01:45.829099,63039.074,91906.832,0.77,5747.267,5219.06,0.019,0.0
168.373,2026-06-26T03:01:45.880035,63039.082,91906.832,0.815,5747.268,5219.06,0.019,0.0
168.424,2026-06-26T03:01:45.930999,63039.082,91906.832,0.846,5747.269,5219.06,0.019,0.0
168.475,2026-06-26T03:01:45.981921,63040.086,91906.832,0.822,5747.27,5219.06,0.019,0.0
168.526,2026-06-26T03:01:46.032879,63041.844,91906.832,0.806,5747.271,5219.06,0.019,0.0
168.577,2026-06-26T03:01:46.083819,63041.844,91906.832,0.794,5747.272,5219.06,0.019,0.0
168.628,2026-06-26T03:01:46.134771,63041.844,91906.832,0.786,5747.273,5219.06,0.019,0.0
168.679,2026-06-26T03:01:46.185714,63044.855,91906.832,0.826,5747.274,5219.06,0.019,0.0
168.73,2026-06-26T03:01:46.236666,63044.855,91906.832,0.808,5747.275,5219.06,0.019,0.0
168.781,2026-06-26T03:01:46.287595,63044.855,91906.832,0.796,5747.276,5219.06,0.019,0.0
168.832,2026-06-26T03:01:46.338562,63044.117,91906.832,0.787,5747.277,5219.06,0.019,0.0
168.883,2026-06-26T03:01:46.389502,63048.117,91906.832,0.781,5747.278,5219.06,0.019,0.0
168.934,2026-06-26T03:01:46.440466,63047.398,91906.832,0.777,5747.279,5219.06,0.019,0.0
168.985,2026-06-26T03:01:46.491396,63047.34,91906.832,0.82,5747.28,5219.06,0.019,0.0
169.036,2026-06-26T03:01:46.542325,63047.34,91906.832,0.804,5747.281,5219.06,0.019,0.0
169.087,2026-06-26T03:01:46.593280,63047.336,91906.832,0.793,5747.282,5219.06,0.019,0.0
169.137,2026-06-26T03:01:46.644217,63047.34,91906.832,0.785,5747.283,5219.06,0.019,0.0
169.188,2026-06-26T03:01:46.695128,63047.34,91906.832,0.78,5747.284,5219.06,0.019,0.0
169.239,2026-06-26T03:01:46.746068,63047.34,91906.832,0.776,5747.285,5219.06,0.019,0.0
169.29,2026-06-26T03:01:46.797015,63047.34,91906.832,0.819,5747.286,5219.06,0.019,0.0
169.341,2026-06-26T03:01:46.847973,63047.34,91906.832,0.803,5747.287,5219.06,0.019,0.0
169.392,2026-06-26T03:01:46.898910,63047.34,91906.832,0.792,5747.288,5219.06,0.019,0.0
169.443,2026-06-26T03:01:46.949842,63047.34,91906.832,0.785,5747.289,5219.06,0.019,0.0
169.494,2026-06-26T03:01:47.000803,63047.344,91906.832,0.779,5747.29,5219.06,0.019,0.0
169.545,2026-06-26T03:01:47.051737,63047.344,91906.832,0.775,5747.291,5219.06,0.019,0.0
169.596,2026-06-26T03:01:47.102721,63047.348,91906.832,0.773,5747.292,5219.06,0.019,0.0
169.717,2026-06-26T03:01:47.223599,63046.91,91906.832,0.93,5747.642,5219.06,2.904,0.0
169.767,2026-06-26T03:01:47.274026,63046.73,91906.832,0.883,5747.643,5219.06,0.02,0.0
169.818,2026-06-26T03:01:47.324620,63046.73,91906.832,0.849,5747.644,5219.06,0.02,0.0
169.869,2026-06-26T03:01:47.375323,63046.129,91906.832,0.825,5747.645,5219.06,0.02,0.0
169.919,2026-06-26T03:01:47.426078,63046.129,91906.832,0.808,5747.646,5219.06,0.02,0.0
169.97,2026-06-26T03:01:47.476875,63045.492,91906.832,0.796,5747.647,5219.06,0.02,0.0
170.021,2026-06-26T03:01:47.527816,63045.492,91906.832,0.787,5747.648,5219.06,0.019,0.0
170.072,2026-06-26T03:01:47.578766,63045.492,91906.832,0.873,5747.649,5219.06,0.019,0.0
170.123,2026-06-26T03:01:47.629690,63045.492,91906.832,0.841,5747.65,5219.06,0.019,0.0
170.174,2026-06-26T03:01:47.680658,63045.492,91906.832,0.819,5747.651,5219.06,0.019,0.0
170.225,2026-06-26T03:01:47.731598,63045.492,91906.832,0.803,5747.652,5219.06,0.019,0.0
170.276,2026-06-26T03:01:47.782554,63045.492,91906.832,0.792,5747.653,5219.06,0.019,0.0
170.327,2026-06-26T03:01:47.833492,63045.484,91906.832,0.785,5747.654,5219.06,0.019,0.0
170.378,2026-06-26T03:01:47.884390,63045.484,91906.832,0.78,5747.655,5219.06,0.02,0.0
170.428,2026-06-26T03:01:47.934974,63045.484,91906.832,0.777,5747.656,5219.06,0.02,0.0
170.479,2026-06-26T03:01:47.985928,63045.484,91906.832,0.774,5747.657,5219.06,0.019,0.0
170.53,2026-06-26T03:01:48.036882,63045.477,91906.832,0.771,5747.658,5219.06,0.019,0.0
170.581,2026-06-26T03:01:48.087844,63045.469,91906.832,0.77,5747.659,5219.06,0.019,0.0
170.632,2026-06-26T03:01:48.138780,63045.469,91906.832,0.769,5747.66,5219.06,0.019,0.0
170.683,2026-06-26T03:01:48.189764,63045.469,91906.832,0.814,5747.661,5219.06,0.019,0.0
170.734,2026-06-26T03:01:48.240698,63045.48,91906.832,0.8,5747.662,5219.06,0.019,0.0
170.785,2026-06-26T03:01:48.291661,63045.484,91906.832,0.79,5747.663,5219.06,0.019,0.0
170.836,2026-06-26T03:01:48.342606,63045.484,91906.832,0.783,5747.664,5219.06,0.019,0.0
170.887,2026-06-26T03:01:48.393562,63045.484,91906.832,0.778,5747.665,5219.06,0.019,0.0
170.938,2026-06-26T03:01:48.444519,63045.484,91906.832,0.821,5747.666,5219.06,0.019,0.0
170.989,2026-06-26T03:01:48.495471,63045.484,91906.832,0.804,5747.667,5219.06,0.019,0.0
171.04,2026-06-26T03:01:48.546417,63045.484,91906.832,0.839,5747.668,5219.06,0.019,0.0
171.091,2026-06-26T03:01:48.597380,63045.484,91906.832,0.817,5747.669,5219.06,0.019,0.0
171.142,2026-06-26T03:01:48.648299,63045.129,91906.832,0.802,5747.67,5219.06,0.019,0.0
171.192,2026-06-26T03:01:48.699232,63045.078,91906.832,0.792,5747.671,5219.06,0.019,0.0
171.243,2026-06-26T03:01:48.750178,63045.102,91906.832,0.83,5747.672,5219.06,0.019,0.0
171.294,2026-06-26T03:01:48.801091,63045.105,91906.832,0.811,5747.673,5219.06,0.019,0.0
171.345,2026-06-26T03:01:48.852035,63045.105,91906.832,0.798,5747.674,5219.06,0.019,0.0
171.396,2026-06-26T03:01:48.902926,63045.105,91906.832,0.79,5747.675,5219.06,0.02,0.0
171.447,2026-06-26T03:01:48.953454,63045.105,91906.832,0.785,5747.676,5219.06,0.02,0.0
171.497,2026-06-26T03:01:49.003978,63045.105,91906.832,0.781,5747.677,5219.06,0.02,0.0
171.548,2026-06-26T03:01:49.054607,63045.105,91906.832,0.778,5747.678,5219.06,0.02,0.0
171.598,2026-06-26T03:01:49.105181,63045.105,91906.832,0.777,5747.679,5219.06,0.02,0.0
171.649,2026-06-26T03:01:49.155742,63045.082,91906.832,0.775,5747.68,5219.06,0.02,0.0
171.7,2026-06-26T03:01:49.206330,63045.094,91906.832,0.774,5747.681,5219.06,0.02,0.0
171.75,2026-06-26T03:01:49.256895,63045.098,91906.832,0.774,5747.682,5219.06,0.02,0.0
171.801,2026-06-26T03:01:49.307472,63045.098,91906.832,0.773,5747.683,5219.06,0.02,0.0
171.851,2026-06-26T03:01:49.358051,63045.098,91906.832,0.773,5747.684,5219.06,0.02,0.0
171.902,2026-06-26T03:01:49.408634,63045.098,91906.832,0.773,5747.685,5219.06,0.02,0.0
171.952,2026-06-26T03:01:49.459207,63045.098,91906.832,0.773,5747.686,5219.06,0.02,0.0
172.003,2026-06-26T03:01:49.509768,63045.098,91906.832,0.773,5747.687,5219.06,0.02,0.0
172.054,2026-06-26T03:01:49.560346,63045.098,91906.832,0.819,5747.688,5219.06,0.02,0.0
172.104,2026-06-26T03:01:49.610914,63046.102,91906.832,0.805,5747.689,5219.06,0.02,0.0
172.155,2026-06-26T03:01:49.661500,63046.102,91906.832,0.795,5747.69,5219.06,0.02,0.0
172.205,2026-06-26T03:01:49.712064,63049.609,91906.832,0.788,5747.691,5219.06,0.02,0.0
172.256,2026-06-26T03:01:49.762638,63049.609,91906.832,0.784,5747.692,5219.06,0.02,0.0
172.306,2026-06-26T03:01:49.813195,63049.609,91906.832,0.78,5747.693,5219.06,0.02,0.0
172.357,2026-06-26T03:01:49.863783,63049.609,91906.832,0.778,5747.694,5219.06,0.02,0.0
172.408,2026-06-26T03:01:49.914372,63049.609,91906.832,0.823,5747.695,5219.06,0.02,0.0
172.458,2026-06-26T03:01:49.964939,63049.609,91906.832,0.807,5747.696,5219.06,0.02,0.0
172.509,2026-06-26T03:01:50.015553,63049.609,91906.832,0.797,5747.697,5219.06,0.02,0.0
172.559,2026-06-26T03:01:50.066124,63049.609,91906.832,0.789,5747.698,5219.06,0.02,0.0
172.61,2026-06-26T03:01:50.116755,63049.609,91906.832,0.784,5747.699,5219.06,0.02,0.0
172.661,2026-06-26T03:01:50.167331,63049.609,91906.832,0.781,5747.7,5219.06,0.02,0.0
172.711,2026-06-26T03:01:50.217897,63049.609,91906.832,0.778,5747.701,5219.06,0.02,0.0
172.762,2026-06-26T03:01:50.268514,63049.609,91906.832,0.777,5747.702,5219.06,0.02,0.0
172.812,2026-06-26T03:01:50.319078,63054.875,91906.832,0.775,5747.703,5219.06,0.02,0.0
172.863,2026-06-26T03:01:50.369708,63057.715,91906.832,0.821,5747.704,5219.06,0.02,0.0
172.914,2026-06-26T03:01:50.420281,63057.715,91906.832,0.806,5747.705,5219.06,0.02,0.0
172.964,2026-06-26T03:01:50.470833,63057.742,91906.832,0.796,5747.706,5219.06,0.02,0.0
173.015,2026-06-26T03:01:50.521426,63057.746,91906.832,0.789,5747.707,5219.06,0.02,0.0
173.065,2026-06-26T03:01:50.571978,63057.328,91906.832,0.784,5747.708,5219.06,0.02,0.0
173.116,2026-06-26T03:01:50.622593,63060.84,91906.832,0.78,5747.709,5219.06,0.02,0.0
173.166,2026-06-26T03:01:50.673172,63068.457,91906.832,0.778,5747.71,5219.06,0.02,0.0
173.217,2026-06-26T03:01:50.723718,63067.941,91906.832,0.776,5747.711,5219.06,0.02,0.0
173.268,2026-06-26T03:01:50.774291,63054.836,91906.832,0.822,5747.712,5219.06,0.02,0.0
173.318,2026-06-26T03:01:50.824848,63053.551,91906.832,0.807,5747.712,5219.06,0.02,0.0
173.369,2026-06-26T03:01:50.875461,63053.551,91906.832,0.797,5747.713,5219.06,0.02,0.0
173.419,2026-06-26T03:01:50.926013,63052.414,91906.832,0.789,5747.714,5219.06,0.02,0.0
173.47,2026-06-26T03:01:50.976591,63051.723,91906.832,0.784,5747.715,5219.06,0.02,0.0
173.52,2026-06-26T03:01:51.027189,63051.723,91906.832,0.781,5747.716,5219.06,0.02,0.0
173.571,2026-06-26T03:01:51.077737,63051.719,91906.832,0.778,5747.717,5219.06,0.02,0.0
173.622,2026-06-26T03:01:51.128350,63051.031,91906.832,0.777,5747.718,5219.06,0.02,0.0
173.672,2026-06-26T03:01:51.178896,63050.328,91906.832,0.775,5747.719,5219.06,0.02,0.0
173.723,2026-06-26T03:01:51.229473,63050.328,91906.832,0.775,5747.72,5219.06,0.02,0.0
173.773,2026-06-26T03:01:51.280037,63050.316,91906.832,0.774,5747.721,5219.06,0.02,0.0
173.824,2026-06-26T03:01:51.330632,63049.914,91906.832,0.773,5747.722,5219.06,0.02,0.0
173.874,2026-06-26T03:01:51.381214,63045.145,91906.832,0.773,5747.723,5219.06,0.02,0.0
173.925,2026-06-26T03:01:51.431764,63045.148,91906.832,0.773,5747.724,5219.06,0.02,0.0
173.976,2026-06-26T03:01:51.482344,63045.16,91906.832,0.773,5747.725,5219.06,0.02,0.0
174.026,2026-06-26T03:01:51.532914,63045.16,91906.832,0.772,5747.726,5219.06,0.02,0.0
174.077,2026-06-26T03:01:51.583501,63045.16,91906.832,0.772,5747.727,5219.06,0.02,0.0
174.127,2026-06-26T03:01:51.634085,63045.16,91906.832,0.772,5747.728,5219.06,0.02,0.0
174.178,2026-06-26T03:01:51.684661,63045.16,91906.832,0.772,5747.729,5219.06,0.02,0.0
174.228,2026-06-26T03:01:51.735230,63045.16,91906.832,0.819,5747.73,5219.06,0.02,0.0
174.279,2026-06-26T03:01:51.785806,63044.695,91906.832,0.851,5747.731,5219.06,0.02,0.0
174.33,2026-06-26T03:01:51.836397,63044.531,91906.832,0.781,5747.732,5219.06,0.02,0.0
174.38,2026-06-26T03:01:51.886981,63044.531,91906.832,0.825,5747.733,5219.06,0.02,0.0
174.431,2026-06-26T03:01:51.937556,63043.66,91906.832,0.763,5747.734,5219.06,0.02,0.0
174.481,2026-06-26T03:01:51.988109,63043.234,91906.832,0.812,5747.735,5219.06,0.02,0.0
174.532,2026-06-26T03:01:52.038704,63033.934,91906.832,0.8,5747.736,5219.06,0.02,0.0
174.583,2026-06-26T03:01:52.089312,63033.934,91906.832,0.792,5747.737,5220.17,0.02,21.926
174.633,2026-06-26T03:01:52.139876,63033.934,91906.832,0.786,5747.739,5220.17,0.026,0.0
174.73,2026-06-26T03:01:52.236984,64028.605,93983.332,3.315,5748.721,5220.171,10.017,0.012
174.782,2026-06-26T03:01:52.288792,63841.574,93551.711,5.164,5748.739,5220.187,0.36,0.312
174.834,2026-06-26T03:01:52.340621,63713.695,93264.43,5.926,5748.724,5220.187,-0.288,0.0
174.886,2026-06-26T03:01:52.392315,63421.152,92668.211,6.009,5748.676,5220.187,-0.946,0.0
174.937,2026-06-26T03:01:52.443888,63268.398,92365.934,5.027,5748.767,5220.227,1.783,0.76
174.988,2026-06-26T03:01:52.495212,63195.703,92217.93,4.069,5748.76,5220.227,-0.148,0.0
175.04,2026-06-26T03:01:52.546341,63196.453,92217.93,3.307,5748.763,5220.227,0.065,0.0
175.091,2026-06-26T03:01:52.597441,63115.508,92062.215,2.59,5748.777,5220.244,0.269,0.333
175.142,2026-06-26T03:01:52.648522,63030.258,91906.832,1.859,5748.943,5220.412,3.268,3.309
175.192,2026-06-26T03:01:52.699262,63030.258,91906.832,1.301,5749.113,5220.412,3.355,0.0
175.243,2026-06-26T03:01:52.750180,63030.258,91906.832,0.911,5749.174,5220.85,1.196,8.61
175.294,2026-06-26T03:01:52.801102,63030.258,91906.832,0.776,5749.599,5224.419,8.342,70.075
175.345,2026-06-26T03:01:52.852014,63079.117,97866.566,0.773,5749.6,5230.053,0.02,110.622
175.396,2026-06-26T03:01:52.902944,63162.828,101448.191,0.633,5749.601,5230.053,0.02,0.0
175.447,2026-06-26T03:01:52.953870,63306.832,102053.262,1.684,5749.602,5237.494,0.02,145.82
175.498,2026-06-26T03:01:53.004896,63306.773,102016.199,2.006,5749.603,5270.4,0.02,644.924
175.549,2026-06-26T03:01:53.055963,63290.781,102016.199,1.68,5749.604,5272.931,0.02,49.601
175.6,2026-06-26T03:01:53.106982,63241.727,102088.191,1.405,5749.605,5313.433,0.02,794.248
175.651,2026-06-26T03:01:53.157967,63390.984,102185.879,2.085,5749.606,5341.277,0.02,544.903
175.702,2026-06-26T03:01:53.209091,63448.277,102185.879,2.423,5749.607,5356.465,0.02,297.474
175.753,2026-06-26T03:01:53.260180,63375.438,102132.793,2.431,5749.608,5381.144,0.02,483.388
175.804,2026-06-26T03:01:53.311210,63379.863,102113.879,2.988,5749.609,5424.738,0.02,854.837
175.855,2026-06-26T03:01:53.362238,63367.562,102132.793,3.468,5749.61,5466.468,0.02,816.54
175.907,2026-06-26T03:01:53.413296,63377.352,102129.066,3.945,5749.611,5515.793,0.02,967.986
175.957,2026-06-26T03:01:53.464234,63382.121,102129.066,4.092,5749.612,5567.015,0.02,1002.096
176.009,2026-06-26T03:01:53.515442,63381.426,102113.879,4.15,5749.613,5614.476,0.02,929.922
176.06,2026-06-26T03:01:53.566417,63383.434,102136.52,4.099,5749.614,5656.207,0.02,817.971
176.111,2026-06-26T03:01:53.617450,63358.711,102136.52,4.019,5749.615,5707.394,0.02,1004.458
176.162,2026-06-26T03:01:53.668400,63378.453,102117.605,4.328,5749.616,5762.414,0.02,1076.346
176.213,2026-06-26T03:01:53.719488,63393.074,102136.52,4.224,5749.617,5809.769,0.02,928.589
176.264,2026-06-26T03:01:53.770454,63375.398,102136.52,4.294,5749.618,5857.16,0.02,933.704
176.314,2026-06-26T03:01:53.821179,63370.137,102136.52,4.3,5749.619,5904.55,0.02,934.683
176.365,2026-06-26T03:01:53.871855,63361.34,102117.605,4.397,5749.62,5951.906,0.02,933.7
176.416,2026-06-26T03:01:53.922583,63399.57,102136.52,4.411,5749.621,5999.297,0.02,928.098
176.467,2026-06-26T03:01:53.973748,63326.996,102098.691,4.238,5749.622,6046.617,0.02,930.335
176.518,2026-06-26T03:01:54.024503,63244.73,101907.062,3.336,5749.623,6093.937,0.02,933.117
176.568,2026-06-26T03:01:54.075178,63033.648,101005.051,2.567,5749.624,6094.781,0.02,16.669
176.619,2026-06-26T03:01:54.125875,63029.766,101005.051,2.028,5750.026,6107.773,7.92,255.954
176.67,2026-06-26T03:01:54.176625,63029.766,101005.051,1.65,5750.027,6107.773,0.02,0.0
176.721,2026-06-26T03:01:54.227407,63029.766,101005.051,1.386,5750.028,6107.773,0.02,0.0
176.771,2026-06-26T03:01:54.278100,63029.766,101005.051,1.202,5750.029,6107.773,0.02,0.0
176.822,2026-06-26T03:01:54.328668,63029.766,101005.051,1.073,5750.03,6107.773,0.02,0.0
176.873,2026-06-26T03:01:54.379328,63029.766,101005.051,0.982,5750.031,6107.773,0.02,0.0
176.923,2026-06-26T03:01:54.430042,63029.766,101005.051,0.918,5750.032,6107.773,0.02,0.0
176.954,2026-06-26T03:01:54.460705,62876.168,89644.363,0.643,5750.033,6107.773,0.028,0.007
177.091,2026-06-26T03:01:54.598119,61234.875,88002.906,0.672,5750.034,6107.781,0.009,0.059
177.092,2026-06-26T03:01:54.598512,61234.875,88002.906,0.47,5750.035,6107.781,2.771,0.0
177.092,2026-06-26T03:01:54.598670,61234.875,88002.906,0.329,5750.035,6107.781,3.52,0.0
177.092,2026-06-26T03:01:54.598840,61234.875,88002.906,0.23,5750.036,6107.781,3.086,0.0
177.092,2026-06-26T03:01:54.598973,61234.875,88002.906,0.161,5750.036,6107.781,4.104,0.0
177.092,2026-06-26T03:01:54.599093,61234.875,88002.906,0.113,5750.037,6107.781,4.128,0.0
177.092,2026-06-26T03:01:54.599229,61234.875,88002.906,0.079,5750.037,6107.781,4.223,0.0
177.093,2026-06-26T03:01:54.599334,61234.875,88002.906,0.055,5750.038,6107.781,5.152,0.0
177.093,2026-06-26T03:01:54.599433,61234.875,88002.906,0.039,5750.039,6107.781,5.34,0.0
177.093,2026-06-26T03:01:54.599577,61234.875,88002.906,0.027,5750.039,6107.781,3.503,0.0
177.093,2026-06-26T03:01:54.599687,61234.875,88002.906,0.019,5750.04,6107.781,4.793,0.0
177.098,2026-06-26T03:01:54.605049,61342.383,88110.414,14.519,5750.052,6107.781,2.215,0.0
177.099,2026-06-26T03:01:54.605410,61342.383,88110.414,10.163,5750.053,6107.781,3.594,0.0
177.099,2026-06-26T03:01:54.605706,61342.383,88110.414,15.049,5750.054,6107.781,3.466,0.0
177.099,2026-06-26T03:01:54.605966,61342.383,88110.414,10.534,5750.055,6107.781,3.395,0.0
177.099,2026-06-26T03:01:54.606235,61342.383,88110.414,37.374,5750.056,6107.781,3.05,0.0
177.1,2026-06-26T03:01:54.606500,61342.383,88110.414,26.162,5750.057,6107.781,3.667,0.0
177.109,2026-06-26T03:01:54.615663,61342.383,88110.414,25.456,5750.058,6107.781,0.194,0.0
177.205,2026-06-26T03:01:54.712082,61342.652,88110.414,24.52,5750.389,6107.782,3.427,0.003
177.382,2026-06-26T03:01:54.888980,61348.656,88111.414,25.776,5750.724,6107.782,1.888,0.0
177.543,2026-06-26T03:01:55.050169,61348.719,88111.414,31.867,5751.055,6107.782,2.063,0.002
177.653,2026-06-26T03:01:55.159852,62112.418,96303.418,35.939,5751.387,6107.782,3.02,0.0
177.761,2026-06-26T03:01:55.267811,63445.285,96303.418,40.289,5751.718,6107.782,3.068,0.0
177.864,2026-06-26T03:01:55.370416,64857.281,96303.418,43.37,5752.048,6107.782,3.22,0.0
177.963,2026-06-26T03:01:55.470083,66119.949,96303.418,45.107,5752.379,6107.782,3.316,0.0
178.014,2026-06-26T03:01:55.520433,66610.133,96303.418,42.487,5752.379,6107.782,0.01,0.0
178.105,2026-06-26T03:01:55.611309,67120.277,96303.418,38.264,5752.71,6107.782,3.644,0.0
178.155,2026-06-26T03:01:55.661672,67428.898,96303.418,34.911,5752.71,6107.782,0.01,0.0
178.252,2026-06-26T03:01:55.758289,67911.48,96303.418,32.792,5753.041,6107.782,3.426,0.0
178.302,2026-06-26T03:01:55.808656,68226.988,96303.418,31.122,5753.041,6107.782,0.01,0.0
178.393,2026-06-26T03:01:55.900040,68798.918,96303.418,29.927,5753.372,6107.782,3.624,0.0
178.444,2026-06-26T03:01:55.950424,69128.379,96303.418,28.746,5753.372,6107.782,0.01,0.0
178.536,2026-06-26T03:01:56.043098,69606.512,104495.422,27.137,5753.703,6107.782,3.574,0.0
178.587,2026-06-26T03:01:56.093451,70249.75,104495.422,33.854,5753.703,6107.782,0.01,0.0
178.699,2026-06-26T03:01:56.205708,71742.086,104495.422,38.803,5754.034,6107.782,2.947,0.0
178.809,2026-06-26T03:01:56.315457,73163.098,104495.422,42.325,5754.364,6107.782,3.011,0.0
178.916,2026-06-26T03:01:56.422892,74598.715,104495.422,44.572,5754.694,6107.782,3.076,0.0
179.007,2026-06-26T03:01:56.514154,75149.906,104495.422,40.886,5755.025,6107.782,3.625,0.0
179.058,2026-06-26T03:01:56.564537,75481.715,104495.422,36.696,5755.025,6107.782,0.01,0.0
179.153,2026-06-26T03:01:56.659353,75990.16,104495.422,34.052,5755.356,6107.782,3.493,0.0
179.203,2026-06-26T03:01:56.709732,76293.113,104495.422,31.913,5755.356,6107.782,0.01,0.0
179.307,2026-06-26T03:01:56.814214,76962.875,104495.422,30.667,5755.687,6107.782,3.165,0.0
179.412,2026-06-26T03:01:56.918666,77602.414,104495.422,29.121,5756.017,6107.782,3.166,0.0
179.509,2026-06-26T03:01:57.015951,77916.016,112687.426,30.07,5756.348,6107.782,3.397,0.0
179.56,2026-06-26T03:01:57.066336,78157.184,112687.426,36.235,5756.348,6107.782,0.01,0.0
179.673,2026-06-26T03:01:57.179360,79509.91,112687.426,40.492,5756.679,6107.782,2.927,0.0
179.77,2026-06-26T03:01:57.277199,80189.871,112687.426,43.485,5757.009,6107.782,3.378,0.0
179.821,2026-06-26T03:01:57.327617,80934.867,112687.426,45.26,5757.01,6107.782,0.01,0.0
179.925,2026-06-26T03:01:57.432030,81878.738,112687.426,46.589,5757.34,6107.782,3.174,0.0
180.029,2026-06-26T03:01:57.535669,82839.422,112687.426,44.191,5757.67,6107.782,3.182,0.0
180.133,2026-06-26T03:01:57.639819,83271.211,112687.426,40.384,5758.0,6107.782,3.166,0.0
180.232,2026-06-26T03:01:57.739035,83791.984,112687.426,37.6,5758.33,6107.782,3.325,0.0
180.283,2026-06-26T03:01:57.789473,84286.453,112687.426,35.116,5758.33,6107.782,0.01,0.0
180.382,2026-06-26T03:01:57.888313,84707.75,112687.426,33.446,5758.661,6107.782,3.355,0.0
180.432,2026-06-26T03:01:57.938676,85072.848,112687.426,32.0,5758.661,6107.782,0.01,0.0
180.546,2026-06-26T03:01:58.052476,85738.965,112687.426,30.605,5758.992,6107.782,2.911,0.0
180.663,2026-06-26T03:01:58.169592,86487.055,113263.438,30.427,5759.323,6107.782,2.823,0.005
180.768,2026-06-26T03:01:58.274630,86574.266,113327.441,34.002,5759.653,6107.782,3.152,0.0
180.868,2026-06-26T03:01:58.374423,87038.012,113711.453,36.513,5759.984,6107.782,3.307,0.0
180.958,2026-06-26T03:01:58.464846,87834.734,114735.469,35.321,5760.315,6107.782,3.667,0.0
181.008,2026-06-26T03:01:58.515196,87687.992,114479.465,29.927,5760.315,6107.782,0.01,0.0
181.108,2026-06-26T03:01:58.614281,86810.719,113711.453,24.595,5760.646,6107.782,3.344,0.0
181.158,2026-06-26T03:01:58.664625,86782.012,113455.449,27.047,5760.647,6107.782,0.01,0.0
181.409,2026-06-26T03:01:58.915394,86831.434,113504.996,31.167,5760.976,6107.782,1.317,0.0
181.515,2026-06-26T03:01:59.022045,88119.285,121697.0,36.23,5761.306,6107.782,3.091,0.0
181.621,2026-06-26T03:01:59.128118,90048.078,121697.0,40.472,5761.636,6107.782,3.108,0.0
181.729,2026-06-26T03:01:59.236092,91950.652,121697.0,43.438,5761.967,6107.782,3.06,0.0
181.836,2026-06-26T03:01:59.342445,93778.316,121697.0,45.506,5762.297,6107.782,3.111,0.0
181.927,2026-06-26T03:01:59.433570,94845.914,121697.0,40.911,5762.628,6107.782,3.632,0.0
181.977,2026-06-26T03:01:59.483931,94980.984,121697.0,30.589,5762.629,6107.782,0.01,0.0
182.084,2026-06-26T03:01:59.590851,96304.305,129889.004,33.124,5762.959,6107.782,3.096,0.0
182.192,2026-06-26T03:01:59.698560,98209.078,129889.004,38.351,5763.29,6107.782,3.07,0.0
182.302,2026-06-26T03:01:59.808588,100092.918,129889.004,41.97,5763.621,6107.782,3.006,0.0
182.409,2026-06-26T03:01:59.915844,101983.258,129889.004,44.457,5763.951,6107.782,3.084,0.0
182.5,2026-06-26T03:02:00.007071,103032.168,129889.004,39.832,5764.282,6107.782,3.629,0.0
182.551,2026-06-26T03:02:00.057444,103142.492,129889.004,29.555,5764.283,6107.782,0.01,0.0
182.659,2026-06-26T03:02:00.165467,103723.344,138081.008,30.085,5764.613,6107.782,3.063,0.0
182.774,2026-06-26T03:02:00.281223,105214.578,138081.008,36.225,5764.944,6107.782,2.855,0.0
182.893,2026-06-26T03:02:00.399672,107040.715,138081.008,40.436,5765.274,6107.782,2.785,0.0
183.002,2026-06-26T03:02:00.508763,108383.809,138081.008,43.408,5765.604,6107.782,3.023,0.0
183.118,2026-06-26T03:02:00.624984,109923.973,138081.008,45.357,5765.933,6107.782,2.84,0.0
183.209,2026-06-26T03:02:00.715506,110614.172,138081.008,40.139,5766.263,6107.782,3.644,0.0
183.259,2026-06-26T03:02:00.765859,110729.816,138081.008,32.604,5766.264,6107.782,0.01,0.0
183.349,2026-06-26T03:02:00.856085,111092.727,138081.008,27.243,5766.594,6107.782,3.662,0.0
183.4,2026-06-26T03:02:00.906457,111242.211,138081.008,22.553,5766.594,6107.782,0.01,0.0
183.516,2026-06-26T03:02:01.023095,111969.461,138657.02,25.275,5766.924,6107.782,2.83,0.0
183.62,2026-06-26T03:02:01.126913,112175.469,138849.031,30.193,5767.254,6107.782,3.176,0.0
183.718,2026-06-26T03:02:01.224694,112570.984,139361.039,33.587,5767.584,6107.782,3.377,0.0
183.768,2026-06-26T03:02:01.275112,113711.414,140385.055,38.479,5767.584,6107.782,0.01,0.0
183.859,2026-06-26T03:02:01.365822,113052.957,139878.047,31.027,5767.914,6107.782,3.648,0.0
183.909,2026-06-26T03:02:01.416183,112503.066,139366.039,21.997,5767.915,6107.782,0.01,0.0
184.004,2026-06-26T03:02:01.510472,112181.074,138854.031,22.414,5768.244,6107.782,3.503,0.0
184.054,2026-06-26T03:02:01.560839,112181.074,138854.031,15.876,5768.245,6107.782,0.01,0.0
184.143,2026-06-26T03:02:01.650170,112181.074,138854.031,11.454,5768.575,6107.782,3.7,0.0
184.194,2026-06-26T03:02:01.700528,112181.074,138854.031,8.25,5768.575,6107.782,0.01,0.0
184.283,2026-06-26T03:02:01.789788,112181.074,138854.031,6.117,5768.905,6107.782,3.701,0.0
184.333,2026-06-26T03:02:01.840155,112181.074,138854.031,4.514,5768.906,6107.782,0.01,0.0
184.422,2026-06-26T03:02:01.929249,112181.074,138854.031,3.502,5769.235,6107.782,3.708,0.0
184.473,2026-06-26T03:02:01.979612,112181.074,138854.031,2.637,5769.236,6107.782,0.01,0.0
184.562,2026-06-26T03:02:02.068942,112181.074,138854.031,2.214,5769.566,6107.782,3.7,0.0
184.613,2026-06-26T03:02:02.119305,112181.074,138854.031,1.782,5769.566,6107.782,0.01,0.0
184.702,2026-06-26T03:02:02.208433,112181.074,138854.031,1.59,5769.896,6107.782,3.706,0.0
184.752,2026-06-26T03:02:02.258788,112181.074,138854.031,1.299,5769.897,6107.782,0.01,0.0
184.841,2026-06-26T03:02:02.347942,112181.074,138854.031,1.277,5770.227,6107.782,3.706,0.0
184.892,2026-06-26T03:02:02.398311,112181.074,138854.031,1.08,5770.227,6107.782,0.01,0.0
184.981,2026-06-26T03:02:02.487680,112181.074,138854.031,1.123,5770.557,6107.782,3.698,0.0
185.031,2026-06-26T03:02:02.538039,112181.074,138854.031,0.972,5770.557,6107.782,0.01,0.0
185.12,2026-06-26T03:02:02.627147,112181.074,138854.031,1.023,5770.887,6107.782,3.708,0.0
185.171,2026-06-26T03:02:02.677497,112181.074,138854.031,0.995,5770.888,6107.782,0.01,0.0
185.261,2026-06-26T03:02:02.767336,112181.074,138854.031,1.01,5771.218,6107.782,3.677,0.0
185.311,2026-06-26T03:02:02.817698,112181.074,138854.031,0.986,5771.218,6107.782,0.01,0.0
185.409,2026-06-26T03:02:02.915685,112181.074,138854.031,1.025,5771.549,6107.782,3.381,0.0
185.459,2026-06-26T03:02:02.966042,112181.074,138854.031,0.95,5771.549,6107.782,0.01,0.0
185.549,2026-06-26T03:02:03.055838,112181.074,138854.031,1.004,5771.88,6107.782,3.69,0.0
185.599,2026-06-26T03:02:03.106185,112181.074,138854.031,0.982,5771.881,6107.782,0.01,0.0
185.689,2026-06-26T03:02:03.195860,112181.074,138854.031,0.975,5772.211,6107.782,3.694,0.0
185.739,2026-06-26T03:02:03.246219,112181.074,138854.031,0.961,5772.212,6107.782,0.01,0.0
185.829,2026-06-26T03:02:03.335989,112181.074,138854.031,1.013,5772.543,6107.782,3.69,0.0
185.88,2026-06-26T03:02:03.386357,112181.074,138854.031,0.941,5772.543,6107.782,0.01,0.0
185.969,2026-06-26T03:02:03.476219,112181.074,138854.031,0.998,5772.874,6107.782,3.687,0.0
186.02,2026-06-26T03:02:03.526571,112181.074,138854.031,0.931,5772.874,6107.782,0.01,0.0
186.11,2026-06-26T03:02:03.616334,112181.074,138854.031,0.992,5773.205,6107.782,3.69,0.0
186.16,2026-06-26T03:02:03.666702,112181.074,138854.031,0.926,5773.206,6107.782,0.01,0.0
186.25,2026-06-26T03:02:03.756517,112181.074,138854.031,0.988,5773.536,6107.782,3.689,0.0
186.3,2026-06-26T03:02:03.806878,112181.074,138854.031,0.924,5773.537,6107.782,0.01,0.0
288.006,2026-06-26T03:03:45.512860,111602.387,138576.77,1.258,5774.264,64034.039,0.007,569.547
288.095,2026-06-26T03:03:45.602042,110661.414,138576.77,1.222,5774.595,64034.039,3.704,0.0
288.146,2026-06-26T03:03:45.652401,110077.414,138576.77,1.088,5774.595,64034.039,0.01,0.0
288.235,2026-06-26T03:03:45.741909,108988.477,138576.77,1.076,5774.925,64034.039,3.697,0.0
288.285,2026-06-26T03:03:45.792257,108458.117,138576.77,0.985,5774.926,64034.039,0.01,0.0
288.375,2026-06-26T03:03:45.881634,107511.047,138576.77,1.057,5775.256,64034.039,3.702,0.0
288.425,2026-06-26T03:03:45.931984,106993.414,138576.77,0.972,5775.257,64034.039,0.01,0.0
288.515,2026-06-26T03:03:46.021283,106109.383,138576.77,1.022,5775.587,64034.039,3.706,0.0
288.565,2026-06-26T03:03:46.071641,105575.414,138576.77,0.948,5775.588,64034.039,0.01,0.0
288.654,2026-06-26T03:03:46.160950,104631.953,138576.77,0.979,5775.918,64034.039,3.706,0.0
288.705,2026-06-26T03:03:46.211305,103977.414,138576.77,0.964,5775.919,64034.039,0.01,0.0
288.794,2026-06-26T03:03:46.300607,103078.605,130128.75,0.99,5776.249,64034.039,3.705,0.0
288.844,2026-06-26T03:03:46.350954,102493.402,130128.75,0.925,5776.25,64034.039,0.01,0.0
288.934,2026-06-26T03:03:46.440364,101525.41,130128.75,0.989,5776.58,64034.039,3.702,0.0
288.984,2026-06-26T03:03:46.490715,100881.402,130128.75,0.924,5776.58,64034.039,0.01,0.0
289.073,2026-06-26T03:03:46.580009,99934.332,130128.75,0.989,5776.911,64034.039,3.706,0.0
289.124,2026-06-26T03:03:46.630357,99437.402,130128.75,0.924,5776.911,64034.039,0.01,0.0
289.213,2026-06-26T03:03:46.719723,98494.785,130128.75,0.988,5777.242,64034.039,3.703,0.0
289.263,2026-06-26T03:03:46.770071,97964.426,130128.75,0.97,5777.242,64034.039,0.01,0.0
289.353,2026-06-26T03:03:46.859408,97043.402,130128.75,0.995,5777.573,64034.039,3.705,0.0
289.403,2026-06-26T03:03:46.909755,96486.996,130128.75,0.928,5777.573,64034.039,0.01,0.0
289.492,2026-06-26T03:03:46.999145,95463.402,130128.75,0.991,5777.904,64034.039,3.703,0.0
289.543,2026-06-26T03:03:47.049485,94909.395,121936.746,0.926,5777.904,64034.039,0.01,0.0
289.639,2026-06-26T03:03:47.145441,93825.883,121936.746,0.991,5778.234,64034.039,3.448,0.0
289.689,2026-06-26T03:03:47.195790,93271.395,121936.746,0.926,5778.235,64034.039,0.01,0.0
289.778,2026-06-26T03:03:47.285256,92121.156,121936.746,0.989,5778.565,64034.039,3.698,0.0
289.829,2026-06-26T03:03:47.335608,91677.395,121936.746,0.925,5778.566,64034.039,0.01,0.0
289.918,2026-06-26T03:03:47.425020,90705.395,121936.746,0.988,5778.896,64034.039,3.701,0.0
289.969,2026-06-26T03:03:47.475375,90189.133,121936.746,0.924,5778.897,64034.039,0.01,0.0
290.058,2026-06-26T03:03:47.564676,89313.395,121936.746,0.962,5779.227,64034.039,3.706,0.0
290.108,2026-06-26T03:03:47.615024,88711.703,121936.746,0.952,5779.228,64034.039,0.01,0.0
290.198,2026-06-26T03:03:47.704347,87764.633,121936.746,1.008,5779.558,64034.039,3.705,0.0
290.248,2026-06-26T03:03:47.754698,87120.625,121936.746,0.938,5779.559,64034.039,0.01,0.0
290.337,2026-06-26T03:03:47.844209,86257.406,113232.734,0.971,5779.889,64034.039,3.697,0.0
290.388,2026-06-26T03:03:47.894556,85652.23,113232.734,0.959,5779.889,64034.039,0.01,0.0
290.477,2026-06-26T03:03:47.983952,84629.395,113232.734,1.012,5780.22,64034.039,3.702,0.0
290.528,2026-06-26T03:03:48.034304,83999.406,113232.734,0.941,5780.22,64034.039,0.01,0.0
290.617,2026-06-26T03:03:48.123662,83033.406,113232.734,0.974,5780.551,64034.039,3.703,0.0
290.667,2026-06-26T03:03:48.174014,82432.191,113232.734,0.96,5780.551,64034.039,0.01,0.0
290.757,2026-06-26T03:03:48.263435,81485.121,113232.734,0.987,5780.882,64034.039,3.702,0.0
290.807,2026-06-26T03:03:48.313794,80992.645,113232.734,0.923,5780.882,64034.039,0.01,0.0
290.896,2026-06-26T03:03:48.403190,80009.406,113232.734,1.014,5781.213,64034.039,3.702,0.0
290.947,2026-06-26T03:03:48.453541,79479.406,113232.734,0.942,5781.213,64034.039,0.01,0.0
291.036,2026-06-26T03:03:48.543052,78416.613,113232.734,0.974,5781.544,64034.039,3.697,0.0
291.087,2026-06-26T03:03:48.593404,77923.984,104784.715,0.914,5781.544,64034.039,0.01,0.0
291.176,2026-06-26T03:03:48.682725,76969.395,104784.715,0.981,5781.874,64034.039,3.706,0.0
291.226,2026-06-26T03:03:48.733069,76373.395,104784.715,0.919,5781.875,64034.039,0.01,0.0
291.316,2026-06-26T03:03:48.822281,75461.602,104784.715,0.985,5782.205,64034.039,3.71,0.0
291.366,2026-06-26T03:03:48.872631,74911.395,104784.715,0.922,5782.206,64034.039,0.01,0.0
291.455,2026-06-26T03:03:48.961803,74059.938,104784.715,0.987,5782.536,64034.039,3.711,0.0
291.505,2026-06-26T03:03:49.012180,73529.578,104784.715,0.923,5782.537,64034.039,0.01,0.0
291.595,2026-06-26T03:03:49.101428,72601.395,104784.715,0.988,5782.867,64034.039,3.708,0.0
291.645,2026-06-26T03:03:49.151784,72131.395,104784.715,0.924,5782.868,64034.039,0.01,0.0
291.743,2026-06-26T03:03:49.249985,71097.395,104784.715,1.005,5783.199,64034.039,3.375,0.0
291.794,2026-06-26T03:03:49.300346,70574.719,104784.715,0.936,5783.199,64034.039,0.01,0.0
291.883,2026-06-26T03:03:49.389588,69580.449,96592.711,0.997,5783.53,64034.039,3.718,0.0
291.933,2026-06-26T03:03:49.439947,69021.387,96592.711,0.93,5783.531,64034.039,0.01,0.0
292.022,2026-06-26T03:03:49.529218,68033.387,96592.711,0.993,5783.862,64034.039,3.719,0.0
292.073,2026-06-26T03:03:49.579575,67471.387,96592.711,0.927,5783.863,64034.039,0.01,0.0
292.162,2026-06-26T03:03:49.668769,66511.941,96592.711,0.965,5784.194,64034.039,3.72,0.0
292.212,2026-06-26T03:03:49.719121,66009.387,96592.711,0.908,5784.195,64034.039,0.01,0.0
292.302,2026-06-26T03:03:49.808314,65043.387,96592.711,0.977,5784.526,64034.039,3.72,0.0
292.352,2026-06-26T03:03:49.858684,64617.801,96592.711,0.916,5784.526,64034.039,0.01,0.0
292.441,2026-06-26T03:03:49.948043,63721.387,96592.711,0.983,5784.858,64034.039,3.714,0.0
292.492,2026-06-26T03:03:49.998408,63216.137,96592.711,0.92,5784.858,64034.039,0.01,0.0
292.581,2026-06-26T03:03:50.087642,62231.184,96592.711,0.986,5785.19,64034.039,3.718,0.0
292.631,2026-06-26T03:03:50.137985,61729.391,88400.707,0.922,5785.19,64034.039,0.01,0.0
292.656,2026-06-26T03:03:50.162996,61473.387,88144.703,1.005,5785.191,64034.039,0.018,0.0
292.662,2026-06-26T03:03:50.168544,61473.387,88144.703,0.703,5785.191,64034.039,0.095,0.0
292.667,2026-06-26T03:03:50.174031,61473.387,88144.703,0.919,5785.192,64034.039,0.095,0.0
292.673,2026-06-26T03:03:50.179533,61473.387,88144.703,0.643,5785.192,64034.039,0.126,0.0
292.678,2026-06-26T03:03:50.184536,61473.387,88144.703,0.45,5786.853,64034.039,718.017,0.0
292.678,2026-06-26T03:03:50.184721,61473.387,88144.703,0.315,5786.854,64034.039,3.692,0.0
292.685,2026-06-26T03:03:50.192063,61473.387,88144.703,0.532,5786.854,64034.039,0.07,0.0
292.686,2026-06-26T03:03:50.192486,61473.387,88144.703,0.372,5786.855,64034.039,3.078,0.0
292.739,2026-06-26T03:03:50.245766,61473.387,88144.703,0.481,5786.856,64035.705,0.01,31.231
292.966,2026-06-26T03:03:50.472847,61473.387,88144.703,0.574,5786.857,64035.709,0.003,0.019
292.978,2026-06-26T03:03:50.484356,61365.879,88037.195,1.015,5786.9,64035.709,3.831,0.0
292.978,2026-06-26T03:03:50.484745,61365.879,88037.195,0.71,5786.901,64035.709,2.197,0.0
292.98,2026-06-26T03:03:50.487097,61365.879,88037.195,0.497,5788.569,64035.709,693.359,0.0
292.981,2026-06-26T03:03:50.487485,61365.879,88037.195,0.348,5788.569,64035.709,2.431,0.0
292.981,2026-06-26T03:03:50.487790,61365.879,88037.195,0.244,5788.57,64035.709,2.355,0.0
292.983,2026-06-26T03:03:50.489958,61365.879,88037.195,0.171,5790.237,64035.709,764.544,0.0
292.984,2026-06-26T03:03:50.490711,61365.879,88037.195,0.119,5790.239,64035.71,1.577,0.791
293.042,2026-06-26T03:03:50.549210,61365.879,88037.195,0.324,5790.522,64035.71,4.835,0.0
293.132,2026-06-26T03:03:50.638537,61455.797,103578.137,0.332,5792.549,64035.725,22.711,0.179
293.182,2026-06-26T03:03:50.688930,61456.109,103578.137,0.51,5792.55,64035.758,0.02,0.642
293.233,2026-06-26T03:03:50.739541,61456.277,103578.137,0.589,5792.551,64035.758,0.02,0.0
293.283,2026-06-26T03:03:50.790127,61463.438,103590.137,0.597,5792.552,64035.758,0.02,0.0
293.334,2026-06-26T03:03:50.840914,61463.445,103590.137,0.694,5792.553,64035.789,0.019,0.61
293.385,2026-06-26T03:03:50.891814,61474.312,103604.137,0.716,5792.554,64035.789,0.019,0.0
293.436,2026-06-26T03:03:50.942812,61474.434,103604.137,0.731,5792.555,64035.789,0.019,0.0
293.487,2026-06-26T03:03:50.993804,61474.5,103604.137,0.787,5792.556,64035.789,0.019,0.0
293.538,2026-06-26T03:03:51.044816,61466.953,103604.137,0.781,5792.557,64035.789,0.019,0.0
293.589,2026-06-26T03:03:51.095801,61466.961,103604.137,0.776,5792.558,64035.789,0.019,0.0
293.64,2026-06-26T03:03:51.146799,61466.961,103604.137,0.773,5792.559,64035.789,0.019,0.0
293.691,2026-06-26T03:03:51.197779,61466.961,103604.137,0.817,5792.56,64035.789,0.019,0.0
293.742,2026-06-26T03:03:51.248812,61466.961,103604.137,0.802,5792.561,64035.789,0.019,0.0
293.793,2026-06-26T03:03:51.299795,61467.902,103604.137,0.791,5792.562,64035.789,0.024,0.005
293.844,2026-06-26T03:03:51.350806,61468.902,103604.137,0.783,5792.563,64035.789,0.019,0.0
293.895,2026-06-26T03:03:51.401793,61473.684,103604.137,0.778,5792.564,64035.789,0.019,0.0
293.946,2026-06-26T03:03:51.452787,61474.297,103604.137,0.774,5792.565,64035.789,0.019,0.0
293.997,2026-06-26T03:03:51.503798,61474.809,103604.137,0.772,5792.566,64035.789,0.019,0.0
294.048,2026-06-26T03:03:51.554799,61474.914,103604.137,0.77,5792.567,64035.789,0.019,0.0
294.099,2026-06-26T03:03:51.605786,61502.074,103640.137,0.815,5792.568,64035.789,0.019,0.0
294.15,2026-06-26T03:03:51.656804,61531.656,103664.137,0.846,5792.569,64035.789,0.019,0.0
294.201,2026-06-26T03:03:51.707790,61547.703,103692.137,0.868,5792.57,64035.789,0.019,0.0
294.252,2026-06-26T03:03:51.758818,61563.746,103692.137,0.837,5792.571,64035.789,0.019,0.0
294.303,2026-06-26T03:03:51.809816,61581.523,103724.137,0.816,5792.572,64035.789,0.019,0.0
294.354,2026-06-26T03:03:51.860818,61596.004,103724.137,0.801,5792.573,64035.789,0.019,0.0
294.405,2026-06-26T03:03:51.911804,61614.121,103764.137,0.791,5792.574,64035.789,0.019,0.0
294.456,2026-06-26T03:03:51.962807,61631.555,103764.137,0.783,5792.575,64035.789,0.019,0.0
294.507,2026-06-26T03:03:52.013808,61644.66,103764.137,0.778,5792.576,64035.789,0.019,0.0
294.558,2026-06-26T03:03:52.064806,61650.566,103812.137,0.82,5792.577,64035.789,0.019,0.0
294.609,2026-06-26T03:03:52.115795,61650.68,103812.137,0.804,5792.578,64035.789,0.019,0.0
294.66,2026-06-26T03:03:52.166812,61662.082,103812.137,0.793,5792.579,64035.789,0.019,0.0
294.711,2026-06-26T03:03:52.217809,61697.074,103812.137,0.739,5792.58,64035.789,0.019,0.0
294.762,2026-06-26T03:03:52.268820,61718.52,103868.137,0.793,5792.581,64035.789,0.019,0.0
294.813,2026-06-26T03:03:52.319807,61719.965,103868.137,0.785,5792.582,64035.789,0.019,0.0
294.864,2026-06-26T03:03:52.370818,61717.719,103868.137,0.779,5792.583,64035.789,0.019,0.0
294.915,2026-06-26T03:03:52.421821,61717.719,103868.137,0.821,5792.584,64035.789,0.019,0.0
294.966,2026-06-26T03:03:52.472823,61717.719,103868.137,0.805,5792.585,64035.789,0.019,0.0
295.017,2026-06-26T03:03:52.523813,61717.719,103868.137,0.793,5792.586,64035.789,0.019,0.0
295.068,2026-06-26T03:03:52.574816,61731.359,103868.137,0.785,5792.587,64035.789,0.02,0.0
295.119,2026-06-26T03:03:52.625785,61758.488,103932.137,0.779,5792.588,64035.789,0.02,0.0
295.17,2026-06-26T03:03:52.676820,61770.691,103932.137,0.775,5792.589,64035.789,0.02,0.0
295.221,2026-06-26T03:03:52.727801,61770.766,103932.137,0.818,5792.59,64035.789,0.02,0.0
295.272,2026-06-26T03:03:52.778816,61770.766,103932.137,0.803,5792.591,64035.789,0.02,0.0
295.323,2026-06-26T03:03:52.829811,61773.441,103932.137,0.792,5792.592,64035.789,0.02,0.0
295.374,2026-06-26T03:03:52.880818,61781.711,103932.137,0.784,5792.593,64035.789,0.02,0.0
295.425,2026-06-26T03:03:52.931820,61781.711,103932.137,0.778,5792.594,64035.789,0.02,0.0
295.476,2026-06-26T03:03:52.982808,61781.711,103932.137,0.821,5792.595,64035.789,0.02,0.0
295.527,2026-06-26T03:03:53.033797,61781.773,103932.137,0.85,5792.596,64035.789,0.02,0.0
295.578,2026-06-26T03:03:53.084807,61783.781,103932.137,0.825,5792.597,64035.789,0.02,0.0
295.629,2026-06-26T03:03:53.135803,61783.164,103932.137,0.807,5792.598,64035.789,0.02,0.0
295.68,2026-06-26T03:03:53.186819,61786.578,103932.137,0.795,5792.599,64035.789,0.02,0.0
295.731,2026-06-26T03:03:53.237795,61786.578,103932.137,0.786,5792.6,64035.789,0.02,0.0
295.782,2026-06-26T03:03:53.288804,61785.445,103932.137,0.78,5792.601,64035.789,0.02,0.0
295.833,2026-06-26T03:03:53.339797,61804.27,103932.137,0.776,5792.602,64035.789,0.02,0.0
295.884,2026-06-26T03:03:53.390776,61807.828,103932.137,0.773,5792.603,64035.789,0.02,0.0
295.935,2026-06-26T03:03:53.441769,61807.828,103932.137,0.808,5792.604,64035.789,0.016,0.0
295.996,2026-06-26T03:03:53.503179,61809.77,103932.137,0.796,5792.605,64035.789,0.02,0.0
296.047,2026-06-26T03:03:53.554196,61811.914,103932.137,0.787,5792.606,64035.789,0.02,0.0
296.098,2026-06-26T03:03:53.605191,61813.699,103932.137,0.827,5792.607,64035.789,0.02,0.0
296.149,2026-06-26T03:03:53.656186,61823.164,104012.137,0.763,5792.608,64035.789,0.02,0.0
296.2,2026-06-26T03:03:53.707170,61827.172,104012.137,0.763,5792.609,64035.789,0.02,0.0
296.251,2026-06-26T03:03:53.758179,61827.555,104012.137,0.81,5792.61,64035.789,0.02,0.0
296.302,2026-06-26T03:03:53.809182,61827.379,104012.137,0.797,5792.611,64035.789,0.02,0.0
296.353,2026-06-26T03:03:53.860192,61826.773,104012.137,0.788,5792.612,64035.789,0.02,0.0
296.404,2026-06-26T03:03:53.911157,61826.836,104012.137,0.781,5792.613,64035.789,0.02,0.0
296.455,2026-06-26T03:03:53.962115,61828.816,104012.137,0.822,5792.614,64035.789,0.02,0.0
296.506,2026-06-26T03:03:54.013159,61829.09,104012.137,0.806,5792.615,64035.789,0.02,0.0
296.557,2026-06-26T03:03:54.064128,61829.395,104012.137,0.84,5792.616,64035.789,0.02,0.0
296.608,2026-06-26T03:03:54.115131,61829.395,104012.137,0.818,5792.617,64035.789,0.02,0.0
296.659,2026-06-26T03:03:54.166118,61829.395,104012.137,0.802,5792.618,64035.789,0.02,0.0
296.71,2026-06-26T03:03:54.217121,61829.395,104012.137,0.791,5792.619,64035.789,0.02,0.0
296.761,2026-06-26T03:03:54.268129,61829.445,104012.137,0.784,5792.62,64035.789,0.02,0.0
296.812,2026-06-26T03:03:54.319135,61829.445,104012.137,0.824,5792.621,64035.789,0.02,0.0
296.863,2026-06-26T03:03:54.370126,61829.445,104012.137,0.807,5792.622,64035.789,0.02,0.0
296.914,2026-06-26T03:03:54.421123,61829.445,104012.137,0.795,5792.623,64035.789,0.02,0.0
296.965,2026-06-26T03:03:54.472095,61829.445,104012.137,0.786,5792.624,64035.789,0.02,0.0
297.016,2026-06-26T03:03:54.523121,61829.445,104012.137,0.78,5792.625,64035.789,0.02,0.0
297.067,2026-06-26T03:03:54.574087,61829.445,104012.137,0.822,5792.626,64035.789,0.02,0.0
297.118,2026-06-26T03:03:54.625086,61829.137,104012.137,0.805,5792.627,64035.789,0.02,0.0
297.169,2026-06-26T03:03:54.676074,61829.137,104012.137,0.793,5792.628,64035.789,0.02,0.0
297.22,2026-06-26T03:03:54.727081,61829.137,104012.137,0.785,5792.629,64035.789,0.02,0.0
297.271,2026-06-26T03:03:54.778078,61829.137,104012.137,0.779,5792.63,64035.789,0.02,0.0
297.322,2026-06-26T03:03:54.829080,61829.137,104012.137,0.775,5792.631,64035.789,0.02,0.0
297.373,2026-06-26T03:03:54.880070,61830.164,104012.137,0.772,5792.632,64035.789,0.02,0.0
297.424,2026-06-26T03:03:54.931073,61831.141,104012.137,0.771,5792.633,64035.789,0.02,0.0
297.475,2026-06-26T03:03:54.982056,61831.395,104012.137,0.815,5792.634,64035.789,0.02,0.0
297.526,2026-06-26T03:03:55.033072,61830.641,104012.137,0.846,5792.635,64035.789,0.02,0.0
297.577,2026-06-26T03:03:55.084045,61830.641,104012.137,0.822,5792.636,64035.789,0.02,0.0
297.628,2026-06-26T03:03:55.135045,61830.648,104012.137,0.805,5792.637,64035.789,0.02,0.0
297.679,2026-06-26T03:03:55.186036,61830.648,104012.137,0.794,5792.638,64035.789,0.02,0.0
297.73,2026-06-26T03:03:55.237042,61830.648,104012.137,0.831,5792.639,64035.789,0.02,0.0
297.781,2026-06-26T03:03:55.288043,61830.648,104012.137,0.812,5792.64,64035.789,0.02,0.0
297.832,2026-06-26T03:03:55.339039,61830.648,104012.137,0.798,5792.641,64035.789,0.02,0.0
297.883,2026-06-26T03:03:55.389971,61830.648,104012.137,0.789,5792.642,64035.789,0.02,0.0
297.934,2026-06-26T03:03:55.440964,61830.672,104012.137,0.782,5792.643,64035.789,0.02,0.0
297.985,2026-06-26T03:03:55.491950,61830.672,104012.137,0.777,5792.644,64035.789,0.02,0.0
298.036,2026-06-26T03:03:55.542957,61830.191,104012.137,0.82,5792.645,64035.789,0.02,0.0
298.087,2026-06-26T03:03:55.593948,61830.191,104012.137,0.804,5792.646,64035.789,0.02,0.0
298.208,2026-06-26T03:03:55.714431,61830.207,104012.137,0.933,5792.996,64035.789,2.918,0.0
298.258,2026-06-26T03:03:55.764851,61830.207,104012.137,0.931,5792.997,64035.789,0.02,0.0
298.309,2026-06-26T03:03:55.815451,61830.207,104012.137,0.883,5792.998,64035.789,0.02,0.0
298.359,2026-06-26T03:03:55.866069,61830.195,104012.137,0.803,5792.999,64035.789,0.02,0.0
298.41,2026-06-26T03:03:55.916834,61829.852,104012.137,0.839,5793.0,64035.789,0.02,0.0
298.461,2026-06-26T03:03:55.967703,61829.039,104012.137,0.817,5793.001,64035.789,0.02,0.0
298.512,2026-06-26T03:03:56.018713,61828.184,104012.137,0.802,5793.002,64035.789,0.02,0.0
298.563,2026-06-26T03:03:56.069704,61828.184,104012.137,0.791,5793.003,64035.789,0.02,0.0
298.614,2026-06-26T03:03:56.120730,61828.184,104012.137,0.784,5793.004,64035.789,0.02,0.0
298.665,2026-06-26T03:03:56.171695,61827.828,104012.137,0.778,5793.005,64035.789,0.02,0.0
298.716,2026-06-26T03:03:56.222689,61827.836,104012.137,0.775,5793.006,64035.789,0.02,0.0
298.767,2026-06-26T03:03:56.273683,61827.836,104012.137,0.772,5793.007,64035.789,0.02,0.0
298.818,2026-06-26T03:03:56.324694,61827.836,104012.137,0.77,5793.008,64035.789,0.02,0.0
298.869,2026-06-26T03:03:56.375695,61831.844,104012.137,0.769,5793.009,64035.789,0.02,0.0
298.92,2026-06-26T03:03:56.426708,61831.844,104012.137,0.814,5793.01,64035.789,0.02,0.0
298.971,2026-06-26T03:03:56.477689,61831.844,104012.137,0.8,5793.011,64035.789,0.02,0.0
299.022,2026-06-26T03:03:56.528712,61828.801,104012.137,0.79,5793.012,64035.789,0.02,0.0
299.073,2026-06-26T03:03:56.579716,61828.801,104012.137,0.782,5793.013,64035.789,0.02,0.0
299.124,2026-06-26T03:03:56.630733,61828.816,104012.137,0.777,5793.014,64035.789,0.02,0.0
299.175,2026-06-26T03:03:56.681713,61828.816,104012.137,0.82,5793.015,64035.789,0.02,0.0
299.226,2026-06-26T03:03:56.732713,61828.816,104012.137,0.804,5793.016,64035.789,0.02,0.0
299.277,2026-06-26T03:03:56.783718,61828.816,104012.137,0.792,5793.017,64035.789,0.02,0.0
299.328,2026-06-26T03:03:56.834737,61831.82,104012.137,0.83,5793.018,64035.789,0.02,0.0
299.379,2026-06-26T03:03:56.885747,61839.828,104012.137,0.765,5793.019,64035.789,0.02,0.0
299.43,2026-06-26T03:03:56.936759,61831.82,104012.137,0.765,5793.02,64035.789,0.02,0.0
299.481,2026-06-26T03:03:56.987740,61835.824,104012.137,0.765,5793.021,64035.789,0.02,0.0
299.532,2026-06-26T03:03:57.038775,61837.84,104012.137,0.766,5793.022,64035.789,0.02,0.0
299.583,2026-06-26T03:03:57.089752,61837.84,104012.137,0.766,5793.023,64035.789,0.02,0.0
299.634,2026-06-26T03:03:57.140760,61842.012,104012.137,0.812,5793.024,64035.789,0.02,0.0
299.685,2026-06-26T03:03:57.191739,61832.848,104012.137,0.798,5793.025,64035.789,0.02,0.0
299.736,2026-06-26T03:03:57.242750,61832.848,104012.137,0.788,5793.026,64035.789,0.02,0.0
299.787,2026-06-26T03:03:57.293765,61832.848,104012.137,0.782,5793.027,64035.789,0.02,0.0
299.838,2026-06-26T03:03:57.344760,61832.848,104012.137,0.777,5793.028,64035.789,0.02,0.0
299.889,2026-06-26T03:03:57.395734,61828.848,104012.137,0.82,5793.029,64035.789,0.02,0.0
299.94,2026-06-26T03:03:57.446735,61828.848,104012.137,0.85,5793.03,64035.789,0.02,0.0
299.991,2026-06-26T03:03:57.497723,61832.852,104012.137,0.824,5793.031,64035.789,0.02,0.0
300.042,2026-06-26T03:03:57.548762,61844.574,104012.137,0.853,5793.032,64035.789,0.02,0.0
300.093,2026-06-26T03:03:57.599742,61857.496,104012.137,0.827,5793.033,64035.789,0.02,0.0
300.144,2026-06-26T03:03:57.650761,61861.516,104012.137,0.808,5793.034,64035.789,0.02,0.0
300.195,2026-06-26T03:03:57.701758,61869.52,104012.137,0.796,5793.035,64035.789,0.02,0.0
300.246,2026-06-26T03:03:57.752765,61853.512,104012.137,0.787,5793.036,64035.789,0.02,0.0
300.297,2026-06-26T03:03:57.803781,61853.156,104012.137,0.78,5793.037,64035.789,0.02,0.0
300.348,2026-06-26T03:03:57.854785,61861.16,104012.137,0.776,5793.038,64035.789,0.02,0.0
300.399,2026-06-26T03:03:57.905766,61861.16,104012.137,0.773,5793.039,64035.789,0.02,0.0
300.45,2026-06-26T03:03:57.956783,61861.164,104012.137,0.771,5793.04,64035.789,0.02,0.0
300.501,2026-06-26T03:03:58.007771,61869.168,104012.137,0.815,5793.041,64035.789,0.02,0.0
300.552,2026-06-26T03:03:58.058788,61854.027,104012.137,0.801,5793.042,64035.789,0.02,0.0
300.603,2026-06-26T03:03:58.109773,61855.672,104012.137,0.79,5793.043,64035.789,0.02,0.0
300.654,2026-06-26T03:03:58.160752,61861.652,104012.137,0.737,5793.044,64035.789,0.02,0.0
300.705,2026-06-26T03:03:58.211757,61870.328,104012.137,0.792,5793.045,64035.789,0.02,0.0
300.756,2026-06-26T03:03:58.262764,61880.316,104012.137,0.784,5793.046,64035.789,0.02,0.0
300.807,2026-06-26T03:03:58.313758,61884.465,104012.137,0.824,5793.047,64035.789,0.02,0.0
300.858,2026-06-26T03:03:58.364768,61895.75,104012.137,0.807,5793.048,64035.789,0.02,0.0
300.909,2026-06-26T03:03:58.415759,61892.621,104012.137,0.841,5793.049,64035.789,0.02,0.0
300.96,2026-06-26T03:03:58.466794,61892.621,104012.137,0.818,5793.05,64035.789,0.02,0.0
301.011,2026-06-26T03:03:58.517776,61892.621,104012.137,0.802,5793.051,64035.789,0.02,0.0
301.062,2026-06-26T03:03:58.568782,61892.621,104012.137,0.792,5793.052,64035.789,0.02,0.0
301.113,2026-06-26T03:03:58.619774,61892.621,104012.137,0.784,5793.053,64035.789,0.02,0.0
301.164,2026-06-26T03:03:58.670766,61892.621,104012.137,0.779,5793.054,64035.789,0.02,0.0
301.215,2026-06-26T03:03:58.721765,61892.621,104012.137,0.775,5793.055,64035.789,0.02,0.0
301.266,2026-06-26T03:03:58.772769,61892.621,104012.137,0.772,5793.056,64035.789,0.02,0.0
301.317,2026-06-26T03:03:58.823759,61892.621,104012.137,0.816,5793.057,64035.789,0.02,0.0
301.368,2026-06-26T03:03:58.874792,61902.625,104012.137,0.801,5793.058,64035.789,0.02,0.0
301.419,2026-06-26T03:03:58.925774,61902.625,104012.137,0.79,5793.059,64035.789,0.02,0.0
301.47,2026-06-26T03:03:58.976788,61910.945,104012.137,0.783,5793.06,64035.789,0.02,0.0
301.521,2026-06-26T03:03:59.027772,61861.664,104012.137,0.824,5793.061,64035.789,0.02,0.0
301.572,2026-06-26T03:03:59.078784,61861.664,104012.137,0.806,5793.062,64035.789,0.02,0.0
301.623,2026-06-26T03:03:59.129786,61865.668,104012.137,0.794,5793.063,64035.789,0.02,0.0
301.674,2026-06-26T03:03:59.180780,61865.668,104012.137,0.786,5793.064,64035.789,0.02,0.0
301.725,2026-06-26T03:03:59.231765,61865.668,104012.137,0.78,5793.065,64035.789,0.02,0.0
301.776,2026-06-26T03:03:59.282776,61863.668,104012.137,0.822,5793.066,64035.789,0.02,0.0
301.827,2026-06-26T03:03:59.333772,61863.668,104012.137,0.851,5793.067,64035.789,0.02,0.0
301.878,2026-06-26T03:03:59.384809,61868.676,104012.137,0.779,5793.068,64035.789,0.02,0.0
301.929,2026-06-26T03:03:59.435791,61868.676,104012.137,0.821,5793.069,64035.789,0.02,0.0
301.98,2026-06-26T03:03:59.486811,61868.676,104012.137,0.805,5793.07,64035.789,0.02,0.0
302.031,2026-06-26T03:03:59.537798,61868.676,104012.137,0.793,5793.071,64035.789,0.02,0.0
302.082,2026-06-26T03:03:59.588802,61868.676,104012.137,0.785,5793.072,64035.789,0.02,0.0
302.133,2026-06-26T03:03:59.639811,61876.684,104012.137,0.825,5793.073,64035.789,0.02,0.0
302.184,2026-06-26T03:03:59.690802,61876.684,104012.137,0.807,5793.074,64035.789,0.02,0.0
302.235,2026-06-26T03:03:59.741788,61868.676,104012.137,0.795,5793.075,64035.789,0.02,0.0
302.286,2026-06-26T03:03:59.792810,61874.695,104012.137,0.786,5793.076,64035.789,0.02,0.0
302.337,2026-06-26T03:03:59.843803,61874.695,104012.137,0.78,5793.077,64035.789,0.02,0.0
302.388,2026-06-26T03:03:59.894835,61874.695,104012.137,0.776,5793.078,64035.789,0.02,0.0
302.439,2026-06-26T03:03:59.945810,61880.84,104012.137,0.819,5793.079,64035.789,0.02,0.0
302.49,2026-06-26T03:03:59.996828,61870.703,104012.137,0.757,5793.08,64035.789,0.02,0.0
302.541,2026-06-26T03:04:00.047825,61870.434,104012.137,0.805,5793.081,64035.789,0.02,0.0
302.592,2026-06-26T03:04:00.098840,61869.906,104012.137,0.794,5793.082,64035.789,0.02,0.0
302.643,2026-06-26T03:04:00.149843,61867.895,104012.137,0.785,5793.083,64035.789,0.02,0.0
302.694,2026-06-26T03:04:00.200835,61867.895,104012.137,0.78,5793.084,64035.789,0.02,0.0
302.745,2026-06-26T03:04:00.251820,61871.898,104012.137,0.775,5793.085,64035.789,0.02,0.0
302.796,2026-06-26T03:04:00.302832,61874.75,104012.137,0.819,5793.086,64035.789,0.02,0.0
302.847,2026-06-26T03:04:00.353820,61896.57,104012.137,0.803,5793.087,64035.789,0.02,0.0
302.898,2026-06-26T03:04:00.404837,61901.383,104012.137,0.746,5793.088,64035.789,0.02,0.0
302.949,2026-06-26T03:04:00.455827,61909.344,104012.137,0.752,5793.089,64035.789,0.02,0.0
303.0,2026-06-26T03:04:00.506830,61893.336,104012.137,0.802,5793.09,64035.789,0.02,0.0
303.051,2026-06-26T03:04:00.557835,61893.336,104012.137,0.791,5793.091,64035.789,0.02,0.0
303.102,2026-06-26T03:04:00.608847,61901.375,104012.137,0.784,5793.092,64035.789,0.02,0.0
303.223,2026-06-26T03:04:00.730224,61901.375,104012.137,0.936,5793.442,64035.789,2.897,0.0
303.274,2026-06-26T03:04:00.780651,61909.379,104012.137,0.887,5793.443,64035.789,0.02,0.0
303.324,2026-06-26T03:04:00.831243,61893.418,104012.137,0.852,5793.444,64035.789,0.02,0.0
303.375,2026-06-26T03:04:00.881839,61894.324,104012.137,0.828,5793.445,64035.789,0.02,0.0
303.426,2026-06-26T03:04:00.932635,61897.695,104012.137,0.81,5793.446,64035.789,0.02,0.0
303.477,2026-06-26T03:04:00.983440,61904.32,104012.137,0.797,5793.447,64035.789,0.02,0.0
303.528,2026-06-26T03:04:01.034451,61912.855,104012.137,0.788,5793.448,64035.789,0.02,0.0
303.579,2026-06-26T03:04:01.085442,61922.648,104108.137,0.781,5793.449,64035.789,0.02,0.0
303.63,2026-06-26T03:04:01.136451,61926.23,104108.137,0.822,5793.45,64035.789,0.02,0.0
303.681,2026-06-26T03:04:01.187435,61930.551,104108.137,0.759,5793.451,64035.789,0.02,0.0
303.732,2026-06-26T03:04:01.238455,61932.227,104108.137,0.761,5793.452,64035.789,0.02,0.0
303.783,2026-06-26T03:04:01.289435,61932.227,104108.137,0.763,5793.453,64035.789,0.02,0.0
303.834,2026-06-26T03:04:01.340452,61932.227,104108.137,0.81,5793.454,64035.789,0.02,0.0
303.885,2026-06-26T03:04:01.391456,61932.227,104108.137,0.797,5793.455,64035.789,0.02,0.0
303.936,2026-06-26T03:04:01.442469,61932.227,104108.137,0.879,5793.456,64035.789,0.02,0.0
303.987,2026-06-26T03:04:01.493460,61932.227,104108.137,0.845,5793.457,64035.789,0.02,0.0
304.038,2026-06-26T03:04:01.544469,61932.227,104108.137,0.821,5793.458,64035.789,0.02,0.0
304.089,2026-06-26T03:04:01.595451,61932.227,104108.137,0.805,5793.459,64035.789,0.02,0.0
304.14,2026-06-26T03:04:01.646477,61932.227,104108.137,0.793,5793.46,64035.789,0.02,0.0
304.191,2026-06-26T03:04:01.697459,61942.234,104108.137,0.831,5793.461,64035.789,0.02,0.0
304.242,2026-06-26T03:04:01.748470,61948.25,104108.137,0.811,5793.462,64035.789,0.02,0.0
304.293,2026-06-26T03:04:01.799458,61944.25,104108.137,0.752,5793.463,64035.789,0.02,0.0
304.344,2026-06-26T03:04:01.850476,61899.551,104108.137,0.756,5793.464,64035.789,0.02,0.0
304.395,2026-06-26T03:04:01.901503,61899.551,104108.137,0.759,5793.465,64035.789,0.02,0.0
304.446,2026-06-26T03:04:01.952508,61903.582,104108.137,0.807,5793.466,64035.789,0.02,0.0
304.497,2026-06-26T03:04:02.003503,61922.0,104108.137,0.795,5793.467,64035.789,0.02,0.0
304.548,2026-06-26T03:04:02.054519,61947.27,104108.137,0.786,5793.468,64035.789,0.02,0.0
304.599,2026-06-26T03:04:02.105509,61972.746,104108.137,0.78,5793.469,64035.789,0.02,0.0
304.65,2026-06-26T03:04:02.156546,61997.43,104108.137,0.776,5793.47,64035.789,0.02,0.0
304.701,2026-06-26T03:04:02.207517,62031.707,104108.137,0.773,5793.471,64035.789,0.02,0.0
304.752,2026-06-26T03:04:02.258535,62057.324,104220.137,0.817,5793.472,64035.789,0.02,0.0
304.803,2026-06-26T03:04:02.309521,62082.52,104220.137,0.802,5793.473,64035.789,0.02,0.0
304.854,2026-06-26T03:04:02.360545,62106.055,104220.137,0.791,5793.474,64035.789,0.02,0.0
304.905,2026-06-26T03:04:02.411555,62146.145,104220.137,0.829,5793.475,64035.789,0.02,0.0
304.956,2026-06-26T03:04:02.462554,62143.402,104220.137,0.81,5793.476,64035.789,0.02,0.0
305.007,2026-06-26T03:04:02.513546,62127.395,104220.137,0.797,5793.477,64035.789,0.02,0.0
305.058,2026-06-26T03:04:02.564562,62127.395,104220.137,0.787,5793.478,64035.789,0.02,0.0
305.109,2026-06-26T03:04:02.615548,62127.395,104220.137,0.781,5793.479,64035.789,0.02,0.0
305.16,2026-06-26T03:04:02.666553,62127.398,104220.137,0.777,5793.48,64035.789,0.02,0.0
305.211,2026-06-26T03:04:02.717537,62128.234,104220.137,0.774,5793.481,64035.789,0.02,0.0
305.262,2026-06-26T03:04:02.768550,62129.27,104220.137,0.817,5793.482,64035.789,0.02,0.0
305.313,2026-06-26T03:04:02.819561,62110.211,104220.137,0.848,5793.483,64035.789,0.02,0.0
305.364,2026-06-26T03:04:02.870580,62073.629,104220.137,0.823,5793.484,64035.789,0.02,0.0
305.415,2026-06-26T03:04:02.921576,62073.629,104220.137,0.806,5793.485,64035.789,0.02,0.0
305.466,2026-06-26T03:04:02.972581,62072.875,104220.137,0.794,5793.486,64035.789,0.02,0.0
305.517,2026-06-26T03:04:03.023565,62072.938,104220.137,0.785,5793.487,64035.789,0.02,0.0
305.568,2026-06-26T03:04:03.074587,62072.953,104220.137,0.78,5793.488,64035.789,0.02,0.0
305.619,2026-06-26T03:04:03.125585,62072.953,104220.137,0.776,5793.489,64035.789,0.02,0.0
305.67,2026-06-26T03:04:03.176571,62072.953,104220.137,0.773,5793.49,64035.789,0.02,0.0
305.721,2026-06-26T03:04:03.227565,62072.953,104220.137,0.817,5793.491,64035.789,0.02,0.0
305.772,2026-06-26T03:04:03.278580,62072.953,104220.137,0.801,5793.492,64035.789,0.02,0.0
305.823,2026-06-26T03:04:03.329593,62072.953,104220.137,0.791,5793.493,64035.789,0.02,0.0
305.874,2026-06-26T03:04:03.380599,62072.953,104220.137,0.783,5793.494,64035.789,0.02,0.0
305.925,2026-06-26T03:04:03.431598,62072.953,104220.137,0.824,5793.495,64035.789,0.02,0.0
305.976,2026-06-26T03:04:03.482614,62072.953,104220.137,0.807,5793.496,64035.789,0.02,0.0
306.027,2026-06-26T03:04:03.533599,62072.953,104220.137,0.794,5793.497,64035.789,0.02,0.0
306.078,2026-06-26T03:04:03.584641,62072.953,104220.137,0.786,5793.498,64035.789,0.02,0.0
306.129,2026-06-26T03:04:03.635619,62072.953,104220.137,0.78,5793.499,64035.789,0.02,0.0
306.18,2026-06-26T03:04:03.686625,62072.984,104220.137,0.776,5793.5,64035.789,0.02,0.0
306.231,2026-06-26T03:04:03.737609,62072.984,104220.137,0.819,5793.501,64035.789,0.02,0.0
306.282,2026-06-26T03:04:03.788618,62077.176,104220.137,0.803,5793.502,64035.789,0.02,0.0
306.333,2026-06-26T03:04:03.839641,62084.336,104220.137,0.792,5793.503,64035.789,0.02,0.0
306.384,2026-06-26T03:04:03.890641,62092.375,104220.137,0.784,5793.504,64035.789,0.02,0.0
306.435,2026-06-26T03:04:03.941632,62092.398,104220.137,0.779,5793.505,64035.789,0.02,0.0
306.486,2026-06-26T03:04:03.992662,62092.398,104220.137,0.821,5793.506,64035.789,0.02,0.0
306.537,2026-06-26T03:04:04.043655,62044.547,104220.137,0.804,5793.507,64035.789,0.02,0.0
306.588,2026-06-26T03:04:04.094678,62044.547,104220.137,0.793,5793.508,64035.789,0.02,0.0
306.639,2026-06-26T03:04:04.145670,62044.547,104220.137,0.785,5793.509,64035.789,0.02,0.0
306.69,2026-06-26T03:04:04.196658,62044.547,104220.137,0.825,5793.51,64035.789,0.02,0.0
306.741,2026-06-26T03:04:04.247664,62020.348,104220.137,0.807,5793.511,64035.789,0.02,0.0
306.792,2026-06-26T03:04:04.298685,62020.348,104220.137,0.795,5793.512,64035.789,0.02,0.0
306.843,2026-06-26T03:04:04.349702,62020.348,104220.137,0.786,5793.513,64035.789,0.02,0.0
306.894,2026-06-26T03:04:04.400703,62020.348,104220.137,0.78,5793.514,64035.789,0.02,0.0
306.945,2026-06-26T03:04:04.451594,62020.348,104220.137,0.777,5793.515,64035.789,0.02,0.0
306.996,2026-06-26T03:04:04.502506,62020.348,104220.137,0.82,5793.516,64035.789,0.02,0.0
307.047,2026-06-26T03:04:04.553430,62020.348,104220.137,0.804,5793.517,64035.789,0.02,0.0
307.098,2026-06-26T03:04:04.604388,62020.348,104220.137,0.793,5793.518,64035.789,0.02,0.0
307.149,2026-06-26T03:04:04.655324,62020.355,104220.137,0.785,5793.519,64035.789,0.02,0.0
307.199,2026-06-26T03:04:04.706227,62020.355,104220.137,0.78,5793.52,64035.789,0.02,0.0
307.25,2026-06-26T03:04:04.757209,62036.359,104220.137,0.776,5793.521,64035.789,0.02,0.0
307.301,2026-06-26T03:04:04.808107,62020.355,104220.137,0.819,5793.522,64035.789,0.02,0.0
307.352,2026-06-26T03:04:04.859039,62020.355,104220.137,0.803,5793.523,64035.789,0.02,0.0
307.403,2026-06-26T03:04:04.909991,62020.355,104220.137,0.792,5793.524,64035.789,0.02,0.0
307.454,2026-06-26T03:04:04.960927,62020.355,104220.137,0.785,5793.525,64035.789,0.02,0.0
307.505,2026-06-26T03:04:05.011896,62020.383,104220.137,0.779,5793.526,64035.789,0.02,0.0
307.556,2026-06-26T03:04:05.062822,62024.391,104220.137,0.776,5793.527,64035.789,0.02,0.0
307.607,2026-06-26T03:04:05.113778,62026.672,104220.137,0.773,5793.528,64035.789,0.02,0.0
307.658,2026-06-26T03:04:05.164723,62031.164,104220.137,0.771,5793.529,64035.789,0.02,0.0
307.709,2026-06-26T03:04:05.215682,62034.75,104220.137,0.77,5793.53,64035.789,0.02,0.0
307.76,2026-06-26T03:04:05.266626,62040.562,104220.137,0.815,5793.531,64035.789,0.02,0.0
307.811,2026-06-26T03:04:05.317575,62044.906,104220.137,0.846,5793.532,64035.789,0.02,0.0
307.862,2026-06-26T03:04:05.368512,62051.508,104220.137,0.822,5793.533,64035.789,0.02,0.0
307.913,2026-06-26T03:04:05.419467,62058.598,104220.137,0.806,5793.534,64035.789,0.02,0.0
307.964,2026-06-26T03:04:05.470369,62061.379,104220.137,0.84,5793.535,64035.789,0.02,0.0
308.014,2026-06-26T03:04:05.521272,62064.008,104220.137,0.818,5793.536,64035.789,0.02,0.0
308.065,2026-06-26T03:04:05.572219,62071.238,104220.137,0.803,5793.537,64035.789,0.02,0.0
308.116,2026-06-26T03:04:05.623121,62078.672,104220.137,0.792,5793.538,64035.789,0.02,0.0
308.237,2026-06-26T03:04:05.744253,62096.07,104220.137,0.943,5793.888,64035.789,2.9,0.0
308.288,2026-06-26T03:04:05.794692,62109.512,104220.137,0.845,5793.889,64035.789,0.02,0.0
308.339,2026-06-26T03:04:05.845328,62120.273,104220.137,0.823,5793.89,64035.789,0.02,0.0
308.389,2026-06-26T03:04:05.895912,62120.273,104220.137,0.807,5793.891,64035.789,0.02,0.0
308.44,2026-06-26T03:04:05.946699,62120.297,104220.137,0.796,5793.892,64035.789,0.02,0.0
308.491,2026-06-26T03:04:05.997486,62120.297,104220.137,0.788,5793.893,64035.789,0.02,0.0
308.542,2026-06-26T03:04:06.048442,62084.262,104220.137,0.781,5793.894,64035.789,0.02,0.0
308.593,2026-06-26T03:04:06.099400,62082.477,104220.137,0.777,5793.895,64035.789,0.02,0.0
308.644,2026-06-26T03:04:06.150347,62076.887,104220.137,0.774,5793.896,64035.789,0.02,0.0
308.694,2026-06-26T03:04:06.201255,62076.887,104220.137,0.772,5793.897,64035.789,0.02,0.0
308.745,2026-06-26T03:04:06.252212,62076.887,104220.137,0.862,5793.898,64035.789,0.02,0.0
308.796,2026-06-26T03:04:06.303130,62076.887,104220.137,0.834,5793.899,64035.789,0.02,0.0
308.847,2026-06-26T03:04:06.354088,62069.934,104220.137,0.813,5793.9,64035.789,0.02,0.0
308.898,2026-06-26T03:04:06.405071,62069.934,104220.137,0.799,5793.901,64035.789,0.02,0.0
308.949,2026-06-26T03:04:06.456047,62067.922,104220.137,0.789,5793.902,64035.789,0.02,0.0
309.0,2026-06-26T03:04:06.507045,62067.922,104220.137,0.782,5793.903,64035.789,0.02,0.0
309.051,2026-06-26T03:04:06.558004,62067.922,104220.137,0.778,5793.904,64035.789,0.02,0.0
309.102,2026-06-26T03:04:06.609017,62067.922,104220.137,0.774,5793.905,64035.789,0.02,0.0
309.153,2026-06-26T03:04:06.659979,62061.039,104220.137,0.818,5793.906,64035.789,0.02,0.0
309.204,2026-06-26T03:04:06.710985,62061.051,104220.137,0.802,5793.907,64035.789,0.02,0.0
309.255,2026-06-26T03:04:06.761965,62066.465,104220.137,0.791,5793.908,64035.789,0.02,0.0
309.306,2026-06-26T03:04:06.812969,62081.777,104220.137,0.784,5793.909,64035.789,0.02,0.0
309.357,2026-06-26T03:04:06.863953,62061.051,104220.137,0.778,5793.91,64035.789,0.02,0.0
309.408,2026-06-26T03:04:06.914942,62061.062,104220.137,0.821,5793.911,64035.789,0.02,0.0
309.459,2026-06-26T03:04:06.965917,62061.062,104220.137,0.804,5793.912,64035.789,0.02,0.0
309.51,2026-06-26T03:04:07.016936,62061.062,104220.137,0.839,5793.913,64035.789,0.02,0.0
309.561,2026-06-26T03:04:07.067929,62034.324,104220.137,0.771,5793.914,64035.789,0.02,0.0
309.612,2026-06-26T03:04:07.118928,62034.324,104220.137,0.77,5793.915,64035.789,0.02,0.0
309.663,2026-06-26T03:04:07.169904,62038.082,104220.137,0.769,5793.916,64035.789,0.02,0.0
309.714,2026-06-26T03:04:07.220901,62038.082,104220.137,0.768,5793.917,64035.789,0.02,0.0
309.765,2026-06-26T03:04:07.271907,62035.57,104220.137,0.806,5793.918,64035.789,0.016,0.0
309.826,2026-06-26T03:04:07.333043,62033.645,104220.137,0.84,5793.919,64035.789,0.02,0.0
309.877,2026-06-26T03:04:07.384020,62033.645,104220.137,0.818,5793.92,64035.789,0.02,0.0
309.928,2026-06-26T03:04:07.435032,62027.301,104220.137,0.848,5793.921,64035.789,0.02,0.0
309.979,2026-06-26T03:04:07.486007,62025.082,104220.137,0.823,5793.922,64035.789,0.02,0.0
310.03,2026-06-26T03:04:07.537007,62025.082,104220.137,0.806,5793.923,64035.789,0.02,0.0
310.081,2026-06-26T03:04:07.587985,62022.844,104220.137,0.794,5793.924,64035.789,0.02,0.0
310.132,2026-06-26T03:04:07.638981,62022.844,104220.137,0.832,5793.925,64035.789,0.02,0.0
310.183,2026-06-26T03:04:07.689971,62022.844,104220.137,0.812,5793.926,64035.789,0.02,0.0
310.234,2026-06-26T03:04:07.740961,62018.383,104220.137,0.798,5793.927,64035.789,0.02,0.0
310.285,2026-06-26T03:04:07.791939,62017.645,104220.137,0.834,5793.928,64035.789,0.02,0.0
310.336,2026-06-26T03:04:07.842942,62017.645,104220.137,0.814,5793.929,64035.789,0.02,0.0
310.387,2026-06-26T03:04:07.893913,62014.582,104220.137,0.8,5793.93,64035.789,0.02,0.0
310.438,2026-06-26T03:04:07.944945,62010.512,104220.137,0.79,5793.931,64035.789,0.02,0.0
310.489,2026-06-26T03:04:07.995913,62018.516,104220.137,0.782,5793.932,64035.789,0.02,0.0
310.54,2026-06-26T03:04:08.046926,62031.598,104220.137,0.777,5793.933,64035.789,0.02,0.0
310.591,2026-06-26T03:04:08.097912,62010.512,104220.137,0.774,5793.934,64035.789,0.02,0.0
310.642,2026-06-26T03:04:08.148917,62002.484,104220.137,0.772,5793.935,64035.789,0.02,0.0
310.693,2026-06-26T03:04:08.199921,62001.684,104220.137,0.77,5793.936,64035.789,0.02,0.0
310.744,2026-06-26T03:04:08.250908,62001.684,104220.137,0.769,5793.937,64035.789,0.02,0.0
310.795,2026-06-26T03:04:08.301890,62001.684,104220.137,0.814,5793.938,64035.789,0.02,0.0
310.846,2026-06-26T03:04:08.352897,62006.688,104220.137,0.8,5793.939,64035.789,0.02,0.0
310.897,2026-06-26T03:04:08.403878,62016.691,104220.137,0.789,5793.94,64035.789,0.02,0.0
310.948,2026-06-26T03:04:08.454893,62010.582,104220.137,0.783,5793.941,64035.789,0.02,0.0
310.999,2026-06-26T03:04:08.505868,62009.641,104220.137,0.778,5793.942,64035.789,0.02,0.0
311.05,2026-06-26T03:04:08.556860,62021.648,104220.137,0.82,5793.943,64035.789,0.02,0.0
311.101,2026-06-26T03:04:08.607846,62034.625,104220.137,0.804,5793.944,64035.789,0.02,0.0
311.152,2026-06-26T03:04:08.658847,62013.648,104220.137,0.793,5793.945,64035.789,0.02,0.0
311.203,2026-06-26T03:04:08.709830,62013.648,104220.137,0.785,5793.946,64035.789,0.02,0.0
311.254,2026-06-26T03:04:08.760823,62013.648,104220.137,0.779,5793.947,64035.789,0.02,0.0
311.305,2026-06-26T03:04:08.811799,61989.945,104220.137,0.821,5793.948,64035.789,0.02,0.0
311.356,2026-06-26T03:04:08.862805,61986.438,104220.137,0.805,5793.949,64035.789,0.02,0.0
311.407,2026-06-26T03:04:08.913789,61983.762,104220.137,0.793,5793.95,64035.789,0.02,0.0
311.458,2026-06-26T03:04:08.964782,61983.762,104220.137,0.785,5793.951,64035.789,0.02,0.0
311.509,2026-06-26T03:04:09.015783,61988.789,104220.137,0.825,5793.952,64035.789,0.02,0.0
311.56,2026-06-26T03:04:09.066780,61989.785,104220.137,0.853,5793.953,64035.789,0.02,0.0
311.611,2026-06-26T03:04:09.117787,61989.785,104220.137,0.827,5793.954,64035.789,0.02,0.0
311.662,2026-06-26T03:04:09.168776,61989.785,104220.137,0.809,5793.955,64035.789,0.02,0.0
311.713,2026-06-26T03:04:09.219758,61989.785,104220.137,0.796,5793.956,64035.789,0.02,0.0
311.764,2026-06-26T03:04:09.270710,62005.082,104220.137,0.789,5793.957,64035.789,0.02,0.0
311.814,2026-06-26T03:04:09.321238,62016.883,104220.137,0.783,5793.958,64035.789,0.02,0.0
311.865,2026-06-26T03:04:09.372037,61995.793,104220.137,0.732,5793.959,64035.789,0.02,0.0
311.916,2026-06-26T03:04:09.423018,61995.793,104220.137,0.789,5793.96,64035.789,0.02,0.0
311.967,2026-06-26T03:04:09.473997,61995.793,104220.137,0.782,5793.961,64035.789,0.02,0.0
312.018,2026-06-26T03:04:09.524993,61984.414,104220.137,0.777,5793.962,64035.789,0.02,0.0
312.069,2026-06-26T03:04:09.575970,61984.414,104220.137,0.82,5793.963,64035.789,0.02,0.0
312.12,2026-06-26T03:04:09.626980,61984.422,104220.137,0.804,5793.964,64035.789,0.02,0.0
312.171,2026-06-26T03:04:09.677938,61984.422,104220.137,0.793,5793.965,64035.789,0.02,0.0
312.222,2026-06-26T03:04:09.728910,61991.93,104220.137,0.785,5793.966,64035.789,0.02,0.0
312.273,2026-06-26T03:04:09.779892,62001.934,104220.137,0.779,5793.967,64035.789,0.02,0.0
312.324,2026-06-26T03:04:09.830890,62001.934,104220.137,0.775,5793.968,64035.789,0.02,0.0
312.375,2026-06-26T03:04:09.881882,61998.691,104220.137,0.772,5793.969,64035.789,0.02,0.0
312.426,2026-06-26T03:04:09.932859,61998.691,104220.137,0.77,5793.97,64035.789,0.02,0.0
312.477,2026-06-26T03:04:09.983827,62010.703,104220.137,0.815,5793.971,64035.789,0.02,0.0
312.528,2026-06-26T03:04:10.034837,62023.797,104220.137,0.846,5793.972,64035.789,0.02,0.0
312.579,2026-06-26T03:04:10.085821,62002.703,104220.137,0.822,5793.973,64035.789,0.02,0.0
312.63,2026-06-26T03:04:10.136818,62002.703,104220.137,0.805,5793.974,64035.789,0.02,0.0
312.681,2026-06-26T03:04:10.187776,62002.703,104220.137,0.84,5793.975,64035.789,0.02,0.0
312.732,2026-06-26T03:04:10.238771,61963.148,104220.137,0.772,5793.976,64035.789,0.02,0.0
312.783,2026-06-26T03:04:10.289765,61963.148,104220.137,0.77,5793.977,64035.789,0.02,0.0
312.834,2026-06-26T03:04:10.340753,61964.215,104220.137,0.769,5793.978,64035.789,0.02,0.0
312.885,2026-06-26T03:04:10.391726,61964.215,104220.137,0.814,5793.979,64035.789,0.02,0.0
312.936,2026-06-26T03:04:10.442726,61965.469,104220.137,0.8,5793.98,64035.789,0.02,0.0
312.987,2026-06-26T03:04:10.493695,61972.977,104220.137,0.789,5793.981,64035.789,0.02,0.0
313.038,2026-06-26T03:04:10.544704,61982.98,104220.137,0.783,5793.982,64035.789,0.02,0.0
313.089,2026-06-26T03:04:10.595667,61982.98,104220.137,0.778,5793.983,64035.789,0.02,0.0
313.14,2026-06-26T03:04:10.646646,61982.98,104220.137,0.774,5793.984,64035.789,0.02,0.0
313.26,2026-06-26T03:04:10.766565,62010.199,104220.137,0.914,5794.334,64035.789,2.931,0.0
313.31,2026-06-26T03:04:10.816995,62010.082,104220.137,0.872,5794.335,64035.789,0.02,0.0
313.361,2026-06-26T03:04:10.867603,61988.988,104220.137,0.888,5794.336,64035.789,0.02,0.0
313.411,2026-06-26T03:04:10.918213,61988.988,104220.137,0.853,5794.337,64035.789,0.02,0.0
313.462,2026-06-26T03:04:10.968963,61988.988,104220.137,0.828,5794.338,64035.789,0.02,0.0
313.513,2026-06-26T03:04:11.019754,61956.832,104220.137,0.809,5794.339,64035.789,0.02,0.0
313.564,2026-06-26T03:04:11.070757,61956.832,104220.137,0.796,5794.34,64035.789,0.02,0.0
313.615,2026-06-26T03:04:11.121747,61956.832,104220.137,0.787,5794.341,64035.789,0.02,0.0
313.666,2026-06-26T03:04:11.172744,61956.562,104220.137,0.781,5794.342,64035.789,0.02,0.0
313.717,2026-06-26T03:04:11.223736,61957.816,104220.137,0.822,5794.343,64035.789,0.02,0.0
313.768,2026-06-26T03:04:11.274728,61965.324,104220.137,0.806,5794.344,64035.789,0.02,0.0
313.819,2026-06-26T03:04:11.325697,61974.504,104220.137,0.794,5794.345,64035.789,0.02,0.0
313.87,2026-06-26T03:04:11.376705,61974.504,104220.137,0.831,5794.346,64035.789,0.02,0.0
313.921,2026-06-26T03:04:11.427678,61974.504,104220.137,0.812,5794.347,64035.789,0.02,0.0
313.972,2026-06-26T03:04:11.478680,61974.504,104220.137,0.798,5794.348,64035.789,0.02,0.0
314.023,2026-06-26T03:04:11.529660,61997.156,104220.137,0.789,5794.349,64035.789,0.02,0.0
314.074,2026-06-26T03:04:11.580651,61999.602,104220.137,0.736,5794.35,64035.789,0.02,0.0
314.125,2026-06-26T03:04:11.631633,61978.508,104220.137,0.791,5794.351,64035.789,0.02,0.0
314.176,2026-06-26T03:04:11.682610,61978.508,104220.137,0.784,5794.352,64035.789,0.02,0.0
314.227,2026-06-26T03:04:11.733583,61974.492,104220.137,0.824,5794.353,64035.789,0.02,0.0
314.278,2026-06-26T03:04:11.784586,61951.41,104220.137,0.761,5794.354,64035.789,0.02,0.0
314.329,2026-06-26T03:04:11.835553,61951.41,104220.137,0.808,5794.355,64035.789,0.02,0.0
314.38,2026-06-26T03:04:11.886586,61971.73,104220.137,0.841,5794.356,64035.789,0.02,0.0
314.431,2026-06-26T03:04:11.937551,61975.734,104220.137,0.819,5794.357,64035.789,0.02,0.0
314.482,2026-06-26T03:04:11.988548,61987.246,104220.137,0.803,5794.358,64035.789,0.02,0.0
314.533,2026-06-26T03:04:12.039543,62005.266,104220.137,0.792,5794.359,64035.789,0.02,0.0
314.584,2026-06-26T03:04:12.090535,61999.25,104220.137,0.784,5794.36,64035.789,0.02,0.0
314.635,2026-06-26T03:04:12.141538,62047.387,104220.137,0.779,5794.361,64035.789,0.02,0.0
314.686,2026-06-26T03:04:12.192507,62024.027,104220.137,0.821,5794.362,64035.789,0.02,0.0
314.737,2026-06-26T03:04:12.243488,62024.672,104220.137,0.805,5794.363,64035.789,0.02,0.0
314.788,2026-06-26T03:04:12.294486,62028.809,104220.137,0.793,5794.364,64035.789,0.02,0.0
314.839,2026-06-26T03:04:12.345445,62046.141,104220.137,0.785,5794.365,64035.789,0.02,0.0
314.89,2026-06-26T03:04:12.396456,62125.02,104220.137,0.779,5794.366,64035.789,0.02,0.0
314.941,2026-06-26T03:04:12.447423,62077.371,104220.137,0.775,5794.367,64035.789,0.02,0.0
314.992,2026-06-26T03:04:12.498411,62077.75,104220.137,0.772,5794.368,64035.789,0.02,0.0
315.043,2026-06-26T03:04:12.549397,62078.062,104220.137,0.771,5794.369,64035.789,0.02,0.0
315.094,2026-06-26T03:04:12.600397,62078.43,104220.137,0.769,5794.37,64035.789,0.02,0.0
315.145,2026-06-26T03:04:12.651384,62090.734,104220.137,0.814,5794.371,64035.789,0.02,0.0
315.196,2026-06-26T03:04:12.702370,62102.129,104220.137,0.8,5794.372,64035.789,0.02,0.0
315.247,2026-06-26T03:04:12.753333,62102.129,104220.137,0.79,5794.373,64035.789,0.02,0.0
315.298,2026-06-26T03:04:12.804283,62102.129,104220.137,0.829,5794.374,64035.789,0.02,0.0
315.348,2026-06-26T03:04:12.855238,62081.812,104220.137,0.81,5794.375,64035.789,0.02,0.0
315.399,2026-06-26T03:04:12.906236,61971.793,104220.137,0.797,5794.376,64035.789,0.02,0.0
315.45,2026-06-26T03:04:12.957194,61961.16,104220.137,0.788,5794.377,64035.789,0.02,0.0
315.501,2026-06-26T03:04:13.008207,61960.219,104220.137,0.781,5794.378,64035.789,0.02,0.0
315.552,2026-06-26T03:04:13.059196,61959.758,104220.137,0.777,5794.379,64035.789,0.02,0.0
315.603,2026-06-26T03:04:13.110182,61959.758,104220.137,0.82,5794.38,64035.789,0.02,0.0
315.654,2026-06-26T03:04:13.161130,61959.773,104220.137,0.804,5794.381,64035.789,0.02,0.0
315.705,2026-06-26T03:04:13.212105,61959.773,104220.137,0.792,5794.382,64035.789,0.02,0.0
315.756,2026-06-26T03:04:13.263098,61959.102,104220.137,0.784,5794.383,64035.789,0.02,0.0
315.807,2026-06-26T03:04:13.314097,61959.102,104220.137,0.779,5794.384,64035.789,0.02,0.0
315.858,2026-06-26T03:04:13.365087,61967.105,104220.137,0.775,5794.385,64035.789,0.02,0.0
315.909,2026-06-26T03:04:13.416057,61980.188,104220.137,0.818,5794.386,64035.789,0.02,0.0
315.96,2026-06-26T03:04:13.467054,61959.102,104220.137,0.803,5794.387,64035.789,0.02,0.0
316.011,2026-06-26T03:04:13.518027,61959.102,104220.137,0.792,5794.388,64035.789,0.02,0.0
316.062,2026-06-26T03:04:13.569045,61956.703,104220.137,0.83,5794.389,64035.789,0.02,0.0
316.113,2026-06-26T03:04:13.620015,61956.703,104220.137,0.811,5794.39,64035.789,0.02,0.0
316.164,2026-06-26T03:04:13.671013,61956.703,104220.137,0.843,5794.391,64035.789,0.02,0.0
316.215,2026-06-26T03:04:13.721989,61961.707,104220.137,0.82,5794.392,64035.789,0.02,0.0
316.266,2026-06-26T03:04:13.772987,61971.711,104220.137,0.804,5794.393,64035.789,0.02,0.0
316.317,2026-06-26T03:04:13.823975,61971.711,104220.137,0.793,5794.394,64035.789,0.02,0.0
316.368,2026-06-26T03:04:13.874960,61971.711,104220.137,0.785,5794.395,64035.789,0.02,0.0
316.419,2026-06-26T03:04:13.925926,61971.711,104220.137,0.779,5794.396,64035.789,0.02,0.0
316.47,2026-06-26T03:04:13.976931,61988.285,104220.137,0.775,5794.397,64035.789,0.02,0.0
316.521,2026-06-26T03:04:14.027924,61992.797,104220.137,0.818,5794.398,64035.789,0.02,0.0
316.572,2026-06-26T03:04:14.078924,61971.711,104220.137,0.803,5794.399,64035.789,0.02,0.0
316.623,2026-06-26T03:04:14.129893,61971.711,104220.137,0.792,5794.4,64035.789,0.02,0.0
316.674,2026-06-26T03:04:14.180857,61958.926,104220.137,0.784,5794.401,64035.789,0.02,0.0
316.725,2026-06-26T03:04:14.231835,61958.926,104220.137,0.779,5794.402,64035.789,0.02,0.0
316.776,2026-06-26T03:04:14.282780,61957.375,104220.137,0.777,5794.403,64035.789,0.02,0.0
316.827,2026-06-26T03:04:14.333321,61957.375,104220.137,0.774,5794.404,64035.789,0.02,0.0
316.877,2026-06-26T03:04:14.384199,61957.375,104220.137,0.772,5794.405,64035.789,0.02,0.0
316.928,2026-06-26T03:04:14.435099,61957.402,104220.137,0.771,5794.406,64035.789,0.02,0.0
316.979,2026-06-26T03:04:14.486068,61967.406,104220.137,0.77,5794.407,64035.789,0.02,0.0
317.03,2026-06-26T03:04:14.536993,61967.406,104220.137,0.769,5794.408,64035.789,0.02,0.0
317.081,2026-06-26T03:04:14.587942,61967.406,104220.137,0.768,5794.409,64035.789,0.02,0.0
317.132,2026-06-26T03:04:14.638869,61975.41,104220.137,0.86,5794.41,64035.789,0.02,0.0
317.183,2026-06-26T03:04:14.689793,61988.496,104220.137,0.786,5794.411,64035.789,0.02,0.0
317.234,2026-06-26T03:04:14.740738,61967.406,104220.137,0.826,5794.412,64035.789,0.02,0.0
317.285,2026-06-26T03:04:14.791678,61967.406,104220.137,0.808,5794.413,64035.789,0.02,0.0
317.336,2026-06-26T03:04:14.842620,61967.406,104220.137,0.796,5794.414,64035.789,0.02,0.0
317.387,2026-06-26T03:04:14.893576,61967.406,104220.137,0.787,5794.415,64035.789,0.02,0.0
317.438,2026-06-26T03:04:14.944509,61967.406,104220.137,0.827,5794.416,64035.789,0.02,0.0
317.489,2026-06-26T03:04:14.995481,61967.406,104220.137,0.809,5794.417,64035.789,0.02,0.0
317.54,2026-06-26T03:04:15.046650,61967.406,104220.137,0.841,5794.418,64035.789,0.02,0.0
317.591,2026-06-26T03:04:15.097592,61967.406,104220.137,0.819,5794.419,64035.789,0.02,0.0
317.642,2026-06-26T03:04:15.148535,61972.41,104220.137,0.757,5794.42,64035.789,0.02,0.0
317.693,2026-06-26T03:04:15.199473,61982.414,104220.137,0.76,5794.421,64035.789,0.02,0.0
317.744,2026-06-26T03:04:15.250415,61982.414,104220.137,0.762,5794.422,64035.789,0.02,0.0
317.795,2026-06-26T03:04:15.301364,61982.418,104220.137,0.764,5794.423,64035.789,0.02,0.0
317.845,2026-06-26T03:04:15.352272,61994.426,104220.137,0.811,5794.424,64035.789,0.02,0.0
317.896,2026-06-26T03:04:15.403205,62007.512,104220.137,0.798,5794.425,64035.789,0.02,0.0
317.947,2026-06-26T03:04:15.454095,61986.422,104220.137,0.834,5794.426,64035.789,0.02,0.0
317.998,2026-06-26T03:04:15.505026,61986.422,104220.137,0.814,5794.427,64035.789,0.02,0.0
318.049,2026-06-26T03:04:15.555963,61986.422,104220.137,0.8,5794.428,64035.789,0.02,0.0
318.1,2026-06-26T03:04:15.606894,61986.422,104220.137,0.79,5794.429,64035.789,0.02,0.0
318.151,2026-06-26T03:04:15.657857,61966.41,104220.137,0.783,5794.43,64035.789,0.02,0.0
318.271,2026-06-26T03:04:15.778254,61966.41,104220.137,0.919,5794.779,64035.789,2.915,0.0
318.322,2026-06-26T03:04:15.828680,61966.41,104220.137,0.875,5794.78,64035.789,0.02,0.0
318.372,2026-06-26T03:04:15.879259,61971.434,104220.137,0.844,5794.781,64035.789,0.02,0.0
318.423,2026-06-26T03:04:15.929950,61977.863,104220.137,0.821,5794.782,64035.789,0.02,0.0
318.474,2026-06-26T03:04:15.980730,61981.461,104220.137,0.806,5794.783,64035.789,0.02,0.0
318.525,2026-06-26T03:04:16.031499,61981.551,104220.137,0.795,5794.784,64035.789,0.02,0.0
318.576,2026-06-26T03:04:16.082482,61981.551,104220.137,0.786,5794.785,64035.789,0.02,0.0
318.627,2026-06-26T03:04:16.133403,61993.559,104220.137,0.826,5794.786,64035.789,0.02,0.0
318.678,2026-06-26T03:04:16.184330,62006.645,104220.137,0.809,5794.787,64035.789,0.02,0.0
318.728,2026-06-26T03:04:16.235236,61985.555,104220.137,0.796,5794.788,64035.789,0.02,0.0
318.779,2026-06-26T03:04:16.286199,61985.555,104220.137,0.787,5794.789,64035.789,0.02,0.0
318.83,2026-06-26T03:04:16.337120,61985.555,104220.137,0.827,5794.79,64035.789,0.02,0.0
318.881,2026-06-26T03:04:16.388040,61963.883,104220.137,0.809,5794.791,64035.789,0.02,0.0
318.932,2026-06-26T03:04:16.438988,61963.883,104220.137,0.796,5794.792,64035.789,0.02,0.0
318.983,2026-06-26T03:04:16.489924,61963.883,104220.137,0.788,5794.793,64035.789,0.02,0.0
319.034,2026-06-26T03:04:16.540863,61959.148,104220.137,0.781,5794.794,64035.789,0.02,0.0
319.085,2026-06-26T03:04:16.591812,61959.148,104220.137,0.777,5794.795,64035.789,0.02,0.0
319.136,2026-06-26T03:04:16.642765,61964.152,104220.137,0.774,5794.796,64035.789,0.02,0.0
319.187,2026-06-26T03:04:16.693673,61968.949,104220.137,0.818,5794.797,64035.789,0.02,0.0
319.238,2026-06-26T03:04:16.744635,61974.156,104220.137,0.803,5794.798,64035.789,0.02,0.0
319.289,2026-06-26T03:04:16.795571,61974.156,104220.137,0.792,5794.799,64035.789,0.02,0.0
319.34,2026-06-26T03:04:16.846523,61974.156,104220.137,0.784,5794.8,64035.789,0.02,0.0
319.391,2026-06-26T03:04:16.897454,61986.164,104220.137,0.779,5794.801,64035.789,0.02,0.0
319.442,2026-06-26T03:04:16.948398,61999.254,104220.137,0.775,5794.802,64035.789,0.02,0.0
319.493,2026-06-26T03:04:16.999343,61978.16,104220.137,0.773,5794.803,64035.789,0.02,0.0
319.543,2026-06-26T03:04:17.050255,61978.16,104220.137,0.771,5794.804,64035.789,0.02,0.0
319.594,2026-06-26T03:04:17.101217,61978.16,104220.137,0.816,5794.805,64035.789,0.02,0.0
319.645,2026-06-26T03:04:17.152118,61955.012,104220.137,0.755,5794.806,64035.789,0.02,0.0
319.696,2026-06-26T03:04:17.203025,61955.012,104220.137,0.759,5794.807,64035.789,0.02,0.0
319.747,2026-06-26T03:04:17.253984,61957.48,104220.137,0.807,5794.808,64035.789,0.02,0.0
319.798,2026-06-26T03:04:17.304907,61975.336,104220.137,0.841,5794.809,64035.789,0.02,0.0
319.849,2026-06-26T03:04:17.355858,61981.461,104220.137,0.865,5794.81,64035.789,0.02,0.0
319.9,2026-06-26T03:04:17.406796,61992.805,104220.137,0.789,5794.811,64035.789,0.02,0.0
319.951,2026-06-26T03:04:17.457745,62004.809,104220.137,0.829,5794.812,64035.789,0.02,0.0
320.002,2026-06-26T03:04:17.508693,62015.543,104220.137,0.81,5794.813,64035.789,0.02,0.0
320.053,2026-06-26T03:04:17.559633,62028.809,104220.137,0.843,5794.814,64035.789,0.02,0.0
320.104,2026-06-26T03:04:17.610568,62028.809,104220.137,0.82,5794.815,64035.789,0.02,0.0
320.155,2026-06-26T03:04:17.661532,62028.809,104220.137,0.804,5794.816,64035.789,0.02,0.0
320.206,2026-06-26T03:04:17.712454,62028.926,104220.137,0.793,5794.817,64035.789,0.02,0.0
320.257,2026-06-26T03:04:17.763430,62124.93,104220.137,0.739,5794.818,64035.789,0.02,0.0
320.308,2026-06-26T03:04:17.814353,62076.98,104220.137,0.793,5794.819,64035.789,0.02,0.0
320.358,2026-06-26T03:04:17.865262,62076.98,104220.137,0.786,5794.82,64035.789,0.02,0.0
320.409,2026-06-26T03:04:17.916221,62076.98,104220.137,0.78,5794.821,64035.789,0.02,0.0
320.46,2026-06-26T03:04:17.967128,62077.156,104220.137,0.776,5794.822,64035.789,0.02,0.0
320.511,2026-06-26T03:04:18.018065,62085.828,104220.137,0.773,5794.823,64035.789,0.02,0.0
320.562,2026-06-26T03:04:18.069015,62100.16,104220.137,0.817,5794.824,64035.789,0.02,0.0
320.613,2026-06-26T03:04:18.119940,62100.172,104220.137,0.802,5794.825,64035.789,0.02,0.0
320.664,2026-06-26T03:04:18.170893,62100.18,104220.137,0.792,5794.826,64035.789,0.02,0.0
320.715,2026-06-26T03:04:18.221812,62079.32,104220.137,0.784,5794.827,64035.789,0.02,0.0
320.766,2026-06-26T03:04:18.272765,61983.566,104220.137,0.779,5794.828,64035.789,0.02,0.0
320.817,2026-06-26T03:04:18.323688,61961.734,104220.137,0.776,5794.829,64035.789,0.02,0.0
320.868,2026-06-26T03:04:18.374636,61960.973,104220.137,0.773,5794.83,64035.789,0.02,0.0
320.919,2026-06-26T03:04:18.425584,61960.973,104220.137,0.817,5794.831,64035.789,0.02,0.0
320.97,2026-06-26T03:04:18.476541,61960.973,104220.137,0.802,5794.832,64035.789,0.02,0.0
321.021,2026-06-26T03:04:18.527474,61960.973,104220.137,0.791,5794.833,64035.789,0.02,0.0
321.072,2026-06-26T03:04:18.578427,61960.973,104220.137,0.784,5794.834,64035.789,0.02,0.0
321.123,2026-06-26T03:04:18.629352,61960.973,104220.137,0.779,5794.835,64035.789,0.02,0.0
321.174,2026-06-26T03:04:18.680279,61959.898,104220.137,0.775,5794.836,64035.789,0.02,0.0
321.224,2026-06-26T03:04:18.731228,61959.898,104220.137,0.773,5794.837,64035.789,0.02,0.0
321.275,2026-06-26T03:04:18.782155,61959.898,104220.137,0.771,5794.838,64035.789,0.02,0.0
321.326,2026-06-26T03:04:18.833062,61959.898,104220.137,0.816,5794.839,64035.789,0.02,0.0
321.377,2026-06-26T03:04:18.884001,61959.898,104220.137,0.847,5794.84,64035.789,0.02,0.0
321.428,2026-06-26T03:04:18.934956,61959.898,104220.137,0.823,5794.841,64035.789,0.02,0.0
321.479,2026-06-26T03:04:18.985896,61956.484,104220.137,0.806,5794.842,64035.789,0.02,0.0
321.53,2026-06-26T03:04:19.036832,61956.484,104220.137,0.794,5794.843,64035.789,0.02,0.0
321.581,2026-06-26T03:04:19.087790,61956.484,104220.137,0.786,5794.844,64035.789,0.02,0.0
321.632,2026-06-26T03:04:19.138730,61954.906,104220.137,0.78,5794.845,64035.789,0.02,0.0
321.683,2026-06-26T03:04:19.189680,61954.906,104220.137,0.776,5794.846,64035.789,0.02,0.0
321.734,2026-06-26T03:04:19.240607,61954.906,104220.137,0.773,5794.847,64035.789,0.02,0.0
321.785,2026-06-26T03:04:19.291501,61954.906,104220.137,0.773,5794.848,64035.789,0.02,0.0
321.835,2026-06-26T03:04:19.342048,61954.07,104220.137,0.772,5794.849,64035.789,0.02,0.0
321.886,2026-06-26T03:04:19.392706,61953.445,104220.137,0.771,5794.85,64035.789,0.02,0.0
321.937,2026-06-26T03:04:19.443667,61953.445,104220.137,0.77,5794.851,64035.789,0.02,0.0
321.988,2026-06-26T03:04:19.494618,61953.445,104220.137,0.861,5794.852,64035.789,0.02,0.0
322.039,2026-06-26T03:04:19.545558,61953.445,104220.137,0.833,5794.853,64035.789,0.02,0.0
322.09,2026-06-26T03:04:19.596520,61953.445,104220.137,0.813,5794.854,64035.789,0.02,0.0
322.141,2026-06-26T03:04:19.647470,61953.445,104220.137,0.799,5794.855,64035.789,0.02,0.0
322.192,2026-06-26T03:04:19.698424,61953.445,104220.137,0.789,5794.856,64035.789,0.02,0.0
322.243,2026-06-26T03:04:19.749348,61953.445,104220.137,0.783,5794.857,64035.789,0.02,0.0
322.293,2026-06-26T03:04:19.800257,61953.445,104220.137,0.778,5794.858,64035.789,0.02,0.0
322.344,2026-06-26T03:04:19.851227,61953.445,104220.137,0.774,5794.859,64035.789,0.02,0.0
322.395,2026-06-26T03:04:19.902160,61924.062,104220.137,0.818,5794.86,64035.789,0.02,0.0
322.446,2026-06-26T03:04:19.953076,61906.492,104220.137,0.803,5794.861,64035.789,0.02,0.0
322.497,2026-06-26T03:04:20.004025,61899.254,104220.137,0.792,5794.862,64035.789,0.02,0.0
322.548,2026-06-26T03:04:20.054976,61365.895,88037.195,0.784,5793.187,64035.71,-32.85,-1.563
322.583,2026-06-26T03:04:20.089666,61365.895,88037.195,0.549,5794.864,64035.79,48.632,2.328
322.584,2026-06-26T03:04:20.090294,61365.895,88037.195,0.384,5794.865,64035.79,1.888,0.0
322.584,2026-06-26T03:04:20.090504,61365.895,88037.195,0.269,5794.865,64035.79,2.154,0.0
322.584,2026-06-26T03:04:20.090965,61365.895,88037.195,0.188,5794.866,64035.79,1.041,0.0
322.585,2026-06-26T03:04:20.091339,61365.895,88037.195,6.529,5794.866,64035.79,1.562,0.0
322.585,2026-06-26T03:04:20.091647,61365.895,88037.195,4.571,5794.867,64035.79,1.789,0.0
322.585,2026-06-26T03:04:20.091917,61365.895,88037.195,3.199,5794.867,64035.79,2.016,0.0
322.585,2026-06-26T03:04:20.092193,61365.895,88037.195,2.24,5794.868,64035.79,1.917,0.0
322.586,2026-06-26T03:04:20.092440,61365.895,88037.195,1.568,5794.868,64035.79,2.183,0.0
322.586,2026-06-26T03:04:20.092678,61365.895,88037.195,1.097,5794.869,64035.79,2.229,0.0
322.586,2026-06-26T03:04:20.092998,61365.895,88037.195,0.768,5794.87,64035.79,1.542,0.0
322.587,2026-06-26T03:04:20.093275,61365.895,88037.195,0.538,5794.87,64035.79,2.022,0.0
322.6,2026-06-26T03:04:20.106540,61473.402,88144.703,11.306,5794.871,64035.79,0.066,0.0
322.6,2026-06-26T03:04:20.106802,61473.402,88144.703,7.914,5794.871,64035.79,3.706,0.0
322.6,2026-06-26T03:04:20.106931,61473.402,88144.703,5.54,5794.872,64035.79,4.205,0.0
322.6,2026-06-26T03:04:20.107047,61473.402,88144.703,3.878,5794.873,64035.79,4.569,0.0
322.6,2026-06-26T03:04:20.107180,61473.402,88144.703,32.715,5794.873,64035.79,3.834,0.0
322.601,2026-06-26T03:04:20.107312,61473.402,88144.703,40.938,5794.874,64035.79,4.278,0.0
322.609,2026-06-26T03:04:20.116176,61473.41,88144.703,36.783,5794.874,64035.79,0.059,0.0
322.868,2026-06-26T03:04:20.374793,61473.418,88144.703,37.192,5795.203,64035.79,1.273,0.0
322.97,2026-06-26T03:04:20.476468,63840.281,93264.707,41.207,5795.533,64035.79,3.246,0.0
323.067,2026-06-26T03:04:20.573779,66568.758,93264.707,43.132,5795.863,64035.79,3.39,0.0
323.117,2026-06-26T03:04:20.624133,67920.121,98384.711,44.708,5795.863,64035.79,0.01,0.0
323.217,2026-06-26T03:04:20.724243,70801.449,98384.711,46.419,5796.193,64035.79,3.301,0.0
323.268,2026-06-26T03:04:20.774677,72037.016,103504.715,45.001,5796.194,64035.79,0.01,0.0
323.368,2026-06-26T03:04:20.874658,74938.453,103504.715,46.622,5796.523,64035.79,3.307,0.0
323.418,2026-06-26T03:04:20.925065,76390.617,103504.715,47.749,5796.524,64035.79,0.01,0.0
323.652,2026-06-26T03:04:21.159063,76833.43,103504.715,45.828,5796.853,64035.79,1.41,0.0
323.755,2026-06-26T03:04:21.261563,78051.285,108658.578,46.54,5797.183,64035.79,3.218,0.0
323.856,2026-06-26T03:04:21.363254,80961.543,108658.578,47.698,5797.513,64035.79,3.242,0.0
323.954,2026-06-26T03:04:21.461215,83375.121,113778.582,46.647,5797.842,64035.79,3.367,0.0
324.005,2026-06-26T03:04:21.511611,84857.531,113778.582,47.489,5797.843,64035.79,0.01,0.0
324.1,2026-06-26T03:04:21.607241,87323.613,118898.586,47.086,5798.173,64035.79,3.455,0.0
324.151,2026-06-26T03:04:21.657659,88761.07,118898.586,47.794,5798.173,64035.79,0.01,0.0
324.253,2026-06-26T03:04:21.759771,91727.676,118898.586,48.533,5798.503,64035.79,3.235,0.0
324.366,2026-06-26T03:04:21.872500,92242.176,118913.586,45.017,5798.832,64035.79,2.926,0.0
324.462,2026-06-26T03:04:21.968770,92242.176,118913.586,31.852,5799.162,64035.79,3.425,0.0
423.937,2026-06-26T03:06:01.443564,92004.359,118940.586,22.904,5799.491,121962.021,0.003,582.32
424.025,2026-06-26T03:06:01.531729,91121.516,118940.586,16.379,5799.82,121962.021,3.737,0.0
424.075,2026-06-26T03:06:01.582086,90602.695,118940.586,11.697,5799.821,121962.021,0.011,0.0
424.165,2026-06-26T03:06:01.671634,89655.625,118940.586,8.529,5800.15,121962.021,3.683,0.0
424.215,2026-06-26T03:06:01.722041,89125.266,118940.586,6.202,5800.151,121962.021,0.011,0.0
424.304,2026-06-26T03:06:01.810882,88253.961,118940.586,4.685,5800.48,121962.021,3.714,0.0
424.354,2026-06-26T03:06:01.861235,87711.516,118940.586,3.512,5800.48,121962.021,0.011,0.0
424.443,2026-06-26T03:06:01.949895,86694.941,113820.582,2.802,5800.81,121962.021,3.719,0.0
424.494,2026-06-26T03:06:02.000290,86164.582,113820.582,2.194,5800.81,121962.021,0.011,0.0
424.582,2026-06-26T03:06:02.088884,85159.52,113820.582,1.853,5801.14,121962.021,3.723,0.0
424.632,2026-06-26T03:06:02.139238,84725.035,113820.582,1.53,5801.14,121962.021,0.011,0.0
424.727,2026-06-26T03:06:02.233293,83805.52,113820.582,1.42,5801.47,121962.021,3.507,0.0
424.777,2026-06-26T03:06:02.283643,83323.371,113820.582,1.226,5801.47,121962.021,0.011,0.0
424.865,2026-06-26T03:06:02.372196,82443.52,113820.582,1.176,5801.799,121962.021,3.725,0.0
424.916,2026-06-26T03:06:02.422541,81915.883,108700.578,1.056,5801.8,121962.021,0.011,0.0
425.004,2026-06-26T03:06:02.511039,81006.695,108700.578,1.084,5802.129,121962.021,3.727,0.0
425.055,2026-06-26T03:06:02.561380,80511.512,108700.578,1.037,5802.13,121962.021,0.011,0.0
425.143,2026-06-26T03:06:02.650097,79589.512,108700.578,1.044,5802.459,121962.021,3.719,0.0
425.194,2026-06-26T03:06:02.700454,78998.906,108700.578,0.963,5802.46,121962.021,0.011,0.0
425.282,2026-06-26T03:06:02.789047,78127.602,108700.578,1.018,5802.789,121962.021,3.724,0.0
425.333,2026-06-26T03:06:02.839398,77605.512,108700.578,0.945,5802.79,121962.021,0.011,0.0
425.431,2026-06-26T03:06:02.937279,76681.637,103518.57,1.021,5803.119,121962.021,3.369,0.0
425.481,2026-06-26T03:06:02.987662,76185.637,103518.57,0.947,5803.119,121962.021,0.011,0.0
425.583,2026-06-26T03:06:03.089714,75029.273,103518.57,1.008,5803.449,121962.021,3.232,0.0
425.671,2026-06-26T03:06:03.177943,74189.637,103518.57,1.051,5803.778,121962.021,3.733,0.0
425.722,2026-06-26T03:06:03.228308,73703.375,103518.57,0.968,5803.779,121962.021,0.011,0.0
425.811,2026-06-26T03:06:03.317623,72867.637,103518.57,0.993,5804.108,121962.021,3.694,0.0
425.861,2026-06-26T03:06:03.368000,72377.477,103518.57,0.974,5804.109,121962.021,0.011,0.0
425.95,2026-06-26T03:06:03.456721,71433.641,98398.566,1.025,5804.438,121962.021,3.719,0.0
426.0,2026-06-26T03:06:03.507072,70932.105,98398.566,0.95,5804.438,121962.021,0.011,0.0
426.089,2026-06-26T03:06:03.595740,70029.641,98398.566,0.983,5804.768,121962.021,3.721,0.0
426.139,2026-06-26T03:06:03.646093,69565.641,98398.566,0.92,5804.768,121962.021,0.011,0.0
426.228,2026-06-26T03:06:03.734723,68747.641,98398.566,0.988,5805.098,121962.021,3.723,0.0
426.278,2026-06-26T03:06:03.785072,68313.641,98398.566,0.924,5805.098,121962.021,0.011,0.0
426.367,2026-06-26T03:06:03.873739,67497.641,98398.566,0.964,5805.427,121962.021,3.721,0.0
426.417,2026-06-26T03:06:03.924091,66993.641,98398.566,0.954,5805.428,121962.021,0.011,0.0
426.506,2026-06-26T03:06:04.012812,66115.164,93278.562,0.985,5805.757,121962.021,3.719,0.0
426.556,2026-06-26T03:06:04.063200,65622.688,93278.562,0.922,5805.758,121962.021,0.01,0.0
426.645,2026-06-26T03:06:04.152081,64713.5,93278.562,0.988,5806.087,121962.021,3.711,0.0
426.696,2026-06-26T03:06:04.202437,64258.906,93278.562,0.924,5806.088,121962.021,0.011,0.0
426.785,2026-06-26T03:06:04.291476,63387.602,93278.562,1.016,5806.417,121962.021,3.705,0.0
426.835,2026-06-26T03:06:04.341828,62895.125,93278.562,0.943,5806.418,121962.021,0.01,0.0
426.924,2026-06-26T03:06:04.430861,62023.82,93278.562,0.976,5806.748,121962.021,3.716,0.0
426.974,2026-06-26T03:06:04.481206,61487.637,88158.559,0.916,5806.748,121962.021,0.01,0.0
426.981,2026-06-26T03:06:04.488033,61487.637,88158.559,1.098,5806.749,121962.021,0.041,0.0
426.99,2026-06-26T03:06:04.496648,61487.637,88158.559,1.125,5806.75,121962.021,0.064,0.0
426.998,2026-06-26T03:06:04.504871,61487.637,88158.559,0.787,5806.75,121962.021,0.058,0.0
427.01,2026-06-26T03:06:04.516640,61487.637,88158.559,0.783,5806.751,121962.021,0.094,0.0
427.017,2026-06-26T03:06:04.523482,61487.637,88158.559,0.548,5808.389,121962.021,264.447,0.0
427.017,2026-06-26T03:06:04.523703,61487.637,88158.559,0.384,5808.389,121962.021,3.08,0.0
427.024,2026-06-26T03:06:04.530647,61487.637,88158.559,0.605,5808.39,121962.021,0.077,0.0
427.024,2026-06-26T03:06:04.530920,61487.637,88158.559,0.423,5808.39,121962.021,2.368,0.0
427.078,2026-06-26T03:06:04.584566,61487.637,88158.559,0.558,5808.391,121963.659,0.016,30.434
427.401,2026-06-26T03:06:04.907676,61487.637,88158.559,0.63,5808.646,121963.663,0.788,0.013
427.412,2026-06-26T03:06:04.918918,61380.129,88051.051,0.86,5808.693,121963.663,4.267,0.0
427.413,2026-06-26T03:06:04.919325,61380.129,88051.051,0.602,5808.694,121963.663,2.678,0.0
427.415,2026-06-26T03:06:04.921726,61380.129,88051.051,1.383,5810.334,121963.663,668.268,0.0
427.415,2026-06-26T03:06:04.922095,61380.129,88051.051,0.968,5810.335,121963.663,2.259,0.0
427.416,2026-06-26T03:06:04.922450,61380.129,88051.051,0.678,5810.336,121963.663,3.612,0.0
427.418,2026-06-26T03:06:04.924542,61380.129,88051.051,0.474,5811.975,121963.663,761.076,0.0
427.419,2026-06-26T03:06:04.925286,61380.129,88051.051,0.332,5811.977,121963.664,1.828,0.765
427.423,2026-06-26T03:06:04.929356,61380.129,88051.051,0.232,5812.002,121963.664,6.163,0.0
427.541,2026-06-26T03:06:05.047894,61468.328,103581.992,0.301,5814.003,121963.664,16.897,0.002
427.592,2026-06-26T03:06:05.098291,61469.074,103581.992,0.442,5814.004,121963.665,0.02,0.02
427.642,2026-06-26T03:06:05.148874,61469.25,103581.992,0.587,5814.005,121963.696,0.02,0.613
427.693,2026-06-26T03:06:05.199506,61469.309,103581.992,0.596,5814.006,121963.696,0.02,0.0
427.743,2026-06-26T03:06:05.250244,61469.402,103581.996,0.648,5814.007,121963.727,0.02,0.61
427.794,2026-06-26T03:06:05.301119,61471.641,103581.992,0.729,5814.008,121963.727,0.02,0.0
427.845,2026-06-26T03:06:05.352105,61472.781,113181.992,0.741,5814.009,121963.728,0.024,0.005
427.896,2026-06-26T03:06:05.403088,61472.785,113181.992,0.748,5814.01,121963.728,0.02,0.0
427.947,2026-06-26T03:06:05.454084,61477.43,113193.992,0.754,5814.011,121963.728,0.02,0.0
427.998,2026-06-26T03:06:05.505059,61482.906,108393.992,0.757,5814.012,121963.728,0.02,0.0
428.049,2026-06-26T03:06:05.556071,61491.535,103607.992,0.76,5814.013,121963.728,0.02,0.0
428.1,2026-06-26T03:06:05.607025,61496.539,103607.992,0.808,5814.014,121963.728,0.02,0.0
428.151,2026-06-26T03:06:05.658013,61517.91,103643.992,0.749,5814.015,121963.728,0.02,0.0
428.202,2026-06-26T03:06:05.708989,61518.938,103643.992,0.8,5814.016,121963.728,0.02,0.0
428.253,2026-06-26T03:06:05.759997,61518.938,103643.992,0.882,5814.017,121963.728,0.02,0.0
428.304,2026-06-26T03:06:05.810985,61518.938,103643.992,0.847,5814.018,121963.728,0.02,0.0
428.355,2026-06-26T03:06:05.861970,61520.438,103643.992,0.823,5814.019,121963.728,0.02,0.0
428.406,2026-06-26T03:06:05.912943,61520.727,103643.992,0.806,5814.02,121963.728,0.02,0.0
428.457,2026-06-26T03:06:05.963948,61520.793,103643.992,0.794,5814.021,121963.728,0.02,0.0
428.508,2026-06-26T03:06:06.014953,61520.988,103643.992,0.785,5814.022,121963.728,0.02,0.0
428.559,2026-06-26T03:06:06.065948,61522.578,103643.992,0.78,5814.023,121963.728,0.02,0.0
428.61,2026-06-26T03:06:06.116914,61523.605,103643.992,0.776,5814.024,121963.728,0.02,0.0
428.661,2026-06-26T03:06:06.167900,61523.613,103643.992,0.773,5814.025,121963.728,0.02,0.0
428.712,2026-06-26T03:06:06.218886,61527.434,103643.992,0.771,5814.026,121963.728,0.02,0.0
428.763,2026-06-26T03:06:06.269887,61537.848,103667.992,0.815,5814.027,121963.728,0.02,0.0
428.814,2026-06-26T03:06:06.320870,61537.859,103667.992,0.8,5814.028,121963.728,0.02,0.0
428.865,2026-06-26T03:06:06.371856,61537.922,103667.992,0.79,5814.029,121963.728,0.02,0.0
428.916,2026-06-26T03:06:06.422836,61537.922,103667.992,0.783,5814.03,121963.728,0.02,0.0
428.967,2026-06-26T03:06:06.473853,61545.043,103667.992,0.824,5814.031,121963.728,0.02,0.0
429.018,2026-06-26T03:06:06.524821,61555.117,103667.992,0.807,5814.032,121963.728,0.02,0.0
429.069,2026-06-26T03:06:06.575818,61560.289,103667.992,0.795,5814.033,121963.728,0.02,0.0
429.12,2026-06-26T03:06:06.626787,61560.289,103667.992,0.786,5814.034,121963.728,0.02,0.0
429.171,2026-06-26T03:06:06.677768,61558.781,103667.992,0.78,5814.035,121963.728,0.02,0.0
429.222,2026-06-26T03:06:06.728758,61558.781,103667.992,0.776,5814.036,121963.728,0.02,0.0
429.273,2026-06-26T03:06:06.779748,61558.781,103667.992,0.819,5814.037,121963.728,0.02,0.0
429.324,2026-06-26T03:06:06.830723,61558.781,103667.992,0.803,5814.038,121963.728,0.02,0.0
429.375,2026-06-26T03:06:06.881725,61558.781,103667.992,0.792,5814.039,121963.728,0.02,0.0
429.426,2026-06-26T03:06:06.932709,61558.781,103667.992,0.784,5814.04,121963.728,0.02,0.0
429.477,2026-06-26T03:06:06.983718,61558.789,103667.992,0.779,5814.041,121963.728,0.02,0.0
429.528,2026-06-26T03:06:07.034725,61570.805,103667.992,0.775,5814.042,121963.728,0.02,0.0
429.579,2026-06-26T03:06:07.085721,61558.801,103667.992,0.815,5814.043,121963.728,0.019,0.0
429.631,2026-06-26T03:06:07.137385,61558.805,103667.992,0.801,5814.044,121963.728,0.02,0.0
429.682,2026-06-26T03:06:07.188378,61558.805,103667.992,0.79,5814.045,121963.728,0.02,0.0
429.733,2026-06-26T03:06:07.239369,61558.805,103667.992,0.783,5814.046,121963.728,0.02,0.0
429.784,2026-06-26T03:06:07.290364,61558.812,103667.992,0.778,5814.047,121963.728,0.02,0.0
429.835,2026-06-26T03:06:07.341327,61558.879,103667.992,0.82,5814.048,121963.728,0.02,0.0
429.886,2026-06-26T03:06:07.392342,61562.516,103668.012,0.804,5814.049,121963.728,0.02,0.0
429.937,2026-06-26T03:06:07.443302,61562.516,103668.012,0.793,5814.05,121963.728,0.02,0.0
429.987,2026-06-26T03:06:07.494253,61562.516,103668.012,0.785,5814.052,121963.728,0.02,0.0
430.038,2026-06-26T03:06:07.545207,61562.516,103668.012,0.78,5814.053,121963.728,0.02,0.0
430.089,2026-06-26T03:06:07.596204,61562.516,103668.012,0.775,5814.054,121963.728,0.02,0.0
430.14,2026-06-26T03:06:07.647189,61562.516,103668.012,0.819,5814.055,121963.728,0.02,0.0
430.191,2026-06-26T03:06:07.698134,61562.516,103668.012,0.803,5814.056,121963.728,0.02,0.0
430.242,2026-06-26T03:06:07.749123,61562.516,103668.012,0.792,5814.057,121963.728,0.02,0.0
430.293,2026-06-26T03:06:07.800098,61562.516,103668.012,0.784,5814.058,121963.728,0.02,0.0
430.344,2026-06-26T03:06:07.851078,61562.516,103668.012,0.825,5814.059,121963.728,0.02,0.0
430.395,2026-06-26T03:06:07.902084,61562.516,103668.012,0.807,5814.06,121963.728,0.02,0.0
430.446,2026-06-26T03:06:07.953066,61562.516,103668.012,0.795,5814.061,121963.728,0.02,0.0
430.497,2026-06-26T03:06:08.004033,61562.516,103668.012,0.786,5814.062,121963.728,0.02,0.0
430.548,2026-06-26T03:06:08.055056,61562.516,103668.012,0.78,5814.063,121963.728,0.02,0.0
430.599,2026-06-26T03:06:08.106041,61562.516,103668.012,0.776,5814.064,121963.728,0.02,0.0
430.65,2026-06-26T03:06:08.157052,61562.516,103668.012,0.773,5814.065,121963.728,0.02,0.0
430.701,2026-06-26T03:06:08.208008,61562.516,103668.012,0.771,5814.066,121963.728,0.02,0.0
430.752,2026-06-26T03:06:08.259017,61562.516,103668.012,0.769,5814.067,121963.728,0.02,0.0
430.803,2026-06-26T03:06:08.309993,61562.516,103668.012,0.769,5814.068,121963.728,0.02,0.0
430.854,2026-06-26T03:06:08.360985,61562.516,103668.012,0.814,5814.069,121963.728,0.02,0.0
430.905,2026-06-26T03:06:08.411980,61562.516,103668.012,0.845,5814.07,121963.728,0.02,0.0
430.956,2026-06-26T03:06:08.462969,61562.516,103668.012,0.822,5814.071,121963.728,0.02,0.0
431.007,2026-06-26T03:06:08.513916,61562.516,103668.012,0.805,5814.072,121963.728,0.02,0.0
431.058,2026-06-26T03:06:08.564913,61562.516,103668.012,0.839,5814.073,121963.728,0.02,0.0
431.109,2026-06-26T03:06:08.615866,61562.516,103668.012,0.818,5814.074,121963.728,0.02,0.0
431.16,2026-06-26T03:06:08.666862,61562.516,103668.012,0.802,5814.075,121963.728,0.02,0.0
431.211,2026-06-26T03:06:08.717839,61562.516,103668.012,0.791,5814.076,121963.728,0.02,0.0
431.262,2026-06-26T03:06:08.768827,61562.516,103668.012,0.784,5814.077,121963.728,0.02,0.0
431.313,2026-06-26T03:06:08.819811,61562.516,103668.012,0.779,5814.078,121963.728,0.02,0.0
431.364,2026-06-26T03:06:08.870806,61562.516,103668.012,0.821,5814.079,121963.728,0.02,0.0
431.415,2026-06-26T03:06:08.921782,61562.516,103668.012,0.804,5814.08,121963.728,0.02,0.0
431.466,2026-06-26T03:06:08.972790,61562.516,103668.012,0.793,5814.081,121963.728,0.02,0.0
431.517,2026-06-26T03:06:09.023767,61562.516,103668.012,0.785,5814.082,121963.728,0.02,0.0
431.568,2026-06-26T03:06:09.074782,61562.516,103668.012,0.779,5814.083,121963.728,0.02,0.0
431.619,2026-06-26T03:06:09.125750,61562.516,103668.012,0.775,5814.084,121963.728,0.02,0.0
431.67,2026-06-26T03:06:09.176735,61562.516,103668.012,0.773,5814.085,121963.728,0.02,0.0
431.721,2026-06-26T03:06:09.227707,61562.516,103668.012,0.771,5814.086,121963.728,0.02,0.0
431.772,2026-06-26T03:06:09.278633,61562.516,103668.012,0.817,5814.087,121963.728,0.02,0.0
431.822,2026-06-26T03:06:09.329189,61562.516,103668.012,0.804,5814.088,121963.728,0.02,0.0
431.873,2026-06-26T03:06:09.379777,61562.516,103668.012,0.793,5814.089,121963.728,0.02,0.0
431.924,2026-06-26T03:06:09.430713,61562.516,103668.012,0.831,5814.09,121963.728,0.02,0.0
431.975,2026-06-26T03:06:09.481671,61562.516,103668.012,0.812,5814.091,121963.728,0.02,0.0
432.026,2026-06-26T03:06:09.532615,61562.516,103668.012,0.798,5814.092,121963.728,0.02,0.0
432.077,2026-06-26T03:06:09.583601,61562.516,103668.012,0.789,5814.093,121963.728,0.02,0.0
432.128,2026-06-26T03:06:09.634521,61562.516,103668.012,0.782,5814.094,121963.728,0.02,0.0
432.179,2026-06-26T03:06:09.685471,61562.516,103668.012,0.778,5814.095,121963.728,0.02,0.0
432.23,2026-06-26T03:06:09.736416,61562.516,103668.012,0.774,5814.096,121963.728,0.02,0.0
432.281,2026-06-26T03:06:09.787369,61562.516,103668.012,0.772,5814.097,121963.728,0.02,0.0
432.332,2026-06-26T03:06:09.838323,61562.516,103668.012,0.771,5814.098,121963.728,0.02,0.0
432.382,2026-06-26T03:06:09.889228,61562.516,103668.012,0.77,5814.099,121963.728,0.02,0.0
432.433,2026-06-26T03:06:09.940177,61562.516,103668.012,0.815,5814.1,121963.728,0.02,0.0
432.552,2026-06-26T03:06:10.059078,61562.531,103668.012,0.946,5814.45,121963.728,2.957,0.0
432.603,2026-06-26T03:06:10.109509,61562.531,103668.012,0.894,5814.451,121963.728,0.02,0.0
432.653,2026-06-26T03:06:10.160104,61562.531,103668.012,0.857,5814.452,121963.728,0.02,0.0
432.704,2026-06-26T03:06:10.210724,61562.531,103668.012,0.877,5814.453,121963.728,0.02,0.0
432.755,2026-06-26T03:06:10.261627,61562.531,103668.012,0.844,5814.454,121963.728,0.02,0.0
432.806,2026-06-26T03:06:10.312375,61562.531,103668.012,0.823,5814.455,121963.728,0.02,0.0
432.856,2026-06-26T03:06:10.362913,61562.531,103668.012,0.807,5814.456,121963.728,0.02,0.0
432.907,2026-06-26T03:06:10.413550,61562.531,103668.012,0.796,5814.457,121963.728,0.02,0.0
432.958,2026-06-26T03:06:10.464490,61562.531,103668.012,0.787,5814.458,121963.728,0.02,0.0
433.009,2026-06-26T03:06:10.515433,61562.531,103668.012,0.781,5814.459,121963.728,0.02,0.0
433.06,2026-06-26T03:06:10.566356,61562.531,103668.012,0.777,5814.46,121963.728,0.02,0.0
433.11,2026-06-26T03:06:10.617230,61562.531,103668.012,0.774,5814.461,121963.728,0.02,0.0
433.161,2026-06-26T03:06:10.668203,61562.531,103668.012,0.772,5814.462,121963.728,0.02,0.0
433.212,2026-06-26T03:06:10.719098,61562.531,103668.012,0.77,5814.463,121963.728,0.02,0.0
433.263,2026-06-26T03:06:10.770027,61562.531,103668.012,0.769,5814.464,121963.728,0.02,0.0
433.314,2026-06-26T03:06:10.820981,61562.531,103668.012,0.815,5814.465,121963.728,0.02,0.0
433.365,2026-06-26T03:06:10.871900,61562.531,103668.012,0.8,5814.466,121963.728,0.02,0.0
433.416,2026-06-26T03:06:10.922872,61562.531,103668.012,0.836,5814.467,121963.728,0.02,0.0
433.467,2026-06-26T03:06:10.973786,61562.531,103668.012,0.816,5814.468,121963.728,0.02,0.0
433.518,2026-06-26T03:06:11.024737,61562.531,103668.012,0.801,5814.469,121963.728,0.02,0.0
433.569,2026-06-26T03:06:11.075705,61562.531,103668.012,0.791,5814.47,121963.728,0.02,0.0
433.62,2026-06-26T03:06:11.126627,61562.531,103668.012,0.784,5814.471,121963.728,0.02,0.0
433.671,2026-06-26T03:06:11.177572,61562.562,103668.012,0.779,5814.472,121963.728,0.02,0.0
433.722,2026-06-26T03:06:11.228514,61564.379,103668.012,0.775,5814.473,121963.728,0.02,0.0
433.773,2026-06-26T03:06:11.279441,61569.348,103696.012,0.773,5814.474,121963.728,0.02,0.0
433.824,2026-06-26T03:06:11.330396,61577.172,103696.012,0.817,5814.475,121963.728,0.02,0.0
433.875,2026-06-26T03:06:11.381281,61587.199,103696.012,0.802,5814.476,121963.728,0.02,0.0
433.925,2026-06-26T03:06:11.432229,61587.766,103696.012,0.792,5814.477,121963.728,0.02,0.0
433.976,2026-06-26T03:06:11.483123,61587.812,103696.012,0.784,5814.478,121963.728,0.02,0.0
434.027,2026-06-26T03:06:11.534042,61588.844,103696.012,0.825,5814.479,121963.728,0.02,0.0
434.078,2026-06-26T03:06:11.584984,61591.512,103696.012,0.808,5814.48,121963.728,0.02,0.0
434.129,2026-06-26T03:06:11.635892,61591.703,103696.012,0.796,5814.481,121963.728,0.02,0.0
434.18,2026-06-26T03:06:11.686835,61592.008,103696.012,0.603,5814.482,121963.759,0.02,0.624
434.231,2026-06-26T03:06:11.737763,61592.008,103696.012,0.422,5814.483,121963.759,0.02,0.0
434.282,2026-06-26T03:06:11.788687,61592.008,103696.012,0.295,5814.484,121963.759,0.02,0.0
434.333,2026-06-26T03:06:11.839617,61592.008,103696.012,0.207,5814.485,121963.759,0.02,0.0
434.384,2026-06-26T03:06:11.890568,61592.008,103696.012,0.145,5814.486,121963.759,0.02,0.0
434.435,2026-06-26T03:06:11.941490,61589.121,103696.012,0.285,5814.498,121963.844,0.236,1.653
434.486,2026-06-26T03:06:11.992452,61582.969,103696.012,0.476,5814.499,121963.844,0.02,0.0
434.537,2026-06-26T03:06:12.043381,61576.801,103696.012,0.517,5814.5,121963.844,0.02,0.0
434.588,2026-06-26T03:06:12.094353,61570.484,103696.012,0.592,5814.501,121963.844,0.02,0.0
434.638,2026-06-26T03:06:12.145241,61570.609,103696.012,0.691,5814.502,121963.844,0.02,0.0
434.689,2026-06-26T03:06:12.196119,61569.48,103696.012,0.714,5814.503,121963.844,0.02,0.0
434.74,2026-06-26T03:06:12.247011,61569.48,103696.012,0.776,5814.504,121963.844,0.02,0.0
434.791,2026-06-26T03:06:12.297919,61568.965,103696.012,0.773,5814.505,121963.844,0.02,0.0
434.842,2026-06-26T03:06:12.348893,61568.02,103696.012,0.771,5814.506,121963.844,0.02,0.0
434.893,2026-06-26T03:06:12.399814,61567.734,103696.012,0.77,5814.507,121963.844,0.02,0.0
434.944,2026-06-26T03:06:12.450772,61567.734,103696.012,0.769,5814.508,121963.844,0.02,0.0
434.995,2026-06-26T03:06:12.501709,61567.734,103696.012,0.768,5814.509,121963.844,0.02,0.0
435.046,2026-06-26T03:06:12.552666,61565.938,103696.012,0.768,5814.51,121963.844,0.02,0.0
435.097,2026-06-26T03:06:12.603621,61565.938,103696.012,0.813,5814.511,121963.844,0.02,0.0
435.148,2026-06-26T03:06:12.654573,61565.938,103696.012,0.846,5814.512,121963.844,0.02,0.0
435.199,2026-06-26T03:06:12.705507,61565.941,103696.012,0.822,5814.513,121963.844,0.02,0.0
435.25,2026-06-26T03:06:12.756476,61565.941,103696.012,0.805,5814.514,121963.844,0.02,0.0
435.301,2026-06-26T03:06:12.807413,61565.941,103696.012,0.794,5814.515,121963.844,0.02,0.0
435.352,2026-06-26T03:06:12.858381,61565.941,103696.012,0.785,5814.516,121963.844,0.02,0.0
435.403,2026-06-26T03:06:12.909286,61565.941,103696.012,0.78,5814.517,121963.844,0.02,0.0
435.453,2026-06-26T03:06:12.960232,61565.941,103696.012,0.776,5814.518,121963.844,0.02,0.0
435.504,2026-06-26T03:06:13.011174,61565.484,103696.012,0.819,5814.519,121963.844,0.02,0.0
435.555,2026-06-26T03:06:13.062091,61565.488,103696.012,0.803,5814.52,121963.844,0.02,0.0
435.606,2026-06-26T03:06:13.113056,61565.488,103696.012,0.793,5814.521,121963.844,0.02,0.0
435.657,2026-06-26T03:06:13.163988,61565.488,103696.012,0.785,5814.522,121963.844,0.02,0.0
435.708,2026-06-26T03:06:13.214936,61565.488,103696.012,0.779,5814.523,121963.844,0.02,0.0
435.759,2026-06-26T03:06:13.265887,61565.527,103696.012,0.773,5814.524,121963.844,0.02,0.0
435.811,2026-06-26T03:06:13.317495,61565.535,103696.012,0.817,5814.525,121963.844,0.02,0.0
435.862,2026-06-26T03:06:13.368426,61565.551,103696.012,0.802,5814.526,121963.844,0.02,0.0
435.913,2026-06-26T03:06:13.419384,61565.551,103696.012,0.838,5814.527,121963.844,0.02,0.0
435.964,2026-06-26T03:06:13.470296,61565.551,103696.012,0.816,5814.529,121963.844,0.02,0.0
436.014,2026-06-26T03:06:13.521234,61565.551,103696.012,0.801,5814.53,121963.844,0.02,0.0
436.065,2026-06-26T03:06:13.572183,61565.551,103696.012,0.791,5814.531,121963.844,0.02,0.0
436.116,2026-06-26T03:06:13.623070,61565.551,103696.012,0.784,5814.532,121963.844,0.02,0.0
436.167,2026-06-26T03:06:13.674001,61565.551,103696.012,0.779,5814.533,121963.844,0.02,0.0
436.218,2026-06-26T03:06:13.724936,61565.551,103696.012,0.821,5814.534,121963.844,0.02,0.0
436.269,2026-06-26T03:06:13.775892,61565.551,103696.012,0.805,5814.535,121963.844,0.02,0.0
436.32,2026-06-26T03:06:13.826836,61565.551,103696.012,0.793,5814.536,121963.844,0.02,0.0
436.371,2026-06-26T03:06:13.877763,61565.547,103696.012,0.785,5814.537,121963.844,0.02,0.0
436.422,2026-06-26T03:06:13.928716,61565.059,103696.012,0.78,5814.538,121963.844,0.02,0.0
436.473,2026-06-26T03:06:13.979653,61565.066,103696.012,0.776,5814.539,121963.844,0.02,0.0
436.524,2026-06-26T03:06:14.030633,61563.742,103696.012,0.819,5814.54,121963.844,0.02,0.0
436.575,2026-06-26T03:06:14.081557,61563.742,103696.012,0.804,5814.541,121963.844,0.02,0.0
436.626,2026-06-26T03:06:14.132487,61563.742,103696.012,0.792,5814.542,121963.844,0.02,0.0
436.677,2026-06-26T03:06:14.183423,61563.742,103696.012,0.785,5814.543,121963.844,0.02,0.0
436.728,2026-06-26T03:06:14.234376,61563.742,103696.012,0.779,5814.544,121963.844,0.02,0.0
436.778,2026-06-26T03:06:14.285233,61563.742,103696.012,0.777,5814.545,121963.844,0.02,0.0
436.829,2026-06-26T03:06:14.335753,61563.734,103696.012,0.775,5814.546,121963.844,0.02,0.0
436.88,2026-06-26T03:06:14.386656,61563.723,103696.012,0.818,5814.547,121963.844,0.02,0.0
436.931,2026-06-26T03:06:14.437599,61563.734,103696.012,0.849,5814.548,121963.844,0.02,0.0
436.982,2026-06-26T03:06:14.488550,61563.734,103696.012,0.824,5814.549,121963.844,0.02,0.0
437.033,2026-06-26T03:06:14.539490,61563.738,103696.012,0.807,5814.55,121963.844,0.02,0.0
437.084,2026-06-26T03:06:14.590463,61563.738,103696.012,0.795,5814.551,121963.844,0.02,0.0
437.135,2026-06-26T03:06:14.641407,61563.738,103696.012,0.786,5814.552,121963.844,0.02,0.0
437.186,2026-06-26T03:06:14.692407,61563.738,103696.012,0.78,5814.553,121963.844,0.02,0.0
437.237,2026-06-26T03:06:14.743388,61563.738,103696.012,0.822,5814.554,121963.844,0.02,0.0
437.288,2026-06-26T03:06:14.794380,61565.742,103696.012,0.805,5814.555,121963.844,0.02,0.0
437.339,2026-06-26T03:06:14.845349,61565.742,103696.012,0.794,5814.556,121963.844,0.02,0.0
437.39,2026-06-26T03:06:14.896290,61569.246,103696.012,0.785,5814.557,121963.844,0.02,0.0
437.44,2026-06-26T03:06:14.947269,61569.246,103696.012,0.78,5814.558,121963.844,0.02,0.0
437.56,2026-06-26T03:06:15.067177,61569.246,103696.012,0.899,5814.908,121963.844,2.933,0.0
437.611,2026-06-26T03:06:15.117575,61569.246,103696.012,0.861,5814.909,121963.844,0.02,0.0
437.661,2026-06-26T03:06:15.168179,61569.25,103696.012,0.834,5814.91,121963.844,0.02,0.0
437.712,2026-06-26T03:06:15.218762,61569.25,103696.012,0.815,5814.911,121963.844,0.02,0.0
437.763,2026-06-26T03:06:15.269525,61569.25,103696.012,0.801,5814.912,121963.844,0.02,0.0
437.814,2026-06-26T03:06:15.320421,61569.25,103696.012,0.791,5814.913,121963.844,0.02,0.0
437.865,2026-06-26T03:06:15.371367,61569.25,103696.012,0.876,5814.914,121963.844,0.02,0.0
437.915,2026-06-26T03:06:15.422265,61569.25,103696.012,0.843,5814.915,121963.844,0.02,0.0
437.966,2026-06-26T03:06:15.473217,61569.25,103696.012,0.82,5814.916,121963.844,0.02,0.0
438.017,2026-06-26T03:06:15.524227,61572.258,103696.012,0.804,5814.917,121963.844,0.02,0.0
438.068,2026-06-26T03:06:15.575194,61575.27,103696.012,0.793,5814.918,121963.844,0.02,0.0
438.119,2026-06-26T03:06:15.626184,61574.305,103696.012,0.831,5814.919,121963.844,0.02,0.0
438.17,2026-06-26T03:06:15.677124,61574.305,103696.012,0.811,5814.92,121963.844,0.02,0.0
438.221,2026-06-26T03:06:15.728104,61574.305,103696.012,0.798,5814.921,121963.844,0.02,0.0
438.272,2026-06-26T03:06:15.779104,61573.926,103696.012,0.788,5814.922,121963.844,0.02,0.0
438.323,2026-06-26T03:06:15.830090,61573.492,103696.012,0.782,5814.923,121963.844,0.02,0.0
438.374,2026-06-26T03:06:15.881087,61580.578,103728.012,0.777,5814.924,121963.844,0.02,0.0
438.425,2026-06-26T03:06:15.932069,61579.156,103728.012,0.774,5814.925,121963.844,0.02,0.0
438.476,2026-06-26T03:06:15.983054,61576.707,103728.012,0.771,5814.926,121963.844,0.02,0.0
438.527,2026-06-26T03:06:16.034050,61576.707,103728.012,0.816,5814.927,121963.844,0.02,0.0
438.578,2026-06-26T03:06:16.085077,61576.707,103728.012,0.801,5814.928,121963.844,0.02,0.0
438.629,2026-06-26T03:06:16.136047,61576.707,103728.012,0.79,5814.929,121963.844,0.02,0.0
438.68,2026-06-26T03:06:16.187050,61576.707,103728.012,0.783,5814.93,121963.844,0.02,0.0
438.731,2026-06-26T03:06:16.238021,61576.707,103728.012,0.778,5814.931,121963.844,0.02,0.0
438.782,2026-06-26T03:06:16.289047,61576.707,103728.012,0.775,5814.932,121963.844,0.02,0.0
438.833,2026-06-26T03:06:16.340022,61576.074,103728.012,0.772,5814.933,121963.844,0.02,0.0
438.884,2026-06-26T03:06:16.391015,61574.801,103728.012,0.77,5814.934,121963.844,0.02,0.0
438.935,2026-06-26T03:06:16.441997,61574.801,103728.012,0.769,5814.935,121963.844,0.02,0.0
438.986,2026-06-26T03:06:16.492985,61574.816,103728.012,0.768,5814.936,121963.844,0.02,0.0
439.037,2026-06-26T03:06:16.543986,61574.816,103728.012,0.813,5814.937,121963.844,0.02,0.0
439.088,2026-06-26T03:06:16.594972,61574.801,103728.012,0.845,5814.938,121963.844,0.02,0.0
439.139,2026-06-26T03:06:16.645942,61574.801,103728.012,0.821,5814.939,121963.844,0.02,0.0
439.19,2026-06-26T03:06:16.696939,61574.816,103728.012,0.805,5814.94,121963.844,0.02,0.0
439.241,2026-06-26T03:06:16.747926,61574.816,103728.012,0.885,5814.941,121963.844,0.02,0.0
439.292,2026-06-26T03:06:16.798946,61574.816,103728.012,0.849,5814.942,121963.844,0.02,0.0
439.343,2026-06-26T03:06:16.849934,61574.816,103728.012,0.824,5814.944,121963.844,0.02,0.0
439.394,2026-06-26T03:06:16.900884,61574.816,103728.012,0.807,5814.945,121963.844,0.02,0.0
439.445,2026-06-26T03:06:16.951860,61574.816,103728.012,0.795,5814.946,121963.844,0.02,0.0
439.496,2026-06-26T03:06:17.002869,61574.816,103728.012,0.786,5814.947,121963.844,0.02,0.0
439.547,2026-06-26T03:06:17.053859,61574.816,103728.012,0.78,5814.948,121963.844,0.02,0.0
439.598,2026-06-26T03:06:17.104859,61574.816,103728.012,0.776,5814.949,121963.844,0.02,0.0
439.649,2026-06-26T03:06:17.155824,61574.816,103728.012,0.773,5814.95,121963.844,0.02,0.0
439.7,2026-06-26T03:06:17.206841,61574.816,103728.012,0.771,5814.951,121963.844,0.02,0.0
439.751,2026-06-26T03:06:17.257826,61572.656,103728.012,0.816,5814.952,121963.844,0.02,0.0
439.802,2026-06-26T03:06:17.308816,61572.656,103728.012,0.801,5814.953,121963.844,0.02,0.0
439.853,2026-06-26T03:06:17.359795,61572.656,103728.012,0.79,5814.954,121963.844,0.02,0.0
439.904,2026-06-26T03:06:17.410790,61572.656,103728.012,0.783,5814.955,121963.844,0.02,0.0
439.955,2026-06-26T03:06:17.461796,61572.656,103728.012,0.824,5814.956,121963.844,0.02,0.0
440.006,2026-06-26T03:06:17.512788,61572.656,103728.012,0.807,5814.957,121963.844,0.02,0.0
440.057,2026-06-26T03:06:17.563767,61572.656,103728.012,0.794,5814.958,121963.844,0.02,0.0
440.108,2026-06-26T03:06:17.614771,61572.656,103728.012,0.786,5814.959,121963.844,0.02,0.0
440.159,2026-06-26T03:06:17.665744,61572.656,103728.012,0.78,5814.96,121963.844,0.02,0.0
440.21,2026-06-26T03:06:17.716782,61572.633,103728.012,0.776,5814.961,121963.844,0.02,0.0
440.261,2026-06-26T03:06:17.767748,61572.652,103728.012,0.819,5814.962,121963.844,0.02,0.0
440.312,2026-06-26T03:06:17.818752,61572.652,103728.012,0.803,5814.963,121963.844,0.02,0.0
440.363,2026-06-26T03:06:17.869735,61572.652,103728.012,0.792,5814.964,121963.844,0.02,0.0
440.414,2026-06-26T03:06:17.920743,61572.652,103728.012,0.784,5814.965,121963.844,0.02,0.0
440.465,2026-06-26T03:06:17.971745,61572.652,103728.012,0.779,5814.966,121963.844,0.02,0.0
440.516,2026-06-26T03:06:18.022732,61572.652,103728.012,0.821,5814.967,121963.844,0.02,0.0
440.567,2026-06-26T03:06:18.073725,61572.652,103728.012,0.804,5814.968,121963.844,0.02,0.0
440.618,2026-06-26T03:06:18.124729,61572.652,103728.012,0.793,5814.969,121963.844,0.02,0.0
440.669,2026-06-26T03:06:18.175700,61572.652,103728.012,0.785,5814.97,121963.844,0.02,0.0
440.72,2026-06-26T03:06:18.226720,61572.652,103728.012,0.779,5814.971,121963.844,0.02,0.0
440.771,2026-06-26T03:06:18.277692,61572.652,103728.012,0.821,5814.972,121963.844,0.02,0.0
440.822,2026-06-26T03:06:18.328690,61572.652,103728.012,0.805,5814.973,121963.844,0.02,0.0
440.873,2026-06-26T03:06:18.379679,61572.652,103728.012,0.793,5814.974,121963.844,0.02,0.0
440.924,2026-06-26T03:06:18.430684,61572.652,103728.012,0.785,5814.975,121963.844,0.02,0.0
440.975,2026-06-26T03:06:18.481670,61572.652,103728.012,0.779,5814.976,121963.844,0.02,0.0
441.026,2026-06-26T03:06:18.532668,61572.652,103728.012,0.775,5814.977,121963.844,0.02,0.0
441.077,2026-06-26T03:06:18.583632,61572.652,103728.012,0.818,5814.978,121963.844,0.02,0.0
441.128,2026-06-26T03:06:18.634630,61572.652,103728.012,0.803,5814.979,121963.844,0.02,0.0
441.179,2026-06-26T03:06:18.685615,61572.652,103728.012,0.792,5814.98,121963.844,0.02,0.0
441.23,2026-06-26T03:06:18.736621,61572.652,103728.012,0.784,5814.981,121963.844,0.02,0.0
441.281,2026-06-26T03:06:18.787613,61572.652,103728.012,0.825,5814.982,121963.844,0.02,0.0
441.332,2026-06-26T03:06:18.838610,61575.664,103728.012,0.807,5814.983,121963.844,0.02,0.0
441.383,2026-06-26T03:06:18.889620,61575.086,103728.012,0.84,5814.984,121963.844,0.02,0.0
441.434,2026-06-26T03:06:18.940619,61573.77,103728.012,0.818,5814.985,121963.844,0.02,0.0
441.485,2026-06-26T03:06:18.991598,61573.773,103728.012,0.802,5814.986,121963.844,0.02,0.0
441.536,2026-06-26T03:06:19.042604,61573.23,103728.012,0.792,5814.987,121963.844,0.02,0.0
441.587,2026-06-26T03:06:19.093596,61573.23,103728.012,0.784,5814.988,121963.844,0.02,0.0
441.638,2026-06-26T03:06:19.144625,61580.773,103728.012,0.779,5814.989,121963.844,0.02,0.0
441.689,2026-06-26T03:06:19.195601,61572.762,103728.012,0.772,5814.99,121963.844,0.02,0.0
441.741,2026-06-26T03:06:19.247348,61563.16,103728.012,0.77,5814.991,121963.844,0.02,0.0
441.792,2026-06-26T03:06:19.298349,61561.109,103728.012,0.769,5814.992,121963.844,0.02,0.0
441.843,2026-06-26T03:06:19.349309,61561.109,103728.012,0.768,5814.993,121963.844,0.02,0.0
441.894,2026-06-26T03:06:19.400277,61561.109,103728.012,0.768,5814.994,121963.844,0.02,0.0
441.944,2026-06-26T03:06:19.451227,61561.109,103728.012,0.767,5814.995,121963.844,0.02,0.0
441.995,2026-06-26T03:06:19.502221,61561.109,103728.012,0.767,5814.996,121963.844,0.02,0.0
442.046,2026-06-26T03:06:19.553197,61561.109,103728.012,0.767,5814.997,121963.844,0.02,0.0
442.097,2026-06-26T03:06:19.604191,61561.109,103728.012,0.766,5814.998,121963.844,0.02,0.0
442.148,2026-06-26T03:06:19.655170,61561.109,103728.012,0.812,5814.999,121963.844,0.02,0.0
442.199,2026-06-26T03:06:19.706123,61560.566,103728.012,0.845,5815.0,121963.844,0.02,0.0
442.25,2026-06-26T03:06:19.757110,61559.527,103728.012,0.821,5815.001,121963.844,0.02,0.0
442.301,2026-06-26T03:06:19.808094,61559.527,103728.012,0.805,5815.002,121963.844,0.02,0.0
442.352,2026-06-26T03:06:19.859070,61559.52,103728.012,0.793,5815.003,121963.844,0.02,0.0
442.403,2026-06-26T03:06:19.910043,61559.52,103728.012,0.785,5815.004,121963.844,0.02,0.0
442.454,2026-06-26T03:06:19.961031,61559.52,103728.012,0.779,5815.005,121963.844,0.02,0.0
442.576,2026-06-26T03:06:20.082402,61559.523,103728.012,0.913,5815.356,121963.844,2.898,0.0
442.626,2026-06-26T03:06:20.132808,61559.523,103728.012,0.871,5815.357,121963.844,0.02,0.0
442.677,2026-06-26T03:06:20.183414,61559.523,103728.012,0.841,5815.358,121963.844,0.02,0.0
442.727,2026-06-26T03:06:20.234031,61559.527,103728.012,0.82,5815.359,121963.844,0.02,0.0
442.778,2026-06-26T03:06:20.284796,61559.527,103728.012,0.804,5815.36,121963.844,0.02,0.0
442.829,2026-06-26T03:06:20.335741,61559.527,103728.012,0.839,5815.361,121963.844,0.02,0.0
442.88,2026-06-26T03:06:20.386752,61559.527,103728.012,0.817,5815.362,121963.844,0.02,0.0
442.931,2026-06-26T03:06:20.437744,61559.527,103728.012,0.802,5815.363,121963.844,0.02,0.0
442.982,2026-06-26T03:06:20.488765,61558.988,103728.012,0.837,5815.364,121963.844,0.02,0.0
443.033,2026-06-26T03:06:20.539746,61558.941,103728.012,0.816,5815.365,121963.844,0.02,0.0
443.084,2026-06-26T03:06:20.590751,61558.949,103728.012,0.801,5815.366,121963.844,0.02,0.0
443.135,2026-06-26T03:06:20.641734,61558.961,103728.012,0.79,5815.367,121963.844,0.02,0.0
443.186,2026-06-26T03:06:20.692740,61558.961,103728.012,0.783,5815.368,121963.844,0.02,0.0
443.237,2026-06-26T03:06:20.743743,61558.961,103728.012,0.778,5815.369,121963.844,0.02,0.0
443.288,2026-06-26T03:06:20.794739,61558.965,103728.012,0.82,5815.37,121963.844,0.02,0.0
443.339,2026-06-26T03:06:20.845722,61558.965,103728.012,0.85,5815.371,121963.844,0.02,0.0
443.39,2026-06-26T03:06:20.896735,61558.965,103728.012,0.825,5815.372,121963.844,0.02,0.0
443.441,2026-06-26T03:06:20.947725,61558.965,103728.012,0.807,5815.373,121963.844,0.02,0.0
443.492,2026-06-26T03:06:20.998739,61558.941,103728.012,0.795,5815.374,121963.844,0.02,0.0
443.543,2026-06-26T03:06:21.049731,61558.945,103728.012,0.786,5815.375,121963.844,0.02,0.0
443.594,2026-06-26T03:06:21.100724,61558.957,103728.012,0.78,5815.376,121963.844,0.02,0.0
443.645,2026-06-26T03:06:21.151715,61558.957,103728.012,0.776,5815.377,121963.844,0.02,0.0
443.696,2026-06-26T03:06:21.202721,61558.957,103728.012,0.773,5815.378,121963.844,0.02,0.0
443.747,2026-06-26T03:06:21.253703,61558.957,103728.012,0.771,5815.379,121963.844,0.02,0.0
443.798,2026-06-26T03:06:21.304715,61558.957,103728.012,0.769,5815.38,121963.844,0.02,0.0
443.849,2026-06-26T03:06:21.355646,61558.957,103728.012,0.814,5815.381,121963.844,0.02,0.0
443.9,2026-06-26T03:06:21.406660,61558.957,103728.012,0.8,5815.382,121963.844,0.02,0.0
443.951,2026-06-26T03:06:21.457638,61558.957,103728.012,0.79,5815.383,121963.844,0.02,0.0
444.002,2026-06-26T03:06:21.508649,61558.957,103728.012,0.782,5815.384,121963.844,0.02,0.0
444.053,2026-06-26T03:06:21.559631,61558.957,103728.012,0.824,5815.385,121963.844,0.02,0.0
444.104,2026-06-26T03:06:21.610640,61558.957,103728.012,0.806,5815.386,121963.844,0.02,0.0
444.155,2026-06-26T03:06:21.661649,61558.957,103728.012,0.794,5815.387,121963.844,0.02,0.0
444.206,2026-06-26T03:06:21.712644,61558.957,103728.012,0.786,5815.388,121963.844,0.02,0.0
444.257,2026-06-26T03:06:21.763628,61558.957,103728.012,0.78,5815.389,121963.844,0.02,0.0
444.308,2026-06-26T03:06:21.814640,61558.957,103728.012,0.776,5815.39,121963.844,0.02,0.0
444.359,2026-06-26T03:06:21.865629,61558.957,103728.012,0.865,5815.391,121963.844,0.02,0.0
444.41,2026-06-26T03:06:21.916654,61558.957,103728.012,0.835,5815.392,121963.844,0.02,0.0
444.461,2026-06-26T03:06:21.967647,61558.957,103728.012,0.814,5815.393,121963.844,0.02,0.0
444.512,2026-06-26T03:06:22.018597,61558.957,103728.012,0.8,5815.394,121963.844,0.02,0.0
444.563,2026-06-26T03:06:22.069579,61558.957,103728.012,0.79,5815.395,121963.844,0.02,0.0
444.614,2026-06-26T03:06:22.120583,61565.508,103728.012,0.829,5815.396,121963.844,0.02,0.0
444.665,2026-06-26T03:06:22.171575,61566.469,103728.012,0.81,5815.397,121963.844,0.02,0.0
444.716,2026-06-26T03:06:22.222583,61565.242,103728.012,0.797,5815.398,121963.844,0.02,0.0
444.767,2026-06-26T03:06:22.273553,61565.246,103728.012,0.787,5815.399,121963.844,0.02,0.0
444.818,2026-06-26T03:06:22.324572,61565.246,103728.012,0.781,5815.4,121963.844,0.02,0.0
444.869,2026-06-26T03:06:22.375533,61565.25,103728.012,0.777,5815.401,121963.844,0.02,0.0
444.92,2026-06-26T03:06:22.426505,61566.098,103728.012,0.774,5815.402,121963.844,0.02,0.0
444.971,2026-06-26T03:06:22.477458,61567.105,103728.012,0.771,5815.403,121963.844,0.02,0.0
445.022,2026-06-26T03:06:22.528455,61566.414,103728.012,0.816,5815.404,121963.844,0.02,0.0
445.073,2026-06-26T03:06:22.579447,61563.836,103728.012,0.801,5815.405,121963.844,0.02,0.0
445.124,2026-06-26T03:06:22.630439,61563.867,103728.012,0.791,5815.406,121963.844,0.02,0.0
445.175,2026-06-26T03:06:22.681412,61563.867,103728.012,0.783,5815.407,121963.844,0.02,0.0
445.226,2026-06-26T03:06:22.732426,61563.367,103728.012,0.778,5815.408,121963.844,0.02,0.0
445.277,2026-06-26T03:06:22.783415,61560.918,103728.012,0.774,5815.409,121963.844,0.02,0.0
445.328,2026-06-26T03:06:22.834440,61560.91,103728.012,0.772,5815.41,121963.844,0.02,0.0
445.379,2026-06-26T03:06:22.885405,61560.91,103728.012,0.77,5815.411,121963.844,0.02,0.0
445.43,2026-06-26T03:06:22.936406,61560.91,103728.012,0.769,5815.412,121963.844,0.02,0.0
445.481,2026-06-26T03:06:22.987384,61560.918,103728.012,0.814,5815.413,121963.844,0.02,0.0
445.532,2026-06-26T03:06:23.038391,61560.918,103728.012,0.799,5815.414,121963.844,0.02,0.0
445.583,2026-06-26T03:06:23.089387,61560.98,103728.012,0.79,5815.415,121963.844,0.02,0.0
445.634,2026-06-26T03:06:23.140374,61560.98,103728.012,0.783,5815.416,121963.844,0.02,0.0
445.685,2026-06-26T03:06:23.191348,61560.98,103728.012,0.778,5815.417,121963.844,0.02,0.0
445.736,2026-06-26T03:06:23.242356,61560.98,103728.012,0.82,5815.418,121963.844,0.02,0.0
445.787,2026-06-26T03:06:23.293330,61560.98,103728.012,0.804,5815.419,121963.844,0.02,0.0
445.838,2026-06-26T03:06:23.344299,61556.969,103728.012,0.839,5815.42,121963.844,0.02,0.0
445.888,2026-06-26T03:06:23.395244,61556.977,103728.012,0.817,5815.421,121963.844,0.02,0.0
445.939,2026-06-26T03:06:23.446241,61556.977,103728.012,0.802,5815.422,121963.844,0.02,0.0
445.99,2026-06-26T03:06:23.497201,61556.977,103728.012,0.791,5815.423,121963.844,0.02,0.0
446.041,2026-06-26T03:06:23.548210,61556.961,103728.012,0.783,5815.424,121963.844,0.02,0.0
446.092,2026-06-26T03:06:23.599190,61556.977,103728.012,0.824,5815.425,121963.844,0.02,0.0
446.143,2026-06-26T03:06:23.650133,61556.977,103728.012,0.807,5815.426,121963.844,0.02,0.0
446.194,2026-06-26T03:06:23.701122,61556.977,103728.012,0.795,5815.427,121963.844,0.02,0.0
446.245,2026-06-26T03:06:23.752120,61556.977,103728.012,0.786,5815.428,121963.844,0.02,0.0
446.296,2026-06-26T03:06:23.803116,61556.977,103728.012,0.78,5815.429,121963.844,0.02,0.0
446.347,2026-06-26T03:06:23.854099,61556.977,103728.012,0.776,5815.43,121963.844,0.02,0.0
446.398,2026-06-26T03:06:23.905094,61556.977,103728.012,0.819,5815.431,121963.844,0.02,0.0
446.449,2026-06-26T03:06:23.956060,61556.977,103728.012,0.803,5815.432,121963.844,0.02,0.0
446.5,2026-06-26T03:06:24.007085,61556.977,103728.012,0.792,5815.433,121963.844,0.02,0.0
446.551,2026-06-26T03:06:24.058063,61556.977,103728.012,0.784,5815.434,121963.844,0.02,0.0
446.602,2026-06-26T03:06:24.109053,61556.977,103728.012,0.825,5815.435,121963.844,0.02,0.0
446.653,2026-06-26T03:06:24.160023,61556.539,103728.012,0.853,5815.436,121963.844,0.02,0.0
446.704,2026-06-26T03:06:24.211018,61556.523,103728.012,0.827,5815.437,121963.844,0.02,0.0
446.755,2026-06-26T03:06:24.262021,61556.496,103728.012,0.809,5815.438,121963.844,0.02,0.0
446.806,2026-06-26T03:06:24.313014,61556.484,103728.012,0.796,5815.439,121963.844,0.02,0.0
446.857,2026-06-26T03:06:24.363990,61556.484,103728.012,0.787,5815.44,121963.844,0.02,0.0
446.908,2026-06-26T03:06:24.414987,61556.484,103728.012,0.781,5815.441,121963.844,0.02,0.0
446.959,2026-06-26T03:06:24.465965,61557.691,103728.012,0.776,5815.442,121963.844,0.02,0.0
447.01,2026-06-26T03:06:24.516980,61557.691,103728.012,0.773,5815.443,121963.844,0.02,0.0
447.061,2026-06-26T03:06:24.567948,61557.691,103728.012,0.771,5815.444,121963.844,0.02,0.0
447.112,2026-06-26T03:06:24.618939,61557.691,103728.012,0.77,5815.445,121963.844,0.02,0.0
447.163,2026-06-26T03:06:24.669921,61557.691,103728.012,0.769,5815.446,121963.844,0.02,0.0
447.214,2026-06-26T03:06:24.720927,61557.691,103728.012,0.768,5815.447,121963.844,0.02,0.0
447.265,2026-06-26T03:06:24.771916,61557.691,103728.012,0.813,5815.448,121963.844,0.02,0.0
447.316,2026-06-26T03:06:24.822920,61557.691,103728.012,0.799,5815.449,121963.844,0.02,0.0
447.367,2026-06-26T03:06:24.873890,61557.691,103728.012,0.835,5815.45,121963.844,0.02,0.0
447.418,2026-06-26T03:06:24.924900,61557.691,103728.012,0.814,5815.451,121963.844,0.02,0.0
447.469,2026-06-26T03:06:24.975881,61557.691,103728.012,0.797,5815.452,121963.844,0.02,0.0
447.59,2026-06-26T03:06:25.097205,61557.691,103728.012,0.928,5815.803,121963.844,2.916,0.0
447.641,2026-06-26T03:06:25.147615,61557.691,103728.012,0.881,5815.804,121963.844,0.02,0.0
447.691,2026-06-26T03:06:25.198199,61557.691,103728.012,0.849,5815.805,121963.844,0.02,0.0
447.742,2026-06-26T03:06:25.248796,61557.691,103728.012,0.825,5815.806,121963.844,0.02,0.0
447.793,2026-06-26T03:06:25.299575,61557.691,103728.012,0.808,5815.807,121963.844,0.02,0.0
447.844,2026-06-26T03:06:25.350502,61553.711,103728.012,0.796,5815.808,121963.844,0.02,0.0
447.895,2026-06-26T03:06:25.401504,61553.711,103728.012,0.787,5815.809,121963.844,0.02,0.0
447.946,2026-06-26T03:06:25.452484,61547.703,103728.012,0.781,5815.81,121963.844,0.02,0.0
447.997,2026-06-26T03:06:25.503499,61547.703,103728.012,0.776,5815.811,121963.844,0.02,0.0
448.048,2026-06-26T03:06:25.554496,61547.703,103728.012,0.773,5815.812,121963.844,0.02,0.0
448.099,2026-06-26T03:06:25.605527,61547.73,103728.012,0.863,5815.813,121963.844,0.02,0.0
448.15,2026-06-26T03:06:25.656491,61547.73,103728.012,0.834,5815.814,121963.844,0.02,0.0
448.201,2026-06-26T03:06:25.707502,61547.73,103728.012,0.813,5815.815,121963.844,0.02,0.0
448.252,2026-06-26T03:06:25.758486,61547.73,103728.012,0.799,5815.816,121963.844,0.02,0.0
448.303,2026-06-26T03:06:25.809489,61547.73,103728.012,0.789,5815.817,121963.844,0.02,0.0
448.354,2026-06-26T03:06:25.860483,61547.73,103728.012,0.782,5815.818,121963.844,0.02,0.0
448.405,2026-06-26T03:06:25.911490,61547.312,103728.012,0.777,5815.819,121963.844,0.02,0.0
448.456,2026-06-26T03:06:25.962465,61547.004,103728.012,0.774,5815.82,121963.844,0.02,0.0
448.507,2026-06-26T03:06:26.013468,61544.07,103728.012,0.772,5815.821,121963.844,0.02,0.0
448.558,2026-06-26T03:06:26.064483,61544.07,103728.012,0.77,5815.822,121963.844,0.02,0.0
448.609,2026-06-26T03:06:26.115498,61544.07,103728.012,0.814,5815.823,121963.844,0.02,0.0
448.66,2026-06-26T03:06:26.166477,61544.07,103728.012,0.8,5815.824,121963.844,0.02,0.0
448.711,2026-06-26T03:06:26.217478,61544.07,103728.012,0.836,5815.825,121963.844,0.02,0.0
448.762,2026-06-26T03:06:26.268474,61544.07,103728.012,0.815,5815.826,121963.844,0.02,0.0
448.813,2026-06-26T03:06:26.319492,61544.07,103728.012,0.8,5815.827,121963.844,0.02,0.0
448.864,2026-06-26T03:06:26.370478,61542.793,103728.012,0.79,5815.828,121963.844,0.02,0.0
448.915,2026-06-26T03:06:26.421491,61540.379,103728.012,0.783,5815.829,121963.926,0.02,1.617
448.966,2026-06-26T03:06:26.472473,61540.379,103728.012,0.778,5815.83,121965.145,0.023,23.866
449.017,2026-06-26T03:06:26.523485,61540.379,103728.012,0.774,5815.832,121965.145,0.029,0.0
449.068,2026-06-26T03:06:26.574418,61540.379,103728.012,0.772,5815.833,121965.145,0.026,0.0
449.119,2026-06-26T03:06:26.625389,61540.379,103728.012,0.54,5815.834,121965.145,0.02,0.0
449.17,2026-06-26T03:06:26.676297,61540.379,103728.012,0.378,5815.835,121965.145,0.02,0.0
449.22,2026-06-26T03:06:26.727206,61540.379,103728.012,0.265,5815.836,121965.145,0.02,0.0
449.271,2026-06-26T03:06:26.778122,61540.379,103728.012,0.185,5815.837,121965.145,0.02,0.0
449.322,2026-06-26T03:06:26.829043,61540.379,103728.012,0.13,5815.838,121965.145,0.02,0.0
449.373,2026-06-26T03:06:26.879989,61540.379,103728.012,0.137,5815.883,121965.163,0.883,0.36
449.424,2026-06-26T03:06:26.930928,61540.379,103728.012,0.096,5815.884,121965.163,0.02,0.0
449.475,2026-06-26T03:06:26.981876,61540.379,103728.012,0.113,5815.885,121965.163,0.02,0.0
449.526,2026-06-26T03:06:27.032826,61540.379,103728.012,0.079,5815.886,121965.163,0.02,0.0
449.577,2026-06-26T03:06:27.083760,61540.379,103728.012,0.055,5815.887,121965.163,0.02,0.0
449.628,2026-06-26T03:06:27.134664,61532.031,103728.012,0.085,5816.196,121965.383,6.062,4.325
449.679,2026-06-26T03:06:27.185579,61532.031,103728.012,0.059,5816.464,121966.221,5.289,16.549
449.729,2026-06-26T03:06:27.236167,61591.055,109978.465,0.273,5816.875,121966.986,8.134,15.121
449.78,2026-06-26T03:06:27.286754,62028.59,121382.371,0.423,5816.876,121966.986,0.02,0.0
449.831,2026-06-26T03:06:27.337480,62685.34,121382.371,0.527,5816.877,121966.986,0.02,0.0
449.882,2026-06-26T03:06:27.388345,63337.027,121382.371,0.599,5816.878,121966.986,0.02,0.0
449.933,2026-06-26T03:06:27.439322,64003.215,121382.371,0.649,5816.879,121966.986,0.02,0.0
449.984,2026-06-26T03:06:27.490275,64669.527,121382.371,0.684,5816.88,121966.986,0.02,0.0
450.034,2026-06-26T03:06:27.541226,65333.828,121382.371,0.709,5816.881,121966.986,0.02,0.0
450.085,2026-06-26T03:06:27.592213,65997.379,121382.371,0.772,5816.882,121966.986,0.02,0.0
450.136,2026-06-26T03:06:27.643126,66657.523,121382.371,0.724,5816.883,121966.986,0.02,0.0
450.187,2026-06-26T03:06:27.694100,67323.027,121382.371,0.783,5816.885,121966.986,0.02,0.0
450.238,2026-06-26T03:06:27.745081,67986.988,121382.371,0.778,5816.886,121966.986,0.02,0.0
450.289,2026-06-26T03:06:27.796048,68651.215,121382.371,0.728,5816.887,121966.986,0.02,0.0
450.34,2026-06-26T03:06:27.847051,69317.418,121382.371,0.786,5816.888,121966.986,0.02,0.0
450.391,2026-06-26T03:06:27.897981,69968.719,125874.371,1.196,5816.889,121968.002,0.02,20.016
450.442,2026-06-26T03:06:27.948670,70504.043,126580.621,3.05,5816.89,121983.627,0.02,307.012
450.493,2026-06-26T03:06:27.999672,70943.672,126950.371,3.832,5816.891,121989.877,0.02,122.26
450.544,2026-06-26T03:06:28.050794,70965.758,126886.371,4.333,5816.892,121989.877,0.02,0.0
450.595,2026-06-26T03:06:28.101897,70770.242,126694.371,4.454,5816.893,121989.877,0.02,0.0
450.646,2026-06-26T03:06:28.153017,70693.113,126406.371,4.586,5816.894,121989.877,0.02,0.0
450.697,2026-06-26T03:06:28.204075,70612.242,126346.371,4.635,5816.895,121989.877,0.02,0.0
450.748,2026-06-26T03:06:28.255054,70470.008,126122.371,4.67,5816.896,121989.877,0.02,0.0
450.799,2026-06-26T03:06:28.306031,70426.852,126006.871,4.372,5816.897,122014.877,0.02,490.28
450.85,2026-06-26T03:06:28.357010,70402.742,125923.371,3.981,5816.898,122064.877,0.02,981.298
450.901,2026-06-26T03:06:28.407977,70317.867,125777.371,3.706,5816.899,122089.877,0.02,490.158
450.952,2026-06-26T03:06:28.458977,70227.992,125643.871,3.238,5816.9,122127.377,0.02,735.757
451.003,2026-06-26T03:06:28.509936,70264.496,125643.871,2.68,5816.901,122127.377,0.02,0.0
451.054,2026-06-26T03:06:28.560921,70263.699,125606.371,2.244,5816.902,122164.877,0.02,735.392
451.105,2026-06-26T03:06:28.611899,70300.496,125606.371,1.801,5816.903,122164.877,0.02,0.0
451.156,2026-06-26T03:06:28.662873,70337.484,125606.371,1.536,5816.904,122164.877,0.02,0.0
451.207,2026-06-26T03:06:28.713844,70374.434,125606.371,1.305,5816.905,122164.877,0.02,0.0
451.258,2026-06-26T03:06:28.764831,70411.445,125606.371,1.144,5816.906,122164.877,0.02,0.0
451.309,2026-06-26T03:06:28.815799,70448.16,125606.371,1.03,5816.907,122164.877,0.02,0.0
451.36,2026-06-26T03:06:28.866924,70485.195,125606.371,0.951,5816.908,122164.877,0.02,0.0
451.411,2026-06-26T03:06:28.917902,70522.133,125606.371,0.895,5816.909,122164.877,0.02,0.0
451.462,2026-06-26T03:06:28.968885,70558.957,125606.371,0.857,5816.91,122164.877,0.02,0.0
451.513,2026-06-26T03:06:29.019853,70595.891,125606.371,0.83,5816.911,122164.877,0.02,0.0
451.564,2026-06-26T03:06:29.070837,70632.809,125606.371,0.81,5816.912,122164.877,0.02,0.0
451.615,2026-06-26T03:06:29.121833,70669.699,125606.371,0.797,5816.913,122164.877,0.02,0.0
451.666,2026-06-26T03:06:29.172808,70706.707,125606.371,0.788,5816.914,122164.877,0.02,0.0
451.717,2026-06-26T03:06:29.223779,70743.562,125606.371,0.827,5816.915,122164.877,0.02,0.0
451.768,2026-06-26T03:06:29.274782,70780.496,125606.371,0.855,5816.917,122164.877,0.02,0.0
451.819,2026-06-26T03:06:29.325748,70817.215,125606.371,0.782,5816.918,122164.877,0.02,0.0
451.87,2026-06-26T03:06:29.376764,70853.996,125606.371,0.824,5816.919,122164.877,0.02,0.0
451.921,2026-06-26T03:06:29.427730,70890.566,125606.371,0.852,5816.92,122164.877,0.02,0.0
451.972,2026-06-26T03:06:29.478716,70927.148,125606.371,0.827,5816.921,122164.877,0.02,0.0
452.023,2026-06-26T03:06:29.529691,70963.789,125606.371,0.808,5816.922,122164.877,0.02,0.0
452.074,2026-06-26T03:06:29.580685,71000.371,125606.371,0.796,5816.923,122164.877,0.02,0.0
452.125,2026-06-26T03:06:29.631676,71036.883,125606.371,0.833,5816.924,122164.877,0.02,0.0
452.176,2026-06-26T03:06:29.682656,71073.391,125606.371,0.813,5816.925,122164.877,0.02,0.0
452.227,2026-06-26T03:06:29.733620,71109.977,125606.371,0.799,5816.926,122164.877,0.02,0.0
452.278,2026-06-26T03:06:29.784618,71146.496,125606.371,0.789,5816.927,122164.877,0.02,0.0
452.329,2026-06-26T03:06:29.835607,71182.996,125606.371,0.736,5816.928,122164.877,0.02,0.0
452.38,2026-06-26T03:06:29.886618,71219.742,125606.371,0.791,5816.929,122164.877,0.02,0.0
452.431,2026-06-26T03:06:29.937585,71256.422,125606.371,0.784,5816.93,122164.877,0.02,0.0
452.482,2026-06-26T03:06:29.988569,71292.973,125606.371,0.778,5816.931,122164.877,0.02,0.0
452.604,2026-06-26T03:06:30.110601,71380.016,125606.371,0.911,5817.281,122164.877,2.882,0.0
452.654,2026-06-26T03:06:30.161029,71416.469,125606.371,0.869,5817.282,122164.877,0.02,0.0
452.705,2026-06-26T03:06:30.211691,71452.734,125606.371,0.886,5817.283,122164.877,0.02,0.0
452.756,2026-06-26T03:06:30.262407,71489.125,125606.371,0.851,5817.284,122164.877,0.02,0.0
452.806,2026-06-26T03:06:30.313228,71525.551,125606.371,0.872,5817.285,122164.877,0.02,0.0
452.857,2026-06-26T03:06:30.364024,71562.184,125606.371,0.841,5817.287,122164.877,0.02,0.0
452.908,2026-06-26T03:06:30.414992,71598.996,125606.371,0.818,5817.288,122164.877,0.02,0.0
452.959,2026-06-26T03:06:30.466011,71635.555,125606.371,0.803,5817.289,122164.877,0.02,0.0
453.01,2026-06-26T03:06:30.516988,71672.238,125606.371,0.792,5817.29,122164.877,0.02,0.0
453.061,2026-06-26T03:06:30.567976,71708.715,125606.371,0.784,5817.291,122164.877,0.02,0.0
453.112,2026-06-26T03:06:30.618950,71745.227,125606.371,0.779,5817.292,122164.877,0.02,0.0
453.163,2026-06-26T03:06:30.669934,71781.535,125606.371,0.821,5817.293,122164.877,0.02,0.0
453.214,2026-06-26T03:06:30.720927,71818.695,125606.371,0.851,5817.294,122164.877,0.02,0.0
453.265,2026-06-26T03:06:30.771921,71856.492,125606.371,0.825,5817.295,122164.877,0.02,0.0
453.316,2026-06-26T03:06:30.822897,71894.168,125606.371,0.807,5817.296,122164.877,0.02,0.0
453.367,2026-06-26T03:06:30.873898,71931.93,125606.371,0.795,5817.297,122164.877,0.02,0.0
453.418,2026-06-26T03:06:30.924864,71969.719,125606.371,0.787,5817.298,122164.877,0.02,0.0
453.469,2026-06-26T03:06:30.975872,72007.543,125606.371,0.78,5817.299,122164.877,0.02,0.0
453.52,2026-06-26T03:06:31.026837,72045.418,125606.371,0.776,5817.3,122164.877,0.02,0.0
453.571,2026-06-26T03:06:31.077840,72083.277,125606.371,0.819,5817.301,122164.877,0.02,0.0
453.622,2026-06-26T03:06:31.128829,72121.012,125606.371,0.757,5817.302,122164.877,0.02,0.0
453.673,2026-06-26T03:06:31.179819,72158.684,125606.371,0.76,5817.303,122164.877,0.02,0.0
453.724,2026-06-26T03:06:31.230807,72196.496,125606.371,0.808,5817.304,122164.877,0.02,0.0
453.775,2026-06-26T03:06:31.281807,72234.348,125606.371,0.749,5817.305,122164.877,0.02,0.0
453.826,2026-06-26T03:06:31.332782,72272.082,125606.371,0.754,5817.306,122164.877,0.02,0.0
453.877,2026-06-26T03:06:31.383781,72309.996,125606.371,0.758,5817.307,122164.877,0.02,0.0
453.928,2026-06-26T03:06:31.434763,72347.82,125606.371,0.76,5817.308,122164.877,0.02,0.0
453.979,2026-06-26T03:06:31.485791,72385.539,125606.371,0.808,5817.309,122164.877,0.02,0.0
454.03,2026-06-26T03:06:31.536763,72423.379,125606.371,0.796,5817.31,122164.877,0.02,0.0
454.081,2026-06-26T03:06:31.587766,72461.254,125606.371,0.832,5817.311,122164.877,0.02,0.0
454.132,2026-06-26T03:06:31.638750,72499.027,125606.371,0.905,5817.312,122164.877,0.02,0.0
454.183,2026-06-26T03:06:31.689734,72537.043,125606.371,0.817,5817.313,122164.877,0.02,0.0
454.234,2026-06-26T03:06:31.740704,72574.844,125606.371,0.802,5817.314,122164.877,0.02,0.0
454.285,2026-06-26T03:06:31.791753,72612.836,125606.371,0.837,5817.316,122164.877,0.02,0.0
454.336,2026-06-26T03:06:31.842784,72650.496,125606.371,0.815,5817.317,122164.877,0.02,0.0
454.387,2026-06-26T03:06:31.893881,72688.344,125606.371,0.8,5817.318,122164.877,0.02,0.0
454.438,2026-06-26T03:06:31.944917,72726.051,125606.371,0.79,5817.319,122164.877,0.02,0.0
454.489,2026-06-26T03:06:31.995971,72763.945,125606.371,0.783,5817.32,122164.877,0.02,0.0
454.54,2026-06-26T03:06:32.047000,72801.812,125606.371,0.777,5817.321,122164.877,0.02,0.0
454.591,2026-06-26T03:06:32.098059,72839.688,125606.371,0.774,5817.322,122164.877,0.02,0.0
454.642,2026-06-26T03:06:32.149100,72877.531,125606.371,0.771,5817.323,122164.877,0.02,0.0
454.693,2026-06-26T03:06:32.200171,72915.496,125606.371,0.77,5817.324,122164.877,0.02,0.0
454.744,2026-06-26T03:06:32.251218,72953.336,125606.371,0.814,5817.325,122164.877,0.02,0.0
454.795,2026-06-26T03:06:32.302226,72991.02,125606.371,0.754,5817.326,122164.877,0.02,0.0
454.846,2026-06-26T03:06:32.353243,73028.961,125606.371,0.803,5817.327,122164.877,0.02,0.0
454.897,2026-06-26T03:06:32.404259,73066.625,125606.371,0.792,5817.328,122164.877,0.02,0.0
454.948,2026-06-26T03:06:32.455262,73104.496,125606.371,0.784,5817.329,122164.877,0.02,0.0
454.999,2026-06-26T03:06:32.506267,73142.375,125606.371,0.779,5817.33,122164.877,0.02,0.0
455.051,2026-06-26T03:06:32.557283,73180.309,125606.371,0.775,5817.331,122164.877,0.02,0.0
455.102,2026-06-26T03:06:32.608297,73218.168,125606.371,0.818,5817.332,122164.877,0.02,0.0
455.153,2026-06-26T03:06:32.659296,73255.996,125606.371,0.802,5817.333,122164.877,0.02,0.0
455.204,2026-06-26T03:06:32.710347,73294.0,125606.371,0.883,5817.334,122164.877,0.02,0.0
455.255,2026-06-26T03:06:32.761382,73332.0,125606.371,0.847,5817.335,122164.877,0.02,0.0
455.306,2026-06-26T03:06:32.812476,73369.996,125606.371,0.823,5817.336,122164.877,0.02,0.0
455.357,2026-06-26T03:06:32.863515,73407.926,125606.371,0.806,5817.337,122164.877,0.02,0.0
455.408,2026-06-26T03:06:32.914571,73442.852,125606.371,0.747,5817.338,122164.877,0.02,0.0
455.459,2026-06-26T03:06:32.965610,73480.629,125606.371,0.799,5817.339,122164.877,0.02,0.0
455.51,2026-06-26T03:06:33.016668,73518.496,125606.371,0.788,5817.34,122164.877,0.02,0.0
455.561,2026-06-26T03:06:33.067731,73556.387,125606.371,0.735,5817.341,122164.877,0.02,0.0
455.612,2026-06-26T03:06:33.118784,73594.238,125606.371,0.79,5817.342,122164.877,0.02,0.0
455.663,2026-06-26T03:06:33.169812,73631.996,125606.371,0.783,5817.343,122164.877,0.02,0.0
455.714,2026-06-26T03:06:33.220870,73669.996,125606.371,0.778,5817.345,122164.877,0.02,0.0
455.765,2026-06-26T03:06:33.271917,73707.785,125606.371,0.774,5817.346,122164.877,0.02,0.0
455.816,2026-06-26T03:06:33.322985,73736.117,125606.371,0.771,5817.347,122164.877,0.02,0.0
455.867,2026-06-26T03:06:33.373995,73765.195,125606.371,0.77,5817.348,122164.877,0.02,0.0
455.918,2026-06-26T03:06:33.425038,73796.496,125606.371,0.768,5817.349,122164.877,0.02,0.0
455.969,2026-06-26T03:06:33.476080,73828.152,125606.371,0.767,5817.35,122164.877,0.02,0.0
456.02,2026-06-26T03:06:33.527162,73863.148,125606.371,0.767,5817.351,122164.877,0.02,0.0
456.071,2026-06-26T03:06:33.578224,73900.895,125606.371,0.812,5817.352,122164.877,0.02,0.0
456.122,2026-06-26T03:06:33.629230,73067.496,125606.371,0.844,5817.353,122164.877,0.02,0.0
456.173,2026-06-26T03:06:33.680225,71599.496,125606.371,0.821,5817.354,122164.877,0.02,0.0
456.224,2026-06-26T03:06:33.731237,70135.496,125606.371,0.804,5817.355,122164.877,0.02,0.0
456.275,2026-06-26T03:06:33.782251,68673.496,125606.371,0.793,5817.356,122164.877,0.02,0.0
456.326,2026-06-26T03:06:33.833262,67211.496,125606.371,0.784,5817.357,122164.877,0.02,0.0
456.377,2026-06-26T03:06:33.884265,65741.496,125606.371,0.779,5817.358,122164.877,0.02,0.0
456.428,2026-06-26T03:06:33.935262,66383.766,125390.371,1.051,5817.359,122164.877,0.02,0.0
456.48,2026-06-26T03:06:33.986279,67077.68,125390.371,1.149,5817.36,122164.877,0.02,0.0
456.531,2026-06-26T03:06:34.037289,67766.973,125390.371,1.31,5817.361,122164.877,0.02,0.0
456.582,2026-06-26T03:06:34.088294,68456.516,125390.371,1.376,5817.362,122164.877,0.02,0.0
456.633,2026-06-26T03:06:34.139332,69152.773,125390.371,1.469,5817.363,122164.877,0.02,0.0
456.684,2026-06-26T03:06:34.190339,69846.668,125390.371,1.487,5817.364,122164.877,0.02,0.0
456.735,2026-06-26T03:06:34.241422,69928.59,127334.371,1.5,5817.365,122164.877,0.02,0.0
456.786,2026-06-26T03:06:34.292454,70007.938,127334.371,1.51,5817.366,122164.877,0.02,0.0
456.837,2026-06-26T03:06:34.343511,70092.438,127334.371,1.561,5817.367,122164.877,0.02,0.0
456.888,2026-06-26T03:06:34.394547,70176.691,127334.371,1.552,5817.368,122164.877,0.02,0.0
456.939,2026-06-26T03:06:34.445595,70261.129,127334.371,1.545,5817.369,122164.877,0.02,0.0
456.99,2026-06-26T03:06:34.496656,70345.59,127334.371,1.587,5817.37,122164.877,0.02,0.0
457.041,2026-06-26T03:06:34.547685,70430.008,127334.371,1.616,5817.371,122164.877,0.02,0.0
457.092,2026-06-26T03:06:34.598712,70514.445,127334.371,1.59,5817.372,122164.877,0.02,0.0
457.143,2026-06-26T03:06:34.649762,70598.715,127334.371,1.573,5817.374,122164.877,0.02,0.0
457.194,2026-06-26T03:06:34.700803,70682.992,127334.371,1.606,5817.375,122164.877,0.02,0.0
457.245,2026-06-26T03:06:34.751880,70767.359,127334.371,1.583,5817.376,122164.877,0.02,0.0
457.296,2026-06-26T03:06:34.802921,70852.062,127334.371,1.521,5817.377,122164.877,0.02,0.0
457.347,2026-06-26T03:06:34.853972,70936.176,127334.371,1.57,5817.378,122164.877,0.02,0.0
457.398,2026-06-26T03:06:34.905008,71020.418,127334.371,1.558,5817.379,122164.877,0.02,0.0
457.449,2026-06-26T03:06:34.956062,71104.918,127334.371,1.596,5817.38,122164.877,0.02,0.0
457.5,2026-06-26T03:06:35.007092,71188.863,127334.371,1.53,5817.381,122164.877,0.02,0.0
457.622,2026-06-26T03:06:35.128592,71388.84,127334.371,1.71,5817.731,122164.877,2.897,0.0
457.672,2026-06-26T03:06:35.179004,71471.898,127334.371,1.66,5817.732,122164.877,0.02,0.0
457.723,2026-06-26T03:06:35.229620,71555.141,127334.371,1.626,5817.733,122164.877,0.02,0.0
457.773,2026-06-26T03:06:35.280229,71638.258,127334.371,1.601,5817.734,122164.877,0.02,0.0
457.824,2026-06-26T03:06:35.330884,71721.59,127334.371,1.627,5817.735,122164.877,0.02,0.0
457.875,2026-06-26T03:06:35.381894,71805.566,127334.371,1.553,5817.736,122164.877,0.02,0.0
457.926,2026-06-26T03:06:35.432900,71889.59,127334.371,1.546,5817.737,122164.877,0.02,0.0
457.977,2026-06-26T03:06:35.483933,71973.527,127334.371,1.588,5817.738,122164.877,0.02,0.0
458.028,2026-06-26T03:06:35.534949,72057.422,127334.371,1.57,5817.74,122164.877,0.02,0.0
458.079,2026-06-26T03:06:35.586025,72141.109,127334.371,1.559,5817.741,122164.877,0.02,0.0
458.13,2026-06-26T03:06:35.637051,72224.891,127334.371,1.596,5817.742,122164.877,0.02,0.0
458.181,2026-06-26T03:06:35.688095,72308.59,127334.371,1.531,5817.743,122164.877,0.02,0.0
458.232,2026-06-26T03:06:35.739116,72392.348,127334.371,1.622,5817.744,122164.877,0.02,0.0
458.283,2026-06-26T03:06:35.790190,72476.074,127334.371,1.641,5817.745,122164.877,0.02,0.0
458.334,2026-06-26T03:06:35.841210,72559.84,127334.371,1.608,5817.746,122164.877,0.02,0.0
458.385,2026-06-26T03:06:35.892223,72643.555,127334.371,1.539,5817.747,122164.877,0.02,0.0
458.436,2026-06-26T03:06:35.943214,72726.871,127334.371,1.537,5817.748,122164.877,0.02,0.0
458.487,2026-06-26T03:06:35.994231,72810.59,127334.371,1.581,5817.749,122164.877,0.02,0.0
458.538,2026-06-26T03:06:36.045216,72894.625,127334.371,1.566,5817.75,122164.877,0.02,0.0
458.589,2026-06-26T03:06:36.096252,72978.184,127334.371,1.556,5817.751,122164.877,0.02,0.0
458.64,2026-06-26T03:06:36.147245,73062.09,127334.371,1.595,5817.752,122164.877,0.02,0.0
458.691,2026-06-26T03:06:36.198234,73145.902,127334.371,1.576,5817.753,122164.877,0.02,0.0
458.742,2026-06-26T03:06:36.249255,73229.859,127334.371,1.609,5817.754,122164.877,0.02,0.0
458.793,2026-06-26T03:06:36.300270,73313.84,127334.371,1.586,5817.755,122164.877,0.02,0.0
458.844,2026-06-26T03:06:36.351266,73397.734,127334.371,1.615,5817.756,122164.877,0.02,0.0
458.895,2026-06-26T03:06:36.402270,73481.715,127334.371,1.59,5817.757,122164.877,0.02,0.0
458.947,2026-06-26T03:06:36.453274,73565.43,127334.371,1.572,5817.758,122164.877,0.02,0.0
458.998,2026-06-26T03:06:36.504364,73649.328,127334.371,1.56,5817.759,122164.877,0.02,0.0
459.049,2026-06-26T03:06:36.555388,73733.234,127334.371,1.551,5817.76,122164.877,0.02,0.0
459.1,2026-06-26T03:06:36.606442,73817.09,127334.371,1.545,5817.761,122164.877,0.02,0.0
459.151,2026-06-26T03:06:36.657472,73901.078,127334.371,1.541,5817.762,122164.877,0.02,0.0
459.202,2026-06-26T03:06:36.708525,73984.715,127334.371,1.629,5817.763,122164.877,0.02,0.0
459.253,2026-06-26T03:06:36.759548,73128.562,127334.371,1.646,5817.764,122164.877,0.02,0.0
459.304,2026-06-26T03:06:36.810590,71697.043,127334.371,1.611,5817.765,122164.877,0.02,0.0
459.355,2026-06-26T03:06:36.861583,70269.145,127334.371,1.587,5817.766,122164.877,0.02,0.0
459.406,2026-06-26T03:06:36.912636,70969.754,129274.371,1.754,5817.768,122164.877,0.02,0.0
459.457,2026-06-26T03:06:36.963667,71707.227,129274.371,2.008,5817.769,122164.877,0.02,0.0
459.508,2026-06-26T03:06:37.014735,72442.191,129274.371,2.049,5817.77,122164.877,0.02,0.0
459.559,2026-06-26T03:06:37.065743,73183.785,129274.371,2.169,5817.771,122164.877,0.02,0.0
459.61,2026-06-26T03:06:37.116788,73927.074,129274.371,2.207,5817.772,122164.877,0.02,0.0
459.661,2026-06-26T03:06:37.167815,74654.184,129278.371,2.234,5817.773,122164.877,0.02,0.0
459.712,2026-06-26T03:06:37.218854,74758.527,131218.371,2.298,5817.774,122164.877,0.02,0.0
459.763,2026-06-26T03:06:37.269886,74880.516,131218.371,2.298,5817.775,122164.877,0.02,0.0
459.814,2026-06-26T03:06:37.320934,75007.602,131218.371,2.297,5817.776,122164.877,0.02,0.0
459.865,2026-06-26T03:06:37.371962,75134.816,131218.371,2.342,5817.777,122164.877,0.02,0.0
459.916,2026-06-26T03:06:37.423023,75262.09,131218.371,2.375,5817.778,122164.877,0.02,0.0
459.967,2026-06-26T03:06:37.474051,75389.172,131218.371,2.351,5817.779,122164.877,0.02,0.0
460.018,2026-06-26T03:06:37.525097,75516.129,131218.371,2.335,5817.78,122164.877,0.02,0.0
460.069,2026-06-26T03:06:37.576109,75643.215,131218.371,2.323,5817.781,122164.877,0.02,0.0
460.12,2026-06-26T03:06:37.627163,75770.449,131218.371,2.361,5817.782,122164.877,0.02,0.0
460.171,2026-06-26T03:06:37.678237,75897.527,131218.371,2.341,5817.783,122164.877,0.02,0.0
460.222,2026-06-26T03:06:37.729232,76024.699,131218.371,2.374,5817.784,122164.877,0.02,0.0
460.273,2026-06-26T03:06:37.780241,76151.738,131218.371,2.351,5817.785,122164.877,0.02,0.0
460.324,2026-06-26T03:06:37.831250,76279.266,131218.371,2.335,5817.786,122164.877,0.02,0.0
460.375,2026-06-26T03:06:37.882252,76406.078,131218.371,2.369,5817.787,122164.877,0.02,0.0
460.427,2026-06-26T03:06:37.933289,76532.938,131218.371,2.394,5817.788,122164.877,0.02,0.0
460.478,2026-06-26T03:06:37.984288,76659.879,131218.371,2.411,5817.789,122164.877,0.02,0.0
460.529,2026-06-26T03:06:38.035293,76786.438,131218.371,2.331,5817.79,122164.877,0.02,0.0
460.58,2026-06-26T03:06:38.086347,76913.457,131218.371,2.32,5817.791,122164.877,0.02,0.0
460.631,2026-06-26T03:06:38.137384,77039.797,131218.371,2.359,5817.792,122164.877,0.02,0.0
460.682,2026-06-26T03:06:38.188456,77166.25,131218.371,2.34,5817.793,122164.877,0.02,0.0
460.733,2026-06-26T03:06:38.239475,77292.656,131218.371,2.373,5817.795,122164.877,0.02,0.0
460.784,2026-06-26T03:06:38.290530,77419.422,131218.371,2.349,5817.796,122164.877,0.02,0.0
460.835,2026-06-26T03:06:38.341572,77544.523,131218.371,2.333,5817.797,122164.877,0.02,0.0
460.886,2026-06-26T03:06:38.392627,77670.613,131218.371,2.368,5817.798,122164.877,0.02,0.0
460.937,2026-06-26T03:06:38.443681,77796.91,131218.371,2.346,5817.799,122164.877,0.02,0.0
460.988,2026-06-26T03:06:38.494737,77923.426,131218.371,2.377,5817.8,122164.877,0.02,0.0
461.039,2026-06-26T03:06:38.545748,78049.723,131218.371,2.353,5817.801,122164.877,0.02,0.0
461.09,2026-06-26T03:06:38.596805,78175.812,131218.371,2.382,5817.802,122164.877,0.02,0.0
461.141,2026-06-26T03:06:38.647812,77812.387,131218.371,2.402,5817.803,122164.877,0.02,0.0
461.192,2026-06-26T03:06:38.698860,77290.02,131218.371,2.371,5817.804,122164.877,0.02,0.0
461.243,2026-06-26T03:06:38.749881,76765.996,131218.371,2.302,5817.805,122164.877,0.02,0.0
461.294,2026-06-26T03:06:38.800918,76169.812,131218.371,2.346,5817.806,122164.877,0.02,0.0
461.345,2026-06-26T03:06:38.851981,75499.422,131218.371,2.331,5817.807,122164.877,0.02,0.0
461.396,2026-06-26T03:06:38.903027,74824.672,131218.371,2.367,5817.808,122164.877,0.02,0.0
461.447,2026-06-26T03:06:38.954050,74666.281,127122.371,2.162,5817.809,122164.877,0.02,0.0
461.498,2026-06-26T03:06:39.005094,74748.684,127122.371,1.973,5817.81,122164.877,0.02,0.0
461.549,2026-06-26T03:06:39.056115,74829.711,127122.371,1.932,5817.811,122164.877,0.02,0.0
461.6,2026-06-26T03:06:39.107198,74892.445,127122.371,2.087,5817.812,122164.877,0.02,0.0
461.651,2026-06-26T03:06:39.158214,74950.332,127122.371,2.15,5817.813,122164.877,0.02,0.0
461.702,2026-06-26T03:06:39.209218,74732.977,127122.371,2.194,5817.814,122164.877,0.02,0.0
461.753,2026-06-26T03:06:39.260223,74074.598,127122.371,2.271,5817.815,122164.877,0.02,0.0
461.804,2026-06-26T03:06:39.311245,73379.98,127122.371,2.279,5817.816,122164.877,0.02,0.0
461.856,2026-06-26T03:06:39.362276,73163.453,125182.371,2.284,5817.817,122164.877,0.02,0.0
461.906,2026-06-26T03:06:39.413273,73201.164,125182.371,2.288,5817.818,122164.877,0.02,0.0
461.958,2026-06-26T03:06:39.464281,73238.684,125182.371,2.383,5817.819,122164.877,0.02,0.0
462.009,2026-06-26T03:06:39.515289,73276.516,125182.371,2.357,5817.82,122164.877,0.02,0.0
462.06,2026-06-26T03:06:39.566303,73314.184,125182.371,2.339,5817.822,122164.877,0.02,0.0
462.111,2026-06-26T03:06:39.617369,73351.309,125182.371,2.326,5817.823,122164.877,0.02,0.0
462.162,2026-06-26T03:06:39.668371,73389.09,125182.371,2.318,5817.824,122164.877,0.02,0.0
462.213,2026-06-26T03:06:39.719414,73426.68,125182.371,2.311,5817.825,122164.877,0.02,0.0
462.264,2026-06-26T03:06:39.770452,73463.684,125182.371,2.307,5817.826,122164.877,0.02,0.0
462.315,2026-06-26T03:06:39.821511,72888.082,125940.184,2.395,5817.827,122164.877,0.02,0.0
462.366,2026-06-26T03:06:39.872553,71459.176,125940.184,2.319,5817.828,122164.877,0.02,0.0
462.417,2026-06-26T03:06:39.923600,70044.254,125940.184,2.312,5817.829,122164.877,0.02,0.0
462.468,2026-06-26T03:06:39.974621,69711.652,122181.434,2.353,5817.83,122164.877,0.02,0.0
462.519,2026-06-26T03:06:40.025690,69773.863,122181.434,2.336,5817.831,122164.877,0.02,0.0
462.641,2026-06-26T03:06:40.147397,69911.496,123781.434,2.504,5818.182,122164.877,2.898,0.0
462.691,2026-06-26T03:06:40.197835,69949.363,123781.434,2.448,5818.183,122286.127,0.02,2393.885
462.742,2026-06-26T03:06:40.248477,70024.301,123902.684,2.362,5818.184,122286.127,0.021,0.0
462.792,2026-06-26T03:06:40.299104,70105.48,123902.684,2.392,5818.185,122286.127,0.02,0.0
462.843,2026-06-26T03:06:40.349921,70148.457,123902.684,2.365,5818.186,122286.127,0.02,0.0
462.894,2026-06-26T03:06:40.400913,70101.32,123781.434,2.344,5818.187,122286.127,0.02,0.0
462.945,2026-06-26T03:06:40.451987,70139.422,123781.434,2.375,5818.188,122286.127,0.02,0.0
462.996,2026-06-26T03:06:40.503015,70178.867,123902.684,2.352,5818.189,122407.377,0.02,2376.035
463.047,2026-06-26T03:06:40.554054,70261.293,123902.684,2.335,5818.191,122407.377,0.02,0.0
463.098,2026-06-26T03:06:40.605071,70343.555,123902.684,2.37,5818.192,122407.377,0.02,0.0
463.149,2026-06-26T03:06:40.656092,70292.008,123781.434,2.348,5818.193,122407.377,0.02,0.0
463.2,2026-06-26T03:06:40.707133,70330.199,123781.434,2.332,5818.194,122407.377,0.02,0.0
463.251,2026-06-26T03:06:40.758191,70368.441,123781.434,2.368,5818.195,122407.377,0.02,0.0
463.302,2026-06-26T03:06:40.809246,70418.777,123902.684,2.346,5818.196,122528.627,0.02,2373.706
463.353,2026-06-26T03:06:40.860254,70501.016,123902.684,2.332,5818.197,122528.627,0.02,0.0
463.404,2026-06-26T03:06:40.911262,70583.098,123902.684,2.413,5818.198,122528.627,0.02,0.0
463.455,2026-06-26T03:06:40.962273,70520.969,123781.434,2.378,5818.199,122528.627,0.02,0.0
463.507,2026-06-26T03:06:41.013277,70559.25,123781.434,2.4,5818.2,122528.627,0.02,0.0
463.558,2026-06-26T03:06:41.064277,70597.422,123781.434,2.415,5818.201,122649.877,0.02,2376.323
463.609,2026-06-26T03:06:41.115284,70658.133,123902.684,2.334,5818.202,122649.877,0.02,0.0
463.659,2026-06-26T03:06:41.166273,70740.68,123902.684,2.369,5818.203,122649.877,0.02,0.0
463.711,2026-06-26T03:06:41.217275,70822.965,123902.684,2.348,5818.204,122649.877,0.02,0.0
463.762,2026-06-26T03:06:41.268273,70750.168,123781.434,2.333,5818.205,122649.877,0.02,0.0
463.812,2026-06-26T03:06:41.319271,70788.273,123781.434,2.368,5818.206,122649.877,0.02,0.0
463.864,2026-06-26T03:06:41.370278,70826.438,123781.434,2.347,5818.207,122771.127,0.02,2379.014
463.914,2026-06-26T03:06:41.421259,70898.426,123902.684,2.379,5818.208,122771.127,0.02,0.0
463.965,2026-06-26T03:06:41.472264,70980.738,123902.684,2.354,5818.209,122771.127,0.02,0.0
464.016,2026-06-26T03:06:41.523266,71050.152,123902.684,2.337,5818.21,122771.127,0.02,0.0
464.067,2026-06-26T03:06:41.574272,70979.047,123781.434,2.371,5818.211,122771.127,0.02,0.0
464.119,2026-06-26T03:06:41.625296,71017.207,123781.434,2.303,5818.212,122771.127,0.02,0.0
464.17,2026-06-26T03:06:41.676284,71056.449,123902.684,2.348,5818.213,122892.377,0.02,2378.113
464.221,2026-06-26T03:06:41.727289,71139.777,123902.684,2.333,5818.214,122892.377,0.02,0.0
464.272,2026-06-26T03:06:41.778290,71222.957,123902.684,2.322,5818.215,122892.377,0.02,0.0
464.323,2026-06-26T03:06:41.829304,70819.477,123902.684,2.268,5818.216,122892.377,0.02,0.0
464.374,2026-06-26T03:06:41.880370,70049.477,123902.684,1.817,5818.217,122892.377,0.02,0.0
464.425,2026-06-26T03:06:41.931398,69308.348,121962.684,1.502,5818.219,122892.377,0.02,0.0
464.476,2026-06-26T03:06:41.982418,69232.238,121841.434,1.786,5818.22,122892.377,0.02,0.0
464.527,2026-06-26T03:06:42.033453,69251.457,121841.434,1.939,5818.221,122892.377,0.02,0.0
464.578,2026-06-26T03:06:42.084507,69271.387,121962.684,2.046,5818.222,123013.627,0.02,2375.236
464.629,2026-06-26T03:06:42.135528,69334.652,121962.684,2.121,5818.223,123013.627,0.02,0.0
464.68,2026-06-26T03:06:42.186562,69397.496,121962.684,2.174,5818.224,123013.627,0.02,0.0
464.731,2026-06-26T03:06:42.237555,69328.137,121841.434,2.257,5818.225,123013.627,0.02,0.0
464.782,2026-06-26T03:06:42.288605,69347.277,121841.434,2.268,5818.226,123013.627,0.02,0.0
464.833,2026-06-26T03:06:42.339646,69366.48,121841.434,2.322,5818.227,123013.627,0.02,0.0
464.884,2026-06-26T03:06:42.390677,69392.578,121962.684,2.269,5818.228,123134.877,0.02,2377.045
464.935,2026-06-26T03:06:42.441694,69456.191,121962.684,2.094,5818.229,123134.877,0.02,0.0
464.986,2026-06-26T03:06:42.492706,69519.645,121962.684,1.925,5818.23,123134.877,0.02,0.0
465.037,2026-06-26T03:06:42.543728,69443.277,121841.434,1.853,5818.231,123134.877,0.02,0.0
465.088,2026-06-26T03:06:42.594756,69462.547,121841.434,1.711,5818.232,123134.877,0.02,0.0
465.139,2026-06-26T03:06:42.645761,69481.672,121841.434,1.702,5818.233,123256.127,0.02,2375.58
465.19,2026-06-26T03:06:42.696806,69518.828,121962.684,1.651,5818.234,123256.127,0.02,0.0
465.241,2026-06-26T03:06:42.747817,69581.945,121962.684,1.615,5818.235,123256.127,0.02,0.0
465.292,2026-06-26T03:06:42.798879,69645.32,121962.684,1.636,5818.236,123256.127,0.02,0.0
465.343,2026-06-26T03:06:42.849882,69558.121,121841.434,1.604,5818.237,123256.127,0.02,0.0
465.394,2026-06-26T03:06:42.900899,69575.699,121841.434,1.583,5818.238,123256.127,0.02,0.0
465.445,2026-06-26T03:06:42.951914,69594.828,121841.434,1.613,5818.239,123377.377,0.02,2375.968
465.496,2026-06-26T03:06:43.002968,69642.48,121962.684,1.588,5818.24,123377.377,0.02,0.0
465.547,2026-06-26T03:06:43.054002,69705.902,121962.684,1.571,5818.241,123377.377,0.02,0.0
465.598,2026-06-26T03:06:43.105022,69769.172,121962.684,1.513,5818.242,123377.377,0.02,0.0
465.649,2026-06-26T03:06:43.156013,69671.23,121841.434,1.565,5818.243,123377.377,0.02,0.0
465.7,2026-06-26T03:06:43.207060,69690.348,121841.434,1.555,5818.245,123377.377,0.02,0.0
465.751,2026-06-26T03:06:43.258068,69709.492,121841.434,1.548,5818.246,123498.627,0.02,2376.035
465.802,2026-06-26T03:06:43.309098,69767.223,121962.684,1.635,5818.247,123498.627,0.02,0.0
465.853,2026-06-26T03:06:43.360101,69830.23,121962.684,1.558,5818.248,123498.627,0.02,0.0
465.904,2026-06-26T03:06:43.411121,69798.02,121962.684,1.596,5818.249,123498.627,0.02,0.0
465.955,2026-06-26T03:06:43.462131,69785.906,121841.434,1.576,5818.25,123498.627,0.02,0.0
466.006,2026-06-26T03:06:43.513189,69804.996,121841.434,1.563,5818.251,123498.627,0.02,0.0
466.057,2026-06-26T03:06:43.564229,69824.164,121841.434,1.599,5818.252,123619.877,0.02,2375.347
466.108,2026-06-26T03:06:43.615221,69875.391,121962.684,1.579,5818.253,123619.877,0.02,0.0
466.159,2026-06-26T03:06:43.666199,69940.785,121962.684,1.565,5818.254,123619.877,0.02,0.0
466.21,2026-06-26T03:06:43.717213,69956.613,121962.684,1.555,5818.255,123619.877,0.02,0.0
466.261,2026-06-26T03:06:43.768216,69900.504,121841.434,1.548,5818.256,123619.877,0.02,0.0
466.312,2026-06-26T03:06:43.819218,69919.402,121841.434,1.543,5818.257,123619.877,0.02,0.0
466.363,2026-06-26T03:06:43.870219,69938.301,121841.434,1.586,5818.258,123619.877,0.02,0.0
466.414,2026-06-26T03:06:43.921235,69957.145,121841.434,1.569,5818.259,123741.127,0.02,2375.147
466.465,2026-06-26T03:06:43.972249,70005.297,121962.684,1.558,5818.26,123741.127,0.02,0.0
466.516,2026-06-26T03:06:44.023232,70070.105,121962.684,1.642,5818.261,123741.127,0.02,0.0
466.567,2026-06-26T03:06:44.074225,70133.035,121962.684,1.609,5818.262,123741.127,0.02,0.0
466.618,2026-06-26T03:06:44.125218,70032.73,121841.434,1.586,5818.263,123741.127,0.02,0.0
466.669,2026-06-26T03:06:44.176210,70051.676,121841.434,1.57,5818.264,123741.127,0.02,0.0
466.72,2026-06-26T03:06:44.227232,70074.457,121962.684,1.558,5818.265,123862.377,0.02,2377.045
466.771,2026-06-26T03:06:44.278222,70139.633,121962.684,1.55,5818.266,123862.377,0.02,0.0
466.822,2026-06-26T03:06:44.329228,70204.547,121962.684,1.591,5818.267,123862.377,0.02,0.0
466.873,2026-06-26T03:06:44.380234,70127.457,121841.434,1.573,5818.268,123862.377,0.02,0.0
466.924,2026-06-26T03:06:44.431231,70063.23,121841.434,1.56,5818.269,123862.377,0.02,0.0
466.975,2026-06-26T03:06:44.482247,69277.23,121841.434,1.552,5818.27,123983.627,0.02,2377.345
467.026,2026-06-26T03:06:44.533233,68511.23,121841.434,1.454,5818.272,123983.627,0.02,0.0
467.077,2026-06-26T03:06:44.584211,67821.23,121841.434,1.293,5818.273,123983.627,0.02,0.0
467.128,2026-06-26T03:06:44.635207,67139.23,121841.434,1.135,5818.274,123983.627,0.02,0.0
467.179,2026-06-26T03:06:44.686218,66463.23,121841.434,1.07,5818.275,123983.627,0.02,0.0
467.23,2026-06-26T03:06:44.737199,66068.258,117866.684,0.933,5818.276,123983.627,0.02,0.0
467.281,2026-06-26T03:06:44.788196,66115.73,117866.684,0.883,5818.277,123983.627,0.02,0.0
467.332,2026-06-26T03:06:44.839215,66162.848,117866.684,0.894,5818.278,123983.627,0.02,0.0
467.383,2026-06-26T03:06:44.890214,66049.23,117745.434,0.993,5818.279,123983.627,0.02,0.0
467.434,2026-06-26T03:06:44.941208,66049.23,117745.434,1.201,5818.28,123983.627,0.02,0.0
467.485,2026-06-26T03:06:44.992226,66049.23,117745.434,1.346,5818.281,123983.627,0.02,0.0
467.536,2026-06-26T03:06:45.043206,65965.23,117745.434,1.356,5818.282,124104.877,0.02,2378.557
467.658,2026-06-26T03:06:45.164684,64307.23,117745.434,1.568,5818.633,124104.877,2.903,0.0
467.708,2026-06-26T03:06:45.215185,64109.23,115805.434,1.42,5818.634,124104.877,0.02,0.0
467.759,2026-06-26T03:06:45.266162,64109.23,115805.434,1.502,5818.635,124104.877,0.02,0.0
467.81,2026-06-26T03:06:45.316797,64109.23,115805.434,1.513,5818.636,124104.877,0.02,0.0
467.861,2026-06-26T03:06:45.367614,64109.23,115805.434,1.474,5818.637,124104.877,0.02,0.0
467.912,2026-06-26T03:06:45.418460,64109.23,115805.434,1.538,5818.638,124104.877,0.02,0.0
467.963,2026-06-26T03:06:45.469521,64109.23,115805.434,1.535,5818.639,124104.877,0.02,0.0
468.014,2026-06-26T03:06:45.520553,64109.23,115805.434,1.534,5818.641,124104.877,0.02,0.0
468.065,2026-06-26T03:06:45.571627,64109.23,115805.434,1.533,5818.642,124104.877,0.02,0.0
468.116,2026-06-26T03:06:45.622662,64109.23,115805.434,1.532,5818.643,124104.877,0.02,0.0
468.167,2026-06-26T03:06:45.673694,63987.98,115684.184,1.532,5818.644,124104.877,0.02,0.0
468.218,2026-06-26T03:06:45.724731,63987.98,115684.184,1.623,5818.645,124104.877,0.02,0.0
468.269,2026-06-26T03:06:45.775788,63987.98,115684.184,1.595,5818.646,124104.877,0.02,0.0
468.32,2026-06-26T03:06:45.826832,64081.863,123876.184,1.576,5818.647,124104.877,0.02,0.0
468.371,2026-06-26T03:06:45.877879,64756.984,123876.184,1.563,5818.648,124104.877,0.02,0.0
468.422,2026-06-26T03:06:45.928895,65433.863,123876.184,1.553,5818.649,124104.877,0.02,0.0
468.473,2026-06-26T03:06:45.979950,66109.785,123876.184,1.592,5818.65,124104.877,0.02,0.0
468.524,2026-06-26T03:06:46.030969,66785.809,123876.184,1.62,5818.651,124104.877,0.02,0.0
468.575,2026-06-26T03:06:46.081991,67462.75,123876.184,1.639,5818.652,124104.877,0.02,0.0
468.626,2026-06-26T03:06:46.133104,68142.301,123876.184,1.605,5818.653,124104.877,0.02,0.0
468.677,2026-06-26T03:06:46.184231,68821.738,123876.184,1.582,5818.654,124104.877,0.02,0.0
468.729,2026-06-26T03:06:46.235348,69500.863,123876.184,1.566,5818.655,124862.69,0.02,14822.724
468.78,2026-06-26T03:06:46.286492,70173.238,123876.184,1.6,5818.656,124862.69,0.02,0.0
468.831,2026-06-26T03:06:46.337628,70842.523,123876.184,1.532,5818.657,124862.69,0.02,0.0
468.882,2026-06-26T03:06:46.388779,71522.629,123876.184,1.577,5818.658,124862.69,0.02,0.0
468.933,2026-06-26T03:06:46.439892,71583.969,123876.184,1.563,5818.659,124862.69,0.02,0.0
468.984,2026-06-26T03:06:46.490925,71432.848,127218.371,1.508,5818.66,124862.69,0.02,0.0
469.035,2026-06-26T03:06:46.541869,71463.133,127218.371,1.515,5818.661,124862.69,0.02,0.0
469.086,2026-06-26T03:06:46.592866,71501.387,127218.371,1.52,5818.662,124862.69,0.02,0.0
469.137,2026-06-26T03:06:46.643841,71557.691,128018.371,1.524,5818.663,124862.69,0.02,0.0
469.188,2026-06-26T03:06:46.694832,71645.215,128018.371,1.526,5818.664,124862.69,0.02,0.0
469.239,2026-06-26T03:06:46.745825,71732.23,128018.371,1.528,5818.665,124862.69,0.02,0.0
469.29,2026-06-26T03:06:46.796814,71820.234,128018.371,1.576,5818.667,124862.69,0.02,0.0
469.341,2026-06-26T03:06:46.847787,71908.887,128018.371,1.562,5818.668,124862.69,0.02,0.0
469.392,2026-06-26T03:06:46.898801,71997.773,128018.371,1.599,5818.669,124862.69,0.02,0.0
469.443,2026-06-26T03:06:46.949784,72087.277,128018.371,1.579,5818.67,124862.69,0.02,0.0
469.494,2026-06-26T03:06:47.000797,72177.148,128018.371,1.565,5818.671,124862.69,0.02,0.0
469.545,2026-06-26T03:06:47.051784,72266.965,128018.371,1.555,5818.672,124862.69,0.02,0.0
469.596,2026-06-26T03:06:47.102737,72357.082,128018.371,1.595,5818.673,124862.69,0.02,0.0
469.647,2026-06-26T03:06:47.153709,72447.09,128018.371,1.576,5818.674,124862.69,0.02,0.0
469.698,2026-06-26T03:06:47.204711,72537.148,128018.371,1.609,5818.675,124862.69,0.02,0.0
469.749,2026-06-26T03:06:47.255694,72627.262,128018.371,1.539,5818.676,124862.69,0.02,0.0
469.8,2026-06-26T03:06:47.306694,72717.457,128018.371,1.583,5818.677,124862.69,0.02,0.0
469.851,2026-06-26T03:06:47.357671,72807.383,128018.371,1.568,5818.678,124862.69,0.02,0.0
469.902,2026-06-26T03:06:47.408695,72897.617,128018.371,1.603,5818.679,124862.69,0.02,0.0
469.953,2026-06-26T03:06:47.459681,72987.059,128068.371,1.582,5818.68,124862.69,0.02,0.0
470.004,2026-06-26T03:06:47.510685,72808.797,128068.371,1.521,5818.681,124862.69,0.02,0.0
470.055,2026-06-26T03:06:47.561667,72298.293,127268.371,1.616,5818.682,124862.69,0.02,0.0
470.106,2026-06-26T03:06:47.612674,72338.09,127268.371,1.637,5818.683,124862.69,0.02,0.0
470.157,2026-06-26T03:06:47.663685,72377.727,127268.371,1.605,5818.684,124862.69,0.02,0.0
470.208,2026-06-26T03:06:47.714692,72416.77,127268.371,1.583,5818.685,124862.69,0.02,0.0
470.259,2026-06-26T03:06:47.765679,72456.512,127268.371,1.568,5818.686,124912.69,0.02,980.124
470.31,2026-06-26T03:06:47.816675,72543.531,127318.371,1.603,5818.687,124912.69,0.02,0.0
470.361,2026-06-26T03:06:47.867674,72535.375,127268.371,1.536,5818.688,124962.69,0.02,979.863
470.412,2026-06-26T03:06:47.918693,72610.988,128068.371,1.581,5818.689,124962.69,0.02,0.0
470.463,2026-06-26T03:06:47.969660,72700.207,128068.371,1.612,5818.69,124962.69,0.02,0.0
470.514,2026-06-26T03:06:48.020666,72789.379,128068.371,1.542,5818.692,124962.69,0.02,0.0
470.565,2026-06-26T03:06:48.071648,72878.633,128068.371,1.539,5818.693,124962.69,0.02,0.0
470.616,2026-06-26T03:06:48.122609,72967.766,128068.371,1.583,5818.694,124962.69,0.02,0.0
470.667,2026-06-26T03:06:48.173583,73057.0,128068.371,1.568,5818.695,124962.69,0.02,0.0
470.718,2026-06-26T03:06:48.224576,73146.078,128068.371,1.558,5818.696,124962.69,0.02,0.0
470.769,2026-06-26T03:06:48.275557,73235.328,128068.371,1.596,5818.697,124962.69,0.02,0.0
470.82,2026-06-26T03:06:48.326560,73324.496,128068.371,1.623,5818.698,124962.69,0.02,0.0
470.871,2026-06-26T03:06:48.377545,73413.789,128068.371,1.595,5818.699,124962.69,0.02,0.0
470.922,2026-06-26T03:06:48.428556,73503.105,128068.371,1.576,5818.7,124962.69,0.02,0.0
470.973,2026-06-26T03:06:48.479534,73592.203,128068.371,1.563,5818.701,124962.69,0.02,0.0
471.024,2026-06-26T03:06:48.530528,73680.621,128068.371,1.6,5818.702,124962.69,0.02,0.0
471.075,2026-06-26T03:06:48.581523,73769.559,128068.371,1.58,5818.703,124962.69,0.02,0.0
471.126,2026-06-26T03:06:48.632532,73858.258,128068.371,1.565,5818.704,124962.69,0.02,0.0
471.177,2026-06-26T03:06:48.683507,73947.07,128068.371,1.556,5818.705,124962.69,0.02,0.0
471.228,2026-06-26T03:06:48.734511,73972.609,128068.371,1.548,5818.706,124962.69,0.02,0.0
471.279,2026-06-26T03:06:48.785490,73766.77,128068.371,1.589,5818.707,124962.69,0.02,0.0
471.33,2026-06-26T03:06:48.836513,73281.973,127268.371,1.572,5818.708,124962.69,0.02,0.0
471.381,2026-06-26T03:06:48.887492,73321.27,127268.371,1.56,5818.709,124962.69,0.02,0.0
471.432,2026-06-26T03:06:48.938492,73360.395,127268.371,1.552,5818.71,124962.69,0.02,0.0
471.483,2026-06-26T03:06:48.989474,73399.77,127268.371,1.546,5818.711,124962.69,0.02,0.0
471.534,2026-06-26T03:06:49.040517,73439.137,127268.371,1.541,5818.712,125012.69,0.02,979.451
471.585,2026-06-26T03:06:49.091562,73526.934,127318.371,1.538,5818.713,125012.69,0.02,0.0
471.636,2026-06-26T03:06:49.142589,73517.77,127268.371,1.582,5818.714,125062.69,0.02,979.698
471.687,2026-06-26T03:06:49.193627,73594.379,128068.371,1.566,5818.715,125062.69,0.02,0.0
471.738,2026-06-26T03:06:49.244689,73683.664,128068.371,1.693,5818.717,125062.69,0.02,0.0
471.789,2026-06-26T03:06:49.295716,73772.512,128068.371,1.599,5818.718,125062.69,0.02,0.0
471.84,2026-06-26T03:06:49.346792,73861.906,128068.371,1.624,5818.719,125062.69,0.02,0.0
471.891,2026-06-26T03:06:49.397815,73951.297,128068.371,1.596,5818.72,125062.69,0.02,0.0
471.942,2026-06-26T03:06:49.448861,74042.0,128068.371,1.577,5818.721,125062.69,0.02,0.0
471.993,2026-06-26T03:06:49.499897,74132.215,128068.371,1.563,5818.722,125062.69,0.02,0.0
472.044,2026-06-26T03:06:49.550949,74222.625,128068.371,1.553,5818.723,125062.69,0.02,0.0
472.095,2026-06-26T03:06:49.601987,74313.082,128068.371,1.546,5818.724,125062.69,0.02,0.0
472.146,2026-06-26T03:06:49.653037,74403.711,128068.371,1.588,5818.725,125062.69,0.02,0.0
472.197,2026-06-26T03:06:49.704049,74494.473,128068.371,1.57,5818.726,125062.69,0.02,0.0
472.248,2026-06-26T03:06:49.755109,74584.582,128068.371,1.559,5818.727,125062.69,0.02,0.0
472.299,2026-06-26T03:06:49.806203,74674.445,128068.371,1.596,5818.728,125062.69,0.02,0.0
472.35,2026-06-26T03:06:49.857211,74764.191,128068.371,1.576,5818.729,125062.69,0.02,0.0
472.401,2026-06-26T03:06:49.908218,74854.137,128068.371,1.563,5818.73,125062.69,0.02,0.0
472.452,2026-06-26T03:06:49.959226,74944.043,128068.371,1.553,5818.731,125062.69,0.02,0.0
472.503,2026-06-26T03:06:50.010261,74969.766,128068.371,1.547,5818.732,125062.69,0.02,0.0
472.554,2026-06-26T03:06:50.061266,74543.906,128068.371,1.542,5818.733,125062.69,0.02,0.0
472.676,2026-06-26T03:06:50.183006,74319.617,127268.371,1.697,5819.084,125062.69,2.89,0.0
472.727,2026-06-26T03:06:50.233446,74358.379,127268.371,1.698,5819.085,125062.69,0.021,0.0
472.777,2026-06-26T03:06:50.284065,74397.273,127268.371,1.605,5819.086,125062.69,0.021,0.0
472.828,2026-06-26T03:06:50.334713,74467.27,127318.371,1.632,5819.087,125112.69,0.021,985.254
472.879,2026-06-26T03:06:50.385516,74475.293,127268.371,1.604,5819.088,125112.69,0.021,0.0
472.93,2026-06-26T03:06:50.436382,74534.762,128068.371,1.582,5819.089,125162.69,0.02,979.982
472.981,2026-06-26T03:06:50.487412,74624.766,128068.371,1.659,5819.09,125162.69,0.02,0.0
473.032,2026-06-26T03:06:50.538465,74715.105,128068.371,1.574,5819.091,125162.69,0.02,0.0
473.083,2026-06-26T03:06:50.589501,74805.211,128068.371,1.607,5819.092,125162.69,0.02,0.0
473.134,2026-06-26T03:06:50.640534,74895.43,128068.371,1.584,5819.093,125162.69,0.02,0.0
473.185,2026-06-26T03:06:50.691572,74985.621,128068.371,1.568,5819.094,125162.69,0.02,0.0
473.236,2026-06-26T03:06:50.742620,75075.836,128068.371,1.603,5819.095,125162.69,0.02,0.0
473.287,2026-06-26T03:06:50.793659,75166.199,128068.371,1.581,5819.096,125162.69,0.02,0.0
473.338,2026-06-26T03:06:50.844718,75256.488,128068.371,1.566,5819.097,125162.69,0.02,0.0
473.389,2026-06-26T03:06:50.895745,75346.699,128068.371,1.555,5819.098,125162.69,0.02,0.0
473.44,2026-06-26T03:06:50.946793,75436.91,128068.371,1.548,5819.099,125162.69,0.02,0.0
473.491,2026-06-26T03:06:50.997814,75527.156,128068.371,1.589,5819.1,125162.69,0.02,0.0
473.542,2026-06-26T03:06:51.048853,75616.75,128068.371,1.571,5819.101,125162.69,0.02,0.0
473.593,2026-06-26T03:06:51.099918,75706.711,128068.371,1.559,5819.102,125162.69,0.02,0.0
473.644,2026-06-26T03:06:51.150962,75796.57,128068.371,1.551,5819.103,125162.69,0.02,0.0
473.695,2026-06-26T03:06:51.201986,75886.281,128068.371,1.545,5819.105,125162.69,0.02,0.0
473.746,2026-06-26T03:06:51.253028,75912.395,128068.371,1.587,5819.106,125162.69,0.02,0.0
473.797,2026-06-26T03:06:51.304050,75712.977,128068.371,1.57,5819.107,125162.69,0.02,0.0
473.848,2026-06-26T03:06:51.355085,75222.227,127268.371,1.605,5819.108,125162.69,0.02,0.0
473.899,2026-06-26T03:06:51.406076,75261.578,127268.371,1.583,5819.109,125162.69,0.02,0.0
473.95,2026-06-26T03:06:51.457121,75300.871,127268.371,1.567,5819.11,125162.69,0.02,0.0
474.001,2026-06-26T03:06:51.508195,75340.223,127268.371,1.602,5819.111,125162.69,0.02,0.0
474.052,2026-06-26T03:06:51.559211,75379.707,127268.371,1.581,5819.112,125212.69,0.02,979.794
474.103,2026-06-26T03:06:51.610236,75467.434,127318.371,1.612,5819.113,125212.69,0.02,0.0
474.154,2026-06-26T03:06:51.661212,75458.27,127268.371,1.588,5819.114,125262.69,0.02,980.61
474.205,2026-06-26T03:06:51.712226,75535.598,128068.371,1.571,5819.115,125262.69,0.02,0.0
474.256,2026-06-26T03:06:51.763238,75625.859,128068.371,1.605,5819.116,125262.69,0.02,0.0
474.307,2026-06-26T03:06:51.814244,75398.348,128068.371,1.583,5819.117,125262.69,0.02,0.0
474.358,2026-06-26T03:06:51.865261,73841.582,128068.371,1.568,5819.118,125262.69,0.02,0.0
474.409,2026-06-26T03:06:51.916259,72296.891,128068.371,1.603,5819.119,125262.69,0.02,0.0
474.46,2026-06-26T03:06:51.967263,70760.223,128068.371,1.581,5819.12,125262.69,0.02,0.0
474.512,2026-06-26T03:06:52.018274,69229.613,128068.371,1.521,5819.121,125262.69,0.02,0.0
474.563,2026-06-26T03:06:52.069286,67773.0,119876.371,1.57,5819.122,125262.69,0.02,0.0
474.614,2026-06-26T03:06:52.120296,67866.348,123972.371,1.558,5819.123,125262.69,0.02,0.0
474.665,2026-06-26T03:06:52.171305,67962.648,123972.371,1.596,5819.124,125262.69,0.02,0.0
474.715,2026-06-26T03:06:52.222214,68058.211,123972.371,1.532,5819.125,125262.69,0.02,0.0
474.766,2026-06-26T03:06:52.273228,68154.438,123972.371,1.532,5819.126,125262.69,0.02,0.0
474.817,2026-06-26T03:06:52.324238,68249.895,123972.371,1.624,5819.127,125262.69,0.02,0.0
474.868,2026-06-26T03:06:52.375237,68345.199,123972.371,1.55,5819.129,125262.69,0.02,0.0
474.919,2026-06-26T03:06:52.426242,68440.777,123972.371,1.591,5819.13,125262.69,0.02,0.0
474.97,2026-06-26T03:06:52.477218,68504.207,123972.371,1.573,5819.131,125262.69,0.02,0.0
475.021,2026-06-26T03:06:52.528240,68567.613,123972.371,1.561,5819.132,125262.69,0.02,0.0
475.072,2026-06-26T03:06:52.579236,68068.227,123972.371,1.552,5819.133,125262.69,0.02,0.0
475.123,2026-06-26T03:06:52.630239,67869.148,123172.371,1.592,5819.134,125262.69,0.02,0.0
475.174,2026-06-26T03:06:52.681234,67914.258,123172.371,1.574,5819.135,125262.69,0.02,0.0
475.225,2026-06-26T03:06:52.732236,67959.152,123172.371,1.561,5819.136,125262.69,0.02,0.0
475.276,2026-06-26T03:06:52.783263,68003.91,123172.371,1.552,5819.137,125262.69,0.02,0.0
475.327,2026-06-26T03:06:52.834258,68066.582,123222.371,1.592,5819.138,125312.69,0.02,980.665
475.378,2026-06-26T03:06:52.885255,68094.305,123172.371,1.574,5819.139,125312.69,0.02,0.0
475.429,2026-06-26T03:06:52.936262,68141.891,123972.371,1.561,5819.14,125362.69,0.02,980.514
475.48,2026-06-26T03:06:52.987267,68237.586,123972.371,1.552,5819.141,125362.69,0.02,0.0
475.532,2026-06-26T03:06:53.038286,68333.746,123972.371,1.592,5819.142,125362.69,0.02,0.0
475.583,2026-06-26T03:06:53.089279,68429.715,123972.371,1.574,5819.143,125362.69,0.02,0.0
475.634,2026-06-26T03:06:53.140277,68525.738,123972.371,1.607,5819.144,125362.69,0.02,0.0
475.685,2026-06-26T03:06:53.191283,68621.59,123972.371,1.631,5819.145,125362.69,0.02,0.0
475.736,2026-06-26T03:06:53.242288,68717.305,123972.371,1.601,5819.146,125362.69,0.02,0.0
475.787,2026-06-26T03:06:53.293296,68812.953,123972.371,1.58,5819.147,125362.69,0.02,0.0
475.838,2026-06-26T03:06:53.344344,68908.574,123972.371,1.611,5819.148,125362.69,0.02,0.0
475.889,2026-06-26T03:06:53.395352,69003.926,123972.371,1.587,5819.149,125362.69,0.02,0.0
475.94,2026-06-26T03:06:53.446391,69099.68,123972.371,1.57,5819.15,125362.69,0.02,0.0
475.991,2026-06-26T03:06:53.497445,69195.125,123972.371,1.512,5819.151,125362.69,0.02,0.0
476.042,2026-06-26T03:06:53.548473,69290.27,123972.371,1.564,5819.153,125362.69,0.02,0.0
476.093,2026-06-26T03:06:53.599527,69385.512,123972.371,1.6,5819.154,125362.69,0.02,0.0
476.144,2026-06-26T03:06:53.650566,69480.641,123972.371,1.533,5819.155,125362.69,0.02,0.0
476.195,2026-06-26T03:06:53.701643,69575.836,123972.371,1.578,5819.156,125362.69,0.02,0.0
476.246,2026-06-26T03:06:53.752667,69607.395,123972.371,1.564,5819.157,125362.69,0.02,0.0
476.297,2026-06-26T03:06:53.803736,69660.945,123972.371,1.554,5819.158,125362.69,0.02,0.0
476.348,2026-06-26T03:06:53.854761,68981.27,123972.371,1.593,5819.159,125362.69,0.02,0.0
476.399,2026-06-26T03:06:53.905810,68987.77,123172.371,1.574,5819.16,125362.69,0.02,0.0
476.45,2026-06-26T03:06:53.956854,69032.547,123172.371,1.561,5819.161,125362.69,0.02,0.0
476.501,2026-06-26T03:06:54.007903,69077.27,123172.371,1.552,5819.162,125362.69,0.02,0.0
476.552,2026-06-26T03:06:54.058923,69121.77,123172.371,1.545,5819.163,125362.69,0.02,0.0
476.603,2026-06-26T03:06:54.109977,69196.598,123222.371,1.633,5819.164,125412.69,0.02,980.065
476.654,2026-06-26T03:06:54.161009,69211.422,123172.371,1.556,5819.165,125412.69,0.02,0.0
476.705,2026-06-26T03:06:54.212065,69275.066,123222.371,1.595,5819.166,125462.69,0.02,979.877
476.756,2026-06-26T03:06:54.263081,69300.867,123172.371,1.576,5819.167,125462.69,0.02,0.0
476.807,2026-06-26T03:06:54.314110,69353.531,123222.371,1.61,5819.168,125512.69,0.02,982.82
476.858,2026-06-26T03:06:54.364981,69390.27,123172.371,1.632,5819.169,125512.69,0.02,0.0
476.909,2026-06-26T03:06:54.415990,69435.008,123172.371,1.602,5819.17,125562.69,0.02,980.651
476.96,2026-06-26T03:06:54.466972,69526.008,123972.371,1.535,5819.171,125562.69,0.02,0.0
477.011,2026-06-26T03:06:54.517967,69621.633,123972.371,1.581,5819.172,125562.69,0.02,0.0
477.062,2026-06-26T03:06:54.568918,69717.16,123972.371,1.612,5819.173,125562.69,0.02,0.0
477.113,2026-06-26T03:06:54.619917,69812.75,123972.371,1.542,5819.174,125562.69,0.02,0.0
477.164,2026-06-26T03:06:54.670875,69908.223,123972.371,1.539,5819.175,125562.69,0.02,0.0
477.215,2026-06-26T03:06:54.721859,70003.324,123972.371,1.583,5819.176,125562.69,0.02,0.0
477.266,2026-06-26T03:06:54.772836,70099.027,123972.371,1.568,5819.178,125562.69,0.02,0.0
477.317,2026-06-26T03:06:54.823829,70194.348,123972.371,1.557,5819.179,125562.69,0.02,0.0
477.368,2026-06-26T03:06:54.874833,70289.668,123972.371,1.55,5819.18,125562.69,0.02,0.0
477.419,2026-06-26T03:06:54.925821,70384.594,123972.371,1.545,5819.181,125562.69,0.02,0.0
477.47,2026-06-26T03:06:54.976794,70479.227,123972.371,1.541,5819.182,125562.69,0.02,0.0
477.521,2026-06-26T03:06:55.027788,70574.348,123972.371,1.63,5819.183,125562.69,0.02,0.0
477.572,2026-06-26T03:06:55.078761,70669.348,123972.371,1.601,5819.184,125562.69,0.02,0.0
477.694,2026-06-26T03:06:55.200670,70895.609,123972.371,1.718,5819.535,125562.69,2.894,0.0
477.744,2026-06-26T03:06:55.251124,70926.043,123972.371,1.71,5819.536,125562.69,0.02,0.0
477.795,2026-06-26T03:06:55.302075,70888.941,123972.371,1.612,5819.537,125562.69,0.021,0.0
477.846,2026-06-26T03:06:55.352807,70255.105,123172.371,1.636,5819.538,125562.69,0.021,0.0
477.897,2026-06-26T03:06:55.403605,70299.27,123172.371,1.607,5819.539,125562.69,0.021,0.0
477.948,2026-06-26T03:06:55.454430,70343.535,123172.371,1.586,5819.54,125562.69,0.021,0.0
477.998,2026-06-26T03:06:55.505232,70388.164,123172.371,1.57,5819.541,125562.69,0.02,0.0
478.05,2026-06-26T03:06:55.556354,70432.922,123172.371,1.558,5819.542,125612.69,0.02,978.382
478.101,2026-06-26T03:06:55.607433,70514.723,123972.371,1.595,5819.543,125612.69,0.02,0.0
478.152,2026-06-26T03:06:55.658527,70609.988,123972.371,1.621,5819.545,125612.69,0.02,0.0
478.203,2026-06-26T03:06:55.709643,70705.551,123972.371,1.593,5819.546,125612.69,0.02,0.0
478.254,2026-06-26T03:06:55.760741,70801.16,123972.371,1.62,5819.547,125612.69,0.02,0.0
478.305,2026-06-26T03:06:55.811848,70896.918,123972.371,1.546,5819.548,125612.69,0.02,0.0
478.356,2026-06-26T03:06:55.862939,70992.449,123972.371,1.541,5819.549,125612.69,0.02,0.0
478.407,2026-06-26T03:06:55.914035,71088.199,123972.371,1.583,5819.55,125612.69,0.02,0.0
478.458,2026-06-26T03:06:55.965195,71182.711,123972.371,1.567,5819.551,125612.69,0.02,0.0
478.509,2026-06-26T03:06:56.016247,71278.043,123972.371,1.556,5819.552,125612.69,0.02,0.0
478.561,2026-06-26T03:06:56.067333,71373.457,123972.371,1.594,5819.553,125612.69,0.02,0.0
478.612,2026-06-26T03:06:56.118444,71469.102,123972.371,1.529,5819.554,125612.69,0.02,0.0
478.663,2026-06-26T03:06:56.169495,71564.539,123972.371,1.575,5819.555,125612.69,0.02,0.0
478.714,2026-06-26T03:06:56.220632,71659.59,123972.371,1.561,5819.556,125612.69,0.02,0.0
478.765,2026-06-26T03:06:56.271710,71754.551,123972.371,1.597,5819.557,125612.69,0.02,0.0
478.816,2026-06-26T03:06:56.322817,71849.598,123972.371,1.623,5819.558,125612.69,0.02,0.0
478.867,2026-06-26T03:06:56.373904,71944.742,123972.371,1.594,5819.559,125612.69,0.02,0.0
478.918,2026-06-26T03:06:56.425018,71975.77,123972.371,1.575,5819.56,125612.69,0.02,0.0
478.969,2026-06-26T03:06:56.476116,71557.262,123972.371,1.607,5819.561,125612.69,0.02,0.0
479.02,2026-06-26T03:06:56.527213,71281.684,123172.371,1.63,5819.562,125612.69,0.02,0.0
479.072,2026-06-26T03:06:56.578276,71326.156,123172.371,1.554,5819.563,125612.69,0.02,0.0
479.123,2026-06-26T03:06:56.629401,71370.77,123172.371,1.546,5819.564,125612.69,0.02,0.0
479.174,2026-06-26T03:06:56.680469,71415.77,123172.371,1.587,5819.565,125612.69,0.02,0.0
479.225,2026-06-26T03:06:56.731582,71472.77,123222.371,1.615,5819.566,125662.69,0.02,978.519
479.276,2026-06-26T03:06:56.782671,71006.27,123222.371,1.543,5819.567,125662.69,0.02,0.0
479.327,2026-06-26T03:06:56.833795,70240.27,123222.371,1.31,5819.569,125662.69,0.02,0.0
479.378,2026-06-26T03:06:56.884893,69472.27,123222.371,1.146,5819.57,125662.69,0.02,0.0
479.429,2026-06-26T03:06:56.936008,68704.27,123222.371,1.032,5819.571,125662.69,0.02,0.0
479.48,2026-06-26T03:06:56.987094,67936.27,123222.371,0.951,5819.572,125662.69,0.02,0.0
479.531,2026-06-26T03:06:57.038223,67376.27,119076.371,0.987,5819.573,125662.69,0.02,0.0
479.583,2026-06-26T03:06:57.089276,67381.449,119126.371,1.104,5819.574,125712.69,0.02,978.629
479.634,2026-06-26T03:06:57.140409,67376.27,119076.371,1.277,5819.575,125712.69,0.02,0.0
479.685,2026-06-26T03:06:57.191479,67376.27,119076.371,1.353,5819.576,125762.69,0.02,978.268
479.736,2026-06-26T03:06:57.242580,67419.539,119876.371,1.405,5819.577,125762.69,0.02,0.0
479.787,2026-06-26T03:06:57.293679,67469.68,119876.371,1.442,5819.578,125762.69,0.02,0.0
479.838,2026-06-26T03:06:57.344762,67520.527,119876.371,1.514,5819.579,125762.69,0.02,0.0
479.889,2026-06-26T03:06:57.395859,67571.453,119876.371,1.565,5819.58,125762.69,0.02,0.0
479.94,2026-06-26T03:06:57.446959,67622.344,119876.371,1.6,5819.581,125762.69,0.02,0.0
479.991,2026-06-26T03:06:57.498050,67673.145,119876.371,1.578,5819.582,125762.69,0.02,0.0
480.042,2026-06-26T03:06:57.549176,67723.906,119876.371,1.564,5819.583,125762.69,0.02,0.0
480.093,2026-06-26T03:06:57.600223,67774.324,119876.371,1.6,5819.584,125762.69,0.02,0.0
480.145,2026-06-26T03:06:57.651297,67825.215,119876.371,1.533,5819.585,125762.69,0.02,0.0
480.196,2026-06-26T03:06:57.702392,67876.27,119876.371,1.578,5819.586,125762.69,0.02,0.0
480.247,2026-06-26T03:06:57.753470,67925.844,119876.371,1.563,5819.587,125762.69,0.02,0.0
480.298,2026-06-26T03:06:57.804587,67974.047,119876.371,1.552,5819.588,125762.69,0.02,0.0
480.349,2026-06-26T03:06:57.855745,68021.965,119876.371,1.545,5819.589,125762.69,0.02,0.0
480.4,2026-06-26T03:06:57.906867,68070.0,119876.371,1.586,5819.59,125762.69,0.02,0.0
480.451,2026-06-26T03:06:57.957953,68118.664,121476.371,1.569,5819.591,125762.69,0.02,0.0
480.502,2026-06-26T03:06:58.009053,68187.531,121476.371,1.557,5819.592,125762.69,0.02,0.0
480.553,2026-06-26T03:06:58.060183,68193.207,121476.371,1.548,5819.594,125762.69,0.02,0.0
480.604,2026-06-26T03:06:58.111267,67836.25,121476.371,1.543,5819.595,125762.69,0.02,0.0
480.656,2026-06-26T03:06:58.162353,67453.301,120676.371,1.539,5819.596,125762.69,0.02,0.0
480.707,2026-06-26T03:06:58.213482,67472.395,120676.371,1.535,5819.597,125762.69,0.02,0.0
480.758,2026-06-26T03:06:58.264578,67491.488,120676.371,1.579,5819.598,125762.69,0.02,0.0
480.809,2026-06-26T03:06:58.315718,67510.645,120676.371,1.564,5819.599,125762.69,0.02,0.0
480.86,2026-06-26T03:06:58.366801,67532.488,121476.371,1.599,5819.6,125812.69,0.02,978.555
480.911,2026-06-26T03:06:58.417904,67600.109,121476.371,1.624,5819.601,125812.69,0.02,0.0
480.962,2026-06-26T03:06:58.468988,67668.984,121476.371,1.55,5819.602,125812.69,0.02,0.0
481.013,2026-06-26T03:06:58.520082,67738.324,121476.371,1.635,5819.603,125812.69,0.02,0.0
481.064,2026-06-26T03:06:58.571225,67807.492,121476.371,1.603,5819.604,125812.69,0.02,0.0
481.115,2026-06-26T03:06:58.622262,67877.242,121476.371,1.582,5819.605,125812.69,0.02,0.0
481.167,2026-06-26T03:06:58.673316,67947.316,121476.371,1.566,5819.606,125812.69,0.02,0.0
481.218,2026-06-26T03:06:58.724446,68017.352,121476.371,1.6,5819.607,125812.69,0.02,0.0
481.269,2026-06-26T03:06:58.775549,68087.629,121476.371,1.578,5819.608,125812.69,0.02,0.0
481.32,2026-06-26T03:06:58.826690,68157.73,121476.371,1.609,5819.609,125812.69,0.02,0.0
481.371,2026-06-26T03:06:58.877768,68227.844,121476.371,1.54,5819.61,125812.69,0.02,0.0
481.422,2026-06-26T03:06:58.928867,68297.762,121476.371,1.582,5819.611,125812.69,0.02,0.0
481.473,2026-06-26T03:06:58.979958,68367.625,121476.371,1.566,5819.612,125812.69,0.02,0.0
481.524,2026-06-26T03:06:59.031065,68437.855,121476.371,1.601,5819.613,125812.69,0.02,0.0
481.575,2026-06-26T03:06:59.082202,68507.191,121476.371,1.533,5819.614,125812.69,0.02,0.0
481.626,2026-06-26T03:06:59.133255,68576.77,121476.371,1.578,5819.615,125812.69,0.02,0.0
481.678,2026-06-26T03:06:59.184290,68583.836,121426.371,1.564,5819.616,125812.69,0.02,0.0
481.729,2026-06-26T03:06:59.235406,68651.621,121476.371,1.553,5819.618,125812.69,0.02,0.0
481.78,2026-06-26T03:06:59.286510,68011.59,121476.371,1.592,5819.619,125812.69,0.02,0.0
481.831,2026-06-26T03:06:59.337621,67890.5,120676.371,1.573,5819.62,125812.69,0.02,0.0
481.882,2026-06-26T03:06:59.388713,67909.289,120676.371,1.56,5819.621,125812.69,0.02,0.0
481.933,2026-06-26T03:06:59.439812,67927.902,120676.371,1.596,5819.622,125812.69,0.02,0.0
481.984,2026-06-26T03:06:59.490926,67946.613,120676.371,1.622,5819.623,125812.69,0.02,0.0
482.035,2026-06-26T03:06:59.542030,67987.836,120726.371,1.64,5819.624,125862.69,0.02,979.049
482.086,2026-06-26T03:06:59.593109,67983.941,120676.371,1.561,5819.625,125862.69,0.02,0.0
482.137,2026-06-26T03:06:59.644209,68013.547,121476.371,1.597,5819.626,125912.69,0.02,979.685
482.188,2026-06-26T03:06:59.695255,68081.727,121476.371,1.577,5819.627,125912.69,0.02,0.0
482.24,2026-06-26T03:06:59.746384,68150.039,121476.371,1.562,5819.628,125912.69,0.02,0.0
482.291,2026-06-26T03:06:59.797471,68218.359,121476.371,1.553,5819.629,125912.69,0.02,0.0
482.342,2026-06-26T03:06:59.848582,68286.918,121476.371,1.545,5819.63,125912.69,0.02,0.0
482.393,2026-06-26T03:06:59.899681,68355.566,121476.371,1.54,5819.631,125912.69,0.02,0.0
482.444,2026-06-26T03:06:59.950796,68424.414,121476.371,1.583,5819.632,125912.69,0.02,0.0
482.495,2026-06-26T03:07:00.001898,68492.984,121476.371,1.566,5819.633,125912.69,0.02,0.0
482.546,2026-06-26T03:07:00.052994,68561.852,121476.371,1.555,5819.634,125912.69,0.02,0.0
482.597,2026-06-26T03:07:00.104071,68630.551,121476.371,1.593,5819.635,125912.69,0.02,0.0
482.724,2026-06-26T03:07:00.231252,68800.035,121476.371,1.726,5819.986,125912.69,2.768,0.0
482.775,2026-06-26T03:07:00.281692,68867.527,121476.371,1.671,5819.987,125912.69,0.021,0.0
482.826,2026-06-26T03:07:00.332346,68934.883,121476.371,1.679,5819.988,125912.69,0.021,0.0
482.876,2026-06-26T03:07:00.382966,69003.746,121476.371,1.591,5819.989,125912.69,0.021,0.0
482.927,2026-06-26T03:07:00.433790,69072.887,121476.371,1.621,5819.99,125912.69,0.021,0.0
482.978,2026-06-26T03:07:00.484660,69078.629,121476.371,1.548,5819.991,125912.69,0.02,0.0
483.029,2026-06-26T03:07:00.535790,68914.082,121476.371,1.588,5819.992,125912.69,0.02,0.0
483.08,2026-06-26T03:07:00.586895,68350.977,120676.371,1.57,5819.993,125912.69,0.02,0.0
483.131,2026-06-26T03:07:00.638007,68369.934,120676.371,1.604,5819.994,125912.69,0.02,0.0
483.182,2026-06-26T03:07:00.689069,68388.848,120676.371,1.535,5819.995,125912.69,0.02,0.0
483.233,2026-06-26T03:07:00.740198,68407.785,120676.371,1.626,5819.996,125912.69,0.02,0.0
483.284,2026-06-26T03:07:00.791262,68426.613,120676.371,1.551,5819.997,125962.69,0.02,979.053
483.336,2026-06-26T03:07:00.842380,68488.273,121476.371,1.59,5819.998,125962.69,0.02,0.0
483.387,2026-06-26T03:07:00.893472,68558.129,121476.371,1.572,5819.999,125962.69,0.02,0.0
483.438,2026-06-26T03:07:00.944590,68628.477,121476.371,1.65,5820.0,125962.69,0.02,0.0
483.489,2026-06-26T03:07:00.995688,68698.523,121476.371,1.614,5820.001,125962.69,0.02,0.0
483.54,2026-06-26T03:07:01.046799,68768.191,121476.371,1.589,5820.002,125962.69,0.02,0.0
483.591,2026-06-26T03:07:01.097885,68837.691,121476.371,1.57,5820.003,125962.69,0.02,0.0
483.642,2026-06-26T03:07:01.148988,68907.699,121476.371,1.604,5820.005,125962.69,0.02,0.0
483.693,2026-06-26T03:07:01.200046,68977.504,121476.371,1.536,5820.006,125962.69,0.02,0.0
483.744,2026-06-26T03:07:01.251191,69047.414,121476.371,1.534,5820.007,125962.69,0.02,0.0
483.795,2026-06-26T03:07:01.302245,69117.215,121476.371,1.579,5820.008,125962.69,0.02,0.0
483.846,2026-06-26T03:07:01.353262,69186.688,121476.371,1.565,5820.009,125962.69,0.02,0.0
483.898,2026-06-26T03:07:01.404313,69256.504,121476.371,1.554,5820.01,125962.69,0.02,0.0
483.949,2026-06-26T03:07:01.455397,69325.836,121476.371,1.547,5820.011,125962.69,0.02,0.0
484.0,2026-06-26T03:07:01.506536,69395.25,121476.371,1.587,5820.012,125962.69,0.02,0.0
484.051,2026-06-26T03:07:01.557611,69464.711,121476.371,1.569,5820.013,125962.69,0.02,0.0
484.102,2026-06-26T03:07:01.608736,69478.66,121426.371,1.603,5820.014,125962.69,0.02,0.0
484.153,2026-06-26T03:07:01.659825,69539.762,121476.371,1.581,5820.015,125962.69,0.02,0.0
484.204,2026-06-26T03:07:01.710932,68968.34,121476.371,1.611,5820.016,125962.69,0.02,0.0
484.255,2026-06-26T03:07:01.762030,68785.203,120676.371,1.541,5820.017,125962.69,0.02,0.0
484.306,2026-06-26T03:07:01.813123,68804.102,120676.371,1.629,5820.018,125962.69,0.02,0.0
484.357,2026-06-26T03:07:01.864254,68822.969,120676.371,1.553,5820.019,125962.69,0.02,0.0
484.409,2026-06-26T03:07:01.915333,68841.84,120676.371,1.592,5820.02,125962.69,0.02,0.0
484.46,2026-06-26T03:07:01.966419,68882.348,120726.371,1.527,5820.021,126012.69,0.02,977.607
484.511,2026-06-26T03:07:02.017545,68879.711,120676.371,1.573,5820.022,126012.69,0.02,0.0
484.562,2026-06-26T03:07:02.068642,68909.027,121476.371,1.652,5820.023,126062.69,0.02,978.464
484.613,2026-06-26T03:07:02.119756,68977.707,121476.371,1.569,5820.024,126062.69,0.02,0.0
484.664,2026-06-26T03:07:02.170831,69046.52,121476.371,1.603,5820.025,126062.69,0.02,0.0
484.715,2026-06-26T03:07:02.221943,69115.281,121476.371,1.535,5820.026,126062.69,0.02,0.0
484.766,2026-06-26T03:07:02.273036,69183.992,121476.371,1.579,5820.027,126062.69,0.02,0.0
484.817,2026-06-26T03:07:02.324166,68565.715,121476.371,1.61,5820.028,126062.69,0.02,0.0
484.868,2026-06-26T03:07:02.375221,67857.184,121476.371,1.54,5820.03,126062.69,0.02,0.0
484.92,2026-06-26T03:07:02.426371,67149.715,121476.371,1.582,5820.031,126062.69,0.02,0.0
484.971,2026-06-26T03:07:02.477408,66444.344,121476.371,1.567,5820.032,126062.69,0.02,0.0
485.022,2026-06-26T03:07:02.528510,65734.379,121476.371,1.601,5820.033,126062.69,0.02,0.0
485.073,2026-06-26T03:07:02.579592,65390.789,117380.371,1.625,5820.034,126062.69,0.02,0.0
485.124,2026-06-26T03:07:02.630702,65440.953,117380.371,1.55,5820.035,126062.69,0.02,0.0
485.175,2026-06-26T03:07:02.681799,65491.277,117380.371,1.59,5820.036,126062.69,0.02,0.0
485.226,2026-06-26T03:07:02.732839,65540.398,117380.371,1.572,5820.037,126062.69,0.02,0.0
485.277,2026-06-26T03:07:02.783861,65590.477,117380.371,1.56,5820.038,126062.69,0.02,0.0
485.328,2026-06-26T03:07:02.834911,65640.73,117380.371,1.551,5820.039,126062.69,0.02,0.0
485.379,2026-06-26T03:07:02.885938,65630.34,117330.371,1.545,5820.04,126062.69,0.02,0.0
485.43,2026-06-26T03:07:02.937002,65676.648,117380.371,1.541,5820.041,126062.69,0.02,0.0
485.481,2026-06-26T03:07:02.988019,65060.34,117380.371,1.584,5820.042,126062.69,0.02,0.0
485.532,2026-06-26T03:07:03.039055,64880.34,116580.371,1.568,5820.043,126062.69,0.02,0.0
485.583,2026-06-26T03:07:03.090088,64880.34,116580.371,1.557,5820.044,126062.69,0.02,0.0
485.634,2026-06-26T03:07:03.141128,64880.34,116580.371,1.549,5820.045,126062.69,0.02,0.0
485.685,2026-06-26T03:07:03.192202,64880.34,116580.371,1.543,5820.046,126062.69,0.02,0.0
485.736,2026-06-26T03:07:03.243209,64894.582,117380.371,1.54,5820.047,126112.69,0.02,980.463
485.787,2026-06-26T03:07:03.294206,64944.059,117380.371,1.583,5820.048,126112.69,0.02,0.0
485.838,2026-06-26T03:07:03.345217,64993.645,117380.371,1.614,5820.049,126112.69,0.02,0.0
485.889,2026-06-26T03:07:03.396228,65043.391,117380.371,1.589,5820.05,126112.69,0.02,0.0
485.94,2026-06-26T03:07:03.447235,65093.855,117380.371,1.572,5820.051,126112.69,0.02,0.0
485.991,2026-06-26T03:07:03.498238,65144.672,117380.371,1.606,5820.052,126112.69,0.02,0.0
486.042,2026-06-26T03:07:03.549238,65194.973,117380.371,1.354,5820.054,126112.69,0.02,0.0
486.093,2026-06-26T03:07:03.600266,65246.34,117380.371,1.223,5820.055,126112.69,0.02,0.0
486.144,2026-06-26T03:07:03.651265,65297.543,117380.371,1.086,5820.056,126112.69,0.02,0.0
486.195,2026-06-26T03:07:03.702262,65348.812,117380.371,0.944,5820.057,126112.69,0.02,0.0
486.246,2026-06-26T03:07:03.753263,65400.211,117380.371,0.891,5820.058,126112.69,0.02,0.0
486.297,2026-06-26T03:07:03.804267,65450.031,117380.371,0.899,5820.059,126112.69,0.02,0.0
486.349,2026-06-26T03:07:03.855292,65500.922,117380.371,0.859,5820.06,126112.69,0.02,0.0
486.4,2026-06-26T03:07:03.906288,65551.852,117380.371,0.831,5820.061,126112.69,0.02,0.0
486.451,2026-06-26T03:07:03.957304,65602.848,117380.371,0.811,5820.062,126112.69,0.02,0.0
486.502,2026-06-26T03:07:04.008358,65653.801,117380.371,0.798,5820.063,126112.69,0.02,0.0
486.553,2026-06-26T03:07:04.059398,65641.328,117380.371,0.788,5820.064,126112.69,0.02,0.0
486.604,2026-06-26T03:07:04.110466,65510.355,117380.371,0.781,5820.065,126112.69,0.02,0.0
486.655,2026-06-26T03:07:04.161492,64880.355,116580.371,0.776,5820.066,126112.69,0.02,0.0
486.706,2026-06-26T03:07:04.212483,64880.355,116580.371,0.819,5820.067,126112.69,0.02,0.0
486.757,2026-06-26T03:07:04.263425,64880.355,116580.371,0.804,5820.068,126112.69,0.02,0.0
486.808,2026-06-26T03:07:04.314401,64880.355,116580.371,0.838,5820.069,126112.69,0.02,0.0
486.859,2026-06-26T03:07:04.365369,64880.355,116580.371,0.817,5820.07,126162.69,0.02,981.023
486.91,2026-06-26T03:07:04.416358,64921.363,116630.371,0.802,5820.071,126162.69,0.02,0.0
486.961,2026-06-26T03:07:04.467330,64880.355,116580.371,0.791,5820.072,126162.69,0.02,0.0
487.012,2026-06-26T03:07:04.518340,64910.59,117380.371,0.829,5820.073,126212.69,0.02,980.477
487.063,2026-06-26T03:07:04.569325,64960.805,117380.371,0.81,5820.074,126212.69,0.02,0.0
487.114,2026-06-26T03:07:04.620278,65011.043,117380.371,0.797,5820.075,126212.69,0.02,0.0
487.164,2026-06-26T03:07:04.671233,65060.969,117380.371,0.788,5820.076,126212.69,0.02,0.0
487.215,2026-06-26T03:07:04.722233,65112.559,117380.371,0.827,5820.077,126212.69,0.02,0.0
487.266,2026-06-26T03:07:04.773252,65163.676,117380.371,0.763,5820.078,126212.69,0.02,0.0
487.317,2026-06-26T03:07:04.824259,65214.934,117380.371,0.764,5820.08,126212.69,0.02,0.0
487.368,2026-06-26T03:07:04.875265,65266.148,117380.371,0.81,5820.081,126212.69,0.02,0.0
487.42,2026-06-26T03:07:04.926273,65316.797,117380.371,0.797,5820.082,126212.69,0.02,0.0
487.471,2026-06-26T03:07:04.977276,65368.289,117380.371,0.788,5820.083,126212.69,0.02,0.0
487.522,2026-06-26T03:07:05.028355,65418.363,117380.371,0.781,5820.084,126212.69,0.02,0.0
487.573,2026-06-26T03:07:05.079373,65469.418,117380.371,0.776,5820.085,126212.69,0.02,0.0
487.624,2026-06-26T03:07:05.130416,65519.926,117380.371,0.773,5820.086,126212.69,0.02,0.0
487.744,2026-06-26T03:07:05.251044,65640.176,117380.371,0.911,5820.437,126212.69,2.925,0.0
487.795,2026-06-26T03:07:05.301496,65630.355,117330.371,0.916,5820.438,126212.69,0.021,0.0
487.845,2026-06-26T03:07:05.352116,65676.613,117380.371,0.826,5820.439,126212.69,0.021,0.0
487.896,2026-06-26T03:07:05.402896,65014.355,117380.371,0.809,5820.44,126212.69,0.02,0.0
487.947,2026-06-26T03:07:05.453707,64880.355,116580.371,0.797,5820.441,126212.69,0.02,0.0
487.998,2026-06-26T03:07:05.504533,64880.355,116580.371,0.834,5820.443,126212.69,0.02,0.0
488.049,2026-06-26T03:07:05.556252,64880.355,116580.371,0.81,5820.444,126212.69,0.02,0.0
488.1,2026-06-26T03:07:05.607256,64880.355,116580.371,0.797,5820.445,126212.69,0.02,0.0
488.151,2026-06-26T03:07:05.658269,64907.914,117380.371,0.834,5820.446,126262.69,0.02,980.188
488.202,2026-06-26T03:07:05.709271,64957.926,117380.371,0.859,5820.447,126262.69,0.02,0.0
488.253,2026-06-26T03:07:05.760272,65008.117,117380.371,0.831,5820.448,126262.69,0.02,0.0
488.305,2026-06-26T03:07:05.811273,65058.453,117380.371,0.858,5820.449,126262.69,0.02,0.0
488.356,2026-06-26T03:07:05.862287,65108.48,117380.371,0.784,5820.45,126262.69,0.02,0.0
488.407,2026-06-26T03:07:05.913322,65158.355,117380.371,0.824,5820.451,126262.69,0.02,0.0
488.458,2026-06-26T03:07:05.964344,65208.48,117380.371,0.761,5820.452,126262.69,0.02,0.0
488.509,2026-06-26T03:07:06.015388,65257.816,117380.371,0.808,5820.453,126262.69,0.02,0.0
488.56,2026-06-26T03:07:06.066434,65308.035,117380.371,0.795,5820.454,126262.69,0.02,0.0
488.611,2026-06-26T03:07:06.117492,65359.277,117380.371,0.786,5820.455,126262.69,0.02,0.0
488.662,2026-06-26T03:07:06.168544,65410.859,117380.371,0.78,5820.456,126262.69,0.02,0.0
488.713,2026-06-26T03:07:06.219570,65462.145,117380.371,0.776,5820.457,126262.69,0.02,0.0
488.764,2026-06-26T03:07:06.270630,65513.422,117380.371,0.819,5820.458,126262.69,0.02,0.0
488.815,2026-06-26T03:07:06.321656,65564.625,117380.371,0.756,5820.459,126262.69,0.02,0.0
488.866,2026-06-26T03:07:06.372738,65615.746,117380.371,0.805,5820.46,126262.69,0.02,0.0
488.917,2026-06-26T03:07:06.423760,65666.691,117380.371,0.793,5820.461,126262.69,0.02,0.0
488.968,2026-06-26T03:07:06.474813,65653.855,117380.371,0.785,5820.462,126262.69,0.02,0.0
489.019,2026-06-26T03:07:06.525844,65336.355,117380.371,0.825,5820.463,126262.69,0.02,0.0
489.07,2026-06-26T03:07:06.576883,64880.355,116580.371,0.807,5820.464,126262.69,0.02,0.0
489.121,2026-06-26T03:07:06.627910,64880.355,116580.371,0.795,5820.465,126262.69,0.02,0.0
489.172,2026-06-26T03:07:06.678925,64880.355,116580.371,0.786,5820.466,126262.69,0.02,0.0
489.223,2026-06-26T03:07:06.729944,64880.355,116580.371,0.78,5820.468,126262.69,0.02,0.0
489.274,2026-06-26T03:07:06.781006,64883.551,117380.371,0.776,5820.469,126312.69,0.02,979.927
489.325,2026-06-26T03:07:06.832043,64935.043,117380.371,0.772,5820.47,126312.69,0.02,0.0
489.376,2026-06-26T03:07:06.883096,64986.605,117380.371,0.77,5820.471,126312.69,0.02,0.0
489.427,2026-06-26T03:07:06.934118,65038.008,117380.371,0.815,5820.472,126312.69,0.02,0.0
489.478,2026-06-26T03:07:06.985176,65088.93,117380.371,0.754,5820.473,126312.69,0.02,0.0
489.529,2026-06-26T03:07:07.036229,65140.203,117380.371,0.804,5820.474,126312.69,0.02,0.0
489.58,2026-06-26T03:07:07.087233,65191.484,117380.371,0.746,5820.475,126312.69,0.02,0.0
489.631,2026-06-26T03:07:07.138237,65242.668,117380.371,0.798,5820.476,126312.69,0.02,0.0
489.682,2026-06-26T03:07:07.189225,65293.32,117380.371,0.789,5820.477,126312.69,0.02,0.0
489.733,2026-06-26T03:07:07.240223,65344.418,117380.371,0.828,5820.478,126312.69,0.02,0.0
489.784,2026-06-26T03:07:07.291252,65395.688,117380.371,0.809,5820.479,126312.69,0.02,0.0
489.835,2026-06-26T03:07:07.342258,65446.742,117380.371,0.796,5820.48,126312.69,0.02,0.0
489.886,2026-06-26T03:07:07.393266,65497.406,117380.371,0.833,5820.481,126312.69,0.02,0.0
489.938,2026-06-26T03:07:07.444282,65547.543,117380.371,0.859,5820.482,126312.69,0.02,0.0
489.989,2026-06-26T03:07:07.495288,65598.262,117380.371,0.785,5820.483,126312.69,0.02,0.0
490.04,2026-06-26T03:07:07.546379,65649.105,117380.371,0.779,5820.484,126312.69,0.02,0.0
490.091,2026-06-26T03:07:07.597387,65636.258,117380.371,0.775,5820.485,126312.69,0.02,0.0
490.142,2026-06-26T03:07:07.648440,65592.355,117380.371,0.818,5820.486,126312.69,0.02,0.0
490.193,2026-06-26T03:07:07.699466,64880.355,116580.371,0.802,5820.487,126312.69,0.02,0.0
490.244,2026-06-26T03:07:07.750530,64880.355,116580.371,0.791,5820.488,126312.69,0.02,0.0
490.295,2026-06-26T03:07:07.801573,64880.355,116580.371,0.783,5820.489,126312.69,0.02,0.0
490.346,2026-06-26T03:07:07.852608,64880.355,116580.371,0.778,5820.49,126312.69,0.02,0.0
490.397,2026-06-26T03:07:07.903634,64880.355,116580.371,0.774,5820.491,126312.69,0.02,0.0
490.448,2026-06-26T03:07:07.954703,64880.355,116580.371,0.634,5820.493,126362.69,0.02,980.138
490.499,2026-06-26T03:07:08.005731,64880.355,116580.371,0.444,5820.494,126362.69,0.02,0.0
490.55,2026-06-26T03:07:08.056787,64880.355,116580.371,0.31,5820.495,126362.69,0.02,0.0
490.601,2026-06-26T03:07:08.107811,64927.25,117380.371,0.447,5820.496,126362.69,0.02,0.0
490.652,2026-06-26T03:07:08.158865,64977.406,117380.371,0.542,5820.497,126362.69,0.02,0.0
490.703,2026-06-26T03:07:08.209897,65027.664,117380.371,0.563,5820.498,126362.69,0.02,0.0
490.754,2026-06-26T03:07:08.260949,65077.992,117380.371,0.67,5820.499,126362.69,0.02,0.0
490.805,2026-06-26T03:07:08.311968,65127.895,117380.371,0.744,5820.5,126362.69,0.02,0.0
490.856,2026-06-26T03:07:08.363022,65178.047,117380.371,0.797,5820.501,126362.69,0.02,0.0
490.907,2026-06-26T03:07:08.414042,65227.738,117380.371,0.833,5820.502,126362.69,0.02,0.0
490.958,2026-06-26T03:07:08.465059,65277.02,117380.371,0.768,5820.503,126362.69,0.021,0.0
491.009,2026-06-26T03:07:08.515644,65326.258,117380.371,0.769,5820.504,126362.69,0.021,0.0
491.059,2026-06-26T03:07:08.566247,65376.191,117380.371,0.815,5820.505,126362.69,0.02,0.0
491.11,2026-06-26T03:07:08.617198,65426.742,117380.371,0.755,5820.506,126362.69,0.02,0.0
491.161,2026-06-26T03:07:08.668124,65475.91,117380.371,0.804,5820.507,126362.69,0.02,0.0
491.212,2026-06-26T03:07:08.719081,65526.43,117380.371,0.793,5820.508,126362.69,0.02,0.0
491.263,2026-06-26T03:07:08.770021,65577.219,117380.371,0.739,5820.509,126362.69,0.02,0.0
491.314,2026-06-26T03:07:08.821005,65627.816,117380.371,0.793,5820.51,126362.69,0.02,0.0
491.365,2026-06-26T03:07:08.871961,65678.793,117380.371,0.785,5820.511,126362.69,0.02,0.0
491.416,2026-06-26T03:07:08.922952,65665.285,117380.371,0.78,5820.512,126362.69,0.02,0.0
491.467,2026-06-26T03:07:08.973928,65184.355,117380.371,0.822,5820.513,126362.69,0.02,0.0
491.518,2026-06-26T03:07:09.024897,64880.355,116580.371,0.805,5820.514,126362.69,0.02,0.0
491.569,2026-06-26T03:07:09.075837,64880.355,116580.371,0.794,5820.515,126362.69,0.02,0.0
491.62,2026-06-26T03:07:09.126817,64880.355,116580.371,0.785,5820.516,126362.69,0.02,0.0
491.671,2026-06-26T03:07:09.177768,64880.355,116580.371,0.78,5820.518,126362.69,0.02,0.0
491.722,2026-06-26T03:07:09.228765,64892.07,117380.371,0.73,5820.519,126412.69,0.02,981.027
491.773,2026-06-26T03:07:09.279712,64941.801,117380.371,0.787,5820.52,126412.69,0.02,0.0
491.824,2026-06-26T03:07:09.330676,64992.031,117380.371,0.735,5820.521,126412.69,0.02,0.0
491.875,2026-06-26T03:07:09.381642,65042.055,117380.371,0.744,5820.522,126412.69,0.02,0.0
491.926,2026-06-26T03:07:09.432615,65091.332,117380.371,0.843,5820.523,126412.69,0.02,0.0
491.977,2026-06-26T03:07:09.483580,65141.293,117380.371,0.82,5820.524,126412.69,0.02,0.0
492.028,2026-06-26T03:07:09.534556,65191.293,117380.371,0.804,5820.525,126412.69,0.02,0.0
492.079,2026-06-26T03:07:09.585508,65241.145,117380.371,0.885,5820.526,126412.69,0.02,0.0
492.13,2026-06-26T03:07:09.636498,65290.316,117380.371,0.849,5820.527,126412.69,0.02,0.0
492.181,2026-06-26T03:07:09.687459,65339.984,117380.371,0.824,5820.528,126412.69,0.02,0.0
492.232,2026-06-26T03:07:09.738423,65388.668,117380.371,0.761,5820.529,126412.69,0.02,0.0
492.283,2026-06-26T03:07:09.789362,65436.859,117380.371,0.81,5820.53,126412.69,0.021,0.0
492.333,2026-06-26T03:07:09.839938,65486.137,117380.371,0.751,5820.531,126412.69,0.02,0.0
492.384,2026-06-26T03:07:09.890947,65535.727,117380.371,0.756,5820.532,126412.69,0.02,0.0
492.435,2026-06-26T03:07:09.941899,65585.297,117380.371,0.805,5820.533,126412.69,0.02,0.0
492.486,2026-06-26T03:07:09.992880,65634.953,117380.371,0.747,5820.534,126412.69,0.02,0.0
492.537,2026-06-26T03:07:10.043854,65630.355,117330.371,0.799,5820.535,126412.69,0.02,0.0
492.588,2026-06-26T03:07:10.094829,65671.0,117380.371,0.835,5820.536,126412.69,0.02,0.0
492.639,2026-06-26T03:07:10.145814,65106.355,117380.371,0.769,5820.537,126412.69,0.02,0.0
492.76,2026-06-26T03:07:10.266598,64880.355,116580.371,0.908,5820.889,126412.69,2.92,0.0
492.81,2026-06-26T03:07:10.317027,64880.355,116580.371,0.867,5820.89,126412.69,0.021,0.0
492.861,2026-06-26T03:07:10.367635,64880.355,116580.371,0.839,5820.891,126462.69,0.021,988.388
492.911,2026-06-26T03:07:10.418238,64916.355,116630.371,0.864,5820.892,126462.69,0.021,0.0
492.962,2026-06-26T03:07:10.469009,64880.355,116580.371,0.836,5820.893,126462.69,0.02,0.0
493.013,2026-06-26T03:07:10.519902,64905.441,117380.371,0.769,5820.894,126512.69,0.02,980.913
493.064,2026-06-26T03:07:10.570865,64955.609,117380.371,0.768,5820.895,126512.69,0.02,0.0
493.115,2026-06-26T03:07:10.621840,65007.156,117380.371,0.814,5820.896,126512.69,0.02,0.0
493.166,2026-06-26T03:07:10.672793,65058.262,117380.371,0.845,5820.897,126512.69,0.02,0.0
493.217,2026-06-26T03:07:10.723898,65109.113,117380.371,0.775,5820.898,126512.69,0.02,0.0
493.268,2026-06-26T03:07:10.774967,65160.387,117380.371,0.818,5820.899,126512.69,0.02,0.0
493.319,2026-06-26T03:07:10.826004,65210.484,117380.371,0.803,5820.9,126512.69,0.021,0.0
493.37,2026-06-26T03:07:10.876540,65260.945,117380.371,0.794,5820.901,126512.69,0.021,0.0
493.42,2026-06-26T03:07:10.927081,65311.797,117380.371,0.787,5820.902,126512.69,0.021,0.0
493.471,2026-06-26T03:07:10.977731,65362.445,117380.371,0.783,5820.903,126512.69,0.021,0.0
493.522,2026-06-26T03:07:11.028353,65411.059,117380.371,0.826,5820.904,126512.69,0.021,0.0
493.572,2026-06-26T03:07:11.078939,65460.297,117380.371,0.763,5820.905,126512.69,0.021,0.0
493.623,2026-06-26T03:07:11.129545,65510.754,117380.371,0.766,5820.906,126512.69,0.021,0.0
493.673,2026-06-26T03:07:11.180132,65557.934,117380.371,0.768,5820.907,126512.69,0.021,0.0
493.724,2026-06-26T03:07:11.230754,65601.43,117380.371,0.769,5820.908,126512.69,0.021,0.0
493.775,2026-06-26T03:07:11.281360,65645.98,117380.371,0.77,5820.91,126512.69,0.021,0.0
493.825,2026-06-26T03:07:11.331937,65630.355,117330.371,0.817,5820.911,126512.69,0.021,0.0
493.876,2026-06-26T03:07:11.382546,65671.406,117380.371,0.757,5820.912,126512.69,0.021,0.0
493.926,2026-06-26T03:07:11.433114,65168.355,117380.371,0.762,5820.913,126512.69,0.021,0.0
493.977,2026-06-26T03:07:11.483740,64880.355,116580.371,0.811,5820.914,126512.69,0.02,0.0
494.028,2026-06-26T03:07:11.534845,64880.355,116580.371,0.797,5820.915,126512.69,0.021,0.0
494.079,2026-06-26T03:07:11.585447,64880.355,116580.371,0.789,5820.916,126512.69,0.021,0.0
494.129,2026-06-26T03:07:11.636032,64880.355,116580.371,0.784,5820.917,126512.69,0.021,0.0
494.18,2026-06-26T03:07:11.686625,64880.355,116580.371,0.78,5820.918,126562.69,0.021,988.099
494.23,2026-06-26T03:07:11.737233,64918.871,117380.371,0.824,5820.919,126562.69,0.021,0.0
494.281,2026-06-26T03:07:11.787818,64964.406,117380.371,0.809,5820.92,126562.69,0.021,0.0
494.332,2026-06-26T03:07:11.838427,65010.473,117380.371,0.798,5820.921,126562.69,0.021,0.0
494.382,2026-06-26T03:07:11.889019,65057.582,117380.371,0.79,5820.922,126562.69,0.021,0.0
494.433,2026-06-26T03:07:11.939624,65102.535,117380.371,0.784,5820.923,126562.69,0.021,0.0
494.483,2026-06-26T03:07:11.990242,65147.641,117380.371,0.781,5820.924,126562.69,0.021,0.0
494.534,2026-06-26T03:07:12.040832,65193.391,117380.371,0.824,5820.925,126562.69,0.021,0.0
494.585,2026-06-26T03:07:12.091449,65238.93,117380.371,0.762,5820.926,126562.69,0.021,0.0
494.635,2026-06-26T03:07:12.142062,65282.73,117380.371,0.765,5820.927,126562.69,0.021,0.0
494.686,2026-06-26T03:07:12.192777,65325.922,117380.371,0.766,5820.928,126562.69,0.021,0.0
494.737,2026-06-26T03:07:12.243516,65370.055,117380.371,0.768,5820.929,126562.69,0.021,0.0
494.787,2026-06-26T03:07:12.294245,65412.973,117380.371,0.768,5820.93,126562.69,0.021,0.0
494.838,2026-06-26T03:07:12.344968,65455.609,117380.371,0.769,5820.931,126562.69,0.021,0.0
494.889,2026-06-26T03:07:12.395710,65498.145,117380.371,0.815,5820.932,126562.69,0.021,0.0
494.94,2026-06-26T03:07:12.446451,65541.27,117380.371,0.756,5820.933,126562.69,0.021,0.0
494.99,2026-06-26T03:07:12.497193,65582.172,117380.371,0.806,5820.934,126562.69,0.021,0.0
495.041,2026-06-26T03:07:12.547914,65626.43,117380.371,0.795,5820.936,126562.69,0.021,0.0
495.092,2026-06-26T03:07:12.598637,65669.418,117380.371,0.834,5820.937,126562.69,0.021,0.0
495.143,2026-06-26T03:07:12.649392,65648.914,117380.371,0.861,5820.938,126562.69,0.021,0.0
495.193,2026-06-26T03:07:12.700061,65518.355,117380.371,0.834,5820.939,126562.69,0.021,0.0
495.244,2026-06-26T03:07:12.750790,64892.355,117380.371,0.815,5820.94,126562.69,0.021,0.0
495.295,2026-06-26T03:07:12.801382,64880.355,116580.371,0.802,5820.941,126562.69,0.021,0.0
495.345,2026-06-26T03:07:12.851958,64880.355,116580.371,0.793,5820.942,126562.69,0.021,0.0
495.396,2026-06-26T03:07:12.902579,64880.355,116580.371,0.787,5820.943,126562.69,0.021,0.0
495.446,2026-06-26T03:07:12.953184,64880.355,116580.371,0.782,5820.944,126562.69,0.021,0.0
495.497,2026-06-26T03:07:13.003768,64880.355,116580.371,0.733,5820.945,126562.69,0.021,0.0
495.548,2026-06-26T03:07:13.054352,64900.926,117380.371,0.745,5820.946,126612.69,0.021,988.752
495.598,2026-06-26T03:07:13.104934,64943.895,117380.371,0.753,5820.947,126612.69,0.021,0.0
495.649,2026-06-26T03:07:13.155644,64986.895,117380.371,0.804,5820.948,126612.69,0.021,0.0
495.7,2026-06-26T03:07:13.206374,65029.301,117380.371,0.794,5820.949,126612.69,0.021,0.0
495.75,2026-06-26T03:07:13.257116,65072.879,117380.371,0.74,5820.95,126612.69,0.02,0.0
495.801,2026-06-26T03:07:13.308220,65114.605,117380.371,0.747,5820.951,126612.69,0.02,0.0
495.853,2026-06-26T03:07:13.359293,65155.879,117380.371,0.798,5820.952,126612.69,0.02,0.0
495.904,2026-06-26T03:07:13.410408,65196.68,117380.371,0.788,5820.953,126612.69,0.02,0.0
495.955,2026-06-26T03:07:13.461490,65237.367,117380.371,0.781,5820.954,126612.69,0.02,0.0
496.006,2026-06-26T03:07:13.512601,65283.648,117380.371,0.776,5820.955,126612.69,0.02,0.0
496.057,2026-06-26T03:07:13.563682,65327.332,117380.371,0.772,5820.956,126612.69,0.02,0.0
496.108,2026-06-26T03:07:13.614781,65370.98,117380.371,0.77,5820.957,126612.69,0.02,0.0
496.159,2026-06-26T03:07:13.665870,65412.211,117380.371,0.814,5820.958,126612.69,0.02,0.0
496.21,2026-06-26T03:07:13.716951,65456.918,117380.371,0.8,5820.959,126612.69,0.02,0.0
496.261,2026-06-26T03:07:13.768026,65506.574,117380.371,0.789,5820.961,126612.69,0.02,0.0
496.312,2026-06-26T03:07:13.819110,65546.742,117380.371,0.782,5820.962,126612.69,0.02,0.0
496.363,2026-06-26T03:07:13.870218,65593.0,117380.371,0.823,5820.963,126612.69,0.02,0.0
496.414,2026-06-26T03:07:13.921272,65643.617,117380.371,0.805,5820.964,126612.69,0.02,0.0
496.466,2026-06-26T03:07:13.972346,65630.855,117380.371,0.793,5820.965,126612.69,0.02,0.0
496.517,2026-06-26T03:07:14.023420,65672.355,117380.371,0.785,5820.966,126612.69,0.02,0.0
496.568,2026-06-26T03:07:14.074489,64938.355,117380.371,0.779,5820.967,126612.69,0.02,0.0
496.619,2026-06-26T03:07:14.125466,64880.355,116580.371,0.775,5820.968,126612.69,0.02,0.0
496.67,2026-06-26T03:07:14.176419,64880.355,116580.371,0.773,5820.969,126612.69,0.02,0.0
496.721,2026-06-26T03:07:14.227376,64880.355,116580.371,0.771,5820.97,126612.69,0.02,0.0
496.772,2026-06-26T03:07:14.278317,64880.355,116580.371,0.77,5820.971,126612.69,0.02,0.0
496.822,2026-06-26T03:07:14.329269,64909.445,116630.371,0.814,5820.972,126662.69,0.02,979.685
496.874,2026-06-26T03:07:14.380364,64880.355,116580.371,0.845,5820.973,126662.69,0.02,0.0
496.925,2026-06-26T03:07:14.431426,64899.059,116630.371,0.822,5820.974,126712.69,0.02,981.082
496.976,2026-06-26T03:07:14.482429,64880.355,116580.371,0.805,5820.975,126712.69,0.02,0.0
497.027,2026-06-26T03:07:14.533490,64888.438,117380.371,0.793,5820.976,126762.69,0.02,979.964
497.078,2026-06-26T03:07:14.584525,64938.676,117380.371,0.876,5820.977,126762.69,0.02,0.0
497.129,2026-06-26T03:07:14.635558,64989.152,117380.371,0.797,5820.978,126762.69,0.02,0.0
497.18,2026-06-26T03:07:14.686652,65040.492,117380.371,0.787,5820.979,126762.69,0.02,0.0
497.231,2026-06-26T03:07:14.737731,65092.055,117380.371,0.826,5820.98,126762.69,0.02,0.0
497.282,2026-06-26T03:07:14.788844,65143.621,117380.371,0.808,5820.981,126762.69,0.02,0.0
497.333,2026-06-26T03:07:14.839941,65195.41,117380.371,0.795,5820.982,126762.69,0.02,0.0
497.384,2026-06-26T03:07:14.891050,65246.727,117380.371,0.786,5820.983,126762.69,0.02,0.0
497.435,2026-06-26T03:07:14.942181,65295.98,117380.371,0.779,5820.984,126762.69,0.02,0.0
497.486,2026-06-26T03:07:14.993252,65344.672,117380.371,0.775,5820.986,126762.69,0.02,0.0
497.538,2026-06-26T03:07:15.044345,65395.352,117380.371,0.864,5820.987,126762.69,0.02,0.0
497.589,2026-06-26T03:07:15.095462,65446.234,117380.371,0.788,5820.988,126762.69,0.02,0.0
497.64,2026-06-26T03:07:15.146545,65497.184,117380.371,0.781,5820.989,126762.69,0.02,0.0
497.761,2026-06-26T03:07:15.268219,65617.715,117380.371,0.914,5821.34,126762.69,2.901,0.0
497.812,2026-06-26T03:07:15.318655,65667.543,117380.371,0.917,5821.341,126762.69,0.021,0.0
497.863,2026-06-26T03:07:15.369371,65654.316,117380.371,0.827,5821.342,126762.69,0.021,0.0
497.913,2026-06-26T03:07:15.420109,65326.355,117380.371,0.855,5821.343,126762.69,0.02,0.0
497.964,2026-06-26T03:07:15.471008,64880.355,116580.371,0.829,5821.344,126762.69,0.02,0.0
498.015,2026-06-26T03:07:15.521843,64880.355,116580.371,0.81,5821.345,126762.69,0.02,0.0
498.066,2026-06-26T03:07:15.572803,64880.355,116580.371,0.797,5821.346,126762.69,0.02,0.0
498.117,2026-06-26T03:07:15.623738,64880.355,116580.371,0.788,5821.347,126762.69,0.02,0.0
498.168,2026-06-26T03:07:15.674698,64884.219,117380.371,0.782,5821.348,126812.69,0.02,981.73
498.219,2026-06-26T03:07:15.725653,64935.551,117380.371,0.777,5821.349,126812.69,0.02,0.0
498.27,2026-06-26T03:07:15.776748,64986.859,117380.371,0.773,5821.35,126812.69,0.02,0.0
498.321,2026-06-26T03:07:15.827843,65038.387,117380.371,0.77,5821.351,126812.69,0.02,0.0
498.372,2026-06-26T03:07:15.878950,65089.863,117380.371,0.814,5821.353,126812.69,0.02,0.0
498.423,2026-06-26T03:07:15.930047,65141.293,117380.371,0.799,5821.354,126812.69,0.02,0.0
498.474,2026-06-26T03:07:15.981169,65192.145,117380.371,0.835,5821.355,126812.69,0.02,0.0
498.525,2026-06-26T03:07:16.032234,65242.398,117380.371,0.768,5821.356,126812.69,0.02,0.0
498.577,2026-06-26T03:07:16.083302,65293.109,117380.371,0.813,5821.357,126812.69,0.02,0.0
498.628,2026-06-26T03:07:16.134405,65344.527,117380.371,0.798,5821.358,126812.69,0.02,0.0
498.679,2026-06-26T03:07:16.185504,65395.984,117380.371,0.788,5821.359,126812.69,0.02,0.0
498.73,2026-06-26T03:07:16.236617,65447.523,117380.371,0.827,5821.36,126812.69,0.02,0.0
498.781,2026-06-26T03:07:16.287711,65497.797,117380.371,0.854,5821.361,126812.69,0.02,0.0
498.832,2026-06-26T03:07:16.338826,65548.547,117380.371,0.781,5821.362,126812.69,0.02,0.0
498.883,2026-06-26T03:07:16.389923,65599.312,117380.371,0.776,5821.363,126812.69,0.02,0.0
498.934,2026-06-26T03:07:16.441036,65649.996,117380.371,0.773,5821.364,126812.69,0.02,0.0
498.985,2026-06-26T03:07:16.492125,65637.082,117380.371,0.816,5821.365,126812.69,0.02,0.0
499.036,2026-06-26T03:07:16.543215,65584.355,117380.371,0.801,5821.366,126812.69,0.02,0.0
499.087,2026-06-26T03:07:16.594260,64880.355,116580.371,0.791,5821.367,126812.69,0.02,0.0
499.138,2026-06-26T03:07:16.645195,64880.355,116580.371,0.784,5821.368,126812.69,0.02,0.0
499.189,2026-06-26T03:07:16.696116,64880.355,116580.371,0.778,5821.369,126812.69,0.02,0.0
499.24,2026-06-26T03:07:16.747076,64880.355,116580.371,0.775,5821.37,126812.69,0.02,0.0
499.291,2026-06-26T03:07:16.798013,64880.355,116580.371,0.772,5821.371,126862.69,0.02,980.931
499.342,2026-06-26T03:07:16.849014,64917.855,116630.371,0.862,5821.372,126862.69,0.02,0.0
499.393,2026-06-26T03:07:16.900097,64880.355,116580.371,0.833,5821.373,126862.69,0.02,0.0
499.444,2026-06-26T03:07:16.951200,64907.727,117380.371,0.813,5821.374,126912.69,0.02,981.294
499.495,2026-06-26T03:07:17.002177,64958.891,117380.371,0.752,5821.375,126912.69,0.02,0.0
499.546,2026-06-26T03:07:17.053246,65010.004,117380.371,0.756,5821.376,126912.69,0.02,0.0
499.598,2026-06-26T03:07:17.104351,65061.453,117380.371,0.804,5821.378,126912.69,0.02,0.0
499.649,2026-06-26T03:07:17.155458,65112.875,117380.371,0.793,5821.379,126912.69,0.02,0.0
499.7,2026-06-26T03:07:17.206534,65164.316,117380.371,0.784,5821.38,126912.69,0.02,0.0
499.751,2026-06-26T03:07:17.257653,65215.199,117380.371,0.778,5821.381,126912.69,0.02,0.0
499.802,2026-06-26T03:07:17.308749,65265.363,117380.371,0.82,5821.382,126912.69,0.02,0.0
499.853,2026-06-26T03:07:17.359873,65316.234,117380.371,0.803,5821.383,126912.69,0.02,0.0
499.904,2026-06-26T03:07:17.410966,65367.855,117380.371,0.746,5821.384,126912.69,0.02,0.0
499.955,2026-06-26T03:07:17.462083,65419.418,117380.371,0.842,5821.385,126912.69,0.02,0.0
500.006,2026-06-26T03:07:17.513244,65469.672,117380.371,0.82,5821.386,126912.69,0.02,0.0
500.057,2026-06-26T03:07:17.564209,65520.18,117380.371,0.804,5821.387,126912.69,0.02,0.0
500.109,2026-06-26T03:07:17.615834,65571.141,117380.371,0.789,5821.388,126912.69,0.02,0.0
500.16,2026-06-26T03:07:17.667106,65621.93,117380.371,0.781,5821.389,126912.69,0.02,0.0
500.211,2026-06-26T03:07:17.718108,65672.559,117380.371,0.777,5821.39,126912.69,0.02,0.0
500.262,2026-06-26T03:07:17.769099,65659.355,117380.371,0.774,5821.391,126912.69,0.02,0.0
500.313,2026-06-26T03:07:17.820073,65272.355,117380.371,0.771,5821.392,126912.69,0.02,0.0
500.364,2026-06-26T03:07:17.871068,64880.355,116580.371,0.816,5821.393,126912.69,0.02,0.0
500.415,2026-06-26T03:07:17.922042,64880.355,116580.371,0.801,5821.394,126912.69,0.02,0.0
500.466,2026-06-26T03:07:17.973026,64880.355,116580.371,0.791,5821.395,126912.69,0.02,0.0
500.517,2026-06-26T03:07:18.024013,64880.355,116580.371,0.783,5821.396,126912.69,0.02,0.0
500.568,2026-06-26T03:07:18.075005,64880.355,116580.371,0.824,5821.397,126962.69,0.02,981.0
500.619,2026-06-26T03:07:18.125975,64928.84,116630.371,0.761,5821.398,126962.69,0.02,0.0
500.67,2026-06-26T03:07:18.176971,64880.355,116580.371,0.808,5821.399,127012.69,0.02,981.193
500.721,2026-06-26T03:07:18.227939,64918.492,116630.371,0.796,5821.4,127012.69,0.02,0.0
500.772,2026-06-26T03:07:18.278956,64880.355,116580.371,0.787,5821.401,127012.69,0.02,0.0
500.823,2026-06-26T03:07:18.329930,64908.355,116630.371,0.78,5821.403,127062.69,0.02,980.459
500.874,2026-06-26T03:07:18.380933,64880.355,116580.371,0.822,5821.404,127062.69,0.02,0.0
500.925,2026-06-26T03:07:18.431908,64898.113,116630.371,0.851,5821.405,127112.69,0.02,980.853
500.976,2026-06-26T03:07:18.482895,64880.355,116580.371,0.78,5821.406,127112.69,0.02,0.0
501.027,2026-06-26T03:07:18.533899,64887.367,117380.371,0.822,5821.407,127162.69,0.02,980.5
501.078,2026-06-26T03:07:18.584879,64937.164,117380.371,0.805,5821.408,127162.69,0.02,0.0
501.129,2026-06-26T03:07:18.635854,64987.305,117380.371,0.793,5821.409,127162.69,0.02,0.0
501.18,2026-06-26T03:07:18.686841,65036.859,117380.371,0.785,5821.41,127162.69,0.02,0.0
501.231,2026-06-26T03:07:18.737819,65085.805,117380.371,0.779,5821.411,127162.69,0.02,0.0
501.282,2026-06-26T03:07:18.788832,65133.785,117380.371,0.821,5821.412,127162.69,0.02,0.0
501.333,2026-06-26T03:07:18.839795,65183.48,117380.371,0.759,5821.413,127162.69,0.02,0.0
501.384,2026-06-26T03:07:18.890790,65232.82,117380.371,0.807,5821.414,127162.69,0.02,0.0
501.435,2026-06-26T03:07:18.941767,65282.555,117380.371,0.795,5821.415,127162.69,0.02,0.0
501.486,2026-06-26T03:07:18.992805,65332.109,117380.371,0.786,5821.416,127162.69,0.02,0.0
501.537,2026-06-26T03:07:19.043797,65381.371,117380.371,0.78,5821.417,127162.69,0.02,0.0
501.588,2026-06-26T03:07:19.094779,65430.914,117380.371,0.822,5821.418,127162.69,0.02,0.0
501.639,2026-06-26T03:07:19.145757,65480.332,117380.371,0.805,5821.419,127162.69,0.02,0.0
501.69,2026-06-26T03:07:19.196761,65529.633,117380.371,0.748,5821.42,127162.69,0.02,0.0
501.741,2026-06-26T03:07:19.247747,65579.047,117380.371,0.799,5821.421,127162.69,0.02,0.0
501.792,2026-06-26T03:07:19.298746,65627.992,117380.371,0.789,5821.422,127162.69,0.02,0.0
501.843,2026-06-26T03:07:19.349676,65677.992,117380.371,0.784,5821.423,127162.69,0.021,0.0
501.893,2026-06-26T03:07:19.400234,65664.355,117380.371,0.78,5821.424,127162.69,0.021,0.0
501.944,2026-06-26T03:07:19.451015,65198.355,117380.371,0.776,5821.425,127162.69,0.02,0.0
501.995,2026-06-26T03:07:19.502011,64880.355,116580.371,0.819,5821.426,127162.69,0.02,0.0
502.046,2026-06-26T03:07:19.552985,64880.355,116580.371,0.803,5821.427,127162.69,0.02,0.0
502.097,2026-06-26T03:07:19.603973,64880.355,116580.371,0.792,5821.429,127162.69,0.02,0.0
502.148,2026-06-26T03:07:19.654943,64880.355,116580.371,0.784,5821.43,127162.69,0.02,0.0
502.199,2026-06-26T03:07:19.705981,64889.168,116630.371,0.825,5821.431,127212.69,0.02,980.848
502.25,2026-06-26T03:07:19.756955,64880.355,116580.371,0.761,5821.432,127212.69,0.02,0.0
502.301,2026-06-26T03:07:19.807942,64880.355,116580.371,0.809,5821.433,127262.69,0.02,980.275
502.352,2026-06-26T03:07:19.858939,64928.355,116630.371,0.75,5821.434,127262.69,0.02,0.0
502.403,2026-06-26T03:07:19.909928,64880.355,116580.371,0.801,5821.435,127312.69,0.02,980.298
502.454,2026-06-26T03:07:19.960927,64916.32,116630.371,0.79,5821.436,127312.69,0.02,0.0
502.505,2026-06-26T03:07:20.011952,64880.355,116580.371,0.783,5821.437,127312.69,0.02,0.0
502.556,2026-06-26T03:07:20.062925,64905.355,116630.371,0.778,5821.438,127362.69,0.02,980.087
502.607,2026-06-26T03:07:20.113925,64880.355,116580.371,0.774,5821.439,127362.69,0.02,0.0
502.658,2026-06-26T03:07:20.164911,64893.109,117380.371,0.818,5821.44,127412.69,0.02,980.06
502.779,2026-06-26T03:07:20.286121,65010.551,117380.371,0.941,5821.791,127412.69,2.908,0.0
502.83,2026-06-26T03:07:20.336565,65059.75,117380.371,0.844,5821.792,127412.69,0.021,0.0
502.88,2026-06-26T03:07:20.387189,65110.043,117380.371,0.915,5821.793,127412.69,0.021,0.0
502.931,2026-06-26T03:07:20.437818,65160.043,117380.371,0.826,5821.794,127412.69,0.021,0.0
502.982,2026-06-26T03:07:20.488405,65210.043,117380.371,0.856,5821.795,127412.69,0.021,0.0
503.032,2026-06-26T03:07:20.539047,65260.512,117380.371,0.829,5821.796,127412.69,0.02,0.0
503.083,2026-06-26T03:07:20.590045,65311.137,117380.371,0.811,5821.797,127412.69,0.02,0.0
503.134,2026-06-26T03:07:20.641024,65361.801,117380.371,0.797,5821.798,127412.69,0.02,0.0
503.185,2026-06-26T03:07:20.692012,65412.449,117380.371,0.834,5821.799,127412.69,0.02,0.0
503.236,2026-06-26T03:07:20.742986,65462.941,117380.371,0.767,5821.8,127412.69,0.02,0.0
503.287,2026-06-26T03:07:20.793984,65513.43,117380.371,0.767,5821.801,127412.69,0.02,0.0
503.338,2026-06-26T03:07:20.844959,65564.164,117380.371,0.813,5821.803,127412.69,0.02,0.0
503.389,2026-06-26T03:07:20.895957,65614.918,117380.371,0.845,5821.804,127412.69,0.02,0.0
503.44,2026-06-26T03:07:20.946941,65665.746,117380.371,0.821,5821.805,127412.69,0.02,0.0
503.491,2026-06-26T03:07:20.997939,65652.855,117380.371,0.759,5821.806,127412.69,0.02,0.0
503.542,2026-06-26T03:07:21.048944,65336.355,117380.371,0.807,5821.807,127412.69,0.02,0.0
503.593,2026-06-26T03:07:21.099931,64880.355,116580.371,0.795,5821.808,127412.69,0.02,0.0
503.644,2026-06-26T03:07:21.150902,64880.355,116580.371,0.786,5821.809,127412.69,0.02,0.0
503.695,2026-06-26T03:07:21.201901,64880.355,116580.371,0.78,5821.81,127412.69,0.02,0.0
503.746,2026-06-26T03:07:21.252867,64880.355,116580.371,0.776,5821.811,127412.69,0.02,0.0
503.797,2026-06-26T03:07:21.303897,64886.992,117380.371,0.773,5821.812,127462.69,0.02,980.968
503.848,2026-06-26T03:07:21.354869,64937.125,117380.371,0.817,5821.813,127462.69,0.02,0.0
503.899,2026-06-26T03:07:21.405868,64987.391,117380.371,0.756,5821.814,127462.69,0.02,0.0
503.95,2026-06-26T03:07:21.456843,65037.641,117380.371,0.851,5821.815,127462.69,0.02,0.0
504.001,2026-06-26T03:07:21.507841,65088.109,117380.371,0.825,5821.816,127462.69,0.02,0.0
504.052,2026-06-26T03:07:21.558840,65138.168,117380.371,0.807,5821.817,127462.69,0.02,0.0
504.103,2026-06-26T03:07:21.609822,65188.562,117380.371,0.795,5821.818,127462.69,0.02,0.0
504.154,2026-06-26T03:07:21.660794,65238.762,117380.371,0.786,5821.819,127462.69,0.02,0.0
504.205,2026-06-26T03:07:21.711792,65289.184,117380.371,0.826,5821.82,127462.69,0.02,0.0
504.256,2026-06-26T03:07:21.762767,65339.625,117380.371,0.762,5821.821,127462.69,0.02,0.0
504.307,2026-06-26T03:07:21.813772,65390.957,117380.371,0.763,5821.822,127462.69,0.02,0.0
504.358,2026-06-26T03:07:21.864739,65442.492,117380.371,0.81,5821.823,127462.69,0.02,0.0
504.409,2026-06-26T03:07:21.915719,65493.137,117380.371,0.751,5821.824,127462.69,0.02,0.0
504.46,2026-06-26T03:07:21.966707,65543.75,117380.371,0.801,5821.825,127462.69,0.02,0.0
504.511,2026-06-26T03:07:22.017725,65594.461,117380.371,0.791,5821.826,127462.69,0.02,0.0
504.562,2026-06-26T03:07:22.068694,65645.137,117380.371,0.737,5821.828,127462.69,0.02,0.0
504.613,2026-06-26T03:07:22.119681,65632.395,117380.371,0.746,5821.829,127462.69,0.02,0.0
504.664,2026-06-26T03:07:22.170647,65652.355,117380.371,0.844,5821.83,127462.69,0.02,0.0
504.715,2026-06-26T03:07:22.221670,64892.355,117380.371,0.821,5821.831,127462.69,0.02,0.0
504.766,2026-06-26T03:07:22.272641,64880.355,116580.371,0.804,5821.832,127462.69,0.02,0.0
504.817,2026-06-26T03:07:22.323637,64880.355,116580.371,0.793,5821.833,127462.69,0.02,0.0
504.868,2026-06-26T03:07:22.374611,64880.355,116580.371,0.785,5821.834,127462.69,0.02,0.0
504.919,2026-06-26T03:07:22.425605,64880.355,116580.371,0.779,5821.835,127512.69,0.02,980.193
504.97,2026-06-26T03:07:22.476614,64915.238,116630.371,0.775,5821.836,127512.69,0.02,0.0
505.021,2026-06-26T03:07:22.527595,64880.355,116580.371,0.773,5821.837,127512.69,0.02,0.0
505.072,2026-06-26T03:07:22.578561,64904.855,116630.371,0.817,5821.838,127562.69,0.02,979.616
505.123,2026-06-26T03:07:22.629608,64880.355,116580.371,0.801,5821.839,127562.69,0.02,0.0
505.174,2026-06-26T03:07:22.680641,64894.703,116630.371,0.79,5821.84,127612.69,0.02,978.843
505.225,2026-06-26T03:07:22.731722,64880.355,116580.371,0.829,5821.841,127612.69,0.02,0.0
505.276,2026-06-26T03:07:22.782740,64884.328,117380.371,0.81,5821.842,127662.69,0.02,979.767
505.327,2026-06-26T03:07:22.833786,64935.375,117380.371,0.797,5821.843,127662.69,0.02,0.0
505.378,2026-06-26T03:07:22.884817,64986.605,117380.371,0.787,5821.844,127662.69,0.02,0.0
505.429,2026-06-26T03:07:22.935859,65037.844,117380.371,0.872,5821.845,127662.69,0.02,0.0
505.48,2026-06-26T03:07:22.986905,65089.184,117380.371,0.794,5821.846,127662.69,0.02,0.0
505.531,2026-06-26T03:07:23.037943,65140.332,117380.371,0.786,5821.847,127662.69,0.02,0.0
505.582,2026-06-26T03:07:23.088955,65178.32,117380.371,0.734,5821.848,127662.69,0.02,0.0
505.633,2026-06-26T03:07:23.140002,65180.898,117380.371,0.559,5821.849,127662.69,0.02,0.0
505.684,2026-06-26T03:07:23.191025,65232.309,117380.371,0.621,5821.85,127662.69,0.02,0.0
505.735,2026-06-26T03:07:23.242068,65283.48,117380.371,0.665,5821.851,127662.69,0.02,0.0
505.786,2026-06-26T03:07:23.293089,65335.043,117380.371,0.692,5821.852,127662.69,0.02,0.0
505.838,2026-06-26T03:07:23.344820,65385.852,117380.371,0.714,5821.854,127662.69,0.02,0.0
505.889,2026-06-26T03:07:23.395870,65436.754,117380.371,0.729,5821.855,127662.69,0.02,0.0
505.94,2026-06-26T03:07:23.446918,65487.855,117380.371,0.786,5821.856,127662.69,0.02,0.0
505.991,2026-06-26T03:07:23.497930,65538.676,117380.371,0.734,5821.857,127662.69,0.02,0.0
506.042,2026-06-26T03:07:23.548978,65589.438,117380.371,0.744,5821.858,127662.69,0.02,0.0
506.093,2026-06-26T03:07:23.599986,65640.254,117380.371,0.796,5821.859,127662.69,0.02,0.0
506.144,2026-06-26T03:07:23.651060,65630.355,117330.371,0.787,5821.86,127662.69,0.02,0.0
506.195,2026-06-26T03:07:23.702068,65677.875,117380.371,0.78,5821.861,127662.69,0.02,0.0
506.246,2026-06-26T03:07:23.753109,64958.355,117380.371,0.776,5821.862,127662.69,0.02,0.0
506.297,2026-06-26T03:07:23.804118,64880.355,116580.371,0.819,5821.863,127662.69,0.02,0.0
506.348,2026-06-26T03:07:23.855188,64880.355,116580.371,0.803,5821.864,127662.69,0.02,0.0
506.399,2026-06-26T03:07:23.906205,64880.355,116580.371,0.792,5821.865,127662.69,0.02,0.0
506.45,2026-06-26T03:07:23.957237,64880.355,116580.371,0.83,5821.866,127662.69,0.02,0.0
506.501,2026-06-26T03:07:24.008236,64910.672,117380.371,0.81,5821.867,127712.69,0.02,979.959
506.552,2026-06-26T03:07:24.059248,64960.805,117380.371,0.797,5821.868,127712.69,0.02,0.0
506.603,2026-06-26T03:07:24.110247,65010.891,117380.371,0.788,5821.869,127712.69,0.02,0.0
506.654,2026-06-26T03:07:24.161264,65061.059,117380.371,0.827,5821.87,127712.69,0.02,0.0
506.705,2026-06-26T03:07:24.212207,65111.059,117380.371,0.81,5821.871,127712.69,0.021,0.0
506.756,2026-06-26T03:07:24.262866,65160.805,117380.371,0.796,5821.872,127712.69,0.02,0.0
506.807,2026-06-26T03:07:24.314078,65210.922,117380.371,0.788,5821.873,127712.69,0.02,0.0
506.858,2026-06-26T03:07:24.364937,65260.805,117380.371,0.783,5821.874,127712.69,0.021,0.0
506.909,2026-06-26T03:07:24.415505,65311.227,117380.371,0.779,5821.875,127712.69,0.021,0.0
506.959,2026-06-26T03:07:24.466105,65361.859,117380.371,0.777,5821.876,127712.69,0.021,0.0
507.01,2026-06-26T03:07:24.516733,65412.621,117380.371,0.775,5821.877,127712.69,0.021,0.0
507.061,2026-06-26T03:07:24.567369,65462.621,117380.371,0.774,5821.879,127712.69,0.021,0.0
507.111,2026-06-26T03:07:24.617988,65512.367,117380.371,0.773,5821.88,127712.69,0.021,0.0
507.162,2026-06-26T03:07:24.668623,65562.461,117380.371,0.773,5821.881,127712.69,0.021,0.0
507.212,2026-06-26T03:07:24.719227,65612.699,117380.371,0.773,5821.882,127712.69,0.021,0.0
507.263,2026-06-26T03:07:24.769832,65662.879,117380.371,0.818,5821.883,127712.69,0.021,0.0
507.314,2026-06-26T03:07:24.820477,65649.633,117380.371,0.758,5821.884,127712.69,0.021,0.0
507.364,2026-06-26T03:07:24.871089,65396.355,117380.371,0.808,5821.885,127712.69,0.021,0.0
507.415,2026-06-26T03:07:24.921726,64880.355,116580.371,0.797,5821.886,127712.69,0.021,0.0
507.466,2026-06-26T03:07:24.972342,64880.355,116580.371,0.79,5821.887,127712.69,0.021,0.0
507.516,2026-06-26T03:07:25.022943,64880.355,116580.371,0.784,5821.888,127712.69,0.021,0.0
507.567,2026-06-26T03:07:25.073608,64880.355,116580.371,0.78,5821.889,127712.69,0.021,0.0
507.617,2026-06-26T03:07:25.124212,64880.617,116630.371,0.778,5821.89,127762.69,0.021,988.188
507.668,2026-06-26T03:07:25.174815,64929.43,116630.371,0.776,5821.891,127762.69,0.021,0.0
507.758,2026-06-26T03:07:25.264537,64906.574,117380.371,0.883,5822.242,127812.69,3.926,558.663
507.808,2026-06-26T03:07:25.314948,64955.898,117380.371,0.85,5822.243,127812.69,0.021,0.0
507.859,2026-06-26T03:07:25.365597,65005.234,117380.371,0.873,5822.244,127812.69,0.021,0.0
507.909,2026-06-26T03:07:25.416216,65054.562,117380.371,0.796,5822.246,127812.69,0.021,0.0
507.96,2026-06-26T03:07:25.466813,65104.105,117380.371,0.835,5822.247,127812.69,0.021,0.0
508.011,2026-06-26T03:07:25.517460,65153.953,117380.371,0.816,5822.248,127812.69,0.021,0.0
508.061,2026-06-26T03:07:25.568064,65203.801,117380.371,0.803,5822.249,127812.69,0.021,0.0
508.112,2026-06-26T03:07:25.618702,65253.387,117380.371,0.794,5822.25,127812.69,0.021,0.0
508.163,2026-06-26T03:07:25.669343,65303.027,117380.371,0.833,5822.251,127812.69,0.021,0.0
508.213,2026-06-26T03:07:25.719940,65352.805,117380.371,0.768,5822.252,127812.69,0.021,0.0
508.264,2026-06-26T03:07:25.770577,65402.637,117380.371,0.769,5822.253,127812.69,0.021,0.0
508.314,2026-06-26T03:07:25.821182,65451.691,117380.371,0.817,5822.254,127812.69,0.021,0.0
508.365,2026-06-26T03:07:25.871789,65500.777,117380.371,0.757,5822.255,127812.69,0.021,0.0
508.416,2026-06-26T03:07:25.922449,65549.367,117380.371,0.761,5822.256,127812.69,0.021,0.0
508.466,2026-06-26T03:07:25.973045,65598.543,117380.371,0.764,5822.257,127812.69,0.021,0.0
508.517,2026-06-26T03:07:26.023677,65647.805,117380.371,0.813,5822.258,127812.69,0.021,0.0
508.568,2026-06-26T03:07:26.074306,65633.863,117380.371,0.754,5822.259,127812.69,0.021,0.0
508.618,2026-06-26T03:07:26.124915,65636.363,117380.371,0.759,5822.26,127812.69,0.021,0.0
508.669,2026-06-26T03:07:26.175558,64898.363,117380.371,0.763,5822.261,127812.69,0.021,0.0
508.719,2026-06-26T03:07:26.226193,64880.363,116580.371,0.812,5822.262,127812.69,0.021,0.0
508.77,2026-06-26T03:07:26.276788,64880.363,116580.371,0.846,5822.263,127812.69,0.021,0.0
508.821,2026-06-26T03:07:26.327416,64880.363,116580.371,0.778,5822.264,127812.69,0.021,0.0
508.871,2026-06-26T03:07:26.378025,64880.363,116580.371,0.822,5822.265,127812.69,0.021,0.0
508.922,2026-06-26T03:07:26.428666,64912.672,116630.371,0.807,5822.266,127862.69,0.021,987.955
508.973,2026-06-26T03:07:26.479284,64880.363,116580.371,0.843,5822.267,127862.69,0.021,0.0
509.023,2026-06-26T03:07:26.529886,64901.863,116630.371,0.821,5822.268,127912.69,0.021,986.876
509.074,2026-06-26T03:07:26.580568,64880.363,116580.371,0.805,5822.269,127912.69,0.02,0.0
509.125,2026-06-26T03:07:26.631595,64891.223,117380.371,0.793,5822.271,127962.69,0.02,979.552
509.176,2026-06-26T03:07:26.682632,64940.777,117380.371,0.831,5822.272,127962.69,0.02,0.0
509.227,2026-06-26T03:07:26.733659,64990.93,117380.371,0.765,5822.273,127962.69,0.02,0.0
509.278,2026-06-26T03:07:26.784706,65041.059,117380.371,0.765,5822.274,127962.69,0.02,0.0
509.329,2026-06-26T03:07:26.835750,65091.246,117380.371,0.765,5822.275,127962.69,0.02,0.0
509.38,2026-06-26T03:07:26.886772,65141.254,117380.371,0.811,5822.276,127962.69,0.02,0.0
509.431,2026-06-26T03:07:26.937795,65191.199,117380.371,0.797,5822.277,127962.69,0.02,0.0
509.482,2026-06-26T03:07:26.988834,65242.062,117380.371,0.788,5822.278,127962.69,0.02,0.0
509.533,2026-06-26T03:07:27.039847,65293.371,117380.371,0.781,5822.279,127962.69,0.02,0.0
509.584,2026-06-26T03:07:27.090918,65344.676,117380.371,0.776,5822.28,127962.69,0.02,0.0
509.635,2026-06-26T03:07:27.141926,65393.895,117380.371,0.773,5822.281,127962.69,0.02,0.0
509.686,2026-06-26T03:07:27.192961,65444.66,117380.371,0.817,5822.282,127962.69,0.02,0.0
509.737,2026-06-26T03:07:27.243973,65495.551,117380.371,0.802,5822.283,127962.69,0.02,0.0
509.788,2026-06-26T03:07:27.295020,65546.168,117380.371,0.791,5822.284,127962.69,0.02,0.0
509.839,2026-06-26T03:07:27.346041,65596.895,117380.371,0.783,5822.285,127962.69,0.02,0.0
509.89,2026-06-26T03:07:27.397065,65647.652,117380.371,0.824,5822.286,127962.69,0.02,0.0
509.941,2026-06-26T03:07:27.448078,65634.965,117380.371,0.806,5822.287,127962.69,0.02,0.0
509.992,2026-06-26T03:07:27.499129,65612.363,117380.371,0.794,5822.288,127962.69,0.02,0.0
510.043,2026-06-26T03:07:27.550192,64880.363,116580.371,0.785,5822.289,127962.69,0.02,0.0
510.094,2026-06-26T03:07:27.601210,64880.363,116580.371,0.779,5822.29,127962.69,0.02,0.0
510.145,2026-06-26T03:07:27.652203,64880.363,116580.371,0.775,5822.291,127962.69,0.02,0.0
510.196,2026-06-26T03:07:27.703242,64880.363,116580.371,0.772,5822.292,127962.69,0.02,0.0
510.247,2026-06-26T03:07:27.754236,64880.363,116580.371,0.771,5822.293,128012.69,0.02,980.582
510.298,2026-06-26T03:07:27.805238,64916.832,116630.371,0.815,5822.294,128012.69,0.02,0.0
510.349,2026-06-26T03:07:27.856229,64880.363,116580.371,0.8,5822.296,128012.69,0.02,0.0
510.4,2026-06-26T03:07:27.907221,64226.363,116580.371,0.744,5822.297,128062.69,0.02,980.812
510.451,2026-06-26T03:07:27.958213,63280.363,114980.371,0.797,5822.298,128062.69,0.02,0.0
510.502,2026-06-26T03:07:28.009224,63280.363,114980.371,0.787,5822.299,128062.69,0.02,0.0
510.553,2026-06-26T03:07:28.060179,63280.363,114980.371,0.782,5822.3,128062.69,0.021,0.0
510.604,2026-06-26T03:07:28.110722,63280.363,114980.371,0.779,5822.301,128062.69,0.021,0.0
510.655,2026-06-26T03:07:28.161321,63280.363,114980.371,0.776,5822.302,128062.69,0.02,0.0
510.705,2026-06-26T03:07:28.212187,63280.363,114980.371,0.821,5822.303,128062.69,0.021,0.0
510.756,2026-06-26T03:07:28.262733,63250.742,123172.371,0.806,5822.304,128062.69,0.021,0.0
510.807,2026-06-26T03:07:28.313312,63952.418,123172.371,1.074,5822.305,128062.69,0.021,0.0
510.857,2026-06-26T03:07:28.363879,64630.488,123172.371,1.215,5822.306,128112.69,0.021,987.457
510.908,2026-06-26T03:07:28.414524,65350.473,123972.371,1.313,5822.307,128112.69,0.021,0.0
510.958,2026-06-26T03:07:28.465182,66076.125,123972.371,1.382,5822.308,128112.69,0.021,0.0
511.009,2026-06-26T03:07:28.515824,66803.926,123972.371,1.43,5822.309,128112.69,0.021,0.0
511.06,2026-06-26T03:07:28.566484,67525.602,123972.371,1.51,5822.31,128112.69,0.021,0.0
511.11,2026-06-26T03:07:28.617089,68253.059,123972.371,1.474,5822.311,128112.69,0.021,0.0
511.161,2026-06-26T03:07:28.667723,68979.852,123972.371,1.541,5822.312,128112.69,0.021,0.0
511.212,2026-06-26T03:07:28.718340,69703.539,123972.371,1.542,5822.313,128112.69,0.021,0.0
511.262,2026-06-26T03:07:28.768967,70428.586,123972.371,1.588,5822.314,128112.69,0.021,0.0
511.313,2026-06-26T03:07:28.819598,71155.484,123972.371,1.529,5822.315,128112.69,0.021,0.0
511.363,2026-06-26T03:07:28.870226,71884.305,123972.371,1.577,5822.316,128112.69,0.021,0.0
511.414,2026-06-26T03:07:28.921217,72040.762,128072.371,1.564,5822.317,128112.69,0.021,0.0
511.465,2026-06-26T03:07:28.972208,72130.852,128072.371,1.554,5822.318,128112.69,0.02,0.0
511.516,2026-06-26T03:07:29.023226,72220.805,128072.371,1.548,5822.319,128112.69,0.02,0.0
511.567,2026-06-26T03:07:29.074183,72310.273,128072.371,1.543,5822.321,128112.69,0.021,0.0
511.618,2026-06-26T03:07:29.125182,72399.27,128072.371,1.54,5822.322,128112.69,0.02,0.0
511.669,2026-06-26T03:07:29.176121,72487.75,128072.371,1.586,5822.323,128112.69,0.021,0.0
511.72,2026-06-26T03:07:29.226787,72511.629,128072.371,1.57,5822.324,128112.69,0.021,0.0
511.771,2026-06-26T03:07:29.277736,72334.062,128072.371,1.562,5822.325,128112.69,0.021,0.0
511.822,2026-06-26T03:07:29.328295,71822.977,127272.371,1.511,5822.326,128112.69,0.021,0.0
511.872,2026-06-26T03:07:29.378794,71861.371,127272.371,1.568,5822.327,128112.69,0.021,0.0
511.923,2026-06-26T03:07:29.429366,71900.113,127272.371,1.56,5822.328,128112.69,0.021,0.0
511.973,2026-06-26T03:07:29.480073,71938.957,127272.371,1.601,5822.329,128112.69,0.021,0.0
512.024,2026-06-26T03:07:29.530710,71978.348,127272.371,1.537,5822.33,128112.69,0.021,0.0
512.075,2026-06-26T03:07:29.581339,72047.992,128072.371,1.632,5822.331,128162.69,0.021,987.871
512.125,2026-06-26T03:07:29.631943,72131.105,128072.371,1.559,5822.332,128162.69,0.021,0.0
512.176,2026-06-26T03:07:29.682590,72213.359,128072.371,1.6,5822.333,128162.69,0.021,0.0
512.226,2026-06-26T03:07:29.733211,72297.695,128072.371,1.583,5822.334,128162.69,0.021,0.0
512.277,2026-06-26T03:07:29.783830,72381.594,128072.371,1.571,5822.335,128162.69,0.021,0.0
512.328,2026-06-26T03:07:29.834482,72465.258,128072.371,1.563,5822.336,128162.69,0.021,0.0
512.378,2026-06-26T03:07:29.885087,72545.602,128072.371,1.603,5822.337,128162.69,0.021,0.0
512.429,2026-06-26T03:07:29.935732,72628.461,128072.371,1.585,5822.338,128162.69,0.021,0.0
512.48,2026-06-26T03:07:29.986379,72711.484,128072.371,1.572,5822.339,128162.69,0.021,0.0
512.53,2026-06-26T03:07:30.036995,72794.215,128072.371,1.61,5822.34,128162.69,0.021,0.0
512.581,2026-06-26T03:07:30.087631,72877.211,128072.371,1.59,5822.341,128162.69,0.021,0.0
512.631,2026-06-26T03:07:30.138239,72959.523,128072.371,1.576,5822.342,128162.69,0.021,0.0
512.682,2026-06-26T03:07:30.188862,73040.391,128072.371,1.566,5822.344,128162.69,0.021,0.0
512.773,2026-06-26T03:07:30.279570,73185.16,128072.371,1.666,5822.695,128162.69,3.886,0.0
512.823,2026-06-26T03:07:30.329967,73248.559,128072.371,1.63,5822.696,128162.69,0.021,0.0
512.874,2026-06-26T03:07:30.380532,73321.188,128072.371,1.604,5822.697,128162.69,0.021,0.0
512.924,2026-06-26T03:07:30.431191,73393.371,128072.371,1.586,5822.698,128162.69,0.021,0.0
512.975,2026-06-26T03:07:30.481805,73408.957,128072.371,1.619,5822.699,128162.69,0.021,0.0
513.026,2026-06-26T03:07:30.532453,73151.289,128072.371,1.596,5822.7,128162.69,0.021,0.0
513.076,2026-06-26T03:07:30.583045,72700.516,127272.371,1.581,5822.701,128162.69,0.021,0.0
513.127,2026-06-26T03:07:30.633684,72728.602,127272.371,1.569,5822.703,128162.69,0.021,0.0
513.178,2026-06-26T03:07:30.684329,72757.414,127272.371,1.514,5822.704,128162.69,0.021,0.0
513.229,2026-06-26T03:07:30.735290,72786.254,127272.371,1.565,5822.705,128162.69,0.021,0.0
513.279,2026-06-26T03:07:30.786257,72814.957,127272.371,1.556,5822.706,128162.69,0.021,0.0
513.33,2026-06-26T03:07:30.837193,72844.684,127272.371,1.595,5822.707,128162.69,0.021,0.0
513.381,2026-06-26T03:07:30.888133,72898.688,127322.371,1.53,5822.708,128212.69,0.02,980.22
513.432,2026-06-26T03:07:30.939131,72906.727,127272.371,1.531,5822.709,128212.69,0.021,0.0
513.483,2026-06-26T03:07:30.990108,72935.145,127272.371,1.623,5822.71,128262.69,0.02,980.298
513.534,2026-06-26T03:07:31.041104,72988.766,128072.371,1.596,5822.711,128262.69,0.021,0.0
513.585,2026-06-26T03:07:31.092043,73050.598,128072.371,1.625,5822.712,128262.69,0.021,0.0
513.636,2026-06-26T03:07:31.142713,73112.344,128072.371,1.554,5822.713,128262.69,0.021,0.0
513.687,2026-06-26T03:07:31.193325,73173.895,128072.371,1.597,5822.714,128262.69,0.021,0.0
513.737,2026-06-26T03:07:31.243963,73234.746,128072.371,1.581,5822.715,128262.69,0.021,0.0
513.788,2026-06-26T03:07:31.294602,73295.23,128072.371,1.57,5822.716,128262.69,0.021,0.0
513.838,2026-06-26T03:07:31.345201,73360.77,128072.371,1.562,5822.717,128262.69,0.021,0.0
513.889,2026-06-26T03:07:31.395778,73423.227,128072.371,1.557,5822.718,128262.69,0.021,0.0
513.94,2026-06-26T03:07:31.446423,73485.484,128072.371,1.552,5822.719,128262.69,0.021,0.0
513.99,2026-06-26T03:07:31.497037,73550.5,128072.371,1.55,5822.72,128262.69,0.021,0.0
514.041,2026-06-26T03:07:31.547672,73611.453,128072.371,1.548,5822.721,128262.69,0.021,0.0
514.092,2026-06-26T03:07:31.598294,73674.156,128072.371,1.547,5822.722,128262.69,0.021,0.0
514.142,2026-06-26T03:07:31.648901,73733.895,128072.371,1.545,5822.723,128262.69,0.021,0.0
514.193,2026-06-26T03:07:31.699557,73799.441,128072.371,1.545,5822.724,128262.69,0.021,0.0
514.243,2026-06-26T03:07:31.750207,73863.957,128072.371,1.59,5822.726,128262.69,0.021,0.0
514.294,2026-06-26T03:07:31.800806,73928.535,128072.371,1.576,5822.727,128262.69,0.021,0.0
514.345,2026-06-26T03:07:31.851427,73988.566,128072.371,1.567,5822.728,128262.69,0.021,0.0
514.395,2026-06-26T03:07:31.902025,74052.484,128072.371,1.559,5822.729,128262.69,0.021,0.0
514.446,2026-06-26T03:07:31.952682,74137.375,128072.371,1.555,5822.73,128262.69,0.021,0.0
514.497,2026-06-26T03:07:32.003299,74226.32,128072.371,1.551,5822.731,128262.69,0.021,0.0
514.547,2026-06-26T03:07:32.053911,74315.453,128072.371,1.592,5822.732,128262.69,0.021,0.0
514.598,2026-06-26T03:07:32.104806,74340.902,128072.371,1.624,5822.733,128262.69,0.021,0.0
514.649,2026-06-26T03:07:32.155424,73899.957,128072.371,1.6,5822.734,128262.69,0.021,0.0
514.699,2026-06-26T03:07:32.206052,73634.844,127272.371,1.583,5822.735,128262.69,0.021,0.0
514.75,2026-06-26T03:07:32.256682,73673.758,127272.371,1.571,5822.736,128262.69,0.021,0.0
514.801,2026-06-26T03:07:32.307296,73712.582,127272.371,1.563,5822.737,128262.69,0.021,0.0
514.851,2026-06-26T03:07:32.357904,73751.535,127272.371,1.557,5822.738,128262.69,0.021,0.0
514.902,2026-06-26T03:07:32.408540,73802.816,128072.371,1.645,5822.739,128312.69,0.021,987.341
514.952,2026-06-26T03:07:32.459188,73891.25,128072.371,1.615,5822.74,128312.69,0.021,0.0
515.003,2026-06-26T03:07:32.509780,73980.594,128072.371,1.593,5822.741,128312.69,0.021,0.0
515.054,2026-06-26T03:07:32.560403,74069.973,128072.371,1.578,5822.742,128312.69,0.021,0.0
515.104,2026-06-26T03:07:32.611007,74159.52,128072.371,1.568,5822.743,128312.69,0.021,0.0
515.155,2026-06-26T03:07:32.661644,74248.809,128072.371,1.56,5822.744,128312.69,0.021,0.0
515.206,2026-06-26T03:07:32.712288,74338.086,128072.371,1.602,5822.745,128312.69,0.021,0.0
515.256,2026-06-26T03:07:32.762887,74427.582,128072.371,1.584,5822.746,128312.69,0.021,0.0
515.307,2026-06-26T03:07:32.813525,74516.844,128072.371,1.572,5822.747,128312.69,0.021,0.0
515.357,2026-06-26T03:07:32.864131,74605.762,128072.371,1.517,5822.748,128312.69,0.021,0.0
515.408,2026-06-26T03:07:32.914768,74694.973,128072.371,1.571,5822.75,128312.69,0.021,0.0
515.459,2026-06-26T03:07:32.965408,74784.531,128072.371,1.517,5822.751,128312.69,0.021,0.0
515.509,2026-06-26T03:07:33.016008,74873.461,128072.371,1.571,5822.752,128312.69,0.021,0.0
515.56,2026-06-26T03:07:33.066657,74962.332,128072.371,1.562,5822.753,128312.69,0.021,0.0
515.61,2026-06-26T03:07:33.117258,75051.352,128072.371,1.603,5822.754,128312.69,0.021,0.0
515.661,2026-06-26T03:07:33.167875,75140.254,128072.371,1.585,5822.755,128312.69,0.021,0.0
515.712,2026-06-26T03:07:33.218530,75165.648,128072.371,1.573,5822.756,128312.69,0.021,0.0
515.762,2026-06-26T03:07:33.269129,75207.055,128072.371,1.518,5822.757,128312.69,0.021,0.0
515.813,2026-06-26T03:07:33.319762,74505.957,128072.371,1.572,5822.758,128312.69,0.021,0.0
515.864,2026-06-26T03:07:33.370390,74528.957,127272.371,1.517,5822.759,128312.69,0.021,0.0
515.914,2026-06-26T03:07:33.421003,74567.957,127272.371,1.571,5822.76,128312.69,0.021,0.0
515.965,2026-06-26T03:07:33.471656,74606.957,127272.371,1.563,5822.761,128312.69,0.021,0.0
516.015,2026-06-26T03:07:33.522251,74643.461,127272.371,1.557,5822.762,128312.69,0.021,0.0
516.066,2026-06-26T03:07:33.572858,74712.852,127322.371,1.553,5822.763,128362.69,0.021,986.872
516.117,2026-06-26T03:07:33.623508,74720.449,127272.371,1.55,5822.764,128362.69,0.021,0.0
516.167,2026-06-26T03:07:33.674121,74778.613,128072.371,1.548,5822.765,128412.69,0.021,987.146
516.218,2026-06-26T03:07:33.724764,74866.66,128072.371,1.593,5822.766,128412.69,0.021,0.0
516.269,2026-06-26T03:07:33.775377,74954.926,128072.371,1.625,5822.767,128412.69,0.021,0.0
516.319,2026-06-26T03:07:33.825983,75044.121,128072.371,1.6,5822.768,128412.69,0.021,0.0
516.37,2026-06-26T03:07:33.876633,75133.512,128072.371,1.583,5822.769,128412.69,0.021,0.0
516.42,2026-06-26T03:07:33.927241,75222.902,128072.371,1.571,5822.77,128412.69,0.021,0.0
516.471,2026-06-26T03:07:33.977857,75312.207,128072.371,1.563,5822.771,128412.69,0.021,0.0
516.522,2026-06-26T03:07:34.028497,75401.551,128072.371,1.557,5822.773,128412.69,0.021,0.0
516.572,2026-06-26T03:07:34.079101,75490.316,128072.371,1.553,5822.774,128412.69,0.021,0.0
516.623,2026-06-26T03:07:34.129743,75579.469,128072.371,1.55,5822.775,128412.69,0.021,0.0
516.674,2026-06-26T03:07:34.180370,75668.645,128072.371,1.548,5822.776,128412.69,0.021,0.0
516.724,2026-06-26T03:07:34.230983,75757.668,128072.371,1.593,5822.777,128412.69,0.021,0.0
516.775,2026-06-26T03:07:34.281619,75845.969,128072.371,1.578,5822.778,128412.69,0.021,0.0
516.825,2026-06-26T03:07:34.332239,75934.652,128072.371,1.613,5822.779,128412.69,0.021,0.0
516.876,2026-06-26T03:07:34.382874,76022.719,128072.371,1.592,5822.78,128412.69,0.021,0.0
516.927,2026-06-26T03:07:34.433513,76111.234,128072.371,1.578,5822.781,128412.69,0.021,0.0
516.977,2026-06-26T03:07:34.484119,76136.391,128072.371,1.613,5822.782,128412.69,0.021,0.0
517.028,2026-06-26T03:07:34.534755,76164.895,128072.371,1.546,5822.783,128412.69,0.021,0.0
517.079,2026-06-26T03:07:34.585361,75467.738,128072.371,1.545,5822.784,128412.69,0.021,0.0
517.129,2026-06-26T03:07:34.635978,75498.957,127272.371,1.591,5822.785,128412.69,0.021,0.0
517.18,2026-06-26T03:07:34.686643,75537.957,127272.371,1.575,5822.786,128412.69,0.021,0.0
517.231,2026-06-26T03:07:34.737613,75227.512,127272.371,1.562,5822.787,128412.69,0.02,0.0
517.282,2026-06-26T03:07:34.788620,73672.457,127272.371,1.599,5822.788,128412.69,0.021,0.0
517.333,2026-06-26T03:07:34.839585,72108.457,127272.371,1.395,5822.789,128462.69,0.02,979.946
517.384,2026-06-26T03:07:34.890584,70544.457,127272.371,1.207,5822.79,128462.69,0.021,0.0
517.435,2026-06-26T03:07:34.941545,68978.457,127272.371,1.075,5822.791,128462.69,0.02,0.0
517.486,2026-06-26T03:07:34.992548,67414.457,127272.371,0.982,5822.792,128462.69,0.02,0.0
517.537,2026-06-26T03:07:35.043514,67461.406,123976.371,1.147,5822.793,128462.69,0.02,0.0
517.588,2026-06-26T03:07:35.094515,67548.02,123976.371,1.263,5822.794,128462.69,0.02,0.0
517.639,2026-06-26T03:07:35.145509,67639.359,123976.371,1.344,5822.796,128462.69,0.02,0.0
517.69,2026-06-26T03:07:35.196498,67733.391,123976.371,1.446,5822.797,128462.69,0.02,0.0
517.811,2026-06-26T03:07:35.318011,67956.691,123976.371,1.631,5823.147,128462.69,2.895,0.0
517.862,2026-06-26T03:07:35.368444,68049.938,123976.371,1.605,5823.148,128462.69,0.021,0.0
517.912,2026-06-26T03:07:35.419048,68143.184,123976.371,1.586,5823.149,128462.69,0.021,0.0
517.963,2026-06-26T03:07:35.469727,68236.598,123976.371,1.619,5823.15,128462.69,0.021,0.0
518.014,2026-06-26T03:07:35.520531,68330.066,123976.371,1.594,5823.151,128462.69,0.02,0.0
518.065,2026-06-26T03:07:35.571535,68424.363,123976.371,1.575,5823.152,128462.69,0.02,0.0
518.116,2026-06-26T03:07:35.622505,68518.535,123976.371,1.562,5823.153,128462.69,0.02,0.0
518.167,2026-06-26T03:07:35.673493,68612.504,123976.371,1.553,5823.154,128462.69,0.02,0.0
518.218,2026-06-26T03:07:35.724478,68706.227,123976.371,1.547,5823.155,128462.69,0.02,0.0
518.269,2026-06-26T03:07:35.775475,68800.801,123976.371,1.588,5823.156,128462.69,0.02,0.0
518.32,2026-06-26T03:07:35.826449,68871.918,123976.371,1.572,5823.158,128462.69,0.02,0.0
518.371,2026-06-26T03:07:35.877442,68925.871,123976.371,1.56,5823.159,128462.69,0.02,0.0
518.422,2026-06-26T03:07:35.928402,68434.422,123976.371,1.551,5823.16,128462.69,0.02,0.0
518.473,2026-06-26T03:07:35.979429,68226.707,123176.371,1.592,5823.161,128462.69,0.02,0.0
518.524,2026-06-26T03:07:36.030397,68271.043,123176.371,1.574,5823.162,128462.69,0.02,0.0
518.575,2026-06-26T03:07:36.081397,68315.18,123176.371,1.561,5823.163,128462.69,0.02,0.0
518.626,2026-06-26T03:07:36.132372,68359.363,123176.371,1.552,5823.164,128462.69,0.02,0.0
518.677,2026-06-26T03:07:36.183390,68417.293,123226.371,1.638,5823.165,128512.69,0.02,980.055
518.728,2026-06-26T03:07:36.234379,68447.906,123176.371,1.606,5823.166,128512.69,0.02,0.0
518.779,2026-06-26T03:07:36.285358,68493.645,123976.371,1.63,5823.167,128562.69,0.02,980.871
518.83,2026-06-26T03:07:36.336326,68575.789,123976.371,1.601,5823.168,128562.69,0.02,0.0
518.881,2026-06-26T03:07:36.387280,68658.168,123976.371,1.534,5823.169,128562.69,0.02,0.0
518.931,2026-06-26T03:07:36.438233,68745.473,123976.371,1.58,5823.17,128562.69,0.02,0.0
518.982,2026-06-26T03:07:36.489202,68840.27,123976.371,1.566,5823.171,128562.69,0.02,0.0
519.033,2026-06-26T03:07:36.540180,68935.07,123976.371,1.556,5823.172,128562.69,0.02,0.0
519.084,2026-06-26T03:07:36.591128,69030.07,123976.371,1.595,5823.173,128562.69,0.02,0.0
519.135,2026-06-26T03:07:36.642098,69119.625,123976.371,1.53,5823.174,128562.69,0.02,0.0
519.186,2026-06-26T03:07:36.693090,69214.688,123976.371,1.577,5823.175,128562.69,0.02,0.0
519.237,2026-06-26T03:07:36.744073,69309.336,123976.371,1.564,5823.176,128562.69,0.02,0.0
519.288,2026-06-26T03:07:36.795053,69404.223,123976.371,1.555,5823.177,128562.69,0.02,0.0
519.339,2026-06-26T03:07:36.846017,69498.996,123976.371,1.548,5823.178,128562.69,0.02,0.0
519.39,2026-06-26T03:07:36.897007,69592.844,123976.371,1.589,5823.179,128562.69,0.02,0.0
519.441,2026-06-26T03:07:36.947965,69687.215,123976.371,1.618,5823.181,128562.69,0.02,0.0
519.492,2026-06-26T03:07:36.998956,69781.66,123976.371,1.592,5823.182,128562.69,0.02,0.0
519.543,2026-06-26T03:07:37.049930,69876.145,123976.371,1.574,5823.183,128562.69,0.02,0.0
519.594,2026-06-26T03:07:37.100908,69970.711,123976.371,1.608,5823.184,128562.69,0.02,0.0
519.645,2026-06-26T03:07:37.151890,70001.559,123976.371,1.585,5823.185,128562.69,0.02,0.0
519.696,2026-06-26T03:07:37.202883,69870.75,123976.371,1.569,5823.186,128562.69,0.02,0.0
519.747,2026-06-26T03:07:37.253851,69324.477,123176.371,1.558,5823.187,128562.69,0.02,0.0
519.798,2026-06-26T03:07:37.304853,69368.426,123176.371,1.545,5823.188,128562.69,0.02,0.0
519.85,2026-06-26T03:07:37.356445,69412.863,123176.371,1.541,5823.189,128562.69,0.02,0.0
519.901,2026-06-26T03:07:37.407467,69456.957,123176.371,1.538,5823.19,128562.69,0.02,0.0
519.952,2026-06-26T03:07:37.458435,69501.121,123176.371,1.537,5823.191,128612.69,0.02,981.206
520.003,2026-06-26T03:07:37.509428,69579.355,123976.371,1.581,5823.192,128612.69,0.02,0.0
520.054,2026-06-26T03:07:37.560398,69662.203,123976.371,1.613,5823.193,128612.69,0.02,0.0
520.105,2026-06-26T03:07:37.611384,69749.172,123976.371,1.542,5823.194,128612.69,0.02,0.0
520.156,2026-06-26T03:07:37.662377,69831.484,123976.371,1.586,5823.195,128612.69,0.02,0.0
520.207,2026-06-26T03:07:37.713362,69913.863,123976.371,1.615,5823.196,128612.69,0.02,0.0
520.258,2026-06-26T03:07:37.764334,69996.59,123976.371,1.59,5823.197,128612.69,0.02,0.0
520.309,2026-06-26T03:07:37.815302,70091.379,123976.371,1.573,5823.198,128612.69,0.02,0.0
520.359,2026-06-26T03:07:37.866249,70185.977,123976.371,1.607,5823.199,128612.69,0.02,0.0
520.41,2026-06-26T03:07:37.917195,70280.352,123976.371,1.631,5823.2,128612.69,0.021,0.0
520.461,2026-06-26T03:07:37.968129,70375.285,123976.371,1.556,5823.201,128612.69,0.02,0.0
520.512,2026-06-26T03:07:38.019126,70469.832,123976.371,1.594,5823.202,128612.69,0.02,0.0
520.563,2026-06-26T03:07:38.070099,70564.609,123976.371,1.576,5823.203,128612.69,0.02,0.0
520.614,2026-06-26T03:07:38.121084,70659.395,123976.371,1.609,5823.205,128612.69,0.02,0.0
520.665,2026-06-26T03:07:38.172061,70754.133,123976.371,1.586,5823.206,128612.69,0.02,0.0
520.716,2026-06-26T03:07:38.223047,70848.43,123976.371,1.57,5823.207,128612.69,0.02,0.0
520.767,2026-06-26T03:07:38.274009,70930.934,123976.371,1.513,5823.208,128612.69,0.02,0.0
520.818,2026-06-26T03:07:38.325001,71025.102,123976.371,1.565,5823.209,128612.69,0.02,0.0
520.869,2026-06-26T03:07:38.375981,71055.527,123976.371,1.555,5823.21,128612.69,0.02,0.0
520.92,2026-06-26T03:07:38.426963,70851.957,123976.371,1.548,5823.211,128612.69,0.02,0.0
520.971,2026-06-26T03:07:38.477928,70373.766,123176.371,1.59,5823.212,128612.69,0.02,0.0
521.022,2026-06-26T03:07:38.528917,70417.457,123176.371,1.618,5823.213,128612.69,0.02,0.0
521.073,2026-06-26T03:07:38.579910,70461.457,123176.371,1.592,5823.214,128612.69,0.02,0.0
521.124,2026-06-26T03:07:38.630892,70505.395,123176.371,1.529,5823.215,128612.69,0.02,0.0
521.175,2026-06-26T03:07:38.681869,70549.457,123176.371,1.576,5823.216,128662.69,0.02,980.234
521.226,2026-06-26T03:07:38.732865,70640.055,123976.371,1.563,5823.217,128662.69,0.02,0.0
521.277,2026-06-26T03:07:38.783831,70734.668,123976.371,1.553,5823.218,128662.69,0.02,0.0
521.328,2026-06-26T03:07:38.834853,70817.648,123976.371,1.547,5823.219,128662.69,0.02,0.0
521.379,2026-06-26T03:07:38.885814,70899.766,123976.371,1.589,5823.22,128662.69,0.02,0.0
521.43,2026-06-26T03:07:38.936799,70981.953,123976.371,1.569,5823.221,128662.69,0.02,0.0
521.481,2026-06-26T03:07:38.988064,71064.648,123976.371,1.558,5823.222,128662.69,0.02,0.0
521.532,2026-06-26T03:07:39.039057,71146.914,123976.371,1.55,5823.223,128662.69,0.02,0.0
521.583,2026-06-26T03:07:39.090042,71229.027,123976.371,1.591,5823.224,128662.69,0.02,0.0
521.634,2026-06-26T03:07:39.141015,71314.242,123976.371,1.574,5823.225,128662.69,0.02,0.0
521.685,2026-06-26T03:07:39.191983,71409.082,123976.371,1.561,5823.226,128662.69,0.02,0.0
521.736,2026-06-26T03:07:39.242986,71503.711,123976.371,1.599,5823.227,128662.69,0.02,0.0
521.787,2026-06-26T03:07:39.293956,71598.414,123976.371,1.579,5823.229,128662.69,0.02,0.0
521.838,2026-06-26T03:07:39.344970,71693.254,123976.371,1.565,5823.23,128662.69,0.02,0.0
521.889,2026-06-26T03:07:39.395892,71786.68,123976.371,1.558,5823.231,128662.69,0.021,0.0
521.94,2026-06-26T03:07:39.446479,71880.332,123976.371,1.6,5823.232,128662.69,0.021,0.0
521.99,2026-06-26T03:07:39.497089,71974.016,123976.371,1.583,5823.233,128662.69,0.021,0.0
522.041,2026-06-26T03:07:39.547728,72067.594,123976.371,1.525,5823.234,128662.69,0.021,0.0
522.092,2026-06-26T03:07:39.598364,72097.613,123976.371,1.577,5823.235,128662.69,0.021,0.0
522.142,2026-06-26T03:07:39.648966,72070.957,123976.371,1.567,5823.236,128662.69,0.021,0.0
522.193,2026-06-26T03:07:39.699602,71427.031,123176.371,1.559,5823.237,128662.69,0.021,0.0
522.243,2026-06-26T03:07:39.750216,71471.785,123176.371,1.601,5823.238,128662.69,0.021,0.0
522.294,2026-06-26T03:07:39.800832,70774.457,123176.371,1.584,5823.239,128662.69,0.021,0.0
522.345,2026-06-26T03:07:39.851475,70030.457,123176.371,1.572,5823.24,128662.69,0.021,0.0
522.395,2026-06-26T03:07:39.902068,69290.457,123176.371,1.563,5823.241,128662.69,0.021,0.0
522.446,2026-06-26T03:07:39.952685,68532.457,123176.371,1.418,5823.242,128712.69,0.021,988.006
522.497,2026-06-26T03:07:40.003304,67768.457,123176.371,1.271,5823.243,128712.69,0.021,0.0
522.547,2026-06-26T03:07:40.053916,67396.957,119130.371,1.212,5823.244,128712.69,0.021,0.0
522.598,2026-06-26T03:07:40.104796,67376.457,119080.371,1.311,5823.245,128712.69,0.021,0.0
522.649,2026-06-26T03:07:40.155420,67384.297,119880.371,1.381,5823.246,128762.69,0.021,988.239
522.699,2026-06-26T03:07:40.206027,67433.977,119880.371,1.429,5823.247,128762.69,0.021,0.0
522.789,2026-06-26T03:07:40.296157,67521.023,119880.371,1.548,5823.599,128762.69,3.907,0.0
522.84,2026-06-26T03:07:40.346587,67570.137,119880.371,1.547,5823.6,128762.69,0.021,0.0
522.89,2026-06-26T03:07:40.397194,67616.164,119880.371,1.546,5823.601,128762.69,0.021,0.0
522.941,2026-06-26T03:07:40.447789,67653.781,119880.371,1.591,5823.602,128762.69,0.021,0.0
522.992,2026-06-26T03:07:40.498420,67691.52,119880.371,1.67,5823.603,128762.69,0.021,0.0
523.042,2026-06-26T03:07:40.549036,67729.102,119880.371,1.632,5823.604,128762.69,0.021,0.0
523.093,2026-06-26T03:07:40.599692,67776.531,119880.371,1.559,5823.605,128762.69,0.021,0.0
523.144,2026-06-26T03:07:40.650301,67825.488,119880.371,1.554,5823.606,128762.69,0.021,0.0
523.194,2026-06-26T03:07:40.700909,67871.695,119880.371,1.597,5823.607,128762.69,0.021,0.0
523.245,2026-06-26T03:07:40.751550,67918.117,119880.371,1.581,5823.608,128762.69,0.021,0.0
523.295,2026-06-26T03:07:40.802197,67960.09,119880.371,1.569,5823.609,128762.69,0.021,0.0
523.346,2026-06-26T03:07:40.852809,68008.723,119880.371,1.561,5823.61,128762.69,0.021,0.0
523.397,2026-06-26T03:07:40.903421,68056.906,119880.371,1.556,5823.611,128762.69,0.021,0.0
523.447,2026-06-26T03:07:40.954011,68105.672,119880.371,1.552,5823.612,128762.69,0.021,0.0
523.498,2026-06-26T03:07:41.004653,68170.594,121480.371,1.55,5823.613,128762.69,0.021,0.0
523.548,2026-06-26T03:07:41.055260,68175.375,121480.371,1.594,5823.614,128762.69,0.021,0.0
523.599,2026-06-26T03:07:41.105884,68031.781,121480.371,1.579,5823.615,128762.69,0.021,0.0
523.65,2026-06-26T03:07:41.156513,67448.562,120680.371,1.569,5823.616,128762.69,0.021,0.0
523.7,2026-06-26T03:07:41.207114,67467.508,120680.371,1.561,5823.617,128762.69,0.021,0.0
523.751,2026-06-26T03:07:41.257751,67486.355,120680.371,1.556,5823.618,128762.69,0.021,0.0
523.802,2026-06-26T03:07:41.308373,67504.801,120680.371,1.552,5823.619,128762.69,0.021,0.0
523.852,2026-06-26T03:07:41.359010,67523.465,120680.371,1.549,5823.62,128762.69,0.021,0.0
523.903,2026-06-26T03:07:41.409636,67574.617,121480.371,1.548,5823.621,128812.69,0.021,988.467
523.953,2026-06-26T03:07:41.460227,67642.438,121480.371,1.593,5823.623,128812.69,0.021,0.0
524.004,2026-06-26T03:07:41.510833,67710.207,121480.371,1.532,5823.624,128812.69,0.021,0.0
524.055,2026-06-26T03:07:41.561482,67777.691,121480.371,1.535,5823.625,128812.69,0.021,0.0
524.105,2026-06-26T03:07:41.612090,67845.66,121480.371,1.584,5823.626,128812.69,0.021,0.0
524.156,2026-06-26T03:07:41.662721,67913.34,121480.371,1.572,5823.627,128812.69,0.021,0.0
524.207,2026-06-26T03:07:41.713336,67982.027,121480.371,1.563,5823.628,128812.69,0.021,0.0
524.257,2026-06-26T03:07:41.763955,68046.191,121480.371,1.557,5823.629,128812.69,0.021,0.0
524.308,2026-06-26T03:07:41.814611,68102.723,121480.371,1.6,5823.63,128812.69,0.021,0.0
524.358,2026-06-26T03:07:41.865215,68159.402,121480.371,1.629,5823.631,128812.69,0.021,0.0
524.409,2026-06-26T03:07:41.915815,68216.188,121480.371,1.557,5823.632,128812.69,0.021,0.0
524.46,2026-06-26T03:07:41.966441,68284.938,121480.371,1.599,5823.633,128812.69,0.021,0.0
524.51,2026-06-26T03:07:42.017055,68353.812,121480.371,1.582,5823.634,128812.69,0.021,0.0
524.561,2026-06-26T03:07:42.067698,68422.57,121480.371,1.571,5823.635,128812.69,0.021,0.0
524.612,2026-06-26T03:07:42.118322,68491.426,121480.371,1.562,5823.636,128812.69,0.021,0.0
524.662,2026-06-26T03:07:42.168921,68560.461,121480.371,1.557,5823.637,128812.69,0.021,0.0
524.713,2026-06-26T03:07:42.219557,68629.324,121480.371,1.553,5823.638,128812.69,0.021,0.0
524.763,2026-06-26T03:07:42.270188,68633.977,121480.371,1.596,5823.639,128812.69,0.021,0.0
524.814,2026-06-26T03:07:42.320796,68371.188,121480.371,1.534,5823.64,128812.69,0.021,0.0
524.865,2026-06-26T03:07:42.371440,67899.941,120680.371,1.583,5823.641,128812.69,0.021,0.0
524.915,2026-06-26T03:07:42.422048,67918.777,120680.371,1.571,5823.642,128812.69,0.021,0.0
524.966,2026-06-26T03:07:42.472665,67937.625,120680.371,1.563,5823.643,128812.69,0.021,0.0
525.017,2026-06-26T03:07:42.523308,67956.473,120680.371,1.557,5823.644,128812.69,0.021,0.0
525.067,2026-06-26T03:07:42.573899,67975.32,120680.371,1.553,5823.646,128862.69,0.021,987.695
525.118,2026-06-26T03:07:42.624543,68033.773,120730.371,1.55,5823.647,128862.69,0.021,0.0
525.168,2026-06-26T03:07:42.675216,68013.113,120680.371,1.546,5823.648,128862.69,0.021,0.0
525.219,2026-06-26T03:07:42.726183,68060.238,121480.371,1.542,5823.649,128912.69,0.02,980.294
525.27,2026-06-26T03:07:42.777205,68128.625,121480.371,1.539,5823.65,128912.69,0.02,0.0
525.321,2026-06-26T03:07:42.828159,68197.062,121480.371,1.537,5823.651,128912.69,0.02,0.0
525.372,2026-06-26T03:07:42.879108,68265.637,121480.371,1.627,5823.652,128912.69,0.02,0.0
525.423,2026-06-26T03:07:42.930087,68334.012,121480.371,1.599,5823.653,128912.69,0.02,0.0
525.474,2026-06-26T03:07:42.981064,68402.559,121480.371,1.579,5823.654,128912.69,0.02,0.0
525.525,2026-06-26T03:07:43.032067,68470.988,121480.371,1.565,5823.655,128912.69,0.02,0.0
525.576,2026-06-26T03:07:43.083023,68539.688,121480.371,1.555,5823.656,128912.69,0.02,0.0
525.627,2026-06-26T03:07:43.134009,68608.375,121480.371,1.594,5823.657,128912.69,0.02,0.0
525.678,2026-06-26T03:07:43.184984,68678.016,121480.371,1.576,5823.658,128912.69,0.02,0.0
525.729,2026-06-26T03:07:43.235973,68737.699,121480.371,1.609,5823.659,128912.69,0.02,0.0
525.78,2026-06-26T03:07:43.286969,68790.16,121480.371,1.494,5823.66,128912.69,0.02,0.0
525.831,2026-06-26T03:07:43.337956,68847.094,121480.371,1.552,5823.661,128912.69,0.02,0.0
525.882,2026-06-26T03:07:43.388924,68908.0,121480.371,1.545,5823.662,128912.69,0.02,0.0
525.933,2026-06-26T03:07:43.439915,68976.875,121480.371,1.542,5823.663,128912.69,0.02,0.0
525.984,2026-06-26T03:07:43.490878,69045.816,121480.371,1.539,5823.664,128912.69,0.02,0.0
526.035,2026-06-26T03:07:43.541868,69114.656,121480.371,1.583,5823.665,128912.69,0.02,0.0
526.086,2026-06-26T03:07:43.592837,69120.5,121480.371,1.614,5823.666,128912.69,0.02,0.0
526.137,2026-06-26T03:07:43.643825,68920.293,121480.371,1.589,5823.667,128912.69,0.02,0.0
526.188,2026-06-26T03:07:43.694803,68391.254,120680.371,1.572,5823.668,128912.69,0.02,0.0
526.239,2026-06-26T03:07:43.745793,68410.379,120680.371,1.606,5823.67,128912.69,0.02,0.0
526.29,2026-06-26T03:07:43.796761,68429.383,120680.371,1.63,5823.671,128912.69,0.02,0.0
526.341,2026-06-26T03:07:43.847756,68448.367,120680.371,1.601,5823.672,128912.69,0.02,0.0
526.392,2026-06-26T03:07:43.898723,68467.344,120680.371,1.58,5823.673,128962.69,0.02,979.955
526.443,2026-06-26T03:07:43.949738,68533.73,121480.371,1.566,5823.674,128962.69,0.02,0.0
526.494,2026-06-26T03:07:44.000714,68602.965,121480.371,1.602,5823.675,128962.69,0.02,0.0
526.545,2026-06-26T03:07:44.051706,68672.781,121480.371,1.581,5823.676,128962.69,0.02,0.0
526.596,2026-06-26T03:07:44.102678,68742.324,121480.371,1.566,5823.677,128962.69,0.02,0.0
526.647,2026-06-26T03:07:44.153671,68811.887,121480.371,1.556,5823.678,128962.69,0.02,0.0
526.698,2026-06-26T03:07:44.204664,68879.129,121480.371,1.549,5823.679,128962.69,0.02,0.0
526.749,2026-06-26T03:07:44.255651,68948.559,121480.371,1.59,5823.68,128962.69,0.02,0.0
526.8,2026-06-26T03:07:44.306647,69017.969,121480.371,1.526,5823.681,128962.69,0.02,0.0
526.851,2026-06-26T03:07:44.357647,69087.391,121480.371,1.574,5823.682,128962.69,0.02,0.0
526.902,2026-06-26T03:07:44.408609,69156.594,121480.371,1.563,5823.683,128962.69,0.021,0.0
526.953,2026-06-26T03:07:44.459446,69226.195,121480.371,1.554,5823.684,128962.69,0.02,0.0
527.004,2026-06-26T03:07:44.510412,69295.633,121480.371,1.547,5823.685,128962.69,0.02,0.0
527.055,2026-06-26T03:07:44.561517,69355.008,121480.371,1.541,5823.686,128962.69,0.02,0.0
527.106,2026-06-26T03:07:44.612613,69411.887,121480.371,1.583,5823.687,128962.69,0.02,0.0
527.157,2026-06-26T03:07:44.663722,69468.746,121480.371,1.613,5823.688,128962.69,0.02,0.0
527.208,2026-06-26T03:07:44.714813,69530.672,121480.371,1.588,5823.689,128962.69,0.02,0.0
527.259,2026-06-26T03:07:44.765912,69537.43,121430.371,1.662,5823.69,128962.69,0.02,0.0
527.31,2026-06-26T03:07:44.816996,69605.148,121480.371,1.622,5823.691,128962.69,0.02,0.0
527.361,2026-06-26T03:07:44.868117,68895.32,121480.371,1.594,5823.693,128962.69,0.02,0.0
527.412,2026-06-26T03:07:44.919249,68844.363,120680.371,1.575,5823.694,128962.69,0.02,0.0
527.464,2026-06-26T03:07:44.970284,68863.309,120680.371,1.607,5823.695,128962.69,0.02,0.0
527.515,2026-06-26T03:07:45.021363,68882.352,120680.371,1.538,5823.696,128962.69,0.02,0.0
527.566,2026-06-26T03:07:45.072460,68901.391,120680.371,1.535,5823.697,128962.69,0.02,0.0
527.617,2026-06-26T03:07:45.123574,68950.797,121480.371,1.579,5823.698,129012.69,0.02,978.309
527.668,2026-06-26T03:07:45.174677,69020.574,121480.371,1.564,5823.699,129012.69,0.02,0.0
527.719,2026-06-26T03:07:45.225754,69090.184,121480.371,1.553,5823.7,129012.69,0.02,0.0
527.847,2026-06-26T03:07:45.353293,68076.5,121480.371,1.696,5824.05,129012.69,2.761,0.0
527.897,2026-06-26T03:07:45.403686,67382.402,121480.371,1.651,5824.051,129012.69,0.021,0.0
527.947,2026-06-26T03:07:45.454221,66686.031,121480.371,1.619,5824.052,129012.69,0.021,0.0
527.998,2026-06-26T03:07:45.504867,65987.992,121480.371,1.641,5824.053,129012.69,0.021,0.0
528.049,2026-06-26T03:07:45.555671,65338.152,117384.371,1.657,5824.055,129012.69,0.021,0.0
528.1,2026-06-26T03:07:45.606478,65388.5,117384.371,1.574,5824.056,129012.69,0.02,0.0
528.151,2026-06-26T03:07:45.657572,65438.598,117384.371,1.56,5824.057,129012.69,0.02,0.0
528.202,2026-06-26T03:07:45.708680,65488.328,117384.371,1.596,5824.058,129012.69,0.02,0.0
528.253,2026-06-26T03:07:45.759792,65537.953,117384.371,1.576,5824.059,129012.69,0.02,0.0
528.304,2026-06-26T03:07:45.810879,65587.191,117384.371,1.608,5824.06,129012.69,0.02,0.0
528.355,2026-06-26T03:07:45.861981,65630.883,117384.371,1.539,5824.061,129012.69,0.02,0.0
528.406,2026-06-26T03:07:45.913049,65668.512,117384.371,1.581,5824.062,129012.69,0.02,0.0
528.457,2026-06-26T03:07:45.964202,65650.715,117384.371,1.52,5824.063,129012.69,0.02,0.0
528.508,2026-06-26T03:07:46.015247,65400.688,117384.371,1.615,5824.064,129012.69,0.02,0.0
528.56,2026-06-26T03:07:46.066304,64880.688,116584.371,1.589,5824.065,129012.69,0.02,0.0
528.611,2026-06-26T03:07:46.117400,64880.688,116584.371,1.617,5824.066,129012.69,0.02,0.0
528.662,2026-06-26T03:07:46.168481,64880.688,116584.371,1.636,5824.067,129012.69,0.02,0.0
528.713,2026-06-26T03:07:46.219615,64880.688,116584.371,1.604,5824.068,129012.69,0.02,0.0
528.764,2026-06-26T03:07:46.270685,64880.688,116584.371,1.536,5824.069,129062.69,0.02,978.66
528.815,2026-06-26T03:07:46.321789,64919.461,116634.371,1.534,5824.07,129062.69,0.02,0.0
528.866,2026-06-26T03:07:46.372875,64880.688,116584.371,1.532,5824.071,129062.69,0.02,0.0
528.917,2026-06-26T03:07:46.423981,64907.688,116634.371,1.577,5824.072,129112.69,0.02,978.423
528.968,2026-06-26T03:07:46.475083,64880.688,116584.371,1.562,5824.073,129112.69,0.02,0.0
529.019,2026-06-26T03:07:46.526212,64895.883,116634.371,1.415,5824.074,129162.69,0.02,979.387
529.07,2026-06-26T03:07:46.577248,64880.695,116584.371,1.266,5824.075,129162.69,0.02,0.0
529.121,2026-06-26T03:07:46.628248,64885.57,116634.371,1.07,5824.076,129212.69,0.02,980.615
529.172,2026-06-26T03:07:46.679243,64880.695,116584.371,1.025,5824.077,129212.69,0.02,0.0
529.223,2026-06-26T03:07:46.730240,64880.695,116584.371,0.947,5824.079,129262.69,0.02,980.449
529.274,2026-06-26T03:07:46.781229,64924.566,117384.371,0.893,5824.08,129262.69,0.02,0.0
529.325,2026-06-26T03:07:46.832222,64974.461,117384.371,0.901,5824.081,129262.69,0.02,0.0
529.376,2026-06-26T03:07:46.883230,65024.445,117384.371,0.86,5824.082,129262.69,0.02,0.0
529.427,2026-06-26T03:07:46.934232,65074.445,117384.371,0.832,5824.083,129262.69,0.02,0.0
529.478,2026-06-26T03:07:46.985205,65124.445,117384.371,0.812,5824.084,129262.69,0.02,0.0
529.529,2026-06-26T03:07:47.036203,65174.699,117384.371,0.844,5824.085,129262.69,0.02,0.0
529.58,2026-06-26T03:07:47.087253,65225.207,117384.371,0.775,5824.086,129262.69,0.02,0.0
529.632,2026-06-26T03:07:47.138276,65272.934,117384.371,0.772,5824.087,129262.69,0.02,0.0
529.682,2026-06-26T03:07:47.189270,65323.516,117384.371,0.816,5824.088,129262.69,0.02,0.0
529.733,2026-06-26T03:07:47.240269,65374.152,117384.371,0.801,5824.089,129262.69,0.02,0.0
529.784,2026-06-26T03:07:47.291266,65424.852,117384.371,0.791,5824.09,129262.69,0.02,0.0
529.835,2026-06-26T03:07:47.342259,65475.461,117384.371,0.783,5824.091,129262.69,0.02,0.0
529.887,2026-06-26T03:07:47.393277,65525.969,117384.371,0.778,5824.092,129262.69,0.02,0.0
529.937,2026-06-26T03:07:47.444263,65576.344,117384.371,0.82,5824.093,129262.69,0.021,0.0
529.988,2026-06-26T03:07:47.495240,65626.98,117384.371,0.758,5824.094,129262.69,0.02,0.0
530.039,2026-06-26T03:07:47.546235,65677.57,117384.371,0.761,5824.095,129262.69,0.02,0.0
530.09,2026-06-26T03:07:47.597239,65663.84,117384.371,0.808,5824.096,129262.69,0.02,0.0
530.141,2026-06-26T03:07:47.648254,65194.695,117384.371,0.795,5824.097,129262.69,0.02,0.0
530.192,2026-06-26T03:07:47.699237,64880.695,116584.371,0.833,5824.098,129262.69,0.02,0.0
530.243,2026-06-26T03:07:47.750231,64880.695,116584.371,0.812,5824.099,129262.69,0.02,0.0
530.294,2026-06-26T03:07:47.801238,64880.695,116584.371,0.845,5824.1,129262.69,0.02,0.0
530.345,2026-06-26T03:07:47.852237,64880.695,116584.371,0.821,5824.101,129262.69,0.02,0.0
530.396,2026-06-26T03:07:47.903242,64895.695,116634.371,0.804,5824.103,129312.69,0.02,980.408
530.447,2026-06-26T03:07:47.954233,64880.695,116584.371,0.793,5824.104,129312.69,0.02,0.0
530.498,2026-06-26T03:07:48.005212,64884.328,117384.371,0.785,5824.105,129362.69,0.02,980.454
530.549,2026-06-26T03:07:48.056210,64935.441,117384.371,0.779,5824.106,129362.69,0.02,0.0
530.6,2026-06-26T03:07:48.107212,64986.82,117384.371,0.775,5824.107,129362.69,0.02,0.0
530.651,2026-06-26T03:07:48.158205,65038.164,117384.371,0.772,5824.108,129362.69,0.02,0.0
530.702,2026-06-26T03:07:48.209247,65089.57,117384.371,0.816,5824.109,129362.69,0.02,0.0
530.753,2026-06-26T03:07:48.260243,65140.965,117384.371,0.801,5824.11,129362.69,0.02,0.0
530.804,2026-06-26T03:07:48.311263,65187.707,117384.371,0.745,5824.111,129362.69,0.02,0.0
530.855,2026-06-26T03:07:48.362256,65237.984,117384.371,0.797,5824.112,129362.69,0.02,0.0
530.906,2026-06-26T03:07:48.413250,65289.082,117384.371,0.742,5824.113,129362.69,0.02,0.0
530.957,2026-06-26T03:07:48.464246,65340.352,117384.371,0.749,5824.114,129362.69,0.02,0.0
531.008,2026-06-26T03:07:48.515231,65391.086,117384.371,0.846,5824.115,129362.69,0.02,0.0
531.059,2026-06-26T03:07:48.566249,65441.965,117384.371,0.776,5824.116,129362.69,0.02,0.0
531.11,2026-06-26T03:07:48.617231,65492.969,117384.371,0.773,5824.117,129362.69,0.021,0.0
531.161,2026-06-26T03:07:48.668236,65543.711,117384.371,0.817,5824.118,129362.69,0.02,0.0
531.212,2026-06-26T03:07:48.719232,65594.758,117384.371,0.802,5824.119,129362.69,0.021,0.0
531.263,2026-06-26T03:07:48.770234,65645.324,117384.371,0.791,5824.12,129362.69,0.02,0.0
531.314,2026-06-26T03:07:48.821248,65632.695,117384.371,0.783,5824.121,129362.69,0.02,0.0
531.365,2026-06-26T03:07:48.872233,65646.695,117384.371,0.778,5824.122,129362.69,0.021,0.0
531.416,2026-06-26T03:07:48.923226,64904.695,117384.371,0.774,5824.123,129362.69,0.02,0.0
531.467,2026-06-26T03:07:48.974220,64880.695,116584.371,0.772,5824.124,129362.69,0.02,0.0
531.518,2026-06-26T03:07:49.025236,64880.695,116584.371,0.77,5824.125,129362.69,0.02,0.0
531.569,2026-06-26T03:07:49.076231,64880.695,116584.371,0.769,5824.127,129362.69,0.02,0.0
531.62,2026-06-26T03:07:49.127222,64880.695,116584.371,0.768,5824.128,129362.69,0.02,0.0
531.671,2026-06-26T03:07:49.178216,64914.27,117384.371,0.813,5824.129,129412.69,0.02,979.982
531.722,2026-06-26T03:07:49.229220,64964.27,117384.371,0.799,5824.13,129412.69,0.02,0.0
531.773,2026-06-26T03:07:49.280181,65014.219,117384.371,0.837,5824.131,129412.69,0.021,0.0
531.824,2026-06-26T03:07:49.330759,65063.926,117384.371,0.817,5824.132,129412.69,0.021,0.0
531.875,2026-06-26T03:07:49.381643,65113.609,117384.371,0.803,5824.133,129412.69,0.021,0.0
531.925,2026-06-26T03:07:49.432211,65163.16,117384.371,0.84,5824.134,129412.69,0.021,0.0
531.976,2026-06-26T03:07:49.482865,65213.508,117384.371,0.864,5824.135,129412.69,0.02,0.0
532.027,2026-06-26T03:07:49.533960,65264.91,117384.371,0.789,5824.136,129412.69,0.02,0.0
532.078,2026-06-26T03:07:49.584974,65315.07,117384.371,0.828,5824.137,129412.69,0.02,0.0
532.129,2026-06-26T03:07:49.636022,65366.301,117384.371,0.763,5824.138,129412.69,0.02,0.0
532.18,2026-06-26T03:07:49.687040,65417.395,117384.371,0.81,5824.139,129412.69,0.02,0.0
532.231,2026-06-26T03:07:49.738099,65468.195,117384.371,0.75,5824.14,129412.69,0.02,0.0
532.282,2026-06-26T03:07:49.789113,65518.703,117384.371,0.801,5824.141,129412.69,0.02,0.0
532.333,2026-06-26T03:07:49.840170,65569.66,117384.371,0.79,5824.142,129412.69,0.02,0.0
532.384,2026-06-26T03:07:49.891201,65620.363,117384.371,0.783,5824.143,129412.69,0.02,0.0
532.435,2026-06-26T03:07:49.942202,65671.117,117384.371,0.778,5824.144,129412.69,0.02,0.0
532.486,2026-06-26T03:07:49.993223,65657.973,117384.371,0.774,5824.145,129412.69,0.02,0.0
532.537,2026-06-26T03:07:50.044203,65282.695,117384.371,0.772,5824.146,129412.69,0.02,0.0
532.588,2026-06-26T03:07:50.095202,64880.695,116584.371,0.77,5824.147,129412.69,0.02,0.0
532.639,2026-06-26T03:07:50.146251,64880.695,116584.371,0.769,5824.148,129412.69,0.02,0.0
532.69,2026-06-26T03:07:50.197246,64880.695,116584.371,0.768,5824.149,129412.69,0.02,0.0
532.741,2026-06-26T03:07:50.248255,64880.695,116584.371,0.767,5824.151,129412.69,0.02,0.0
532.863,2026-06-26T03:07:50.369322,64880.695,116584.371,0.925,5824.501,129462.69,2.907,414.561
532.913,2026-06-26T03:07:50.419755,64894.254,116634.371,0.833,5824.502,129512.69,0.021,987.202
532.964,2026-06-26T03:07:50.470425,64880.695,116584.371,0.906,5824.503,129512.69,0.021,0.0
533.014,2026-06-26T03:07:50.521263,64881.34,116634.371,0.865,5824.504,129562.69,0.021,984.708
533.065,2026-06-26T03:07:50.572038,64923.691,116634.371,0.836,5824.505,129562.69,0.021,0.0
533.116,2026-06-26T03:07:50.622862,64880.695,116584.371,0.815,5824.506,129562.69,0.02,0.0
533.167,2026-06-26T03:07:50.673880,64908.195,116634.371,0.8,5824.507,129612.69,0.02,979.305
533.218,2026-06-26T03:07:50.724932,64880.695,116584.371,0.79,5824.508,129612.69,0.02,0.0
533.269,2026-06-26T03:07:50.775948,64889.488,116634.371,0.828,5824.509,129662.69,0.02,978.939
533.32,2026-06-26T03:07:50.827021,64880.695,116584.371,0.855,5824.511,129662.69,0.02,0.0
533.371,2026-06-26T03:07:50.878035,64880.695,116584.371,0.783,5824.512,129712.69,0.02,979.822
533.422,2026-06-26T03:07:50.929074,64928.512,117384.371,0.823,5824.513,129712.69,0.02,0.0
533.473,2026-06-26T03:07:50.980093,64979.82,117384.371,0.806,5824.514,129712.69,0.02,0.0
533.524,2026-06-26T03:07:51.031103,65029.887,117384.371,0.794,5824.515,129712.69,0.02,0.0
533.575,2026-06-26T03:07:51.082178,65080.695,117384.371,0.785,5824.516,129712.69,0.02,0.0
533.626,2026-06-26T03:07:51.133180,65131.77,117384.371,0.779,5824.517,129712.69,0.02,0.0
533.677,2026-06-26T03:07:51.184220,65182.746,117384.371,0.775,5824.518,129712.69,0.02,0.0
533.728,2026-06-26T03:07:51.235210,65233.359,117384.371,0.772,5824.519,129712.69,0.02,0.0
533.779,2026-06-26T03:07:51.286224,65284.074,117384.371,0.816,5824.52,129712.69,0.02,0.0
533.83,2026-06-26T03:07:51.337241,65334.836,117384.371,0.755,5824.521,129712.69,0.02,0.0
533.881,2026-06-26T03:07:51.388227,65385.637,117384.371,0.759,5824.522,129712.69,0.02,0.0
533.932,2026-06-26T03:07:51.439227,65436.328,117384.371,0.807,5824.523,129712.69,0.02,0.0
533.983,2026-06-26T03:07:51.490230,65487.012,117384.371,0.749,5824.524,129712.69,0.021,0.0
534.034,2026-06-26T03:07:51.541213,65537.441,117384.371,0.8,5824.525,129712.69,0.02,0.0
534.085,2026-06-26T03:07:51.592225,65587.969,117384.371,0.79,5824.526,129712.69,0.02,0.0
534.136,2026-06-26T03:07:51.643237,65638.762,117384.371,0.783,5824.527,129712.69,0.021,0.0
534.187,2026-06-26T03:07:51.694235,65630.695,117334.371,0.823,5824.528,129712.69,0.02,0.0
534.238,2026-06-26T03:07:51.745237,65675.695,117384.371,0.898,5824.529,129712.69,0.02,0.0
534.289,2026-06-26T03:07:51.796244,65002.695,117384.371,0.858,5824.53,129712.69,0.02,0.0
534.34,2026-06-26T03:07:51.847242,64880.695,116584.371,0.831,5824.531,129712.69,0.02,0.0
534.391,2026-06-26T03:07:51.898234,64880.695,116584.371,0.811,5824.532,129712.69,0.02,0.0
534.442,2026-06-26T03:07:51.949232,64880.695,116584.371,0.798,5824.533,129712.69,0.02,0.0
534.493,2026-06-26T03:07:52.000238,64880.695,116584.371,0.788,5824.535,129712.69,0.02,0.0
534.544,2026-06-26T03:07:52.051230,64908.195,116634.371,0.736,5824.536,129762.69,0.02,980.711
534.595,2026-06-26T03:07:52.102230,64880.695,116584.371,0.745,5824.537,129762.69,0.02,0.0
534.646,2026-06-26T03:07:52.153227,64896.695,116634.371,0.797,5824.538,129812.69,0.02,980.825
534.697,2026-06-26T03:07:52.204222,64880.695,116584.371,0.788,5824.539,129812.69,0.02,0.0
534.748,2026-06-26T03:07:52.255243,64880.695,116584.371,0.781,5824.54,129862.69,0.02,980.482
534.799,2026-06-26T03:07:52.306237,64926.059,117384.371,0.777,5824.541,129862.69,0.02,0.0
534.85,2026-06-26T03:07:52.357235,64976.223,117384.371,0.773,5824.542,129862.69,0.02,0.0
534.901,2026-06-26T03:07:52.408231,65026.262,117384.371,0.817,5824.543,129862.69,0.02,0.0
534.952,2026-06-26T03:07:52.459229,65076.355,117384.371,0.756,5824.544,129862.69,0.02,0.0
535.003,2026-06-26T03:07:52.510247,65126.516,117384.371,0.759,5824.545,129862.69,0.02,0.0
535.054,2026-06-26T03:07:52.561224,65176.555,117384.371,0.853,5824.546,129862.69,0.02,0.0
535.105,2026-06-26T03:07:52.612220,65227.57,117384.371,0.827,5824.547,129862.69,0.02,0.0
535.156,2026-06-26T03:07:52.663216,65270.523,117384.371,0.809,5824.548,129862.69,0.02,0.0
535.207,2026-06-26T03:07:52.714219,65311.734,117384.371,0.796,5824.549,129862.69,0.02,0.0
535.258,2026-06-26T03:07:52.765234,65352.816,117384.371,0.787,5824.55,129862.69,0.02,0.0
535.309,2026-06-26T03:07:52.816217,65392.863,117384.371,0.781,5824.551,129862.69,0.02,0.0
535.36,2026-06-26T03:07:52.867214,65433.445,117384.371,0.822,5824.552,129862.69,0.02,0.0
535.411,2026-06-26T03:07:52.918220,65473.844,117384.371,0.805,5824.553,129862.69,0.02,0.0
535.462,2026-06-26T03:07:52.969219,65514.145,117384.371,0.793,5824.554,129862.69,0.02,0.0
535.513,2026-06-26T03:07:53.020224,65554.133,117384.371,0.739,5824.555,129862.69,0.02,0.0
535.564,2026-06-26T03:07:53.071209,65594.02,117384.371,0.793,5824.556,129862.69,0.021,0.0
535.615,2026-06-26T03:07:53.122209,65633.957,117384.371,0.739,5824.557,129862.69,0.02,0.0
535.666,2026-06-26T03:07:53.173212,65673.938,117384.371,0.747,5824.559,129862.69,0.02,0.0
535.717,2026-06-26T03:07:53.224223,65658.867,117384.371,0.799,5824.56,129862.69,0.02,0.0
535.768,2026-06-26T03:07:53.275225,65254.695,117384.371,0.789,5824.561,129862.69,0.02,0.0
535.819,2026-06-26T03:07:53.326220,64880.695,116584.371,0.828,5824.562,129862.69,0.02,0.0
535.87,2026-06-26T03:07:53.377211,64880.695,116584.371,0.809,5824.563,129862.69,0.02,0.0
535.921,2026-06-26T03:07:53.428228,64880.695,116584.371,0.842,5824.564,129862.69,0.02,0.0
535.972,2026-06-26T03:07:53.479216,64880.695,116584.371,0.82,5824.565,129862.69,0.02,0.0
536.023,2026-06-26T03:07:53.530220,64890.695,116634.371,0.849,5824.566,129912.69,0.02,980.193
536.074,2026-06-26T03:07:53.581215,64880.695,116584.371,0.779,5824.567,129912.69,0.02,0.0
536.125,2026-06-26T03:07:53.632218,64880.695,116584.371,0.821,5824.568,129962.69,0.02,979.845
536.176,2026-06-26T03:07:53.683231,64929.195,116634.371,0.804,5824.569,129962.69,0.02,0.0
536.227,2026-06-26T03:07:53.734213,64880.695,116584.371,0.793,5824.57,130012.69,0.02,980.784
536.278,2026-06-26T03:07:53.785212,64918.449,116634.371,0.785,5824.571,130012.69,0.02,0.0
536.329,2026-06-26T03:07:53.836214,64880.695,116584.371,0.779,5824.572,130012.69,0.02,0.0
536.38,2026-06-26T03:07:53.887223,64907.539,117384.371,0.775,5824.573,130062.69,0.02,979.946
536.431,2026-06-26T03:07:53.938238,64957.25,117384.371,0.772,5824.574,130062.69,0.02,0.0
536.482,2026-06-26T03:07:53.989233,65006.691,117384.371,0.771,5824.575,130062.69,0.02,0.0
536.533,2026-06-26T03:07:54.040233,65056.594,117384.371,0.769,5824.576,130062.69,0.02,0.0
536.584,2026-06-26T03:07:54.091237,65107.652,117384.371,0.814,5824.577,130062.69,0.02,0.0
536.635,2026-06-26T03:07:54.142245,65158.992,117384.371,0.754,5824.578,130062.69,0.02,0.0
536.686,2026-06-26T03:07:54.193200,65209.836,117384.371,0.759,5824.579,130062.69,0.021,0.0
536.737,2026-06-26T03:07:54.243775,65260.551,117384.371,0.808,5824.58,130062.69,0.021,0.0
536.788,2026-06-26T03:07:54.294706,65310.891,117384.371,0.841,5824.581,130062.69,0.02,0.0
536.839,2026-06-26T03:07:54.345734,65360.98,117384.371,0.818,5824.583,130062.69,0.02,0.0
536.89,2026-06-26T03:07:54.396727,65411.086,117384.371,0.804,5824.584,130062.69,0.021,0.0
536.941,2026-06-26T03:07:54.447318,65461.145,117384.371,0.794,5824.585,130062.69,0.021,0.0
536.991,2026-06-26T03:07:54.497919,65511.234,117384.371,0.788,5824.586,130062.69,0.021,0.0
537.042,2026-06-26T03:07:54.548535,65561.398,117384.371,0.783,5824.587,130062.69,0.021,0.0
537.092,2026-06-26T03:07:54.599172,65611.516,117384.371,0.78,5824.588,130062.69,0.021,0.0
537.143,2026-06-26T03:07:54.649774,65661.863,117384.371,0.823,5824.589,130062.69,0.021,0.0
537.194,2026-06-26T03:07:54.700735,65648.656,117384.371,0.76,5824.59,130062.69,0.02,0.0
537.245,2026-06-26T03:07:54.751730,65420.695,117384.371,0.808,5824.591,130062.69,0.02,0.0
537.296,2026-06-26T03:07:54.802700,64880.695,116584.371,0.795,5824.592,130062.69,0.02,0.0
537.347,2026-06-26T03:07:54.853716,64880.695,116584.371,0.786,5824.593,130062.69,0.02,0.0
537.398,2026-06-26T03:07:54.904682,64880.695,116584.371,0.78,5824.594,130062.69,0.02,0.0
537.449,2026-06-26T03:07:54.955679,64880.695,116584.371,0.775,5824.595,130062.69,0.02,0.0
537.5,2026-06-26T03:07:55.006902,64880.695,116584.371,0.773,5824.596,130112.69,0.021,987.127
537.551,2026-06-26T03:07:55.057482,64928.305,116634.371,0.773,5824.597,130112.69,0.021,0.0
537.601,2026-06-26T03:07:55.108209,64880.695,116584.371,0.818,5824.598,130162.69,0.02,981.597
537.652,2026-06-26T03:07:55.159090,64916.18,117384.371,0.804,5824.599,130162.69,0.021,0.0
537.703,2026-06-26T03:07:55.209650,64966.012,117384.371,0.794,5824.6,130162.69,0.021,0.0
537.754,2026-06-26T03:07:55.260415,65016.699,117384.371,0.787,5824.601,130162.69,0.021,0.0
537.844,2026-06-26T03:07:55.350888,65106.98,117384.371,0.914,5824.952,130162.69,3.892,0.0
537.895,2026-06-26T03:07:55.401345,65157.484,117384.371,0.825,5824.953,130162.69,0.021,0.0
537.945,2026-06-26T03:07:55.451970,65207.961,117384.371,0.809,5824.954,130162.69,0.021,0.0
537.996,2026-06-26T03:07:55.502603,65258.828,117384.371,0.844,5824.955,130162.69,0.021,0.0
538.046,2026-06-26T03:07:55.553190,65309.691,117384.371,0.776,5824.956,130162.69,0.021,0.0
538.097,2026-06-26T03:07:55.603801,65360.625,117384.371,0.821,5824.958,130162.69,0.021,0.0
538.148,2026-06-26T03:07:55.654446,65411.547,117384.371,0.806,5824.959,130162.69,0.021,0.0
538.198,2026-06-26T03:07:55.705055,65460.129,117384.371,0.796,5824.96,130162.69,0.021,0.0
538.249,2026-06-26T03:07:55.755687,65510.391,117384.371,0.789,5824.961,130162.69,0.021,0.0
538.3,2026-06-26T03:07:55.806302,65560.582,117384.371,0.783,5824.962,130162.69,0.021,0.0
538.35,2026-06-26T03:07:55.856921,65610.898,117384.371,0.78,5824.963,130162.69,0.021,0.0
538.401,2026-06-26T03:07:55.907570,65661.113,117384.371,0.777,5824.964,130162.69,0.021,0.0
538.451,2026-06-26T03:07:55.958211,65647.703,117384.371,0.822,5824.965,130162.69,0.021,0.0
538.502,2026-06-26T03:07:56.008809,65428.703,117384.371,0.807,5824.966,130162.69,0.021,0.0
538.553,2026-06-26T03:07:56.059417,64880.703,116584.371,0.796,5824.967,130162.69,0.021,0.0
538.603,2026-06-26T03:07:56.110031,64880.703,116584.371,0.789,5824.968,130162.69,0.021,0.0
538.654,2026-06-26T03:07:56.160669,64880.703,116584.371,0.784,5824.969,130162.69,0.021,0.0
538.705,2026-06-26T03:07:56.211299,64880.703,116584.371,0.78,5824.97,130162.69,0.021,0.0
538.755,2026-06-26T03:07:56.261900,64880.703,116584.371,0.778,5824.971,130212.69,0.021,987.685
538.806,2026-06-26T03:07:56.312538,64926.887,116634.371,0.776,5824.972,130212.69,0.021,0.0
538.856,2026-06-26T03:07:56.363205,64880.703,116584.371,0.774,5824.973,130262.69,0.021,987.434
538.907,2026-06-26T03:07:56.413809,64915.332,117384.371,0.774,5824.974,130262.69,0.021,0.0
538.958,2026-06-26T03:07:56.464440,64964.969,117384.371,0.773,5824.975,130262.69,0.021,0.0
539.008,2026-06-26T03:07:56.515047,65014.277,117384.371,0.819,5824.976,130262.69,0.021,0.0
539.059,2026-06-26T03:07:56.565660,65063.289,117384.371,0.758,5824.977,130262.69,0.021,0.0
539.11,2026-06-26T03:07:56.616300,65113.008,117384.371,0.855,5824.978,130262.69,0.021,0.0
539.16,2026-06-26T03:07:56.666905,65163.77,117384.371,0.83,5824.979,130262.69,0.021,0.0
539.211,2026-06-26T03:07:56.717571,65214.531,117384.371,0.812,5824.98,130262.69,0.021,0.0
539.261,2026-06-26T03:07:56.768195,65265.297,117384.371,0.8,5824.982,130262.69,0.021,0.0
539.312,2026-06-26T03:07:56.818798,65315.84,117384.371,0.792,5824.983,130262.69,0.021,0.0
539.363,2026-06-26T03:07:56.869446,65366.641,117384.371,0.786,5824.984,130262.69,0.021,0.0
539.413,2026-06-26T03:07:56.920046,65417.508,117384.371,0.782,5824.985,130262.69,0.021,0.0
539.464,2026-06-26T03:07:56.970684,65467.801,117384.371,0.779,5824.986,130262.69,0.021,0.0
539.515,2026-06-26T03:07:57.021300,65518.066,117384.371,0.777,5824.987,130262.69,0.021,0.0
539.565,2026-06-26T03:07:57.071889,65568.203,117384.371,0.821,5824.988,130262.69,0.021,0.0
539.616,2026-06-26T03:07:57.122542,65618.406,117384.371,0.807,5824.989,130262.69,0.021,0.0
539.666,2026-06-26T03:07:57.173169,65668.711,117384.371,0.796,5824.99,130262.69,0.021,0.0
539.717,2026-06-26T03:07:57.223768,65655.09,117384.371,0.742,5824.991,130262.69,0.021,0.0
539.768,2026-06-26T03:07:57.274387,65334.703,117384.371,0.751,5824.992,130262.69,0.021,0.0
539.818,2026-06-26T03:07:57.324994,64880.703,116584.371,0.757,5824.993,130262.69,0.021,0.0
539.869,2026-06-26T03:07:57.375660,64880.703,116584.371,0.762,5824.994,130262.69,0.021,0.0
539.919,2026-06-26T03:07:57.426258,64880.703,116584.371,0.765,5824.995,130262.69,0.021,0.0
539.97,2026-06-26T03:07:57.476864,64880.703,116584.371,0.767,5824.996,130262.69,0.021,0.0
540.021,2026-06-26T03:07:57.527496,64883.355,117384.371,0.815,5824.997,130312.69,0.021,988.183
540.071,2026-06-26T03:07:57.578093,64933.98,117384.371,0.755,5824.998,130312.69,0.021,0.0
540.122,2026-06-26T03:07:57.628736,64984.742,117384.371,0.807,5824.999,130312.69,0.021,0.0
540.173,2026-06-26T03:07:57.679346,65035.645,117384.371,0.796,5825.0,130312.69,0.021,0.0
540.223,2026-06-26T03:07:57.729953,65086.438,117384.371,0.789,5825.001,130312.69,0.021,0.0
540.274,2026-06-26T03:07:57.780594,65131.102,117384.371,0.784,5825.002,130312.69,0.021,0.0
540.324,2026-06-26T03:07:57.831207,65169.008,117384.371,0.78,5825.003,130312.69,0.021,0.0
540.375,2026-06-26T03:07:57.881832,65204.336,117384.371,0.777,5825.005,130312.69,0.021,0.0
540.426,2026-06-26T03:07:57.932462,65245.246,117384.371,0.776,5825.006,130312.69,0.021,0.0
540.476,2026-06-26T03:07:57.983067,65279.949,117384.371,0.821,5825.007,130312.69,0.021,0.0
540.527,2026-06-26T03:07:58.033715,65317.699,117384.371,0.852,5825.008,130312.69,0.021,0.0
540.578,2026-06-26T03:07:58.084321,65361.406,117384.371,0.875,5825.009,130312.69,0.021,0.0
540.628,2026-06-26T03:07:58.134938,65412.273,117384.371,0.797,5825.01,130312.69,0.021,0.0
540.679,2026-06-26T03:07:58.185565,65463.094,117384.371,0.79,5825.011,130312.69,0.021,0.0
540.729,2026-06-26T03:07:58.236208,65511.953,117384.371,0.83,5825.012,130312.69,0.021,0.0
540.78,2026-06-26T03:07:58.286816,65561.895,117384.371,0.813,5825.013,130312.69,0.021,0.0
540.831,2026-06-26T03:07:58.337443,65612.168,117384.371,0.801,5825.014,130312.69,0.021,0.0
540.881,2026-06-26T03:07:58.388053,65662.414,117384.371,0.792,5825.015,130312.69,0.021,0.0
540.932,2026-06-26T03:07:58.438683,65648.98,117384.371,0.786,5825.016,130312.69,0.021,0.0
540.983,2026-06-26T03:07:58.489307,65420.703,117384.371,0.781,5825.017,130312.69,0.021,0.0
541.033,2026-06-26T03:07:58.539923,64880.703,116584.371,0.778,5825.018,130312.69,0.021,0.0
541.084,2026-06-26T03:07:58.590553,64880.703,116584.371,0.776,5825.019,130312.69,0.021,0.0
541.134,2026-06-26T03:07:58.641191,64880.703,116584.371,0.775,5825.02,130312.69,0.021,0.0
541.185,2026-06-26T03:07:58.691787,64880.703,116584.371,0.774,5825.021,130312.69,0.021,0.0
541.236,2026-06-26T03:07:58.742402,64880.703,116584.371,0.773,5825.022,130362.69,0.021,987.476
541.286,2026-06-26T03:07:58.793019,64925.141,116634.371,0.819,5825.023,130362.69,0.021,0.0
541.337,2026-06-26T03:07:58.843668,64880.703,116584.371,0.758,5825.024,130362.69,0.021,0.0
541.388,2026-06-26T03:07:58.894293,64913.031,117384.371,0.809,5825.025,130412.69,0.021,987.601
541.438,2026-06-26T03:07:58.944895,64962.031,117384.371,0.751,5825.026,130412.69,0.021,0.0
541.489,2026-06-26T03:07:58.995542,65011.184,117384.371,0.757,5825.027,130412.69,0.021,0.0
541.539,2026-06-26T03:07:59.046187,65060.645,117384.371,0.808,5825.029,130412.69,0.021,0.0
541.59,2026-06-26T03:07:59.096779,65110.508,117384.371,0.797,5825.03,130412.69,0.021,0.0
541.641,2026-06-26T03:07:59.147401,65161.152,117384.371,0.743,5825.031,130412.69,0.021,0.0
541.691,2026-06-26T03:07:59.198003,65211.629,117384.371,0.798,5825.032,130412.69,0.021,0.0
541.742,2026-06-26T03:07:59.248644,65261.953,117384.371,0.79,5825.033,130412.69,0.021,0.0
541.793,2026-06-26T03:07:59.299295,65312.207,117384.371,0.738,5825.034,130412.69,0.021,0.0
541.843,2026-06-26T03:07:59.349907,65362.691,117384.371,0.794,5825.035,130412.69,0.021,0.0
541.894,2026-06-26T03:07:59.400509,65412.988,117384.371,0.788,5825.036,130412.69,0.021,0.0
541.944,2026-06-26T03:07:59.451084,65462.672,117384.371,0.783,5825.037,130412.69,0.021,0.0
541.995,2026-06-26T03:07:59.501715,65512.543,117384.371,0.779,5825.038,130412.69,0.021,0.0
542.046,2026-06-26T03:07:59.552363,65562.664,117384.371,0.823,5825.039,130412.69,0.021,0.0
542.096,2026-06-26T03:07:59.602954,65612.855,117384.371,0.762,5825.04,130412.69,0.021,0.0
542.147,2026-06-26T03:07:59.653593,65663.309,117384.371,0.857,5825.041,130412.69,0.021,0.0
542.197,2026-06-26T03:07:59.704199,65650.051,117384.371,0.785,5825.042,130412.69,0.021,0.0
542.248,2026-06-26T03:07:59.754812,65414.703,117384.371,0.827,5825.043,130412.69,0.021,0.0
542.299,2026-06-26T03:07:59.805481,64880.703,116584.371,0.811,5825.044,130412.69,0.021,0.0
542.349,2026-06-26T03:07:59.856082,64880.703,116584.371,0.799,5825.045,130412.69,0.021,0.0
542.4,2026-06-26T03:07:59.906713,64880.703,116584.371,0.744,5825.046,130412.69,0.021,0.0
542.451,2026-06-26T03:07:59.957335,64880.703,116584.371,0.799,5825.047,130412.69,0.021,0.0
542.501,2026-06-26T03:08:00.007943,64880.703,116584.371,0.791,5825.048,130462.69,0.021,986.807
542.552,2026-06-26T03:08:00.058605,64926.703,116634.371,0.785,5825.049,130462.69,0.021,0.0
542.602,2026-06-26T03:08:00.109196,64880.703,116584.371,0.781,5825.05,130462.69,0.021,0.0
542.653,2026-06-26T03:08:00.159803,64915.203,116634.371,0.732,5825.052,130512.69,0.021,987.011
542.704,2026-06-26T03:08:00.210445,64880.703,116584.371,0.79,5825.053,130512.69,0.021,0.0
542.754,2026-06-26T03:08:00.261060,64903.594,117384.371,0.785,5825.054,130562.69,0.021,986.644
542.844,2026-06-26T03:08:00.351153,64992.656,117384.371,0.914,5825.405,130562.69,3.905,0.0
542.895,2026-06-26T03:08:00.401567,65043.203,117384.371,0.825,5825.406,130562.69,0.021,0.0
542.945,2026-06-26T03:08:00.452171,65093.711,117384.371,0.856,5825.407,130562.69,0.021,0.0
542.996,2026-06-26T03:08:00.502738,65144.219,117384.371,0.831,5825.408,130562.69,0.021,0.0
543.047,2026-06-26T03:08:00.553369,65194.766,117384.371,0.813,5825.409,130562.69,0.021,0.0
543.097,2026-06-26T03:08:00.603964,65245.305,117384.371,0.801,5825.41,130562.69,0.021,0.0
543.148,2026-06-26T03:08:00.654602,65296.082,117384.371,0.792,5825.411,130562.69,0.021,0.0
543.198,2026-06-26T03:08:00.705216,65346.836,117384.371,0.786,5825.412,130562.69,0.021,0.0
543.249,2026-06-26T03:08:00.755790,65396.035,117384.371,0.828,5825.413,130562.69,0.021,0.0
543.3,2026-06-26T03:08:00.806379,65446.328,117384.371,0.765,5825.414,130562.69,0.021,0.0
543.35,2026-06-26T03:08:00.856989,65496.68,117384.371,0.813,5825.415,130562.69,0.021,0.0
543.401,2026-06-26T03:08:00.907624,65547.09,117384.371,0.754,5825.416,130562.69,0.021,0.0
543.451,2026-06-26T03:08:00.958232,65597.27,117384.371,0.806,5825.417,130562.69,0.021,0.0
543.502,2026-06-26T03:08:01.008845,65647.645,117384.371,0.796,5825.418,130562.69,0.021,0.0
543.553,2026-06-26T03:08:01.059518,65634.543,117384.371,0.788,5825.419,130562.69,0.021,0.0
543.603,2026-06-26T03:08:01.110110,65630.703,117384.371,0.783,5825.42,130562.69,0.021,0.0
543.654,2026-06-26T03:08:01.160729,64908.703,117384.371,0.78,5825.421,130562.69,0.021,0.0
543.705,2026-06-26T03:08:01.211349,64880.703,116584.371,0.778,5825.422,130562.69,0.021,0.0
543.755,2026-06-26T03:08:01.261955,64880.703,116584.371,0.776,5825.423,130562.69,0.021,0.0
543.806,2026-06-26T03:08:01.312616,64880.703,116584.371,0.774,5825.424,130562.69,0.021,0.0
543.856,2026-06-26T03:08:01.363235,64880.703,116584.371,0.773,5825.425,130562.69,0.021,0.0
543.907,2026-06-26T03:08:01.414231,64912.621,117384.371,0.771,5825.426,130612.69,0.02,980.358
543.958,2026-06-26T03:08:01.465196,64962.461,117384.371,0.769,5825.428,130612.69,0.02,0.0
544.009,2026-06-26T03:08:01.516181,65012.461,117384.371,0.814,5825.429,130612.69,0.02,0.0
544.06,2026-06-26T03:08:01.567175,65062.469,117384.371,0.8,5825.43,130612.69,0.02,0.0
544.111,2026-06-26T03:08:01.618105,65112.461,117384.371,0.79,5825.431,130612.69,0.02,0.0
544.162,2026-06-26T03:08:01.669083,65161.66,117384.371,0.829,5825.432,130612.69,0.02,0.0
544.213,2026-06-26T03:08:01.720057,65212.301,117384.371,0.81,5825.433,130612.69,0.02,0.0
544.264,2026-06-26T03:08:01.771043,65263.266,117384.371,0.751,5825.434,130612.69,0.02,0.0
544.315,2026-06-26T03:08:01.822035,65314.121,117384.371,0.847,5825.435,130612.69,0.02,0.0
544.366,2026-06-26T03:08:01.873004,65364.922,117384.371,0.823,5825.436,130612.69,0.021,0.0
544.417,2026-06-26T03:08:01.923975,65415.621,117384.371,0.806,5825.437,130612.69,0.02,0.0
544.468,2026-06-26T03:08:01.974975,65466.641,117384.371,0.794,5825.438,130612.69,0.021,0.0
544.519,2026-06-26T03:08:02.025953,65516.312,117384.371,0.831,5825.439,130612.69,0.021,0.0
544.57,2026-06-26T03:08:02.076959,65566.715,117384.371,0.766,5825.44,130612.69,0.021,0.0
544.621,2026-06-26T03:08:02.127911,65617.402,117384.371,0.766,5825.441,130612.69,0.021,0.0
544.672,2026-06-26T03:08:02.178893,65668.203,117384.371,0.812,5825.442,130612.69,0.021,0.0
544.723,2026-06-26T03:08:02.229875,65654.965,117384.371,0.798,5825.443,130612.69,0.021,0.0
544.774,2026-06-26T03:08:02.280875,65328.703,117384.371,0.743,5825.444,130612.69,0.021,0.0
544.825,2026-06-26T03:08:02.331858,64880.703,116584.371,0.75,5825.445,130612.69,0.02,0.0
544.876,2026-06-26T03:08:02.382854,64880.703,116584.371,0.755,5825.446,130612.69,0.02,0.0
544.927,2026-06-26T03:08:02.433818,64880.703,116584.371,0.804,5825.447,130612.69,0.02,0.0
544.978,2026-06-26T03:08:02.484815,64880.703,116584.371,0.793,5825.448,130612.69,0.02,0.0
545.029,2026-06-26T03:08:02.535801,64884.844,117384.371,0.785,5825.449,130662.69,0.02,980.321
545.08,2026-06-26T03:08:02.586800,64934.52,117384.371,0.779,5825.45,130662.69,0.02,0.0
545.131,2026-06-26T03:08:02.637765,64984.598,117384.371,0.775,5825.452,130662.69,0.02,0.0
545.182,2026-06-26T03:08:02.688752,65034.492,117384.371,0.818,5825.453,130662.69,0.02,0.0
545.233,2026-06-26T03:08:02.739798,65084.535,117384.371,0.802,5825.454,130662.69,0.02,0.0
545.284,2026-06-26T03:08:02.790840,65134.672,117384.371,0.837,5825.455,130662.69,0.02,0.0
545.335,2026-06-26T03:08:02.841869,65184.844,117384.371,0.861,5825.456,130662.69,0.02,0.0
545.386,2026-06-26T03:08:02.892913,65236.004,117384.371,0.787,5825.457,130662.69,0.02,0.0
545.437,2026-06-26T03:08:02.943942,65286.953,117384.371,0.826,5825.458,130662.69,0.02,0.0
545.488,2026-06-26T03:08:02.995023,65337.715,117384.371,0.762,5825.459,130662.69,0.02,0.0
545.539,2026-06-26T03:08:03.046028,65388.516,117384.371,0.809,5825.46,130662.69,0.02,0.0
545.59,2026-06-26T03:08:03.097068,65439.453,117384.371,0.842,5825.461,130662.69,0.02,0.0
545.641,2026-06-26T03:08:03.148079,65490.09,117384.371,0.773,5825.462,130662.69,0.021,0.0
545.692,2026-06-26T03:08:03.199124,65540.586,117384.371,0.771,5825.463,130662.69,0.02,0.0
545.743,2026-06-26T03:08:03.250207,65591.156,117384.371,0.815,5825.464,130662.69,0.02,0.0
545.794,2026-06-26T03:08:03.301209,65642.012,117384.371,0.754,5825.465,130662.69,0.021,0.0
545.845,2026-06-26T03:08:03.352205,65630.703,117334.371,0.804,5825.466,130662.69,0.021,0.0
545.896,2026-06-26T03:08:03.403211,65674.703,117384.371,0.747,5825.467,130662.69,0.021,0.0
545.947,2026-06-26T03:08:03.454216,65204.703,117384.371,0.752,5825.468,130662.69,0.02,0.0
545.998,2026-06-26T03:08:03.505219,64880.703,116584.371,0.802,5825.469,130662.69,0.02,0.0
546.049,2026-06-26T03:08:03.556214,64880.703,116584.371,0.791,5825.47,130662.69,0.02,0.0
546.1,2026-06-26T03:08:03.607225,64880.703,116584.371,0.784,5825.471,130662.69,0.02,0.0
546.151,2026-06-26T03:08:03.658258,64880.703,116584.371,0.778,5825.472,130662.69,0.02,0.0
546.202,2026-06-26T03:08:03.709271,64880.703,116584.371,0.774,5825.473,130662.69,0.02,0.0
546.254,2026-06-26T03:08:03.760275,64880.703,116584.371,0.772,5825.475,130662.69,0.02,0.0
546.304,2026-06-26T03:08:03.811273,64895.961,116634.371,0.816,5825.476,130712.69,0.02,980.702
546.355,2026-06-26T03:08:03.862268,64925.746,116634.371,0.847,5825.477,130712.69,0.02,0.0
546.407,2026-06-26T03:08:03.913292,64880.703,116584.371,0.823,5825.478,130712.69,0.02,0.0
546.458,2026-06-26T03:08:03.964281,64890.578,116634.371,0.806,5825.479,130762.69,0.02,980.532
546.508,2026-06-26T03:08:04.015234,64929.203,116634.371,0.841,5825.48,130762.69,0.021,0.0
546.559,2026-06-26T03:08:04.065872,64880.703,116584.371,0.819,5825.481,130762.69,0.02,0.0
546.61,2026-06-26T03:08:04.116915,64899.703,116634.371,0.803,5825.482,130812.69,0.02,979.204
546.661,2026-06-26T03:08:04.167968,64880.703,116584.371,0.791,5825.483,130812.69,0.02,0.0
546.712,2026-06-26T03:08:04.219013,64880.703,116584.371,0.784,5825.484,130862.69,0.02,980.069
546.763,2026-06-26T03:08:04.270010,64910.727,117384.371,0.779,5825.485,130862.69,0.02,0.0
546.814,2026-06-26T03:08:04.320922,64953.832,117384.371,0.821,5825.486,130862.69,0.021,0.0
546.865,2026-06-26T03:08:04.371768,64990.312,117384.371,0.76,5825.487,130862.69,0.021,0.0
546.916,2026-06-26T03:08:04.422355,65027.953,117384.371,0.764,5825.488,130862.69,0.021,0.0
546.966,2026-06-26T03:08:04.472948,65067.398,117384.371,0.811,5825.489,130862.69,0.021,0.0
547.017,2026-06-26T03:08:04.523888,65107.164,117384.371,0.798,5825.49,130862.69,0.02,0.0
547.068,2026-06-26T03:08:04.574810,65148.301,117384.371,0.789,5825.491,130862.69,0.02,0.0
547.119,2026-06-26T03:08:04.625728,65182.598,117384.371,0.783,5825.492,130862.69,0.021,0.0
547.17,2026-06-26T03:08:04.676324,65221.156,117384.371,0.78,5825.493,130862.69,0.021,0.0
547.22,2026-06-26T03:08:04.727064,65256.055,117384.371,0.777,5825.494,130862.69,0.021,0.0
547.271,2026-06-26T03:08:04.777875,65292.207,117384.371,0.773,5825.495,130862.69,0.02,0.0
547.322,2026-06-26T03:08:04.828902,65329.578,117384.371,0.817,5825.496,130862.69,0.02,0.0
547.373,2026-06-26T03:08:04.879935,65367.148,117384.371,0.799,5825.497,130862.69,0.02,0.0
547.425,2026-06-26T03:08:04.931619,65405.152,117384.371,0.789,5825.499,130862.69,0.02,0.0
547.476,2026-06-26T03:08:04.982682,65442.285,117384.371,0.828,5825.5,130862.69,0.021,0.0
547.527,2026-06-26T03:08:05.033656,65478.812,117384.371,0.809,5825.501,130862.69,0.02,0.0
547.578,2026-06-26T03:08:05.084663,65517.516,117384.371,0.796,5825.502,130862.69,0.021,0.0
547.629,2026-06-26T03:08:05.135637,65555.859,117384.371,0.833,5825.503,130862.69,0.021,0.0
547.68,2026-06-26T03:08:05.186630,65592.402,117384.371,0.813,5825.504,130862.69,0.021,0.0
547.731,2026-06-26T03:08:05.237608,65629.289,117384.371,0.799,5825.505,130862.69,0.021,0.0
547.782,2026-06-26T03:08:05.288608,65661.848,117384.371,0.743,5825.506,130862.69,0.021,0.0
547.904,2026-06-26T03:08:05.410846,65620.703,117384.371,0.866,5825.857,130862.69,2.887,0.0
547.954,2026-06-26T03:08:05.461235,65024.703,117384.371,0.839,5825.858,130862.69,0.021,0.0
548.005,2026-06-26T03:08:05.511773,64880.703,116584.371,0.818,5825.859,130862.69,0.021,0.0
548.056,2026-06-26T03:08:05.562549,64880.703,116584.371,0.804,5825.861,130862.69,0.021,0.0
548.107,2026-06-26T03:08:05.613351,64880.703,116584.371,0.793,5825.862,130862.69,0.021,0.0
548.157,2026-06-26T03:08:05.664188,64880.703,116584.371,0.832,5825.863,130862.69,0.02,0.0
548.208,2026-06-26T03:08:05.715167,64897.203,116634.371,0.858,5825.864,130912.69,0.02,980.372
548.259,2026-06-26T03:08:05.766187,64880.703,116584.371,0.83,5825.865,130912.69,0.02,0.0
548.31,2026-06-26T03:08:05.817159,64886.332,117384.371,0.811,5825.866,130962.69,0.02,981.078
548.361,2026-06-26T03:08:05.868111,64936.238,117384.371,0.797,5825.867,130962.69,0.02,0.0
548.412,2026-06-26T03:08:05.919113,64986.406,117384.371,0.788,5825.868,130962.69,0.02,0.0
548.463,2026-06-26T03:08:05.970089,65036.449,117384.371,0.781,5825.869,130962.69,0.02,0.0
548.514,2026-06-26T03:08:06.021123,65086.527,117384.371,0.777,5825.87,130962.69,0.02,0.0
548.565,2026-06-26T03:08:06.072088,65137.75,117384.371,0.82,5825.871,130962.69,0.02,0.0
548.616,2026-06-26T03:08:06.123072,65189.023,117384.371,0.803,5825.872,130962.69,0.02,0.0
548.667,2026-06-26T03:08:06.174054,65239.785,117384.371,0.792,5825.873,130962.69,0.02,0.0
548.718,2026-06-26T03:08:06.225052,65290.551,117384.371,0.785,5825.874,130962.69,0.02,0.0
548.769,2026-06-26T03:08:06.276025,65341.895,117384.371,0.871,5825.875,130962.69,0.02,0.0
548.82,2026-06-26T03:08:06.327021,65393.457,117384.371,0.839,5825.876,130962.69,0.021,0.0
548.871,2026-06-26T03:08:06.377990,65443.203,117384.371,0.817,5825.877,130962.69,0.02,0.0
548.922,2026-06-26T03:08:06.429002,65493.465,117384.371,0.802,5825.878,130962.69,0.021,0.0
548.973,2026-06-26T03:08:06.479980,65544.281,117384.371,0.791,5825.879,130962.69,0.021,0.0
549.024,2026-06-26T03:08:06.530976,65595.07,117384.371,0.784,5825.88,130962.69,0.021,0.0
549.075,2026-06-26T03:08:06.581949,65645.836,117384.371,0.825,5825.881,130962.69,0.021,0.0
549.126,2026-06-26T03:08:06.632934,65633.07,117384.371,0.761,5825.882,130962.69,0.021,0.0
549.177,2026-06-26T03:08:06.683935,65642.703,117384.371,0.808,5825.883,130962.69,0.021,0.0
549.228,2026-06-26T03:08:06.734925,64912.703,117384.371,0.796,5825.885,130962.69,0.02,0.0
549.279,2026-06-26T03:08:06.785897,64880.703,116584.371,0.787,5825.886,130962.69,0.02,0.0
549.33,2026-06-26T03:08:06.836894,64880.703,116584.371,0.781,5825.887,130962.69,0.02,0.0
549.381,2026-06-26T03:08:06.887858,64880.703,116584.371,0.776,5825.888,130962.69,0.02,0.0
549.432,2026-06-26T03:08:06.938878,64880.703,116584.371,0.773,5825.889,130962.69,0.02,0.0
549.483,2026-06-26T03:08:06.989913,64913.844,117384.371,0.771,5825.89,131012.69,0.02,980.784
549.534,2026-06-26T03:08:07.040901,64964.531,117384.371,0.816,5825.891,131012.69,0.02,0.0
549.585,2026-06-26T03:08:07.091880,65015.84,117384.371,0.755,5825.892,131012.69,0.02,0.0
549.636,2026-06-26T03:08:07.142882,65066.699,117384.371,0.804,5825.893,131012.69,0.02,0.0
549.687,2026-06-26T03:08:07.193873,65117.207,117384.371,0.793,5825.894,131012.69,0.02,0.0
549.738,2026-06-26T03:08:07.244866,65168.457,117384.371,0.785,5825.895,131012.69,0.02,0.0
549.789,2026-06-26T03:08:07.295831,65219.742,117384.371,0.779,5825.896,131012.69,0.02,0.0
549.84,2026-06-26T03:08:07.346841,65270.02,117384.371,0.821,5825.897,131012.69,0.02,0.0
549.891,2026-06-26T03:08:07.397812,65320.527,117384.371,0.805,5825.898,131012.69,0.02,0.0
549.942,2026-06-26T03:08:07.448819,65371.57,117384.371,0.839,5825.899,131012.69,0.021,0.0
549.993,2026-06-26T03:08:07.499788,65422.859,117384.371,0.817,5825.9,131012.69,0.021,0.0
550.044,2026-06-26T03:08:07.550781,65473.145,117384.371,0.848,5825.901,131012.69,0.02,0.0
550.095,2026-06-26T03:08:07.601771,65523.652,117384.371,0.777,5825.902,131012.69,0.021,0.0
550.146,2026-06-26T03:08:07.652750,65574.258,117384.371,0.774,5825.903,131012.69,0.021,0.0
550.197,2026-06-26T03:08:07.703720,65624.961,117384.371,0.817,5825.904,131012.69,0.021,0.0
550.248,2026-06-26T03:08:07.754716,65675.711,117384.371,0.802,5825.905,131012.69,0.021,0.0
550.299,2026-06-26T03:08:07.805681,65662.203,117384.371,0.745,5825.906,131012.69,0.021,0.0
550.35,2026-06-26T03:08:07.856705,65236.703,117384.371,0.798,5825.908,131012.69,0.02,0.0
550.401,2026-06-26T03:08:07.907679,64880.703,116584.371,0.788,5825.909,131012.69,0.02,0.0
550.452,2026-06-26T03:08:07.958677,64880.703,116584.371,0.781,5825.91,131012.69,0.02,0.0
550.503,2026-06-26T03:08:08.009668,64880.703,116584.371,0.777,5825.911,131012.69,0.02,0.0
550.554,2026-06-26T03:08:08.060664,64880.703,116584.371,0.773,5825.912,131012.69,0.02,0.0
550.605,2026-06-26T03:08:08.111661,64890.703,116634.371,0.771,5825.913,131062.69,0.02,980.491
550.656,2026-06-26T03:08:08.162637,64880.703,116584.371,0.77,5825.914,131062.69,0.02,0.0
550.707,2026-06-26T03:08:08.213608,64880.703,116584.371,0.769,5825.915,131112.69,0.02,980.042
550.758,2026-06-26T03:08:08.264610,64929.316,116634.371,0.768,5825.916,131112.69,0.02,0.0
550.809,2026-06-26T03:08:08.315596,64880.703,116584.371,0.813,5825.917,131162.69,0.02,979.991
550.86,2026-06-26T03:08:08.366617,64919.004,117384.371,0.845,5825.918,131162.69,0.02,0.0
550.911,2026-06-26T03:08:08.417594,64968.898,117384.371,0.821,5825.919,131162.69,0.02,0.0
550.962,2026-06-26T03:08:08.468588,65019.098,117384.371,0.805,5825.92,131162.69,0.02,0.0
551.013,2026-06-26T03:08:08.519569,65069.059,117384.371,0.793,5825.921,131162.69,0.02,0.0
551.064,2026-06-26T03:08:08.570571,65118.965,117384.371,0.831,5825.922,131162.69,0.02,0.0
551.115,2026-06-26T03:08:08.621552,65167.996,117384.371,0.812,5825.923,131162.69,0.02,0.0
551.166,2026-06-26T03:08:08.672540,65217.91,117384.371,0.798,5825.924,131162.69,0.02,0.0
551.217,2026-06-26T03:08:08.723509,65267.656,117384.371,0.789,5825.925,131162.69,0.02,0.0
551.268,2026-06-26T03:08:08.774509,65317.434,117384.371,0.782,5825.926,131162.69,0.021,0.0
551.319,2026-06-26T03:08:08.825484,65365.078,117384.371,0.777,5825.927,131162.69,0.02,0.0
551.37,2026-06-26T03:08:08.876488,65414.277,117384.371,0.774,5825.928,131162.69,0.021,0.0
551.421,2026-06-26T03:08:08.927463,65463.746,117384.371,0.817,5825.929,131162.69,0.021,0.0
551.472,2026-06-26T03:08:08.978451,65513.219,117384.371,0.802,5825.93,131162.69,0.021,0.0
551.523,2026-06-26T03:08:09.029452,65562.512,117384.371,0.791,5825.932,131162.69,0.021,0.0
551.574,2026-06-26T03:08:09.080451,65611.953,117384.371,0.784,5825.933,131162.69,0.021,0.0
551.625,2026-06-26T03:08:09.131428,65661.41,117384.371,0.778,5825.934,131162.69,0.021,0.0
551.676,2026-06-26T03:08:09.182422,65647.98,117384.371,0.775,5825.935,131162.69,0.021,0.0
551.727,2026-06-26T03:08:09.233386,65434.703,117384.371,0.772,5825.936,131162.69,0.02,0.0
551.778,2026-06-26T03:08:09.284417,64880.703,116584.371,0.816,5825.937,131162.69,0.02,0.0
551.829,2026-06-26T03:08:09.335396,64880.703,116584.371,0.847,5825.938,131162.69,0.02,0.0
551.88,2026-06-26T03:08:09.386368,64880.703,116584.371,0.824,5825.939,131162.69,0.021,0.0
551.93,2026-06-26T03:08:09.436950,64880.703,116584.371,0.807,5825.94,131162.69,0.02,0.0
551.981,2026-06-26T03:08:09.487948,64880.703,116584.371,0.795,5825.941,131212.69,0.02,980.193
552.032,2026-06-26T03:08:09.538943,64925.469,117384.371,0.74,5825.942,131212.69,0.02,0.0
552.083,2026-06-26T03:08:09.589936,64975.332,117384.371,0.794,5825.943,131212.69,0.02,0.0
552.134,2026-06-26T03:08:09.640915,65025.609,117384.371,0.785,5825.944,131212.69,0.02,0.0
552.185,2026-06-26T03:08:09.691927,65076.816,117384.371,0.779,5825.945,131212.69,0.02,0.0
552.236,2026-06-26T03:08:09.743020,65128.109,117384.371,0.775,5825.946,131212.69,0.02,0.0
552.287,2026-06-26T03:08:09.794179,65178.902,117384.371,0.772,5825.947,131212.69,0.02,0.0
552.338,2026-06-26T03:08:09.845239,65229.648,117384.371,0.77,5825.948,131212.69,0.02,0.0
552.39,2026-06-26T03:08:09.896303,65281.0,117384.371,0.814,5825.949,131212.69,0.02,0.0
552.441,2026-06-26T03:08:09.947431,65332.352,117384.371,0.799,5825.95,131212.69,0.02,0.0
552.492,2026-06-26T03:08:09.998534,65382.773,117384.371,0.834,5825.951,131212.69,0.02,0.0
552.543,2026-06-26T03:08:10.049621,65433.613,117384.371,0.814,5825.952,131212.69,0.02,0.0
552.594,2026-06-26T03:08:10.100703,65484.156,117384.371,0.799,5825.953,131212.69,0.02,0.0
552.645,2026-06-26T03:08:10.151809,65534.664,117384.371,0.789,5825.954,131212.69,0.02,0.0
552.696,2026-06-26T03:08:10.202913,65585.645,117384.371,0.781,5825.956,131212.69,0.02,0.0
552.747,2026-06-26T03:08:10.254033,65636.484,117384.371,0.776,5825.957,131212.69,0.02,0.0
552.798,2026-06-26T03:08:10.305041,65630.703,117334.371,0.821,5825.958,131212.69,0.021,0.0
552.919,2026-06-26T03:08:10.425972,64880.703,116584.371,0.923,5826.308,131212.69,2.899,0.0
552.97,2026-06-26T03:08:10.476414,64880.703,116584.371,0.878,5826.309,131212.69,0.021,0.0
553.02,2026-06-26T03:08:10.527026,64880.703,116584.371,0.846,5826.31,131212.69,0.021,0.0
553.071,2026-06-26T03:08:10.577822,64880.703,116584.371,0.869,5826.311,131212.69,0.021,0.0
553.122,2026-06-26T03:08:10.628700,64880.703,116584.371,0.885,5826.312,131262.69,0.021,982.659
553.173,2026-06-26T03:08:10.679623,63933.633,116584.371,0.849,5826.313,131262.69,0.02,0.0
553.224,2026-06-26T03:08:10.730647,63280.703,114984.371,0.824,5826.314,131262.69,0.02,0.0
553.275,2026-06-26T03:08:10.781691,63280.703,114984.371,0.806,5826.315,131262.69,0.02,0.0
553.326,2026-06-26T03:08:10.832720,63280.703,114984.371,0.794,5826.316,131262.69,0.02,0.0
553.377,2026-06-26T03:08:10.883788,63280.703,114984.371,0.785,5826.317,131262.69,0.02,0.0
553.428,2026-06-26T03:08:10.934804,63280.703,114984.371,0.779,5826.318,131262.69,0.02,0.0
553.479,2026-06-26T03:08:10.985839,63280.703,114984.371,0.821,5826.319,131262.69,0.02,0.0
553.53,2026-06-26T03:08:11.036883,63306.301,123176.371,0.85,5826.32,131262.69,0.02,0.0
553.581,2026-06-26T03:08:11.087920,64014.75,123176.371,1.055,5826.321,131262.69,0.02,0.0
553.632,2026-06-26T03:08:11.138947,64686.121,123976.371,1.197,5826.322,131312.69,0.02,979.492
553.683,2026-06-26T03:08:11.189977,65418.281,123976.371,1.298,5826.323,131312.69,0.021,0.0
553.734,2026-06-26T03:08:11.240983,66156.91,123976.371,1.368,5826.325,131312.69,0.02,0.0
553.785,2026-06-26T03:08:11.292034,66894.465,123976.371,1.463,5826.326,131312.69,0.021,0.0
553.836,2026-06-26T03:08:11.343065,67628.465,123976.371,1.437,5826.327,131312.69,0.02,0.0
553.887,2026-06-26T03:08:11.394099,68364.043,123976.371,1.511,5826.328,131312.69,0.021,0.0
553.938,2026-06-26T03:08:11.445117,69096.234,123976.371,1.517,5826.329,131312.69,0.021,0.0
553.989,2026-06-26T03:08:11.496170,69828.547,123976.371,1.521,5826.33,131312.69,0.02,0.0
554.04,2026-06-26T03:08:11.547238,70561.887,123976.371,1.57,5826.331,131312.69,0.02,0.0
554.091,2026-06-26T03:08:11.598222,71293.332,123976.371,1.559,5826.332,131312.69,0.021,0.0
554.142,2026-06-26T03:08:11.649221,71956.727,128076.371,1.55,5826.333,131312.69,0.021,0.0
554.193,2026-06-26T03:08:11.700214,72044.457,128076.371,1.545,5826.334,131312.69,0.021,0.0
554.244,2026-06-26T03:08:11.751210,72132.848,128076.371,1.541,5826.335,131312.69,0.021,0.0
554.295,2026-06-26T03:08:11.802230,72221.953,128076.371,1.63,5826.336,131312.69,0.021,0.0
554.346,2026-06-26T03:08:11.853221,72311.633,128076.371,1.555,5826.337,131312.69,0.021,0.0
554.397,2026-06-26T03:08:11.904220,72401.246,128076.371,1.64,5826.338,131312.69,0.021,0.0
554.448,2026-06-26T03:08:11.955222,72490.727,128076.371,1.607,5826.339,131312.69,0.021,0.0
554.499,2026-06-26T03:08:12.006238,72516.637,128076.371,1.584,5826.34,131312.69,0.021,0.0
554.55,2026-06-26T03:08:12.057253,72359.52,128076.371,1.569,5826.341,131312.69,0.021,0.0
554.601,2026-06-26T03:08:12.108245,71829.176,127276.371,1.558,5826.342,131312.69,0.021,0.0
554.652,2026-06-26T03:08:12.159245,71868.797,127276.371,1.596,5826.343,131312.69,0.021,0.0
554.703,2026-06-26T03:08:12.210260,71908.297,127276.371,1.577,5826.344,131312.69,0.021,0.0
554.754,2026-06-26T03:08:12.261263,71947.73,127276.371,1.563,5826.345,131312.69,0.021,0.0
554.805,2026-06-26T03:08:12.312272,71986.797,127276.371,1.554,5826.347,131362.69,0.021,980.394
554.856,2026-06-26T03:08:12.363264,72064.84,128076.371,1.547,5826.348,131362.69,0.021,0.0
554.907,2026-06-26T03:08:12.414260,72154.098,128076.371,1.588,5826.349,131362.69,0.021,0.0
554.958,2026-06-26T03:08:12.465271,72243.473,128076.371,1.571,5826.35,131362.69,0.021,0.0
555.01,2026-06-26T03:08:12.516274,72332.715,128076.371,1.56,5826.351,131362.69,0.021,0.0
555.061,2026-06-26T03:08:12.567276,72422.605,128076.371,1.551,5826.352,131362.69,0.021,0.0
555.112,2026-06-26T03:08:12.618275,72512.184,128076.371,1.545,5826.353,131362.69,0.021,0.0
555.162,2026-06-26T03:08:12.669272,72601.434,128076.371,1.587,5826.354,131362.69,0.021,0.0
555.214,2026-06-26T03:08:12.720282,72690.375,128076.371,1.571,5826.355,131362.69,0.021,0.0
555.265,2026-06-26T03:08:12.771285,72779.688,128076.371,1.605,5826.356,131362.69,0.021,0.0
555.316,2026-06-26T03:08:12.822284,72868.879,128076.371,1.629,5826.357,131362.69,0.021,0.0
555.367,2026-06-26T03:08:12.873286,72958.074,128076.371,1.554,5826.358,131362.69,0.021,0.0
555.418,2026-06-26T03:08:12.924283,73047.379,128076.371,1.593,5826.359,131362.69,0.021,0.0
555.469,2026-06-26T03:08:12.975350,73136.797,128076.371,1.528,5826.36,131362.69,0.021,0.0
555.52,2026-06-26T03:08:13.026361,73226.094,128076.371,1.575,5826.361,131362.69,0.021,0.0
555.571,2026-06-26T03:08:13.077402,73315.219,128076.371,1.608,5826.362,131362.69,0.021,0.0
555.622,2026-06-26T03:08:13.128421,73404.242,128076.371,1.631,5826.363,131362.69,0.021,0.0
555.673,2026-06-26T03:08:13.179468,73429.785,128076.371,1.601,5826.364,131362.69,0.02,0.0
555.724,2026-06-26T03:08:13.230515,73184.578,128076.371,1.58,5826.365,131362.69,0.021,0.0
555.775,2026-06-26T03:08:13.281553,72735.797,127276.371,1.565,5826.366,131362.69,0.021,0.0
555.826,2026-06-26T03:08:13.332585,72774.797,127276.371,1.554,5826.367,131362.69,0.021,0.0
555.877,2026-06-26T03:08:13.383637,72813.945,127276.371,1.547,5826.369,131362.69,0.021,0.0
555.928,2026-06-26T03:08:13.434663,72853.164,127276.371,1.542,5826.37,131362.69,0.021,0.0
555.979,2026-06-26T03:08:13.485722,72892.398,127276.371,1.539,5826.371,131412.69,0.021,979.877
556.03,2026-06-26T03:08:13.536735,72976.246,127326.371,1.582,5826.372,131412.69,0.021,0.0
556.081,2026-06-26T03:08:13.587784,72970.914,127276.371,1.567,5826.373,131412.69,0.021,0.0
556.132,2026-06-26T03:08:13.638826,73043.527,127326.371,1.602,5826.374,131462.69,0.021,979.744
556.183,2026-06-26T03:08:13.689877,73049.551,127276.371,1.58,5826.375,131462.69,0.021,0.0
556.234,2026-06-26T03:08:13.740908,73110.805,128076.371,1.565,5826.376,131512.69,0.021,979.337
556.285,2026-06-26T03:08:13.791953,73199.461,128076.371,1.555,5826.377,131512.69,0.021,0.0
556.336,2026-06-26T03:08:13.842961,73287.664,128076.371,1.548,5826.378,131512.69,0.021,0.0
556.387,2026-06-26T03:08:13.894020,73375.605,128076.371,1.543,5826.379,131512.69,0.021,0.0
556.438,2026-06-26T03:08:13.945041,73463.676,128076.371,1.631,5826.38,131512.69,0.021,0.0
556.489,2026-06-26T03:08:13.996115,73551.488,128076.371,1.601,5826.381,131512.69,0.021,0.0
556.54,2026-06-26T03:08:14.047187,73640.617,128076.371,1.626,5826.382,131512.69,0.021,0.0
556.591,2026-06-26T03:08:14.098200,73729.391,128076.371,1.643,5826.383,131512.69,0.021,0.0
556.642,2026-06-26T03:08:14.149226,73818.863,128076.371,1.564,5826.384,131512.69,0.021,0.0
556.693,2026-06-26T03:08:14.200219,73908.984,128076.371,1.6,5826.385,131512.69,0.021,0.0
556.744,2026-06-26T03:08:14.251217,73998.355,128076.371,1.579,5826.386,131512.69,0.021,0.0
556.795,2026-06-26T03:08:14.302230,74087.668,128076.371,1.565,5826.387,131512.69,0.021,0.0
556.846,2026-06-26T03:08:14.353232,74176.691,128076.371,1.555,5826.388,131512.69,0.021,0.0
556.898,2026-06-26T03:08:14.404278,74265.742,128076.371,1.548,5826.389,131512.69,0.021,0.0
556.948,2026-06-26T03:08:14.455267,74355.18,128076.371,1.543,5826.391,131512.69,0.021,0.0
556.999,2026-06-26T03:08:14.506265,74444.582,128076.371,1.585,5826.392,131512.69,0.021,0.0
557.05,2026-06-26T03:08:14.557209,74470.297,128076.371,1.57,5826.393,131512.69,0.021,0.0
557.101,2026-06-26T03:08:14.608210,74494.797,128076.371,1.558,5826.394,131512.69,0.021,0.0
557.152,2026-06-26T03:08:14.659210,73863.941,128076.371,1.55,5826.395,131512.69,0.021,0.0
557.203,2026-06-26T03:08:14.710220,73833.297,127276.371,1.591,5826.396,131512.69,0.021,0.0
557.254,2026-06-26T03:08:14.761212,73872.391,127276.371,1.573,5826.397,131512.69,0.021,0.0
557.305,2026-06-26T03:08:14.812225,73910.848,127276.371,1.561,5826.398,131512.69,0.021,0.0
557.356,2026-06-26T03:08:14.863228,73948.965,127276.371,1.552,5826.399,131512.69,0.021,0.0
557.407,2026-06-26T03:08:14.914237,74015.484,128076.371,1.546,5826.4,131562.69,0.021,980.275
557.458,2026-06-26T03:08:14.965236,74104.391,128076.371,1.634,5826.401,131562.69,0.021,0.0
557.509,2026-06-26T03:08:15.016227,74193.098,128076.371,1.557,5826.402,131562.69,0.021,0.0
557.56,2026-06-26T03:08:15.067238,74282.105,128076.371,1.595,5826.403,131562.69,0.021,0.0
557.611,2026-06-26T03:08:15.118256,74371.152,128076.371,1.576,5826.404,131562.69,0.021,0.0
557.662,2026-06-26T03:08:15.169210,74460.129,128076.371,1.563,5826.405,131562.69,0.021,0.0
557.713,2026-06-26T03:08:15.220197,74549.133,128076.371,1.6,5826.406,131562.69,0.021,0.0
557.764,2026-06-26T03:08:15.271230,74637.777,128076.371,1.579,5826.407,131562.69,0.021,0.0
557.815,2026-06-26T03:08:15.322247,74717.574,128076.371,1.519,5826.408,131562.69,0.021,0.0
557.937,2026-06-26T03:08:15.444165,74925.176,128076.371,1.661,5826.758,131562.69,2.879,0.0
557.988,2026-06-26T03:08:15.494598,75011.668,128076.371,1.672,5826.759,131562.69,0.021,0.0
558.038,2026-06-26T03:08:15.545207,75098.359,128076.371,1.587,5826.76,131562.69,0.021,0.0
558.089,2026-06-26T03:08:15.595834,75185.316,128076.371,1.619,5826.761,131562.69,0.021,0.0
558.14,2026-06-26T03:08:15.646656,75272.977,128076.371,1.595,5826.762,131562.69,0.021,0.0
558.191,2026-06-26T03:08:15.697525,75360.625,128076.371,1.668,5826.763,131562.69,0.021,0.0
558.242,2026-06-26T03:08:15.748589,75384.496,128076.371,1.58,5826.764,131562.69,0.021,0.0
558.293,2026-06-26T03:08:15.799609,75095.797,128076.371,1.566,5826.765,131562.69,0.021,0.0
558.344,2026-06-26T03:08:15.850651,74685.297,127276.371,1.601,5826.766,131562.69,0.021,0.0
558.395,2026-06-26T03:08:15.901682,74722.73,127276.371,1.58,5826.767,131562.69,0.021,0.0
558.446,2026-06-26T03:08:15.952719,74760.191,127276.371,1.565,5826.768,131562.69,0.021,0.0
558.497,2026-06-26T03:08:16.003750,74797.629,127276.371,1.555,5826.77,131562.69,0.021,0.0
558.548,2026-06-26T03:08:16.054797,74835.227,127276.371,1.594,5826.771,131612.69,0.021,980.284
558.599,2026-06-26T03:08:16.105814,74872.188,127326.371,1.575,5826.772,131612.69,0.021,0.0
558.65,2026-06-26T03:08:16.156869,74870.453,127276.371,1.562,5826.773,131612.69,0.021,0.0
558.701,2026-06-26T03:08:16.207892,74936.23,128076.371,1.552,5826.774,131662.69,0.021,979.488
558.752,2026-06-26T03:08:16.258938,75023.59,128076.371,1.546,5826.775,131662.69,0.021,0.0
558.803,2026-06-26T03:08:16.309958,75110.828,128076.371,1.633,5826.776,131662.69,0.021,0.0
558.854,2026-06-26T03:08:16.360992,75197.043,128076.371,1.648,5826.777,131662.69,0.021,0.0
558.905,2026-06-26T03:08:16.412042,75283.355,128076.371,1.613,5826.778,131662.69,0.021,0.0
558.956,2026-06-26T03:08:16.463073,75369.535,128076.371,1.589,5826.779,131662.69,0.021,0.0
559.007,2026-06-26T03:08:16.514081,75455.629,128076.371,1.571,5826.78,131662.69,0.021,0.0
559.058,2026-06-26T03:08:16.565118,75541.98,128076.371,1.56,5826.781,131662.69,0.021,0.0
559.109,2026-06-26T03:08:16.616128,75628.605,128076.371,1.597,5826.782,131662.69,0.021,0.0
559.16,2026-06-26T03:08:16.667210,75715.773,128076.371,1.577,5826.783,131662.69,0.021,0.0
559.211,2026-06-26T03:08:16.718198,75802.898,128076.371,1.563,5826.784,131662.69,0.021,0.0
559.262,2026-06-26T03:08:16.769240,75889.957,128076.371,1.554,5826.785,131662.69,0.021,0.0
559.313,2026-06-26T03:08:16.820232,75976.695,128076.371,1.547,5826.786,131662.69,0.021,0.0
559.364,2026-06-26T03:08:16.871245,76062.691,128076.371,1.588,5826.787,131662.69,0.021,0.0
559.415,2026-06-26T03:08:16.922261,76149.922,128076.371,1.571,5826.788,131662.69,0.021,0.0
559.466,2026-06-26T03:08:16.973244,76237.32,128076.371,1.56,5826.789,131662.69,0.021,0.0
559.517,2026-06-26T03:08:17.024244,76260.48,128076.371,1.597,5826.791,131662.69,0.021,0.0
559.568,2026-06-26T03:08:17.075251,75715.633,128076.371,1.532,5826.792,131662.69,0.021,0.0
559.619,2026-06-26T03:08:17.126255,74175.633,128076.371,1.302,5826.793,131662.69,0.021,0.0
559.67,2026-06-26T03:08:17.177269,72631.633,128076.371,1.141,5826.794,131662.69,0.021,0.0
559.721,2026-06-26T03:08:17.228247,71097.633,128076.371,1.029,5826.795,131662.69,0.021,0.0
559.772,2026-06-26T03:08:17.279239,69548.609,128076.371,0.996,5826.796,131662.69,0.021,0.0
559.823,2026-06-26T03:08:17.330243,68099.633,119884.371,0.973,5826.797,131662.69,0.021,0.0
559.874,2026-06-26T03:08:17.381247,67413.633,119884.371,0.911,5826.798,131662.69,0.021,0.0
559.925,2026-06-26T03:08:17.432245,67377.172,123180.371,1.097,5826.799,131662.69,0.021,0.0
559.976,2026-06-26T03:08:17.483237,67421.828,123180.371,1.228,5826.8,131662.69,0.021,0.0
560.027,2026-06-26T03:08:17.534232,67466.133,123180.371,1.365,5826.801,131662.69,0.021,0.0
560.078,2026-06-26T03:08:17.585240,67509.633,123180.371,1.415,5826.802,131662.69,0.021,0.0
560.129,2026-06-26T03:08:17.636243,67579.309,123230.371,1.45,5826.803,131712.69,0.021,980.504
560.18,2026-06-26T03:08:17.687238,67598.133,123180.371,1.52,5826.804,131712.69,0.021,0.0
560.231,2026-06-26T03:08:17.738232,67655.125,123980.371,1.524,5826.805,131762.69,0.021,981.041
560.282,2026-06-26T03:08:17.789224,67748.684,123980.371,1.526,5826.806,131762.69,0.021,0.0
560.333,2026-06-26T03:08:17.840246,67843.566,123980.371,1.528,5826.807,131762.69,0.021,0.0
560.384,2026-06-26T03:08:17.891240,67938.766,123980.371,1.575,5826.808,131762.69,0.021,0.0
560.435,2026-06-26T03:08:17.942237,68033.914,123980.371,1.562,5826.809,131762.69,0.021,0.0
560.486,2026-06-26T03:08:17.993229,68129.098,123980.371,1.553,5826.81,131762.69,0.021,0.0
560.537,2026-06-26T03:08:18.044226,68224.258,123980.371,1.547,5826.811,131762.69,0.021,0.0
560.588,2026-06-26T03:08:18.095245,68318.398,123980.371,1.542,5826.812,131762.69,0.021,0.0
560.639,2026-06-26T03:08:18.146238,68412.461,123980.371,1.585,5826.814,131762.69,0.021,0.0
560.69,2026-06-26T03:08:18.197236,68506.695,123980.371,1.615,5826.815,131762.69,0.021,0.0
560.741,2026-06-26T03:08:18.248231,68600.832,123980.371,1.59,5826.816,131762.69,0.021,0.0
560.792,2026-06-26T03:08:18.299233,68695.234,123980.371,1.573,5826.817,131762.69,0.021,0.0
560.843,2026-06-26T03:08:18.350248,68789.832,123980.371,1.606,5826.818,131762.69,0.021,0.0
560.894,2026-06-26T03:08:18.401240,68884.344,123980.371,1.584,5826.819,131762.69,0.021,0.0
560.945,2026-06-26T03:08:18.452237,68980.184,123980.371,1.568,5826.82,131762.69,0.021,0.0
560.996,2026-06-26T03:08:18.503245,69076.918,123980.371,1.557,5826.821,131762.69,0.021,0.0
561.047,2026-06-26T03:08:18.554246,69109.895,123980.371,1.55,5826.822,131762.69,0.021,0.0
561.098,2026-06-26T03:08:18.605253,69151.133,123980.371,1.544,5826.823,131762.69,0.021,0.0
561.149,2026-06-26T03:08:18.656234,68505.84,123980.371,1.541,5826.824,131762.69,0.021,0.0
561.2,2026-06-26T03:08:18.707227,68490.988,123180.371,1.584,5826.825,131762.69,0.021,0.0
561.251,2026-06-26T03:08:18.758235,68535.48,123180.371,1.568,5826.826,131762.69,0.021,0.0
561.302,2026-06-26T03:08:18.809241,68579.473,123180.371,1.557,5826.827,131762.69,0.021,0.0
561.353,2026-06-26T03:08:18.860235,68623.977,123180.371,1.55,5826.828,131762.69,0.021,0.0
561.404,2026-06-26T03:08:18.911233,68699.348,123230.371,1.591,5826.829,131812.69,0.021,980.725
561.455,2026-06-26T03:08:18.962228,68713.633,123180.371,1.573,5826.83,131812.69,0.021,0.0
561.506,2026-06-26T03:08:19.013251,68778.59,123230.371,1.561,5826.831,131862.69,0.021,980.454
561.557,2026-06-26T03:08:19.064246,68804.352,123180.371,1.644,5826.832,131862.69,0.021,0.0
561.608,2026-06-26T03:08:19.115255,68858.52,123980.371,1.61,5826.833,131912.69,0.021,980.065
561.659,2026-06-26T03:08:19.166256,68953.496,123980.371,1.587,5826.834,131912.69,0.021,0.0
561.71,2026-06-26T03:08:19.217255,69049.062,123980.371,1.616,5826.836,131912.69,0.021,0.0
561.761,2026-06-26T03:08:19.268271,69143.953,123980.371,1.591,5826.837,131912.69,0.021,0.0
561.813,2026-06-26T03:08:19.319274,69238.906,123980.371,1.573,5826.838,131912.69,0.021,0.0
561.864,2026-06-26T03:08:19.370277,69333.445,123980.371,1.561,5826.839,131912.69,0.021,0.0
561.915,2026-06-26T03:08:19.421280,69428.254,123980.371,1.598,5826.84,131912.69,0.021,0.0
561.966,2026-06-26T03:08:19.472289,69523.832,123980.371,1.578,5826.841,131912.69,0.021,0.0
562.017,2026-06-26T03:08:19.523360,69619.918,123980.371,1.564,5826.842,131912.69,0.021,0.0
562.068,2026-06-26T03:08:19.574379,69716.023,123980.371,1.554,5826.843,131912.69,0.021,0.0
562.119,2026-06-26T03:08:19.625422,69812.523,123980.371,1.547,5826.844,131912.69,0.021,0.0
562.17,2026-06-26T03:08:19.676450,69909.039,123980.371,1.542,5826.845,131912.69,0.021,0.0
562.221,2026-06-26T03:08:19.727506,70006.129,123980.371,1.584,5826.846,131912.69,0.021,0.0
562.272,2026-06-26T03:08:19.778536,70102.848,123980.371,1.568,5826.847,131912.69,0.021,0.0
562.323,2026-06-26T03:08:19.829576,70200.309,123980.371,1.603,5826.848,131912.69,0.021,0.0
562.374,2026-06-26T03:08:19.880599,70297.277,123980.371,1.581,5826.849,131912.69,0.021,0.0
562.425,2026-06-26T03:08:19.931661,70329.934,123980.371,1.566,5826.85,131912.69,0.021,0.0
562.476,2026-06-26T03:08:19.982689,70322.633,123980.371,1.555,5826.851,131912.69,0.021,0.0
562.527,2026-06-26T03:08:20.033738,69663.613,123180.371,1.594,5826.852,131912.69,0.021,0.0
562.578,2026-06-26T03:08:20.084768,69708.809,123180.371,1.575,5826.853,131912.69,0.021,0.0
562.629,2026-06-26T03:08:20.135810,69753.133,123180.371,1.562,5826.854,131912.69,0.021,0.0
562.68,2026-06-26T03:08:20.186864,69797.48,123180.371,1.644,5826.855,131912.69,0.021,0.0
562.731,2026-06-26T03:08:20.237919,69841.969,123180.371,1.61,5826.857,131962.69,0.021,980.046
562.782,2026-06-26T03:08:20.288925,69923.477,123980.371,1.586,5826.858,131962.69,0.021,0.0
562.833,2026-06-26T03:08:20.339966,70020.582,123980.371,1.57,5826.859,131962.69,0.021,0.0
562.955,2026-06-26T03:08:20.461747,70251.598,123980.371,1.697,5827.208,131962.69,2.883,0.0
563.005,2026-06-26T03:08:20.512204,70347.078,123980.371,1.651,5827.209,131962.69,0.021,0.0
563.056,2026-06-26T03:08:20.562828,70442.5,123980.371,1.618,5827.21,131962.69,0.021,0.0
563.107,2026-06-26T03:08:20.613570,70538.234,123980.371,1.64,5827.211,131962.69,0.021,0.0
563.158,2026-06-26T03:08:20.664373,70633.965,123980.371,1.61,5827.212,131962.69,0.021,0.0
563.208,2026-06-26T03:08:20.715217,70729.02,123980.371,1.586,5827.214,131962.69,0.021,0.0
563.259,2026-06-26T03:08:20.766209,70824.055,123980.371,1.57,5827.215,131962.69,0.021,0.0
563.31,2026-06-26T03:08:20.817215,70910.469,123980.371,1.558,5827.216,131962.69,0.021,0.0
563.361,2026-06-26T03:08:20.868231,70980.426,123980.371,1.55,5827.217,131962.69,0.021,0.0
563.412,2026-06-26T03:08:20.919226,71044.539,123980.371,1.591,5827.218,131962.69,0.021,0.0
563.463,2026-06-26T03:08:20.970226,71113.379,123980.371,1.573,5827.219,131962.69,0.021,0.0
563.514,2026-06-26T03:08:21.021229,71190.117,123980.371,1.607,5827.22,131962.69,0.021,0.0
563.565,2026-06-26T03:08:21.072232,71265.379,123980.371,1.538,5827.221,131962.69,0.021,0.0
563.616,2026-06-26T03:08:21.123240,71340.969,123980.371,1.582,5827.222,131962.69,0.021,0.0
563.667,2026-06-26T03:08:21.174231,71365.035,123980.371,1.567,5827.223,131962.69,0.021,0.0
563.718,2026-06-26T03:08:21.225227,71172.602,123980.371,1.557,5827.224,131962.69,0.021,0.0
563.769,2026-06-26T03:08:21.276231,70687.59,123180.371,1.595,5827.225,131962.69,0.021,0.0
563.82,2026-06-26T03:08:21.327233,70732.453,123180.371,1.622,5827.226,131962.69,0.021,0.0
563.871,2026-06-26T03:08:21.378233,70777.633,123180.371,1.549,5827.227,131962.69,0.021,0.0
563.922,2026-06-26T03:08:21.429238,70822.633,123180.371,1.59,5827.228,131962.69,0.021,0.0
563.973,2026-06-26T03:08:21.480240,70867.855,123180.371,1.618,5827.229,132012.69,0.021,979.772
564.024,2026-06-26T03:08:21.531265,70960.223,123230.371,1.638,5827.23,132012.69,0.021,0.0
564.075,2026-06-26T03:08:21.582253,70958.211,123180.371,1.561,5827.231,132062.69,0.021,980.656
564.126,2026-06-26T03:08:21.633254,71041.004,123980.371,1.552,5827.232,132062.69,0.021,0.0
564.177,2026-06-26T03:08:21.684251,71136.965,123980.371,1.592,5827.233,132062.69,0.021,0.0
564.228,2026-06-26T03:08:21.735256,71231.695,123980.371,1.574,5827.234,132062.69,0.021,0.0
564.28,2026-06-26T03:08:21.786279,71326.551,123980.371,1.561,5827.236,132062.69,0.021,0.0
564.331,2026-06-26T03:08:21.837275,71421.34,123980.371,1.552,5827.237,132062.69,0.021,0.0
564.382,2026-06-26T03:08:21.888281,71516.152,123980.371,1.546,5827.238,132062.69,0.021,0.0
564.433,2026-06-26T03:08:21.939280,71611.902,123980.371,1.542,5827.239,132062.69,0.021,0.0
564.484,2026-06-26T03:08:21.990287,71707.277,123980.371,1.585,5827.24,132062.69,0.021,0.0
564.535,2026-06-26T03:08:22.041357,71802.938,123980.371,1.568,5827.241,132062.69,0.021,0.0
564.586,2026-06-26T03:08:22.092377,71898.984,123980.371,1.557,5827.242,132062.69,0.021,0.0
564.637,2026-06-26T03:08:22.143420,71523.02,123980.371,1.595,5827.243,132062.69,0.021,0.0
564.688,2026-06-26T03:08:22.194460,70822.621,123980.371,1.622,5827.244,132062.69,0.021,0.0
564.739,2026-06-26T03:08:22.245507,70118.137,123980.371,1.64,5827.245,132062.69,0.021,0.0
564.79,2026-06-26T03:08:22.296546,69425.641,123980.371,1.561,5827.246,132062.69,0.021,0.0
564.841,2026-06-26T03:08:22.347591,68719.281,123980.371,1.552,5827.247,132062.69,0.021,0.0
564.892,2026-06-26T03:08:22.398611,68137.098,119884.371,1.591,5827.248,132062.69,0.021,0.0
564.943,2026-06-26T03:08:22.449667,68124.363,119884.371,1.573,5827.249,132062.69,0.021,0.0
564.994,2026-06-26T03:08:22.500694,67639.633,119884.371,1.56,5827.25,132062.69,0.021,0.0
565.045,2026-06-26T03:08:22.551749,67337.633,119084.371,1.552,5827.251,132062.69,0.021,0.0
565.096,2026-06-26T03:08:22.602758,67337.633,119084.371,1.546,5827.252,132062.69,0.021,0.0
565.147,2026-06-26T03:08:22.653775,67337.633,119084.371,1.541,5827.253,132062.69,0.021,0.0
565.198,2026-06-26T03:08:22.704816,67337.633,119084.371,1.538,5827.254,132062.69,0.021,0.0
565.249,2026-06-26T03:08:22.755864,67342.207,119134.371,1.536,5827.255,132112.69,0.021,979.936
565.3,2026-06-26T03:08:22.806893,67367.633,119134.371,1.58,5827.257,132112.69,0.021,0.0
565.351,2026-06-26T03:08:22.857938,67337.633,119084.371,1.566,5827.258,132162.69,0.021,980.326
565.402,2026-06-26T03:08:22.908958,67376.723,119134.371,1.555,5827.259,132162.69,0.021,0.0
565.453,2026-06-26T03:08:22.960027,67337.633,119084.371,1.594,5827.26,132162.69,0.021,0.0
565.504,2026-06-26T03:08:23.011043,67362.469,119134.371,1.575,5827.261,132212.69,0.021,979.863
565.555,2026-06-26T03:08:23.062079,67337.633,119084.371,1.608,5827.262,132212.69,0.021,0.0
565.606,2026-06-26T03:08:23.113103,67348.738,119884.371,1.631,5827.263,132262.69,0.021,979.895
565.657,2026-06-26T03:08:23.164171,67394.969,119884.371,1.555,5827.264,132262.69,0.021,0.0
565.708,2026-06-26T03:08:23.215229,67443.617,119884.371,1.593,5827.265,132262.69,0.021,0.0
565.759,2026-06-26T03:08:23.266212,67492.465,119884.371,1.575,5827.266,132262.69,0.021,0.0
565.81,2026-06-26T03:08:23.317204,67542.32,119884.371,1.562,5827.267,132262.69,0.021,0.0
565.861,2026-06-26T03:08:23.368209,67608.156,121484.371,1.553,5827.268,132262.69,0.021,0.0
565.912,2026-06-26T03:08:23.419210,67677.59,121484.371,1.592,5827.269,132262.69,0.021,0.0
565.963,2026-06-26T03:08:23.470216,67747.023,121484.371,1.574,5827.27,132262.69,0.021,0.0
566.014,2026-06-26T03:08:23.521219,67816.48,121484.371,1.562,5827.271,132262.69,0.021,0.0
566.065,2026-06-26T03:08:23.572210,67885.758,121484.371,1.553,5827.272,132262.69,0.021,0.0
566.116,2026-06-26T03:08:23.623224,67955.047,121484.371,1.592,5827.273,132262.69,0.021,0.0
566.167,2026-06-26T03:08:23.674233,68024.367,121484.371,1.574,5827.274,132262.69,0.021,0.0
566.218,2026-06-26T03:08:23.725229,68093.641,121484.371,1.561,5827.275,132262.69,0.021,0.0
566.269,2026-06-26T03:08:23.776226,68163.027,121484.371,1.553,5827.276,132262.69,0.021,0.0
566.32,2026-06-26T03:08:23.827222,68232.203,121484.371,1.546,5827.277,132262.69,0.021,0.0
566.371,2026-06-26T03:08:23.878243,68301.332,121484.371,1.588,5827.279,132262.69,0.021,0.0
566.422,2026-06-26T03:08:23.929239,68312.477,121434.371,1.571,5827.28,132262.69,0.021,0.0
566.473,2026-06-26T03:08:23.980241,68375.855,121484.371,1.605,5827.281,132262.69,0.021,0.0
566.524,2026-06-26T03:08:24.031240,67754.465,121484.371,1.583,5827.282,132262.69,0.021,0.0
566.575,2026-06-26T03:08:24.082230,67619.508,120684.371,1.614,5827.283,132262.69,0.021,0.0
566.626,2026-06-26T03:08:24.133257,67638.551,120684.371,1.589,5827.284,132262.69,0.021,0.0
566.677,2026-06-26T03:08:24.184248,67657.633,120684.371,1.526,5827.285,132262.69,0.021,0.0
566.728,2026-06-26T03:08:24.235269,67676.695,120684.371,1.527,5827.286,132262.69,0.021,0.0
566.779,2026-06-26T03:08:24.286259,67718.184,120734.371,1.577,5827.287,132312.69,0.021,986.737
566.83,2026-06-26T03:08:24.336899,67714.633,120684.371,1.61,5827.288,132312.69,0.021,0.0
566.881,2026-06-26T03:08:24.387988,67745.121,120734.371,1.586,5827.289,132362.69,0.021,979.57
566.932,2026-06-26T03:08:24.439023,67752.77,120684.371,1.57,5827.29,132362.69,0.021,0.0
566.983,2026-06-26T03:08:24.490072,67772.105,120734.371,1.604,5827.291,132412.69,0.021,979.337
567.034,2026-06-26T03:08:24.541105,67840.402,120734.371,1.582,5827.292,132412.69,0.021,0.0
567.085,2026-06-26T03:08:24.592184,67810.035,120684.371,1.521,5827.293,132462.69,0.021,979.172
567.136,2026-06-26T03:08:24.643210,67867.367,121484.371,1.57,5827.294,132462.69,0.021,0.0
567.187,2026-06-26T03:08:24.694208,67936.422,121484.371,1.558,5827.295,132462.69,0.021,0.0
567.238,2026-06-26T03:08:24.745207,68005.332,121484.371,1.596,5827.296,132462.69,0.021,0.0
567.289,2026-06-26T03:08:24.796230,68074.414,121484.371,1.577,5827.297,132462.69,0.021,0.0
567.34,2026-06-26T03:08:24.847237,68143.16,121484.371,1.563,5827.298,132462.69,0.021,0.0
567.391,2026-06-26T03:08:24.898243,68211.742,121484.371,1.554,5827.299,132462.69,0.021,0.0
567.442,2026-06-26T03:08:24.949242,68280.387,121484.371,1.547,5827.301,132462.69,0.021,0.0
567.493,2026-06-26T03:08:25.000241,68349.191,121484.371,1.588,5827.302,132462.69,0.021,0.0
567.544,2026-06-26T03:08:25.051258,68418.062,121484.371,1.571,5827.303,132462.69,0.021,0.0
567.595,2026-06-26T03:08:25.102266,68487.07,121484.371,1.606,5827.304,132462.69,0.021,0.0
567.646,2026-06-26T03:08:25.153269,68555.398,121484.371,1.583,5827.305,132462.69,0.021,0.0
567.698,2026-06-26T03:08:25.204280,68624.934,121484.371,1.568,5827.306,132462.69,0.021,0.0
567.749,2026-06-26T03:08:25.255283,68694.445,121484.371,1.557,5827.307,132462.69,0.021,0.0
567.8,2026-06-26T03:08:25.306350,68763.898,121484.371,1.549,5827.308,132462.69,0.021,0.0
567.851,2026-06-26T03:08:25.357387,68833.301,121484.371,1.589,5827.309,132462.69,0.021,0.0
567.972,2026-06-26T03:08:25.479174,68934.465,121484.371,1.711,5827.659,132462.69,2.882,0.0
568.023,2026-06-26T03:08:25.529600,68287.695,121484.371,1.661,5827.66,132462.69,0.021,0.0
568.073,2026-06-26T03:08:25.580221,68176.477,120684.371,1.626,5827.661,132462.69,0.021,0.0
568.124,2026-06-26T03:08:25.630842,68195.379,120684.371,1.646,5827.662,132462.69,0.021,0.0
568.175,2026-06-26T03:08:25.681673,68214.336,120684.371,1.66,5827.663,132462.69,0.021,0.0
568.226,2026-06-26T03:08:25.732521,68233.281,120684.371,1.621,5827.664,132462.69,0.021,0.0
568.277,2026-06-26T03:08:25.783565,68278.051,121484.371,1.594,5827.665,132512.69,0.021,980.142
568.328,2026-06-26T03:08:25.834589,68348.086,121484.371,1.575,5827.666,132512.69,0.021,0.0
568.379,2026-06-26T03:08:25.885648,68418.418,121484.371,1.608,5827.667,132512.69,0.021,0.0
568.43,2026-06-26T03:08:25.936669,68488.242,121484.371,1.584,5827.668,132512.69,0.021,0.0
568.481,2026-06-26T03:08:25.987734,68558.359,121484.371,1.568,5827.669,132512.69,0.021,0.0
568.532,2026-06-26T03:08:26.038764,68628.43,121484.371,1.557,5827.67,132512.69,0.021,0.0
568.583,2026-06-26T03:08:26.089802,68698.383,121484.371,1.595,5827.671,132512.69,0.021,0.0
568.634,2026-06-26T03:08:26.140835,68768.359,121484.371,1.576,5827.672,132512.69,0.021,0.0
568.685,2026-06-26T03:08:26.191890,68838.359,121484.371,1.562,5827.673,132512.69,0.021,0.0
568.736,2026-06-26T03:08:26.242895,68908.301,121484.371,1.553,5827.674,132512.69,0.021,0.0
568.787,2026-06-26T03:08:26.293932,68978.273,121484.371,1.546,5827.675,132512.69,0.021,0.0
568.838,2026-06-26T03:08:26.344952,69048.195,121484.371,1.633,5827.676,132512.69,0.021,0.0
568.889,2026-06-26T03:08:26.396022,69117.922,121484.371,1.648,5827.677,132512.69,0.021,0.0
568.94,2026-06-26T03:08:26.447039,69180.426,121484.371,1.613,5827.678,132512.69,0.021,0.0
568.991,2026-06-26T03:08:26.498076,69234.418,121484.371,1.588,5827.68,132512.69,0.021,0.0
569.042,2026-06-26T03:08:26.549100,69285.488,121484.371,1.571,5827.681,132512.69,0.021,0.0
569.093,2026-06-26T03:08:26.600134,69336.746,121484.371,1.605,5827.682,132512.69,0.021,0.0
569.144,2026-06-26T03:08:26.651208,69324.719,121484.371,1.537,5827.683,132512.69,0.021,0.0
569.195,2026-06-26T03:08:26.702212,69238.73,121484.371,1.535,5827.684,132512.69,0.021,0.0
569.246,2026-06-26T03:08:26.753212,68665.281,121484.371,1.58,5827.685,132512.69,0.021,0.0
569.297,2026-06-26T03:08:26.804204,68599.629,120684.371,1.566,5827.686,132512.69,0.021,0.0
569.348,2026-06-26T03:08:26.855209,68613.582,120684.371,1.601,5827.687,132512.69,0.021,0.0
569.399,2026-06-26T03:08:26.906225,68627.52,120684.371,1.535,5827.688,132512.69,0.021,0.0
569.45,2026-06-26T03:08:26.957216,68642.562,120684.371,1.534,5827.689,132512.69,0.021,0.0
569.501,2026-06-26T03:08:27.008215,68656.914,120684.371,1.579,5827.69,132512.69,0.021,0.0
569.552,2026-06-26T03:08:27.059223,68686.375,120734.371,1.565,5827.691,132562.69,0.021,980.569
569.603,2026-06-26T03:08:27.110225,68710.086,120734.371,1.555,5827.692,132562.69,0.021,0.0
569.654,2026-06-26T03:08:27.161229,68702.316,120684.371,1.548,5827.693,132562.69,0.021,0.0
569.705,2026-06-26T03:08:27.212226,68739.043,121484.371,1.589,5827.694,132612.69,0.021,980.702
569.756,2026-06-26T03:08:27.263223,68793.223,121484.371,1.572,5827.695,132612.69,0.021,0.0
569.807,2026-06-26T03:08:27.314236,68846.938,121484.371,1.56,5827.696,132612.69,0.021,0.0
569.858,2026-06-26T03:08:27.365245,68900.961,121484.371,1.598,5827.697,132612.69,0.021,0.0
569.909,2026-06-26T03:08:27.416239,68956.066,121484.371,1.624,5827.698,132612.69,0.021,0.0
569.96,2026-06-26T03:08:27.467230,69010.473,121484.371,1.55,5827.699,132612.69,0.021,0.0
570.011,2026-06-26T03:08:27.518227,69067.66,121484.371,1.591,5827.7,132612.69,0.021,0.0
570.062,2026-06-26T03:08:27.569247,69122.352,121484.371,1.573,5827.702,132612.69,0.021,0.0
570.113,2026-06-26T03:08:27.620239,69178.98,121484.371,1.607,5827.703,132612.69,0.021,0.0
570.164,2026-06-26T03:08:27.671240,69233.34,121484.371,1.584,5827.704,132612.69,0.021,0.0
570.215,2026-06-26T03:08:27.722242,69288.41,121484.371,1.568,5827.705,132612.69,0.021,0.0
570.266,2026-06-26T03:08:27.773239,69342.801,121484.371,1.603,5827.706,132612.69,0.021,0.0
570.317,2026-06-26T03:08:27.824258,69396.414,121484.371,1.582,5827.707,132612.69,0.021,0.0
570.368,2026-06-26T03:08:27.875250,69451.887,121484.371,1.567,5827.708,132612.69,0.021,0.0
570.419,2026-06-26T03:08:27.926246,69506.102,121484.371,1.556,5827.709,132612.69,0.021,0.0
570.47,2026-06-26T03:08:27.977248,69302.438,121484.371,1.595,5827.71,132612.69,0.021,0.0
570.521,2026-06-26T03:08:28.028256,68412.191,121484.371,1.576,5827.711,132612.69,0.021,0.0
570.572,2026-06-26T03:08:28.079270,67624.094,121484.371,1.563,5827.712,132612.69,0.021,0.0
570.623,2026-06-26T03:08:28.130253,66839.945,121484.371,1.553,5827.713,132612.69,0.021,0.0
570.674,2026-06-26T03:08:28.181251,66021.871,121484.371,1.501,5827.714,132612.69,0.021,0.0
570.725,2026-06-26T03:08:28.232247,65605.801,117388.371,1.326,5827.715,132612.69,0.021,0.0
570.776,2026-06-26T03:08:28.283250,65439.871,117388.371,1.158,5827.716,132612.69,0.021,0.0
570.827,2026-06-26T03:08:28.334259,64841.871,116588.371,1.041,5827.717,132612.69,0.02,0.0
570.878,2026-06-26T03:08:28.385251,64841.871,116588.371,0.958,5827.718,132612.69,0.021,0.0
570.929,2026-06-26T03:08:28.436250,64841.871,116588.371,0.901,5827.719,132612.69,0.02,0.0
570.98,2026-06-26T03:08:28.487256,64841.871,116588.371,0.86,5827.72,132612.69,0.02,0.0
571.031,2026-06-26T03:08:28.538262,64841.871,116588.371,0.832,5827.721,132662.69,0.02,980.358
571.082,2026-06-26T03:08:28.589264,64885.469,117388.371,1.042,5827.722,132662.69,0.02,0.0
571.133,2026-06-26T03:08:28.640259,64934.875,117388.371,1.189,5827.724,132662.69,0.021,0.0
571.184,2026-06-26T03:08:28.691254,64984.395,117388.371,1.292,5827.725,132662.69,0.02,0.0
571.235,2026-06-26T03:08:28.742260,65034.059,117388.371,1.364,5827.726,132662.69,0.02,0.0
571.286,2026-06-26T03:08:28.793268,65083.934,117388.371,1.46,5827.727,132662.69,0.02,0.0
571.337,2026-06-26T03:08:28.844261,65133.504,117388.371,1.436,5827.728,132662.69,0.02,0.0
571.388,2026-06-26T03:08:28.895269,65183.164,117388.371,1.465,5827.729,132662.69,0.021,0.0
571.439,2026-06-26T03:08:28.946266,65232.75,117388.371,1.53,5827.73,132662.69,0.02,0.0
571.491,2026-06-26T03:08:28.997293,65282.496,117388.371,1.485,5827.731,132662.69,0.02,0.0
571.542,2026-06-26T03:08:29.048287,65332.18,117388.371,1.545,5827.732,132662.69,0.021,0.0
571.593,2026-06-26T03:08:29.099291,65381.809,117388.371,1.587,5827.733,132662.69,0.021,0.0
571.644,2026-06-26T03:08:29.150313,65431.457,117388.371,1.57,5827.734,132662.69,0.021,0.0
571.695,2026-06-26T03:08:29.201305,65478.184,117388.371,1.65,5827.735,132662.69,0.021,0.0
571.746,2026-06-26T03:08:29.252353,65526.348,117388.371,1.569,5827.736,132662.69,0.021,0.0
571.797,2026-06-26T03:08:29.303416,65575.203,117388.371,1.557,5827.737,132662.69,0.021,0.0
571.848,2026-06-26T03:08:29.354445,65624.574,117388.371,1.549,5827.738,132662.69,0.021,0.0
571.899,2026-06-26T03:08:29.405508,65610.707,117388.371,1.589,5827.739,132662.69,0.021,0.0
571.95,2026-06-26T03:08:29.456537,65361.875,117388.371,1.388,5827.74,132662.69,0.021,0.0
572.001,2026-06-26T03:08:29.507612,64841.875,116588.371,1.201,5827.741,132662.69,0.02,0.0
572.052,2026-06-26T03:08:29.558619,64841.875,116588.371,1.071,5827.742,132662.69,0.02,0.0
572.103,2026-06-26T03:08:29.609659,64841.875,116588.371,0.979,5827.743,132662.69,0.02,0.0
572.154,2026-06-26T03:08:29.660691,64841.875,116588.371,0.915,5827.744,132662.69,0.02,0.0
572.205,2026-06-26T03:08:29.711732,64841.875,116588.371,0.916,5827.745,132712.69,0.02,979.639
572.256,2026-06-26T03:08:29.762768,64890.188,117388.371,0.825,5827.747,132712.69,0.02,0.0
572.307,2026-06-26T03:08:29.813814,64941.328,117388.371,0.807,5827.748,132712.69,0.02,0.0
572.358,2026-06-26T03:08:29.864827,64991.422,117388.371,0.84,5827.749,132712.69,0.02,0.0
572.409,2026-06-26T03:08:29.915882,65042.426,117388.371,0.818,5827.75,132712.69,0.02,0.0
572.46,2026-06-26T03:08:29.966912,65093.758,117388.371,0.848,5827.751,132712.69,0.02,0.0
572.511,2026-06-26T03:08:30.017973,65145.0,117388.371,0.823,5827.752,132712.69,0.02,0.0
572.562,2026-06-26T03:08:30.068998,65196.195,117388.371,0.806,5827.753,132712.69,0.02,0.0
572.613,2026-06-26T03:08:30.120035,65247.246,117388.371,0.84,5827.754,132712.69,0.02,0.0
572.664,2026-06-26T03:08:30.171075,65298.379,117388.371,0.771,5827.755,132712.69,0.021,0.0
572.715,2026-06-26T03:08:30.222097,65349.539,117388.371,0.77,5827.756,132712.69,0.021,0.0
572.766,2026-06-26T03:08:30.273112,65400.703,117388.371,0.814,5827.757,132712.69,0.021,0.0
572.817,2026-06-26T03:08:30.324176,65451.391,117388.371,0.8,5827.758,132712.69,0.021,0.0
572.868,2026-06-26T03:08:30.375213,65501.934,117388.371,0.743,5827.759,132712.69,0.021,0.0
572.989,2026-06-26T03:08:30.495882,65621.172,117388.371,0.89,5828.109,132712.69,2.909,0.0
573.04,2026-06-26T03:08:30.546289,65607.508,117388.371,0.901,5828.11,132712.69,0.021,0.0
573.09,2026-06-26T03:08:30.597191,65425.875,117388.371,0.861,5828.111,132712.69,0.021,0.0
573.141,2026-06-26T03:08:30.647992,64841.875,116588.371,0.833,5828.112,132712.69,0.021,0.0
573.192,2026-06-26T03:08:30.698782,64841.875,116588.371,0.814,5828.113,132712.69,0.021,0.0
573.243,2026-06-26T03:08:30.749710,64841.875,116588.371,0.845,5828.114,132712.69,0.02,0.0
573.294,2026-06-26T03:08:30.800740,64841.875,116588.371,0.821,5828.115,132712.69,0.02,0.0
573.345,2026-06-26T03:08:30.851784,64841.875,116588.371,0.85,5828.116,132762.69,0.02,980.129
573.396,2026-06-26T03:08:30.902803,64884.148,116638.371,0.825,5828.117,132762.69,0.02,0.0
573.447,2026-06-26T03:08:30.953843,64841.875,116588.371,0.853,5828.118,132762.69,0.02,0.0
573.498,2026-06-26T03:08:31.004880,64873.426,116638.371,0.826,5828.119,132812.69,0.02,979.332
573.549,2026-06-26T03:08:31.055946,64841.875,116588.371,0.805,5828.12,132812.69,0.02,0.0
573.601,2026-06-26T03:08:31.107624,64863.141,117388.371,0.793,5828.121,132862.69,0.02,979.149
573.652,2026-06-26T03:08:31.158681,64913.0,117388.371,0.785,5828.122,132862.69,0.02,0.0
573.703,2026-06-26T03:08:31.209702,64963.07,117388.371,0.779,5828.123,132862.69,0.02,0.0
573.754,2026-06-26T03:08:31.260780,65013.125,117388.371,0.775,5828.124,132862.69,0.02,0.0
573.805,2026-06-26T03:08:31.311804,65063.203,117388.371,0.772,5828.126,132862.69,0.02,0.0
573.856,2026-06-26T03:08:31.362841,65113.359,117388.371,0.816,5828.127,132862.69,0.02,0.0
573.907,2026-06-26T03:08:31.413865,65163.074,117388.371,0.755,5828.128,132862.69,0.02,0.0
573.958,2026-06-26T03:08:31.464906,65211.387,117388.371,0.804,5828.129,132862.69,0.02,0.0
574.009,2026-06-26T03:08:31.515963,65261.148,117388.371,0.792,5828.13,132862.69,0.02,0.0
574.06,2026-06-26T03:08:31.567005,65312.035,117388.371,0.784,5828.131,132862.69,0.021,0.0
574.111,2026-06-26T03:08:31.618029,65362.812,117388.371,0.824,5828.132,132862.69,0.021,0.0
574.162,2026-06-26T03:08:31.669072,65413.82,117388.371,0.807,5828.133,132862.69,0.021,0.0
574.213,2026-06-26T03:08:31.720104,65464.648,117388.371,0.794,5828.134,132862.69,0.021,0.0
574.264,2026-06-26T03:08:31.771182,65515.445,117388.371,0.786,5828.135,132862.69,0.021,0.0
574.315,2026-06-26T03:08:31.822212,65566.301,117388.371,0.78,5828.136,132862.69,0.021,0.0
574.366,2026-06-26T03:08:31.873222,65617.129,117388.371,0.775,5828.137,132862.69,0.021,0.0
574.417,2026-06-26T03:08:31.924229,65604.348,117388.371,0.819,5828.138,132862.69,0.021,0.0
574.468,2026-06-26T03:08:31.975233,65461.875,117388.371,0.757,5828.139,132862.69,0.021,0.0
574.519,2026-06-26T03:08:32.026241,64841.875,116588.371,0.805,5828.14,132862.69,0.02,0.0
574.57,2026-06-26T03:08:32.077235,64841.875,116588.371,0.794,5828.141,132862.69,0.021,0.0
574.621,2026-06-26T03:08:32.128228,64841.875,116588.371,0.785,5828.142,132862.69,0.02,0.0
574.672,2026-06-26T03:08:32.179240,64841.875,116588.371,0.779,5828.143,132862.69,0.02,0.0
574.723,2026-06-26T03:08:32.230239,64841.875,116588.371,0.821,5828.144,132912.69,0.02,980.527
574.774,2026-06-26T03:08:32.281238,64885.727,117388.371,0.805,5828.145,132912.69,0.02,0.0
574.825,2026-06-26T03:08:32.332237,64936.969,117388.371,0.793,5828.146,132912.69,0.021,0.0
574.876,2026-06-26T03:08:32.383226,64987.949,117388.371,0.785,5828.147,132912.69,0.02,0.0
574.927,2026-06-26T03:08:32.434254,65039.289,117388.371,0.779,5828.149,132912.69,0.02,0.0
574.978,2026-06-26T03:08:32.485251,65090.707,117388.371,0.821,5828.15,132912.69,0.02,0.0
575.029,2026-06-26T03:08:32.536257,65142.129,117388.371,0.759,5828.151,132912.69,0.02,0.0
575.08,2026-06-26T03:08:32.587260,65193.438,117388.371,0.807,5828.152,132912.69,0.021,0.0
575.131,2026-06-26T03:08:32.638260,65244.102,117388.371,0.749,5828.153,132912.69,0.02,0.0
575.183,2026-06-26T03:08:32.689281,65294.453,117388.371,0.8,5828.154,132912.69,0.021,0.0
575.233,2026-06-26T03:08:32.740270,65345.523,117388.371,0.79,5828.155,132912.69,0.021,0.0
575.284,2026-06-26T03:08:32.791266,65396.598,117388.371,0.828,5828.156,132912.69,0.021,0.0
575.335,2026-06-26T03:08:32.842254,65447.16,117388.371,0.81,5828.157,132912.69,0.021,0.0
575.386,2026-06-26T03:08:32.893259,65497.578,117388.371,0.797,5828.158,132912.69,0.021,0.0
575.438,2026-06-26T03:08:32.944277,65548.125,117388.371,0.787,5828.159,132912.69,0.021,0.0
575.488,2026-06-26T03:08:32.995265,65598.633,117388.371,0.781,5828.16,132912.69,0.021,0.0
575.539,2026-06-26T03:08:33.046261,65591.875,117338.371,0.822,5828.161,132912.69,0.021,0.0
575.59,2026-06-26T03:08:33.097265,65635.723,117388.371,0.852,5828.162,132912.69,0.021,0.0
575.641,2026-06-26T03:08:33.148266,65003.875,117388.371,0.826,5828.163,132912.69,0.02,0.0
575.693,2026-06-26T03:08:33.199284,64841.875,116588.371,0.808,5828.164,132912.69,0.02,0.0
575.743,2026-06-26T03:08:33.250272,64841.875,116588.371,0.795,5828.165,132912.69,0.021,0.0
575.794,2026-06-26T03:08:33.301266,64841.875,116588.371,0.786,5828.166,132912.69,0.02,0.0
575.845,2026-06-26T03:08:33.352265,64841.875,116588.371,0.78,5828.167,132912.69,0.02,0.0
575.897,2026-06-26T03:08:33.403275,64866.25,116638.371,0.776,5828.168,132962.69,0.02,980.275
575.948,2026-06-26T03:08:33.454277,64841.875,116588.371,0.773,5828.169,132962.69,0.02,0.0
575.998,2026-06-26T03:08:33.505269,64855.496,117388.371,0.771,5828.171,133012.69,0.021,980.885
576.049,2026-06-26T03:08:33.556261,64906.445,117388.371,0.769,5828.172,133012.69,0.02,0.0
576.101,2026-06-26T03:08:33.607274,64957.59,117388.371,0.768,5828.173,133012.69,0.02,0.0
576.152,2026-06-26T03:08:33.658277,65008.789,117388.371,0.813,5828.174,133012.69,0.02,0.0
576.202,2026-06-26T03:08:33.709273,65059.824,117388.371,0.799,5828.175,133012.69,0.02,0.0
576.254,2026-06-26T03:08:33.760277,65110.625,117388.371,0.789,5828.176,133012.69,0.02,0.0
576.305,2026-06-26T03:08:33.811274,65160.879,117388.371,0.782,5828.177,133012.69,0.02,0.0
576.356,2026-06-26T03:08:33.862292,65212.188,117388.371,0.777,5828.178,133012.69,0.02,0.0
576.407,2026-06-26T03:08:33.913287,65263.625,117388.371,0.774,5828.179,133012.69,0.02,0.0
576.458,2026-06-26T03:08:33.964290,65314.93,117388.371,0.817,5828.18,133012.69,0.021,0.0
576.509,2026-06-26T03:08:34.015288,65366.441,117388.371,0.802,5828.181,133012.69,0.021,0.0
576.56,2026-06-26T03:08:34.066285,65417.773,117388.371,0.791,5828.182,133012.69,0.021,0.0
576.611,2026-06-26T03:08:34.117362,65468.438,117388.371,0.783,5828.183,133012.69,0.021,0.0
576.662,2026-06-26T03:08:34.168329,65519.309,117388.371,0.824,5828.184,133012.69,0.021,0.0
576.713,2026-06-26T03:08:34.219360,65570.16,117388.371,0.807,5828.185,133012.69,0.021,0.0
576.764,2026-06-26T03:08:34.270389,65620.746,117388.371,0.84,5828.186,133012.69,0.021,0.0
576.815,2026-06-26T03:08:34.321460,65607.98,117388.371,0.772,5828.187,133012.69,0.021,0.0
576.866,2026-06-26T03:08:34.372488,65407.875,117388.371,0.77,5828.188,133012.69,0.021,0.0
576.917,2026-06-26T03:08:34.423479,64841.875,116588.371,0.816,5828.189,133012.69,0.021,0.0
576.967,2026-06-26T03:08:34.474092,64841.875,116588.371,0.801,5828.19,133012.69,0.02,0.0
577.018,2026-06-26T03:08:34.525207,64841.875,116588.371,0.79,5828.191,133012.69,0.02,0.0
577.069,2026-06-26T03:08:34.576255,64841.875,116588.371,0.783,5828.192,133012.69,0.02,0.0
577.121,2026-06-26T03:08:34.627370,64841.875,116588.371,0.777,5828.194,133062.69,0.02,977.812
577.172,2026-06-26T03:08:34.678464,64884.57,117388.371,0.773,5828.195,133062.69,0.02,0.0
577.223,2026-06-26T03:08:34.729565,64934.316,117388.371,0.77,5828.196,133062.69,0.02,0.0
577.274,2026-06-26T03:08:34.780671,64984.062,117388.371,0.814,5828.197,133062.69,0.02,0.0
577.325,2026-06-26T03:08:34.831788,65033.945,117388.371,0.799,5828.198,133062.69,0.02,0.0
577.376,2026-06-26T03:08:34.882892,65083.758,117388.371,0.789,5828.199,133062.69,0.02,0.0
577.427,2026-06-26T03:08:34.934003,65133.516,117388.371,0.782,5828.2,133062.69,0.02,0.0
577.478,2026-06-26T03:08:34.985079,65183.266,117388.371,0.776,5828.201,133062.69,0.02,0.0
577.529,2026-06-26T03:08:35.036218,65233.168,117388.371,0.773,5828.202,133062.69,0.02,0.0
577.581,2026-06-26T03:08:35.087277,65282.938,117388.371,0.816,5828.203,133062.69,0.02,0.0
577.632,2026-06-26T03:08:35.138387,65332.527,117388.371,0.801,5828.204,133062.69,0.02,0.0
577.683,2026-06-26T03:08:35.189474,65382.5,117388.371,0.836,5828.205,133062.69,0.02,0.0
577.734,2026-06-26T03:08:35.240575,65432.355,117388.371,0.814,5828.206,133062.69,0.02,0.0
577.785,2026-06-26T03:08:35.291680,65478.227,117388.371,0.845,5828.207,133062.69,0.021,0.0
577.836,2026-06-26T03:08:35.342777,65528.938,117388.371,0.775,5828.208,133062.69,0.021,0.0
577.887,2026-06-26T03:08:35.393854,65579.73,117388.371,0.818,5828.209,133062.69,0.021,0.0
578.014,2026-06-26T03:08:35.520882,65641.402,117388.371,0.924,5828.559,133062.69,2.765,0.0
578.065,2026-06-26T03:08:35.571323,64895.875,117388.371,0.878,5828.56,133062.69,0.021,0.0
578.115,2026-06-26T03:08:35.621968,64841.875,116588.371,0.846,5828.561,133062.69,0.021,0.0
578.166,2026-06-26T03:08:35.672709,64841.875,116588.371,0.822,5828.562,133062.69,0.021,0.0
578.217,2026-06-26T03:08:35.723687,64841.875,116588.371,0.806,5828.563,133062.69,0.021,0.0
578.268,2026-06-26T03:08:35.774530,64841.875,116588.371,0.794,5828.564,133062.69,0.02,0.0
578.319,2026-06-26T03:08:35.825607,64869.621,117388.371,0.831,5828.565,133112.69,0.02,977.652
578.37,2026-06-26T03:08:35.876737,64919.988,117388.371,0.857,5828.566,133112.69,0.02,0.0
578.421,2026-06-26T03:08:35.927816,64970.207,117388.371,0.829,5828.567,133112.69,0.02,0.0
578.472,2026-06-26T03:08:35.978855,65020.012,117388.371,0.811,5828.568,133112.69,0.021,0.0
578.523,2026-06-26T03:08:36.029452,65070.0,117388.371,0.8,5828.569,133112.69,0.021,0.0
578.573,2026-06-26T03:08:36.080099,65120.0,117388.371,0.79,5828.57,133112.69,0.02,0.0
578.624,2026-06-26T03:08:36.131235,65170.215,117388.371,0.782,5828.571,133112.69,0.02,0.0
578.676,2026-06-26T03:08:36.182279,65221.562,117388.371,0.823,5828.572,133112.69,0.02,0.0
578.727,2026-06-26T03:08:36.233380,65272.848,117388.371,0.759,5828.573,133112.69,0.02,0.0
578.778,2026-06-26T03:08:36.284474,65324.395,117388.371,0.761,5828.575,133112.69,0.02,0.0
578.829,2026-06-26T03:08:36.336262,65376.48,117388.371,0.804,5828.576,133112.69,0.02,0.0
578.881,2026-06-26T03:08:36.387349,65427.891,117388.371,0.838,5828.577,133112.69,0.021,0.0
578.932,2026-06-26T03:08:36.438452,65478.574,117388.371,0.77,5828.578,133112.69,0.021,0.0
578.983,2026-06-26T03:08:36.489534,65529.375,117388.371,0.814,5828.579,133112.69,0.02,0.0
579.034,2026-06-26T03:08:36.540656,65580.137,117388.371,0.845,5828.58,133112.69,0.021,0.0
579.085,2026-06-26T03:08:36.591739,65631.191,117388.371,0.821,5828.581,133112.69,0.021,0.0
579.136,2026-06-26T03:08:36.642851,65618.281,117388.371,0.804,5828.582,133112.69,0.021,0.0
579.187,2026-06-26T03:08:36.693945,65245.875,117388.371,0.792,5828.583,133112.69,0.02,0.0
579.238,2026-06-26T03:08:36.745057,64841.875,116588.371,0.784,5828.584,133112.69,0.02,0.0
579.289,2026-06-26T03:08:36.796213,64841.875,116588.371,0.778,5828.585,133112.69,0.02,0.0
579.34,2026-06-26T03:08:36.847271,64841.875,116588.371,0.774,5828.586,133112.69,0.02,0.0
579.392,2026-06-26T03:08:36.898335,64841.875,116588.371,0.771,5828.587,133112.69,0.02,0.0
579.443,2026-06-26T03:08:36.949445,64849.027,117388.371,0.815,5828.588,133162.69,0.02,977.876
579.494,2026-06-26T03:08:37.000551,64899.0,117388.371,0.845,5828.589,133162.69,0.02,0.0
579.545,2026-06-26T03:08:37.051694,64949.641,117388.371,0.775,5828.59,133162.69,0.02,0.0
579.596,2026-06-26T03:08:37.102776,65000.723,117388.371,0.818,5828.591,133162.69,0.02,0.0
579.647,2026-06-26T03:08:37.153885,65052.266,117388.371,0.756,5828.592,133162.69,0.02,0.0
579.698,2026-06-26T03:08:37.204972,65103.641,117388.371,0.804,5828.593,133162.69,0.02,0.0
579.749,2026-06-26T03:08:37.256086,65155.043,117388.371,0.792,5828.594,133162.69,0.02,0.0
579.8,2026-06-26T03:08:37.307236,65206.445,117388.371,0.784,5828.595,133162.69,0.02,0.0
579.852,2026-06-26T03:08:37.358285,65258.008,117388.371,0.732,5828.597,133162.69,0.02,0.0
579.903,2026-06-26T03:08:37.409350,65309.457,117388.371,0.834,5828.598,133162.69,0.02,0.0
579.954,2026-06-26T03:08:37.460461,65360.77,117388.371,0.813,5828.599,133162.69,0.02,0.0
580.005,2026-06-26T03:08:37.511549,65411.738,117388.371,0.798,5828.6,133162.69,0.02,0.0
580.056,2026-06-26T03:08:37.562663,65462.809,117388.371,0.788,5828.601,133162.69,0.021,0.0
580.107,2026-06-26T03:08:37.613745,65513.75,117388.371,0.827,5828.602,133162.69,0.021,0.0
580.158,2026-06-26T03:08:37.664851,65564.863,117388.371,0.808,5828.603,133162.69,0.021,0.0
580.209,2026-06-26T03:08:37.715950,65615.812,117388.371,0.841,5828.604,133162.69,0.021,0.0
580.26,2026-06-26T03:08:37.767060,65602.875,117388.371,0.818,5828.605,133162.69,0.021,0.0
580.311,2026-06-26T03:08:37.818187,65475.875,117388.371,0.802,5828.606,133162.69,0.021,0.0
580.362,2026-06-26T03:08:37.869239,64841.875,116588.371,0.791,5828.607,133162.69,0.02,0.0
580.414,2026-06-26T03:08:37.920288,64841.875,116588.371,0.783,5828.608,133162.69,0.02,0.0
580.465,2026-06-26T03:08:37.971420,64841.875,116588.371,0.777,5828.609,133162.69,0.02,0.0
580.516,2026-06-26T03:08:38.022500,64841.875,116588.371,0.82,5828.61,133162.69,0.02,0.0
580.567,2026-06-26T03:08:38.073619,64841.875,116588.371,0.803,5828.611,133162.69,0.02,0.0
580.618,2026-06-26T03:08:38.124717,64873.125,117388.371,0.791,5828.612,133212.69,0.02,978.592
580.669,2026-06-26T03:08:38.175828,64924.395,117388.371,0.783,5828.613,133212.69,0.02,0.0
580.72,2026-06-26T03:08:38.226936,64975.594,117388.371,0.777,5828.614,133212.69,0.02,0.0
580.771,2026-06-26T03:08:38.278034,65026.801,117388.371,0.774,5828.615,133212.69,0.02,0.0
580.822,2026-06-26T03:08:38.329114,65078.066,117388.371,0.771,5828.616,133212.69,0.02,0.0
580.873,2026-06-26T03:08:38.380218,65129.375,117388.371,0.815,5828.617,133212.69,0.02,0.0
580.925,2026-06-26T03:08:38.431276,65180.73,117388.371,0.8,5828.618,133212.69,0.02,0.0
580.976,2026-06-26T03:08:38.482402,65230.707,117388.371,0.789,5828.62,133212.69,0.02,0.0
581.027,2026-06-26T03:08:38.533486,65279.262,117388.371,0.828,5828.621,133212.69,0.02,0.0
581.078,2026-06-26T03:08:38.584578,65329.559,117388.371,0.809,5828.622,133212.69,0.02,0.0
581.129,2026-06-26T03:08:38.635673,65380.305,117388.371,0.796,5828.623,133212.69,0.02,0.0
581.18,2026-06-26T03:08:38.686771,65431.02,117388.371,0.74,5828.624,133212.69,0.02,0.0
581.231,2026-06-26T03:08:38.737859,65481.969,117388.371,0.793,5828.625,133212.69,0.021,0.0
581.282,2026-06-26T03:08:38.788963,65533.008,117388.371,0.785,5828.626,133212.69,0.021,0.0
581.333,2026-06-26T03:08:38.840049,65584.062,117388.371,0.779,5828.627,133212.69,0.021,0.0
581.384,2026-06-26T03:08:38.891179,65634.57,117388.371,0.82,5828.628,133212.69,0.021,0.0
581.435,2026-06-26T03:08:38.942238,65621.441,117388.371,0.804,5828.629,133212.69,0.021,0.0
581.487,2026-06-26T03:08:38.993296,65213.875,117388.371,0.792,5828.63,133212.69,0.02,0.0
581.538,2026-06-26T03:08:39.044402,64841.875,116588.371,0.784,5828.631,133212.69,0.02,0.0
581.589,2026-06-26T03:08:39.095479,64841.875,116588.371,0.778,5828.632,133212.69,0.02,0.0
581.64,2026-06-26T03:08:39.146615,64841.875,116588.371,0.82,5828.633,133212.69,0.02,0.0
581.691,2026-06-26T03:08:39.197702,64841.875,116588.371,0.803,5828.634,133212.69,0.02,0.0
581.742,2026-06-26T03:08:39.248812,64852.062,116638.371,0.837,5828.635,133262.69,0.02,978.373
581.793,2026-06-26T03:08:39.299904,64841.875,116588.371,0.816,5828.636,133262.69,0.02,0.0
581.844,2026-06-26T03:08:39.350934,64841.875,116588.371,0.756,5828.637,133312.69,0.021,987.443
581.895,2026-06-26T03:08:39.401476,64889.969,117388.371,0.807,5828.638,133312.69,0.021,0.0
581.945,2026-06-26T03:08:39.452043,64939.766,117388.371,0.797,5828.639,133312.69,0.021,0.0
581.996,2026-06-26T03:08:39.502678,64990.312,117388.371,0.789,5828.64,133312.69,0.021,0.0
582.047,2026-06-26T03:08:39.553298,65041.074,117388.371,0.784,5828.641,133312.69,0.021,0.0
582.097,2026-06-26T03:08:39.603918,65091.875,117388.371,0.78,5828.643,133312.69,0.021,0.0
582.148,2026-06-26T03:08:39.654583,65141.816,117388.371,0.778,5828.644,133312.69,0.021,0.0
582.198,2026-06-26T03:08:39.705187,65192.066,117388.371,0.776,5828.645,133312.69,0.021,0.0
582.249,2026-06-26T03:08:39.755798,65242.84,117388.371,0.774,5828.646,133312.69,0.021,0.0
582.3,2026-06-26T03:08:39.806442,65293.527,117388.371,0.774,5828.647,133312.69,0.021,0.0
582.35,2026-06-26T03:08:39.857059,65343.691,117388.371,0.819,5828.648,133312.69,0.021,0.0
582.401,2026-06-26T03:08:39.907694,65393.797,117388.371,0.759,5828.649,133312.69,0.021,0.0
582.452,2026-06-26T03:08:39.958306,65443.945,117388.371,0.809,5828.65,133312.69,0.021,0.0
582.502,2026-06-26T03:08:40.008924,65493.945,117388.371,0.798,5828.651,133312.69,0.021,0.0
582.553,2026-06-26T03:08:40.059572,65544.23,117388.371,0.743,5828.652,133312.69,0.021,0.0
582.603,2026-06-26T03:08:40.110191,65594.285,117388.371,0.798,5828.653,133312.69,0.021,0.0
582.654,2026-06-26T03:08:40.160816,65599.875,117388.371,0.744,5828.654,133312.69,0.021,0.0
582.705,2026-06-26T03:08:40.211447,65630.875,117388.371,0.799,5828.655,133312.69,0.021,0.0
582.755,2026-06-26T03:08:40.262059,65081.875,117388.371,0.837,5828.656,133312.69,0.021,0.0
582.806,2026-06-26T03:08:40.312699,64841.875,116588.371,0.817,5828.657,133312.69,0.021,0.0
582.857,2026-06-26T03:08:40.363326,64841.875,116588.371,0.803,5828.658,133312.69,0.021,0.0
582.907,2026-06-26T03:08:40.413922,64841.875,116588.371,0.794,5828.659,133312.69,0.021,0.0
582.997,2026-06-26T03:08:40.503637,64847.414,116638.371,0.896,5829.009,133362.69,3.904,558.34
583.047,2026-06-26T03:08:40.554065,64841.875,116588.371,0.859,5829.01,133362.69,0.021,0.0
583.098,2026-06-26T03:08:40.604700,64841.875,116588.371,0.832,5829.011,133412.69,0.021,987.285
583.149,2026-06-26T03:08:40.655350,64884.668,116638.371,0.814,5829.012,133412.69,0.021,0.0
583.199,2026-06-26T03:08:40.705966,64841.59,116588.371,0.801,5829.013,133412.69,0.021,0.0
583.25,2026-06-26T03:08:40.756617,64873.398,116638.371,0.792,5829.014,133462.69,0.021,987.755
583.3,2026-06-26T03:08:40.807221,64841.59,116588.371,0.786,5829.015,133462.69,0.021,0.0
583.351,2026-06-26T03:08:40.857824,64862.59,116638.371,0.782,5829.016,133512.69,0.021,986.7
583.402,2026-06-26T03:08:40.908492,64841.59,116588.371,0.825,5829.017,133512.69,0.021,0.0
583.452,2026-06-26T03:08:40.959096,64850.672,117388.371,0.763,5829.018,133562.69,0.021,987.746
583.503,2026-06-26T03:08:41.009724,64899.898,117388.371,0.858,5829.019,133562.69,0.021,0.0
583.554,2026-06-26T03:08:41.060349,64949.383,117388.371,0.832,5829.02,133562.69,0.021,0.0
583.604,2026-06-26T03:08:41.110954,64998.855,117388.371,0.814,5829.021,133562.69,0.021,0.0
583.655,2026-06-26T03:08:41.161620,65048.348,117388.371,0.755,5829.023,133562.69,0.021,0.0
583.705,2026-06-26T03:08:41.212217,65097.164,117388.371,0.806,5829.024,133562.69,0.021,0.0
583.756,2026-06-26T03:08:41.262826,65145.98,117388.371,0.796,5829.025,133562.69,0.021,0.0
583.807,2026-06-26T03:08:41.313465,65195.582,117388.371,0.789,5829.026,133562.69,0.021,0.0
583.857,2026-06-26T03:08:41.364074,65245.73,117388.371,0.783,5829.027,133562.69,0.021,0.0
583.908,2026-06-26T03:08:41.414739,65295.977,117388.371,0.78,5829.028,133562.69,0.021,0.0
583.959,2026-06-26T03:08:41.465355,65345.902,117388.371,0.778,5829.029,133562.69,0.021,0.0
584.009,2026-06-26T03:08:41.515964,65396.086,117388.371,0.776,5829.03,133562.69,0.021,0.0
584.06,2026-06-26T03:08:41.566602,65446.152,117388.371,0.774,5829.031,133562.69,0.021,0.0
584.11,2026-06-26T03:08:41.617219,65496.176,117388.371,0.773,5829.032,133562.69,0.021,0.0
584.161,2026-06-26T03:08:41.667850,65546.152,117388.371,0.773,5829.033,133562.69,0.021,0.0
584.212,2026-06-26T03:08:41.718481,65596.277,117388.371,0.819,5829.034,133562.69,0.021,0.0
584.262,2026-06-26T03:08:41.769089,65591.59,117338.371,0.758,5829.035,133562.69,0.021,0.0
584.313,2026-06-26T03:08:41.819726,65632.48,117388.371,0.762,5829.036,133562.69,0.021,0.0
584.364,2026-06-26T03:08:41.870356,65055.59,117388.371,0.765,5829.037,133562.69,0.021,0.0
584.414,2026-06-26T03:08:41.920958,64841.59,116588.371,0.767,5829.038,133562.69,0.021,0.0
584.465,2026-06-26T03:08:41.971585,64841.59,116588.371,0.769,5829.039,133562.69,0.021,0.0
584.515,2026-06-26T03:08:42.022195,64841.59,116588.371,0.77,5829.04,133562.69,0.021,0.0
584.566,2026-06-26T03:08:42.072804,64841.59,116588.371,0.77,5829.041,133562.69,0.021,0.0
584.617,2026-06-26T03:08:42.123451,64860.34,117388.371,0.817,5829.042,133612.69,0.021,987.653
584.667,2026-06-26T03:08:42.174075,64910.848,117388.371,0.803,5829.043,133612.69,0.021,0.0
584.718,2026-06-26T03:08:42.224701,64961.73,117388.371,0.84,5829.044,133612.69,0.021,0.0
584.769,2026-06-26T03:08:42.275327,65012.41,117388.371,0.819,5829.046,133612.69,0.021,0.0
584.819,2026-06-26T03:08:42.325944,65063.465,117388.371,0.805,5829.047,133612.69,0.021,0.0
584.87,2026-06-26T03:08:42.376589,65114.223,117388.371,0.795,5829.048,133612.69,0.021,0.0
584.92,2026-06-26T03:08:42.427189,65165.027,117388.371,0.788,5829.049,133612.69,0.021,0.0
584.971,2026-06-26T03:08:42.477785,65215.789,117388.371,0.783,5829.05,133612.69,0.021,0.0
585.022,2026-06-26T03:08:42.528428,65266.59,117388.371,0.78,5829.051,133612.69,0.021,0.0
585.072,2026-06-26T03:08:42.579041,65316.844,117388.371,0.777,5829.052,133612.69,0.021,0.0
585.123,2026-06-26T03:08:42.629683,65366.59,117388.371,0.776,5829.053,133612.69,0.021,0.0
585.174,2026-06-26T03:08:42.680343,65417.352,117388.371,0.773,5829.054,133612.69,0.021,0.0
585.225,2026-06-26T03:08:42.731326,65467.152,117388.371,0.771,5829.055,133612.69,0.021,0.0
585.275,2026-06-26T03:08:42.782266,65517.695,117388.371,0.77,5829.056,133612.69,0.021,0.0
585.326,2026-06-26T03:08:42.833229,65568.406,117388.371,0.769,5829.057,133612.69,0.021,0.0
585.377,2026-06-26T03:08:42.884231,65619.062,117388.371,0.814,5829.058,133612.69,0.021,0.0
585.428,2026-06-26T03:08:42.935177,65606.035,117388.371,0.8,5829.059,133612.69,0.021,0.0
585.479,2026-06-26T03:08:42.986126,65425.59,117388.371,0.836,5829.06,133612.69,0.021,0.0
585.53,2026-06-26T03:08:43.037114,64841.59,116588.371,0.815,5829.061,133612.69,0.02,0.0
585.581,2026-06-26T03:08:43.088109,64841.59,116588.371,0.8,5829.062,133612.69,0.021,0.0
585.632,2026-06-26T03:08:43.139086,64841.59,116588.371,0.79,5829.063,133612.69,0.021,0.0
585.683,2026-06-26T03:08:43.190063,64841.59,116588.371,0.783,5829.064,133612.69,0.02,0.0
585.734,2026-06-26T03:08:43.241057,64841.59,116588.371,0.778,5829.065,133662.69,0.021,981.33
585.785,2026-06-26T03:08:43.292023,64884.953,117388.371,0.774,5829.066,133662.69,0.02,0.0
585.836,2026-06-26T03:08:43.343033,64936.102,117388.371,0.772,5829.067,133662.69,0.021,0.0
585.887,2026-06-26T03:08:43.393998,64987.41,117388.371,0.816,5829.069,133662.69,0.021,0.0
585.938,2026-06-26T03:08:43.444970,65038.059,117388.371,0.801,5829.07,133662.69,0.021,0.0
585.989,2026-06-26T03:08:43.495945,65088.715,117388.371,0.837,5829.071,133662.69,0.02,0.0
586.04,2026-06-26T03:08:43.546956,65138.973,117388.371,0.815,5829.072,133662.69,0.02,0.0
586.091,2026-06-26T03:08:43.597945,65190.027,117388.371,0.755,5829.073,133662.69,0.02,0.0
586.142,2026-06-26T03:08:43.648926,65241.043,117388.371,0.804,5829.074,133662.69,0.021,0.0
586.193,2026-06-26T03:08:43.699898,65292.152,117388.371,0.839,5829.075,133662.69,0.021,0.0
586.244,2026-06-26T03:08:43.750898,65343.23,117388.371,0.771,5829.076,133662.69,0.021,0.0
586.295,2026-06-26T03:08:43.801876,65394.477,117388.371,0.769,5829.077,133662.69,0.021,0.0
586.346,2026-06-26T03:08:43.852891,65444.945,117388.371,0.768,5829.078,133662.69,0.021,0.0
586.397,2026-06-26T03:08:43.903855,65495.223,117388.371,0.814,5829.079,133662.69,0.021,0.0
586.448,2026-06-26T03:08:43.954827,65545.73,117388.371,0.8,5829.08,133662.69,0.021,0.0
586.499,2026-06-26T03:08:44.005798,65596.277,117388.371,0.79,5829.081,133662.69,0.021,0.0
586.55,2026-06-26T03:08:44.056792,65591.59,117338.371,0.829,5829.082,133662.69,0.021,0.0
586.601,2026-06-26T03:08:44.107770,65633.09,117388.371,0.764,5829.083,133662.69,0.021,0.0
586.652,2026-06-26T03:08:44.158758,65043.59,117388.371,0.811,5829.084,133662.69,0.021,0.0
586.703,2026-06-26T03:08:44.209722,64841.59,116588.371,0.797,5829.085,133662.69,0.02,0.0
586.754,2026-06-26T03:08:44.260744,64841.59,116588.371,0.788,5829.086,133662.69,0.021,0.0
586.805,2026-06-26T03:08:44.311704,64841.59,116588.371,0.783,5829.087,133662.69,0.021,0.0
586.855,2026-06-26T03:08:44.362211,64841.59,116588.371,0.78,5829.088,133662.69,0.021,0.0
586.906,2026-06-26T03:08:44.412724,64859.66,116638.371,0.824,5829.089,133712.69,0.021,988.533
586.957,2026-06-26T03:08:44.463330,64841.59,116588.371,0.854,5829.091,133712.69,0.021,0.0
587.008,2026-06-26T03:08:44.514338,64848.309,116638.371,0.781,5829.092,133762.69,0.021,980.963
587.058,2026-06-26T03:08:44.565248,64841.59,116588.371,0.777,5829.093,133762.69,0.021,0.0
587.109,2026-06-26T03:08:44.616205,64841.59,116588.371,0.82,5829.094,133812.69,0.021,980.839
587.16,2026-06-26T03:08:44.667129,64887.047,116638.371,0.758,5829.095,133812.69,0.021,0.0
587.211,2026-06-26T03:08:44.718051,64841.59,116588.371,0.758,5829.096,133862.69,0.02,969.575
587.263,2026-06-26T03:08:44.769616,64877.527,117388.371,0.807,5829.097,133862.69,0.021,0.0
587.314,2026-06-26T03:08:44.820554,64928.223,117388.371,0.795,5829.098,133862.69,0.021,0.0
587.365,2026-06-26T03:08:44.871499,64979.121,117388.371,0.786,5829.099,133862.69,0.021,0.0
587.416,2026-06-26T03:08:44.922450,65030.359,117388.371,0.781,5829.1,133862.69,0.021,0.0
587.467,2026-06-26T03:08:44.973412,65081.234,117388.371,0.776,5829.101,133862.69,0.021,0.0
587.518,2026-06-26T03:08:45.024347,65132.215,117388.371,0.774,5829.102,133862.69,0.021,0.0
587.568,2026-06-26T03:08:45.075258,65182.293,117388.371,0.772,5829.103,133862.69,0.021,0.0
587.619,2026-06-26T03:08:45.126208,65231.711,117388.371,0.816,5829.104,133862.69,0.021,0.0
587.67,2026-06-26T03:08:45.177210,65281.824,117388.371,0.755,5829.105,133862.69,0.021,0.0
587.721,2026-06-26T03:08:45.228180,65332.273,117388.371,0.805,5829.106,133862.69,0.021,0.0
587.772,2026-06-26T03:08:45.279187,65382.781,117388.371,0.839,5829.107,133862.69,0.021,0.0
587.823,2026-06-26T03:08:45.330078,65433.23,117388.371,0.819,5829.108,133862.69,0.021,0.0
587.874,2026-06-26T03:08:45.380676,65483.559,117388.371,0.804,5829.109,133862.69,0.021,0.0
587.925,2026-06-26T03:08:45.431356,65533.68,117388.371,0.793,5829.11,133862.69,0.021,0.0
588.045,2026-06-26T03:08:45.552086,65591.59,117338.371,0.925,5829.46,133862.69,2.907,0.0
588.096,2026-06-26T03:08:45.602526,65634.789,117388.371,0.833,5829.461,133862.69,0.021,0.0
588.146,2026-06-26T03:08:45.653172,65021.59,117388.371,0.861,5829.462,133862.69,0.021,0.0
588.197,2026-06-26T03:08:45.703846,64841.59,116588.371,0.833,5829.463,133862.69,0.021,0.0
588.248,2026-06-26T03:08:45.754641,64841.59,116588.371,0.814,5829.464,133862.69,0.021,0.0
588.299,2026-06-26T03:08:45.805469,64841.59,116588.371,0.8,5829.465,133862.69,0.02,0.0
588.35,2026-06-26T03:08:45.856525,64841.59,116588.371,0.79,5829.466,133862.69,0.02,0.0
588.401,2026-06-26T03:08:45.907565,64863.637,116638.371,0.782,5829.467,133912.69,0.02,980.399
588.452,2026-06-26T03:08:45.958563,64841.59,116588.371,0.777,5829.468,133912.69,0.02,0.0
588.503,2026-06-26T03:08:46.009617,64853.246,117388.371,0.82,5829.469,133962.69,0.02,980.225
588.554,2026-06-26T03:08:46.060646,64903.0,117388.371,0.849,5829.47,133962.69,0.02,0.0
588.605,2026-06-26T03:08:46.111717,64953.047,117388.371,0.778,5829.471,133962.69,0.02,0.0
588.656,2026-06-26T03:08:46.162725,65003.156,117388.371,0.774,5829.473,133962.69,0.02,0.0
588.707,2026-06-26T03:08:46.213776,65053.289,117388.371,0.772,5829.474,133962.69,0.02,0.0
588.758,2026-06-26T03:08:46.264801,65103.371,117388.371,0.816,5829.475,133962.69,0.02,0.0
588.809,2026-06-26T03:08:46.315851,65153.289,117388.371,0.8,5829.476,133962.69,0.02,0.0
588.86,2026-06-26T03:08:46.366895,65202.41,117388.371,0.836,5829.477,133962.69,0.02,0.0
588.911,2026-06-26T03:08:46.417934,65251.852,117388.371,0.815,5829.478,133962.69,0.02,0.0
588.962,2026-06-26T03:08:46.468933,65301.906,117388.371,0.8,5829.479,133962.69,0.021,0.0
589.013,2026-06-26T03:08:46.519977,65353.012,117388.371,0.79,5829.48,133962.69,0.021,0.0
589.064,2026-06-26T03:08:46.570979,65403.543,117388.371,0.783,5829.481,133962.69,0.021,0.0
589.115,2026-06-26T03:08:46.622022,65454.227,117388.371,0.823,5829.482,133962.69,0.021,0.0
589.166,2026-06-26T03:08:46.673034,65504.914,117388.371,0.806,5829.483,133962.69,0.021,0.0
589.217,2026-06-26T03:08:46.724067,65555.691,117388.371,0.794,5829.484,133962.69,0.021,0.0
589.268,2026-06-26T03:08:46.775093,65606.418,117388.371,0.785,5829.485,133962.69,0.021,0.0
589.319,2026-06-26T03:08:46.826164,65593.762,117388.371,0.779,5829.486,133962.69,0.021,0.0
589.37,2026-06-26T03:08:46.877206,65611.59,117388.371,0.775,5829.487,133962.69,0.021,0.0
589.421,2026-06-26T03:08:46.928213,64883.59,117388.371,0.772,5829.488,133962.69,0.02,0.0
589.472,2026-06-26T03:08:46.979226,64841.59,116588.371,0.77,5829.489,133962.69,0.02,0.0
589.523,2026-06-26T03:08:47.030241,64841.59,116588.371,0.769,5829.49,133962.69,0.02,0.0
589.574,2026-06-26T03:08:47.081234,64841.59,116588.371,0.768,5829.491,133962.69,0.02,0.0
589.625,2026-06-26T03:08:47.132234,64841.59,116588.371,0.813,5829.492,133962.69,0.02,0.0
589.676,2026-06-26T03:08:47.183235,64873.039,117388.371,0.799,5829.493,134012.69,0.021,980.748
589.727,2026-06-26T03:08:47.234232,64924.012,117388.371,0.789,5829.495,134012.69,0.02,0.0
589.778,2026-06-26T03:08:47.285258,64975.09,117388.371,0.782,5829.496,134012.69,0.02,0.0
589.829,2026-06-26T03:08:47.336246,65026.176,117388.371,0.823,5829.497,134012.69,0.02,0.0
589.88,2026-06-26T03:08:47.387249,65077.387,117388.371,0.852,5829.498,134012.69,0.02,0.0
589.931,2026-06-26T03:08:47.438243,65128.543,117388.371,0.826,5829.499,134012.69,0.021,0.0
589.982,2026-06-26T03:08:47.489231,65179.727,117388.371,0.808,5829.5,134012.69,0.02,0.0
590.033,2026-06-26T03:08:47.540252,65230.18,117388.371,0.795,5829.501,134012.69,0.02,0.0
590.084,2026-06-26T03:08:47.591238,65280.633,117388.371,0.787,5829.502,134012.69,0.021,0.0
590.135,2026-06-26T03:08:47.642237,65331.516,117388.371,0.78,5829.503,134012.69,0.021,0.0
590.186,2026-06-26T03:08:47.693240,65382.723,117388.371,0.776,5829.504,134012.69,0.021,0.0
590.237,2026-06-26T03:08:47.744243,65433.695,117388.371,0.819,5829.505,134012.69,0.021,0.0
590.288,2026-06-26T03:08:47.795254,65484.262,117388.371,0.803,5829.506,134012.69,0.021,0.0
590.339,2026-06-26T03:08:47.846246,65534.938,117388.371,0.746,5829.507,134012.69,0.021,0.0
590.39,2026-06-26T03:08:47.897248,65585.594,117388.371,0.798,5829.508,134012.69,0.021,0.0
590.441,2026-06-26T03:08:47.948251,65636.578,117388.371,0.788,5829.509,134012.69,0.021,0.0
590.492,2026-06-26T03:08:47.999242,65623.297,117388.371,0.782,5829.51,134012.69,0.021,0.0
590.543,2026-06-26T03:08:48.050243,65193.59,117388.371,0.777,5829.511,134012.69,0.02,0.0
590.594,2026-06-26T03:08:48.101240,64841.59,116588.371,0.774,5829.512,134012.69,0.021,0.0
590.645,2026-06-26T03:08:48.152231,64841.59,116588.371,0.771,5829.513,134012.69,0.02,0.0
590.696,2026-06-26T03:08:48.203237,64841.59,116588.371,0.77,5829.514,134012.69,0.02,0.0
590.747,2026-06-26T03:08:48.254242,64841.59,116588.371,0.815,5829.515,134012.69,0.02,0.0
590.798,2026-06-26T03:08:48.305241,64851.699,116638.371,0.846,5829.516,134062.69,0.02,980.33
590.849,2026-06-26T03:08:48.356241,64841.59,116588.371,0.776,5829.518,134062.69,0.02,0.0
590.9,2026-06-26T03:08:48.407235,64841.59,116588.371,0.819,5829.519,134112.69,0.02,979.854
590.951,2026-06-26T03:08:48.458253,64891.242,117388.371,0.803,5829.52,134112.69,0.02,0.0
591.002,2026-06-26T03:08:48.509244,64942.441,117388.371,0.746,5829.521,134112.69,0.02,0.0
591.053,2026-06-26T03:08:48.560244,64993.66,117388.371,0.798,5829.522,134112.69,0.02,0.0
591.104,2026-06-26T03:08:48.611247,65044.773,117388.371,0.742,5829.523,134112.69,0.021,0.0
591.155,2026-06-26T03:08:48.662245,65095.805,117388.371,0.795,5829.524,134112.69,0.02,0.0
591.206,2026-06-26T03:08:48.713268,65145.887,117388.371,0.832,5829.525,134112.69,0.02,0.0
591.257,2026-06-26T03:08:48.764258,65196.012,117388.371,0.813,5829.526,134112.69,0.02,0.0
591.308,2026-06-26T03:08:48.815262,65246.84,117388.371,0.798,5829.527,134112.69,0.02,0.0
591.359,2026-06-26T03:08:48.866262,65297.84,117388.371,0.789,5829.528,134112.69,0.021,0.0
591.41,2026-06-26T03:08:48.917271,65348.137,117388.371,0.782,5829.529,134112.69,0.021,0.0
591.462,2026-06-26T03:08:48.968293,65396.426,117388.371,0.777,5829.53,134112.69,0.021,0.0
591.513,2026-06-26T03:08:49.019283,65445.125,117388.371,0.82,5829.531,134112.69,0.021,0.0
591.564,2026-06-26T03:08:49.070279,65491.844,117388.371,0.804,5829.532,134112.69,0.021,0.0
591.615,2026-06-26T03:08:49.121286,65539.441,117388.371,0.792,5829.533,134112.69,0.021,0.0
591.666,2026-06-26T03:08:49.172287,65586.355,117388.371,0.83,5829.534,134112.69,0.021,0.0
591.717,2026-06-26T03:08:49.223301,65633.777,117388.371,0.811,5829.535,134112.69,0.021,0.0
591.768,2026-06-26T03:08:49.274329,65616.375,117388.371,0.797,5829.536,134112.69,0.021,0.0
591.818,2026-06-26T03:08:49.325222,65333.59,117388.371,0.788,5829.537,134112.69,0.021,0.0
591.869,2026-06-26T03:08:49.376068,64841.59,116588.371,0.783,5829.538,134112.69,0.021,0.0
591.92,2026-06-26T03:08:49.426635,64841.59,116588.371,0.78,5829.54,134112.69,0.021,0.0
591.97,2026-06-26T03:08:49.477257,64841.59,116588.371,0.776,5829.541,134112.69,0.021,0.0
592.021,2026-06-26T03:08:49.528220,64841.59,116588.371,0.774,5829.542,134112.69,0.021,0.0
592.072,2026-06-26T03:08:49.579212,64841.59,116588.371,0.771,5829.543,134162.69,0.02,980.087
592.123,2026-06-26T03:08:49.630190,64874.09,116638.371,0.77,5829.544,134162.69,0.021,0.0
592.174,2026-06-26T03:08:49.681184,64841.59,116588.371,0.815,5829.545,134162.69,0.021,0.0
592.225,2026-06-26T03:08:49.732135,64857.723,117388.371,0.846,5829.546,134212.69,0.021,980.706
592.276,2026-06-26T03:08:49.783108,64905.488,117388.371,0.822,5829.547,134212.69,0.021,0.0
592.327,2026-06-26T03:08:49.834084,64950.129,117388.371,0.805,5829.548,134212.69,0.02,0.0
592.378,2026-06-26T03:08:49.885084,64996.531,117388.371,0.794,5829.549,134212.69,0.021,0.0
592.429,2026-06-26T03:08:49.936061,65044.969,117388.371,0.832,5829.55,134212.69,0.021,0.0
592.48,2026-06-26T03:08:49.987007,65093.914,117388.371,0.766,5829.551,134212.69,0.021,0.0
592.531,2026-06-26T03:08:50.037992,65141.918,117388.371,0.766,5829.552,134212.69,0.021,0.0
592.582,2026-06-26T03:08:50.088958,65189.777,117388.371,0.812,5829.553,134212.69,0.02,0.0
592.633,2026-06-26T03:08:50.139971,65237.082,117388.371,0.752,5829.554,134212.69,0.021,0.0
592.684,2026-06-26T03:08:50.190928,65284.703,117388.371,0.803,5829.555,134212.69,0.021,0.0
592.735,2026-06-26T03:08:50.241923,65332.395,117388.371,0.792,5829.556,134212.69,0.021,0.0
592.786,2026-06-26T03:08:50.292894,65380.34,117388.371,0.784,5829.557,134212.69,0.021,0.0
592.837,2026-06-26T03:08:50.343898,65428.352,117388.371,0.779,5829.558,134212.69,0.021,0.0
592.888,2026-06-26T03:08:50.394856,65476.293,117388.371,0.776,5829.559,134212.69,0.021,0.0
592.939,2026-06-26T03:08:50.445416,65523.035,117388.371,0.775,5829.56,134212.69,0.021,0.0
593.029,2026-06-26T03:08:50.535515,65580.457,117388.371,0.803,5829.91,134212.69,3.887,0.0
593.079,2026-06-26T03:08:50.585936,65630.652,117388.371,0.84,5829.911,134212.69,0.021,0.0
593.13,2026-06-26T03:08:50.636576,65591.59,117338.371,0.68,5829.912,134212.69,0.021,0.0
593.18,2026-06-26T03:08:50.687183,65616.219,117388.371,0.569,5829.913,134212.69,0.021,0.0
593.231,2026-06-26T03:08:50.737794,65305.59,117388.371,0.676,5829.914,134212.69,0.021,0.0
593.282,2026-06-26T03:08:50.788432,64841.59,116588.371,0.751,5829.915,134212.69,0.021,0.0
593.332,2026-06-26T03:08:50.839038,64841.59,116588.371,0.757,5829.916,134212.69,0.021,0.0
593.383,2026-06-26T03:08:50.889701,64841.59,116588.371,0.762,5829.917,134212.69,0.021,0.0
593.434,2026-06-26T03:08:50.940323,64841.59,116588.371,0.765,5829.918,134212.69,0.021,0.0
593.484,2026-06-26T03:08:50.990938,64841.965,116638.371,0.767,5829.919,134262.69,0.021,987.02
593.535,2026-06-26T03:08:51.041577,64890.891,116638.371,0.768,5829.921,134262.69,0.021,0.0
593.585,2026-06-26T03:08:51.092222,64841.59,116588.371,0.769,5829.922,134312.69,0.021,986.663
593.636,2026-06-26T03:08:51.142855,64879.344,117388.371,0.77,5829.923,134312.69,0.021,0.0
593.687,2026-06-26T03:08:51.193478,64929.746,117388.371,0.77,5829.924,134312.69,0.021,0.0
593.737,2026-06-26T03:08:51.244089,64980.414,117388.371,0.771,5829.925,134312.69,0.021,0.0
593.788,2026-06-26T03:08:51.294735,65031.047,117388.371,0.817,5829.926,134312.69,0.021,0.0
593.839,2026-06-26T03:08:51.345351,65081.668,117388.371,0.85,5829.927,134312.69,0.021,0.0
593.889,2026-06-26T03:08:51.395990,65131.707,117388.371,0.78,5829.928,134312.69,0.021,0.0
593.94,2026-06-26T03:08:51.446629,65181.469,117388.371,0.778,5829.929,134312.69,0.021,0.0
593.99,2026-06-26T03:08:51.497216,65232.211,117388.371,0.776,5829.93,134312.69,0.021,0.0
594.041,2026-06-26T03:08:51.547823,65282.836,117388.371,0.775,5829.931,134312.69,0.021,0.0
594.092,2026-06-26T03:08:51.598463,65333.484,117388.371,0.82,5829.932,134312.69,0.021,0.0
594.142,2026-06-26T03:08:51.649096,65383.836,117388.371,0.759,5829.933,134312.69,0.021,0.0
594.193,2026-06-26T03:08:51.699723,65434.113,117388.371,0.763,5829.934,134312.69,0.021,0.0
594.244,2026-06-26T03:08:51.750354,65484.266,117388.371,0.812,5829.935,134312.69,0.021,0.0
594.294,2026-06-26T03:08:51.800963,65534.457,117388.371,0.8,5829.936,134312.69,0.021,0.0
594.345,2026-06-26T03:08:51.851616,65584.75,117388.371,0.745,5829.937,134312.69,0.021,0.0
594.395,2026-06-26T03:08:51.902245,65635.184,117388.371,0.799,5829.938,134312.69,0.021,0.0
594.446,2026-06-26T03:08:51.952845,65621.418,117388.371,0.791,5829.939,134312.69,0.021,0.0
594.497,2026-06-26T03:08:52.003471,65231.59,117388.371,0.785,5829.94,134312.69,0.021,0.0
594.547,2026-06-26T03:08:52.054075,64841.59,116588.371,0.781,5829.941,134312.69,0.021,0.0
594.598,2026-06-26T03:08:52.104717,64841.59,116588.371,0.778,5829.942,134312.69,0.021,0.0
594.649,2026-06-26T03:08:52.155365,64841.59,116588.371,0.776,5829.944,134312.69,0.021,0.0
594.699,2026-06-26T03:08:52.205965,64841.59,116588.371,0.775,5829.945,134312.69,0.021,0.0
594.75,2026-06-26T03:08:52.256607,64848.129,116638.371,0.774,5829.946,134362.69,0.021,987.601
594.8,2026-06-26T03:08:52.307222,64841.59,116588.371,0.773,5829.947,134362.69,0.021,0.0
594.851,2026-06-26T03:08:52.357836,64841.59,116588.371,0.819,5829.948,134412.69,0.021,986.951
594.902,2026-06-26T03:08:52.408497,64885.59,116638.371,0.758,5829.949,134412.69,0.021,0.0
594.952,2026-06-26T03:08:52.459098,64841.59,116588.371,0.762,5829.95,134412.69,0.021,0.0
595.003,2026-06-26T03:08:52.509713,64021.59,116588.371,0.765,5829.951,134462.69,0.021,988.053
595.054,2026-06-26T03:08:52.560336,63241.59,114988.371,0.767,5829.952,134462.69,0.021,0.0
595.104,2026-06-26T03:08:52.610950,63241.59,114988.371,0.768,5829.953,134462.69,0.021,0.0
595.155,2026-06-26T03:08:52.661602,63241.59,114988.371,0.816,5829.954,134462.69,0.021,0.0
595.205,2026-06-26T03:08:52.712197,63241.59,114988.371,0.803,5829.955,134462.69,0.021,0.0
595.256,2026-06-26T03:08:52.762802,63241.59,114988.371,0.793,5829.956,134462.69,0.021,0.0
595.307,2026-06-26T03:08:52.813446,63241.59,114988.371,0.787,5829.957,134462.69,0.021,0.0
595.357,2026-06-26T03:08:52.864058,63258.016,123180.371,0.828,5829.958,134462.69,0.021,0.0
595.408,2026-06-26T03:08:52.914701,63960.527,123180.371,1.043,5829.959,134462.69,0.021,0.0
595.459,2026-06-26T03:08:52.965319,64619.07,123230.371,1.193,5829.96,134512.69,0.021,988.048
595.509,2026-06-26T03:08:53.015900,65285.84,123180.371,1.345,5829.961,134512.69,0.021,0.0
595.56,2026-06-26T03:08:53.066537,65969.352,123180.371,1.451,5829.962,134562.69,0.021,988.071
595.61,2026-06-26T03:08:53.117190,66696.516,123230.371,1.478,5829.963,134562.69,0.021,0.0
595.661,2026-06-26T03:08:53.167797,67332.277,123180.371,1.498,5829.964,134562.69,0.021,0.0
595.712,2026-06-26T03:08:53.218414,68040.797,123980.371,1.465,5829.965,134612.69,0.021,988.3
595.762,2026-06-26T03:08:53.269020,68770.816,123980.371,1.535,5829.967,134612.69,0.021,0.0
595.813,2026-06-26T03:08:53.319659,69504.625,123980.371,1.537,5829.968,134612.69,0.021,0.0
595.864,2026-06-26T03:08:53.370289,70235.902,123980.371,1.539,5829.969,134612.69,0.021,0.0
595.914,2026-06-26T03:08:53.420895,70961.613,123980.371,1.54,5829.97,134612.69,0.021,0.0
595.965,2026-06-26T03:08:53.471534,71680.562,123980.371,1.541,5829.971,134612.69,0.021,0.0
596.015,2026-06-26T03:08:53.522120,71772.285,128080.371,1.588,5829.972,134612.69,0.021,0.0
596.066,2026-06-26T03:08:53.572766,71856.816,128080.371,1.575,5829.973,134612.69,0.021,0.0
596.117,2026-06-26T03:08:53.623396,71945.625,128080.371,1.565,5829.974,134612.69,0.021,0.0
596.167,2026-06-26T03:08:53.673999,72034.414,128080.371,1.558,5829.975,134612.69,0.021,0.0
596.218,2026-06-26T03:08:53.724639,72123.332,128080.371,1.554,5829.976,134612.69,0.021,0.0
596.268,2026-06-26T03:08:53.775243,72212.43,128080.371,1.551,5829.977,134612.69,0.021,0.0
596.319,2026-06-26T03:08:53.825879,72301.625,128080.371,1.549,5829.978,134612.69,0.021,0.0
596.37,2026-06-26T03:08:53.876520,72390.84,128080.371,1.547,5829.979,134612.69,0.021,0.0
596.42,2026-06-26T03:08:53.927134,72479.945,128080.371,1.546,5829.98,134612.69,0.021,0.0
596.471,2026-06-26T03:08:53.977773,72569.383,128080.371,1.592,5829.981,134612.69,0.021,0.0
596.522,2026-06-26T03:08:54.028368,72594.645,128080.371,1.577,5829.982,134612.69,0.021,0.0
596.572,2026-06-26T03:08:54.079006,72533.715,128080.371,1.567,5829.983,134612.69,0.021,0.0
596.623,2026-06-26T03:08:54.129645,71912.922,127280.371,1.56,5829.984,134612.69,0.021,0.0
596.673,2026-06-26T03:08:54.180251,71952.18,127280.371,1.555,5829.985,134612.69,0.021,0.0
596.724,2026-06-26T03:08:54.230859,71991.234,127280.371,1.551,5829.986,134612.69,0.021,0.0
596.775,2026-06-26T03:08:54.281506,72030.375,127280.371,1.595,5829.988,134612.69,0.021,0.0
596.825,2026-06-26T03:08:54.332175,72069.715,127280.371,1.533,5829.989,134612.69,0.021,0.0
596.876,2026-06-26T03:08:54.382753,72142.211,127330.371,1.583,5829.99,134662.69,0.021,989.353
596.927,2026-06-26T03:08:54.433328,72147.906,127280.371,1.571,5829.991,134662.69,0.021,0.0
596.977,2026-06-26T03:08:54.483933,72208.559,128080.371,1.563,5829.992,134712.69,0.021,987.718
597.028,2026-06-26T03:08:54.534550,72297.812,128080.371,1.557,5829.993,134712.69,0.021,0.0
597.078,2026-06-26T03:08:54.585189,72387.125,128080.371,1.553,5829.994,134712.69,0.021,0.0
597.129,2026-06-26T03:08:54.635781,72476.773,128080.371,1.597,5829.995,134712.69,0.021,0.0
597.18,2026-06-26T03:08:54.686404,72566.336,128080.371,1.673,5829.996,134712.69,0.021,0.0
597.23,2026-06-26T03:08:54.737012,72655.68,128080.371,1.634,5829.997,134712.69,0.021,0.0
597.281,2026-06-26T03:08:54.787670,72745.254,128080.371,1.56,5829.998,134712.69,0.021,0.0
597.332,2026-06-26T03:08:54.838311,72834.754,128080.371,1.601,5829.999,134712.69,0.021,0.0
597.382,2026-06-26T03:08:54.888911,72923.238,128080.371,1.584,5830.0,134712.69,0.021,0.0
597.433,2026-06-26T03:08:54.939555,73011.418,128080.371,1.572,5830.001,134712.69,0.021,0.0
597.483,2026-06-26T03:08:54.990196,73099.742,128080.371,1.563,5830.002,134712.69,0.021,0.0
597.534,2026-06-26T03:08:55.040792,73188.23,128080.371,1.603,5830.003,134712.69,0.021,0.0
597.585,2026-06-26T03:08:55.091427,73276.492,128080.371,1.539,5830.004,134712.69,0.021,0.0
597.635,2026-06-26T03:08:55.142027,73364.797,128080.371,1.587,5830.005,134712.69,0.021,0.0
597.686,2026-06-26T03:08:55.192662,73453.266,128080.371,1.527,5830.006,134712.69,0.021,0.0
597.737,2026-06-26T03:08:55.243300,73541.805,128080.371,1.578,5830.007,134712.69,0.021,0.0
597.787,2026-06-26T03:08:55.293918,73566.715,128080.371,1.568,5830.008,134712.69,0.021,0.0
597.838,2026-06-26T03:08:55.344579,73573.574,128080.371,1.56,5830.01,134712.69,0.021,0.0
597.888,2026-06-26T03:08:55.395191,72912.32,128080.371,1.555,5830.011,134712.69,0.021,0.0
597.939,2026-06-26T03:08:55.445789,72926.883,127280.371,1.552,5830.012,134712.69,0.021,0.0
598.029,2026-06-26T03:08:55.535676,72989.914,127280.371,1.635,5830.361,134712.69,3.899,0.0
598.079,2026-06-26T03:08:55.586103,72989.914,127280.371,1.283,5830.362,134712.69,0.021,0.0
598.13,2026-06-26T03:08:55.636739,73018.633,127280.371,1.223,5830.363,134762.69,0.021,987.309
598.181,2026-06-26T03:08:55.687379,73093.715,127330.371,1.365,5830.364,134762.69,0.021,0.0
598.231,2026-06-26T03:08:55.737991,73096.789,127280.371,1.418,5830.365,134762.69,0.021,0.0
598.282,2026-06-26T03:08:55.788633,73159.438,127330.371,1.456,5830.367,134812.69,0.021,987.35
598.332,2026-06-26T03:08:55.839264,73174.715,127280.371,1.482,5830.368,134812.69,0.021,0.0
598.383,2026-06-26T03:08:55.889872,73225.066,128080.371,1.5,5830.369,134862.69,0.021,987.332
598.434,2026-06-26T03:08:55.940520,73312.922,128080.371,1.56,5830.37,134862.69,0.021,0.0
598.484,2026-06-26T03:08:55.991125,73401.727,128080.371,1.555,5830.371,134862.69,0.021,0.0
598.535,2026-06-26T03:08:56.041748,73490.016,128080.371,1.551,5830.372,134862.69,0.021,0.0
598.586,2026-06-26T03:08:56.092396,73578.34,128080.371,1.549,5830.373,134862.69,0.021,0.0
598.636,2026-06-26T03:08:56.142986,73664.418,128080.371,1.547,5830.374,134862.69,0.021,0.0
598.687,2026-06-26T03:08:56.193621,73748.27,128080.371,1.592,5830.375,134862.69,0.021,0.0
598.737,2026-06-26T03:08:56.244229,73833.547,128080.371,1.578,5830.376,134862.69,0.021,0.0
598.788,2026-06-26T03:08:56.294841,73918.391,128080.371,1.521,5830.377,134862.69,0.021,0.0
598.839,2026-06-26T03:08:56.345507,74002.891,128080.371,1.574,5830.378,134862.69,0.021,0.0
598.889,2026-06-26T03:08:56.396108,74087.59,128080.371,1.519,5830.379,134862.69,0.021,0.0
598.94,2026-06-26T03:08:56.446742,74170.848,128080.371,1.619,5830.38,134862.69,0.021,0.0
598.991,2026-06-26T03:08:56.497367,74252.691,128080.371,1.596,5830.381,134862.69,0.021,0.0
599.041,2026-06-26T03:08:56.547962,74337.695,128080.371,1.58,5830.382,134862.69,0.021,0.0
599.092,2026-06-26T03:08:56.598619,74422.367,128080.371,1.569,5830.383,134862.69,0.021,0.0
599.142,2026-06-26T03:08:56.649220,74506.781,128080.371,1.562,5830.384,134862.69,0.021,0.0
599.193,2026-06-26T03:08:56.699832,74590.973,128080.371,1.648,5830.385,134862.69,0.021,0.0
599.244,2026-06-26T03:08:56.750472,74612.387,128080.371,1.571,5830.386,134862.69,0.021,0.0
599.294,2026-06-26T03:08:56.801097,74531.25,128080.371,1.608,5830.387,134862.69,0.021,0.0
599.345,2026-06-26T03:08:56.851749,73922.363,127280.371,1.589,5830.389,134862.69,0.021,0.0
599.396,2026-06-26T03:08:56.902363,73960.215,127280.371,1.575,5830.39,134862.69,0.021,0.0
599.446,2026-06-26T03:08:56.952975,73997.355,127280.371,1.565,5830.391,134862.69,0.021,0.0
599.497,2026-06-26T03:08:57.003625,74034.117,127280.371,1.559,5830.392,134862.69,0.021,0.0
599.547,2026-06-26T03:08:57.054223,74070.215,127280.371,1.554,5830.393,134862.69,0.021,0.0
599.598,2026-06-26T03:08:57.104847,74124.934,127330.371,1.551,5830.394,134912.69,0.021,987.318
599.649,2026-06-26T03:08:57.155481,74144.215,127280.371,1.549,5830.395,134912.69,0.021,0.0
599.699,2026-06-26T03:08:57.206092,74180.633,128080.371,1.547,5830.396,134962.69,0.021,986.914
599.75,2026-06-26T03:08:57.256739,74257.027,128080.371,1.592,5830.397,134962.69,0.021,0.0
599.801,2026-06-26T03:08:57.307365,74329.34,128080.371,1.531,5830.398,134962.69,0.021,0.0
599.851,2026-06-26T03:08:57.357988,74403.676,128080.371,1.581,5830.399,134962.69,0.021,0.0
599.902,2026-06-26T03:08:57.408625,74488.465,128080.371,1.524,5830.4,134962.69,0.021,0.0
599.952,2026-06-26T03:08:57.459237,74572.949,128080.371,1.576,5830.401,134962.69,0.021,0.0
600.003,2026-06-26T03:08:57.509857,74657.5,128080.371,1.566,5830.402,134962.69,0.021,0.0
600.054,2026-06-26T03:08:57.560485,74741.418,128080.371,1.559,5830.403,134962.69,0.021,0.0
600.104,2026-06-26T03:08:57.611105,74826.781,128080.371,1.554,5830.404,134962.69,0.021,0.0
600.155,2026-06-26T03:08:57.661735,74910.488,128080.371,1.598,5830.405,134962.69,0.021,0.0
600.206,2026-06-26T03:08:57.712352,74996.34,128080.371,1.581,5830.406,134962.69,0.021,0.0
600.256,2026-06-26T03:08:57.762969,75078.906,128080.371,1.57,5830.407,134962.69,0.021,0.0
600.307,2026-06-26T03:08:57.813623,75161.621,128080.371,1.562,5830.408,134962.69,0.021,0.0
600.357,2026-06-26T03:08:57.864242,75245.379,128080.371,1.556,5830.41,134962.69,0.021,0.0
600.408,2026-06-26T03:08:57.914848,75329.711,128080.371,1.599,5830.411,134962.69,0.021,0.0
600.459,2026-06-26T03:08:57.965489,75416.449,128080.371,1.536,5830.412,134962.69,0.021,0.0
600.509,2026-06-26T03:08:58.016111,75500.734,128080.371,1.584,5830.413,134962.69,0.021,0.0
600.56,2026-06-26T03:08:58.066738,75586.359,128080.371,1.526,5830.414,134962.69,0.021,0.0
600.611,2026-06-26T03:08:58.117363,75604.184,128080.371,1.624,5830.415,134962.69,0.021,0.0
600.661,2026-06-26T03:08:58.167968,75632.648,128080.371,1.6,5830.416,134962.69,0.021,0.0
600.712,2026-06-26T03:08:58.218609,74980.141,128080.371,1.583,5830.417,134962.69,0.021,0.0
600.762,2026-06-26T03:08:58.269231,74964.012,127280.371,1.571,5830.418,134962.69,0.021,0.0
600.813,2026-06-26T03:08:58.319846,75000.215,127280.371,1.563,5830.419,134962.69,0.021,0.0
600.864,2026-06-26T03:08:58.370487,75037.629,127280.371,1.557,5830.42,134962.69,0.021,0.0
600.914,2026-06-26T03:08:58.421093,75073.715,127280.371,1.553,5830.421,134962.69,0.021,0.0
600.965,2026-06-26T03:08:58.471726,75120.914,127330.371,1.596,5830.422,135012.69,0.021,987.178
601.016,2026-06-26T03:08:58.522368,75147.648,127280.371,1.534,5830.423,135012.69,0.021,0.0
601.066,2026-06-26T03:08:58.572965,75184.715,127280.371,1.583,5830.424,135062.69,0.021,987.918
601.117,2026-06-26T03:08:58.623594,75256.715,127330.371,1.525,5830.425,135062.69,0.021,0.0
601.167,2026-06-26T03:08:58.674234,75259.715,127280.371,1.574,5830.426,135062.69,0.021,0.0
601.218,2026-06-26T03:08:58.725232,75310.828,127330.371,1.561,5830.427,135112.69,0.021,979.854
601.269,2026-06-26T03:08:58.776253,75334.07,127280.371,1.599,5830.428,135112.69,0.021,0.0
601.32,2026-06-26T03:08:58.827248,75371.141,127280.371,1.625,5830.429,135162.69,0.021,980.44
601.371,2026-06-26T03:08:58.878252,75446.559,127330.371,1.597,5830.431,135162.69,0.021,0.0
601.422,2026-06-26T03:08:58.929254,75445.996,127280.371,1.577,5830.432,135162.69,0.021,0.0
601.473,2026-06-26T03:08:58.980261,75501.434,127330.371,1.563,5830.433,135212.69,0.021,979.79
601.525,2026-06-26T03:08:59.031280,75521.355,127280.371,1.554,5830.434,135212.69,0.021,0.0
601.575,2026-06-26T03:08:59.082259,74487.715,127280.371,1.548,5830.435,135262.69,0.021,980.913
601.626,2026-06-26T03:08:59.133253,73073.715,127280.371,1.359,5830.436,135262.69,0.021,0.0
601.677,2026-06-26T03:08:59.184251,71647.715,127280.371,1.181,5830.437,135262.69,0.021,0.0
601.728,2026-06-26T03:08:59.235261,70171.715,127280.371,1.057,5830.438,135262.69,0.021,0.0
601.779,2026-06-26T03:08:59.286190,68733.715,127280.371,0.971,5830.439,135262.69,0.021,0.0
601.83,2026-06-26T03:08:59.336763,67337.715,127280.371,0.911,5830.44,135262.69,0.021,0.0
601.881,2026-06-26T03:08:59.387983,67412.215,123234.371,1.096,5830.441,135262.69,0.021,0.0
601.932,2026-06-26T03:08:59.438545,67416.316,123184.371,1.23,5830.442,135262.69,0.021,0.0
601.982,2026-06-26T03:08:59.489189,67472.84,123984.371,1.324,5830.443,135312.69,0.021,986.993
602.033,2026-06-26T03:08:59.539808,67553.008,123984.371,1.436,5830.444,135312.69,0.021,0.0
602.084,2026-06-26T03:08:59.590411,67633.516,123984.371,1.515,5830.445,135312.69,0.021,0.0
602.134,2026-06-26T03:08:59.641035,67713.852,123984.371,1.523,5830.446,135312.69,0.021,0.0
602.185,2026-06-26T03:08:59.691680,67794.168,123984.371,1.529,5830.447,135312.69,0.021,0.0
602.236,2026-06-26T03:08:59.742312,67874.863,123984.371,1.533,5830.448,135312.69,0.021,0.0
602.286,2026-06-26T03:08:59.792927,67955.918,123984.371,1.536,5830.449,135312.69,0.021,0.0
602.337,2026-06-26T03:08:59.843560,68036.961,123984.371,1.585,5830.45,135312.69,0.021,0.0
602.387,2026-06-26T03:08:59.894217,68112.0,123984.371,1.526,5830.451,135312.69,0.021,0.0
602.438,2026-06-26T03:08:59.944825,68190.922,123984.371,1.624,5830.453,135312.69,0.021,0.0
602.489,2026-06-26T03:08:59.995455,68279.965,123984.371,1.6,5830.454,135312.69,0.021,0.0
602.539,2026-06-26T03:09:00.046082,68368.922,123984.371,1.583,5830.455,135312.69,0.021,0.0
602.59,2026-06-26T03:09:00.096706,68458.379,123984.371,1.571,5830.456,135312.69,0.021,0.0
602.641,2026-06-26T03:09:00.147324,68547.75,123984.371,1.563,5830.457,135312.69,0.021,0.0
602.691,2026-06-26T03:09:00.197940,68637.016,123984.371,1.557,5830.458,135312.69,0.021,0.0
602.742,2026-06-26T03:09:00.248589,68717.012,123984.371,1.553,5830.459,135312.69,0.021,0.0
602.792,2026-06-26T03:09:00.299197,68792.387,123984.371,1.55,5830.46,135312.69,0.021,0.0
602.843,2026-06-26T03:09:00.349800,68875.488,123984.371,1.594,5830.461,135312.69,0.021,0.0
602.894,2026-06-26T03:09:00.400415,68953.227,123984.371,1.533,5830.462,135312.69,0.021,0.0
602.944,2026-06-26T03:09:00.451017,69035.754,123984.371,1.582,5830.463,135312.69,0.021,0.0
603.034,2026-06-26T03:09:00.541118,69102.359,123984.371,1.629,5830.813,135312.69,3.89,0.0
603.085,2026-06-26T03:09:00.591542,68486.434,123984.371,1.65,5830.814,135312.69,0.021,0.0
603.135,2026-06-26T03:09:00.642190,68381.652,123184.371,1.572,5830.815,135312.69,0.021,0.0
603.186,2026-06-26T03:09:00.692792,68418.891,123184.371,1.609,5830.816,135312.69,0.021,0.0
603.237,2026-06-26T03:09:00.743431,68456.215,123184.371,1.589,5830.817,135312.69,0.021,0.0
603.287,2026-06-26T03:09:00.794062,68493.02,123184.371,1.575,5830.818,135312.69,0.021,0.0
603.338,2026-06-26T03:09:00.844692,68531.641,123184.371,1.566,5830.819,135362.69,0.021,988.118
603.389,2026-06-26T03:09:00.895318,68596.594,123234.371,1.605,5830.82,135362.69,0.021,0.0
603.439,2026-06-26T03:09:00.945926,68608.379,123184.371,1.54,5830.821,135362.69,0.021,0.0
603.49,2026-06-26T03:09:00.996576,68647.195,123184.371,1.587,5830.822,135412.69,0.021,987.346
603.54,2026-06-26T03:09:01.047205,68718.793,123234.371,1.574,5830.823,135412.69,0.021,0.0
603.591,2026-06-26T03:09:01.097795,68720.242,123184.371,1.565,5830.824,135412.69,0.021,0.0
603.642,2026-06-26T03:09:01.148442,68764.113,123984.371,1.558,5830.825,135462.69,0.021,987.578
603.692,2026-06-26T03:09:01.199058,68845.555,123984.371,1.554,5830.826,135462.69,0.021,0.0
603.743,2026-06-26T03:09:01.249668,68919.887,123984.371,1.551,5830.827,135462.69,0.021,0.0
603.794,2026-06-26T03:09:01.300299,69003.5,123984.371,1.549,5830.828,135462.69,0.021,0.0
603.844,2026-06-26T03:09:01.350898,69094.664,123984.371,1.593,5830.829,135462.69,0.021,0.0
603.895,2026-06-26T03:09:01.401539,69184.543,123984.371,1.532,5830.831,135462.69,0.021,0.0
603.945,2026-06-26T03:09:01.452187,69253.773,123984.371,1.535,5830.832,135462.69,0.021,0.0
603.996,2026-06-26T03:09:01.502795,69324.781,123984.371,1.63,5830.833,135462.69,0.021,0.0
604.047,2026-06-26T03:09:01.553435,69404.152,123984.371,1.558,5830.834,135462.69,0.021,0.0
604.097,2026-06-26T03:09:01.604027,69483.914,123984.371,1.6,5830.835,135462.69,0.021,0.0
604.148,2026-06-26T03:09:01.654665,69559.77,123984.371,1.583,5830.836,135462.69,0.021,0.0
604.199,2026-06-26T03:09:01.705299,69636.684,123984.371,1.571,5830.837,135462.69,0.021,0.0
604.249,2026-06-26T03:09:01.755912,69716.082,123984.371,1.562,5830.838,135462.69,0.021,0.0
604.3,2026-06-26T03:09:01.806563,69803.133,123984.371,1.557,5830.839,135462.69,0.021,0.0
604.35,2026-06-26T03:09:01.857199,69899.258,123984.371,1.553,5830.84,135462.69,0.021,0.0
604.401,2026-06-26T03:09:01.907799,69994.84,123984.371,1.596,5830.841,135462.69,0.021,0.0
604.452,2026-06-26T03:09:01.958431,70091.254,123984.371,1.534,5830.842,135462.69,0.021,0.0
604.502,2026-06-26T03:09:02.009050,70187.703,123984.371,1.583,5830.843,135462.69,0.021,0.0
604.553,2026-06-26T03:09:02.059697,70283.891,123984.371,1.571,5830.844,135462.69,0.021,0.0
604.604,2026-06-26T03:09:02.110307,70316.648,123984.371,1.609,5830.845,135462.69,0.021,0.0
604.654,2026-06-26T03:09:02.160914,70188.695,123984.371,1.589,5830.846,135462.69,0.021,0.0
604.705,2026-06-26T03:09:02.211560,69643.453,123184.371,1.575,5830.847,135462.69,0.021,0.0
604.755,2026-06-26T03:09:02.262213,69688.684,123184.371,1.612,5830.848,135462.69,0.021,0.0
604.806,2026-06-26T03:09:02.312818,69733.586,123184.371,1.591,5830.849,135462.69,0.021,0.0
604.857,2026-06-26T03:09:02.363443,69778.688,123184.371,1.577,5830.85,135462.69,0.021,0.0
604.907,2026-06-26T03:09:02.414047,69824.016,123184.371,1.567,5830.851,135512.69,0.021,987.086
604.958,2026-06-26T03:09:02.464693,69908.887,123234.371,1.56,5830.853,135512.69,0.021,0.0
605.009,2026-06-26T03:09:02.515326,69914.719,123184.371,1.555,5830.854,135512.69,0.021,0.0
605.059,2026-06-26T03:09:02.565917,69988.852,123234.371,1.551,5830.855,135562.69,0.021,987.681
605.11,2026-06-26T03:09:02.616547,70005.379,123184.371,1.549,5830.856,135562.69,0.021,0.0
605.16,2026-06-26T03:09:02.667212,70063.105,123984.371,1.591,5830.857,135612.69,0.021,981.542
605.211,2026-06-26T03:09:02.718202,70160.145,123984.371,1.574,5830.858,135612.69,0.021,0.0
605.262,2026-06-26T03:09:02.769190,70257.223,123984.371,1.561,5830.859,135612.69,0.021,0.0
605.313,2026-06-26T03:09:02.820167,70353.324,123984.371,1.598,5830.86,135612.69,0.021,0.0
605.364,2026-06-26T03:09:02.871118,70449.438,123984.371,1.579,5830.861,135612.69,0.021,0.0
605.415,2026-06-26T03:09:02.922110,70545.387,123984.371,1.611,5830.862,135612.69,0.021,0.0
605.466,2026-06-26T03:09:02.973104,70641.363,123984.371,1.587,5830.863,135612.69,0.021,0.0
605.517,2026-06-26T03:09:03.024087,70738.559,123984.371,1.571,5830.864,135612.69,0.021,0.0
605.568,2026-06-26T03:09:03.075056,70835.66,123984.371,1.559,5830.865,135612.69,0.021,0.0
605.619,2026-06-26T03:09:03.126041,70932.957,123984.371,1.551,5830.866,135612.69,0.021,0.0
605.67,2026-06-26T03:09:03.177017,71019.93,123984.371,1.545,5830.867,135612.69,0.021,0.0
605.721,2026-06-26T03:09:03.228030,71104.066,123984.371,1.587,5830.868,135612.69,0.021,0.0
605.772,2026-06-26T03:09:03.278998,71188.191,123984.371,1.571,5830.869,135612.69,0.021,0.0
605.823,2026-06-26T03:09:03.329992,71278.078,123984.371,1.559,5830.87,135612.69,0.021,0.0
605.874,2026-06-26T03:09:03.380973,71375.195,123984.371,1.551,5830.871,135612.69,0.021,0.0
605.925,2026-06-26T03:09:03.431970,71472.125,123984.371,1.591,5830.872,135612.69,0.021,0.0
605.976,2026-06-26T03:09:03.482952,71569.348,123984.371,1.528,5830.873,135612.69,0.021,0.0
606.027,2026-06-26T03:09:03.533935,71602.254,123984.371,1.575,5830.875,135612.69,0.021,0.0
606.078,2026-06-26T03:09:03.584906,71235.301,123984.371,1.562,5830.876,135612.69,0.021,0.0
606.129,2026-06-26T03:09:03.635903,70914.523,123184.371,1.599,5830.877,135612.69,0.021,0.0
606.18,2026-06-26T03:09:03.686891,70959.715,123184.371,1.579,5830.878,135612.69,0.021,0.0
606.231,2026-06-26T03:09:03.737887,71005.031,123184.371,1.611,5830.879,135612.69,0.021,0.0
606.282,2026-06-26T03:09:03.788850,71050.141,123184.371,1.588,5830.88,135612.69,0.021,0.0
606.333,2026-06-26T03:09:03.839841,71103.422,123984.371,1.571,5830.881,135662.69,0.021,980.188
606.384,2026-06-26T03:09:03.890838,71200.727,123984.371,1.559,5830.882,135662.69,0.021,0.0
606.435,2026-06-26T03:09:03.941839,71297.746,123984.371,1.551,5830.883,135662.69,0.021,0.0
606.486,2026-06-26T03:09:03.992804,71395.133,123984.371,1.591,5830.884,135662.69,0.021,0.0
606.537,2026-06-26T03:09:04.043805,71487.012,123984.371,1.62,5830.885,135662.69,0.021,0.0
606.588,2026-06-26T03:09:04.094773,71584.406,123984.371,1.593,5830.886,135662.69,0.021,0.0
606.639,2026-06-26T03:09:04.145802,71681.672,123984.371,1.575,5830.887,135662.69,0.021,0.0
606.69,2026-06-26T03:09:04.196780,71778.977,123984.371,1.562,5830.888,135662.69,0.021,0.0
606.741,2026-06-26T03:09:04.247781,71491.836,123984.371,1.553,5830.889,135662.69,0.021,0.0
606.792,2026-06-26T03:09:04.298780,70790.176,123984.371,1.593,5830.89,135662.69,0.021,0.0
606.843,2026-06-26T03:09:04.349755,70086.402,123984.371,1.575,5830.891,135662.69,0.021,0.0
606.894,2026-06-26T03:09:04.400760,69388.629,123984.371,1.562,5830.892,135662.69,0.021,0.0
606.945,2026-06-26T03:09:04.451745,68602.723,123984.371,1.553,5830.893,135662.69,0.021,0.0
606.996,2026-06-26T03:09:04.502713,67995.0,119888.371,1.547,5830.894,135662.69,0.021,0.0
607.047,2026-06-26T03:09:04.553708,68033.23,119888.371,1.634,5830.895,135662.69,0.021,0.0
607.098,2026-06-26T03:09:04.604667,68071.109,119888.371,1.604,5830.897,135662.69,0.021,0.0
607.149,2026-06-26T03:09:04.655671,68119.355,119888.371,1.582,5830.898,135662.69,0.021,0.0
607.2,2026-06-26T03:09:04.706639,68106.414,119888.371,1.568,5830.899,135662.69,0.021,0.0
607.251,2026-06-26T03:09:04.757575,67843.609,119888.371,1.56,5830.9,135662.69,0.021,0.0
607.301,2026-06-26T03:09:04.808134,67337.609,119088.371,1.555,5830.901,135662.69,0.021,0.0
607.352,2026-06-26T03:09:04.858805,67337.609,119088.371,1.549,5830.902,135662.69,0.021,0.0
607.403,2026-06-26T03:09:04.909769,67337.609,119088.371,1.544,5830.903,135662.69,0.021,0.0
607.454,2026-06-26T03:09:04.960754,67337.609,119088.371,1.541,5830.904,135662.69,0.021,0.0
607.505,2026-06-26T03:09:05.011720,67337.609,119088.371,1.538,5830.905,135712.69,0.021,979.936
607.556,2026-06-26T03:09:05.062739,67381.441,119138.371,1.582,5830.906,135712.69,0.021,0.0
607.607,2026-06-26T03:09:05.113690,67337.609,119088.371,1.568,5830.907,135712.69,0.021,0.0
607.658,2026-06-26T03:09:05.164676,67370.391,119888.371,1.557,5830.908,135762.69,0.021,980.743
607.709,2026-06-26T03:09:05.215656,67420.676,119888.371,1.55,5830.909,135762.69,0.021,0.0
607.76,2026-06-26T03:09:05.266650,67470.129,119888.371,1.59,5830.91,135762.69,0.021,0.0
607.811,2026-06-26T03:09:05.317655,67519.449,119888.371,1.619,5830.911,135762.69,0.021,0.0
607.862,2026-06-26T03:09:05.368651,67569.113,119888.371,1.639,5830.912,135762.69,0.021,0.0
607.913,2026-06-26T03:09:05.419567,67618.586,119888.371,1.564,5830.913,135762.69,0.021,0.0
607.963,2026-06-26T03:09:05.470114,67686.953,121488.371,1.558,5830.914,135762.69,0.021,0.0
608.084,2026-06-26T03:09:05.591186,67852.539,121488.371,1.711,5831.265,135762.69,2.902,0.0
608.135,2026-06-26T03:09:05.641603,67922.641,121488.371,1.615,5831.266,135762.69,0.021,0.0
608.185,2026-06-26T03:09:05.692221,67992.707,121488.371,1.593,5831.267,135762.69,0.021,0.0
608.236,2026-06-26T03:09:05.742916,68061.621,121488.371,1.576,5831.268,135762.69,0.021,0.0
608.287,2026-06-26T03:09:05.793717,68130.297,121488.371,1.611,5831.269,135762.69,0.021,0.0
608.338,2026-06-26T03:09:05.844508,68199.344,121488.371,1.542,5831.27,135762.69,0.021,0.0
608.389,2026-06-26T03:09:05.895504,68268.637,121488.371,1.585,5831.271,135762.69,0.021,0.0
608.44,2026-06-26T03:09:05.946492,68282.188,121438.371,1.615,5831.272,135762.69,0.021,0.0
608.491,2026-06-26T03:09:05.997525,68343.141,121488.371,1.544,5831.273,135762.69,0.021,0.0
608.542,2026-06-26T03:09:06.048493,67736.082,121488.371,1.587,5831.275,135762.69,0.021,0.0
608.593,2026-06-26T03:09:06.099499,67589.055,120688.371,1.57,5831.276,135762.69,0.021,0.0
608.644,2026-06-26T03:09:06.150483,67606.902,120688.371,1.605,5831.277,135762.69,0.021,0.0
608.695,2026-06-26T03:09:06.201487,67625.766,120688.371,1.583,5831.278,135762.69,0.021,0.0
608.746,2026-06-26T03:09:06.252471,67644.707,120688.371,1.614,5831.279,135762.69,0.021,0.0
608.797,2026-06-26T03:09:06.303491,67687.34,120738.371,1.543,5831.28,135812.69,0.021,981.078
608.848,2026-06-26T03:09:06.354449,67682.707,120688.371,1.586,5831.281,135812.69,0.021,0.0
608.899,2026-06-26T03:09:06.405475,67712.664,121488.371,1.57,5831.282,135862.69,0.021,980.825
608.95,2026-06-26T03:09:06.456458,67780.891,121488.371,1.559,5831.283,135862.69,0.021,0.0
609.001,2026-06-26T03:09:06.507463,67847.707,121488.371,1.596,5831.284,135862.69,0.021,0.0
609.052,2026-06-26T03:09:06.558424,67906.121,121488.371,1.532,5831.285,135862.69,0.021,0.0
609.103,2026-06-26T03:09:06.609406,67965.547,121488.371,1.623,5831.286,135862.69,0.021,0.0
609.154,2026-06-26T03:09:06.660403,68025.109,121488.371,1.596,5831.287,135862.69,0.021,0.0
609.205,2026-06-26T03:09:06.711429,68083.395,121488.371,1.577,5831.288,135862.69,0.021,0.0
609.256,2026-06-26T03:09:06.762454,68141.559,121488.371,1.563,5831.289,135862.69,0.021,0.0
609.307,2026-06-26T03:09:06.813513,68199.969,121488.371,1.645,5831.29,135862.69,0.021,0.0
609.358,2026-06-26T03:09:06.864530,68258.195,121488.371,1.611,5831.291,135862.69,0.021,0.0
609.409,2026-06-26T03:09:06.915605,68316.445,121488.371,1.586,5831.292,135862.69,0.021,0.0
609.46,2026-06-26T03:09:06.966619,68374.426,121488.371,1.57,5831.293,135862.69,0.021,0.0
609.511,2026-06-26T03:09:07.017683,68431.941,121488.371,1.558,5831.294,135862.69,0.021,0.0
609.562,2026-06-26T03:09:07.068702,68489.203,121488.371,1.596,5831.296,135862.69,0.021,0.0
609.613,2026-06-26T03:09:07.119753,68546.25,121488.371,1.576,5831.297,135862.69,0.021,0.0
609.664,2026-06-26T03:09:07.170802,68603.133,121488.371,1.562,5831.298,135862.69,0.021,0.0
609.715,2026-06-26T03:09:07.221840,68660.039,121488.371,1.599,5831.299,135862.69,0.021,0.0
609.766,2026-06-26T03:09:07.272853,68716.988,121488.371,1.578,5831.3,135862.69,0.021,0.0
609.817,2026-06-26T03:09:07.323904,68773.855,121488.371,1.564,5831.301,135862.69,0.021,0.0
609.868,2026-06-26T03:09:07.374927,68830.824,121488.371,1.554,5831.302,135862.69,0.021,0.0
609.919,2026-06-26T03:09:07.425974,68831.938,121438.371,1.547,5831.303,135862.69,0.021,0.0
609.97,2026-06-26T03:09:07.476985,68894.949,121488.371,1.588,5831.304,135862.69,0.021,0.0
610.021,2026-06-26T03:09:07.528027,68261.816,121488.371,1.525,5831.305,135862.69,0.021,0.0
610.072,2026-06-26T03:09:07.579058,68138.77,120688.371,1.619,5831.306,135862.69,0.021,0.0
610.123,2026-06-26T03:09:07.630083,68157.758,120688.371,1.593,5831.307,135862.69,0.021,0.0
610.174,2026-06-26T03:09:07.681097,68176.75,120688.371,1.574,5831.308,135862.69,0.021,0.0
610.225,2026-06-26T03:09:07.732132,68195.746,120688.371,1.561,5831.309,135862.69,0.021,0.0
610.276,2026-06-26T03:09:07.783200,68239.473,121488.371,1.552,5831.31,135912.69,0.021,978.944
610.327,2026-06-26T03:09:07.834213,68308.562,121488.371,1.592,5831.311,135912.69,0.021,0.0
610.378,2026-06-26T03:09:07.885211,68378.43,121488.371,1.574,5831.312,135912.69,0.021,0.0
610.429,2026-06-26T03:09:07.936210,68448.25,121488.371,1.561,5831.313,135912.69,0.021,0.0
610.48,2026-06-26T03:09:07.987210,68517.922,121488.371,1.644,5831.314,135912.69,0.021,0.0
610.531,2026-06-26T03:09:08.038204,68587.473,121488.371,1.611,5831.315,135912.69,0.021,0.0
610.582,2026-06-26T03:09:08.089232,68657.281,121488.371,1.541,5831.316,135912.69,0.021,0.0
610.633,2026-06-26T03:09:08.140210,68727.727,121488.371,1.585,5831.318,135912.69,0.021,0.0
610.684,2026-06-26T03:09:08.191207,68798.254,121488.371,1.569,5831.319,135912.69,0.021,0.0
610.735,2026-06-26T03:09:08.242204,68868.57,121488.371,1.604,5831.32,135912.69,0.021,0.0
610.786,2026-06-26T03:09:08.293210,68938.973,121488.371,1.536,5831.321,135912.69,0.021,0.0
610.837,2026-06-26T03:09:08.344224,69009.672,121488.371,1.581,5831.322,135912.69,0.021,0.0
610.888,2026-06-26T03:09:08.395213,69079.133,121488.371,1.566,5831.323,135912.69,0.021,0.0
610.939,2026-06-26T03:09:08.446210,69148.391,121488.371,1.602,5831.324,135912.69,0.021,0.0
610.99,2026-06-26T03:09:08.497214,69217.473,121488.371,1.535,5831.325,135912.69,0.021,0.0
611.041,2026-06-26T03:09:08.548218,69275.66,121488.371,1.58,5831.326,135912.69,0.021,0.0
611.092,2026-06-26T03:09:08.599235,69274.199,121488.371,1.611,5831.327,135912.69,0.021,0.0
611.143,2026-06-26T03:09:08.650232,69244.723,121488.371,1.588,5831.328,135912.69,0.021,0.0
611.194,2026-06-26T03:09:08.701226,68555.535,120688.371,1.571,5831.329,135912.69,0.021,0.0
611.245,2026-06-26T03:09:08.752229,68574.48,120688.371,1.559,5831.33,135912.69,0.021,0.0
611.296,2026-06-26T03:09:08.803235,68593.367,120688.371,1.551,5831.331,135912.69,0.021,0.0
611.347,2026-06-26T03:09:08.854239,68612.309,120688.371,1.545,5831.332,135912.69,0.021,0.0
611.398,2026-06-26T03:09:08.905234,68631.262,120688.371,1.542,5831.333,135962.69,0.021,980.844
611.449,2026-06-26T03:09:08.956227,68685.812,121488.371,1.584,5831.334,135962.69,0.021,0.0
611.5,2026-06-26T03:09:09.007236,68754.523,121488.371,1.569,5831.335,135962.69,0.021,0.0
611.551,2026-06-26T03:09:09.058239,68823.137,121488.371,1.604,5831.336,135962.69,0.021,0.0
611.602,2026-06-26T03:09:09.109235,68892.117,121488.371,1.536,5831.337,135962.69,0.021,0.0
611.653,2026-06-26T03:09:09.160233,68961.57,121488.371,1.535,5831.338,135962.69,0.021,0.0
611.704,2026-06-26T03:09:09.211224,69030.676,121488.371,1.58,5831.34,135962.69,0.021,0.0
611.755,2026-06-26T03:09:09.262252,69099.832,121488.371,1.565,5831.341,135962.69,0.021,0.0
611.806,2026-06-26T03:09:09.313264,69169.238,121488.371,1.601,5831.342,135962.69,0.021,0.0
611.857,2026-06-26T03:09:09.364270,69239.297,121488.371,1.534,5831.343,135962.69,0.021,0.0
611.908,2026-06-26T03:09:09.415272,69308.855,121488.371,1.58,5831.344,135962.69,0.021,0.0
611.959,2026-06-26T03:09:09.466268,69378.395,121488.371,1.611,5831.345,135962.69,0.021,0.0
612.011,2026-06-26T03:09:09.517289,69447.883,121488.371,1.633,5831.346,135962.69,0.021,0.0
612.062,2026-06-26T03:09:09.568282,69517.234,121488.371,1.603,5831.347,135962.69,0.021,0.0
612.113,2026-06-26T03:09:09.619280,69586.504,121488.371,1.581,5831.348,135962.69,0.021,0.0
612.164,2026-06-26T03:09:09.670277,69655.789,121488.371,1.613,5831.349,135962.69,0.021,0.0
612.215,2026-06-26T03:09:09.721284,69725.16,121488.371,1.588,5831.35,135962.69,0.021,0.0
612.266,2026-06-26T03:09:09.772297,69043.688,121438.371,1.434,5831.351,135962.69,0.021,0.0
612.317,2026-06-26T03:09:09.823278,68199.688,121438.371,1.233,5831.352,135962.69,0.021,0.0
612.368,2026-06-26T03:09:09.874274,67333.688,121438.371,1.093,5831.353,135962.69,0.021,0.0
612.419,2026-06-26T03:09:09.925276,66471.688,121438.371,0.995,5831.354,135962.69,0.021,0.0
612.469,2026-06-26T03:09:09.976270,65609.688,121438.371,0.926,5831.355,135962.69,0.021,0.0
612.521,2026-06-26T03:09:10.027276,65638.852,117392.371,1.154,5831.356,135962.69,0.021,0.0
612.571,2026-06-26T03:09:10.078269,64951.688,117392.371,1.268,5831.357,135962.69,0.021,0.0
612.622,2026-06-26T03:09:10.129260,64841.688,116592.371,1.346,5831.358,135962.69,0.02,0.0
612.674,2026-06-26T03:09:10.180280,64841.688,116592.371,1.402,5831.359,135962.69,0.02,0.0
612.725,2026-06-26T03:09:10.231283,64841.688,116592.371,1.441,5831.36,135962.69,0.02,0.0
612.776,2026-06-26T03:09:10.282290,64841.688,116592.371,1.468,5831.362,135962.69,0.02,0.0
612.827,2026-06-26T03:09:10.333285,64862.199,116642.371,1.533,5831.363,136012.69,0.021,980.674
612.878,2026-06-26T03:09:10.384281,64841.688,116592.371,1.533,5831.364,136012.69,0.02,0.0
612.929,2026-06-26T03:09:10.435360,64849.5,117392.371,1.532,5831.365,136062.69,0.02,979.456
612.98,2026-06-26T03:09:10.486374,64898.742,117392.371,1.532,5831.366,136062.69,0.02,0.0
613.101,2026-06-26T03:09:10.607711,65014.273,117392.371,1.692,5831.715,136062.69,2.893,0.0
613.151,2026-06-26T03:09:10.658123,65064.562,117392.371,1.648,5831.716,136062.69,0.021,0.0
613.202,2026-06-26T03:09:10.708750,65115.012,117392.371,1.616,5831.717,136062.69,0.021,0.0
613.253,2026-06-26T03:09:10.759407,65165.023,117392.371,1.593,5831.719,136062.69,0.021,0.0
613.303,2026-06-26T03:09:10.810199,65214.328,117392.371,1.577,5831.72,136062.69,0.021,0.0
613.354,2026-06-26T03:09:10.861074,65264.594,117392.371,1.563,5831.721,136062.69,0.02,0.0
613.405,2026-06-26T03:09:10.912099,65315.246,117392.371,1.416,5831.722,136062.69,0.021,0.0
613.456,2026-06-26T03:09:10.963120,65366.172,117392.371,1.267,5831.723,136062.69,0.021,0.0
613.507,2026-06-26T03:09:11.014185,65416.965,117392.371,1.116,5831.724,136062.69,0.021,0.0
613.558,2026-06-26T03:09:11.065226,65467.918,117392.371,0.965,5831.725,136062.69,0.021,0.0
613.609,2026-06-26T03:09:11.116233,65518.648,117392.371,0.997,5831.726,136062.69,0.021,0.0
613.66,2026-06-26T03:09:11.167214,65569.344,117392.371,0.882,5831.727,136062.69,0.021,0.0
613.711,2026-06-26T03:09:11.218205,65620.137,117392.371,0.893,5831.728,136062.69,0.021,0.0
613.762,2026-06-26T03:09:11.269210,65607.461,117392.371,0.855,5831.729,136062.69,0.021,0.0
613.813,2026-06-26T03:09:11.320215,65411.699,117392.371,0.828,5831.73,136062.69,0.021,0.0
613.864,2026-06-26T03:09:11.371215,64841.699,116592.371,0.809,5831.731,136062.69,0.02,0.0
613.915,2026-06-26T03:09:11.422209,64841.699,116592.371,0.797,5831.732,136062.69,0.02,0.0
613.966,2026-06-26T03:09:11.473214,64841.699,116592.371,0.833,5831.733,136062.69,0.02,0.0
614.017,2026-06-26T03:09:11.524220,64841.699,116592.371,0.813,5831.734,136062.69,0.02,0.0
614.068,2026-06-26T03:09:11.575232,64841.699,116592.371,0.799,5831.735,136112.69,0.02,980.514
614.119,2026-06-26T03:09:11.626227,64888.367,117392.371,0.789,5831.736,136112.69,0.02,0.0
614.17,2026-06-26T03:09:11.677225,64939.477,117392.371,0.782,5831.737,136112.69,0.021,0.0
614.221,2026-06-26T03:09:11.728217,64990.832,117392.371,0.823,5831.738,136112.69,0.02,0.0
614.272,2026-06-26T03:09:11.779239,65042.207,117392.371,0.806,5831.739,136112.69,0.02,0.0
614.323,2026-06-26T03:09:11.830233,65093.516,117392.371,0.794,5831.74,136112.69,0.02,0.0
614.374,2026-06-26T03:09:11.881228,65144.934,117392.371,0.785,5831.742,136112.69,0.02,0.0
614.425,2026-06-26T03:09:11.932225,65196.344,117392.371,0.78,5831.743,136112.69,0.021,0.0
614.476,2026-06-26T03:09:11.983216,65247.402,117392.371,0.867,5831.744,136112.69,0.02,0.0
614.527,2026-06-26T03:09:12.034235,65298.285,117392.371,0.791,5831.745,136112.69,0.021,0.0
614.578,2026-06-26T03:09:12.085227,65349.309,117392.371,0.784,5831.746,136112.69,0.021,0.0
614.629,2026-06-26T03:09:12.136226,65400.426,117392.371,0.778,5831.747,136112.69,0.021,0.0
614.68,2026-06-26T03:09:12.187222,65451.262,117392.371,0.775,5831.748,136112.69,0.021,0.0
614.731,2026-06-26T03:09:12.238229,65501.855,117392.371,0.818,5831.749,136112.69,0.021,0.0
614.782,2026-06-26T03:09:12.289246,65552.637,117392.371,0.802,5831.75,136112.69,0.021,0.0
614.833,2026-06-26T03:09:12.340233,65603.398,117392.371,0.791,5831.751,136112.69,0.021,0.0
614.884,2026-06-26T03:09:12.391228,65591.699,117342.371,0.784,5831.752,136112.69,0.021,0.0
614.935,2026-06-26T03:09:12.442234,65640.602,117392.371,0.779,5831.753,136112.69,0.021,0.0
614.986,2026-06-26T03:09:12.493235,64919.699,117392.371,0.775,5831.754,136112.69,0.02,0.0
615.037,2026-06-26T03:09:12.544244,64841.699,116592.371,0.772,5831.755,136112.69,0.02,0.0
615.088,2026-06-26T03:09:12.595231,64841.699,116592.371,0.77,5831.756,136112.69,0.021,0.0
615.139,2026-06-26T03:09:12.646221,64841.699,116592.371,0.769,5831.757,136112.69,0.02,0.0
615.19,2026-06-26T03:09:12.697227,64841.699,116592.371,0.768,5831.758,136112.69,0.02,0.0
615.241,2026-06-26T03:09:12.748235,64869.344,116642.371,0.767,5831.759,136162.69,0.02,980.427
615.292,2026-06-26T03:09:12.799237,64841.699,116592.371,0.767,5831.76,136162.69,0.02,0.0
615.343,2026-06-26T03:09:12.850231,64857.699,116642.371,0.859,5831.761,136212.69,0.021,980.67
615.394,2026-06-26T03:09:12.901226,64841.699,116592.371,0.785,5831.762,136212.69,0.02,0.0
615.445,2026-06-26T03:09:12.952249,64844.824,117392.371,0.825,5831.764,136262.69,0.02,980.376
615.496,2026-06-26T03:09:13.003243,64895.84,117392.371,0.853,5831.765,136262.69,0.02,0.0
615.547,2026-06-26T03:09:13.054243,64946.703,117392.371,0.827,5831.766,136262.69,0.02,0.0
615.598,2026-06-26T03:09:13.105239,64997.785,117392.371,0.809,5831.767,136262.69,0.021,0.0
615.649,2026-06-26T03:09:13.156186,65048.555,117392.371,0.797,5831.768,136262.69,0.021,0.0
615.7,2026-06-26T03:09:13.206775,65098.711,117392.371,0.79,5831.769,136262.69,0.021,0.0
615.751,2026-06-26T03:09:13.257410,65149.766,117392.371,0.829,5831.77,136262.69,0.021,0.0
615.802,2026-06-26T03:09:13.308449,65200.992,117392.371,0.764,5831.771,136262.69,0.02,0.0
615.853,2026-06-26T03:09:13.359470,65252.059,117392.371,0.81,5831.772,136262.69,0.02,0.0
615.904,2026-06-26T03:09:13.410535,65303.145,117392.371,0.797,5831.773,136262.69,0.021,0.0
615.955,2026-06-26T03:09:13.461579,65354.199,117392.371,0.787,5831.774,136262.69,0.021,0.0
616.006,2026-06-26T03:09:13.512616,65405.023,117392.371,0.781,5831.775,136262.69,0.021,0.0
616.057,2026-06-26T03:09:13.563640,65455.758,117392.371,0.73,5831.776,136262.69,0.021,0.0
616.108,2026-06-26T03:09:13.614700,65506.254,117392.371,0.787,5831.777,136262.69,0.021,0.0
616.159,2026-06-26T03:09:13.665726,65556.797,117392.371,0.78,5831.778,136262.69,0.021,0.0
616.21,2026-06-26T03:09:13.716775,65607.832,117392.371,0.776,5831.779,136262.69,0.021,0.0
616.261,2026-06-26T03:09:13.767789,65596.023,117392.371,0.819,5831.78,136262.69,0.021,0.0
616.312,2026-06-26T03:09:13.818833,65581.699,117392.371,0.757,5831.781,136262.69,0.021,0.0
616.363,2026-06-26T03:09:13.869864,64841.699,116592.371,0.759,5831.782,136262.69,0.02,0.0
616.414,2026-06-26T03:09:13.920914,64841.699,116592.371,0.807,5831.783,136262.69,0.02,0.0
616.465,2026-06-26T03:09:13.971948,64841.699,116592.371,0.795,5831.784,136262.69,0.02,0.0
616.516,2026-06-26T03:09:14.022997,64841.699,116592.371,0.786,5831.785,136262.69,0.02,0.0
616.567,2026-06-26T03:09:14.074012,64841.699,116592.371,0.78,5831.787,136312.69,0.02,979.204
616.618,2026-06-26T03:09:14.125066,64878.117,117392.371,0.821,5831.788,136312.69,0.02,0.0
616.669,2026-06-26T03:09:14.176093,64929.199,117392.371,0.804,5831.789,136312.69,0.02,0.0
616.72,2026-06-26T03:09:14.227171,64980.215,117392.371,0.793,5831.79,136312.69,0.02,0.0
616.771,2026-06-26T03:09:14.278210,65031.27,117392.371,0.831,5831.791,136312.69,0.02,0.0
616.822,2026-06-26T03:09:14.329208,65082.348,117392.371,0.765,5831.792,136312.69,0.02,0.0
616.873,2026-06-26T03:09:14.380194,65133.281,117392.371,0.813,5831.793,136312.69,0.021,0.0
616.924,2026-06-26T03:09:14.430757,65184.141,117392.371,0.801,5831.794,136312.69,0.021,0.0
616.975,2026-06-26T03:09:14.481397,65235.215,117392.371,0.838,5831.795,136312.69,0.021,0.0
617.025,2026-06-26T03:09:14.532008,65286.359,117392.371,0.818,5831.796,136312.69,0.021,0.0
617.076,2026-06-26T03:09:14.582637,65337.266,117392.371,0.804,5831.797,136312.69,0.021,0.0
617.126,2026-06-26T03:09:14.633268,65387.707,117392.371,0.748,5831.798,136312.69,0.021,0.0
617.177,2026-06-26T03:09:14.683858,65437.734,117392.371,0.801,5831.799,136312.69,0.021,0.0
617.228,2026-06-26T03:09:14.734493,65488.199,117392.371,0.793,5831.8,136312.69,0.021,0.0
617.278,2026-06-26T03:09:14.785106,65538.605,117392.371,0.786,5831.801,136312.69,0.021,0.0
617.329,2026-06-26T03:09:14.835744,65589.047,117392.371,0.782,5831.802,136312.69,0.021,0.0
617.38,2026-06-26T03:09:14.886397,65640.391,117392.371,0.779,5831.803,136312.69,0.021,0.0
617.43,2026-06-26T03:09:14.936999,65626.699,117392.371,0.776,5831.804,136312.69,0.021,0.0
617.481,2026-06-26T03:09:14.987650,65125.699,117392.371,0.775,5831.805,136312.69,0.021,0.0
617.531,2026-06-26T03:09:15.038257,64841.699,116592.371,0.821,5831.806,136312.69,0.021,0.0
617.582,2026-06-26T03:09:15.088873,64841.699,116592.371,0.806,5831.807,136312.69,0.021,0.0
617.633,2026-06-26T03:09:15.139536,64841.699,116592.371,0.796,5831.809,136312.69,0.021,0.0
617.683,2026-06-26T03:09:15.190121,64841.699,116592.371,0.788,5831.81,136312.69,0.021,0.0
617.734,2026-06-26T03:09:15.240752,64855.523,116642.371,0.783,5831.811,136362.69,0.021,987.42
617.785,2026-06-26T03:09:15.291371,64841.699,116592.371,0.78,5831.812,136362.69,0.021,0.0
617.835,2026-06-26T03:09:15.341988,64843.141,117392.371,0.777,5831.813,136412.69,0.021,986.895
617.886,2026-06-26T03:09:15.392646,64893.066,117392.371,0.822,5831.814,136412.69,0.021,0.0
617.936,2026-06-26T03:09:15.443248,64943.676,117392.371,0.761,5831.815,136412.69,0.021,0.0
617.987,2026-06-26T03:09:15.493851,64994.023,117392.371,0.81,5831.816,136412.69,0.021,0.0
618.077,2026-06-26T03:09:15.583667,65083.48,117392.371,0.907,5832.165,136412.69,3.903,0.0
618.127,2026-06-26T03:09:15.634095,65134.32,117392.371,0.82,5832.167,136412.69,0.021,0.0
618.178,2026-06-26T03:09:15.684743,65185.234,117392.371,0.852,5832.168,136412.69,0.021,0.0
618.229,2026-06-26T03:09:15.735373,65235.973,117392.371,0.828,5832.169,136412.69,0.021,0.0
618.279,2026-06-26T03:09:15.785979,65286.805,117392.371,0.811,5832.17,136412.69,0.021,0.0
618.33,2026-06-26T03:09:15.836614,65337.52,117392.371,0.799,5832.171,136412.69,0.021,0.0
618.38,2026-06-26T03:09:15.887249,65387.73,117392.371,0.744,5832.172,136412.69,0.021,0.0
618.431,2026-06-26T03:09:15.937859,65438.117,117392.371,0.799,5832.173,136412.69,0.021,0.0
618.482,2026-06-26T03:09:15.988501,65488.465,117392.371,0.791,5832.174,136412.69,0.021,0.0
618.532,2026-06-26T03:09:16.039111,65538.746,117392.371,0.832,5832.175,136412.69,0.021,0.0
618.583,2026-06-26T03:09:16.089749,65590.152,117392.371,0.813,5832.176,136412.69,0.021,0.0
618.634,2026-06-26T03:09:16.140397,65637.715,117392.371,0.801,5832.177,136412.69,0.021,0.0
618.684,2026-06-26T03:09:16.191002,65628.219,117392.371,0.792,5832.178,136412.69,0.021,0.0
618.735,2026-06-26T03:09:16.241647,65111.715,117392.371,0.832,5832.179,136412.69,0.021,0.0
618.785,2026-06-26T03:09:16.292255,64841.715,116592.371,0.814,5832.18,136412.69,0.021,0.0
618.836,2026-06-26T03:09:16.342863,64841.715,116592.371,0.801,5832.181,136412.69,0.021,0.0
618.887,2026-06-26T03:09:16.393531,64841.715,116592.371,0.792,5832.182,136412.69,0.021,0.0
618.937,2026-06-26T03:09:16.444134,64841.715,116592.371,0.786,5832.183,136412.69,0.021,0.0
618.988,2026-06-26T03:09:16.494773,64851.832,117392.371,0.736,5832.184,136462.69,0.021,987.392
619.039,2026-06-26T03:09:16.545396,64902.758,117392.371,0.746,5832.185,136462.69,0.021,0.0
619.089,2026-06-26T03:09:16.596008,64953.414,117392.371,0.8,5832.186,136462.69,0.021,0.0
619.14,2026-06-26T03:09:16.646674,65003.668,117392.371,0.745,5832.187,136462.69,0.021,0.0
619.19,2026-06-26T03:09:16.697272,65052.938,117392.371,0.753,5832.188,136462.69,0.021,0.0
619.241,2026-06-26T03:09:16.747881,65102.895,117392.371,0.759,5832.19,136462.69,0.021,0.0
619.292,2026-06-26T03:09:16.798516,65153.051,117392.371,0.809,5832.191,136462.69,0.021,0.0
619.342,2026-06-26T03:09:16.849128,65203.051,117392.371,0.798,5832.192,136462.69,0.021,0.0
619.393,2026-06-26T03:09:16.899787,65253.34,117392.371,0.79,5832.193,136462.69,0.021,0.0
619.444,2026-06-26T03:09:16.950400,65303.742,117392.371,0.784,5832.194,136462.69,0.021,0.0
619.494,2026-06-26T03:09:17.001007,65354.062,117392.371,0.78,5832.195,136462.69,0.021,0.0
619.545,2026-06-26T03:09:17.051650,65404.223,117392.371,0.778,5832.196,136462.69,0.021,0.0
619.595,2026-06-26T03:09:17.102270,65454.266,117392.371,0.776,5832.197,136462.69,0.021,0.0
619.646,2026-06-26T03:09:17.152899,65504.723,117392.371,0.821,5832.198,136462.69,0.021,0.0
619.697,2026-06-26T03:09:17.203521,65556.285,117392.371,0.76,5832.199,136462.69,0.021,0.0
619.747,2026-06-26T03:09:17.254125,65607.809,117392.371,0.763,5832.2,136462.69,0.021,0.0
619.798,2026-06-26T03:09:17.304759,65595.504,117392.371,0.766,5832.201,136462.69,0.021,0.0
619.849,2026-06-26T03:09:17.355390,65589.715,117392.371,0.814,5832.202,136462.69,0.021,0.0
619.899,2026-06-26T03:09:17.406016,64841.715,116592.371,0.847,5832.203,136462.69,0.021,0.0
619.95,2026-06-26T03:09:17.456648,64841.715,116592.371,0.825,5832.204,136462.69,0.021,0.0
620.0,2026-06-26T03:09:17.507253,64841.715,116592.371,0.809,5832.205,136462.69,0.021,0.0
620.051,2026-06-26T03:09:17.557870,64841.715,116592.371,0.798,5832.206,136462.69,0.021,0.0
620.102,2026-06-26T03:09:17.608512,64841.715,116592.371,0.79,5832.207,136462.69,0.021,0.0
620.152,2026-06-26T03:09:17.659173,64872.41,116642.371,0.784,5832.208,136512.69,0.021,987.415
620.203,2026-06-26T03:09:17.709758,64841.715,116592.371,0.781,5832.209,136512.69,0.021,0.0
620.254,2026-06-26T03:09:17.760378,64859.578,117392.371,0.732,5832.21,136562.69,0.021,987.439
620.304,2026-06-26T03:09:17.810997,64908.609,117392.371,0.836,5832.212,136562.69,0.021,0.0
620.355,2026-06-26T03:09:17.861643,64957.848,117392.371,0.817,5832.213,136562.69,0.021,0.0
620.405,2026-06-26T03:09:17.912263,65009.41,117392.371,0.803,5832.214,136562.69,0.021,0.0
620.456,2026-06-26T03:09:17.962868,65061.02,117392.371,0.794,5832.215,136562.69,0.021,0.0
620.507,2026-06-26T03:09:18.013505,65112.66,117392.371,0.787,5832.216,136562.69,0.021,0.0
620.557,2026-06-26T03:09:18.064123,65164.25,117392.371,0.783,5832.217,136562.69,0.021,0.0
620.608,2026-06-26T03:09:18.114764,65215.961,117392.371,0.779,5832.218,136562.69,0.021,0.0
620.659,2026-06-26T03:09:18.165390,65267.73,117392.371,0.777,5832.219,136562.69,0.021,0.0
620.709,2026-06-26T03:09:18.215988,65319.293,117392.371,0.822,5832.22,136562.69,0.021,0.0
620.76,2026-06-26T03:09:18.266619,65370.91,117392.371,0.807,5832.221,136562.69,0.021,0.0
620.81,2026-06-26T03:09:18.317235,65422.746,117392.371,0.75,5832.222,136562.69,0.021,0.0
620.861,2026-06-26T03:09:18.367860,65474.527,117392.371,0.803,5832.223,136562.69,0.021,0.0
620.912,2026-06-26T03:09:18.418497,65526.09,117392.371,0.747,5832.224,136562.69,0.021,0.0
620.962,2026-06-26T03:09:18.469106,65577.777,117392.371,0.801,5832.225,136562.69,0.021,0.0
621.013,2026-06-26T03:09:18.519739,65629.469,117392.371,0.792,5832.226,136562.69,0.021,0.0
621.064,2026-06-26T03:09:18.570362,65616.297,117392.371,0.786,5832.227,136562.69,0.021,0.0
621.114,2026-06-26T03:09:18.620979,65233.715,117392.371,0.779,5832.228,136562.69,0.02,0.0
621.165,2026-06-26T03:09:18.672092,64841.715,116592.371,0.777,5832.229,136562.69,0.021,0.0
621.216,2026-06-26T03:09:18.722700,64841.715,116592.371,0.776,5832.23,136562.69,0.021,0.0
621.267,2026-06-26T03:09:18.773331,64841.715,116592.371,0.774,5832.231,136562.69,0.021,0.0
621.317,2026-06-26T03:09:18.823962,64841.715,116592.371,0.773,5832.232,136562.69,0.021,0.0
621.368,2026-06-26T03:09:18.874601,64855.777,117392.371,0.866,5832.233,136612.69,0.021,987.997
621.418,2026-06-26T03:09:18.925214,64907.34,117392.371,0.791,5832.235,136612.69,0.021,0.0
621.469,2026-06-26T03:09:18.975821,64959.227,117392.371,0.832,5832.236,136612.69,0.021,0.0
621.52,2026-06-26T03:09:19.026458,65010.973,117392.371,0.813,5832.237,136612.69,0.021,0.0
621.57,2026-06-26T03:09:19.077095,65062.836,117392.371,0.755,5832.238,136612.69,0.021,0.0
621.621,2026-06-26T03:09:19.127726,65114.719,117392.371,0.76,5832.239,136612.69,0.021,0.0
621.672,2026-06-26T03:09:19.178348,65166.422,117392.371,0.81,5832.24,136612.69,0.021,0.0
621.722,2026-06-26T03:09:19.228954,65218.277,117392.371,0.798,5832.241,136612.69,0.021,0.0
621.773,2026-06-26T03:09:19.279596,65270.094,117392.371,0.79,5832.242,136612.69,0.021,0.0
621.823,2026-06-26T03:09:19.330229,65321.828,117392.371,0.785,5832.243,136612.69,0.021,0.0
621.874,2026-06-26T03:09:19.380815,65373.473,117392.371,0.781,5832.244,136612.69,0.021,0.0
621.925,2026-06-26T03:09:19.431396,65425.281,117392.371,0.778,5832.245,136612.69,0.021,0.0
621.975,2026-06-26T03:09:19.482005,65475.688,117392.371,0.73,5832.246,136612.69,0.021,0.0
622.026,2026-06-26T03:09:19.532646,65526.023,117392.371,0.789,5832.247,136612.69,0.021,0.0
622.077,2026-06-26T03:09:19.583297,65576.398,117392.371,0.784,5832.248,136612.69,0.021,0.0
622.127,2026-06-26T03:09:19.633898,65627.906,117392.371,0.78,5832.249,136612.69,0.021,0.0
622.178,2026-06-26T03:09:19.684547,65614.914,117392.371,0.778,5832.25,136612.69,0.021,0.0
622.228,2026-06-26T03:09:19.735174,65261.715,117392.371,0.776,5832.251,136612.69,0.021,0.0
622.279,2026-06-26T03:09:19.785788,64841.715,116592.371,0.774,5832.252,136612.69,0.021,0.0
622.33,2026-06-26T03:09:19.836438,64841.715,116592.371,0.774,5832.253,136612.69,0.021,0.0
622.38,2026-06-26T03:09:19.887035,64841.715,116592.371,0.773,5832.254,136612.69,0.021,0.0
622.431,2026-06-26T03:09:19.937673,64841.715,116592.371,0.819,5832.255,136612.69,0.021,0.0
622.482,2026-06-26T03:09:19.988300,64847.203,117392.371,0.851,5832.256,136662.69,0.021,987.699
622.532,2026-06-26T03:09:20.038919,64896.867,117392.371,0.781,5832.258,136662.69,0.021,0.0
622.583,2026-06-26T03:09:20.089575,64946.539,117392.371,0.778,5832.259,136662.69,0.021,0.0
622.633,2026-06-26T03:09:20.140200,64996.402,117392.371,0.776,5832.26,136662.69,0.021,0.0
622.684,2026-06-26T03:09:20.190817,65046.91,117392.371,0.775,5832.261,136662.69,0.021,0.0
622.735,2026-06-26T03:09:20.241441,65097.324,117392.371,0.82,5832.262,136662.69,0.021,0.0
622.785,2026-06-26T03:09:20.292056,65147.965,117392.371,0.806,5832.263,136662.69,0.021,0.0
622.836,2026-06-26T03:09:20.342736,65198.113,117392.371,0.749,5832.264,136662.69,0.021,0.0
622.887,2026-06-26T03:09:20.393333,65248.473,117392.371,0.756,5832.265,136662.69,0.021,0.0
622.937,2026-06-26T03:09:20.443908,65298.508,117392.371,0.807,5832.266,136662.69,0.021,0.0
622.988,2026-06-26T03:09:20.494492,65348.891,117392.371,0.843,5832.267,136662.69,0.021,0.0
623.078,2026-06-26T03:09:20.584761,65437.094,117392.371,0.902,5832.617,136662.69,3.881,0.0
623.128,2026-06-26T03:09:20.635194,65487.578,117392.371,0.863,5832.618,136662.69,0.021,0.0
623.179,2026-06-26T03:09:20.685815,65538.086,117392.371,0.836,5832.619,136662.69,0.021,0.0
623.23,2026-06-26T03:09:20.736458,65588.742,117392.371,0.816,5832.62,136662.69,0.021,0.0
623.28,2026-06-26T03:09:20.787067,65639.215,117392.371,0.803,5832.621,136662.69,0.021,0.0
623.331,2026-06-26T03:09:20.837731,65625.59,117392.371,0.794,5832.622,136662.69,0.021,0.0
623.382,2026-06-26T03:09:20.888356,65103.758,117392.371,0.833,5832.623,136662.69,0.021,0.0
623.432,2026-06-26T03:09:20.938972,64841.758,116592.371,0.815,5832.624,136662.69,0.021,0.0
623.483,2026-06-26T03:09:20.989618,64841.758,116592.371,0.802,5832.625,136662.69,0.021,0.0
623.533,2026-06-26T03:09:21.040222,64841.758,116592.371,0.793,5832.626,136662.69,0.021,0.0
623.584,2026-06-26T03:09:21.090860,64841.758,116592.371,0.786,5832.627,136662.69,0.021,0.0
623.635,2026-06-26T03:09:21.141502,64861.484,117392.371,0.735,5832.628,136712.69,0.021,988.053
623.685,2026-06-26T03:09:21.192114,64912.078,117392.371,0.793,5832.629,136712.69,0.021,0.0
623.736,2026-06-26T03:09:21.242746,64963.086,117392.371,0.833,5832.63,136712.69,0.021,0.0
623.787,2026-06-26T03:09:21.293370,65014.484,117392.371,0.814,5832.631,136712.69,0.021,0.0
623.837,2026-06-26T03:09:21.344004,65065.484,117392.371,0.801,5832.632,136712.69,0.021,0.0
623.888,2026-06-26T03:09:21.394643,65117.246,117392.371,0.792,5832.633,136712.69,0.021,0.0
623.938,2026-06-26T03:09:21.445255,65168.875,117392.371,0.786,5832.634,136712.69,0.021,0.0
623.989,2026-06-26T03:09:21.495862,65220.496,117392.371,0.828,5832.635,136712.69,0.021,0.0
624.04,2026-06-26T03:09:21.546503,65272.09,117392.371,0.811,5832.636,136712.69,0.021,0.0
624.09,2026-06-26T03:09:21.597171,65323.59,117392.371,0.845,5832.638,136712.69,0.021,0.0
624.141,2026-06-26T03:09:21.647780,65375.281,117392.371,0.823,5832.639,136712.69,0.021,0.0
624.192,2026-06-26T03:09:21.698406,65425.078,117392.371,0.762,5832.64,136712.69,0.021,0.0
624.242,2026-06-26T03:09:21.749006,65475.078,117392.371,0.765,5832.641,136712.69,0.021,0.0
624.293,2026-06-26T03:09:21.799654,65525.344,117392.371,0.767,5832.642,136712.69,0.021,0.0
624.344,2026-06-26T03:09:21.850300,65576.496,117392.371,0.814,5832.643,136712.69,0.021,0.0
624.394,2026-06-26T03:09:21.900897,65628.457,117392.371,0.755,5832.644,136712.69,0.021,0.0
624.445,2026-06-26T03:09:21.951538,65615.258,117392.371,0.76,5832.645,136712.69,0.021,0.0
624.495,2026-06-26T03:09:22.002190,65273.758,117392.371,0.764,5832.646,136712.69,0.021,0.0
624.546,2026-06-26T03:09:22.052799,64841.758,116592.371,0.766,5832.647,136712.69,0.021,0.0
624.597,2026-06-26T03:09:22.103444,64841.758,116592.371,0.768,5832.648,136712.69,0.021,0.0
624.647,2026-06-26T03:09:22.154041,64841.758,116592.371,0.769,5832.649,136712.69,0.021,0.0
624.698,2026-06-26T03:09:22.204678,64841.758,116592.371,0.77,5832.65,136712.69,0.021,0.0
624.749,2026-06-26T03:09:22.255301,64850.078,117392.371,0.817,5832.651,136762.69,0.021,988.02
624.799,2026-06-26T03:09:22.305918,64901.457,117392.371,0.803,5832.652,136762.69,0.021,0.0
624.85,2026-06-26T03:09:22.356579,64952.148,117392.371,0.794,5832.653,136762.69,0.021,0.0
624.9,2026-06-26T03:09:22.407180,65002.949,117392.371,0.787,5832.654,136762.69,0.021,0.0
624.951,2026-06-26T03:09:22.457789,65053.457,117392.371,0.782,5832.655,136762.69,0.021,0.0
625.002,2026-06-26T03:09:22.508447,65104.855,117392.371,0.825,5832.656,136762.69,0.021,0.0
625.052,2026-06-26T03:09:22.559042,65156.328,117392.371,0.809,5832.657,136762.69,0.021,0.0
625.103,2026-06-26T03:09:22.609687,65207.539,117392.371,0.844,5832.658,136762.69,0.021,0.0
625.154,2026-06-26T03:09:22.660325,65259.043,117392.371,0.775,5832.659,136762.69,0.021,0.0
625.205,2026-06-26T03:09:22.711281,65310.816,117392.371,0.773,5832.661,136762.69,0.021,0.0
625.255,2026-06-26T03:09:22.762243,65362.652,117392.371,0.771,5832.662,136762.69,0.021,0.0
625.306,2026-06-26T03:09:22.813210,65412.777,117392.371,0.815,5832.663,136762.69,0.021,0.0
625.357,2026-06-26T03:09:22.864218,65464.293,117392.371,0.8,5832.664,136762.69,0.021,0.0
625.408,2026-06-26T03:09:22.915189,65516.211,117392.371,0.744,5832.665,136762.69,0.021,0.0
625.459,2026-06-26T03:09:22.966190,65568.32,117392.371,0.797,5832.666,136762.69,0.021,0.0
625.51,2026-06-26T03:09:23.017183,65620.215,117392.371,0.788,5832.667,136762.69,0.021,0.0
625.561,2026-06-26T03:09:23.068189,65607.758,117392.371,0.781,5832.668,136762.69,0.021,0.0
625.612,2026-06-26T03:09:23.119172,65403.758,117392.371,0.776,5832.669,136762.69,0.021,0.0
625.663,2026-06-26T03:09:23.170134,64841.758,116592.371,0.773,5832.67,136762.69,0.021,0.0
625.714,2026-06-26T03:09:23.221121,64841.758,116592.371,0.771,5832.671,136762.69,0.02,0.0
625.765,2026-06-26T03:09:23.272120,64841.758,116592.371,0.816,5832.672,136762.69,0.021,0.0
625.816,2026-06-26T03:09:23.323105,64841.758,116592.371,0.801,5832.673,136762.69,0.021,0.0
625.867,2026-06-26T03:09:23.374084,64841.758,116592.371,0.79,5832.674,136762.69,0.02,0.0
625.918,2026-06-26T03:09:23.425083,64872.258,117392.371,0.783,5832.675,136812.69,0.021,981.147
625.969,2026-06-26T03:09:23.476061,64924.402,117392.371,0.778,5832.676,136812.69,0.02,0.0
626.02,2026-06-26T03:09:23.527085,64976.363,117392.371,0.82,5832.677,136812.69,0.021,0.0
626.071,2026-06-26T03:09:23.578072,65028.113,117392.371,0.758,5832.678,136812.69,0.02,0.0
626.122,2026-06-26T03:09:23.629070,65079.297,117392.371,0.806,5832.679,136812.69,0.02,0.0
626.173,2026-06-26T03:09:23.680059,65131.297,117392.371,0.794,5832.68,136812.69,0.021,0.0
626.224,2026-06-26T03:09:23.731058,65183.07,117392.371,0.832,5832.681,136812.69,0.02,0.0
626.275,2026-06-26T03:09:23.782044,65234.879,117392.371,0.766,5832.683,136812.69,0.02,0.0
626.326,2026-06-26T03:09:23.833028,65286.82,117392.371,0.766,5832.684,136812.69,0.021,0.0
626.377,2026-06-26T03:09:23.884013,65338.637,117392.371,0.812,5832.685,136812.69,0.021,0.0
626.428,2026-06-26T03:09:23.935021,65389.539,117392.371,0.798,5832.686,136812.69,0.021,0.0
626.479,2026-06-26T03:09:23.985996,65440.141,117392.371,0.834,5832.687,136812.69,0.021,0.0
626.53,2026-06-26T03:09:24.037058,65490.453,117392.371,0.814,5832.688,136812.69,0.021,0.0
626.581,2026-06-26T03:09:24.088037,65541.031,117392.371,0.846,5832.689,136812.69,0.021,0.0
626.632,2026-06-26T03:09:24.139024,65592.18,117392.371,0.822,5832.69,136812.69,0.021,0.0
626.683,2026-06-26T03:09:24.190006,65605.762,117392.371,0.805,5832.691,136812.69,0.021,0.0
626.734,2026-06-26T03:09:24.241006,65630.434,117392.371,0.793,5832.692,136812.69,0.021,0.0
626.785,2026-06-26T03:09:24.291964,65041.762,117392.371,0.785,5832.693,136812.69,0.021,0.0
626.836,2026-06-26T03:09:24.342934,64841.762,116592.371,0.78,5832.694,136812.69,0.021,0.0
626.887,2026-06-26T03:09:24.393840,64841.762,116592.371,0.777,5832.695,136812.69,0.021,0.0
626.938,2026-06-26T03:09:24.444461,64841.762,116592.371,0.775,5832.696,136812.69,0.021,0.0
626.988,2026-06-26T03:09:24.495092,64841.762,116592.371,0.773,5832.697,136812.69,0.021,0.0
627.039,2026-06-26T03:09:24.546083,64858.637,116642.371,0.817,5832.698,136862.69,0.02,980.509
627.09,2026-06-26T03:09:24.597065,64841.762,116592.371,0.802,5832.699,136862.69,0.021,0.0
627.141,2026-06-26T03:09:24.648050,64847.449,116642.371,0.791,5832.7,136912.69,0.02,980.115
627.192,2026-06-26T03:09:24.699057,64841.762,116592.371,0.737,5832.701,136912.69,0.02,0.0
627.243,2026-06-26T03:09:24.750037,64841.762,116592.371,0.792,5832.702,136962.69,0.021,981.032
627.294,2026-06-26T03:09:24.801012,64885.562,117392.371,0.784,5832.703,136962.69,0.02,0.0
627.345,2026-06-26T03:09:24.852006,64935.465,117392.371,0.779,5832.704,136962.69,0.021,0.0
627.396,2026-06-26T03:09:24.902987,64986.273,117392.371,0.775,5832.706,136962.69,0.02,0.0
627.447,2026-06-26T03:09:24.953997,65037.297,117392.371,0.772,5832.707,136962.69,0.021,0.0
627.498,2026-06-26T03:09:25.004963,65089.145,117392.371,0.771,5832.708,136962.69,0.021,0.0
627.549,2026-06-26T03:09:25.055954,65141.215,117392.371,0.861,5832.709,136962.69,0.02,0.0
627.6,2026-06-26T03:09:25.106928,65193.324,117392.371,0.833,5832.71,136962.69,0.021,0.0
627.651,2026-06-26T03:09:25.157920,65245.648,117392.371,0.813,5832.711,136962.69,0.02,0.0
627.702,2026-06-26T03:09:25.208910,65298.0,117392.371,0.799,5832.712,136962.69,0.021,0.0
627.753,2026-06-26T03:09:25.259896,65350.211,117392.371,0.789,5832.713,136962.69,0.021,0.0
627.804,2026-06-26T03:09:25.310815,65402.16,117392.371,0.782,5832.714,136962.69,0.021,0.0
627.855,2026-06-26T03:09:25.361741,65454.465,117392.371,0.824,5832.715,136962.69,0.021,0.0
627.906,2026-06-26T03:09:25.412631,65506.02,117392.371,0.808,5832.716,136962.69,0.021,0.0
627.956,2026-06-26T03:09:25.463189,65557.086,117392.371,0.798,5832.717,136962.69,0.021,0.0
628.007,2026-06-26T03:09:25.513737,65608.91,117392.371,0.79,5832.718,136962.69,0.021,0.0
628.097,2026-06-26T03:09:25.603964,65631.246,117392.371,0.865,5833.068,136962.69,3.883,0.0
628.148,2026-06-26T03:09:25.654413,64981.777,117392.371,0.837,5833.069,136962.69,0.021,0.0
628.198,2026-06-26T03:09:25.705057,64841.777,116592.371,0.864,5833.07,136962.69,0.021,0.0
628.249,2026-06-26T03:09:25.755681,64841.777,116592.371,0.836,5833.071,136962.69,0.021,0.0
628.3,2026-06-26T03:09:25.806296,64841.777,116592.371,0.817,5833.072,136962.69,0.021,0.0
628.35,2026-06-26T03:09:25.856903,64841.777,116592.371,0.803,5833.073,136962.69,0.021,0.0
628.401,2026-06-26T03:09:25.907544,64870.926,117392.371,0.84,5833.074,137012.69,0.021,987.341
628.451,2026-06-26T03:09:25.958213,64921.434,117392.371,0.773,5833.075,137012.69,0.021,0.0
628.502,2026-06-26T03:09:26.008808,64971.527,117392.371,0.819,5833.076,137012.69,0.021,0.0
628.553,2026-06-26T03:09:26.059434,65022.027,117392.371,0.805,5833.077,137012.69,0.021,0.0
628.603,2026-06-26T03:09:26.110061,65073.027,117392.371,0.748,5833.078,137012.69,0.021,0.0
628.654,2026-06-26T03:09:26.161057,65124.844,117392.371,0.753,5833.079,137012.69,0.02,0.0
628.705,2026-06-26T03:09:26.212044,65176.926,117392.371,0.803,5833.08,137012.69,0.021,0.0
628.756,2026-06-26T03:09:26.263019,65229.031,117392.371,0.792,5833.081,137012.69,0.021,0.0
628.807,2026-06-26T03:09:26.313989,65281.094,117392.371,0.784,5833.082,137012.69,0.02,0.0
628.858,2026-06-26T03:09:26.364984,65333.094,117392.371,0.779,5833.083,137012.69,0.021,0.0
628.909,2026-06-26T03:09:26.415952,65385.23,117392.371,0.821,5833.085,137012.69,0.021,0.0
628.96,2026-06-26T03:09:26.466965,65437.113,117392.371,0.804,5833.086,137012.69,0.021,0.0
629.011,2026-06-26T03:09:26.517940,65487.426,117392.371,0.793,5833.087,137012.69,0.021,0.0
629.062,2026-06-26T03:09:26.568911,65538.02,117392.371,0.831,5833.088,137012.69,0.021,0.0
629.113,2026-06-26T03:09:26.619884,65590.039,117392.371,0.812,5833.089,137012.69,0.021,0.0
629.164,2026-06-26T03:09:26.670861,65635.777,117392.371,0.798,5833.09,137012.69,0.021,0.0
629.215,2026-06-26T03:09:26.721834,65628.602,117392.371,0.788,5833.091,137012.69,0.021,0.0
629.266,2026-06-26T03:09:26.772841,65029.777,117392.371,0.782,5833.092,137012.69,0.021,0.0
629.317,2026-06-26T03:09:26.823801,64841.777,116592.371,0.777,5833.093,137012.69,0.02,0.0
629.368,2026-06-26T03:09:26.874803,64841.777,116592.371,0.774,5833.094,137012.69,0.021,0.0
629.419,2026-06-26T03:09:26.925779,64841.777,116592.371,0.771,5833.095,137012.69,0.02,0.0
629.47,2026-06-26T03:09:26.976778,64841.777,116592.371,0.77,5833.096,137012.69,0.021,0.0
629.521,2026-06-26T03:09:27.027753,64868.34,117392.371,0.815,5833.097,137062.69,0.021,980.748
629.572,2026-06-26T03:09:27.078740,64919.902,117392.371,0.8,5833.098,137062.69,0.02,0.0
629.623,2026-06-26T03:09:27.129733,64970.879,117392.371,0.79,5833.099,137062.69,0.02,0.0
629.674,2026-06-26T03:09:27.180723,65022.477,117392.371,0.829,5833.1,137062.69,0.021,0.0
629.725,2026-06-26T03:09:27.231697,65074.59,117392.371,0.764,5833.101,137062.69,0.02,0.0
629.776,2026-06-26T03:09:27.282684,65126.66,117392.371,0.811,5833.102,137062.69,0.021,0.0
629.827,2026-06-26T03:09:27.333647,65178.758,117392.371,0.751,5833.103,137062.69,0.02,0.0
629.878,2026-06-26T03:09:27.384669,65222.23,117392.371,0.802,5833.104,137062.69,0.021,0.0
629.929,2026-06-26T03:09:27.435633,65257.402,117392.371,0.837,5833.105,137062.69,0.021,0.0
629.98,2026-06-26T03:09:27.486621,65303.574,117392.371,0.816,5833.106,137062.69,0.021,0.0
630.031,2026-06-26T03:09:27.537597,65340.469,117392.371,0.801,5833.108,137062.69,0.021,0.0
630.082,2026-06-26T03:09:27.588595,65380.008,117392.371,0.79,5833.109,137062.69,0.021,0.0
630.133,2026-06-26T03:09:27.639595,65420.41,117392.371,0.829,5833.11,137062.69,0.021,0.0
630.184,2026-06-26T03:09:27.690582,65465.082,117392.371,0.764,5833.111,137062.69,0.021,0.0
630.235,2026-06-26T03:09:27.741546,65516.125,117392.371,0.811,5833.112,137062.69,0.021,0.0
630.286,2026-06-26T03:09:27.792547,65568.102,117392.371,0.798,5833.113,137062.69,0.021,0.0
630.337,2026-06-26T03:09:27.843516,65620.004,117392.371,0.742,5833.114,137062.69,0.021,0.0
630.388,2026-06-26T03:09:27.894531,65607.281,117392.371,0.795,5833.115,137062.69,0.021,0.0
630.439,2026-06-26T03:09:27.945499,65397.777,117392.371,0.787,5833.116,137062.69,0.021,0.0
630.49,2026-06-26T03:09:27.996527,64841.777,116592.371,0.78,5833.117,137062.69,0.02,0.0
630.541,2026-06-26T03:09:28.047512,64841.777,116592.371,0.776,5833.118,137062.69,0.02,0.0
630.592,2026-06-26T03:09:28.098517,64841.777,116592.371,0.773,5833.119,137062.69,0.021,0.0
630.643,2026-06-26T03:09:28.149487,64841.777,116592.371,0.771,5833.12,137062.69,0.02,0.0
630.694,2026-06-26T03:09:28.200489,64845.277,116642.371,0.77,5833.121,137112.69,0.021,981.505
630.745,2026-06-26T03:09:28.251464,64841.777,116592.371,0.768,5833.122,137112.69,0.02,0.0
630.796,2026-06-26T03:09:28.302487,64841.777,116592.371,0.813,5833.123,137162.69,0.021,980.748
630.847,2026-06-26T03:09:28.353467,64881.375,117392.371,0.845,5833.124,137162.69,0.021,0.0
630.898,2026-06-26T03:09:28.404467,64932.363,117392.371,0.821,5833.125,137162.69,0.02,0.0
630.949,2026-06-26T03:09:28.455448,64982.543,117392.371,0.851,5833.126,137162.69,0.021,0.0
631.0,2026-06-26T03:09:28.506439,65033.418,117392.371,0.825,5833.127,137162.69,0.02,0.0
631.051,2026-06-26T03:09:28.557439,65084.574,117392.371,0.808,5833.128,137162.69,0.021,0.0
631.102,2026-06-26T03:09:28.608422,65135.773,117392.371,0.795,5833.129,137162.69,0.021,0.0
631.153,2026-06-26T03:09:28.659393,65186.797,117392.371,0.787,5833.131,137162.69,0.021,0.0
631.204,2026-06-26T03:09:28.710390,65237.961,117392.371,0.781,5833.132,137162.69,0.021,0.0
631.255,2026-06-26T03:09:28.761367,65289.16,117392.371,0.822,5833.133,137162.69,0.021,0.0
631.306,2026-06-26T03:09:28.812379,65340.215,117392.371,0.805,5833.134,137162.69,0.021,0.0
631.357,2026-06-26T03:09:28.863334,65391.145,117392.371,0.794,5833.135,137162.69,0.021,0.0
631.408,2026-06-26T03:09:28.914293,65441.777,117392.371,0.74,5833.136,137162.69,0.021,0.0
631.458,2026-06-26T03:09:28.965253,65493.09,117392.371,0.84,5833.137,137162.69,0.021,0.0
631.509,2026-06-26T03:09:29.016214,65545.156,117392.371,0.818,5833.138,137162.69,0.021,0.0
631.56,2026-06-26T03:09:29.067218,65597.406,117392.371,0.802,5833.139,137162.69,0.021,0.0
631.611,2026-06-26T03:09:29.118173,65591.777,117342.371,0.746,5833.14,137162.69,0.021,0.0
631.662,2026-06-26T03:09:29.169125,65637.008,117392.371,0.798,5833.141,137162.69,0.021,0.0
631.713,2026-06-26T03:09:29.220132,64911.777,117392.371,0.788,5833.142,137162.69,0.021,0.0
631.764,2026-06-26T03:09:29.271074,64841.777,116592.371,0.782,5833.143,137162.69,0.021,0.0
631.815,2026-06-26T03:09:29.322024,64841.777,116592.371,0.777,5833.144,137162.69,0.021,0.0
631.866,2026-06-26T03:09:29.372948,64841.777,116592.371,0.775,5833.145,137162.69,0.021,0.0
631.917,2026-06-26T03:09:29.423513,64841.777,116592.371,0.775,5833.146,137162.69,0.021,0.0
631.967,2026-06-26T03:09:29.474221,64874.242,116642.371,0.772,5833.147,137212.69,0.02,980.592
632.018,2026-06-26T03:09:29.525213,64841.777,116592.371,0.771,5833.148,137212.69,0.021,0.0
632.069,2026-06-26T03:09:29.576202,64865.215,117392.371,0.815,5833.149,137262.69,0.02,980.555
632.12,2026-06-26T03:09:29.627166,64916.289,117392.371,0.801,5833.15,137262.69,0.021,0.0
632.171,2026-06-26T03:09:29.678111,64966.312,117392.371,0.79,5833.151,137262.69,0.02,0.0
632.222,2026-06-26T03:09:29.729130,65017.285,117392.371,0.737,5833.153,137262.69,0.021,0.0
632.273,2026-06-26T03:09:29.780094,65069.273,117392.371,0.792,5833.154,137262.69,0.02,0.0
632.324,2026-06-26T03:09:29.831089,65121.465,117392.371,0.83,5833.155,137262.69,0.021,0.0
632.375,2026-06-26T03:09:29.882064,65173.484,117392.371,0.811,5833.156,137262.69,0.021,0.0
632.426,2026-06-26T03:09:29.933053,65225.605,117392.371,0.843,5833.157,137262.69,0.02,0.0
632.477,2026-06-26T03:09:29.984052,65277.715,117392.371,0.774,5833.158,137262.69,0.021,0.0
632.528,2026-06-26T03:09:30.035031,65329.609,117392.371,0.772,5833.159,137262.69,0.021,0.0
632.579,2026-06-26T03:09:30.086006,65379.766,117392.371,0.816,5833.16,137262.69,0.021,0.0
632.63,2026-06-26T03:09:30.136999,65430.293,117392.371,0.801,5833.161,137262.69,0.021,0.0
632.681,2026-06-26T03:09:30.187978,65482.434,117392.371,0.79,5833.162,137262.69,0.021,0.0
632.732,2026-06-26T03:09:30.238994,65534.641,117392.371,0.829,5833.163,137262.69,0.021,0.0
632.783,2026-06-26T03:09:30.289960,65586.809,117392.371,0.81,5833.164,137262.69,0.021,0.0
632.834,2026-06-26T03:09:30.340933,65638.652,117392.371,0.797,5833.165,137262.69,0.021,0.0
632.885,2026-06-26T03:09:30.391879,65626.398,117392.371,0.788,5833.166,137262.69,0.021,0.0
632.936,2026-06-26T03:09:30.442798,65101.777,117392.371,0.783,5833.167,137262.69,0.021,0.0
632.987,2026-06-26T03:09:30.493342,64841.777,116592.371,0.78,5833.168,137262.69,0.021,0.0
633.037,2026-06-26T03:09:30.543863,64841.777,116592.371,0.778,5833.169,137262.69,0.021,0.0
633.127,2026-06-26T03:09:30.633683,64841.809,116592.371,0.858,5833.519,137262.69,3.903,0.0
633.177,2026-06-26T03:09:30.684116,64850.906,117392.371,0.832,5833.52,137312.69,0.021,986.849
633.228,2026-06-26T03:09:30.734778,64902.555,117392.371,0.86,5833.521,137312.69,0.021,0.0
633.279,2026-06-26T03:09:30.785404,64954.309,117392.371,0.834,5833.522,137312.69,0.021,0.0
633.329,2026-06-26T03:09:30.836010,65005.977,117392.371,0.815,5833.523,137312.69,0.021,0.0
633.38,2026-06-26T03:09:30.886666,65056.887,117392.371,0.802,5833.524,137312.69,0.021,0.0
633.43,2026-06-26T03:09:30.937270,65107.613,117392.371,0.839,5833.525,137312.69,0.021,0.0
633.481,2026-06-26T03:09:30.987905,65159.25,117392.371,0.819,5833.526,137312.69,0.021,0.0
633.532,2026-06-26T03:09:31.038551,65210.875,117392.371,0.851,5833.527,137312.69,0.021,0.0
633.582,2026-06-26T03:09:31.089213,65262.523,117392.371,0.78,5833.528,137312.69,0.021,0.0
633.633,2026-06-26T03:09:31.140184,65314.641,117392.371,0.822,5833.529,137312.69,0.021,0.0
633.684,2026-06-26T03:09:31.191128,65366.504,117392.371,0.805,5833.53,137312.69,0.021,0.0
633.735,2026-06-26T03:09:31.242162,65417.918,117392.371,0.793,5833.532,137312.69,0.021,0.0
633.786,2026-06-26T03:09:31.293106,65468.527,117392.371,0.785,5833.533,137312.69,0.021,0.0
633.837,2026-06-26T03:09:31.344090,65518.98,117392.371,0.78,5833.534,137312.69,0.021,0.0
633.888,2026-06-26T03:09:31.395050,65569.934,117392.371,0.776,5833.535,137312.69,0.021,0.0
633.939,2026-06-26T03:09:31.446043,65622.102,117392.371,0.773,5833.536,137312.69,0.021,0.0
633.99,2026-06-26T03:09:31.497037,65610.414,117392.371,0.771,5833.537,137312.69,0.021,0.0
634.041,2026-06-26T03:09:31.548015,65339.809,117392.371,0.815,5833.538,137312.69,0.021,0.0
634.092,2026-06-26T03:09:31.598999,64841.809,116592.371,0.8,5833.539,137312.69,0.02,0.0
634.143,2026-06-26T03:09:31.649998,64841.809,116592.371,0.79,5833.54,137312.69,0.021,0.0
634.194,2026-06-26T03:09:31.700970,64841.809,116592.371,0.783,5833.541,137312.69,0.02,0.0
634.245,2026-06-26T03:09:31.751980,64841.809,116592.371,0.778,5833.542,137312.69,0.021,0.0
634.296,2026-06-26T03:09:31.802946,64846.863,116642.371,0.82,5833.543,137362.69,0.021,980.807
634.347,2026-06-26T03:09:31.853933,64841.809,116592.371,0.804,5833.544,137362.69,0.02,0.0
634.398,2026-06-26T03:09:31.904929,64841.809,116592.371,0.793,5833.545,137412.69,0.021,980.757
634.449,2026-06-26T03:09:31.955922,64887.211,116642.371,0.785,5833.546,137412.69,0.021,0.0
634.5,2026-06-26T03:09:32.006900,64841.809,116592.371,0.825,5833.547,137462.69,0.02,980.289
634.551,2026-06-26T03:09:32.057895,64876.809,116642.371,0.807,5833.548,137462.69,0.021,0.0
634.602,2026-06-26T03:09:32.108861,64841.809,116592.371,0.795,5833.549,137462.69,0.02,0.0
634.653,2026-06-26T03:09:32.159875,64866.262,117392.371,0.786,5833.55,137512.69,0.021,980.931
634.704,2026-06-26T03:09:32.210856,64916.812,117392.371,0.734,5833.551,137512.69,0.02,0.0
634.755,2026-06-26T03:09:32.261854,64967.57,117392.371,0.79,5833.552,137512.69,0.02,0.0
634.806,2026-06-26T03:09:32.312844,65018.406,117392.371,0.783,5833.553,137512.69,0.021,0.0
634.857,2026-06-26T03:09:32.363829,65069.133,117392.371,0.778,5833.555,137512.69,0.02,0.0
634.908,2026-06-26T03:09:32.414831,65120.055,117392.371,0.774,5833.556,137512.69,0.02,0.0
634.959,2026-06-26T03:09:32.465827,65171.035,117392.371,0.772,5833.557,137512.69,0.021,0.0
635.01,2026-06-26T03:09:32.516801,65220.441,117392.371,0.816,5833.558,137512.69,0.02,0.0
635.061,2026-06-26T03:09:32.567798,65270.289,117392.371,0.801,5833.559,137512.69,0.021,0.0
635.112,2026-06-26T03:09:32.618771,65320.949,117392.371,0.836,5833.56,137512.69,0.021,0.0
635.163,2026-06-26T03:09:32.669792,65372.133,117392.371,0.769,5833.561,137512.69,0.021,0.0
635.214,2026-06-26T03:09:32.720760,65423.184,117392.371,0.769,5833.562,137512.69,0.021,0.0
635.265,2026-06-26T03:09:32.771761,65474.273,117392.371,0.814,5833.563,137512.69,0.021,0.0
635.316,2026-06-26T03:09:32.822738,65525.453,117392.371,0.8,5833.564,137512.69,0.021,0.0
635.367,2026-06-26T03:09:32.873731,65576.668,117392.371,0.836,5833.565,137512.69,0.021,0.0
635.418,2026-06-26T03:09:32.924720,65627.754,117392.371,0.815,5833.566,137512.69,0.021,0.0
635.469,2026-06-26T03:09:32.975726,65614.809,117392.371,0.8,5833.567,137512.69,0.021,0.0
635.52,2026-06-26T03:09:33.026695,65455.809,117392.371,0.79,5833.568,137512.69,0.021,0.0
635.571,2026-06-26T03:09:33.077698,64877.809,117392.371,0.783,5833.569,137512.69,0.021,0.0
635.622,2026-06-26T03:09:33.128671,64841.809,116592.371,0.778,5833.57,137512.69,0.02,0.0
635.673,2026-06-26T03:09:33.179684,64841.809,116592.371,0.774,5833.571,137512.69,0.021,0.0
635.724,2026-06-26T03:09:33.230654,64841.809,116592.371,0.772,5833.572,137512.69,0.021,0.0
635.775,2026-06-26T03:09:33.281648,64841.809,116592.371,0.77,5833.573,137512.69,0.02,0.0
635.826,2026-06-26T03:09:33.332627,64841.809,116592.371,0.769,5833.574,137512.69,0.02,0.0
635.877,2026-06-26T03:09:33.383638,64862.043,117392.371,0.814,5833.575,137562.69,0.021,980.83
635.928,2026-06-26T03:09:33.434614,64900.637,117392.371,0.797,5833.576,137562.69,0.02,0.0
635.979,2026-06-26T03:09:33.486224,64941.617,117392.371,0.788,5833.578,137562.69,0.021,0.0
636.03,2026-06-26T03:09:33.537217,64979.832,117392.371,0.827,5833.579,137562.69,0.02,0.0
636.081,2026-06-26T03:09:33.588208,65020.797,117392.371,0.809,5833.58,137562.69,0.021,0.0
636.132,2026-06-26T03:09:33.639191,65061.066,117392.371,0.842,5833.581,137562.69,0.021,0.0
636.183,2026-06-26T03:09:33.690164,65100.152,117392.371,0.819,5833.582,137562.69,0.02,0.0
636.234,2026-06-26T03:09:33.741117,65141.824,117392.371,0.803,5833.583,137562.69,0.021,0.0
636.285,2026-06-26T03:09:33.792107,65192.941,117392.371,0.746,5833.584,137562.69,0.02,0.0
636.336,2026-06-26T03:09:33.843089,65230.918,117392.371,0.798,5833.585,137562.69,0.021,0.0
636.387,2026-06-26T03:09:33.894064,65273.617,117392.371,0.789,5833.586,137562.69,0.021,0.0
636.438,2026-06-26T03:09:33.945028,65308.746,117392.371,0.782,5833.587,137562.69,0.021,0.0
636.489,2026-06-26T03:09:33.996026,65343.625,117392.371,0.777,5833.588,137562.69,0.021,0.0
636.54,2026-06-26T03:09:34.047011,65380.746,117392.371,0.82,5833.589,137562.69,0.021,0.0
636.591,2026-06-26T03:09:34.098019,65415.754,117392.371,0.758,5833.59,137562.69,0.021,0.0
636.642,2026-06-26T03:09:34.148987,65450.371,117392.371,0.76,5833.591,137562.69,0.021,0.0
636.693,2026-06-26T03:09:34.199978,65485.844,117392.371,0.808,5833.592,137562.69,0.021,0.0
636.744,2026-06-26T03:09:34.250962,65530.547,117392.371,0.842,5833.593,137562.69,0.021,0.0
636.795,2026-06-26T03:09:34.301913,65572.625,117392.371,0.819,5833.594,137562.69,0.021,0.0
636.846,2026-06-26T03:09:34.352688,65623.039,117392.371,0.805,5833.595,137562.69,0.021,0.0
636.896,2026-06-26T03:09:34.403184,65601.309,117392.371,0.842,5833.596,137562.69,0.021,0.0
636.947,2026-06-26T03:09:34.453751,65639.488,117392.371,0.821,5833.597,137562.69,0.021,0.0
636.998,2026-06-26T03:09:34.504372,65039.809,117392.371,0.806,5833.598,137562.69,0.021,0.0
637.048,2026-06-26T03:09:34.554954,64841.809,116592.371,0.795,5833.6,137562.69,0.021,0.0
637.099,2026-06-26T03:09:34.605897,64841.809,116592.371,0.787,5833.601,137562.69,0.021,0.0
637.15,2026-06-26T03:09:34.656835,64841.809,116592.371,0.781,5833.602,137562.69,0.021,0.0
637.201,2026-06-26T03:09:34.707768,64841.809,116592.371,0.777,5833.603,137562.69,0.021,0.0
637.252,2026-06-26T03:09:34.758710,64841.809,116592.371,0.774,5833.604,137562.69,0.021,0.0
637.303,2026-06-26T03:09:34.809653,64862.809,116642.371,0.772,5833.605,137612.69,0.021,981.679
637.354,2026-06-26T03:09:34.860587,64841.809,116592.371,0.77,5833.606,137612.69,0.021,0.0
637.405,2026-06-26T03:09:34.911555,64841.809,116592.371,0.769,5833.607,137662.69,0.021,981.785
637.456,2026-06-26T03:09:34.962454,64005.809,116592.371,0.768,5833.608,137662.69,0.021,0.0
637.507,2026-06-26T03:09:35.013442,63241.809,114992.371,0.768,5833.609,137662.69,0.021,0.0
637.558,2026-06-26T03:09:35.064382,63241.809,114992.371,0.768,5833.61,137662.69,0.021,0.0
637.609,2026-06-26T03:09:35.115337,63241.809,114992.371,0.767,5833.611,137662.69,0.021,0.0
637.66,2026-06-26T03:09:35.166313,63241.809,114992.371,0.813,5833.612,137662.69,0.021,0.0
637.71,2026-06-26T03:09:35.217267,63241.809,114992.371,0.799,5833.613,137662.69,0.02,0.0
637.761,2026-06-26T03:09:35.268271,63241.809,114992.371,0.789,5833.614,137662.69,0.021,0.0
637.812,2026-06-26T03:09:35.319244,63241.809,114992.371,0.782,5833.615,137662.69,0.021,0.0
637.863,2026-06-26T03:09:35.370231,63405.691,123934.371,0.869,5833.616,137662.69,0.02,0.0
637.914,2026-06-26T03:09:35.421192,64118.086,123934.371,1.069,5833.617,137662.69,0.021,0.0
637.965,2026-06-26T03:09:35.472113,64842.492,123934.371,1.208,5833.618,137662.69,0.02,0.0
638.016,2026-06-26T03:09:35.523125,65569.934,123934.371,1.351,5833.619,137662.69,0.021,0.0
638.067,2026-06-26T03:09:35.574083,66303.902,123934.371,1.452,5833.62,137662.69,0.021,0.0
638.19,2026-06-26T03:09:35.696359,68060.156,123934.371,1.593,5833.97,137662.69,2.871,0.0
638.24,2026-06-26T03:09:35.746792,68786.863,123934.371,1.671,5833.971,137662.69,0.021,0.0
638.291,2026-06-26T03:09:35.797419,69516.535,123934.371,1.586,5833.972,137662.69,0.021,0.0
638.341,2026-06-26T03:09:35.848043,70249.445,123934.371,1.619,5833.973,137662.69,0.021,0.0
638.392,2026-06-26T03:09:35.898867,70984.004,123934.371,1.594,5833.974,137662.69,0.021,0.0
638.443,2026-06-26T03:09:35.949810,71711.012,123934.371,1.575,5833.975,137662.69,0.021,0.0
638.494,2026-06-26T03:09:36.000812,72025.949,128034.371,1.562,5833.976,137662.69,0.021,0.0
638.545,2026-06-26T03:09:36.051778,72105.617,128034.371,1.599,5833.977,137662.69,0.021,0.0
638.596,2026-06-26T03:09:36.102788,72196.148,128034.371,1.579,5833.979,137662.69,0.021,0.0
638.647,2026-06-26T03:09:36.153820,72286.703,128034.371,1.564,5833.98,137662.69,0.021,0.0
638.698,2026-06-26T03:09:36.204863,72376.031,128084.371,1.554,5833.981,137662.69,0.021,0.0
638.749,2026-06-26T03:09:36.255890,71919.793,128084.371,1.547,5833.982,137662.69,0.021,0.0
638.8,2026-06-26T03:09:36.306925,71669.0,127284.371,1.542,5833.983,137662.69,0.021,0.0
638.851,2026-06-26T03:09:36.357954,71707.867,127284.371,1.585,5833.984,137662.69,0.021,0.0
638.902,2026-06-26T03:09:36.408993,71745.789,127284.371,1.569,5833.985,137662.69,0.021,0.0
638.953,2026-06-26T03:09:36.460011,71783.719,127284.371,1.603,5833.986,137662.69,0.021,0.0
639.004,2026-06-26T03:09:36.511052,71826.59,127334.371,1.582,5833.987,137712.69,0.021,980.349
639.055,2026-06-26T03:09:36.562074,71882.594,127334.371,1.566,5833.988,137712.69,0.021,0.0
639.106,2026-06-26T03:09:36.613166,71902.324,127284.371,1.556,5833.989,137762.69,0.021,979.987
639.157,2026-06-26T03:09:36.664193,71981.594,128084.371,1.594,5833.99,137762.69,0.021,0.0
639.208,2026-06-26T03:09:36.715212,72070.012,128084.371,1.621,5833.991,137762.69,0.021,0.0
639.259,2026-06-26T03:09:36.766211,72158.371,128084.371,1.594,5833.992,137762.69,0.021,0.0
639.31,2026-06-26T03:09:36.817226,72246.812,128084.371,1.575,5833.993,137762.69,0.021,0.0
639.361,2026-06-26T03:09:36.868228,72335.348,128084.371,1.516,5833.994,137762.69,0.021,0.0
639.412,2026-06-26T03:09:36.919216,72423.516,128084.371,1.567,5833.995,137762.69,0.021,0.0
639.463,2026-06-26T03:09:36.970214,72512.109,128084.371,1.602,5833.996,137762.69,0.021,0.0
639.514,2026-06-26T03:09:37.021221,72600.703,128084.371,1.581,5833.997,137762.69,0.021,0.0
639.565,2026-06-26T03:09:37.072227,72689.199,128084.371,1.566,5833.998,137762.69,0.021,0.0
639.616,2026-06-26T03:09:37.123236,72777.75,128084.371,1.556,5833.999,137762.69,0.021,0.0
639.667,2026-06-26T03:09:37.174233,72866.617,128084.371,1.595,5834.001,137762.69,0.021,0.0
639.718,2026-06-26T03:09:37.225234,72954.906,128084.371,1.576,5834.002,137762.69,0.021,0.0
639.769,2026-06-26T03:09:37.276239,73043.652,128084.371,1.609,5834.003,137762.69,0.021,0.0
639.82,2026-06-26T03:09:37.327248,73132.113,128084.371,1.586,5834.004,137762.69,0.021,0.0
639.871,2026-06-26T03:09:37.378237,73221.52,128084.371,1.57,5834.005,137762.69,0.021,0.0
639.922,2026-06-26T03:09:37.429233,73311.926,128084.371,1.604,5834.006,137762.69,0.021,0.0
639.973,2026-06-26T03:09:37.480230,73338.621,128084.371,1.582,5834.007,137762.69,0.021,0.0
640.024,2026-06-26T03:09:37.531255,73180.766,128084.371,1.567,5834.008,137762.69,0.021,0.0
640.075,2026-06-26T03:09:37.582248,72652.734,127284.371,1.557,5834.009,137762.69,0.021,0.0
640.126,2026-06-26T03:09:37.633248,72692.461,127284.371,1.595,5834.01,137762.69,0.021,0.0
640.177,2026-06-26T03:09:37.684247,72731.906,127284.371,1.576,5834.011,137762.69,0.021,0.0
640.228,2026-06-26T03:09:37.735252,72770.961,127284.371,1.563,5834.012,137762.69,0.021,0.0
640.279,2026-06-26T03:09:37.786270,72810.105,127284.371,1.553,5834.013,137812.69,0.021,980.353
640.33,2026-06-26T03:09:37.837261,72897.012,128084.371,1.547,5834.014,137812.69,0.021,0.0
640.381,2026-06-26T03:09:37.888256,72986.336,128084.371,1.588,5834.015,137812.69,0.021,0.0
640.432,2026-06-26T03:09:37.939257,73076.199,128084.371,1.526,5834.016,137812.69,0.021,0.0
640.483,2026-06-26T03:09:37.990269,73165.961,128084.371,1.573,5834.017,137812.69,0.021,0.0
640.535,2026-06-26T03:09:38.041285,73255.465,128084.371,1.561,5834.018,137812.69,0.021,0.0
640.586,2026-06-26T03:09:38.092278,73345.422,128084.371,1.552,5834.019,137812.69,0.021,0.0
640.637,2026-06-26T03:09:38.143277,73435.289,128084.371,1.546,5834.02,137812.69,0.021,0.0
640.688,2026-06-26T03:09:38.194285,73525.148,128084.371,1.588,5834.022,137812.69,0.021,0.0
640.739,2026-06-26T03:09:38.245292,73615.656,128084.371,1.571,5834.023,137812.69,0.021,0.0
640.79,2026-06-26T03:09:38.296296,73706.504,128084.371,1.605,5834.024,137812.69,0.021,0.0
640.841,2026-06-26T03:09:38.347328,73797.348,128084.371,1.583,5834.025,137812.69,0.021,0.0
640.892,2026-06-26T03:09:38.398327,73888.328,128084.371,1.613,5834.026,137812.69,0.021,0.0
640.943,2026-06-26T03:09:38.449355,73979.477,128084.371,1.589,5834.027,137812.69,0.021,0.0
640.994,2026-06-26T03:09:38.500412,74071.852,128084.371,1.617,5834.028,137812.69,0.021,0.0
641.045,2026-06-26T03:09:38.551433,74163.66,128084.371,1.591,5834.029,137812.69,0.021,0.0
641.096,2026-06-26T03:09:38.602503,74199.004,128034.371,1.573,5834.03,137812.69,0.021,0.0
641.147,2026-06-26T03:09:38.653506,74281.23,128084.371,1.606,5834.031,137812.69,0.021,0.0
641.198,2026-06-26T03:09:38.704586,73696.578,128084.371,1.583,5834.032,137812.69,0.021,0.0
641.249,2026-06-26T03:09:38.755615,73568.512,127284.371,1.567,5834.033,137812.69,0.021,0.0
641.3,2026-06-26T03:09:38.806681,73608.062,127284.371,1.602,5834.034,137812.69,0.021,0.0
641.351,2026-06-26T03:09:38.857713,73647.016,127284.371,1.535,5834.035,137812.69,0.021,0.0
641.402,2026-06-26T03:09:38.908751,73686.082,127284.371,1.533,5834.036,137812.69,0.021,0.0
641.453,2026-06-26T03:09:38.959802,73751.227,128084.371,1.578,5834.037,137862.69,0.021,979.232
641.504,2026-06-26T03:09:39.010859,73841.832,128084.371,1.518,5834.038,137862.69,0.021,0.0
641.555,2026-06-26T03:09:39.061887,73932.344,128084.371,1.568,5834.039,137862.69,0.021,0.0
641.606,2026-06-26T03:09:39.112927,74022.148,128084.371,1.603,5834.04,137862.69,0.021,0.0
641.657,2026-06-26T03:09:39.163964,74113.051,128084.371,1.53,5834.041,137862.69,0.02,0.0
641.709,2026-06-26T03:09:39.215647,74202.387,128084.371,1.579,5834.043,137862.69,0.021,0.0
641.76,2026-06-26T03:09:39.266417,74291.449,128084.371,1.565,5834.044,137862.69,0.021,0.0
641.811,2026-06-26T03:09:39.317488,74380.848,128084.371,1.554,5834.045,137862.69,0.021,0.0
641.862,2026-06-26T03:09:39.368519,74470.559,128084.371,1.639,5834.046,137862.69,0.021,0.0
641.913,2026-06-26T03:09:39.419572,74560.211,128084.371,1.606,5834.047,137862.69,0.021,0.0
641.964,2026-06-26T03:09:39.470602,74650.32,128084.371,1.63,5834.048,137862.69,0.021,0.0
642.015,2026-06-26T03:09:39.521650,74740.465,128084.371,1.6,5834.049,137862.69,0.021,0.0
642.066,2026-06-26T03:09:39.572670,74830.543,128084.371,1.579,5834.05,137862.69,0.021,0.0
642.117,2026-06-26T03:09:39.623727,74922.348,128084.371,1.565,5834.051,137862.69,0.021,0.0
642.168,2026-06-26T03:09:39.674741,75014.172,128084.371,1.601,5834.052,137862.69,0.021,0.0
642.219,2026-06-26T03:09:39.725770,75105.914,128084.371,1.58,5834.053,137862.69,0.021,0.0
642.27,2026-06-26T03:09:39.776785,75133.211,128084.371,1.565,5834.054,137862.69,0.021,0.0
642.321,2026-06-26T03:09:39.827835,74935.465,128084.371,1.6,5834.055,137862.69,0.021,0.0
642.372,2026-06-26T03:09:39.878883,74445.379,127284.371,1.579,5834.056,137862.69,0.021,0.0
642.423,2026-06-26T03:09:39.929932,74485.398,127284.371,1.519,5834.057,137862.69,0.021,0.0
642.474,2026-06-26T03:09:39.980952,74525.465,127284.371,1.564,5834.058,137862.69,0.02,0.0
642.526,2026-06-26T03:09:40.032415,74564.508,127284.371,1.555,5834.059,137862.69,0.021,0.0
642.577,2026-06-26T03:09:40.083436,74604.797,127334.371,1.593,5834.06,137912.69,0.021,978.487
642.628,2026-06-26T03:09:40.134505,74674.965,127334.371,1.529,5834.061,137912.69,0.021,0.0
642.679,2026-06-26T03:09:40.185527,74682.559,127284.371,1.575,5834.062,137962.69,0.021,979.753
642.73,2026-06-26T03:09:40.236573,74762.109,128084.371,1.561,5834.063,137962.69,0.021,0.0
642.781,2026-06-26T03:09:40.287603,74852.664,128084.371,1.598,5834.065,137962.69,0.021,0.0
642.832,2026-06-26T03:09:40.338662,74942.098,128084.371,1.624,5834.066,137962.69,0.021,0.0
642.883,2026-06-26T03:09:40.389679,75031.617,128084.371,1.596,5834.067,137962.69,0.021,0.0
642.934,2026-06-26T03:09:40.440718,75120.973,128084.371,1.577,5834.068,137962.69,0.021,0.0
642.985,2026-06-26T03:09:40.491735,75210.594,128084.371,1.562,5834.069,137962.69,0.021,0.0
643.036,2026-06-26T03:09:40.542784,75300.59,128084.371,1.599,5834.07,137962.69,0.021,0.0
643.087,2026-06-26T03:09:40.593804,75390.652,128084.371,1.624,5834.071,137962.69,0.021,0.0
643.208,2026-06-26T03:09:40.715027,75606.227,128085.371,1.738,5834.42,137962.69,2.896,0.0
643.259,2026-06-26T03:09:40.765475,75697.125,128085.371,1.68,5834.422,137962.69,0.021,0.0
643.309,2026-06-26T03:09:40.816086,75788.301,128085.371,1.639,5834.423,137962.69,0.021,0.0
643.36,2026-06-26T03:09:40.866732,75879.398,128085.371,1.609,5834.424,137962.69,0.021,0.0
643.411,2026-06-26T03:09:40.917521,75970.914,128085.371,1.588,5834.425,137962.69,0.021,0.0
643.462,2026-06-26T03:09:40.968437,76062.613,128085.371,1.617,5834.426,137962.69,0.021,0.0
643.513,2026-06-26T03:09:41.019477,76090.754,128085.371,1.545,5834.427,137962.69,0.021,0.0
643.564,2026-06-26T03:09:41.070534,76090.09,128085.371,1.586,5834.428,137962.69,0.021,0.0
643.615,2026-06-26T03:09:41.121566,75415.949,127285.371,1.57,5834.429,137962.69,0.021,0.0
643.666,2026-06-26T03:09:41.172610,75455.973,127285.371,1.558,5834.43,137962.69,0.021,0.0
643.717,2026-06-26T03:09:41.223668,75495.996,127285.371,1.595,5834.431,137962.69,0.021,0.0
643.768,2026-06-26T03:09:41.274709,75319.996,127285.371,1.576,5834.432,137962.69,0.021,0.0
643.819,2026-06-26T03:09:41.325736,73807.996,127285.371,1.516,5834.433,137962.69,0.021,0.0
643.87,2026-06-26T03:09:41.376781,72247.996,127285.371,1.429,5834.434,138012.69,0.021,980.326
643.921,2026-06-26T03:09:41.427796,70709.996,127285.371,1.23,5834.435,138012.69,0.021,0.0
643.972,2026-06-26T03:09:41.478859,69161.996,127285.371,1.09,5834.436,138012.69,0.021,0.0
644.023,2026-06-26T03:09:41.529874,67621.996,127285.371,0.993,5834.437,138012.69,0.021,0.0
644.074,2026-06-26T03:09:41.580920,67408.039,123239.371,1.108,5834.438,138012.69,0.021,0.0
644.125,2026-06-26T03:09:41.631954,67413.578,123189.371,1.281,5834.439,138012.69,0.021,0.0
644.176,2026-06-26T03:09:41.683010,67489.023,123239.371,1.356,5834.44,138062.69,0.021,979.598
644.227,2026-06-26T03:09:41.734045,67504.496,123189.371,1.408,5834.441,138062.69,0.021,0.0
644.278,2026-06-26T03:09:41.785070,67570.547,123239.371,1.445,5834.443,138112.69,0.021,980.349
644.329,2026-06-26T03:09:41.836087,67595.496,123189.371,1.471,5834.444,138112.69,0.021,0.0
644.38,2026-06-26T03:09:41.887134,67651.598,123989.371,1.489,5834.445,138162.69,0.021,980.078
644.431,2026-06-26T03:09:41.938197,67747.883,123989.371,1.547,5834.446,138162.69,0.021,0.0
644.482,2026-06-26T03:09:41.989219,67844.906,123989.371,1.542,5834.447,138162.69,0.021,0.0
644.533,2026-06-26T03:09:42.040208,67941.324,123989.371,1.54,5834.448,138162.69,0.021,0.0
644.584,2026-06-26T03:09:42.091209,68037.215,123989.371,1.537,5834.449,138162.69,0.021,0.0
644.635,2026-06-26T03:09:42.142217,68133.125,123989.371,1.627,5834.45,138162.69,0.021,0.0
644.686,2026-06-26T03:09:42.193219,68229.18,123989.371,1.553,5834.451,138162.69,0.021,0.0
644.737,2026-06-26T03:09:42.244218,68324.852,123989.371,1.592,5834.452,138162.69,0.021,0.0
644.788,2026-06-26T03:09:42.295224,68420.891,123989.371,1.62,5834.453,138162.69,0.021,0.0
644.839,2026-06-26T03:09:42.346217,68517.277,123989.371,1.639,5834.454,138162.69,0.021,0.0
644.89,2026-06-26T03:09:42.397240,68614.406,123989.371,1.561,5834.455,138162.69,0.021,0.0
644.941,2026-06-26T03:09:42.448234,68711.5,123989.371,1.553,5834.456,138162.69,0.021,0.0
644.992,2026-06-26T03:09:42.499228,68808.809,123989.371,1.592,5834.457,138162.69,0.021,0.0
645.043,2026-06-26T03:09:42.550223,68905.996,123989.371,1.574,5834.458,138162.69,0.021,0.0
645.094,2026-06-26T03:09:42.601215,69002.953,123989.371,1.561,5834.459,138162.69,0.021,0.0
645.145,2026-06-26T03:09:42.652219,69099.832,123989.371,1.553,5834.46,138162.69,0.021,0.0
645.196,2026-06-26T03:09:42.703209,69133.078,123989.371,1.547,5834.461,138162.69,0.021,0.0
645.247,2026-06-26T03:09:42.754206,68962.0,123989.371,1.588,5834.462,138162.69,0.021,0.0
645.298,2026-06-26T03:09:42.805201,68456.637,123189.371,1.571,5834.463,138162.69,0.021,0.0
645.349,2026-06-26T03:09:42.856209,68501.496,123189.371,1.559,5834.465,138162.69,0.021,0.0
645.4,2026-06-26T03:09:42.907200,68546.621,123189.371,1.551,5834.466,138162.69,0.021,0.0
645.451,2026-06-26T03:09:42.958235,68591.855,123189.371,1.545,5834.467,138162.69,0.021,0.0
645.502,2026-06-26T03:09:43.009222,68636.465,123189.371,1.633,5834.468,138212.69,0.021,980.065
645.553,2026-06-26T03:09:43.060225,68729.422,123989.371,1.603,5834.469,138212.69,0.021,0.0
645.604,2026-06-26T03:09:43.111223,68824.922,123989.371,1.581,5834.47,138212.69,0.021,0.0
645.655,2026-06-26T03:09:43.162228,68920.473,123989.371,1.567,5834.471,138212.69,0.021,0.0
645.706,2026-06-26T03:09:43.213221,69015.793,123989.371,1.602,5834.472,138212.69,0.021,0.0
645.757,2026-06-26T03:09:43.264216,69111.273,123989.371,1.581,5834.473,138212.69,0.021,0.0
645.808,2026-06-26T03:09:43.315225,69207.926,123989.371,1.566,5834.474,138212.69,0.021,0.0
645.859,2026-06-26T03:09:43.366236,69303.773,123989.371,1.556,5834.475,138212.69,0.021,0.0
645.91,2026-06-26T03:09:43.417216,69399.324,123989.371,1.549,5834.476,138212.69,0.021,0.0
645.961,2026-06-26T03:09:43.468216,69495.125,123989.371,1.544,5834.477,138212.69,0.021,0.0
646.012,2026-06-26T03:09:43.519213,69590.828,123989.371,1.54,5834.478,138212.69,0.021,0.0
646.063,2026-06-26T03:09:43.570230,69686.348,123989.371,1.538,5834.479,138212.69,0.021,0.0
646.114,2026-06-26T03:09:43.621227,69782.008,123989.371,1.582,5834.48,138212.69,0.021,0.0
646.165,2026-06-26T03:09:43.672227,69878.461,123989.371,1.567,5834.481,138212.69,0.021,0.0
646.216,2026-06-26T03:09:43.723223,69974.887,123989.371,1.602,5834.482,138212.69,0.021,0.0
646.267,2026-06-26T03:09:43.774217,70070.793,123989.371,1.581,5834.483,138212.69,0.021,0.0
646.318,2026-06-26T03:09:43.825257,70105.199,123939.371,1.612,5834.484,138212.69,0.021,0.0
646.369,2026-06-26T03:09:43.876247,70198.27,123989.371,1.634,5834.485,138212.69,0.021,0.0
646.42,2026-06-26T03:09:43.927242,69492.516,123989.371,1.603,5834.487,138212.69,0.021,0.0
646.471,2026-06-26T03:09:43.978238,69489.641,123189.371,1.628,5834.488,138212.69,0.021,0.0
646.522,2026-06-26T03:09:44.029250,69534.664,123189.371,1.553,5834.489,138212.69,0.021,0.0
646.573,2026-06-26T03:09:44.080266,69579.617,123189.371,1.593,5834.49,138212.69,0.021,0.0
646.624,2026-06-26T03:09:44.131252,69624.562,123189.371,1.574,5834.491,138212.69,0.021,0.0
646.675,2026-06-26T03:09:44.182250,69703.543,123989.371,1.561,5834.492,138262.69,0.021,980.023
646.726,2026-06-26T03:09:44.233257,69799.992,123989.371,1.553,5834.493,138262.69,0.021,0.0
646.777,2026-06-26T03:09:44.284258,69896.484,123989.371,1.546,5834.494,138262.69,0.021,0.0
646.829,2026-06-26T03:09:44.335280,69992.32,123989.371,1.542,5834.495,138262.69,0.021,0.0
646.879,2026-06-26T03:09:44.386248,70086.824,123989.371,1.541,5834.496,138262.69,0.021,0.0
646.93,2026-06-26T03:09:44.436822,70182.086,123989.371,1.587,5834.497,138262.69,0.021,0.0
646.981,2026-06-26T03:09:44.487732,70277.984,123989.371,1.616,5834.498,138262.69,0.021,0.0
647.032,2026-06-26T03:09:44.538757,70373.637,123989.371,1.591,5834.499,138262.69,0.021,0.0
647.083,2026-06-26T03:09:44.589804,70469.66,123989.371,1.573,5834.5,138262.69,0.021,0.0
647.134,2026-06-26T03:09:44.640817,70566.562,123989.371,1.606,5834.501,138262.69,0.021,0.0
647.185,2026-06-26T03:09:44.691855,70663.523,123989.371,1.584,5834.502,138262.69,0.021,0.0
647.236,2026-06-26T03:09:44.742884,70760.32,123989.371,1.614,5834.503,138262.69,0.021,0.0
647.287,2026-06-26T03:09:44.793928,70858.297,123989.371,1.538,5834.504,138262.69,0.02,0.0
647.339,2026-06-26T03:09:44.845590,70955.395,123989.371,1.581,5834.505,138262.69,0.021,0.0
647.39,2026-06-26T03:09:44.896644,71052.422,123989.371,1.567,5834.506,138262.69,0.021,0.0
647.441,2026-06-26T03:09:44.947652,71095.723,123939.371,1.556,5834.507,138262.69,0.021,0.0
647.492,2026-06-26T03:09:44.998720,71181.414,123989.371,1.548,5834.509,138262.69,0.021,0.0
647.543,2026-06-26T03:09:45.049735,70611.684,123989.371,1.543,5834.51,138262.69,0.021,0.0
647.594,2026-06-26T03:09:45.100772,70480.738,123189.371,1.586,5834.511,138262.69,0.021,0.0
647.645,2026-06-26T03:09:45.151779,70525.824,123189.371,1.569,5834.512,138262.69,0.021,0.0
647.696,2026-06-26T03:09:45.202821,70570.914,123189.371,1.604,5834.513,138262.69,0.021,0.0
647.747,2026-06-26T03:09:45.253860,70615.328,123189.371,1.582,5834.514,138262.69,0.021,0.0
647.798,2026-06-26T03:09:45.304902,70685.586,123989.371,1.567,5834.515,138312.69,0.021,980.376
647.849,2026-06-26T03:09:45.355914,70782.32,123989.371,1.556,5834.516,138312.69,0.021,0.0
647.9,2026-06-26T03:09:45.406962,70879.137,123989.371,1.594,5834.517,138312.69,0.021,0.0
647.951,2026-06-26T03:09:45.457979,70975.699,123989.371,1.575,5834.518,138312.69,0.021,0.0
648.002,2026-06-26T03:09:45.509031,71072.207,123989.371,1.562,5834.519,138312.69,0.021,0.0
648.053,2026-06-26T03:09:45.560045,71168.863,123989.371,1.645,5834.52,138312.69,0.021,0.0
648.104,2026-06-26T03:09:45.611082,71265.203,123989.371,1.61,5834.521,138312.69,0.021,0.0
648.226,2026-06-26T03:09:45.732611,71385.543,123989.371,1.476,5834.871,138312.69,2.889,0.0
648.276,2026-06-26T03:09:45.783053,71385.543,123989.371,1.033,5834.872,138312.69,0.021,0.0
648.327,2026-06-26T03:09:45.833701,71476.277,123989.371,1.233,5834.873,138312.69,0.021,0.0
648.378,2026-06-26T03:09:45.884393,71568.516,123989.371,1.278,5834.874,138312.69,0.021,0.0
648.429,2026-06-26T03:09:45.935564,71660.113,123989.371,1.398,5834.875,138312.69,0.02,0.0
648.48,2026-06-26T03:09:45.986374,71749.5,123989.371,1.439,5834.876,138312.69,0.021,0.0
648.531,2026-06-26T03:09:46.037384,71842.711,123989.371,1.467,5834.877,138312.69,0.021,0.0
648.582,2026-06-26T03:09:46.088458,71933.707,123989.371,1.532,5834.878,138312.69,0.021,0.0
648.633,2026-06-26T03:09:46.139481,72025.746,123989.371,1.577,5834.879,138312.69,0.021,0.0
648.684,2026-06-26T03:09:46.190529,72116.66,123989.371,1.563,5834.88,138312.69,0.021,0.0
648.735,2026-06-26T03:09:46.241550,72145.012,123989.371,1.646,5834.881,138312.69,0.021,0.0
648.786,2026-06-26T03:09:46.292598,71877.004,123989.371,1.565,5834.882,138312.69,0.021,0.0
648.837,2026-06-26T03:09:46.343646,71148.012,123189.371,1.555,5834.883,138312.69,0.021,0.0
648.888,2026-06-26T03:09:46.394679,70414.012,123189.371,1.548,5834.884,138312.69,0.021,0.0
648.939,2026-06-26T03:09:46.445676,69598.012,123189.371,1.543,5834.885,138312.69,0.021,0.0
648.99,2026-06-26T03:09:46.496701,68784.012,123189.371,1.586,5834.887,138312.69,0.021,0.0
649.041,2026-06-26T03:09:46.547724,67958.012,123189.371,1.523,5834.888,138362.69,0.021,979.223
649.092,2026-06-26T03:09:46.598786,67350.598,119893.371,1.342,5834.889,138362.69,0.021,0.0
649.143,2026-06-26T03:09:46.649782,67400.156,119893.371,1.123,5834.89,138362.69,0.021,0.0
649.194,2026-06-26T03:09:46.700820,67451.016,119893.371,1.061,5834.891,138362.69,0.021,0.0
649.245,2026-06-26T03:09:46.751846,67502.965,119893.371,0.973,5834.892,138362.69,0.021,0.0
649.296,2026-06-26T03:09:46.802887,67555.055,119893.371,0.911,5834.893,138362.69,0.021,0.0
649.347,2026-06-26T03:09:46.853912,67607.016,119893.371,0.867,5834.894,138362.69,0.021,0.0
649.398,2026-06-26T03:09:46.904949,67659.293,119893.371,0.836,5834.895,138362.69,0.021,0.0
649.449,2026-06-26T03:09:46.955943,67711.512,119893.371,0.861,5834.896,138362.69,0.021,0.0
649.5,2026-06-26T03:09:47.006999,67763.164,119893.371,0.786,5834.897,138362.69,0.021,0.0
649.551,2026-06-26T03:09:47.058031,67815.621,119893.371,0.826,5834.898,138362.69,0.021,0.0
649.602,2026-06-26T03:09:47.109071,67868.031,119893.371,0.762,5834.899,138362.69,0.021,0.0
649.653,2026-06-26T03:09:47.160086,67920.312,119893.371,0.809,5834.9,138362.69,0.021,0.0
649.704,2026-06-26T03:09:47.211113,67972.387,119893.371,0.842,5834.901,138362.69,0.021,0.0
649.755,2026-06-26T03:09:47.262208,68024.457,119893.371,0.773,5834.902,138362.69,0.021,0.0
649.806,2026-06-26T03:09:47.313214,68076.59,119893.371,0.863,5834.903,138362.69,0.021,0.0
649.857,2026-06-26T03:09:47.364214,68128.746,119893.371,0.834,5834.904,138362.69,0.021,0.0
649.908,2026-06-26T03:09:47.415209,68116.832,119893.371,0.813,5834.905,138362.69,0.021,0.0
649.959,2026-06-26T03:09:47.466235,67670.012,119893.371,0.983,5834.906,138362.69,0.021,0.0
650.01,2026-06-26T03:09:47.517247,67338.012,119093.371,1.147,5834.907,138362.69,0.021,0.0
650.061,2026-06-26T03:09:47.568228,67338.012,119093.371,1.263,5834.909,138362.69,0.021,0.0
650.112,2026-06-26T03:09:47.619230,67338.012,119093.371,1.343,5834.91,138362.69,0.021,0.0
650.163,2026-06-26T03:09:47.670221,67338.012,119093.371,1.4,5834.911,138362.69,0.021,0.0
650.214,2026-06-26T03:09:47.721229,67349.598,119143.371,1.439,5834.912,138412.69,0.021,979.913
650.265,2026-06-26T03:09:47.772245,67338.012,119093.371,1.467,5834.913,138412.69,0.021,0.0
650.316,2026-06-26T03:09:47.823229,67339.457,119143.371,1.487,5834.914,138462.69,0.021,980.734
650.367,2026-06-26T03:09:47.874225,67366.012,119143.371,1.546,5834.915,138462.69,0.021,0.0
650.418,2026-06-26T03:09:47.925227,67338.012,119093.371,1.496,5834.916,138512.69,0.021,980.711
650.469,2026-06-26T03:09:47.976210,67378.977,119893.371,1.553,5834.917,138512.69,0.021,0.0
650.52,2026-06-26T03:09:48.027213,67429.652,119893.371,1.547,5834.918,138512.69,0.021,0.0
650.571,2026-06-26T03:09:48.078209,67481.391,119893.371,1.542,5834.919,138512.69,0.021,0.0
650.622,2026-06-26T03:09:48.129207,67533.324,119893.371,1.631,5834.92,138512.69,0.021,0.0
650.673,2026-06-26T03:09:48.180218,67585.363,119893.371,1.555,5834.921,138512.69,0.021,0.0
650.724,2026-06-26T03:09:48.231222,67636.828,119893.371,1.594,5834.922,138512.69,0.021,0.0
650.775,2026-06-26T03:09:48.282218,67688.52,119893.371,1.576,5834.923,138512.69,0.021,0.0
650.826,2026-06-26T03:09:48.333207,67740.332,119893.371,1.563,5834.924,138512.69,0.021,0.0
650.877,2026-06-26T03:09:48.384251,67802.184,121493.371,1.553,5834.925,138512.69,0.021,0.0
650.928,2026-06-26T03:09:48.435271,67870.797,121493.371,1.547,5834.926,138512.69,0.021,0.0
650.979,2026-06-26T03:09:48.486263,67937.953,121493.371,1.542,5834.927,138512.69,0.021,0.0
651.03,2026-06-26T03:09:48.537264,68004.75,121493.371,1.585,5834.928,138512.69,0.021,0.0
651.081,2026-06-26T03:09:48.588263,68071.16,121493.371,1.569,5834.93,138512.69,0.021,0.0
651.132,2026-06-26T03:09:48.639251,68140.785,121493.371,1.558,5834.931,138512.69,0.021,0.0
651.184,2026-06-26T03:09:48.690274,68210.293,121493.371,1.596,5834.932,138512.69,0.021,0.0
651.234,2026-06-26T03:09:48.741260,68279.82,121493.371,1.623,5834.933,138512.69,0.021,0.0
651.285,2026-06-26T03:09:48.792261,68286.496,121493.371,1.595,5834.934,138512.69,0.021,0.0
651.336,2026-06-26T03:09:48.843254,67768.473,121493.371,1.576,5834.935,138512.69,0.021,0.0
651.387,2026-06-26T03:09:48.894266,67539.625,120693.371,1.563,5834.936,138512.69,0.021,0.0
651.439,2026-06-26T03:09:48.945283,67558.852,120693.371,1.6,5834.937,138512.69,0.021,0.0
651.489,2026-06-26T03:09:48.996266,67578.039,120693.371,1.58,5834.938,138512.69,0.021,0.0
651.54,2026-06-26T03:09:49.047269,67597.23,120693.371,1.565,5834.939,138512.69,0.021,0.0
651.591,2026-06-26T03:09:49.098266,67634.137,120743.371,1.601,5834.94,138562.69,0.021,980.518
651.643,2026-06-26T03:09:49.149273,67635.672,120693.371,1.58,5834.941,138562.69,0.021,0.0
651.694,2026-06-26T03:09:49.200290,67661.668,121493.371,1.565,5834.942,138612.69,0.021,980.362
651.745,2026-06-26T03:09:49.251283,67730.801,121493.371,1.555,5834.943,138612.69,0.021,0.0
651.796,2026-06-26T03:09:49.302303,67798.93,121493.371,1.594,5834.944,138612.69,0.021,0.0
651.847,2026-06-26T03:09:49.353355,67867.152,121493.371,1.575,5834.945,138612.69,0.021,0.0
651.898,2026-06-26T03:09:49.404396,67934.984,121493.371,1.562,5834.946,138612.69,0.021,0.0
651.949,2026-06-26T03:09:49.455448,68004.383,121493.371,1.552,5834.947,138612.69,0.021,0.0
652.0,2026-06-26T03:09:49.506461,68075.754,121493.371,1.592,5834.948,138612.69,0.021,0.0
652.051,2026-06-26T03:09:49.557507,68147.035,121493.371,1.573,5834.949,138612.69,0.021,0.0
652.102,2026-06-26T03:09:49.608553,68218.168,121493.371,1.561,5834.95,138612.69,0.021,0.0
652.153,2026-06-26T03:09:49.659607,68288.922,121493.371,1.551,5834.952,138612.69,0.021,0.0
652.204,2026-06-26T03:09:49.710638,68360.145,121493.371,1.591,5834.953,138612.69,0.021,0.0
652.255,2026-06-26T03:09:49.761689,68431.328,121493.371,1.573,5834.954,138612.69,0.021,0.0
652.306,2026-06-26T03:09:49.812709,68501.957,121493.371,1.56,5834.955,138612.69,0.021,0.0
652.357,2026-06-26T03:09:49.863785,68571.387,121493.371,1.597,5834.956,138612.69,0.021,0.0
652.408,2026-06-26T03:09:49.914819,68640.922,121493.371,1.577,5834.957,138612.69,0.021,0.0
652.459,2026-06-26T03:09:49.965836,68710.512,121493.371,1.564,5834.958,138612.69,0.021,0.0
652.51,2026-06-26T03:09:50.016864,68716.258,121493.371,1.6,5834.959,138612.69,0.021,0.0
652.561,2026-06-26T03:09:50.067905,68690.812,121493.371,1.625,5834.96,138612.69,0.021,0.0
652.612,2026-06-26T03:09:50.118951,67997.648,120693.371,1.643,5834.961,138612.69,0.021,0.0
652.663,2026-06-26T03:09:50.169985,68016.566,120693.371,1.563,5834.962,138612.69,0.021,0.0
652.714,2026-06-26T03:09:50.221009,68035.512,120693.371,1.553,5834.963,138612.69,0.021,0.0
652.765,2026-06-26T03:09:50.272052,68054.246,120693.371,1.547,5834.964,138612.69,0.021,0.0
652.816,2026-06-26T03:09:50.323075,68072.859,120693.371,1.542,5834.965,138662.69,0.021,979.36
652.867,2026-06-26T03:09:50.374129,68127.613,120743.371,1.578,5834.966,138662.69,0.02,0.0
652.919,2026-06-26T03:09:50.425782,68110.273,120693.371,1.564,5834.967,138662.69,0.021,0.0
652.97,2026-06-26T03:09:50.476803,68152.676,120743.371,1.554,5834.968,138712.69,0.021,979.927
653.021,2026-06-26T03:09:50.527829,68147.734,120693.371,1.593,5834.969,138712.69,0.021,0.0
653.072,2026-06-26T03:09:50.578854,68178.852,121493.371,1.575,5834.97,138762.69,0.021,980.33
653.123,2026-06-26T03:09:50.629873,68248.547,121493.371,1.562,5834.971,138762.69,0.021,0.0
653.244,2026-06-26T03:09:50.751235,68417.191,121493.371,1.713,5835.321,138762.69,2.893,0.0
653.295,2026-06-26T03:09:50.801674,68487.055,121493.371,1.662,5835.322,138762.69,0.021,0.0
653.346,2026-06-26T03:09:50.852304,68557.531,121493.371,1.58,5835.323,138762.69,0.021,0.0
653.396,2026-06-26T03:09:50.902926,68627.773,121493.371,1.614,5835.324,138762.69,0.021,0.0
653.447,2026-06-26T03:09:50.953766,68698.332,121493.371,1.591,5835.325,138762.69,0.021,0.0
653.498,2026-06-26T03:09:51.004689,68768.367,121493.371,1.573,5835.326,138762.69,0.021,0.0
653.549,2026-06-26T03:09:51.055728,68837.496,121493.371,1.606,5835.327,138762.69,0.021,0.0
653.6,2026-06-26T03:09:51.106751,68907.047,121493.371,1.584,5835.328,138762.69,0.021,0.0
653.651,2026-06-26T03:09:51.157791,68976.492,121493.371,1.66,5835.329,138762.69,0.021,0.0
653.702,2026-06-26T03:09:51.208838,69045.867,121493.371,1.621,5835.331,138762.69,0.021,0.0
653.753,2026-06-26T03:09:51.259869,69115.281,121493.371,1.594,5835.332,138762.69,0.021,0.0
653.804,2026-06-26T03:09:51.310889,69184.605,121493.371,1.575,5835.333,138762.69,0.021,0.0
653.855,2026-06-26T03:09:51.361932,69253.859,121493.371,1.608,5835.334,138762.69,0.021,0.0
653.906,2026-06-26T03:09:51.412961,69259.301,121493.371,1.584,5835.335,138762.69,0.021,0.0
653.957,2026-06-26T03:09:51.464025,68812.129,121493.371,1.523,5835.336,138762.69,0.021,0.0
654.008,2026-06-26T03:09:51.515030,68515.129,120693.371,1.571,5835.337,138762.69,0.021,0.0
654.059,2026-06-26T03:09:51.566056,68534.055,120693.371,1.559,5835.338,138762.69,0.021,0.0
654.11,2026-06-26T03:09:51.617082,68552.809,120693.371,1.597,5835.339,138762.69,0.021,0.0
654.161,2026-06-26T03:09:51.668116,68571.531,120693.371,1.577,5835.34,138762.69,0.021,0.0
654.212,2026-06-26T03:09:51.719188,68593.68,120743.371,1.563,5835.341,138812.69,0.021,979.666
654.263,2026-06-26T03:09:51.770199,68614.793,120743.371,1.554,5835.342,138812.69,0.021,0.0
654.314,2026-06-26T03:09:51.821234,68627.648,120693.371,1.547,5835.343,138862.69,0.021,979.241
654.365,2026-06-26T03:09:51.872234,68688.02,120743.371,1.588,5835.344,138862.69,0.021,0.0
654.416,2026-06-26T03:09:51.923236,68665.492,120693.371,1.571,5835.345,138862.69,0.021,0.0
654.467,2026-06-26T03:09:51.974233,68713.781,121493.371,1.56,5835.346,138912.69,0.021,980.417
654.518,2026-06-26T03:09:52.025228,68782.293,121493.371,1.552,5835.347,138912.69,0.021,0.0
654.569,2026-06-26T03:09:52.076217,68850.402,121493.371,1.591,5835.348,138912.69,0.021,0.0
654.62,2026-06-26T03:09:52.127239,68919.254,121493.371,1.574,5835.349,138912.69,0.021,0.0
654.671,2026-06-26T03:09:52.178232,68988.41,121493.371,1.561,5835.35,138912.69,0.021,0.0
654.722,2026-06-26T03:09:52.229231,69057.496,121493.371,1.598,5835.351,138912.69,0.021,0.0
654.773,2026-06-26T03:09:52.280230,69126.895,121493.371,1.624,5835.353,138912.69,0.021,0.0
654.824,2026-06-26T03:09:52.331232,69196.238,121493.371,1.642,5835.354,138912.69,0.021,0.0
654.875,2026-06-26T03:09:52.382254,69265.625,121493.371,1.609,5835.355,138912.69,0.021,0.0
654.926,2026-06-26T03:09:52.433234,69335.645,121493.371,1.586,5835.356,138912.69,0.021,0.0
654.977,2026-06-26T03:09:52.484211,69402.355,121493.371,1.524,5835.357,138912.69,0.021,0.0
655.028,2026-06-26T03:09:52.535209,69463.09,121493.371,1.572,5835.358,138912.69,0.021,0.0
655.079,2026-06-26T03:09:52.586213,69525.527,121493.371,1.56,5835.359,138912.69,0.021,0.0
655.13,2026-06-26T03:09:52.637225,69591.809,121493.371,1.552,5835.36,138912.69,0.021,0.0
655.181,2026-06-26T03:09:52.688209,69500.023,121493.371,1.592,5835.361,138912.69,0.021,0.0
655.232,2026-06-26T03:09:52.739209,68703.512,121493.371,1.574,5835.362,138912.69,0.021,0.0
655.283,2026-06-26T03:09:52.790205,67888.223,121493.371,1.469,5835.363,138912.69,0.021,0.0
655.334,2026-06-26T03:09:52.841255,67028.223,121493.371,1.258,5835.364,138912.69,0.021,0.0
655.385,2026-06-26T03:09:52.892259,66170.223,121493.371,1.11,5835.365,138912.69,0.021,0.0
655.436,2026-06-26T03:09:52.943245,65596.887,117397.371,1.007,5835.366,138912.69,0.021,0.0
655.487,2026-06-26T03:09:52.994221,65572.223,117397.371,0.981,5835.367,138912.69,0.021,0.0
655.538,2026-06-26T03:09:53.045219,64842.223,116597.371,0.917,5835.368,138912.69,0.02,0.0
655.589,2026-06-26T03:09:53.096223,64842.223,116597.371,0.917,5835.369,138912.69,0.02,0.0
655.64,2026-06-26T03:09:53.147218,64842.223,116597.371,0.872,5835.37,138912.69,0.02,0.0
655.691,2026-06-26T03:09:53.198210,64842.223,116597.371,0.84,5835.371,138912.69,0.021,0.0
655.742,2026-06-26T03:09:53.249210,64842.223,116597.371,0.818,5835.372,138962.69,0.02,979.767
655.793,2026-06-26T03:09:53.300228,64883.238,117397.371,0.802,5835.373,138962.69,0.02,0.0
655.844,2026-06-26T03:09:53.351227,64934.383,117397.371,0.791,5835.375,138962.69,0.02,0.0
655.895,2026-06-26T03:09:53.402224,64985.391,117397.371,0.784,5835.376,138962.69,0.02,0.0
655.946,2026-06-26T03:09:53.453226,65036.355,117397.371,1.008,5835.377,138962.69,0.021,0.0
655.997,2026-06-26T03:09:53.504204,65086.988,117397.371,1.165,5835.378,138962.69,0.02,0.0
656.048,2026-06-26T03:09:53.555228,65137.684,117397.371,1.275,5835.379,138962.69,0.02,0.0
656.099,2026-06-26T03:09:53.606218,65187.535,117397.371,1.398,5835.38,138962.69,0.021,0.0
656.15,2026-06-26T03:09:53.657220,65237.41,117397.371,1.438,5835.381,138962.69,0.02,0.0
656.201,2026-06-26T03:09:53.708210,65287.207,117397.371,1.512,5835.382,138962.69,0.021,0.0
656.252,2026-06-26T03:09:53.759212,65337.492,117397.371,1.518,5835.383,138962.69,0.021,0.0
656.303,2026-06-26T03:09:53.810228,65388.297,117397.371,1.522,5835.384,138962.69,0.021,0.0
656.354,2026-06-26T03:09:53.861211,65437.789,117397.371,1.525,5835.385,138962.69,0.021,0.0
656.405,2026-06-26T03:09:53.912208,65487.969,117397.371,1.527,5835.386,138962.69,0.021,0.0
656.456,2026-06-26T03:09:53.963202,65538.238,117397.371,1.575,5835.387,138962.69,0.021,0.0
656.507,2026-06-26T03:09:54.014238,65588.523,117397.371,1.561,5835.388,138962.69,0.021,0.0
656.558,2026-06-26T03:09:54.065243,65638.812,117397.371,1.598,5835.389,138962.69,0.021,0.0
656.609,2026-06-26T03:09:54.116231,65624.719,117397.371,1.579,5835.39,138962.69,0.021,0.0
656.66,2026-06-26T03:09:54.167228,65148.223,117397.371,1.565,5835.391,138962.69,0.02,0.0
656.711,2026-06-26T03:09:54.218231,64842.223,116597.371,1.555,5835.392,138962.69,0.021,0.0
656.762,2026-06-26T03:09:54.269234,64842.223,116597.371,1.594,5835.393,138962.69,0.02,0.0
656.813,2026-06-26T03:09:54.320239,64842.227,116597.371,1.529,5835.394,138962.69,0.02,0.0
656.864,2026-06-26T03:09:54.371203,64842.227,116597.371,1.302,5835.395,138962.69,0.021,0.0
656.915,2026-06-26T03:09:54.421745,64849.691,117397.371,1.143,5835.397,139012.69,0.021,988.812
656.966,2026-06-26T03:09:54.472333,64900.344,117397.371,1.032,5835.398,139012.69,0.021,0.0
657.016,2026-06-26T03:09:54.522940,64951.391,117397.371,1.0,5835.399,139012.69,0.021,0.0
657.067,2026-06-26T03:09:54.573552,65002.16,117397.371,0.931,5835.4,139012.69,0.021,0.0
657.117,2026-06-26T03:09:54.624188,65052.914,117397.371,0.837,5835.401,139012.69,0.021,0.0
657.168,2026-06-26T03:09:54.674811,65103.848,117397.371,0.862,5835.402,139012.69,0.021,0.0
657.219,2026-06-26T03:09:54.725846,65155.234,117397.371,0.787,5835.403,139012.69,0.02,0.0
657.27,2026-06-26T03:09:54.776898,65206.637,117397.371,0.827,5835.404,139012.69,0.02,0.0
657.321,2026-06-26T03:09:54.827924,65257.852,117397.371,0.808,5835.405,139012.69,0.02,0.0
657.372,2026-06-26T03:09:54.878959,65309.414,117397.371,0.795,5835.406,139012.69,0.021,0.0
657.423,2026-06-26T03:09:54.929973,65361.496,117397.371,0.786,5835.407,139012.69,0.021,0.0
657.474,2026-06-26T03:09:54.981037,65413.289,117397.371,0.826,5835.408,139012.69,0.021,0.0
657.525,2026-06-26T03:09:55.032054,65462.777,117397.371,0.762,5835.409,139012.69,0.021,0.0
657.576,2026-06-26T03:09:55.083081,65513.301,117397.371,0.855,5835.41,139012.69,0.021,0.0
657.627,2026-06-26T03:09:55.134096,65564.102,117397.371,0.828,5835.411,139012.69,0.021,0.0
657.678,2026-06-26T03:09:55.185158,65615.117,117397.371,0.763,5835.412,139012.69,0.021,0.0
657.729,2026-06-26T03:09:55.236222,65602.82,117397.371,0.81,5835.413,139012.69,0.021,0.0
657.78,2026-06-26T03:09:55.287203,65486.227,117397.371,0.843,5835.414,139012.69,0.021,0.0
657.831,2026-06-26T03:09:55.338247,64842.227,116597.371,0.819,5835.415,139012.69,0.02,0.0
657.882,2026-06-26T03:09:55.389238,64842.227,116597.371,0.804,5835.416,139012.69,0.02,0.0
657.933,2026-06-26T03:09:55.440203,64842.227,116597.371,0.793,5835.417,139012.69,0.021,0.0
657.984,2026-06-26T03:09:55.491117,64842.227,116597.371,0.785,5835.418,139012.69,0.021,0.0
658.035,2026-06-26T03:09:55.542078,64842.227,116597.371,0.779,5835.42,139062.69,0.021,981.528
658.086,2026-06-26T03:09:55.593039,64884.227,116647.371,0.775,5835.421,139062.69,0.02,0.0
658.137,2026-06-26T03:09:55.644043,64842.227,116597.371,0.773,5835.422,139062.69,0.021,0.0
658.259,2026-06-26T03:09:55.765822,64854.215,117397.371,0.772,5835.771,139112.69,2.881,412.042
658.309,2026-06-26T03:09:55.816253,64892.738,117397.371,0.68,5835.772,139112.69,0.021,0.0
658.36,2026-06-26T03:09:55.866875,64943.594,117397.371,0.753,5835.773,139112.69,0.021,0.0
658.411,2026-06-26T03:09:55.917613,64993.977,117397.371,0.712,5835.774,139112.69,0.021,0.0
658.462,2026-06-26T03:09:55.968411,65045.641,117397.371,0.729,5835.775,139112.69,0.021,0.0
658.512,2026-06-26T03:09:56.019229,65097.016,117397.371,0.787,5835.776,139112.69,0.021,0.0
658.563,2026-06-26T03:09:56.070213,65148.004,117397.371,0.78,5835.778,139112.69,0.021,0.0
658.614,2026-06-26T03:09:56.121190,65199.02,117397.371,0.776,5835.779,139112.69,0.021,0.0
658.665,2026-06-26T03:09:56.172157,65250.074,117397.371,0.773,5835.78,139112.69,0.021,0.0
658.716,2026-06-26T03:09:56.223104,65301.09,117397.371,0.771,5835.781,139112.69,0.021,0.0
658.767,2026-06-26T03:09:56.274086,65351.891,117397.371,0.77,5835.782,139112.69,0.021,0.0
658.818,2026-06-26T03:09:56.325083,65402.117,117397.371,0.769,5835.783,139112.69,0.021,0.0
658.869,2026-06-26T03:09:56.376060,65452.488,117397.371,0.768,5835.784,139112.69,0.021,0.0
658.92,2026-06-26T03:09:56.427032,65502.969,117397.371,0.767,5835.785,139112.69,0.021,0.0
658.971,2026-06-26T03:09:56.478022,65553.484,117397.371,0.813,5835.786,139112.69,0.021,0.0
659.022,2026-06-26T03:09:56.528976,65604.547,117397.371,0.753,5835.787,139112.69,0.021,0.0
659.073,2026-06-26T03:09:56.579980,65592.844,117397.371,0.803,5835.788,139112.69,0.021,0.0
659.124,2026-06-26T03:09:56.630942,65634.262,117397.371,0.792,5835.789,139112.69,0.021,0.0
659.175,2026-06-26T03:09:56.681935,64882.262,117397.371,0.784,5835.79,139112.69,0.02,0.0
659.226,2026-06-26T03:09:56.732908,64842.262,116597.371,0.779,5835.791,139112.69,0.021,0.0
659.277,2026-06-26T03:09:56.783903,64842.262,116597.371,0.775,5835.792,139112.69,0.02,0.0
659.328,2026-06-26T03:09:56.834887,64842.262,116597.371,0.773,5835.793,139112.69,0.02,0.0
659.379,2026-06-26T03:09:56.885874,64842.262,116597.371,0.817,5835.794,139112.69,0.021,0.0
659.43,2026-06-26T03:09:56.936844,64868.762,116647.371,0.801,5835.795,139162.69,0.02,979.785
659.481,2026-06-26T03:09:56.987864,64842.262,116597.371,0.791,5835.796,139162.69,0.021,0.0
659.532,2026-06-26T03:09:57.038822,64851.762,116647.371,0.875,5835.797,139212.69,0.021,980.954
659.583,2026-06-26T03:09:57.089809,64842.262,116597.371,0.797,5835.798,139212.69,0.021,0.0
659.634,2026-06-26T03:09:57.140785,64842.262,116597.371,0.788,5835.799,139262.69,0.021,980.839
659.685,2026-06-26T03:09:57.191777,64888.082,117397.371,0.781,5835.801,139262.69,0.02,0.0
659.736,2026-06-26T03:09:57.242771,64938.105,117397.371,0.822,5835.802,139262.69,0.02,0.0
659.787,2026-06-26T03:09:57.293769,64987.844,117397.371,0.806,5835.803,139262.69,0.021,0.0
659.838,2026-06-26T03:09:57.344741,65037.77,117397.371,0.794,5835.804,139262.69,0.02,0.0
659.889,2026-06-26T03:09:57.395736,65087.621,117397.371,0.785,5835.805,139262.69,0.021,0.0
659.94,2026-06-26T03:09:57.446702,65137.574,117397.371,0.779,5835.806,139262.69,0.02,0.0
659.991,2026-06-26T03:09:57.497717,65187.484,117397.371,0.822,5835.807,139262.69,0.021,0.0
660.042,2026-06-26T03:09:57.548675,65237.281,117397.371,0.759,5835.808,139262.69,0.021,0.0
660.093,2026-06-26T03:09:57.599666,65287.711,117397.371,0.807,5835.809,139262.69,0.021,0.0
660.144,2026-06-26T03:09:57.650642,65336.52,117397.371,0.795,5835.81,139262.69,0.021,0.0
660.195,2026-06-26T03:09:57.701635,65385.508,117397.371,0.832,5835.811,139262.69,0.021,0.0
660.246,2026-06-26T03:09:57.752644,65434.957,117397.371,0.766,5835.812,139262.69,0.021,0.0
660.297,2026-06-26T03:09:57.803627,65482.422,117397.371,0.812,5835.813,139262.69,0.021,0.0
660.348,2026-06-26T03:09:57.854598,65530.27,117397.371,0.798,5835.814,139262.69,0.021,0.0
660.399,2026-06-26T03:09:57.905598,65581.051,117397.371,0.789,5835.815,139262.69,0.021,0.0
660.45,2026-06-26T03:09:57.956582,65631.832,117397.371,0.782,5835.816,139262.69,0.021,0.0
660.501,2026-06-26T03:09:58.007604,65618.762,117397.371,0.777,5835.817,139262.69,0.021,0.0
660.552,2026-06-26T03:09:58.058561,65250.262,117397.371,0.774,5835.818,139262.69,0.021,0.0
660.603,2026-06-26T03:09:58.109551,64842.262,116597.371,0.771,5835.819,139262.69,0.02,0.0
660.654,2026-06-26T03:09:58.160537,64842.262,116597.371,0.77,5835.82,139262.69,0.021,0.0
660.705,2026-06-26T03:09:58.211541,64842.262,116597.371,0.769,5835.821,139262.69,0.02,0.0
660.756,2026-06-26T03:09:58.262525,64842.262,116597.371,0.768,5835.822,139262.69,0.02,0.0
660.807,2026-06-26T03:09:58.313521,64849.496,117397.371,0.859,5835.824,139312.69,0.021,981.16
660.858,2026-06-26T03:09:58.364494,64887.684,117397.371,0.785,5835.825,139312.69,0.02,0.0
660.909,2026-06-26T03:09:58.415502,64925.973,117397.371,0.779,5835.826,139312.69,0.021,0.0
660.96,2026-06-26T03:09:58.466481,64965.203,117397.371,0.776,5835.827,139312.69,0.02,0.0
661.011,2026-06-26T03:09:58.517483,65015.574,117397.371,0.818,5835.828,139312.69,0.021,0.0
661.062,2026-06-26T03:09:58.568444,65065.426,117397.371,0.803,5835.829,139312.69,0.021,0.0
661.113,2026-06-26T03:09:58.619431,65114.867,117397.371,0.884,5835.83,139312.69,0.02,0.0
661.164,2026-06-26T03:09:58.670435,65165.152,117397.371,0.802,5835.831,139312.69,0.02,0.0
661.215,2026-06-26T03:09:58.721480,65215.535,117397.371,0.791,5835.832,139312.69,0.02,0.0
661.266,2026-06-26T03:09:58.772509,65265.289,117397.371,0.829,5835.833,139312.69,0.02,0.0
661.317,2026-06-26T03:09:58.823569,65315.523,117397.371,0.764,5835.834,139312.69,0.021,0.0
661.368,2026-06-26T03:09:58.874603,65365.406,117397.371,0.81,5835.835,139312.69,0.021,0.0
661.419,2026-06-26T03:09:58.925669,65414.488,117397.371,0.797,5835.836,139312.69,0.021,0.0
661.47,2026-06-26T03:09:58.976696,65464.047,117397.371,0.787,5835.837,139312.69,0.021,0.0
661.521,2026-06-26T03:09:59.027755,65513.223,117397.371,0.781,5835.838,139312.69,0.021,0.0
661.572,2026-06-26T03:09:59.078775,65562.605,117397.371,0.776,5835.839,139312.69,0.021,0.0
661.623,2026-06-26T03:09:59.129826,65612.039,117397.371,0.773,5835.84,139312.69,0.021,0.0
661.674,2026-06-26T03:09:59.180870,65599.23,117397.371,0.817,5835.841,139312.69,0.021,0.0
661.725,2026-06-26T03:09:59.231896,65528.262,117397.371,0.755,5835.842,139312.69,0.021,0.0
661.776,2026-06-26T03:09:59.282836,64842.262,116597.371,0.76,5835.843,139312.69,0.021,0.0
661.827,2026-06-26T03:09:59.333441,64842.262,116597.371,0.763,5835.844,139312.69,0.021,0.0
661.877,2026-06-26T03:09:59.384017,64842.262,116597.371,0.766,5835.846,139312.69,0.021,0.0
661.928,2026-06-26T03:09:59.434622,64842.262,116597.371,0.814,5835.847,139312.69,0.021,0.0
661.978,2026-06-26T03:09:59.485209,64842.262,116597.371,0.802,5835.848,139362.69,0.021,988.29
662.029,2026-06-26T03:09:59.535815,64873.648,117397.371,0.839,5835.849,139362.69,0.021,0.0
662.08,2026-06-26T03:09:59.586467,64923.301,117397.371,0.819,5835.85,139362.69,0.021,0.0
662.13,2026-06-26T03:09:59.637080,64970.129,117397.371,0.804,5835.851,139362.69,0.021,0.0
662.181,2026-06-26T03:09:59.687722,65007.727,117397.371,0.795,5835.852,139362.69,0.021,0.0
662.232,2026-06-26T03:09:59.738339,65044.984,117397.371,0.788,5835.853,139362.69,0.021,0.0
662.282,2026-06-26T03:09:59.788945,65082.367,117397.371,0.783,5835.854,139362.69,0.021,0.0
662.333,2026-06-26T03:09:59.839586,65129.66,117397.371,0.78,5835.855,139362.69,0.021,0.0
662.383,2026-06-26T03:09:59.890202,65179.02,117397.371,0.777,5835.856,139362.69,0.021,0.0
662.434,2026-06-26T03:09:59.940816,65228.512,117397.371,0.822,5835.857,139362.69,0.021,0.0
662.485,2026-06-26T03:09:59.991460,65279.406,117397.371,0.807,5835.858,139362.69,0.021,0.0
662.535,2026-06-26T03:10:00.042041,65330.016,117397.371,0.796,5835.859,139362.69,0.021,0.0
662.586,2026-06-26T03:10:00.092678,65380.508,117397.371,0.743,5835.86,139362.69,0.021,0.0
662.637,2026-06-26T03:10:00.143310,65430.492,117397.371,0.751,5835.861,139362.69,0.021,0.0
662.687,2026-06-26T03:10:00.193910,65480.574,117397.371,0.757,5835.862,139362.69,0.021,0.0
662.738,2026-06-26T03:10:00.244552,65531.863,117397.371,0.808,5835.863,139362.69,0.021,0.0
662.788,2026-06-26T03:10:00.295116,65582.887,117397.371,0.751,5835.864,139362.69,0.021,0.0
662.839,2026-06-26T03:10:00.345723,65634.047,117397.371,0.804,5835.865,139362.69,0.021,0.0
662.89,2026-06-26T03:10:00.396339,65620.535,117397.371,0.794,5835.866,139362.69,0.021,0.0
662.94,2026-06-26T03:10:00.446933,65238.262,117397.371,0.787,5835.867,139362.69,0.021,0.0
662.991,2026-06-26T03:10:00.497539,64842.262,116597.371,0.783,5835.869,139362.69,0.021,0.0
663.041,2026-06-26T03:10:00.548118,64842.262,116597.371,0.78,5835.87,139362.69,0.021,0.0
663.092,2026-06-26T03:10:00.598760,64842.262,116597.371,0.824,5835.871,139362.69,0.021,0.0
663.143,2026-06-26T03:10:00.649376,64842.262,116597.371,0.808,5835.872,139362.69,0.021,0.0
663.233,2026-06-26T03:10:00.739475,64842.277,116597.371,0.8,5836.221,139412.69,3.889,556.085
663.283,2026-06-26T03:10:00.789906,64842.277,116597.371,0.56,5836.222,139412.69,0.021,0.0
663.334,2026-06-26T03:10:00.840536,64878.625,117397.371,0.577,5836.223,139412.69,0.021,0.0
663.384,2026-06-26T03:10:00.891186,64916.691,117397.371,0.636,5836.224,139412.69,0.021,0.0
663.435,2026-06-26T03:10:00.941810,64954.777,117397.371,0.676,5836.226,139412.69,0.021,0.0
663.486,2026-06-26T03:10:00.992418,64992.355,117397.371,0.705,5836.227,139412.69,0.021,0.0
663.536,2026-06-26T03:10:01.043027,65029.816,117397.371,0.771,5836.228,139412.69,0.021,0.0
663.587,2026-06-26T03:10:01.093752,65067.531,117397.371,0.771,5836.229,139412.69,0.021,0.0
663.638,2026-06-26T03:10:01.144378,65109.719,117397.371,0.725,5836.23,139412.69,0.021,0.0
663.688,2026-06-26T03:10:01.195002,65159.57,117397.371,0.785,5836.231,139412.69,0.021,0.0
663.739,2026-06-26T03:10:01.245629,65209.465,117397.371,0.781,5836.232,139412.69,0.021,0.0
663.789,2026-06-26T03:10:01.296205,65259.465,117397.371,0.778,5836.233,139412.69,0.021,0.0
663.84,2026-06-26T03:10:01.346809,65310.227,117397.371,0.776,5836.234,139412.69,0.021,0.0
663.891,2026-06-26T03:10:01.397458,65354.824,117397.371,0.775,5836.235,139412.69,0.021,0.0
663.941,2026-06-26T03:10:01.448079,65404.938,117397.371,0.728,5836.236,139412.69,0.021,0.0
663.992,2026-06-26T03:10:01.498706,65455.16,117397.371,0.787,5836.237,139412.69,0.021,0.0
664.043,2026-06-26T03:10:01.549336,65505.383,117397.371,0.782,5836.238,139412.69,0.021,0.0
664.093,2026-06-26T03:10:01.599949,65555.605,117397.371,0.779,5836.239,139412.69,0.021,0.0
664.144,2026-06-26T03:10:01.650590,65606.062,117397.371,0.777,5836.24,139412.69,0.021,0.0
664.194,2026-06-26T03:10:01.701207,65593.703,117397.371,0.868,5836.241,139412.69,0.021,0.0
664.245,2026-06-26T03:10:01.751811,65626.277,117397.371,0.793,5836.242,139412.69,0.021,0.0
664.296,2026-06-26T03:10:01.802452,64894.277,117397.371,0.787,5836.243,139412.69,0.021,0.0
664.346,2026-06-26T03:10:01.853065,64842.277,116597.371,0.782,5836.244,139412.69,0.021,0.0
664.397,2026-06-26T03:10:01.903710,64842.277,116597.371,0.779,5836.245,139412.69,0.021,0.0
664.448,2026-06-26T03:10:01.954337,64842.277,116597.371,0.777,5836.246,139412.69,0.021,0.0
664.498,2026-06-26T03:10:02.004933,64842.277,116597.371,0.822,5836.247,139412.69,0.021,0.0
664.549,2026-06-26T03:10:02.055583,64867.277,116647.371,0.807,5836.249,139462.69,0.021,987.583
664.599,2026-06-26T03:10:02.106192,64842.277,116597.371,0.796,5836.25,139462.69,0.021,0.0
664.65,2026-06-26T03:10:02.156810,64855.668,116647.371,0.835,5836.251,139512.69,0.021,987.35
664.701,2026-06-26T03:10:02.207451,64842.277,116597.371,0.816,5836.252,139512.69,0.021,0.0
664.751,2026-06-26T03:10:02.258050,64842.277,116597.371,0.803,5836.253,139562.69,0.021,987.792
664.802,2026-06-26T03:10:02.308683,64887.617,116647.371,0.794,5836.254,139562.69,0.021,0.0
664.853,2026-06-26T03:10:02.359318,64842.277,116597.371,0.787,5836.255,139562.69,0.021,0.0
664.903,2026-06-26T03:10:02.409931,64876.414,117397.371,0.782,5836.256,139612.69,0.021,987.443
664.954,2026-06-26T03:10:02.460570,64926.789,117397.371,0.779,5836.257,139612.69,0.021,0.0
665.004,2026-06-26T03:10:02.511200,64977.629,117397.371,0.777,5836.258,139612.69,0.021,0.0
665.055,2026-06-26T03:10:02.561771,65028.402,117397.371,0.822,5836.259,139612.69,0.021,0.0
665.106,2026-06-26T03:10:02.612407,65079.23,117397.371,0.76,5836.26,139612.69,0.021,0.0
665.156,2026-06-26T03:10:02.663002,65120.645,117397.371,0.764,5836.261,139612.69,0.021,0.0
665.207,2026-06-26T03:10:02.713637,65159.18,117397.371,0.766,5836.262,139612.69,0.021,0.0
665.257,2026-06-26T03:10:02.764242,65196.512,117397.371,0.814,5836.263,139612.69,0.021,0.0
665.308,2026-06-26T03:10:02.814845,65240.426,117397.371,0.801,5836.264,139612.69,0.021,0.0
665.359,2026-06-26T03:10:02.865512,65290.754,117397.371,0.746,5836.265,139612.69,0.021,0.0
665.409,2026-06-26T03:10:02.916120,65341.191,117397.371,0.8,5836.266,139612.69,0.021,0.0
665.46,2026-06-26T03:10:02.966757,65392.277,117397.371,0.745,5836.267,139612.69,0.021,0.0
665.511,2026-06-26T03:10:03.017391,65444.066,117397.371,0.753,5836.268,139612.69,0.021,0.0
665.561,2026-06-26T03:10:03.067974,65495.676,117397.371,0.805,5836.269,139612.69,0.021,0.0
665.612,2026-06-26T03:10:03.118628,65547.469,117397.371,0.795,5836.27,139612.69,0.021,0.0
665.662,2026-06-26T03:10:03.169227,65592.785,117397.371,0.788,5836.272,139612.69,0.021,0.0
665.713,2026-06-26T03:10:03.219833,65612.277,117397.371,0.783,5836.273,139612.69,0.021,0.0
665.764,2026-06-26T03:10:03.270476,65630.484,117397.371,0.78,5836.274,139612.69,0.021,0.0
665.814,2026-06-26T03:10:03.321088,65090.277,117397.371,0.777,5836.275,139612.69,0.021,0.0
665.865,2026-06-26T03:10:03.371752,64842.277,116597.371,0.776,5836.276,139612.69,0.021,0.0
665.916,2026-06-26T03:10:03.422366,64842.277,116597.371,0.774,5836.277,139612.69,0.021,0.0
665.966,2026-06-26T03:10:03.472972,64842.277,116597.371,0.773,5836.278,139612.69,0.021,0.0
666.017,2026-06-26T03:10:03.523610,64842.277,116597.371,0.773,5836.279,139612.69,0.021,0.0
666.067,2026-06-26T03:10:03.574209,64861.094,117397.371,0.819,5836.28,139662.69,0.021,987.797
666.118,2026-06-26T03:10:03.624837,64912.609,117397.371,0.805,5836.281,139662.69,0.021,0.0
666.169,2026-06-26T03:10:03.675472,64964.477,117397.371,0.795,5836.282,139662.69,0.021,0.0
666.219,2026-06-26T03:10:03.726083,65013.492,117397.371,0.834,5836.283,139662.69,0.021,0.0
666.27,2026-06-26T03:10:03.776719,65062.723,117397.371,0.862,5836.284,139662.69,0.021,0.0
666.321,2026-06-26T03:10:03.827351,65104.43,117397.371,0.835,5836.285,139662.69,0.021,0.0
666.371,2026-06-26T03:10:03.877978,65141.359,117397.371,0.769,5836.286,139662.69,0.021,0.0
666.422,2026-06-26T03:10:03.928616,65177.074,117397.371,0.77,5836.287,139662.69,0.021,0.0
666.472,2026-06-26T03:10:03.979228,65212.605,117397.371,0.817,5836.288,139662.69,0.021,0.0
666.523,2026-06-26T03:10:04.029842,65248.473,117397.371,0.803,5836.289,139662.69,0.021,0.0
666.574,2026-06-26T03:10:04.080479,65282.902,117397.371,0.794,5836.29,139662.69,0.021,0.0
666.624,2026-06-26T03:10:04.131102,65317.824,117397.371,0.787,5836.291,139662.69,0.021,0.0
666.675,2026-06-26T03:10:04.181722,65354.941,117397.371,0.736,5836.292,139662.69,0.021,0.0
666.726,2026-06-26T03:10:04.232342,65401.656,117397.371,0.747,5836.293,139662.69,0.021,0.0
666.776,2026-06-26T03:10:04.282972,65447.848,117397.371,0.801,5836.295,139662.69,0.021,0.0
666.827,2026-06-26T03:10:04.333565,65492.621,117397.371,0.792,5836.296,139662.69,0.021,0.0
666.877,2026-06-26T03:10:04.384101,65538.672,117397.371,0.786,5836.297,139662.69,0.021,0.0
666.928,2026-06-26T03:10:04.434673,65582.727,117397.371,0.782,5836.298,139662.69,0.021,0.0
666.978,2026-06-26T03:10:04.485246,65627.414,117397.371,0.779,5836.299,139662.69,0.021,0.0
667.029,2026-06-26T03:10:04.535835,65611.277,117397.371,0.823,5836.3,139662.69,0.021,0.0
667.08,2026-06-26T03:10:04.586437,65354.277,117397.371,0.762,5836.301,139662.69,0.021,0.0
667.13,2026-06-26T03:10:04.636997,64842.277,116597.371,0.765,5836.302,139662.69,0.021,0.0
667.181,2026-06-26T03:10:04.687601,64842.277,116597.371,0.767,5836.303,139662.69,0.021,0.0
667.231,2026-06-26T03:10:04.738195,64842.277,116597.371,0.769,5836.304,139662.69,0.021,0.0
667.282,2026-06-26T03:10:04.788799,64842.277,116597.371,0.769,5836.305,139662.69,0.021,0.0
667.333,2026-06-26T03:10:04.839731,64842.277,116597.371,0.768,5836.306,139712.69,0.021,981.344
667.384,2026-06-26T03:10:04.890689,64891.328,117397.371,0.814,5836.307,139712.69,0.021,0.0
667.435,2026-06-26T03:10:04.941631,64936.387,117397.371,0.8,5836.308,139712.69,0.021,0.0
667.486,2026-06-26T03:10:04.992572,64987.59,117397.371,0.744,5836.309,139712.69,0.021,0.0
667.537,2026-06-26T03:10:05.043514,65038.363,117397.371,0.843,5836.31,139712.69,0.021,0.0
667.588,2026-06-26T03:10:05.094494,65089.25,117397.371,0.82,5836.311,139712.69,0.021,0.0
667.639,2026-06-26T03:10:05.145489,65141.055,117397.371,0.757,5836.312,139712.69,0.02,0.0
667.69,2026-06-26T03:10:05.196536,65191.512,117397.371,0.852,5836.313,139712.69,0.02,0.0
667.741,2026-06-26T03:10:05.247532,65236.395,117397.371,0.78,5836.314,139712.69,0.02,0.0
667.792,2026-06-26T03:10:05.298594,65274.996,117397.371,0.775,5836.315,139712.69,0.02,0.0
667.843,2026-06-26T03:10:05.349620,65313.387,117397.371,0.818,5836.317,139712.69,0.021,0.0
667.894,2026-06-26T03:10:05.400606,65351.652,117397.371,0.85,5836.318,139712.69,0.021,0.0
667.944,2026-06-26T03:10:05.451174,65389.934,117397.371,0.827,5836.319,139712.69,0.021,0.0
667.995,2026-06-26T03:10:05.501743,65428.203,117397.371,0.764,5836.32,139712.69,0.021,0.0
668.046,2026-06-26T03:10:05.552385,65466.754,117397.371,0.813,5836.321,139712.69,0.021,0.0
668.096,2026-06-26T03:10:05.602971,65516.0,117397.371,0.8,5836.322,139712.69,0.021,0.0
668.147,2026-06-26T03:10:05.653603,65567.539,117397.371,0.792,5836.323,139712.69,0.021,0.0
668.237,2026-06-26T03:10:05.743569,65615.758,117397.371,0.763,5836.674,139712.69,3.907,0.0
668.287,2026-06-26T03:10:05.793994,65602.828,117397.371,0.812,5836.675,139712.69,0.021,0.0
668.338,2026-06-26T03:10:05.844638,65492.32,117397.371,0.754,5836.676,139712.69,0.021,0.0
668.388,2026-06-26T03:10:05.895259,64842.32,116597.371,0.759,5836.677,139712.69,0.021,0.0
668.439,2026-06-26T03:10:05.945870,64842.32,116597.371,0.763,5836.678,139712.69,0.021,0.0
668.49,2026-06-26T03:10:05.996521,64842.32,116597.371,0.765,5836.679,139712.69,0.021,0.0
668.54,2026-06-26T03:10:06.047169,64842.32,116597.371,0.767,5836.68,139712.69,0.021,0.0
668.591,2026-06-26T03:10:06.097758,64842.32,116597.371,0.815,5836.681,139762.69,0.021,988.123
668.642,2026-06-26T03:10:06.148378,64880.723,117397.371,0.802,5836.682,139762.69,0.021,0.0
668.692,2026-06-26T03:10:06.198987,64931.363,117397.371,0.793,5836.683,139762.69,0.021,0.0
668.743,2026-06-26T03:10:06.249621,64981.699,117397.371,0.786,5836.684,139762.69,0.021,0.0
668.793,2026-06-26T03:10:06.300239,65031.664,117397.371,0.736,5836.685,139762.69,0.021,0.0
668.844,2026-06-26T03:10:06.350862,65081.891,117397.371,0.793,5836.686,139762.69,0.021,0.0
668.895,2026-06-26T03:10:06.401503,65132.461,117397.371,0.786,5836.687,139762.69,0.021,0.0
668.945,2026-06-26T03:10:06.452110,65183.199,117397.371,0.782,5836.688,139762.69,0.021,0.0
668.996,2026-06-26T03:10:06.502746,65233.926,117397.371,0.779,5836.689,139762.69,0.021,0.0
669.047,2026-06-26T03:10:06.553383,65283.738,117397.371,0.777,5836.69,139762.69,0.021,0.0
669.097,2026-06-26T03:10:06.603981,65334.891,117397.371,0.821,5836.691,139762.69,0.021,0.0
669.148,2026-06-26T03:10:06.654625,65374.586,117397.371,0.805,5836.692,139762.69,0.021,0.0
669.199,2026-06-26T03:10:06.705648,65408.219,117397.371,0.839,5836.693,139762.69,0.021,0.0
669.25,2026-06-26T03:10:06.756698,65446.391,117397.371,0.817,5836.694,139762.69,0.021,0.0
669.301,2026-06-26T03:10:06.807745,65484.508,117397.371,0.801,5836.695,139762.69,0.021,0.0
669.352,2026-06-26T03:10:06.858781,65522.402,117397.371,0.791,5836.697,139762.69,0.021,0.0
669.403,2026-06-26T03:10:06.909798,65560.523,117397.371,0.783,5836.698,139762.69,0.021,0.0
669.454,2026-06-26T03:10:06.960856,65598.824,117397.371,0.732,5836.699,139762.69,0.021,0.0
669.505,2026-06-26T03:10:07.011881,65592.32,117347.371,0.787,5836.7,139762.69,0.021,0.0
669.556,2026-06-26T03:10:07.062962,65635.43,117397.371,0.827,5836.701,139762.69,0.021,0.0
669.607,2026-06-26T03:10:07.113970,64990.32,117397.371,0.854,5836.702,139762.69,0.02,0.0
669.658,2026-06-26T03:10:07.165013,64842.32,116597.371,0.828,5836.703,139762.69,0.02,0.0
669.709,2026-06-26T03:10:07.216038,64842.32,116597.371,0.809,5836.704,139762.69,0.02,0.0
669.76,2026-06-26T03:10:07.267087,64842.32,116597.371,0.796,5836.705,139762.69,0.02,0.0
669.811,2026-06-26T03:10:07.318134,64842.32,116597.371,0.787,5836.706,139762.69,0.02,0.0
669.862,2026-06-26T03:10:07.369190,64868.316,117397.371,0.78,5836.707,139812.69,0.02,980.312
669.913,2026-06-26T03:10:07.420243,64919.594,117397.371,0.73,5836.708,139812.69,0.02,0.0
669.964,2026-06-26T03:10:07.471247,64970.953,117397.371,0.741,5836.709,139812.69,0.02,0.0
670.015,2026-06-26T03:10:07.522250,65022.262,117397.371,0.794,5836.71,139812.69,0.02,0.0
670.066,2026-06-26T03:10:07.573260,65073.609,117397.371,0.786,5836.711,139812.69,0.02,0.0
670.117,2026-06-26T03:10:07.624248,65124.832,117397.371,0.78,5836.712,139812.69,0.021,0.0
670.168,2026-06-26T03:10:07.675244,65175.641,117397.371,0.776,5836.713,139812.69,0.02,0.0
670.219,2026-06-26T03:10:07.726259,65226.691,117397.371,0.773,5836.714,139812.69,0.02,0.0
670.27,2026-06-26T03:10:07.777272,65277.949,117397.371,0.862,5836.715,139812.69,0.02,0.0
670.322,2026-06-26T03:10:07.828273,65329.191,117397.371,0.787,5836.716,139812.69,0.021,0.0
670.372,2026-06-26T03:10:07.879271,65380.055,117397.371,0.827,5836.717,139812.69,0.021,0.0
670.423,2026-06-26T03:10:07.930271,65432.039,117397.371,0.809,5836.718,139812.69,0.021,0.0
670.475,2026-06-26T03:10:07.981293,65483.422,117397.371,0.796,5836.72,139812.69,0.021,0.0
670.526,2026-06-26T03:10:08.032282,65535.57,117397.371,0.787,5836.721,139812.69,0.021,0.0
670.577,2026-06-26T03:10:08.083284,65587.691,117397.371,0.781,5836.722,139812.69,0.021,0.0
670.628,2026-06-26T03:10:08.134280,65639.957,117397.371,0.776,5836.723,139812.69,0.021,0.0
670.679,2026-06-26T03:10:08.185278,65626.82,117397.371,0.773,5836.724,139812.69,0.021,0.0
670.73,2026-06-26T03:10:08.236324,65142.32,117397.371,0.817,5836.725,139812.69,0.02,0.0
670.781,2026-06-26T03:10:08.287334,64842.32,116597.371,0.847,5836.726,139812.69,0.02,0.0
670.832,2026-06-26T03:10:08.338310,64842.32,116597.371,0.823,5836.727,139812.69,0.02,0.0
670.883,2026-06-26T03:10:08.389345,64842.32,116597.371,0.806,5836.728,139812.69,0.02,0.0
670.934,2026-06-26T03:10:08.440372,64842.32,116597.371,0.794,5836.729,139812.69,0.02,0.0
670.985,2026-06-26T03:10:08.491440,64847.527,116647.371,0.785,5836.73,139862.69,0.02,979.332
671.036,2026-06-26T03:10:08.542465,64842.285,116597.371,0.733,5836.731,139862.69,0.02,0.0
671.087,2026-06-26T03:10:08.593511,64842.285,116597.371,0.743,5836.732,139862.69,0.02,0.0
671.138,2026-06-26T03:10:08.644577,64873.262,117397.371,0.795,5836.733,139912.69,0.02,979.117
671.189,2026-06-26T03:10:08.695627,64924.391,117397.371,0.786,5836.734,139912.69,0.02,0.0
671.24,2026-06-26T03:10:08.746657,64976.664,117397.371,0.78,5836.735,139912.69,0.02,0.0
671.291,2026-06-26T03:10:08.797697,65028.328,117397.371,0.776,5836.736,139912.69,0.02,0.0
671.342,2026-06-26T03:10:08.848700,65079.496,117397.371,0.864,5836.737,139912.69,0.02,0.0
671.393,2026-06-26T03:10:08.899758,65130.805,117397.371,0.789,5836.738,139912.69,0.02,0.0
671.444,2026-06-26T03:10:08.950784,65181.922,117397.371,0.827,5836.739,139912.69,0.02,0.0
671.495,2026-06-26T03:10:09.001835,65232.258,117397.371,0.809,5836.74,139912.69,0.02,0.0
671.546,2026-06-26T03:10:09.052868,65283.77,117397.371,0.796,5836.741,139912.69,0.02,0.0
671.597,2026-06-26T03:10:09.103910,65334.477,117397.371,0.787,5836.743,139912.69,0.021,0.0
671.648,2026-06-26T03:10:09.154960,65384.73,117397.371,0.826,5836.744,139912.69,0.021,0.0
671.699,2026-06-26T03:10:09.205997,65435.238,117397.371,0.808,5836.745,139912.69,0.021,0.0
671.75,2026-06-26T03:10:09.257022,65485.668,117397.371,0.795,5836.746,139912.69,0.021,0.0
671.801,2026-06-26T03:10:09.308086,65536.039,117397.371,0.786,5836.747,139912.69,0.021,0.0
671.852,2026-06-26T03:10:09.359034,65586.547,117397.371,0.828,5836.748,139912.69,0.021,0.0
671.903,2026-06-26T03:10:09.409606,65628.246,117397.371,0.811,5836.749,139912.69,0.021,0.0
671.953,2026-06-26T03:10:09.460190,65611.734,117397.371,0.753,5836.75,139912.69,0.021,0.0
672.004,2026-06-26T03:10:09.510800,65340.289,117397.371,0.805,5836.751,139912.69,0.021,0.0
672.055,2026-06-26T03:10:09.561448,64842.289,116597.371,0.795,5836.752,139912.69,0.021,0.0
672.105,2026-06-26T03:10:09.612055,64842.289,116597.371,0.788,5836.753,139912.69,0.021,0.0
672.156,2026-06-26T03:10:09.662714,64842.289,116597.371,0.783,5836.754,139912.69,0.021,0.0
672.207,2026-06-26T03:10:09.713330,64842.289,116597.371,0.78,5836.755,139912.69,0.021,0.0
672.257,2026-06-26T03:10:09.763939,64842.789,116647.371,0.777,5836.756,139962.69,0.021,986.96
672.308,2026-06-26T03:10:09.814582,64890.289,116647.371,0.776,5836.757,139962.69,0.021,0.0
672.359,2026-06-26T03:10:09.865685,64842.289,116597.371,0.772,5836.758,140012.69,0.02,978.131
672.41,2026-06-26T03:10:09.916310,64877.645,117397.371,0.772,5836.759,140012.69,0.021,0.0
672.46,2026-06-26T03:10:09.966911,64925.355,117397.371,0.772,5836.76,140012.69,0.021,0.0
672.511,2026-06-26T03:10:10.017553,64974.676,117397.371,0.772,5836.761,140012.69,0.021,0.0
672.561,2026-06-26T03:10:10.068192,65023.5,117397.371,0.772,5836.762,140012.69,0.021,0.0
672.612,2026-06-26T03:10:10.118807,65069.676,117397.371,0.772,5836.763,140012.69,0.021,0.0
672.663,2026-06-26T03:10:10.169450,65117.008,117397.371,0.772,5836.765,140012.69,0.021,0.0
672.713,2026-06-26T03:10:10.220055,65165.77,117397.371,0.772,5836.766,140012.69,0.021,0.0
672.764,2026-06-26T03:10:10.270686,65212.875,117397.371,0.818,5836.767,140012.69,0.021,0.0
672.815,2026-06-26T03:10:10.321320,65261.57,117397.371,0.85,5836.768,140012.69,0.021,0.0
672.865,2026-06-26T03:10:10.371933,65307.715,117397.371,0.827,5836.769,140012.69,0.021,0.0
672.916,2026-06-26T03:10:10.422582,65356.793,117397.371,0.764,5836.77,140012.69,0.021,0.0
672.966,2026-06-26T03:10:10.473182,65403.227,117397.371,0.813,5836.771,140012.69,0.021,0.0
673.017,2026-06-26T03:10:10.523750,65453.0,117397.371,0.754,5836.772,140012.69,0.021,0.0
673.068,2026-06-26T03:10:10.574373,65501.207,117397.371,0.806,5836.773,140012.69,0.021,0.0
673.118,2026-06-26T03:10:10.624965,65551.289,117397.371,0.796,5836.774,140012.69,0.021,0.0
673.169,2026-06-26T03:10:10.675603,65599.047,117397.371,0.789,5836.775,140012.69,0.021,0.0
673.259,2026-06-26T03:10:10.765433,65592.305,117347.371,0.787,5837.125,140012.69,3.901,0.0
673.309,2026-06-26T03:10:10.815857,65615.355,117397.371,0.69,5837.126,140012.69,0.021,0.0
673.36,2026-06-26T03:10:10.866489,65350.305,117397.371,0.714,5837.127,140012.69,0.021,0.0
673.41,2026-06-26T03:10:10.917123,64842.305,116597.371,0.778,5837.128,140012.69,0.021,0.0
673.461,2026-06-26T03:10:10.967755,64842.305,116597.371,0.776,5837.129,140012.69,0.021,0.0
673.512,2026-06-26T03:10:11.018389,64842.305,116597.371,0.774,5837.13,140012.69,0.021,0.0
673.562,2026-06-26T03:10:11.069001,64842.305,116597.371,0.774,5837.131,140012.69,0.021,0.0
673.613,2026-06-26T03:10:11.119632,64842.305,116597.371,0.819,5837.132,140062.69,0.021,987.299
673.663,2026-06-26T03:10:11.170267,64875.984,116647.371,0.759,5837.133,140062.69,0.021,0.0
673.714,2026-06-26T03:10:11.220875,64842.305,116597.371,0.809,5837.134,140062.69,0.021,0.0
673.765,2026-06-26T03:10:11.271516,64859.492,117397.371,0.798,5837.135,140112.69,0.021,987.667
673.815,2026-06-26T03:10:11.322126,64908.469,117397.371,0.744,5837.136,140112.69,0.021,0.0
673.866,2026-06-26T03:10:11.372760,64957.133,117397.371,0.752,5837.137,140112.69,0.021,0.0
673.917,2026-06-26T03:10:11.423414,65006.621,117397.371,0.758,5837.138,140112.69,0.021,0.0
673.967,2026-06-26T03:10:11.474017,65054.559,117397.371,0.808,5837.139,140112.69,0.021,0.0
674.018,2026-06-26T03:10:11.524657,65102.012,117397.371,0.797,5837.14,140112.69,0.021,0.0
674.069,2026-06-26T03:10:11.575284,65149.824,117397.371,0.79,5837.141,140112.69,0.021,0.0
674.119,2026-06-26T03:10:11.625897,65198.555,117397.371,0.784,5837.142,140112.69,0.021,0.0
674.17,2026-06-26T03:10:11.676555,65245.43,117397.371,0.78,5837.143,140112.69,0.021,0.0
674.22,2026-06-26T03:10:11.727191,65293.316,117397.371,0.778,5837.145,140112.69,0.021,0.0
674.271,2026-06-26T03:10:11.777793,65341.504,117397.371,0.776,5837.146,140112.69,0.021,0.0
674.322,2026-06-26T03:10:11.828424,65388.5,117397.371,0.775,5837.147,140112.69,0.021,0.0
674.372,2026-06-26T03:10:11.879046,65436.5,117397.371,0.774,5837.148,140112.69,0.021,0.0
674.423,2026-06-26T03:10:11.929707,65482.93,117397.371,0.819,5837.149,140112.69,0.021,0.0
674.474,2026-06-26T03:10:11.980325,65530.316,117397.371,0.759,5837.15,140112.69,0.021,0.0
674.524,2026-06-26T03:10:12.030935,65579.062,117397.371,0.762,5837.151,140112.69,0.021,0.0
674.575,2026-06-26T03:10:12.081570,65626.934,117397.371,0.812,5837.152,140112.69,0.021,0.0
674.625,2026-06-26T03:10:12.132191,65610.809,117397.371,0.799,5837.153,140112.69,0.021,0.0
674.676,2026-06-26T03:10:12.182818,65394.305,117397.371,0.745,5837.154,140112.69,0.021,0.0
674.727,2026-06-26T03:10:12.233449,64842.305,116597.371,0.753,5837.155,140112.69,0.021,0.0
674.777,2026-06-26T03:10:12.284059,64842.305,116597.371,0.758,5837.156,140112.69,0.021,0.0
674.828,2026-06-26T03:10:12.334703,64842.305,116597.371,0.762,5837.157,140112.69,0.021,0.0
674.879,2026-06-26T03:10:12.385327,64842.305,116597.371,0.765,5837.158,140112.69,0.021,0.0
674.929,2026-06-26T03:10:12.435952,64842.305,116597.371,0.813,5837.159,140112.69,0.021,0.0
674.98,2026-06-26T03:10:12.486585,64870.305,116647.371,0.801,5837.16,140162.69,0.021,988.262
675.03,2026-06-26T03:10:12.537195,64842.305,116597.371,0.838,5837.161,140162.69,0.021,0.0
675.081,2026-06-26T03:10:12.587813,64850.117,117397.371,0.818,5837.162,140212.69,0.021,987.495
675.132,2026-06-26T03:10:12.638461,64891.977,117397.371,0.804,5837.163,140212.69,0.021,0.0
675.182,2026-06-26T03:10:12.689081,64938.379,117397.371,0.794,5837.164,140212.69,0.021,0.0
675.233,2026-06-26T03:10:12.739712,64986.055,117397.371,0.834,5837.165,140212.69,0.021,0.0
675.284,2026-06-26T03:10:12.790333,65033.328,117397.371,0.815,5837.166,140212.69,0.021,0.0
675.334,2026-06-26T03:10:12.840950,65079.805,117397.371,0.802,5837.168,140212.69,0.021,0.0
675.385,2026-06-26T03:10:12.891600,65126.133,117397.371,0.793,5837.169,140212.69,0.021,0.0
675.435,2026-06-26T03:10:12.942220,65171.59,117397.371,0.787,5837.17,140212.69,0.021,0.0
675.486,2026-06-26T03:10:12.992822,65216.758,117397.371,0.782,5837.171,140212.69,0.021,0.0
675.537,2026-06-26T03:10:13.043461,65264.18,117397.371,0.779,5837.172,140212.69,0.021,0.0
675.587,2026-06-26T03:10:13.094078,65310.059,117397.371,0.823,5837.173,140212.69,0.021,0.0
675.638,2026-06-26T03:10:13.144710,65358.184,117397.371,0.762,5837.174,140212.69,0.021,0.0
675.689,2026-06-26T03:10:13.195335,65404.234,117397.371,0.811,5837.175,140212.69,0.021,0.0
675.739,2026-06-26T03:10:13.245940,65452.465,117397.371,0.799,5837.176,140212.69,0.021,0.0
675.79,2026-06-26T03:10:13.296577,65499.949,117397.371,0.791,5837.177,140212.69,0.021,0.0
675.84,2026-06-26T03:10:13.347195,65548.008,117397.371,0.785,5837.178,140212.69,0.021,0.0
675.891,2026-06-26T03:10:13.397814,65596.258,117397.371,0.781,5837.179,140212.69,0.021,0.0
675.942,2026-06-26T03:10:13.448456,65592.305,117347.371,0.778,5837.18,140212.69,0.021,0.0
675.992,2026-06-26T03:10:13.499064,65629.695,117397.371,0.776,5837.181,140212.69,0.021,0.0
676.043,2026-06-26T03:10:13.549706,65136.305,117397.371,0.775,5837.182,140212.69,0.021,0.0
676.094,2026-06-26T03:10:13.600352,64842.305,116597.371,0.774,5837.183,140212.69,0.021,0.0
676.144,2026-06-26T03:10:13.650950,64842.305,116597.371,0.773,5837.184,140212.69,0.021,0.0
676.195,2026-06-26T03:10:13.701579,64842.305,116597.371,0.773,5837.185,140212.69,0.021,0.0
676.245,2026-06-26T03:10:13.752184,64842.305,116597.371,0.773,5837.186,140212.69,0.021,0.0
676.296,2026-06-26T03:10:13.802790,64842.305,116647.371,0.772,5837.187,140262.69,0.021,986.57
676.347,2026-06-26T03:10:13.853465,64886.684,116647.371,0.818,5837.188,140262.69,0.021,0.0
676.397,2026-06-26T03:10:13.904068,64842.305,116597.371,0.804,5837.189,140262.69,0.021,0.0
676.448,2026-06-26T03:10:13.954717,64865.887,117397.371,0.841,5837.191,140312.69,0.021,987.676
676.499,2026-06-26T03:10:14.005347,64913.453,117397.371,0.774,5837.192,140312.69,0.021,0.0
676.549,2026-06-26T03:10:14.055951,64962.023,117397.371,0.819,5837.193,140312.69,0.021,0.0
676.6,2026-06-26T03:10:14.106621,65008.438,117397.371,0.805,5837.194,140312.69,0.021,0.0
676.65,2026-06-26T03:10:14.157213,65055.012,117397.371,0.795,5837.195,140312.69,0.021,0.0
676.701,2026-06-26T03:10:14.207823,65103.367,117397.371,0.742,5837.196,140312.69,0.021,0.0
676.752,2026-06-26T03:10:14.258467,65149.43,117397.371,0.751,5837.197,140312.69,0.021,0.0
676.802,2026-06-26T03:10:14.309099,65196.848,117397.371,0.757,5837.198,140312.69,0.021,0.0
676.853,2026-06-26T03:10:14.359731,65243.691,117397.371,0.808,5837.199,140312.69,0.021,0.0
676.904,2026-06-26T03:10:14.410273,65290.953,117397.371,0.797,5837.2,140312.69,0.021,0.0
676.954,2026-06-26T03:10:14.460852,65336.18,117397.371,0.79,5837.201,140312.69,0.021,0.0
677.005,2026-06-26T03:10:14.511487,65382.129,117397.371,0.784,5837.202,140312.69,0.021,0.0
677.055,2026-06-26T03:10:14.562080,65428.77,117397.371,0.78,5837.203,140312.69,0.021,0.0
677.106,2026-06-26T03:10:14.612741,65475.16,117397.371,0.824,5837.204,140312.69,0.021,0.0
677.157,2026-06-26T03:10:14.663374,65520.27,117397.371,0.808,5837.205,140312.69,0.021,0.0
677.208,2026-06-26T03:10:14.714367,65566.25,117397.371,0.795,5837.206,140312.69,0.021,0.0
677.259,2026-06-26T03:10:14.765341,65614.367,117397.371,0.832,5837.207,140312.69,0.021,0.0
677.31,2026-06-26T03:10:14.816346,65599.215,117397.371,0.766,5837.208,140312.69,0.021,0.0
677.361,2026-06-26T03:10:14.867348,65592.305,117397.371,0.812,5837.209,140312.69,0.021,0.0
677.412,2026-06-26T03:10:14.918342,64896.305,117397.371,0.799,5837.21,140312.69,0.021,0.0
677.463,2026-06-26T03:10:14.969296,64842.305,116597.371,0.789,5837.211,140312.69,0.021,0.0
677.513,2026-06-26T03:10:15.020265,64842.305,116597.371,0.782,5837.213,140312.69,0.021,0.0
677.564,2026-06-26T03:10:15.071223,64842.305,116597.371,0.777,5837.214,140312.69,0.021,0.0
677.615,2026-06-26T03:10:15.122219,64842.305,116597.371,0.774,5837.215,140312.69,0.02,0.0
677.666,2026-06-26T03:10:15.173176,64857.305,116647.371,0.864,5837.216,140362.69,0.021,981.376
677.717,2026-06-26T03:10:15.224128,64842.305,116597.371,0.788,5837.217,140362.69,0.02,0.0
677.768,2026-06-26T03:10:15.275134,64842.305,116597.371,0.782,5837.218,140412.69,0.021,980.89
677.819,2026-06-26T03:10:15.326088,64883.184,117397.371,0.824,5837.219,140412.69,0.021,0.0
677.87,2026-06-26T03:10:15.376873,64930.586,117397.371,0.807,5837.22,140412.69,0.021,0.0
677.921,2026-06-26T03:10:15.427798,64976.715,117397.371,0.796,5837.221,140412.69,0.021,0.0
677.972,2026-06-26T03:10:15.478365,65026.645,117397.371,0.789,5837.222,140412.69,0.021,0.0
678.022,2026-06-26T03:10:15.528904,65075.395,117397.371,0.738,5837.223,140412.69,0.021,0.0
678.073,2026-06-26T03:10:15.579503,65123.562,117397.371,0.793,5837.224,140412.69,0.021,0.0
678.124,2026-06-26T03:10:15.630451,65170.684,117397.371,0.785,5837.225,140412.69,0.021,0.0
678.175,2026-06-26T03:10:15.681384,65218.176,117397.371,0.78,5837.226,140412.69,0.021,0.0
678.296,2026-06-26T03:10:15.802663,65304.043,117397.371,0.856,5837.576,140412.69,2.893,0.0
678.346,2026-06-26T03:10:15.853070,65353.273,117397.371,0.831,5837.577,140412.69,0.021,0.0
678.397,2026-06-26T03:10:15.903655,65401.496,117397.371,0.813,5837.578,140412.69,0.021,0.0
678.448,2026-06-26T03:10:15.954286,65450.723,117397.371,0.8,5837.579,140412.69,0.021,0.0
678.498,2026-06-26T03:10:16.005045,65500.152,117397.371,0.791,5837.58,140412.69,0.021,0.0
678.549,2026-06-26T03:10:16.055878,65549.559,117397.371,0.784,5837.581,140412.69,0.021,0.0
678.6,2026-06-26T03:10:16.106866,65599.348,117397.371,0.824,5837.582,140412.69,0.021,0.0
678.651,2026-06-26T03:10:16.157875,65592.336,117347.371,0.761,5837.583,140412.69,0.021,0.0
678.702,2026-06-26T03:10:16.208869,65632.898,117397.371,0.854,5837.584,140412.69,0.021,0.0
678.753,2026-06-26T03:10:16.259870,65120.336,117397.371,0.828,5837.585,140412.69,0.021,0.0
678.804,2026-06-26T03:10:16.310836,64842.336,116597.371,0.809,5837.586,140412.69,0.02,0.0
678.855,2026-06-26T03:10:16.361870,64842.336,116597.371,0.796,5837.587,140412.69,0.02,0.0
678.906,2026-06-26T03:10:16.412869,64842.336,116597.371,0.787,5837.588,140412.69,0.02,0.0
678.957,2026-06-26T03:10:16.463909,64842.336,116597.371,0.781,5837.589,140412.69,0.02,0.0
679.008,2026-06-26T03:10:16.514921,64852.836,116647.371,0.73,5837.59,140462.69,0.02,980.193
679.059,2026-06-26T03:10:16.565936,64842.336,116597.371,0.787,5837.591,140462.69,0.02,0.0
679.11,2026-06-26T03:10:16.616966,64842.336,116597.371,0.78,5837.593,140512.69,0.02,979.767
679.161,2026-06-26T03:10:16.667996,64883.676,116647.371,0.776,5837.594,140512.69,0.02,0.0
679.212,2026-06-26T03:10:16.719014,64842.336,116597.371,0.819,5837.595,140512.69,0.02,0.0
679.263,2026-06-26T03:10:16.770046,64865.996,116647.371,0.757,5837.596,140562.69,0.02,980.349
679.314,2026-06-26T03:10:16.821065,64842.336,116597.371,0.805,5837.597,140562.69,0.02,0.0
679.365,2026-06-26T03:10:16.872120,64846.09,116647.371,0.747,5837.598,140612.69,0.02,980.042
679.416,2026-06-26T03:10:16.923186,64890.426,116647.371,0.799,5837.599,140612.69,0.02,0.0
679.467,2026-06-26T03:10:16.974204,64842.336,116597.371,0.881,5837.6,140612.69,0.02,0.0
679.518,2026-06-26T03:10:17.025203,64872.777,116647.371,0.8,5837.601,140662.69,0.021,980.775
679.569,2026-06-26T03:10:17.076246,64842.336,116597.371,0.836,5837.602,140662.69,0.02,0.0
679.621,2026-06-26T03:10:17.127276,64851.797,116647.371,0.861,5837.603,140712.69,0.02,980.413
679.671,2026-06-26T03:10:17.178251,64870.336,116647.371,0.786,5837.604,140712.69,0.021,0.0
679.722,2026-06-26T03:10:17.229250,64842.336,116597.371,0.826,5837.605,140762.69,0.02,980.22
679.773,2026-06-26T03:10:17.280243,64877.66,116647.371,0.762,5837.606,140762.69,0.021,0.0
679.824,2026-06-26T03:10:17.331244,64842.336,116597.371,0.809,5837.607,140762.69,0.02,0.0
679.875,2026-06-26T03:10:17.382267,64855.457,116647.371,0.796,5837.608,140812.69,0.02,980.537
679.926,2026-06-26T03:10:17.433250,64842.336,116597.371,0.787,5837.609,140812.69,0.021,0.0
679.977,2026-06-26T03:10:17.484229,64842.336,116597.371,0.781,5837.61,140862.69,0.02,980.417
680.028,2026-06-26T03:10:17.535232,63890.336,116597.371,0.73,5837.611,140862.69,0.02,0.0
680.079,2026-06-26T03:10:17.586238,63242.336,114997.371,0.787,5837.612,140862.69,0.02,0.0
680.13,2026-06-26T03:10:17.637249,63242.336,114997.371,0.78,5837.613,140862.69,0.02,0.0
680.181,2026-06-26T03:10:17.688224,63242.336,114997.371,0.776,5837.614,140862.69,0.021,0.0
680.232,2026-06-26T03:10:17.739214,63242.336,114997.371,0.773,5837.616,140862.69,0.02,0.0
680.283,2026-06-26T03:10:17.790218,63242.336,114997.371,0.817,5837.617,140862.69,0.02,0.0
680.334,2026-06-26T03:10:17.841219,63242.336,114997.371,0.802,5837.618,140862.69,0.02,0.0
680.385,2026-06-26T03:10:17.892223,63192.336,114947.371,0.791,5837.619,140862.69,0.02,0.0
680.436,2026-06-26T03:10:17.943218,63240.277,115747.371,0.829,5837.62,140862.69,0.021,0.0
680.487,2026-06-26T03:10:17.994214,63289.227,115747.371,0.81,5837.621,140862.69,0.02,0.0
680.538,2026-06-26T03:10:18.045225,63338.32,115747.371,0.797,5837.622,140862.69,0.02,0.0
680.589,2026-06-26T03:10:18.096232,63387.523,115747.371,0.742,5837.623,140862.69,0.02,0.0
680.64,2026-06-26T03:10:18.147233,63433.656,115747.371,0.795,5837.624,140862.69,0.02,0.0
680.691,2026-06-26T03:10:18.198222,63479.648,115747.371,0.74,5837.625,140862.69,0.021,0.0
680.742,2026-06-26T03:10:18.249166,63523.039,115747.371,0.795,5837.626,140862.69,0.021,0.0
680.793,2026-06-26T03:10:18.299759,63566.535,115747.371,0.788,5837.627,140862.69,0.021,0.0
680.844,2026-06-26T03:10:18.350415,63611.773,115747.371,0.782,5837.628,140862.69,0.02,0.0
680.895,2026-06-26T03:10:18.401527,63657.406,115747.371,0.822,5837.629,140862.69,0.02,0.0
680.946,2026-06-26T03:10:18.452616,63703.746,115747.371,0.805,5837.63,140862.69,0.02,0.0
680.997,2026-06-26T03:10:18.503737,63753.133,115747.371,0.839,5837.631,140862.69,0.02,0.0
681.048,2026-06-26T03:10:18.554844,63800.91,115747.371,0.771,5837.632,140862.69,0.02,0.0
681.099,2026-06-26T03:10:18.605941,63848.875,115747.371,0.815,5837.633,140862.69,0.02,0.0
681.15,2026-06-26T03:10:18.656941,63899.426,115747.371,0.8,5837.634,140862.69,0.02,0.0
681.201,2026-06-26T03:10:18.707976,63950.148,115747.371,0.79,5837.635,140862.69,0.02,0.0
681.252,2026-06-26T03:10:18.758998,64000.371,115797.371,0.736,5837.636,140862.69,0.02,0.0
681.303,2026-06-26T03:10:18.810066,63932.336,115797.371,0.791,5837.637,140862.69,0.02,0.0
681.354,2026-06-26T03:10:18.861084,63242.336,114997.371,0.783,5837.639,140862.69,0.02,0.0
681.405,2026-06-26T03:10:18.912119,63242.336,114997.371,0.778,5837.64,140862.69,0.02,0.0
681.456,2026-06-26T03:10:18.963196,63242.336,114997.371,0.774,5837.641,140862.69,0.02,0.0
681.507,2026-06-26T03:10:19.014211,63242.336,114997.371,0.818,5837.642,140862.69,0.02,0.0
681.558,2026-06-26T03:10:19.065212,63242.336,114997.371,0.802,5837.643,140912.69,0.02,980.344
681.609,2026-06-26T03:10:19.116202,63279.094,115047.371,0.837,5837.644,140912.69,0.021,0.0
681.66,2026-06-26T03:10:19.167240,63242.336,114997.371,0.861,5837.645,140912.69,0.02,0.0
681.711,2026-06-26T03:10:19.218248,63267.801,115797.371,0.833,5837.646,140962.69,0.02,980.417
681.762,2026-06-26T03:10:19.269258,63318.898,115797.371,0.767,5837.647,140962.69,0.02,0.0
681.813,2026-06-26T03:10:19.320230,63369.66,115797.371,0.813,5837.648,140962.69,0.021,0.0
681.864,2026-06-26T03:10:19.370971,63420.461,115797.371,0.801,5837.649,140962.69,0.021,0.0
681.915,2026-06-26T03:10:19.421571,63471.152,115797.371,0.792,5837.65,140962.69,0.021,0.0
681.965,2026-06-26T03:10:19.472212,63522.023,115797.371,0.785,5837.651,140962.69,0.021,0.0
682.017,2026-06-26T03:10:19.523287,63573.359,115797.371,0.825,5837.652,140962.69,0.02,0.0
682.068,2026-06-26T03:10:19.574404,63623.598,115797.371,0.761,5837.653,140962.69,0.02,0.0
682.119,2026-06-26T03:10:19.625489,63673.801,115797.371,0.762,5837.654,140962.69,0.02,0.0
682.17,2026-06-26T03:10:19.676591,63723.926,115797.371,0.808,5837.655,140962.69,0.02,0.0
682.221,2026-06-26T03:10:19.727707,63774.996,115797.371,0.795,5837.656,140962.69,0.02,0.0
682.272,2026-06-26T03:10:19.778744,63825.656,115797.371,0.786,5837.657,140962.69,0.02,0.0
682.323,2026-06-26T03:10:19.829765,63876.43,115797.371,0.78,5837.658,140962.69,0.02,0.0
682.374,2026-06-26T03:10:19.880816,63927.219,115797.371,0.776,5837.659,140962.69,0.02,0.0
682.425,2026-06-26T03:10:19.931837,63977.977,115797.371,0.772,5837.66,140962.69,0.02,0.0
682.476,2026-06-26T03:10:19.982913,64028.75,115797.371,0.77,5837.662,140962.69,0.02,0.0
682.527,2026-06-26T03:10:20.033940,64015.617,115797.371,0.769,5837.663,140962.69,0.02,0.0
682.578,2026-06-26T03:10:20.084983,63696.336,115797.371,0.814,5837.664,140962.69,0.02,0.0
682.629,2026-06-26T03:10:20.136009,63242.336,114997.371,0.845,5837.665,140962.69,0.02,0.0
682.68,2026-06-26T03:10:20.187058,63242.336,114997.371,0.821,5837.666,140962.69,0.02,0.0
682.731,2026-06-26T03:10:20.238093,63242.336,114997.371,0.805,5837.667,140962.69,0.02,0.0
682.782,2026-06-26T03:10:20.289120,63242.336,114997.371,0.793,5837.668,140962.69,0.02,0.0
682.833,2026-06-26T03:10:20.340087,63242.336,114997.371,0.786,5837.669,140962.69,0.021,0.0
682.884,2026-06-26T03:10:20.390793,63272.512,115047.371,0.734,5837.67,141012.69,0.02,980.248
682.935,2026-06-26T03:10:20.441764,63242.336,114997.371,0.792,5837.671,141012.69,0.021,0.0
682.986,2026-06-26T03:10:20.492352,63243.09,115797.371,0.786,5837.672,141062.69,0.021,987.555
683.036,2026-06-26T03:10:20.542951,63292.336,115797.371,0.781,5837.673,141062.69,0.021,0.0
683.087,2026-06-26T03:10:20.593587,63341.789,115797.371,0.779,5837.674,141062.69,0.021,0.0
683.137,2026-06-26T03:10:20.644206,63391.258,115797.371,0.823,5837.675,141062.69,0.021,0.0
683.188,2026-06-26T03:10:20.694822,63440.773,115797.371,0.808,5837.676,141062.69,0.021,0.0
683.278,2026-06-26T03:10:20.784658,63495.73,115797.371,0.8,5838.026,141062.69,3.902,0.0
683.328,2026-06-26T03:10:20.835095,63527.008,115797.371,0.745,5838.027,141062.69,0.021,0.0
683.379,2026-06-26T03:10:20.885745,63576.953,115797.371,0.707,5838.028,141062.69,0.021,0.0
683.43,2026-06-26T03:10:20.936370,63627.219,115797.371,0.726,5838.029,141062.69,0.021,0.0
683.48,2026-06-26T03:10:20.987009,63678.09,115797.371,0.832,5838.03,141062.69,0.021,0.0
683.531,2026-06-26T03:10:21.037651,63728.824,115797.371,0.768,5838.031,141062.69,0.021,0.0
683.581,2026-06-26T03:10:21.088266,63779.68,115797.371,0.769,5838.032,141062.69,0.021,0.0
683.632,2026-06-26T03:10:21.138868,63829.762,115797.371,0.816,5838.033,141062.69,0.021,0.0
683.683,2026-06-26T03:10:21.189516,63879.879,115797.371,0.803,5838.034,141062.69,0.021,0.0
683.733,2026-06-26T03:10:21.240177,63930.23,115797.371,0.793,5838.035,141062.69,0.021,0.0
683.784,2026-06-26T03:10:21.290776,63980.578,115797.371,0.787,5838.036,141062.69,0.021,0.0
683.835,2026-06-26T03:10:21.341400,64030.875,115797.371,0.782,5838.037,141062.69,0.021,0.0
683.885,2026-06-26T03:10:21.392006,64017.41,115797.371,0.779,5838.038,141062.69,0.021,0.0
683.936,2026-06-26T03:10:21.442640,63704.379,115797.371,0.823,5838.039,141062.69,0.021,0.0
683.986,2026-06-26T03:10:21.493268,63242.379,114997.371,0.808,5838.04,141062.69,0.021,0.0
684.037,2026-06-26T03:10:21.543863,63242.379,114997.371,0.797,5838.042,141062.69,0.021,0.0
684.088,2026-06-26T03:10:21.594506,63242.379,114997.371,0.789,5838.043,141062.69,0.021,0.0
684.138,2026-06-26T03:10:21.645113,63242.379,114997.371,0.784,5838.044,141062.69,0.021,0.0
684.189,2026-06-26T03:10:21.695753,63245.168,115047.371,0.78,5838.045,141112.69,0.021,987.155
684.24,2026-06-26T03:10:21.746398,63260.379,115047.371,0.778,5838.046,141112.69,0.021,0.0
684.29,2026-06-26T03:10:21.796997,63242.379,114997.371,0.822,5838.047,141162.69,0.021,987.671
684.341,2026-06-26T03:10:21.847635,63282.242,115797.371,0.761,5838.048,141162.69,0.021,0.0
684.391,2026-06-26T03:10:21.898251,63331.949,115797.371,0.764,5838.049,141162.69,0.021,0.0
684.442,2026-06-26T03:10:21.948857,63381.715,115797.371,0.766,5838.05,141162.69,0.021,0.0
684.493,2026-06-26T03:10:21.999526,63431.391,115797.371,0.768,5838.051,141162.69,0.021,0.0
684.543,2026-06-26T03:10:22.050127,63480.895,115797.371,0.815,5838.052,141162.69,0.021,0.0
684.594,2026-06-26T03:10:22.100753,63530.527,115797.371,0.802,5838.053,141162.69,0.021,0.0
684.645,2026-06-26T03:10:22.151388,63580.152,115797.371,0.747,5838.054,141162.69,0.021,0.0
684.695,2026-06-26T03:10:22.202001,63628.992,115797.371,0.8,5838.055,141162.69,0.021,0.0
684.746,2026-06-26T03:10:22.252645,63677.504,115797.371,0.792,5838.056,141162.69,0.021,0.0
684.796,2026-06-26T03:10:22.303250,63725.953,115797.371,0.786,5838.057,141162.69,0.021,0.0
684.847,2026-06-26T03:10:22.353856,63775.191,115797.371,0.735,5838.058,141162.69,0.021,0.0
684.898,2026-06-26T03:10:22.404506,63824.43,115797.371,0.793,5838.059,141162.69,0.021,0.0
684.948,2026-06-26T03:10:22.455119,63873.465,115797.371,0.786,5838.06,141162.69,0.021,0.0
684.999,2026-06-26T03:10:22.505761,63922.395,115797.371,0.782,5838.061,141162.69,0.021,0.0
685.05,2026-06-26T03:10:22.556355,63971.316,115797.371,0.779,5838.062,141162.69,0.021,0.0
685.1,2026-06-26T03:10:22.606957,64020.504,115797.371,0.777,5838.063,141162.69,0.021,0.0
685.151,2026-06-26T03:10:22.657644,64006.633,115797.371,0.774,5838.064,141162.69,0.021,0.0
685.202,2026-06-26T03:10:22.708681,63832.379,115797.371,0.771,5838.066,141162.69,0.02,0.0
685.253,2026-06-26T03:10:22.759729,63242.379,114997.371,0.816,5838.067,141162.69,0.02,0.0
685.304,2026-06-26T03:10:22.810750,63242.379,114997.371,0.801,5838.068,141162.69,0.02,0.0
685.355,2026-06-26T03:10:22.861802,63242.379,114997.371,0.79,5838.069,141162.69,0.02,0.0
685.406,2026-06-26T03:10:22.912844,63242.379,114997.371,0.828,5838.07,141162.69,0.02,0.0
685.457,2026-06-26T03:10:22.963891,63242.379,114997.371,0.855,5838.071,141212.69,0.02,980.234
685.508,2026-06-26T03:10:23.014912,63284.566,115797.371,0.828,5838.072,141212.69,0.02,0.0
685.559,2026-06-26T03:10:23.065967,63334.969,115797.371,0.809,5838.073,141212.69,0.02,0.0
685.61,2026-06-26T03:10:23.116988,63385.16,115797.371,0.796,5838.074,141212.69,0.02,0.0
685.661,2026-06-26T03:10:23.168054,63435.398,115797.371,0.787,5838.075,141212.69,0.02,0.0
685.712,2026-06-26T03:10:23.219065,63486.469,115797.371,0.781,5838.076,141212.69,0.02,0.0
685.763,2026-06-26T03:10:23.270109,63536.844,115797.371,0.776,5838.077,141212.69,0.02,0.0
685.814,2026-06-26T03:10:23.321126,63587.109,115797.371,0.819,5838.078,141212.69,0.02,0.0
685.865,2026-06-26T03:10:23.372197,63637.195,115797.371,0.757,5838.079,141212.69,0.02,0.0
685.916,2026-06-26T03:10:23.423200,63688.199,115797.371,0.806,5838.08,141212.69,0.021,0.0
685.967,2026-06-26T03:10:23.474228,63739.52,115797.371,0.794,5838.081,141212.69,0.02,0.0
686.018,2026-06-26T03:10:23.525226,63790.805,115797.371,0.785,5838.082,141212.69,0.02,0.0
686.069,2026-06-26T03:10:23.576254,63841.008,115797.371,0.779,5838.083,141212.69,0.02,0.0
686.12,2026-06-26T03:10:23.627259,63891.422,115797.371,0.775,5838.084,141212.69,0.02,0.0
686.171,2026-06-26T03:10:23.678270,63942.242,115797.371,0.772,5838.085,141212.69,0.02,0.0
686.222,2026-06-26T03:10:23.729249,63992.891,115797.371,0.817,5838.086,141212.69,0.021,0.0
686.273,2026-06-26T03:10:23.780243,64024.383,115797.371,0.801,5838.087,141212.69,0.02,0.0
686.324,2026-06-26T03:10:23.831256,64029.883,115797.371,0.791,5838.089,141212.69,0.02,0.0
686.375,2026-06-26T03:10:23.882265,63518.383,115797.371,0.829,5838.09,141212.69,0.02,0.0
686.426,2026-06-26T03:10:23.933267,63242.383,114997.371,0.81,5838.091,141212.69,0.02,0.0
686.477,2026-06-26T03:10:23.984259,63242.383,114997.371,0.797,5838.092,141212.69,0.021,0.0
686.528,2026-06-26T03:10:24.035254,63242.383,114997.371,0.833,5838.093,141212.69,0.02,0.0
686.579,2026-06-26T03:10:24.086271,63242.383,114997.371,0.813,5838.094,141212.69,0.02,0.0
686.63,2026-06-26T03:10:24.137271,63256.391,115047.371,0.753,5838.095,141262.69,0.02,980.385
686.682,2026-06-26T03:10:24.188274,63242.383,114997.371,0.803,5838.096,141262.69,0.02,0.0
686.732,2026-06-26T03:10:24.239267,63242.383,114997.371,0.792,5838.097,141312.69,0.021,980.926
686.783,2026-06-26T03:10:24.290200,63290.801,115797.371,0.785,5838.098,141312.69,0.021,0.0
686.834,2026-06-26T03:10:24.340782,63340.121,115797.371,0.828,5838.099,141312.69,0.02,0.0
686.885,2026-06-26T03:10:24.391896,63389.766,115797.371,0.763,5838.1,141312.69,0.021,0.0
686.936,2026-06-26T03:10:24.442520,63439.258,115797.371,0.765,5838.101,141312.69,0.021,0.0
686.986,2026-06-26T03:10:24.493128,63489.031,115797.371,0.814,5838.102,141312.69,0.021,0.0
687.037,2026-06-26T03:10:24.543766,63538.59,115797.371,0.755,5838.103,141312.69,0.021,0.0
687.088,2026-06-26T03:10:24.594413,63587.148,115797.371,0.76,5838.104,141312.69,0.021,0.0
687.138,2026-06-26T03:10:24.645027,63635.988,115797.371,0.809,5838.105,141312.69,0.021,0.0
687.189,2026-06-26T03:10:24.695663,63684.492,115797.371,0.798,5838.106,141312.69,0.021,0.0
687.24,2026-06-26T03:10:24.746282,63733.008,115797.371,0.79,5838.107,141312.69,0.021,0.0
687.29,2026-06-26T03:10:24.796894,63781.953,115797.371,0.785,5838.108,141312.69,0.021,0.0
687.341,2026-06-26T03:10:24.847561,63831.086,115797.371,0.781,5838.109,141312.69,0.021,0.0
687.391,2026-06-26T03:10:24.898191,63880.137,115797.371,0.778,5838.11,141312.69,0.021,0.0
687.442,2026-06-26T03:10:24.948795,63929.273,115797.371,0.776,5838.112,141312.69,0.021,0.0
687.493,2026-06-26T03:10:24.999428,63978.453,115797.371,0.775,5838.113,141312.69,0.021,0.0
687.543,2026-06-26T03:10:25.050045,64027.246,115797.371,0.866,5838.114,141312.69,0.021,0.0
687.594,2026-06-26T03:10:25.100702,64013.531,115797.371,0.791,5838.115,141312.69,0.021,0.0
687.645,2026-06-26T03:10:25.151317,63738.383,115797.371,0.786,5838.116,141312.69,0.021,0.0
687.695,2026-06-26T03:10:25.201927,63242.383,114997.371,0.781,5838.117,141312.69,0.021,0.0
687.746,2026-06-26T03:10:25.252561,63242.383,114997.371,0.778,5838.118,141312.69,0.021,0.0
687.796,2026-06-26T03:10:25.303154,63242.383,114997.371,0.777,5838.119,141312.69,0.021,0.0
687.847,2026-06-26T03:10:25.353718,63242.383,114997.371,0.775,5838.12,141312.69,0.021,0.0
687.898,2026-06-26T03:10:25.404326,63242.383,114997.371,0.821,5838.121,141362.69,0.021,987.988
687.948,2026-06-26T03:10:25.454932,63288.625,115047.371,0.759,5838.122,141362.69,0.021,0.0
687.999,2026-06-26T03:10:25.505578,63242.383,114997.371,0.763,5838.123,141362.69,0.021,0.0
688.049,2026-06-26T03:10:25.556190,63276.211,115797.371,0.766,5838.124,141412.69,0.021,987.625
688.1,2026-06-26T03:10:25.606815,63325.746,115797.371,0.814,5838.125,141412.69,0.021,0.0
688.151,2026-06-26T03:10:25.657455,63375.332,115797.371,0.801,5838.126,141412.69,0.021,0.0
688.201,2026-06-26T03:10:25.708062,63425.164,115797.371,0.792,5838.127,141412.69,0.021,0.0
688.291,2026-06-26T03:10:25.797866,63508.445,115797.371,0.868,5838.477,141412.69,3.904,0.0
688.342,2026-06-26T03:10:25.848315,63556.984,115797.371,0.839,5838.478,141412.69,0.021,0.0
688.392,2026-06-26T03:10:25.898933,63605.457,115797.371,0.819,5838.479,141412.69,0.021,0.0
688.443,2026-06-26T03:10:25.949579,63654.352,115797.371,0.851,5838.48,141412.69,0.021,0.0
688.493,2026-06-26T03:10:26.000193,63703.844,115797.371,0.827,5838.481,141412.69,0.021,0.0
688.544,2026-06-26T03:10:26.050796,63753.336,115797.371,0.764,5838.482,141412.69,0.021,0.0
688.595,2026-06-26T03:10:26.101466,63802.383,115797.371,0.859,5838.483,141412.69,0.021,0.0
688.645,2026-06-26T03:10:26.152074,63851.648,115797.371,0.833,5838.484,141412.69,0.021,0.0
688.696,2026-06-26T03:10:26.202712,63900.672,115797.371,0.815,5838.485,141412.69,0.021,0.0
688.747,2026-06-26T03:10:26.253334,63949.781,115797.371,0.802,5838.486,141412.69,0.021,0.0
688.797,2026-06-26T03:10:26.303945,63998.801,115797.371,0.793,5838.487,141412.69,0.021,0.0
688.848,2026-06-26T03:10:26.354617,63992.398,115747.371,0.786,5838.488,141412.69,0.021,0.0
688.898,2026-06-26T03:10:26.405223,64034.207,115797.371,0.828,5838.489,141412.69,0.021,0.0
688.949,2026-06-26T03:10:26.455831,63464.398,115797.371,0.811,5838.49,141412.69,0.021,0.0
689.0,2026-06-26T03:10:26.506474,63242.398,114997.371,0.799,5838.492,141412.69,0.021,0.0
689.05,2026-06-26T03:10:26.557051,63242.398,114997.371,0.791,5838.493,141412.69,0.021,0.0
689.101,2026-06-26T03:10:26.607697,63242.398,114997.371,0.785,5838.494,141412.69,0.021,0.0
689.152,2026-06-26T03:10:26.658329,63242.398,114997.371,0.78,5838.495,141412.69,0.021,0.0
689.203,2026-06-26T03:10:26.709281,63261.219,115797.371,0.776,5838.496,141462.69,0.021,981.073
689.253,2026-06-26T03:10:26.760224,63311.91,115797.371,0.819,5838.497,141462.69,0.021,0.0
689.304,2026-06-26T03:10:26.811234,63363.219,115797.371,0.803,5838.498,141462.69,0.02,0.0
689.355,2026-06-26T03:10:26.862198,63414.48,115797.371,0.746,5838.499,141462.69,0.021,0.0
689.406,2026-06-26T03:10:26.913182,63465.43,115797.371,0.798,5838.5,141462.69,0.021,0.0
689.457,2026-06-26T03:10:26.964157,63516.598,115797.371,0.788,5838.501,141462.69,0.02,0.0
689.508,2026-06-26T03:10:27.015116,63567.652,115797.371,0.782,5838.502,141462.69,0.021,0.0
689.559,2026-06-26T03:10:27.066110,63618.094,115797.371,0.777,5838.503,141462.69,0.02,0.0
689.61,2026-06-26T03:10:27.117100,63668.48,115797.371,0.774,5838.504,141462.69,0.02,0.0
689.661,2026-06-26T03:10:27.168077,63718.703,115797.371,0.818,5838.505,141462.69,0.021,0.0
689.712,2026-06-26T03:10:27.219046,63769.125,115797.371,0.756,5838.506,141462.69,0.02,0.0
689.763,2026-06-26T03:10:27.270041,63820.098,115797.371,0.759,5838.507,141462.69,0.021,0.0
689.814,2026-06-26T03:10:27.321014,63870.523,115797.371,0.807,5838.508,141462.69,0.02,0.0
689.865,2026-06-26T03:10:27.372008,63921.074,115797.371,0.841,5838.509,141462.69,0.021,0.0
689.916,2026-06-26T03:10:27.422979,63972.012,115797.371,0.819,5838.51,141462.69,0.021,0.0
689.967,2026-06-26T03:10:27.473958,64022.711,115797.371,0.803,5838.511,141462.69,0.021,0.0
690.018,2026-06-26T03:10:27.524935,64009.898,115797.371,0.792,5838.512,141462.69,0.02,0.0
690.069,2026-06-26T03:10:27.575933,63784.398,115797.371,0.784,5838.513,141462.69,0.021,0.0
690.12,2026-06-26T03:10:27.626915,63242.398,114997.371,0.779,5838.515,141462.69,0.02,0.0
690.171,2026-06-26T03:10:27.677905,63242.398,114997.371,0.775,5838.516,141462.69,0.021,0.0
690.222,2026-06-26T03:10:27.728869,63242.398,114997.371,0.772,5838.517,141462.69,0.02,0.0
690.273,2026-06-26T03:10:27.779884,63242.398,114997.371,0.771,5838.518,141462.69,0.021,0.0
690.324,2026-06-26T03:10:27.830853,63242.398,114997.371,0.769,5838.519,141512.69,0.021,980.711
690.375,2026-06-26T03:10:27.881850,63287.164,115797.371,0.814,5838.52,141512.69,0.02,0.0
690.426,2026-06-26T03:10:27.932829,63337.441,115797.371,0.754,5838.521,141512.69,0.021,0.0
690.477,2026-06-26T03:10:27.983825,63387.164,115797.371,0.758,5838.522,141512.69,0.02,0.0
690.528,2026-06-26T03:10:28.034820,63437.406,115797.371,0.76,5838.523,141512.69,0.02,0.0
690.579,2026-06-26T03:10:28.085803,63487.41,115797.371,0.808,5838.524,141512.69,0.021,0.0
690.63,2026-06-26T03:10:28.136782,63536.508,115797.371,0.749,5838.525,141512.69,0.02,0.0
690.681,2026-06-26T03:10:28.187775,63585.73,115797.371,0.846,5838.526,141512.69,0.021,0.0
690.732,2026-06-26T03:10:28.238758,63634.723,115797.371,0.822,5838.527,141512.69,0.02,0.0
690.783,2026-06-26T03:10:28.289763,63684.461,115797.371,0.805,5838.528,141512.69,0.021,0.0
690.834,2026-06-26T03:10:28.340732,63734.586,115797.371,0.84,5838.529,141512.69,0.021,0.0
690.885,2026-06-26T03:10:28.391721,63784.586,115797.371,0.772,5838.53,141512.69,0.02,0.0
690.936,2026-06-26T03:10:28.442706,63834.461,115797.371,0.816,5838.531,141512.69,0.021,0.0
690.987,2026-06-26T03:10:28.493704,63883.785,115797.371,0.801,5838.532,141512.69,0.02,0.0
691.038,2026-06-26T03:10:28.544693,63933.555,115797.371,0.79,5838.533,141512.69,0.02,0.0
691.089,2026-06-26T03:10:28.595682,63984.344,115797.371,0.783,5838.534,141512.69,0.021,0.0
691.14,2026-06-26T03:10:28.646651,64034.867,115797.371,0.778,5838.535,141512.69,0.02,0.0
691.191,2026-06-26T03:10:28.697666,64021.539,115797.371,0.82,5838.536,141512.69,0.021,0.0
691.242,2026-06-26T03:10:28.748656,63648.398,115797.371,0.804,5838.538,141512.69,0.02,0.0
691.293,2026-06-26T03:10:28.799651,63242.398,114997.371,0.793,5838.539,141512.69,0.021,0.0
691.344,2026-06-26T03:10:28.850628,63242.398,114997.371,0.785,5838.54,141512.69,0.021,0.0
691.395,2026-06-26T03:10:28.901628,63242.398,114997.371,0.779,5838.541,141512.69,0.02,0.0
691.446,2026-06-26T03:10:28.952631,63242.398,114997.371,0.775,5838.542,141512.69,0.02,0.0
691.497,2026-06-26T03:10:29.003623,63242.398,114997.371,0.819,5838.543,141562.69,0.021,980.848
691.548,2026-06-26T03:10:29.054604,63289.188,115047.371,0.757,5838.544,141562.69,0.02,0.0
691.599,2026-06-26T03:10:29.105604,63242.398,114997.371,0.76,5838.545,141612.69,0.021,981.216
691.65,2026-06-26T03:10:29.156575,63275.305,115047.371,0.807,5838.546,141612.69,0.02,0.0
691.701,2026-06-26T03:10:29.207605,63242.398,114997.371,0.795,5838.547,141612.69,0.021,0.0
691.752,2026-06-26T03:10:29.258570,63261.285,115047.371,0.787,5838.548,141662.69,0.021,981.234
691.803,2026-06-26T03:10:29.309501,63242.398,114997.371,0.781,5838.549,141662.69,0.021,0.0
691.854,2026-06-26T03:10:29.360339,63247.344,115797.371,0.823,5838.55,141712.69,0.021,981.225
691.904,2026-06-26T03:10:29.411262,63285.98,115797.371,0.853,5838.551,141712.69,0.021,0.0
691.955,2026-06-26T03:10:29.461935,63324.824,115797.371,0.827,5838.552,141712.69,0.021,0.0
692.006,2026-06-26T03:10:29.512902,63365.551,115797.371,0.809,5838.553,141712.69,0.021,0.0
692.057,2026-06-26T03:10:29.563892,63416.477,115797.371,0.842,5838.554,141712.69,0.02,0.0
692.108,2026-06-26T03:10:29.614871,63466.82,115797.371,0.819,5838.555,141712.69,0.021,0.0
692.159,2026-06-26T03:10:29.665873,63516.82,115797.371,0.758,5838.556,141712.69,0.021,0.0
692.21,2026-06-26T03:10:29.716853,63566.957,115797.371,0.806,5838.557,141712.69,0.02,0.0
692.261,2026-06-26T03:10:29.767839,63616.598,115797.371,0.794,5838.558,141712.69,0.021,0.0
692.312,2026-06-26T03:10:29.818797,63666.344,115797.371,0.785,5838.559,141712.69,0.02,0.0
692.363,2026-06-26T03:10:29.869904,63717.23,115797.371,0.779,5838.56,141712.69,0.02,0.0
692.414,2026-06-26T03:10:29.920993,63767.906,115797.371,0.775,5838.562,141712.69,0.02,0.0
692.465,2026-06-26T03:10:29.972108,63818.438,115797.371,0.817,5838.563,141712.69,0.02,0.0
692.516,2026-06-26T03:10:30.023201,63868.969,115797.371,0.756,5838.564,141712.69,0.02,0.0
692.567,2026-06-26T03:10:30.074260,63919.68,115797.371,0.805,5838.565,141712.69,0.02,0.0
692.619,2026-06-26T03:10:30.125381,63970.523,115797.371,0.747,5838.566,141712.69,0.02,0.0
692.67,2026-06-26T03:10:30.176474,64021.031,115797.371,0.798,5838.567,141712.69,0.02,0.0
692.721,2026-06-26T03:10:30.227588,64008.184,115797.371,0.787,5838.568,141712.69,0.02,0.0
692.772,2026-06-26T03:10:30.278689,63824.398,115797.371,0.781,5838.569,141712.69,0.02,0.0
692.823,2026-06-26T03:10:30.329758,63242.398,114997.371,0.776,5838.57,141712.69,0.021,0.0
692.874,2026-06-26T03:10:30.380727,63242.398,114997.371,0.773,5838.571,141712.69,0.02,0.0
692.925,2026-06-26T03:10:30.431687,63242.398,114997.371,0.817,5838.572,141712.69,0.021,0.0
692.976,2026-06-26T03:10:30.482649,63242.398,114997.371,0.848,5838.573,141712.69,0.02,0.0
693.027,2026-06-26T03:10:30.533689,63242.398,114997.371,0.823,5838.574,141762.69,0.02,980.376
693.078,2026-06-26T03:10:30.584685,63280.301,115047.371,0.806,5838.575,141762.69,0.02,0.0
693.129,2026-06-26T03:10:30.635747,63242.398,114997.371,0.794,5838.576,141762.69,0.02,0.0
693.18,2026-06-26T03:10:30.686760,63268.805,115797.371,0.831,5838.577,141812.69,0.02,979.936
693.231,2026-06-26T03:10:30.737801,63318.688,115797.371,0.812,5838.578,141812.69,0.02,0.0
693.352,2026-06-26T03:10:30.859176,63397.371,115797.371,0.858,5838.928,141812.69,2.894,0.0
693.403,2026-06-26T03:10:30.909619,63446.996,115797.371,0.786,5838.929,141812.69,0.021,0.0
693.453,2026-06-26T03:10:30.960240,63496.762,115797.371,0.828,5838.93,141812.69,0.021,0.0
693.504,2026-06-26T03:10:31.010879,63546.559,115797.371,0.764,5838.931,141812.69,0.021,0.0
693.555,2026-06-26T03:10:31.061728,63595.555,115797.371,0.812,5838.932,141812.69,0.021,0.0
693.606,2026-06-26T03:10:31.112536,63644.363,115797.371,0.798,5838.933,141812.69,0.021,0.0
693.657,2026-06-26T03:10:31.163574,63693.336,115797.371,0.788,5838.934,141812.69,0.02,0.0
693.708,2026-06-26T03:10:31.214617,63737.277,115797.371,0.781,5838.935,141812.69,0.02,0.0
693.759,2026-06-26T03:10:31.265673,63786.309,115797.371,0.776,5838.936,141812.69,0.02,0.0
693.81,2026-06-26T03:10:31.316694,63835.906,115797.371,0.819,5838.938,141812.69,0.02,0.0
693.861,2026-06-26T03:10:31.367736,63885.379,115797.371,0.803,5838.939,141812.69,0.02,0.0
693.912,2026-06-26T03:10:31.418726,63934.871,115797.371,0.837,5838.94,141812.69,0.02,0.0
693.963,2026-06-26T03:10:31.469793,63984.617,115797.371,0.816,5838.941,141812.69,0.02,0.0
694.014,2026-06-26T03:10:31.520812,64034.324,115797.371,0.801,5838.942,141812.69,0.02,0.0
694.065,2026-06-26T03:10:31.571867,64021.355,115797.371,0.79,5838.943,141812.69,0.02,0.0
694.116,2026-06-26T03:10:31.622896,63630.43,115797.371,0.783,5838.944,141812.69,0.02,0.0
694.167,2026-06-26T03:10:31.673954,63242.43,114997.371,0.777,5838.945,141812.69,0.02,0.0
694.218,2026-06-26T03:10:31.724998,63242.43,114997.371,0.774,5838.946,141812.69,0.02,0.0
694.269,2026-06-26T03:10:31.776031,63242.43,114997.371,0.817,5838.947,141812.69,0.02,0.0
694.32,2026-06-26T03:10:31.827059,63242.43,114997.371,0.802,5838.948,141812.69,0.02,0.0
694.371,2026-06-26T03:10:31.878094,63248.148,115047.371,0.837,5838.949,141862.69,0.02,980.317
694.422,2026-06-26T03:10:31.929121,63256.43,115047.371,0.815,5838.95,141862.69,0.02,0.0
694.473,2026-06-26T03:10:31.980211,63242.43,114997.371,0.754,5838.951,141912.69,0.02,980.436
694.524,2026-06-26T03:10:32.031201,63281.035,115047.371,0.804,5838.952,141912.69,0.02,0.0
694.575,2026-06-26T03:10:32.082246,63242.43,114997.371,0.792,5838.953,141912.69,0.02,0.0
694.626,2026-06-26T03:10:32.133239,63270.555,115797.371,0.784,5838.954,141962.69,0.021,980.738
694.677,2026-06-26T03:10:32.184242,63321.062,115797.371,0.779,5838.955,141962.69,0.02,0.0
694.728,2026-06-26T03:10:32.235251,63369.68,115797.371,0.775,5838.956,141962.69,0.02,0.0
694.779,2026-06-26T03:10:32.286245,63408.309,115797.371,0.772,5838.957,141962.69,0.021,0.0
694.83,2026-06-26T03:10:32.337238,63446.871,115797.371,0.77,5838.958,141962.69,0.02,0.0
694.881,2026-06-26T03:10:32.388248,63485.34,115797.371,0.769,5838.959,141962.69,0.02,0.0
694.932,2026-06-26T03:10:32.439253,63534.27,115797.371,0.814,5838.961,141962.69,0.02,0.0
694.983,2026-06-26T03:10:32.490245,63584.617,115797.371,0.845,5838.962,141962.69,0.02,0.0
695.034,2026-06-26T03:10:32.541238,63635.746,115797.371,0.822,5838.963,141962.69,0.021,0.0
695.085,2026-06-26T03:10:32.592231,63686.879,115797.371,0.805,5838.964,141962.69,0.02,0.0
695.136,2026-06-26T03:10:32.643256,63737.562,115797.371,0.747,5838.965,141962.69,0.02,0.0
695.187,2026-06-26T03:10:32.694254,63787.996,115797.371,0.799,5838.966,141962.69,0.02,0.0
695.238,2026-06-26T03:10:32.745259,63838.504,115797.371,0.789,5838.967,141962.69,0.02,0.0
695.289,2026-06-26T03:10:32.796258,63889.348,115797.371,0.782,5838.968,141962.69,0.021,0.0
695.34,2026-06-26T03:10:32.847250,63939.938,115797.371,0.823,5838.969,141962.69,0.02,0.0
695.391,2026-06-26T03:10:32.898254,63990.723,115797.371,0.76,5838.97,141962.69,0.021,0.0
695.442,2026-06-26T03:10:32.949239,64041.43,115797.371,0.762,5838.971,141962.69,0.02,0.0
695.493,2026-06-26T03:10:33.000237,64027.93,115797.371,0.809,5838.972,141962.69,0.02,0.0
695.544,2026-06-26T03:10:33.051225,63560.43,115797.371,0.796,5838.973,141962.69,0.021,0.0
695.595,2026-06-26T03:10:33.102231,63242.43,114997.371,0.787,5838.974,141962.69,0.02,0.0
695.646,2026-06-26T03:10:33.153245,63242.43,114997.371,0.781,5838.975,141962.69,0.02,0.0
695.697,2026-06-26T03:10:33.204231,63242.43,114997.371,0.822,5838.976,141962.69,0.021,0.0
695.748,2026-06-26T03:10:33.255225,63242.43,114997.371,0.805,5838.977,141962.69,0.02,0.0
695.799,2026-06-26T03:10:33.306222,63250.047,115047.371,0.794,5838.978,142012.69,0.021,980.766
695.85,2026-06-26T03:10:33.357226,63242.43,114997.371,0.831,5838.979,142012.69,0.02,0.0
695.901,2026-06-26T03:10:33.408243,63242.43,114997.371,0.812,5838.98,142062.69,0.02,980.202
695.952,2026-06-26T03:10:33.459234,63275.93,115047.371,0.798,5838.981,142062.69,0.021,0.0
696.003,2026-06-26T03:10:33.510231,63242.43,114997.371,0.834,5838.982,142062.69,0.02,0.0
696.054,2026-06-26T03:10:33.561233,63264.305,115797.371,0.768,5838.984,142112.69,0.021,980.656
696.105,2026-06-26T03:10:33.612239,63315.234,115797.371,0.767,5838.985,142112.69,0.02,0.0
696.156,2026-06-26T03:10:33.663242,63366.375,115797.371,0.767,5838.986,142112.69,0.02,0.0
696.207,2026-06-26T03:10:33.714234,63417.43,115797.371,0.813,5838.987,142112.69,0.021,0.0
696.258,2026-06-26T03:10:33.765228,63468.441,115797.371,0.798,5838.988,142112.69,0.02,0.0
696.309,2026-06-26T03:10:33.816227,63512.348,115797.371,0.789,5838.989,142112.69,0.021,0.0
696.36,2026-06-26T03:10:33.867226,63551.258,115797.371,0.782,5838.99,142112.69,0.02,0.0
696.411,2026-06-26T03:10:33.918230,63589.672,115797.371,0.777,5838.991,142112.69,0.02,0.0
696.462,2026-06-26T03:10:33.969237,63631.387,115797.371,0.82,5838.992,142112.69,0.021,0.0
696.513,2026-06-26T03:10:34.020233,63681.23,115797.371,0.804,5838.993,142112.69,0.02,0.0
696.564,2026-06-26T03:10:34.071255,63730.523,115797.371,0.792,5838.994,142112.69,0.02,0.0
696.615,2026-06-26T03:10:34.122248,63779.836,115797.371,0.738,5838.995,142112.69,0.02,0.0
696.666,2026-06-26T03:10:34.173238,63830.289,115797.371,0.793,5838.996,142112.69,0.02,0.0
696.717,2026-06-26T03:10:34.224234,63880.855,115797.371,0.785,5838.997,142112.69,0.021,0.0
696.768,2026-06-26T03:10:34.275176,63931.023,115797.371,0.827,5838.998,142112.69,0.021,0.0
696.819,2026-06-26T03:10:34.325756,63980.59,115797.371,0.763,5838.999,142112.69,0.021,0.0
696.87,2026-06-26T03:10:34.376687,64030.82,115797.371,0.812,5839.0,142112.69,0.021,0.0
696.92,2026-06-26T03:10:34.427268,64017.43,115797.371,0.799,5839.001,142112.69,0.021,0.0
696.971,2026-06-26T03:10:34.478218,63684.43,115797.371,0.789,5839.002,142112.69,0.021,0.0
697.022,2026-06-26T03:10:34.529210,63242.43,114997.371,0.782,5839.003,142112.69,0.02,0.0
697.073,2026-06-26T03:10:34.580192,63242.43,114997.371,0.823,5839.004,142112.69,0.02,0.0
697.124,2026-06-26T03:10:34.631226,63242.43,114997.371,0.806,5839.005,142112.69,0.02,0.0
697.175,2026-06-26T03:10:34.682213,63242.43,114997.371,0.794,5839.007,142112.69,0.02,0.0
697.226,2026-06-26T03:10:34.733210,63243.988,115797.371,0.832,5839.008,142162.69,0.021,980.72
697.277,2026-06-26T03:10:34.784213,63283.562,115797.371,0.812,5839.009,142162.69,0.02,0.0
697.328,2026-06-26T03:10:34.835211,63323.32,115797.371,0.798,5839.01,142162.69,0.021,0.0
697.379,2026-06-26T03:10:34.886246,63363.066,115797.371,0.788,5839.011,142162.69,0.02,0.0
697.43,2026-06-26T03:10:34.937240,63402.133,115797.371,0.782,5839.012,142162.69,0.02,0.0
697.481,2026-06-26T03:10:34.988240,63441.281,115797.371,0.777,5839.013,142162.69,0.02,0.0
697.532,2026-06-26T03:10:35.039243,63480.285,115797.371,0.774,5839.014,142162.69,0.02,0.0
697.583,2026-06-26T03:10:35.090238,63518.191,115797.371,0.771,5839.015,142162.69,0.02,0.0
697.634,2026-06-26T03:10:35.141227,63556.09,115797.371,0.816,5839.016,142162.69,0.021,0.0
697.685,2026-06-26T03:10:35.192225,63593.992,115797.371,0.801,5839.017,142162.69,0.02,0.0
697.736,2026-06-26T03:10:35.243233,63636.688,115797.371,0.744,5839.018,142162.69,0.02,0.0
697.787,2026-06-26T03:10:35.294235,63686.941,115797.371,0.843,5839.019,142162.69,0.02,0.0
697.838,2026-06-26T03:10:35.345228,63738.062,115797.371,0.819,5839.02,142162.69,0.02,0.0
697.889,2026-06-26T03:10:35.396228,63789.305,115797.371,0.804,5839.021,142162.69,0.021,0.0
697.94,2026-06-26T03:10:35.447167,63839.465,115797.371,0.747,5839.022,142162.69,0.021,0.0
697.991,2026-06-26T03:10:35.497738,63889.422,115797.371,0.8,5839.023,142162.69,0.021,0.0
698.042,2026-06-26T03:10:35.548659,63940.105,115797.371,0.79,5839.024,142162.69,0.02,0.0
698.093,2026-06-26T03:10:35.599661,63990.992,115797.371,0.783,5839.025,142162.69,0.02,0.0
698.144,2026-06-26T03:10:35.650636,64035.66,115797.371,0.778,5839.026,142162.69,0.021,0.0
698.195,2026-06-26T03:10:35.701639,64022.453,115797.371,0.774,5839.027,142162.69,0.02,0.0
698.246,2026-06-26T03:10:35.752636,63634.43,115797.371,0.864,5839.028,142162.69,0.02,0.0
698.367,2026-06-26T03:10:35.873288,63242.465,114997.371,0.955,5839.378,142162.69,2.911,0.0
698.417,2026-06-26T03:10:35.923724,63242.465,114997.371,0.9,5839.379,142162.69,0.021,0.0
698.468,2026-06-26T03:10:35.974348,63242.465,114997.371,0.862,5839.38,142162.69,0.021,0.0
698.518,2026-06-26T03:10:36.024968,63266.465,115047.371,0.834,5839.381,142212.69,0.021,983.378
698.569,2026-06-26T03:10:36.075834,63242.465,114997.371,0.861,5839.382,142212.69,0.021,0.0
698.62,2026-06-26T03:10:36.126645,63252.141,115797.371,0.786,5839.383,142262.69,0.02,980.11
698.671,2026-06-26T03:10:36.177701,63303.402,115797.371,0.826,5839.385,142262.69,0.02,0.0
698.722,2026-06-26T03:10:36.228714,63354.512,115797.371,0.762,5839.386,142262.69,0.02,0.0
698.773,2026-06-26T03:10:36.279765,63405.695,115797.371,0.809,5839.387,142262.69,0.02,0.0
698.824,2026-06-26T03:10:36.330776,63456.781,115797.371,0.796,5839.388,142262.69,0.02,0.0
698.875,2026-06-26T03:10:36.381820,63507.684,115797.371,0.787,5839.389,142262.69,0.02,0.0
698.926,2026-06-26T03:10:36.432843,63558.09,115797.371,0.78,5839.39,142262.69,0.02,0.0
698.977,2026-06-26T03:10:36.483883,63608.254,115797.371,0.868,5839.391,142262.69,0.02,0.0
699.028,2026-06-26T03:10:36.534904,63648.305,115797.371,0.837,5839.392,142262.69,0.02,0.0
699.079,2026-06-26T03:10:36.585978,63686.215,115797.371,0.77,5839.393,142262.69,0.02,0.0
699.13,2026-06-26T03:10:36.637001,63724.336,115797.371,0.814,5839.394,142262.69,0.02,0.0
699.181,2026-06-26T03:10:36.688040,63767.777,115797.371,0.8,5839.395,142262.69,0.02,0.0
699.232,2026-06-26T03:10:36.739062,63818.48,115797.371,0.744,5839.396,142262.69,0.02,0.0
699.283,2026-06-26T03:10:36.790094,63869.254,115797.371,0.796,5839.397,142262.69,0.02,0.0
699.334,2026-06-26T03:10:36.841131,63919.75,115797.371,0.787,5839.398,142262.69,0.02,0.0
699.385,2026-06-26T03:10:36.892176,63970.473,115797.371,0.78,5839.399,142262.69,0.02,0.0
699.436,2026-06-26T03:10:36.943251,64020.957,115797.371,0.822,5839.4,142262.69,0.02,0.0
699.487,2026-06-26T03:10:36.994237,64008.113,115797.371,0.759,5839.401,142262.69,0.02,0.0
699.538,2026-06-26T03:10:37.045248,63812.465,115797.371,0.807,5839.402,142262.69,0.02,0.0
699.589,2026-06-26T03:10:37.096260,63242.465,114997.371,0.795,5839.403,142262.69,0.02,0.0
699.64,2026-06-26T03:10:37.147241,63242.465,114997.371,0.786,5839.404,142262.69,0.021,0.0
699.691,2026-06-26T03:10:37.198234,63242.465,114997.371,0.826,5839.405,142262.69,0.02,0.0
699.742,2026-06-26T03:10:37.249242,63242.465,114997.371,0.808,5839.406,142262.69,0.02,0.0
699.793,2026-06-26T03:10:37.300244,63242.465,114997.371,0.749,5839.408,142312.69,0.02,980.193
699.844,2026-06-26T03:10:37.351241,63282.254,115047.371,0.8,5839.409,142312.69,0.02,0.0
699.895,2026-06-26T03:10:37.402231,63242.465,114997.371,0.79,5839.41,142312.69,0.021,0.0
699.946,2026-06-26T03:10:37.453225,63271.121,115047.371,0.783,5839.411,142362.69,0.02,980.06
699.997,2026-06-26T03:10:37.504228,63242.465,114997.371,0.778,5839.412,142362.69,0.02,0.0
700.048,2026-06-26T03:10:37.555236,63259.945,115797.371,0.82,5839.413,142412.69,0.02,980.28
700.099,2026-06-26T03:10:37.606238,63311.094,115797.371,0.804,5839.414,142412.69,0.02,0.0
700.15,2026-06-26T03:10:37.657227,63362.223,115797.371,0.793,5839.415,142412.69,0.021,0.0
700.201,2026-06-26T03:10:37.708224,63413.031,115797.371,0.83,5839.416,142412.69,0.02,0.0
700.252,2026-06-26T03:10:37.759230,63463.363,115797.371,0.811,5839.417,142412.69,0.02,0.0
700.303,2026-06-26T03:10:37.810230,63513.492,115797.371,0.752,5839.418,142412.69,0.02,0.0
700.354,2026-06-26T03:10:37.861217,63557.426,115797.371,0.802,5839.419,142412.69,0.02,0.0
700.405,2026-06-26T03:10:37.912222,63607.746,115797.371,0.745,5839.42,142412.69,0.021,0.0
700.456,2026-06-26T03:10:37.963213,63658.262,115797.371,0.797,5839.421,142412.69,0.02,0.0
700.507,2026-06-26T03:10:38.014235,63709.438,115797.371,0.788,5839.422,142412.69,0.02,0.0
700.558,2026-06-26T03:10:38.065228,63756.527,115797.371,0.781,5839.423,142412.69,0.02,0.0
700.609,2026-06-26T03:10:38.116227,63794.73,115797.371,0.777,5839.424,142412.69,0.02,0.0
700.66,2026-06-26T03:10:38.167223,63832.797,115797.371,0.82,5839.425,142412.69,0.021,0.0
700.711,2026-06-26T03:10:38.218222,63870.848,115797.371,0.757,5839.426,142412.69,0.02,0.0
700.762,2026-06-26T03:10:38.269240,63920.844,115797.371,0.76,5839.427,142412.69,0.02,0.0
700.813,2026-06-26T03:10:38.320234,63971.617,115797.371,0.808,5839.428,142412.69,0.02,0.0
700.864,2026-06-26T03:10:38.371224,64023.168,115797.371,0.795,5839.429,142412.69,0.02,0.0
700.915,2026-06-26T03:10:38.422215,64010.965,115797.371,0.832,5839.431,142412.69,0.021,0.0
700.966,2026-06-26T03:10:38.473220,63786.465,115797.371,0.812,5839.432,142412.69,0.02,0.0
701.017,2026-06-26T03:10:38.524237,63242.465,114997.371,0.844,5839.433,142412.69,0.02,0.0
701.068,2026-06-26T03:10:38.575237,63242.469,114997.371,0.821,5839.434,142412.69,0.02,0.0
701.119,2026-06-26T03:10:38.626230,63242.469,114997.371,0.804,5839.435,142412.69,0.02,0.0
701.17,2026-06-26T03:10:38.677234,63242.469,114997.371,0.793,5839.436,142412.69,0.02,0.0
701.221,2026-06-26T03:10:38.728235,63242.469,114997.371,0.831,5839.437,142462.69,0.02,980.225
701.272,2026-06-26T03:10:38.779238,63284.359,115047.371,0.765,5839.438,142462.69,0.02,0.0
701.323,2026-06-26T03:10:38.830234,63242.469,114997.371,0.812,5839.439,142462.69,0.021,0.0
701.374,2026-06-26T03:10:38.881223,63273.355,115047.371,0.752,5839.44,142512.69,0.02,980.069
701.425,2026-06-26T03:10:38.932232,63242.469,114997.371,0.756,5839.441,142512.69,0.02,0.0
701.476,2026-06-26T03:10:38.983239,63262.379,115047.371,0.805,5839.442,142562.69,0.02,980.449
701.527,2026-06-26T03:10:39.034238,63242.469,114997.371,0.793,5839.443,142562.69,0.02,0.0
701.578,2026-06-26T03:10:39.085234,63245.609,115797.371,0.785,5839.444,142612.69,0.021,980.656
701.629,2026-06-26T03:10:39.136230,63296.797,115797.371,0.779,5839.445,142612.69,0.02,0.0
701.68,2026-06-26T03:10:39.187247,63348.105,115797.371,0.775,5839.446,142612.69,0.02,0.0
701.731,2026-06-26T03:10:39.238242,63399.227,115797.371,0.772,5839.447,142612.69,0.02,0.0
701.782,2026-06-26T03:10:39.289202,63449.941,115797.371,0.818,5839.448,142612.69,0.021,0.0
701.833,2026-06-26T03:10:39.339766,63499.734,115797.371,0.804,5839.449,142612.69,0.021,0.0
701.884,2026-06-26T03:10:39.390352,63549.059,115797.371,0.795,5839.45,142612.69,0.021,0.0
701.934,2026-06-26T03:10:39.440926,63598.613,115797.371,0.834,5839.451,142612.69,0.021,0.0
701.985,2026-06-26T03:10:39.491557,63648.281,115797.371,0.815,5839.452,142612.69,0.021,0.0
702.035,2026-06-26T03:10:39.542210,63698.523,115797.371,0.802,5839.454,142612.69,0.021,0.0
702.086,2026-06-26T03:10:39.592809,63748.266,115797.371,0.793,5839.455,142612.69,0.021,0.0
702.137,2026-06-26T03:10:39.643433,63798.633,115797.371,0.786,5839.456,142612.69,0.021,0.0
702.187,2026-06-26T03:10:39.694064,63848.766,115797.371,0.782,5839.457,142612.69,0.021,0.0
702.238,2026-06-26T03:10:39.744692,63899.684,115797.371,0.779,5839.458,142612.69,0.021,0.0
702.289,2026-06-26T03:10:39.795317,63951.336,115797.371,0.823,5839.459,142612.69,0.021,0.0
702.339,2026-06-26T03:10:39.845919,64003.266,115797.371,0.761,5839.46,142612.69,0.021,0.0
702.39,2026-06-26T03:10:39.896553,63992.469,115747.371,0.764,5839.461,142612.69,0.021,0.0
702.44,2026-06-26T03:10:39.947212,64040.488,115797.371,0.766,5839.462,142612.69,0.021,0.0
702.491,2026-06-26T03:10:39.997807,63372.469,115797.371,0.768,5839.463,142612.69,0.021,0.0
702.542,2026-06-26T03:10:40.048431,63242.469,114997.371,0.769,5839.464,142612.69,0.021,0.0
702.592,2026-06-26T03:10:40.099034,63242.469,114997.371,0.77,5839.465,142612.69,0.021,0.0
702.643,2026-06-26T03:10:40.149678,63242.469,114997.371,0.771,5839.466,142612.69,0.021,0.0
702.694,2026-06-26T03:10:40.200314,63242.469,114997.371,0.771,5839.467,142612.69,0.021,0.0
702.744,2026-06-26T03:10:40.250910,63262.383,115797.371,0.771,5839.468,142662.69,0.021,987.522
702.795,2026-06-26T03:10:40.301554,63313.906,115797.371,0.818,5839.469,142662.69,0.021,0.0
702.845,2026-06-26T03:10:40.352189,63365.293,115797.371,0.757,5839.47,142662.69,0.021,0.0
702.896,2026-06-26T03:10:40.402786,63415.906,115797.371,0.808,5839.471,142662.69,0.021,0.0
702.947,2026-06-26T03:10:40.453395,63466.414,115797.371,0.797,5839.472,142662.69,0.021,0.0
702.997,2026-06-26T03:10:40.503945,63516.996,115797.371,0.79,5839.473,142662.69,0.021,0.0
703.048,2026-06-26T03:10:40.554576,63567.496,115797.371,0.784,5839.474,142662.69,0.021,0.0
703.098,2026-06-26T03:10:40.605191,63617.344,115797.371,0.827,5839.475,142662.69,0.021,0.0
703.149,2026-06-26T03:10:40.655808,63657.441,115797.371,0.81,5839.477,142662.69,0.021,0.0
703.2,2026-06-26T03:10:40.706468,63697.328,115797.371,0.799,5839.478,142662.69,0.021,0.0
703.25,2026-06-26T03:10:40.757067,63737.414,115797.371,0.791,5839.479,142662.69,0.021,0.0
703.34,2026-06-26T03:10:40.847227,63807.062,115797.371,0.892,5839.828,142662.69,3.889,0.0
703.391,2026-06-26T03:10:40.897656,63845.879,115797.371,0.856,5839.829,142662.69,0.021,0.0
703.442,2026-06-26T03:10:40.948322,63884.461,115797.371,0.83,5839.831,142662.69,0.021,0.0
703.492,2026-06-26T03:10:40.998941,63922.305,115797.371,0.812,5839.832,142662.69,0.021,0.0
703.543,2026-06-26T03:10:41.049775,63957.387,115797.371,0.799,5839.833,142662.69,0.021,0.0
703.594,2026-06-26T03:10:41.100743,63995.625,115797.371,0.789,5839.834,142662.69,0.021,0.0
703.645,2026-06-26T03:10:41.151736,64010.5,115797.371,0.782,5839.835,142662.69,0.02,0.0
703.696,2026-06-26T03:10:41.202746,64031.152,115797.371,0.777,5839.836,142662.69,0.02,0.0
703.747,2026-06-26T03:10:41.253736,63502.5,115797.371,0.774,5839.837,142662.69,0.021,0.0
703.798,2026-06-26T03:10:41.304713,63242.5,114997.371,0.771,5839.838,142662.69,0.02,0.0
703.849,2026-06-26T03:10:41.355705,63242.5,114997.371,0.816,5839.839,142662.69,0.021,0.0
703.9,2026-06-26T03:10:41.406682,63242.5,114997.371,0.801,5839.84,142662.69,0.02,0.0
703.951,2026-06-26T03:10:41.457705,63242.5,114997.371,0.79,5839.841,142662.69,0.021,0.0
704.002,2026-06-26T03:10:41.508671,63260.957,115797.371,0.783,5839.842,142712.69,0.021,980.729
704.053,2026-06-26T03:10:41.559669,63310.688,115797.371,0.778,5839.843,142712.69,0.02,0.0
704.104,2026-06-26T03:10:41.610647,63360.867,115797.371,0.821,5839.844,142712.69,0.02,0.0
704.155,2026-06-26T03:10:41.661660,63410.738,115797.371,0.804,5839.845,142712.69,0.02,0.0
704.206,2026-06-26T03:10:41.712657,63460.449,115797.371,0.838,5839.846,142712.69,0.02,0.0
704.257,2026-06-26T03:10:41.763652,63509.598,115797.371,0.817,5839.847,142712.69,0.021,0.0
704.308,2026-06-26T03:10:41.814629,63558.496,115797.371,0.847,5839.848,142712.69,0.02,0.0
704.359,2026-06-26T03:10:41.865631,63607.578,115797.371,0.775,5839.849,142712.69,0.02,0.0
704.41,2026-06-26T03:10:41.917242,63657.285,115797.371,0.818,5839.85,142712.69,0.02,0.0
704.461,2026-06-26T03:10:41.968198,63706.816,115797.371,0.803,5839.851,142712.69,0.021,0.0
704.512,2026-06-26T03:10:42.019187,63757.578,115797.371,0.792,5839.852,142712.69,0.021,0.0
704.563,2026-06-26T03:10:42.070158,63808.988,115797.371,0.784,5839.854,142712.69,0.02,0.0
704.614,2026-06-26T03:10:42.121122,63859.941,115797.371,0.779,5839.855,142712.69,0.02,0.0
704.665,2026-06-26T03:10:42.172118,63901.348,115797.371,0.775,5839.856,142712.69,0.021,0.0
704.716,2026-06-26T03:10:42.223099,63940.348,115797.371,0.772,5839.857,142712.69,0.02,0.0
704.767,2026-06-26T03:10:42.274099,63979.336,115797.371,0.816,5839.858,142712.69,0.021,0.0
704.818,2026-06-26T03:10:42.325069,64022.777,115797.371,0.801,5839.859,142712.69,0.02,0.0
704.869,2026-06-26T03:10:42.376083,64003.395,115797.371,0.791,5839.86,142712.69,0.021,0.0
704.92,2026-06-26T03:10:42.427059,63878.5,115797.371,0.783,5839.861,142712.69,0.021,0.0
704.971,2026-06-26T03:10:42.478050,63242.5,114997.371,0.778,5839.862,142712.69,0.02,0.0
705.022,2026-06-26T03:10:42.529030,63242.5,114997.371,0.775,5839.863,142712.69,0.021,0.0
705.073,2026-06-26T03:10:42.580005,63242.5,114997.371,0.772,5839.864,142712.69,0.02,0.0
705.124,2026-06-26T03:10:42.631050,63242.5,114997.371,0.77,5839.865,142712.69,0.02,0.0
705.175,2026-06-26T03:10:42.682076,63242.5,114997.371,0.815,5839.866,142762.69,0.02,980.289
705.226,2026-06-26T03:10:42.733098,63283.484,115047.371,0.8,5839.867,142762.69,0.02,0.0
705.277,2026-06-26T03:10:42.784155,63242.5,114997.371,0.79,5839.868,142762.69,0.02,0.0
705.328,2026-06-26T03:10:42.835210,63272.125,115797.371,0.782,5839.869,142812.69,0.02,979.159
705.379,2026-06-26T03:10:42.886203,63323.473,115797.371,0.823,5839.87,142812.69,0.021,0.0
705.43,2026-06-26T03:10:42.937242,63374.996,115797.371,0.806,5839.871,142812.69,0.02,0.0
705.481,2026-06-26T03:10:42.988234,63426.324,115797.371,0.794,5839.872,142812.69,0.02,0.0
705.532,2026-06-26T03:10:43.039237,63477.484,115797.371,0.74,5839.873,142812.69,0.021,0.0
705.583,2026-06-26T03:10:43.090242,63528.312,115797.371,0.793,5839.874,142812.69,0.02,0.0
705.634,2026-06-26T03:10:43.141250,63578.438,115797.371,0.831,5839.875,142812.69,0.02,0.0
705.685,2026-06-26T03:10:43.192248,63628.438,115797.371,0.858,5839.877,142812.69,0.021,0.0
705.736,2026-06-26T03:10:43.243248,63678.594,115797.371,0.784,5839.878,142812.69,0.02,0.0
705.787,2026-06-26T03:10:43.294260,63728.777,115797.371,0.824,5839.879,142812.69,0.02,0.0
705.839,2026-06-26T03:10:43.345275,63779.453,115797.371,0.807,5839.88,142812.69,0.02,0.0
705.889,2026-06-26T03:10:43.396261,63830.0,115797.371,0.841,5839.881,142812.69,0.02,0.0
705.94,2026-06-26T03:10:43.447257,63880.688,115797.371,0.772,5839.882,142812.69,0.021,0.0
705.991,2026-06-26T03:10:43.498252,63931.477,115797.371,0.816,5839.883,142812.69,0.02,0.0
706.043,2026-06-26T03:10:43.549274,63983.125,115797.371,0.801,5839.884,142812.69,0.02,0.0
706.093,2026-06-26T03:10:43.600269,64027.344,115797.371,0.745,5839.885,142812.69,0.02,0.0
706.145,2026-06-26T03:10:43.651275,64011.059,115797.371,0.797,5839.886,142812.69,0.02,0.0
706.196,2026-06-26T03:10:43.702276,63756.5,115797.371,0.788,5839.887,142812.69,0.021,0.0
706.246,2026-06-26T03:10:43.753273,63242.5,114997.371,0.781,5839.888,142812.69,0.02,0.0
706.298,2026-06-26T03:10:43.804295,63242.5,114997.371,0.776,5839.889,142812.69,0.02,0.0
706.349,2026-06-26T03:10:43.855285,63242.5,114997.371,0.773,5839.89,142812.69,0.02,0.0
706.399,2026-06-26T03:10:43.906271,63242.5,114997.371,0.771,5839.891,142812.69,0.02,0.0
706.45,2026-06-26T03:10:43.957267,63242.5,114997.371,0.816,5839.892,142862.69,0.02,980.55
706.502,2026-06-26T03:10:44.008282,63291.5,115047.371,0.801,5839.893,142862.69,0.02,0.0
706.553,2026-06-26T03:10:44.059299,63242.5,114997.371,0.836,5839.894,142912.69,0.02,980.427
706.604,2026-06-26T03:10:44.110313,63281.922,115797.371,0.769,5839.895,142912.69,0.02,0.0
706.655,2026-06-26T03:10:44.161329,63333.191,115797.371,0.768,5839.896,142912.69,0.02,0.0
706.706,2026-06-26T03:10:44.212366,63384.688,115797.371,0.767,5839.897,142912.69,0.02,0.0
706.757,2026-06-26T03:10:44.263419,63435.949,115797.371,0.812,5839.898,142912.69,0.02,0.0
706.808,2026-06-26T03:10:44.314463,63486.305,115797.371,0.798,5839.9,142912.69,0.02,0.0
706.859,2026-06-26T03:10:44.365453,63536.41,115797.371,0.79,5839.901,142912.69,0.021,0.0
706.909,2026-06-26T03:10:44.415986,63586.031,115797.371,0.785,5839.902,142912.69,0.021,0.0
706.96,2026-06-26T03:10:44.466577,63635.668,115797.371,0.781,5839.903,142912.69,0.021,0.0
707.01,2026-06-26T03:10:44.517197,63685.801,115797.371,0.824,5839.904,142912.69,0.021,0.0
707.061,2026-06-26T03:10:44.567810,63736.234,115797.371,0.762,5839.905,142912.69,0.021,0.0
707.112,2026-06-26T03:10:44.618452,63786.504,115797.371,0.765,5839.906,142912.69,0.021,0.0
707.162,2026-06-26T03:10:44.669027,63836.703,115797.371,0.767,5839.907,142912.69,0.021,0.0
707.213,2026-06-26T03:10:44.719678,63886.973,115797.371,0.815,5839.908,142912.69,0.021,0.0
707.264,2026-06-26T03:10:44.770306,63937.641,115797.371,0.848,5839.909,142912.69,0.021,0.0
707.314,2026-06-26T03:10:44.820914,63989.367,115797.371,0.825,5839.91,142912.69,0.021,0.0
707.365,2026-06-26T03:10:44.871549,64033.699,115797.371,0.809,5839.911,142912.69,0.021,0.0
707.415,2026-06-26T03:10:44.922168,64020.906,115797.371,0.752,5839.912,142912.69,0.021,0.0
707.466,2026-06-26T03:10:44.972777,63660.5,115797.371,0.758,5839.913,142912.69,0.021,0.0
707.517,2026-06-26T03:10:45.023407,63242.5,114997.371,0.762,5839.914,142912.69,0.021,0.0
707.567,2026-06-26T03:10:45.074013,63242.5,114997.371,0.765,5839.915,142912.69,0.021,0.0
707.618,2026-06-26T03:10:45.124648,63242.5,114997.371,0.767,5839.916,142912.69,0.021,0.0
707.668,2026-06-26T03:10:45.175253,63242.5,114997.371,0.768,5839.917,142912.69,0.021,0.0
707.719,2026-06-26T03:10:45.225901,63243.5,115047.371,0.814,5839.918,142962.69,0.021,981.813
707.77,2026-06-26T03:10:45.276903,63274.5,115047.371,0.8,5839.919,142962.69,0.021,0.0
707.821,2026-06-26T03:10:45.327877,63242.5,114997.371,0.79,5839.92,143012.69,0.02,980.344
707.872,2026-06-26T03:10:45.378871,63282.43,115797.371,0.783,5839.921,143012.69,0.021,0.0
707.923,2026-06-26T03:10:45.429814,63333.324,115797.371,0.778,5839.923,143012.69,0.021,0.0
707.974,2026-06-26T03:10:45.480763,63384.375,115797.371,0.775,5839.924,143012.69,0.021,0.0
708.025,2026-06-26T03:10:45.531564,63435.449,115797.371,0.819,5839.925,143012.69,0.021,0.0
708.076,2026-06-26T03:10:45.582550,63486.391,115797.371,0.803,5839.926,143012.69,0.021,0.0
708.127,2026-06-26T03:10:45.633514,63537.254,115797.371,0.838,5839.927,143012.69,0.021,0.0
708.178,2026-06-26T03:10:45.684513,63587.344,115797.371,0.77,5839.928,143012.69,0.02,0.0
708.229,2026-06-26T03:10:45.735508,63637.527,115797.371,0.815,5839.929,143012.69,0.02,0.0
708.28,2026-06-26T03:10:45.786512,63687.711,115797.371,0.8,5839.93,143012.69,0.021,0.0
708.401,2026-06-26T03:10:45.907490,63807.086,115797.371,0.929,5840.28,143012.69,2.903,0.0
708.451,2026-06-26T03:10:45.957920,63857.379,115797.371,0.882,5840.281,143012.69,0.021,0.0
708.502,2026-06-26T03:10:46.008562,63903.66,115797.371,0.849,5840.282,143012.69,0.021,0.0
708.552,2026-06-26T03:10:46.059239,63953.965,115797.371,0.779,5840.283,143012.69,0.021,0.0
708.603,2026-06-26T03:10:46.110026,64005.543,115797.371,0.822,5840.284,143012.69,0.021,0.0
708.654,2026-06-26T03:10:46.160862,63994.113,115797.371,0.805,5840.285,143012.69,0.021,0.0
708.705,2026-06-26T03:10:46.211842,64006.516,115797.371,0.794,5840.286,143012.69,0.021,0.0
708.756,2026-06-26T03:10:46.262836,63304.516,115797.371,0.785,5840.287,143012.69,0.02,0.0
708.807,2026-06-26T03:10:46.313825,63242.516,114997.371,0.826,5840.288,143012.69,0.021,0.0
708.858,2026-06-26T03:10:46.364820,63242.516,114997.371,0.808,5840.289,143012.69,0.021,0.0
708.909,2026-06-26T03:10:46.415768,63242.516,114997.371,0.795,5840.29,143012.69,0.021,0.0
708.96,2026-06-26T03:10:46.466751,63242.516,114997.371,0.787,5840.291,143012.69,0.021,0.0
709.011,2026-06-26T03:10:46.517730,63274.238,115797.371,0.78,5840.292,143062.69,0.02,979.79
709.062,2026-06-26T03:10:46.568743,63324.207,115797.371,0.776,5840.293,143062.69,0.021,0.0
709.113,2026-06-26T03:10:46.619701,63374.273,115797.371,0.819,5840.294,143062.69,0.02,0.0
709.164,2026-06-26T03:10:46.670701,63424.285,115797.371,0.803,5840.295,143062.69,0.02,0.0
709.215,2026-06-26T03:10:46.721722,63474.523,115797.371,0.792,5840.296,143062.69,0.02,0.0
709.266,2026-06-26T03:10:46.772771,63523.766,115797.371,0.784,5840.297,143062.69,0.02,0.0
709.317,2026-06-26T03:10:46.823818,63572.863,115797.371,0.778,5840.298,143062.69,0.02,0.0
709.368,2026-06-26T03:10:46.874851,63621.816,115797.371,0.82,5840.3,143062.69,0.02,0.0
709.419,2026-06-26T03:10:46.925853,63670.844,115797.371,0.804,5840.301,143062.69,0.02,0.0
709.47,2026-06-26T03:10:46.976895,63720.125,115797.371,0.792,5840.302,143062.69,0.02,0.0
709.521,2026-06-26T03:10:47.027938,63769.852,115797.371,0.83,5840.303,143062.69,0.02,0.0
709.572,2026-06-26T03:10:47.079001,63820.691,115797.371,0.811,5840.304,143062.69,0.02,0.0
709.623,2026-06-26T03:10:47.130013,63871.316,115797.371,0.797,5840.305,143062.69,0.02,0.0
709.674,2026-06-26T03:10:47.181051,63921.746,115797.371,0.834,5840.306,143062.69,0.02,0.0
709.725,2026-06-26T03:10:47.232068,63972.457,115797.371,0.767,5840.307,143062.69,0.02,0.0
709.776,2026-06-26T03:10:47.283104,64024.219,115797.371,0.813,5840.308,143062.69,0.02,0.0
709.827,2026-06-26T03:10:47.334184,64012.566,115797.371,0.799,5840.309,143062.69,0.02,0.0
709.878,2026-06-26T03:10:47.385190,63744.516,115797.371,0.789,5840.31,143062.69,0.02,0.0
709.929,2026-06-26T03:10:47.436209,63242.516,114997.371,0.782,5840.311,143062.69,0.02,0.0
709.98,2026-06-26T03:10:47.487206,63242.516,114997.371,0.823,5840.312,143062.69,0.02,0.0
710.031,2026-06-26T03:10:47.538214,63242.516,114997.371,0.806,5840.313,143062.69,0.02,0.0
710.082,2026-06-26T03:10:47.589211,63242.516,114997.371,0.84,5840.314,143062.69,0.02,0.0
710.133,2026-06-26T03:10:47.640201,63242.891,115047.371,0.772,5840.315,143112.69,0.021,980.798
710.184,2026-06-26T03:10:47.691244,63292.516,115047.371,0.816,5840.316,143112.69,0.02,0.0
710.235,2026-06-26T03:10:47.742254,63242.516,114997.371,0.755,5840.317,143162.69,0.02,980.463
710.286,2026-06-26T03:10:47.793252,63282.34,115797.371,0.804,5840.318,143162.69,0.02,0.0
710.337,2026-06-26T03:10:47.844254,63332.629,115797.371,0.793,5840.319,143162.69,0.02,0.0
710.388,2026-06-26T03:10:47.895255,63383.875,115797.371,0.785,5840.32,143162.69,0.021,0.0
710.439,2026-06-26T03:10:47.946237,63434.703,115797.371,0.779,5840.321,143162.69,0.02,0.0
710.49,2026-06-26T03:10:47.997261,63485.465,115797.371,0.775,5840.323,143162.69,0.02,0.0
710.541,2026-06-26T03:10:48.048252,63535.59,115797.371,0.772,5840.324,143162.69,0.021,0.0
710.592,2026-06-26T03:10:48.099247,63585.684,115797.371,0.816,5840.325,143162.69,0.02,0.0
710.643,2026-06-26T03:10:48.150245,63635.789,115797.371,0.755,5840.326,143162.69,0.021,0.0
710.694,2026-06-26T03:10:48.201242,63686.012,115797.371,0.804,5840.327,143162.69,0.02,0.0
710.745,2026-06-26T03:10:48.252263,63736.781,115797.371,0.839,5840.328,143162.69,0.02,0.0
710.796,2026-06-26T03:10:48.303247,63787.828,115797.371,0.817,5840.329,143162.69,0.021,0.0
710.847,2026-06-26T03:10:48.354248,63838.336,115797.371,0.802,5840.33,143162.69,0.02,0.0
710.898,2026-06-26T03:10:48.405250,63888.699,115797.371,0.791,5840.331,143162.69,0.02,0.0
710.949,2026-06-26T03:10:48.456247,63939.863,115797.371,0.783,5840.332,143162.69,0.02,0.0
711.0,2026-06-26T03:10:48.507256,63991.996,115797.371,0.778,5840.333,143162.69,0.02,0.0
711.051,2026-06-26T03:10:48.558244,64012.516,115797.371,0.821,5840.334,143162.69,0.021,0.0
711.102,2026-06-26T03:10:48.609241,64031.016,115797.371,0.758,5840.335,143162.69,0.02,0.0
711.153,2026-06-26T03:10:48.660245,63518.516,115797.371,0.761,5840.336,143162.69,0.021,0.0
711.204,2026-06-26T03:10:48.711246,63242.516,114997.371,0.762,5840.337,143162.69,0.02,0.0
711.255,2026-06-26T03:10:48.762246,63242.516,114997.371,0.763,5840.338,143162.69,0.02,0.0
711.306,2026-06-26T03:10:48.813238,63242.516,114997.371,0.764,5840.339,143162.69,0.021,0.0
711.357,2026-06-26T03:10:48.864231,63242.516,114997.371,0.765,5840.34,143162.69,0.02,0.0
711.408,2026-06-26T03:10:48.915231,63258.016,115047.371,0.765,5840.341,143212.69,0.02,980.445
711.459,2026-06-26T03:10:48.966234,63242.516,114997.371,0.811,5840.342,143212.69,0.02,0.0
711.51,2026-06-26T03:10:49.017232,63247.016,115047.371,0.798,5840.343,143262.69,0.02,980.399
711.561,2026-06-26T03:10:49.068219,63242.516,114997.371,0.788,5840.344,143262.69,0.021,0.0
711.612,2026-06-26T03:10:49.119210,63242.516,114997.371,0.827,5840.346,143312.69,0.02,979.79
711.663,2026-06-26T03:10:49.170236,63281.578,115797.371,0.855,5840.347,143312.69,0.02,0.0
711.714,2026-06-26T03:10:49.221231,63332.848,115797.371,0.874,5840.348,143312.69,0.02,0.0
711.766,2026-06-26T03:10:49.272629,63384.156,115797.371,0.795,5840.349,143312.69,0.02,0.0
711.816,2026-06-26T03:10:49.323184,63424.273,115797.371,0.788,5840.35,143312.69,0.021,0.0
711.867,2026-06-26T03:10:49.373820,63459.832,115797.371,0.828,5840.351,143312.69,0.021,0.0
711.918,2026-06-26T03:10:49.424845,63481.832,115797.371,0.81,5840.352,143312.69,0.021,0.0
711.969,2026-06-26T03:10:49.475810,63503.406,115797.371,0.797,5840.353,143312.69,0.021,0.0
712.02,2026-06-26T03:10:49.526804,63531.031,115797.371,0.787,5840.354,143312.69,0.02,0.0
712.071,2026-06-26T03:10:49.577786,63581.039,115797.371,0.781,5840.355,143312.69,0.02,0.0
712.122,2026-06-26T03:10:49.628795,63631.289,115797.371,0.822,5840.356,143312.69,0.02,0.0
712.173,2026-06-26T03:10:49.679792,63681.723,115797.371,0.759,5840.357,143312.69,0.02,0.0
712.224,2026-06-26T03:10:49.730784,63732.211,115797.371,0.762,5840.358,143312.69,0.021,0.0
712.275,2026-06-26T03:10:49.781766,63782.723,115797.371,0.809,5840.359,143312.69,0.02,0.0
712.326,2026-06-26T03:10:49.832771,63833.367,115797.371,0.796,5840.36,143312.69,0.021,0.0
712.377,2026-06-26T03:10:49.883741,63883.945,115797.371,0.787,5840.361,143312.69,0.02,0.0
712.428,2026-06-26T03:10:49.934750,63934.957,115797.371,0.781,5840.362,143312.69,0.02,0.0
712.479,2026-06-26T03:10:49.985767,63987.172,115797.371,0.776,5840.363,143312.69,0.021,0.0
712.53,2026-06-26T03:10:50.036763,64039.43,115797.371,0.773,5840.364,143312.69,0.02,0.0
712.581,2026-06-26T03:10:50.087748,64029.691,115797.371,0.817,5840.365,143312.69,0.02,0.0
712.632,2026-06-26T03:10:50.138751,63490.516,115797.371,0.756,5840.366,143312.69,0.021,0.0
712.683,2026-06-26T03:10:50.189733,63242.516,114997.371,0.805,5840.367,143312.69,0.02,0.0
712.734,2026-06-26T03:10:50.240725,63242.516,114997.371,0.793,5840.369,143312.69,0.021,0.0
712.785,2026-06-26T03:10:50.291700,63242.516,114997.371,0.831,5840.37,143312.69,0.02,0.0
712.836,2026-06-26T03:10:50.342702,63242.516,114997.371,0.812,5840.371,143312.69,0.021,0.0
712.887,2026-06-26T03:10:50.393512,63268.531,115797.371,0.798,5840.372,143362.69,0.02,979.474
712.938,2026-06-26T03:10:50.444545,63320.48,115797.371,0.789,5840.373,143362.69,0.02,0.0
712.989,2026-06-26T03:10:50.495561,63371.766,115797.371,0.828,5840.374,143362.69,0.02,0.0
713.04,2026-06-26T03:10:50.546597,63422.965,115797.371,0.809,5840.375,143362.69,0.02,0.0
713.091,2026-06-26T03:10:50.597656,63474.422,115797.371,0.796,5840.376,143362.69,0.02,0.0
713.142,2026-06-26T03:10:50.648680,63525.547,115797.371,0.787,5840.377,143362.69,0.02,0.0
713.193,2026-06-26T03:10:50.699698,63576.305,115797.371,0.78,5840.378,143362.69,0.02,0.0
713.244,2026-06-26T03:10:50.750752,63626.574,115797.371,0.776,5840.379,143362.69,0.02,0.0
713.295,2026-06-26T03:10:50.801777,63676.887,115797.371,0.773,5840.38,143362.69,0.02,0.0
713.416,2026-06-26T03:10:50.922815,63795.938,115797.371,0.91,5840.73,143362.69,2.903,0.0
713.466,2026-06-26T03:10:50.973244,63846.41,115797.371,0.869,5840.731,143362.69,0.021,0.0
713.517,2026-06-26T03:10:51.023872,63892.422,115797.371,0.839,5840.732,143362.69,0.021,0.0
713.568,2026-06-26T03:10:51.074613,63942.812,115797.371,0.818,5840.733,143362.69,0.021,0.0
713.619,2026-06-26T03:10:51.125410,63993.098,115797.371,0.803,5840.734,143362.69,0.021,0.0
713.669,2026-06-26T03:10:51.176215,64004.559,115797.371,0.839,5840.735,143362.69,0.021,0.0
713.72,2026-06-26T03:10:51.227218,64032.117,115797.371,0.817,5840.736,143362.69,0.02,0.0
713.771,2026-06-26T03:10:51.278226,63494.559,115797.371,0.801,5840.737,143362.69,0.02,0.0
713.822,2026-06-26T03:10:51.329222,63242.559,114997.371,0.837,5840.738,143362.69,0.021,0.0
713.873,2026-06-26T03:10:51.380215,63242.559,114997.371,0.815,5840.739,143362.69,0.02,0.0
713.924,2026-06-26T03:10:51.431225,63242.559,114997.371,0.801,5840.74,143362.69,0.02,0.0
713.975,2026-06-26T03:10:51.482221,63242.559,114997.371,0.79,5840.741,143362.69,0.021,0.0
714.026,2026-06-26T03:10:51.533220,63261.34,115047.371,0.737,5840.742,143412.69,0.02,980.372
714.077,2026-06-26T03:10:51.584213,63242.559,114997.371,0.792,5840.744,143412.69,0.02,0.0
714.128,2026-06-26T03:10:51.635215,63250.371,115797.371,0.784,5840.745,143462.69,0.02,979.826
714.179,2026-06-26T03:10:51.686235,63300.246,115797.371,0.779,5840.746,143462.69,0.02,0.0
714.23,2026-06-26T03:10:51.737229,63350.586,115797.371,0.775,5840.747,143462.69,0.02,0.0
714.281,2026-06-26T03:10:51.788226,63401.492,115797.371,0.818,5840.748,143462.69,0.02,0.0
714.332,2026-06-26T03:10:51.839227,63451.895,115797.371,0.849,5840.749,143462.69,0.021,0.0
714.383,2026-06-26T03:10:51.890219,63501.934,115797.371,0.824,5840.75,143462.69,0.02,0.0
714.434,2026-06-26T03:10:51.941237,63552.164,115797.371,0.76,5840.751,143462.69,0.02,0.0
714.485,2026-06-26T03:10:51.992225,63602.438,115797.371,0.808,5840.752,143462.69,0.021,0.0
714.536,2026-06-26T03:10:52.043221,63653.203,115797.371,0.795,5840.753,143462.69,0.02,0.0
714.587,2026-06-26T03:10:52.094216,63704.285,115797.371,0.787,5840.754,143462.69,0.02,0.0
714.638,2026-06-26T03:10:52.145225,63755.5,115797.371,0.78,5840.755,143462.69,0.02,0.0
714.689,2026-06-26T03:10:52.196237,63806.367,115797.371,0.822,5840.756,143462.69,0.02,0.0
714.74,2026-06-26T03:10:52.247225,63857.043,115797.371,0.805,5840.757,143462.69,0.02,0.0
714.791,2026-06-26T03:10:52.298226,63908.469,115797.371,0.793,5840.758,143462.69,0.02,0.0
714.842,2026-06-26T03:10:52.349229,63961.109,115797.371,0.831,5840.759,143462.69,0.021,0.0
714.893,2026-06-26T03:10:52.400231,64013.672,115797.371,0.766,5840.76,143462.69,0.02,0.0
714.944,2026-06-26T03:10:52.451243,64001.656,115797.371,0.812,5840.761,143462.69,0.02,0.0
714.995,2026-06-26T03:10:52.502230,63906.559,115797.371,0.752,5840.762,143462.69,0.021,0.0
715.046,2026-06-26T03:10:52.553226,63242.559,114997.371,0.756,5840.763,143462.69,0.02,0.0
715.097,2026-06-26T03:10:52.604225,63242.559,114997.371,0.805,5840.764,143462.69,0.02,0.0
715.148,2026-06-26T03:10:52.655228,63242.559,114997.371,0.793,5840.765,143462.69,0.02,0.0
715.199,2026-06-26T03:10:52.706225,63242.559,114997.371,0.785,5840.766,143462.69,0.02,0.0
715.25,2026-06-26T03:10:52.757218,63242.559,114997.371,0.779,5840.768,143512.69,0.021,980.752
715.301,2026-06-26T03:10:52.808216,63283.695,115047.371,0.775,5840.769,143512.69,0.02,0.0
715.352,2026-06-26T03:10:52.859225,63242.559,114997.371,0.772,5840.77,143512.69,0.02,0.0
715.403,2026-06-26T03:10:52.910222,63273.086,115797.371,0.817,5840.771,143562.69,0.02,980.532
715.454,2026-06-26T03:10:52.961199,63323.516,115797.371,0.756,5840.772,143562.69,0.021,0.0
715.505,2026-06-26T03:10:53.012234,63373.641,115797.371,0.805,5840.773,143562.69,0.02,0.0
715.556,2026-06-26T03:10:53.063220,63423.809,115797.371,0.839,5840.774,143562.69,0.02,0.0
715.607,2026-06-26T03:10:53.114240,63473.816,115797.371,0.817,5840.775,143562.69,0.02,0.0
715.658,2026-06-26T03:10:53.165227,63523.801,115797.371,0.802,5840.776,143562.69,0.021,0.0
715.709,2026-06-26T03:10:53.216223,63573.223,115797.371,0.791,5840.777,143562.69,0.02,0.0
715.76,2026-06-26T03:10:53.267216,63622.246,115797.371,0.83,5840.778,143562.69,0.021,0.0
715.811,2026-06-26T03:10:53.318216,63671.039,115797.371,0.764,5840.779,143562.69,0.02,0.0
715.862,2026-06-26T03:10:53.369232,63719.883,115797.371,0.811,5840.78,143562.69,0.02,0.0
715.913,2026-06-26T03:10:53.420226,63768.84,115797.371,0.798,5840.781,143562.69,0.021,0.0
715.964,2026-06-26T03:10:53.471200,63817.984,115797.371,0.834,5840.782,143562.69,0.02,0.0
716.015,2026-06-26T03:10:53.522227,63867.559,115797.371,0.814,5840.783,143562.69,0.02,0.0
716.066,2026-06-26T03:10:53.573222,63917.418,115797.371,0.799,5840.784,143562.69,0.02,0.0
716.117,2026-06-26T03:10:53.624234,63968.066,115797.371,0.743,5840.785,143562.69,0.02,0.0
716.168,2026-06-26T03:10:53.675224,64020.137,115797.371,0.796,5840.786,143562.69,0.021,0.0
716.219,2026-06-26T03:10:53.726218,64008.867,115797.371,0.787,5840.787,143562.69,0.02,0.0
716.27,2026-06-26T03:10:53.777221,63780.559,115797.371,0.827,5840.788,143562.69,0.021,0.0
716.321,2026-06-26T03:10:53.828220,63242.559,114997.371,0.808,5840.789,143562.69,0.02,0.0
716.372,2026-06-26T03:10:53.879225,63242.559,114997.371,0.842,5840.791,143562.69,0.02,0.0
716.423,2026-06-26T03:10:53.930214,63242.559,114997.371,0.819,5840.792,143562.69,0.021,0.0
716.475,2026-06-26T03:10:53.981839,63242.559,114997.371,0.8,5840.793,143562.69,0.02,0.0
716.526,2026-06-26T03:10:54.032840,63242.559,114997.371,0.79,5840.794,143612.69,0.02,980.202
716.577,2026-06-26T03:10:54.083863,63290.48,115797.371,0.782,5840.795,143612.69,0.02,0.0
716.628,2026-06-26T03:10:54.134915,63341.719,115797.371,0.731,5840.796,143612.69,0.02,0.0
716.679,2026-06-26T03:10:54.185937,63392.84,115797.371,0.788,5840.797,143612.69,0.02,0.0
716.73,2026-06-26T03:10:54.236974,63443.758,115797.371,0.781,5840.798,143612.69,0.02,0.0
716.781,2026-06-26T03:10:54.288016,63493.996,115797.371,0.776,5840.799,143612.69,0.02,0.0
716.832,2026-06-26T03:10:54.339049,63544.016,115797.371,0.773,5840.8,143612.69,0.02,0.0
716.883,2026-06-26T03:10:54.390063,63594.121,115797.371,0.771,5840.801,143612.69,0.02,0.0
716.934,2026-06-26T03:10:54.441101,63644.121,115797.371,0.815,5840.802,143612.69,0.02,0.0
716.985,2026-06-26T03:10:54.492101,63694.5,115797.371,0.846,5840.803,143612.69,0.02,0.0
717.036,2026-06-26T03:10:54.543183,63745.391,115797.371,0.822,5840.804,143612.69,0.02,0.0
717.087,2026-06-26T03:10:54.594201,63795.938,115797.371,0.805,5840.805,143612.69,0.02,0.0
717.138,2026-06-26T03:10:54.645213,63846.445,115797.371,0.793,5840.806,143612.69,0.02,0.0
717.189,2026-06-26T03:10:54.696203,63896.762,115797.371,0.785,5840.807,143612.69,0.021,0.0
717.24,2026-06-26T03:10:54.747206,63947.27,115797.371,0.779,5840.808,143612.69,0.02,0.0
717.291,2026-06-26T03:10:54.798220,63998.773,115797.371,0.821,5840.809,143612.69,0.02,0.0
717.342,2026-06-26T03:10:54.849205,63992.559,115747.371,0.759,5840.81,143612.69,0.021,0.0
717.393,2026-06-26T03:10:54.900244,64038.738,115797.371,0.807,5840.811,143612.69,0.02,0.0
717.444,2026-06-26T03:10:54.951212,63398.559,115797.371,0.795,5840.812,143612.69,0.021,0.0
717.495,2026-06-26T03:10:55.002202,63242.559,114997.371,0.786,5840.814,143612.69,0.02,0.0
717.546,2026-06-26T03:10:55.053202,63242.559,114997.371,0.78,5840.815,143612.69,0.02,0.0
717.597,2026-06-26T03:10:55.104238,63242.559,114997.371,0.821,5840.816,143612.69,0.02,0.0
717.648,2026-06-26T03:10:55.155227,63242.559,114997.371,0.805,5840.817,143612.69,0.02,0.0
717.699,2026-06-26T03:10:55.206230,63266.918,115047.371,0.747,5840.818,143662.69,0.02,980.459
717.75,2026-06-26T03:10:55.257234,63242.559,114997.371,0.799,5840.819,143662.69,0.02,0.0
717.801,2026-06-26T03:10:55.308178,63257.207,115797.371,0.79,5840.82,143712.69,0.021,987.746
717.852,2026-06-26T03:10:55.358724,63307.746,115797.371,0.785,5840.821,143712.69,0.021,0.0
717.903,2026-06-26T03:10:55.409478,63358.938,115797.371,0.779,5840.822,143712.69,0.02,0.0
717.954,2026-06-26T03:10:55.460505,63410.254,115797.371,0.775,5840.823,143712.69,0.021,0.0
718.005,2026-06-26T03:10:55.511479,63461.309,115797.371,0.818,5840.824,143712.69,0.02,0.0
718.056,2026-06-26T03:10:55.562525,63512.219,115797.371,0.848,5840.825,143712.69,0.02,0.0
718.107,2026-06-26T03:10:55.613560,63562.738,115797.371,0.777,5840.826,143712.69,0.02,0.0
718.158,2026-06-26T03:10:55.664600,63612.867,115797.371,0.819,5840.827,143712.69,0.02,0.0
718.209,2026-06-26T03:10:55.715659,63662.844,115797.371,0.803,5840.828,143712.69,0.02,0.0
718.26,2026-06-26T03:10:55.766697,63712.73,115797.371,0.792,5840.829,143712.69,0.02,0.0
718.311,2026-06-26T03:10:55.817724,63761.816,115797.371,0.738,5840.83,143712.69,0.02,0.0
718.433,2026-06-26T03:10:55.939323,63882.129,115797.371,0.903,5841.18,143712.69,2.889,0.0
718.483,2026-06-26T03:10:55.989767,63932.492,115797.371,0.863,5841.181,143712.69,0.021,0.0
718.534,2026-06-26T03:10:56.040533,63980.102,115797.371,0.836,5841.182,143712.69,0.021,0.0
718.584,2026-06-26T03:10:56.091197,64032.023,115797.371,0.77,5841.183,143712.69,0.021,0.0
718.635,2026-06-26T03:10:56.141983,64019.594,115797.371,0.815,5841.184,143712.69,0.021,0.0
718.686,2026-06-26T03:10:56.192963,63662.594,115797.371,0.8,5841.185,143712.69,0.02,0.0
718.737,2026-06-26T03:10:56.243998,63242.594,114997.371,0.836,5841.186,143712.69,0.02,0.0
718.788,2026-06-26T03:10:56.295023,63242.594,114997.371,0.815,5841.187,143712.69,0.02,0.0
718.839,2026-06-26T03:10:56.346066,63242.594,114997.371,0.8,5841.188,143712.69,0.02,0.0
718.89,2026-06-26T03:10:56.397087,63242.594,114997.371,0.79,5841.189,143712.69,0.02,0.0
718.941,2026-06-26T03:10:56.448116,63249.062,115047.371,0.829,5841.191,143762.69,0.02,980.431
718.992,2026-06-26T03:10:56.499106,63242.594,114997.371,0.81,5841.192,143762.69,0.02,0.0
719.043,2026-06-26T03:10:56.550166,63242.594,114997.371,0.797,5841.193,143812.69,0.02,980.12
719.094,2026-06-26T03:10:56.601197,63288.676,115797.371,0.787,5841.194,143812.69,0.02,0.0
719.145,2026-06-26T03:10:56.652211,63338.922,115797.371,0.735,5841.195,143812.69,0.02,0.0
719.196,2026-06-26T03:10:56.703207,63389.469,115797.371,0.79,5841.196,143812.69,0.021,0.0
719.247,2026-06-26T03:10:56.754240,63439.723,115797.371,0.783,5841.197,143812.69,0.02,0.0
719.298,2026-06-26T03:10:56.805258,63489.09,115797.371,0.778,5841.198,143812.69,0.02,0.0
719.349,2026-06-26T03:10:56.856246,63538.828,115797.371,0.774,5841.199,143812.69,0.021,0.0
719.4,2026-06-26T03:10:56.907241,63588.922,115797.371,0.772,5841.2,143812.69,0.02,0.0
719.451,2026-06-26T03:10:56.958235,63639.207,115797.371,0.77,5841.201,143812.69,0.021,0.0
719.502,2026-06-26T03:10:57.009208,63689.723,115797.371,0.769,5841.202,143812.69,0.02,0.0
719.553,2026-06-26T03:10:57.060223,63740.453,115797.371,0.814,5841.203,143812.69,0.02,0.0
719.604,2026-06-26T03:10:57.111209,63791.285,115797.371,0.846,5841.204,143812.69,0.021,0.0
719.655,2026-06-26T03:10:57.162248,63842.051,115797.371,0.821,5841.205,143812.69,0.02,0.0
719.706,2026-06-26T03:10:57.213237,63892.453,115797.371,0.805,5841.206,143812.69,0.021,0.0
719.757,2026-06-26T03:10:57.264237,63943.0,115797.371,0.839,5841.207,143812.69,0.02,0.0
719.808,2026-06-26T03:10:57.315244,63994.883,115797.371,0.817,5841.208,143812.69,0.02,0.0
719.859,2026-06-26T03:10:57.366230,63992.594,115747.371,0.802,5841.209,143812.69,0.021,0.0
719.91,2026-06-26T03:10:57.417221,64035.012,115797.371,0.791,5841.21,143812.69,0.02,0.0
719.961,2026-06-26T03:10:57.468216,63458.594,115797.371,0.784,5841.211,143812.69,0.021,0.0
720.012,2026-06-26T03:10:57.519226,63242.594,114997.371,0.778,5841.212,143812.69,0.02,0.0
720.063,2026-06-26T03:10:57.570228,63242.594,114997.371,0.774,5841.214,143812.69,0.02,0.0
720.114,2026-06-26T03:10:57.621217,63242.594,114997.371,0.818,5841.215,143812.69,0.021,0.0
720.165,2026-06-26T03:10:57.672210,63242.594,114997.371,0.802,5841.216,143812.69,0.02,0.0
720.216,2026-06-26T03:10:57.723213,63265.473,115047.371,0.792,5841.217,143862.69,0.02,980.537
720.267,2026-06-26T03:10:57.774216,63242.594,114997.371,0.784,5841.218,143862.69,0.02,0.0
720.318,2026-06-26T03:10:57.825216,63255.609,115797.371,0.778,5841.219,143912.69,0.02,980.312
720.369,2026-06-26T03:10:57.876209,63305.855,115797.371,0.821,5841.22,143912.69,0.021,0.0
720.42,2026-06-26T03:10:57.927255,63355.984,115797.371,0.804,5841.221,143912.69,0.02,0.0
720.471,2026-06-26T03:10:57.978268,63406.109,115797.371,0.793,5841.222,143912.69,0.02,0.0
720.522,2026-06-26T03:10:58.029246,63455.969,115797.371,0.831,5841.223,143912.69,0.021,0.0
720.573,2026-06-26T03:10:58.080246,63505.352,115797.371,0.765,5841.224,143912.69,0.02,0.0
720.624,2026-06-26T03:10:58.131241,63554.762,115797.371,0.812,5841.225,143912.69,0.021,0.0
720.675,2026-06-26T03:10:58.182240,63603.68,115797.371,0.798,5841.226,143912.69,0.02,0.0
720.726,2026-06-26T03:10:58.233258,63652.68,115797.371,0.742,5841.227,143912.69,0.02,0.0
720.777,2026-06-26T03:10:58.284242,63701.828,115797.371,0.795,5841.228,143912.69,0.021,0.0
720.828,2026-06-26T03:10:58.335242,63750.898,115797.371,0.786,5841.229,143912.69,0.02,0.0
720.879,2026-06-26T03:10:58.386240,63800.66,115797.371,0.78,5841.23,143912.69,0.02,0.0
720.93,2026-06-26T03:10:58.437249,63850.059,115797.371,0.776,5841.231,143912.69,0.02,0.0
720.981,2026-06-26T03:10:58.488268,63899.324,115797.371,0.773,5841.232,143912.69,0.02,0.0
721.032,2026-06-26T03:10:58.539250,63949.562,115797.371,0.771,5841.233,143912.69,0.021,0.0
721.083,2026-06-26T03:10:58.590235,64001.621,115797.371,0.815,5841.234,143912.69,0.02,0.0
721.134,2026-06-26T03:10:58.641239,63992.594,115747.371,0.755,5841.235,143912.69,0.021,0.0
721.185,2026-06-26T03:10:58.692229,64041.094,115797.371,0.804,5841.237,143912.69,0.02,0.0
721.236,2026-06-26T03:10:58.743234,63368.594,115797.371,0.838,5841.238,143912.69,0.02,0.0
721.287,2026-06-26T03:10:58.794227,63242.594,114997.371,0.817,5841.239,143912.69,0.021,0.0
721.338,2026-06-26T03:10:58.845224,63242.594,114997.371,0.801,5841.24,143912.69,0.02,0.0
721.389,2026-06-26T03:10:58.896221,63242.594,114997.371,0.837,5841.241,143912.69,0.02,0.0
721.44,2026-06-26T03:10:58.947224,63242.594,114997.371,0.815,5841.242,143912.69,0.02,0.0
721.491,2026-06-26T03:10:58.998221,63271.48,115047.371,0.801,5841.243,143962.69,0.02,980.44
721.542,2026-06-26T03:10:59.049208,63242.594,114997.371,0.79,5841.244,143962.69,0.021,0.0
721.593,2026-06-26T03:10:59.100204,63261.527,115047.371,0.783,5841.245,144012.69,0.02,979.895
721.644,2026-06-26T03:10:59.151226,63242.594,114997.371,0.824,5841.246,144012.69,0.02,0.0
721.695,2026-06-26T03:10:59.202225,62974.371,114997.371,0.76,5841.247,144062.69,0.02,980.523
721.746,2026-06-26T03:10:59.253225,61760.371,114997.371,0.808,5841.248,144062.69,0.02,0.0
721.797,2026-06-26T03:10:59.304183,61550.391,112312.41,0.982,5841.249,144062.69,0.021,0.0
721.848,2026-06-26T03:10:59.354734,61550.391,112312.41,0.919,5841.25,144062.69,0.02,0.0
721.899,2026-06-26T03:10:59.405829,61550.391,112312.41,0.872,5841.251,144062.69,0.021,0.0
721.95,2026-06-26T03:10:59.456434,61550.391,112312.41,0.842,5841.252,144062.69,0.021,0.0
722.0,2026-06-26T03:10:59.507011,61550.391,112312.41,0.821,5841.253,144062.69,0.021,0.0
722.051,2026-06-26T03:10:59.557615,61550.391,112312.41,0.807,5841.254,144062.69,0.021,0.0
722.101,2026-06-26T03:10:59.608195,61500.133,112253.73,0.796,5841.654,144066.253,7.899,70.408
722.144,2026-06-26T03:10:59.651081,61380.809,88052.051,0.557,5841.655,144066.253,0.021,0.005
722.146,2026-06-26T03:10:59.653000,61380.809,88052.051,0.39,5841.656,144066.259,0.589,3.737
722.146,2026-06-26T03:10:59.653265,61380.809,88052.051,0.273,5841.656,144066.259,2.622,0.0
