time_s,timestamp,rss_mb,vms_mb,cpu_percent,disk_read_mb,disk_write_mb,disk_read_rate_mb_s,disk_write_rate_mb_s
0.0,2026-06-25T23:15:23.963349,609.57,6522.398,0.24,155.608,0.017,0.0,0.0
-0.0,2026-06-25T23:15:23.963116,609.574,6522.398,0.407,155.608,0.017,1.345,0.0
0.001,2026-06-25T23:15:23.964805,609.781,6522.398,0.285,155.743,0.017,120.796,0.0
0.002,2026-06-25T23:15:23.964972,609.781,6522.398,0.2,155.744,0.017,3.754,0.0
0.012,2026-06-25T23:15:23.974945,609.879,6522.398,0.373,155.746,0.017,0.213,0.0
0.012,2026-06-25T23:15:23.975148,609.879,6522.398,0.261,155.747,0.017,3.6,0.0
0.012,2026-06-25T23:15:23.975388,609.879,6522.398,0.183,155.747,0.017,1.975,0.196
0.012,2026-06-25T23:15:23.975578,609.879,6522.398,0.128,155.747,0.017,2.294,0.0
0.056,2026-06-25T23:15:24.019287,669.574,6580.465,0.338,162.532,0.017,16.994,0.0
0.676,2026-06-25T23:15:24.639797,737.215,6647.012,0.427,163.116,0.018,2.202,0.002
0.764,2026-06-25T23:15:24.727785,737.262,6647.012,0.432,163.437,0.018,3.652,0.0
0.815,2026-06-25T23:15:24.778120,737.637,6647.012,0.302,163.442,0.018,0.092,0.008
0.903,2026-06-25T23:15:24.866497,737.652,6647.012,0.291,163.763,0.018,3.642,0.0
0.954,2026-06-25T23:15:24.916867,737.652,6647.012,0.204,163.764,0.018,0.013,0.0
1.042,2026-06-25T23:15:25.005326,737.652,6647.012,0.276,164.085,0.018,3.645,0.0
1.092,2026-06-25T23:15:25.055671,737.652,6647.012,0.193,164.086,0.018,0.01,0.0
1.157,2026-06-25T23:15:25.120602,737.664,6647.012,0.171,164.129,0.018,0.661,0.0
1.205,2026-06-25T23:15:25.167891,700.09,6609.012,0.367,164.13,0.018,0.02,0.0
1.528,2026-06-25T23:15:25.490894,739.734,6648.785,0.496,171.414,0.018,22.575,0.001
1.632,2026-06-25T23:15:25.595594,739.734,6648.785,0.459,171.735,0.018,3.07,0.0
1.72,2026-06-25T23:15:25.683467,739.734,6648.785,0.428,172.057,0.018,3.656,0.0
1.77,2026-06-25T23:15:25.733814,739.734,6648.785,0.3,172.057,0.018,0.01,0.0
1.849,2026-06-25T23:15:25.812187,739.738,6648.785,0.329,172.234,0.018,2.262,0.0
1.875,2026-06-25T23:15:25.838687,708.145,6616.785,0.407,172.235,0.018,0.036,0.0
2.119,2026-06-25T23:15:26.082679,10098.289,481737.078,11.374,172.861,0.018,2.561,0.0
2.363,2026-06-25T23:15:26.326631,25938.324,492673.344,27.558,173.183,0.018,1.32,0.0
2.454,2026-06-25T23:15:26.416904,27806.625,493555.375,29.855,173.504,0.018,3.572,0.0
2.504,2026-06-25T23:15:26.467280,27048.969,493555.375,21.131,173.505,0.018,0.01,0.0
2.594,2026-06-25T23:15:26.557542,27624.625,495091.375,24.874,173.826,0.019,3.568,0.001
2.645,2026-06-25T23:15:26.607934,28477.223,495091.375,32.584,173.827,0.019,0.01,0.0
2.734,2026-06-25T23:15:26.697245,29656.578,495091.375,34.346,174.148,0.019,3.61,0.0
2.784,2026-06-25T23:15:26.747621,29456.273,495091.375,25.296,174.148,0.019,0.01,0.0
2.873,2026-06-25T23:15:26.835890,28736.5,495091.375,18.026,174.47,0.019,3.649,0.0
2.923,2026-06-25T23:15:26.886253,28244.023,495091.375,12.897,174.47,0.019,0.01,0.0
3.014,2026-06-25T23:15:26.976921,27486.367,495091.375,9.364,174.792,0.019,3.552,0.0
3.064,2026-06-25T23:15:27.027301,27031.773,495091.375,6.787,174.792,0.019,0.01,0.0
3.171,2026-06-25T23:15:27.134263,27525.285,493555.375,12.752,175.115,0.019,3.017,0.001
3.26,2026-06-25T23:15:27.223381,27996.039,493555.375,16.032,175.437,0.019,3.62,0.0
3.31,2026-06-25T23:15:27.273735,27265.449,493555.375,11.455,175.437,0.019,0.01,0.0
3.401,2026-06-25T23:15:27.364018,27441.477,495091.375,16.099,175.76,0.019,3.577,0.001
3.451,2026-06-25T23:15:27.414415,28329.91,495091.375,26.12,175.76,0.019,0.01,0.0
3.542,2026-06-25T23:15:27.504956,29657.855,495091.375,30.649,176.083,0.019,3.569,0.0
3.592,2026-06-25T23:15:27.555337,29304.742,495091.375,22.615,176.083,0.019,0.01,0.0
3.681,2026-06-25T23:15:27.644394,28016.727,495091.375,16.173,176.405,0.019,3.627,0.0
3.731,2026-06-25T23:15:27.694769,27259.07,495091.375,11.553,176.406,0.019,0.01,0.0
4.416,2026-06-25T23:15:28.379389,13967.305,40817.141,9.183,176.727,0.02,0.469,0.002
4.435,2026-06-25T23:15:28.397880,13813.367,40625.133,9.844,176.728,0.02,0.026,0.006
4.435,2026-06-25T23:15:28.398337,13813.367,40625.133,6.891,176.728,0.02,2.195,0.0
4.435,2026-06-25T23:15:28.398491,13813.367,40625.133,4.824,176.729,0.02,3.464,0.0
4.435,2026-06-25T23:15:28.398618,13813.367,40625.133,3.377,176.729,0.02,4.0,0.0
4.435,2026-06-25T23:15:28.398735,13813.367,40625.133,2.364,176.73,0.02,4.285,0.0
4.436,2026-06-25T23:15:28.398850,13813.367,40625.133,1.655,176.73,0.02,4.368,0.0
4.436,2026-06-25T23:15:28.398953,13813.367,40625.133,1.158,176.731,0.02,4.765,0.0
4.436,2026-06-25T23:15:28.399055,13813.367,40625.133,0.811,176.731,0.02,4.753,0.0
4.436,2026-06-25T23:15:28.399206,13813.367,40625.133,30.567,176.732,0.02,2.975,0.0
4.436,2026-06-25T23:15:28.399326,13813.367,40625.133,21.397,176.732,0.02,4.358,0.0
4.436,2026-06-25T23:15:28.399829,13813.621,40625.133,14.978,176.733,0.02,0.904,0.0
4.437,2026-06-25T23:15:28.399979,13813.621,40625.133,10.485,176.733,0.02,4.241,0.0
4.437,2026-06-25T23:15:28.400090,13813.621,40625.133,37.339,176.734,0.02,3.901,0.0
4.437,2026-06-25T23:15:28.400211,13813.621,40625.133,26.137,176.734,0.02,4.742,0.0
4.437,2026-06-25T23:15:28.400314,13813.621,40625.133,18.296,176.735,0.02,4.809,0.0
4.437,2026-06-25T23:15:28.400424,13813.621,40625.133,12.807,176.735,0.02,4.331,0.0
4.449,2026-06-25T23:15:28.412524,13813.621,40625.133,15.525,176.736,0.02,0.04,0.013
4.552,2026-06-25T23:15:28.515388,14782.094,43697.137,24.304,177.076,0.022,3.308,0.011
4.642,2026-06-25T23:15:28.605736,17547.336,46769.141,31.696,177.397,0.022,3.553,0.0
4.693,2026-06-25T23:15:28.656132,19224.492,46769.141,37.36,177.397,0.022,0.01,0.0
4.783,2026-06-25T23:15:28.746668,21969.328,49841.145,40.772,177.718,0.022,3.553,0.0
4.834,2026-06-25T23:15:28.797107,23034.543,49841.145,42.857,177.719,0.022,0.01,0.0
4.952,2026-06-25T23:15:28.915524,23797.055,52913.719,45.081,178.04,0.022,2.724,0.0
5.043,2026-06-25T23:15:29.006054,26478.34,55985.723,46.028,178.361,0.022,3.547,0.0
5.093,2026-06-25T23:15:29.056463,28156.02,55985.723,47.058,178.362,0.022,0.01,0.0
5.184,2026-06-25T23:15:29.147275,30887.262,59057.727,47.286,178.683,0.022,3.545,0.0
5.234,2026-06-25T23:15:29.197722,32253.254,59060.227,47.686,178.683,0.022,0.01,0.0
25.845,2026-06-25T23:15:49.808076,31526.395,59084.902,34.076,179.004,11901.67,0.016,577.462
25.95,2026-06-25T23:15:49.913646,30011.082,59084.902,24.186,179.326,11901.67,3.054,0.0
26.039,2026-06-25T23:15:50.001978,28719.57,56012.898,17.302,179.648,11901.67,3.641,0.0
26.089,2026-06-25T23:15:50.052333,27982.035,56012.898,12.344,179.648,11901.67,0.01,0.0
26.178,2026-06-25T23:15:50.140856,26654.035,56012.898,8.985,179.97,11901.67,3.639,0.0
26.228,2026-06-25T23:15:50.191214,25988.512,52940.895,6.522,179.97,11901.67,0.01,0.0
26.317,2026-06-25T23:15:50.279939,24662.613,52940.895,4.883,180.292,11901.67,3.632,0.0
26.367,2026-06-25T23:15:50.330304,23904.957,52940.895,3.697,180.292,11901.67,0.01,0.0
26.456,2026-06-25T23:15:50.419051,22613.508,49868.891,2.905,180.614,11901.67,3.63,0.0
26.506,2026-06-25T23:15:50.469400,21893.734,49868.891,2.266,180.615,11901.67,0.01,0.0
26.595,2026-06-25T23:15:50.557938,20628.094,49868.891,1.904,180.936,11901.67,3.638,0.0
26.645,2026-06-25T23:15:50.608291,19920.332,46796.887,1.565,180.937,11901.67,0.01,0.0
26.734,2026-06-25T23:15:50.696996,18745.965,46796.887,1.466,181.258,11901.67,3.632,0.0
26.784,2026-06-25T23:15:50.747364,18101.957,46796.887,1.258,181.259,11901.67,0.01,0.0
26.873,2026-06-25T23:15:50.835919,16965.473,46796.887,1.199,181.58,11901.67,3.638,0.0
26.923,2026-06-25T23:15:50.886280,16355.852,43724.883,1.072,181.581,11901.67,0.01,0.0
27.011,2026-06-25T23:15:50.974782,15105.719,43724.883,1.095,181.903,11901.67,3.64,0.0
27.062,2026-06-25T23:15:51.025166,14418.09,43724.883,0.998,181.903,11901.67,0.01,0.0
27.102,2026-06-25T23:15:51.065685,13852.09,40652.879,0.928,181.904,11901.67,0.012,0.0
27.103,2026-06-25T23:15:51.066709,13852.09,40652.879,0.649,181.904,11901.67,1.716,0.0
27.462,2026-06-25T23:15:51.424953,13418.051,40218.84,0.716,182.14,11901.67,0.658,0.0
27.462,2026-06-25T23:15:51.425550,13418.051,40218.84,0.501,182.141,11901.67,2.6,0.0
27.463,2026-06-25T23:15:51.426210,13418.051,40218.84,0.351,182.25,11901.67,159.122,0.0
27.463,2026-06-25T23:15:51.426469,13418.051,40218.84,0.246,182.251,11901.67,3.01,0.0
27.466,2026-06-25T23:15:51.429577,13418.051,40218.84,0.925,182.252,11901.67,0.218,0.0
27.467,2026-06-25T23:15:51.429864,13418.051,40218.84,0.647,182.252,11901.67,2.637,0.0
27.469,2026-06-25T23:15:51.432701,13418.051,40218.84,0.453,182.253,11901.781,0.412,38.676
27.69,2026-06-25T23:15:51.652867,13418.051,40218.84,0.551,182.255,11901.785,0.009,0.019
27.69,2026-06-25T23:15:51.653469,13418.051,40218.84,0.386,182.256,11901.785,2.203,0.0
27.69,2026-06-25T23:15:51.653761,13418.051,40218.84,0.27,182.257,11901.785,2.477,0.0
27.691,2026-06-25T23:15:51.654276,13418.051,40218.84,0.189,182.369,11901.785,215.772,0.0
27.691,2026-06-25T23:15:51.654565,13418.051,40218.84,0.132,182.369,11901.785,2.586,0.0
27.692,2026-06-25T23:15:51.655104,13418.051,40218.84,0.093,182.371,11901.786,1.937,1.225
27.692,2026-06-25T23:15:51.655561,13418.051,40218.84,0.065,182.482,11901.786,245.701,0.0
27.698,2026-06-25T23:15:51.661243,13418.055,40218.84,0.457,182.503,11901.787,3.656,0.164
27.71,2026-06-25T23:15:51.673394,13418.055,40218.84,0.511,182.564,11901.787,4.951,0.0
27.827,2026-06-25T23:15:51.790423,13478.172,47420.312,0.478,183.029,11901.85,3.977,0.538
27.877,2026-06-25T23:15:51.840822,13479.418,47420.312,0.566,183.03,11901.85,0.019,0.0
27.928,2026-06-25T23:15:51.891421,13484.582,47428.312,0.628,183.031,11901.85,0.019,0.0
27.979,2026-06-25T23:15:51.942080,13485.895,47428.312,0.716,183.032,11901.85,0.019,0.0
28.03,2026-06-25T23:15:51.992884,13486.984,47428.312,0.732,183.033,11901.85,0.019,0.0
28.08,2026-06-25T23:15:52.043679,13491.543,47428.312,0.743,183.034,11901.85,0.019,0.0
28.131,2026-06-25T23:15:52.094646,13492.945,47438.312,0.75,183.035,11901.85,0.019,0.0
28.182,2026-06-25T23:15:52.145583,13494.262,47438.312,0.755,183.036,11901.85,0.019,0.0
28.233,2026-06-25T23:15:52.196547,13498.43,47438.312,0.758,183.037,11901.85,0.019,0.0
28.284,2026-06-25T23:15:52.247514,13500.52,47438.312,0.807,183.038,11901.85,0.019,0.0
28.335,2026-06-25T23:15:52.298484,13501.922,47438.312,0.795,183.039,11901.85,0.019,0.0
28.386,2026-06-25T23:15:52.349430,13513.773,47450.312,0.832,183.04,11901.85,0.019,0.0
28.437,2026-06-25T23:15:52.400371,13513.848,43743.281,0.813,183.04,11901.85,0.019,0.0
28.488,2026-06-25T23:15:52.451257,13513.863,43743.281,0.799,183.041,11901.85,0.019,0.0
28.539,2026-06-25T23:15:52.502231,13517.453,43743.281,0.789,183.042,11901.85,0.019,0.0
28.59,2026-06-25T23:15:52.553158,13517.535,43743.305,0.783,183.043,11901.85,0.019,0.0
28.641,2026-06-25T23:15:52.604076,13517.555,43743.305,0.778,183.044,11901.85,0.019,0.0
28.692,2026-06-25T23:15:52.655024,13517.578,43743.305,0.821,183.045,11901.85,0.019,0.0
28.743,2026-06-25T23:15:52.705960,13517.578,43743.305,0.804,183.046,11901.85,0.019,0.0
28.794,2026-06-25T23:15:52.756940,13518.023,43757.305,0.793,183.047,11901.85,0.019,0.0
28.845,2026-06-25T23:15:52.807870,13518.688,43757.305,0.831,183.048,11901.85,0.019,0.0
28.895,2026-06-25T23:15:52.858829,13518.883,43757.305,0.812,183.049,11901.85,0.019,0.0
28.946,2026-06-25T23:15:52.909773,13519.465,43757.305,0.798,183.05,11901.85,0.019,0.0
28.997,2026-06-25T23:15:52.960747,13520.461,43757.305,0.789,183.051,11901.85,0.019,0.0
29.048,2026-06-25T23:15:53.011637,13530.953,43757.305,0.784,183.052,11901.85,0.019,0.0
29.099,2026-06-25T23:15:53.062181,13545.066,43773.305,0.78,183.053,11901.85,0.019,0.0
29.149,2026-06-25T23:15:53.112760,13554.16,43793.305,0.777,183.054,11901.85,0.019,0.0
29.2,2026-06-25T23:15:53.163708,13565.828,43793.305,0.82,183.055,11901.85,0.019,0.0
29.251,2026-06-25T23:15:53.214632,13567.637,43793.305,0.804,183.056,11901.85,0.019,0.0
29.302,2026-06-25T23:15:53.265575,13570.609,43793.305,0.793,183.057,11901.85,0.019,0.0
29.353,2026-06-25T23:15:53.316535,13570.914,43793.305,0.555,183.058,11901.883,0.019,0.651
29.404,2026-06-25T23:15:53.367475,13570.914,43793.305,0.389,183.059,11901.883,0.019,0.0
29.455,2026-06-25T23:15:53.418442,13570.914,43793.305,0.272,183.06,11901.883,0.019,0.0
29.506,2026-06-25T23:15:53.469376,13570.914,43793.305,0.19,183.061,11901.883,0.019,0.0
29.557,2026-06-25T23:15:53.520315,13570.914,43793.305,0.133,183.062,11901.883,0.019,0.0
29.608,2026-06-25T23:15:53.571222,13568.199,43793.305,0.323,183.074,11901.968,0.235,1.666
29.659,2026-06-25T23:15:53.622202,13568.707,43793.305,0.456,183.075,11901.968,0.019,0.0
29.71,2026-06-25T23:15:53.673133,13568.707,43793.305,0.549,183.076,11901.968,0.019,0.0
29.761,2026-06-25T23:15:53.724080,13568.727,43793.305,0.706,183.077,11901.968,0.019,0.0
29.812,2026-06-25T23:15:53.775037,13568.742,43793.305,0.724,183.078,11901.968,0.019,0.0
29.863,2026-06-25T23:15:53.825975,13568.742,43793.305,0.737,183.079,11901.968,0.019,0.0
29.914,2026-06-25T23:15:53.876931,13568.742,43793.305,0.746,183.079,11901.968,0.019,0.0
29.965,2026-06-25T23:15:53.927901,13568.742,43793.305,0.752,183.08,11901.968,0.019,0.0
30.016,2026-06-25T23:15:53.978885,13568.746,43793.305,0.757,183.081,11901.968,0.019,0.0
30.066,2026-06-25T23:15:54.029837,13568.762,43793.305,0.805,183.082,11901.968,0.019,0.0
30.117,2026-06-25T23:15:54.080789,13569.398,43793.305,0.794,183.083,11901.968,0.019,0.0
30.168,2026-06-25T23:15:54.131734,13569.484,43793.305,0.785,183.084,11901.968,0.019,0.0
30.219,2026-06-25T23:15:54.182729,13569.523,43793.305,0.78,183.085,11901.968,0.019,0.0
30.27,2026-06-25T23:15:54.233673,13569.652,43793.305,0.776,183.086,11901.968,0.019,0.0
30.321,2026-06-25T23:15:54.284642,13569.656,43793.305,0.635,183.087,11902.001,0.02,0.653
30.372,2026-06-25T23:15:54.335603,13569.656,43793.305,0.444,183.088,11902.001,0.019,0.0
30.423,2026-06-25T23:15:54.386573,13569.656,43793.305,0.311,183.089,11902.001,0.019,0.0
30.474,2026-06-25T23:15:54.437526,13569.656,43793.305,0.218,183.09,11902.001,0.019,0.0
30.525,2026-06-25T23:15:54.488477,13569.656,43793.305,0.152,183.091,11902.001,0.019,0.0
30.576,2026-06-25T23:15:54.539419,13569.098,43793.305,0.291,183.103,11902.086,0.235,1.664
30.627,2026-06-25T23:15:54.590389,13569.098,43793.305,0.433,183.104,11902.086,0.019,0.0
30.678,2026-06-25T23:15:54.641353,13569.098,43793.305,0.579,183.105,11902.086,0.019,0.0
30.729,2026-06-25T23:15:54.692280,13569.098,43793.305,0.636,183.106,11902.086,0.019,0.0
30.78,2026-06-25T23:15:54.743194,13569.098,43793.305,0.675,183.107,11902.086,0.019,0.0
30.831,2026-06-25T23:15:54.794108,13569.098,43793.305,0.702,183.108,11902.086,0.019,0.0
30.882,2026-06-25T23:15:54.845077,13569.098,43793.305,0.722,183.109,11902.086,0.019,0.0
30.933,2026-06-25T23:15:54.896024,13569.098,43793.305,0.735,183.11,11902.086,0.019,0.0
30.984,2026-06-25T23:15:54.947003,13569.098,43793.305,0.745,183.111,11902.086,0.019,0.0
31.035,2026-06-25T23:15:54.997935,13569.098,43793.305,0.751,183.112,11902.086,0.019,0.0
31.086,2026-06-25T23:15:55.048897,13569.344,43793.305,0.756,183.113,11902.086,0.019,0.0
31.137,2026-06-25T23:15:55.099861,13569.438,43793.305,0.805,183.114,11902.086,0.019,0.0
31.187,2026-06-25T23:15:55.150822,13569.438,43793.305,0.794,183.115,11902.086,0.019,0.0
31.238,2026-06-25T23:15:55.201749,13569.438,43793.305,0.785,183.116,11902.086,0.019,0.0
31.289,2026-06-25T23:15:55.252706,13569.438,43793.305,0.734,183.117,11902.119,0.02,0.654
31.34,2026-06-25T23:15:55.303649,13569.438,43793.305,0.514,183.118,11902.119,0.019,0.0
31.391,2026-06-25T23:15:55.354638,13569.438,43793.305,0.36,183.119,11902.119,0.019,0.0
31.442,2026-06-25T23:15:55.405564,13569.438,43793.305,0.252,183.12,11902.119,0.019,0.0
31.493,2026-06-25T23:15:55.456504,13569.438,43793.305,0.176,183.121,11902.119,0.019,0.0
31.544,2026-06-25T23:15:55.507438,13568.965,43793.305,0.215,183.133,11902.204,0.235,1.665
31.595,2026-06-25T23:15:55.558409,13568.43,43793.305,0.381,183.134,11902.204,0.019,0.0
31.646,2026-06-25T23:15:55.609373,13568.422,43793.305,0.542,183.135,11902.204,0.019,0.0
31.697,2026-06-25T23:15:55.660281,13568.426,43793.305,0.656,183.136,11902.204,0.019,0.0
31.748,2026-06-25T23:15:55.711208,13568.426,43793.305,0.689,183.136,11902.204,0.019,0.0
31.799,2026-06-25T23:15:55.762129,13568.426,43793.305,0.712,183.137,11902.204,0.019,0.0
31.85,2026-06-25T23:15:55.813098,13568.426,43793.305,0.729,183.138,11902.204,0.019,0.0
31.901,2026-06-25T23:15:55.864055,13568.426,43793.305,0.786,183.139,11902.204,0.019,0.0
31.952,2026-06-25T23:15:55.914991,13568.426,43793.305,0.78,183.14,11902.204,0.019,0.0
32.003,2026-06-25T23:15:55.965933,13568.426,43793.305,0.776,183.141,11902.204,0.019,0.0
32.054,2026-06-25T23:15:56.016900,13568.426,43793.305,0.774,183.142,11902.204,0.019,0.0
32.105,2026-06-25T23:15:56.067860,13568.426,43793.305,0.771,183.143,11902.204,0.019,0.0
32.155,2026-06-25T23:15:56.118827,13568.426,43793.305,0.77,183.144,11902.204,0.019,0.0
32.206,2026-06-25T23:15:56.169759,13568.426,43793.305,0.769,183.145,11902.204,0.019,0.0
32.257,2026-06-25T23:15:56.220720,13568.426,43793.305,0.676,183.146,11902.237,0.02,0.653
32.308,2026-06-25T23:15:56.271676,13568.426,43793.305,0.473,183.147,11902.237,0.019,0.0
32.359,2026-06-25T23:15:56.322645,13568.426,43793.305,0.331,183.148,11902.237,0.019,0.0
32.41,2026-06-25T23:15:56.373595,13568.426,43793.305,0.232,183.149,11902.237,0.019,0.0
32.461,2026-06-25T23:15:56.424550,13568.426,43793.305,0.162,183.15,11902.237,0.019,0.0
32.512,2026-06-25T23:15:56.475479,13566.859,43793.305,0.252,183.162,11902.322,0.235,1.665
32.563,2026-06-25T23:15:56.526462,13566.859,43793.305,0.406,183.163,11902.322,0.019,0.0
32.614,2026-06-25T23:15:56.577396,13566.328,43793.305,0.514,183.164,11902.322,0.019,0.0
32.665,2026-06-25T23:15:56.628359,13570.168,43793.305,0.636,183.165,11902.322,0.019,0.0
32.716,2026-06-25T23:15:56.679278,13570.293,43793.305,0.721,183.166,11902.322,0.019,0.0
32.837,2026-06-25T23:15:56.800689,13569.215,43793.305,0.873,183.508,11902.322,2.823,0.0
32.888,2026-06-25T23:15:56.851113,13568.98,43793.305,0.842,183.509,11902.322,0.019,0.0
32.938,2026-06-25T23:15:56.901740,13568.816,43793.305,0.821,183.51,11902.322,0.019,0.0
32.989,2026-06-25T23:15:56.952409,13568.816,43793.305,0.806,183.511,11902.322,0.019,0.0
33.04,2026-06-25T23:15:57.003202,13568.461,43793.305,0.841,183.512,11902.322,0.019,0.0
33.091,2026-06-25T23:15:57.053984,13568.461,43793.305,0.819,183.513,11902.322,0.019,0.0
33.142,2026-06-25T23:15:57.104932,13568.461,43793.305,0.803,183.514,11902.322,0.019,0.0
33.193,2026-06-25T23:15:57.155894,13568.309,43793.305,0.792,183.515,11902.322,0.019,0.0
33.244,2026-06-25T23:15:57.206850,13568.312,43793.305,0.849,183.516,11902.322,0.015,0.0
33.307,2026-06-25T23:15:57.270528,13568.312,43793.305,0.824,183.517,11902.322,0.019,0.0
33.358,2026-06-25T23:15:57.321484,13568.312,43793.305,0.807,183.518,11902.322,0.019,0.0
33.409,2026-06-25T23:15:57.372473,13568.312,43793.305,0.795,183.518,11902.322,0.019,0.0
33.46,2026-06-25T23:15:57.423393,13568.312,43793.305,0.787,183.519,11902.322,0.019,0.0
33.511,2026-06-25T23:15:57.474350,13568.312,43793.305,0.78,183.52,11902.322,0.019,0.0
33.562,2026-06-25T23:15:57.525277,13568.305,43793.305,0.776,183.521,11902.322,0.019,0.0
33.613,2026-06-25T23:15:57.576209,13568.305,43793.305,0.774,183.522,11902.322,0.019,0.0
33.664,2026-06-25T23:15:57.627194,13568.305,43793.305,0.772,183.523,11902.322,0.019,0.0
33.715,2026-06-25T23:15:57.678100,13568.305,43793.305,0.77,183.524,11902.322,0.019,0.0
33.766,2026-06-25T23:15:57.729036,13568.344,43793.305,0.815,183.525,11902.322,0.019,0.0
33.817,2026-06-25T23:15:57.780011,13568.348,43793.305,0.847,183.526,11902.322,0.019,0.0
33.868,2026-06-25T23:15:57.830962,13568.348,43793.305,0.823,183.527,11902.322,0.019,0.0
33.919,2026-06-25T23:15:57.881912,13568.355,43793.305,0.806,183.528,11902.322,0.019,0.0
33.97,2026-06-25T23:15:57.932876,13568.355,43793.305,0.794,183.529,11902.322,0.019,0.0
34.02,2026-06-25T23:15:57.983843,13569.363,43793.305,0.786,183.53,11902.322,0.019,0.0
34.071,2026-06-25T23:15:58.034788,13571.121,43817.305,0.78,183.531,11902.322,0.019,0.0
34.122,2026-06-25T23:15:58.085748,13571.121,43817.305,0.776,183.532,11902.322,0.019,0.0
34.173,2026-06-25T23:15:58.136700,13571.121,43817.305,0.773,183.533,11902.322,0.019,0.0
34.224,2026-06-25T23:15:58.187663,13574.891,43817.305,0.771,183.534,11902.322,0.019,0.0
34.275,2026-06-25T23:15:58.238603,13574.891,43817.305,0.77,183.535,11902.322,0.019,0.0
34.326,2026-06-25T23:15:58.289600,13574.906,43817.305,0.815,183.536,11902.322,0.019,0.0
34.377,2026-06-25T23:15:58.340530,13578.914,43817.305,0.755,183.537,11902.322,0.019,0.0
34.428,2026-06-25T23:15:58.391499,13578.637,43817.305,0.804,183.538,11902.322,0.019,0.0
34.479,2026-06-25T23:15:58.442442,13578.645,43817.305,0.793,183.539,11902.322,0.019,0.0
34.53,2026-06-25T23:15:58.493403,13578.652,43817.305,0.831,183.54,11902.322,0.019,0.0
34.581,2026-06-25T23:15:58.544367,13578.652,43817.305,0.812,183.541,11902.322,0.019,0.0
34.632,2026-06-25T23:15:58.595266,13578.652,43817.305,0.844,183.542,11902.322,0.019,0.0
34.683,2026-06-25T23:15:58.646230,13578.652,43817.305,0.821,183.543,11902.322,0.019,0.0
34.734,2026-06-25T23:15:58.697160,13578.652,43817.305,0.805,183.544,11902.322,0.019,0.0
34.785,2026-06-25T23:15:58.748092,13578.652,43817.305,0.793,183.545,11902.322,0.019,0.0
34.836,2026-06-25T23:15:58.799069,13578.645,43817.305,0.785,183.546,11902.322,0.019,0.0
34.887,2026-06-25T23:15:58.849998,13578.629,43817.305,0.78,183.547,11902.322,0.019,0.0
34.938,2026-06-25T23:15:58.900965,13578.648,43817.305,0.776,183.548,11902.322,0.019,0.0
34.989,2026-06-25T23:15:58.951913,13578.648,43817.305,0.819,183.549,11902.322,0.019,0.0
35.04,2026-06-25T23:15:59.002908,13578.648,43817.305,0.803,183.55,11902.322,0.019,0.0
35.091,2026-06-25T23:15:59.053861,13578.648,43817.305,0.792,183.551,11902.322,0.019,0.0
35.141,2026-06-25T23:15:59.104812,13578.648,43817.305,0.785,183.552,11902.322,0.019,0.0
35.192,2026-06-25T23:15:59.155754,13578.648,43817.305,0.779,183.553,11902.322,0.019,0.0
35.243,2026-06-25T23:15:59.206730,13578.648,43817.305,0.776,183.554,11902.322,0.019,0.0
35.294,2026-06-25T23:15:59.257661,13581.66,43817.305,0.773,183.555,11902.322,0.019,0.0
35.345,2026-06-25T23:15:59.308623,13581.66,43817.305,0.771,183.556,11902.322,0.019,0.0
35.396,2026-06-25T23:15:59.359562,13585.168,43817.305,0.77,183.557,11902.322,0.019,0.0
35.447,2026-06-25T23:15:59.410502,13585.168,43817.305,0.769,183.558,11902.322,0.019,0.0
35.498,2026-06-25T23:15:59.461452,13585.168,43817.305,0.768,183.559,11902.322,0.019,0.0
35.549,2026-06-25T23:15:59.512425,13585.168,43817.305,0.768,183.559,11902.322,0.019,0.0
35.6,2026-06-25T23:15:59.563370,13585.168,43817.305,0.813,183.56,11902.322,0.019,0.0
35.651,2026-06-25T23:15:59.614332,13585.168,43817.305,0.799,183.561,11902.322,0.019,0.0
35.702,2026-06-25T23:15:59.665247,13585.168,43817.305,0.836,183.562,11902.322,0.019,0.0
35.753,2026-06-25T23:15:59.716197,13585.168,43817.305,0.815,183.563,11902.322,0.019,0.0
35.804,2026-06-25T23:15:59.767084,13585.168,43817.305,0.847,183.564,11902.322,0.019,0.0
35.855,2026-06-25T23:15:59.818020,13585.168,43817.305,0.823,183.565,11902.322,0.019,0.0
35.906,2026-06-25T23:15:59.868965,13585.168,43817.305,0.806,183.566,11902.322,0.019,0.0
35.957,2026-06-25T23:15:59.919939,13585.168,43817.305,0.794,183.567,11902.322,0.019,0.0
36.008,2026-06-25T23:15:59.970910,13592.691,43817.305,0.832,183.568,11902.322,0.019,0.0
36.059,2026-06-25T23:16:00.021860,13592.691,43817.305,0.812,183.569,11902.322,0.019,0.0
36.109,2026-06-25T23:16:00.072768,13591.961,43817.305,0.799,183.57,11902.322,0.019,0.0
36.16,2026-06-25T23:16:00.123727,13590.852,43817.305,0.789,183.571,11902.322,0.019,0.0
36.211,2026-06-25T23:16:00.174670,13590.852,43817.305,0.782,183.572,11902.322,0.019,0.0
36.262,2026-06-25T23:16:00.225654,13590.855,43817.305,0.778,183.573,11902.322,0.019,0.0
36.313,2026-06-25T23:16:00.276588,13606.824,43845.305,0.775,183.574,11902.322,0.019,0.0
36.364,2026-06-25T23:16:00.327555,13598.367,43845.305,0.772,183.575,11902.322,0.019,0.0
36.415,2026-06-25T23:16:00.378505,13585.691,43845.305,0.771,183.576,11902.322,0.019,0.0
36.466,2026-06-25T23:16:00.429473,13584.242,43845.305,0.769,183.577,11902.322,0.019,0.0
36.517,2026-06-25T23:16:00.480418,13584.242,43845.305,0.769,183.578,11902.322,0.019,0.0
36.568,2026-06-25T23:16:00.531371,13583.988,43845.305,0.768,183.579,11902.322,0.019,0.0
36.619,2026-06-25T23:16:00.582291,13583.988,43845.305,0.813,183.58,11902.322,0.019,0.0
36.67,2026-06-25T23:16:00.633222,13583.988,43845.305,0.846,183.581,11902.322,0.019,0.0
36.721,2026-06-25T23:16:00.684193,13583.988,43845.305,0.822,183.582,11902.322,0.019,0.0
36.772,2026-06-25T23:16:00.735115,13583.988,43845.305,0.805,183.583,11902.322,0.019,0.0
36.823,2026-06-25T23:16:00.786047,13582.754,43845.305,0.794,183.584,11902.322,0.019,0.0
36.874,2026-06-25T23:16:00.837005,13582.766,43845.305,0.786,183.585,11902.322,0.019,0.0
36.925,2026-06-25T23:16:00.887968,13582.766,43845.305,0.78,183.586,11902.322,0.019,0.0
36.976,2026-06-25T23:16:00.938946,13582.766,43845.305,0.776,183.587,11902.322,0.019,0.0
37.027,2026-06-25T23:16:00.989888,13582.742,43845.305,0.773,183.588,11902.322,0.019,0.0
37.078,2026-06-25T23:16:01.040855,13582.742,43845.305,0.771,183.589,11902.322,0.019,0.0
37.128,2026-06-25T23:16:01.091796,13582.75,43845.305,0.77,183.59,11902.322,0.019,0.0
37.179,2026-06-25T23:16:01.142783,13582.75,43845.305,0.815,183.591,11902.322,0.019,0.0
37.23,2026-06-25T23:16:01.193721,13582.754,43845.305,0.846,183.592,11902.322,0.019,0.0
37.281,2026-06-25T23:16:01.244691,13582.754,43845.305,0.822,183.593,11902.322,0.019,0.0
37.332,2026-06-25T23:16:01.295626,13582.754,43845.305,0.806,183.594,11902.322,0.019,0.0
37.383,2026-06-25T23:16:01.346605,13582.754,43845.305,0.794,183.595,11902.322,0.019,0.0
37.434,2026-06-25T23:16:01.397549,13582.754,43845.305,0.786,183.596,11902.322,0.019,0.0
37.485,2026-06-25T23:16:01.448479,13582.754,43845.305,0.78,183.597,11902.322,0.019,0.0
37.536,2026-06-25T23:16:01.499424,13582.754,43845.305,0.776,183.598,11902.322,0.019,0.0
37.587,2026-06-25T23:16:01.550389,13582.758,43845.305,0.819,183.599,11902.322,0.019,0.0
37.638,2026-06-25T23:16:01.601348,13582.758,43845.305,0.803,183.6,11902.322,0.019,0.0
37.689,2026-06-25T23:16:01.652286,13582.277,43845.305,0.793,183.601,11902.322,0.019,0.0
37.74,2026-06-25T23:16:01.703198,13582.281,43845.305,0.785,183.601,11902.322,0.019,0.0
37.861,2026-06-25T23:16:01.824557,13582.289,43845.305,0.937,183.943,11902.322,2.825,0.0
37.912,2026-06-25T23:16:01.874988,13581.293,43845.305,0.887,183.944,11902.322,0.019,0.0
37.962,2026-06-25T23:16:01.925591,13581.293,43845.305,0.852,183.945,11902.322,0.019,0.0
38.013,2026-06-25T23:16:01.976328,13581.293,43845.305,0.828,183.946,11902.322,0.019,0.0
38.064,2026-06-25T23:16:02.027097,13581.293,43845.305,0.81,183.947,11902.322,0.019,0.0
38.115,2026-06-25T23:16:02.077901,13581.293,43845.305,0.797,183.948,11902.322,0.019,0.0
38.165,2026-06-25T23:16:02.128844,13581.281,43845.305,0.788,183.949,11902.322,0.019,0.0
38.216,2026-06-25T23:16:02.179800,13581.293,43845.305,0.781,183.95,11902.322,0.019,0.0
38.267,2026-06-25T23:16:02.230774,13581.293,43845.305,0.777,183.951,11902.322,0.019,0.0
38.318,2026-06-25T23:16:02.281741,13581.297,43845.305,0.774,183.952,11902.322,0.019,0.0
38.369,2026-06-25T23:16:02.332693,13581.297,43845.305,0.772,183.953,11902.322,0.019,0.0
38.42,2026-06-25T23:16:02.383654,13581.297,43845.305,0.77,183.954,11902.322,0.019,0.0
38.471,2026-06-25T23:16:02.434593,13581.297,43845.305,0.815,183.955,11902.322,0.019,0.0
38.522,2026-06-25T23:16:02.485578,13581.297,43845.305,0.801,183.956,11902.322,0.019,0.0
38.573,2026-06-25T23:16:02.536518,13581.297,43845.305,0.791,183.957,11902.322,0.019,0.0
38.624,2026-06-25T23:16:02.587465,13581.297,43845.305,0.829,183.958,11902.322,0.019,0.0
38.675,2026-06-25T23:16:02.638412,13584.801,43845.305,0.811,183.959,11902.322,0.019,0.0
38.726,2026-06-25T23:16:02.689366,13584.801,43845.305,0.797,183.96,11902.322,0.019,0.0
38.777,2026-06-25T23:16:02.740332,13584.801,43845.305,0.788,183.961,11902.322,0.019,0.0
38.828,2026-06-25T23:16:02.791240,13584.801,43845.305,0.782,183.962,11902.322,0.019,0.0
38.879,2026-06-25T23:16:02.842211,13584.801,43845.305,0.777,183.963,11902.322,0.019,0.0
38.93,2026-06-25T23:16:02.893132,13584.801,43845.305,0.774,183.964,11902.322,0.019,0.0
38.981,2026-06-25T23:16:02.944115,13584.801,43845.305,0.772,183.965,11902.322,0.019,0.0
39.032,2026-06-25T23:16:02.995097,13584.801,43845.305,0.816,183.966,11902.322,0.019,0.0
39.083,2026-06-25T23:16:03.046035,13584.801,43845.305,0.801,183.967,11902.322,0.019,0.0
39.134,2026-06-25T23:16:03.096991,13584.801,43845.305,0.791,183.968,11902.322,0.019,0.0
39.185,2026-06-25T23:16:03.147943,13584.801,43845.305,0.784,183.969,11902.322,0.019,0.0
39.236,2026-06-25T23:16:03.198900,13584.801,43845.305,0.779,183.97,11902.322,0.019,0.0
39.286,2026-06-25T23:16:03.249840,13585.086,43845.305,0.821,183.971,11902.322,0.019,0.0
39.337,2026-06-25T23:16:03.300801,13587.812,43845.305,0.805,183.972,11902.322,0.019,0.0
39.388,2026-06-25T23:16:03.351746,13586.934,43845.305,0.793,183.972,11902.322,0.019,0.0
39.439,2026-06-25T23:16:03.402721,13586.934,43845.305,0.785,183.973,11902.322,0.019,0.0
39.49,2026-06-25T23:16:03.453646,13586.934,43845.305,0.78,183.974,11902.322,0.019,0.0
39.541,2026-06-25T23:16:03.504617,13586.492,43845.305,0.822,183.975,11902.322,0.019,0.0
39.592,2026-06-25T23:16:03.555561,13586.109,43845.305,0.805,183.976,11902.322,0.019,0.0
39.643,2026-06-25T23:16:03.606525,13589.293,43845.305,0.84,183.977,11902.322,0.019,0.0
39.694,2026-06-25T23:16:03.657496,13588.086,43845.305,0.818,183.978,11902.322,0.019,0.0
39.745,2026-06-25T23:16:03.708457,13575.516,43845.305,0.802,183.979,11902.322,0.019,0.0
39.796,2026-06-25T23:16:03.759405,13575.516,43845.305,0.792,183.98,11902.322,0.019,0.0
39.847,2026-06-25T23:16:03.810368,13575.516,43845.305,0.784,183.981,11902.322,0.019,0.0
39.898,2026-06-25T23:16:03.861292,13575.516,43845.305,0.779,183.982,11902.322,0.019,0.0
39.949,2026-06-25T23:16:03.912235,13575.516,43845.305,0.775,183.983,11902.322,0.019,0.0
40.0,2026-06-25T23:16:03.963210,13575.516,43845.305,0.819,183.984,11902.322,0.019,0.0
40.051,2026-06-25T23:16:04.014131,13575.516,43845.305,0.803,183.985,11902.322,0.019,0.0
40.102,2026-06-25T23:16:04.065069,13575.414,43845.305,0.792,183.986,11902.322,0.019,0.0
40.153,2026-06-25T23:16:04.116034,13574.938,43845.305,0.784,183.987,11902.322,0.019,0.0
40.204,2026-06-25T23:16:04.166993,13574.938,43845.305,0.779,183.988,11902.322,0.019,0.0
40.255,2026-06-25T23:16:04.217942,13574.938,43845.305,0.775,183.989,11902.322,0.019,0.0
40.306,2026-06-25T23:16:04.268893,13574.938,43845.305,0.819,183.99,11902.322,0.019,0.0
40.357,2026-06-25T23:16:04.319864,13574.914,43845.305,0.803,183.991,11902.322,0.019,0.0
40.407,2026-06-25T23:16:04.370816,13574.93,43845.305,0.792,183.992,11902.322,0.019,0.0
40.458,2026-06-25T23:16:04.421790,13574.93,43845.305,0.784,183.993,11902.322,0.019,0.0
40.509,2026-06-25T23:16:04.472725,13574.934,43845.305,0.825,183.994,11902.322,0.019,0.0
40.56,2026-06-25T23:16:04.523689,13574.938,43845.305,0.808,183.995,11902.322,0.019,0.0
40.611,2026-06-25T23:16:04.574646,13574.938,43845.305,0.795,183.996,11902.322,0.019,0.0
40.662,2026-06-25T23:16:04.625623,13574.938,43845.305,0.787,183.997,11902.322,0.019,0.0
40.713,2026-06-25T23:16:04.676573,13574.938,43845.305,0.781,183.998,11902.322,0.019,0.0
40.764,2026-06-25T23:16:04.727539,13574.938,43845.305,0.776,183.999,11902.322,0.019,0.0
40.815,2026-06-25T23:16:04.778487,13574.938,43845.305,0.819,184.0,11902.322,0.019,0.0
40.866,2026-06-25T23:16:04.829464,13574.938,43845.305,0.803,184.001,11902.322,0.019,0.0
40.917,2026-06-25T23:16:04.880414,13574.938,43845.305,0.792,184.002,11902.322,0.019,0.0
40.968,2026-06-25T23:16:04.931429,13574.91,43845.305,0.784,184.003,11902.322,0.019,0.0
41.019,2026-06-25T23:16:04.982379,13574.5,43845.305,0.779,184.004,11902.322,0.019,0.0
41.07,2026-06-25T23:16:05.033300,13574.5,43845.305,0.775,184.005,11902.322,0.019,0.0
41.121,2026-06-25T23:16:05.084251,13574.5,43845.305,0.819,184.006,11902.322,0.019,0.0
41.172,2026-06-25T23:16:05.135190,13574.5,43845.305,0.803,184.007,11902.322,0.019,0.0
41.223,2026-06-25T23:16:05.186063,13574.504,43845.305,0.792,184.008,11902.322,0.019,0.0
41.274,2026-06-25T23:16:05.236989,13574.504,43845.305,0.785,184.009,11902.322,0.019,0.0
41.325,2026-06-25T23:16:05.287949,13574.504,43845.305,0.779,184.01,11902.322,0.019,0.0
41.376,2026-06-25T23:16:05.338922,13574.504,43845.305,0.775,184.011,11902.322,0.019,0.0
41.427,2026-06-25T23:16:05.389887,13574.496,43845.305,0.773,184.012,11902.322,0.019,0.0
41.477,2026-06-25T23:16:05.440835,13574.492,43845.305,0.771,184.013,11902.322,0.019,0.0
41.528,2026-06-25T23:16:05.491800,13574.5,43845.305,0.816,184.014,11902.322,0.019,0.0
41.579,2026-06-25T23:16:05.542753,13574.5,43845.305,0.801,184.015,11902.322,0.019,0.0
41.63,2026-06-25T23:16:05.593738,13574.5,43845.305,0.837,184.016,11902.322,0.019,0.0
41.681,2026-06-25T23:16:05.644673,13574.5,43845.305,0.816,184.016,11902.322,0.019,0.0
41.732,2026-06-25T23:16:05.695642,13574.5,43845.305,0.801,184.017,11902.322,0.019,0.0
41.783,2026-06-25T23:16:05.746592,13574.5,43845.305,0.791,184.018,11902.322,0.019,0.0
41.834,2026-06-25T23:16:05.797567,13574.5,43845.305,0.783,184.019,11902.322,0.019,0.0
41.885,2026-06-25T23:16:05.848527,13574.5,43845.305,0.824,184.02,11902.322,0.019,0.0
41.936,2026-06-25T23:16:05.899487,13574.5,43845.305,0.807,184.021,11902.322,0.019,0.0
41.987,2026-06-25T23:16:05.950435,13578.004,43845.305,0.795,184.022,11902.322,0.019,0.0
42.038,2026-06-25T23:16:06.001411,13578.004,43845.305,0.786,184.023,11902.322,0.019,0.0
42.089,2026-06-25T23:16:06.052366,13578.004,43845.305,0.78,184.024,11902.322,0.019,0.0
42.14,2026-06-25T23:16:06.103289,13578.004,43845.305,0.776,184.025,11902.322,0.019,0.0
42.191,2026-06-25T23:16:06.154205,13578.004,43845.305,0.774,184.026,11902.322,0.019,0.0
42.242,2026-06-25T23:16:06.205132,13578.004,43845.305,0.817,184.027,11902.322,0.019,0.0
42.293,2026-06-25T23:16:06.256112,13578.004,43845.305,0.802,184.028,11902.322,0.019,0.0
42.344,2026-06-25T23:16:06.307065,13578.004,43845.305,0.791,184.029,11902.322,0.019,0.0
42.395,2026-06-25T23:16:06.358019,13578.004,43845.305,0.784,184.03,11902.322,0.019,0.0
42.446,2026-06-25T23:16:06.408952,13578.004,43845.305,0.779,184.031,11902.322,0.019,0.0
42.497,2026-06-25T23:16:06.459887,13578.004,43845.305,0.775,184.032,11902.322,0.019,0.0
42.548,2026-06-25T23:16:06.510856,13578.004,43845.305,0.818,184.033,11902.322,0.019,0.0
42.598,2026-06-25T23:16:06.561821,13581.008,43845.305,0.803,184.034,11902.322,0.019,0.0
42.649,2026-06-25T23:16:06.612767,13582.93,43845.305,0.838,184.035,11902.322,0.019,0.0
42.7,2026-06-25T23:16:06.663777,13582.93,43845.305,0.816,184.036,11902.322,0.019,0.0
42.751,2026-06-25T23:16:06.714704,13582.93,43845.305,0.803,184.037,11902.322,0.019,0.0
42.841,2026-06-25T23:16:06.803852,13582.602,43845.305,0.904,184.38,11902.322,3.858,0.0
42.891,2026-06-25T23:16:06.854270,13582.602,43845.305,0.865,184.381,11902.322,0.019,0.0
42.941,2026-06-25T23:16:06.904848,13586.254,43845.305,0.837,184.382,11902.322,0.019,0.0
42.992,2026-06-25T23:16:06.955464,13584.422,43845.305,0.817,184.383,11902.322,0.019,0.0
43.043,2026-06-25T23:16:07.006060,13569.992,43845.305,0.804,184.384,11902.322,0.019,0.0
43.093,2026-06-25T23:16:07.056680,13568.727,43845.305,0.794,184.385,11902.322,0.019,0.0
43.144,2026-06-25T23:16:07.107266,13568.441,43845.305,0.788,184.386,11902.322,0.019,0.0
43.195,2026-06-25T23:16:07.157858,13567.848,43845.305,0.782,184.387,11902.322,0.019,0.0
43.245,2026-06-25T23:16:07.208815,13567.336,43845.305,0.777,184.388,11902.322,0.019,0.0
43.296,2026-06-25T23:16:07.259766,13564.188,43845.305,0.774,184.389,11902.322,0.019,0.0
43.347,2026-06-25T23:16:07.310736,13564.188,43845.305,0.772,184.39,11902.322,0.019,0.0
43.398,2026-06-25T23:16:07.361675,13564.188,43845.305,0.816,184.391,11902.322,0.019,0.0
43.449,2026-06-25T23:16:07.412622,13564.188,43845.305,0.801,184.392,11902.322,0.019,0.0
43.5,2026-06-25T23:16:07.463541,13564.188,43845.305,0.791,184.393,11902.322,0.019,0.0
43.551,2026-06-25T23:16:07.514520,13564.188,43845.305,0.784,184.394,11902.322,0.019,0.0
43.602,2026-06-25T23:16:07.565472,13563.754,43845.305,0.825,184.395,11902.322,0.019,0.0
43.653,2026-06-25T23:16:07.616430,13563.754,43845.305,0.807,184.396,11902.322,0.019,0.0
43.704,2026-06-25T23:16:07.667375,13563.211,43845.305,0.795,184.397,11902.322,0.019,0.0
43.755,2026-06-25T23:16:07.718262,13563.211,43845.305,0.787,184.398,11902.322,0.019,0.0
43.806,2026-06-25T23:16:07.769197,13562.73,43845.305,0.781,184.399,11902.322,0.019,0.0
43.857,2026-06-25T23:16:07.820106,13562.793,43845.305,0.777,184.4,11902.322,0.019,0.0
43.908,2026-06-25T23:16:07.871063,13562.793,43845.305,0.774,184.401,11902.322,0.019,0.0
43.959,2026-06-25T23:16:07.921998,13561.859,43845.305,0.772,184.402,11902.322,0.019,0.0
44.01,2026-06-25T23:16:07.972960,13561.859,43845.305,0.77,184.403,11902.322,0.019,0.0
44.061,2026-06-25T23:16:08.023986,13561.859,43845.305,0.769,184.404,11902.322,0.019,0.0
44.112,2026-06-25T23:16:08.074988,13559.156,43845.305,0.768,184.405,11902.322,0.019,0.0
44.163,2026-06-25T23:16:08.125978,13559.156,43845.305,0.859,184.406,11902.322,0.019,0.0
44.214,2026-06-25T23:16:08.176996,13559.156,43845.305,0.831,184.407,11902.322,0.019,0.0
44.265,2026-06-25T23:16:08.227992,13559.156,43845.305,0.858,184.408,11902.322,0.019,0.0
44.316,2026-06-25T23:16:08.279011,13558.648,43845.305,0.876,184.409,11903.141,0.019,16.058
44.367,2026-06-25T23:16:08.329986,13558.648,43845.305,0.797,184.41,11903.483,0.03,6.708
44.418,2026-06-25T23:16:08.380918,13558.648,43845.305,0.742,184.423,11903.486,0.243,0.061
44.469,2026-06-25T23:16:08.431885,13558.648,43845.305,0.519,184.446,11903.491,0.451,0.109
44.519,2026-06-25T23:16:08.482822,13558.648,43845.305,0.364,184.557,11903.528,2.178,0.731
44.57,2026-06-25T23:16:08.533758,13558.648,43845.305,0.255,184.7,11903.577,2.824,0.947
44.621,2026-06-25T23:16:08.584711,13558.648,43845.305,0.178,184.701,11903.577,0.019,0.0
44.672,2026-06-25T23:16:08.635654,13558.648,43845.305,0.125,184.702,11903.577,0.019,0.0
44.723,2026-06-25T23:16:08.686631,13558.648,43845.305,0.087,184.703,11903.577,0.019,0.0
44.774,2026-06-25T23:16:08.737585,13558.648,43845.305,0.061,184.704,11903.577,0.019,0.0
44.825,2026-06-25T23:16:08.788564,13558.648,43845.305,0.043,184.76,11903.621,1.098,0.876
44.876,2026-06-25T23:16:08.839503,13558.648,43845.305,0.03,184.761,11903.621,0.019,0.0
44.927,2026-06-25T23:16:08.890471,13558.648,43845.305,0.021,184.762,11903.621,0.019,0.0
44.978,2026-06-25T23:16:08.941432,13558.648,43845.305,0.015,184.763,11903.621,0.019,0.0
45.029,2026-06-25T23:16:08.992390,13552.715,43845.305,0.102,184.775,11903.919,0.235,5.85
45.08,2026-06-25T23:16:09.043277,13552.715,43845.305,0.072,185.004,11904.72,4.515,15.797
45.13,2026-06-25T23:16:09.093816,13552.715,43845.305,0.097,185.017,11904.72,0.253,0.016
45.181,2026-06-25T23:16:09.144379,13552.715,43845.305,0.114,185.257,11905.526,4.752,15.917
45.232,2026-06-25T23:16:09.194971,13552.715,43845.305,0.08,185.486,11906.327,4.52,15.836
45.282,2026-06-25T23:16:09.245582,13552.715,43845.305,0.102,185.655,11906.328,3.332,0.016
45.333,2026-06-25T23:16:09.296492,13590.492,47842.688,0.209,187.266,11907.148,31.641,16.113
45.384,2026-06-25T23:16:09.347453,13928.234,54833.664,0.331,187.267,11907.148,0.02,0.0
45.435,2026-06-25T23:16:09.398401,14622.016,54833.664,0.553,187.268,11907.148,0.02,0.0
45.486,2026-06-25T23:16:09.449407,15319.465,56710.633,0.893,187.269,11907.304,0.02,3.066
45.537,2026-06-25T23:16:09.500333,15620.062,57017.762,2.24,187.27,11910.82,0.02,69.286
45.588,2026-06-25T23:16:09.551031,15671.246,56935.074,3.039,187.271,11914.775,0.02,77.476
45.639,2026-06-25T23:16:09.602164,15615.645,56797.617,3.458,187.272,11919.756,0.02,97.474
45.69,2026-06-25T23:16:09.653232,15491.859,56605.91,3.385,187.273,11924.004,0.02,83.275
45.741,2026-06-25T23:16:09.704253,15538.316,56605.762,2.829,187.274,11929.424,0.02,106.355
45.792,2026-06-25T23:16:09.755213,15585.531,56604.883,2.487,187.275,11934.697,0.02,103.543
45.843,2026-06-25T23:16:09.806160,15632.625,56605.762,2.2,187.276,11939.678,0.02,97.656
45.894,2026-06-25T23:16:09.857125,15659.941,56585.742,2.0,187.277,11945.195,0.02,108.227
45.945,2026-06-25T23:16:09.908127,15708.57,56586.77,1.905,187.278,11950.176,0.02,97.647
45.996,2026-06-25T23:16:09.959123,15755.352,56586.77,1.793,187.279,11955.595,0.02,106.266
46.047,2026-06-25T23:16:10.010120,15803.164,56586.477,1.715,187.28,11960.429,0.02,94.852
46.098,2026-06-25T23:16:10.061098,15849.516,56586.621,1.66,187.281,11965.703,0.02,103.352
46.149,2026-06-25T23:16:10.112111,15893.688,56581.789,1.622,187.282,11970.976,0.02,103.441
46.2,2026-06-25T23:16:10.163097,15941.707,56586.621,1.687,187.283,11975.81,0.02,94.794
46.251,2026-06-25T23:16:10.214088,15989.188,56586.477,1.64,187.284,11980.791,0.02,97.693
46.302,2026-06-25T23:16:10.265056,16021.059,56568.164,1.608,187.286,11995.586,0.02,290.233
46.353,2026-06-25T23:16:10.316038,16038.312,56536.914,1.585,187.287,12014.336,0.02,367.696
46.404,2026-06-25T23:16:10.367039,16055.156,56511.914,1.615,187.288,12039.336,0.02,490.158
46.455,2026-06-25T23:16:10.418025,16092.047,56511.914,1.591,187.289,12064.336,0.02,490.592
46.506,2026-06-25T23:16:10.468987,16136.359,56493.164,1.527,187.29,12083.086,0.02,367.722
46.557,2026-06-25T23:16:10.519977,16146.188,56455.664,1.437,187.291,12089.336,0.02,122.648
46.608,2026-06-25T23:16:10.570964,16193.863,56455.664,1.19,187.292,12089.336,0.02,0.0
46.659,2026-06-25T23:16:10.621988,16241.156,56455.664,1.063,187.293,12089.336,0.02,0.0
46.71,2026-06-25T23:16:10.672954,16288.484,56455.664,1.019,187.294,12089.336,0.02,0.0
46.761,2026-06-25T23:16:10.724007,16335.68,56455.664,0.943,187.295,12089.336,0.02,0.0
46.812,2026-06-25T23:16:10.775043,16383.062,56455.664,0.844,187.296,12089.336,0.02,0.0
46.863,2026-06-25T23:16:10.826101,16430.457,56455.664,0.866,187.297,12089.336,0.02,0.0
46.914,2026-06-25T23:16:10.877215,16477.742,56455.664,0.836,187.298,12089.336,0.02,0.0
46.965,2026-06-25T23:16:10.928207,16525.141,56455.664,0.861,187.299,12089.336,0.02,0.0
47.016,2026-06-25T23:16:10.979228,16572.371,56455.664,0.832,187.3,12089.336,0.02,0.0
47.067,2026-06-25T23:16:11.030248,16619.738,56455.664,0.812,187.301,12089.336,0.02,0.0
47.118,2026-06-25T23:16:11.081269,16667.188,56455.664,0.844,187.302,12089.336,0.02,0.0
47.169,2026-06-25T23:16:11.132280,16645.062,56455.664,0.821,187.303,12089.336,0.02,0.0
47.22,2026-06-25T23:16:11.183282,15179.832,55519.664,0.85,187.304,12089.336,0.02,0.0
47.271,2026-06-25T23:16:11.234299,15199.27,55519.664,0.779,187.305,12089.336,0.02,0.0
47.322,2026-06-25T23:16:11.285370,15218.703,55519.664,0.775,187.306,12089.336,0.02,0.0
47.373,2026-06-25T23:16:11.336422,15238.137,55519.664,0.818,187.307,12089.336,0.02,0.0
47.424,2026-06-25T23:16:11.387488,15257.543,55519.664,0.802,187.308,12089.336,0.02,0.0
47.475,2026-06-25T23:16:11.438512,15276.969,55519.664,0.791,187.309,12089.336,0.02,0.0
47.526,2026-06-25T23:16:11.489554,15296.34,55519.664,0.783,187.31,12089.336,0.02,0.0
47.577,2026-06-25T23:16:11.540604,15315.773,55519.664,0.824,187.311,12089.336,0.02,0.0
47.628,2026-06-25T23:16:11.591666,15334.719,55519.664,0.76,187.312,12089.336,0.02,0.0
47.679,2026-06-25T23:16:11.642652,15354.109,55519.664,0.762,187.313,12089.336,0.02,0.0
47.73,2026-06-25T23:16:11.693661,15373.488,55519.664,0.809,187.314,12089.336,0.02,0.0
47.781,2026-06-25T23:16:11.744642,15392.797,55519.664,0.796,187.315,12089.336,0.02,0.0
47.902,2026-06-25T23:16:11.865349,15438.555,55519.664,0.927,187.656,12089.336,2.835,0.0
47.952,2026-06-25T23:16:11.915777,15457.742,55519.664,0.88,187.657,12089.336,0.02,0.0
48.003,2026-06-25T23:16:11.966487,15476.906,55519.664,0.848,187.658,12089.336,0.02,0.0
48.054,2026-06-25T23:16:12.017212,15496.145,55519.664,0.824,187.659,12089.336,0.02,0.0
48.105,2026-06-25T23:16:12.067995,15515.383,55519.664,0.807,187.66,12089.336,0.02,0.0
48.155,2026-06-25T23:16:12.118810,15534.711,55519.664,0.795,187.661,12089.336,0.02,0.0
48.206,2026-06-25T23:16:12.169827,15554.047,55519.664,0.878,187.662,12089.336,0.02,0.0
48.257,2026-06-25T23:16:12.220822,15573.375,55519.664,0.799,187.663,12089.336,0.02,0.0
48.308,2026-06-25T23:16:12.271821,15592.797,55519.664,0.835,187.664,12089.336,0.02,0.0
48.359,2026-06-25T23:16:12.322800,15612.191,55519.664,0.814,187.665,12089.336,0.02,0.0
48.41,2026-06-25T23:16:12.373809,15631.645,55519.664,0.8,187.666,12089.336,0.02,0.0
48.461,2026-06-25T23:16:12.424782,15651.043,55519.664,0.79,187.667,12089.336,0.02,0.0
48.512,2026-06-25T23:16:12.475783,15670.461,55519.664,0.783,187.668,12089.336,0.02,0.0
48.563,2026-06-25T23:16:12.526754,15689.895,55519.664,0.778,187.669,12089.336,0.02,0.0
48.614,2026-06-25T23:16:12.577765,15709.301,55519.664,0.774,187.67,12089.336,0.02,0.0
48.665,2026-06-25T23:16:12.628757,15728.75,55519.664,0.772,187.671,12089.336,0.02,0.0
48.716,2026-06-25T23:16:12.679768,15748.098,55519.664,0.77,187.672,12089.336,0.02,0.0
48.767,2026-06-25T23:16:12.730759,15767.492,55519.664,0.815,187.673,12089.336,0.02,0.0
48.818,2026-06-25T23:16:12.781755,15305.297,55519.664,0.8,187.674,12089.336,0.02,0.0
48.869,2026-06-25T23:16:12.832742,14337.297,55519.664,0.79,187.675,12089.336,0.02,0.0
48.92,2026-06-25T23:16:12.883772,14241.297,53983.664,0.783,187.676,12089.336,0.02,0.0
48.971,2026-06-25T23:16:12.934764,14241.297,53983.664,0.778,187.677,12089.336,0.02,0.0
49.022,2026-06-25T23:16:12.985763,14241.297,53983.664,0.774,187.678,12089.336,0.02,0.0
49.073,2026-06-25T23:16:13.036733,14241.297,53983.664,0.864,187.679,12089.336,0.02,0.0
49.124,2026-06-25T23:16:13.087736,14241.297,53983.664,0.834,187.68,12089.336,0.02,0.0
49.175,2026-06-25T23:16:13.138725,14241.297,53983.664,0.814,187.681,12089.336,0.02,0.0
49.226,2026-06-25T23:16:13.189714,14712.742,55320.664,0.938,187.682,12089.336,0.02,0.0
49.277,2026-06-25T23:16:13.240649,15452.055,55320.664,1.116,187.683,12089.336,0.02,0.0
49.328,2026-06-25T23:16:13.291642,15582.066,56511.664,1.241,187.684,12089.336,0.02,0.0
49.379,2026-06-25T23:16:13.342629,15633.004,56511.664,1.374,187.685,12089.336,0.02,0.0
49.43,2026-06-25T23:16:13.393651,15678.793,56511.664,1.468,187.686,12089.336,0.02,0.0
49.481,2026-06-25T23:16:13.444610,15724.453,56511.664,1.441,187.687,12239.336,0.02,2942.064
49.532,2026-06-25T23:16:13.495612,15820.801,56661.664,1.514,187.688,12239.336,0.02,0.0
49.583,2026-06-25T23:16:13.546596,15919.145,56661.664,1.52,187.689,12239.336,0.02,0.0
49.634,2026-06-25T23:16:13.597605,15902.602,56661.664,1.523,187.69,12239.336,0.02,0.0
49.685,2026-06-25T23:16:13.648606,15905.891,56511.664,1.572,187.691,12239.336,0.02,0.0
49.736,2026-06-25T23:16:13.699601,15951.836,56511.664,1.514,187.692,12239.336,0.02,0.0
49.787,2026-06-25T23:16:13.750587,15997.555,56511.664,1.565,187.693,12389.336,0.02,2940.098
49.838,2026-06-25T23:16:13.801593,16074.461,56661.664,1.601,187.694,12389.336,0.02,0.0
49.889,2026-06-25T23:16:13.852583,16172.234,56661.664,1.581,187.695,12389.336,0.02,0.0
49.94,2026-06-25T23:16:13.903580,16270.352,56661.664,1.566,187.696,12389.336,0.02,0.0
49.991,2026-06-25T23:16:13.954556,16179.637,56511.664,1.602,187.697,12389.336,0.02,0.0
50.042,2026-06-25T23:16:14.005560,16225.422,56511.664,1.535,187.698,12389.336,0.02,0.0
50.093,2026-06-25T23:16:14.056553,16271.492,56511.664,1.58,187.699,12539.336,0.02,2941.307
50.144,2026-06-25T23:16:14.107555,16333.797,56661.664,1.566,187.7,12539.336,0.02,0.0
50.195,2026-06-25T23:16:14.158544,16431.949,56661.664,1.556,187.701,12539.336,0.02,0.0
50.246,2026-06-25T23:16:14.209550,16530.195,56661.664,1.594,187.702,12539.336,0.02,0.0
50.297,2026-06-25T23:16:14.260527,16453.797,56511.664,1.622,187.703,12539.336,0.02,0.0
50.348,2026-06-25T23:16:14.311566,16499.719,56511.664,1.595,187.704,12539.336,0.02,0.0
50.399,2026-06-25T23:16:14.362539,16545.727,56511.664,1.576,187.705,12539.336,0.02,0.0
50.45,2026-06-25T23:16:14.413529,16515.559,56511.664,1.563,187.706,12689.336,0.02,2942.903
50.501,2026-06-25T23:16:14.464483,16032.793,55911.664,1.554,187.707,12689.336,0.02,0.0
50.552,2026-06-25T23:16:14.515479,16077.645,55911.664,1.547,187.708,12689.336,0.02,0.0
50.603,2026-06-25T23:16:14.566493,16054.82,55911.664,1.543,187.709,12689.336,0.02,0.0
50.654,2026-06-25T23:16:14.617503,15895.391,55761.664,1.493,187.71,12689.336,0.02,0.0
50.705,2026-06-25T23:16:14.668520,14835.875,55038.336,1.275,187.711,12689.336,0.02,0.0
50.756,2026-06-25T23:16:14.719578,14855.48,55038.336,1.122,187.712,12689.336,0.02,0.0
50.807,2026-06-25T23:16:14.770624,14875.016,55038.336,1.015,187.713,12689.336,0.02,0.0
50.858,2026-06-25T23:16:14.821710,14894.625,55038.336,0.94,187.714,12689.336,0.02,0.0
50.909,2026-06-25T23:16:14.872734,14914.145,55038.336,0.887,187.715,12689.336,0.02,0.0
50.96,2026-06-25T23:16:14.923796,14931.844,55038.336,0.897,187.716,12689.336,0.02,0.0
51.011,2026-06-25T23:16:14.974847,14945.902,55038.336,0.857,187.717,12689.336,0.02,0.0
51.063,2026-06-25T23:16:15.025923,14959.574,55038.336,0.784,187.718,12689.336,0.02,0.0
51.114,2026-06-25T23:16:15.076967,14972.152,55038.336,0.87,187.719,12689.336,0.02,0.0
51.165,2026-06-25T23:16:15.128017,14990.246,55038.336,0.839,187.72,12689.336,0.02,0.0
51.216,2026-06-25T23:16:15.179051,15009.777,55038.336,0.817,187.721,12689.336,0.02,0.0
51.267,2026-06-25T23:16:15.230107,15029.367,55038.336,0.847,187.722,12689.336,0.02,0.0
51.318,2026-06-25T23:16:15.281134,15048.297,55038.336,0.822,187.723,12689.336,0.02,0.0
51.369,2026-06-25T23:16:15.332210,15067.871,55038.336,0.805,187.724,12689.336,0.02,0.0
51.42,2026-06-25T23:16:15.383214,15087.414,55038.336,0.794,187.725,12689.336,0.02,0.0
51.471,2026-06-25T23:16:15.434228,15106.945,55038.336,0.785,187.726,12689.336,0.02,0.0
51.522,2026-06-25T23:16:15.485235,15126.477,55038.336,0.826,187.727,12689.336,0.02,0.0
51.573,2026-06-25T23:16:15.536231,15146.043,55038.336,0.762,187.728,12689.336,0.02,0.0
51.624,2026-06-25T23:16:15.587235,15165.574,55038.336,0.809,187.729,12689.336,0.02,0.0
51.675,2026-06-25T23:16:15.638234,15185.125,55038.336,0.75,187.73,12689.336,0.02,0.0
51.726,2026-06-25T23:16:15.689239,15204.629,55038.336,0.801,187.731,12689.336,0.02,0.0
51.777,2026-06-25T23:16:15.740269,15224.203,55038.336,0.79,187.732,12689.336,0.02,0.0
51.828,2026-06-25T23:16:15.791269,15243.75,55038.336,0.783,187.733,12689.336,0.02,0.0
51.879,2026-06-25T23:16:15.842275,15263.293,55038.336,0.778,187.734,12689.336,0.02,0.0
51.93,2026-06-25T23:16:15.893279,15282.824,55038.336,0.774,187.735,12689.336,0.02,0.0
51.981,2026-06-25T23:16:15.944274,14754.297,55038.336,0.772,187.736,12689.336,0.02,0.0
52.032,2026-06-25T23:16:15.995294,14105.297,53851.336,0.816,187.737,12689.336,0.02,0.0
52.083,2026-06-25T23:16:16.046288,14105.297,53851.336,0.801,187.738,12689.336,0.02,0.0
52.134,2026-06-25T23:16:16.097291,14105.297,53851.336,0.79,187.739,12689.336,0.02,0.0
52.185,2026-06-25T23:16:16.148344,14105.297,53851.336,0.783,187.74,12689.336,0.02,0.0
52.236,2026-06-25T23:16:16.199382,14105.297,53851.336,0.824,187.741,12689.336,0.02,0.0
52.287,2026-06-25T23:16:16.250435,14493.98,55154.254,0.944,187.742,12689.336,0.02,0.0
52.338,2026-06-25T23:16:16.301460,15237.785,55154.254,1.166,187.743,12689.336,0.02,0.0
52.389,2026-06-25T23:16:16.352514,15408.297,55158.254,1.092,187.744,12689.336,0.02,0.0
52.44,2026-06-25T23:16:16.403550,15408.297,55158.254,0.994,187.746,12689.336,0.02,0.0
52.491,2026-06-25T23:16:16.454605,15422.738,55274.172,0.971,187.747,12805.254,0.02,2271.038
52.542,2026-06-25T23:16:16.505646,15475.895,55274.172,0.863,187.748,12805.254,0.02,0.0
52.593,2026-06-25T23:16:16.556691,15442.215,55274.172,0.88,187.749,12805.254,0.02,0.0
52.644,2026-06-25T23:16:16.607725,15408.297,55158.254,0.845,187.75,12805.254,0.02,0.0
52.695,2026-06-25T23:16:16.658804,15408.297,55158.254,0.821,187.751,12921.172,0.02,2271.452
52.746,2026-06-25T23:16:16.709832,15428.934,55274.172,0.759,187.752,12921.172,0.02,0.0
52.798,2026-06-25T23:16:16.760884,15482.418,55274.172,0.807,187.753,12921.172,0.02,0.0
52.918,2026-06-25T23:16:16.881503,15408.297,55158.254,0.954,188.094,12921.172,2.839,0.0
52.969,2026-06-25T23:16:16.931951,15408.297,55158.254,0.899,188.095,13037.09,0.02,2287.471
53.019,2026-06-25T23:16:16.982602,15455.797,55274.172,0.815,188.096,13037.09,0.02,0.0
53.07,2026-06-25T23:16:17.033310,15509.082,55274.172,0.801,188.097,13037.09,0.02,0.0
53.121,2026-06-25T23:16:17.084120,15408.297,55158.254,0.838,188.098,13037.09,0.02,0.0
53.172,2026-06-25T23:16:17.134926,15408.297,55158.254,0.816,188.099,13037.09,0.02,0.0
53.223,2026-06-25T23:16:17.185963,15262.297,55158.254,0.801,188.1,13153.008,0.02,2269.734
53.274,2026-06-25T23:16:17.237007,14944.625,54694.582,0.79,188.101,13153.008,0.02,0.0
53.325,2026-06-25T23:16:17.288045,14944.625,54694.582,0.783,188.102,13153.008,0.02,0.0
53.376,2026-06-25T23:16:17.339107,14846.742,54875.414,0.778,188.103,13153.008,0.02,0.0
53.427,2026-06-25T23:16:17.390132,14897.207,54875.414,0.774,188.104,13153.008,0.02,0.0
53.478,2026-06-25T23:16:17.441202,14947.629,54875.414,0.771,188.105,13153.008,0.02,0.0
53.529,2026-06-25T23:16:17.492203,14997.832,54875.414,0.77,188.106,13153.008,0.02,0.0
53.58,2026-06-25T23:16:17.543221,15048.207,54875.414,0.815,188.107,13153.008,0.02,0.0
53.631,2026-06-25T23:16:17.594238,15098.707,54875.414,0.8,188.108,13153.008,0.02,0.0
53.682,2026-06-25T23:16:17.645242,15148.039,54912.508,0.79,188.109,13153.008,0.02,0.0
53.733,2026-06-25T23:16:17.696256,14865.801,54615.758,0.782,188.11,13153.008,0.02,0.0
53.784,2026-06-25T23:16:17.747277,14865.801,54615.758,0.777,188.111,13153.008,0.02,0.0
53.835,2026-06-25T23:16:17.798292,14893.109,54912.508,0.82,188.112,13190.101,0.02,727.204
53.886,2026-06-25T23:16:17.849304,14943.301,54912.508,0.804,188.113,13190.101,0.02,0.0
53.937,2026-06-25T23:16:17.900360,14993.801,54912.508,0.792,188.114,13190.101,0.02,0.0
53.988,2026-06-25T23:16:17.951379,15043.801,54912.508,0.83,188.115,13190.101,0.02,0.0
54.039,2026-06-25T23:16:18.002417,15093.445,54912.508,0.812,188.116,13190.101,0.02,0.0
54.09,2026-06-25T23:16:18.052972,15142.094,54912.508,0.8,188.117,13190.101,0.02,0.0
54.14,2026-06-25T23:16:18.103646,15144.785,54912.508,0.79,188.118,13190.101,0.02,0.0
54.191,2026-06-25T23:16:18.154734,14865.801,54615.758,0.782,188.119,13190.101,0.02,0.0
54.242,2026-06-25T23:16:18.205842,14865.801,54615.758,0.777,188.12,13190.101,0.02,0.0
54.294,2026-06-25T23:16:18.256948,14888.301,54912.508,0.773,188.121,13227.195,0.02,725.78
54.345,2026-06-25T23:16:18.308050,14938.359,54912.508,0.771,188.122,13227.195,0.02,0.0
54.396,2026-06-25T23:16:18.359184,14988.379,54912.508,0.769,188.123,13227.195,0.02,0.0
54.447,2026-06-25T23:16:18.410227,15038.668,54912.508,0.814,188.124,13227.195,0.02,0.0
54.498,2026-06-25T23:16:18.461301,15088.812,54912.508,0.799,188.125,13227.195,0.02,0.0
54.549,2026-06-25T23:16:18.512420,15138.992,54912.508,0.789,188.126,13227.195,0.02,0.0
54.6,2026-06-25T23:16:18.563499,15142.254,54912.508,0.781,188.127,13227.195,0.02,0.0
54.651,2026-06-25T23:16:18.614609,14865.801,54615.758,0.822,188.128,13227.195,0.02,0.0
54.702,2026-06-25T23:16:18.665691,14865.801,54615.758,0.805,188.129,13227.195,0.02,0.0
54.753,2026-06-25T23:16:18.716753,14886.137,54912.508,0.839,188.13,13264.289,0.02,726.742
54.804,2026-06-25T23:16:18.767786,14936.195,54912.508,0.817,188.131,13264.289,0.02,0.0
54.855,2026-06-25T23:16:18.818826,14986.301,54912.508,0.801,188.132,13264.289,0.02,0.0
54.906,2026-06-25T23:16:18.869847,15036.301,54912.508,0.79,188.133,13264.289,0.02,0.0
54.958,2026-06-25T23:16:18.920909,15086.25,54912.508,0.783,188.134,13264.289,0.02,0.0
55.009,2026-06-25T23:16:18.971938,15136.301,54912.508,0.778,188.135,13264.289,0.02,0.0
55.06,2026-06-25T23:16:19.022983,15139.598,54912.508,0.774,188.136,13264.289,0.02,0.0
55.111,2026-06-25T23:16:19.074009,14865.801,54615.758,0.817,188.137,13264.289,0.02,0.0
55.162,2026-06-25T23:16:19.125045,14865.801,54615.758,0.802,188.138,13264.289,0.02,0.0
55.213,2026-06-25T23:16:19.176093,14882.922,54912.508,0.791,188.139,13301.383,0.02,726.695
55.264,2026-06-25T23:16:19.227121,14932.969,54912.508,0.783,188.14,13301.383,0.02,0.0
55.315,2026-06-25T23:16:19.278129,14982.688,54912.508,0.778,188.141,13301.383,0.02,0.0
55.366,2026-06-25T23:16:19.329184,15032.543,54912.508,0.774,188.142,13301.383,0.02,0.0
55.417,2026-06-25T23:16:19.380236,15082.453,54912.508,0.771,188.143,13301.383,0.02,0.0
55.468,2026-06-25T23:16:19.431259,15132.582,54912.508,0.816,188.144,13301.383,0.02,0.0
55.519,2026-06-25T23:16:19.482248,15132.266,54912.508,0.801,188.145,13301.383,0.02,0.0
55.57,2026-06-25T23:16:19.533238,14865.801,54615.758,0.79,188.146,13301.383,0.02,0.0
55.621,2026-06-25T23:16:19.584237,14865.801,54615.758,0.783,188.147,13301.383,0.02,0.0
55.672,2026-06-25T23:16:19.635255,14874.816,54912.508,0.778,188.148,13338.476,0.02,726.933
55.723,2026-06-25T23:16:19.686272,14924.969,54912.508,0.82,188.149,13338.476,0.02,0.0
55.774,2026-06-25T23:16:19.737270,14974.801,54912.508,0.804,188.15,13338.476,0.02,0.0
55.825,2026-06-25T23:16:19.788391,15024.371,54912.508,0.792,188.151,13338.476,0.02,0.0
55.876,2026-06-25T23:16:19.839423,15074.035,54912.508,0.83,188.152,13338.476,0.02,0.0
55.927,2026-06-25T23:16:19.890482,15124.137,54912.508,0.81,188.153,13338.476,0.02,0.0
55.978,2026-06-25T23:16:19.941528,15127.73,54912.508,0.797,188.154,13338.476,0.02,0.0
56.029,2026-06-25T23:16:19.992574,14922.551,54912.508,0.788,188.155,13338.476,0.02,0.0
56.08,2026-06-25T23:16:20.043599,14865.801,54615.758,0.781,188.156,13338.476,0.02,0.0
56.131,2026-06-25T23:16:20.094672,14869.863,54912.508,0.822,188.157,13375.57,0.02,727.011
56.182,2026-06-25T23:16:20.145702,14920.098,54912.508,0.759,188.158,13375.57,0.02,0.0
56.233,2026-06-25T23:16:20.196760,14969.523,54912.508,0.761,188.159,13375.57,0.02,0.0
56.284,2026-06-25T23:16:20.247789,15019.195,54912.508,0.762,188.16,13375.57,0.02,0.0
56.335,2026-06-25T23:16:20.298838,15068.801,54912.508,0.809,188.161,13375.57,0.02,0.0
56.387,2026-06-25T23:16:20.349895,15118.801,54912.508,0.796,188.162,13375.57,0.02,0.0
56.438,2026-06-25T23:16:20.400928,15125.457,54875.414,0.787,188.163,13375.57,0.02,0.0
56.489,2026-06-25T23:16:20.451952,15010.551,54912.508,0.78,188.165,13375.57,0.02,0.0
56.54,2026-06-25T23:16:20.503001,14865.801,54615.758,0.776,188.166,13375.57,0.02,0.0
56.591,2026-06-25T23:16:20.554023,14865.801,54615.758,0.773,188.167,13412.664,0.02,726.552
56.642,2026-06-25T23:16:20.605087,14915.52,54912.508,0.816,188.168,13412.664,0.02,0.0
56.693,2026-06-25T23:16:20.656108,14965.188,54912.508,0.801,188.169,13412.664,0.02,0.0
56.744,2026-06-25T23:16:20.707176,15014.801,54912.508,0.79,188.17,13412.664,0.02,0.0
56.795,2026-06-25T23:16:20.758217,15064.59,54912.508,0.783,188.171,13412.664,0.02,0.0
56.846,2026-06-25T23:16:20.809225,15114.359,54912.508,0.87,188.172,13412.664,0.02,0.0
56.897,2026-06-25T23:16:20.860253,15125.457,54912.508,0.792,188.173,13412.664,0.02,0.0
56.948,2026-06-25T23:16:20.911244,15092.551,54912.508,0.831,188.174,13412.664,0.02,0.0
56.999,2026-06-25T23:16:20.962247,14865.801,54615.758,0.811,188.175,13412.664,0.02,0.0
57.05,2026-06-25T23:16:21.013250,14865.801,54615.758,0.797,188.176,13449.758,0.02,727.371
57.101,2026-06-25T23:16:21.064247,14910.777,54912.508,0.788,188.177,13449.758,0.02,0.0
57.152,2026-06-25T23:16:21.115258,14960.172,54912.508,0.781,188.178,13449.758,0.02,0.0
57.203,2026-06-25T23:16:21.166241,15009.566,54912.508,0.777,188.179,13449.758,0.02,0.0
57.254,2026-06-25T23:16:21.217242,15058.801,54912.508,0.773,188.18,13449.758,0.02,0.0
57.305,2026-06-25T23:16:21.268245,15108.301,54912.508,0.817,188.181,13449.758,0.02,0.0
57.356,2026-06-25T23:16:21.319258,15158.293,54912.508,0.756,188.182,13449.758,0.02,0.0
57.407,2026-06-25T23:16:21.370261,15160.031,54912.508,0.759,188.183,13449.758,0.02,0.0
57.458,2026-06-25T23:16:21.421252,14865.801,54615.758,0.807,188.184,13449.758,0.02,0.0
57.509,2026-06-25T23:16:21.472219,14865.801,54615.758,0.795,188.185,13449.758,0.02,0.0
57.56,2026-06-25T23:16:21.523232,14904.301,54912.508,0.786,188.186,13486.851,0.02,727.283
57.611,2026-06-25T23:16:21.574243,14953.703,54912.508,0.78,188.187,13486.851,0.02,0.0
57.662,2026-06-25T23:16:21.625249,15002.852,54912.508,0.821,188.188,13486.851,0.02,0.0
57.713,2026-06-25T23:16:21.676253,15052.5,54912.508,0.805,188.189,13486.851,0.02,0.0
57.764,2026-06-25T23:16:21.727248,15102.137,54912.508,0.839,188.19,13486.851,0.02,0.0
57.815,2026-06-25T23:16:21.778280,15151.82,54912.508,0.771,188.191,13486.851,0.02,0.0
57.935,2026-06-25T23:16:21.898736,14865.801,54615.758,0.91,188.532,13486.851,2.843,0.0
57.986,2026-06-25T23:16:21.949208,14865.801,54615.758,0.869,188.533,13523.945,0.02,732.377
58.036,2026-06-25T23:16:21.999811,14913.801,54912.508,0.886,188.534,13523.945,0.02,0.0
58.087,2026-06-25T23:16:22.050537,14962.68,54912.508,0.805,188.535,13523.945,0.02,0.0
58.138,2026-06-25T23:16:22.101356,15011.492,54912.508,0.794,188.536,13523.945,0.02,0.0
58.189,2026-06-25T23:16:22.152212,15060.645,54912.508,0.877,188.537,13523.945,0.02,0.0
58.24,2026-06-25T23:16:22.203229,15109.949,54912.508,0.844,188.538,13523.945,0.02,0.0
58.291,2026-06-25T23:16:22.254222,15159.727,54912.508,0.821,188.539,13523.945,0.02,0.0
58.342,2026-06-25T23:16:22.305223,15161.078,54912.508,0.85,188.54,13523.945,0.02,0.0
58.393,2026-06-25T23:16:22.356234,14865.801,54615.758,0.825,188.541,13523.945,0.02,0.0
58.444,2026-06-25T23:16:22.407221,14865.801,54615.758,0.807,188.542,13561.039,0.02,727.442
58.495,2026-06-25T23:16:22.458233,14904.316,54912.508,0.795,188.543,13561.039,0.02,0.0
58.546,2026-06-25T23:16:22.509220,14953.172,54912.508,0.74,188.544,13561.039,0.02,0.0
58.597,2026-06-25T23:16:22.560220,15001.855,54912.508,0.748,188.545,13561.039,0.02,0.0
58.648,2026-06-25T23:16:22.611239,15050.801,54912.508,0.799,188.546,13561.039,0.02,0.0
58.699,2026-06-25T23:16:22.662232,15100.051,54912.508,0.789,188.547,13561.039,0.02,0.0
58.75,2026-06-25T23:16:22.713243,15149.668,54912.508,0.782,188.548,13561.039,0.02,0.0
58.801,2026-06-25T23:16:22.764241,15151.457,54912.508,0.777,188.549,13561.039,0.02,0.0
58.852,2026-06-25T23:16:22.815246,14865.801,54615.758,0.774,188.55,13561.039,0.02,0.0
58.903,2026-06-25T23:16:22.866270,14865.801,54615.758,0.771,188.551,13561.039,0.02,0.0
58.954,2026-06-25T23:16:22.917273,14893.801,54912.508,0.816,188.552,13598.133,0.02,727.398
59.005,2026-06-25T23:16:22.968277,14942.801,54912.508,0.801,188.553,13598.133,0.02,0.0
59.056,2026-06-25T23:16:23.019274,14991.625,54912.508,0.79,188.554,13598.133,0.02,0.0
59.107,2026-06-25T23:16:23.070282,15040.277,54912.508,0.829,188.555,13598.133,0.02,0.0
59.158,2026-06-25T23:16:23.121357,15089.008,54912.508,0.81,188.556,13598.133,0.02,0.0
59.209,2026-06-25T23:16:23.172367,15138.348,54912.508,0.751,188.557,13598.133,0.02,0.0
59.26,2026-06-25T23:16:23.223423,15140.738,54912.508,0.847,188.558,13598.133,0.02,0.0
59.311,2026-06-25T23:16:23.274470,14865.801,54615.758,0.822,188.559,13598.133,0.02,0.0
59.362,2026-06-25T23:16:23.325526,14865.801,54615.758,0.805,188.56,13598.133,0.02,0.0
59.413,2026-06-25T23:16:23.376578,14881.801,54912.508,0.839,188.561,13635.226,0.02,726.542
59.464,2026-06-25T23:16:23.427613,14930.844,54912.508,0.817,188.562,13635.226,0.02,0.0
59.515,2026-06-25T23:16:23.478622,14979.43,54912.508,0.801,188.563,13635.226,0.02,0.0
59.566,2026-06-25T23:16:23.529681,15028.184,54912.508,0.791,188.564,13635.226,0.02,0.0
59.617,2026-06-25T23:16:23.580718,15076.801,54912.508,0.783,188.565,13635.226,0.02,0.0
59.668,2026-06-25T23:16:23.631781,15126.301,54912.508,0.732,188.567,13635.226,0.02,0.0
59.719,2026-06-25T23:16:23.682801,15129.387,54912.508,0.788,188.568,13635.226,0.02,0.0
59.771,2026-06-25T23:16:23.733854,14924.551,54912.508,0.781,188.569,13635.226,0.02,0.0
59.822,2026-06-25T23:16:23.784898,14865.801,54615.758,0.776,188.57,13635.226,0.02,0.0
59.873,2026-06-25T23:16:23.835947,14870.301,54912.508,0.773,188.571,13672.32,0.02,726.831
59.924,2026-06-25T23:16:23.886982,14920.027,54912.508,0.771,188.572,13672.32,0.02,0.0
59.975,2026-06-25T23:16:23.938012,14968.805,54912.508,0.769,188.573,13672.32,0.02,0.0
60.026,2026-06-25T23:16:23.989039,15017.578,54912.508,0.814,188.574,13672.32,0.02,0.0
60.077,2026-06-25T23:16:24.040102,15066.301,54912.508,0.799,188.575,13672.32,0.02,0.0
60.128,2026-06-25T23:16:24.091128,15115.469,54912.508,0.835,188.576,13672.32,0.02,0.0
60.179,2026-06-25T23:16:24.142201,15125.457,54875.414,0.814,188.577,13672.32,0.02,0.0
60.23,2026-06-25T23:16:24.193196,15094.551,54912.508,0.846,188.578,13672.32,0.02,0.0
60.281,2026-06-25T23:16:24.244248,14865.801,54615.758,0.822,188.579,13672.32,0.02,0.0
60.332,2026-06-25T23:16:24.295272,14865.801,54615.758,0.805,188.58,13709.414,0.02,727.228
60.383,2026-06-25T23:16:24.346271,14908.172,54912.508,0.839,188.581,13709.414,0.02,0.0
60.434,2026-06-25T23:16:24.397275,14956.801,54912.508,0.771,188.582,13709.414,0.02,0.0
60.485,2026-06-25T23:16:24.448277,14999.359,54912.508,0.77,188.583,13709.414,0.02,0.0
60.536,2026-06-25T23:16:24.499265,15043.176,54912.508,0.723,188.584,13709.414,0.02,0.0
60.587,2026-06-25T23:16:24.550293,15092.059,54912.508,0.735,188.585,13709.414,0.02,0.0
60.638,2026-06-25T23:16:24.601288,15141.824,54912.508,0.745,188.586,13709.414,0.02,0.0
60.689,2026-06-25T23:16:24.652303,15144.043,54912.508,0.751,188.587,13709.414,0.02,0.0
60.74,2026-06-25T23:16:24.703359,14865.801,54615.758,0.755,188.588,13709.414,0.02,0.0
60.791,2026-06-25T23:16:24.754382,14865.801,54615.758,0.758,188.589,13709.414,0.02,0.0
60.842,2026-06-25T23:16:24.805448,14885.027,54912.508,0.806,188.59,13746.508,0.02,726.535
60.893,2026-06-25T23:16:24.856469,14934.777,54912.508,0.794,188.591,13746.508,0.02,0.0
60.944,2026-06-25T23:16:24.907521,14983.801,54912.508,0.785,188.592,13746.508,0.02,0.0
60.995,2026-06-25T23:16:24.958568,15032.688,54912.508,0.779,188.593,13746.508,0.02,0.0
61.046,2026-06-25T23:16:25.009634,15081.801,54912.508,0.775,188.594,13746.508,0.02,0.0
61.097,2026-06-25T23:16:25.060672,15130.918,54912.508,0.818,188.595,13746.508,0.02,0.0
61.148,2026-06-25T23:16:25.111717,15133.832,54912.508,0.802,188.596,13746.508,0.02,0.0
61.199,2026-06-25T23:16:25.162730,14865.801,54615.758,0.791,188.597,13746.508,0.02,0.0
61.25,2026-06-25T23:16:25.213778,14865.801,54615.758,0.829,188.598,13746.508,0.02,0.0
61.301,2026-06-25T23:16:25.264799,14874.641,54912.508,0.764,188.599,13783.601,0.02,726.732
61.352,2026-06-25T23:16:25.315847,14923.848,54912.508,0.81,188.6,13783.601,0.02,0.0
61.404,2026-06-25T23:16:25.366878,14972.82,54912.508,0.843,188.601,13783.601,0.02,0.0
61.455,2026-06-25T23:16:25.417900,15021.801,54912.508,0.82,188.602,13783.601,0.02,0.0
61.506,2026-06-25T23:16:25.468928,15070.801,54912.508,0.803,188.603,13783.601,0.02,0.0
61.557,2026-06-25T23:16:25.519953,15120.57,54912.508,0.792,188.604,13783.601,0.02,0.0
61.608,2026-06-25T23:16:25.570980,15125.457,54875.414,0.83,188.605,13783.601,0.02,0.0
61.659,2026-06-25T23:16:25.622025,15018.551,54912.508,0.811,188.606,13783.601,0.02,0.0
61.71,2026-06-25T23:16:25.673042,14865.801,54615.758,0.797,188.607,13783.601,0.02,0.0
61.761,2026-06-25T23:16:25.724104,14865.801,54615.758,0.787,188.608,13820.695,0.02,726.933
61.812,2026-06-25T23:16:25.775122,14914.738,54912.508,0.781,188.609,13820.695,0.02,0.0
61.863,2026-06-25T23:16:25.826193,14963.926,54912.508,0.776,188.61,13820.695,0.02,0.0
61.914,2026-06-25T23:16:25.877194,15013.145,54912.508,0.773,188.611,13820.695,0.02,0.0
61.965,2026-06-25T23:16:25.928221,15062.301,54912.508,0.771,188.612,13820.695,0.02,0.0
62.016,2026-06-25T23:16:25.979228,15111.484,54912.508,0.815,188.613,13820.695,0.02,0.0
62.067,2026-06-25T23:16:26.030219,15161.414,54912.508,0.755,188.614,13820.695,0.02,0.0
62.118,2026-06-25T23:16:26.081220,15150.551,54912.508,0.758,188.615,13820.695,0.02,0.0
62.169,2026-06-25T23:16:26.132233,14865.801,54615.758,0.76,188.616,13820.695,0.02,0.0
62.22,2026-06-25T23:16:26.183231,14865.801,54615.758,0.808,188.617,13857.789,0.02,727.293
62.271,2026-06-25T23:16:26.234238,14905.523,54912.508,0.841,188.618,13857.789,0.02,0.0
62.322,2026-06-25T23:16:26.285233,14954.801,54912.508,0.819,188.619,13857.789,0.02,0.0
62.373,2026-06-25T23:16:26.336242,15003.82,54912.508,0.803,188.62,13857.789,0.02,0.0
62.424,2026-06-25T23:16:26.387257,15053.293,54912.508,0.838,188.621,13857.789,0.02,0.0
62.475,2026-06-25T23:16:26.438252,15102.801,54912.508,0.816,188.622,13857.789,0.02,0.0
62.526,2026-06-25T23:16:26.489240,15152.801,54912.508,0.801,188.623,13857.789,0.02,0.0
62.577,2026-06-25T23:16:26.540234,15154.895,54912.508,0.791,188.624,13857.789,0.02,0.0
62.628,2026-06-25T23:16:26.591215,14865.801,54615.758,0.783,188.625,13857.789,0.02,0.0
62.679,2026-06-25T23:16:26.642252,14865.801,54615.758,0.778,188.626,13857.789,0.02,0.0
62.73,2026-06-25T23:16:26.693242,14897.656,54912.508,0.82,188.627,13894.883,0.02,727.527
62.781,2026-06-25T23:16:26.744249,14946.926,54912.508,0.758,188.628,13894.883,0.02,0.0
62.832,2026-06-25T23:16:26.795252,14996.301,54912.508,0.807,188.629,13894.883,0.02,0.0
62.958,2026-06-25T23:16:26.921817,15118.227,54912.508,0.917,188.971,13894.883,2.705,0.0
63.009,2026-06-25T23:16:26.972257,15125.457,54875.414,0.92,188.972,13894.883,0.02,0.0
63.06,2026-06-25T23:16:27.022881,15054.551,54912.508,0.922,188.973,13894.883,0.02,0.0
63.11,2026-06-25T23:16:27.073623,14865.801,54615.758,0.876,188.974,13894.883,0.02,0.0
63.161,2026-06-25T23:16:27.124418,14865.801,54615.758,0.844,188.975,13931.976,0.02,730.626
63.212,2026-06-25T23:16:27.175210,14911.801,54912.508,0.821,188.976,13931.976,0.02,0.0
63.263,2026-06-25T23:16:27.226234,14960.949,54912.508,0.804,188.977,13931.976,0.02,0.0
63.314,2026-06-25T23:16:27.277229,15010.285,54912.508,0.793,188.978,13931.976,0.02,0.0
63.365,2026-06-25T23:16:27.328235,15059.734,54912.508,0.785,188.979,13931.976,0.02,0.0
63.416,2026-06-25T23:16:27.379239,15109.301,54912.508,0.825,188.98,13931.976,0.02,0.0
63.467,2026-06-25T23:16:27.430224,15159.301,54912.508,0.807,188.981,13931.976,0.02,0.0
63.518,2026-06-25T23:16:27.481232,15161.246,54912.508,0.841,188.982,13931.976,0.02,0.0
63.569,2026-06-25T23:16:27.532212,14865.801,54615.758,0.819,188.983,13931.976,0.02,0.0
63.62,2026-06-25T23:16:27.583220,14865.801,54615.758,0.803,188.984,13969.07,0.02,727.058
63.671,2026-06-25T23:16:27.634219,14904.785,54912.508,0.792,188.985,13969.07,0.02,0.0
63.722,2026-06-25T23:16:27.685224,14953.871,54912.508,0.784,188.986,13969.07,0.02,0.0
63.773,2026-06-25T23:16:27.736253,15003.055,54912.508,0.778,188.987,13969.07,0.02,0.0
63.824,2026-06-25T23:16:27.787249,15052.238,54912.508,0.775,188.988,13969.07,0.02,0.0
63.875,2026-06-25T23:16:27.838257,15101.25,54912.508,0.772,188.989,13969.07,0.02,0.0
63.926,2026-06-25T23:16:27.889256,15151.332,54912.508,0.77,188.99,13969.07,0.02,0.0
63.977,2026-06-25T23:16:27.940272,15153.895,54912.508,0.815,188.991,13969.07,0.02,0.0
64.028,2026-06-25T23:16:27.991289,14865.801,54615.758,0.8,188.992,13969.07,0.02,0.0
64.079,2026-06-25T23:16:28.042245,14865.801,54615.758,0.791,188.993,13969.07,0.02,0.0
64.13,2026-06-25T23:16:28.092868,14896.301,54912.508,0.738,188.994,14006.164,0.02,727.456
64.181,2026-06-25T23:16:28.143922,14945.555,54912.508,0.746,188.995,14006.164,0.02,0.0
64.232,2026-06-25T23:16:28.194956,14994.801,54912.508,0.798,188.996,14006.164,0.02,0.0
64.283,2026-06-25T23:16:28.246021,15044.246,54912.508,0.834,188.997,14006.164,0.02,0.0
64.334,2026-06-25T23:16:28.297030,15093.66,54912.508,0.813,188.998,14006.164,0.02,0.0
64.385,2026-06-25T23:16:28.348071,15143.469,54912.508,0.799,188.999,14006.164,0.02,0.0
64.436,2026-06-25T23:16:28.399111,15146.422,54912.508,0.789,189.0,14006.164,0.02,0.0
64.487,2026-06-25T23:16:28.450196,14865.801,54615.758,0.828,189.001,14006.164,0.02,0.0
64.538,2026-06-25T23:16:28.501239,14865.801,54615.758,0.809,189.002,14006.164,0.02,0.0
64.589,2026-06-25T23:16:28.552229,14889.613,54912.508,0.842,189.003,14043.258,0.02,727.514
64.64,2026-06-25T23:16:28.603235,14938.098,54912.508,0.773,189.004,14043.258,0.02,0.0
64.691,2026-06-25T23:16:28.654269,14987.25,54912.508,0.817,189.005,14043.258,0.02,0.0
64.742,2026-06-25T23:16:28.705274,15036.348,54912.508,0.756,189.006,14043.258,0.02,0.0
64.793,2026-06-25T23:16:28.756280,15085.598,54912.508,0.759,189.007,14043.258,0.02,0.0
64.844,2026-06-25T23:16:28.807277,15135.645,54912.508,0.807,189.008,14043.258,0.02,0.0
64.895,2026-06-25T23:16:28.858286,15138.758,54912.508,0.795,189.009,14043.258,0.02,0.0
64.946,2026-06-25T23:16:28.909364,14865.801,54615.758,0.786,189.01,14043.258,0.02,0.0
64.997,2026-06-25T23:16:28.960383,14865.801,54615.758,0.78,189.011,14043.258,0.02,0.0
65.048,2026-06-25T23:16:29.011440,14881.738,54912.508,0.821,189.012,14080.351,0.02,725.895
65.099,2026-06-25T23:16:29.062470,14930.945,54912.508,0.759,189.013,14080.351,0.02,0.0
65.15,2026-06-25T23:16:29.113536,14980.301,54912.508,0.76,189.014,14080.351,0.02,0.0
65.201,2026-06-25T23:16:29.164574,15029.523,54912.508,0.854,189.015,14080.351,0.02,0.0
65.252,2026-06-25T23:16:29.215617,15078.801,54912.508,0.827,189.016,14080.351,0.02,0.0
65.303,2026-06-25T23:16:29.266641,15128.301,54912.508,0.809,189.017,14080.351,0.02,0.0
65.354,2026-06-25T23:16:29.317692,15131.762,54912.508,0.796,189.018,14080.351,0.02,0.0
65.405,2026-06-25T23:16:29.368726,14865.801,54615.758,0.832,189.019,14080.351,0.02,0.0
65.456,2026-06-25T23:16:29.419782,14865.801,54615.758,0.812,189.02,14080.351,0.02,0.0
65.507,2026-06-25T23:16:29.470801,14868.988,54912.508,0.752,189.021,14117.445,0.02,726.82
65.559,2026-06-25T23:16:29.521851,14918.406,54912.508,0.756,189.022,14117.445,0.02,0.0
65.61,2026-06-25T23:16:29.572895,14967.824,54912.508,0.713,189.023,14117.445,0.02,0.0
65.661,2026-06-25T23:16:29.623942,15017.227,54912.508,0.775,189.024,14117.445,0.02,0.0
65.712,2026-06-25T23:16:29.674981,15066.324,54912.508,0.772,189.025,14117.445,0.02,0.0
65.763,2026-06-25T23:16:29.726021,15115.547,54912.508,0.77,189.026,14117.445,0.02,0.0
65.814,2026-06-25T23:16:29.777024,15125.457,54875.414,0.814,189.027,14117.445,0.02,0.0
65.865,2026-06-25T23:16:29.828076,15076.551,54912.508,0.754,189.028,14117.445,0.02,0.0
65.916,2026-06-25T23:16:29.879104,14865.801,54615.758,0.803,189.029,14117.445,0.02,0.0
65.967,2026-06-25T23:16:29.930184,14865.801,54615.758,0.838,189.03,14154.539,0.02,726.62
66.018,2026-06-25T23:16:29.981221,14912.219,54912.508,0.816,189.031,14154.539,0.02,0.0
66.069,2026-06-25T23:16:30.032217,14961.301,54912.508,0.801,189.032,14154.539,0.02,0.0
66.12,2026-06-25T23:16:30.083246,15010.426,54912.508,0.836,189.033,14154.539,0.02,0.0
66.171,2026-06-25T23:16:30.134242,15059.801,54912.508,0.815,189.034,14154.539,0.02,0.0
66.222,2026-06-25T23:16:30.185241,15108.824,54912.508,0.8,189.036,14154.539,0.02,0.0
66.273,2026-06-25T23:16:30.236238,15158.863,54912.508,0.79,189.037,14154.539,0.02,0.0
66.324,2026-06-25T23:16:30.287244,15161.207,54912.508,0.783,189.038,14154.539,0.02,0.0
66.375,2026-06-25T23:16:30.338271,14865.801,54615.758,0.778,189.039,14154.539,0.02,0.0
66.426,2026-06-25T23:16:30.389260,14865.801,54615.758,0.774,189.04,14191.633,0.02,727.459
66.477,2026-06-25T23:16:30.440266,14904.656,54912.508,0.818,189.041,14191.633,0.02,0.0
66.528,2026-06-25T23:16:30.491255,14953.82,54912.508,0.802,189.042,14191.633,0.02,0.0
66.579,2026-06-25T23:16:30.542262,15003.301,54912.508,0.791,189.043,14191.633,0.02,0.0
66.63,2026-06-25T23:16:30.593270,15052.727,54912.508,0.784,189.044,14191.633,0.02,0.0
66.681,2026-06-25T23:16:30.644265,15101.984,54912.508,0.778,189.045,14191.633,0.02,0.0
66.732,2026-06-25T23:16:30.695265,15152.102,54912.508,0.775,189.046,14191.633,0.02,0.0
66.783,2026-06-25T23:16:30.746270,15154.938,54912.508,0.772,189.047,14191.633,0.02,0.0
66.834,2026-06-25T23:16:30.797276,14865.801,54615.758,0.816,189.048,14191.633,0.02,0.0
66.885,2026-06-25T23:16:30.848278,14865.801,54615.758,0.801,189.049,14191.633,0.02,0.0
66.936,2026-06-25T23:16:30.899275,14898.254,54912.508,0.745,189.05,14228.726,0.02,727.565
66.987,2026-06-25T23:16:30.950281,14948.398,54912.508,0.797,189.051,14228.726,0.02,0.0
67.038,2026-06-25T23:16:31.001356,14998.688,54912.508,0.787,189.052,14228.726,0.02,0.0
67.089,2026-06-25T23:16:31.052376,15048.801,54912.508,0.827,189.053,14228.726,0.02,0.0
67.14,2026-06-25T23:16:31.103429,15099.109,54912.508,0.854,189.054,14228.726,0.02,0.0
67.191,2026-06-25T23:16:31.154451,15149.355,54912.508,0.828,189.055,14228.726,0.02,0.0
67.242,2026-06-25T23:16:31.205493,15151.785,54912.508,0.855,189.056,14228.726,0.02,0.0
67.293,2026-06-25T23:16:31.256548,14865.801,54615.758,0.782,189.057,14228.726,0.02,0.0
67.344,2026-06-25T23:16:31.307593,14865.801,54615.758,0.777,189.058,14228.726,0.02,0.0
67.395,2026-06-25T23:16:31.358640,14899.082,54912.508,0.819,189.059,14265.82,0.02,726.305
67.446,2026-06-25T23:16:31.409684,14949.449,54912.508,0.757,189.06,14265.82,0.02,0.0
67.497,2026-06-25T23:16:31.460707,14999.801,54912.508,0.805,189.061,14265.82,0.02,0.0
67.548,2026-06-25T23:16:31.511780,15050.141,54912.508,0.793,189.062,14265.82,0.02,0.0
67.599,2026-06-25T23:16:31.562801,15100.305,54912.508,0.739,189.063,14265.82,0.02,0.0
67.65,2026-06-25T23:16:31.613848,15150.461,54912.508,0.793,189.064,14265.82,0.02,0.0
67.702,2026-06-25T23:16:31.664873,15153.457,54912.508,0.739,189.065,14265.82,0.02,0.0
67.753,2026-06-25T23:16:31.715934,14865.801,54615.758,0.793,189.066,14265.82,0.02,0.0
67.804,2026-06-25T23:16:31.766977,14865.801,54615.758,0.876,189.067,14265.82,0.02,0.0
67.855,2026-06-25T23:16:31.818022,14900.5,54912.508,0.797,189.068,14302.914,0.02,727.102
67.976,2026-06-25T23:16:31.939314,15019.801,54912.508,0.926,189.409,14302.914,2.824,0.0
68.026,2026-06-25T23:16:31.989748,15069.715,54912.508,0.926,189.41,14302.914,0.02,0.0
68.077,2026-06-25T23:16:32.040400,15119.391,54912.508,0.88,189.411,14302.914,0.02,0.0
68.128,2026-06-25T23:16:32.091042,15125.457,54875.414,0.847,189.412,14302.914,0.02,0.0
68.179,2026-06-25T23:16:32.141861,14992.551,54912.508,0.823,189.413,14302.914,0.02,0.0
68.229,2026-06-25T23:16:32.192798,14865.801,54615.758,0.806,189.414,14302.914,0.02,0.0
68.281,2026-06-25T23:16:32.243849,14752.152,54615.758,0.794,189.415,14340.008,0.02,727.045
68.332,2026-06-25T23:16:32.294883,13778.895,54927.664,0.785,189.416,14340.008,0.02,0.0
68.383,2026-06-25T23:16:32.345963,14474.414,54927.664,0.779,189.417,14340.008,0.02,0.0
68.434,2026-06-25T23:16:32.396983,15164.543,54927.664,0.775,189.418,14340.008,0.02,0.0
68.485,2026-06-25T23:16:32.448029,15223.492,56467.664,0.772,189.419,14340.008,0.02,0.0
68.536,2026-06-25T23:16:32.499042,15271.797,56467.664,0.77,189.42,14340.008,0.02,0.0
68.587,2026-06-25T23:16:32.550086,15319.801,56467.664,0.815,189.421,14340.008,0.02,0.0
68.638,2026-06-25T23:16:32.601131,15367.93,56467.664,0.8,189.422,14340.008,0.02,0.0
68.689,2026-06-25T23:16:32.652191,15416.219,56467.664,0.835,189.423,14340.008,0.02,0.0
68.74,2026-06-25T23:16:32.703237,15464.301,56467.664,0.814,189.424,14340.008,0.02,0.0
68.791,2026-06-25T23:16:32.754233,15512.301,56467.664,0.8,189.425,14340.008,0.02,0.0
68.842,2026-06-25T23:16:32.805246,15560.301,56467.664,0.79,189.426,14340.008,0.02,0.0
68.893,2026-06-25T23:16:32.856273,15608.414,56467.664,0.782,189.427,14340.008,0.02,0.0
68.944,2026-06-25T23:16:32.907266,15656.5,56467.664,0.777,189.428,14340.008,0.02,0.0
68.995,2026-06-25T23:16:32.958274,15704.641,56467.664,0.774,189.429,14340.008,0.02,0.0
69.046,2026-06-25T23:16:33.009282,15752.355,56467.664,0.771,189.43,14340.008,0.02,0.0
69.097,2026-06-25T23:16:33.060296,15800.301,56467.664,0.77,189.431,14340.008,0.02,0.0
69.148,2026-06-25T23:16:33.111338,15848.438,56467.664,0.814,189.432,14340.008,0.02,0.0
69.199,2026-06-25T23:16:33.162342,15896.551,56467.664,0.8,189.433,14340.008,0.02,0.0
69.25,2026-06-25T23:16:33.213362,15944.602,56467.664,0.79,189.434,14340.008,0.02,0.0
69.301,2026-06-25T23:16:33.264388,15992.719,56467.664,0.828,189.436,14340.008,0.02,0.0
69.352,2026-06-25T23:16:33.315438,16040.836,56467.664,0.764,189.437,14340.008,0.02,0.0
69.403,2026-06-25T23:16:33.366459,16088.984,56467.664,0.81,189.438,14340.008,0.02,0.0
69.454,2026-06-25T23:16:33.417498,16137.301,56467.664,0.843,189.439,14340.008,0.02,0.0
69.505,2026-06-25T23:16:33.468525,16185.32,56467.664,0.865,189.44,14340.008,0.02,0.0
69.556,2026-06-25T23:16:33.519597,16233.301,56467.664,0.789,189.441,14340.008,0.02,0.0
69.607,2026-06-25T23:16:33.570626,16281.129,56467.664,0.828,189.442,14340.008,0.02,0.0
69.658,2026-06-25T23:16:33.621679,16328.801,56467.664,0.809,189.443,14340.008,0.02,0.0
69.709,2026-06-25T23:16:33.672701,16376.547,56467.664,0.75,189.444,14340.008,0.02,0.0
69.76,2026-06-25T23:16:33.723743,16424.199,56467.664,0.801,189.445,14340.008,0.02,0.0
69.811,2026-06-25T23:16:33.774799,16471.84,56467.664,0.79,189.446,14340.008,0.02,0.0
69.862,2026-06-25T23:16:33.825839,16519.738,56467.664,0.783,189.447,14340.008,0.02,0.0
69.914,2026-06-25T23:16:33.876863,16567.332,56467.664,0.777,189.448,14340.008,0.02,0.0
69.965,2026-06-25T23:16:33.927907,16615.277,56467.664,0.82,189.449,14340.008,0.02,0.0
70.016,2026-06-25T23:16:33.978930,16662.93,56467.664,0.803,189.45,14340.008,0.02,0.0
70.067,2026-06-25T23:16:34.029997,16710.672,56467.664,0.792,189.451,14340.008,0.02,0.0
70.118,2026-06-25T23:16:34.081015,15178.535,55531.664,0.738,189.452,14340.008,0.02,0.0
70.169,2026-06-25T23:16:34.132060,15198.055,55531.664,0.792,189.453,14340.008,0.02,0.0
70.22,2026-06-25T23:16:34.183093,15217.535,55531.664,0.784,189.454,14340.008,0.02,0.0
70.271,2026-06-25T23:16:34.234164,15237.02,55531.664,0.824,189.455,14340.008,0.02,0.0
70.322,2026-06-25T23:16:34.285216,15256.453,55531.664,0.807,189.456,14340.008,0.02,0.0
70.373,2026-06-25T23:16:34.336204,15275.887,55531.664,0.795,189.457,14340.008,0.02,0.0
70.424,2026-06-25T23:16:34.387208,15295.32,55531.664,0.786,189.458,14340.008,0.02,0.0
70.475,2026-06-25T23:16:34.438217,15314.535,55531.664,0.78,189.459,14340.008,0.02,0.0
70.526,2026-06-25T23:16:34.489208,15332.332,55531.664,0.776,189.46,14340.008,0.02,0.0
70.577,2026-06-25T23:16:34.540208,15351.863,55531.664,0.819,189.461,14340.008,0.02,0.0
70.628,2026-06-25T23:16:34.591195,15371.395,55531.664,0.803,189.462,14340.008,0.02,0.0
70.679,2026-06-25T23:16:34.642213,15390.828,55531.664,0.792,189.463,14340.008,0.02,0.0
70.73,2026-06-25T23:16:34.693230,15410.359,55531.664,0.784,189.464,14340.008,0.02,0.0
70.781,2026-06-25T23:16:34.744237,15429.891,55531.664,0.824,189.465,14340.008,0.02,0.0
70.832,2026-06-25T23:16:34.795239,15449.395,55531.664,0.807,189.466,14340.008,0.02,0.0
70.883,2026-06-25T23:16:34.846242,15468.855,55531.664,0.795,189.467,14340.008,0.02,0.0
70.934,2026-06-25T23:16:34.897238,15488.348,55531.664,0.786,189.468,14340.008,0.02,0.0
70.985,2026-06-25T23:16:34.948273,15507.82,55531.664,0.78,189.469,14340.008,0.02,0.0
71.036,2026-06-25T23:16:34.999268,15527.352,55531.664,0.776,189.47,14340.008,0.02,0.0
71.087,2026-06-25T23:16:35.050274,15546.785,55531.664,0.773,189.471,14340.008,0.02,0.0
71.138,2026-06-25T23:16:35.101272,15566.316,55531.664,0.771,189.472,14340.008,0.02,0.0
71.189,2026-06-25T23:16:35.152246,15585.75,55531.664,0.769,189.473,14340.008,0.02,0.0
71.24,2026-06-25T23:16:35.203262,15605.25,55531.664,0.814,189.474,14340.008,0.02,0.0
71.291,2026-06-25T23:16:35.254249,15624.727,55531.664,0.754,189.475,14340.008,0.02,0.0
71.342,2026-06-25T23:16:35.305251,15644.246,55531.664,0.803,189.476,14340.008,0.02,0.0
71.393,2026-06-25T23:16:35.356250,15663.777,55531.664,0.792,189.477,14340.008,0.02,0.0
71.444,2026-06-25T23:16:35.407235,15683.234,55531.664,0.83,189.478,14340.008,0.02,0.0
71.495,2026-06-25T23:16:35.458242,15702.742,55531.664,0.811,189.479,14340.008,0.02,0.0
71.546,2026-06-25T23:16:35.509231,15722.223,55531.664,0.798,189.48,14340.008,0.02,0.0
71.597,2026-06-25T23:16:35.560233,15741.719,55531.664,0.788,189.481,14340.008,0.02,0.0
71.648,2026-06-25T23:16:35.611237,15761.238,55531.664,0.781,189.482,14340.008,0.02,0.0
71.699,2026-06-25T23:16:35.662245,15650.035,55531.664,0.823,189.483,14340.008,0.02,0.0
71.75,2026-06-25T23:16:35.713249,14690.035,55531.664,0.806,189.484,14340.008,0.02,0.0
71.801,2026-06-25T23:16:35.764242,14242.035,53995.664,0.794,189.485,14340.008,0.02,0.0
71.852,2026-06-25T23:16:35.815245,14242.035,53995.664,0.785,189.486,14340.008,0.02,0.0
71.903,2026-06-25T23:16:35.866266,14242.035,53995.664,0.779,189.487,14340.008,0.02,0.0
71.954,2026-06-25T23:16:35.917266,14242.035,53995.664,0.822,189.488,14340.008,0.02,0.0
72.005,2026-06-25T23:16:35.968271,14242.035,53995.664,0.805,189.489,14340.008,0.02,0.0
72.056,2026-06-25T23:16:36.019265,14242.035,53995.664,0.793,189.49,14340.008,0.02,0.0
72.107,2026-06-25T23:16:36.070262,14242.039,53995.664,0.785,189.491,14340.008,0.02,0.0
72.158,2026-06-25T23:16:36.121291,14293.602,54145.664,0.733,189.492,14340.008,0.02,0.0
72.209,2026-06-25T23:16:36.172289,14346.0,54145.664,0.789,189.493,14340.008,0.02,0.0
72.26,2026-06-25T23:16:36.223298,14392.039,54145.664,0.782,189.494,14340.008,0.02,0.0
72.311,2026-06-25T23:16:36.274340,14392.039,54145.664,0.777,189.495,14340.008,0.02,0.0
72.362,2026-06-25T23:16:36.325362,14392.039,54145.664,0.773,189.496,14490.008,0.02,2938.354
72.413,2026-06-25T23:16:36.376442,14415.367,54295.664,0.817,189.497,14490.008,0.02,0.0
72.464,2026-06-25T23:16:36.427450,14468.777,54295.664,0.847,189.498,14490.008,0.02,0.0
72.515,2026-06-25T23:16:36.478497,14522.34,54295.664,0.777,189.499,14490.008,0.02,0.0
72.566,2026-06-25T23:16:36.529523,14392.039,54145.664,0.819,189.5,14490.008,0.02,0.0
72.617,2026-06-25T23:16:36.580584,14392.039,54145.664,0.803,189.501,14490.008,0.02,0.0
72.668,2026-06-25T23:16:36.631631,14392.039,54145.664,0.791,189.502,14640.008,0.02,2937.983
72.719,2026-06-25T23:16:36.682680,14402.875,54295.664,0.784,189.503,14640.008,0.02,0.0
72.77,2026-06-25T23:16:36.733712,14455.316,54295.664,0.824,189.505,14640.008,0.02,0.0
72.821,2026-06-25T23:16:36.784766,14508.539,54295.664,0.806,189.506,14640.008,0.02,0.0
72.872,2026-06-25T23:16:36.835807,14392.039,54145.664,0.794,189.507,14640.008,0.02,0.0
72.994,2026-06-25T23:16:36.957271,14392.051,54145.664,0.924,189.848,14790.008,2.826,1240.216
73.044,2026-06-25T23:16:37.007708,14407.285,54295.664,0.832,189.849,14790.008,0.02,0.0
73.095,2026-06-25T23:16:37.058346,14459.227,54295.664,0.814,189.85,14790.008,0.02,0.0
73.146,2026-06-25T23:16:37.108963,14511.281,54295.664,0.8,189.851,14790.008,0.02,0.0
73.196,2026-06-25T23:16:37.159751,14392.051,54145.664,0.883,189.852,14790.008,0.02,0.0
73.247,2026-06-25T23:16:37.210698,14392.051,54145.664,0.848,189.853,14790.008,0.02,0.0
73.298,2026-06-25T23:16:37.261731,14392.051,54145.664,0.869,189.854,14790.008,0.02,0.0
73.349,2026-06-25T23:16:37.312749,14320.051,54145.664,0.838,189.855,14940.008,0.02,2937.435
73.4,2026-06-25T23:16:37.363794,13792.051,53545.664,0.816,189.856,14940.008,0.02,0.0
73.451,2026-06-25T23:16:37.414790,13792.051,53545.664,0.801,189.857,14940.008,0.02,0.0
73.503,2026-06-25T23:16:37.465862,13642.051,53395.664,0.79,189.858,14940.008,0.02,0.0
73.554,2026-06-25T23:16:37.516875,13922.113,54931.664,0.783,189.859,14940.008,0.02,0.0
73.605,2026-06-25T23:16:37.567895,14618.918,54931.664,0.778,189.861,14940.008,0.02,0.0
73.656,2026-06-25T23:16:37.618915,15180.176,56471.664,0.774,189.862,14940.008,0.02,0.0
73.707,2026-06-25T23:16:37.669962,15203.145,56471.664,0.817,189.863,14940.008,0.02,0.0
73.758,2026-06-25T23:16:37.721014,15248.797,56471.664,0.756,189.864,14940.008,0.02,0.0
73.809,2026-06-25T23:16:37.772048,15296.887,56471.664,0.805,189.865,14940.008,0.02,0.0
73.86,2026-06-25T23:16:37.823072,15344.98,56471.664,0.793,189.866,14940.008,0.02,0.0
73.911,2026-06-25T23:16:37.874111,15393.07,56471.664,0.785,189.867,14940.008,0.02,0.0
73.962,2026-06-25T23:16:37.925186,15441.102,56471.664,0.779,189.868,14940.008,0.02,0.0
74.013,2026-06-25T23:16:37.976210,15489.129,56471.664,0.775,189.869,14940.008,0.02,0.0
74.064,2026-06-25T23:16:38.027186,15536.922,56471.664,0.773,189.87,14940.008,0.02,0.0
74.114,2026-06-25T23:16:38.077796,15584.699,56471.664,0.772,189.871,14940.008,0.02,0.0
74.165,2026-06-25T23:16:38.128828,15632.852,56471.664,0.77,189.872,14940.008,0.02,0.0
74.217,2026-06-25T23:16:38.179879,15680.965,56471.664,0.769,189.873,14940.008,0.02,0.0
74.268,2026-06-25T23:16:38.230906,15729.113,56471.664,0.768,189.874,14940.008,0.02,0.0
74.319,2026-06-25T23:16:38.281942,15777.145,56471.664,0.813,189.875,14940.008,0.02,0.0
74.37,2026-06-25T23:16:38.332969,15825.273,56471.664,0.844,189.876,14940.008,0.02,0.0
74.421,2026-06-25T23:16:38.384026,15873.594,56471.664,0.821,189.877,14940.008,0.02,0.0
74.472,2026-06-25T23:16:38.435046,15921.645,56471.664,0.758,189.878,14940.008,0.02,0.0
74.523,2026-06-25T23:16:38.486083,15969.648,56471.664,0.806,189.879,14940.008,0.02,0.0
74.574,2026-06-25T23:16:38.537105,16017.715,56471.664,0.84,189.88,14940.008,0.02,0.0
74.625,2026-06-25T23:16:38.588120,16065.73,56471.664,0.818,189.881,14940.008,0.02,0.0
74.676,2026-06-25T23:16:38.639207,16113.766,56471.664,0.802,189.882,14940.008,0.02,0.0
74.727,2026-06-25T23:16:38.690211,16161.934,56471.664,0.791,189.883,14940.008,0.02,0.0
74.778,2026-06-25T23:16:38.741212,16209.84,56471.664,0.784,189.884,14940.008,0.02,0.0
74.829,2026-06-25T23:16:38.792213,16257.414,56471.664,0.778,189.885,14940.008,0.02,0.0
74.88,2026-06-25T23:16:38.843237,16304.879,56471.664,0.774,189.886,14940.008,0.02,0.0
74.931,2026-06-25T23:16:38.894265,16352.371,56471.664,0.818,189.887,14940.008,0.02,0.0
74.982,2026-06-25T23:16:38.945256,16399.965,56471.664,0.802,189.888,14940.008,0.02,0.0
75.033,2026-06-25T23:16:38.996265,16447.629,56471.664,0.791,189.889,14940.008,0.02,0.0
75.084,2026-06-25T23:16:39.047266,16495.156,56471.664,0.784,189.89,14940.008,0.02,0.0
75.135,2026-06-25T23:16:39.098304,16542.777,56471.664,0.778,189.891,14940.008,0.02,0.0
75.186,2026-06-25T23:16:39.149355,16590.426,56471.664,0.774,189.892,14940.008,0.02,0.0
75.237,2026-06-25T23:16:39.200364,16638.109,56471.664,0.772,189.893,14940.008,0.02,0.0
75.288,2026-06-25T23:16:39.251396,16685.648,56471.664,0.816,189.894,14940.008,0.02,0.0
75.339,2026-06-25T23:16:39.302417,16006.148,56471.664,0.847,189.895,14940.008,0.02,0.0
75.39,2026-06-25T23:16:39.353454,15188.168,55535.664,0.822,189.896,14940.008,0.02,0.0
75.441,2026-06-25T23:16:39.404451,15207.621,55535.664,0.759,189.897,14940.008,0.02,0.0
75.492,2026-06-25T23:16:39.455491,15227.035,55535.664,0.807,189.898,14940.008,0.02,0.0
75.543,2026-06-25T23:16:39.506498,15244.914,55535.664,0.841,189.899,14940.008,0.02,0.0
75.594,2026-06-25T23:16:39.557549,15264.43,55535.664,0.818,189.9,14940.008,0.02,0.0
75.645,2026-06-25T23:16:39.608569,15283.992,55535.664,0.802,189.901,14940.008,0.02,0.0
75.696,2026-06-25T23:16:39.659629,15303.488,55535.664,0.791,189.902,14940.008,0.02,0.0
75.747,2026-06-25T23:16:39.710653,15323.023,55535.664,0.783,189.903,14940.008,0.02,0.0
75.798,2026-06-25T23:16:39.761652,15342.543,55535.664,0.778,189.904,14940.008,0.02,0.0
75.849,2026-06-25T23:16:39.812668,15362.043,55535.664,0.775,189.905,14940.008,0.02,0.0
75.9,2026-06-25T23:16:39.863690,15381.586,55535.664,0.772,189.906,14940.008,0.02,0.0
75.951,2026-06-25T23:16:39.914725,15401.047,55535.664,0.816,189.907,14940.008,0.02,0.0
76.002,2026-06-25T23:16:39.965758,15420.598,55535.664,0.801,189.908,14940.008,0.02,0.0
76.053,2026-06-25T23:16:40.016772,15440.133,55535.664,0.744,189.909,14940.008,0.02,0.0
76.104,2026-06-25T23:16:40.067830,15459.633,55535.664,0.797,189.91,14940.008,0.02,0.0
76.155,2026-06-25T23:16:40.118844,15479.164,55535.664,0.787,189.911,14940.008,0.02,0.0
76.207,2026-06-25T23:16:40.169890,15498.68,55535.664,0.781,189.912,14940.008,0.02,0.0
76.258,2026-06-25T23:16:40.220911,15518.227,55535.664,0.776,189.913,14940.008,0.02,0.0
76.309,2026-06-25T23:16:40.271959,15537.738,55535.664,0.773,189.914,14940.008,0.02,0.0
76.36,2026-06-25T23:16:40.322998,15557.227,55535.664,0.771,189.915,14940.008,0.02,0.0
76.411,2026-06-25T23:16:40.374017,15576.793,55535.664,0.815,189.916,14940.008,0.02,0.0
76.462,2026-06-25T23:16:40.425026,15596.293,55535.664,0.846,189.917,14940.008,0.02,0.0
76.513,2026-06-25T23:16:40.476065,15615.859,55535.664,0.776,189.918,14940.008,0.02,0.0
76.564,2026-06-25T23:16:40.527083,15635.344,55535.664,0.819,189.919,14940.008,0.02,0.0
76.615,2026-06-25T23:16:40.578127,15654.852,55535.664,0.849,189.92,14940.008,0.02,0.0
76.666,2026-06-25T23:16:40.629186,15674.383,55535.664,0.824,189.921,14940.008,0.02,0.0
76.717,2026-06-25T23:16:40.680195,15693.883,55535.664,0.806,189.922,14940.008,0.02,0.0
76.768,2026-06-25T23:16:40.731207,15713.383,55535.664,0.794,189.923,14940.008,0.02,0.0
76.819,2026-06-25T23:16:40.782213,15732.883,55535.664,0.786,189.924,14940.008,0.02,0.0
76.87,2026-06-25T23:16:40.833209,15752.406,55535.664,0.78,189.925,14940.008,0.02,0.0
76.921,2026-06-25T23:16:40.884202,15771.883,55535.664,0.776,189.926,14940.008,0.02,0.0
76.972,2026-06-25T23:16:40.935246,15128.383,55535.664,0.818,189.927,14940.008,0.02,0.0
77.023,2026-06-25T23:16:40.986264,14242.383,53999.664,0.803,189.928,14940.008,0.02,0.0
77.074,2026-06-25T23:16:41.037258,14242.383,53999.664,0.792,189.93,14940.008,0.02,0.0
77.125,2026-06-25T23:16:41.088254,14242.383,53999.664,0.784,189.931,14940.008,0.02,0.0
77.176,2026-06-25T23:16:41.139248,14242.383,53999.664,0.779,189.932,14940.008,0.02,0.0
77.227,2026-06-25T23:16:41.190234,14242.383,53999.664,0.775,189.933,14940.008,0.02,0.0
77.278,2026-06-25T23:16:41.241255,14242.383,53999.664,0.772,189.934,14940.008,0.02,0.0
77.329,2026-06-25T23:16:41.292240,14242.383,53999.664,0.77,189.935,14940.008,0.02,0.0
77.38,2026-06-25T23:16:41.343233,14288.738,54149.664,0.769,189.936,14940.008,0.02,0.0
77.431,2026-06-25T23:16:41.394232,14341.398,54149.664,0.814,189.937,14940.008,0.02,0.0
77.482,2026-06-25T23:16:41.445233,14392.387,54149.664,0.8,189.938,14940.008,0.02,0.0
77.533,2026-06-25T23:16:41.496223,14392.387,54149.664,0.79,189.939,14940.008,0.02,0.0
77.584,2026-06-25T23:16:41.547208,14392.387,54149.664,0.783,189.94,14940.008,0.02,0.0
77.635,2026-06-25T23:16:41.598210,14392.387,54149.664,0.823,189.941,15090.008,0.02,2940.331
77.686,2026-06-25T23:16:41.649209,14437.188,54299.664,0.806,189.942,15090.008,0.02,0.0
77.737,2026-06-25T23:16:41.700219,14490.414,54299.664,0.794,189.943,15090.008,0.02,0.0
77.788,2026-06-25T23:16:41.751224,14520.387,54299.664,0.786,189.944,15090.008,0.02,0.0
77.839,2026-06-25T23:16:41.802215,14392.387,54149.664,0.826,189.945,15090.008,0.02,0.0
77.89,2026-06-25T23:16:41.853214,14392.387,54149.664,0.808,189.946,15090.008,0.02,0.0
78.012,2026-06-25T23:16:41.975014,14422.535,54299.664,0.932,190.287,15240.008,2.812,1236.208
78.062,2026-06-25T23:16:42.025466,14475.305,54299.664,0.884,190.288,15240.008,0.02,0.0
78.113,2026-06-25T23:16:42.076103,14528.324,54299.664,0.85,190.289,15240.008,0.02,0.0
78.164,2026-06-25T23:16:42.126898,14392.387,54149.664,0.826,190.29,15240.008,0.02,0.0
78.214,2026-06-25T23:16:42.177691,14392.387,54149.664,0.763,190.291,15240.008,0.02,0.0
78.265,2026-06-25T23:16:42.228555,14392.387,54149.664,0.764,190.292,15240.008,0.02,0.0
78.316,2026-06-25T23:16:42.279570,14392.387,54149.664,0.764,190.293,15390.008,0.02,2935.954
78.367,2026-06-25T23:16:42.330652,14415.492,54299.664,0.764,190.294,15390.008,0.02,0.0
78.418,2026-06-25T23:16:42.381670,14468.812,54299.664,0.765,190.295,15390.008,0.02,0.0
78.469,2026-06-25T23:16:42.432710,14522.219,54299.664,0.765,190.296,15390.008,0.02,0.0
78.52,2026-06-25T23:16:42.483731,14392.387,54149.664,0.857,190.297,15390.008,0.02,0.0
78.571,2026-06-25T23:16:42.534779,14392.387,54149.664,0.829,190.298,15390.008,0.02,0.0
78.622,2026-06-25T23:16:42.585820,14392.387,54149.664,0.81,190.299,15390.008,0.02,0.0
78.674,2026-06-25T23:16:42.636851,14392.387,54149.664,0.751,190.3,15540.008,0.02,2940.056
78.725,2026-06-25T23:16:42.687876,13792.387,53549.664,0.801,190.301,15540.008,0.02,0.0
78.776,2026-06-25T23:16:42.738925,13792.387,53549.664,0.79,190.302,15540.008,0.02,0.0
78.827,2026-06-25T23:16:42.789946,13792.387,53549.664,0.783,190.303,15540.008,0.02,0.0
78.878,2026-06-25T23:16:42.841010,13642.387,53399.664,0.778,190.304,15540.008,0.02,0.0
78.929,2026-06-25T23:16:42.892021,14279.844,54935.664,0.82,190.305,15540.008,0.02,0.0
78.98,2026-06-25T23:16:42.943065,14970.949,54935.664,0.804,190.306,15540.008,0.02,0.0
79.031,2026-06-25T23:16:42.994089,15191.094,56475.664,0.792,190.307,15540.008,0.02,0.0
79.082,2026-06-25T23:16:43.045133,15226.52,56475.664,0.784,190.308,15540.008,0.02,0.0
79.133,2026-06-25T23:16:43.096210,15272.734,56475.664,0.779,190.309,15540.008,0.02,0.0
79.184,2026-06-25T23:16:43.147202,15318.961,56475.664,0.775,190.31,15540.008,0.02,0.0
79.235,2026-06-25T23:16:43.198238,15365.219,56475.664,0.818,190.311,15540.008,0.02,0.0
79.286,2026-06-25T23:16:43.249246,15411.453,56475.664,0.756,190.312,15540.008,0.02,0.0
79.337,2026-06-25T23:16:43.300249,15457.98,56475.664,0.759,190.313,15540.008,0.02,0.0
79.388,2026-06-25T23:16:43.351249,15504.965,56475.664,0.807,190.314,15540.008,0.02,0.0
79.439,2026-06-25T23:16:43.402233,15551.98,56475.664,0.795,190.315,15540.008,0.02,0.0
79.49,2026-06-25T23:16:43.453225,15598.941,56475.664,0.786,190.316,15540.008,0.02,0.0
79.541,2026-06-25T23:16:43.504245,15645.957,56475.664,0.78,190.317,15540.008,0.02,0.0
79.592,2026-06-25T23:16:43.555235,15692.98,56475.664,0.822,190.318,15540.008,0.02,0.0
79.643,2026-06-25T23:16:43.606235,15739.953,56475.664,0.759,190.319,15540.008,0.02,0.0
79.694,2026-06-25T23:16:43.657232,15786.98,56475.664,0.761,190.32,15540.008,0.02,0.0
79.745,2026-06-25T23:16:43.708231,15833.977,56475.664,0.809,190.321,15540.008,0.02,0.0
79.796,2026-06-25T23:16:43.759262,15880.848,56475.664,0.842,190.322,15540.008,0.02,0.0
79.847,2026-06-25T23:16:43.810257,15927.906,56475.664,0.819,190.323,15540.008,0.02,0.0
79.898,2026-06-25T23:16:43.861257,15974.812,56475.664,0.803,190.324,15540.008,0.02,0.0
79.949,2026-06-25T23:16:43.912245,16021.738,56475.664,0.792,190.325,15540.008,0.02,0.0
80.0,2026-06-25T23:16:43.963252,16068.82,56475.664,0.784,190.326,15540.008,0.02,0.0
80.051,2026-06-25T23:16:44.014270,16115.793,56475.664,0.779,190.328,15540.008,0.02,0.0
80.102,2026-06-25T23:16:44.065259,16162.938,56475.664,0.867,190.329,15540.008,0.02,0.0
80.153,2026-06-25T23:16:44.116257,16209.852,56475.664,0.836,190.33,15540.008,0.02,0.0
80.204,2026-06-25T23:16:44.167256,16256.375,56475.664,0.815,190.331,15540.008,0.02,0.0
80.255,2026-06-25T23:16:44.218251,16302.961,56475.664,0.755,190.332,15540.008,0.02,0.0
80.306,2026-06-25T23:16:44.269246,16349.473,56475.664,0.804,190.333,15540.008,0.02,0.0
80.357,2026-06-25T23:16:44.320236,16395.988,56475.664,0.793,190.334,15540.008,0.02,0.0
80.408,2026-06-25T23:16:44.371237,16442.605,56475.664,0.785,190.335,15540.008,0.02,0.0
80.459,2026-06-25T23:16:44.422246,16489.125,56475.664,0.779,190.336,15540.008,0.02,0.0
80.51,2026-06-25T23:16:44.473243,16527.98,56475.664,0.729,190.337,15540.008,0.02,0.0
80.561,2026-06-25T23:16:44.524237,16570.078,56475.664,0.74,190.338,15540.008,0.02,0.0
80.612,2026-06-25T23:16:44.575232,16616.617,56475.664,0.748,190.339,15540.008,0.02,0.0
80.663,2026-06-25T23:16:44.626229,16663.227,56475.664,0.753,190.34,15540.008,0.02,0.0
80.714,2026-06-25T23:16:44.677257,16709.871,56475.664,0.757,190.341,15540.008,0.02,0.0
80.765,2026-06-25T23:16:44.728251,15178.578,55539.664,0.806,190.342,15540.008,0.02,0.0
80.816,2026-06-25T23:16:44.779255,15197.988,55539.664,0.84,190.343,15540.008,0.02,0.0
80.867,2026-06-25T23:16:44.830249,15217.398,55539.664,0.772,190.344,15540.008,0.02,0.0
80.918,2026-06-25T23:16:44.881253,15236.785,55539.664,0.816,190.345,15540.008,0.02,0.0
80.969,2026-06-25T23:16:44.932273,15256.18,55539.664,0.755,190.346,15540.008,0.02,0.0
81.02,2026-06-25T23:16:44.983269,15275.59,55539.664,0.804,190.347,15540.008,0.02,0.0
81.071,2026-06-25T23:16:45.034266,15295.059,55539.664,0.793,190.348,15540.008,0.02,0.0
81.122,2026-06-25T23:16:45.085262,15314.508,55539.664,0.785,190.349,15540.008,0.02,0.0
81.173,2026-06-25T23:16:45.136270,15333.926,55539.664,0.779,190.35,15540.008,0.02,0.0
81.224,2026-06-25T23:16:45.187285,15353.336,55539.664,0.821,190.351,15540.008,0.02,0.0
81.275,2026-06-25T23:16:45.238274,15372.73,55539.664,0.851,190.352,15540.008,0.02,0.0
81.326,2026-06-25T23:16:45.289271,15392.145,55539.664,0.779,190.353,15540.008,0.02,0.0
81.377,2026-06-25T23:16:45.340273,15411.578,55539.664,0.775,190.354,15540.008,0.02,0.0
81.428,2026-06-25T23:16:45.391284,15431.039,55539.664,0.772,190.355,15540.008,0.02,0.0
81.479,2026-06-25T23:16:45.442292,15450.453,55539.664,0.817,190.356,15540.008,0.02,0.0
81.53,2026-06-25T23:16:45.493288,15469.863,55539.664,0.756,190.357,15540.008,0.02,0.0
81.581,2026-06-25T23:16:45.544283,15489.273,55539.664,0.805,190.358,15540.008,0.02,0.0
81.632,2026-06-25T23:16:45.595315,15508.684,55539.664,0.793,190.359,15540.008,0.02,0.0
81.683,2026-06-25T23:16:45.646341,15528.09,55539.664,0.785,190.36,15540.008,0.02,0.0
81.734,2026-06-25T23:16:45.697372,15547.555,55539.664,0.825,190.361,15540.008,0.02,0.0
81.785,2026-06-25T23:16:45.748407,15566.984,55539.664,0.761,190.362,15540.008,0.02,0.0
81.836,2026-06-25T23:16:45.799433,15586.398,55539.664,0.854,190.363,15540.008,0.02,0.0
81.887,2026-06-25T23:16:45.850503,15605.84,55539.664,0.781,190.364,15540.008,0.02,0.0
81.938,2026-06-25T23:16:45.901521,15625.211,55539.664,0.777,190.365,15540.008,0.02,0.0
81.989,2026-06-25T23:16:45.952559,15644.578,55539.664,0.819,190.366,15540.008,0.02,0.0
82.04,2026-06-25T23:16:46.003583,15664.027,55539.664,0.803,190.367,15540.008,0.02,0.0
82.091,2026-06-25T23:16:46.054634,15683.426,55539.664,0.791,190.368,15540.008,0.02,0.0
82.142,2026-06-25T23:16:46.105685,15702.812,55539.664,0.829,190.369,15540.008,0.02,0.0
82.193,2026-06-25T23:16:46.156720,15722.215,55539.664,0.764,190.37,15540.008,0.02,0.0
82.244,2026-06-25T23:16:46.207743,15741.594,55539.664,0.764,190.371,15540.008,0.02,0.0
82.295,2026-06-25T23:16:46.258789,15761.066,55539.664,0.811,190.372,15540.008,0.02,0.0
82.346,2026-06-25T23:16:46.309817,15692.578,55539.664,0.797,190.373,15540.008,0.02,0.0
82.398,2026-06-25T23:16:46.360890,14758.578,55539.664,0.788,190.374,15540.008,0.02,0.0
82.449,2026-06-25T23:16:46.411889,14242.578,54003.664,0.781,190.375,15540.008,0.02,0.0
82.5,2026-06-25T23:16:46.462931,14242.578,54003.664,0.776,190.376,15540.008,0.02,0.0
82.551,2026-06-25T23:16:46.513946,14242.578,54003.664,0.773,190.377,15540.008,0.02,0.0
82.602,2026-06-25T23:16:46.564986,14242.578,54003.664,0.771,190.378,15540.008,0.02,0.0
82.653,2026-06-25T23:16:46.616022,14242.578,54003.664,0.769,190.379,15540.008,0.02,0.0
82.704,2026-06-25T23:16:46.667039,14242.578,54003.664,0.768,190.38,15540.008,0.02,0.0
82.755,2026-06-25T23:16:46.718062,14242.578,54003.664,0.767,190.381,15540.008,0.02,0.0
82.806,2026-06-25T23:16:46.769113,14283.289,54153.664,0.813,190.382,15540.008,0.02,0.0
82.857,2026-06-25T23:16:46.820192,14329.531,54153.664,0.798,190.383,15540.008,0.02,0.0
82.908,2026-06-25T23:16:46.871217,14383.281,54153.664,0.834,190.384,15540.008,0.02,0.0
83.025,2026-06-25T23:16:46.988755,14392.582,54153.664,0.944,190.726,15690.008,2.915,1281.348
83.076,2026-06-25T23:16:47.039203,14413.406,54303.664,0.892,190.727,15690.008,0.02,0.0
83.126,2026-06-25T23:16:47.089804,14466.637,54303.664,0.856,190.728,15690.008,0.02,0.0
83.177,2026-06-25T23:16:47.140438,14519.906,54303.664,0.83,190.729,15690.008,0.02,0.0
83.228,2026-06-25T23:16:47.191222,14392.582,54153.664,0.812,190.73,15690.008,0.02,0.0
83.279,2026-06-25T23:16:47.242191,14392.582,54153.664,0.798,190.731,15690.008,0.02,0.0
83.33,2026-06-25T23:16:47.293215,14392.582,54153.664,0.834,190.732,15690.008,0.02,0.0
83.381,2026-06-25T23:16:47.344211,14396.891,54303.664,0.768,190.733,15840.008,0.02,2942.38
83.432,2026-06-25T23:16:47.395209,14449.34,54303.664,0.767,190.734,15840.008,0.02,0.0
83.483,2026-06-25T23:16:47.446229,14501.777,54303.664,0.813,190.735,15840.008,0.02,0.0
83.534,2026-06-25T23:16:47.497207,14392.582,54153.664,0.845,190.736,15840.008,0.02,0.0
83.585,2026-06-25T23:16:47.548208,14392.582,54153.664,0.867,190.737,15840.008,0.02,0.0
83.636,2026-06-25T23:16:47.599205,14392.582,54153.664,0.837,190.738,15840.008,0.02,0.0
83.687,2026-06-25T23:16:47.650208,14392.582,54153.664,0.815,190.739,15990.008,0.02,2939.315
83.738,2026-06-25T23:16:47.701231,14435.082,54303.664,0.8,190.74,15990.008,0.02,0.0
83.789,2026-06-25T23:16:47.752226,14487.582,54303.664,0.79,190.741,15990.008,0.02,0.0
83.84,2026-06-25T23:16:47.803234,14540.184,54303.664,0.783,190.742,15990.008,0.02,0.0
83.891,2026-06-25T23:16:47.854226,14392.582,54153.664,0.778,190.743,15990.008,0.02,0.0
83.942,2026-06-25T23:16:47.905242,14392.582,54153.664,0.774,190.744,15990.008,0.02,0.0
83.993,2026-06-25T23:16:47.956249,14392.582,54153.664,0.772,190.745,16140.008,0.02,2938.299
84.044,2026-06-25T23:16:48.007352,13810.582,54153.664,0.815,190.746,16140.008,0.02,0.0
84.095,2026-06-25T23:16:48.058417,13792.582,53553.664,0.801,190.747,16140.008,0.02,0.0
84.146,2026-06-25T23:16:48.109377,13792.582,53553.664,0.79,190.748,16140.008,0.02,0.0
84.197,2026-06-25T23:16:48.160355,13642.582,53403.664,0.783,190.749,16140.008,0.02,0.0
84.248,2026-06-25T23:16:48.211324,14261.676,54939.664,0.778,190.75,16140.008,0.02,0.0
84.299,2026-06-25T23:16:48.262261,14946.609,54939.664,0.775,190.751,16140.008,0.02,0.0
84.35,2026-06-25T23:16:48.313208,15190.531,56479.664,0.772,190.752,16140.008,0.02,0.0
84.401,2026-06-25T23:16:48.364209,15223.715,56479.664,0.771,190.753,16140.008,0.02,0.0
84.452,2026-06-25T23:16:48.415158,15271.176,56479.664,0.815,190.754,16140.008,0.02,0.0
84.503,2026-06-25T23:16:48.466105,15318.434,56479.664,0.847,190.755,16140.008,0.02,0.0
84.554,2026-06-25T23:16:48.517078,15365.691,56479.664,0.777,190.756,16140.008,0.02,0.0
84.605,2026-06-25T23:16:48.568050,15413.078,56479.664,0.819,190.757,16140.008,0.02,0.0
84.656,2026-06-25T23:16:48.619064,15460.41,56479.664,0.803,190.758,16140.008,0.02,0.0
84.707,2026-06-25T23:16:48.670027,15507.812,56479.664,0.792,190.759,16140.008,0.02,0.0
84.758,2026-06-25T23:16:48.721018,15555.223,56479.664,0.784,190.76,16140.008,0.02,0.0
84.809,2026-06-25T23:16:48.772186,15602.676,56479.664,0.778,190.761,16140.008,0.02,0.0
84.86,2026-06-25T23:16:48.823209,15649.836,56479.664,0.774,190.762,16140.008,0.02,0.0
84.911,2026-06-25T23:16:48.874228,15697.176,56479.664,0.818,190.763,16140.008,0.02,0.0
84.962,2026-06-25T23:16:48.925222,15744.586,56479.664,0.848,190.764,16140.008,0.02,0.0
85.013,2026-06-25T23:16:48.976216,15791.82,56479.664,0.777,190.765,16140.008,0.02,0.0
85.064,2026-06-25T23:16:49.027197,15839.176,56479.664,0.774,190.766,16140.008,0.02,0.0
85.115,2026-06-25T23:16:49.078220,15886.66,56479.664,0.772,190.767,16140.008,0.02,0.0
85.166,2026-06-25T23:16:49.129235,15934.102,56479.664,0.816,190.768,16140.008,0.02,0.0
85.217,2026-06-25T23:16:49.180214,15981.449,56479.664,0.801,190.769,16140.008,0.02,0.0
85.268,2026-06-25T23:16:49.231209,16028.719,56479.664,0.79,190.77,16140.008,0.02,0.0
85.319,2026-06-25T23:16:49.282214,16076.176,56479.664,0.783,190.771,16140.008,0.02,0.0
85.37,2026-06-25T23:16:49.333231,16123.594,56479.664,0.824,190.772,16140.008,0.02,0.0
85.421,2026-06-25T23:16:49.384250,16171.035,56479.664,0.806,190.773,16140.008,0.02,0.0
85.472,2026-06-25T23:16:49.435230,16218.246,56479.664,0.794,190.774,16140.008,0.02,0.0
85.523,2026-06-25T23:16:49.486239,16261.445,56479.664,0.786,190.775,16140.008,0.02,0.0
85.574,2026-06-25T23:16:49.537242,16308.469,56479.664,0.78,190.776,16140.008,0.02,0.0
85.625,2026-06-25T23:16:49.588260,16355.371,56479.664,0.821,190.777,16140.008,0.02,0.0
85.676,2026-06-25T23:16:49.639262,16402.176,56479.664,0.759,190.778,16140.008,0.02,0.0
85.727,2026-06-25T23:16:49.690256,16449.008,56479.664,0.761,190.779,16140.008,0.02,0.0
85.778,2026-06-25T23:16:49.741265,16495.891,56479.664,0.808,190.78,16140.008,0.02,0.0
85.829,2026-06-25T23:16:49.792264,16542.688,56479.664,0.75,190.781,16140.008,0.02,0.0
85.88,2026-06-25T23:16:49.843265,16589.676,56479.664,0.801,190.782,16140.008,0.02,0.0
85.931,2026-06-25T23:16:49.894269,16636.531,56479.664,0.79,190.783,16140.008,0.02,0.0
85.982,2026-06-25T23:16:49.945261,16683.316,56479.664,0.783,190.784,16140.008,0.02,0.0
86.033,2026-06-25T23:16:49.996258,16136.676,56479.664,0.778,190.785,16140.008,0.02,0.0
86.084,2026-06-25T23:16:50.047284,15187.09,55543.664,0.774,190.786,16140.008,0.02,0.0
86.135,2026-06-25T23:16:50.098275,15206.535,55543.664,0.864,190.787,16140.008,0.02,0.0
86.186,2026-06-25T23:16:50.149281,15225.941,55543.664,0.788,190.788,16140.008,0.02,0.0
86.237,2026-06-25T23:16:50.200274,15245.391,55543.664,0.828,190.789,16140.008,0.02,0.0
86.288,2026-06-25T23:16:50.251276,15264.797,55543.664,0.763,190.79,16140.008,0.02,0.0
86.339,2026-06-25T23:16:50.302296,15284.242,55543.664,0.81,190.791,16140.008,0.02,0.0
86.39,2026-06-25T23:16:50.353288,15303.652,55543.664,0.843,190.792,16140.008,0.02,0.0
86.441,2026-06-25T23:16:50.404268,15323.062,55543.664,0.82,190.793,16140.008,0.02,0.0
86.492,2026-06-25T23:16:50.455257,15342.508,55543.664,0.804,190.795,16140.008,0.02,0.0
86.543,2026-06-25T23:16:50.506243,15361.918,55543.664,0.793,190.796,16140.008,0.02,0.0
86.594,2026-06-25T23:16:50.557248,15381.301,55543.664,0.785,190.797,16140.008,0.02,0.0
86.645,2026-06-25T23:16:50.608238,15400.773,55543.664,0.779,190.798,16140.008,0.02,0.0
86.696,2026-06-25T23:16:50.659240,15420.145,55543.664,0.821,190.799,16140.008,0.02,0.0
86.747,2026-06-25T23:16:50.710238,15439.562,55543.664,0.805,190.8,16140.008,0.02,0.0
86.798,2026-06-25T23:16:50.761257,15459.0,55543.664,0.793,190.801,16140.008,0.02,0.0
86.849,2026-06-25T23:16:50.812262,15478.422,55543.664,0.785,190.802,16140.008,0.02,0.0
86.9,2026-06-25T23:16:50.863248,15497.84,55543.664,0.733,190.803,16140.008,0.02,0.0
86.951,2026-06-25T23:16:50.914250,15517.266,55543.664,0.743,190.804,16140.008,0.02,0.0
87.002,2026-06-25T23:16:50.965265,15536.703,55543.664,0.796,190.805,16140.008,0.02,0.0
87.053,2026-06-25T23:16:51.016274,15556.117,55543.664,0.833,190.806,16140.008,0.02,0.0
87.104,2026-06-25T23:16:51.067278,15575.531,55543.664,0.767,190.807,16140.008,0.02,0.0
87.155,2026-06-25T23:16:51.118268,15594.953,55543.664,0.767,190.808,16140.008,0.02,0.0
87.206,2026-06-25T23:16:51.169240,15614.344,55543.664,0.812,190.809,16140.008,0.02,0.0
87.257,2026-06-25T23:16:51.220257,15633.773,55543.664,0.798,190.81,16140.008,0.02,0.0
87.308,2026-06-25T23:16:51.271243,15653.211,55543.664,0.789,190.811,16140.008,0.02,0.0
87.359,2026-06-25T23:16:51.322245,15672.633,55543.664,0.828,190.812,16140.008,0.02,0.0
87.41,2026-06-25T23:16:51.373235,15692.02,55543.664,0.809,190.813,16140.008,0.02,0.0
87.461,2026-06-25T23:16:51.424218,15711.453,55543.664,0.842,190.814,16140.008,0.02,0.0
87.512,2026-06-25T23:16:51.475239,15730.855,55543.664,0.819,190.815,16140.008,0.02,0.0
87.563,2026-06-25T23:16:51.526222,15750.312,55543.664,0.803,190.816,16140.008,0.02,0.0
87.614,2026-06-25T23:16:51.577222,15769.766,55543.664,0.838,190.817,16140.008,0.02,0.0
87.665,2026-06-25T23:16:51.628221,15256.773,55543.664,0.771,190.818,16140.008,0.02,0.0
87.716,2026-06-25T23:16:51.679227,14280.773,55543.664,0.769,190.819,16140.008,0.02,0.0
87.767,2026-06-25T23:16:51.730247,14242.773,54007.664,0.768,190.82,16140.008,0.02,0.0
87.818,2026-06-25T23:16:51.781226,14242.773,54007.664,0.768,190.821,16140.008,0.02,0.0
87.869,2026-06-25T23:16:51.832232,14242.773,54007.664,0.767,190.822,16140.008,0.02,0.0
87.92,2026-06-25T23:16:51.883228,14242.773,54007.664,0.767,190.823,16140.008,0.02,0.0
88.046,2026-06-25T23:16:52.009457,14251.867,54157.664,0.909,191.164,16140.008,2.713,0.0
88.097,2026-06-25T23:16:52.059890,14303.633,54157.664,0.868,191.165,16140.008,0.02,0.0
88.147,2026-06-25T23:16:52.110584,14355.574,54157.664,0.839,191.166,16140.008,0.02,0.0
88.198,2026-06-25T23:16:52.161352,14392.777,54157.664,0.817,191.167,16140.008,0.02,0.0
88.249,2026-06-25T23:16:52.212266,14392.777,54157.664,0.802,191.168,16140.008,0.02,0.0
88.3,2026-06-25T23:16:52.263392,14392.777,54157.664,0.836,191.169,16290.008,0.02,2932.164
88.351,2026-06-25T23:16:52.314492,14422.406,54307.664,0.907,191.17,16290.008,0.02,0.0
88.402,2026-06-25T23:16:52.365615,14475.395,54307.664,0.818,191.171,16290.008,0.02,0.0
88.453,2026-06-25T23:16:52.416707,14528.969,54307.664,0.848,191.172,16290.008,0.02,0.0
88.504,2026-06-25T23:16:52.467799,14392.777,54157.664,0.823,191.173,16290.008,0.02,0.0
88.555,2026-06-25T23:16:52.518794,14392.777,54157.664,0.806,191.174,16290.008,0.02,0.0
88.607,2026-06-25T23:16:52.569928,14392.777,54157.664,0.793,191.175,16440.008,0.02,2935.639
88.658,2026-06-25T23:16:52.621018,14409.602,54307.664,0.785,191.176,16440.008,0.02,0.0
88.709,2026-06-25T23:16:52.672115,14462.066,54307.664,0.779,191.177,16440.008,0.02,0.0
88.76,2026-06-25T23:16:52.723218,14514.527,54307.664,0.82,191.178,16440.008,0.02,0.0
88.811,2026-06-25T23:16:52.774293,14392.777,54157.664,0.758,191.179,16440.008,0.02,0.0
88.862,2026-06-25T23:16:52.825389,14392.777,54157.664,0.806,191.18,16440.008,0.02,0.0
88.913,2026-06-25T23:16:52.876498,14392.777,54157.664,0.793,191.181,16440.008,0.02,0.0
88.964,2026-06-25T23:16:52.927624,14395.551,54307.664,0.784,191.182,16590.008,0.02,2937.023
89.015,2026-06-25T23:16:52.978701,14448.363,54307.664,0.778,191.183,16590.008,0.02,0.0
89.066,2026-06-25T23:16:53.029821,14500.75,54307.664,0.774,191.184,16590.008,0.02,0.0
89.118,2026-06-25T23:16:53.080917,14392.777,54157.664,0.817,191.185,16590.008,0.02,0.0
89.169,2026-06-25T23:16:53.132016,14392.777,54157.664,0.801,191.186,16590.008,0.02,0.0
89.22,2026-06-25T23:16:53.183082,14392.777,54157.664,0.79,191.187,16590.008,0.02,0.0
89.271,2026-06-25T23:16:53.234232,14392.777,54157.664,0.736,191.188,16740.008,0.02,2934.201
89.322,2026-06-25T23:16:53.285316,13792.777,53557.664,0.837,191.189,16740.008,0.02,0.0
89.373,2026-06-25T23:16:53.336345,13792.777,53557.664,0.816,191.19,16740.008,0.02,0.0
89.424,2026-06-25T23:16:53.387300,13792.777,53557.664,0.847,191.191,16740.008,0.02,0.0
89.475,2026-06-25T23:16:53.438241,13676.09,54943.664,0.823,191.193,16740.008,0.02,0.0
89.526,2026-06-25T23:16:53.489207,14371.199,54943.664,0.806,191.194,16740.008,0.02,0.0
89.577,2026-06-25T23:16:53.540184,15061.527,54943.664,0.794,191.195,16740.008,0.02,0.0
89.628,2026-06-25T23:16:53.591130,15194.086,56483.664,0.786,191.196,16740.008,0.02,0.0
89.679,2026-06-25T23:16:53.642111,15232.629,56483.664,0.78,191.197,16740.008,0.02,0.0
89.73,2026-06-25T23:16:53.693114,15280.992,56483.664,0.776,191.198,16740.008,0.02,0.0
89.781,2026-06-25T23:16:53.744107,15329.191,56483.664,0.773,191.199,16740.008,0.02,0.0
89.832,2026-06-25T23:16:53.795083,15377.469,56483.664,0.817,191.2,16740.008,0.02,0.0
89.883,2026-06-25T23:16:53.846055,15425.871,56483.664,0.801,191.201,16740.008,0.02,0.0
89.934,2026-06-25T23:16:53.897042,15474.078,56483.664,0.791,191.202,16740.008,0.02,0.0
89.985,2026-06-25T23:16:53.948062,15522.266,56483.664,0.783,191.203,16740.008,0.02,0.0
90.036,2026-06-25T23:16:53.999119,15570.383,56483.664,0.778,191.204,16740.008,0.02,0.0
90.087,2026-06-25T23:16:54.050127,15618.848,56483.664,0.82,191.205,16740.008,0.02,0.0
90.138,2026-06-25T23:16:54.101175,15666.883,56483.664,0.804,191.206,16740.008,0.02,0.0
90.189,2026-06-25T23:16:54.152224,15715.184,56483.664,0.838,191.207,16740.008,0.02,0.0
90.24,2026-06-25T23:16:54.203222,15763.371,56483.664,0.816,191.208,16740.008,0.02,0.0
90.291,2026-06-25T23:16:54.254224,15811.59,56483.664,0.755,191.209,16740.008,0.02,0.0
90.342,2026-06-25T23:16:54.305213,15859.871,56483.664,0.805,191.21,16740.008,0.02,0.0
90.393,2026-06-25T23:16:54.356208,15907.898,56483.664,0.793,191.211,16740.008,0.02,0.0
90.444,2026-06-25T23:16:54.407212,15956.09,56483.664,0.785,191.212,16740.008,0.02,0.0
90.495,2026-06-25T23:16:54.458209,16004.324,56483.664,0.733,191.213,16740.008,0.02,0.0
90.546,2026-06-25T23:16:54.509231,16048.391,56483.664,0.743,191.214,16740.008,0.02,0.0
90.597,2026-06-25T23:16:54.560221,16096.43,56483.664,0.75,191.215,16740.008,0.02,0.0
90.648,2026-06-25T23:16:54.611216,16144.414,56483.664,0.801,191.216,16740.008,0.02,0.0
90.699,2026-06-25T23:16:54.662222,16192.551,56483.664,0.744,191.217,16740.008,0.02,0.0
90.75,2026-06-25T23:16:54.713215,16240.344,56483.664,0.797,191.218,16740.008,0.02,0.0
90.801,2026-06-25T23:16:54.764221,16287.906,56483.664,0.788,191.219,16740.008,0.02,0.0
90.852,2026-06-25T23:16:54.815216,16335.543,56483.664,0.827,191.22,16740.008,0.02,0.0
90.903,2026-06-25T23:16:54.866224,16383.414,56483.664,0.808,191.221,16740.008,0.02,0.0
90.954,2026-06-25T23:16:54.917303,16431.066,56483.664,0.796,191.222,16740.008,0.02,0.0
91.005,2026-06-25T23:16:54.968289,16478.871,56483.664,0.787,191.223,16740.008,0.02,0.0
91.056,2026-06-25T23:16:55.019299,16526.562,56483.664,0.78,191.224,16740.008,0.02,0.0
91.107,2026-06-25T23:16:55.070339,16574.27,56483.664,0.868,191.225,16740.008,0.02,0.0
91.158,2026-06-25T23:16:55.121370,16621.91,56483.664,0.791,191.226,16740.008,0.02,0.0
91.209,2026-06-25T23:16:55.172414,16669.539,56483.664,0.83,191.227,16740.008,0.02,0.0
91.26,2026-06-25T23:16:55.223421,16620.871,56483.664,0.81,191.228,16740.008,0.02,0.0
91.311,2026-06-25T23:16:55.274472,15181.887,55547.664,0.797,191.229,16740.008,0.02,0.0
91.362,2026-06-25T23:16:55.325505,15201.273,55547.664,0.833,191.23,16740.008,0.02,0.0
91.413,2026-06-25T23:16:55.376561,15220.695,55547.664,0.767,191.231,16740.008,0.02,0.0
91.464,2026-06-25T23:16:55.427578,15240.105,55547.664,0.812,191.232,16740.008,0.02,0.0
91.515,2026-06-25T23:16:55.478617,15259.516,55547.664,0.752,191.233,16740.008,0.02,0.0
91.566,2026-06-25T23:16:55.529622,15278.812,55547.664,0.802,191.234,16740.008,0.02,0.0
91.617,2026-06-25T23:16:55.580673,15298.203,55547.664,0.745,191.235,16740.008,0.02,0.0
91.668,2026-06-25T23:16:55.631693,15317.582,55547.664,0.797,191.236,16740.008,0.02,0.0
91.719,2026-06-25T23:16:55.682735,15337.016,55547.664,0.788,191.237,16740.008,0.02,0.0
91.77,2026-06-25T23:16:55.733765,15356.359,55547.664,0.781,191.238,16740.008,0.02,0.0
91.821,2026-06-25T23:16:55.784801,15375.785,55547.664,0.776,191.239,16740.008,0.02,0.0
91.873,2026-06-25T23:16:55.835849,15395.219,55547.664,0.773,191.24,16740.008,0.02,0.0
91.924,2026-06-25T23:16:55.886878,15414.605,55547.664,0.771,191.241,16740.008,0.02,0.0
91.975,2026-06-25T23:16:55.937876,15433.953,55547.664,0.769,191.242,16740.008,0.02,0.0
92.026,2026-06-25T23:16:55.988902,15453.277,55547.664,0.86,191.243,16740.008,0.02,0.0
92.077,2026-06-25T23:16:56.039918,15472.66,55547.664,0.832,191.244,16740.008,0.02,0.0
92.128,2026-06-25T23:16:56.090986,15492.09,55547.664,0.812,191.245,16740.008,0.02,0.0
92.179,2026-06-25T23:16:56.141993,15511.441,55547.664,0.798,191.246,16740.008,0.02,0.0
92.23,2026-06-25T23:16:56.193037,15530.805,55547.664,0.834,191.247,16740.008,0.02,0.0
92.281,2026-06-25T23:16:56.244049,15550.199,55547.664,0.814,191.248,16740.008,0.02,0.0
92.332,2026-06-25T23:16:56.295094,15569.633,55547.664,0.799,191.249,16740.008,0.02,0.0
92.383,2026-06-25T23:16:56.346124,15588.969,55547.664,0.789,191.25,16740.008,0.02,0.0
92.434,2026-06-25T23:16:56.397172,15608.344,55547.664,0.828,191.251,16740.008,0.02,0.0
92.485,2026-06-25T23:16:56.448215,15627.641,55547.664,0.763,191.252,16740.008,0.02,0.0
92.536,2026-06-25T23:16:56.499208,15647.074,55547.664,0.81,191.253,16740.008,0.02,0.0
92.587,2026-06-25T23:16:56.550210,15666.312,55547.664,0.751,191.254,16740.008,0.02,0.0
92.638,2026-06-25T23:16:56.601209,15685.746,55547.664,0.755,191.255,16740.008,0.02,0.0
92.689,2026-06-25T23:16:56.652229,15705.105,55547.664,0.804,191.256,16740.008,0.02,0.0
92.74,2026-06-25T23:16:56.703232,15724.543,55547.664,0.793,191.258,16740.008,0.02,0.0
92.791,2026-06-25T23:16:56.754243,15743.898,55547.664,0.785,191.259,16740.008,0.02,0.0
92.842,2026-06-25T23:16:56.805240,15763.285,55547.664,0.779,191.26,16740.008,0.02,0.0
92.893,2026-06-25T23:16:56.856243,15605.105,55547.664,0.775,191.261,16740.008,0.02,0.0
92.944,2026-06-25T23:16:56.907239,14643.105,55547.664,0.772,191.262,16740.008,0.02,0.0
93.064,2026-06-25T23:16:57.027550,14243.105,54011.664,0.931,191.603,16740.008,2.852,0.0
93.115,2026-06-25T23:16:57.077974,14243.105,54011.664,0.883,191.604,16740.008,0.02,0.0
93.165,2026-06-25T23:16:57.128619,14243.105,54011.664,0.85,191.605,16740.008,0.02,0.0
93.216,2026-06-25T23:16:57.179251,14243.105,54011.664,0.826,191.606,16740.008,0.02,0.0
93.267,2026-06-25T23:16:57.230015,14243.105,54011.664,0.809,191.607,16740.008,0.02,0.0
93.318,2026-06-25T23:16:57.280943,14280.199,54161.664,0.796,191.608,16740.008,0.02,0.0
93.369,2026-06-25T23:16:57.331961,14332.539,54161.664,0.787,191.609,16740.008,0.02,0.0
93.42,2026-06-25T23:16:57.383013,14384.891,54161.664,0.826,191.61,16740.008,0.02,0.0
93.471,2026-06-25T23:16:57.434062,14393.109,54161.664,0.808,191.611,16740.008,0.02,0.0
93.522,2026-06-25T23:16:57.485081,14393.109,54161.664,0.795,191.613,16740.008,0.02,0.0
93.573,2026-06-25T23:16:57.536097,14398.109,54311.664,0.786,191.614,16890.008,0.02,2938.313
93.624,2026-06-25T23:16:57.587161,14450.75,54311.664,0.78,191.615,16890.008,0.02,0.0
93.675,2026-06-25T23:16:57.638223,14503.035,54311.664,0.775,191.616,16890.008,0.02,0.0
93.726,2026-06-25T23:16:57.689232,14393.109,54161.664,0.773,191.617,16890.008,0.02,0.0
93.777,2026-06-25T23:16:57.740220,14393.109,54161.664,0.771,191.618,16890.008,0.02,0.0
93.828,2026-06-25T23:16:57.791232,14393.109,54161.664,0.815,191.619,16890.008,0.02,0.0
93.879,2026-06-25T23:16:57.842236,14393.109,54161.664,0.846,191.62,17040.008,0.02,2941.417
93.93,2026-06-25T23:16:57.893248,14434.148,54311.664,0.822,191.621,17040.008,0.02,0.0
93.981,2026-06-25T23:16:57.944247,14487.621,54311.664,0.805,191.622,17040.008,0.02,0.0
94.032,2026-06-25T23:16:57.995247,14541.094,54311.664,0.839,191.623,17040.008,0.02,0.0
94.083,2026-06-25T23:16:58.046258,14393.109,54161.664,0.817,191.624,17040.008,0.02,0.0
94.134,2026-06-25T23:16:58.097273,14393.109,54161.664,0.802,191.625,17040.008,0.02,0.0
94.185,2026-06-25T23:16:58.148288,14393.109,54161.664,0.791,191.626,17190.008,0.02,2941.087
94.236,2026-06-25T23:16:58.199291,14418.891,54311.664,0.783,191.627,17190.008,0.02,0.0
94.287,2026-06-25T23:16:58.250310,14471.566,54311.664,0.824,191.628,17190.008,0.02,0.0
94.338,2026-06-25T23:16:58.301305,14523.812,54311.664,0.807,191.629,17190.008,0.02,0.0
94.389,2026-06-25T23:16:58.352359,14393.109,54161.664,0.748,191.63,17190.008,0.02,0.0
94.44,2026-06-25T23:16:58.403395,14393.109,54161.664,0.754,191.631,17190.008,0.02,0.0
94.491,2026-06-25T23:16:58.454428,14393.109,54161.664,0.757,191.632,17340.008,0.02,2938.82
94.542,2026-06-25T23:16:58.505479,14179.922,54161.664,0.852,191.633,17340.008,0.02,0.0
94.593,2026-06-25T23:16:58.556446,13674.641,52476.703,0.919,191.634,17340.008,0.02,0.0
94.644,2026-06-25T23:16:58.607072,13674.641,52476.703,0.874,191.635,17340.008,0.02,0.0
94.695,2026-06-25T23:16:58.658064,13536.641,52476.703,0.842,191.636,17340.008,0.02,0.0
94.746,2026-06-25T23:16:58.709049,13524.441,52318.023,0.864,192.307,17343.433,13.133,67.032
94.787,2026-06-25T23:16:58.750725,13418.07,40218.84,0.662,193.165,17344.581,20.786,27.797
94.789,2026-06-25T23:16:58.751966,13418.09,40218.84,0.463,193.166,17344.587,0.949,6.719
94.789,2026-06-25T23:16:58.752127,13418.09,40218.84,0.324,193.166,17344.587,3.637,0.0
