time_s,timestamp,rss_mb,vms_mb,cpu_percent,disk_read_mb,disk_write_mb,disk_read_rate_mb_s,disk_write_rate_mb_s
0.0,2026-06-25T23:32:38.986918,609.711,6522.391,0.243,155.607,0.017,0.0,0.0
-0.0,2026-06-25T23:32:38.986757,609.715,6522.391,0.17,155.612,0.017,9.841,0.0
0.002,2026-06-25T23:32:38.988645,609.918,6522.391,0.119,155.742,0.017,131.511,0.0
0.002,2026-06-25T23:32:38.988823,609.918,6522.391,0.083,155.743,0.017,3.522,0.0
0.012,2026-06-25T23:32:38.998821,610.012,6522.391,0.292,155.745,0.017,0.214,0.0
0.012,2026-06-25T23:32:38.999003,610.012,6522.391,0.204,155.746,0.017,3.915,0.0
0.012,2026-06-25T23:32:38.999271,610.012,6522.391,8.711,155.746,0.017,1.73,0.17
0.013,2026-06-25T23:32:38.999457,610.012,6522.391,6.097,155.746,0.017,2.812,0.0
0.056,2026-06-25T23:32:39.043389,669.82,6580.453,4.512,162.531,0.017,16.319,0.0
0.691,2026-06-25T23:32:39.677635,738.391,6647.016,3.35,163.118,0.018,2.233,0.002
0.778,2026-06-25T23:32:39.765282,738.641,6647.016,2.479,163.438,0.018,3.659,0.005
0.829,2026-06-25T23:32:39.815629,738.641,6647.016,1.735,163.439,0.018,0.01,0.0
0.917,2026-06-25T23:32:39.903516,738.656,6647.016,1.295,163.759,0.018,3.648,0.0
0.959,2026-06-25T23:32:39.945433,738.672,6647.016,0.906,163.765,0.018,0.142,0.0
0.985,2026-06-25T23:32:39.972134,698.785,6607.016,0.897,163.766,0.018,0.03,0.0
1.3,2026-06-25T23:32:40.286622,739.809,6647.84,0.874,171.086,0.019,23.295,0.001
1.404,2026-06-25T23:32:40.390630,739.891,6647.84,0.724,171.406,0.019,3.08,0.0
1.491,2026-06-25T23:32:40.478109,739.906,6647.84,0.614,171.727,0.019,3.66,0.0
1.52,2026-06-25T23:32:40.507276,739.906,6647.84,0.51,171.741,0.019,0.503,0.0
1.546,2026-06-25T23:32:40.533054,707.02,6614.84,0.537,171.742,0.019,0.02,0.0
1.546,2026-06-25T23:32:40.533175,707.02,6614.84,0.556,171.742,0.019,1.692,0.0
1.859,2026-06-25T23:32:40.845885,18267.734,486343.141,14.377,172.53,0.019,2.523,0.0
2.084,2026-06-25T23:32:41.070916,27901.016,493540.922,23.939,172.85,0.019,1.421,0.0
2.173,2026-06-25T23:32:41.159702,27516.07,493617.43,17.974,173.171,0.019,3.626,0.0
2.223,2026-06-25T23:32:41.210053,27076.07,493617.43,12.814,173.171,0.019,0.01,0.0
2.328,2026-06-25T23:32:41.315262,27523.184,495153.43,16.704,173.491,0.019,3.048,0.001
2.419,2026-06-25T23:32:41.406108,29154.637,495153.43,26.837,173.812,0.019,3.525,0.0
2.47,2026-06-25T23:32:41.456591,29659.016,495153.43,26.768,173.812,0.019,0.01,0.0
2.558,2026-06-25T23:32:41.544949,29189.715,495153.43,19.534,174.133,0.019,3.633,0.0
2.608,2026-06-25T23:32:41.595323,28735.121,495153.43,13.906,174.133,0.019,0.01,0.0
2.697,2026-06-25T23:32:41.683673,27598.637,495153.43,10.08,174.453,0.019,3.633,0.0
2.747,2026-06-25T23:32:41.734032,27010.07,495153.43,7.288,174.454,0.019,0.01,0.0
2.837,2026-06-25T23:32:41.823814,27360.684,493617.43,12.81,174.774,0.019,3.574,0.001
2.887,2026-06-25T23:32:41.874220,27993.5,493617.43,21.221,174.775,0.019,0.01,0.0
2.976,2026-06-25T23:32:41.962503,27653.715,493617.43,17.353,175.095,0.019,3.637,0.0
3.026,2026-06-25T23:32:42.012874,26933.941,493617.43,12.379,175.095,0.019,0.01,0.0
3.117,2026-06-25T23:32:42.103522,27851.344,495153.43,20.519,175.416,0.019,3.54,0.001
3.167,2026-06-25T23:32:42.153956,28741.336,495153.43,29.515,175.416,0.019,0.01,0.0
3.256,2026-06-25T23:32:42.243089,29682.191,495153.43,29.511,175.736,0.019,3.606,0.0
3.307,2026-06-25T23:32:42.293453,28962.418,495153.43,20.89,175.737,0.019,0.01,0.0
3.395,2026-06-25T23:32:42.381875,27636.52,495153.43,14.941,176.057,0.019,3.629,0.0
3.445,2026-06-25T23:32:42.432249,26886.066,495153.43,10.691,176.058,0.019,0.01,0.0
4.106,2026-06-25T23:32:43.092550,13939.801,40815.191,8.613,176.379,0.02,0.486,0.002
4.12,2026-06-25T23:32:43.107241,13811.988,40687.188,10.007,176.379,0.02,0.033,0.008
4.121,2026-06-25T23:32:43.107712,13811.988,40687.188,14.235,176.38,0.02,2.085,0.0
4.121,2026-06-25T23:32:43.107892,13811.988,40687.188,9.964,176.38,0.02,2.901,0.0
4.121,2026-06-25T23:32:43.108046,13811.988,40687.188,6.975,176.381,0.02,3.28,0.0
4.121,2026-06-25T23:32:43.108181,13811.988,40687.188,34.882,176.381,0.02,3.608,0.0
4.121,2026-06-25T23:32:43.108323,13811.988,40687.188,24.418,176.381,0.02,3.665,0.0
4.122,2026-06-25T23:32:43.108428,13811.988,40687.188,17.092,176.382,0.02,4.714,0.0
4.122,2026-06-25T23:32:43.108534,13811.988,40687.188,11.965,176.382,0.02,4.703,0.0
4.122,2026-06-25T23:32:43.108684,13811.988,40687.188,8.375,176.383,0.02,3.14,0.0
4.122,2026-06-25T23:32:43.108798,13811.988,40687.188,5.863,176.383,0.02,4.402,0.0
4.122,2026-06-25T23:32:43.109308,13812.242,40687.188,30.311,176.384,0.02,0.889,0.0
4.123,2026-06-25T23:32:43.109465,13812.242,40687.188,21.218,176.384,0.02,4.247,0.0
4.123,2026-06-25T23:32:43.109578,13812.242,40687.188,14.853,176.385,0.02,4.383,0.0
4.123,2026-06-25T23:32:43.109682,13812.242,40687.188,10.397,176.385,0.02,4.976,0.0
4.123,2026-06-25T23:32:43.109784,13812.242,40687.188,7.278,176.386,0.02,4.714,0.0
4.123,2026-06-25T23:32:43.109898,13812.242,40687.188,5.094,176.386,0.02,4.239,0.0
4.139,2026-06-25T23:32:43.126081,13812.242,40687.188,9.194,176.387,0.021,0.03,0.01
4.3,2026-06-25T23:32:43.286574,13821.074,40690.812,20.396,176.727,0.022,2.116,0.007
4.422,2026-06-25T23:32:43.409287,13844.383,40714.121,29.382,177.048,0.022,2.607,0.0
4.54,2026-06-25T23:32:43.526910,13866.895,40736.633,35.632,177.369,0.022,2.737,0.0
4.657,2026-06-25T23:32:43.643782,13889.402,40759.141,40.063,177.689,0.022,2.746,0.0
4.774,2026-06-25T23:32:43.761336,13912.484,40782.223,43.146,178.01,0.022,2.718,0.0
4.893,2026-06-25T23:32:43.879675,13934.215,40803.887,45.325,178.33,0.022,2.713,0.0
5.012,2026-06-25T23:32:43.998676,13956.742,40826.414,46.812,178.65,0.022,2.688,0.0
5.128,2026-06-25T23:32:44.115395,13978.789,40848.461,47.905,178.97,0.022,2.741,0.0
5.245,2026-06-25T23:32:44.231986,14001.055,40870.762,48.697,179.29,0.022,2.747,0.0
5.362,2026-06-25T23:32:44.348953,14023.094,40892.766,49.173,179.61,0.022,2.735,0.0
24.204,2026-06-25T23:33:03.191286,23288.875,50152.863,37.92,179.665,11902.129,0.003,631.609
24.207,2026-06-25T23:33:03.194254,23288.875,50152.863,26.544,179.665,11902.129,0.62,0.0
24.208,2026-06-25T23:33:03.194463,23288.875,50152.863,18.581,179.666,11902.129,3.447,0.0
24.208,2026-06-25T23:33:03.194677,23288.875,50152.863,13.006,179.667,11902.129,3.395,0.0
24.209,2026-06-25T23:33:03.196358,23288.875,50152.863,9.105,180.235,11902.129,336.991,0.0
24.21,2026-06-25T23:33:03.196620,23288.875,50152.863,6.373,180.236,11902.129,2.74,0.0
24.214,2026-06-25T23:33:03.201244,23288.875,50152.863,4.961,180.236,11902.129,0.142,0.0
24.215,2026-06-25T23:33:03.201568,23288.875,50152.863,3.473,180.237,11902.129,2.418,0.0
24.228,2026-06-25T23:33:03.214886,23288.875,50152.863,2.607,180.239,11902.699,0.167,42.59
24.536,2026-06-25T23:33:03.523357,23288.875,50152.863,2.06,180.261,11902.703,0.07,0.014
24.537,2026-06-25T23:33:03.523926,23288.875,50152.863,1.442,180.262,11902.703,2.279,0.0
24.537,2026-06-25T23:33:03.524250,23288.875,50152.863,1.01,180.262,11902.703,2.599,0.0
24.539,2026-06-25T23:33:03.525554,23288.875,50152.863,0.707,180.833,11902.703,417.242,0.0
24.539,2026-06-25T23:33:03.525894,23288.875,50152.863,0.495,180.834,11902.703,1.811,0.0
24.539,2026-06-25T23:33:03.526186,23288.875,50152.863,0.346,180.835,11902.703,2.652,0.0
24.54,2026-06-25T23:33:03.527196,23288.875,50152.863,0.242,181.405,11902.703,579.464,0.0
24.546,2026-06-25T23:33:03.532711,23288.875,50152.863,1.017,181.425,11902.704,3.614,0.169
24.595,2026-06-25T23:33:03.581660,23288.875,50152.863,0.903,181.646,11902.704,4.499,0.0
24.699,2026-06-25T23:33:03.686414,23350.734,51853.805,0.767,182.568,11902.799,8.806,0.911
24.75,2026-06-25T23:33:03.736808,23350.73,51853.805,0.768,182.569,11902.799,0.019,0.0
24.801,2026-06-25T23:33:03.787426,23350.719,51853.805,0.769,182.57,11902.799,0.019,0.0
24.851,2026-06-25T23:33:03.838186,23350.715,51853.805,0.815,182.571,11902.799,0.019,0.0
24.902,2026-06-25T23:33:03.888935,23351.602,51853.809,0.755,182.572,11902.799,0.019,0.0
24.953,2026-06-25T23:33:03.939868,23351.75,55288.961,0.804,182.573,11902.799,0.019,0.0
25.004,2026-06-25T23:33:03.990817,23352.191,55560.836,0.793,182.574,11902.799,0.019,0.0
25.055,2026-06-25T23:33:04.041748,23358.457,55568.836,0.785,182.575,11902.799,0.019,0.0
25.106,2026-06-25T23:33:04.092688,23374.992,55578.836,0.78,182.575,11902.799,0.019,0.0
25.157,2026-06-25T23:33:04.143607,23386.227,55590.836,0.776,182.576,11902.799,0.019,0.0
25.208,2026-06-25T23:33:04.194548,23403.555,55604.836,0.773,182.577,11902.799,0.019,0.0
25.259,2026-06-25T23:33:04.245479,23419.184,55620.836,0.771,182.578,11902.799,0.019,0.0
25.31,2026-06-25T23:33:04.296436,23420.965,55620.836,0.816,182.579,11902.799,0.019,0.0
25.36,2026-06-25T23:33:04.347362,23426.777,53787.32,0.801,182.58,11902.799,0.019,0.0
25.411,2026-06-25T23:33:04.398256,23426.801,53787.32,0.791,182.581,11902.799,0.019,0.0
25.462,2026-06-25T23:33:04.449208,23426.824,53787.32,0.784,182.582,11902.799,0.019,0.0
25.513,2026-06-25T23:33:04.500107,23428.832,51933.805,0.779,182.583,11902.799,0.019,0.0
25.564,2026-06-25T23:33:04.551049,23428.809,51933.805,0.775,182.584,11902.799,0.019,0.0
25.615,2026-06-25T23:33:04.601981,23428.988,51933.805,0.819,182.585,11902.799,0.019,0.0
25.666,2026-06-25T23:33:04.652902,23429.004,51933.805,0.803,182.586,11902.799,0.019,0.0
25.717,2026-06-25T23:33:04.703840,23429.004,51933.805,0.792,182.587,11902.799,0.019,0.0
25.768,2026-06-25T23:33:04.754766,23429.004,51933.805,0.831,182.588,11902.799,0.019,0.0
25.819,2026-06-25T23:33:04.805733,23429.539,51933.805,0.812,182.589,11902.799,0.019,0.0
25.87,2026-06-25T23:33:04.856655,23434.891,51933.805,0.844,182.59,11902.799,0.019,0.0
25.921,2026-06-25T23:33:04.907592,23441.305,51957.805,0.821,182.591,11902.799,0.019,0.0
25.972,2026-06-25T23:33:04.958526,23447.453,51957.805,0.805,182.592,11902.799,0.019,0.0
26.023,2026-06-25T23:33:05.009479,23449.566,51957.805,0.793,182.593,11902.799,0.019,0.0
26.074,2026-06-25T23:33:05.060419,23459.066,51957.805,0.739,182.594,11902.799,0.019,0.0
26.124,2026-06-25T23:33:05.111365,23490.355,51985.805,0.794,182.595,11902.799,0.019,0.0
26.175,2026-06-25T23:33:05.162270,23510.367,52017.805,0.786,182.596,11902.799,0.019,0.0
26.226,2026-06-25T23:33:05.213203,23541.59,52057.805,0.734,182.597,11902.799,0.019,0.0
26.277,2026-06-25T23:33:05.264113,23556.66,52057.805,0.79,182.598,11902.799,0.019,0.0
26.328,2026-06-25T23:33:05.315039,23561.469,52057.805,0.783,182.599,11902.799,0.019,0.0
26.379,2026-06-25T23:33:05.365968,23571.742,52105.805,0.778,182.6,11902.799,0.019,0.0
26.43,2026-06-25T23:33:05.416864,23579.703,52105.805,0.775,182.601,11902.799,0.019,0.0
26.481,2026-06-25T23:33:05.467801,23589.32,52105.805,0.819,182.602,11902.799,0.019,0.0
26.532,2026-06-25T23:33:05.518737,23593.262,52105.805,0.803,182.603,11902.799,0.019,0.0
26.583,2026-06-25T23:33:05.569695,23595.219,52105.805,0.792,182.604,11902.799,0.019,0.0
26.634,2026-06-25T23:33:05.620615,23610.125,52105.805,0.785,182.605,11902.799,0.019,0.0
26.685,2026-06-25T23:33:05.671572,23623.828,52169.805,0.825,182.606,11902.799,0.019,0.0
26.736,2026-06-25T23:33:05.722510,23637.469,52169.805,0.808,182.606,11902.799,0.019,0.0
26.787,2026-06-25T23:33:05.773467,23643.789,52169.805,0.795,182.607,11902.799,0.019,0.0
26.837,2026-06-25T23:33:05.824404,23649.281,52169.805,0.787,182.608,11902.799,0.019,0.0
26.888,2026-06-25T23:33:05.875338,23653.754,52169.805,0.781,182.609,11902.799,0.019,0.0
26.939,2026-06-25T23:33:05.926227,23659.91,52169.805,0.777,182.61,11902.799,0.019,0.0
26.99,2026-06-25T23:33:05.977195,23659.934,52169.805,0.774,182.611,11902.799,0.019,0.0
27.041,2026-06-25T23:33:06.028091,23656.223,52169.805,0.772,182.612,11902.799,0.019,0.0
27.092,2026-06-25T23:33:06.078992,23662.688,52169.805,0.77,182.613,11902.799,0.019,0.0
27.143,2026-06-25T23:33:06.129930,23676.77,52233.805,0.769,182.614,11902.799,0.019,0.0
27.194,2026-06-25T23:33:06.180865,23678.191,52233.805,0.769,182.615,11902.799,0.019,0.0
27.245,2026-06-25T23:33:06.231779,23686.352,52233.805,0.815,182.616,11902.799,0.019,0.0
27.296,2026-06-25T23:33:06.282692,23689.016,52233.805,0.8,182.617,11902.799,0.019,0.0
27.347,2026-06-25T23:33:06.333585,23680.477,52233.805,0.837,182.618,11902.799,0.019,0.0
27.398,2026-06-25T23:33:06.384486,23680.477,52233.805,0.816,182.619,11902.799,0.019,0.0
27.449,2026-06-25T23:33:06.435437,23672.797,52233.805,0.801,182.62,11902.799,0.019,0.0
27.499,2026-06-25T23:33:06.486382,23676.805,52233.805,0.791,182.621,11902.799,0.019,0.0
27.55,2026-06-25T23:33:06.537276,23676.805,52233.805,0.83,182.622,11902.799,0.019,0.0
27.601,2026-06-25T23:33:06.588217,23676.805,52233.805,0.811,182.623,11902.799,0.019,0.0
27.652,2026-06-25T23:33:06.639106,23680.812,52233.805,0.798,182.624,11902.799,0.019,0.0
27.703,2026-06-25T23:33:06.690022,23690.898,52233.805,0.835,182.625,11902.799,0.019,0.0
27.754,2026-06-25T23:33:06.740970,23691.828,52233.805,0.814,182.626,11902.799,0.019,0.0
27.805,2026-06-25T23:33:06.791899,23695.836,52233.805,0.8,182.627,11902.799,0.019,0.0
27.856,2026-06-25T23:33:06.842846,23696.887,52233.805,0.79,182.628,11902.799,0.019,0.0
27.907,2026-06-25T23:33:06.893784,23696.43,52233.805,0.783,182.629,11902.799,0.019,0.0
27.958,2026-06-25T23:33:06.944722,23696.43,52233.805,0.778,182.63,11902.799,0.019,0.0
28.009,2026-06-25T23:33:06.995644,23696.176,52233.805,0.775,182.631,11902.799,0.019,0.0
28.06,2026-06-25T23:33:07.046589,23696.219,52233.805,0.773,182.632,11902.799,0.019,0.0
28.111,2026-06-25T23:33:07.097509,23726.66,52233.805,0.771,182.633,11902.799,0.019,0.0
28.162,2026-06-25T23:33:07.148458,23748.762,52313.805,0.77,182.634,11902.799,0.019,0.0
28.212,2026-06-25T23:33:07.199389,23748.566,52313.805,0.769,182.635,11902.799,0.019,0.0
28.263,2026-06-25T23:33:07.250292,23748.566,52313.805,0.814,182.636,11902.799,0.019,0.0
28.314,2026-06-25T23:33:07.301192,23757.844,52313.805,0.846,182.637,11902.799,0.019,0.0
28.365,2026-06-25T23:33:07.352105,23763.219,52313.805,0.822,182.638,11902.799,0.019,0.0
28.416,2026-06-25T23:33:07.403054,23763.004,52313.805,0.806,182.639,11902.799,0.019,0.0
28.467,2026-06-25T23:33:07.453964,23763.004,52313.805,0.794,182.639,11902.799,0.019,0.0
28.518,2026-06-25T23:33:07.504896,23763.004,52313.805,0.786,182.64,11902.799,0.019,0.0
28.569,2026-06-25T23:33:07.555794,23763.004,52313.805,0.78,182.641,11902.799,0.019,0.0
28.62,2026-06-25T23:33:07.606731,23763.004,52313.805,0.776,182.642,11902.799,0.019,0.0
28.671,2026-06-25T23:33:07.657667,23763.004,52313.805,0.774,182.643,11902.799,0.019,0.0
28.722,2026-06-25T23:33:07.708607,23763.066,52313.805,0.772,182.644,11902.799,0.019,0.0
28.773,2026-06-25T23:33:07.759533,23763.066,52313.805,0.77,182.645,11902.799,0.019,0.0
28.824,2026-06-25T23:33:07.810470,23760.812,52313.805,0.769,182.646,11902.799,0.019,0.0
28.874,2026-06-25T23:33:07.861339,23760.812,52313.805,0.816,182.647,11902.799,0.019,0.0
28.925,2026-06-25T23:33:07.911894,23764.82,52313.805,0.756,182.648,11902.799,0.019,0.0
28.976,2026-06-25T23:33:07.962513,23764.496,52313.805,0.76,182.649,11902.799,0.019,0.0
29.027,2026-06-25T23:33:08.013444,23764.496,52313.805,0.808,182.65,11902.799,0.019,0.0
29.077,2026-06-25T23:33:08.064404,23764.605,52313.805,0.796,182.651,11902.799,0.019,0.0
29.128,2026-06-25T23:33:08.115341,23764.941,52313.805,0.833,182.652,11902.799,0.019,0.0
29.179,2026-06-25T23:33:08.166250,23764.941,52313.805,0.813,182.653,11902.799,0.019,0.0
29.23,2026-06-25T23:33:08.217205,23764.941,52313.805,0.799,182.654,11902.799,0.019,0.0
29.281,2026-06-25T23:33:08.268113,23764.941,52313.805,0.789,182.655,11902.799,0.019,0.0
29.332,2026-06-25T23:33:08.319046,23764.941,52313.805,0.783,182.656,11902.799,0.019,0.0
29.383,2026-06-25T23:33:08.369981,23764.941,52313.805,0.778,182.657,11902.799,0.019,0.0
29.434,2026-06-25T23:33:08.420898,23764.941,52313.805,0.775,182.658,11902.799,0.019,0.0
29.485,2026-06-25T23:33:08.471840,23764.945,52313.805,0.818,182.659,11902.799,0.019,0.0
29.536,2026-06-25T23:33:08.522758,23765.031,52313.805,0.849,182.66,11902.799,0.019,0.0
29.587,2026-06-25T23:33:08.573701,23765.031,52313.805,0.825,182.661,11902.799,0.019,0.0
29.637,2026-06-25T23:33:08.624309,23765.031,52313.805,0.808,182.662,11902.799,0.019,0.0
29.758,2026-06-25T23:33:08.744752,23783.473,52313.805,0.936,183.002,11902.799,2.836,0.0
29.808,2026-06-25T23:33:08.795189,23791.09,52313.805,0.887,183.003,11902.799,0.019,0.0
29.859,2026-06-25T23:33:08.845755,23791.559,52313.805,0.853,183.004,11902.799,0.019,0.0
29.909,2026-06-25T23:33:08.896368,23799.566,52313.805,0.828,183.005,11902.799,0.019,0.0
29.96,2026-06-25T23:33:08.947099,23799.586,52313.805,0.856,183.006,11902.799,0.019,0.0
30.011,2026-06-25T23:33:08.997903,23791.617,52313.805,0.83,183.007,11902.799,0.019,0.0
30.062,2026-06-25T23:33:09.048839,23791.617,52313.805,0.811,183.008,11902.799,0.019,0.0
30.113,2026-06-25T23:33:09.099786,23791.617,52313.805,0.798,183.009,11902.799,0.019,0.0
30.164,2026-06-25T23:33:09.150715,23791.617,52313.805,0.788,183.01,11902.799,0.019,0.0
30.215,2026-06-25T23:33:09.201648,23802.84,52313.805,0.736,183.011,11902.799,0.019,0.0
30.266,2026-06-25T23:33:09.252596,23812.441,52313.805,0.791,183.012,11902.799,0.019,0.0
30.317,2026-06-25T23:33:09.303547,23816.453,52409.805,0.784,183.013,11902.799,0.019,0.0
30.368,2026-06-25T23:33:09.354455,23824.457,52409.805,0.779,183.014,11902.799,0.019,0.0
30.418,2026-06-25T23:33:09.405403,23824.484,52409.805,0.775,183.015,11902.799,0.019,0.0
30.469,2026-06-25T23:33:09.456323,23824.484,52409.805,0.819,183.016,11902.799,0.019,0.0
30.52,2026-06-25T23:33:09.507245,23816.48,52409.805,0.803,183.017,11902.799,0.019,0.0
30.571,2026-06-25T23:33:09.558129,23816.48,52409.805,0.792,183.018,11902.799,0.019,0.0
30.622,2026-06-25T23:33:09.609060,23816.543,52409.805,0.785,183.019,11902.799,0.019,0.0
30.673,2026-06-25T23:33:09.659986,23818.633,52409.805,0.825,183.02,11902.799,0.019,0.0
30.724,2026-06-25T23:33:09.710922,23825.574,52409.805,0.762,183.021,11902.799,0.019,0.0
30.775,2026-06-25T23:33:09.761856,23825.652,52409.805,0.763,183.022,11902.799,0.019,0.0
30.826,2026-06-25T23:33:09.812798,23825.652,52409.805,0.764,183.023,11902.799,0.019,0.0
30.877,2026-06-25T23:33:09.863710,23825.652,52409.805,0.811,183.024,11902.799,0.019,0.0
30.928,2026-06-25T23:33:09.914676,23825.652,52409.805,0.844,183.025,11902.799,0.019,0.0
30.979,2026-06-25T23:33:09.965666,23831.043,52409.805,0.866,183.026,11902.799,0.019,0.0
31.03,2026-06-25T23:33:10.016674,23831.043,52409.805,0.836,183.027,11902.799,0.019,0.0
31.081,2026-06-25T23:33:10.067649,23819.723,52409.805,0.815,183.028,11902.799,0.019,0.0
31.132,2026-06-25T23:33:10.118657,23828.723,52409.805,0.754,183.029,11902.799,0.019,0.0
31.183,2026-06-25T23:33:10.169643,23836.762,52409.805,0.758,183.03,11902.799,0.019,0.0
31.234,2026-06-25T23:33:10.220658,23836.762,52409.805,0.76,183.031,11902.799,0.019,0.0
31.285,2026-06-25T23:33:10.271631,23836.762,52409.805,0.762,183.031,11902.799,0.019,0.0
31.336,2026-06-25T23:33:10.322639,23836.762,52409.805,0.809,183.032,11902.799,0.019,0.0
31.387,2026-06-25T23:33:10.373606,23823.734,52409.805,0.75,183.033,11902.799,0.019,0.0
31.438,2026-06-25T23:33:10.424619,23823.734,52409.805,0.801,183.034,11902.799,0.019,0.0
31.489,2026-06-25T23:33:10.475579,23823.734,52409.805,0.837,183.035,11902.799,0.019,0.0
31.54,2026-06-25T23:33:10.526581,23823.734,52409.805,0.815,183.036,11902.799,0.019,0.0
31.591,2026-06-25T23:33:10.577552,23831.738,52409.805,0.847,183.037,11902.799,0.019,0.0
31.642,2026-06-25T23:33:10.628541,23823.734,52409.805,0.822,183.038,11902.799,0.019,0.0
31.693,2026-06-25T23:33:10.679530,23823.734,52409.805,0.806,183.039,11902.799,0.019,0.0
31.744,2026-06-25T23:33:10.730516,23823.746,52409.805,0.794,183.04,11902.799,0.019,0.0
31.795,2026-06-25T23:33:10.781498,23829.926,52409.805,0.785,183.041,11902.799,0.019,0.0
31.846,2026-06-25T23:33:10.832507,23838.781,52409.805,0.734,183.042,11902.799,0.019,0.0
31.897,2026-06-25T23:33:10.883499,23838.844,52409.805,0.743,183.043,11902.799,0.019,0.0
31.948,2026-06-25T23:33:10.934511,23838.844,52409.805,0.796,183.044,11902.799,0.019,0.0
31.999,2026-06-25T23:33:10.985482,23838.855,52409.805,0.787,183.045,11902.799,0.019,0.0
32.05,2026-06-25T23:33:11.036485,23823.734,52409.805,0.781,183.046,11902.799,0.019,0.0
32.101,2026-06-25T23:33:11.087466,23823.734,52409.805,0.776,183.047,11902.799,0.019,0.0
32.152,2026-06-25T23:33:11.138470,23823.734,52409.805,0.773,183.048,11902.799,0.019,0.0
32.203,2026-06-25T23:33:11.189450,23824.672,52409.805,0.771,183.049,11902.799,0.019,0.0
32.254,2026-06-25T23:33:11.240436,23830.586,52409.805,0.77,183.05,11902.799,0.019,0.0
32.304,2026-06-25T23:33:11.291409,23830.652,52409.805,0.769,183.051,11902.799,0.019,0.0
32.356,2026-06-25T23:33:11.342425,23830.652,52409.805,0.814,183.052,11902.799,0.019,0.0
32.406,2026-06-25T23:33:11.393409,23830.672,52409.805,0.8,183.053,11902.799,0.019,0.0
32.457,2026-06-25T23:33:11.444414,23794.516,52409.805,0.835,183.054,11902.799,0.019,0.0
32.508,2026-06-25T23:33:11.495379,23792.738,52409.805,0.815,183.055,11902.799,0.019,0.0
32.559,2026-06-25T23:33:11.546354,23791.219,52409.805,0.8,183.056,11902.799,0.019,0.0
32.61,2026-06-25T23:33:11.597350,23791.219,52409.805,0.79,183.057,11902.799,0.019,0.0
32.661,2026-06-25T23:33:11.648350,23791.219,52409.805,0.783,183.058,11902.799,0.019,0.0
32.712,2026-06-25T23:33:11.699302,23798.121,52409.805,0.824,183.059,11902.799,0.019,0.0
32.763,2026-06-25T23:33:11.750253,23798.121,52409.805,0.807,183.06,11902.799,0.019,0.0
32.814,2026-06-25T23:33:11.801212,23798.121,52409.805,0.795,183.061,11902.799,0.019,0.0
32.865,2026-06-25T23:33:11.852208,23798.121,52409.805,0.832,183.062,11902.799,0.019,0.0
32.916,2026-06-25T23:33:11.903160,23790.117,52409.805,0.812,183.063,11902.799,0.019,0.0
32.967,2026-06-25T23:33:11.954103,23790.117,52409.805,0.844,183.064,11902.799,0.019,0.0
33.018,2026-06-25T23:33:12.005104,23790.117,52409.805,0.821,183.065,11902.799,0.019,0.0
33.069,2026-06-25T23:33:12.056089,23790.117,52409.805,0.804,183.066,11902.799,0.019,0.0
33.12,2026-06-25T23:33:12.107097,23798.121,52409.805,0.839,183.066,11902.799,0.019,0.0
33.171,2026-06-25T23:33:12.158073,23784.637,52409.805,0.771,183.067,11902.799,0.019,0.0
33.222,2026-06-25T23:33:12.209065,23783.52,52409.805,0.816,183.068,11902.799,0.019,0.0
33.273,2026-06-25T23:33:12.260044,23783.52,52409.805,0.801,183.069,11902.799,0.019,0.0
33.324,2026-06-25T23:33:12.311041,23783.52,52409.805,0.791,183.07,11902.799,0.019,0.0
33.375,2026-06-25T23:33:12.362019,23791.523,52409.805,0.783,183.071,11902.799,0.019,0.0
33.426,2026-06-25T23:33:12.413004,23791.523,52409.805,0.778,183.072,11902.799,0.019,0.0
33.477,2026-06-25T23:33:12.463987,23785.582,52409.805,0.774,183.073,11902.799,0.019,0.0
33.528,2026-06-25T23:33:12.514985,23785.582,52409.805,0.772,183.074,11902.799,0.019,0.0
33.579,2026-06-25T23:33:12.565951,23796.613,52409.805,0.77,183.075,11902.799,0.019,0.0
33.63,2026-06-25T23:33:12.616949,23779.348,52409.805,0.815,183.076,11902.799,0.019,0.0
33.681,2026-06-25T23:33:12.667927,23779.348,52409.805,0.8,183.077,11902.799,0.019,0.0
33.732,2026-06-25T23:33:12.718916,23778.023,52409.805,0.79,183.078,11902.799,0.019,0.0
33.783,2026-06-25T23:33:12.769887,23778.086,52409.805,0.783,183.079,11902.799,0.019,0.0
33.834,2026-06-25T23:33:12.820894,23777.453,52409.805,0.824,183.08,11902.799,0.019,0.0
33.885,2026-06-25T23:33:12.871880,23777.457,52409.805,0.807,183.081,11902.799,0.019,0.0
33.936,2026-06-25T23:33:12.922873,23777.457,52409.805,0.794,183.082,11902.799,0.019,0.0
33.987,2026-06-25T23:33:12.973847,23786.438,52409.805,0.786,183.083,11902.799,0.019,0.0
34.038,2026-06-25T23:33:13.024870,23786.438,52409.805,0.78,183.084,11902.799,0.019,0.0
34.089,2026-06-25T23:33:13.075830,23786.438,52409.805,0.776,183.085,11902.799,0.019,0.0
34.14,2026-06-25T23:33:13.126828,23786.438,52409.805,0.773,183.086,11902.799,0.019,0.0
34.191,2026-06-25T23:33:13.177805,23794.441,52409.805,0.771,183.087,11902.799,0.019,0.0
34.242,2026-06-25T23:33:13.228805,23778.434,52409.805,0.769,183.088,11902.799,0.019,0.0
34.293,2026-06-25T23:33:13.279805,23778.434,52409.805,0.768,183.089,11902.799,0.019,0.0
34.344,2026-06-25T23:33:13.330804,23778.434,52409.805,0.86,183.09,11902.799,0.019,0.0
34.395,2026-06-25T23:33:13.381785,23778.434,52409.805,0.831,183.091,11902.799,0.019,0.0
34.446,2026-06-25T23:33:13.432778,23788.441,52409.805,0.812,183.092,11902.799,0.019,0.0
34.497,2026-06-25T23:33:13.483769,23783.938,52409.805,0.798,183.093,11902.799,0.019,0.0
34.548,2026-06-25T23:33:13.534733,23783.938,52409.805,0.789,183.094,11902.799,0.019,0.0
34.599,2026-06-25T23:33:13.585604,23783.938,52409.805,0.783,183.095,11902.799,0.019,0.0
34.65,2026-06-25T23:33:13.636519,23783.938,52409.805,0.778,183.096,11902.799,0.019,0.0
34.77,2026-06-25T23:33:13.757121,23791.945,52409.805,0.915,183.436,11902.799,2.834,0.0
34.821,2026-06-25T23:33:13.807566,23783.945,52409.805,0.872,183.437,11902.799,0.019,0.0
34.871,2026-06-25T23:33:13.858209,23783.945,52409.805,0.888,183.438,11902.799,0.019,0.0
34.922,2026-06-25T23:33:13.908781,23782.52,52409.805,0.853,183.439,11902.799,0.019,0.0
34.973,2026-06-25T23:33:13.959541,23782.52,52409.805,0.828,183.44,11902.799,0.019,0.0
35.023,2026-06-25T23:33:14.010416,23782.52,52409.805,0.81,183.441,11902.799,0.019,0.0
35.074,2026-06-25T23:33:14.061346,23790.523,52409.805,0.751,183.442,11902.799,0.019,0.0
35.125,2026-06-25T23:33:14.112254,23790.523,52409.805,0.756,183.443,11902.799,0.019,0.0
35.176,2026-06-25T23:33:14.163213,23820.184,52409.805,0.851,183.444,11902.799,0.019,0.0
35.227,2026-06-25T23:33:14.214115,23815.562,52409.805,0.826,183.445,11902.799,0.019,0.0
35.278,2026-06-25T23:33:14.265041,23815.562,52409.805,0.808,183.446,11902.799,0.019,0.0
35.329,2026-06-25T23:33:14.315974,23815.566,52409.805,0.796,183.447,11902.799,0.019,0.0
35.38,2026-06-25T23:33:14.366909,23823.57,52409.805,0.787,183.448,11902.799,0.019,0.0
35.431,2026-06-25T23:33:14.417861,23823.57,52409.805,0.781,183.449,11902.799,0.019,0.0
35.482,2026-06-25T23:33:14.468788,23831.574,52409.805,0.777,183.45,11902.799,0.019,0.0
35.533,2026-06-25T23:33:14.519735,23799.562,52409.805,0.82,183.451,11902.799,0.019,0.0
35.584,2026-06-25T23:33:14.570644,23799.562,52409.805,0.804,183.452,11902.799,0.019,0.0
35.635,2026-06-25T23:33:14.621606,23799.566,52409.805,0.793,183.453,11902.799,0.019,0.0
35.686,2026-06-25T23:33:14.672528,23801.988,52409.805,0.785,183.454,11902.799,0.019,0.0
35.737,2026-06-25T23:33:14.723485,23807.57,52409.805,0.825,183.455,11902.799,0.019,0.0
35.788,2026-06-25T23:33:14.774482,23807.57,52409.805,0.808,183.456,11902.799,0.019,0.0
35.839,2026-06-25T23:33:14.825486,23807.57,52409.805,0.795,183.457,11902.799,0.019,0.0
35.89,2026-06-25T23:33:14.876464,23807.57,52409.805,0.786,183.458,11902.799,0.019,0.0
35.941,2026-06-25T23:33:14.927469,23799.57,52409.805,0.78,183.459,11902.799,0.019,0.0
35.992,2026-06-25T23:33:14.978432,23799.57,52409.805,0.776,183.46,11902.799,0.019,0.0
36.043,2026-06-25T23:33:15.029431,23807.574,52409.805,0.773,183.461,11902.799,0.019,0.0
36.093,2026-06-25T23:33:15.080395,23799.57,52409.805,0.771,183.462,11902.799,0.019,0.0
36.144,2026-06-25T23:33:15.131388,23809.574,52409.805,0.816,183.462,11902.799,0.019,0.0
36.195,2026-06-25T23:33:15.182365,23809.574,52409.805,0.847,183.463,11902.799,0.019,0.0
36.246,2026-06-25T23:33:15.233365,23814.633,52409.805,0.822,183.464,11902.799,0.019,0.0
36.297,2026-06-25T23:33:15.284360,23814.633,52409.805,0.806,183.465,11902.799,0.019,0.0
36.348,2026-06-25T23:33:15.335368,23814.633,52409.805,0.794,183.466,11902.799,0.019,0.0
36.399,2026-06-25T23:33:15.386347,23814.633,52409.805,0.785,183.467,11902.799,0.019,0.0
36.45,2026-06-25T23:33:15.437340,23814.633,52409.805,0.78,183.468,11902.799,0.019,0.0
36.501,2026-06-25T23:33:15.488293,23822.637,52409.805,0.776,183.469,11902.799,0.019,0.0
36.552,2026-06-25T23:33:15.539266,23814.633,52409.805,0.773,183.47,11902.799,0.019,0.0
36.603,2026-06-25T23:33:15.590216,23814.633,52409.805,0.771,183.471,11902.799,0.019,0.0
36.654,2026-06-25T23:33:15.641222,23814.633,52409.805,0.77,183.472,11902.799,0.019,0.0
36.705,2026-06-25T23:33:15.692187,23814.633,52409.805,0.769,183.473,11902.799,0.019,0.0
36.756,2026-06-25T23:33:15.743182,23814.633,52409.805,0.814,183.474,11902.799,0.019,0.0
36.807,2026-06-25T23:33:15.794179,23825.793,52409.805,0.845,183.475,11902.799,0.019,0.0
36.858,2026-06-25T23:33:15.845116,23835.555,52409.805,0.776,183.476,11902.799,0.019,0.0
36.909,2026-06-25T23:33:15.896095,23848.992,52409.805,0.819,183.477,11902.799,0.019,0.0
36.96,2026-06-25T23:33:15.947048,23870.711,52409.805,0.803,183.478,11902.799,0.019,0.0
37.011,2026-06-25T23:33:15.998044,23870.711,52409.805,0.792,183.479,11902.799,0.019,0.0
37.062,2026-06-25T23:33:16.049043,23883.293,52409.805,0.784,183.48,11902.799,0.019,0.0
37.113,2026-06-25T23:33:16.100013,23878.719,52409.805,0.825,183.481,11902.799,0.019,0.0
37.164,2026-06-25T23:33:16.150993,23878.719,52409.805,0.807,183.482,11902.799,0.019,0.0
37.215,2026-06-25T23:33:16.201985,23878.719,52409.805,0.795,183.483,11902.799,0.019,0.0
37.266,2026-06-25T23:33:16.252974,23854.711,52409.805,0.786,183.484,11902.799,0.019,0.0
37.317,2026-06-25T23:33:16.303982,23854.711,52409.805,0.78,183.485,11902.799,0.019,0.0
37.368,2026-06-25T23:33:16.354958,23854.711,52409.805,0.822,183.486,11902.799,0.019,0.0
37.419,2026-06-25T23:33:16.405969,23870.719,52409.805,0.805,183.487,11902.799,0.019,0.0
37.47,2026-06-25T23:33:16.456941,23866.727,52409.805,0.794,183.488,11902.799,0.019,0.0
37.521,2026-06-25T23:33:16.507945,23883.082,52409.805,0.831,183.489,11902.799,0.019,0.0
37.572,2026-06-25T23:33:16.558911,23901.59,52409.805,0.812,183.49,11902.799,0.019,0.0
37.623,2026-06-25T23:33:16.609905,23906.793,52409.805,0.798,183.491,11902.799,0.019,0.0
37.674,2026-06-25T23:33:16.660856,23890.785,52409.805,0.788,183.492,11902.799,0.019,0.0
37.725,2026-06-25T23:33:16.711862,23890.844,52409.805,0.782,183.493,11902.799,0.019,0.0
37.776,2026-06-25T23:33:16.762827,23891.164,52409.805,0.817,183.494,11902.799,0.016,0.0
37.837,2026-06-25T23:33:16.823662,23884.367,52409.805,0.848,183.495,11902.799,0.019,0.0
37.888,2026-06-25T23:33:16.874641,23892.371,52409.805,0.823,183.496,11902.799,0.019,0.0
37.939,2026-06-25T23:33:16.925639,23892.371,52409.805,0.806,183.497,11902.799,0.019,0.0
37.99,2026-06-25T23:33:16.976616,23892.371,52409.805,0.794,183.497,11902.799,0.019,0.0
38.041,2026-06-25T23:33:17.027618,23892.371,52409.805,0.786,183.498,11902.799,0.019,0.0
38.092,2026-06-25T23:33:17.078573,23892.383,52409.805,0.78,183.499,11902.799,0.019,0.0
38.143,2026-06-25T23:33:17.129573,23892.391,52409.805,0.776,183.5,11902.799,0.019,0.0
38.194,2026-06-25T23:33:17.180569,23892.391,52409.805,0.773,183.501,11902.799,0.019,0.0
38.245,2026-06-25T23:33:17.231566,23892.398,52409.805,0.771,183.502,11902.799,0.019,0.0
38.296,2026-06-25T23:33:17.282547,23892.398,52409.805,0.816,183.503,11902.799,0.019,0.0
38.347,2026-06-25T23:33:17.333550,23892.906,52409.805,0.801,183.504,11902.799,0.019,0.0
38.398,2026-06-25T23:33:17.384540,23901.492,52409.805,0.744,183.505,11902.799,0.019,0.0
38.449,2026-06-25T23:33:17.435565,23908.406,52409.805,0.797,183.506,11902.799,0.019,0.0
38.5,2026-06-25T23:33:17.486542,23915.277,52409.805,0.788,183.507,11902.799,0.019,0.0
38.551,2026-06-25T23:33:17.537544,23915.77,52409.805,0.781,183.508,11902.799,0.019,0.0
38.602,2026-06-25T23:33:17.588517,23921.297,52409.805,0.777,183.509,11902.799,0.019,0.0
38.653,2026-06-25T23:33:17.639547,23928.223,52409.805,0.819,183.51,11902.799,0.019,0.0
38.704,2026-06-25T23:33:17.690521,23937.645,52409.805,0.757,183.511,11902.799,0.019,0.0
38.755,2026-06-25T23:33:17.741528,23947.008,52409.805,0.76,183.512,11902.799,0.019,0.0
38.806,2026-06-25T23:33:17.792507,23956.047,52409.805,0.854,183.513,11902.799,0.019,0.0
38.857,2026-06-25T23:33:17.843514,23964.359,52521.805,0.873,183.514,11902.799,0.019,0.0
38.908,2026-06-25T23:33:17.894514,23973.5,52521.805,0.795,183.515,11902.799,0.019,0.0
38.959,2026-06-25T23:33:17.945499,23979.02,52521.805,0.833,183.516,11902.799,0.019,0.0
39.01,2026-06-25T23:33:17.996482,23987.895,52521.805,0.813,183.517,11902.799,0.019,0.0
39.061,2026-06-25T23:33:18.047480,23996.664,52521.805,0.845,183.518,11902.799,0.019,0.0
39.112,2026-06-25T23:33:18.098460,24005.578,52521.805,0.775,183.519,11902.799,0.019,0.0
39.163,2026-06-25T23:33:18.149454,24019.852,52521.805,0.772,183.52,11902.799,0.019,0.0
39.214,2026-06-25T23:33:18.200438,24036.633,52521.805,0.771,183.521,11902.799,0.019,0.0
39.265,2026-06-25T23:33:18.251438,24046.641,52521.805,0.815,183.522,11902.799,0.019,0.0
39.316,2026-06-25T23:33:18.302427,24046.641,52521.805,0.8,183.523,11902.799,0.019,0.0
39.367,2026-06-25T23:33:18.353435,24046.652,52521.805,0.79,183.524,11902.799,0.019,0.0
39.417,2026-06-25T23:33:18.404401,24046.652,52521.805,0.783,183.525,11902.799,0.019,0.0
39.468,2026-06-25T23:33:18.455393,24022.629,52521.805,0.778,183.526,11902.799,0.019,0.0
39.519,2026-06-25T23:33:18.506369,23980.5,52521.805,0.774,183.527,11902.799,0.019,0.0
39.57,2026-06-25T23:33:18.557380,23980.5,52521.805,0.772,183.528,11902.799,0.019,0.0
39.621,2026-06-25T23:33:18.608356,23977.113,52521.805,0.77,183.529,11902.799,0.019,0.0
39.672,2026-06-25T23:33:18.659333,23977.113,52521.805,0.769,183.53,11902.799,0.019,0.0
39.793,2026-06-25T23:33:18.779854,23977.113,52521.805,0.909,183.87,11902.799,2.836,0.0
39.843,2026-06-25T23:33:18.830289,23977.113,52521.805,0.914,183.871,11902.799,0.019,0.0
39.894,2026-06-25T23:33:18.880862,23977.113,52521.805,0.871,183.872,11902.799,0.019,0.0
39.945,2026-06-25T23:33:18.931494,23975.605,52521.805,0.841,183.873,11902.799,0.019,0.0
39.995,2026-06-25T23:33:18.982314,23975.605,52521.805,0.819,183.874,11902.799,0.019,0.0
40.046,2026-06-25T23:33:19.033078,23975.605,52521.805,0.85,183.875,11902.799,0.019,0.0
40.097,2026-06-25T23:33:19.084051,23974.305,52521.805,0.825,183.876,11902.799,0.019,0.0
40.148,2026-06-25T23:33:19.135021,23973.645,52521.805,0.807,183.877,11902.799,0.019,0.0
40.199,2026-06-25T23:33:19.186018,23973.645,52521.805,0.841,183.878,11902.799,0.019,0.0
40.25,2026-06-25T23:33:19.237014,23973.645,52521.805,0.818,183.879,11902.799,0.019,0.0
40.301,2026-06-25T23:33:19.288006,23973.645,52521.805,0.803,183.88,11902.799,0.019,0.0
40.352,2026-06-25T23:33:19.338990,23971.742,52521.805,0.792,183.881,11902.799,0.019,0.0
40.403,2026-06-25T23:33:19.389982,23971.742,52521.805,0.784,183.882,11902.799,0.019,0.0
40.454,2026-06-25T23:33:19.440970,23988.449,52521.805,0.824,183.883,11902.799,0.019,0.0
40.505,2026-06-25T23:33:19.491977,23993.641,52521.805,0.807,183.884,11902.799,0.019,0.0
40.556,2026-06-25T23:33:19.542951,23971.742,52521.805,0.795,183.885,11902.799,0.019,0.0
40.607,2026-06-25T23:33:19.593952,23970.586,52521.805,0.74,183.886,11902.799,0.019,0.0
40.658,2026-06-25T23:33:19.644928,23970.59,52521.805,0.794,183.887,11902.799,0.019,0.0
40.709,2026-06-25T23:33:19.695910,23970.59,52521.805,0.786,183.888,11902.799,0.019,0.0
40.76,2026-06-25T23:33:19.746879,23970.59,52521.805,0.78,183.889,11902.799,0.019,0.0
40.811,2026-06-25T23:33:19.797882,23970.594,52521.805,0.776,183.89,11902.799,0.019,0.0
40.862,2026-06-25T23:33:19.848870,23970.594,52521.805,0.773,183.891,11902.799,0.019,0.0
40.913,2026-06-25T23:33:19.899878,23970.594,52521.805,0.771,183.892,11902.799,0.019,0.0
40.964,2026-06-25T23:33:19.950850,23972.945,52521.805,0.769,183.893,11902.799,0.019,0.0
41.015,2026-06-25T23:33:20.001844,23979.852,52521.805,0.86,183.894,11902.799,0.019,0.0
41.066,2026-06-25T23:33:20.052827,23987.012,52521.805,0.832,183.894,11902.799,0.019,0.0
41.117,2026-06-25T23:33:20.103820,23993.938,52521.805,0.812,183.895,11902.799,0.019,0.0
41.168,2026-06-25T23:33:20.154818,23998.773,52521.805,0.798,183.896,11902.799,0.019,0.0
41.219,2026-06-25T23:33:20.205835,24003.145,52521.805,0.789,183.897,11902.799,0.019,0.0
41.27,2026-06-25T23:33:20.256820,24004.672,52521.805,0.782,183.898,11902.799,0.019,0.0
41.321,2026-06-25T23:33:20.307816,24008.406,52521.805,0.777,183.899,11902.799,0.019,0.0
41.372,2026-06-25T23:33:20.358798,24011.969,52521.805,0.82,183.9,11902.799,0.019,0.0
41.423,2026-06-25T23:33:20.409821,24019.535,52521.805,0.85,183.901,11902.799,0.019,0.0
41.474,2026-06-25T23:33:20.460799,24027.379,52521.805,0.824,183.902,11902.799,0.019,0.0
41.525,2026-06-25T23:33:20.511819,24034.945,52521.805,0.761,183.903,11902.799,0.019,0.0
41.576,2026-06-25T23:33:20.562798,24042.012,52521.805,0.762,183.904,11902.799,0.019,0.0
41.627,2026-06-25T23:33:20.613824,24049.688,52521.805,0.809,183.905,11902.799,0.019,0.0
41.678,2026-06-25T23:33:20.664816,24054.609,52649.805,0.796,183.906,11902.799,0.019,0.0
41.729,2026-06-25T23:33:20.715808,24061.422,52649.805,0.787,183.907,11902.799,0.019,0.0
41.78,2026-06-25T23:33:20.766762,24068.895,52649.805,0.781,183.908,11902.799,0.019,0.0
41.831,2026-06-25T23:33:20.817765,24076.051,52649.805,0.777,183.909,11902.799,0.019,0.0
41.882,2026-06-25T23:33:20.868757,24085.254,52649.805,0.773,183.91,11902.799,0.019,0.0
41.933,2026-06-25T23:33:20.919773,24102.957,52649.805,0.771,183.911,11902.799,0.019,0.0
41.984,2026-06-25T23:33:20.970760,24120.262,52649.805,0.816,183.912,11902.799,0.019,0.0
42.035,2026-06-25T23:33:21.021769,24120.262,52649.805,0.847,183.913,11902.799,0.019,0.0
42.086,2026-06-25T23:33:21.072746,24120.262,52649.805,0.822,183.914,11902.799,0.019,0.0
42.137,2026-06-25T23:33:21.123736,24120.273,52649.805,0.806,183.915,11902.799,0.019,0.0
42.188,2026-06-25T23:33:21.174717,24120.273,52649.805,0.794,183.916,11902.799,0.019,0.0
42.239,2026-06-25T23:33:21.225722,24120.273,52649.805,0.785,183.917,11902.799,0.019,0.0
42.29,2026-06-25T23:33:21.276707,24072.816,52649.805,0.78,183.918,11902.799,0.019,0.0
42.341,2026-06-25T23:33:21.327727,24072.816,52649.805,0.776,183.919,11902.799,0.019,0.0
42.392,2026-06-25T23:33:21.378706,24072.816,52649.805,0.773,183.92,11902.799,0.019,0.0
42.443,2026-06-25T23:33:21.429711,24072.297,52649.805,0.816,183.921,11902.799,0.019,0.0
42.494,2026-06-25T23:33:21.480697,24072.297,52649.805,0.801,183.922,11902.799,0.019,0.0
42.545,2026-06-25T23:33:21.531710,24072.297,52649.805,0.837,183.923,11902.799,0.019,0.0
42.596,2026-06-25T23:33:21.582710,24071.414,52649.805,0.815,183.924,11902.799,0.019,0.0
42.647,2026-06-25T23:33:21.633714,24071.414,52649.805,0.801,183.925,11902.799,0.019,0.0
42.698,2026-06-25T23:33:21.684692,24066.762,52649.805,0.79,183.926,11902.799,0.019,0.0
42.749,2026-06-25T23:33:21.735690,24066.762,52649.805,0.783,183.927,11902.799,0.019,0.0
42.8,2026-06-25T23:33:21.786665,24066.762,52649.805,0.778,183.928,11902.799,0.019,0.0
42.851,2026-06-25T23:33:21.837667,24065.02,52649.805,0.774,183.929,11902.799,0.019,0.0
42.902,2026-06-25T23:33:21.888626,24064.438,52649.805,0.772,183.93,11902.799,0.019,0.0
42.953,2026-06-25T23:33:21.939611,24064.438,52649.805,0.77,183.93,11902.799,0.019,0.0
43.004,2026-06-25T23:33:21.990598,24064.438,52649.805,0.769,183.931,11902.799,0.019,0.0
43.055,2026-06-25T23:33:22.041613,24061.449,52649.805,0.768,183.932,11902.799,0.019,0.0
43.106,2026-06-25T23:33:22.092593,24060.508,52649.805,0.767,183.933,11902.799,0.019,0.0
43.157,2026-06-25T23:33:22.143600,24060.199,52649.805,0.767,183.934,11902.799,0.019,0.0
43.208,2026-06-25T23:33:22.194580,24060.199,52649.805,0.813,183.935,11902.799,0.019,0.0
43.259,2026-06-25T23:33:22.245592,24080.883,52649.805,0.799,183.936,11902.799,0.019,0.0
43.31,2026-06-25T23:33:22.296581,24060.199,52649.805,0.789,183.937,11902.799,0.019,0.0
43.361,2026-06-25T23:33:22.347585,24058.383,52649.805,0.782,183.938,11902.799,0.019,0.0
43.412,2026-06-25T23:33:22.398563,24058.383,52649.805,0.778,183.939,11902.799,0.019,0.0
43.463,2026-06-25T23:33:22.449563,24057.23,52649.805,0.866,183.94,11902.799,0.019,0.0
43.514,2026-06-25T23:33:22.500558,24065.234,52649.805,0.836,183.941,11902.799,0.019,0.0
43.565,2026-06-25T23:33:22.551571,24071.691,52649.805,0.861,183.942,11902.799,0.019,0.0
43.616,2026-06-25T23:33:22.602548,24070.812,52649.805,0.832,183.943,11902.799,0.019,0.0
43.667,2026-06-25T23:33:22.653559,24070.812,52649.805,0.813,183.944,11902.799,0.019,0.0
43.718,2026-06-25T23:33:22.704524,24070.812,52649.805,0.799,183.945,11902.799,0.019,0.0
43.769,2026-06-25T23:33:22.755533,24070.324,52649.805,0.789,183.946,11902.799,0.019,0.0
43.82,2026-06-25T23:33:22.806508,24070.324,52649.805,0.782,183.947,11902.799,0.019,0.0
43.871,2026-06-25T23:33:22.857518,24070.324,52649.805,0.777,183.948,11902.799,0.019,0.0
43.922,2026-06-25T23:33:22.908492,24065.855,52649.805,0.774,183.949,11902.799,0.019,0.0
43.973,2026-06-25T23:33:22.959506,24065.855,52649.805,0.771,183.95,11902.799,0.019,0.0
44.024,2026-06-25T23:33:23.010492,24064.957,52649.805,0.77,183.951,11902.799,0.019,0.0
44.075,2026-06-25T23:33:23.061498,24064.957,52649.805,0.815,183.952,11902.799,0.019,0.0
44.126,2026-06-25T23:33:23.112474,24064.957,52649.805,0.8,183.953,11902.799,0.019,0.0
44.177,2026-06-25T23:33:23.163479,24064.957,52649.805,0.79,183.954,11902.799,0.019,0.0
44.228,2026-06-25T23:33:23.214474,24064.957,52649.805,0.783,183.955,11902.799,0.019,0.0
44.279,2026-06-25T23:33:23.265493,24064.957,52649.805,0.778,183.956,11902.799,0.019,0.0
44.33,2026-06-25T23:33:23.316464,24060.887,52649.805,0.774,183.957,11902.799,0.019,0.0
44.381,2026-06-25T23:33:23.367465,24060.91,52649.805,0.772,183.958,11902.799,0.019,0.0
44.432,2026-06-25T23:33:23.418447,24060.531,52649.805,0.816,183.959,11902.799,0.019,0.0
44.483,2026-06-25T23:33:23.469464,24059.094,52649.805,0.801,183.96,11902.799,0.019,0.0
44.534,2026-06-25T23:33:23.520446,24059.094,52649.805,0.791,183.961,11902.799,0.019,0.0
44.585,2026-06-25T23:33:23.571445,24058.25,52649.805,0.829,183.962,11902.799,0.019,0.0
44.636,2026-06-25T23:33:23.622423,24078.918,52649.805,0.856,183.963,11902.799,0.019,0.0
44.687,2026-06-25T23:33:23.673443,24080.152,52649.805,0.829,183.964,11902.799,0.019,0.0
44.807,2026-06-25T23:33:23.793785,24051.602,52649.805,0.932,184.304,11902.799,2.84,0.0
44.857,2026-06-25T23:33:23.844205,24051.602,52649.805,0.93,184.305,11902.799,0.019,0.0
44.908,2026-06-25T23:33:23.894774,24051.602,52649.805,0.883,184.306,11902.799,0.019,0.0
44.958,2026-06-25T23:33:23.945366,24051.602,52649.805,0.849,184.307,11902.799,0.019,0.0
45.009,2026-06-25T23:33:23.996099,24051.602,52649.805,0.825,184.308,11902.799,0.019,0.0
45.06,2026-06-25T23:33:24.046875,24059.605,52649.805,0.854,184.309,11902.799,0.019,0.0
45.111,2026-06-25T23:33:24.097858,24051.602,52649.805,0.828,184.31,11902.799,0.019,0.0
45.162,2026-06-25T23:33:24.148854,24051.602,52649.805,0.809,184.311,11902.799,0.019,0.0
45.213,2026-06-25T23:33:24.199833,24051.602,52649.805,0.796,184.312,11902.799,0.019,0.0
45.264,2026-06-25T23:33:24.250835,24051.602,52649.805,0.787,184.313,11902.799,0.019,0.0
45.315,2026-06-25T23:33:24.301813,24051.602,52649.805,0.781,184.314,11902.799,0.019,0.0
45.366,2026-06-25T23:33:24.352832,24051.602,52649.805,0.776,184.315,11902.799,0.019,0.0
45.417,2026-06-25T23:33:24.403806,24061.605,52649.805,0.773,184.316,11902.799,0.019,0.0
45.468,2026-06-25T23:33:24.454805,24061.605,52649.805,0.771,184.317,11902.799,0.019,0.0
45.519,2026-06-25T23:33:24.505785,24071.609,52649.805,0.724,184.318,11902.799,0.019,0.0
45.57,2026-06-25T23:33:24.556801,24065.5,52649.805,0.782,184.319,11902.799,0.019,0.0
45.621,2026-06-25T23:33:24.607793,24065.5,52649.805,0.777,184.32,11902.799,0.019,0.0
45.672,2026-06-25T23:33:24.658789,24065.5,52649.805,0.774,184.321,11902.799,0.019,0.0
45.723,2026-06-25T23:33:24.709760,24065.5,52649.805,0.771,184.322,11902.799,0.019,0.0
45.774,2026-06-25T23:33:24.760762,24081.508,52649.805,0.77,184.323,11902.799,0.019,0.0
45.825,2026-06-25T23:33:24.811749,24087.406,52649.805,0.815,184.324,11902.799,0.019,0.0
45.876,2026-06-25T23:33:24.862743,24065.504,52649.805,0.846,184.325,11902.799,0.019,0.0
45.927,2026-06-25T23:33:24.913721,24065.504,52649.805,0.822,184.326,11902.799,0.019,0.0
45.978,2026-06-25T23:33:24.964725,24065.504,52649.805,0.805,184.327,11902.799,0.019,0.0
46.029,2026-06-25T23:33:25.015719,24052.648,52649.805,0.793,184.327,11902.799,0.019,0.0
46.08,2026-06-25T23:33:25.066708,24032.645,52649.805,0.785,184.328,11902.799,0.019,0.0
46.131,2026-06-25T23:33:25.117690,24032.645,52649.805,0.779,184.329,11902.799,0.019,0.0
46.182,2026-06-25T23:33:25.168688,24026.699,52649.805,0.775,184.33,11902.799,0.019,0.0
46.233,2026-06-25T23:33:25.219674,24026.699,52649.805,0.773,184.331,11902.799,0.019,0.0
46.284,2026-06-25T23:33:25.270691,24026.699,52649.805,0.771,184.332,11902.799,0.019,0.0
46.335,2026-06-25T23:33:25.321675,24026.699,52649.805,0.769,184.333,11902.799,0.019,0.0
46.386,2026-06-25T23:33:25.372677,24032.695,52649.805,0.768,184.334,11902.799,0.019,0.0
46.437,2026-06-25T23:33:25.423639,24032.695,52649.805,0.86,184.335,11902.799,0.019,0.0
46.488,2026-06-25T23:33:25.474645,24052.699,52649.805,0.878,184.336,11902.799,0.019,0.0
46.539,2026-06-25T23:33:25.525647,24039.07,52649.805,0.844,184.337,11902.799,0.019,0.0
46.59,2026-06-25T23:33:25.576650,24039.07,52649.805,0.821,184.338,11902.799,0.019,0.0
46.641,2026-06-25T23:33:25.627635,24037.414,52649.805,0.804,184.339,11902.799,0.019,0.0
46.692,2026-06-25T23:33:25.678648,24037.414,52649.805,0.793,184.34,11902.799,0.019,0.0
46.743,2026-06-25T23:33:25.729624,24061.422,52649.805,0.785,184.341,11902.799,0.019,0.0
46.794,2026-06-25T23:33:25.780629,24059.316,52649.805,0.779,184.342,11902.799,0.019,0.0
46.845,2026-06-25T23:33:25.831596,24037.414,52649.805,0.775,184.343,11902.799,0.019,0.0
46.896,2026-06-25T23:33:25.882574,24037.414,52649.805,0.773,184.344,11902.799,0.019,0.0
46.947,2026-06-25T23:33:25.933513,24037.414,52649.805,0.771,184.345,11902.799,0.019,0.0
46.998,2026-06-25T23:33:25.984531,24037.414,52649.805,0.769,184.346,11902.799,0.019,0.0
47.049,2026-06-25T23:33:26.035518,24037.414,52649.805,0.768,184.347,11902.799,0.019,0.0
47.1,2026-06-25T23:33:26.086502,24021.559,52649.805,0.768,184.348,11902.799,0.019,0.0
47.151,2026-06-25T23:33:26.137490,24021.559,52649.805,0.813,184.349,11902.799,0.019,0.0
47.202,2026-06-25T23:33:26.188498,24021.559,52649.805,0.799,184.35,11902.799,0.019,0.0
47.253,2026-06-25T23:33:26.239473,24027.844,52649.805,0.789,184.351,11902.799,0.019,0.0
47.304,2026-06-25T23:33:26.290476,24007.84,52649.805,0.782,184.352,11902.799,0.019,0.0
47.355,2026-06-25T23:33:26.341452,23990.734,52649.805,0.823,184.353,11902.799,0.019,0.0
47.406,2026-06-25T23:33:26.392432,23990.734,52649.805,0.806,184.354,11902.799,0.019,0.0
47.456,2026-06-25T23:33:26.443413,23987.055,52649.805,0.794,184.355,11902.799,0.019,0.0
47.508,2026-06-25T23:33:26.494433,23987.055,52649.805,0.832,184.356,11902.799,0.019,0.0
47.558,2026-06-25T23:33:26.545415,23987.055,52649.805,0.812,184.357,11902.799,0.019,0.0
47.61,2026-06-25T23:33:26.596425,23987.055,52649.805,0.798,184.358,11902.799,0.019,0.0
47.66,2026-06-25T23:33:26.647401,23985.699,52649.805,0.788,184.359,11902.799,0.019,0.0
47.712,2026-06-25T23:33:26.698432,23985.699,52649.805,0.782,184.36,11902.799,0.019,0.0
47.762,2026-06-25T23:33:26.749403,23985.699,52649.805,0.777,184.361,11902.799,0.019,0.0
47.813,2026-06-25T23:33:26.800397,23982.5,52649.805,0.774,184.362,11902.799,0.019,0.0
47.864,2026-06-25T23:33:26.851364,23982.5,52649.805,0.771,184.363,11902.799,0.019,0.0
47.915,2026-06-25T23:33:26.902367,23982.5,52649.805,0.77,184.363,11902.799,0.019,0.0
47.966,2026-06-25T23:33:26.953376,23998.504,52649.805,0.815,184.364,11902.799,0.019,0.0
48.017,2026-06-25T23:33:27.004372,24004.402,52649.805,0.754,184.365,11902.799,0.019,0.0
48.068,2026-06-25T23:33:27.055358,23982.5,52649.805,0.803,184.366,11902.799,0.019,0.0
48.119,2026-06-25T23:33:27.106350,23982.5,52649.805,0.792,184.367,11902.799,0.019,0.0
48.17,2026-06-25T23:33:27.157340,23969.562,52649.805,0.83,184.368,11902.799,0.019,0.0
48.221,2026-06-25T23:33:27.208352,23969.562,52649.805,0.811,184.369,11902.799,0.019,0.0
48.272,2026-06-25T23:33:27.259330,23969.562,52649.805,0.844,184.37,11902.799,0.019,0.0
48.323,2026-06-25T23:33:27.310289,23969.562,52649.805,0.82,184.371,11902.799,0.019,0.0
48.374,2026-06-25T23:33:27.361246,23969.562,52649.805,0.804,184.372,11902.799,0.019,0.0
48.425,2026-06-25T23:33:27.412224,23977.566,52649.805,0.793,184.373,11902.799,0.019,0.0
48.476,2026-06-25T23:33:27.463228,23969.562,52649.805,0.831,184.374,11902.799,0.019,0.0
48.527,2026-06-25T23:33:27.514194,23969.562,52649.805,0.811,184.375,11902.799,0.019,0.0
48.578,2026-06-25T23:33:27.565196,23969.562,52649.805,0.798,184.376,11902.799,0.019,0.0
48.629,2026-06-25T23:33:27.616173,23969.562,52649.805,0.788,184.377,11902.799,0.019,0.0
48.68,2026-06-25T23:33:27.667181,23969.562,52649.805,0.781,184.378,11902.799,0.019,0.0
48.731,2026-06-25T23:33:27.718167,23969.562,52649.805,0.823,184.379,11902.799,0.019,0.0
48.782,2026-06-25T23:33:27.769117,23979.566,52649.805,0.806,184.38,11902.799,0.019,0.0
48.833,2026-06-25T23:33:27.820119,23979.566,52649.805,0.794,184.381,11902.799,0.019,0.0
48.884,2026-06-25T23:33:27.871098,23979.566,52649.805,0.786,184.382,11902.799,0.019,0.0
48.935,2026-06-25T23:33:27.922081,23989.566,52649.805,0.78,184.383,11902.799,0.019,0.0
48.986,2026-06-25T23:33:27.973048,23989.566,52649.805,0.821,184.384,11902.799,0.019,0.0
49.037,2026-06-25T23:33:28.024037,23989.566,52649.805,0.805,184.385,11902.799,0.019,0.0
49.088,2026-06-25T23:33:28.075018,23988.391,52649.805,0.793,184.386,11902.799,0.019,0.0
49.139,2026-06-25T23:33:28.126010,23996.395,52649.805,0.739,184.387,11902.799,0.019,0.0
49.19,2026-06-25T23:33:28.176975,24009.934,52649.805,0.793,184.388,11902.799,0.019,0.0
49.241,2026-06-25T23:33:28.227969,24010.293,52649.805,0.785,184.389,11902.799,0.019,0.0
49.292,2026-06-25T23:33:28.278941,23988.391,52649.805,0.78,184.39,11902.799,0.019,0.0
49.343,2026-06-25T23:33:28.329939,23988.391,52649.805,0.775,184.391,11902.799,0.019,0.0
49.394,2026-06-25T23:33:28.380909,23988.391,52649.805,0.773,184.392,11902.799,0.019,0.0
49.445,2026-06-25T23:33:28.431893,23978.496,52649.805,0.771,184.393,11902.799,0.019,0.0
49.496,2026-06-25T23:33:28.482866,23958.492,52649.805,0.815,184.394,11902.799,0.019,0.0
49.547,2026-06-25T23:33:28.533857,23958.492,52649.805,0.801,184.395,11902.799,0.019,0.0
49.598,2026-06-25T23:33:28.584836,23955.754,52649.805,0.79,184.396,11902.799,0.019,0.0
49.649,2026-06-25T23:33:28.635842,23955.754,52649.805,0.783,184.397,11902.799,0.019,0.0
49.7,2026-06-25T23:33:28.686812,23955.754,52649.805,0.778,184.398,11902.799,0.019,0.0
49.821,2026-06-25T23:33:28.807750,23964.82,52649.805,0.914,184.738,11902.799,2.827,0.0
49.871,2026-06-25T23:33:28.858181,23964.82,52649.805,0.918,184.739,11902.799,0.019,0.0
49.922,2026-06-25T23:33:28.908750,23974.82,52649.805,0.874,184.74,11902.799,0.019,0.0
49.973,2026-06-25T23:33:28.959467,23974.547,52649.805,0.843,184.741,11902.799,0.019,0.0
50.023,2026-06-25T23:33:29.010213,23974.547,52649.805,0.821,184.742,11902.799,0.019,0.0
50.074,2026-06-25T23:33:29.060964,23974.547,52649.805,0.897,184.743,11902.799,0.019,0.0
50.125,2026-06-25T23:33:29.111953,23977.023,52649.805,0.858,184.744,11902.799,0.019,0.0
50.176,2026-06-25T23:33:29.162888,23995.348,52649.805,0.83,184.745,11902.799,0.019,0.0
50.227,2026-06-25T23:33:29.213898,23996.449,52649.805,0.811,184.746,11902.799,0.019,0.0
50.278,2026-06-25T23:33:29.264872,23974.547,52649.805,0.798,184.747,11902.799,0.019,0.0
50.329,2026-06-25T23:33:29.315870,23974.547,52649.805,0.788,184.748,11902.799,0.019,0.0
50.38,2026-06-25T23:33:29.366842,23974.547,52649.805,0.782,184.749,11902.799,0.019,0.0
50.431,2026-06-25T23:33:29.417834,23974.547,52649.805,0.777,184.75,11902.799,0.019,0.0
50.482,2026-06-25T23:33:29.468824,23974.547,52649.805,0.774,184.751,11902.799,0.019,0.0
50.533,2026-06-25T23:33:29.519817,23967.766,52649.805,0.772,184.752,11902.799,0.019,0.0
50.584,2026-06-25T23:33:29.570792,23967.766,52649.805,0.816,184.753,11902.799,0.019,0.0
50.635,2026-06-25T23:33:29.621795,23967.766,52649.805,0.801,184.754,11902.799,0.019,0.0
50.686,2026-06-25T23:33:29.672784,23981.867,52649.805,0.744,184.755,11902.799,0.019,0.0
50.737,2026-06-25T23:33:29.723797,23961.863,52649.805,0.797,184.756,11902.799,0.019,0.0
50.788,2026-06-25T23:33:29.774771,23950.199,52649.805,0.788,184.757,11902.799,0.019,0.0
50.839,2026-06-25T23:33:29.825761,23950.199,52649.805,0.781,184.758,11902.799,0.019,0.0
50.89,2026-06-25T23:33:29.876729,23950.199,52649.805,0.777,184.759,11902.799,0.019,0.0
50.941,2026-06-25T23:33:29.927721,23950.199,52649.805,0.82,184.759,11902.799,0.019,0.0
50.992,2026-06-25T23:33:29.978670,23950.199,52649.805,0.804,184.76,11902.799,0.019,0.0
51.043,2026-06-25T23:33:30.029660,23950.199,52649.805,0.793,184.761,11902.799,0.019,0.0
51.094,2026-06-25T23:33:30.080636,23950.199,52649.805,0.83,184.762,11902.799,0.019,0.0
51.145,2026-06-25T23:33:30.131641,23950.199,52649.805,0.811,184.763,11902.799,0.019,0.0
51.196,2026-06-25T23:33:30.182610,23950.199,52649.805,0.844,184.764,11902.799,0.019,0.0
51.247,2026-06-25T23:33:30.233610,23945.645,52649.805,0.821,184.765,11902.799,0.019,0.0
51.298,2026-06-25T23:33:30.284581,23945.648,52649.805,0.805,184.766,11902.799,0.019,0.0
51.349,2026-06-25T23:33:30.335581,23945.648,52649.805,0.793,184.767,11902.799,0.019,0.0
51.4,2026-06-25T23:33:30.386560,23945.648,52649.805,0.785,184.768,11902.799,0.019,0.0
51.451,2026-06-25T23:33:30.437553,23939.105,52649.805,0.779,184.769,11902.799,0.019,0.0
51.502,2026-06-25T23:33:30.488519,23939.105,52649.805,0.775,184.77,11902.799,0.019,0.0
51.553,2026-06-25T23:33:30.539514,23939.105,52649.805,0.773,184.771,11902.799,0.019,0.0
51.604,2026-06-25T23:33:30.590472,23939.105,52649.805,0.771,184.772,11902.799,0.019,0.0
51.655,2026-06-25T23:33:30.641492,23939.105,52649.805,0.769,184.773,11902.799,0.019,0.0
51.706,2026-06-25T23:33:30.692444,23939.105,52649.805,0.815,184.774,11902.799,0.019,0.0
51.767,2026-06-25T23:33:30.754355,23939.105,52649.805,0.835,184.775,11902.799,0.016,0.0
51.818,2026-06-25T23:33:30.805343,23939.105,52649.805,0.814,184.776,11902.799,0.019,0.0
51.869,2026-06-25T23:33:30.856298,23939.105,52649.805,0.846,184.777,11902.799,0.019,0.0
51.92,2026-06-25T23:33:30.907250,23939.105,52649.805,0.822,184.778,11902.799,0.019,0.0
51.971,2026-06-25T23:33:30.958223,23939.105,52649.805,0.805,184.779,11902.799,0.019,0.0
52.022,2026-06-25T23:33:31.009193,23939.105,52649.805,0.793,184.78,11902.799,0.019,0.0
52.073,2026-06-25T23:33:31.060198,23939.105,52649.805,0.785,184.781,11902.799,0.019,0.0
52.124,2026-06-25T23:33:31.111122,23939.105,52649.805,0.78,184.782,11902.799,0.019,0.0
52.175,2026-06-25T23:33:31.162098,23939.105,52649.805,0.821,184.783,11902.799,0.019,0.0
52.226,2026-06-25T23:33:31.213087,23939.105,52649.805,0.805,184.784,11902.799,0.019,0.0
52.277,2026-06-25T23:33:31.264061,23939.105,52649.805,0.793,184.785,11902.799,0.019,0.0
52.328,2026-06-25T23:33:31.315075,23939.105,52649.805,0.785,184.786,11902.799,0.019,0.0
52.379,2026-06-25T23:33:31.366050,23939.105,52649.805,0.779,184.787,11902.799,0.019,0.0
52.43,2026-06-25T23:33:31.417040,23939.105,52649.805,0.776,184.788,11902.799,0.019,0.0
52.481,2026-06-25T23:33:31.468011,23939.105,52649.805,0.773,184.789,11902.799,0.019,0.0
52.532,2026-06-25T23:33:31.519014,23939.105,52649.805,0.771,184.79,11902.799,0.019,0.0
52.583,2026-06-25T23:33:31.569979,23939.105,52649.805,0.77,184.791,11902.799,0.019,0.0
52.634,2026-06-25T23:33:31.620967,23939.184,52649.805,0.769,184.792,11902.799,0.019,0.0
52.685,2026-06-25T23:33:31.671936,23939.184,52649.805,0.86,184.793,11902.799,0.019,0.0
52.736,2026-06-25T23:33:31.722933,23939.184,52649.805,0.831,184.794,11902.799,0.019,0.0
52.787,2026-06-25T23:33:31.773989,23939.184,52649.805,0.858,184.795,11902.799,0.019,0.0
52.838,2026-06-25T23:33:31.824980,23939.184,52649.805,0.83,184.795,11902.799,0.019,0.0
52.889,2026-06-25T23:33:31.875942,23939.207,52649.805,0.811,184.796,11902.799,0.019,0.0
52.94,2026-06-25T23:33:31.926935,23939.223,52649.805,0.798,184.797,11902.799,0.019,0.0
52.991,2026-06-25T23:33:31.977904,23939.289,52649.805,0.788,184.798,11902.799,0.019,0.0
53.042,2026-06-25T23:33:32.028899,23939.289,52649.805,0.782,184.799,11902.799,0.019,0.0
53.093,2026-06-25T23:33:32.079875,23939.289,52649.805,0.777,184.8,11902.799,0.019,0.0
53.144,2026-06-25T23:33:32.130859,23939.289,52649.805,0.774,184.801,11902.799,0.019,0.0
53.195,2026-06-25T23:33:32.181762,23939.289,52649.805,0.773,184.802,11902.799,0.019,0.0
53.245,2026-06-25T23:33:32.232287,23939.289,52649.805,0.82,184.803,11902.799,0.019,0.0
53.296,2026-06-25T23:33:32.282837,23939.289,52649.805,0.804,184.804,11902.799,0.019,0.0
53.347,2026-06-25T23:33:32.333861,23939.352,52649.805,0.793,184.805,11902.799,0.019,0.0
53.398,2026-06-25T23:33:32.384835,23939.352,52649.805,0.785,184.806,11902.799,0.019,0.0
53.449,2026-06-25T23:33:32.435825,23939.352,52649.805,0.779,184.807,11902.799,0.019,0.0
53.5,2026-06-25T23:33:32.486824,23942.961,52649.805,0.775,184.808,11902.799,0.019,0.0
53.551,2026-06-25T23:33:32.537837,23947.707,52649.805,0.772,184.809,11902.799,0.019,0.0
53.602,2026-06-25T23:33:32.588814,23948.609,52649.805,0.77,184.81,11902.799,0.019,0.0
53.653,2026-06-25T23:33:32.639811,23954.508,52649.805,0.769,184.811,11902.799,0.019,0.0
53.704,2026-06-25T23:33:32.690785,23954.559,52649.824,0.768,184.812,11902.799,0.019,0.0
53.755,2026-06-25T23:33:32.741798,23954.613,52649.828,0.768,184.813,11902.799,0.019,0.0
53.806,2026-06-25T23:33:32.792761,23958.016,52649.828,0.767,184.814,11902.799,0.019,0.0
53.857,2026-06-25T23:33:32.843764,23958.168,52649.828,0.859,184.815,11902.799,0.019,0.0
53.908,2026-06-25T23:33:32.894731,23958.496,52649.828,0.831,184.816,11902.799,0.019,0.0
53.959,2026-06-25T23:33:32.945740,23959.105,52649.828,0.811,184.817,11902.799,0.019,0.0
54.01,2026-06-25T23:33:32.996719,23959.168,52649.828,0.798,184.818,11902.799,0.019,0.0
54.061,2026-06-25T23:33:33.047705,23959.176,52649.828,0.788,184.819,11902.799,0.019,0.0
54.112,2026-06-25T23:33:33.098649,23959.301,52649.828,0.782,184.82,11902.799,0.019,0.0
54.163,2026-06-25T23:33:33.149652,23959.316,52649.828,0.869,184.821,11902.799,0.019,0.0
54.214,2026-06-25T23:33:33.200646,23959.543,52649.828,0.838,184.822,11902.799,0.019,0.0
54.265,2026-06-25T23:33:33.251631,23959.695,52649.828,0.817,184.823,11902.799,0.019,0.0
54.316,2026-06-25T23:33:33.302609,23959.742,52649.828,0.802,184.824,11902.799,0.019,0.0
54.367,2026-06-25T23:33:33.353613,23959.789,52649.828,0.791,184.825,11902.799,0.019,0.0
54.418,2026-06-25T23:33:33.404603,23959.84,52649.828,0.783,184.826,11902.799,0.019,0.0
54.469,2026-06-25T23:33:33.455611,23961.348,52649.828,0.778,184.827,11902.799,0.019,0.0
54.52,2026-06-25T23:33:33.506592,23961.508,52649.828,0.774,184.828,11902.799,0.019,0.0
54.571,2026-06-25T23:33:33.557583,23961.621,52649.828,0.772,184.829,11902.799,0.019,0.0
54.622,2026-06-25T23:33:33.608558,23961.828,52649.828,0.77,184.83,11902.799,0.019,0.0
54.673,2026-06-25T23:33:33.659586,23961.992,52649.828,0.815,184.831,11902.799,0.019,0.0
54.724,2026-06-25T23:33:33.710560,23962.117,52649.828,0.8,184.831,11902.799,0.019,0.0
54.844,2026-06-25T23:33:33.831129,23962.809,52649.828,0.95,185.172,11902.799,2.836,0.0
54.895,2026-06-25T23:33:33.881541,23963.227,52649.828,0.897,185.173,11902.799,0.019,0.0
54.945,2026-06-25T23:33:33.932112,23963.922,52649.828,0.859,185.174,11902.799,0.019,0.0
54.996,2026-06-25T23:33:33.982719,23964.953,52649.828,0.833,185.175,11902.799,0.019,0.0
55.047,2026-06-25T23:33:34.033463,23965.629,52649.828,0.814,185.176,11902.799,0.019,0.0
55.097,2026-06-25T23:33:34.084293,23965.891,52649.828,0.8,185.177,11902.799,0.019,0.0
55.148,2026-06-25T23:33:34.135224,23968.914,52649.828,0.79,185.178,11902.799,0.019,0.0
55.199,2026-06-25T23:33:34.186206,23969.121,52649.828,0.783,185.179,11902.799,0.019,0.0
55.25,2026-06-25T23:33:34.237161,23969.352,52649.828,0.778,185.18,11902.799,0.019,0.0
55.301,2026-06-25T23:33:34.288113,23969.516,52649.828,0.775,185.181,11902.799,0.019,0.0
55.352,2026-06-25T23:33:34.339101,23969.684,52649.828,0.772,185.182,11902.799,0.019,0.0
55.403,2026-06-25T23:33:34.390066,23969.844,52649.828,0.816,185.183,11902.799,0.019,0.0
55.454,2026-06-25T23:33:34.441057,23970.008,52649.828,0.801,185.184,11902.799,0.019,0.0
55.505,2026-06-25T23:33:34.492022,23970.195,52649.828,0.791,185.185,11902.799,0.019,0.0
55.556,2026-06-25T23:33:34.543033,23976.352,52649.828,0.829,185.186,11902.799,0.019,0.0
55.607,2026-06-25T23:33:34.594002,23976.539,52649.828,0.811,185.187,11902.799,0.019,0.0
55.658,2026-06-25T23:33:34.644987,23976.68,52649.828,0.797,185.188,11902.799,0.019,0.0
55.709,2026-06-25T23:33:34.695933,23976.848,52649.828,0.788,185.189,11902.799,0.019,0.0
55.76,2026-06-25T23:33:34.746924,23977.332,52649.828,0.782,185.19,11902.799,0.019,0.0
55.811,2026-06-25T23:33:34.797895,23977.512,52649.828,0.777,185.191,11902.799,0.019,0.0
55.862,2026-06-25T23:33:34.848885,23977.754,52649.828,0.774,185.192,11902.799,0.019,0.0
55.913,2026-06-25T23:33:34.899854,23978.152,52649.828,0.772,185.193,11902.799,0.019,0.0
55.964,2026-06-25T23:33:34.950845,23978.516,52649.828,0.77,185.194,11902.799,0.019,0.0
56.015,2026-06-25T23:33:35.001837,23979.031,52649.828,0.769,185.195,11902.799,0.019,0.0
56.066,2026-06-25T23:33:35.052820,23979.215,52649.828,0.814,185.195,11902.799,0.019,0.0
56.117,2026-06-25T23:33:35.103767,23979.395,52649.828,0.8,185.196,11902.799,0.019,0.0
56.168,2026-06-25T23:33:35.154736,23979.57,52649.828,0.836,185.197,11902.799,0.019,0.0
56.219,2026-06-25T23:33:35.205713,23979.711,52649.828,0.815,185.198,11902.799,0.019,0.0
56.27,2026-06-25T23:33:35.256733,23980.18,52649.828,0.8,185.199,11902.799,0.019,0.0
56.321,2026-06-25T23:33:35.307696,23980.539,52649.828,0.79,185.2,11902.799,0.019,0.0
56.372,2026-06-25T23:33:35.358695,23981.215,52649.828,0.783,185.201,11902.799,0.019,0.0
56.423,2026-06-25T23:33:35.409672,23981.395,52649.828,0.778,185.202,11902.799,0.019,0.0
56.474,2026-06-25T23:33:35.460684,23982.82,52649.828,0.774,185.203,11902.799,0.019,0.0
56.525,2026-06-25T23:33:35.511689,23982.977,52649.828,0.772,185.204,11902.799,0.019,0.0
56.576,2026-06-25T23:33:35.562682,23989.965,52649.828,0.77,185.205,11902.799,0.019,0.0
56.627,2026-06-25T23:33:35.613662,23990.84,52649.828,0.769,185.206,11902.799,0.019,0.0
56.678,2026-06-25T23:33:35.664671,23990.633,52649.828,0.768,185.207,11902.799,0.019,0.0
56.729,2026-06-25T23:33:35.715642,23990.781,52649.828,0.813,185.208,11902.799,0.019,0.0
56.78,2026-06-25T23:33:35.766646,23990.977,52649.828,0.845,185.209,11902.799,0.019,0.0
56.831,2026-06-25T23:33:35.817620,23990.746,52649.828,0.822,185.21,11902.799,0.019,0.0
56.882,2026-06-25T23:33:35.868604,23990.941,52649.828,0.805,185.211,11902.799,0.019,0.0
56.933,2026-06-25T23:33:35.919580,23991.105,52649.828,0.84,185.212,11902.799,0.019,0.0
56.984,2026-06-25T23:33:35.970567,23991.289,52649.828,0.864,185.213,11902.799,0.019,0.0
57.035,2026-06-25T23:33:36.021538,23991.41,52649.828,0.834,185.214,11902.799,0.019,0.0
57.086,2026-06-25T23:33:36.072530,23991.609,52649.828,0.814,185.215,11902.799,0.019,0.0
57.137,2026-06-25T23:33:36.123482,23991.75,52649.828,0.8,185.216,11902.799,0.019,0.0
57.188,2026-06-25T23:33:36.174478,23991.961,52649.828,0.79,185.217,11902.799,0.019,0.0
57.239,2026-06-25T23:33:36.225465,23992.105,52649.828,0.783,185.218,11902.799,0.019,0.0
57.29,2026-06-25T23:33:36.276459,23992.293,52649.828,0.778,185.219,11902.799,0.019,0.0
57.341,2026-06-25T23:33:36.327432,23992.434,52649.828,0.774,185.22,11902.799,0.019,0.0
57.391,2026-06-25T23:33:36.378396,23992.586,52649.828,0.772,185.221,11902.799,0.019,0.0
57.442,2026-06-25T23:33:36.429396,23992.758,52649.828,0.77,185.222,11902.799,0.019,0.0
57.493,2026-06-25T23:33:36.480390,23992.828,52649.828,0.769,185.223,11902.799,0.019,0.0
57.544,2026-06-25T23:33:36.531372,23993.012,52649.828,0.768,185.224,11902.799,0.019,0.0
57.595,2026-06-25T23:33:36.582358,23992.609,52649.828,0.768,185.225,11902.799,0.019,0.0
57.646,2026-06-25T23:33:36.633307,23992.797,52649.828,0.767,185.226,11902.799,0.019,0.0
57.697,2026-06-25T23:33:36.684273,23992.918,52649.828,0.767,185.227,11902.799,0.019,0.0
57.748,2026-06-25T23:33:36.735210,23993.117,52649.828,0.813,185.228,11902.799,0.019,0.0
57.799,2026-06-25T23:33:36.786191,23993.234,52649.828,0.799,185.229,11902.799,0.019,0.0
57.85,2026-06-25T23:33:36.837132,23993.438,52649.828,0.789,185.23,11902.799,0.019,0.0
57.901,2026-06-25T23:33:36.888113,23993.566,52649.828,0.828,185.23,11902.799,0.019,0.0
57.952,2026-06-25T23:33:36.939116,23993.773,52649.828,0.81,185.231,11902.799,0.019,0.0
58.003,2026-06-25T23:33:36.990077,23993.867,52649.828,0.797,185.232,11902.799,0.019,0.0
58.054,2026-06-25T23:33:37.041056,23994.062,52649.828,0.788,185.233,11902.799,0.019,0.0
58.105,2026-06-25T23:33:37.092021,23994.172,52649.828,0.781,185.234,11902.799,0.019,0.0
58.156,2026-06-25T23:33:37.142998,23993.855,52649.828,0.777,185.235,11902.799,0.019,0.0
58.207,2026-06-25T23:33:37.193970,23993.977,52649.828,0.774,185.236,11902.799,0.019,0.0
58.258,2026-06-25T23:33:37.244956,23994.137,52649.828,0.771,185.237,11902.799,0.019,0.0
58.309,2026-06-25T23:33:37.295921,23994.129,52649.828,0.816,185.238,11902.799,0.019,0.0
58.36,2026-06-25T23:33:37.346920,23994.258,52649.828,0.801,185.239,11902.799,0.019,0.0
58.411,2026-06-25T23:33:37.397900,23994.441,52649.828,0.79,185.24,11902.799,0.019,0.0
58.462,2026-06-25T23:33:37.448896,23994.539,52649.828,0.829,185.241,11902.799,0.019,0.0
58.513,2026-06-25T23:33:37.499867,23994.73,52649.828,0.81,185.242,11902.799,0.019,0.0
58.564,2026-06-25T23:33:37.550873,23994.816,52649.828,0.797,185.243,11902.799,0.019,0.0
58.615,2026-06-25T23:33:37.601858,23994.992,52649.828,0.788,185.244,11902.799,0.019,0.0
58.666,2026-06-25T23:33:37.652859,23995.098,52649.828,0.781,185.245,11902.799,0.019,0.0
58.717,2026-06-25T23:33:37.703830,23995.258,52649.828,0.777,185.246,11902.799,0.019,0.0
58.768,2026-06-25T23:33:37.754820,23995.375,52649.828,0.774,185.247,11902.799,0.019,0.0
58.819,2026-06-25T23:33:37.805791,23995.668,52649.828,0.771,185.248,11902.799,0.019,0.0
58.87,2026-06-25T23:33:37.856799,23995.785,52649.828,0.77,185.249,11902.799,0.019,0.0
58.921,2026-06-25T23:33:37.907750,23995.93,52649.828,0.815,185.25,11902.799,0.019,0.0
58.972,2026-06-25T23:33:37.958726,23996.078,52649.828,0.8,185.251,11902.799,0.019,0.0
59.023,2026-06-25T23:33:38.009697,23996.203,52649.828,0.79,185.252,11902.799,0.019,0.0
59.074,2026-06-25T23:33:38.060698,23997.445,52649.828,0.783,185.253,11902.799,0.019,0.0
59.125,2026-06-25T23:33:38.111676,23997.57,52649.828,0.778,185.254,11902.799,0.019,0.0
59.176,2026-06-25T23:33:38.162660,23997.75,52649.828,0.82,185.255,11902.799,0.019,0.0
59.227,2026-06-25T23:33:38.213641,23997.883,52649.828,0.85,185.256,11902.799,0.019,0.0
59.278,2026-06-25T23:33:38.264638,23999.691,52649.828,0.825,185.257,11902.799,0.019,0.0
59.329,2026-06-25T23:33:38.315627,23999.707,52649.828,0.807,185.258,11902.799,0.019,0.0
59.38,2026-06-25T23:33:38.366621,23999.871,52649.828,0.795,185.259,11902.799,0.019,0.0
59.431,2026-06-25T23:33:38.417589,24000.012,52649.828,0.786,185.26,11902.799,0.019,0.0
59.482,2026-06-25T23:33:38.468583,24000.16,52649.828,0.826,185.261,11902.799,0.019,0.0
59.533,2026-06-25T23:33:38.519557,24000.426,52649.828,0.808,185.262,11902.799,0.019,0.0
59.584,2026-06-25T23:33:38.570547,24000.871,52649.828,0.842,185.263,11902.799,0.019,0.0
59.635,2026-06-25T23:33:38.621515,24001.781,52649.828,0.819,185.264,11902.799,0.019,0.0
59.686,2026-06-25T23:33:38.672505,24001.828,52649.828,0.803,185.265,11902.799,0.019,0.0
59.737,2026-06-25T23:33:38.723469,24001.992,52649.828,0.792,185.266,11902.799,0.019,0.0
59.858,2026-06-25T23:33:38.844579,24005.141,52649.828,0.923,185.606,11902.799,2.822,0.0
59.908,2026-06-25T23:33:38.895010,24005.262,52649.828,0.924,185.607,11902.799,0.019,0.0
59.959,2026-06-25T23:33:38.945627,24012.367,52649.828,0.879,185.608,11902.799,0.019,0.0
60.009,2026-06-25T23:33:38.996203,24020.531,52649.828,0.8,185.609,11902.799,0.019,0.0
60.06,2026-06-25T23:33:39.046937,24020.559,52649.828,0.837,185.61,11902.799,0.019,0.0
60.111,2026-06-25T23:33:39.097705,24032.68,52649.828,0.816,185.611,11902.799,0.019,0.0
60.162,2026-06-25T23:33:39.148665,24032.82,52649.828,0.801,185.612,11902.799,0.019,0.0
60.213,2026-06-25T23:33:39.199675,24032.801,52649.828,0.791,185.613,11902.799,0.019,0.0
60.264,2026-06-25T23:33:39.250643,24032.93,52649.828,0.783,185.614,11902.799,0.019,0.0
60.315,2026-06-25T23:33:39.301646,24033.09,52649.828,0.824,185.615,11902.799,0.019,0.0
60.366,2026-06-25T23:33:39.352612,24033.207,52649.828,0.807,185.616,11902.799,0.019,0.0
60.417,2026-06-25T23:33:39.403582,24033.375,52649.828,0.795,185.617,11902.799,0.019,0.0
60.468,2026-06-25T23:33:39.454562,24033.508,52649.828,0.786,185.618,11902.799,0.019,0.0
60.519,2026-06-25T23:33:39.505553,24033.688,52649.828,0.78,185.619,11902.799,0.019,0.0
60.57,2026-06-25T23:33:39.556520,24033.828,52649.828,0.776,185.62,11902.799,0.019,0.0
60.621,2026-06-25T23:33:39.607521,24033.969,52649.828,0.773,185.621,11902.799,0.019,0.0
60.672,2026-06-25T23:33:39.658513,24034.152,52649.828,0.771,185.622,11902.799,0.019,0.0
60.723,2026-06-25T23:33:39.709511,24034.262,52649.828,0.769,185.623,11902.799,0.019,0.0
60.774,2026-06-25T23:33:39.760485,24034.426,52649.828,0.768,185.624,11902.799,0.019,0.0
60.825,2026-06-25T23:33:39.811477,24034.543,52649.828,0.814,185.625,11902.799,0.019,0.0
60.876,2026-06-25T23:33:39.862461,24034.75,52649.828,0.799,185.626,11902.799,0.019,0.0
60.927,2026-06-25T23:33:39.913452,24034.852,52649.828,0.835,185.627,11902.799,0.019,0.0
60.977,2026-06-25T23:33:39.964413,24035.02,52649.828,0.815,185.628,11902.799,0.019,0.0
61.028,2026-06-25T23:33:40.015406,24035.188,52649.828,0.8,185.628,11902.799,0.019,0.0
61.079,2026-06-25T23:33:40.066370,24035.281,52649.828,0.79,185.629,11902.799,0.019,0.0
61.13,2026-06-25T23:33:40.117358,24035.457,52649.828,0.783,185.63,11902.799,0.019,0.0
61.181,2026-06-25T23:33:40.168330,24035.535,52649.828,0.824,185.631,11902.799,0.019,0.0
61.232,2026-06-25T23:33:40.219277,24035.734,52649.828,0.807,185.632,11902.799,0.019,0.0
61.283,2026-06-25T23:33:40.270223,24035.852,52649.828,0.795,185.633,11902.799,0.019,0.0
61.334,2026-06-25T23:33:40.321212,24036.004,52649.828,0.786,185.634,11902.799,0.019,0.0
61.385,2026-06-25T23:33:40.372198,24036.168,52649.828,0.78,185.635,11902.799,0.019,0.0
61.436,2026-06-25T23:33:40.423123,24036.258,52649.828,0.776,185.636,11902.799,0.019,0.0
61.487,2026-06-25T23:33:40.474098,24036.418,52649.828,0.773,185.637,11902.799,0.019,0.0
61.538,2026-06-25T23:33:40.525064,24036.527,52649.828,0.771,185.638,11902.799,0.019,0.0
61.589,2026-06-25T23:33:40.576049,24036.715,52649.828,0.769,185.639,11902.799,0.019,0.0
61.64,2026-06-25T23:33:40.627042,24036.867,52649.828,0.814,185.64,11902.799,0.019,0.0
61.691,2026-06-25T23:33:40.678023,24036.945,52649.828,0.8,185.641,11902.799,0.019,0.0
61.742,2026-06-25T23:33:40.728971,24037.152,52649.828,0.79,185.642,11902.799,0.019,0.0
61.793,2026-06-25T23:33:40.779954,24037.227,52649.828,0.783,185.643,11902.799,0.019,0.0
61.844,2026-06-25T23:33:40.830928,24037.422,52649.828,0.778,185.644,11902.799,0.019,0.0
61.895,2026-06-25T23:33:40.881933,24037.562,52649.828,0.774,185.645,11902.799,0.019,0.0
61.946,2026-06-25T23:33:40.932901,24037.664,52649.828,0.772,185.646,11902.799,0.019,0.0
61.997,2026-06-25T23:33:40.983894,24037.836,52649.828,0.77,185.647,11902.799,0.019,0.0
62.048,2026-06-25T23:33:41.034870,24037.895,52649.828,0.815,185.648,11902.799,0.019,0.0
62.099,2026-06-25T23:33:41.085851,24038.082,52649.828,0.8,185.649,11902.799,0.019,0.0
62.15,2026-06-25T23:33:41.136821,24038.219,52649.828,0.836,185.65,11902.799,0.019,0.0
62.201,2026-06-25T23:33:41.187804,24038.324,52649.828,0.815,185.651,11902.799,0.019,0.0
62.252,2026-06-25T23:33:41.238754,24038.492,52649.828,0.847,185.652,11902.799,0.019,0.0
62.303,2026-06-25T23:33:41.289762,24038.586,52649.828,0.822,185.653,11902.799,0.019,0.0
62.354,2026-06-25T23:33:41.340741,24038.781,52649.828,0.806,185.654,11902.799,0.019,0.0
62.405,2026-06-25T23:33:41.391733,24038.895,52649.828,0.794,185.655,11902.799,0.019,0.0
62.456,2026-06-25T23:33:41.442703,24039.027,52649.828,0.786,185.656,11902.799,0.019,0.0
62.507,2026-06-25T23:33:41.493697,24039.219,52649.828,0.78,185.657,11902.799,0.019,0.0
62.558,2026-06-25T23:33:41.544686,24039.312,52649.828,0.775,185.658,11902.799,0.019,0.0
62.609,2026-06-25T23:33:41.595684,24039.484,52649.828,0.773,185.659,11902.799,0.019,0.0
62.66,2026-06-25T23:33:41.646654,24039.598,52649.828,0.771,185.66,11902.799,0.019,0.0
62.711,2026-06-25T23:33:41.697635,24039.766,52649.828,0.816,185.661,11902.799,0.019,0.0
62.762,2026-06-25T23:33:41.748607,24039.93,52649.828,0.846,185.662,11902.799,0.019,0.0
62.813,2026-06-25T23:33:41.799629,24040.035,52649.828,0.822,185.663,11902.799,0.019,0.0
62.864,2026-06-25T23:33:41.850593,24040.188,52649.828,0.806,185.663,11902.799,0.019,0.0
62.915,2026-06-25T23:33:41.901555,24040.273,52649.828,0.794,185.664,11902.799,0.019,0.0
62.966,2026-06-25T23:33:41.952490,24040.441,52649.828,0.786,185.665,11902.799,0.019,0.0
63.017,2026-06-25T23:33:42.003491,24040.586,52649.828,0.78,185.666,11902.799,0.019,0.0
63.068,2026-06-25T23:33:42.054487,24040.699,52649.828,0.776,185.667,11902.799,0.019,0.0
63.119,2026-06-25T23:33:42.105460,24040.852,52649.828,0.773,185.668,11902.799,0.019,0.0
63.17,2026-06-25T23:33:42.156429,24040.949,52649.828,0.771,185.669,11902.799,0.019,0.0
63.221,2026-06-25T23:33:42.207421,24041.129,52649.828,0.816,185.67,11902.799,0.019,0.0
63.271,2026-06-25T23:33:42.258395,24041.266,52649.828,0.801,185.671,11902.799,0.019,0.0
63.322,2026-06-25T23:33:42.309404,24041.375,52649.828,0.79,185.672,11902.799,0.019,0.0
63.373,2026-06-25T23:33:42.360365,24041.5,52649.828,0.829,185.673,11902.799,0.019,0.0
63.424,2026-06-25T23:33:42.411336,24041.59,52649.828,0.81,185.674,11902.799,0.019,0.0
63.475,2026-06-25T23:33:42.462286,24041.766,52649.828,0.797,185.675,11902.799,0.019,0.0
63.526,2026-06-25T23:33:42.513248,24041.918,52649.828,0.834,185.676,11902.799,0.019,0.0
63.577,2026-06-25T23:33:42.564202,24042.012,52649.828,0.814,185.677,11902.799,0.019,0.0
63.628,2026-06-25T23:33:42.615185,24042.172,52649.828,0.799,185.678,11902.799,0.019,0.0
63.679,2026-06-25T23:33:42.666117,24042.297,52649.828,0.79,185.679,11902.799,0.019,0.0
63.73,2026-06-25T23:33:42.717079,24042.406,52649.828,0.783,185.68,11902.799,0.019,0.0
63.781,2026-06-25T23:33:42.768068,24042.551,52649.828,0.778,185.681,11902.799,0.019,0.0
63.832,2026-06-25T23:33:42.819035,24042.637,52649.828,0.774,185.682,11902.799,0.019,0.0
63.883,2026-06-25T23:33:42.870019,24042.785,52649.828,0.772,185.683,11902.799,0.019,0.0
63.934,2026-06-25T23:33:42.920958,24042.934,52649.828,0.77,185.684,11902.799,0.019,0.0
63.985,2026-06-25T23:33:42.971963,24043.012,52649.828,0.815,185.685,11902.799,0.019,0.0
64.036,2026-06-25T23:33:43.022946,24043.172,52649.828,0.846,185.686,11902.799,0.019,0.0
64.087,2026-06-25T23:33:43.073951,24043.281,52649.828,0.822,185.687,11902.799,0.019,0.0
64.138,2026-06-25T23:33:43.124916,24043.363,52649.828,0.806,185.688,11902.799,0.019,0.0
64.189,2026-06-25T23:33:43.175888,24043.52,52649.828,0.794,185.689,11902.799,0.019,0.0
64.24,2026-06-25T23:33:43.226872,24043.637,52649.828,0.786,185.69,11902.799,0.019,0.0
64.291,2026-06-25T23:33:43.277867,24043.75,52649.828,0.78,185.691,11902.799,0.019,0.0
64.342,2026-06-25T23:33:43.328851,24043.867,52649.828,0.776,185.692,11902.799,0.019,0.0
64.393,2026-06-25T23:33:43.379847,24043.961,52649.828,0.773,185.693,11902.799,0.019,0.0
64.444,2026-06-25T23:33:43.430841,24044.105,52649.828,0.771,185.694,11902.799,0.019,0.0
64.495,2026-06-25T23:33:43.481837,24044.23,52649.828,0.769,185.695,11902.799,0.019,0.0
64.546,2026-06-25T23:33:43.532807,24044.316,52649.828,0.768,185.696,11902.799,0.019,0.0
64.597,2026-06-25T23:33:43.583818,24044.457,52649.828,0.813,185.697,11902.799,0.019,0.0
64.648,2026-06-25T23:33:43.634802,24044.613,52649.828,0.799,185.698,11902.799,0.019,0.0
64.699,2026-06-25T23:33:43.685809,24044.695,52649.828,0.789,185.699,11902.799,0.019,0.0
64.75,2026-06-25T23:33:43.736793,24044.836,52649.828,0.782,185.699,11902.799,0.019,0.0
64.871,2026-06-25T23:33:43.858058,24045.098,52649.828,0.935,186.04,11902.799,2.82,0.0
64.922,2026-06-25T23:33:43.908468,24045.199,52649.828,0.887,186.041,11902.799,0.019,0.0
64.972,2026-06-25T23:33:43.959002,24045.324,52649.828,0.852,186.042,11902.799,0.019,0.0
65.023,2026-06-25T23:33:44.009751,24045.418,52649.828,0.827,186.043,11902.799,0.019,0.0
65.074,2026-06-25T23:33:44.060523,24045.543,52649.828,0.81,186.044,11902.799,0.019,0.0
65.124,2026-06-25T23:33:44.111358,24045.648,52649.828,0.797,186.045,11902.799,0.019,0.0
65.175,2026-06-25T23:33:44.162302,24045.754,52649.828,0.788,186.046,11902.799,0.019,0.0
65.226,2026-06-25T23:33:44.213258,24045.879,52649.828,0.782,186.047,11902.799,0.019,0.0
65.277,2026-06-25T23:33:44.264238,24045.988,52649.828,0.777,186.048,11902.799,0.019,0.0
65.328,2026-06-25T23:33:44.315210,24046.098,52649.828,0.82,186.049,11902.799,0.019,0.0
65.379,2026-06-25T23:33:44.366199,24046.215,52649.828,0.804,186.05,11902.799,0.019,0.0
65.43,2026-06-25T23:33:44.417168,24046.027,52649.828,0.838,186.051,11902.799,0.019,0.0
65.481,2026-06-25T23:33:44.468114,24045.832,52649.828,0.817,186.052,11902.799,0.019,0.0
65.532,2026-06-25T23:33:44.519094,24045.961,52649.828,0.802,186.053,11902.799,0.019,0.0
65.583,2026-06-25T23:33:44.570081,24046.07,52649.828,0.791,186.054,11902.799,0.019,0.0
65.634,2026-06-25T23:33:44.621067,24046.199,52649.828,0.784,186.055,11902.799,0.019,0.0
65.685,2026-06-25T23:33:44.672044,24044.281,52649.828,0.778,186.056,11902.799,0.019,0.0
65.736,2026-06-25T23:33:44.723026,24044.402,52649.828,0.775,186.057,11902.799,0.019,0.0
65.787,2026-06-25T23:33:44.773992,24044.535,52649.828,0.772,186.058,11902.799,0.019,0.0
65.838,2026-06-25T23:33:44.824986,24044.641,52649.828,0.77,186.059,11902.799,0.019,0.0
65.889,2026-06-25T23:33:44.875960,24044.762,52649.828,0.769,186.06,11902.799,0.019,0.0
65.94,2026-06-25T23:33:44.926930,24044.836,52649.828,0.768,186.061,11902.799,0.019,0.0
65.991,2026-06-25T23:33:44.977896,24044.984,52649.828,0.814,186.062,11902.799,0.019,0.0
66.042,2026-06-25T23:33:45.028890,24045.094,52649.828,0.8,186.062,11902.799,0.019,0.0
66.093,2026-06-25T23:33:45.079864,24045.207,52649.828,0.789,186.063,11902.799,0.019,0.0
66.144,2026-06-25T23:33:45.130846,24045.332,52649.828,0.782,186.064,11902.799,0.019,0.0
66.195,2026-06-25T23:33:45.181815,24045.414,52649.828,0.777,186.065,11902.799,0.019,0.0
66.246,2026-06-25T23:33:45.232824,24039.555,52649.828,0.82,186.066,11902.799,0.019,0.0
66.297,2026-06-25T23:33:45.283803,24039.66,52649.828,0.85,186.067,11902.799,0.019,0.0
66.348,2026-06-25T23:33:45.334777,24039.75,52649.828,0.825,186.068,11902.799,0.019,0.0
66.399,2026-06-25T23:33:45.385738,24040.02,52649.828,0.807,186.069,11902.799,0.019,0.0
66.45,2026-06-25T23:33:45.436717,24042.816,52649.828,0.795,186.07,11902.799,0.019,0.0
66.501,2026-06-25T23:33:45.487702,24042.902,52649.828,0.832,186.071,11902.799,0.019,0.0
66.552,2026-06-25T23:33:45.538696,24043.039,52649.828,0.812,186.072,11902.799,0.019,0.0
66.603,2026-06-25T23:33:45.589666,24043.156,52649.828,0.798,186.073,11902.799,0.019,0.0
66.654,2026-06-25T23:33:45.640662,24043.223,52649.828,0.789,186.074,11902.799,0.019,0.0
66.705,2026-06-25T23:33:45.691641,24043.383,52649.828,0.782,186.075,11902.799,0.019,0.0
66.756,2026-06-25T23:33:45.742659,24043.488,52649.828,0.777,186.076,11902.799,0.019,0.0
66.807,2026-06-25T23:33:45.793626,24043.582,52649.828,0.774,186.077,11902.799,0.019,0.0
66.858,2026-06-25T23:33:45.844623,24043.738,52649.828,0.772,186.078,11902.799,0.019,0.0
66.909,2026-06-25T23:33:45.895599,24043.863,52649.828,0.77,186.079,11902.799,0.019,0.0
66.96,2026-06-25T23:33:45.946602,24043.945,52649.828,0.769,186.08,11902.799,0.019,0.0
67.011,2026-06-25T23:33:45.997584,24044.145,52649.828,0.814,186.081,11902.799,0.019,0.0
67.062,2026-06-25T23:33:46.048578,24046.461,52649.828,0.8,186.082,11902.799,0.019,0.0
67.113,2026-06-25T23:33:46.099521,24047.672,52649.828,0.79,186.083,11902.799,0.019,0.0
67.164,2026-06-25T23:33:46.150509,24047.793,52649.828,0.783,186.084,11902.799,0.019,0.0
67.215,2026-06-25T23:33:46.201486,24047.914,52649.828,0.824,186.085,11902.799,0.019,0.0
67.266,2026-06-25T23:33:46.252493,24048.0,52649.828,0.806,186.086,11902.799,0.019,0.0
67.317,2026-06-25T23:33:46.303468,24048.109,52649.828,0.794,186.087,11902.799,0.019,0.0
67.368,2026-06-25T23:33:46.354456,24048.25,52649.828,0.786,186.088,11902.799,0.019,0.0
67.419,2026-06-25T23:33:46.405439,24048.324,52649.828,0.78,186.089,11902.799,0.019,0.0
67.47,2026-06-25T23:33:46.456441,24048.391,52649.828,0.776,186.09,11902.799,0.019,0.0
67.532,2026-06-25T23:33:46.518625,24048.496,52649.828,0.844,186.091,11902.799,0.016,0.0
67.583,2026-06-25T23:33:46.569635,24048.543,52649.828,0.867,186.092,11902.799,0.019,0.0
67.634,2026-06-25T23:33:46.620641,24048.68,52649.828,0.836,186.093,11902.799,0.019,0.0
67.685,2026-06-25T23:33:46.671637,24048.582,52649.828,0.861,186.094,11902.799,0.019,0.0
67.736,2026-06-25T23:33:46.722609,24048.641,52649.828,0.833,186.095,11902.799,0.019,0.0
67.787,2026-06-25T23:33:46.773602,24048.781,52649.828,0.813,186.096,11902.799,0.019,0.0
67.838,2026-06-25T23:33:46.824577,24048.758,52649.828,0.799,186.097,11902.799,0.019,0.0
67.889,2026-06-25T23:33:46.875593,24048.828,52649.828,0.789,186.097,11902.799,0.019,0.0
67.94,2026-06-25T23:33:46.926563,24048.773,52649.828,0.782,186.098,11902.799,0.019,0.0
67.991,2026-06-25T23:33:46.977568,24048.957,52649.828,0.824,186.099,11902.799,0.019,0.0
68.042,2026-06-25T23:33:47.028540,24049.09,52649.828,0.806,186.1,11902.799,0.019,0.0
68.093,2026-06-25T23:33:47.079544,24049.199,52649.828,0.794,186.101,11902.799,0.019,0.0
68.144,2026-06-25T23:33:47.130506,24049.82,52649.828,0.786,186.102,11902.799,0.019,0.0
68.195,2026-06-25T23:33:47.181500,24051.297,52649.828,0.78,186.103,11902.799,0.019,0.0
68.246,2026-06-25T23:33:47.232470,24051.375,52649.828,0.822,186.104,11902.799,0.019,0.0
68.297,2026-06-25T23:33:47.283446,24051.512,52649.828,0.805,186.105,11902.799,0.019,0.0
68.348,2026-06-25T23:33:47.334432,24051.629,52649.828,0.793,186.106,11902.799,0.019,0.0
68.398,2026-06-25T23:33:47.385413,24051.691,52649.828,0.785,186.107,11902.799,0.019,0.0
68.449,2026-06-25T23:33:47.436389,24051.836,52649.828,0.78,186.108,11902.799,0.019,0.0
68.5,2026-06-25T23:33:47.487388,24051.949,52649.828,0.775,186.109,11902.799,0.019,0.0
68.551,2026-06-25T23:33:47.538330,24052.008,52649.828,0.774,186.11,11902.799,0.019,0.0
68.602,2026-06-25T23:33:47.588934,24052.141,52649.828,0.772,186.111,11902.799,0.019,0.0
68.653,2026-06-25T23:33:47.639940,24052.258,52649.828,0.77,186.112,11902.799,0.019,0.0
68.704,2026-06-25T23:33:47.690911,24052.305,52649.828,0.769,186.113,11902.799,0.019,0.0
68.755,2026-06-25T23:33:47.741905,24052.453,52649.828,0.768,186.114,11902.799,0.019,0.0
68.806,2026-06-25T23:33:47.792892,24052.578,52649.828,0.813,186.115,11902.799,0.019,0.0
68.857,2026-06-25T23:33:47.843894,24052.633,52649.828,0.799,186.116,11902.799,0.019,0.0
68.908,2026-06-25T23:33:47.894852,24052.77,52649.828,0.789,186.117,11902.799,0.019,0.0
68.959,2026-06-25T23:33:47.945840,24052.887,52649.828,0.828,186.118,11902.799,0.019,0.0
69.01,2026-06-25T23:33:47.996814,24075.023,52649.828,0.81,186.119,11902.799,0.019,0.0
69.061,2026-06-25T23:33:48.047814,24075.074,52649.828,0.843,186.12,11902.799,0.019,0.0
69.112,2026-06-25T23:33:48.098770,24075.168,52649.828,0.82,186.121,11902.799,0.019,0.0
69.163,2026-06-25T23:33:48.149766,24075.266,52649.828,0.804,186.122,11902.799,0.019,0.0
69.214,2026-06-25T23:33:48.200738,24024.273,52649.828,0.792,186.123,11902.799,0.019,0.0
69.265,2026-06-25T23:33:48.251746,24024.309,52649.828,0.785,186.124,11902.799,0.019,0.0
69.316,2026-06-25T23:33:48.302725,24024.828,52649.828,0.779,186.125,11902.799,0.019,0.0
69.367,2026-06-25T23:33:48.353708,24024.926,52649.828,0.775,186.126,11902.799,0.019,0.0
69.418,2026-06-25T23:33:48.404674,24024.949,52649.828,0.773,186.127,11902.799,0.019,0.0
69.469,2026-06-25T23:33:48.455681,24024.973,52649.828,0.771,186.128,11902.799,0.019,0.0
69.52,2026-06-25T23:33:48.506666,24024.98,52649.828,0.769,186.129,11902.799,0.019,0.0
69.571,2026-06-25T23:33:48.557642,24024.988,52649.828,0.77,186.13,11902.799,0.019,0.0
69.621,2026-06-25T23:33:48.608216,24024.988,52649.828,0.77,186.131,11902.799,0.019,0.0
69.672,2026-06-25T23:33:48.659074,24024.988,52649.828,0.815,186.132,11902.799,0.019,0.0
69.723,2026-06-25T23:33:48.709958,24025.086,52649.828,0.8,186.133,11902.799,0.019,0.0
69.774,2026-06-25T23:33:48.760917,24025.262,52649.828,0.836,186.133,11902.799,0.019,0.0
69.895,2026-06-25T23:33:48.882087,24025.668,52649.828,0.934,186.474,11902.799,2.82,0.0
69.946,2026-06-25T23:33:48.932522,24025.859,52649.828,0.932,186.475,11902.799,0.019,0.0
69.996,2026-06-25T23:33:48.983088,24025.887,52649.828,0.884,186.476,11902.799,0.019,0.0
70.047,2026-06-25T23:33:49.033689,24025.891,52649.828,0.85,186.477,11902.799,0.019,0.0
70.098,2026-06-25T23:33:49.084440,24025.895,52649.828,0.826,186.478,11902.799,0.019,0.0
70.148,2026-06-25T23:33:49.135224,24025.898,52649.828,0.809,186.479,11902.799,0.019,0.0
70.199,2026-06-25T23:33:49.186127,24025.902,52649.828,0.842,186.48,11902.799,0.019,0.0
70.25,2026-06-25T23:33:49.237050,24025.914,52649.828,0.82,186.481,11902.799,0.019,0.0
70.301,2026-06-25T23:33:49.287992,24025.914,52649.828,0.804,186.482,11902.799,0.019,0.0
70.352,2026-06-25T23:33:49.338976,24025.93,52649.828,0.792,186.483,11902.799,0.019,0.0
70.403,2026-06-25T23:33:49.389969,24025.941,52649.828,0.877,186.484,11902.799,0.019,0.0
70.454,2026-06-25T23:33:49.440946,24025.992,52649.828,0.843,186.485,11902.799,0.019,0.0
70.505,2026-06-25T23:33:49.491935,24026.0,52649.828,0.82,186.486,11902.799,0.019,0.0
70.556,2026-06-25T23:33:49.542912,24026.023,52649.828,0.804,186.487,11902.799,0.019,0.0
70.607,2026-06-25T23:33:49.593914,24026.027,52649.828,0.793,186.488,11902.799,0.019,0.0
70.658,2026-06-25T23:33:49.644894,24026.035,52649.828,0.785,186.489,11902.799,0.019,0.0
70.709,2026-06-25T23:33:49.695855,24026.043,52649.828,0.779,186.49,11902.799,0.019,0.0
70.76,2026-06-25T23:33:49.746827,24026.059,52649.828,0.775,186.491,11902.799,0.019,0.0
70.811,2026-06-25T23:33:49.797827,24026.082,52649.828,0.772,186.492,11902.799,0.019,0.0
70.862,2026-06-25T23:33:49.848809,24026.086,52649.828,0.77,186.493,11902.799,0.019,0.0
70.913,2026-06-25T23:33:49.899804,24026.102,52649.828,0.815,186.494,11902.799,0.019,0.0
70.964,2026-06-25T23:33:49.950774,24026.105,52649.828,0.8,186.495,11902.799,0.019,0.0
71.015,2026-06-25T23:33:50.001762,24032.129,52649.828,0.79,186.496,11902.799,0.019,0.0
71.066,2026-06-25T23:33:50.052729,24032.141,52649.828,0.783,186.496,11902.799,0.019,0.0
71.117,2026-06-25T23:33:50.103721,24032.156,52649.828,0.778,186.497,11902.799,0.019,0.0
71.168,2026-06-25T23:33:50.154678,24032.168,52649.828,0.775,186.498,11902.799,0.019,0.0
71.219,2026-06-25T23:33:50.205675,24032.172,52649.828,0.772,186.499,11902.799,0.019,0.0
71.27,2026-06-25T23:33:50.256645,24032.191,52649.828,0.77,186.5,11902.799,0.019,0.0
71.321,2026-06-25T23:33:50.307650,24032.207,52649.828,0.769,186.501,11902.799,0.019,0.0
71.372,2026-06-25T23:33:50.358636,24032.223,52649.828,0.768,186.502,11902.799,0.019,0.0
71.423,2026-06-25T23:33:50.409618,24032.238,52649.828,0.768,186.503,11902.799,0.019,0.0
71.474,2026-06-25T23:33:50.460590,24032.246,52649.828,0.813,186.504,11902.799,0.019,0.0
71.525,2026-06-25T23:33:50.511598,24032.262,52649.828,0.845,186.505,11902.799,0.019,0.0
71.576,2026-06-25T23:33:50.562579,24032.285,52649.828,0.821,186.506,11902.799,0.019,0.0
71.627,2026-06-25T23:33:50.613584,24032.297,52649.828,0.851,186.507,11902.799,0.019,0.0
71.678,2026-06-25T23:33:50.664537,24032.312,52649.828,0.826,186.508,11902.799,0.019,0.0
71.729,2026-06-25T23:33:50.715502,24032.41,52649.828,0.808,186.509,11902.799,0.019,0.0
71.78,2026-06-25T23:33:50.766469,24032.652,52649.828,0.795,186.51,11902.799,0.019,0.0
71.831,2026-06-25T23:33:50.817467,24032.664,52649.828,0.787,186.511,11902.799,0.019,0.0
71.882,2026-06-25T23:33:50.868442,24032.789,52649.828,0.781,186.512,11902.799,0.019,0.0
71.933,2026-06-25T23:33:50.919433,24032.793,52649.828,0.776,186.513,11902.799,0.019,0.0
71.983,2026-06-25T23:33:50.970409,24033.953,52649.828,0.773,186.514,11902.799,0.019,0.0
72.034,2026-06-25T23:33:51.021412,24033.969,52649.828,0.771,186.515,11902.799,0.019,0.0
72.085,2026-06-25T23:33:51.072369,24033.988,52649.828,0.816,186.516,11902.799,0.019,0.0
72.136,2026-06-25T23:33:51.123361,24034.004,52649.828,0.801,186.517,11902.799,0.019,0.0
72.187,2026-06-25T23:33:51.174327,24034.035,52649.828,0.791,186.518,11902.799,0.019,0.0
72.238,2026-06-25T23:33:51.225272,24034.051,52649.828,0.829,186.519,11902.799,0.019,0.0
72.289,2026-06-25T23:33:51.276237,24034.082,52649.828,0.81,186.52,11902.799,0.019,0.0
72.34,2026-06-25T23:33:51.327219,24034.109,52649.828,0.797,186.521,11902.799,0.019,0.0
72.391,2026-06-25T23:33:51.378187,24034.141,52649.828,0.788,186.522,11902.799,0.019,0.0
72.442,2026-06-25T23:33:51.429121,24034.156,52649.828,0.782,186.523,11902.799,0.019,0.0
72.493,2026-06-25T23:33:51.480096,24034.188,52649.828,0.777,186.524,11902.799,0.019,0.0
72.544,2026-06-25T23:33:51.531086,24034.203,52649.828,0.774,186.525,11902.799,0.019,0.0
72.595,2026-06-25T23:33:51.582067,24034.234,52649.828,0.818,186.526,11902.799,0.019,0.0
72.646,2026-06-25T23:33:51.633032,24034.246,52649.828,0.802,186.527,11902.799,0.019,0.0
72.697,2026-06-25T23:33:51.684016,24034.277,52649.828,0.791,186.528,11902.799,0.019,0.0
72.748,2026-06-25T23:33:51.734994,24034.293,52649.828,0.784,186.529,11902.799,0.019,0.0
72.799,2026-06-25T23:33:51.786003,24034.324,52649.828,0.778,186.53,11902.799,0.019,0.0
72.85,2026-06-25T23:33:51.836964,24034.344,52649.828,0.821,186.531,11902.799,0.019,0.0
72.901,2026-06-25T23:33:51.887953,24034.371,52649.828,0.804,186.531,11902.799,0.019,0.0
72.952,2026-06-25T23:33:51.938922,24034.391,52649.828,0.793,186.532,11902.799,0.019,0.0
73.003,2026-06-25T23:33:51.989930,24034.414,52649.828,0.785,186.533,11902.799,0.019,0.0
73.054,2026-06-25T23:33:52.040911,24034.434,52649.828,0.779,186.534,11902.799,0.019,0.0
73.105,2026-06-25T23:33:52.091899,24034.465,52649.828,0.822,186.535,11902.799,0.019,0.0
73.156,2026-06-25T23:33:52.142857,24034.508,52649.828,0.805,186.536,11902.799,0.019,0.0
73.207,2026-06-25T23:33:52.193851,24034.543,52649.828,0.793,186.537,11902.799,0.019,0.0
73.258,2026-06-25T23:33:52.244829,24034.562,52649.828,0.785,186.538,11902.799,0.019,0.0
73.309,2026-06-25T23:33:52.295805,24034.582,52649.828,0.78,186.539,11902.799,0.019,0.0
73.36,2026-06-25T23:33:52.346763,24034.598,52649.828,0.776,186.54,11902.799,0.019,0.0
73.411,2026-06-25T23:33:52.397734,24034.625,52649.828,0.773,186.541,11902.799,0.019,0.0
73.462,2026-06-25T23:33:52.448669,24034.645,52649.828,0.772,186.542,11902.799,0.019,0.0
73.512,2026-06-25T23:33:52.499247,24034.672,52649.828,0.771,186.543,11902.799,0.019,0.0
73.563,2026-06-25T23:33:52.550230,24034.691,52649.828,0.77,186.544,11902.799,0.019,0.0
73.614,2026-06-25T23:33:52.601182,24034.711,52649.828,0.769,186.545,11902.799,0.019,0.0
73.665,2026-06-25T23:33:52.652124,24034.738,52649.828,0.814,186.546,11902.799,0.019,0.0
73.716,2026-06-25T23:33:52.703119,24034.762,52649.828,0.846,186.547,11902.799,0.019,0.0
73.767,2026-06-25T23:33:52.754078,24034.793,52649.828,0.822,186.548,11902.799,0.019,0.0
73.818,2026-06-25T23:33:52.805056,24034.828,52649.828,0.851,186.549,11902.799,0.019,0.0
73.869,2026-06-25T23:33:52.856011,24034.859,52649.828,0.826,186.55,11902.799,0.019,0.0
73.92,2026-06-25T23:33:52.906994,24034.914,52649.828,0.808,186.551,11902.799,0.019,0.0
73.971,2026-06-25T23:33:52.957987,24034.953,52649.828,0.795,186.552,11902.799,0.019,0.0
74.022,2026-06-25T23:33:53.008971,24034.988,52649.828,0.787,186.553,11902.799,0.019,0.0
74.073,2026-06-25T23:33:53.059938,24035.023,52649.828,0.78,186.554,11902.799,0.019,0.0
74.124,2026-06-25T23:33:53.110919,24035.047,52649.828,0.776,186.555,11902.799,0.019,0.0
74.175,2026-06-25T23:33:53.161893,24035.094,52649.828,0.773,186.556,11902.799,0.019,0.0
74.226,2026-06-25T23:33:53.212882,24035.109,52649.828,0.771,186.557,11902.799,0.019,0.0
74.277,2026-06-25T23:33:53.263848,24035.176,52649.828,0.816,186.558,11902.799,0.019,0.0
74.328,2026-06-25T23:33:53.314829,24035.203,52649.828,0.801,186.559,11902.799,0.019,0.0
74.379,2026-06-25T23:33:53.365792,24035.234,52649.828,0.79,186.56,11902.799,0.019,0.0
74.43,2026-06-25T23:33:53.416796,24035.277,52649.828,0.783,186.561,11902.799,0.019,0.0
74.481,2026-06-25T23:33:53.467756,24035.305,52649.828,0.778,186.562,11902.799,0.019,0.0
74.532,2026-06-25T23:33:53.518737,24035.336,52649.828,0.775,186.563,11902.799,0.019,0.0
74.583,2026-06-25T23:33:53.569702,24035.359,52649.828,0.772,186.564,11902.799,0.019,0.0
74.634,2026-06-25T23:33:53.620704,24035.387,52649.828,0.77,186.565,11902.799,0.019,0.0
74.685,2026-06-25T23:33:53.671680,24035.406,52649.828,0.769,186.566,11902.799,0.019,0.0
74.736,2026-06-25T23:33:53.722651,24035.445,52649.828,0.768,186.567,11902.799,0.019,0.0
74.787,2026-06-25T23:33:53.773602,24035.465,52649.828,0.768,186.567,11902.799,0.019,0.0
74.907,2026-06-25T23:33:53.894411,24035.527,52649.828,0.926,186.908,11902.799,2.83,0.0
74.958,2026-06-25T23:33:53.944827,24035.59,52649.828,0.88,186.909,11902.799,0.019,0.0
75.009,2026-06-25T23:33:53.995419,24035.605,52649.828,0.848,186.91,11902.799,0.019,0.0
75.059,2026-06-25T23:33:54.046017,24035.633,52649.828,0.871,186.911,11902.799,0.019,0.0
75.11,2026-06-25T23:33:54.096782,24035.66,52649.828,0.84,186.912,11902.799,0.019,0.0
75.161,2026-06-25T23:33:54.147649,24035.676,52649.828,0.864,186.913,11902.799,0.019,0.0
75.212,2026-06-25T23:33:54.198638,24035.691,52649.828,0.835,186.914,11902.799,0.019,0.0
75.263,2026-06-25T23:33:54.249608,24035.707,52649.828,0.814,186.915,11902.799,0.019,0.0
75.314,2026-06-25T23:33:54.300621,24035.719,52649.828,0.8,186.916,11902.799,0.019,0.0
75.365,2026-06-25T23:33:54.351586,24035.73,52649.828,0.79,186.917,11902.799,0.019,0.0
75.416,2026-06-25T23:33:54.402579,24044.789,52649.828,0.783,186.918,11902.799,0.019,0.0
75.467,2026-06-25T23:33:54.453550,24044.828,52649.828,0.778,186.919,11902.799,0.019,0.0
75.518,2026-06-25T23:33:54.504527,24056.898,52649.828,0.82,186.92,11902.799,0.019,0.0
75.569,2026-06-25T23:33:54.555493,24055.75,52649.828,0.804,186.921,11902.799,0.019,0.0
75.62,2026-06-25T23:33:54.606482,24055.824,52649.828,0.793,186.922,11902.799,0.019,0.0
75.671,2026-06-25T23:33:54.657427,24055.637,52649.828,0.785,186.923,11902.799,0.019,0.0
75.722,2026-06-25T23:33:54.708425,24055.711,52649.828,0.779,186.924,11902.799,0.019,0.0
75.772,2026-06-25T23:33:54.759400,24055.57,52649.828,0.775,186.925,11902.799,0.019,0.0
75.823,2026-06-25T23:33:54.810368,24055.617,52649.828,0.773,186.926,11902.799,0.019,0.0
75.874,2026-06-25T23:33:54.861334,24054.859,52649.828,0.771,186.927,11902.799,0.019,0.0
75.925,2026-06-25T23:33:54.912282,24054.906,52649.828,0.815,186.927,11902.799,0.019,0.0
75.976,2026-06-25T23:33:54.963230,24054.977,52649.828,0.801,186.928,11902.799,0.019,0.0
76.027,2026-06-25T23:33:55.014223,24055.016,52649.828,0.79,186.929,11902.799,0.019,0.0
76.078,2026-06-25T23:33:55.065185,24055.098,52649.828,0.783,186.93,11902.799,0.019,0.0
76.129,2026-06-25T23:33:55.116120,24055.148,52649.828,0.824,186.931,11902.799,0.019,0.0
76.18,2026-06-25T23:33:55.167098,24053.266,52649.828,0.807,186.932,11902.799,0.019,0.0
76.231,2026-06-25T23:33:55.218078,24053.348,52649.828,0.795,186.933,11902.799,0.019,0.0
76.282,2026-06-25T23:33:55.269063,24053.395,52649.828,0.786,186.934,11902.799,0.019,0.0
76.333,2026-06-25T23:33:55.320032,24053.469,52649.828,0.78,186.935,11902.799,0.019,0.0
76.384,2026-06-25T23:33:55.371010,24053.504,52649.828,0.776,186.936,11902.799,0.019,0.0
76.435,2026-06-25T23:33:55.421951,24052.816,52649.828,0.773,186.937,11902.799,0.019,0.0
76.486,2026-06-25T23:33:55.472941,24052.988,52649.828,0.771,186.938,11902.799,0.019,0.0
76.537,2026-06-25T23:33:55.523900,24053.043,52649.828,0.77,186.939,11902.799,0.019,0.0
76.588,2026-06-25T23:33:55.574886,24053.113,52649.828,0.769,186.94,11902.799,0.019,0.0
76.639,2026-06-25T23:33:55.625863,24053.16,52649.828,0.768,186.941,11902.799,0.019,0.0
76.69,2026-06-25T23:33:55.676856,24051.23,52649.828,0.813,186.942,11902.799,0.019,0.0
76.741,2026-06-25T23:33:55.727835,24051.27,52649.828,0.799,186.943,11902.799,0.019,0.0
76.792,2026-06-25T23:33:55.778804,24051.332,52649.828,0.835,186.944,11902.799,0.019,0.0
76.843,2026-06-25T23:33:55.829779,24051.406,52649.828,0.814,186.945,11902.799,0.019,0.0
76.894,2026-06-25T23:33:55.880757,24051.457,52649.828,0.8,186.946,11902.799,0.019,0.0
76.945,2026-06-25T23:33:55.931712,24051.535,52649.828,0.836,186.947,11902.799,0.019,0.0
76.996,2026-06-25T23:33:55.982680,24051.57,52649.828,0.815,186.948,11902.799,0.019,0.0
77.047,2026-06-25T23:33:56.033652,24051.648,52649.828,0.801,186.949,11902.799,0.019,0.0
77.098,2026-06-25T23:33:56.084629,24051.719,52649.828,0.79,186.95,11902.799,0.019,0.0
77.149,2026-06-25T23:33:56.135592,24051.758,52649.828,0.783,186.951,11902.799,0.019,0.0
77.2,2026-06-25T23:33:56.186591,24051.82,52649.828,0.824,186.952,11902.799,0.019,0.0
77.251,2026-06-25T23:33:56.237573,24051.875,52649.828,0.807,186.953,11902.799,0.019,0.0
77.302,2026-06-25T23:33:56.288565,24051.949,52649.828,0.795,186.954,11902.799,0.019,0.0
77.353,2026-06-25T23:33:56.339543,24052.023,52649.828,0.786,186.955,11902.799,0.019,0.0
77.404,2026-06-25T23:33:56.390545,24052.059,52649.828,0.78,186.956,11902.799,0.019,0.0
77.455,2026-06-25T23:33:56.441514,24051.812,52649.828,0.776,186.957,11902.799,0.019,0.0
77.506,2026-06-25T23:33:56.492520,24051.859,52649.828,0.773,186.958,11902.799,0.019,0.0
77.557,2026-06-25T23:33:56.543482,24051.938,52649.828,0.771,186.959,11902.799,0.019,0.0
77.608,2026-06-25T23:33:56.594454,24052.004,52649.828,0.769,186.96,11902.799,0.019,0.0
77.659,2026-06-25T23:33:56.645439,24052.031,52649.828,0.814,186.961,11902.799,0.019,0.0
77.71,2026-06-25T23:33:56.696432,24052.102,52649.828,0.8,186.961,11902.799,0.019,0.0
77.76,2026-06-25T23:33:56.747387,24052.156,52649.828,0.79,186.962,11902.799,0.019,0.0
77.811,2026-06-25T23:33:56.798352,24052.234,52649.828,0.829,186.963,11902.799,0.019,0.0
77.862,2026-06-25T23:33:56.849293,24052.293,52649.828,0.81,186.964,11902.799,0.019,0.0
77.913,2026-06-25T23:33:56.900257,24052.121,52649.828,0.797,186.965,11902.799,0.019,0.0
77.964,2026-06-25T23:33:56.951204,24052.191,52649.828,0.788,186.966,11902.799,0.019,0.0
78.015,2026-06-25T23:33:57.002196,24052.238,52649.828,0.781,186.967,11902.799,0.019,0.0
78.066,2026-06-25T23:33:57.053130,24052.348,52649.828,0.777,186.968,11902.799,0.019,0.0
78.117,2026-06-25T23:33:57.104121,24049.199,52649.828,0.774,186.969,11902.799,0.019,0.0
78.168,2026-06-25T23:33:57.155107,24049.332,52649.828,0.771,186.97,11902.799,0.019,0.0
78.219,2026-06-25T23:33:57.206065,24049.48,52649.828,0.77,186.971,11902.799,0.019,0.0
78.27,2026-06-25T23:33:57.257046,24049.539,52649.828,0.815,186.972,11902.799,0.019,0.0
78.321,2026-06-25T23:33:57.308013,24049.828,52649.828,0.8,186.973,11902.799,0.019,0.0
78.372,2026-06-25T23:33:57.359011,24049.945,52649.828,0.79,186.974,11902.799,0.019,0.0
78.423,2026-06-25T23:33:57.409965,24050.086,52649.828,0.829,186.975,11902.799,0.019,0.0
78.474,2026-06-25T23:33:57.460944,24050.156,52649.828,0.856,186.976,11902.799,0.019,0.0
78.525,2026-06-25T23:33:57.511909,24050.195,52649.828,0.829,186.977,11902.799,0.019,0.0
78.576,2026-06-25T23:33:57.562903,24050.27,52649.828,0.81,186.978,11902.799,0.019,0.0
78.627,2026-06-25T23:33:57.613855,24050.316,52649.828,0.797,186.979,11902.799,0.019,0.0
78.678,2026-06-25T23:33:57.664825,24050.375,52649.828,0.788,186.98,11902.799,0.019,0.0
78.729,2026-06-25T23:33:57.715786,24050.535,52649.828,0.781,186.981,11902.799,0.019,0.0
78.78,2026-06-25T23:33:57.766777,24050.918,52649.828,0.823,186.982,11902.799,0.019,0.0
78.831,2026-06-25T23:33:57.817758,24051.125,52649.828,0.806,186.983,11902.799,0.019,0.0
78.882,2026-06-25T23:33:57.868739,24051.184,52649.828,0.794,186.984,11902.799,0.019,0.0
78.933,2026-06-25T23:33:57.919681,24051.227,52649.828,0.786,186.985,11902.799,0.019,0.0
78.984,2026-06-25T23:33:57.970622,24051.297,52649.828,0.78,186.986,11902.799,0.019,0.0
79.035,2026-06-25T23:33:58.021589,24051.344,52649.828,0.776,186.987,11902.799,0.019,0.0
79.086,2026-06-25T23:33:58.072618,24051.414,52649.828,0.773,186.988,11902.799,0.019,0.0
79.137,2026-06-25T23:33:58.123567,24051.512,52649.828,0.817,186.989,11902.799,0.019,0.0
79.188,2026-06-25T23:33:58.174561,24051.562,52649.828,0.848,186.99,11902.799,0.019,0.0
79.239,2026-06-25T23:33:58.225525,24051.699,52649.828,0.823,186.991,11902.799,0.019,0.0
79.29,2026-06-25T23:33:58.276524,24051.82,52649.828,0.806,186.992,11902.799,0.019,0.0
79.341,2026-06-25T23:33:58.327507,24051.867,52649.828,0.794,186.993,11902.799,0.019,0.0
79.392,2026-06-25T23:33:58.378499,24052.035,52649.828,0.786,186.994,11902.799,0.019,0.0
79.443,2026-06-25T23:33:58.429469,24052.098,52649.828,0.78,186.995,11902.799,0.019,0.0
79.494,2026-06-25T23:33:58.480454,24052.184,52649.828,0.776,186.995,11902.799,0.019,0.0
79.545,2026-06-25T23:33:58.531436,24052.297,52649.828,0.773,186.996,11902.799,0.019,0.0
79.596,2026-06-25T23:33:58.582420,24052.391,52649.828,0.771,186.997,11902.799,0.019,0.0
79.646,2026-06-25T23:33:58.633390,24052.477,52649.828,0.77,186.998,11902.799,0.019,0.0
79.697,2026-06-25T23:33:58.684361,24052.625,52649.828,0.769,186.999,11902.799,0.019,0.0
79.748,2026-06-25T23:33:58.735329,24053.074,52649.828,0.768,187.0,11902.799,0.019,0.0
79.799,2026-06-25T23:33:58.786269,24053.137,52649.828,0.768,187.001,11902.799,0.019,0.0
79.92,2026-06-25T23:33:58.906836,24054.035,52649.828,0.908,187.342,11902.799,2.834,0.0
79.97,2026-06-25T23:33:58.957262,24054.117,52649.828,0.914,187.343,11902.799,0.019,0.0
80.021,2026-06-25T23:33:59.007837,24054.18,52649.828,0.918,187.344,11902.799,0.019,0.0
80.072,2026-06-25T23:33:59.058455,24054.359,52649.828,0.874,187.345,11902.799,0.019,0.0
80.122,2026-06-25T23:33:59.109231,24054.438,52649.828,0.842,187.346,11902.799,0.019,0.0
80.173,2026-06-25T23:33:59.159986,24054.492,52649.828,0.82,187.347,11902.799,0.019,0.0
80.224,2026-06-25T23:33:59.210956,24054.543,52649.828,0.804,187.348,11902.799,0.019,0.0
80.275,2026-06-25T23:33:59.261924,24055.004,52649.828,0.792,187.349,11902.799,0.019,0.0
80.326,2026-06-25T23:33:59.312893,24055.652,52649.828,0.785,187.35,11902.799,0.019,0.0
80.377,2026-06-25T23:33:59.363883,24055.715,52649.828,0.779,187.351,11902.799,0.019,0.0
80.428,2026-06-25T23:33:59.414878,24055.77,52649.828,0.775,187.352,11902.799,0.019,0.0
80.479,2026-06-25T23:33:59.465863,24055.832,52649.828,0.818,187.353,11902.799,0.019,0.0
80.53,2026-06-25T23:33:59.516827,24055.883,52649.828,0.803,187.354,11902.799,0.019,0.0
80.581,2026-06-25T23:33:59.567809,24055.949,52649.828,0.792,187.355,11902.799,0.019,0.0
80.632,2026-06-25T23:33:59.618779,24057.008,52649.828,0.784,187.355,11902.799,0.019,0.0
80.683,2026-06-25T23:33:59.669785,24056.93,52649.828,0.779,187.356,11902.799,0.019,0.0
80.734,2026-06-25T23:33:59.720735,24057.004,52649.828,0.775,187.357,11902.799,0.019,0.0
80.785,2026-06-25T23:33:59.771734,24057.055,52649.828,0.864,187.358,11902.799,0.019,0.0
80.836,2026-06-25T23:33:59.822704,24057.109,52649.828,0.835,187.359,11902.799,0.019,0.0
80.887,2026-06-25T23:33:59.873694,24057.195,52649.828,0.814,187.36,11902.799,0.019,0.0
80.938,2026-06-25T23:33:59.924641,24057.242,52649.828,0.8,187.361,11902.799,0.019,0.0
80.989,2026-06-25T23:33:59.975591,24057.293,52649.828,0.79,187.362,11902.799,0.019,0.0
81.04,2026-06-25T23:34:00.026553,24057.379,52649.828,0.783,187.363,11902.799,0.019,0.0
81.091,2026-06-25T23:34:00.077543,24057.426,52649.828,0.824,187.364,11902.799,0.019,0.0
81.142,2026-06-25T23:34:00.128503,24057.477,52649.828,0.807,187.365,11902.799,0.019,0.0
81.193,2026-06-25T23:34:00.179501,24057.555,52649.828,0.794,187.366,11902.799,0.019,0.0
81.244,2026-06-25T23:34:00.230470,24057.605,52649.828,0.786,187.367,11902.799,0.019,0.0
81.295,2026-06-25T23:34:00.281459,24057.648,52649.828,0.78,187.368,11902.799,0.019,0.0
81.346,2026-06-25T23:34:00.332441,24057.723,52649.828,0.822,187.369,11902.799,0.019,0.0
81.397,2026-06-25T23:34:00.383418,24057.801,52649.828,0.805,187.37,11902.799,0.019,0.0
81.447,2026-06-25T23:34:00.434364,24057.844,52649.828,0.794,187.371,11902.799,0.019,0.0
81.498,2026-06-25T23:34:00.485337,24057.906,52649.828,0.785,187.372,11902.799,0.019,0.0
81.549,2026-06-25T23:34:00.536281,24057.992,52649.828,0.78,187.373,11902.799,0.019,0.0
81.6,2026-06-25T23:34:00.587243,24058.047,52649.828,0.776,187.374,11902.799,0.019,0.0
81.651,2026-06-25T23:34:00.638217,24058.129,52649.828,0.773,187.375,11902.799,0.019,0.0
81.702,2026-06-25T23:34:00.689180,24058.199,52649.828,0.771,187.376,11902.799,0.019,0.0
81.753,2026-06-25T23:34:00.740118,24058.27,52649.828,0.816,187.377,11902.799,0.019,0.0
81.804,2026-06-25T23:34:00.791090,24058.379,52649.828,0.801,187.378,11902.799,0.019,0.0
81.855,2026-06-25T23:34:00.842070,24058.461,52649.828,0.836,187.379,11902.799,0.019,0.0
81.906,2026-06-25T23:34:00.893043,24058.5,52649.828,0.816,187.38,11902.799,0.019,0.0
81.957,2026-06-25T23:34:00.943998,24060.867,52649.828,0.755,187.381,11902.799,0.019,0.0
82.008,2026-06-25T23:34:00.994988,24062.746,52649.828,0.758,187.382,11902.799,0.019,0.0
82.059,2026-06-25T23:34:01.045962,24062.789,52649.828,0.76,187.383,11902.799,0.019,0.0
82.11,2026-06-25T23:34:01.096962,24062.809,52649.828,0.762,187.384,11902.799,0.019,0.0
82.161,2026-06-25T23:34:01.147910,24062.898,52649.828,0.809,187.385,11902.799,0.019,0.0
82.212,2026-06-25T23:34:01.198899,24062.906,52649.828,0.796,187.386,11902.799,0.019,0.0
82.263,2026-06-25T23:34:01.249878,24062.996,52649.828,0.787,187.387,11902.799,0.019,0.0
82.314,2026-06-25T23:34:01.300883,24063.09,52649.828,0.781,187.388,11902.799,0.019,0.0
82.365,2026-06-25T23:34:01.351873,24063.129,52649.828,0.776,187.389,11902.799,0.019,0.0
82.416,2026-06-25T23:34:01.402864,24063.203,52649.828,0.819,187.39,11902.799,0.019,0.0
82.467,2026-06-25T23:34:01.453839,24063.25,52649.828,0.803,187.39,11902.799,0.019,0.0
82.518,2026-06-25T23:34:01.504842,24063.293,52649.828,0.792,187.391,11902.799,0.019,0.0
82.569,2026-06-25T23:34:01.555817,24063.387,52649.828,0.784,187.392,11902.799,0.019,0.0
82.62,2026-06-25T23:34:01.606797,24064.621,52649.828,0.779,187.393,11902.799,0.019,0.0
82.671,2026-06-25T23:34:01.657761,24065.785,52649.828,0.775,187.394,11902.799,0.019,0.0
82.722,2026-06-25T23:34:01.708725,24065.867,52649.828,0.819,187.395,11902.799,0.019,0.0
82.773,2026-06-25T23:34:01.759696,24065.945,52649.828,0.803,187.396,11902.799,0.019,0.0
82.824,2026-06-25T23:34:01.810704,24065.996,52649.828,0.792,187.397,11902.799,0.019,0.0
82.875,2026-06-25T23:34:01.861677,24066.074,52649.828,0.784,187.398,11902.799,0.019,0.0
82.926,2026-06-25T23:34:01.912666,24066.168,52649.828,0.779,187.399,11902.799,0.019,0.0
82.977,2026-06-25T23:34:01.963627,24066.234,52649.828,0.775,187.4,11902.799,0.019,0.0
83.028,2026-06-25T23:34:02.014653,24066.316,52649.828,0.772,187.401,11902.799,0.019,0.0
83.079,2026-06-25T23:34:02.065629,24066.395,52649.828,0.77,187.402,11902.799,0.019,0.0
83.13,2026-06-25T23:34:02.116602,24066.48,52649.828,0.815,187.403,11902.799,0.019,0.0
83.181,2026-06-25T23:34:02.167575,24066.535,52649.828,0.801,187.404,11902.799,0.019,0.0
83.232,2026-06-25T23:34:02.218571,24066.621,52649.828,0.79,187.405,11902.799,0.019,0.0
83.283,2026-06-25T23:34:02.269575,24066.688,52649.828,0.829,187.406,11902.799,0.019,0.0
83.334,2026-06-25T23:34:02.320577,24066.707,52649.828,0.856,187.407,11902.799,0.019,0.0
83.385,2026-06-25T23:34:02.371560,24066.773,52649.828,0.875,187.408,11902.799,0.019,0.0
83.436,2026-06-25T23:34:02.422568,24066.863,52649.828,0.842,187.409,11902.799,0.019,0.0
83.487,2026-06-25T23:34:02.473554,24066.926,52649.828,0.819,187.41,11902.799,0.019,0.0
83.538,2026-06-25T23:34:02.524567,24066.996,52649.828,0.803,187.411,11902.799,0.019,0.0
83.589,2026-06-25T23:34:02.575535,24067.09,52649.828,0.792,187.412,11902.799,0.019,0.0
83.64,2026-06-25T23:34:02.626473,24067.141,52649.828,0.785,187.413,11902.799,0.019,0.0
83.69,2026-06-25T23:34:02.677393,24067.227,52649.828,0.779,187.414,11902.799,0.019,0.0
83.741,2026-06-25T23:34:02.728364,24067.844,52649.828,0.775,187.415,11902.799,0.019,0.0
83.792,2026-06-25T23:34:02.779336,24069.43,52649.828,0.773,187.416,11902.799,0.019,0.0
83.843,2026-06-25T23:34:02.830282,24069.488,52649.828,0.771,187.417,11902.799,0.019,0.0
83.894,2026-06-25T23:34:02.881230,24069.598,52649.828,0.816,187.418,11902.799,0.019,0.0
83.945,2026-06-25T23:34:02.932222,24069.664,52649.828,0.847,187.419,11902.799,0.019,0.0
83.996,2026-06-25T23:34:02.983197,24069.711,52649.828,0.823,187.42,11902.799,0.019,0.0
84.047,2026-06-25T23:34:03.034187,24069.812,52649.828,0.806,187.421,11902.799,0.019,0.0
84.098,2026-06-25T23:34:03.085128,24069.891,52649.828,0.794,187.422,11902.799,0.019,0.0
84.149,2026-06-25T23:34:03.136075,24069.918,52649.828,0.786,187.423,11902.799,0.019,0.0
84.2,2026-06-25T23:34:03.187077,24070.027,52649.828,0.78,187.424,11902.799,0.019,0.0
84.251,2026-06-25T23:34:03.238056,24070.082,52649.828,0.776,187.424,11902.799,0.019,0.0
84.302,2026-06-25T23:34:03.289042,24070.145,52649.828,0.773,187.425,11902.799,0.019,0.0
84.353,2026-06-25T23:34:03.340016,24070.215,52649.828,0.771,187.426,11902.799,0.019,0.0
84.404,2026-06-25T23:34:03.391003,24070.305,52649.828,0.769,187.427,11902.799,0.019,0.0
84.455,2026-06-25T23:34:03.441996,24070.391,52649.828,0.768,187.428,11902.799,0.019,0.0
84.506,2026-06-25T23:34:03.492981,24070.422,52649.828,0.768,187.429,11902.799,0.019,0.0
84.557,2026-06-25T23:34:03.543951,24070.523,52649.828,0.813,187.43,11902.799,0.019,0.0
84.608,2026-06-25T23:34:03.594943,24091.469,52809.828,0.799,187.431,11902.799,0.019,0.0
84.659,2026-06-25T23:34:03.645919,24093.695,52809.828,0.789,187.432,11902.799,0.019,0.0
84.71,2026-06-25T23:34:03.696928,24093.828,52809.828,0.828,187.433,11902.799,0.019,0.0
84.761,2026-06-25T23:34:03.747895,24093.918,52809.828,0.81,187.434,11902.799,0.019,0.0
84.812,2026-06-25T23:34:03.798889,24093.992,52809.828,0.797,187.435,11902.799,0.019,0.0
84.937,2026-06-25T23:34:03.923680,24047.473,52809.828,0.916,187.776,11902.799,2.74,0.0
84.987,2026-06-25T23:34:03.974089,24047.578,52809.828,0.872,187.777,11902.799,0.019,0.0
85.038,2026-06-25T23:34:04.024691,24047.633,52809.828,0.843,187.778,11902.799,0.019,0.0
85.088,2026-06-25T23:34:04.075278,24047.691,52809.828,0.821,187.779,11902.799,0.019,0.0
85.139,2026-06-25T23:34:04.125987,24047.719,52809.828,0.852,187.78,11902.799,0.019,0.0
85.19,2026-06-25T23:34:04.176868,24047.734,52809.828,0.826,187.781,11902.799,0.019,0.0
85.241,2026-06-25T23:34:04.227829,24047.98,52809.828,0.808,187.782,11902.799,0.019,0.0
85.292,2026-06-25T23:34:04.278838,24047.992,52809.828,0.796,187.783,11902.799,0.019,0.0
85.343,2026-06-25T23:34:04.329797,24048.074,52809.828,0.833,187.784,11902.799,0.019,0.0
85.394,2026-06-25T23:34:04.380784,24048.074,52809.828,0.813,187.785,11902.799,0.019,0.0
85.445,2026-06-25T23:34:04.431750,24048.074,52809.828,0.799,187.786,11902.799,0.019,0.0
85.496,2026-06-25T23:34:04.482742,24048.074,52809.828,0.789,187.786,11902.799,0.019,0.0
85.547,2026-06-25T23:34:04.533730,24048.078,52809.828,0.782,187.787,11902.799,0.019,0.0
85.598,2026-06-25T23:34:04.584723,24048.078,52809.828,0.823,187.788,11902.799,0.019,0.0
85.649,2026-06-25T23:34:04.635692,24048.078,52809.828,0.852,187.789,11902.799,0.019,0.0
85.7,2026-06-25T23:34:04.686663,24048.09,52809.828,0.827,187.79,11902.799,0.019,0.0
85.751,2026-06-25T23:34:04.737616,24048.109,52809.828,0.809,187.791,11902.799,0.019,0.0
85.802,2026-06-25T23:34:04.788611,24048.125,52809.828,0.796,187.792,11902.799,0.019,0.0
85.853,2026-06-25T23:34:04.839583,24048.145,52809.828,0.787,187.793,11902.799,0.019,0.0
85.904,2026-06-25T23:34:04.890574,24048.164,52809.828,0.781,187.794,11902.799,0.019,0.0
85.955,2026-06-25T23:34:04.941555,24048.168,52809.828,0.776,187.795,11902.799,0.019,0.0
86.006,2026-06-25T23:34:04.992511,24048.172,52809.828,0.774,187.796,11902.799,0.019,0.0
86.057,2026-06-25T23:34:05.043473,24048.172,52809.828,0.771,187.797,11902.799,0.019,0.0
86.108,2026-06-25T23:34:05.094472,24048.172,52809.828,0.77,187.798,11902.799,0.019,0.0
86.159,2026-06-25T23:34:05.145421,24048.176,52809.828,0.769,187.799,11902.799,0.019,0.0
86.209,2026-06-25T23:34:05.196408,24048.176,52809.828,0.814,187.8,11902.799,0.019,0.0
86.26,2026-06-25T23:34:05.247395,24048.188,52809.828,0.846,187.801,11902.799,0.019,0.0
86.311,2026-06-25T23:34:05.298382,24048.199,52809.828,0.822,187.802,11902.799,0.019,0.0
86.362,2026-06-25T23:34:05.349347,24048.199,52809.828,0.805,187.803,11902.799,0.019,0.0
86.413,2026-06-25T23:34:05.400292,24048.199,52809.828,0.793,187.804,11902.799,0.019,0.0
86.464,2026-06-25T23:34:05.451242,24047.547,52809.828,0.785,187.805,11902.799,0.019,0.0
86.515,2026-06-25T23:34:05.502204,24047.547,52809.828,0.78,187.806,11902.799,0.019,0.0
86.566,2026-06-25T23:34:05.553197,24047.547,52809.828,0.775,187.807,11902.799,0.019,0.0
86.617,2026-06-25T23:34:05.604162,24048.902,52809.828,0.773,187.808,11902.799,0.019,0.0
86.668,2026-06-25T23:34:05.655095,24051.148,52809.828,0.771,187.809,11902.799,0.019,0.0
86.719,2026-06-25T23:34:05.706085,24053.773,52809.828,0.816,187.81,11902.799,0.019,0.0
86.77,2026-06-25T23:34:05.757025,24056.434,52809.828,0.755,187.811,11902.799,0.019,0.0
86.821,2026-06-25T23:34:05.807979,24065.516,52809.828,0.804,187.812,11902.799,0.019,0.0
86.872,2026-06-25T23:34:05.858946,24065.586,52809.828,0.793,187.813,11902.799,0.019,0.0
86.923,2026-06-25T23:34:05.909932,24065.586,52809.828,0.831,187.814,11902.799,0.019,0.0
86.974,2026-06-25T23:34:05.960926,24065.605,52809.828,0.811,187.815,11902.799,0.019,0.0
87.025,2026-06-25T23:34:06.011894,24065.609,52809.828,0.798,187.816,11902.799,0.019,0.0
87.076,2026-06-25T23:34:06.062835,24065.609,52809.828,0.835,187.817,11902.799,0.019,0.0
87.127,2026-06-25T23:34:06.113825,24065.684,52809.828,0.814,187.818,11902.799,0.019,0.0
87.178,2026-06-25T23:34:06.164795,24065.703,52809.828,0.8,187.819,11902.799,0.019,0.0
87.229,2026-06-25T23:34:06.215791,24066.945,52809.828,0.79,187.82,11902.799,0.019,0.0
87.28,2026-06-25T23:34:06.266756,24066.898,52809.828,0.783,187.82,11902.799,0.019,0.0
87.331,2026-06-25T23:34:06.317728,24066.914,52809.828,0.778,187.821,11902.799,0.019,0.0
87.382,2026-06-25T23:34:06.368706,24066.973,52809.828,0.774,187.822,11902.799,0.019,0.0
87.433,2026-06-25T23:34:06.419694,24067.129,52809.828,0.818,187.823,11902.799,0.019,0.0
87.484,2026-06-25T23:34:06.470661,24067.195,52809.828,0.802,187.824,11902.799,0.019,0.0
87.535,2026-06-25T23:34:06.521660,24067.25,52809.828,0.791,187.825,11902.799,0.019,0.0
87.586,2026-06-25T23:34:06.572612,24067.309,52809.828,0.784,187.826,11902.799,0.019,0.0
87.637,2026-06-25T23:34:06.623625,24067.371,52809.828,0.779,187.827,11902.799,0.019,0.0
87.688,2026-06-25T23:34:06.674584,24067.418,52809.828,0.821,187.828,11902.799,0.019,0.0
87.739,2026-06-25T23:34:06.725546,24067.473,52809.828,0.805,187.829,11902.799,0.019,0.0
87.79,2026-06-25T23:34:06.776492,24067.492,52809.828,0.793,187.83,11902.799,0.019,0.0
87.841,2026-06-25T23:34:06.827536,24069.48,52809.828,0.785,187.831,11902.799,0.019,0.0
87.892,2026-06-25T23:34:06.878522,24071.566,52809.828,0.779,187.832,11902.799,0.019,0.0
87.943,2026-06-25T23:34:06.929519,24071.699,52809.828,0.775,187.833,11902.799,0.019,0.0
87.994,2026-06-25T23:34:06.980493,24071.805,52809.828,0.773,187.834,11902.799,0.019,0.0
88.045,2026-06-25T23:34:07.031488,24071.906,52809.828,0.817,187.835,11902.799,0.019,0.0
88.096,2026-06-25T23:34:07.082461,24076.016,52809.828,0.802,187.836,11902.799,0.019,0.0
88.147,2026-06-25T23:34:07.133467,24076.125,52809.828,0.791,187.837,11902.799,0.019,0.0
88.198,2026-06-25T23:34:07.184422,24076.234,52809.828,0.784,187.838,11902.799,0.019,0.0
88.248,2026-06-25T23:34:07.235410,24076.832,52809.828,0.778,187.839,11902.799,0.019,0.0
88.299,2026-06-25T23:34:07.286387,24077.961,52809.828,0.821,187.84,11902.799,0.019,0.0
88.35,2026-06-25T23:34:07.337385,24078.602,52809.828,0.804,187.841,11902.799,0.019,0.0
88.401,2026-06-25T23:34:07.388377,24080.805,52809.828,0.793,187.842,11902.799,0.019,0.0
88.452,2026-06-25T23:34:07.439341,24082.043,52809.828,0.831,187.843,11902.799,0.019,0.0
88.503,2026-06-25T23:34:07.490204,24082.289,52809.828,0.813,187.844,11902.799,0.019,0.0
88.554,2026-06-25T23:34:07.541012,24082.504,52809.828,0.799,187.845,11902.799,0.019,0.0
88.605,2026-06-25T23:34:07.591936,24082.809,52809.828,0.835,187.846,11902.799,0.019,0.0
88.656,2026-06-25T23:34:07.642889,24083.484,52809.828,0.815,187.847,11902.799,0.019,0.0
88.707,2026-06-25T23:34:07.693793,24086.344,52809.828,0.8,187.848,11902.799,0.019,0.0
88.758,2026-06-25T23:34:07.744723,24086.344,52809.828,0.79,187.849,11902.799,0.019,0.0
88.809,2026-06-25T23:34:07.795639,24086.344,52809.828,0.783,187.85,11902.799,0.019,0.0
88.86,2026-06-25T23:34:07.846584,24046.266,52809.828,0.779,187.851,11902.799,0.019,0.0
88.911,2026-06-25T23:34:07.897500,24038.215,52809.828,0.775,187.852,11902.799,0.019,0.0
88.962,2026-06-25T23:34:07.948428,24001.129,52809.828,0.727,187.853,11902.799,0.019,0.0
89.012,2026-06-25T23:34:07.999332,23911.055,52809.828,0.739,187.854,11902.832,0.02,0.632
89.063,2026-06-25T23:34:08.050228,23911.055,52809.828,0.517,187.855,11902.832,0.019,0.0
89.114,2026-06-25T23:34:08.101126,23911.055,52809.828,0.362,187.856,11902.832,0.019,0.0
89.165,2026-06-25T23:34:08.152096,23911.055,52809.828,0.299,187.856,11902.832,0.019,0.0
89.216,2026-06-25T23:34:08.203048,23911.055,52809.828,0.21,187.857,11902.832,0.019,0.0
89.267,2026-06-25T23:34:08.254018,23911.055,52809.828,0.147,187.869,11902.916,0.235,1.651
89.318,2026-06-25T23:34:08.304998,23864.891,52809.828,0.379,187.87,11902.916,0.019,0.0
89.369,2026-06-25T23:34:08.355965,23857.402,52809.828,0.495,187.871,11902.916,0.019,0.0
89.42,2026-06-25T23:34:08.406894,23856.457,52809.828,0.577,187.872,11902.916,0.019,0.0
89.471,2026-06-25T23:34:08.457863,23856.457,52809.828,0.68,187.873,11902.916,0.019,0.0
89.522,2026-06-25T23:34:08.508825,23852.363,52809.828,0.705,187.874,11902.916,0.019,0.0
89.573,2026-06-25T23:34:08.559824,23852.488,52809.828,0.77,187.875,11902.916,0.019,0.0
89.624,2026-06-25T23:34:08.610768,23851.211,52809.828,0.769,187.876,11902.916,0.019,0.0
89.675,2026-06-25T23:34:08.661738,23851.199,52809.828,0.768,187.877,11902.916,0.019,0.0
89.726,2026-06-25T23:34:08.712693,23851.207,52809.828,0.768,187.878,11902.916,0.019,0.0
89.777,2026-06-25T23:34:08.763658,23849.105,52809.828,0.767,187.879,11902.916,0.019,0.0
89.828,2026-06-25T23:34:08.814631,23849.105,52809.828,0.767,187.88,11902.916,0.019,0.0
89.947,2026-06-25T23:34:08.934377,23845.863,52809.828,0.89,188.221,11902.916,2.853,0.0
89.998,2026-06-25T23:34:08.984807,23844.75,52809.828,0.855,188.222,11902.916,0.019,0.0
90.048,2026-06-25T23:34:09.035391,23844.754,52809.828,0.83,188.223,11902.916,0.019,0.0
90.099,2026-06-25T23:34:09.085945,23842.086,52809.828,0.812,188.224,11902.916,0.019,0.0
90.15,2026-06-25T23:34:09.136705,23841.043,52809.828,0.846,188.225,11902.916,0.019,0.0
90.201,2026-06-25T23:34:09.187456,23839.547,52809.828,0.822,188.225,11902.916,0.019,0.0
90.252,2026-06-25T23:34:09.238439,23838.727,52809.828,0.806,188.226,11902.916,0.019,0.0
90.302,2026-06-25T23:34:09.289396,23838.727,52809.828,0.794,188.227,11902.916,0.019,0.0
90.353,2026-06-25T23:34:09.340378,23837.465,52809.828,0.785,188.228,11902.916,0.019,0.0
90.404,2026-06-25T23:34:09.391342,23836.305,52809.828,0.78,188.229,11902.916,0.019,0.0
90.455,2026-06-25T23:34:09.442284,23836.305,52809.828,0.776,188.23,11902.916,0.019,0.0
90.506,2026-06-25T23:34:09.493222,23836.012,52809.828,0.773,188.231,11902.916,0.019,0.0
90.557,2026-06-25T23:34:09.544209,23834.488,52809.828,0.817,188.232,11902.916,0.019,0.0
90.608,2026-06-25T23:34:09.595116,23830.805,52809.828,0.802,188.233,11902.916,0.019,0.0
90.659,2026-06-25T23:34:09.646091,23828.168,52809.828,0.791,188.234,11902.916,0.019,0.0
90.71,2026-06-25T23:34:09.697064,23828.168,52809.828,0.784,188.235,11902.916,0.019,0.0
90.761,2026-06-25T23:34:09.748009,23828.168,52809.828,0.825,188.236,11902.916,0.019,0.0
90.812,2026-06-25T23:34:09.798987,23827.934,52809.828,0.853,188.237,11902.916,0.019,0.0
90.863,2026-06-25T23:34:09.849928,23827.941,52809.828,0.873,188.238,11902.916,0.019,0.0
90.914,2026-06-25T23:34:09.900902,23827.957,52809.828,0.841,188.239,11902.916,0.019,0.0
90.965,2026-06-25T23:34:09.951841,23825.68,52809.828,0.819,188.24,11902.916,0.019,0.0
91.016,2026-06-25T23:34:10.002806,23825.68,52809.828,0.803,188.241,11902.916,0.019,0.0
91.067,2026-06-25T23:34:10.053761,23823.941,52809.828,0.792,188.242,11902.916,0.019,0.0
91.118,2026-06-25T23:34:10.104724,23823.941,52809.828,0.784,188.243,11902.916,0.019,0.0
91.169,2026-06-25T23:34:10.155697,23823.941,52809.828,0.779,188.244,11902.916,0.019,0.0
91.22,2026-06-25T23:34:10.206672,23822.297,52809.828,0.775,188.245,11902.916,0.019,0.0
91.271,2026-06-25T23:34:10.257638,23819.301,52809.828,0.772,188.246,11902.916,0.019,0.0
91.322,2026-06-25T23:34:10.308625,23819.301,52809.828,0.771,188.247,11902.916,0.019,0.0
91.373,2026-06-25T23:34:10.359605,23818.453,52809.828,0.769,188.248,11902.916,0.019,0.0
91.424,2026-06-25T23:34:10.410617,23816.293,52809.828,0.768,188.249,11902.916,0.019,0.0
91.475,2026-06-25T23:34:10.461582,23809.598,52809.828,0.768,188.25,11902.916,0.019,0.0
91.526,2026-06-25T23:34:10.512567,23806.828,52809.828,0.767,188.251,11902.916,0.019,0.0
91.577,2026-06-25T23:34:10.563534,23803.723,52809.828,0.767,188.252,11902.916,0.019,0.0
91.628,2026-06-25T23:34:10.614521,23803.723,52809.828,0.767,188.253,11902.916,0.019,0.0
91.679,2026-06-25T23:34:10.665453,23800.145,52809.828,0.767,188.254,11902.916,0.019,0.0
91.729,2026-06-25T23:34:10.716417,23800.145,52809.828,0.859,188.255,11902.916,0.019,0.0
91.78,2026-06-25T23:34:10.767359,23800.145,52809.828,0.831,188.256,11902.916,0.019,0.0
91.831,2026-06-25T23:34:10.818342,23798.184,52809.828,0.812,188.257,11902.916,0.019,0.0
91.882,2026-06-25T23:34:10.869285,23796.504,52809.828,0.798,188.258,11902.916,0.019,0.0
91.933,2026-06-25T23:34:10.920218,23796.48,52809.828,0.789,188.259,11902.916,0.019,0.0
91.984,2026-06-25T23:34:10.971203,23796.504,52809.828,0.782,188.26,11902.916,0.019,0.0
92.035,2026-06-25T23:34:11.022159,23796.504,52809.828,0.777,188.261,11902.916,0.019,0.0
92.086,2026-06-25T23:34:11.073105,23796.504,52809.828,0.774,188.262,11902.916,0.019,0.0
92.137,2026-06-25T23:34:11.124068,23785.176,52809.828,0.772,188.263,11902.916,0.019,0.0
92.188,2026-06-25T23:34:11.175024,23785.176,52809.828,0.77,188.264,11902.916,0.019,0.0
92.239,2026-06-25T23:34:11.225999,23785.176,52809.828,0.769,188.265,11902.916,0.019,0.0
92.29,2026-06-25T23:34:11.276971,23785.176,52809.828,0.814,188.266,11902.916,0.019,0.0
92.341,2026-06-25T23:34:11.327974,23785.176,52809.828,0.846,188.267,11902.916,0.019,0.0
92.392,2026-06-25T23:34:11.378933,23785.176,52809.828,0.822,188.268,11902.916,0.019,0.0
92.443,2026-06-25T23:34:11.429918,23785.176,52809.828,0.805,188.269,11902.916,0.019,0.0
92.494,2026-06-25T23:34:11.480878,23785.176,52809.828,0.84,188.27,11902.916,0.019,0.0
92.545,2026-06-25T23:34:11.531871,23785.176,52809.828,0.818,188.27,11902.916,0.019,0.0
92.596,2026-06-25T23:34:11.582852,23785.176,52809.828,0.848,188.271,11902.916,0.019,0.0
92.647,2026-06-25T23:34:11.633829,23785.176,52809.828,0.824,188.272,11902.916,0.019,0.0
92.698,2026-06-25T23:34:11.684785,23785.176,52809.828,0.806,188.273,11902.916,0.019,0.0
92.749,2026-06-25T23:34:11.735758,23785.176,52809.828,0.794,188.274,11902.916,0.019,0.0
92.8,2026-06-25T23:34:11.786715,23785.176,52809.828,0.786,188.275,11902.916,0.019,0.0
92.851,2026-06-25T23:34:11.837703,23760.324,52809.828,0.78,188.276,11902.916,0.019,0.0
92.902,2026-06-25T23:34:11.888646,23760.324,52809.828,0.776,188.277,11902.916,0.019,0.0
92.953,2026-06-25T23:34:11.939603,23760.324,52809.828,0.82,188.278,11902.916,0.019,0.0
93.004,2026-06-25T23:34:11.990531,23760.324,52809.828,0.804,188.279,11902.916,0.019,0.0
93.055,2026-06-25T23:34:12.041512,23760.324,52809.828,0.792,188.28,11902.916,0.019,0.0
93.106,2026-06-25T23:34:12.092474,23750.473,52809.828,0.785,188.281,11902.916,0.019,0.0
93.157,2026-06-25T23:34:12.143446,23734.453,52809.828,0.733,188.282,11902.916,0.019,0.0
93.207,2026-06-25T23:34:12.194397,23734.453,52809.828,0.743,188.283,11902.916,0.019,0.0
93.258,2026-06-25T23:34:12.245385,23734.453,52809.828,0.796,188.284,11902.916,0.019,0.0
93.309,2026-06-25T23:34:12.296353,23731.234,52809.828,0.787,188.285,11902.916,0.019,0.0
93.36,2026-06-25T23:34:12.347287,23727.91,52809.828,0.781,188.286,11902.916,0.019,0.0
93.411,2026-06-25T23:34:12.398219,23734.418,52809.828,0.777,188.287,11902.916,0.019,0.0
93.462,2026-06-25T23:34:12.449195,23726.465,52809.828,0.774,188.288,11902.916,0.019,0.0
93.513,2026-06-25T23:34:12.500158,23722.281,52809.828,0.771,188.289,11902.916,0.019,0.0
93.564,2026-06-25T23:34:12.551108,23711.555,52809.828,0.77,188.29,11902.916,0.019,0.0
93.615,2026-06-25T23:34:12.602078,23709.289,52809.828,0.861,188.291,11902.916,0.019,0.0
93.666,2026-06-25T23:34:12.653039,23709.289,52809.828,0.832,188.292,11902.916,0.019,0.0
93.717,2026-06-25T23:34:12.703992,23706.402,52809.828,0.813,188.293,11902.916,0.019,0.0
93.768,2026-06-25T23:34:12.754962,23702.051,52809.828,0.799,188.294,11902.916,0.019,0.0
93.819,2026-06-25T23:34:12.805922,23702.051,52809.828,0.789,188.295,11902.916,0.019,0.0
93.87,2026-06-25T23:34:12.856859,23693.543,52809.828,0.828,188.296,11902.916,0.019,0.0
93.921,2026-06-25T23:34:12.907826,23691.172,52809.828,0.81,188.297,11902.916,0.019,0.0
93.972,2026-06-25T23:34:12.958792,23691.172,52809.828,0.797,188.298,11902.916,0.019,0.0
94.023,2026-06-25T23:34:13.009785,23687.742,52809.828,0.788,188.299,11902.916,0.019,0.0
94.074,2026-06-25T23:34:13.060740,23687.438,52809.828,0.781,188.3,11902.916,0.019,0.0
94.125,2026-06-25T23:34:13.111710,23684.301,52809.828,0.823,188.301,11902.916,0.019,0.0
94.176,2026-06-25T23:34:13.162669,23684.316,52809.828,0.806,188.302,11902.916,0.019,0.0
94.227,2026-06-25T23:34:13.213663,23679.863,52809.828,0.794,188.303,11902.916,0.019,0.0
94.278,2026-06-25T23:34:13.264632,23679.863,52809.828,0.786,188.304,11902.916,0.019,0.0
94.329,2026-06-25T23:34:13.315611,23679.871,52809.828,0.78,188.305,11902.916,0.019,0.0
94.38,2026-06-25T23:34:13.366560,23679.871,52809.828,0.776,188.306,11902.916,0.019,0.0
94.431,2026-06-25T23:34:13.417549,23673.047,52809.828,0.773,188.307,11902.916,0.019,0.0
94.482,2026-06-25T23:34:13.468523,23673.047,52809.828,0.771,188.308,11902.916,0.019,0.0
94.533,2026-06-25T23:34:13.519508,23673.047,52809.828,0.77,188.309,11902.916,0.019,0.0
94.584,2026-06-25T23:34:13.570444,23658.434,52809.828,0.77,188.31,11902.916,0.019,0.0
94.634,2026-06-25T23:34:13.621012,23658.434,52809.828,0.769,188.311,11902.916,0.019,0.0
94.685,2026-06-25T23:34:13.671991,23649.355,52809.828,0.769,188.312,11902.916,0.019,0.0
94.736,2026-06-25T23:34:13.722939,23649.355,52809.828,0.768,188.313,11902.916,0.019,0.0
94.787,2026-06-25T23:34:13.773916,23643.348,52809.828,0.813,188.314,11902.916,0.019,0.0
94.838,2026-06-25T23:34:13.824854,23640.375,52809.828,0.8,188.315,11902.916,0.019,0.0
94.957,2026-06-25T23:34:13.944333,23629.074,52809.828,0.953,188.655,11902.916,2.86,0.0
95.008,2026-06-25T23:34:13.994723,23629.074,52809.828,0.899,188.656,11902.916,0.019,0.0
95.058,2026-06-25T23:34:14.045299,23629.074,52809.828,0.861,188.657,11902.916,0.019,0.0
95.109,2026-06-25T23:34:14.096004,23626.395,52809.828,0.833,188.658,11902.916,0.019,0.0
95.16,2026-06-25T23:34:14.146742,23626.395,52809.828,0.814,188.659,11902.916,0.019,0.0
95.211,2026-06-25T23:34:14.197497,23623.746,52809.828,0.801,188.66,11902.916,0.019,0.0
95.262,2026-06-25T23:34:14.248477,23623.746,52809.828,0.79,188.661,11902.916,0.019,0.0
95.313,2026-06-25T23:34:14.299435,23623.746,52809.828,0.783,188.662,11902.916,0.019,0.0
95.364,2026-06-25T23:34:14.350426,23618.004,52809.828,0.778,188.663,11902.916,0.019,0.0
95.414,2026-06-25T23:34:14.401363,23618.004,52809.828,0.821,188.664,11902.916,0.019,0.0
95.465,2026-06-25T23:34:14.452297,23618.004,52809.828,0.804,188.665,11902.916,0.019,0.0
95.516,2026-06-25T23:34:14.503226,23615.195,52809.828,0.839,188.666,11902.916,0.019,0.0
95.567,2026-06-25T23:34:14.554213,23613.664,52809.828,0.817,188.667,11902.916,0.019,0.0
95.618,2026-06-25T23:34:14.605158,23610.961,52809.828,0.802,188.668,11902.916,0.019,0.0
95.669,2026-06-25T23:34:14.656069,23610.961,52809.828,0.792,188.669,11902.916,0.019,0.0
95.72,2026-06-25T23:34:14.707018,23610.961,52809.828,0.784,188.67,11902.916,0.019,0.0
95.771,2026-06-25T23:34:14.757965,23608.969,52809.828,0.779,188.671,11902.916,0.019,0.0
95.822,2026-06-25T23:34:14.808935,23608.969,52809.828,0.775,188.672,11902.916,0.019,0.0
95.873,2026-06-25T23:34:14.859875,23608.969,52809.828,0.772,188.673,11902.916,0.019,0.0
95.924,2026-06-25T23:34:14.910849,23608.969,52809.828,0.771,188.673,11902.916,0.019,0.0
95.975,2026-06-25T23:34:14.961819,23608.969,52809.828,0.769,188.674,11902.916,0.019,0.0
96.026,2026-06-25T23:34:15.012800,23596.457,52809.828,0.768,188.675,11902.916,0.019,0.0
96.077,2026-06-25T23:34:15.063755,23592.531,52809.828,0.768,188.676,11902.916,0.019,0.0
96.128,2026-06-25T23:34:15.114736,23592.531,52809.828,0.767,188.677,11902.916,0.019,0.0
96.179,2026-06-25T23:34:15.165682,23592.531,52809.828,0.813,188.678,11902.916,0.019,0.0
96.23,2026-06-25T23:34:15.216657,23592.531,52809.828,0.799,188.679,11902.916,0.019,0.0
96.281,2026-06-25T23:34:15.267637,23592.531,52809.828,0.835,188.68,11902.916,0.019,0.0
96.332,2026-06-25T23:34:15.318614,23592.531,52809.828,0.815,188.681,11902.916,0.019,0.0
96.383,2026-06-25T23:34:15.369576,23582.34,52809.828,0.892,188.682,11902.916,0.019,0.0
96.434,2026-06-25T23:34:15.420539,23585.344,52809.828,0.809,188.683,11902.916,0.019,0.0
96.485,2026-06-25T23:34:15.471484,23570.391,52809.828,0.796,188.684,11902.916,0.019,0.0
96.536,2026-06-25T23:34:15.522476,23570.391,52809.828,0.833,188.685,11902.916,0.019,0.0
96.587,2026-06-25T23:34:15.573427,23570.391,52809.828,0.813,188.686,11902.916,0.019,0.0
96.637,2026-06-25T23:34:15.624402,23568.289,52809.828,0.799,188.687,11902.916,0.019,0.0
96.688,2026-06-25T23:34:15.675355,23573.629,52809.828,0.743,188.688,11902.916,0.019,0.0
96.739,2026-06-25T23:34:15.726290,23571.031,52809.828,0.751,188.689,11902.916,0.019,0.0
96.79,2026-06-25T23:34:15.777230,23571.031,52809.828,0.756,188.69,11902.916,0.019,0.0
96.841,2026-06-25T23:34:15.828189,23565.645,52809.828,0.805,188.691,11902.916,0.019,0.0
96.892,2026-06-25T23:34:15.879102,23564.352,52809.828,0.84,188.692,11902.916,0.019,0.0
96.943,2026-06-25T23:34:15.930011,23563.293,52809.828,0.818,188.693,11902.916,0.019,0.0
96.994,2026-06-25T23:34:15.980944,23563.293,52809.828,0.803,188.694,11902.916,0.019,0.0
97.045,2026-06-25T23:34:16.031905,23563.293,52809.828,0.792,188.695,11902.916,0.019,0.0
97.096,2026-06-25T23:34:16.082865,23563.297,52809.828,0.784,188.696,11902.916,0.019,0.0
97.147,2026-06-25T23:34:16.133792,23561.547,52809.828,0.779,188.697,11902.916,0.019,0.0
97.198,2026-06-25T23:34:16.184762,23561.539,52809.828,0.775,188.698,11902.916,0.019,0.0
97.249,2026-06-25T23:34:16.235724,23557.152,52809.828,0.773,188.699,11902.916,0.019,0.0
97.3,2026-06-25T23:34:16.286698,23555.852,52809.828,0.771,188.7,11902.916,0.019,0.0
97.351,2026-06-25T23:34:16.337662,23555.852,52809.828,0.815,188.701,11902.916,0.019,0.0
97.402,2026-06-25T23:34:16.388626,23555.844,52809.828,0.847,188.702,11902.916,0.019,0.0
97.453,2026-06-25T23:34:16.439591,23555.828,52809.828,0.823,188.703,11902.916,0.019,0.0
97.504,2026-06-25T23:34:16.490577,23555.836,52809.828,0.806,188.704,11902.916,0.019,0.0
97.555,2026-06-25T23:34:16.541537,23555.836,52809.828,0.84,188.705,11902.916,0.019,0.0
97.606,2026-06-25T23:34:16.592516,23555.84,52809.828,0.818,188.706,11902.916,0.019,0.0
97.657,2026-06-25T23:34:16.643482,23555.844,52809.828,0.802,188.707,11902.916,0.019,0.0
97.708,2026-06-25T23:34:16.694475,23555.844,52809.828,0.792,188.708,11902.916,0.019,0.0
97.759,2026-06-25T23:34:16.745421,23555.844,52809.828,0.784,188.709,11902.916,0.019,0.0
97.809,2026-06-25T23:34:16.796398,23555.844,52809.828,0.779,188.71,11902.916,0.019,0.0
97.86,2026-06-25T23:34:16.847344,23555.844,52809.828,0.775,188.711,11902.916,0.019,0.0
97.911,2026-06-25T23:34:16.898251,23554.172,52809.828,0.773,188.712,11902.916,0.019,0.0
97.962,2026-06-25T23:34:16.949199,23554.172,52809.828,0.817,188.713,11902.916,0.019,0.0
98.013,2026-06-25T23:34:17.000130,23554.172,52809.828,0.802,188.714,11902.916,0.019,0.0
98.064,2026-06-25T23:34:17.051105,23553.312,52809.828,0.791,188.714,11902.916,0.019,0.0
98.115,2026-06-25T23:34:17.102052,23553.324,52809.828,0.784,188.715,11902.916,0.019,0.0
98.166,2026-06-25T23:34:17.153015,23553.324,52809.828,0.825,188.716,11902.916,0.019,0.0
98.217,2026-06-25T23:34:17.203967,23553.324,52809.828,0.807,188.717,11902.916,0.019,0.0
98.268,2026-06-25T23:34:17.254939,23551.969,52809.828,0.795,188.718,11902.916,0.019,0.0
98.319,2026-06-25T23:34:17.305887,23551.969,52809.828,0.786,188.719,11902.916,0.019,0.0
98.37,2026-06-25T23:34:17.356873,23551.969,52809.828,0.78,188.72,11902.916,0.019,0.0
98.421,2026-06-25T23:34:17.407838,23551.969,52809.828,0.776,188.721,11902.916,0.019,0.0
98.472,2026-06-25T23:34:17.458826,23551.969,52809.828,0.819,188.722,11902.916,0.019,0.0
98.523,2026-06-25T23:34:17.509774,23551.945,52809.828,0.803,188.723,11902.916,0.019,0.0
98.574,2026-06-25T23:34:17.560755,23551.953,52809.828,0.792,188.724,11902.916,0.019,0.0
98.625,2026-06-25T23:34:17.611718,23551.969,52809.828,0.784,188.725,11902.916,0.019,0.0
98.676,2026-06-25T23:34:17.662705,23551.969,52809.828,0.779,188.726,11902.916,0.019,0.0
98.727,2026-06-25T23:34:17.713653,23551.969,52809.828,0.775,188.727,11902.916,0.019,0.0
98.778,2026-06-25T23:34:17.764630,23551.969,52809.828,0.773,188.728,11902.916,0.019,0.0
98.829,2026-06-25T23:34:17.815576,23551.969,52809.828,0.771,188.729,11902.916,0.019,0.0
98.88,2026-06-25T23:34:17.866565,23551.969,52809.828,0.77,188.73,11902.916,0.019,0.0
98.931,2026-06-25T23:34:17.917503,23551.969,52809.828,0.769,188.731,11902.916,0.019,0.0
98.982,2026-06-25T23:34:17.968473,23551.969,52809.828,0.768,188.732,11902.916,0.019,0.0
99.033,2026-06-25T23:34:18.019435,23551.969,52809.828,0.86,188.733,11902.916,0.019,0.0
99.083,2026-06-25T23:34:18.070409,23551.969,52809.828,0.831,188.734,11902.916,0.019,0.0
99.134,2026-06-25T23:34:18.121383,23551.969,52809.828,0.812,188.735,11902.916,0.019,0.0
99.185,2026-06-25T23:34:18.172352,23551.969,52809.828,0.798,188.736,11902.916,0.019,0.0
99.236,2026-06-25T23:34:18.223286,23551.969,52809.828,0.789,188.737,11902.916,0.019,0.0
99.287,2026-06-25T23:34:18.274217,23551.969,52809.828,0.782,188.738,11902.916,0.019,0.0
99.338,2026-06-25T23:34:18.325197,23551.969,52809.828,0.777,188.739,11902.916,0.019,0.0
99.389,2026-06-25T23:34:18.376163,23551.969,52809.828,0.774,188.74,11902.916,0.019,0.0
99.44,2026-06-25T23:34:18.427077,23551.969,52809.828,0.772,188.741,11902.916,0.019,0.0
99.491,2026-06-25T23:34:18.478046,23551.969,52809.828,0.816,188.742,11902.916,0.019,0.0
99.542,2026-06-25T23:34:18.528994,23551.969,52809.828,0.847,188.743,11902.916,0.019,0.0
99.593,2026-06-25T23:34:18.579970,23551.969,52809.828,0.823,188.744,11902.916,0.019,0.0
99.644,2026-06-25T23:34:18.630928,23551.969,52809.828,0.806,188.745,11902.916,0.019,0.0
99.695,2026-06-25T23:34:18.681902,23551.969,52809.828,0.794,188.746,11902.916,0.019,0.0
99.746,2026-06-25T23:34:18.732852,23551.969,52809.828,0.786,188.747,11902.916,0.019,0.0
99.797,2026-06-25T23:34:18.783838,23551.969,52809.828,0.78,188.748,11902.916,0.019,0.0
99.848,2026-06-25T23:34:18.834791,23551.969,52809.828,0.776,188.749,11902.916,0.019,0.0
99.973,2026-06-25T23:34:18.959493,23552.062,52809.828,0.92,189.089,11902.916,2.74,0.0
100.023,2026-06-25T23:34:19.009918,23551.953,52809.828,0.876,189.09,11902.916,0.019,0.0
100.074,2026-06-25T23:34:19.060505,23551.969,52809.828,0.845,189.091,11902.916,0.019,0.0
100.124,2026-06-25T23:34:19.111074,23550.16,52809.828,0.823,189.092,11902.916,0.019,0.0
100.175,2026-06-25T23:34:19.161811,23550.16,52809.828,0.853,189.093,11902.916,0.019,0.0
100.226,2026-06-25T23:34:19.212588,23548.301,52809.828,0.827,189.094,11902.916,0.019,0.0
100.277,2026-06-25T23:34:19.263568,23548.312,52809.828,0.809,189.095,11902.916,0.019,0.0
100.328,2026-06-25T23:34:19.314526,23548.312,52809.828,0.796,189.096,11902.916,0.019,0.0
100.379,2026-06-25T23:34:19.365505,23547.785,52809.828,0.833,189.097,11902.916,0.019,0.0
100.43,2026-06-25T23:34:19.416471,23545.305,52809.828,0.813,189.098,11902.916,0.019,0.0
100.481,2026-06-25T23:34:19.467474,23545.309,52809.828,0.799,189.099,11902.916,0.019,0.0
100.532,2026-06-25T23:34:19.518429,23545.309,52809.828,0.789,189.1,11902.916,0.019,0.0
100.582,2026-06-25T23:34:19.569411,23544.656,52809.828,0.782,189.101,11902.916,0.019,0.0
100.633,2026-06-25T23:34:19.620367,23544.426,52809.828,0.778,189.102,11902.916,0.019,0.0
100.684,2026-06-25T23:34:19.671359,23544.418,52809.828,0.774,189.103,11902.916,0.019,0.0
100.735,2026-06-25T23:34:19.722332,23543.691,52809.828,0.772,189.104,11902.916,0.019,0.0
100.786,2026-06-25T23:34:19.773261,23543.406,52809.828,0.77,189.105,11902.916,0.019,0.0
100.837,2026-06-25T23:34:19.824203,23541.594,52809.828,0.815,189.106,11902.916,0.019,0.0
100.888,2026-06-25T23:34:19.875178,23541.594,52809.828,0.801,189.107,11902.916,0.019,0.0
100.939,2026-06-25T23:34:19.926116,23535.664,52809.828,0.79,189.108,11902.916,0.019,0.0
100.99,2026-06-25T23:34:19.977067,23535.664,52809.828,0.783,189.109,11902.916,0.019,0.0
101.041,2026-06-25T23:34:20.028045,23535.664,52809.828,0.778,189.11,11902.916,0.019,0.0
101.092,2026-06-25T23:34:20.079009,23535.664,52809.828,0.82,189.111,11902.916,0.019,0.0
101.143,2026-06-25T23:34:20.129978,23535.668,52809.828,0.804,189.112,11902.916,0.019,0.0
101.194,2026-06-25T23:34:20.180941,23535.668,52809.828,0.793,189.113,11902.916,0.019,0.0
101.245,2026-06-25T23:34:20.231928,23535.668,52809.828,0.785,189.114,11902.916,0.019,0.0
101.296,2026-06-25T23:34:20.282892,23535.668,52809.828,0.779,189.114,11902.916,0.019,0.0
101.347,2026-06-25T23:34:20.333874,23535.605,52809.828,0.821,189.115,11902.916,0.019,0.0
101.398,2026-06-25T23:34:20.384863,23535.059,52809.828,0.805,189.116,11902.916,0.019,0.0
101.449,2026-06-25T23:34:20.435821,23534.648,52809.828,0.794,189.117,11902.916,0.019,0.0
101.5,2026-06-25T23:34:20.486772,23534.648,52809.828,0.831,189.118,11902.916,0.019,0.0
101.551,2026-06-25T23:34:20.537756,23533.371,52809.828,0.812,189.119,11902.916,0.019,0.0
101.602,2026-06-25T23:34:20.588718,23533.371,52809.828,0.798,189.12,11902.916,0.019,0.0
101.653,2026-06-25T23:34:20.639728,23532.598,52809.828,0.789,189.121,11902.916,0.019,0.0
101.704,2026-06-25T23:34:20.690688,23532.289,52809.828,0.782,189.122,11902.916,0.019,0.0
101.755,2026-06-25T23:34:20.741658,23531.551,52809.828,0.777,189.123,11903.944,0.019,20.176
101.806,2026-06-25T23:34:20.792612,23531.551,52809.828,0.82,189.124,11904.369,0.024,8.344
101.857,2026-06-25T23:34:20.843580,23531.551,52809.828,0.804,189.126,11904.369,0.024,0.0
101.908,2026-06-25T23:34:20.894496,23531.551,52809.828,0.793,189.127,11904.369,0.024,0.0
101.959,2026-06-25T23:34:20.945482,23531.551,52809.828,0.693,189.139,11904.374,0.239,0.1
102.01,2026-06-25T23:34:20.996421,23531.551,52809.828,0.485,189.184,11904.394,0.883,0.381
102.06,2026-06-25T23:34:21.047320,23531.551,52809.828,0.34,189.185,11904.394,0.019,0.0
102.111,2026-06-25T23:34:21.098198,23531.551,52809.828,0.238,189.186,11904.394,0.019,0.0
102.162,2026-06-25T23:34:21.149077,23531.551,52809.828,0.166,189.187,11904.394,0.019,0.0
102.213,2026-06-25T23:34:21.199988,23531.551,52809.828,0.116,189.188,11904.394,0.019,0.0
102.264,2026-06-25T23:34:21.250896,23531.551,52809.828,0.082,189.398,11904.49,4.119,1.883
102.315,2026-06-25T23:34:21.301836,23531.551,52809.828,0.057,189.399,11904.49,0.019,0.0
102.366,2026-06-25T23:34:21.352756,23531.551,52809.828,0.04,189.4,11904.49,0.019,0.0
102.417,2026-06-25T23:34:21.403689,23531.551,52809.828,0.028,189.401,11904.49,0.019,0.0
102.468,2026-06-25T23:34:21.454611,23531.551,52809.828,0.02,189.402,11904.49,0.019,0.0
102.519,2026-06-25T23:34:21.505553,23520.039,52809.828,0.152,189.491,11904.711,1.746,4.354
102.57,2026-06-25T23:34:21.556432,23520.051,52809.863,0.106,189.745,11904.756,5.016,0.885
102.62,2026-06-25T23:34:21.606947,23554.758,56807.211,0.306,190.269,11905.809,10.38,20.838
102.671,2026-06-25T23:34:21.657498,23830.93,63449.188,0.446,190.27,11905.809,0.02,0.0
102.721,2026-06-25T23:34:21.708069,24539.832,63449.188,0.544,190.271,11905.809,0.02,0.0
102.772,2026-06-25T23:34:21.758792,25259.184,64263.758,3.184,190.272,11905.81,0.02,0.01
102.823,2026-06-25T23:34:21.809867,25242.586,64176.945,8.0,190.273,11905.81,0.02,0.0
102.874,2026-06-25T23:34:21.861121,25263.023,64281.758,9.636,190.274,11905.81,0.02,0.0
102.925,2026-06-25T23:34:21.912126,25217.434,64184.07,10.185,190.275,11905.81,0.02,0.0
102.976,2026-06-25T23:34:21.963251,25218.582,64211.633,9.517,190.276,11905.81,0.02,0.0
103.027,2026-06-25T23:34:22.014269,25223.129,64244.445,8.271,190.277,11905.81,0.02,0.0
103.078,2026-06-25T23:34:22.065260,25206.324,64234.508,6.756,190.278,11905.81,0.02,0.0
103.129,2026-06-25T23:34:22.116192,25199.602,64223.883,5.419,190.279,11905.81,0.02,0.0
103.18,2026-06-25T23:34:22.167112,25214.242,64239.883,4.299,190.28,11905.81,0.02,0.0
103.231,2026-06-25T23:34:22.218094,25216.758,64248.57,3.469,190.281,11905.81,0.02,0.0
103.282,2026-06-25T23:34:22.269067,25201.82,64229.258,2.796,190.282,11905.81,0.02,0.0
103.333,2026-06-25T23:34:22.320073,25201.82,64229.258,2.187,190.283,11905.81,0.02,0.0
103.384,2026-06-25T23:34:22.371030,25201.82,64229.258,1.807,190.284,11905.81,0.02,0.0
103.435,2026-06-25T23:34:22.422022,25201.82,64229.258,1.495,190.285,11905.81,0.02,0.0
103.486,2026-06-25T23:34:22.472996,25201.82,64229.258,1.276,190.286,11905.81,0.02,0.0
103.537,2026-06-25T23:34:22.523995,25201.82,64229.258,1.123,190.287,13092.81,0.02,23280.333
103.588,2026-06-25T23:34:22.574974,25201.82,64229.258,1.016,190.288,13092.81,0.02,0.0
103.639,2026-06-25T23:34:22.626073,25201.82,64229.258,0.94,190.289,13092.81,0.02,0.0
103.69,2026-06-25T23:34:22.677189,25201.82,64229.258,0.888,190.29,13092.81,0.02,0.0
103.741,2026-06-25T23:34:22.728244,25201.82,64229.258,0.851,190.291,13092.81,0.02,0.0
103.792,2026-06-25T23:34:22.779326,25201.82,64229.258,0.825,190.292,13092.81,0.02,0.0
103.844,2026-06-25T23:34:22.830426,25201.82,64229.258,0.853,190.293,13092.81,0.02,0.0
103.895,2026-06-25T23:34:22.881514,24095.824,64229.258,0.826,190.294,13092.81,0.02,0.0
103.946,2026-06-25T23:34:22.932607,24284.262,63435.875,3.373,190.295,13132.693,0.02,779.97
103.997,2026-06-25T23:34:22.983739,24060.281,63157.25,5.295,190.296,13170.193,0.02,733.687
104.048,2026-06-25T23:34:23.034856,24259.344,64266.062,4.257,190.297,13212.38,0.02,825.976
104.099,2026-06-25T23:34:23.085939,24842.969,64223.875,3.438,190.298,13254.568,0.02,825.271
104.15,2026-06-25T23:34:23.137048,25275.133,65623.438,4.012,190.299,13301.443,0.02,916.887
104.201,2026-06-25T23:34:23.188191,25249.676,65604.125,5.558,190.3,13338.943,0.02,732.59
104.252,2026-06-25T23:34:23.239386,25285.18,65599.438,6.695,190.301,13381.13,0.02,829.321
104.303,2026-06-25T23:34:23.290209,25344.781,65628.125,7.39,190.302,13418.63,0.02,732.276
104.355,2026-06-25T23:34:23.341432,25378.465,65628.125,7.794,190.303,13460.818,0.02,828.18
104.405,2026-06-25T23:34:23.392315,25432.758,65635.438,8.089,190.304,13503.005,0.02,832.352
104.456,2026-06-25T23:34:23.442940,25474.887,65644.812,8.437,190.305,13540.505,0.02,739.764
104.507,2026-06-25T23:34:23.493618,25512.336,65613.5,8.501,190.306,13582.693,0.02,834.239
104.557,2026-06-25T23:34:23.544190,25531.219,65606.188,8.497,190.307,13624.88,0.02,833.371
104.608,2026-06-25T23:34:23.594806,25592.559,65620.812,8.45,190.308,13662.38,0.02,741.193
104.658,2026-06-25T23:34:23.645412,25627.957,65618.188,8.459,190.309,13704.568,0.02,832.548
104.709,2026-06-25T23:34:23.696091,25687.062,65667.438,7.678,190.31,13746.755,0.02,832.462
104.76,2026-06-25T23:34:23.746773,25680.383,65593.375,6.995,190.311,13784.255,0.02,740.335
104.81,2026-06-25T23:34:23.797414,25750.871,65668.875,6.054,190.312,13826.443,0.02,833.701
104.861,2026-06-25T23:34:23.848031,25757.277,65574.125,5.947,190.313,13868.63,0.02,831.363
104.963,2026-06-25T23:34:23.949768,25843.824,65587.562,5.964,190.654,13953.005,3.358,831.951
105.013,2026-06-25T23:34:24.000196,25939.754,65653.25,6.307,190.655,13995.193,0.02,833.383
105.064,2026-06-25T23:34:24.050808,25980.113,65608.562,6.356,190.656,14032.693,0.02,739.298
105.115,2026-06-25T23:34:24.101542,26007.477,65629.562,6.939,190.657,14070.193,0.02,736.77
105.166,2026-06-25T23:34:24.152502,26037.34,65650.625,7.254,190.658,14109.255,0.02,769.072
105.216,2026-06-25T23:34:24.203267,26088.258,65647.438,8.3,190.659,14153.005,0.02,858.604
105.267,2026-06-25T23:34:24.254237,26137.348,65645.875,8.669,190.66,14185.818,0.02,645.772
105.318,2026-06-25T23:34:24.305032,26139.09,65620.312,8.741,190.661,14234.255,0.02,952.299
105.369,2026-06-25T23:34:24.355902,26209.246,65625.0,8.977,190.662,14271.755,0.02,737.831
105.42,2026-06-25T23:34:24.406718,26216.688,65604.125,9.051,190.663,14315.505,0.02,860.859
105.471,2026-06-25T23:34:24.457539,26286.945,65625.5,9.013,190.664,14357.693,0.02,830.917
105.521,2026-06-25T23:34:24.508329,26320.523,65613.5,8.937,190.665,14395.193,0.02,737.416
105.572,2026-06-25T23:34:24.559202,26344.344,65589.5,8.791,190.666,14437.38,0.02,829.733
105.623,2026-06-25T23:34:24.610019,26391.348,65603.562,8.506,190.667,14474.88,0.02,738.267
105.674,2026-06-25T23:34:24.660802,25424.613,65612.938,7.154,190.668,14493.63,0.02,369.122
105.725,2026-06-25T23:34:24.711631,25249.559,64868.234,6.981,190.669,14531.13,0.02,733.352
105.776,2026-06-25T23:34:24.762801,25280.727,64894.859,6.997,190.67,14573.318,0.02,825.957
105.827,2026-06-25T23:34:24.813838,25286.945,64894.859,7.156,190.671,14610.818,0.02,737.893
105.878,2026-06-25T23:34:24.864630,25302.16,64892.797,7.271,190.672,14653.005,0.02,830.364
105.929,2026-06-25T23:34:24.915434,25321.742,64897.484,7.304,190.673,14690.505,0.02,738.788
105.979,2026-06-25T23:34:24.966205,25345.582,64885.484,7.368,190.674,14732.693,0.02,827.734
106.03,2026-06-25T23:34:25.017184,25363.867,64897.484,7.465,190.675,14770.193,0.02,738.843
106.081,2026-06-25T23:34:25.067917,25385.668,64904.797,7.762,190.676,14812.38,0.02,829.815
106.132,2026-06-25T23:34:25.118770,25405.617,64892.797,8.014,190.677,14854.568,0.02,829.624
106.183,2026-06-25T23:34:25.169603,25398.969,64866.172,8.057,190.678,14887.38,0.02,646.454
106.233,2026-06-25T23:34:25.220404,25419.297,64873.484,8.038,190.679,14929.568,0.02,830.013
106.284,2026-06-25T23:34:25.271191,25447.73,64880.797,7.889,190.68,14971.755,0.02,831.331
106.335,2026-06-25T23:34:25.321943,25481.414,64892.797,7.919,190.681,15013.943,0.02,829.414
106.386,2026-06-25T23:34:25.372815,25500.195,64897.484,7.986,190.682,15051.443,0.02,737.292
106.437,2026-06-25T23:34:25.423673,25517.699,64909.484,7.846,190.683,15093.63,0.02,828.424
106.488,2026-06-25T23:34:25.474665,25557.488,64916.797,7.739,190.684,15135.818,0.02,824.925
106.539,2026-06-25T23:34:25.525807,25527.832,64854.172,7.618,190.685,15178.005,0.02,825.533
106.59,2026-06-25T23:34:25.576864,25555.102,64873.484,7.314,190.686,15215.505,0.02,737.589
106.641,2026-06-25T23:34:25.627682,25573.723,64890.734,7.381,190.687,15257.693,0.02,830.391
106.692,2026-06-25T23:34:25.678474,25584.793,64907.422,7.52,190.688,15299.88,0.02,831.199
106.742,2026-06-25T23:34:25.729243,25613.887,64895.422,7.703,190.689,15342.068,0.02,827.661
106.793,2026-06-25T23:34:25.780231,25638.113,64895.422,7.837,190.69,15379.568,0.02,738.51
106.844,2026-06-25T23:34:25.830989,25654.934,64902.734,7.929,190.691,15421.755,0.02,829.539
106.895,2026-06-25T23:34:25.881852,25686.832,64914.734,8.04,190.692,15463.943,0.02,829.998
106.946,2026-06-25T23:34:25.932679,25673.266,64890.734,8.114,190.693,15501.443,0.02,736.404
106.997,2026-06-25T23:34:25.983656,24836.508,64890.734,6.277,190.694,15510.818,0.02,183.629
107.048,2026-06-25T23:34:26.034728,24496.023,63701.109,6.045,190.695,15534.255,0.02,458.721
107.099,2026-06-25T23:34:26.085815,24521.633,63735.047,6.803,190.696,15576.443,0.02,826.566
107.15,2026-06-25T23:34:26.136869,24519.414,63727.734,7.237,190.698,15618.63,0.02,824.706
107.201,2026-06-25T23:34:26.188020,24475.516,63684.422,7.544,190.699,15656.13,0.02,734.554
107.252,2026-06-25T23:34:26.239041,24502.32,63713.109,7.717,190.7,15698.318,0.02,827.715
107.303,2026-06-25T23:34:26.289995,24629.648,63893.109,7.93,190.701,15735.818,0.02,735.014
107.354,2026-06-25T23:34:26.341035,24886.25,64191.422,10.991,190.702,15778.005,0.02,822.215
107.405,2026-06-25T23:34:26.392393,24903.129,64192.359,13.117,190.703,15801.443,0.02,460.257
107.456,2026-06-25T23:34:26.443206,25013.02,64332.609,14.693,190.704,15834.255,0.02,642.333
107.507,2026-06-25T23:34:26.494352,25036.676,64330.922,16.176,190.705,15862.38,0.02,552.873
107.558,2026-06-25T23:34:26.545115,25142.09,64444.547,16.593,190.706,15885.818,0.02,462.442
107.609,2026-06-25T23:34:26.595791,25211.664,64518.984,16.987,190.707,15885.818,0.02,0.0
107.66,2026-06-25T23:34:26.646455,25284.219,64574.109,17.301,190.708,15895.193,0.02,183.035
107.711,2026-06-25T23:34:26.697785,25253.566,64515.047,17.15,190.709,15928.005,0.02,641.898
107.762,2026-06-25T23:34:26.748852,24991.863,64169.109,14.991,190.71,15960.818,0.02,643.357
107.813,2026-06-25T23:34:26.799861,24965.871,64140.422,10.816,190.711,15960.818,0.02,0.0
107.864,2026-06-25T23:34:26.850835,24965.871,64140.422,7.847,190.712,15960.818,0.02,0.0
107.915,2026-06-25T23:34:26.901816,24965.871,64140.422,5.723,190.713,15960.818,0.02,0.0
107.966,2026-06-25T23:34:26.952766,24965.871,64140.422,4.282,190.714,15960.818,0.02,0.0
108.017,2026-06-25T23:34:27.003751,24965.871,64140.422,3.227,190.715,15960.818,0.02,0.0
108.068,2026-06-25T23:34:27.054721,24965.871,64140.422,2.489,190.716,15960.818,0.02,0.0
108.119,2026-06-25T23:34:27.105725,24965.871,64140.422,1.926,190.717,16424.49,0.02,9097.538
108.17,2026-06-25T23:34:27.156672,24965.871,64140.422,1.578,190.718,16424.49,0.02,0.0
108.221,2026-06-25T23:34:27.207651,24965.871,64140.422,1.381,190.719,16424.49,0.02,0.0
108.272,2026-06-25T23:34:27.258610,24502.199,63676.75,1.197,190.72,16424.49,0.02,0.0
108.323,2026-06-25T23:34:27.309598,24502.199,63676.75,1.113,190.721,16424.49,0.02,0.0
108.374,2026-06-25T23:34:27.360569,24502.199,63676.75,0.825,190.722,16424.49,0.02,0.0
108.425,2026-06-25T23:34:27.411556,24502.199,63676.75,0.578,190.723,16424.49,0.02,0.0
108.476,2026-06-25T23:34:27.462528,24464.699,63639.25,0.634,190.724,16461.99,0.02,735.062
108.527,2026-06-25T23:34:27.513492,24422.512,63597.062,0.675,190.725,16504.177,0.02,833.395
108.577,2026-06-25T23:34:27.564054,24380.324,63554.875,0.704,190.726,16546.365,0.02,833.434
108.628,2026-06-25T23:34:27.614703,24338.137,63512.688,0.723,190.727,16588.552,0.02,828.758
108.679,2026-06-25T23:34:27.665667,24295.949,63470.5,0.736,190.728,16630.74,0.02,827.788
108.73,2026-06-25T23:34:27.716650,24253.762,63428.312,0.791,190.729,16677.615,0.02,919.042
108.781,2026-06-25T23:34:27.767642,24211.574,63386.125,0.784,190.73,16719.802,0.02,827.444
108.832,2026-06-25T23:34:27.818628,24169.387,63343.938,0.733,190.731,16757.302,0.02,735.839
108.883,2026-06-25T23:34:27.869600,24127.199,63301.75,0.835,190.732,16799.49,0.02,827.115
108.934,2026-06-25T23:34:27.920558,24085.012,63259.562,0.814,190.733,16841.677,0.02,828.796
108.985,2026-06-25T23:34:27.971495,24042.824,63217.375,0.8,190.734,16888.552,0.02,920.454
109.036,2026-06-25T23:34:28.022471,23995.949,63170.5,0.79,190.735,16930.74,0.02,827.424
109.087,2026-06-25T23:34:28.073435,23948.219,63133.0,0.829,190.736,16972.927,0.02,827.866
109.138,2026-06-25T23:34:28.124421,23903.344,63086.125,0.81,190.737,17015.115,0.02,827.285
109.188,2026-06-25T23:34:28.175386,23861.156,63043.938,0.751,190.738,17057.302,0.02,827.839
109.239,2026-06-25T23:34:28.226376,23818.969,63001.75,0.756,190.739,17104.177,0.02,919.154
109.29,2026-06-25T23:34:28.277356,23772.094,62954.875,0.851,190.74,17146.365,0.02,827.707
109.341,2026-06-25T23:34:28.328334,23729.906,62912.688,0.825,190.741,17188.552,0.02,827.579
109.392,2026-06-25T23:34:28.379275,23687.719,62870.5,0.808,190.742,17230.74,0.02,827.92
109.443,2026-06-25T23:34:28.430216,23645.531,62828.312,0.796,190.743,17277.615,0.02,920.424
109.494,2026-06-25T23:34:28.481127,23525.77,62071.094,0.787,190.744,17301.052,0.02,459.676
109.545,2026-06-25T23:34:28.532188,23482.914,61706.547,0.78,190.745,17318.451,0.02,341.058
109.584,2026-06-25T23:34:28.571251,23288.891,50152.863,0.546,191.236,17328.321,12.66,254.625
109.586,2026-06-25T23:34:28.572694,23288.93,50152.863,0.382,191.237,17328.327,0.774,4.626
109.586,2026-06-25T23:34:28.572861,23288.93,50152.863,0.268,191.237,17328.327,4.119,0.0
