time_s,timestamp,rss_mb,vms_mb,cpu_percent,disk_read_mb,disk_write_mb,disk_read_rate_mb_s,disk_write_rate_mb_s
0.0,2026-06-26T03:12:28.978855,610.418,6523.223,0.178,155.816,0.012,0.0,0.0
0.0,2026-06-26T03:12:28.979205,610.426,6523.223,0.125,155.817,0.012,0.986,0.0
-0.0,2026-06-26T03:12:28.978694,610.422,6523.223,0.087,155.817,0.012,0.478,0.0
0.052,2026-06-26T03:12:29.030710,612.164,6524.027,0.107,156.08,0.013,5.2,0.01
0.163,2026-06-26T03:12:29.142261,612.91,6524.027,0.222,156.413,0.013,2.992,0.004
0.27,2026-06-26T03:12:29.248477,612.984,6524.027,0.288,156.743,0.013,3.109,0.0
0.359,2026-06-26T03:12:29.337903,613.004,6524.027,0.306,157.074,0.013,3.693,0.0
0.409,2026-06-26T03:12:29.388247,613.004,6524.027,0.214,157.074,0.013,0.01,0.0
0.502,2026-06-26T03:12:29.480873,613.121,6524.027,0.251,157.166,0.014,0.984,0.005
0.503,2026-06-26T03:12:29.481889,613.125,6524.027,0.176,157.166,0.014,0.96,0.056
0.504,2026-06-26T03:12:29.482422,613.125,6524.027,0.123,157.167,0.014,2.198,0.0
0.552,2026-06-26T03:12:29.530499,613.145,6524.156,0.379,157.412,0.014,5.111,0.009
0.641,2026-06-26T03:12:29.619570,613.211,6524.156,0.37,157.743,0.014,3.708,0.0
0.691,2026-06-26T03:12:29.669918,613.211,6524.156,0.259,157.743,0.014,0.01,0.0
0.783,2026-06-26T03:12:29.762199,613.219,6524.156,0.258,158.075,0.015,3.6,0.005
0.834,2026-06-26T03:12:29.812841,614.41,6525.812,0.319,158.468,0.015,7.086,0.0
1.245,2026-06-26T03:12:30.224169,15151.988,827241.473,12.773,159.103,0.015,1.563,0.001
1.569,2026-06-26T03:12:30.547711,35019.066,852321.508,34.014,159.433,0.015,1.008,0.0
1.788,2026-06-26T03:12:30.766457,49857.184,852321.508,52.815,159.762,0.015,1.529,0.0
2.01,2026-06-26T03:12:30.989294,64690.844,852321.508,65.201,160.092,0.015,1.479,0.0
2.186,2026-06-26T03:12:31.165062,75954.625,852634.656,70.8,160.421,0.015,1.874,0.0
2.303,2026-06-26T03:12:31.282122,82976.0,853101.766,71.735,160.751,0.015,2.814,0.0
2.404,2026-06-26T03:12:31.382579,88170.824,854034.461,66.471,161.08,0.015,3.286,0.0
2.491,2026-06-26T03:12:31.470209,90129.07,854034.461,50.809,161.41,0.015,3.761,0.001
3.692,2026-06-26T03:12:32.671052,60635.531,87117.766,35.818,161.739,0.018,0.274,0.002
3.781,2026-06-26T03:12:32.759627,60635.531,87117.766,25.179,162.068,0.018,3.715,0.0
3.831,2026-06-26T03:12:32.809986,60635.531,87117.766,17.625,162.068,0.018,0.01,0.0
3.922,2026-06-26T03:12:32.900923,60635.531,87117.766,12.441,162.399,0.018,3.641,0.005
3.975,2026-06-26T03:12:32.953982,60712.777,87655.547,12.749,162.401,0.018,0.039,0.002
3.975,2026-06-26T03:12:32.954180,60712.777,87655.547,12.954,162.401,0.018,3.28,0.0
3.976,2026-06-26T03:12:32.954961,60712.777,87655.547,9.068,162.402,0.018,1.883,0.0
4.081,2026-06-26T03:12:33.059984,60712.777,87655.547,6.459,162.731,0.019,3.131,0.004
4.17,2026-06-26T03:12:33.148638,60712.777,87655.547,4.627,163.06,0.019,3.712,0.0
4.22,2026-06-26T03:12:33.198995,60712.777,87655.547,3.239,163.06,0.019,0.01,0.0
4.346,2026-06-26T03:12:33.325309,60712.777,87655.547,2.434,163.396,0.02,2.662,0.007
4.435,2026-06-26T03:12:33.414194,60712.777,87655.547,1.783,163.725,0.02,3.703,0.0
4.486,2026-06-26T03:12:33.464538,60712.777,87655.547,1.248,163.726,0.02,0.01,0.0
4.577,2026-06-26T03:12:33.555920,60712.777,87655.547,1.002,164.073,0.021,3.819,0.01
4.627,2026-06-26T03:12:33.606279,60712.777,87655.547,0.702,164.074,0.021,0.01,0.0
4.733,2026-06-26T03:12:33.711729,60712.777,87655.547,0.602,164.403,0.021,3.126,0.0
4.821,2026-06-26T03:12:33.800198,60712.777,87655.547,0.528,164.732,0.021,3.72,0.0
4.872,2026-06-26T03:12:33.850548,60712.777,87655.547,0.369,164.751,0.021,0.38,0.017
4.961,2026-06-26T03:12:33.939588,60712.777,87655.547,0.364,165.08,0.021,3.704,0.0
5.011,2026-06-26T03:12:33.989947,60712.777,87655.547,0.255,165.081,0.021,0.01,0.0
5.1,2026-06-26T03:12:34.078955,60712.777,87655.547,0.284,165.41,0.021,3.706,0.0
5.15,2026-06-26T03:12:34.129313,60712.777,87655.547,0.245,165.412,0.022,0.032,0.007
5.24,2026-06-26T03:12:34.219280,60712.781,87655.547,0.25,165.741,0.022,3.673,0.0
5.291,2026-06-26T03:12:34.269623,60712.781,87655.547,0.175,165.742,0.022,0.01,0.0
5.38,2026-06-26T03:12:34.358800,60712.781,87655.547,0.228,166.072,0.022,3.708,0.0
6.538,2026-06-26T03:12:35.516796,61001.77,87941.855,0.39,178.657,0.022,10.867,0.0
6.626,2026-06-26T03:12:35.605310,61001.77,87941.855,0.379,178.986,0.022,3.724,0.0
6.677,2026-06-26T03:12:35.655666,61001.77,87941.855,0.265,178.986,0.022,0.01,0.0
6.777,2026-06-26T03:12:35.755553,61001.77,87941.855,0.326,178.994,0.022,0.079,0.0
6.779,2026-06-26T03:12:35.757477,61001.77,87941.855,0.228,178.995,0.022,2.565,0.0
6.84,2026-06-26T03:12:35.819133,61001.77,87941.855,0.35,179.324,0.023,5.328,0.007
6.929,2026-06-26T03:12:35.907600,61001.77,87941.855,0.351,179.653,0.023,3.722,0.0
6.979,2026-06-26T03:12:35.957943,61001.77,87941.855,0.246,179.653,0.023,0.01,0.0
7.068,2026-06-26T03:12:36.047227,61001.77,87941.855,0.277,179.984,0.023,3.709,0.005
7.119,2026-06-26T03:12:36.097576,61001.77,87941.855,0.194,179.984,0.023,0.01,0.0
7.208,2026-06-26T03:12:36.186370,61001.77,87941.855,0.241,180.314,0.023,3.714,0.0
7.258,2026-06-26T03:12:36.236724,61001.77,87941.855,0.169,180.314,0.023,0.01,0.0
7.349,2026-06-26T03:12:36.327579,61001.77,87941.855,0.247,180.646,0.024,3.661,0.01
7.399,2026-06-26T03:12:36.377927,61001.77,87941.855,0.173,180.647,0.024,0.01,0.0
7.488,2026-06-26T03:12:36.466618,61001.77,87941.855,0.201,180.976,0.024,3.72,0.0
7.538,2026-06-26T03:12:36.516969,61001.77,87941.855,0.14,180.976,0.024,0.01,0.0
7.627,2026-06-26T03:12:36.605807,61001.77,87941.855,0.231,181.307,0.024,3.728,0.005
7.677,2026-06-26T03:12:36.656197,61001.77,87941.855,0.161,181.307,0.024,0.01,0.0
7.766,2026-06-26T03:12:36.745171,61001.77,87941.855,0.218,181.637,0.024,3.707,0.0
7.817,2026-06-26T03:12:36.795514,61001.77,87941.855,0.153,181.637,0.024,0.01,0.0
7.906,2026-06-26T03:12:36.884359,61001.77,87941.855,0.213,181.968,0.025,3.728,0.005
7.956,2026-06-26T03:12:36.934708,61001.77,87941.855,0.149,181.968,0.025,0.01,0.0
8.045,2026-06-26T03:12:37.023520,61001.77,87941.855,0.21,182.298,0.025,3.714,0.0
8.095,2026-06-26T03:12:37.073863,61001.77,87941.855,0.147,182.298,0.025,0.01,0.0
8.184,2026-06-26T03:12:37.163148,61001.77,87941.855,0.208,182.638,0.025,3.815,0.004
8.235,2026-06-26T03:12:37.213487,61001.77,87941.855,0.146,182.639,0.025,0.01,0.0
8.324,2026-06-26T03:12:37.302950,61001.77,87941.855,0.207,182.968,0.025,3.687,0.0
8.374,2026-06-26T03:12:37.353311,61001.77,87941.855,0.145,182.97,0.026,0.032,0.009
8.464,2026-06-26T03:12:37.442955,61001.77,87941.855,0.206,183.299,0.026,3.679,0.0
8.514,2026-06-26T03:12:37.493316,61001.77,87941.855,0.144,183.299,0.026,0.01,0.0
8.604,2026-06-26T03:12:37.582881,61001.77,87941.855,0.206,183.629,0.026,3.683,0.0
8.654,2026-06-26T03:12:37.633221,61001.77,87941.855,0.144,183.63,0.026,0.034,0.008
8.744,2026-06-26T03:12:37.722639,61001.77,87941.855,0.232,183.96,0.026,3.689,0.0
8.794,2026-06-26T03:12:37.772969,61001.77,87941.855,0.162,183.96,0.026,0.01,0.0
8.886,2026-06-26T03:12:37.864544,61001.77,87941.855,0.216,184.291,0.027,3.615,0.005
8.936,2026-06-26T03:12:37.914892,61001.77,87941.855,0.151,184.291,0.027,0.01,0.0
9.04,2026-06-26T03:12:38.019076,61001.77,87941.855,0.218,184.62,0.027,3.166,0.0
9.131,2026-06-26T03:12:38.109694,61001.77,87941.855,0.256,184.951,0.027,3.65,0.005
9.181,2026-06-26T03:12:38.160054,61001.77,87941.855,0.179,184.953,0.027,0.035,0.009
9.271,2026-06-26T03:12:38.249476,61001.77,87941.855,0.231,185.282,0.027,3.69,0.0
9.321,2026-06-26T03:12:38.299828,61001.77,87941.855,0.208,185.283,0.027,0.01,0.0
9.41,2026-06-26T03:12:38.389340,61001.77,87941.855,0.224,185.612,0.027,3.686,0.0
9.461,2026-06-26T03:12:38.439689,61001.77,87941.855,0.157,185.621,0.028,0.18,0.009
9.55,2026-06-26T03:12:38.529085,61001.77,87941.855,0.241,185.95,0.028,3.689,0.0
9.601,2026-06-26T03:12:38.579445,61001.77,87941.855,0.169,185.951,0.028,0.01,0.0
9.692,2026-06-26T03:12:38.670975,61001.77,87941.855,0.221,186.281,0.028,3.617,0.005
9.742,2026-06-26T03:12:38.721326,61001.77,87941.855,0.155,186.282,0.028,0.01,0.0
9.847,2026-06-26T03:12:38.825370,61001.77,87941.855,0.221,186.611,0.028,3.17,0.0
9.936,2026-06-26T03:12:38.914412,61001.77,87941.855,0.26,186.941,0.028,3.699,0.0
9.986,2026-06-26T03:12:38.964757,61001.77,87941.855,0.228,187.189,0.029,4.917,0.018
10.076,2026-06-26T03:12:39.054850,61001.77,87941.855,0.238,187.518,0.029,3.661,0.0
10.126,2026-06-26T03:12:39.105222,61001.77,87941.855,0.167,187.519,0.029,0.01,0.0
10.216,2026-06-26T03:12:39.195129,61001.77,87941.855,0.247,187.848,0.029,3.669,0.0
10.267,2026-06-26T03:12:39.245491,61001.77,87941.855,0.173,187.85,0.03,0.034,0.009
10.356,2026-06-26T03:12:39.334811,61001.77,87941.855,0.226,188.18,0.03,3.705,0.0
10.406,2026-06-26T03:12:39.385165,61001.77,87941.855,0.158,188.181,0.03,0.01,0.0
10.504,2026-06-26T03:12:39.482832,61001.77,87941.855,0.231,188.512,0.03,3.402,0.005
10.554,2026-06-26T03:12:39.533192,61001.77,87941.855,0.162,188.514,0.031,0.043,0.008
10.644,2026-06-26T03:12:39.622372,61001.77,87941.855,0.218,188.845,0.031,3.71,0.0
10.694,2026-06-26T03:12:39.672730,61001.77,87941.855,0.153,188.845,0.031,0.01,0.0
10.783,2026-06-26T03:12:39.761933,61001.77,87941.855,0.212,189.175,0.031,3.709,0.0
10.833,2026-06-26T03:12:39.812280,61001.77,87941.855,0.149,189.177,0.031,0.038,0.009
10.923,2026-06-26T03:12:39.901427,61001.77,87941.855,0.235,189.513,0.031,3.77,0.005
10.973,2026-06-26T03:12:39.951789,61001.77,87941.855,0.165,189.513,0.031,0.01,0.0
11.062,2026-06-26T03:12:40.040842,61001.77,87941.855,0.221,189.844,0.031,3.715,0.0
11.112,2026-06-26T03:12:40.091198,61001.77,87941.855,0.155,189.844,0.031,0.01,0.0
11.21,2026-06-26T03:12:40.188594,61001.77,87941.855,0.229,190.193,0.032,3.589,0.009
11.26,2026-06-26T03:12:40.238943,61001.77,87941.855,0.16,190.194,0.032,0.01,0.0
11.365,2026-06-26T03:12:40.344129,61001.77,87941.855,0.246,190.523,0.032,3.136,0.0
11.46,2026-06-26T03:12:40.438976,61001.77,87941.855,0.271,190.871,0.033,3.669,0.009
11.51,2026-06-26T03:12:40.489354,61001.77,87941.855,0.19,190.871,0.033,0.01,0.0
11.599,2026-06-26T03:12:40.578060,61001.77,87941.855,0.239,191.201,0.033,3.719,0.0
11.65,2026-06-26T03:12:40.628408,61001.77,87941.855,0.167,191.201,0.033,0.01,0.0
11.753,2026-06-26T03:12:40.731629,61001.77,87941.855,0.253,191.532,0.034,3.208,0.004
11.841,2026-06-26T03:12:40.820064,61001.77,87941.855,0.257,191.861,0.034,3.724,0.0
11.892,2026-06-26T03:12:40.870412,61001.77,87941.855,0.18,191.862,0.034,0.01,0.0
13.013,2026-06-26T03:12:41.992025,61069.121,88009.332,0.352,204.446,0.034,11.22,0.0
13.131,2026-06-26T03:12:42.109814,61069.121,88009.332,0.386,204.776,0.034,2.8,0.0
13.219,2026-06-26T03:12:42.198269,61069.121,88009.332,0.402,205.105,0.034,3.724,0.0
13.369,2026-06-26T03:12:42.348283,61069.121,88009.332,0.453,205.442,0.034,2.243,0.003
13.458,2026-06-26T03:12:42.436700,61069.121,88009.332,0.423,205.771,0.034,3.725,0.0
13.508,2026-06-26T03:12:42.487042,61069.121,88009.332,0.296,205.771,0.034,0.01,0.0
13.598,2026-06-26T03:12:42.576696,61069.121,88009.332,0.312,206.102,0.035,3.694,0.005
13.648,2026-06-26T03:12:42.627040,61069.121,88009.332,0.219,206.103,0.035,0.01,0.0
13.737,2026-06-26T03:12:42.716004,61069.121,88009.332,0.258,206.432,0.035,3.709,0.0
13.787,2026-06-26T03:12:42.766333,61069.121,88009.332,0.181,206.432,0.035,0.01,0.0
13.878,2026-06-26T03:12:42.857074,61069.121,88009.332,0.23,206.765,0.036,3.667,0.01
13.929,2026-06-26T03:12:42.907425,61069.121,88009.332,0.161,206.765,0.036,0.01,0.0
14.017,2026-06-26T03:12:42.996323,61069.121,88009.332,0.218,207.095,0.036,3.711,0.0
14.068,2026-06-26T03:12:43.046667,61069.121,88009.332,0.153,207.095,0.036,0.01,0.0
14.16,2026-06-26T03:12:43.138462,61069.121,88009.332,0.209,207.435,0.037,3.71,0.01
14.21,2026-06-26T03:12:43.188808,61069.121,88009.332,0.146,207.436,0.037,0.01,0.0
14.313,2026-06-26T03:12:43.292089,61069.121,88009.332,0.239,207.765,0.037,3.195,0.0
14.404,2026-06-26T03:12:43.382617,61069.121,88009.332,0.271,208.096,0.037,3.652,0.005
14.454,2026-06-26T03:12:43.432966,61069.121,88009.332,0.189,208.096,0.037,0.01,0.0
14.55,2026-06-26T03:12:43.528475,61069.121,88009.332,0.231,208.425,0.037,3.455,0.0
14.6,2026-06-26T03:12:43.578807,61069.121,88009.332,0.162,208.426,0.037,0.01,0.0
14.691,2026-06-26T03:12:43.670157,61069.121,88009.332,0.242,208.758,0.038,3.641,0.01
14.742,2026-06-26T03:12:43.720506,61069.121,88009.332,0.169,208.759,0.038,0.01,0.0
14.831,2026-06-26T03:12:43.809583,61069.121,88009.332,0.197,209.088,0.038,3.704,0.0
14.881,2026-06-26T03:12:43.859918,61069.121,88009.332,0.138,209.089,0.038,0.01,0.0
14.972,2026-06-26T03:12:43.950724,61069.121,88009.332,0.2,209.419,0.039,3.651,0.005
14.984,2026-06-26T03:12:43.962739,61069.121,88009.332,0.14,209.422,0.039,0.178,0.0
14.984,2026-06-26T03:12:43.963100,61069.121,88009.332,8.53,209.422,0.039,2.786,0.0
14.985,2026-06-26T03:12:43.963377,61069.121,88009.332,5.971,209.423,0.039,1.893,0.0
14.985,2026-06-26T03:12:43.963533,61069.121,88009.332,4.18,209.423,0.039,3.369,0.0
14.985,2026-06-26T03:12:43.963656,61069.121,88009.332,2.926,209.424,0.039,4.11,0.0
14.985,2026-06-26T03:12:43.963798,61069.121,88009.332,2.048,209.424,0.039,3.504,0.0
14.985,2026-06-26T03:12:43.963906,61069.121,88009.332,1.434,209.425,0.039,4.722,0.0
14.985,2026-06-26T03:12:43.964009,61069.121,88009.332,1.004,209.425,0.039,4.922,0.0
14.985,2026-06-26T03:12:43.964194,61069.121,88009.332,0.702,209.426,0.039,2.561,0.0
14.985,2026-06-26T03:12:43.964319,61069.121,88009.332,0.492,209.426,0.039,4.184,0.0
14.991,2026-06-26T03:12:43.969596,61176.82,88116.84,12.688,209.427,0.039,0.093,0.0
14.991,2026-06-26T03:12:43.969795,61176.82,88116.84,8.881,209.427,0.039,3.582,0.0
14.991,2026-06-26T03:12:43.969927,61176.82,88116.84,6.217,209.428,0.039,3.918,0.0
14.991,2026-06-26T03:12:43.970043,61176.82,88116.84,4.352,209.428,0.039,4.313,0.0
14.991,2026-06-26T03:12:43.970180,61176.82,88116.84,33.046,209.429,0.039,3.51,0.0
14.991,2026-06-26T03:12:43.970311,61176.82,88116.84,23.132,209.429,0.039,4.008,0.0
15.0,2026-06-26T03:12:43.978956,61176.82,88116.84,24.562,209.43,0.039,0.057,0.019
15.022,2026-06-26T03:12:44.001069,61231.379,88165.719,23.49,209.43,0.039,0.022,0.0
15.128,2026-06-26T03:12:44.106961,61571.367,88504.609,28.48,209.76,0.039,3.119,0.003
15.239,2026-06-26T03:12:44.218115,61619.328,88552.992,31.196,210.089,0.04,2.965,0.012
15.343,2026-06-26T03:12:44.322208,62650.945,89660.254,35.056,210.419,0.04,3.172,0.0
15.439,2026-06-26T03:12:44.417681,62972.18,96940.691,31.878,210.75,0.04,3.459,0.0
15.489,2026-06-26T03:12:44.468100,63972.402,96940.691,37.468,210.75,0.04,0.01,0.0
15.587,2026-06-26T03:12:44.565982,66089.535,96940.691,41.196,211.081,0.04,3.386,0.0
15.637,2026-06-26T03:12:44.616347,67197.238,96940.691,43.741,211.081,0.04,0.01,0.0
15.727,2026-06-26T03:12:44.705693,69099.711,96940.691,45.357,211.411,0.04,3.709,0.0
15.777,2026-06-26T03:12:44.756000,70115.23,96940.691,44.672,211.412,0.04,0.01,0.0
15.877,2026-06-26T03:12:44.855430,72395.645,104336.695,44.249,211.742,0.04,3.33,0.0
15.927,2026-06-26T03:12:44.905756,73829.578,104336.695,45.653,211.743,0.04,0.01,0.0
16.015,2026-06-26T03:12:44.994200,76169.293,104336.695,46.529,212.073,0.04,3.748,0.0
16.066,2026-06-26T03:12:45.044478,77485.18,104336.695,46.755,212.074,0.04,0.01,0.0
16.167,2026-06-26T03:12:45.145904,76419.172,104336.695,34.325,212.404,0.04,3.265,0.0
16.255,2026-06-26T03:12:45.233510,75444.379,104336.695,24.375,212.735,0.04,3.772,0.0
16.305,2026-06-26T03:12:45.283881,74865.977,104336.695,17.294,212.735,0.04,0.01,0.0
16.394,2026-06-26T03:12:45.373236,73858.379,104336.695,12.448,213.065,0.04,3.703,0.0
16.445,2026-06-26T03:12:45.423593,73274.898,104336.695,8.945,213.065,0.04,0.01,0.0
16.534,2026-06-26T03:12:45.512661,72256.379,104336.695,6.578,213.395,0.04,3.708,0.0
16.584,2026-06-26T03:12:45.563050,71683.82,104336.695,4.836,213.395,0.04,0.01,0.0
16.688,2026-06-26T03:12:45.666919,70471.57,104336.695,3.747,213.725,0.04,3.183,0.0
16.778,2026-06-26T03:12:45.756737,71726.426,104336.695,11.704,214.054,0.04,3.668,0.0
16.828,2026-06-26T03:12:45.807083,73184.75,104336.695,23.329,214.055,0.04,0.01,0.0
16.918,2026-06-26T03:12:45.896697,75550.508,104336.695,30.79,214.384,0.04,3.687,0.0
16.968,2026-06-26T03:12:45.947029,76864.273,104336.695,36.032,214.385,0.04,0.01,0.0
17.078,2026-06-26T03:12:46.057311,76570.703,104336.695,29.735,214.714,0.04,2.996,0.0
17.167,2026-06-26T03:12:46.146174,75580.375,104336.695,21.157,215.044,0.04,3.708,0.0
17.218,2026-06-26T03:12:46.196535,75012.375,104336.695,15.042,215.044,0.04,0.01,0.0
17.307,2026-06-26T03:12:46.285883,73956.789,104336.695,10.871,215.374,0.04,3.698,0.0
17.357,2026-06-26T03:12:46.336254,73350.664,104336.695,7.842,215.374,0.04,0.01,0.0
17.447,2026-06-26T03:12:46.425509,72289.945,104336.695,5.831,215.704,0.04,3.701,0.0
17.497,2026-06-26T03:12:46.475870,71683.82,104336.695,4.313,215.704,0.04,0.01,0.0
17.586,2026-06-26T03:12:46.565101,70623.102,104336.695,3.362,216.034,0.04,3.708,0.0
17.637,2026-06-26T03:12:46.615471,70159.652,96940.691,2.585,216.034,0.04,0.01,0.0
17.727,2026-06-26T03:12:46.706103,72729.691,104336.695,16.775,216.364,0.04,3.644,0.0
17.778,2026-06-26T03:12:46.756447,74143.25,104336.695,26.473,216.364,0.04,0.01,0.0
17.881,2026-06-26T03:12:46.859579,76805.434,104336.695,32.954,216.694,0.04,3.201,0.0
17.969,2026-06-26T03:12:46.947532,77582.613,104385.074,37.83,217.023,0.04,3.746,0.0
18.019,2026-06-26T03:12:46.997843,77600.914,104385.074,40.448,217.024,0.04,0.01,0.0
18.108,2026-06-26T03:12:47.086982,76999.016,103855.633,35.574,217.353,0.04,3.7,0.0
18.158,2026-06-26T03:12:47.137327,76423.113,103393.379,25.134,217.354,0.04,0.01,0.0
18.256,2026-06-26T03:12:47.234381,75324.512,103393.379,17.932,217.683,0.04,3.401,0.0
18.306,2026-06-26T03:12:47.284729,74755.25,103393.379,12.785,217.684,0.04,0.01,0.0
18.395,2026-06-26T03:12:47.373700,73747.25,103393.379,9.319,218.013,0.04,3.711,0.0
18.445,2026-06-26T03:12:47.424052,73165.191,103393.379,6.755,218.014,0.04,0.01,0.0
18.534,2026-06-26T03:12:47.513021,72107.25,103393.379,5.045,218.343,0.04,3.71,0.0
18.585,2026-06-26T03:12:47.563409,71533.25,103393.379,3.763,218.344,0.04,0.01,0.0
18.674,2026-06-26T03:12:47.652624,70475.512,103393.379,3.003,218.673,0.04,3.708,0.0
18.724,2026-06-26T03:12:47.702970,69869.387,103393.379,2.334,218.674,0.04,0.01,0.0
18.822,2026-06-26T03:12:47.800479,69445.641,96226.492,6.012,219.003,0.04,3.385,0.0
18.872,2026-06-26T03:12:47.850806,69674.945,96455.609,18.497,219.004,0.04,0.01,0.0
18.985,2026-06-26T03:12:47.963955,70007.219,96794.254,26.619,219.333,0.04,2.913,0.0
19.094,2026-06-26T03:12:48.072579,71185.211,98363.77,31.54,219.663,0.04,3.035,0.0
19.183,2026-06-26T03:12:48.162309,71440.762,105181.953,29.183,219.992,0.04,3.672,0.0
19.234,2026-06-26T03:12:48.212624,72514.461,105181.953,35.323,219.993,0.04,0.01,0.0
19.323,2026-06-26T03:12:48.302122,74594.348,105181.953,39.919,220.322,0.04,3.685,0.0
19.374,2026-06-26T03:12:48.352444,75749.191,105181.953,42.333,220.323,0.04,0.01,0.0
19.463,2026-06-26T03:12:48.441900,77721.941,105181.953,43.576,220.652,0.04,3.686,0.0
19.513,2026-06-26T03:12:48.492210,78401.289,105181.953,39.206,220.653,0.04,0.01,0.0
19.602,2026-06-26T03:12:48.581295,80895.023,112577.957,42.212,220.983,0.04,3.703,0.0
19.653,2026-06-26T03:12:48.631602,82342.273,112577.957,44.45,220.983,0.04,0.01,0.0
19.74,2026-06-26T03:12:48.718995,84621.738,112577.957,45.523,221.313,0.04,3.773,0.0
19.79,2026-06-26T03:12:48.769282,85728.008,112577.957,46.259,221.313,0.04,0.01,0.0
19.892,2026-06-26T03:12:48.871176,84622.926,112577.957,32.864,221.643,0.04,3.235,0.0
19.98,2026-06-26T03:12:48.958542,83682.008,112577.957,23.327,221.972,0.04,3.772,0.0
20.03,2026-06-26T03:12:49.008867,83142.008,112577.957,16.561,221.973,0.04,0.01,0.0
20.128,2026-06-26T03:12:49.106980,82042.008,112577.957,11.952,222.302,0.04,3.363,0.0
20.178,2026-06-26T03:12:49.157336,81478.652,112577.957,8.598,222.303,0.04,0.01,0.0
20.269,2026-06-26T03:12:49.247454,80455.816,112577.957,6.357,222.632,0.04,3.667,0.0
20.319,2026-06-26T03:12:49.297776,79887.574,112577.957,4.683,222.633,0.04,0.01,0.0
20.408,2026-06-26T03:12:49.386692,78872.008,112577.957,3.621,222.963,0.04,3.718,0.0
20.458,2026-06-26T03:12:49.437038,78401.289,105181.953,2.813,222.963,0.04,0.01,0.0
20.548,2026-06-26T03:12:49.526675,80865.355,112577.957,16.414,223.294,0.04,3.689,0.0
20.598,2026-06-26T03:12:49.577019,82306.988,112577.957,26.679,223.294,0.04,0.01,0.0
20.688,2026-06-26T03:12:49.666634,84643.98,112577.957,33.079,223.624,0.04,3.692,0.0
20.738,2026-06-26T03:12:49.716956,85750.004,112577.957,37.583,223.625,0.04,0.01,0.0
20.827,2026-06-26T03:12:49.805456,84736.574,112577.957,26.917,223.955,0.04,3.734,0.0
20.877,2026-06-26T03:12:49.855801,84178.004,112577.957,19.075,223.955,0.04,0.01,0.0
20.966,2026-06-26T03:12:49.944711,83183.379,112577.957,13.695,224.285,0.04,3.719,0.0
21.016,2026-06-26T03:12:49.995050,82606.004,112577.957,9.819,224.286,0.04,0.01,0.0
21.105,2026-06-26T03:12:50.084119,81554.418,112577.957,7.216,224.616,0.04,3.712,0.0
21.156,2026-06-26T03:12:50.134472,80962.004,112577.957,5.284,224.616,0.04,0.01,0.0
21.244,2026-06-26T03:12:50.223230,79925.457,112577.957,4.016,224.946,0.04,3.725,0.0
21.295,2026-06-26T03:12:50.273579,79319.332,112577.957,3.043,224.947,0.04,0.01,0.0
21.384,2026-06-26T03:12:50.362427,78401.289,105181.953,2.5,225.276,0.04,3.702,0.0
21.434,2026-06-26T03:12:50.413047,79821.531,112577.957,16.5,225.276,0.04,0.01,0.0
21.523,2026-06-26T03:12:50.502311,82366.125,112577.957,26.632,225.606,0.04,3.693,0.0
21.574,2026-06-26T03:12:50.552625,83678.328,112577.957,32.933,225.606,0.04,0.01,0.0
21.663,2026-06-26T03:12:50.641831,85800.543,112626.336,37.38,225.935,0.04,3.694,0.0
21.713,2026-06-26T03:12:50.692113,85823.062,112626.336,41.341,225.936,0.04,0.01,0.0
21.823,2026-06-26T03:12:50.802324,85704.637,112674.715,41.407,226.265,0.04,2.989,0.0
21.912,2026-06-26T03:12:50.890684,84696.691,111634.641,29.33,226.594,0.04,3.725,0.0
21.962,2026-06-26T03:12:50.941035,84096.32,111634.641,20.763,226.595,0.04,0.01,0.0
22.051,2026-06-26T03:12:51.029978,83111.367,111634.641,14.877,226.924,0.04,3.708,0.0
22.101,2026-06-26T03:12:51.080331,82543.125,111634.641,10.646,226.924,0.04,0.01,0.0
22.191,2026-06-26T03:12:51.169438,81508.691,111634.641,7.795,227.253,0.04,3.701,0.0
22.241,2026-06-26T03:12:51.219785,80914.164,111634.641,5.689,227.254,0.04,0.01,0.0
22.344,2026-06-26T03:12:51.323015,79701.914,111634.641,4.346,227.583,0.04,3.193,0.0
22.432,2026-06-26T03:12:51.411230,78641.195,111634.641,3.361,227.912,0.04,3.732,0.0
22.483,2026-06-26T03:12:51.461574,78044.691,111634.641,2.585,227.913,0.04,0.01,0.0
22.574,2026-06-26T03:12:51.552982,77687.09,104467.754,7.095,228.242,0.04,3.606,0.0
22.624,2026-06-26T03:12:51.603326,77916.207,104696.871,19.48,228.242,0.04,0.01,0.0
22.719,2026-06-26T03:12:51.697770,78254.852,105035.516,27.737,228.572,0.04,3.488,0.0
22.769,2026-06-26T03:12:51.748114,78420.961,105449.391,31.551,228.572,0.04,0.01,0.0
22.876,2026-06-26T03:12:51.855236,79595.152,106489.465,33.581,228.901,0.04,3.077,0.0
22.974,2026-06-26T03:12:51.952501,80698.23,113423.215,33.746,229.23,0.04,3.383,0.0
23.024,2026-06-26T03:12:52.002834,81930.137,113423.215,38.562,229.231,0.04,0.01,0.0
23.113,2026-06-26T03:12:52.092041,84057.426,113423.215,42.0,229.56,0.04,3.693,0.0
23.164,2026-06-26T03:12:52.142361,85210.996,113423.215,43.275,229.561,0.04,0.01,0.0
23.253,2026-06-26T03:12:52.231953,86899.977,120819.219,42.016,229.89,0.04,3.677,0.0
23.303,2026-06-26T03:12:52.282285,88393.105,120819.219,44.585,229.89,0.04,0.01,0.0
23.392,2026-06-26T03:12:52.370368,90975.523,120819.219,46.303,230.219,0.04,3.74,0.0
23.442,2026-06-26T03:12:52.420652,92296.781,120819.219,46.386,230.22,0.04,0.01,0.0
23.545,2026-06-26T03:12:52.523866,93583.27,120819.219,42.806,230.549,0.04,3.191,0.0
23.631,2026-06-26T03:12:52.610201,92599.008,120819.219,30.29,230.878,0.04,3.812,0.0
23.682,2026-06-26T03:12:52.660519,92068.648,120819.219,21.435,230.879,0.04,0.01,0.0
23.77,2026-06-26T03:12:52.749006,91191.27,120819.219,15.349,231.208,0.04,3.725,0.0
23.82,2026-06-26T03:12:52.799348,90665.27,120819.219,10.977,231.208,0.04,0.01,0.0
23.909,2026-06-26T03:12:52.887904,89721.27,120819.219,8.028,231.537,0.04,3.722,0.0
23.959,2026-06-26T03:12:52.938263,89197.27,120819.219,5.852,231.538,0.04,0.01,0.0
24.048,2026-06-26T03:12:53.027040,88280.367,120819.219,4.44,231.867,0.04,3.715,0.0
24.099,2026-06-26T03:12:53.077388,87750.008,120819.219,3.341,231.868,0.04,0.01,0.0
24.187,2026-06-26T03:12:53.165934,86825.27,120819.219,2.683,232.197,0.04,3.724,0.0
24.237,2026-06-26T03:12:53.216278,87507.184,120819.219,10.615,232.197,0.04,0.01,0.0
24.327,2026-06-26T03:12:53.305656,90139.887,120819.219,22.47,232.526,0.04,3.69,0.0
24.377,2026-06-26T03:12:53.355979,91533.777,120819.219,30.523,232.527,0.04,0.01,0.0
24.466,2026-06-26T03:12:53.445271,93848.879,120819.219,35.523,232.856,0.04,3.691,0.0
24.517,2026-06-26T03:12:53.495616,93571.262,120819.219,29.375,232.857,0.04,0.01,0.0
24.605,2026-06-26T03:12:53.583885,92636.891,120819.219,20.882,233.186,0.04,3.735,0.0
24.655,2026-06-26T03:12:53.634227,92047.262,120819.219,14.85,233.186,0.04,0.01,0.0
24.744,2026-06-26T03:12:53.722979,91031.262,120819.219,10.738,233.515,0.04,3.714,0.0
24.794,2026-06-26T03:12:53.773335,90437.262,120819.219,7.749,233.516,0.04,0.01,0.0
24.883,2026-06-26T03:12:53.862267,89377.262,120819.219,5.767,233.845,0.04,3.708,0.0
24.934,2026-06-26T03:12:53.912598,88772.844,120819.219,4.27,233.845,0.04,0.01,0.0
25.023,2026-06-26T03:12:54.001445,87701.262,120819.219,3.306,234.175,0.04,3.711,0.0
25.073,2026-06-26T03:12:54.051795,87085.262,120819.219,2.546,234.175,0.04,0.01,0.0
25.162,2026-06-26T03:12:54.140923,87993.508,120819.219,9.756,234.504,0.04,3.699,0.0
25.212,2026-06-26T03:12:54.191246,89452.199,120819.219,22.048,234.505,0.04,0.01,0.0
25.302,2026-06-26T03:12:54.280893,91996.59,120819.219,30.318,234.834,0.04,3.676,0.0
25.352,2026-06-26T03:12:54.331195,93305.418,120819.219,35.425,234.834,0.04,0.01,0.0
25.441,2026-06-26T03:12:54.419880,94065.988,120867.598,39.153,235.165,0.04,3.724,0.0
25.491,2026-06-26T03:12:54.470188,94084.727,120867.598,41.232,235.165,0.04,0.01,0.0
25.588,2026-06-26T03:12:54.567223,93510.047,120338.156,35.096,235.495,0.04,3.404,0.0
25.639,2026-06-26T03:12:54.617589,92943.707,119875.902,24.799,235.496,0.04,0.01,0.0
25.728,2026-06-26T03:12:54.706573,91961.953,119875.902,17.676,235.826,0.04,3.72,0.0
25.778,2026-06-26T03:12:54.756922,91428.395,119875.902,12.605,235.826,0.04,0.01,0.0
25.867,2026-06-26T03:12:54.845813,90475.953,119875.902,9.167,236.156,0.04,3.721,0.0
25.917,2026-06-26T03:12:54.896172,89893.953,119875.902,6.649,236.157,0.04,0.01,0.0
26.006,2026-06-26T03:12:54.984903,88890.246,119875.902,5.025,236.487,0.04,3.726,0.0
26.056,2026-06-26T03:12:55.035245,88322.004,119875.902,3.75,236.487,0.04,0.01,0.0
26.145,2026-06-26T03:12:55.124002,87299.168,119875.902,2.942,236.817,0.04,3.726,0.0
26.195,2026-06-26T03:12:55.174351,86725.953,119875.902,2.292,236.818,0.04,0.01,0.0
26.284,2026-06-26T03:12:55.262985,85723.953,119875.902,1.948,237.148,0.04,3.731,0.0
26.334,2026-06-26T03:12:55.313321,85928.352,112709.016,12.246,237.148,0.04,0.01,0.0
26.427,2026-06-26T03:12:55.406296,86325.129,113131.641,22.596,237.478,0.04,3.545,0.0
26.478,2026-06-26T03:12:55.456640,86466.02,113276.777,29.304,237.478,0.04,0.01,0.0
26.593,2026-06-26T03:12:55.572183,87661.586,114846.293,33.477,237.807,0.04,2.85,0.0
26.701,2026-06-26T03:12:55.679462,88266.0,121664.477,31.695,238.136,0.04,3.07,0.0
26.789,2026-06-26T03:12:55.768151,90349.781,121664.477,37.356,238.465,0.04,3.711,0.0
26.84,2026-06-26T03:12:55.818467,91618.652,121664.477,41.049,238.466,0.04,0.01,0.0
26.929,2026-06-26T03:12:55.907754,93612.27,121664.477,42.991,238.795,0.04,3.689,0.0
26.979,2026-06-26T03:12:55.958066,94701.281,121664.477,42.749,238.796,0.04,0.01,0.0
27.075,2026-06-26T03:12:56.053674,97033.184,129060.48,42.384,239.125,0.04,3.446,0.0
27.125,2026-06-26T03:12:56.104023,98579.57,129060.48,44.875,239.125,0.04,0.01,0.0
27.216,2026-06-26T03:12:56.194981,101236.938,129060.48,45.981,239.454,0.04,3.623,0.0
27.266,2026-06-26T03:12:56.245315,102154.531,129060.48,44.71,239.455,0.04,0.01,0.0
27.354,2026-06-26T03:12:56.332736,101067.566,129060.48,31.645,239.784,0.04,3.767,0.0
27.404,2026-06-26T03:12:56.383060,100537.207,129060.48,22.384,239.785,0.04,0.01,0.0
27.509,2026-06-26T03:12:56.488314,99460.531,129060.48,16.025,240.114,0.04,3.132,0.0
27.604,2026-06-26T03:12:56.582661,98453.652,129060.48,11.566,240.443,0.04,3.489,0.0
27.654,2026-06-26T03:12:56.633007,97923.293,129060.48,8.328,240.443,0.04,0.01,0.0
27.743,2026-06-26T03:12:56.721554,96976.223,129060.48,6.174,240.772,0.04,3.724,0.0
27.793,2026-06-26T03:12:56.771902,96445.863,129060.48,4.554,240.773,0.04,0.01,0.0
27.882,2026-06-26T03:12:56.860494,95496.531,129060.48,3.506,241.102,0.04,3.722,0.0
27.932,2026-06-26T03:12:56.910839,94968.434,129060.48,2.687,241.103,0.04,0.01,0.0
28.023,2026-06-26T03:12:57.001967,97083.281,129060.48,13.873,241.432,0.04,3.617,0.0
28.073,2026-06-26T03:12:57.052338,98615.66,129060.48,24.862,241.432,0.04,0.01,0.0
28.164,2026-06-26T03:12:57.142467,101209.707,129060.48,32.057,241.761,0.04,3.658,0.0
28.214,2026-06-26T03:12:57.192779,102182.52,129060.48,35.705,241.762,0.04,0.01,0.0
28.302,2026-06-26T03:12:57.281287,101181.215,129060.48,25.311,242.091,0.04,3.723,0.0
28.353,2026-06-26T03:12:57.331631,100612.973,129060.48,17.95,242.092,0.04,0.01,0.0
28.441,2026-06-26T03:12:57.420308,99522.52,129060.48,12.909,242.421,0.04,3.718,0.0
28.492,2026-06-26T03:12:57.470663,98880.52,129060.48,9.315,242.421,0.04,0.01,0.0
28.581,2026-06-26T03:12:57.559433,97752.52,129060.48,6.838,242.75,0.04,3.715,0.0
28.631,2026-06-26T03:12:57.609770,97120.52,129060.48,5.019,242.751,0.04,0.01,0.0
28.72,2026-06-26T03:12:57.698358,95991.27,129060.48,3.858,243.08,0.04,3.722,0.0
28.77,2026-06-26T03:12:57.748706,95385.145,129060.48,2.933,243.081,0.04,0.01,0.0
28.861,2026-06-26T03:12:57.839635,96176.879,129060.48,9.249,243.41,0.04,3.624,0.0
28.911,2026-06-26T03:12:57.890008,97708.293,129060.48,21.653,243.41,0.04,0.01,0.0
29.003,2026-06-26T03:12:57.981682,100481.551,129060.48,30.185,243.739,0.04,3.599,0.0
29.053,2026-06-26T03:12:58.032014,101805.105,129060.48,34.997,243.74,0.04,0.01,0.0
29.145,2026-06-26T03:12:58.123707,102314.285,129108.859,38.894,244.069,0.04,3.593,0.0
29.195,2026-06-26T03:12:58.174032,102328.199,129157.238,39.187,244.069,0.04,0.01,0.0
29.284,2026-06-26T03:12:58.263091,101681.223,128579.418,32.565,244.399,0.04,3.7,0.0
29.335,2026-06-26T03:12:58.313436,101091.215,128117.164,23.028,244.399,0.04,0.01,0.0
29.423,2026-06-26T03:12:58.402164,100124.25,128117.164,16.49,244.728,0.04,3.717,0.0
29.474,2026-06-26T03:12:58.452511,99556.008,128117.164,11.775,244.729,0.04,0.01,0.0
29.562,2026-06-26T03:12:58.541317,98571.055,128117.164,8.56,245.058,0.04,3.713,0.0
29.613,2026-06-26T03:12:58.591667,97971.215,128117.164,6.224,245.058,0.04,0.01,0.0
29.702,2026-06-26T03:12:58.680362,96942.094,128117.164,4.674,245.388,0.04,3.717,0.0
29.752,2026-06-26T03:12:58.730719,96343.215,128117.164,3.504,245.388,0.04,0.01,0.0
29.841,2026-06-26T03:12:58.819466,95313.133,128117.164,2.823,245.717,0.04,3.716,0.0
29.891,2026-06-26T03:12:58.869806,94707.008,128117.164,2.209,245.718,0.04,0.01,0.0
29.982,2026-06-26T03:12:58.960749,94127.297,120950.277,4.099,246.047,0.04,3.626,0.0
30.032,2026-06-26T03:12:59.011081,94343.188,121131.016,16.918,246.047,0.04,0.01,0.0
30.15,2026-06-26T03:12:59.129036,94712.746,121518.039,25.871,246.377,0.04,2.791,0.0
30.264,2026-06-26T03:12:59.243039,95945.973,123087.555,30.835,246.706,0.04,2.892,0.0
30.372,2026-06-26T03:12:59.351341,96610.309,129905.738,29.919,247.036,0.04,3.05,0.0
30.464,2026-06-26T03:12:59.443200,98867.344,129905.738,36.049,247.367,0.04,3.594,0.0
30.515,2026-06-26T03:12:59.493551,100131.27,129905.738,40.162,247.367,0.04,0.01,0.0
30.606,2026-06-26T03:12:59.584598,102366.574,129905.738,42.41,247.697,0.04,3.63,0.0
30.656,2026-06-26T03:12:59.634918,103231.723,137301.742,39.182,247.698,0.04,0.01,0.0
30.748,2026-06-26T03:12:59.726580,106024.168,137301.742,42.619,248.028,0.04,3.603,0.0
30.798,2026-06-26T03:12:59.776923,107560.918,137301.742,44.724,248.028,0.04,0.01,0.0
30.889,2026-06-26T03:12:59.867722,110161.5,137301.742,45.871,248.358,0.04,3.639,0.0
30.939,2026-06-26T03:12:59.918045,110104.367,137301.742,37.74,248.359,0.04,0.01,0.0
31.027,2026-06-26T03:13:00.005690,109205.793,137301.742,26.739,248.689,0.04,3.771,0.0
31.077,2026-06-26T03:13:00.056009,108664.82,137301.742,18.95,248.689,0.04,0.01,0.0
31.183,2026-06-26T03:13:00.162113,107551.793,137301.742,13.641,249.019,0.04,3.116,0.0
31.272,2026-06-26T03:13:00.250750,106581.266,137301.742,9.866,249.349,0.04,3.724,0.0
31.322,2026-06-26T03:13:00.301088,106015.793,137301.742,7.138,249.35,0.04,0.01,0.0
31.412,2026-06-26T03:13:00.390420,105045.793,137301.742,5.338,249.679,0.04,3.692,0.0
31.462,2026-06-26T03:13:00.440766,104497.711,137301.742,3.969,249.679,0.04,0.01,0.0
31.551,2026-06-26T03:13:00.529852,103550.641,137301.742,3.121,250.009,0.04,3.701,0.0
31.601,2026-06-26T03:13:00.580202,103125.074,129905.738,2.463,250.009,0.04,0.01,0.0
31.693,2026-06-26T03:13:00.671386,105845.375,137301.742,16.737,250.338,0.04,3.62,0.0
31.743,2026-06-26T03:13:00.721736,107354.426,137301.742,26.597,250.339,0.04,0.01,0.0
31.834,2026-06-26T03:13:00.812884,109979.164,137301.742,33.361,250.668,0.04,3.615,0.0
31.884,2026-06-26T03:13:00.863211,110180.133,137301.742,30.891,250.668,0.04,0.01,0.0
31.974,2026-06-26T03:13:00.952436,109157.297,137301.742,21.992,250.997,0.04,3.693,0.0
32.024,2026-06-26T03:13:01.002779,108513.289,137301.742,15.627,250.998,0.04,0.01,0.0
32.113,2026-06-26T03:13:01.092086,107385.777,137301.742,11.254,251.327,0.04,3.691,0.0
32.164,2026-06-26T03:13:01.142452,106732.797,137301.742,8.11,251.328,0.04,0.01,0.0
32.253,2026-06-26T03:13:01.231744,105596.312,137301.742,6.019,251.657,0.04,3.693,0.0
32.303,2026-06-26T03:13:01.282085,104945.777,137301.742,4.445,251.657,0.04,0.01,0.0
32.393,2026-06-26T03:13:01.371371,103789.777,137301.742,3.453,251.986,0.04,3.693,0.0
32.443,2026-06-26T03:13:01.421724,103209.695,137301.742,2.65,251.987,0.04,0.01,0.0
32.534,2026-06-26T03:13:01.512578,105588.012,137301.742,15.537,252.316,0.04,3.628,0.0
32.584,2026-06-26T03:13:01.562929,107099.715,137301.742,26.086,252.316,0.04,0.01,0.0
32.675,2026-06-26T03:13:01.653688,109760.844,137301.742,33.091,252.646,0.04,3.631,0.0
32.725,2026-06-26T03:13:01.704016,110531.855,137350.121,36.977,252.646,0.04,0.01,0.0
32.826,2026-06-26T03:13:01.804854,110569.457,137350.121,39.304,252.975,0.04,3.268,0.0
32.915,2026-06-26T03:13:01.893763,109736.398,136820.68,32.627,253.304,0.04,3.702,0.0
32.965,2026-06-26T03:13:01.944114,109146.477,136358.426,23.071,253.305,0.04,0.01,0.0
33.054,2026-06-26T03:13:02.033265,108176.098,136358.426,16.465,253.634,0.04,3.699,0.0
33.105,2026-06-26T03:13:02.083607,107569.973,136358.426,11.758,253.635,0.04,0.01,0.0
33.194,2026-06-26T03:13:02.172856,106550.477,136358.426,8.599,253.964,0.04,3.695,0.0
33.244,2026-06-26T03:13:02.223208,105952.477,136358.426,6.251,253.964,0.04,0.01,0.0
33.334,2026-06-26T03:13:02.312394,104890.477,136358.426,4.718,254.293,0.04,3.697,0.0
33.384,2026-06-26T03:13:02.362747,104288.477,136358.426,3.535,254.294,0.04,0.01,0.0
33.473,2026-06-26T03:13:02.452299,103213.449,136358.426,2.815,254.623,0.04,3.682,0.0
33.524,2026-06-26T03:13:02.502651,102645.207,136358.426,2.203,254.624,0.04,0.01,0.0
33.616,2026-06-26T03:13:02.594529,102410.875,129191.539,7.823,254.953,0.04,3.589,0.0
33.666,2026-06-26T03:13:02.644874,102639.992,129420.656,19.562,254.953,0.04,0.01,0.0
33.761,2026-06-26T03:13:02.739424,102930.258,129710.922,27.346,255.282,0.04,3.478,0.0
33.811,2026-06-26T03:13:02.789910,103316.391,130173.176,30.997,255.283,0.04,0.01,0.0
33.921,2026-06-26T03:13:02.899554,104146.703,131213.25,31.685,255.612,0.04,3.005,0.0
34.012,2026-06-26T03:13:02.990429,105546.957,138147.0,34.273,255.941,0.04,3.62,0.0
34.062,2026-06-26T03:13:03.040793,106785.742,138147.0,38.865,255.941,0.04,0.01,0.0
34.154,2026-06-26T03:13:03.132415,109094.918,138147.0,42.385,256.271,0.04,3.597,0.0
34.204,2026-06-26T03:13:03.182773,110254.41,138147.0,43.345,256.271,0.04,0.01,0.0
34.299,2026-06-26T03:13:03.277598,112091.754,145543.004,41.171,256.6,0.04,3.474,0.0
34.349,2026-06-26T03:13:03.327946,113624.387,145543.004,43.975,256.601,0.04,0.01,0.0
34.44,2026-06-26T03:13:03.418408,116371.035,145543.004,45.795,256.93,0.04,3.644,0.0
34.49,2026-06-26T03:13:03.468742,117852.68,145543.004,46.806,256.93,0.04,0.01,0.0
34.579,2026-06-26T03:13:03.557414,118151.055,145543.004,39.271,257.259,0.04,3.717,0.0
34.629,2026-06-26T03:13:03.607728,117625.855,145543.004,27.722,257.26,0.04,0.01,0.0
34.717,2026-06-26T03:13:03.695971,116716.668,145543.004,19.751,257.589,0.04,3.736,0.0
34.767,2026-06-26T03:13:03.746310,116157.055,145543.004,14.058,257.59,0.04,0.01,0.0
34.856,2026-06-26T03:13:03.834798,115199.055,145543.004,10.185,257.919,0.04,3.726,0.0
34.906,2026-06-26T03:13:03.885133,114633.113,145543.004,7.362,257.919,0.04,0.01,0.0
35.004,2026-06-26T03:13:03.983098,113549.055,145543.004,5.489,258.248,0.04,3.365,0.0
35.055,2026-06-26T03:13:04.033451,113004.152,145543.004,4.075,258.249,0.04,0.01,0.0
35.143,2026-06-26T03:13:04.122023,112019.199,145543.004,3.197,258.578,0.04,3.722,0.0
35.194,2026-06-26T03:13:04.172374,111523.055,145543.004,2.47,258.578,0.04,0.01,0.0
35.285,2026-06-26T03:13:04.263624,113090.676,145543.004,13.117,258.908,0.04,3.613,0.0
35.335,2026-06-26T03:13:04.313964,114356.938,145543.004,24.392,258.908,0.04,0.01,0.0
35.426,2026-06-26T03:13:04.405288,116653.977,145543.004,32.12,259.238,0.04,3.618,0.0
35.477,2026-06-26T03:13:04.455640,117950.477,145543.004,36.023,259.239,0.04,0.01,0.0
35.566,2026-06-26T03:13:04.544678,118118.332,145543.004,30.72,259.569,0.04,3.711,0.0
35.616,2026-06-26T03:13:04.595019,117541.035,145543.004,21.736,259.569,0.04,0.01,0.0
35.705,2026-06-26T03:13:04.683915,116439.035,145543.004,15.532,259.899,0.04,3.721,0.0
35.755,2026-06-26T03:13:04.734266,115783.035,145543.004,11.152,259.9,0.04,0.01,0.0
35.844,2026-06-26T03:13:04.822989,114633.113,145543.004,8.123,260.23,0.04,3.726,0.0
35.894,2026-06-26T03:13:04.873337,113989.105,145543.004,5.965,260.23,0.04,0.01,0.0
35.984,2026-06-26T03:13:04.962673,112847.035,145543.004,4.491,260.56,0.04,3.701,0.0
36.034,2026-06-26T03:13:05.012996,112173.035,145543.004,3.423,260.561,0.04,0.01,0.0
36.124,2026-06-26T03:13:05.102936,111940.293,145543.004,5.76,260.892,0.04,3.687,0.0
36.174,2026-06-26T03:13:05.153287,113445.289,145543.004,19.24,260.892,0.04,0.01,0.0
36.266,2026-06-26T03:13:05.244747,116179.926,145543.004,28.517,261.224,0.04,3.624,0.0
36.316,2026-06-26T03:13:05.295086,117669.246,145543.004,35.127,261.224,0.04,0.01,0.0
36.407,2026-06-26T03:13:05.385789,118784.156,145591.383,38.395,261.554,0.04,3.644,0.0
36.457,2026-06-26T03:13:05.436127,118804.184,145591.383,40.731,261.555,0.04,0.01,0.0
36.547,2026-06-26T03:13:05.525391,118313.215,145177.508,36.632,261.885,0.04,3.705,0.0
36.597,2026-06-26T03:13:05.575731,117667.492,144599.688,25.875,261.885,0.04,0.01,0.0
36.695,2026-06-26T03:13:05.673960,116568.891,144599.688,18.447,262.216,0.04,3.367,0.0
36.745,2026-06-26T03:13:05.724322,115962.766,144599.688,13.145,262.216,0.04,0.01,0.0
36.834,2026-06-26T03:13:05.813155,114939.93,144599.688,9.545,262.546,0.04,3.722,0.0
36.885,2026-06-26T03:13:05.863506,114333.805,144599.688,6.914,262.547,0.04,0.01,0.0
36.974,2026-06-26T03:13:05.952383,113273.086,144599.688,5.183,262.877,0.04,3.722,0.0
37.024,2026-06-26T03:13:06.002711,112653.738,144599.688,3.86,262.878,0.04,0.01,0.0
37.112,2026-06-26T03:13:06.091341,111568.359,144599.688,3.02,263.207,0.04,3.72,0.0
37.163,2026-06-26T03:13:06.141686,111000.117,144599.688,2.346,263.207,0.04,0.01,0.0
37.254,2026-06-26T03:13:06.233027,110652.137,137432.801,7.059,263.536,0.04,3.607,0.0
37.305,2026-06-26T03:13:06.283385,110881.254,137661.918,18.747,263.537,0.04,0.01,0.0
37.399,2026-06-26T03:13:06.377681,111123.141,137903.805,26.729,263.866,0.04,3.495,0.0
37.449,2026-06-26T03:13:06.428001,111279.715,138414.438,30.758,263.866,0.04,0.01,0.0
37.561,2026-06-26T03:13:06.539461,112484.434,139454.512,32.598,264.195,0.04,2.956,0.0
37.652,2026-06-26T03:13:06.630358,113697.332,146388.262,33.801,264.525,0.04,3.619,0.0
37.702,2026-06-26T03:13:06.680719,114910.355,146388.262,38.534,264.525,0.04,0.01,0.0
37.794,2026-06-26T03:13:06.772800,117290.391,146388.262,42.079,264.854,0.04,3.579,0.0
37.844,2026-06-26T03:13:06.823158,118492.996,146388.262,43.304,264.855,0.04,0.01,0.0
37.94,2026-06-26T03:13:06.919057,120715.676,153784.266,42.345,265.184,0.04,3.437,0.0
37.991,2026-06-26T03:13:06.969421,122273.062,153784.266,44.515,265.184,0.04,0.01,0.0
38.081,2026-06-26T03:13:07.060294,125077.461,153784.266,46.285,265.513,0.04,3.626,0.0
38.132,2026-06-26T03:13:07.110675,126499.879,153784.266,46.389,265.514,0.04,0.01,0.0
38.221,2026-06-26T03:13:07.199653,126132.297,153784.266,36.454,265.843,0.04,3.705,0.0
38.271,2026-06-26T03:13:07.249958,125639.82,153784.266,25.75,265.843,0.04,0.01,0.0
38.359,2026-06-26T03:13:07.338284,124680.316,153784.266,18.397,266.173,0.04,3.732,0.0
38.41,2026-06-26T03:13:07.388632,124122.316,153784.266,13.11,266.173,0.04,0.01,0.0
38.498,2026-06-26T03:13:07.477351,123101.672,153784.266,9.495,266.502,0.04,3.72,0.0
38.549,2026-06-26T03:13:07.527721,122530.316,153784.266,6.924,266.503,0.04,0.01,0.0
38.639,2026-06-26T03:13:07.617355,121500.316,153784.266,5.188,266.833,0.04,3.695,0.0
38.689,2026-06-26T03:13:07.667706,120904.469,153784.266,3.864,266.834,0.04,0.01,0.0
38.778,2026-06-26T03:13:07.756645,119920.316,153784.266,3.021,267.164,0.04,3.719,0.0
38.828,2026-06-26T03:13:07.806996,120083.492,153784.266,6.945,267.164,0.04,0.01,0.0
38.919,2026-06-26T03:13:07.898023,122868.93,153784.266,19.965,267.494,0.04,3.625,0.0
38.97,2026-06-26T03:13:07.948404,124417.066,153784.266,28.895,267.494,0.04,0.01,0.0
39.06,2026-06-26T03:13:08.039249,126983.637,153784.266,34.401,267.824,0.04,3.632,0.0
39.111,2026-06-26T03:13:08.089588,126435.359,153784.266,26.359,267.824,0.04,0.01,0.0
39.2,2026-06-26T03:13:08.178611,125374.641,153784.266,18.768,268.153,0.04,3.704,0.0
39.25,2026-06-26T03:13:08.228956,124746.293,153784.266,13.416,268.154,0.04,0.01,0.0
39.349,2026-06-26T03:13:08.327541,123480.5,153784.266,9.724,268.483,0.04,3.345,0.0
39.399,2026-06-26T03:13:08.377892,122836.492,153784.266,7.039,268.484,0.04,0.01,0.0
39.488,2026-06-26T03:13:08.467161,121666.293,153784.266,5.269,268.813,0.04,3.695,0.0
39.539,2026-06-26T03:13:08.517517,121018.117,153784.266,3.921,268.813,0.04,0.01,0.0
39.628,2026-06-26T03:13:08.606654,119894.293,153784.266,3.087,269.142,0.04,3.7,0.0
39.678,2026-06-26T03:13:08.657010,120125.168,153784.266,7.41,269.143,0.04,0.01,0.0
39.77,2026-06-26T03:13:08.748568,122914.922,153784.266,20.227,269.472,0.04,3.602,0.0
39.82,2026-06-26T03:13:08.798927,124451.918,153784.266,29.315,269.473,0.04,0.01,0.0
39.911,2026-06-26T03:13:08.889623,126992.668,153784.266,34.408,269.802,0.04,3.635,0.0
39.961,2026-06-26T03:13:08.939950,127028.742,153832.645,38.868,269.802,0.04,0.01,0.0
40.053,2026-06-26T03:13:09.032122,127100.359,153881.023,40.162,270.132,0.04,3.578,0.0
40.104,2026-06-26T03:13:09.082489,126562.34,153418.77,30.716,270.132,0.04,0.01,0.0
40.193,2026-06-26T03:13:09.171591,125529.926,152840.949,21.87,270.461,0.04,3.701,0.0
40.243,2026-06-26T03:13:09.221948,124961.684,152840.949,15.541,270.462,0.04,0.01,0.0
40.332,2026-06-26T03:13:09.311033,123938.848,152840.949,11.221,270.792,0.04,3.715,0.0
40.383,2026-06-26T03:13:09.361392,123294.84,152840.949,8.087,270.792,0.04,0.01,0.0
40.471,2026-06-26T03:13:09.450067,122196.238,152840.949,5.978,271.123,0.04,3.73,0.0
40.522,2026-06-26T03:13:09.500421,121567.0,152840.949,4.417,271.123,0.04,0.01,0.0
40.61,2026-06-26T03:13:09.589114,120453.629,152840.949,3.436,271.453,0.04,3.728,0.0
40.661,2026-06-26T03:13:09.639479,119809.621,152840.949,2.637,271.454,0.04,0.01,0.0
40.759,2026-06-26T03:13:09.737705,118673.137,152840.949,2.181,271.784,0.04,3.367,0.0
40.809,2026-06-26T03:13:09.788032,118893.398,145674.062,15.052,271.784,0.04,0.01,0.0
40.903,2026-06-26T03:13:09.881606,119316.023,146096.688,24.199,272.115,0.04,3.534,0.0
40.953,2026-06-26T03:13:09.931966,119392.949,146193.445,29.769,272.115,0.04,0.01,0.0
41.045,2026-06-26T03:13:10.023843,120559.434,147349.086,33.935,272.445,0.04,3.599,0.0
41.095,2026-06-26T03:13:10.074179,120687.812,147695.773,30.686,272.446,0.04,0.01,0.0
41.186,2026-06-26T03:13:10.165066,121980.711,154629.523,32.984,272.776,0.04,3.636,0.0
41.237,2026-06-26T03:13:10.215431,123148.312,154629.523,37.969,272.776,0.04,0.01,0.0
41.328,2026-06-26T03:13:10.307045,125435.047,154629.523,41.782,273.106,0.04,3.598,0.0
41.379,2026-06-26T03:13:10.357402,126684.188,154629.523,43.064,273.106,0.04,0.01,0.0
41.469,2026-06-26T03:13:10.447536,128447.09,162025.527,40.862,273.435,0.04,3.656,0.0
41.519,2026-06-26T03:13:10.497874,129959.863,162025.527,43.539,273.436,0.04,0.01,0.0
41.61,2026-06-26T03:13:10.588924,132690.07,162025.527,45.568,273.765,0.04,3.619,0.0
41.66,2026-06-26T03:13:10.639295,134214.816,162025.527,47.033,273.766,0.04,0.01,0.0
41.749,2026-06-26T03:13:10.728264,134661.578,162025.527,39.65,274.095,0.04,3.71,0.0
41.8,2026-06-26T03:13:10.778595,134145.578,162025.527,27.987,274.095,0.04,0.01,0.0
41.888,2026-06-26T03:13:10.867037,133195.578,162025.527,19.936,274.425,0.04,3.728,0.0
41.939,2026-06-26T03:13:10.917381,132613.578,162025.527,14.234,274.425,0.04,0.01,0.0
42.036,2026-06-26T03:13:11.014393,131473.578,162025.527,10.302,274.754,0.04,3.399,0.0
42.086,2026-06-26T03:13:11.064745,130888.34,162025.527,7.444,274.755,0.04,0.01,0.0
42.175,2026-06-26T03:13:11.153416,129835.578,162025.527,5.528,275.084,0.04,3.72,0.0
42.225,2026-06-26T03:13:11.203758,129249.578,162025.527,4.102,275.085,0.04,0.01,0.0
42.314,2026-06-26T03:13:11.292521,128227.578,162025.527,3.215,275.414,0.04,3.716,0.0
42.364,2026-06-26T03:13:11.342863,128028.738,162025.527,4.341,275.414,0.04,0.01,0.0
42.461,2026-06-26T03:13:11.439782,130931.422,162025.527,18.022,275.744,0.04,3.404,0.0
42.511,2026-06-26T03:13:11.490158,132440.344,162025.527,27.763,275.744,0.04,0.01,0.0
42.603,2026-06-26T03:13:11.581364,135097.621,162025.527,34.042,276.074,0.04,3.616,0.0
42.653,2026-06-26T03:13:11.631739,134715.551,162025.527,27.267,276.074,0.04,0.01,0.0
42.742,2026-06-26T03:13:11.720463,133653.785,162025.527,19.404,276.403,0.04,3.719,0.0
42.792,2026-06-26T03:13:11.770806,133035.551,162025.527,13.815,276.404,0.04,0.01,0.0
42.881,2026-06-26T03:13:11.859481,131875.551,162025.527,10.041,276.733,0.04,3.72,0.0
42.931,2026-06-26T03:13:11.909837,131229.285,162025.527,7.261,276.734,0.04,0.01,0.0
43.02,2026-06-26T03:13:11.998623,130092.801,162025.527,5.4,277.063,0.04,3.716,0.0
43.07,2026-06-26T03:13:12.048975,129410.91,162025.527,4.059,277.063,0.04,0.01,0.0
43.159,2026-06-26T03:13:12.137744,128274.426,162025.527,3.158,277.393,0.04,3.717,0.0
43.209,2026-06-26T03:13:12.188088,128214.051,162025.527,6.113,277.393,0.04,0.01,0.0
43.3,2026-06-26T03:13:12.278860,130862.703,162025.527,19.269,277.722,0.04,3.634,0.0
43.35,2026-06-26T03:13:12.329208,132337.008,162025.527,28.694,277.723,0.04,0.01,0.0
43.441,2026-06-26T03:13:12.419549,134922.215,162025.527,34.728,278.052,0.04,3.65,0.0
43.491,2026-06-26T03:13:12.469884,135263.441,162073.906,38.029,278.053,0.04,0.01,0.0
43.582,2026-06-26T03:13:12.560485,135334.734,162122.285,39.202,278.382,0.04,3.641,0.0
43.632,2026-06-26T03:13:12.610835,134899.387,162122.285,34.691,278.382,0.04,0.01,0.0
43.721,2026-06-26T03:13:12.699912,133846.953,161082.211,24.626,278.712,0.04,3.705,0.0
43.771,2026-06-26T03:13:12.750271,133248.262,161082.211,17.47,278.712,0.04,0.01,0.0
43.86,2026-06-26T03:13:12.839062,132222.262,161082.211,12.573,279.042,0.04,3.715,0.0
43.911,2026-06-26T03:13:12.889407,131611.867,161082.211,9.033,279.042,0.04,0.01,0.0
43.999,2026-06-26T03:13:12.978144,130520.262,161082.211,6.667,279.371,0.04,3.718,0.0
44.05,2026-06-26T03:13:13.028492,129894.262,161082.211,4.899,279.372,0.04,0.01,0.0
44.138,2026-06-26T03:13:13.117299,128770.656,161082.211,3.773,279.701,0.04,3.714,0.0
44.189,2026-06-26T03:13:13.167655,128140.262,161082.211,2.873,279.702,0.04,0.01,0.0
44.278,2026-06-26T03:13:13.256612,127076.262,161082.211,2.328,280.031,0.04,3.708,0.0
44.328,2026-06-26T03:13:13.306939,127134.66,153915.324,11.582,280.031,0.04,0.01,0.0
44.422,2026-06-26T03:13:13.400810,127526.973,154337.949,21.373,280.361,0.04,3.513,0.0
44.472,2026-06-26T03:13:13.451172,127654.043,154434.707,29.124,280.361,0.04,0.01,0.0
44.589,2026-06-26T03:13:13.567939,128894.18,156052.602,32.8,280.69,0.04,2.822,0.0
44.697,2026-06-26T03:13:13.675724,129537.809,162870.785,31.269,281.02,0.04,3.057,0.0
44.788,2026-06-26T03:13:13.767051,131748.027,162870.785,37.081,281.349,0.04,3.605,0.0
44.839,2026-06-26T03:13:13.817397,133029.527,162870.785,40.843,281.35,0.04,0.01,0.0
44.929,2026-06-26T03:13:13.907726,135176.613,162870.785,42.557,281.679,0.04,3.65,0.0
44.979,2026-06-26T03:13:13.958034,136090.031,162870.785,39.47,281.679,0.04,0.01,0.0
45.07,2026-06-26T03:13:14.049234,138650.613,170266.789,41.794,282.009,0.04,3.613,0.0
45.121,2026-06-26T03:13:14.099597,140184.871,170266.789,44.137,282.009,0.04,0.01,0.0
45.212,2026-06-26T03:13:14.190804,142910.312,170266.789,45.782,282.338,0.04,3.614,0.0
45.262,2026-06-26T03:13:14.241133,143178.84,170266.789,39.211,282.339,0.04,0.01,0.0
45.352,2026-06-26T03:13:14.330629,142230.84,170266.789,27.762,282.669,0.04,3.695,0.0
45.402,2026-06-26T03:13:14.380960,141656.84,170266.789,19.666,282.67,0.04,0.01,0.0
45.491,2026-06-26T03:13:14.469697,140644.914,170266.789,14.136,283.0,0.04,3.728,0.0
45.541,2026-06-26T03:13:14.520043,140100.84,170266.789,10.127,283.0,0.04,0.01,0.0
45.63,2026-06-26T03:13:14.608851,139053.836,170266.789,7.406,283.331,0.04,3.725,0.0
45.68,2026-06-26T03:13:14.659207,138447.711,170266.789,5.417,283.331,0.04,0.01,0.0
45.769,2026-06-26T03:13:14.748157,137410.84,170266.789,4.134,283.661,0.04,3.719,0.0
45.82,2026-06-26T03:13:14.798510,136808.84,170266.789,3.126,283.662,0.04,0.01,0.0
45.909,2026-06-26T03:13:14.888248,136519.074,170266.789,4.828,283.992,0.04,3.685,0.0
45.96,2026-06-26T03:13:14.938600,138062.895,170266.789,18.299,283.992,0.04,0.01,0.0
46.062,2026-06-26T03:13:15.040718,141197.789,170266.789,27.922,284.323,0.04,3.238,0.0
46.152,2026-06-26T03:13:15.130568,143408.809,170266.789,33.503,284.653,0.04,3.677,0.0
46.202,2026-06-26T03:13:15.180918,142782.809,170266.789,23.685,284.653,0.04,0.01,0.0
46.291,2026-06-26T03:13:15.269621,141724.809,170266.789,16.897,284.984,0.04,3.73,0.0
46.341,2026-06-26T03:13:15.319955,141099.508,170266.789,12.06,284.984,0.04,0.01,0.0
46.43,2026-06-26T03:13:15.408680,139984.809,170266.789,8.786,285.313,0.04,3.719,0.0
46.48,2026-06-26T03:13:15.459029,139319.016,170266.789,6.382,285.314,0.04,0.01,0.0
46.586,2026-06-26T03:13:15.564831,137955.234,170266.789,4.822,285.643,0.04,3.117,0.0
46.674,2026-06-26T03:13:15.653024,136780.867,170266.789,3.721,285.972,0.04,3.733,0.0
46.725,2026-06-26T03:13:15.703386,136182.809,170266.789,2.837,285.973,0.04,0.01,0.0
46.814,2026-06-26T03:13:15.793322,138193.383,170266.789,14.242,286.302,0.04,3.667,0.0
46.865,2026-06-26T03:13:15.843670,139652.121,170266.789,24.807,286.303,0.04,0.01,0.0
46.956,2026-06-26T03:13:15.934651,142278.293,170266.789,32.494,286.632,0.04,3.622,0.0
47.006,2026-06-26T03:13:15.984990,143489.375,170315.168,35.448,286.632,0.04,0.01,0.0
47.097,2026-06-26T03:13:16.075825,143527.648,170315.168,39.063,286.962,0.04,3.629,0.0
47.147,2026-06-26T03:13:16.126155,143582.883,170363.547,39.858,286.962,0.04,0.01,0.0
47.236,2026-06-26T03:13:16.214942,142588.352,169785.727,29.327,287.292,0.04,3.713,0.0
47.286,2026-06-26T03:13:16.265305,141974.566,169323.473,20.761,287.292,0.04,0.01,0.0
47.375,2026-06-26T03:13:16.354051,140951.73,169323.473,14.876,287.621,0.04,3.717,0.0
47.426,2026-06-26T03:13:16.404404,140345.605,169323.473,10.646,287.622,0.04,0.01,0.0
47.514,2026-06-26T03:13:16.493156,139247.004,169323.473,7.796,287.951,0.04,3.718,0.0
47.565,2026-06-26T03:13:16.543500,138602.996,169323.473,5.69,287.952,0.04,0.01,0.0
47.653,2026-06-26T03:13:16.632205,137466.512,169323.473,4.3,288.281,0.04,3.718,0.0
47.704,2026-06-26T03:13:16.682555,136822.504,169323.473,3.242,288.281,0.04,0.01,0.0
47.792,2026-06-26T03:13:16.771337,135723.902,169323.473,2.613,288.611,0.04,3.716,0.0
47.843,2026-06-26T03:13:16.821676,135186.645,161975.848,2.341,288.611,0.04,0.01,0.0
47.935,2026-06-26T03:13:16.913778,135605.039,162385.703,16.001,288.94,0.04,3.581,0.0
47.985,2026-06-26T03:13:16.964113,135798.547,162579.211,24.783,288.941,0.04,0.01,0.0
48.076,2026-06-26T03:13:17.055199,136354.645,163138.223,30.35,289.27,0.04,3.619,0.0
48.127,2026-06-26T03:13:17.105526,137050.945,163831.609,34.457,289.271,0.04,0.01,0.0
48.237,2026-06-26T03:13:17.215915,137725.164,171112.047,32.694,289.6,0.04,2.992,0.0
48.328,2026-06-26T03:13:17.306887,139880.562,171112.047,38.008,289.929,0.04,3.619,0.0
48.378,2026-06-26T03:13:17.357254,141153.926,171112.047,41.797,289.93,0.04,0.01,0.0
48.469,2026-06-26T03:13:17.447757,143267.551,171112.047,43.36,290.259,0.04,3.646,0.0
48.519,2026-06-26T03:13:17.498083,144287.625,171112.047,41.24,290.26,0.04,0.01,0.0
48.61,2026-06-26T03:13:17.588999,146615.289,178508.051,42.15,290.589,0.04,3.624,0.0
48.661,2026-06-26T03:13:17.639362,148146.398,178508.051,44.337,290.589,0.04,0.01,0.0
48.752,2026-06-26T03:13:17.730513,150856.922,178508.051,46.009,290.919,0.04,3.617,0.0
48.802,2026-06-26T03:13:17.780849,151502.066,178508.051,42.808,290.919,0.04,0.01,0.0
48.89,2026-06-26T03:13:17.868700,150553.02,178508.051,30.286,291.249,0.04,3.755,0.0
48.94,2026-06-26T03:13:17.919036,149984.777,178508.051,21.433,291.249,0.04,0.01,0.0
49.053,2026-06-26T03:13:18.031975,148696.762,178508.051,15.356,291.578,0.04,2.919,0.0
49.141,2026-06-26T03:13:18.120206,147636.043,178508.051,11.121,291.908,0.04,3.733,0.0
49.192,2026-06-26T03:13:18.170573,147029.918,178508.051,8.017,291.908,0.04,0.01,0.0
49.28,2026-06-26T03:13:18.259218,145969.199,178508.051,5.93,292.237,0.04,3.722,0.0
49.331,2026-06-26T03:13:18.309563,145363.074,178508.051,4.383,292.238,0.04,0.01,0.0
49.419,2026-06-26T03:13:18.398178,144340.238,178508.051,3.386,292.567,0.04,3.721,0.0
49.47,2026-06-26T03:13:18.448514,145532.387,178508.051,14.274,292.568,0.04,0.01,0.0
49.561,2026-06-26T03:13:18.539644,148268.27,178508.051,25.073,292.897,0.04,3.618,0.0
49.611,2026-06-26T03:13:18.589993,149781.75,178508.051,32.711,292.898,0.04,0.01,0.0
49.701,2026-06-26T03:13:18.679542,151518.062,178508.051,35.26,293.227,0.04,3.683,0.0
49.751,2026-06-26T03:13:18.729885,150893.965,178508.051,24.914,293.227,0.04,0.01,0.0
49.84,2026-06-26T03:13:18.818604,149833.246,178508.051,17.784,293.557,0.04,3.717,0.0
49.89,2026-06-26T03:13:18.868965,149189.238,178508.051,12.681,293.557,0.04,0.01,0.0
49.979,2026-06-26T03:13:18.957865,148048.062,178508.051,9.22,293.886,0.04,3.712,0.0
50.029,2026-06-26T03:13:19.008199,147370.863,178508.051,6.686,293.887,0.04,0.01,0.0
50.118,2026-06-26T03:13:19.096879,146226.062,178508.051,4.998,294.216,0.04,3.721,0.0
50.168,2026-06-26T03:13:19.147228,145552.488,178508.051,3.731,294.217,0.04,0.01,0.0
50.259,2026-06-26T03:13:19.237624,144416.004,178508.051,2.975,294.547,0.04,3.655,0.0
50.309,2026-06-26T03:13:19.287962,145373.039,178508.051,12.587,294.547,0.04,0.01,0.0
50.4,2026-06-26T03:13:19.379325,148114.992,178508.051,23.83,294.877,0.04,3.62,0.0
50.451,2026-06-26T03:13:19.429681,149628.008,178508.051,31.613,294.878,0.04,0.01,0.0
50.541,2026-06-26T03:13:19.520248,151734.527,178556.43,36.239,295.208,0.04,3.649,0.0
50.592,2026-06-26T03:13:19.570578,151758.691,178556.43,40.212,295.209,0.04,0.01,0.0
50.683,2026-06-26T03:13:19.662195,151737.738,178604.809,40.74,295.539,0.04,3.607,0.0
50.734,2026-06-26T03:13:19.712554,151132.676,178026.988,28.75,295.539,0.04,0.01,0.0
50.823,2026-06-26T03:13:19.801371,150026.414,177564.734,20.442,295.869,0.04,3.725,0.0
50.873,2026-06-26T03:13:19.851721,149484.75,177564.734,14.588,295.87,0.04,0.01,0.0
50.962,2026-06-26T03:13:19.940570,148397.453,177564.734,10.529,296.2,0.04,3.723,0.0
51.012,2026-06-26T03:13:19.990912,147742.75,177564.734,7.603,296.201,0.04,0.01,0.0
51.101,2026-06-26T03:13:20.079700,146582.75,177564.734,5.665,296.531,0.04,3.725,0.0
51.151,2026-06-26T03:13:20.130055,145935.07,177564.734,4.198,296.531,0.04,0.01,0.0
51.24,2026-06-26T03:13:20.218847,144798.586,177564.734,3.282,296.862,0.04,3.726,0.0
51.29,2026-06-26T03:13:20.269194,144138.75,177564.734,2.53,296.862,0.04,0.01,0.0
51.382,2026-06-26T03:13:20.360627,143617.184,170397.848,6.209,297.191,0.04,3.607,0.0
51.432,2026-06-26T03:13:20.410945,143846.301,170626.965,18.404,297.192,0.04,0.01,0.0
51.523,2026-06-26T03:13:20.501388,144039.809,170820.473,26.077,297.521,0.04,3.644,0.0
51.573,2026-06-26T03:13:20.551723,144184.945,171013.988,31.608,297.522,0.04,0.01,0.0
51.664,2026-06-26T03:13:20.642365,145420.672,172535.125,35.034,297.851,0.04,3.636,0.0
51.714,2026-06-26T03:13:20.692734,145335.832,172419.559,30.284,297.851,0.04,0.01,0.0
51.804,2026-06-26T03:13:20.783335,146808.664,179353.309,33.911,298.181,0.04,3.64,0.0
51.855,2026-06-26T03:13:20.833676,148020.969,179353.309,38.623,298.181,0.04,0.01,0.0
51.946,2026-06-26T03:13:20.924966,150255.812,179353.309,42.037,298.51,0.04,3.61,0.0
51.996,2026-06-26T03:13:20.975323,151386.789,179353.309,42.544,298.511,0.04,0.01,0.0
52.087,2026-06-26T03:13:21.065693,153123.535,186749.312,40.417,298.84,0.04,3.646,0.0
52.137,2026-06-26T03:13:21.116046,154663.387,186749.312,43.428,298.841,0.04,0.01,0.0
52.228,2026-06-26T03:13:21.207352,157449.605,186749.312,45.462,299.17,0.04,3.615,0.0
52.279,2026-06-26T03:13:21.257691,158929.621,186749.312,46.482,299.17,0.04,0.01,0.0
52.367,2026-06-26T03:13:21.346206,159369.328,186749.312,39.824,299.499,0.04,3.72,0.0
52.418,2026-06-26T03:13:21.396521,158832.164,186749.312,28.109,299.5,0.04,0.01,0.0
52.506,2026-06-26T03:13:21.484981,157847.211,186749.312,20.021,299.829,0.04,3.725,0.0
52.556,2026-06-26T03:13:21.535332,157241.086,186749.312,14.247,299.829,0.04,0.01,0.0
52.645,2026-06-26T03:13:21.623908,156180.367,186749.312,10.291,300.158,0.04,3.721,0.0
52.695,2026-06-26T03:13:21.674263,155574.242,186749.312,7.436,300.159,0.04,0.01,0.0
52.784,2026-06-26T03:13:21.762897,154507.328,186749.312,5.576,300.488,0.04,3.717,0.0
52.834,2026-06-26T03:13:21.813253,153887.328,186749.312,4.135,300.488,0.04,0.01,0.0
52.933,2026-06-26T03:13:21.911473,152733.031,186749.312,3.229,300.817,0.04,3.354,0.0
52.983,2026-06-26T03:13:21.961805,153576.395,186749.312,12.07,300.818,0.04,0.01,0.0
53.074,2026-06-26T03:13:22.053221,156326.582,186749.312,23.663,301.147,0.04,3.604,0.0
53.125,2026-06-26T03:13:22.103585,157844.324,186749.312,31.445,301.147,0.04,0.01,0.0
53.214,2026-06-26T03:13:22.193349,159817.117,186749.312,35.467,301.476,0.04,3.67,0.0
53.265,2026-06-26T03:13:22.243690,159179.32,186749.312,25.059,301.477,0.04,0.01,0.0
53.353,2026-06-26T03:13:22.332219,158112.391,186749.312,17.912,301.806,0.04,3.722,0.0
53.404,2026-06-26T03:13:22.382562,157495.32,186749.312,12.771,301.806,0.04,0.01,0.0
53.492,2026-06-26T03:13:22.471255,156331.898,186749.312,9.257,302.135,0.04,3.716,0.0
53.543,2026-06-26T03:13:22.521608,155659.32,186749.312,6.712,302.136,0.04,0.01,0.0
53.631,2026-06-26T03:13:22.610277,154507.32,186749.312,5.042,302.464,0.04,3.717,0.0
53.682,2026-06-26T03:13:22.660624,153831.633,186749.312,3.762,302.465,0.04,0.01,0.0
53.77,2026-06-26T03:13:22.749280,152695.148,186749.312,2.951,302.794,0.04,3.716,0.0
53.821,2026-06-26T03:13:22.799613,153502.441,186749.312,13.181,302.794,0.04,0.01,0.0
53.912,2026-06-26T03:13:22.890630,155771.75,186749.312,24.35,303.123,0.04,3.618,0.0
53.962,2026-06-26T03:13:22.940981,157027.367,186749.312,32.207,303.124,0.04,0.01,0.0
54.052,2026-06-26T03:13:23.031215,159337.816,186749.312,36.528,303.453,0.04,3.65,0.0
54.103,2026-06-26T03:13:23.081539,159979.578,186797.691,37.575,303.453,0.04,0.01,0.0
54.193,2026-06-26T03:13:23.171399,160015.668,186797.691,40.289,303.782,0.04,3.664,0.0
54.243,2026-06-26T03:13:23.221725,159919.871,186846.07,39.693,303.783,0.04,0.01,0.0
54.332,2026-06-26T03:13:23.310608,158835.918,185805.996,28.128,304.112,0.04,3.706,0.0
54.382,2026-06-26T03:13:23.360964,158191.91,185805.996,19.922,304.112,0.04,0.01,0.0
54.471,2026-06-26T03:13:23.449753,157131.191,185805.996,14.289,304.441,0.04,3.712,0.0
54.521,2026-06-26T03:13:23.500116,156502.012,185805.996,10.234,304.442,0.04,0.01,0.0
54.619,2026-06-26T03:13:23.598265,155237.051,185805.996,7.523,304.771,0.04,3.357,0.0
54.67,2026-06-26T03:13:23.648623,154586.012,185805.996,5.498,304.771,0.04,0.01,0.0
54.758,2026-06-26T03:13:23.737059,153418.676,185805.996,4.167,305.1,0.04,3.726,0.0
54.809,2026-06-26T03:13:23.787412,152774.668,185805.996,3.196,305.101,0.04,0.01,0.0
54.897,2026-06-26T03:13:23.875976,151670.012,185805.996,2.555,305.429,0.04,3.72,0.0
54.947,2026-06-26T03:13:23.926298,151858.445,178639.109,13.234,305.43,0.04,0.01,0.0
55.04,2026-06-26T03:13:24.018972,152281.07,179061.734,22.877,305.759,0.04,3.553,0.0
55.09,2026-06-26T03:13:24.069311,152388.324,179206.871,29.781,305.759,0.04,0.01,0.0
55.184,2026-06-26T03:13:24.162757,153495.562,180314.133,34.45,306.088,0.04,3.525,0.0
55.234,2026-06-26T03:13:24.213069,153751.816,180660.82,32.676,306.089,0.04,0.01,0.0
55.326,2026-06-26T03:13:24.304431,154622.359,187594.57,32.985,306.418,0.04,3.61,0.0
55.376,2026-06-26T03:13:24.354789,155825.289,187594.57,37.967,306.419,0.04,0.01,0.0
55.467,2026-06-26T03:13:24.446293,158087.188,187594.57,41.774,306.749,0.04,3.609,0.0
55.518,2026-06-26T03:13:24.496674,159249.727,187594.57,43.271,306.749,0.04,0.01,0.0
55.608,2026-06-26T03:13:24.587000,160857.871,194990.574,40.913,307.079,0.04,3.659,0.0
55.658,2026-06-26T03:13:24.637331,162385.234,194990.574,43.852,307.08,0.04,0.01,0.0
55.749,2026-06-26T03:13:24.728336,165145.766,194990.574,45.794,307.409,0.04,3.627,0.0
55.8,2026-06-26T03:13:24.778683,166676.797,194990.574,46.94,307.41,0.04,0.01,0.0
55.889,2026-06-26T03:13:24.867683,167892.59,194990.574,42.819,307.74,0.04,3.711,0.0
55.939,2026-06-26T03:13:24.918000,167306.59,194990.574,30.252,307.74,0.04,0.01,0.0
56.037,2026-06-26T03:13:25.015649,166220.59,194990.574,21.513,308.07,0.04,3.387,0.0
56.087,2026-06-26T03:13:25.066003,165633.879,194990.574,15.338,308.071,0.04,0.01,0.0
56.176,2026-06-26T03:13:25.154724,164562.59,194990.574,11.054,308.401,0.04,3.728,0.0
56.226,2026-06-26T03:13:25.205071,163932.59,194990.574,8.017,308.401,0.04,0.01,0.0
56.315,2026-06-26T03:13:25.293982,162866.59,194990.574,5.928,308.731,0.04,3.714,0.0
56.365,2026-06-26T03:13:25.344310,162234.59,194990.574,4.383,308.731,0.04,0.01,0.0
56.454,2026-06-26T03:13:25.432778,161172.59,194990.574,3.412,309.06,0.04,3.721,0.0
56.504,2026-06-26T03:13:25.483128,161069.555,194990.574,5.129,309.06,0.04,0.01,0.0
56.595,2026-06-26T03:13:25.573653,163789.672,194990.574,18.624,309.389,0.04,3.641,0.0
56.645,2026-06-26T03:13:25.624001,165305.402,194990.574,28.193,309.39,0.04,0.01,0.0
56.735,2026-06-26T03:13:25.713656,167865.145,194990.574,34.256,309.719,0.04,3.674,0.0
56.785,2026-06-26T03:13:25.763982,167831.082,194990.574,29.704,309.719,0.04,0.01,0.0
56.874,2026-06-26T03:13:25.852362,166758.578,194990.574,21.111,310.048,0.04,3.725,0.0
56.924,2026-06-26T03:13:25.902711,166126.355,194990.574,15.01,310.049,0.04,0.01,0.0
57.013,2026-06-26T03:13:25.991432,164989.871,194990.574,10.877,310.377,0.04,3.714,0.0
57.063,2026-06-26T03:13:26.041777,164314.578,194990.574,7.847,310.378,0.04,0.01,0.0
57.152,2026-06-26T03:13:26.130435,163171.496,194990.574,5.784,310.707,0.04,3.716,0.0
57.202,2026-06-26T03:13:26.180783,162496.578,194990.574,4.327,310.707,0.04,0.01,0.0
57.3,2026-06-26T03:13:26.278817,161239.473,194990.574,3.388,311.036,0.04,3.36,0.0
57.35,2026-06-26T03:13:26.329172,161220.262,194990.574,6.553,311.037,0.04,0.01,0.0
57.441,2026-06-26T03:13:26.419376,163932.418,194990.574,19.67,311.366,0.04,3.653,0.0
57.491,2026-06-26T03:13:26.469723,165447.625,194990.574,28.703,311.366,0.04,0.01,0.0
57.581,2026-06-26T03:13:26.559876,167988.562,194990.574,34.475,311.695,0.04,3.652,0.0
57.631,2026-06-26T03:13:26.610212,168227.473,195038.953,38.208,311.696,0.04,0.01,0.0
57.722,2026-06-26T03:13:26.700421,168258.289,195038.953,39.675,312.025,0.04,3.655,0.0
57.772,2026-06-26T03:13:26.750746,168026.148,195087.332,37.078,312.025,0.04,0.01,0.0
57.861,2026-06-26T03:13:26.839477,166887.766,194047.258,26.298,312.354,0.04,3.712,0.0
57.911,2026-06-26T03:13:26.889819,166281.641,194047.258,18.641,312.354,0.04,0.01,0.0
58.0,2026-06-26T03:13:26.978449,165205.273,194047.258,13.366,312.683,0.04,3.718,0.0
58.05,2026-06-26T03:13:27.028802,164539.031,194047.258,9.589,312.684,0.04,0.01,0.0
58.139,2026-06-26T03:13:27.117473,163389.273,194047.258,7.056,313.013,0.04,3.715,0.0
58.189,2026-06-26T03:13:27.167830,162720.656,194047.258,5.172,313.013,0.04,0.01,0.0
58.278,2026-06-26T03:13:27.256590,161546.289,194047.258,3.964,313.342,0.04,3.714,0.0
58.328,2026-06-26T03:13:27.306933,160895.273,194047.258,3.007,313.343,0.04,0.01,0.0
58.417,2026-06-26T03:13:27.395533,159870.59,186651.254,2.423,313.672,0.04,3.72,0.0
58.467,2026-06-26T03:13:27.445853,160099.707,186880.371,15.561,313.672,0.04,0.01,0.0
58.572,2026-06-26T03:13:27.550826,160522.332,187302.996,24.898,314.001,0.04,3.137,0.0
58.665,2026-06-26T03:13:27.643733,161246.766,188439.828,30.294,314.33,0.04,3.54,0.0
58.715,2026-06-26T03:13:27.694070,161982.113,189017.648,34.55,314.331,0.04,0.01,0.0
58.807,2026-06-26T03:13:27.785383,162304.547,195835.832,32.122,314.659,0.04,3.607,0.0
58.857,2026-06-26T03:13:27.835725,163486.238,195835.832,37.321,314.66,0.04,0.01,0.0
58.948,2026-06-26T03:13:27.927089,165711.215,195835.832,41.344,314.989,0.04,3.604,0.0
58.999,2026-06-26T03:13:27.977459,166953.883,195835.832,43.58,314.989,0.04,0.01,0.0
59.089,2026-06-26T03:13:28.067379,168861.98,195835.832,43.159,315.318,0.04,3.665,0.0
59.139,2026-06-26T03:13:28.117706,169915.184,203231.836,41.379,315.319,0.04,0.01,0.0
59.23,2026-06-26T03:13:28.208697,172681.492,203231.836,44.066,315.648,0.04,3.618,0.0
59.28,2026-06-26T03:13:28.259047,174213.152,203231.836,46.0,315.648,0.04,0.01,0.0
59.37,2026-06-26T03:13:28.348682,176341.852,203231.836,45.993,315.977,0.04,3.676,0.0
59.42,2026-06-26T03:13:28.399009,175731.398,203231.836,32.428,315.978,0.04,0.01,0.0
59.508,2026-06-26T03:13:28.486807,174739.852,203231.836,23.047,316.307,0.04,3.753,0.0
59.558,2026-06-26T03:13:28.537172,174153.852,203231.836,16.365,316.307,0.04,0.01,0.0
59.667,2026-06-26T03:13:28.645602,172827.852,203231.836,11.802,316.636,0.04,3.035,0.0
59.755,2026-06-26T03:13:28.733821,171791.586,203231.836,8.607,316.964,0.04,3.725,0.0
59.805,2026-06-26T03:13:28.784198,171171.852,203231.836,6.257,316.965,0.04,0.01,0.0
59.894,2026-06-26T03:13:28.872784,170079.852,203231.836,4.724,317.294,0.04,3.716,0.0
59.944,2026-06-26T03:13:28.923134,169480.734,203231.836,3.539,317.294,0.04,0.01,0.0
60.035,2026-06-26T03:13:29.013458,170377.879,203231.836,9.958,317.623,0.04,3.648,0.0
60.085,2026-06-26T03:13:29.063803,171896.07,203231.836,21.899,317.623,0.04,0.01,0.0
60.176,2026-06-26T03:13:29.154988,174636.473,203231.836,30.554,317.952,0.04,3.61,0.0
60.227,2026-06-26T03:13:29.205357,176015.648,203231.836,35.479,317.953,0.04,0.01,0.0
60.316,2026-06-26T03:13:29.294460,175543.836,203231.836,28.625,318.282,0.04,3.702,0.0
60.366,2026-06-26T03:13:29.344778,174935.859,203231.836,20.27,318.283,0.04,0.01,0.0
60.455,2026-06-26T03:13:29.433677,173809.836,203231.836,14.532,318.613,0.04,3.716,0.0
60.505,2026-06-26T03:13:29.484034,173155.367,203231.836,10.405,318.613,0.04,0.01,0.0
60.594,2026-06-26T03:13:29.573161,172018.883,203231.836,7.625,318.943,0.04,3.709,0.0
60.645,2026-06-26T03:13:29.623516,171374.875,203231.836,5.57,318.944,0.04,0.01,0.0
60.741,2026-06-26T03:13:29.719768,170087.836,203231.836,4.24,319.273,0.04,3.432,0.0
60.791,2026-06-26T03:13:29.770129,169471.836,203231.836,3.247,319.274,0.04,0.01,0.0
60.882,2026-06-26T03:13:29.860620,170504.965,203231.836,10.439,319.604,0.04,3.652,0.0
60.932,2026-06-26T03:13:29.910962,172015.883,203231.836,22.475,319.604,0.04,0.01,0.0
61.023,2026-06-26T03:13:30.002332,174756.379,203231.836,30.794,319.934,0.04,3.613,0.0
61.074,2026-06-26T03:13:30.052693,176123.125,203231.836,35.455,319.935,0.04,0.01,0.0
61.166,2026-06-26T03:13:30.144416,176483.625,203280.215,38.678,320.265,0.04,3.602,0.0
61.216,2026-06-26T03:13:30.194760,176499.504,203280.215,39.231,320.265,0.04,0.01,0.0
61.306,2026-06-26T03:13:30.285001,175780.695,202750.773,32.901,320.595,0.04,3.662,0.0
61.356,2026-06-26T03:13:30.335326,175110.535,202288.52,23.263,320.595,0.04,0.01,0.0
61.446,2026-06-26T03:13:30.424463,173992.543,202288.52,16.626,320.924,0.04,3.695,0.0
61.496,2026-06-26T03:13:30.474820,173348.535,202288.52,11.871,320.925,0.04,0.01,0.0
61.585,2026-06-26T03:13:30.563998,172160.535,202288.52,8.652,321.254,0.04,3.695,0.0
61.636,2026-06-26T03:13:30.614356,171492.277,202288.52,6.288,321.254,0.04,0.01,0.0
61.725,2026-06-26T03:13:30.703599,170317.91,202288.52,4.744,321.583,0.04,3.693,0.0
61.775,2026-06-26T03:13:30.753952,169673.902,202288.52,3.553,321.584,0.04,0.01,0.0
61.871,2026-06-26T03:13:30.849730,168423.77,202288.52,2.83,321.912,0.04,3.441,0.0
61.921,2026-06-26T03:13:30.900064,168340.969,195121.633,8.536,321.913,0.04,0.01,0.0
62.013,2026-06-26T03:13:30.991567,168602.559,195399.129,19.817,322.242,0.04,3.6,0.0
62.063,2026-06-26T03:13:31.041946,168763.594,195544.258,27.577,322.242,0.04,0.01,0.0
62.178,2026-06-26T03:13:31.157276,169902.344,196796.656,32.702,322.571,0.04,2.855,0.0
62.288,2026-06-26T03:13:31.266981,170482.543,204077.094,31.29,322.9,0.04,3.0,0.0
62.38,2026-06-26T03:13:31.358659,172715.629,204077.094,37.059,323.229,0.04,3.588,0.0
62.43,2026-06-26T03:13:31.409024,173973.223,204077.094,41.102,323.23,0.04,0.01,0.0
62.522,2026-06-26T03:13:31.500384,176134.75,204077.094,42.838,323.559,0.04,3.605,0.0
62.572,2026-06-26T03:13:31.550721,177194.395,204077.094,41.296,323.559,0.04,0.01,0.0
62.663,2026-06-26T03:13:31.641969,179383.277,211473.098,41.522,323.888,0.04,3.607,0.0
62.713,2026-06-26T03:13:31.692339,180897.773,211473.098,44.219,323.889,0.04,0.01,0.0
62.805,2026-06-26T03:13:31.783807,183643.977,211473.098,46.003,324.218,0.04,3.6,0.0
62.855,2026-06-26T03:13:31.834166,184569.113,211473.098,44.248,324.218,0.04,0.01,0.0
62.951,2026-06-26T03:13:31.929581,183465.113,211473.098,31.293,324.547,0.04,3.451,0.0
63.001,2026-06-26T03:13:31.979928,182874.059,211473.098,22.138,324.548,0.04,0.01,0.0
63.09,2026-06-26T03:13:32.069247,181851.223,211473.098,15.864,324.877,0.04,3.688,0.0
63.141,2026-06-26T03:13:32.119631,181235.113,211473.098,11.337,324.877,0.04,0.01,0.0
63.23,2026-06-26T03:13:32.208825,180184.379,211473.098,8.278,325.206,0.04,3.695,0.0
63.28,2026-06-26T03:13:32.259184,179571.113,211473.098,6.027,325.207,0.04,0.01,0.0
63.369,2026-06-26T03:13:32.348286,178479.113,211473.098,4.535,325.535,0.04,3.698,0.0
63.42,2026-06-26T03:13:32.398633,177873.527,211473.098,3.407,325.536,0.04,0.01,0.0
63.51,2026-06-26T03:13:32.489210,178183.758,211473.098,7.615,325.865,0.04,3.637,0.0
63.561,2026-06-26T03:13:32.539558,179678.496,211473.098,20.166,325.865,0.04,0.01,0.0
63.652,2026-06-26T03:13:32.631068,182397.312,211473.098,29.336,326.194,0.04,3.598,0.0
63.703,2026-06-26T03:13:32.681432,183897.164,211473.098,35.415,326.195,0.04,0.01,0.0
63.792,2026-06-26T03:13:32.770979,183972.66,211473.098,30.684,326.524,0.04,3.679,0.0
63.842,2026-06-26T03:13:32.821316,183357.094,211473.098,21.711,326.524,0.04,0.01,0.0
63.932,2026-06-26T03:13:32.910515,182192.168,211473.098,15.54,326.853,0.04,3.694,0.0
63.982,2026-06-26T03:13:32.960882,181510.277,211473.098,11.11,326.854,0.04,0.01,0.0
64.08,2026-06-26T03:13:33.059222,180184.379,211473.098,8.111,327.183,0.04,3.354,0.0
64.131,2026-06-26T03:13:33.109577,179464.605,211473.098,5.91,327.183,0.04,0.01,0.0
64.22,2026-06-26T03:13:33.198699,178219.094,211473.098,4.505,327.512,0.04,3.698,0.0
64.27,2026-06-26T03:13:33.249048,177565.094,211473.098,3.386,327.513,0.04,0.01,0.0
64.361,2026-06-26T03:13:33.339612,179006.91,211473.098,12.186,327.842,0.04,3.638,0.0
64.411,2026-06-26T03:13:33.389962,180486.746,211473.098,23.694,327.842,0.04,0.01,0.0
64.503,2026-06-26T03:13:33.481440,183168.625,211473.098,31.631,328.171,0.04,3.599,0.0
64.553,2026-06-26T03:13:33.531798,184540.867,211473.098,35.585,328.172,0.04,0.01,0.0
64.645,2026-06-26T03:13:33.623684,184730.801,211521.477,39.123,328.501,0.04,3.583,0.0
64.695,2026-06-26T03:13:33.674012,184789.191,211569.855,39.712,328.501,0.04,0.01,0.0
64.784,2026-06-26T03:13:33.763265,183601.797,210529.781,30.768,328.83,0.04,3.691,0.0
64.835,2026-06-26T03:13:33.813641,182953.578,210529.781,21.769,328.831,0.04,0.01,0.0
64.924,2026-06-26T03:13:33.902960,181854.977,210529.781,15.58,329.159,0.04,3.692,0.0
64.974,2026-06-26T03:13:33.953311,181248.852,210529.781,11.138,329.16,0.04,0.01,0.0
65.064,2026-06-26T03:13:34.042564,180087.797,210529.781,8.139,329.489,0.04,3.692,0.0
65.114,2026-06-26T03:13:34.092910,179468.359,210529.781,5.929,329.489,0.04,0.01,0.0
65.203,2026-06-26T03:13:34.182193,178331.875,210529.781,4.492,329.818,0.04,3.691,0.0
65.254,2026-06-26T03:13:34.232556,177687.867,210529.781,3.377,329.819,0.04,0.01,0.0
65.353,2026-06-26T03:13:34.331410,176441.797,210529.781,2.72,330.149,0.04,3.344,0.0
65.403,2026-06-26T03:13:34.381749,176582.23,203362.895,13.524,330.149,0.04,0.01,0.0
65.496,2026-06-26T03:13:34.475132,176999.859,203785.52,23.206,330.479,0.04,3.538,0.0
65.547,2026-06-26T03:13:34.525477,177120.25,203930.656,30.245,330.48,0.04,0.01,0.0
65.659,2026-06-26T03:13:34.637567,178567.477,205500.172,34.56,330.809,0.04,2.945,0.0
65.749,2026-06-26T03:13:34.728288,178642.895,212318.355,31.321,331.139,0.04,3.635,0.0
65.8,2026-06-26T03:13:34.778649,179763.09,212318.355,36.805,331.14,0.04,0.01,0.0
65.891,2026-06-26T03:13:34.869769,181986.441,212318.355,40.87,331.47,0.04,3.624,0.0
65.941,2026-06-26T03:13:34.920123,183258.281,212318.355,43.762,331.47,0.04,0.01,0.0
66.031,2026-06-26T03:13:35.010073,185326.477,212318.355,43.567,331.8,0.04,3.672,0.0
66.082,2026-06-26T03:13:35.060437,186397.324,219714.359,42.07,331.8,0.04,0.01,0.0
66.172,2026-06-26T03:13:35.150970,189092.684,219714.359,44.476,332.13,0.04,3.649,0.0
66.222,2026-06-26T03:13:35.201318,190592.832,219714.359,46.345,332.131,0.04,0.01,0.0
66.312,2026-06-26T03:13:35.291257,192857.934,219714.359,46.573,332.46,0.04,3.668,0.0
66.363,2026-06-26T03:13:35.341570,192228.379,219714.359,32.927,332.461,0.04,0.01,0.0
66.451,2026-06-26T03:13:35.429776,191234.379,219714.359,23.368,332.79,0.04,3.732,0.0
66.501,2026-06-26T03:13:35.480172,190698.379,219714.359,16.589,332.79,0.04,0.01,0.0
66.597,2026-06-26T03:13:35.575498,189600.012,219714.359,11.982,333.119,0.04,3.462,0.0
66.647,2026-06-26T03:13:35.625849,188998.379,219714.359,8.62,333.12,0.04,0.01,0.0
66.736,2026-06-26T03:13:35.714530,188008.934,219714.359,6.378,333.449,0.04,3.717,0.0
66.786,2026-06-26T03:13:35.764871,187402.809,219714.359,4.697,333.449,0.04,0.01,0.0
66.875,2026-06-26T03:13:35.853541,186372.379,219714.359,3.605,333.778,0.04,3.716,0.0
66.925,2026-06-26T03:13:35.903893,185800.379,219714.359,2.802,333.779,0.04,0.01,0.0
67.015,2026-06-26T03:13:35.994133,187178.645,219714.359,11.396,334.107,0.04,3.651,0.0
67.066,2026-06-26T03:13:36.044504,188677.828,219714.359,22.841,334.108,0.04,0.01,0.0
67.157,2026-06-26T03:13:36.135641,191374.195,219714.359,31.101,334.437,0.04,3.617,0.0
67.207,2026-06-26T03:13:36.185984,192775.062,219714.359,35.959,334.437,0.04,0.01,0.0
67.296,2026-06-26T03:13:36.274756,191986.629,219714.359,27.549,334.766,0.04,3.71,0.0
67.346,2026-06-26T03:13:36.325118,191342.355,219714.359,19.516,334.767,0.04,0.01,0.0
67.435,2026-06-26T03:13:36.414210,190168.254,219714.359,14.004,335.096,0.04,3.703,0.0
67.486,2026-06-26T03:13:36.464557,189480.355,219714.359,10.035,335.096,0.04,0.01,0.0
67.583,2026-06-26T03:13:36.561443,188172.355,219714.359,7.364,335.425,0.04,3.401,0.0
67.633,2026-06-26T03:13:36.611796,187478.574,219714.359,5.387,335.426,0.04,0.01,0.0
67.722,2026-06-26T03:13:36.700570,186262.355,219714.359,4.114,335.755,0.04,3.712,0.0
67.772,2026-06-26T03:13:36.750923,185604.355,219714.359,3.112,335.755,0.04,0.01,0.0
67.862,2026-06-26T03:13:36.840985,187680.84,219714.359,14.524,336.084,0.04,3.658,0.0
67.912,2026-06-26T03:13:36.891330,189144.055,219714.359,25.373,336.085,0.04,0.01,0.0
68.003,2026-06-26T03:13:36.981634,191762.723,219714.359,32.797,336.414,0.04,3.647,0.0
68.053,2026-06-26T03:13:37.031973,192936.949,219762.738,36.071,336.414,0.04,0.01,0.0
68.144,2026-06-26T03:13:37.122821,192975.934,219762.738,39.45,336.743,0.04,3.627,0.0
68.194,2026-06-26T03:13:37.173152,193030.457,219811.117,39.522,336.744,0.04,0.01,0.0
68.283,2026-06-26T03:13:37.261871,191755.062,218771.043,29.648,337.073,0.04,3.713,0.0
68.333,2026-06-26T03:13:37.312217,191119.078,218771.043,20.986,337.073,0.04,0.01,0.0
68.422,2026-06-26T03:13:37.401024,190020.477,218771.043,15.034,337.402,0.04,3.711,0.0
68.473,2026-06-26T03:13:37.451380,189414.352,218771.043,10.756,337.402,0.04,0.01,0.0
68.561,2026-06-26T03:13:37.540055,188277.867,218771.043,7.873,337.731,0.04,3.716,0.0
68.612,2026-06-26T03:13:37.590426,187663.062,218771.043,5.743,337.732,0.04,0.01,0.0
68.707,2026-06-26T03:13:37.685650,186421.609,218771.043,4.365,338.061,0.04,3.462,0.0
68.757,2026-06-26T03:13:37.735996,185777.602,218771.043,3.288,338.061,0.04,0.01,0.0
68.846,2026-06-26T03:13:37.824973,184645.062,218771.043,2.644,338.39,0.04,3.704,0.0
68.896,2026-06-26T03:13:37.875319,184823.496,211604.156,11.844,338.391,0.04,0.01,0.0
68.99,2026-06-26T03:13:37.968489,185213.723,212026.781,21.86,338.72,0.04,3.536,0.0
69.04,2026-06-26T03:13:38.018840,185374.852,212171.918,28.506,338.72,0.04,0.01,0.0
69.133,2026-06-26T03:13:38.112249,186486.27,213279.18,33.99,339.049,0.04,3.527,0.0
69.184,2026-06-26T03:13:38.162580,186731.559,213625.867,33.332,339.05,0.04,0.01,0.0
69.274,2026-06-26T03:13:38.252712,187431.23,220559.617,32.462,339.379,0.04,3.653,0.0
69.324,2026-06-26T03:13:38.303056,188610.844,220559.617,37.881,339.379,0.04,0.01,0.0
69.415,2026-06-26T03:13:38.394341,190884.031,220559.617,41.598,339.708,0.04,3.608,0.0
69.466,2026-06-26T03:13:38.444698,192142.566,220559.617,43.672,339.708,0.04,0.01,0.0
69.556,2026-06-26T03:13:38.534986,193798.199,227955.621,41.117,340.037,0.04,3.647,0.0
69.606,2026-06-26T03:13:38.585330,195320.535,227955.621,43.945,340.038,0.04,0.01,0.0
69.698,2026-06-26T03:13:38.676688,198090.961,227955.621,45.827,340.367,0.04,3.603,0.0
69.748,2026-06-26T03:13:38.727034,199620.617,227955.621,47.237,340.367,0.04,0.01,0.0
69.849,2026-06-26T03:13:38.828084,200606.719,227955.621,41.677,340.696,0.04,3.26,0.0
69.937,2026-06-26T03:13:38.916192,199615.641,227955.621,29.52,341.025,0.04,3.733,0.0
69.988,2026-06-26T03:13:38.966533,199045.641,227955.621,20.896,341.026,0.04,0.01,0.0
70.085,2026-06-26T03:13:39.064231,197917.039,227955.621,14.964,341.355,0.04,3.372,0.0
70.136,2026-06-26T03:13:39.114591,197310.914,227955.621,10.707,341.355,0.04,0.01,0.0
70.225,2026-06-26T03:13:39.204098,196277.641,227955.621,7.862,341.684,0.04,3.682,0.0
70.276,2026-06-26T03:13:39.254454,195681.953,227955.621,5.735,341.685,0.04,0.01,0.0
70.365,2026-06-26T03:13:39.344074,194585.641,227955.621,4.355,342.014,0.04,3.687,0.0
70.416,2026-06-26T03:13:39.394426,194015.109,227955.621,3.281,342.015,0.04,0.01,0.0
70.506,2026-06-26T03:13:39.484770,195537.188,227955.621,12.084,342.345,0.04,3.656,0.0
70.556,2026-06-26T03:13:39.535116,197056.289,227955.621,23.617,342.345,0.04,0.01,0.0
70.648,2026-06-26T03:13:39.626383,199791.41,227955.621,31.59,342.675,0.04,3.618,0.0
70.698,2026-06-26T03:13:39.676736,201168.562,227955.621,35.743,342.676,0.04,0.01,0.0
70.787,2026-06-26T03:13:39.765466,200038.477,227955.621,26.474,343.005,0.04,3.721,0.0
70.837,2026-06-26T03:13:39.815813,199394.469,227955.621,18.764,343.006,0.04,0.01,0.0
70.926,2026-06-26T03:13:39.904573,198239.613,227955.621,13.479,343.336,0.04,3.723,0.0
70.976,2026-06-26T03:13:39.954918,197538.211,227955.621,9.667,343.336,0.04,0.01,0.0
71.065,2026-06-26T03:13:40.043839,196361.613,227955.621,7.084,343.666,0.04,3.715,0.0
71.115,2026-06-26T03:13:40.094184,195644.07,227955.621,5.191,343.666,0.04,0.01,0.0
71.217,2026-06-26T03:13:40.195795,194280.289,227955.621,4.003,343.996,0.04,3.251,0.0
71.307,2026-06-26T03:13:40.285477,195223.371,227955.621,11.347,344.326,0.04,3.673,0.0
71.357,2026-06-26T03:13:40.335839,196669.621,227955.621,22.812,344.326,0.04,0.01,0.0
71.447,2026-06-26T03:13:40.426197,199270.363,227955.621,31.182,344.655,0.04,3.647,0.0
71.498,2026-06-26T03:13:40.476533,200674.832,227955.621,36.3,344.656,0.04,0.01,0.0
71.588,2026-06-26T03:13:40.566916,201207.055,228004.0,38.978,344.985,0.04,3.642,0.0
71.638,2026-06-26T03:13:40.617245,201223.34,228004.0,39.479,344.985,0.04,0.01,0.0
71.734,2026-06-26T03:13:40.712434,200428.719,227474.559,33.078,345.314,0.04,3.458,0.0
71.784,2026-06-26T03:13:40.762808,199777.051,227012.305,23.387,345.314,0.04,0.01,0.0
71.89,2026-06-26T03:13:40.868722,198451.152,227012.305,16.725,345.643,0.04,3.116,0.0
71.978,2026-06-26T03:13:40.957096,197314.668,227012.305,12.026,345.972,0.04,3.721,0.0
72.029,2026-06-26T03:13:41.007453,196666.324,227012.305,8.65,345.973,0.04,0.01,0.0
72.125,2026-06-26T03:13:41.103919,195420.527,227012.305,6.42,346.302,0.04,3.415,0.0
72.175,2026-06-26T03:13:41.154281,194738.637,227012.305,4.726,346.302,0.04,0.01,0.0
72.264,2026-06-26T03:13:41.242926,193564.27,227012.305,3.652,346.631,0.04,3.717,0.0
72.314,2026-06-26T03:13:41.293270,192920.262,227012.305,2.789,346.632,0.04,0.01,0.0
72.409,2026-06-26T03:13:41.387507,193293.875,220074.535,13.375,346.96,0.04,3.495,0.0
72.459,2026-06-26T03:13:41.437845,193441.23,220268.043,22.804,346.961,0.04,0.01,0.0
72.576,2026-06-26T03:13:41.555117,194372.812,221404.875,29.814,347.29,0.04,2.806,0.0
72.681,2026-06-26T03:13:41.660259,194624.215,221404.875,28.783,347.619,0.04,3.125,0.0
72.772,2026-06-26T03:13:41.751347,196408.266,228800.879,34.382,347.948,0.04,3.617,0.0
72.823,2026-06-26T03:13:41.801704,197666.047,228800.879,38.944,347.948,0.04,0.01,0.0
72.914,2026-06-26T03:13:41.892865,199961.926,228800.879,42.337,348.277,0.04,3.613,0.0
72.964,2026-06-26T03:13:41.943211,201086.801,228800.879,42.981,348.278,0.04,0.01,0.0
73.061,2026-06-26T03:13:42.040224,203148.547,236196.883,41.158,348.607,0.04,3.394,0.0
73.112,2026-06-26T03:13:42.090576,204671.891,236196.883,43.694,348.607,0.04,0.01,0.0
73.203,2026-06-26T03:13:42.181973,207439.949,236196.883,45.619,348.936,0.04,3.601,0.0
73.253,2026-06-26T03:13:42.232336,208914.602,236196.883,46.721,348.937,0.04,0.01,0.0
73.349,2026-06-26T03:13:42.327614,208388.902,236196.883,36.422,349.265,0.04,3.457,0.0
73.399,2026-06-26T03:13:42.377945,207673.613,236196.883,25.727,349.266,0.04,0.01,0.0
73.488,2026-06-26T03:13:42.466767,206678.902,236196.883,18.353,349.595,0.04,3.713,0.0
73.538,2026-06-26T03:13:42.517116,206074.902,236196.883,13.079,349.595,0.04,0.01,0.0
73.627,2026-06-26T03:13:42.605804,205021.816,236196.883,9.473,349.924,0.04,3.716,0.0
73.677,2026-06-26T03:13:42.656167,204418.902,236196.883,6.863,349.925,0.04,0.01,0.0
73.766,2026-06-26T03:13:42.744908,203360.902,236196.883,5.148,350.254,0.04,3.713,0.0
73.816,2026-06-26T03:13:42.795295,202748.848,236196.883,3.835,350.254,0.04,0.01,0.0
73.908,2026-06-26T03:13:42.886612,202448.625,236196.883,5.333,350.583,0.04,3.613,0.0
73.958,2026-06-26T03:13:42.936964,203935.406,236196.883,18.888,350.584,0.04,0.01,0.0
74.05,2026-06-26T03:13:43.028607,206633.496,236196.883,28.217,350.913,0.04,3.593,0.0
74.1,2026-06-26T03:13:43.078991,208116.461,236196.883,34.943,350.913,0.04,0.01,0.0
74.203,2026-06-26T03:13:43.181484,208810.098,236196.883,31.784,351.242,0.04,3.215,0.0
74.298,2026-06-26T03:13:43.276985,207635.73,236196.883,22.592,351.571,0.04,3.444,0.0
74.348,2026-06-26T03:13:43.327347,206991.723,236196.883,16.047,351.571,0.04,0.01,0.0
74.437,2026-06-26T03:13:43.416318,205779.473,236196.883,11.549,351.9,0.04,3.704,0.0
74.488,2026-06-26T03:13:43.466670,205135.465,236196.883,8.363,351.901,0.04,0.01,0.0
74.577,2026-06-26T03:13:43.555555,203956.871,236196.883,6.171,352.23,0.04,3.707,0.0
74.627,2026-06-26T03:13:43.605912,203241.324,236196.883,4.598,352.23,0.04,0.01,0.0
74.716,2026-06-26T03:13:43.694720,202072.871,236196.883,3.536,352.559,0.04,3.712,0.0
74.766,2026-06-26T03:13:43.745058,203016.523,236196.883,12.702,352.56,0.04,0.01,0.0
74.858,2026-06-26T03:13:43.836414,205714.938,236196.883,23.936,352.889,0.04,3.605,0.0
74.908,2026-06-26T03:13:43.886783,207196.008,236196.883,31.671,352.889,0.04,0.01,0.0
74.999,2026-06-26T03:13:43.977682,209419.473,236245.262,35.125,353.218,0.04,3.625,0.0
75.049,2026-06-26T03:13:44.028025,209444.434,236245.262,39.739,353.219,0.04,0.01,0.0
75.147,2026-06-26T03:13:44.126088,209426.031,236293.641,40.209,353.548,0.04,3.36,0.0
75.198,2026-06-26T03:13:44.176441,208783.629,235715.82,28.379,353.548,0.04,0.01,0.0
75.31,2026-06-26T03:13:44.288984,207336.422,235253.566,20.219,353.877,0.04,2.927,0.0
75.399,2026-06-26T03:13:44.377625,206237.82,235253.566,14.471,354.207,0.04,3.721,0.0
75.449,2026-06-26T03:13:44.427975,205587.586,235253.566,10.409,354.207,0.04,0.01,0.0
75.538,2026-06-26T03:13:44.517264,204419.445,235253.566,7.627,354.537,0.04,3.7,0.0
75.589,2026-06-26T03:13:44.567650,203767.586,235253.566,5.571,354.538,0.04,0.01,0.0
75.678,2026-06-26T03:13:44.656891,202601.07,235253.566,4.242,354.868,0.04,3.702,0.0
75.728,2026-06-26T03:13:44.707244,201923.586,235253.566,3.202,354.868,0.04,0.01,0.0
75.82,2026-06-26T03:13:44.798801,201203.812,228086.68,4.445,355.198,0.04,3.609,0.0
75.87,2026-06-26T03:13:44.849134,201422.961,228267.418,16.921,355.199,0.04,0.01,0.0
75.983,2026-06-26T03:13:44.961509,201761.488,228557.684,24.909,355.528,0.04,2.938,0.0
76.1,2026-06-26T03:13:45.078949,202970.84,229761.703,30.764,355.858,0.04,2.807,0.0
76.214,2026-06-26T03:13:45.192995,203915.508,237042.141,31.134,356.188,0.04,2.894,0.0
76.306,2026-06-26T03:13:45.284896,206148.777,237042.141,36.739,356.518,0.04,3.587,0.0
76.356,2026-06-26T03:13:45.335277,207432.938,237042.141,40.851,356.518,0.04,0.01,0.0
76.447,2026-06-26T03:13:45.426344,209640.312,237042.141,42.356,356.847,0.04,3.62,0.0
76.498,2026-06-26T03:13:45.476681,210402.363,244438.145,38.443,356.848,0.04,0.01,0.0
76.59,2026-06-26T03:13:45.568616,213178.238,244438.145,42.007,357.177,0.04,3.58,0.0
76.64,2026-06-26T03:13:45.618979,214702.469,244438.145,44.61,357.177,0.04,0.01,0.0
76.732,2026-06-26T03:13:45.710380,217369.344,244438.145,45.645,357.506,0.04,3.602,0.0
76.782,2026-06-26T03:13:45.760747,217165.008,244438.145,36.646,357.506,0.04,0.01,0.0
76.871,2026-06-26T03:13:45.849476,216126.164,244438.145,25.996,357.835,0.04,3.713,0.0
76.921,2026-06-26T03:13:45.899821,215536.047,244438.145,18.43,357.836,0.04,0.01,0.0
77.01,2026-06-26T03:13:45.988957,214475.328,244438.145,13.217,358.165,0.04,3.697,0.0
77.06,2026-06-26T03:13:46.039297,213831.32,244438.145,9.484,358.165,0.04,0.01,0.0
77.15,2026-06-26T03:13:46.128411,212768.164,244438.145,7.007,358.494,0.04,3.698,0.0
77.2,2026-06-26T03:13:46.178756,212164.477,244438.145,5.138,358.495,0.04,0.01,0.0
77.297,2026-06-26T03:13:46.275401,210952.227,244438.145,3.936,358.824,0.04,3.409,0.0
77.347,2026-06-26T03:13:46.325770,210354.164,244438.145,2.987,358.824,0.04,0.01,0.0
77.438,2026-06-26T03:13:46.417258,212719.902,244438.145,15.536,359.153,0.04,3.607,0.0
77.489,2026-06-26T03:13:46.467626,214245.793,244438.145,25.744,359.154,0.04,0.01,0.0
77.58,2026-06-26T03:13:46.558895,217001.113,244438.145,33.057,359.483,0.04,3.611,0.0
77.63,2026-06-26T03:13:46.609218,217354.422,244438.145,31.47,359.483,0.04,0.01,0.0
77.72,2026-06-26T03:13:46.698409,216255.82,244438.145,22.371,359.812,0.04,3.692,0.0
77.77,2026-06-26T03:13:46.748762,215611.812,244438.145,15.892,359.812,0.04,0.01,0.0
77.859,2026-06-26T03:13:46.838083,214452.129,244438.145,11.439,360.141,0.04,3.691,0.0
77.91,2026-06-26T03:13:46.888473,213786.129,244438.145,8.24,360.142,0.04,0.01,0.0
77.999,2026-06-26T03:13:46.977729,212619.07,244438.145,6.136,360.471,0.04,3.693,0.0
78.049,2026-06-26T03:13:47.028067,211966.129,244438.145,4.528,360.471,0.04,0.01,0.0
78.138,2026-06-26T03:13:47.117203,210798.129,244438.145,3.512,360.8,0.04,3.697,0.0
78.189,2026-06-26T03:13:47.167581,210261.48,237042.141,2.69,360.801,0.04,0.01,0.0
78.296,2026-06-26T03:13:47.275184,213420.848,244438.145,16.969,361.13,0.04,3.062,0.0
78.388,2026-06-26T03:13:47.366836,216124.09,244438.145,26.864,361.459,0.04,3.589,0.0
78.438,2026-06-26T03:13:47.417193,217523.203,244438.145,32.481,361.459,0.04,0.01,0.0
78.53,2026-06-26T03:13:47.508948,217695.383,244486.523,36.765,361.788,0.04,3.588,0.0
78.58,2026-06-26T03:13:47.559298,217754.242,244534.902,37.305,361.789,0.04,0.01,0.0
78.67,2026-06-26T03:13:47.648763,216789.746,243957.082,29.575,362.118,0.04,3.685,0.0
78.72,2026-06-26T03:13:47.699114,216183.809,243494.828,20.935,362.118,0.04,0.01,0.0
78.809,2026-06-26T03:13:47.788251,215047.324,243494.828,15.023,362.447,0.04,3.697,0.0
78.86,2026-06-26T03:13:47.838599,214441.199,243494.828,10.749,362.448,0.04,0.01,0.0
78.949,2026-06-26T03:13:47.928032,213228.949,243494.828,7.839,362.776,0.04,3.684,0.0
79.0,2026-06-26T03:13:47.978388,212584.941,243494.828,5.719,362.777,0.04,0.01,0.0
79.089,2026-06-26T03:13:48.067638,211410.574,243494.828,4.345,363.106,0.04,3.692,0.0
79.139,2026-06-26T03:13:48.117997,210744.848,243494.828,3.32,363.106,0.04,0.01,0.0
79.228,2026-06-26T03:13:48.207255,209556.848,243494.828,2.64,363.435,0.04,3.695,0.0
79.279,2026-06-26T03:13:48.257605,209547.281,236327.941,9.138,363.436,0.04,0.01,0.0
79.372,2026-06-26T03:13:48.350479,209818.562,236605.438,20.015,363.765,0.04,3.55,0.0
79.422,2026-06-26T03:13:48.400852,209969.906,236750.566,27.712,363.765,0.04,0.01,0.0
79.516,2026-06-26T03:13:48.494600,211046.887,237887.398,33.113,364.094,0.04,3.517,0.0
79.566,2026-06-26T03:13:48.544939,211608.793,238465.219,36.807,364.095,0.04,0.01,0.0
79.657,2026-06-26T03:13:48.635877,212132.598,245283.402,33.888,364.424,0.04,3.623,0.0
79.707,2026-06-26T03:13:48.686229,213279.766,245283.402,38.908,364.424,0.04,0.01,0.0
79.799,2026-06-26T03:13:48.777797,215520.465,245283.402,42.253,364.753,0.04,3.601,0.0
79.849,2026-06-26T03:13:48.828144,216782.785,245283.402,44.6,364.754,0.04,0.01,0.0
79.94,2026-06-26T03:13:48.918436,218502.742,245283.402,41.87,365.083,0.04,3.648,0.0
79.99,2026-06-26T03:13:48.968758,219965.234,252679.406,43.958,365.083,0.04,0.01,0.0
80.082,2026-06-26T03:13:49.060738,222703.23,252679.406,45.891,365.412,0.04,3.581,0.0
80.132,2026-06-26T03:13:49.111096,224204.652,252679.406,47.262,365.413,0.04,0.01,0.0
80.223,2026-06-26T03:13:49.202306,225557.801,252679.406,43.299,365.742,0.04,3.616,0.0
80.274,2026-06-26T03:13:49.252646,224989.559,252679.406,30.542,365.742,0.04,0.01,0.0
80.372,2026-06-26T03:13:49.350694,223849.387,252679.406,21.738,366.072,0.04,3.369,0.0
80.422,2026-06-26T03:13:49.401034,223246.949,252679.406,15.449,366.072,0.04,0.01,0.0
80.511,2026-06-26T03:13:49.489769,222148.348,252679.406,11.158,366.402,0.04,3.725,0.0
80.561,2026-06-26T03:13:49.540114,221542.223,252679.406,8.043,366.403,0.04,0.01,0.0
80.65,2026-06-26T03:13:49.628850,220405.738,252679.406,5.974,366.733,0.04,3.725,0.0
80.7,2026-06-26T03:13:49.679215,219761.73,252679.406,4.414,366.733,0.04,0.01,0.0
80.789,2026-06-26T03:13:49.767952,218669.387,252679.406,3.434,367.063,0.04,3.727,0.0
80.839,2026-06-26T03:13:49.818323,219165.496,252679.406,10.428,367.064,0.04,0.01,0.0
80.931,2026-06-26T03:13:49.910185,221440.238,252679.406,22.478,367.393,0.04,3.601,0.0
80.982,2026-06-26T03:13:49.960557,222690.348,252679.406,30.557,367.394,0.04,0.01,0.0
81.073,2026-06-26T03:13:50.051692,224992.594,252679.406,35.959,367.724,0.04,3.627,0.0
81.123,2026-06-26T03:13:50.102024,225709.332,252679.406,34.798,367.724,0.04,0.01,0.0
81.212,2026-06-26T03:13:50.190929,224459.199,252679.406,24.702,368.054,0.04,3.716,0.0
81.262,2026-06-26T03:13:50.241274,223829.383,252679.406,17.524,368.055,0.04,0.01,0.0
81.352,2026-06-26T03:13:50.331022,222678.707,252679.406,12.58,368.384,0.04,3.672,0.0
81.403,2026-06-26T03:13:50.381366,222017.383,252679.406,9.039,368.384,0.04,0.01,0.0
81.491,2026-06-26T03:13:50.470130,220898.215,252679.406,6.671,368.713,0.04,3.712,0.0
81.542,2026-06-26T03:13:50.520474,220216.324,252679.406,4.948,368.713,0.04,0.01,0.0
81.63,2026-06-26T03:13:50.609113,219079.383,252679.406,3.781,369.042,0.04,3.717,0.0
81.681,2026-06-26T03:13:50.659472,218502.742,245283.402,2.879,369.043,0.04,0.01,0.0
81.771,2026-06-26T03:13:50.750142,221075.52,252679.406,16.786,369.372,0.04,3.633,0.0
81.822,2026-06-26T03:13:50.800497,222544.25,252679.406,26.632,369.372,0.04,0.01,0.0
81.913,2026-06-26T03:13:50.891366,225184.578,252679.406,33.714,369.701,0.04,3.624,0.0
81.963,2026-06-26T03:13:50.941703,225909.02,252727.785,36.16,369.702,0.04,0.01,0.0
82.064,2026-06-26T03:13:51.042547,225947.125,252727.785,38.404,370.031,0.04,3.265,0.0
82.152,2026-06-26T03:13:51.131018,225190.387,252198.344,31.89,370.36,0.04,3.718,0.0
82.203,2026-06-26T03:13:51.181374,224614.484,251736.09,22.555,370.36,0.04,0.01,0.0
82.291,2026-06-26T03:13:51.270196,223515.883,251736.09,16.132,370.689,0.04,3.709,0.0
82.342,2026-06-26T03:13:51.320561,222871.875,251736.09,11.525,370.69,0.04,0.01,0.0
82.43,2026-06-26T03:13:51.409281,221697.508,251736.09,8.385,371.018,0.04,3.714,0.0
82.481,2026-06-26T03:13:51.459649,221015.617,251736.09,6.101,371.019,0.04,0.01,0.0
82.569,2026-06-26T03:13:51.548249,219879.133,251736.09,4.615,371.348,0.04,3.721,0.0
82.62,2026-06-26T03:13:51.598603,219197.242,251736.09,3.463,371.348,0.04,0.01,0.0
82.708,2026-06-26T03:13:51.687234,218020.07,251736.09,2.768,371.677,0.04,3.718,0.0
82.759,2026-06-26T03:13:51.737782,217559.426,244340.086,4.296,371.678,0.04,0.01,0.0
82.873,2026-06-26T03:13:51.851811,218028.156,244846.699,16.486,372.007,0.04,2.892,0.0
82.987,2026-06-26T03:13:51.965761,218750.258,245550.84,24.95,372.336,0.04,2.886,0.0
83.077,2026-06-26T03:13:52.055995,219620.84,246590.914,28.609,372.665,0.04,3.646,0.0
83.127,2026-06-26T03:13:52.106323,219901.488,253524.664,28.488,372.665,0.04,0.01,0.0
83.219,2026-06-26T03:13:52.198079,222152.809,253524.664,35.098,372.994,0.04,3.59,0.0
83.27,2026-06-26T03:13:52.248431,223458.285,253524.664,39.456,372.995,0.04,0.01,0.0
83.36,2026-06-26T03:13:52.339286,225695.559,253524.664,41.994,373.324,0.04,3.624,0.0
83.411,2026-06-26T03:13:52.389628,226695.164,253524.664,39.35,373.324,0.04,0.01,0.0
83.502,2026-06-26T03:13:52.480807,229043.258,260920.668,40.686,373.653,0.04,3.611,0.0
83.552,2026-06-26T03:13:52.531174,230588.562,260920.668,43.682,373.654,0.04,0.01,0.0
83.644,2026-06-26T03:13:52.622368,233373.281,260920.668,45.646,373.982,0.04,3.611,0.0
83.694,2026-06-26T03:13:52.672708,233874.828,260920.668,40.887,373.983,0.04,0.01,0.0
83.782,2026-06-26T03:13:52.761206,232858.648,260920.668,28.939,374.312,0.04,3.721,0.0
83.833,2026-06-26T03:13:52.811548,232245.867,260920.668,20.49,374.312,0.04,0.01,0.0
83.931,2026-06-26T03:13:52.909852,231071.5,260920.668,14.701,374.641,0.04,3.351,0.0
83.981,2026-06-26T03:13:52.960194,230446.648,260920.668,10.523,374.642,0.04,0.01,0.0
84.07,2026-06-26T03:13:53.048869,229366.773,260920.668,7.71,374.971,0.04,3.716,0.0
84.12,2026-06-26T03:13:53.099237,228760.648,260920.668,5.629,374.971,0.04,0.01,0.0
84.209,2026-06-26T03:13:53.188244,227624.164,260920.668,4.283,375.3,0.04,3.709,0.0
84.26,2026-06-26T03:13:53.238608,226992.648,260920.668,3.23,375.301,0.04,0.01,0.0
84.351,2026-06-26T03:13:53.329662,228570.496,260920.668,12.394,375.63,0.04,3.622,0.0
84.401,2026-06-26T03:13:53.380011,230099.719,260920.668,23.833,375.63,0.04,0.01,0.0
84.492,2026-06-26T03:13:53.471124,232845.52,260920.668,31.79,375.959,0.04,3.614,0.0
84.543,2026-06-26T03:13:53.521497,234140.008,260920.668,35.092,375.96,0.04,0.01,0.0
84.631,2026-06-26T03:13:53.610338,233117.172,260920.668,25.541,376.289,0.04,3.707,0.0
84.682,2026-06-26T03:13:53.660710,232473.164,260920.668,18.111,376.289,0.04,0.01,0.0
84.771,2026-06-26T03:13:53.749402,231352.641,260920.668,12.995,376.618,0.04,3.718,0.0
84.821,2026-06-26T03:13:53.799749,230692.672,260920.668,9.329,376.619,0.04,0.01,0.0
84.909,2026-06-26T03:13:53.888307,229550.641,260920.668,6.901,376.948,0.04,3.721,0.0
84.96,2026-06-26T03:13:53.938652,228912.18,260920.668,5.063,376.948,0.04,0.01,0.0
85.049,2026-06-26T03:13:54.027486,227699.93,260920.668,3.861,377.277,0.04,3.71,0.0
85.099,2026-06-26T03:13:54.077846,227055.922,260920.668,2.981,377.277,0.04,0.01,0.0
85.189,2026-06-26T03:13:54.167754,228373.512,260920.668,11.483,377.606,0.04,3.668,0.0
85.239,2026-06-26T03:13:54.218095,229841.895,260920.668,23.2,377.607,0.04,0.01,0.0
85.329,2026-06-26T03:13:54.308224,232465.633,260920.668,31.357,377.936,0.04,3.66,0.0
85.38,2026-06-26T03:13:54.358558,233868.836,260920.668,35.539,377.937,0.04,0.01,0.0
85.471,2026-06-26T03:13:54.450148,234176.062,260969.047,39.008,378.267,0.04,3.604,0.0
85.522,2026-06-26T03:13:54.500485,234226.906,261017.426,37.868,378.267,0.04,0.01,0.0
85.61,2026-06-26T03:13:54.589244,233204.352,260439.605,30.814,378.597,0.04,3.718,0.0
85.661,2026-06-26T03:13:54.639608,232565.332,259977.352,21.802,378.597,0.04,0.01,0.0
85.759,2026-06-26T03:13:54.737593,231327.332,259977.352,15.597,378.927,0.04,3.371,0.0
85.809,2026-06-26T03:13:54.787961,230696.426,259977.352,11.15,378.928,0.04,0.01,0.0
85.898,2026-06-26T03:13:54.876864,229522.059,259977.352,8.174,379.257,0.04,3.718,0.0
85.948,2026-06-26T03:13:54.927209,228878.051,259977.352,5.954,379.258,0.04,0.01,0.0
86.037,2026-06-26T03:13:55.015911,227703.684,259977.352,4.485,379.587,0.04,3.724,0.0
86.087,2026-06-26T03:13:55.066255,227021.793,259977.352,3.372,379.588,0.04,0.01,0.0
86.176,2026-06-26T03:13:55.155164,225873.332,259977.352,2.704,379.918,0.04,3.72,0.0
86.227,2026-06-26T03:13:55.205486,226029.805,252810.465,12.223,379.918,0.04,0.01,0.0
86.32,2026-06-26T03:13:55.299299,226402.711,253233.09,21.902,380.247,0.04,3.514,0.0
86.371,2026-06-26T03:13:55.349647,226559.684,253378.227,28.948,380.248,0.04,0.01,0.0
86.468,2026-06-26T03:13:55.446849,227633.762,254485.488,33.416,380.577,0.04,3.388,0.0
86.518,2026-06-26T03:13:55.497231,227748.453,254832.176,30.868,380.577,0.04,0.01,0.0
86.614,2026-06-26T03:13:55.592580,229509.508,261765.926,34.388,380.906,0.04,3.443,0.0
86.665,2026-06-26T03:13:55.643467,230827.574,261765.926,39.131,380.907,0.04,0.01,0.0
86.756,2026-06-26T03:13:55.734583,233127.672,261765.926,42.436,381.235,0.04,3.617,0.0
86.806,2026-06-26T03:13:55.784916,234265.266,261765.926,41.991,381.236,0.04,0.01,0.0
86.907,2026-06-26T03:13:55.885635,236510.48,269161.93,41.05,381.565,0.04,3.264,0.0
87.007,2026-06-26T03:13:55.985820,239516.02,269161.93,43.826,381.893,0.04,3.282,0.0
87.105,2026-06-26T03:13:56.084317,242357.625,269161.93,44.817,382.222,0.04,3.34,0.0
87.156,2026-06-26T03:13:56.134684,241775.145,269161.93,33.695,382.223,0.04,0.01,0.0
87.245,2026-06-26T03:13:56.224189,240714.426,269161.93,23.928,382.551,0.04,3.679,0.0
87.296,2026-06-26T03:13:56.274549,240108.301,269161.93,16.982,382.552,0.04,0.01,0.0
87.385,2026-06-26T03:13:56.363682,239001.91,269161.93,12.229,382.881,0.04,3.695,0.0
87.435,2026-06-26T03:13:56.414030,238365.691,269161.93,8.793,382.881,0.04,0.01,0.0
87.525,2026-06-26T03:13:56.503515,237267.91,269161.93,6.496,383.21,0.04,3.681,0.0
87.575,2026-06-26T03:13:56.553874,236635.91,269161.93,4.779,383.21,0.04,0.01,0.0
87.664,2026-06-26T03:13:56.642936,235524.48,269161.93,3.662,383.539,0.04,3.698,0.0
87.714,2026-06-26T03:13:56.693278,235083.82,269161.93,3.724,383.54,0.04,0.01,0.0
87.815,2026-06-26T03:13:56.794149,238126.938,269161.93,17.748,383.868,0.04,3.264,0.0
87.916,2026-06-26T03:13:56.894728,241170.402,269161.93,27.453,384.197,0.04,3.268,0.0
88.005,2026-06-26T03:13:56.984103,241850.91,269161.93,26.876,384.526,0.04,3.68,0.0
88.056,2026-06-26T03:13:57.034490,241206.902,269161.93,19.045,384.526,0.04,0.01,0.0
88.145,2026-06-26T03:13:57.124038,240067.898,269161.93,13.672,384.855,0.04,3.678,0.0
88.196,2026-06-26T03:13:57.174398,239381.898,269161.93,9.803,384.856,0.04,0.01,0.0
88.284,2026-06-26T03:13:57.263293,238187.898,269161.93,7.205,385.184,0.04,3.705,0.0
88.335,2026-06-26T03:13:57.313636,237511.898,269161.93,5.276,385.185,0.04,0.01,0.0
88.424,2026-06-26T03:13:57.403087,236357.902,269161.93,4.034,385.514,0.04,3.681,0.0
88.475,2026-06-26T03:13:57.453454,235676.012,269161.93,3.056,385.514,0.04,0.01,0.0
88.573,2026-06-26T03:13:57.552339,235971.113,269161.93,8.804,385.843,0.04,3.329,0.0
88.624,2026-06-26T03:13:57.602767,237158.031,269161.93,21.314,385.843,0.04,0.01,0.0
88.724,2026-06-26T03:13:57.702815,239497.461,269161.93,29.912,386.172,0.04,3.295,0.0
88.774,2026-06-26T03:13:57.753225,240707.973,269161.93,36.003,386.173,0.04,0.01,0.0
88.879,2026-06-26T03:13:57.858153,242401.305,269210.309,37.592,386.501,0.04,3.139,0.0
88.977,2026-06-26T03:13:57.955564,242478.027,269258.688,38.875,386.83,0.04,3.376,0.0
89.027,2026-06-26T03:13:58.006012,241855.781,268680.867,31.341,386.831,0.04,0.01,0.0
89.116,2026-06-26T03:13:58.095048,240680.297,268218.613,22.282,387.159,0.04,3.7,0.0
89.167,2026-06-26T03:13:58.145418,240042.594,268218.613,15.829,387.16,0.04,0.01,0.0
89.256,2026-06-26T03:13:58.234516,238896.594,268218.613,11.397,387.489,0.04,3.696,0.0
89.306,2026-06-26T03:13:58.284878,238180.031,268218.613,8.21,387.489,0.04,0.01,0.0
89.396,2026-06-26T03:13:58.374423,236986.594,268218.613,6.087,387.818,0.04,3.679,0.0
89.446,2026-06-26T03:13:58.424771,236323.773,268218.613,4.493,387.818,0.04,0.01,0.0
89.535,2026-06-26T03:13:58.513835,235138.594,268218.613,3.514,388.147,0.04,3.697,0.0
89.585,2026-06-26T03:13:58.564194,234467.516,268218.613,2.692,388.148,0.04,0.01,0.0
89.693,2026-06-26T03:13:58.672053,234500.184,261280.844,11.12,388.476,0.04,3.048,0.0
89.802,2026-06-26T03:13:58.780845,234818.59,261619.488,21.257,388.805,0.04,3.025,0.0
89.903,2026-06-26T03:13:58.882351,235946.09,262726.75,28.116,389.134,0.04,3.232,0.0
90.004,2026-06-26T03:13:58.982780,236687.086,270007.188,28.677,389.463,0.04,3.28,0.0
90.106,2026-06-26T03:13:59.085259,239186.188,270007.188,35.258,389.791,0.04,3.208,0.0
90.209,2026-06-26T03:13:59.187648,241813.281,270007.188,39.604,390.12,0.04,3.21,0.0
90.304,2026-06-26T03:13:59.282934,243588.617,277403.191,37.882,390.449,0.04,3.45,0.0
90.355,2026-06-26T03:13:59.333409,245133.473,277403.191,41.335,390.449,0.04,0.01,0.0
90.455,2026-06-26T03:13:59.433800,248196.258,277403.191,43.991,390.779,0.04,3.292,0.0
90.551,2026-06-26T03:13:59.529875,250471.0,277403.191,44.07,391.109,0.04,3.434,0.0
90.601,2026-06-26T03:13:59.580228,249851.172,277403.191,31.081,391.109,0.04,0.01,0.0
90.69,2026-06-26T03:13:59.669078,248773.172,277403.191,22.074,391.439,0.04,3.716,0.0
90.741,2026-06-26T03:13:59.719445,248198.031,277403.191,15.684,391.439,0.04,0.01,0.0
90.83,2026-06-26T03:13:59.808416,247025.172,277403.191,11.322,391.769,0.04,3.712,0.0
90.88,2026-06-26T03:13:59.858776,246417.539,277403.191,8.157,391.77,0.04,0.01,0.0
90.969,2026-06-26T03:13:59.948152,245281.055,277403.191,6.051,392.099,0.04,3.695,0.0
91.02,2026-06-26T03:13:59.998504,244674.93,277403.191,4.468,392.1,0.04,0.01,0.0
91.109,2026-06-26T03:14:00.088048,243517.172,277403.191,3.495,392.429,0.04,3.687,0.0
91.16,2026-06-26T03:14:00.138452,243936.715,277403.191,9.346,392.43,0.04,0.01,0.0
91.261,2026-06-26T03:14:00.239670,247010.656,277403.191,21.664,392.76,0.04,3.265,0.0
91.362,2026-06-26T03:14:00.340734,250059.16,277403.191,30.217,393.088,0.04,3.253,0.0
91.451,2026-06-26T03:14:00.430288,249779.156,277403.191,25.367,393.417,0.04,3.675,0.0
91.502,2026-06-26T03:14:00.480634,249145.102,277403.191,17.989,393.418,0.04,0.01,0.0
91.591,2026-06-26T03:14:00.569819,247970.734,277403.191,12.934,393.746,0.04,3.694,0.0
91.641,2026-06-26T03:14:00.620196,247288.844,277403.191,9.286,393.747,0.04,0.01,0.0
91.73,2026-06-26T03:14:00.709294,246114.477,277403.191,6.843,394.076,0.04,3.696,0.0
91.781,2026-06-26T03:14:00.759650,245432.586,277403.191,5.022,394.076,0.04,0.01,0.0
91.87,2026-06-26T03:14:00.849159,244223.156,277403.191,3.856,394.405,0.04,3.678,0.0
91.921,2026-06-26T03:14:00.899527,243565.156,277403.191,2.932,394.405,0.04,0.01,0.0
92.021,2026-06-26T03:14:00.999588,245340.602,277403.191,12.951,394.734,0.04,3.289,0.0
92.071,2026-06-26T03:14:01.050038,246824.906,277403.191,24.165,394.735,0.04,0.01,0.0
92.171,2026-06-26T03:14:01.150232,249769.465,277403.191,32.027,395.063,0.04,3.29,0.0
92.222,2026-06-26T03:14:01.200655,250633.25,277451.57,35.021,395.064,0.04,0.01,0.0
92.319,2026-06-26T03:14:01.298208,250670.91,277451.57,37.875,395.393,0.04,3.382,0.0
92.37,2026-06-26T03:14:01.348559,250408.418,277499.949,35.941,395.393,0.04,0.01,0.0
92.459,2026-06-26T03:14:01.437675,249073.09,276459.875,25.527,395.722,0.04,3.698,0.0
92.509,2026-06-26T03:14:01.488021,248429.082,276459.875,18.101,395.722,0.04,0.01,0.0
92.598,2026-06-26T03:14:01.577329,247311.855,276459.875,13.013,396.051,0.04,3.689,0.0
92.649,2026-06-26T03:14:01.627688,246648.59,276459.875,9.341,396.052,0.04,0.01,0.0
92.738,2026-06-26T03:14:01.717279,245474.223,276459.875,6.879,396.38,0.04,3.676,0.0
92.789,2026-06-26T03:14:01.767632,244795.855,276459.875,5.048,396.381,0.04,0.01,0.0
92.878,2026-06-26T03:14:01.856762,243665.855,276459.875,3.849,396.71,0.04,3.694,0.0
92.928,2026-06-26T03:14:01.907132,242981.855,276459.875,2.927,396.71,0.04,0.01,0.0
93.034,2026-06-26T03:14:02.012732,242512.328,269292.988,8.533,397.039,0.04,3.116,0.0
93.139,2026-06-26T03:14:02.117802,242934.953,269715.613,19.291,397.368,0.04,3.129,0.0
93.24,2026-06-26T03:14:02.219325,243745.691,270852.445,26.99,397.696,0.04,3.24,0.0
93.331,2026-06-26T03:14:02.309772,244167.262,271314.699,27.939,398.025,0.04,3.637,0.0
93.381,2026-06-26T03:14:02.360136,244962.719,278248.449,31.796,398.026,0.04,0.01,0.0
93.484,2026-06-26T03:14:02.462594,247390.621,278248.449,37.333,398.354,0.04,3.217,0.0
93.586,2026-06-26T03:14:02.564538,249948.777,278248.449,41.215,398.683,0.04,3.225,0.0
93.68,2026-06-26T03:14:02.658378,251802.527,285644.453,39.49,399.012,0.04,3.503,0.0
93.73,2026-06-26T03:14:02.708802,253213.184,285644.453,42.751,399.012,0.04,0.01,0.0
93.83,2026-06-26T03:14:02.808899,256008.566,285644.453,44.908,399.341,0.04,3.291,0.0
93.881,2026-06-26T03:14:02.859366,257424.191,285644.453,46.533,399.342,0.04,0.01,0.0
93.971,2026-06-26T03:14:02.949783,258416.434,285644.453,41.171,399.67,0.04,3.649,0.0
94.021,2026-06-26T03:14:03.000184,257803.074,285644.453,29.052,399.671,0.04,0.01,0.0
94.111,2026-06-26T03:14:03.089819,256742.355,285644.453,20.677,400.0,0.04,3.675,0.0
94.161,2026-06-26T03:14:03.140226,256136.23,285644.453,14.706,400.0,0.04,0.01,0.0
94.251,2026-06-26T03:14:03.229356,255037.629,285644.453,10.636,400.329,0.04,3.695,0.0
94.301,2026-06-26T03:14:03.279717,254424.434,285644.453,7.678,400.329,0.04,0.01,0.0
94.39,2026-06-26T03:14:03.368800,253332.902,285644.453,5.717,400.658,0.04,3.697,0.0
94.44,2026-06-26T03:14:03.419186,252718.434,285644.453,4.234,400.659,0.04,0.01,0.0
94.53,2026-06-26T03:14:03.508987,251602.434,285644.453,3.303,400.988,0.04,3.668,0.0
94.58,2026-06-26T03:14:03.559354,252501.941,285644.453,13.299,400.988,0.04,0.01,0.0
94.682,2026-06-26T03:14:03.660406,255325.605,285644.453,24.454,401.317,0.04,3.262,0.0
94.782,2026-06-26T03:14:03.760519,258129.367,285644.453,32.149,401.646,0.04,3.285,0.0
94.871,2026-06-26T03:14:03.849541,258106.137,285644.453,27.061,401.974,0.04,3.695,0.0
94.921,2026-06-26T03:14:03.899904,257462.129,285644.453,19.175,401.975,0.04,0.01,0.0
95.011,2026-06-26T03:14:03.989633,256287.762,285644.453,13.762,402.304,0.04,3.672,0.0
95.061,2026-06-26T03:14:04.039989,255605.871,285644.453,9.866,402.304,0.04,0.01,0.0
95.15,2026-06-26T03:14:04.129245,254424.414,285644.453,7.248,402.633,0.04,3.691,0.0
95.201,2026-06-26T03:14:04.179610,253749.613,285644.453,5.306,402.633,0.04,0.01,0.0
95.292,2026-06-26T03:14:04.271307,252534.414,285644.453,4.047,402.962,0.04,3.592,0.0
95.343,2026-06-26T03:14:04.321673,251855.473,285644.453,3.065,402.963,0.04,0.01,0.0
95.443,2026-06-26T03:14:04.421602,253314.098,285644.453,12.565,403.292,0.04,3.303,0.0
95.493,2026-06-26T03:14:04.472017,254674.578,285644.453,23.904,403.293,0.04,0.01,0.0
95.594,2026-06-26T03:14:04.572529,257384.656,285644.453,31.795,403.622,0.04,3.287,0.0
95.704,2026-06-26T03:14:04.683190,258891.996,285692.832,35.958,403.952,0.04,2.979,0.0
95.804,2026-06-26T03:14:04.782751,258846.902,285741.211,37.183,404.282,0.04,3.314,0.0
95.854,2026-06-26T03:14:04.833113,258041.785,285163.391,26.26,404.282,0.04,0.01,0.0
95.944,2026-06-26T03:14:04.922462,256821.875,284701.137,18.724,404.612,0.04,3.697,0.0
95.994,2026-06-26T03:14:04.972794,256177.867,284701.137,13.339,404.612,0.04,0.01,0.0
96.084,2026-06-26T03:14:05.062774,254993.117,284701.137,9.676,404.943,0.04,3.678,0.0
96.134,2026-06-26T03:14:05.113126,254321.609,284701.137,7.052,404.943,0.04,0.01,0.0
96.224,2026-06-26T03:14:05.203161,253109.359,284701.137,5.249,405.274,0.04,3.68,0.0
96.275,2026-06-26T03:14:05.253523,252465.352,284701.137,3.907,405.275,0.04,0.01,0.0
96.364,2026-06-26T03:14:05.342986,251253.102,284701.137,3.076,405.604,0.04,3.693,0.0
96.414,2026-06-26T03:14:05.393340,250609.094,284701.137,2.385,405.605,0.04,0.01,0.0
96.521,2026-06-26T03:14:05.500332,250982.707,277763.367,14.43,405.935,0.04,3.081,0.0
96.628,2026-06-26T03:14:05.607258,251314.598,278102.012,23.183,406.265,0.04,3.09,0.0
96.729,2026-06-26T03:14:05.707365,252873.938,279671.527,29.995,406.594,0.04,3.294,0.0
96.829,2026-06-26T03:14:05.807993,253350.094,286489.711,30.149,406.925,0.04,3.283,0.0
96.931,2026-06-26T03:14:05.909674,255481.477,286489.711,36.112,407.255,0.04,3.25,0.0
97.032,2026-06-26T03:14:06.011088,257682.504,286489.711,40.482,407.586,0.04,3.257,0.0
97.124,2026-06-26T03:14:06.103351,259706.016,286489.711,39.062,407.915,0.04,3.573,0.0
97.175,2026-06-26T03:14:06.153712,260693.586,293885.715,40.562,407.916,0.04,0.01,0.0
97.274,2026-06-26T03:14:06.253230,262971.09,293885.715,43.583,408.245,0.04,3.319,0.0
97.325,2026-06-26T03:14:06.303636,264143.383,293885.715,45.343,408.246,0.04,0.01,0.0
97.42,2026-06-26T03:14:06.398949,266524.273,293885.715,45.117,408.575,0.04,3.466,0.0
97.47,2026-06-26T03:14:06.449324,266726.227,293885.715,37.527,408.575,0.04,0.01,0.0
97.56,2026-06-26T03:14:06.538642,265449.695,293885.715,26.637,408.905,0.04,3.695,0.0
97.61,2026-06-26T03:14:06.588999,264832.086,293885.715,18.878,408.905,0.04,0.01,0.0
97.699,2026-06-26T03:14:06.678177,263725.695,293885.715,13.557,409.235,0.04,3.701,0.0
97.75,2026-06-26T03:14:06.728530,263127.359,293885.715,9.722,409.235,0.04,0.01,0.0
97.839,2026-06-26T03:14:06.818153,262028.758,293885.715,7.119,409.565,0.04,3.681,0.0
97.89,2026-06-26T03:14:06.868514,261393.695,293885.715,5.216,409.565,0.04,0.01,0.0
97.979,2026-06-26T03:14:06.957767,260291.695,293885.715,3.993,409.895,0.04,3.697,0.0
98.029,2026-06-26T03:14:07.008119,259712.418,293885.715,3.027,409.895,0.04,0.01,0.0
98.13,2026-06-26T03:14:07.108591,262646.328,293885.715,17.19,410.224,0.04,3.286,0.0
98.23,2026-06-26T03:14:07.209335,265596.445,293885.715,27.176,410.554,0.04,3.269,0.0
98.322,2026-06-26T03:14:07.300365,266612.578,293885.715,28.065,410.883,0.04,3.622,0.0
98.372,2026-06-26T03:14:07.350726,265965.672,293885.715,19.878,410.884,0.04,0.01,0.0
98.461,2026-06-26T03:14:07.440010,264756.32,293885.715,14.256,411.213,0.04,3.696,0.0
98.512,2026-06-26T03:14:07.490366,264036.547,293885.715,10.212,411.214,0.04,0.01,0.0
98.601,2026-06-26T03:14:07.579533,262811.672,293885.715,7.49,411.543,0.04,3.701,0.0
98.651,2026-06-26T03:14:07.629870,262104.523,293885.715,5.476,411.543,0.04,0.01,0.0
98.741,2026-06-26T03:14:07.719637,260823.672,293885.715,4.173,411.873,0.04,3.676,0.0
98.791,2026-06-26T03:14:07.769999,260113.672,293885.715,3.153,411.873,0.04,0.01,0.0
98.891,2026-06-26T03:14:07.869911,261632.656,293885.715,12.654,412.203,0.04,3.3,0.0
98.942,2026-06-26T03:14:07.920370,263052.055,293885.715,24.006,412.203,0.04,0.01,0.0
99.042,2026-06-26T03:14:08.020749,265861.168,293885.715,31.861,412.533,0.04,3.289,0.0
99.155,2026-06-26T03:14:08.134314,267140.227,293934.094,36.15,412.862,0.04,2.9,0.0
99.249,2026-06-26T03:14:08.227770,267010.77,293982.473,35.617,413.191,0.04,3.528,0.0
99.299,2026-06-26T03:14:08.278153,266341.309,293404.652,25.164,413.192,0.04,0.01,0.0
99.389,2026-06-26T03:14:08.367360,265176.785,292942.398,17.957,413.521,0.04,3.699,0.0
99.439,2026-06-26T03:14:08.417719,264518.379,292942.398,12.802,413.522,0.04,0.01,0.0
99.529,2026-06-26T03:14:08.507449,263358.41,292942.398,9.275,413.851,0.04,3.67,0.0
99.579,2026-06-26T03:14:08.557799,262666.379,292942.398,6.725,413.851,0.04,0.01,0.0
99.668,2026-06-26T03:14:08.646883,261470.379,292942.398,5.05,414.18,0.04,3.697,0.0
99.718,2026-06-26T03:14:08.697248,260818.379,292942.398,3.767,414.18,0.04,0.01,0.0
99.808,2026-06-26T03:14:08.786395,259608.012,292942.398,2.979,414.509,0.04,3.695,0.0
99.858,2026-06-26T03:14:08.836749,258926.121,292942.398,2.318,414.51,0.04,0.01,0.0
99.964,2026-06-26T03:14:08.943202,259223.969,286004.629,13.427,414.838,0.04,3.09,0.0
100.071,2026-06-26T03:14:09.049517,259489.121,286294.895,22.298,415.167,0.04,3.094,0.0
100.171,2026-06-26T03:14:09.150144,261047.223,287912.789,29.443,415.496,0.04,3.267,0.0
100.276,2026-06-26T03:14:09.255173,261750.594,294730.973,29.916,415.825,0.04,3.137,0.0
100.38,2026-06-26T03:14:09.359101,264335.039,294730.973,36.093,416.155,0.04,3.172,0.0
100.483,2026-06-26T03:14:09.461848,266928.051,294730.973,40.005,416.485,0.04,3.21,0.0
100.581,2026-06-26T03:14:09.559539,268931.328,302126.977,38.776,416.815,0.04,3.376,0.0
100.631,2026-06-26T03:14:09.609974,270365.754,302126.977,42.292,416.815,0.04,0.01,0.0
100.731,2026-06-26T03:14:09.710015,273198.891,302126.977,44.737,417.145,0.04,3.303,0.0
100.782,2026-06-26T03:14:09.760482,274639.484,302126.977,46.002,417.145,0.04,0.01,0.0
100.871,2026-06-26T03:14:09.850234,274588.66,302126.977,36.571,417.475,0.04,3.686,0.0
100.922,2026-06-26T03:14:09.900590,273982.535,302126.977,25.832,417.475,0.04,0.01,0.0
101.011,2026-06-26T03:14:09.989470,272890.957,302126.977,18.425,417.805,0.04,3.715,0.0
101.061,2026-06-26T03:14:10.039832,272239.926,302126.977,13.13,417.806,0.04,0.01,0.0
101.15,2026-06-26T03:14:10.129353,271141.324,302126.977,9.532,418.135,0.04,3.691,0.0
101.201,2026-06-26T03:14:10.179683,270497.316,302126.977,6.951,418.136,0.04,0.01,0.0
101.29,2026-06-26T03:14:10.268520,269398.715,302126.977,5.183,418.465,0.04,3.717,0.0
101.34,2026-06-26T03:14:10.318876,268722.957,302126.977,3.86,418.466,0.04,0.01,0.0
101.436,2026-06-26T03:14:10.415352,268861.621,302126.977,7.855,418.795,0.04,3.411,0.0
101.487,2026-06-26T03:14:10.465776,270322.938,302126.977,20.608,418.795,0.04,0.01,0.0
101.588,2026-06-26T03:14:10.567135,273253.02,302126.977,29.521,419.124,0.04,3.251,0.0
101.681,2026-06-26T03:14:10.660020,275119.02,302126.977,32.884,419.453,0.04,3.543,0.0
101.732,2026-06-26T03:14:10.710393,274475.012,302126.977,23.251,419.453,0.04,0.01,0.0
101.821,2026-06-26T03:14:10.799868,273262.762,302126.977,16.617,419.782,0.04,3.681,0.0
101.871,2026-06-26T03:14:10.850225,272542.988,302126.977,11.864,419.782,0.04,0.01,0.0
101.96,2026-06-26T03:14:10.939096,271310.93,302126.977,8.648,420.111,0.04,3.705,0.0
102.011,2026-06-26T03:14:10.989459,270573.082,302126.977,6.286,420.112,0.04,0.01,0.0
102.1,2026-06-26T03:14:11.078739,269332.93,302126.977,4.715,420.44,0.04,3.689,0.0
102.15,2026-06-26T03:14:11.129096,268603.176,302126.977,3.533,420.441,0.04,0.01,0.0
102.25,2026-06-26T03:14:11.228532,269305.988,302126.977,10.186,420.77,0.04,3.31,0.0
102.3,2026-06-26T03:14:11.278983,270683.902,302126.977,22.23,420.77,0.04,0.01,0.0
102.4,2026-06-26T03:14:11.378634,273389.957,302126.977,30.615,421.099,0.04,3.308,0.0
102.45,2026-06-26T03:14:11.429040,274779.82,302126.977,36.077,421.1,0.04,0.01,0.0
102.561,2026-06-26T03:14:11.539766,275388.203,302175.355,38.144,421.428,0.04,2.977,0.0
102.652,2026-06-26T03:14:11.630810,274908.125,301761.48,34.425,421.757,0.04,3.612,0.0
102.702,2026-06-26T03:14:11.681194,274151.641,301183.66,24.33,421.758,0.04,0.01,0.0
102.791,2026-06-26T03:14:11.769929,273001.336,301183.66,17.374,422.086,0.04,3.711,0.0
102.841,2026-06-26T03:14:11.820299,272357.328,301183.66,12.394,422.087,0.04,0.01,0.0
102.93,2026-06-26T03:14:11.909156,271161.641,301183.66,8.993,422.416,0.04,3.706,0.0
102.981,2026-06-26T03:14:11.959513,270501.07,301183.66,6.574,422.416,0.04,0.01,0.0
103.07,2026-06-26T03:14:12.048776,269326.703,301183.66,4.943,422.745,0.04,3.69,0.0
103.12,2026-06-26T03:14:12.099126,268644.812,301183.66,3.693,422.745,0.04,0.01,0.0
103.209,2026-06-26T03:14:12.187872,267467.641,301183.66,2.902,423.074,0.04,3.711,0.0
103.259,2026-06-26T03:14:12.238220,267184.062,294016.773,6.443,423.075,0.04,0.01,0.0
103.367,2026-06-26T03:14:12.345777,267475.727,294294.27,17.443,423.403,0.04,3.062,0.0
103.468,2026-06-26T03:14:12.446970,267766.145,294998.41,25.204,423.732,0.04,3.249,0.0
103.567,2026-06-26T03:14:12.545524,269219.941,296038.484,31.415,424.061,0.04,3.337,0.0
103.617,2026-06-26T03:14:12.595903,269259.363,302972.234,28.245,424.061,0.04,0.01,0.0
103.72,2026-06-26T03:14:12.698786,271687.535,302972.234,34.787,424.39,0.04,3.204,0.0
103.822,2026-06-26T03:14:12.800932,274265.094,302972.234,39.449,424.719,0.04,3.218,0.0
103.914,2026-06-26T03:14:12.892484,276191.574,302972.234,38.665,425.048,0.04,3.576,0.0
103.964,2026-06-26T03:14:12.943311,277651.602,310368.238,42.137,425.048,0.04,0.01,0.0
104.065,2026-06-26T03:14:13.043817,280591.105,310368.238,44.559,425.377,0.04,3.279,0.0
104.164,2026-06-26T03:14:13.142950,283446.332,310368.238,45.453,425.706,0.04,3.319,0.0
104.214,2026-06-26T03:14:13.193324,283048.219,310368.238,34.975,425.706,0.04,0.01,0.0
104.304,2026-06-26T03:14:13.282423,281920.734,310368.238,24.825,426.035,0.04,3.697,0.0
104.354,2026-06-26T03:14:13.332785,281294.219,310368.238,17.61,426.035,0.04,0.01,0.0
104.444,2026-06-26T03:14:13.422412,280216.008,310368.238,12.667,426.364,0.04,3.675,0.0
104.494,2026-06-26T03:14:13.472749,279590.219,310368.238,9.099,426.365,0.04,0.01,0.0
104.583,2026-06-26T03:14:13.561781,278511.281,310368.238,6.712,426.693,0.04,3.699,0.0
104.633,2026-06-26T03:14:13.612129,277900.219,310368.238,4.931,426.694,0.04,0.01,0.0
104.723,2026-06-26T03:14:13.701672,276776.219,310368.238,3.792,427.023,0.04,3.678,0.0
104.773,2026-06-26T03:14:13.752016,276230.988,310368.238,3.305,427.023,0.04,0.01,0.0
104.874,2026-06-26T03:14:13.852745,279408.559,310368.238,17.312,427.352,0.04,3.269,0.0
104.975,2026-06-26T03:14:13.953802,282596.594,310368.238,27.24,427.681,0.04,3.253,0.0
105.064,2026-06-26T03:14:14.042907,282810.188,310368.238,25.725,428.01,0.04,3.692,0.0
105.114,2026-06-26T03:14:14.093252,282096.188,310368.238,18.24,428.01,0.04,0.01,0.0
105.204,2026-06-26T03:14:14.182456,280860.016,310368.238,13.11,428.339,0.04,3.692,0.0
105.254,2026-06-26T03:14:14.232820,280176.188,310368.238,9.409,428.339,0.04,0.01,0.0
105.344,2026-06-26T03:14:14.322714,278927.992,310368.238,6.952,428.669,0.04,3.676,0.0
105.394,2026-06-26T03:14:14.373070,278246.102,310368.238,5.099,428.67,0.04,0.01,0.0
105.483,2026-06-26T03:14:14.462277,276995.969,310368.238,3.885,428.999,0.04,3.703,0.0
105.534,2026-06-26T03:14:14.512629,276276.195,310368.238,2.952,429.0,0.04,0.01,0.0
105.634,2026-06-26T03:14:14.613017,278986.719,310368.238,15.753,429.329,0.04,3.287,0.0
105.734,2026-06-26T03:14:14.713065,282085.266,310368.238,26.114,429.659,0.04,3.295,0.0
105.847,2026-06-26T03:14:14.825663,283622.66,310416.617,32.972,429.989,0.04,2.926,0.0
105.946,2026-06-26T03:14:14.924936,283494.922,310464.996,33.853,430.319,0.04,3.326,0.0
105.996,2026-06-26T03:14:14.975328,282727.688,309887.176,23.976,430.319,0.04,0.01,0.0
106.087,2026-06-26T03:14:15.065956,281454.902,309424.922,17.119,430.649,0.04,3.647,0.0
106.137,2026-06-26T03:14:15.116338,280788.004,309424.922,12.216,430.649,0.04,0.01,0.0
106.228,2026-06-26T03:14:15.207216,279575.754,309424.922,8.887,430.979,0.04,3.637,0.0
106.279,2026-06-26T03:14:15.257588,278893.863,309424.922,6.453,430.98,0.04,0.01,0.0
106.368,2026-06-26T03:14:15.347225,277719.496,309424.922,4.857,431.308,0.04,3.675,0.0
106.419,2026-06-26T03:14:15.397584,277002.902,309424.922,3.632,431.309,0.04,0.01,0.0
106.508,2026-06-26T03:14:15.486658,275825.355,309424.922,2.885,431.638,0.04,3.698,0.0
106.558,2026-06-26T03:14:15.537322,275248.258,302028.918,5.156,431.638,0.04,0.009,0.0
106.67,2026-06-26T03:14:15.648644,275737.285,302535.531,15.976,431.967,0.04,3.055,0.0
106.773,2026-06-26T03:14:15.751726,276040.539,303239.672,24.24,432.296,0.04,3.191,0.0
106.872,2026-06-26T03:14:15.850457,277461.203,304279.746,30.431,432.624,0.04,3.331,0.0
106.922,2026-06-26T03:14:15.900834,277387.207,311213.496,26.49,432.625,0.04,0.01,0.0
107.026,2026-06-26T03:14:16.004446,279856.332,311213.496,33.588,432.954,0.04,3.181,0.0
107.128,2026-06-26T03:14:16.106407,282405.621,311213.496,38.614,433.282,0.04,3.225,0.0
107.22,2026-06-26T03:14:16.198773,284376.164,311213.496,38.554,433.611,0.04,3.562,0.0
107.27,2026-06-26T03:14:16.249157,285510.164,318609.5,39.321,433.612,0.04,0.01,0.0
107.371,2026-06-26T03:14:16.349734,288421.914,318609.5,42.575,433.941,0.04,3.276,0.0
107.471,2026-06-26T03:14:16.449970,291312.121,318609.5,44.861,434.269,0.04,3.28,0.0
107.56,2026-06-26T03:14:16.539057,290843.887,318609.5,34.745,434.598,0.04,3.694,0.0
107.611,2026-06-26T03:14:16.589429,290217.445,318609.5,24.554,434.599,0.04,0.01,0.0
107.7,2026-06-26T03:14:16.679035,289101.277,318609.5,17.528,434.927,0.04,3.676,0.0
107.751,2026-06-26T03:14:16.729395,288429.445,318609.5,12.502,434.928,0.04,0.01,0.0
107.84,2026-06-26T03:14:16.818469,287320.785,318609.5,9.068,435.257,0.04,3.698,0.0
107.89,2026-06-26T03:14:16.868822,286676.777,318609.5,6.58,435.257,0.04,0.01,0.0
107.979,2026-06-26T03:14:16.957814,285540.293,318609.5,4.975,435.586,0.04,3.701,0.0
108.029,2026-06-26T03:14:17.008194,284896.285,318609.5,3.714,435.586,0.04,0.01,0.0
108.13,2026-06-26T03:14:17.108661,286256.262,318609.5,11.938,435.915,0.04,3.277,0.0
108.231,2026-06-26T03:14:17.209500,289245.102,318609.5,23.509,436.244,0.04,3.259,0.0
108.329,2026-06-26T03:14:17.308080,291749.441,318609.5,30.155,436.573,0.04,3.338,0.0
108.38,2026-06-26T03:14:17.358482,291071.184,318609.5,21.34,436.573,0.04,0.01,0.0
108.469,2026-06-26T03:14:17.447549,289858.934,318609.5,15.254,436.902,0.04,3.698,0.0
108.519,2026-06-26T03:14:17.497910,289159.441,318609.5,10.91,436.903,0.04,0.01,0.0
108.608,2026-06-26T03:14:17.587346,287889.027,318609.5,8.005,437.232,0.04,3.684,0.0
108.659,2026-06-26T03:14:17.637703,287181.441,318609.5,5.835,437.232,0.04,0.01,0.0
108.748,2026-06-26T03:14:17.726693,285957.004,318609.5,4.401,437.561,0.04,3.701,0.0
108.798,2026-06-26T03:14:17.777053,285237.23,318609.5,3.313,437.561,0.04,0.01,0.0
108.897,2026-06-26T03:14:17.875518,285528.836,318609.5,8.512,437.89,0.04,3.342,0.0
108.947,2026-06-26T03:14:17.925986,286948.77,318609.5,21.045,437.891,0.04,0.01,0.0
109.048,2026-06-26T03:14:18.026686,289768.766,318609.5,29.769,438.219,0.04,3.273,0.0
109.149,2026-06-26T03:14:18.127513,291841.676,318657.879,33.899,438.548,0.04,3.258,0.0
109.242,2026-06-26T03:14:18.221209,291877.219,318657.879,35.67,438.877,0.04,3.516,0.0
109.293,2026-06-26T03:14:18.271568,291548.297,318706.258,33.695,438.878,0.04,0.01,0.0
109.382,2026-06-26T03:14:18.360845,290355.164,317666.184,23.902,439.206,0.04,3.693,0.0
109.432,2026-06-26T03:14:18.411202,289673.273,317666.184,17.01,439.207,0.04,0.01,0.0
109.522,2026-06-26T03:14:18.500629,288470.129,317666.184,12.222,439.536,0.04,3.683,0.0
109.572,2026-06-26T03:14:18.550982,287758.129,317666.184,8.788,439.536,0.04,0.01,0.0
109.661,2026-06-26T03:14:18.639917,286566.883,317666.184,6.521,439.865,0.04,3.703,0.0
109.711,2026-06-26T03:14:18.690263,285862.129,317666.184,4.797,439.865,0.04,0.01,0.0
109.801,2026-06-26T03:14:18.779428,284634.859,317666.184,3.673,440.194,0.04,3.695,0.0
109.851,2026-06-26T03:14:18.829781,283930.129,317666.184,2.804,440.195,0.04,0.01,0.0
109.96,2026-06-26T03:14:18.938914,283947.754,310728.414,11.241,440.524,0.04,3.013,0.0
110.073,2026-06-26T03:14:19.051961,284136.996,310916.805,21.18,440.852,0.04,2.909,0.0
118.216,2026-06-26T03:14:27.195064,285865.773,312642.195,15.217,441.181,0.041,0.04,0.0
118.31,2026-06-26T03:14:27.289331,285865.773,312642.195,11.0,441.51,0.041,3.491,0.0
118.361,2026-06-26T03:14:27.339697,285865.773,312642.195,7.932,441.51,0.041,0.01,0.0
118.45,2026-06-26T03:14:27.428768,285865.773,312642.195,5.895,441.839,0.041,3.698,0.0
118.5,2026-06-26T03:14:27.479126,285865.773,312642.195,4.359,441.84,0.041,0.01,0.0
118.589,2026-06-26T03:14:27.568175,285865.773,312642.195,3.394,442.169,0.041,3.7,0.0
118.64,2026-06-26T03:14:27.618522,285865.773,312642.195,2.608,442.169,0.041,0.01,0.0
118.729,2026-06-26T03:14:27.707603,285865.773,312642.195,2.168,442.498,0.041,3.697,0.0
118.779,2026-06-26T03:14:27.757967,285865.773,312642.195,1.75,442.498,0.041,0.01,0.0
118.868,2026-06-26T03:14:27.847134,285865.773,312642.195,1.567,442.827,0.041,3.694,0.0
118.919,2026-06-26T03:14:27.897477,285865.773,312642.195,1.329,442.828,0.041,0.01,0.0
119.008,2026-06-26T03:14:27.986621,285865.773,312642.195,1.273,443.156,0.041,3.695,0.0
119.058,2026-06-26T03:14:28.036979,285865.773,312642.195,1.123,443.157,0.041,0.01,0.0
119.153,2026-06-26T03:14:28.131749,285865.773,312642.195,1.133,443.486,0.041,3.475,0.0
119.203,2026-06-26T03:14:28.182113,285865.773,312642.195,1.025,443.486,0.041,0.01,0.0
119.292,2026-06-26T03:14:28.271217,285865.773,312642.195,1.034,443.815,0.041,3.697,0.0
119.479,2026-06-26T03:14:28.458268,283600.629,310528.273,1.012,444.144,1739.707,1.758,9300.052
119.53,2026-06-26T03:14:28.508646,282902.387,310057.27,0.941,444.144,1739.707,0.01,0.0
119.619,2026-06-26T03:14:28.597891,281675.816,310057.27,0.974,444.473,1739.707,3.692,0.0
119.669,2026-06-26T03:14:28.648249,281003.816,310057.27,0.914,444.474,1739.707,0.01,0.0
119.759,2026-06-26T03:14:28.737395,279720.23,310057.27,0.982,444.803,1739.707,3.695,0.0
119.809,2026-06-26T03:14:28.787752,279038.34,310057.27,0.92,444.803,1739.707,0.01,0.0
119.898,2026-06-26T03:14:28.876791,277750.324,310057.27,0.986,445.132,1739.707,3.699,0.0
119.948,2026-06-26T03:14:28.927206,277068.434,310057.27,0.969,445.132,1739.707,0.01,0.0
120.038,2026-06-26T03:14:29.016479,275885.211,302661.266,0.994,445.461,1739.707,3.69,0.0
120.088,2026-06-26T03:14:29.066837,275214.363,302009.516,0.928,445.462,1739.707,0.01,0.0
120.183,2026-06-26T03:14:29.161613,273912.625,301816.008,0.996,445.791,1739.707,3.476,0.0
120.233,2026-06-26T03:14:29.211979,273221.641,301816.008,0.93,445.791,1739.707,0.01,0.0
120.323,2026-06-26T03:14:29.301426,272009.391,301816.008,1.018,446.121,1739.707,3.689,0.0
120.373,2026-06-26T03:14:29.351788,271304.625,301816.008,0.945,446.121,1739.707,0.01,0.0
120.462,2026-06-26T03:14:29.441016,270077.367,301816.008,0.977,446.451,1739.707,3.702,0.0
120.513,2026-06-26T03:14:29.491383,269357.594,301816.008,0.916,446.451,1739.707,0.01,0.0
120.602,2026-06-26T03:14:29.580602,268107.461,301816.008,0.983,446.781,1739.707,3.703,0.0
120.652,2026-06-26T03:14:29.630945,267477.387,294274.867,0.921,446.782,1739.707,0.01,0.0
120.741,2026-06-26T03:14:29.720102,266261.367,293574.746,0.986,447.111,1739.707,3.705,0.0
120.792,2026-06-26T03:14:29.770479,265565.367,293574.746,0.923,447.112,1739.707,0.01,0.0
120.881,2026-06-26T03:14:29.859697,264373.367,293574.746,0.988,447.442,1739.707,3.703,0.0
120.931,2026-06-26T03:14:29.910051,263635.367,293574.746,0.924,447.442,1739.707,0.01,0.0
121.026,2026-06-26T03:14:30.004927,262331.367,293574.746,0.968,447.772,1739.707,3.482,0.0
121.076,2026-06-26T03:14:30.055293,261646.691,293574.746,0.956,447.772,1739.707,0.01,0.0
121.166,2026-06-26T03:14:30.144484,260375.367,293574.746,0.985,448.102,1739.707,3.703,0.0
121.216,2026-06-26T03:14:30.194847,259667.367,293574.746,0.922,448.103,1739.707,0.01,0.0
121.305,2026-06-26T03:14:30.284212,258519.609,285333.484,1.013,448.432,1739.707,3.693,0.0
121.356,2026-06-26T03:14:30.334575,257837.719,285333.484,0.941,448.433,1739.707,0.01,0.0
121.445,2026-06-26T03:14:30.423673,256625.469,285333.484,0.975,448.761,1739.707,3.697,0.0
121.495,2026-06-26T03:14:30.474025,255942.109,285333.484,0.961,448.762,1739.707,0.01,0.0
121.584,2026-06-26T03:14:30.563285,254688.109,285333.484,0.988,449.091,1739.707,3.69,0.0
121.635,2026-06-26T03:14:30.613639,253973.672,285333.484,0.924,449.091,1739.707,0.01,0.0
121.724,2026-06-26T03:14:30.702766,252761.422,285333.484,0.989,449.42,1739.707,3.696,0.0
121.774,2026-06-26T03:14:30.753125,252020.109,285333.484,0.925,449.42,1739.707,0.01,0.0
121.863,2026-06-26T03:14:30.842307,250883.414,277743.965,0.989,449.749,1739.707,3.694,0.0
121.914,2026-06-26T03:14:30.892658,250202.582,277092.223,0.925,449.75,1739.707,0.01,0.0
122.009,2026-06-26T03:14:30.987736,248952.449,277092.223,0.993,450.079,1739.707,3.464,0.0
122.059,2026-06-26T03:14:31.038096,248270.559,277092.223,0.927,450.079,1739.707,0.01,0.0
122.148,2026-06-26T03:14:31.127241,247096.191,277092.223,1.018,450.408,1739.707,3.695,0.0
122.199,2026-06-26T03:14:31.177606,246452.184,277092.223,0.945,450.408,1739.707,0.01,0.0
122.288,2026-06-26T03:14:31.266751,245277.816,277092.223,0.977,450.737,1739.707,3.695,0.0
122.338,2026-06-26T03:14:31.317108,244595.926,277092.223,0.916,450.738,1739.707,0.01,0.0
122.427,2026-06-26T03:14:31.406222,243421.559,277092.223,0.984,451.066,1739.707,3.696,0.0
122.478,2026-06-26T03:14:31.456576,242833.965,269647.84,0.921,451.067,1739.707,0.01,0.0
122.567,2026-06-26T03:14:31.545829,241658.258,268850.961,0.986,451.396,1739.707,3.69,0.0
122.617,2026-06-26T03:14:31.596192,240995.594,268850.961,0.923,451.396,1739.707,0.01,0.0
122.706,2026-06-26T03:14:31.685294,239839.883,268850.961,0.962,451.725,1739.707,3.697,0.0
122.757,2026-06-26T03:14:31.735649,239157.992,268850.961,0.906,451.726,1739.707,0.01,0.0
122.852,2026-06-26T03:14:31.830658,237907.859,268850.961,1.004,452.054,1739.707,3.466,0.0
122.902,2026-06-26T03:14:31.881016,237225.969,268850.961,0.935,452.055,1739.707,0.01,0.0
122.991,2026-06-26T03:14:31.970214,236077.594,268850.961,0.996,452.384,1739.707,3.694,0.0
123.042,2026-06-26T03:14:32.020577,235399.594,268850.961,0.93,452.384,1739.707,0.01,0.0
123.131,2026-06-26T03:14:32.109826,234304.711,261261.441,0.966,452.713,1739.707,3.691,0.0
123.181,2026-06-26T03:14:32.160187,233644.293,260609.699,0.909,452.714,1739.707,0.01,0.0
123.27,2026-06-26T03:14:32.249222,232507.809,260609.699,0.979,453.042,1739.707,3.7,0.0
123.321,2026-06-26T03:14:32.299578,231838.336,260609.699,0.917,453.043,1739.707,0.01,0.0
123.41,2026-06-26T03:14:32.388661,230689.434,260609.699,0.985,453.372,1739.707,3.698,0.0
123.46,2026-06-26T03:14:32.439023,229982.336,260609.699,0.921,453.372,1739.707,0.01,0.0
123.549,2026-06-26T03:14:32.528211,228833.176,260609.699,0.987,453.701,1739.707,3.694,0.0
123.6,2026-06-26T03:14:32.578573,228151.285,260609.699,0.923,453.701,1739.707,0.01,0.0
123.689,2026-06-26T03:14:32.667610,226976.918,260609.699,0.989,454.03,1739.707,3.7,0.0
123.739,2026-06-26T03:14:32.717962,226399.82,253213.695,0.924,454.031,1739.707,0.01,0.0
123.828,2026-06-26T03:14:32.807156,225213.617,252368.438,0.989,454.36,1739.707,3.694,0.0
123.879,2026-06-26T03:14:32.857521,224607.492,252368.438,0.971,454.36,1739.707,0.01,0.0
123.968,2026-06-26T03:14:32.946672,223471.008,252368.438,0.996,454.689,1739.707,3.695,0.0
124.018,2026-06-26T03:14:32.997027,222799.078,252368.438,0.929,454.689,1739.707,0.01,0.0
124.113,2026-06-26T03:14:33.092020,221555.078,252368.438,0.996,455.018,1739.707,3.467,0.0
124.164,2026-06-26T03:14:33.142388,220894.977,252368.438,0.93,455.019,1739.707,0.01,0.0
124.253,2026-06-26T03:14:33.231437,219720.609,252368.438,0.993,455.348,1739.707,3.699,0.0
124.303,2026-06-26T03:14:33.281798,219038.719,252368.438,0.927,455.348,1739.707,0.01,0.0
124.392,2026-06-26T03:14:33.371099,217974.203,244778.918,0.991,455.677,1739.707,3.692,0.0
124.443,2026-06-26T03:14:33.421460,217325.82,244127.176,0.926,455.678,1739.707,0.01,0.0
124.532,2026-06-26T03:14:33.510508,216214.699,244127.176,0.964,456.007,1739.707,3.701,0.0
124.582,2026-06-26T03:14:33.560867,215570.691,244127.176,0.907,456.007,1739.707,0.01,0.0
124.671,2026-06-26T03:14:33.649958,214449.82,244127.176,0.977,456.336,1739.707,3.7,0.0
124.721,2026-06-26T03:14:33.700327,213790.199,244127.176,0.916,456.337,1739.707,0.01,0.0
124.811,2026-06-26T03:14:33.789569,212633.82,244127.176,1.01,456.666,1739.707,3.694,0.0
124.861,2026-06-26T03:14:33.839929,211995.82,244127.176,0.939,456.666,1739.707,0.01,0.0
124.95,2026-06-26T03:14:33.929074,210797.457,244127.176,0.973,456.995,1739.707,3.697,0.0
125.001,2026-06-26T03:14:33.979442,210153.449,244127.176,0.913,456.996,1739.707,0.01,0.0
125.09,2026-06-26T03:14:34.068622,209109.922,236031.043,1.008,457.325,1739.707,3.695,0.0
125.14,2026-06-26T03:14:34.118984,208428.031,235885.914,0.937,457.325,1739.707,0.01,0.0
125.23,2026-06-26T03:14:34.208845,207291.547,235885.914,0.97,457.654,1739.707,3.669,0.0
125.28,2026-06-26T03:14:34.259209,206685.422,235885.914,0.911,457.655,1739.707,0.01,0.0
125.376,2026-06-26T03:14:34.354529,205397.406,235885.914,0.982,457.985,1739.707,3.467,0.0
125.426,2026-06-26T03:14:34.404880,204753.398,235885.914,0.92,457.985,1739.707,0.01,0.0
125.515,2026-06-26T03:14:34.494035,203579.031,235885.914,1.012,458.315,1739.707,3.707,0.0
125.566,2026-06-26T03:14:34.544403,202892.566,235885.914,0.941,458.316,1739.707,0.01,0.0
125.655,2026-06-26T03:14:34.633713,201722.773,235885.914,0.974,458.645,1739.707,3.701,0.0
125.705,2026-06-26T03:14:34.684065,201158.926,228115.656,0.914,458.646,1739.707,0.01,0.0
125.794,2026-06-26T03:14:34.773221,199997.355,227644.652,0.982,458.976,1739.707,3.707,0.0
125.845,2026-06-26T03:14:34.823577,199353.348,227644.652,0.92,458.976,1739.707,0.01,0.0
125.934,2026-06-26T03:14:34.912727,198216.863,227644.652,0.986,459.306,1739.707,3.707,0.0
125.984,2026-06-26T03:14:34.963093,197534.973,227644.652,0.922,459.307,1739.707,0.01,0.0
126.074,2026-06-26T03:14:35.052412,196365.309,227644.652,0.987,459.637,1739.707,3.701,0.0
126.124,2026-06-26T03:14:35.102777,195693.309,227644.652,0.923,459.637,1739.707,0.01,0.0
126.213,2026-06-26T03:14:35.191937,194525.309,227644.652,0.988,459.967,1739.707,3.707,0.0
126.263,2026-06-26T03:14:35.242294,193860.34,227644.652,0.924,459.968,1739.707,0.01,0.0
126.353,2026-06-26T03:14:35.331515,192820.906,219596.898,0.962,460.297,1739.707,3.693,0.0
126.403,2026-06-26T03:14:35.381877,192134.922,219403.391,0.906,460.297,1739.707,0.01,0.0
126.492,2026-06-26T03:14:35.471094,190998.438,219403.391,1.002,460.626,1739.707,3.696,0.0
126.543,2026-06-26T03:14:35.521459,190354.43,219403.391,0.934,460.627,1739.707,0.01,0.0
126.638,2026-06-26T03:14:35.616898,189086.051,219403.391,0.973,460.956,1739.707,3.452,0.0
126.688,2026-06-26T03:14:35.667253,188422.406,219403.391,0.913,460.956,1739.707,0.01,0.0
126.777,2026-06-26T03:14:35.756320,187216.051,219403.391,1.008,461.285,1739.707,3.699,0.0
126.828,2026-06-26T03:14:35.806692,186528.266,219403.391,0.938,461.286,1739.707,0.01,0.0
126.917,2026-06-26T03:14:35.895936,185353.898,219403.391,0.972,461.615,1739.707,3.693,0.0
126.967,2026-06-26T03:14:35.946301,184805.5,211633.133,0.913,461.615,1739.707,0.01,0.0
127.573,2026-06-26T03:14:36.551832,176855.5,203669.367,0.891,461.944,1739.707,0.543,0.0
127.662,2026-06-26T03:14:36.640569,175690.289,202920.867,0.967,462.273,1739.707,3.708,0.0
127.712,2026-06-26T03:14:36.690923,175046.281,202920.867,0.909,462.274,1739.707,0.01,0.0
127.801,2026-06-26T03:14:36.779940,173921.543,202920.867,0.952,462.603,1739.707,3.703,0.0
127.851,2026-06-26T03:14:36.830304,173265.789,202920.867,0.899,462.603,1739.707,0.01,0.0
127.941,2026-06-26T03:14:36.919392,172107.543,202920.867,0.998,462.932,1739.707,3.699,0.0
127.991,2026-06-26T03:14:36.969755,171447.414,202920.867,0.931,462.933,1739.707,0.01,0.0
128.08,2026-06-26T03:14:37.058893,170239.543,202920.867,0.994,463.262,1739.707,3.698,0.0
128.13,2026-06-26T03:14:37.109252,169567.543,202920.867,0.928,463.262,1739.707,0.01,0.0
128.226,2026-06-26T03:14:37.204835,168374.625,195331.348,0.969,463.591,1739.707,3.448,0.0
128.276,2026-06-26T03:14:37.255188,167726.285,194679.605,0.91,463.592,1739.707,0.01,0.0
128.365,2026-06-26T03:14:37.344133,166622.285,194679.605,1.006,463.921,1739.707,3.704,0.0
128.416,2026-06-26T03:14:37.394505,165980.285,194679.605,0.937,463.921,1739.707,0.01,0.0
128.505,2026-06-26T03:14:37.483709,164890.285,194679.605,0.971,464.25,1739.707,3.695,0.0
128.555,2026-06-26T03:14:37.534071,164258.285,194679.605,0.912,464.251,1739.707,0.01,0.0
128.644,2026-06-26T03:14:37.623017,163158.285,194679.605,1.008,464.58,1739.707,3.705,0.0
128.695,2026-06-26T03:14:37.673387,162524.262,194679.605,0.938,464.58,1739.707,0.01,0.0
128.784,2026-06-26T03:14:37.762446,161387.777,194679.605,0.973,464.909,1739.707,3.7,0.0
128.834,2026-06-26T03:14:37.812806,160750.285,194679.605,0.913,464.91,1739.707,0.01,0.0
128.923,2026-06-26T03:14:37.902064,159769.605,186583.473,0.981,465.239,1739.707,3.694,0.0
128.974,2026-06-26T03:14:37.952426,159132.0,186438.344,0.919,465.239,1739.707,0.01,0.0
129.063,2026-06-26T03:14:38.041551,158073.027,186438.344,0.959,465.568,1739.707,3.697,0.0
129.113,2026-06-26T03:14:38.091914,157465.156,186438.344,0.904,465.569,1739.707,0.01,0.0
129.209,2026-06-26T03:14:38.187439,156265.027,186438.344,1.001,465.898,1739.707,3.45,0.0
129.259,2026-06-26T03:14:38.237812,155635.027,186438.344,0.933,465.898,1739.707,0.01,0.0
129.348,2026-06-26T03:14:38.326969,154510.297,186438.344,0.969,466.227,1739.707,3.698,0.0
129.398,2026-06-26T03:14:38.377333,153866.289,186438.344,0.911,466.228,1739.707,0.01,0.0
129.487,2026-06-26T03:14:38.466270,152747.027,186438.344,1.007,466.557,1739.707,3.705,0.0
129.538,2026-06-26T03:14:38.516619,152217.977,179042.34,0.937,466.557,1739.707,0.01,0.0
129.627,2026-06-26T03:14:38.605629,151149.77,178197.082,0.972,466.886,1739.707,3.702,0.0
129.677,2026-06-26T03:14:38.655992,150527.77,178197.082,0.913,466.887,1739.707,0.01,0.0
129.766,2026-06-26T03:14:38.745083,149489.074,178197.082,0.981,467.216,1739.707,3.701,0.0
129.817,2026-06-26T03:14:38.795448,148861.77,178197.082,0.919,467.216,1739.707,0.01,0.0
129.906,2026-06-26T03:14:38.884705,147723.77,178197.082,1.011,467.545,1739.707,3.693,0.0
129.956,2026-06-26T03:14:38.935059,147083.77,178197.082,0.94,467.546,1739.707,0.01,0.0
130.045,2026-06-26T03:14:39.024005,145963.77,178197.082,0.975,467.875,1739.707,3.706,0.0
130.096,2026-06-26T03:14:39.074373,145311.77,178197.082,0.915,467.875,1739.707,0.01,0.0
130.191,2026-06-26T03:14:39.170014,144109.715,178197.082,0.984,468.204,1739.707,3.446,0.0
130.242,2026-06-26T03:14:39.220382,143537.191,170426.824,0.921,468.205,1739.707,0.01,0.0
130.331,2026-06-26T03:14:39.309768,142424.512,169955.82,0.986,468.534,1739.707,3.694,0.0
130.381,2026-06-26T03:14:39.360121,141882.512,169955.82,0.922,468.535,1739.707,0.01,0.0
130.47,2026-06-26T03:14:39.449196,140793.219,169955.82,0.988,468.865,1739.707,3.711,0.0
130.521,2026-06-26T03:14:39.499562,140149.211,169955.82,0.924,468.865,1739.707,0.01,0.0
130.61,2026-06-26T03:14:39.588781,139012.727,169955.82,0.989,469.195,1739.707,3.705,0.0
130.66,2026-06-26T03:14:39.639135,138368.719,169955.82,0.924,469.196,1739.707,0.01,0.0
130.749,2026-06-26T03:14:39.728208,137232.234,169955.82,0.989,469.526,1739.707,3.711,0.0
130.8,2026-06-26T03:14:39.778560,136586.512,169955.82,0.925,469.526,1739.707,0.01,0.0
130.889,2026-06-26T03:14:39.867802,135600.812,162414.68,0.989,469.856,1739.707,3.703,0.0
130.939,2026-06-26T03:14:39.918178,135000.395,161859.688,0.925,469.857,1739.707,0.01,0.0
131.028,2026-06-26T03:14:40.007334,133915.738,161714.559,0.989,470.187,1739.707,3.708,0.0
131.079,2026-06-26T03:14:40.057690,133347.496,161714.559,0.925,470.187,1739.707,0.01,0.0
131.168,2026-06-26T03:14:40.146723,132248.895,161714.559,0.99,470.517,1739.707,3.712,0.0
131.218,2026-06-26T03:14:40.197072,131642.77,161714.559,0.925,470.517,1739.707,0.01,0.0
131.314,2026-06-26T03:14:40.293020,130429.258,161714.559,0.966,470.847,1739.707,3.442,0.0
131.365,2026-06-26T03:14:40.343388,129786.512,161714.559,0.908,470.848,1739.707,0.01,0.0
131.454,2026-06-26T03:14:40.432427,128650.027,161714.559,1.005,471.177,1739.707,3.703,0.0
131.504,2026-06-26T03:14:40.482787,128015.258,161714.559,0.935,471.177,1739.707,0.01,0.0
131.593,2026-06-26T03:14:40.571934,127054.668,153944.301,0.997,471.507,1739.707,3.699,0.0
131.643,2026-06-26T03:14:40.622290,126432.133,153473.297,0.93,471.507,1739.707,0.01,0.0
131.732,2026-06-26T03:14:40.711322,125398.0,153473.297,0.967,471.836,1739.707,3.703,0.0
131.783,2026-06-26T03:14:40.761686,124765.289,153473.297,0.909,471.837,1739.707,0.01,0.0
131.872,2026-06-26T03:14:40.850768,123704.0,153473.297,0.979,472.166,1739.707,3.702,0.0
131.922,2026-06-26T03:14:40.901126,123060.562,153473.297,0.917,472.166,1739.707,0.01,0.0
132.011,2026-06-26T03:14:40.990094,121942.0,153473.297,0.985,472.496,1739.707,3.707,0.0
132.062,2026-06-26T03:14:41.040448,121304.0,153473.297,0.922,472.496,1739.707,0.01,0.0
132.151,2026-06-26T03:14:41.129459,120181.469,153473.297,0.988,472.825,1739.707,3.704,0.0
132.201,2026-06-26T03:14:41.179824,119575.344,153473.297,0.924,472.826,1739.707,0.01,0.0
132.29,2026-06-26T03:14:41.268847,118611.676,145425.543,0.989,473.155,1739.707,3.705,0.0
132.34,2026-06-26T03:14:41.319210,117978.742,145232.035,0.925,473.155,1739.707,0.01,0.0
132.436,2026-06-26T03:14:41.414772,116864.973,145232.035,0.991,473.485,1739.707,3.45,0.0
132.486,2026-06-26T03:14:41.465126,116258.848,145232.035,0.926,473.485,1739.707,0.01,0.0
132.575,2026-06-26T03:14:41.554079,115156.742,145232.035,0.965,473.814,1739.707,3.707,0.0
132.626,2026-06-26T03:14:41.604459,114516.238,145232.035,0.907,473.815,1739.707,0.01,0.0
132.715,2026-06-26T03:14:41.694075,113379.754,145232.035,0.976,474.144,1739.707,3.681,0.0
132.766,2026-06-26T03:14:41.744447,112735.746,145232.035,0.915,474.144,1739.707,0.01,0.0
132.855,2026-06-26T03:14:41.833414,111637.145,145232.035,0.984,474.474,1739.707,3.706,0.0
132.905,2026-06-26T03:14:41.883758,111060.047,137836.031,0.921,474.474,1739.707,0.01,0.0
132.994,2026-06-26T03:14:41.972783,110063.258,136990.773,0.987,474.803,1739.707,3.703,0.0
133.044,2026-06-26T03:14:42.023180,109425.484,136990.773,0.923,474.804,1739.707,0.01,0.0
133.133,2026-06-26T03:14:42.112113,108396.414,136990.773,1.016,475.133,1739.707,3.707,0.0
133.184,2026-06-26T03:14:42.162482,107790.289,136990.773,0.943,475.133,1739.707,0.01,0.0
133.273,2026-06-26T03:14:42.251414,106671.484,136990.773,0.977,475.462,1739.707,3.708,0.0
133.323,2026-06-26T03:14:42.301769,106047.68,136990.773,0.916,475.463,1739.707,0.01,0.0
133.418,2026-06-26T03:14:42.397281,104835.43,136990.773,0.985,475.792,1739.707,3.451,0.0
133.469,2026-06-26T03:14:42.447645,104197.484,136990.773,0.922,475.793,1739.707,0.01,0.0
133.558,2026-06-26T03:14:42.536630,103127.484,136990.773,0.988,476.122,1739.707,3.706,0.0
133.608,2026-06-26T03:14:42.586980,102625.27,129449.633,0.924,476.122,1739.707,0.01,0.0
133.697,2026-06-26T03:14:42.676065,101556.227,128749.512,0.989,476.452,1739.707,3.703,0.0
133.748,2026-06-26T03:14:42.726422,100940.227,128749.512,0.925,476.452,1739.707,0.01,0.0
133.837,2026-06-26T03:14:42.815571,99890.227,128749.512,0.989,476.781,1739.707,3.698,0.0
133.887,2026-06-26T03:14:42.865937,99283.848,128749.512,0.925,476.782,1739.707,0.01,0.0
133.976,2026-06-26T03:14:42.954864,98150.227,128749.512,0.964,477.111,1739.707,3.709,0.0
134.026,2026-06-26T03:14:43.005230,97528.227,128749.512,0.907,477.111,1739.707,0.01,0.0
134.115,2026-06-26T03:14:43.094103,96404.754,128749.512,0.978,477.441,1739.707,3.71,0.0
134.166,2026-06-26T03:14:43.144464,95760.746,128749.512,0.963,477.441,1739.707,0.01,0.0
134.254,2026-06-26T03:14:43.233336,94700.027,128749.512,1.017,477.77,1739.707,3.71,0.0
134.305,2026-06-26T03:14:43.283693,94203.27,121159.992,0.944,477.771,1739.707,0.01,0.0
134.4,2026-06-26T03:14:43.378890,93050.375,120508.25,0.982,478.1,1739.707,3.463,0.0
134.45,2026-06-26T03:14:43.429253,92520.016,120508.25,0.966,478.1,1739.707,0.01,0.0
134.539,2026-06-26T03:14:43.518154,91497.18,120508.25,1.019,478.43,1739.707,3.709,0.0
134.59,2026-06-26T03:14:43.568511,90853.172,120508.25,0.946,478.43,1739.707,0.01,0.0
134.678,2026-06-26T03:14:43.657345,89754.57,120508.25,0.979,478.759,1739.707,3.712,0.0
134.729,2026-06-26T03:14:43.707702,89110.562,120508.25,0.917,478.76,1739.707,0.01,0.0
134.818,2026-06-26T03:14:43.796520,88011.961,120508.25,0.959,479.089,1739.707,3.712,0.0
134.868,2026-06-26T03:14:43.846883,87367.953,120508.25,0.95,479.089,1739.707,0.01,0.0
134.957,2026-06-26T03:14:43.935776,86372.969,120508.25,1.008,479.419,1739.707,3.71,0.0
135.007,2026-06-26T03:14:43.986150,85875.34,112737.992,0.938,479.419,1739.707,0.01,0.0
135.096,2026-06-26T03:14:44.074940,84809.113,112266.988,1.0,479.748,1739.707,3.713,0.0
135.146,2026-06-26T03:14:44.125306,84278.754,112266.988,0.932,479.749,1739.707,0.01,0.0
135.236,2026-06-26T03:14:44.215265,83293.801,112266.988,0.966,480.078,1739.707,3.665,0.0
135.287,2026-06-26T03:14:44.265623,82687.676,112266.988,0.908,480.078,1739.707,0.01,0.0
135.376,2026-06-26T03:14:44.354883,81655.711,112266.988,0.977,480.408,1739.707,3.705,0.0
135.426,2026-06-26T03:14:44.405244,81058.715,112266.988,0.916,480.409,1739.707,0.01,0.0
135.516,2026-06-26T03:14:44.494368,79997.996,112266.988,1.01,480.739,1739.707,3.71,0.0
135.566,2026-06-26T03:14:44.544727,79395.711,112266.988,0.939,480.74,1739.707,0.01,0.0
135.655,2026-06-26T03:14:44.633849,78333.711,112266.988,0.973,481.07,1739.707,3.71,0.0
135.705,2026-06-26T03:14:44.684216,77825.719,104677.469,0.914,481.07,1739.707,0.01,0.0
135.798,2026-06-26T03:14:44.776651,76757.266,104025.727,0.994,481.4,1739.707,3.568,0.0
135.849,2026-06-26T03:14:44.827366,76196.453,104025.727,0.927,481.401,1739.707,0.01,0.0
135.938,2026-06-26T03:14:44.916888,75241.953,104025.727,0.99,481.731,1739.707,3.693,0.0
135.988,2026-06-26T03:14:44.967238,74711.594,104025.727,0.925,481.731,1739.707,0.01,0.0
136.077,2026-06-26T03:14:45.056298,73726.641,104025.727,0.99,482.061,1739.707,3.713,0.0
136.128,2026-06-26T03:14:45.106654,73158.398,104025.727,0.925,482.062,1739.707,0.01,0.0
136.217,2026-06-26T03:14:45.195796,72162.453,104025.727,0.99,482.392,1739.707,3.71,0.0
136.267,2026-06-26T03:14:45.246162,71598.453,104025.727,0.925,482.392,1739.707,0.01,0.0
136.358,2026-06-26T03:14:45.336569,70582.367,104025.727,0.959,482.722,1739.707,3.644,0.0
136.408,2026-06-26T03:14:45.387021,70014.125,104025.727,0.903,482.722,1739.707,0.01,0.0
136.497,2026-06-26T03:14:45.476082,69039.961,95929.594,0.975,483.051,1739.707,3.702,0.0
136.548,2026-06-26T03:14:45.526448,68478.121,95784.465,0.915,483.052,1739.707,0.01,0.0
136.637,2026-06-26T03:14:45.615444,67531.051,95784.465,0.983,483.381,1739.707,3.705,0.0
136.687,2026-06-26T03:14:45.665798,66991.199,95784.465,0.92,483.382,1739.707,0.01,0.0
136.776,2026-06-26T03:14:45.755239,66015.738,95784.465,1.011,483.711,1739.707,3.686,0.0
136.827,2026-06-26T03:14:45.805591,65447.496,95784.465,0.94,483.711,1739.707,0.01,0.0
136.916,2026-06-26T03:14:45.894572,64462.543,95784.465,0.975,484.04,1739.707,3.705,0.0
136.966,2026-06-26T03:14:45.944926,63894.301,95784.465,0.914,484.041,1739.707,0.01,0.0
137.055,2026-06-26T03:14:46.033951,62891.199,95784.465,1.009,484.37,1739.707,3.704,0.0
137.105,2026-06-26T03:14:46.084310,62325.199,95784.465,0.939,484.37,1739.707,0.01,0.0
137.194,2026-06-26T03:14:46.172800,61376.02,88151.941,0.995,484.68,1739.707,3.348,0.0
137.199,2026-06-26T03:14:46.177533,61376.02,88151.941,0.696,484.681,1739.707,1.804,0.0
137.199,2026-06-26T03:14:46.177894,61376.02,88151.941,0.487,484.682,1739.707,2.366,0.0
137.199,2026-06-26T03:14:46.178066,61376.02,88151.941,0.341,484.682,1739.707,3.51,0.0
137.2,2026-06-26T03:14:46.178608,61376.02,88151.941,0.239,484.702,1739.707,27.883,0.0
137.25,2026-06-26T03:14:46.229019,61483.586,89891.609,0.399,484.702,1739.707,0.01,0.0
137.356,2026-06-26T03:14:46.334928,61707.113,89891.609,0.634,485.031,1739.707,3.113,0.0
137.446,2026-06-26T03:14:46.424587,61895.348,89891.609,0.783,485.361,1739.707,3.67,0.0
137.496,2026-06-26T03:14:46.474998,62002.078,89891.609,0.781,485.361,1739.707,0.01,0.0
137.585,2026-06-26T03:14:46.564254,62191.055,89891.609,0.862,485.69,1739.707,3.695,0.0
137.636,2026-06-26T03:14:46.614611,62296.527,89891.609,0.836,485.691,1739.707,0.01,0.0
137.725,2026-06-26T03:14:46.703951,62484.906,89891.609,0.926,486.02,1739.707,3.691,0.0
137.775,2026-06-26T03:14:46.754310,62591.375,89891.609,0.927,486.02,1739.707,0.01,0.0
137.865,2026-06-26T03:14:46.844082,62766.586,89891.609,0.963,486.35,1739.707,3.673,0.0
137.916,2026-06-26T03:14:46.894450,62868.281,89891.609,0.906,486.35,1739.707,0.01,0.0
138.005,2026-06-26T03:14:46.983666,63050.633,89891.609,0.976,486.679,1739.707,3.696,0.0
139.054,2026-06-26T03:14:48.032424,62989.648,89765.695,0.92,2226.347,1739.707,1658.095,0.0
139.054,2026-06-26T03:14:48.033270,62989.648,89765.695,0.644,2226.347,1739.707,1.526,0.0
139.059,2026-06-26T03:14:48.037853,62989.648,89765.695,0.953,2226.348,1739.707,0.11,0.0
139.06,2026-06-26T03:14:48.038383,62989.648,89765.695,0.667,2226.348,1739.707,0.916,0.0
142.761,2026-06-26T03:14:51.739375,64729.316,91505.363,0.707,2226.677,1739.707,0.089,0.0
142.863,2026-06-26T03:14:51.842049,64729.316,91505.363,0.838,2227.006,1739.707,3.209,0.0
142.952,2026-06-26T03:14:51.930396,64729.316,91505.363,0.932,2227.335,1739.707,3.726,0.0
143.002,2026-06-26T03:14:51.980748,64729.316,91505.363,0.884,2227.336,1739.707,0.01,0.0
143.091,2026-06-26T03:14:52.069666,64729.316,91505.363,0.936,2227.665,1739.707,3.709,0.0
143.141,2026-06-26T03:14:52.120016,64729.316,91505.363,0.887,2227.666,1739.707,0.01,0.0
143.23,2026-06-26T03:14:52.208891,64729.316,91505.363,0.991,2227.995,1739.707,3.711,0.0
143.28,2026-06-26T03:14:52.259242,64729.316,91505.363,0.926,2227.995,1739.707,0.01,0.0
143.376,2026-06-26T03:14:52.354498,64729.316,91505.363,0.968,2228.324,1739.707,3.461,0.0
143.426,2026-06-26T03:14:52.404861,64729.316,91505.363,0.91,2228.325,1739.707,0.01,0.0
143.515,2026-06-26T03:14:52.493774,64729.316,91505.363,0.98,2228.654,1739.707,3.71,0.0
143.565,2026-06-26T03:14:52.544126,64729.316,91505.363,0.965,2228.655,1739.707,0.01,0.0
143.654,2026-06-26T03:14:52.632947,64729.316,91505.363,0.992,2228.984,1739.707,3.713,0.0
143.704,2026-06-26T03:14:52.683306,64729.316,91505.363,0.927,2228.984,1739.707,0.01,0.0
143.793,2026-06-26T03:14:52.772240,64729.316,91505.363,0.992,2229.313,1739.707,3.708,0.0
143.949,2026-06-26T03:14:52.927650,62989.648,89765.695,0.935,2229.314,3479.374,0.005,11166.805
144.017,2026-06-26T03:14:52.995593,62989.648,89765.695,0.931,2229.643,3479.374,4.866,0.0
144.105,2026-06-26T03:14:53.084155,62989.648,89765.695,0.784,2229.972,3479.374,3.717,0.0
144.156,2026-06-26T03:14:53.134503,62989.648,89765.695,0.595,2229.973,3479.374,0.01,0.0
144.244,2026-06-26T03:14:53.223261,62989.648,89765.695,0.523,2230.302,3479.374,3.715,0.0
144.295,2026-06-26T03:14:53.273610,62989.648,89765.695,0.366,2230.302,3479.374,0.01,0.0
144.384,2026-06-26T03:14:53.362464,62989.648,89765.695,0.414,2230.632,3479.374,3.711,0.0
144.434,2026-06-26T03:14:53.412820,62989.648,89765.695,0.383,2230.632,3479.374,0.01,0.0
144.529,2026-06-26T03:14:53.508052,62989.648,89765.695,0.465,2230.961,3479.374,3.463,0.0
144.58,2026-06-26T03:14:53.558406,62989.648,89765.695,0.372,2230.962,3479.374,0.01,0.0
144.668,2026-06-26T03:14:53.647279,62989.648,89765.695,0.366,2231.291,3479.374,3.71,0.0
144.719,2026-06-26T03:14:53.697628,62989.648,89765.695,0.256,2231.291,3479.374,0.01,0.0
144.808,2026-06-26T03:14:53.786392,62989.648,89765.695,0.312,2231.621,3479.374,3.714,0.0
144.858,2026-06-26T03:14:53.836747,62989.648,89765.695,0.265,2231.621,3479.374,0.01,0.0
144.947,2026-06-26T03:14:53.925810,62989.648,89765.695,0.317,2231.95,3479.374,3.703,0.0
144.997,2026-06-26T03:14:53.976172,62989.648,89765.695,0.222,2231.951,3479.374,0.01,0.0
145.086,2026-06-26T03:14:54.064969,62989.648,89765.695,0.287,2232.28,3479.374,3.713,0.0
145.136,2026-06-26T03:14:54.115325,62989.648,89765.695,0.201,2232.28,3479.374,0.01,0.0
145.226,2026-06-26T03:14:54.204582,62989.648,89765.695,0.272,2232.61,3479.374,3.694,0.0
145.276,2026-06-26T03:14:54.254940,62989.648,89765.695,0.191,2232.61,3479.374,0.01,0.0
145.366,2026-06-26T03:14:54.344650,62989.648,89765.695,0.238,2232.94,3479.374,3.687,0.0
145.416,2026-06-26T03:14:54.395000,62989.648,89765.695,0.213,2232.941,3479.374,0.01,0.0
145.505,2026-06-26T03:14:54.484054,62989.648,89765.695,0.281,2233.271,3479.374,3.713,0.0
145.556,2026-06-26T03:14:54.534411,62989.648,89765.695,0.197,2233.271,3479.374,0.01,0.0
145.644,2026-06-26T03:14:54.623342,62989.648,89765.695,0.27,2233.601,3479.374,3.718,0.0
145.695,2026-06-26T03:14:54.673677,62989.648,89765.695,0.189,2233.602,3479.374,0.01,0.0
145.79,2026-06-26T03:14:54.769162,62989.648,89765.695,0.255,2233.932,3479.374,3.463,0.0
145.841,2026-06-26T03:14:54.819521,62989.648,89765.695,0.178,2233.932,3479.374,0.01,0.0
145.93,2026-06-26T03:14:54.908546,62989.648,89765.695,0.257,2234.262,3479.374,3.714,0.0
145.98,2026-06-26T03:14:54.958898,62989.648,89765.695,0.226,2234.263,3479.374,0.01,0.0
146.069,2026-06-26T03:14:55.047858,62989.648,89765.695,0.264,2234.593,3479.374,3.717,0.0
146.119,2026-06-26T03:14:55.098215,62989.648,89765.695,0.185,2234.594,3479.374,0.01,0.0
146.208,2026-06-26T03:14:55.187323,62989.648,89765.695,0.261,2234.924,3479.374,3.711,0.0
146.259,2026-06-26T03:14:55.237679,62989.648,89765.695,0.229,2234.924,3479.374,0.01,0.0
146.348,2026-06-26T03:14:55.326885,62989.648,89765.695,0.292,2235.253,3479.374,3.696,0.0
146.398,2026-06-26T03:14:55.377228,62989.648,89765.695,0.204,2235.254,3479.374,0.01,0.0
146.487,2026-06-26T03:14:55.466068,62989.648,89765.695,0.275,2235.583,3479.374,3.71,0.0
146.538,2026-06-26T03:14:55.516434,62989.648,89765.695,0.192,2235.583,3479.374,0.01,0.0
146.627,2026-06-26T03:14:55.605539,62989.648,89765.695,0.266,2235.913,3479.374,3.701,0.0
146.677,2026-06-26T03:14:55.655891,62989.648,89765.695,0.187,2235.913,3479.374,0.01,0.0
146.766,2026-06-26T03:14:55.744848,62989.648,89765.695,0.236,2236.242,3479.374,3.707,0.0
146.816,2026-06-26T03:14:55.795198,62989.648,89765.695,0.165,2236.243,3479.374,0.01,0.0
146.905,2026-06-26T03:14:55.884113,62989.648,89765.695,0.274,2236.572,3479.374,3.707,0.0
146.956,2026-06-26T03:14:55.934456,62989.648,89765.695,0.192,2236.572,3479.374,0.01,0.0
147.051,2026-06-26T03:14:56.029741,62989.648,89765.695,0.257,2236.901,3479.374,3.46,0.0
147.101,2026-06-26T03:14:56.080096,62989.648,89765.695,0.226,2236.902,3479.374,0.01,0.0
147.19,2026-06-26T03:14:56.169147,62989.648,89765.695,0.264,2237.231,3479.374,3.703,0.0
147.241,2026-06-26T03:14:56.219495,62989.648,89765.695,0.231,2237.232,3479.374,0.01,0.0
147.329,2026-06-26T03:14:56.308355,62989.648,89765.695,0.294,2237.561,3479.374,3.71,0.0
147.38,2026-06-26T03:14:56.358713,62989.648,89765.695,0.206,2237.561,3479.374,0.01,0.0
147.469,2026-06-26T03:14:56.447784,62989.648,89765.695,0.276,2237.89,3479.374,3.702,0.0
147.519,2026-06-26T03:14:56.498134,62989.648,89765.695,0.239,2237.891,3479.374,0.01,0.0
147.608,2026-06-26T03:14:56.587052,62989.648,89765.695,0.3,2238.22,3479.374,3.709,0.0
147.659,2026-06-26T03:14:56.637408,62989.648,89765.695,0.21,2238.22,3479.374,0.01,0.0
147.747,2026-06-26T03:14:56.726335,62989.648,89765.695,0.252,2238.55,3479.374,3.707,0.0
147.798,2026-06-26T03:14:56.776697,62989.648,89765.695,0.177,2238.55,3479.374,0.01,0.0
147.887,2026-06-26T03:14:56.865733,62989.648,89765.695,0.282,2238.879,3479.374,3.704,0.0
147.937,2026-06-26T03:14:56.916091,62989.648,89765.695,0.197,2238.88,3479.374,0.01,0.0
148.026,2026-06-26T03:14:57.005069,62989.648,89765.695,0.244,2239.209,3479.374,3.706,0.0
148.077,2026-06-26T03:14:57.055429,62989.648,89765.695,0.217,2239.209,3479.374,0.01,0.0
148.165,2026-06-26T03:14:57.144319,62989.648,89765.695,0.257,2239.539,3479.374,3.709,0.0
148.216,2026-06-26T03:14:57.194678,62989.648,89765.695,0.227,2239.539,3479.374,0.01,0.0
148.31,2026-06-26T03:14:57.288448,62989.648,89765.695,0.259,2239.868,3479.374,3.515,0.0
148.36,2026-06-26T03:14:57.338861,62989.648,89765.695,0.227,2239.869,3479.374,0.01,0.0
148.449,2026-06-26T03:14:57.427930,62989.648,89765.695,0.265,2240.198,3479.374,3.702,0.0
148.499,2026-06-26T03:14:57.478285,62989.648,89765.695,0.232,2240.198,3479.374,0.01,0.0
148.588,2026-06-26T03:14:57.567249,62989.648,89765.695,0.294,2240.528,3479.374,3.706,0.0
148.639,2026-06-26T03:14:57.617592,62989.648,89765.695,0.206,2240.528,3479.374,0.01,0.0
148.728,2026-06-26T03:14:57.706578,62989.648,89765.695,0.25,2240.857,3479.374,3.706,0.0
148.778,2026-06-26T03:14:57.756928,62989.648,89765.695,0.221,2240.858,3479.374,0.01,0.0
148.867,2026-06-26T03:14:57.845946,62989.648,89765.695,0.287,2241.187,3479.374,3.705,0.0
148.917,2026-06-26T03:14:57.896303,62989.648,89765.695,0.201,2241.187,3479.374,0.01,0.0
149.006,2026-06-26T03:14:57.985166,62989.648,89765.695,0.272,2241.517,3479.374,3.709,0.0
149.057,2026-06-26T03:14:58.035531,62989.648,89765.695,0.237,2241.517,3479.374,0.01,0.0
149.146,2026-06-26T03:14:58.124601,62989.648,89765.695,0.271,2241.846,3479.374,3.702,0.0
149.196,2026-06-26T03:14:58.174954,62989.648,89765.695,0.19,2241.847,3479.374,0.01,0.0
149.285,2026-06-26T03:14:58.263924,62989.648,89765.695,0.265,2242.176,3479.374,3.707,0.0
149.335,2026-06-26T03:14:58.314281,62989.648,89765.695,0.232,2242.176,3479.374,0.01,0.0
149.425,2026-06-26T03:14:58.404258,62989.648,89765.695,0.293,2242.505,3479.374,3.663,0.0
149.476,2026-06-26T03:14:58.454623,62989.648,89765.695,0.205,2242.506,3479.374,0.01,0.0
149.565,2026-06-26T03:14:58.543707,62989.648,89765.695,0.275,2242.835,3479.374,3.702,0.0
149.615,2026-06-26T03:14:58.594051,62989.648,89765.695,0.193,2242.836,3479.374,0.01,0.0
149.704,2026-06-26T03:14:58.683173,62989.648,89765.695,0.267,2243.165,3479.374,3.7,0.0
149.755,2026-06-26T03:14:58.733524,62989.648,89765.695,0.187,2243.165,3479.374,0.01,0.0
149.844,2026-06-26T03:14:58.822404,62989.648,89765.695,0.236,2243.494,3479.374,3.709,0.0
149.894,2026-06-26T03:14:58.872761,62989.648,89765.695,0.212,2243.495,3479.374,0.01,0.0
149.984,2026-06-26T03:14:58.962932,62989.648,89765.695,0.278,2243.824,3479.374,3.657,0.0
150.034,2026-06-26T03:14:59.013293,62989.648,89765.695,0.195,2243.825,3479.374,0.01,0.0
150.123,2026-06-26T03:14:59.102246,62989.648,89765.695,0.268,2244.154,3479.374,3.707,0.0
150.174,2026-06-26T03:14:59.152598,62989.648,89765.695,0.188,2244.154,3479.374,0.01,0.0
150.264,2026-06-26T03:14:59.243002,62989.648,89765.695,0.235,2244.484,3479.374,3.653,0.0
150.315,2026-06-26T03:14:59.293370,62989.648,89765.695,0.165,2244.484,3479.374,0.01,0.0
150.404,2026-06-26T03:14:59.383114,62989.648,89765.695,0.246,2244.814,3479.374,3.684,0.0
150.455,2026-06-26T03:14:59.433472,62989.648,89765.695,0.219,2244.815,3479.374,0.01,0.0
150.544,2026-06-26T03:14:59.522537,62989.648,89765.695,0.259,2245.145,3479.374,3.712,0.0
150.594,2026-06-26T03:14:59.572889,62989.648,89765.695,0.181,2245.146,3479.374,0.01,0.0
150.684,2026-06-26T03:14:59.662835,62989.648,89765.695,0.283,2245.476,3479.374,3.675,0.0
150.734,2026-06-26T03:14:59.713201,62989.648,89765.695,0.198,2245.476,3479.374,0.01,0.0
150.824,2026-06-26T03:14:59.802366,62989.648,89765.695,0.244,2245.806,3479.374,3.709,0.0
150.874,2026-06-26T03:14:59.852719,62989.648,89765.695,0.217,2245.807,3479.374,0.01,0.0
150.963,2026-06-26T03:14:59.941772,62989.648,89765.695,0.258,2246.137,3479.374,3.713,0.0
151.013,2026-06-26T03:14:59.992124,62989.648,89765.695,0.18,2246.137,3479.374,0.01,0.0
151.102,2026-06-26T03:15:00.081129,62989.648,89765.695,0.258,2246.467,3479.374,3.714,0.0
151.153,2026-06-26T03:15:00.131491,62989.648,89765.695,0.227,2246.468,3479.374,0.01,0.0
151.242,2026-06-26T03:15:00.220643,62989.648,89765.695,0.264,2246.798,3479.374,3.709,0.0
151.292,2026-06-26T03:15:00.270996,62989.648,89765.695,0.185,2246.798,3479.374,0.01,0.0
151.382,2026-06-26T03:15:00.361212,62989.648,89765.695,0.285,2247.127,3479.374,3.655,0.0
151.433,2026-06-26T03:15:00.411562,62989.648,89765.695,0.2,2247.128,3479.374,0.01,0.0
151.522,2026-06-26T03:15:00.500459,62989.648,89765.695,0.272,2247.457,3479.374,3.708,0.0
151.572,2026-06-26T03:15:00.550820,62989.648,89765.695,0.19,2247.458,3479.374,0.01,0.0
151.661,2026-06-26T03:15:00.639964,62989.648,89765.695,0.238,2247.787,3479.374,3.7,0.0
151.711,2026-06-26T03:15:00.690320,62989.648,89765.695,0.167,2247.787,3479.374,0.01,0.0
151.8,2026-06-26T03:15:00.779345,62989.648,89765.695,0.249,2248.116,3479.374,3.704,0.0
151.851,2026-06-26T03:15:00.829693,62989.648,89765.695,0.22,2248.117,3479.374,0.01,0.0
151.94,2026-06-26T03:15:00.918680,62989.648,89765.695,0.286,2248.446,3479.374,3.705,0.0
151.99,2026-06-26T03:15:00.969038,62989.648,89765.695,0.2,2248.446,3479.374,0.01,0.0
152.08,2026-06-26T03:15:01.059078,62989.648,89765.695,0.244,2248.776,3479.374,3.663,0.0
152.131,2026-06-26T03:15:01.109439,62989.648,89765.695,0.218,2248.776,3479.374,0.01,0.0
152.22,2026-06-26T03:15:01.198462,62989.648,89765.695,0.231,2249.105,3479.374,3.704,0.0
152.27,2026-06-26T03:15:01.248811,62989.648,89765.695,0.208,2249.106,3479.374,0.01,0.0
152.359,2026-06-26T03:15:01.337795,62989.648,89765.695,0.278,2249.435,3479.374,3.705,0.0
152.409,2026-06-26T03:15:01.388175,62989.648,89765.695,0.194,2249.435,3479.374,0.01,0.0
152.498,2026-06-26T03:15:01.477268,62989.648,89765.695,0.241,2249.765,3479.374,3.701,0.0
152.549,2026-06-26T03:15:01.527621,62989.648,89765.695,0.169,2249.765,3479.374,0.01,0.0
152.639,2026-06-26T03:15:01.617501,62989.648,89765.695,0.275,2250.094,3479.374,3.668,0.0
152.689,2026-06-26T03:15:01.667845,62989.648,89765.695,0.192,2250.095,3479.374,0.01,0.0
152.778,2026-06-26T03:15:01.756801,62989.648,89765.695,0.24,2250.424,3479.374,3.706,0.0
152.828,2026-06-26T03:15:01.807171,62989.648,89765.695,0.214,2250.424,3479.374,0.01,0.0
152.917,2026-06-26T03:15:01.896219,62989.648,89765.695,0.282,2250.753,3479.374,3.703,0.0
152.968,2026-06-26T03:15:01.946576,62989.648,89765.695,0.197,2250.754,3479.374,0.01,0.0
153.057,2026-06-26T03:15:02.035568,62989.648,89765.695,0.244,2251.083,3479.374,3.705,0.0
153.107,2026-06-26T03:15:02.085916,62989.648,89765.695,0.217,2251.084,3479.374,0.01,0.0
153.197,2026-06-26T03:15:02.175777,62989.648,89765.695,0.282,2251.413,3479.374,3.669,0.0
153.247,2026-06-26T03:15:02.226131,62989.648,89765.695,0.244,2251.413,3479.374,0.01,0.0
153.337,2026-06-26T03:15:02.315658,62989.648,89765.695,0.25,2251.742,3479.374,3.686,0.0
153.387,2026-06-26T03:15:02.366016,62989.648,89765.695,0.221,2251.743,3479.374,0.01,0.0
153.476,2026-06-26T03:15:02.454974,62989.648,89765.695,0.26,2252.072,3479.374,3.707,0.0
153.526,2026-06-26T03:15:02.505329,62989.648,89765.695,0.182,2252.072,3479.374,0.01,0.0
153.615,2026-06-26T03:15:02.594254,62989.648,89765.695,0.259,2252.401,3479.374,3.707,0.0
153.666,2026-06-26T03:15:02.644612,62989.648,89765.695,0.228,2252.402,3479.374,0.01,0.0
153.755,2026-06-26T03:15:02.733967,62989.648,89765.695,0.238,2252.731,3479.374,3.691,0.0
153.805,2026-06-26T03:15:02.784322,62989.648,89765.695,0.213,2252.732,3479.374,0.01,0.0
153.895,2026-06-26T03:15:02.874248,62989.648,89765.695,0.254,2253.061,3479.374,3.666,0.0
153.946,2026-06-26T03:15:02.924599,62989.648,89765.695,0.224,2253.061,3479.374,0.01,0.0
154.035,2026-06-26T03:15:03.013534,62989.648,89765.695,0.368,2253.39,3479.374,3.707,0.0
154.085,2026-06-26T03:15:03.063894,62989.648,89765.695,0.49,2253.391,3479.374,0.01,0.0
154.174,2026-06-26T03:15:03.153103,62989.648,89765.695,0.658,2253.72,3479.374,3.697,0.0
154.225,2026-06-26T03:15:03.203460,62989.648,89765.695,0.74,2253.721,3479.374,0.01,0.0
154.314,2026-06-26T03:15:03.292388,62989.648,89765.695,0.861,2254.05,3479.374,3.708,0.0
154.364,2026-06-26T03:15:03.342760,62989.648,89765.695,0.834,2254.05,3479.374,0.01,0.0
154.801,2026-06-26T03:15:03.780282,61365.895,88141.816,0.814,2254.051,3479.378,0.002,0.008
154.812,2026-06-26T03:15:03.790873,61258.387,88034.309,1.239,2254.069,3479.378,1.682,0.0
154.813,2026-06-26T03:15:03.791379,61258.387,88034.309,0.868,2254.069,3479.378,1.98,0.0
154.813,2026-06-26T03:15:03.791770,61258.387,88034.309,0.607,2254.07,3479.378,1.831,0.0
154.874,2026-06-26T03:15:03.852491,61375.633,89773.977,0.888,2254.381,3479.378,5.126,0.0
154.963,2026-06-26T03:15:03.941371,61548.695,89773.977,0.964,2254.711,3479.378,3.703,0.0
155.013,2026-06-26T03:15:03.991738,61645.297,89773.977,0.907,2254.711,3479.378,0.01,0.0
155.102,2026-06-26T03:15:04.080966,61816.836,89773.977,0.951,2255.04,3479.378,3.696,0.0
155.152,2026-06-26T03:15:04.131328,61914.586,89773.977,0.898,2255.041,3479.378,0.01,0.0
155.243,2026-06-26T03:15:04.222101,62086.32,89773.977,0.99,2255.37,3479.378,3.639,0.0
155.294,2026-06-26T03:15:04.272458,62183.562,89773.977,0.925,2255.371,3479.378,0.01,0.0
155.384,2026-06-26T03:15:04.362729,62355.102,89773.977,0.986,2255.701,3479.378,3.662,0.0
155.434,2026-06-26T03:15:04.413085,62450.484,89773.977,0.922,2255.701,3479.378,0.01,0.0
155.524,2026-06-26T03:15:04.502421,62621.238,89773.977,0.987,2256.032,3479.378,3.702,0.0
155.574,2026-06-26T03:15:04.552776,62717.895,89773.977,0.923,2256.032,3479.378,0.01,0.0
155.663,2026-06-26T03:15:04.642070,62887.887,89773.977,0.988,2256.362,3479.378,3.702,0.0
155.714,2026-06-26T03:15:04.692431,62985.488,89773.977,0.924,2256.363,3479.378,0.01,0.0
156.77,2026-06-26T03:15:05.748974,62877.078,89653.125,0.882,3996.03,3479.378,1646.083,0.0
156.771,2026-06-26T03:15:05.750320,62877.078,89653.125,0.617,3996.031,3479.378,0.606,0.505
156.842,2026-06-26T03:15:05.820726,62995.168,89899.566,0.698,4074.306,3479.379,1110.68,0.004
156.892,2026-06-26T03:15:05.871119,63059.703,89999.566,0.72,4138.893,3479.379,1276.137,0.0
156.943,2026-06-26T03:15:05.921720,63122.184,90069.566,0.736,4201.425,3479.379,1234.917,0.0
156.994,2026-06-26T03:15:05.972411,63184.773,90149.566,0.746,4263.973,3479.379,1232.406,0.0
157.044,2026-06-26T03:15:06.023199,63247.328,90229.566,0.753,4326.404,3479.379,1229.773,0.0
157.095,2026-06-26T03:15:06.073955,63310.477,90345.566,0.803,4389.756,3479.379,1242.988,0.0
157.146,2026-06-26T03:15:06.124948,63373.328,90345.566,0.792,4452.382,3479.379,1228.193,0.0
157.197,2026-06-26T03:15:06.175954,63436.023,90457.566,0.784,4515.032,3479.379,1228.17,0.0
157.248,2026-06-26T03:15:06.226959,63498.574,90609.566,0.779,4577.665,3479.379,1227.979,0.0
157.299,2026-06-26T03:15:06.277955,63563.801,90609.566,0.811,4642.87,3479.379,1231.513,0.0
157.352,2026-06-26T03:15:06.330920,63626.836,90775.566,0.797,4705.824,3479.379,1233.555,0.0
157.403,2026-06-26T03:15:06.381940,63688.082,90803.566,0.788,4766.864,3479.379,1197.448,0.0
157.454,2026-06-26T03:15:06.432925,63751.727,90803.566,0.781,4830.662,3479.379,1250.824,0.0
157.505,2026-06-26T03:15:06.483925,63815.57,90995.566,0.777,4894.467,3479.379,1251.241,0.0
157.556,2026-06-26T03:15:06.534913,63879.34,90995.566,0.82,4958.187,3479.379,1249.877,0.0
157.607,2026-06-26T03:15:06.585890,63942.293,91027.566,0.803,5021.086,3479.379,1233.296,0.0
157.658,2026-06-26T03:15:06.636901,64005.672,91251.566,0.792,5084.392,3479.379,1241.267,0.0
157.709,2026-06-26T03:15:06.687887,64068.82,91251.566,0.738,5147.518,3479.379,1237.044,0.0
157.76,2026-06-26T03:15:06.738935,64131.605,91251.566,0.792,5210.261,3479.379,1229.761,0.0
157.811,2026-06-26T03:15:06.789942,64194.711,91547.566,0.785,5273.309,3479.379,1237.224,0.0
157.862,2026-06-26T03:15:06.840917,64257.773,91547.566,0.779,5336.341,3479.379,1235.138,0.0
157.913,2026-06-26T03:15:06.891943,64320.633,91547.566,0.775,5399.139,3479.379,1231.541,0.0
157.964,2026-06-26T03:15:06.942929,64384.016,91547.566,0.772,5462.46,3479.379,1241.661,0.0
158.015,2026-06-26T03:15:06.993940,64447.492,91867.566,0.77,5525.899,3479.379,1243.825,0.0
158.066,2026-06-26T03:15:07.044925,64510.84,91867.566,0.815,5589.204,3479.379,1241.308,0.0
158.117,2026-06-26T03:15:07.095942,64581.047,91867.566,0.8,5630.698,3479.379,813.464,0.0
158.168,2026-06-26T03:15:07.146944,64599.641,91867.566,0.836,5678.003,3479.379,927.196,0.0
158.219,2026-06-26T03:15:07.197958,64675.402,91867.566,0.769,5711.723,3479.379,661.51,0.0
158.27,2026-06-26T03:15:07.248943,64669.578,91915.566,0.814,5736.086,3486.133,477.335,132.335
158.321,2026-06-26T03:15:07.299966,64669.098,91915.566,0.754,5736.087,3516.543,0.019,596.7
158.372,2026-06-26T03:15:07.350927,64618.367,91915.566,0.803,5736.088,3554.388,0.019,742.079
158.423,2026-06-26T03:15:07.401940,64605.188,91915.566,0.792,5736.089,3574.677,0.019,397.923
158.474,2026-06-26T03:15:07.452921,64559.086,91915.566,0.785,5736.09,3612.544,0.019,742.698
158.525,2026-06-26T03:15:07.503920,64552.191,91915.566,0.779,5736.091,3632.811,0.019,397.295
158.576,2026-06-26T03:15:07.554917,64515.586,91915.566,0.775,5736.092,3670.678,0.019,742.507
158.627,2026-06-26T03:15:07.605929,64489.062,91915.566,0.818,5736.093,3690.945,0.019,397.497
158.678,2026-06-26T03:15:07.656914,64459.926,91915.566,0.802,5736.094,3728.812,0.019,742.288
158.729,2026-06-26T03:15:07.707919,64399.238,91915.566,0.791,5736.095,3768.01,0.019,768.659
158.78,2026-06-26T03:15:07.758931,64400.852,91915.566,0.876,5736.096,3786.946,0.019,371.042
158.831,2026-06-26T03:15:07.809958,64372.895,91915.566,0.843,5736.097,3807.214,0.019,397.522
158.882,2026-06-26T03:15:07.860942,64324.039,91915.566,0.82,5736.098,3845.08,0.019,742.368
158.933,2026-06-26T03:15:07.911929,64319.867,91915.566,0.85,5736.099,3865.348,0.019,397.6
158.984,2026-06-26T03:15:07.962913,64278.523,91915.566,0.779,5736.1,3903.214,0.019,742.847
159.035,2026-06-26T03:15:08.013904,64256.711,91915.566,0.775,5736.101,3923.482,0.019,397.239
159.086,2026-06-26T03:15:08.064921,64220.004,91915.566,0.818,5736.102,3961.348,0.019,742.278
159.137,2026-06-26T03:15:08.115926,64203.684,91915.566,0.757,5736.103,3981.616,0.019,397.57
159.188,2026-06-26T03:15:08.166914,64175.434,91915.566,0.805,5736.104,4019.482,0.019,742.09
159.239,2026-06-26T03:15:08.217928,64114.055,91915.566,0.794,5736.105,4058.68,0.019,769.163
159.29,2026-06-26T03:15:08.268909,64109.098,91915.566,0.785,5736.106,4077.616,0.019,371.013
159.341,2026-06-26T03:15:08.319940,64057.754,91915.566,0.78,5736.107,4116.815,0.019,768.76
159.392,2026-06-26T03:15:08.370925,64045.938,91915.566,0.776,5736.108,4135.751,0.019,371.349
159.443,2026-06-26T03:15:08.421928,64010.008,91915.566,0.773,5736.109,4174.949,0.019,768.487
159.494,2026-06-26T03:15:08.472919,63992.918,91915.566,0.771,5736.11,4193.885,0.019,371.332
159.545,2026-06-26T03:15:08.523930,63962.18,91915.566,0.815,5736.111,4233.083,0.019,768.476
159.596,2026-06-26T03:15:08.574930,63912.715,91915.566,0.846,5736.112,4267.206,0.019,668.953
159.647,2026-06-26T03:15:08.625933,63905.801,91915.566,0.822,5736.113,4291.217,0.019,471.087
159.698,2026-06-26T03:15:08.676918,63846.348,91915.566,0.759,5736.114,4325.354,0.019,668.833
159.749,2026-06-26T03:15:08.727935,63860.262,91915.566,0.761,5736.115,4349.351,0.019,470.505
159.8,2026-06-26T03:15:08.778957,63787.648,91915.566,0.808,5736.116,4388.555,0.019,768.406
159.851,2026-06-26T03:15:08.829972,63786.109,91915.566,0.796,5736.117,4407.485,0.019,371.26
159.902,2026-06-26T03:15:08.880947,63739.375,91915.566,0.787,5736.118,4446.689,0.019,769.142
159.953,2026-06-26T03:15:08.931941,63730.164,91915.566,0.781,5736.119,4465.619,0.019,371.041
160.004,2026-06-26T03:15:08.982943,63680.359,91915.566,0.776,5736.12,4504.823,0.019,768.664
160.055,2026-06-26T03:15:09.033956,63667.0,91915.566,0.819,5736.121,4523.753,0.019,371.241
160.106,2026-06-26T03:15:09.084945,63635.102,91915.566,0.757,5736.122,4562.957,0.019,768.305
160.157,2026-06-26T03:15:09.135964,63613.977,91915.566,0.806,5736.123,4581.887,0.019,371.494
160.208,2026-06-26T03:15:09.186928,63578.0,91915.566,0.794,5736.124,4621.091,0.019,768.208
160.259,2026-06-26T03:15:09.237965,63550.816,91915.566,0.785,5736.125,4640.021,0.019,371.234
160.31,2026-06-26T03:15:09.288955,63531.609,91915.566,0.733,5736.126,4679.225,0.019,768.459
160.361,2026-06-26T03:15:09.339978,63459.957,91915.566,0.789,5736.127,4717.092,0.019,742.382
160.412,2026-06-26T03:15:09.390968,63463.684,91915.566,0.828,5736.128,4737.359,0.019,397.618
160.463,2026-06-26T03:15:09.441956,63413.445,91915.566,0.809,5736.129,4775.226,0.019,742.215
160.514,2026-06-26T03:15:09.492970,63400.523,91915.566,0.842,5736.13,4795.493,0.019,397.328
160.565,2026-06-26T03:15:09.543971,63356.461,91915.566,0.819,5736.131,4833.36,0.019,742.805
160.616,2026-06-26T03:15:09.594963,63347.496,91915.566,0.849,5736.132,4853.627,0.019,397.176
160.667,2026-06-26T03:15:09.645980,63310.938,91915.566,0.824,5736.133,4891.494,0.019,742.882
160.718,2026-06-26T03:15:09.696966,63284.336,91915.566,0.807,5736.134,4911.761,0.019,396.715
160.769,2026-06-26T03:15:09.748050,63252.52,91915.566,0.748,5736.135,4949.628,0.019,742.566
160.82,2026-06-26T03:15:09.799035,63210.434,91915.566,0.754,5736.136,4988.81,0.019,768.481
160.871,2026-06-26T03:15:09.850033,63189.746,91915.566,0.803,5736.137,5007.762,0.019,371.506
160.922,2026-06-26T03:15:09.901025,63131.734,91915.566,0.792,5736.138,5046.96,0.019,769.069
160.973,2026-06-26T03:15:09.952018,63143.414,91915.566,0.784,5736.139,5065.887,0.019,371.115
161.024,2026-06-26T03:15:10.003014,63233.934,91915.566,0.779,5736.14,5065.887,0.019,0.0
161.075,2026-06-26T03:15:10.054022,63192.402,91915.566,0.775,5736.141,5065.887,0.019,0.0
161.126,2026-06-26T03:15:10.104997,63045.684,91915.566,0.772,5736.142,5146.905,0.019,1587.404
161.177,2026-06-26T03:15:10.156019,63138.484,91915.566,0.816,5736.143,5146.905,0.019,0.0
161.228,2026-06-26T03:15:10.207008,63102.406,91915.566,0.847,5736.144,5146.905,0.019,0.0
161.279,2026-06-26T03:15:10.258021,62956.637,91915.566,0.823,5736.145,5218.934,0.021,1412.541
161.33,2026-06-26T03:15:10.309004,62996.656,91915.566,0.806,5736.146,5218.945,0.019,0.224
161.381,2026-06-26T03:15:10.360005,62956.941,91915.566,0.794,5736.147,5218.945,0.022,0.002
161.432,2026-06-26T03:15:10.411017,62974.715,91915.566,0.785,5736.148,5218.945,0.019,0.0
161.483,2026-06-26T03:15:10.462030,62966.391,91922.316,0.78,5736.149,5218.945,0.019,0.0
161.534,2026-06-26T03:15:10.513011,62971.457,91922.316,0.775,5736.15,5218.945,0.019,0.0
161.585,2026-06-26T03:15:10.564026,62966.863,91915.566,0.773,5736.151,5218.945,0.019,0.0
161.636,2026-06-26T03:15:10.615000,62973.457,91915.566,0.771,5736.152,5218.945,0.019,0.0
161.757,2026-06-26T03:15:10.735754,62976.793,91915.566,0.929,5736.501,5218.945,2.904,0.0
161.807,2026-06-26T03:15:10.786190,62976.898,91915.566,0.882,5736.502,5218.945,0.02,0.0
161.858,2026-06-26T03:15:10.836796,62980.039,91915.566,0.849,5736.503,5218.945,0.02,0.0
161.909,2026-06-26T03:15:10.887489,62981.719,91915.566,0.871,5736.504,5218.945,0.02,0.0
161.959,2026-06-26T03:15:10.938238,62981.738,91915.566,0.841,5736.505,5218.945,0.02,0.0
162.01,2026-06-26T03:15:10.989005,62981.742,91915.566,0.819,5736.506,5218.945,0.02,0.0
162.061,2026-06-26T03:15:11.040017,62985.391,91915.566,0.803,5736.507,5218.945,0.019,0.0
162.112,2026-06-26T03:15:11.091018,62985.453,91915.586,0.792,5736.508,5218.945,0.019,0.0
162.163,2026-06-26T03:15:11.142018,62985.488,91915.586,0.83,5736.509,5218.945,0.019,0.0
162.214,2026-06-26T03:15:11.193003,62985.688,91915.586,0.811,5736.51,5218.945,0.019,0.0
162.265,2026-06-26T03:15:11.244022,62986.219,91915.586,0.797,5736.511,5218.945,0.019,0.0
162.316,2026-06-26T03:15:11.294999,62986.352,91915.586,0.788,5736.512,5218.945,0.019,0.0
162.367,2026-06-26T03:15:11.346014,62986.391,91915.586,0.781,5736.513,5218.945,0.019,0.0
162.418,2026-06-26T03:15:11.396988,62986.414,91915.586,0.777,5736.514,5218.945,0.019,0.0
162.469,2026-06-26T03:15:11.447982,62986.5,91915.586,0.774,5736.515,5218.945,0.019,0.0
162.52,2026-06-26T03:15:11.498989,62987.004,91915.586,0.771,5736.516,5218.945,0.019,0.0
162.571,2026-06-26T03:15:11.549985,62987.578,91915.586,0.77,5736.517,5218.945,0.019,0.0
162.622,2026-06-26T03:15:11.600973,62987.633,91915.586,0.769,5736.518,5218.945,0.019,0.0
162.673,2026-06-26T03:15:11.651976,62988.812,91915.586,0.768,5736.519,5218.945,0.019,0.0
162.724,2026-06-26T03:15:11.702952,63001.363,91915.586,0.767,5736.52,5218.945,0.019,0.0
162.775,2026-06-26T03:15:11.754018,63006.332,91915.586,0.859,5736.521,5218.945,0.019,0.0
162.826,2026-06-26T03:15:11.805008,63012.668,91915.586,0.785,5736.522,5218.945,0.019,0.0
162.877,2026-06-26T03:15:11.856009,63018.77,91915.586,0.779,5736.523,5218.945,0.019,0.0
162.928,2026-06-26T03:15:11.906993,63019.402,91915.586,0.821,5736.524,5218.945,0.019,0.0
162.979,2026-06-26T03:15:11.957965,63019.996,91915.586,0.805,5736.525,5218.945,0.019,0.0
163.03,2026-06-26T03:15:12.008970,63020.25,91915.586,0.839,5736.526,5218.945,0.019,0.0
163.081,2026-06-26T03:15:12.059973,63020.305,91915.586,0.771,5736.527,5218.945,0.019,0.0
163.132,2026-06-26T03:15:12.110961,63020.328,91915.586,0.815,5736.528,5218.945,0.019,0.0
163.183,2026-06-26T03:15:12.161964,63020.336,91915.586,0.847,5736.529,5218.945,0.019,0.0
163.234,2026-06-26T03:15:12.212951,63021.348,91915.586,0.822,5736.53,5218.945,0.019,0.0
163.285,2026-06-26T03:15:12.263968,63024.113,91915.586,0.805,5736.531,5218.945,0.019,0.0
163.336,2026-06-26T03:15:12.314960,63024.504,91915.586,0.794,5736.532,5218.945,0.019,0.0
163.387,2026-06-26T03:15:12.365961,63024.934,91915.586,0.831,5736.533,5218.945,0.019,0.0
163.438,2026-06-26T03:15:12.416954,63025.383,91915.586,0.812,5736.534,5218.945,0.019,0.0
163.489,2026-06-26T03:15:12.467937,63026.363,91915.586,0.798,5736.535,5218.945,0.019,0.0
163.54,2026-06-26T03:15:12.518926,63027.266,91915.586,0.788,5736.536,5218.945,0.019,0.0
163.591,2026-06-26T03:15:12.569927,63027.676,91915.586,0.782,5736.537,5218.945,0.019,0.0
163.642,2026-06-26T03:15:12.620903,63028.332,91915.586,0.777,5736.538,5218.945,0.019,0.0
163.693,2026-06-26T03:15:12.671927,63035.906,91915.586,0.774,5736.539,5218.945,0.019,0.0
163.744,2026-06-26T03:15:12.722914,63037.109,91915.586,0.771,5736.54,5218.945,0.019,0.0
163.795,2026-06-26T03:15:12.773933,63037.891,91915.586,0.77,5736.541,5218.945,0.019,0.0
163.846,2026-06-26T03:15:12.824911,63040.602,91915.586,0.769,5736.542,5218.945,0.019,0.0
163.897,2026-06-26T03:15:12.875908,63040.906,91915.586,0.768,5736.543,5218.976,0.02,0.603
163.948,2026-06-26T03:15:12.926920,63040.906,91915.586,0.538,5736.544,5218.976,0.019,0.0
163.999,2026-06-26T03:15:12.977925,63040.906,91915.586,0.422,5736.545,5218.976,0.019,0.0
164.05,2026-06-26T03:15:13.028914,63040.906,91915.586,0.296,5736.546,5218.976,0.019,0.0
164.101,2026-06-26T03:15:13.079921,63040.906,91915.586,0.207,5736.547,5218.976,0.02,0.0
164.152,2026-06-26T03:15:13.130889,63040.906,91915.586,0.191,5736.559,5219.06,0.235,1.649
164.203,2026-06-26T03:15:13.181917,63040.906,91915.586,0.363,5736.56,5219.06,0.02,0.0
164.254,2026-06-26T03:15:13.232899,63041.094,91915.586,0.484,5736.561,5219.06,0.02,0.0
164.305,2026-06-26T03:15:13.283903,63042.582,91915.586,0.569,5736.562,5219.06,0.02,0.0
164.356,2026-06-26T03:15:13.334886,63042.707,91915.586,0.628,5736.563,5219.06,0.02,0.0
164.407,2026-06-26T03:15:13.385883,63041.129,91915.586,0.669,5736.564,5219.06,0.02,0.0
164.458,2026-06-26T03:15:13.436887,63039.875,91915.586,0.698,5736.565,5219.06,0.02,0.0
164.509,2026-06-26T03:15:13.487894,63039.875,91915.586,0.765,5736.566,5219.06,0.02,0.0
164.56,2026-06-26T03:15:13.538876,63039.453,91915.586,0.765,5736.567,5219.06,0.02,0.0
164.611,2026-06-26T03:15:13.589879,63039.457,91915.586,0.765,5736.568,5219.06,0.02,0.0
164.662,2026-06-26T03:15:13.640858,63039.457,91915.586,0.765,5736.569,5219.06,0.02,0.0
164.713,2026-06-26T03:15:13.691887,63039.457,91915.586,0.766,5736.57,5219.06,0.02,0.0
164.764,2026-06-26T03:15:13.742868,63039.457,91915.586,0.757,5736.571,5219.06,0.019,0.0
164.817,2026-06-26T03:15:13.795856,63039.457,91915.586,0.806,5736.572,5219.06,0.02,0.0
164.868,2026-06-26T03:15:13.846868,63039.457,91915.586,0.794,5736.573,5219.06,0.02,0.0
164.919,2026-06-26T03:15:13.897876,63039.457,91915.586,0.785,5736.574,5219.06,0.02,0.0
164.97,2026-06-26T03:15:13.948858,63039.449,91915.586,0.825,5736.575,5219.06,0.02,0.0
165.021,2026-06-26T03:15:13.999858,63039.453,91915.586,0.762,5736.576,5219.06,0.02,0.0
165.072,2026-06-26T03:15:14.050840,63039.453,91915.586,0.763,5736.577,5219.06,0.02,0.0
165.123,2026-06-26T03:15:14.101862,63039.453,91915.586,0.81,5736.578,5219.06,0.02,0.0
165.174,2026-06-26T03:15:14.152854,63039.5,91915.586,0.843,5736.579,5219.06,0.02,0.0
165.225,2026-06-26T03:15:14.203811,63039.508,91915.586,0.821,5736.58,5219.06,0.02,0.0
165.276,2026-06-26T03:15:14.254469,63039.508,91915.586,0.805,5736.581,5219.06,0.02,0.0
165.327,2026-06-26T03:15:14.305448,63039.508,91915.586,0.793,5736.582,5219.06,0.02,0.0
165.378,2026-06-26T03:15:14.356452,63039.508,91915.586,0.785,5736.583,5219.06,0.02,0.0
165.429,2026-06-26T03:15:14.407446,63041.266,91915.586,0.78,5736.584,5219.06,0.02,0.0
165.48,2026-06-26T03:15:14.458431,63041.266,91915.586,0.775,5736.585,5219.06,0.02,0.0
165.531,2026-06-26T03:15:14.509437,63041.266,91915.586,0.773,5736.586,5219.06,0.02,0.0
165.582,2026-06-26T03:15:14.560416,63041.266,91915.586,0.816,5736.587,5219.06,0.02,0.0
165.633,2026-06-26T03:15:14.611439,63044.277,91915.586,0.847,5736.588,5219.06,0.02,0.0
165.684,2026-06-26T03:15:14.662401,63044.277,91915.586,0.823,5736.589,5219.06,0.02,0.0
165.735,2026-06-26T03:15:14.713418,63044.277,91915.586,0.806,5736.59,5219.06,0.02,0.0
165.786,2026-06-26T03:15:14.764416,63043.711,91915.586,0.794,5736.591,5219.06,0.02,0.0
165.837,2026-06-26T03:15:14.815415,63046.996,91915.586,0.785,5736.592,5219.06,0.02,0.0
165.888,2026-06-26T03:15:14.866403,63046.996,91915.586,0.78,5736.593,5219.06,0.02,0.0
165.939,2026-06-26T03:15:14.917402,63046.996,91915.586,0.776,5736.594,5219.06,0.02,0.0
165.99,2026-06-26T03:15:14.968380,63046.992,91915.586,0.819,5736.595,5219.06,0.02,0.0
166.041,2026-06-26T03:15:15.019388,63046.996,91915.586,0.803,5736.596,5219.06,0.02,0.0
166.092,2026-06-26T03:15:15.070372,63046.996,91915.586,0.792,5736.597,5219.06,0.02,0.0
166.143,2026-06-26T03:15:15.121378,63046.996,91915.586,0.784,5736.598,5219.06,0.02,0.0
166.193,2026-06-26T03:15:15.172352,63046.996,91915.586,0.779,5736.599,5219.06,0.02,0.0
166.244,2026-06-26T03:15:15.223302,63046.996,91915.586,0.775,5736.6,5219.06,0.02,0.0
166.295,2026-06-26T03:15:15.274273,63046.996,91915.586,0.772,5736.601,5219.06,0.02,0.0
166.346,2026-06-26T03:15:15.325231,63046.996,91915.586,0.771,5736.602,5219.06,0.02,0.0
166.397,2026-06-26T03:15:15.376233,63047.0,91915.586,0.769,5736.603,5219.06,0.02,0.0
166.448,2026-06-26T03:15:15.427199,63047.0,91915.586,0.814,5736.604,5219.06,0.02,0.0
166.499,2026-06-26T03:15:15.478185,63047.0,91915.586,0.846,5736.605,5219.06,0.02,0.0
166.55,2026-06-26T03:15:15.529182,63047.008,91915.586,0.822,5736.606,5219.06,0.02,0.0
166.601,2026-06-26T03:15:15.580135,63045.965,91915.586,0.805,5736.607,5219.06,0.02,0.0
166.652,2026-06-26T03:15:15.631133,63045.965,91915.586,0.794,5736.608,5219.06,0.02,0.0
166.774,2026-06-26T03:15:15.752360,63044.844,91915.586,0.924,5736.957,5219.06,2.892,0.0
166.824,2026-06-26T03:15:15.802806,63044.848,91915.586,0.878,5736.958,5219.06,0.02,0.0
166.875,2026-06-26T03:15:15.853431,63044.148,91915.586,0.846,5736.959,5219.06,0.02,0.0
166.925,2026-06-26T03:15:15.904004,63043.613,91915.586,0.824,5736.96,5219.06,0.02,0.0
166.976,2026-06-26T03:15:15.954791,63043.617,91915.586,0.854,5736.961,5219.06,0.02,0.0
167.027,2026-06-26T03:15:16.005658,63043.617,91915.586,0.827,5736.962,5219.06,0.02,0.0
167.078,2026-06-26T03:15:16.056666,63043.617,91915.586,0.809,5736.963,5219.06,0.02,0.0
167.129,2026-06-26T03:15:16.107660,63043.617,91915.586,0.796,5736.964,5219.06,0.02,0.0
167.18,2026-06-26T03:15:16.158671,63043.617,91915.586,0.833,5736.965,5219.06,0.02,0.0
167.231,2026-06-26T03:15:16.209664,63043.617,91915.586,0.813,5736.966,5219.06,0.02,0.0
167.282,2026-06-26T03:15:16.260666,63043.609,91915.586,0.799,5736.967,5219.06,0.02,0.0
167.333,2026-06-26T03:15:16.311638,63043.609,91915.586,0.789,5736.968,5219.06,0.02,0.0
167.384,2026-06-26T03:15:16.362661,63043.609,91915.586,0.782,5736.969,5219.06,0.02,0.0
167.435,2026-06-26T03:15:16.413647,63043.609,91915.586,0.777,5736.97,5219.06,0.02,0.0
167.486,2026-06-26T03:15:16.464657,63043.594,91915.586,0.774,5736.971,5219.06,0.02,0.0
167.537,2026-06-26T03:15:16.515630,63043.594,91915.586,0.772,5736.972,5219.06,0.02,0.0
167.588,2026-06-26T03:15:16.566627,63043.609,91915.586,0.77,5736.973,5219.06,0.02,0.0
167.639,2026-06-26T03:15:16.617635,63043.609,91915.586,0.769,5736.974,5219.06,0.02,0.0
167.69,2026-06-26T03:15:16.668644,63043.609,91915.586,0.768,5736.975,5219.06,0.02,0.0
167.741,2026-06-26T03:15:16.719634,63043.609,91915.586,0.813,5736.976,5219.06,0.02,0.0
167.792,2026-06-26T03:15:16.770646,63043.609,91915.586,0.845,5736.977,5219.06,0.02,0.0
167.843,2026-06-26T03:15:16.821631,63043.609,91915.586,0.821,5736.978,5219.06,0.02,0.0
167.894,2026-06-26T03:15:16.872676,63043.609,91915.586,0.805,5736.979,5219.06,0.02,0.0
167.945,2026-06-26T03:15:16.923655,63043.609,91915.586,0.839,5736.98,5219.06,0.02,0.0
167.996,2026-06-26T03:15:16.974657,63043.609,91915.586,0.817,5736.981,5219.06,0.02,0.0
168.047,2026-06-26T03:15:17.025645,63043.609,91915.586,0.802,5736.982,5219.06,0.02,0.0
168.098,2026-06-26T03:15:17.076652,63043.602,91915.586,0.791,5736.983,5219.06,0.02,0.0
168.149,2026-06-26T03:15:17.127655,63043.258,91915.586,0.783,5736.984,5219.06,0.02,0.0
168.2,2026-06-26T03:15:17.178661,63042.594,91915.586,0.778,5736.985,5219.06,0.02,0.0
168.251,2026-06-26T03:15:17.229637,63042.594,91915.586,0.774,5736.986,5219.06,0.02,0.0
168.302,2026-06-26T03:15:17.280646,63042.594,91915.586,0.772,5736.987,5219.06,0.02,0.0
168.353,2026-06-26T03:15:17.331624,63042.594,91915.586,0.77,5736.988,5219.06,0.02,0.0
168.404,2026-06-26T03:15:17.382645,63042.594,91915.586,0.769,5736.989,5219.06,0.02,0.0
168.455,2026-06-26T03:15:17.433627,63042.594,91915.586,0.814,5736.99,5219.06,0.02,0.0
168.506,2026-06-26T03:15:17.484632,63042.594,91915.586,0.8,5736.991,5219.06,0.02,0.0
168.557,2026-06-26T03:15:17.535621,63042.586,91915.586,0.79,5736.992,5219.06,0.02,0.0
168.608,2026-06-26T03:15:17.586608,63042.574,91915.586,0.783,5736.993,5219.06,0.02,0.0
168.659,2026-06-26T03:15:17.637592,63042.594,91915.586,0.778,5736.994,5219.06,0.02,0.0
168.71,2026-06-26T03:15:17.688600,63042.594,91915.586,0.82,5736.995,5219.06,0.02,0.0
168.761,2026-06-26T03:15:17.739582,63042.594,91915.586,0.804,5736.996,5219.06,0.02,0.0
168.812,2026-06-26T03:15:17.790609,63042.594,91915.586,0.793,5736.997,5219.06,0.02,0.0
168.863,2026-06-26T03:15:17.841590,63042.594,91915.586,0.784,5736.998,5219.06,0.02,0.0
168.914,2026-06-26T03:15:17.892585,63042.594,91915.586,0.779,5736.999,5219.06,0.02,0.0
168.965,2026-06-26T03:15:17.943564,63044.602,91915.586,0.821,5737.0,5219.06,0.02,0.0
169.016,2026-06-26T03:15:17.994559,63044.602,91915.586,0.85,5737.001,5219.06,0.02,0.0
169.067,2026-06-26T03:15:18.045565,63044.602,91915.586,0.825,5737.002,5219.06,0.02,0.0
169.118,2026-06-26T03:15:18.096563,63048.105,91915.586,0.808,5737.003,5219.06,0.02,0.0
169.169,2026-06-26T03:15:18.147547,63048.105,91915.586,0.795,5737.004,5219.06,0.02,0.0
169.22,2026-06-26T03:15:18.198569,63048.105,91915.586,0.786,5737.005,5219.06,0.02,0.0
169.271,2026-06-26T03:15:18.249543,63048.105,91915.586,0.78,5737.006,5219.06,0.02,0.0
169.322,2026-06-26T03:15:18.300575,63048.105,91915.586,0.776,5737.007,5219.06,0.02,0.0
169.373,2026-06-26T03:15:18.351559,63048.105,91915.586,0.773,5737.008,5219.06,0.02,0.0
169.424,2026-06-26T03:15:18.402557,63048.105,91915.586,0.771,5737.009,5219.06,0.02,0.0
169.475,2026-06-26T03:15:18.453542,63048.105,91915.586,0.815,5737.01,5219.06,0.02,0.0
169.526,2026-06-26T03:15:18.504547,63048.105,91915.586,0.846,5737.011,5219.06,0.02,0.0
169.577,2026-06-26T03:15:18.555542,63048.105,91915.586,0.868,5737.012,5219.06,0.02,0.0
169.628,2026-06-26T03:15:18.606541,63048.105,91915.586,0.838,5737.013,5219.06,0.02,0.0
169.679,2026-06-26T03:15:18.657517,63048.105,91915.586,0.816,5737.014,5219.06,0.02,0.0
169.73,2026-06-26T03:15:18.708536,63053.371,91915.586,0.801,5737.015,5219.06,0.02,0.0
169.781,2026-06-26T03:15:18.759507,63055.332,91915.586,0.791,5737.016,5219.06,0.02,0.0
169.832,2026-06-26T03:15:18.810539,63054.281,91915.586,0.783,5737.017,5219.06,0.02,0.0
169.883,2026-06-26T03:15:18.861526,63054.281,91915.586,0.778,5737.018,5219.06,0.02,0.0
169.934,2026-06-26T03:15:18.912520,63054.281,91915.586,0.774,5737.019,5219.06,0.02,0.0
169.985,2026-06-26T03:15:18.963519,63054.281,91915.586,0.772,5737.02,5219.06,0.02,0.0
170.036,2026-06-26T03:15:19.014529,63061.441,91915.586,0.77,5737.021,5219.06,0.02,0.0
170.087,2026-06-26T03:15:19.065513,63064.746,91915.586,0.769,5737.022,5219.06,0.02,0.0
170.138,2026-06-26T03:15:19.116514,63063.062,91915.586,0.768,5737.023,5219.06,0.02,0.0
170.189,2026-06-26T03:15:19.167485,63050.648,91915.586,0.767,5737.024,5219.06,0.02,0.0
170.24,2026-06-26T03:15:19.218527,63048.809,91915.586,0.813,5737.025,5219.06,0.02,0.0
170.291,2026-06-26T03:15:19.269517,63048.41,91915.586,0.799,5737.026,5219.06,0.02,0.0
170.342,2026-06-26T03:15:19.320536,63048.07,91915.586,0.789,5737.027,5219.06,0.02,0.0
170.393,2026-06-26T03:15:19.371526,63043.59,91915.586,0.782,5737.028,5219.06,0.02,0.0
170.444,2026-06-26T03:15:19.422522,63043.59,91915.586,0.823,5737.029,5219.06,0.02,0.0
170.495,2026-06-26T03:15:19.473528,63043.582,91915.586,0.806,5737.03,5219.06,0.02,0.0
170.546,2026-06-26T03:15:19.524528,63043.586,91915.586,0.794,5737.031,5219.06,0.02,0.0
170.597,2026-06-26T03:15:19.575503,63043.59,91915.586,0.785,5737.032,5219.06,0.02,0.0
170.648,2026-06-26T03:15:19.626513,63043.57,91915.586,0.78,5737.033,5219.06,0.02,0.0
170.699,2026-06-26T03:15:19.677490,63043.57,91915.586,0.776,5737.034,5219.06,0.02,0.0
170.75,2026-06-26T03:15:19.728535,63043.57,91915.586,0.773,5737.035,5219.06,0.02,0.0
170.801,2026-06-26T03:15:19.779507,63043.57,91915.586,0.771,5737.036,5219.06,0.02,0.0
170.852,2026-06-26T03:15:19.830516,63043.078,91915.586,0.769,5737.037,5219.06,0.02,0.0
170.903,2026-06-26T03:15:19.881496,63043.098,91915.586,0.768,5737.038,5219.06,0.02,0.0
170.954,2026-06-26T03:15:19.932478,63043.098,91915.586,0.768,5737.039,5219.06,0.02,0.0
171.005,2026-06-26T03:15:19.983471,63041.832,91915.586,0.813,5737.04,5219.06,0.02,0.0
171.056,2026-06-26T03:15:20.034473,63041.832,91915.586,0.845,5737.041,5219.06,0.02,0.0
171.107,2026-06-26T03:15:20.085453,63041.832,91915.586,0.821,5737.042,5219.06,0.02,0.0
171.158,2026-06-26T03:15:20.136469,63041.832,91915.586,0.805,5737.043,5219.06,0.02,0.0
171.209,2026-06-26T03:15:20.187452,63041.832,91915.586,0.793,5737.044,5219.06,0.02,0.0
171.26,2026-06-26T03:15:20.238462,63040.801,91915.586,0.785,5737.045,5219.06,0.02,0.0
171.311,2026-06-26T03:15:20.289449,63040.801,91915.586,0.779,5737.046,5219.06,0.02,0.0
171.362,2026-06-26T03:15:20.340444,63039.168,91915.586,0.821,5737.047,5219.06,0.02,0.0
171.413,2026-06-26T03:15:20.391441,63039.168,91915.586,0.805,5737.048,5219.06,0.02,0.0
171.464,2026-06-26T03:15:20.442448,63039.168,91915.586,0.793,5737.049,5219.06,0.02,0.0
171.515,2026-06-26T03:15:20.493437,63039.168,91915.586,0.831,5737.05,5220.17,0.021,21.764
171.566,2026-06-26T03:15:20.544438,63039.168,91915.586,0.812,5737.051,5220.17,0.026,0.0
171.616,2026-06-26T03:15:20.595327,63039.168,91915.586,0.798,5737.053,5220.17,0.027,0.0
171.667,2026-06-26T03:15:20.646258,63039.168,91915.586,0.697,5737.109,5220.187,1.102,0.342
171.796,2026-06-26T03:15:20.774754,63716.773,93272.07,3.481,5738.099,5220.187,7.66,0.0
171.848,2026-06-26T03:15:20.826770,63422.688,92674.988,3.697,5738.16,5220.226,1.175,0.75
171.9,2026-06-26T03:15:20.878681,63357.492,92533.578,3.678,5738.155,5220.226,-0.102,0.0
171.951,2026-06-26T03:15:20.930285,63359.258,92534.094,3.527,5738.161,5220.226,0.109,0.0
172.003,2026-06-26T03:15:20.982228,63276.09,92376.09,3.185,5738.177,5220.243,0.307,0.324
172.056,2026-06-26T03:15:21.034634,63034.953,91915.586,2.319,5738.321,5220.341,2.796,1.889
172.107,2026-06-26T03:15:21.085906,63034.953,91915.586,1.67,5738.322,5220.412,0.02,1.397
172.158,2026-06-26T03:15:21.136456,63034.953,91915.586,1.215,5738.976,5222.973,12.937,50.668
172.208,2026-06-26T03:15:21.187000,63097.5,98965.516,1.082,5738.977,5230.053,0.02,139.877
172.259,2026-06-26T03:15:21.237674,63319.016,102092.016,1.817,5738.978,5247.618,0.02,344.871
172.31,2026-06-26T03:15:21.288672,63303.16,102024.953,1.685,5738.979,5272.931,0.02,496.218
172.361,2026-06-26T03:15:21.339690,63283.879,102024.953,1.455,5738.98,5272.931,0.02,0.0
172.412,2026-06-26T03:15:21.390712,63259.582,102024.945,1.249,5738.981,5313.431,0.02,794.431
172.463,2026-06-26T03:15:21.441662,63400.465,102209.82,1.932,5738.982,5338.746,0.02,496.911
172.514,2026-06-26T03:15:21.492639,63439.379,102194.633,2.226,5738.983,5348.871,0.02,198.543
172.565,2026-06-26T03:15:21.543634,63418.879,102126.359,2.432,5738.984,5373.55,0.02,484.304
172.616,2026-06-26T03:15:21.594590,63391.324,102126.359,2.943,5738.985,5388.738,0.02,297.656
172.667,2026-06-26T03:15:21.645594,63381.277,102156.734,3.07,5738.986,5451.281,0.02,1225.121
172.718,2026-06-26T03:15:21.696675,63394.902,102156.734,3.762,5738.987,5500.605,0.02,970.032
172.769,2026-06-26T03:15:21.747454,63380.16,102137.82,4.202,5738.988,5540.472,0.02,785.029
172.819,2026-06-26T03:15:21.798247,63377.953,102137.82,4.326,5738.989,5589.796,0.02,971.686
172.87,2026-06-26T03:15:21.849022,63390.434,102141.547,4.457,5738.99,5641.019,0.02,1007.533
172.921,2026-06-26T03:15:21.899848,63394.117,102145.273,4.551,5738.991,5688.48,0.02,934.629
172.972,2026-06-26T03:15:21.950635,63386.953,102164.188,4.653,5738.992,5733.972,0.02,889.096
173.023,2026-06-26T03:15:22.001878,63380.633,102145.273,4.775,5738.993,5781.363,0.02,930.744
173.074,2026-06-26T03:15:22.052725,63385.863,102145.273,4.815,5738.994,5828.753,0.02,930.592
173.125,2026-06-26T03:15:22.103648,63390.996,102164.188,4.707,5738.995,5876.109,0.02,931.0
173.176,2026-06-26T03:15:22.154510,63389.289,102145.273,4.864,5738.996,5923.5,0.02,933.231
173.226,2026-06-26T03:15:22.205326,63396.605,102145.273,4.788,5738.997,5970.855,0.02,931.957
173.277,2026-06-26T03:15:22.256103,63395.191,102164.188,4.736,5738.998,6018.211,0.02,931.821
173.328,2026-06-26T03:15:22.306913,63304.219,102107.445,4.284,5738.999,6065.566,0.02,932.766
173.379,2026-06-26T03:15:22.357659,63206.746,101395.711,3.23,5739.0,6093.937,0.02,558.7
173.43,2026-06-26T03:15:22.408468,63034.09,101013.805,2.491,5739.001,6099.273,0.02,104.912
173.481,2026-06-26T03:15:22.459403,63034.238,101013.805,2.02,5739.403,6107.773,7.892,166.877
173.532,2026-06-26T03:15:22.510359,63034.238,101013.805,1.644,5739.404,6107.773,0.02,0.0
173.582,2026-06-26T03:15:22.561276,63034.238,101013.805,1.381,5739.405,6107.773,0.02,0.0
173.633,2026-06-26T03:15:22.612235,63034.238,101013.805,1.196,5739.407,6107.773,0.02,0.0
173.684,2026-06-26T03:15:22.663255,63034.238,101013.805,1.113,5739.408,6107.773,0.02,0.0
173.735,2026-06-26T03:15:22.714264,63034.238,101013.805,1.009,5739.409,6107.773,0.02,0.0
173.786,2026-06-26T03:15:22.765224,63034.238,101013.805,0.936,5739.41,6107.773,0.02,0.0
173.814,2026-06-26T03:15:22.793004,62877.082,89653.125,0.655,5739.41,6107.773,0.031,0.008
173.959,2026-06-26T03:15:22.937520,61253.367,88029.246,0.686,5739.412,6107.781,0.009,0.056
173.959,2026-06-26T03:15:22.937917,61253.367,88029.246,0.48,5739.412,6107.781,2.81,0.0
173.959,2026-06-26T03:15:22.938077,61253.367,88029.246,15.572,5739.413,6107.781,3.318,0.0
173.959,2026-06-26T03:15:22.938252,61253.367,88029.246,10.9,5739.413,6107.781,3.179,0.0
173.96,2026-06-26T03:15:22.938386,61253.367,88029.246,7.63,5739.414,6107.781,4.0,0.0
173.96,2026-06-26T03:15:22.938509,61253.367,88029.246,5.341,5739.414,6107.781,4.462,0.0
173.96,2026-06-26T03:15:22.938636,61253.367,88029.246,3.739,5739.415,6107.781,4.143,0.0
173.96,2026-06-26T03:15:22.938743,61253.367,88029.246,2.617,5739.415,6107.781,5.046,0.0
173.96,2026-06-26T03:15:22.938844,61253.367,88029.246,1.832,5739.416,6107.781,5.251,0.0
173.96,2026-06-26T03:15:22.938989,61253.367,88029.246,1.282,5739.416,6107.781,3.443,0.0
173.96,2026-06-26T03:15:22.939104,61253.367,88029.246,0.898,5739.417,6107.781,4.481,0.0
173.966,2026-06-26T03:15:22.944994,61360.875,88136.754,14.732,5739.433,6107.781,2.67,0.0
173.966,2026-06-26T03:15:22.945354,61360.875,88136.754,10.312,5739.434,6107.781,3.246,0.0
173.967,2026-06-26T03:15:22.945627,61360.875,88136.754,7.219,5739.435,6107.781,3.471,0.0
173.967,2026-06-26T03:15:22.945847,61360.875,88136.754,5.053,5739.435,6107.781,3.014,0.0
173.967,2026-06-26T03:15:22.946071,61360.875,88136.754,33.537,5739.437,6107.781,3.945,0.0
173.968,2026-06-26T03:15:22.946395,61360.875,88136.754,23.476,5739.437,6107.781,2.872,0.0
173.977,2026-06-26T03:15:22.955479,61360.875,88136.754,23.646,5739.439,6107.781,0.177,0.0
174.077,2026-06-26T03:15:23.056038,61361.125,88136.754,23.191,5739.765,6107.781,3.24,0.003
174.263,2026-06-26T03:15:23.241666,61367.129,88137.754,25.21,5740.098,6107.781,1.788,0.0
174.414,2026-06-26T03:15:23.392902,61367.191,88137.754,31.117,5740.427,6107.782,2.184,0.002
174.518,2026-06-26T03:15:23.497191,63050.176,93257.758,33.713,5740.756,6107.782,3.155,0.0
174.621,2026-06-26T03:15:23.600074,65601.801,93257.758,37.291,5741.085,6107.782,3.199,0.0
174.715,2026-06-26T03:15:23.694131,66697.004,98377.762,32.781,5741.415,6107.782,3.5,0.0
174.766,2026-06-26T03:15:23.744625,67737.379,98377.762,35.258,5741.415,6107.782,0.01,0.0
174.868,2026-06-26T03:15:23.846395,70324.691,98377.762,38.914,5741.744,6107.782,3.244,0.0
174.958,2026-06-26T03:15:23.936747,71601.801,98377.762,34.869,5742.073,6107.782,3.646,0.0
175.008,2026-06-26T03:15:23.987078,72542.156,103497.766,35.258,5742.074,6107.782,0.01,0.0
175.109,2026-06-26T03:15:24.088170,75174.898,103497.766,39.101,5742.403,6107.782,3.264,0.0
175.204,2026-06-26T03:15:24.182627,76711.535,103497.766,35.911,5742.732,6107.782,3.489,0.0
175.254,2026-06-26T03:15:24.233072,76727.395,103497.766,34.364,5742.733,6107.782,0.01,0.0
175.371,2026-06-26T03:15:24.349796,76727.395,103497.766,35.449,5743.063,6107.782,2.84,0.0
175.603,2026-06-26T03:15:24.582155,76771.215,103541.711,36.98,5743.393,6107.782,1.421,0.0
175.705,2026-06-26T03:15:24.683996,78909.906,108661.715,39.947,5743.723,6107.782,3.241,0.0
175.805,2026-06-26T03:15:24.784053,81726.316,108661.715,42.793,5744.053,6107.782,3.301,0.0
175.907,2026-06-26T03:15:24.885676,84023.758,113781.719,42.639,5744.383,6107.782,3.247,0.0
176.007,2026-06-26T03:15:24.985528,86830.137,113781.719,44.731,5744.713,6107.782,3.307,0.0
176.057,2026-06-26T03:15:25.035918,87709.699,118901.723,41.374,5744.714,6107.782,0.01,0.0
176.158,2026-06-26T03:15:25.136738,90513.406,118901.723,43.814,5745.044,6107.782,3.281,0.0
176.264,2026-06-26T03:15:25.242535,92140.805,118911.723,44.047,5745.374,6107.782,3.118,0.0
176.353,2026-06-26T03:15:25.332216,92146.828,118916.723,37.424,5745.703,6107.782,3.677,0.0
176.404,2026-06-26T03:15:25.382567,92146.828,118916.723,26.475,5745.704,6107.782,0.01,0.0
176.493,2026-06-26T03:15:25.471419,92146.828,118916.723,18.85,5746.033,6107.782,3.711,0.0
176.543,2026-06-26T03:15:25.521765,92146.828,118916.723,13.427,5746.034,6107.782,0.01,0.0
176.632,2026-06-26T03:15:25.610610,92146.828,118916.723,9.742,5746.363,6107.782,3.711,0.0
176.682,2026-06-26T03:15:25.660958,92146.828,118916.723,7.098,5746.363,6107.782,0.01,0.0
176.771,2026-06-26T03:15:25.749805,92146.828,118916.723,5.286,5746.692,6107.782,3.711,0.0
176.821,2026-06-26T03:15:25.800187,92146.828,118916.723,3.932,5746.693,6107.782,0.01,0.0
176.91,2026-06-26T03:15:25.889126,92146.828,118916.723,3.095,5747.022,6107.782,3.708,0.0
176.961,2026-06-26T03:15:25.939484,92146.828,118916.723,2.399,5747.023,6107.782,0.01,0.0
177.05,2026-06-26T03:15:26.028434,92146.828,118916.723,2.022,5747.352,6107.782,3.707,0.0
177.1,2026-06-26T03:15:26.078771,92146.828,118916.723,1.648,5747.352,6107.782,0.01,0.0
177.189,2026-06-26T03:15:26.167579,92146.828,118916.723,1.497,5747.682,6107.782,3.712,0.0
177.239,2026-06-26T03:15:26.217941,92146.828,118916.723,1.234,5747.682,6107.782,0.01,0.0
177.328,2026-06-26T03:15:26.307013,92146.828,118916.723,1.206,5748.011,6107.782,3.703,0.0
177.379,2026-06-26T03:15:26.357369,92146.828,118916.723,1.123,5748.012,6107.782,0.01,0.0
177.467,2026-06-26T03:15:26.446224,92146.828,118916.723,1.103,5748.341,6107.782,3.711,0.0
177.518,2026-06-26T03:15:26.496577,92146.828,118916.723,1.004,5748.342,6107.782,0.01,0.0
177.607,2026-06-26T03:15:26.585481,92146.828,118916.723,1.046,5748.671,6107.782,3.709,0.0
282.802,2026-06-26T03:17:11.780861,91680.379,118945.723,1.55,5748.999,64034.01,0.003,550.653
282.907,2026-06-26T03:17:11.886017,90547.418,118945.723,1.419,5749.328,64034.01,3.131,0.0
282.996,2026-06-26T03:17:11.974529,89538.379,118945.723,1.338,5749.657,64034.01,3.717,0.0
283.046,2026-06-26T03:17:12.024872,88968.379,118945.723,1.169,5749.657,64034.01,0.01,0.0
283.141,2026-06-26T03:17:12.119649,87902.379,118945.723,1.165,5749.986,64034.01,3.476,0.0
283.191,2026-06-26T03:17:12.169996,87327.379,118945.723,1.048,5749.987,64034.01,0.01,0.0
283.28,2026-06-26T03:17:12.259098,86374.484,113825.719,1.076,5750.316,64034.01,3.699,0.0
283.331,2026-06-26T03:17:12.309439,85806.242,113825.719,0.985,5750.316,64034.01,0.01,0.0
283.42,2026-06-26T03:17:12.398493,84872.383,113825.719,1.032,5750.645,64034.01,3.701,0.0
283.47,2026-06-26T03:17:12.448845,84328.812,113825.719,0.955,5750.646,64034.01,0.01,0.0
283.559,2026-06-26T03:17:12.537829,83419.625,113825.719,1.011,5750.975,64034.01,3.703,0.0
283.609,2026-06-26T03:17:12.588176,82889.266,113825.719,0.94,5750.975,64034.01,0.01,0.0
283.698,2026-06-26T03:17:12.677296,81942.195,113825.719,1.0,5751.304,64034.01,3.698,0.0
283.749,2026-06-26T03:17:12.727637,81406.012,108705.715,0.933,5751.305,64034.01,0.01,0.0
283.838,2026-06-26T03:17:12.816699,80454.375,108705.715,0.969,5751.634,64034.01,3.7,0.0
283.888,2026-06-26T03:17:12.867031,79890.699,108705.715,0.911,5751.634,64034.01,0.01,0.0
283.977,2026-06-26T03:17:12.956040,78922.375,108705.715,0.98,5751.963,64034.01,3.702,0.0
284.028,2026-06-26T03:17:13.006388,78375.387,108705.715,0.918,5751.964,64034.01,0.01,0.0
284.117,2026-06-26T03:17:13.095468,77390.434,108705.715,0.985,5752.293,64034.01,3.7,0.0
284.167,2026-06-26T03:17:13.145794,76824.375,108705.715,0.922,5752.293,64034.01,0.01,0.0
284.256,2026-06-26T03:17:13.234849,76012.504,103523.711,0.988,5752.622,64034.01,3.701,0.0
284.306,2026-06-26T03:17:13.285190,75466.477,103523.711,0.924,5752.623,64034.01,0.01,0.0
284.395,2026-06-26T03:17:13.373991,74562.504,103523.711,0.964,5752.952,64034.01,3.71,0.0
284.445,2026-06-26T03:17:13.424343,74042.504,103523.711,0.953,5752.952,64034.01,0.01,0.0
284.534,2026-06-26T03:17:13.513276,73117.742,103523.711,1.01,5753.281,64034.01,3.707,0.0
284.585,2026-06-26T03:17:13.563601,72592.504,103523.711,0.94,5753.282,64034.01,0.01,0.0
284.674,2026-06-26T03:17:13.652527,71678.195,103523.711,0.974,5753.611,64034.01,3.706,0.0
284.724,2026-06-26T03:17:13.702862,71200.508,98403.707,0.915,5753.611,64034.01,0.01,0.0
284.813,2026-06-26T03:17:13.791729,70296.508,98403.707,0.983,5753.94,64034.01,3.708,0.0
284.863,2026-06-26T03:17:13.842066,69778.23,98403.707,0.967,5753.941,64034.01,0.01,0.0
284.962,2026-06-26T03:17:13.940472,68793.277,98403.707,1.011,5754.27,64034.01,3.349,0.0
285.012,2026-06-26T03:17:13.990803,68246.508,98403.707,0.94,5754.27,64034.01,0.01,0.0
285.101,2026-06-26T03:17:14.079762,67353.73,98403.707,1.001,5754.599,64034.01,3.704,0.0
285.151,2026-06-26T03:17:14.130096,66823.371,98403.707,0.933,5754.6,64034.01,0.01,0.0
285.241,2026-06-26T03:17:14.220097,65952.5,93283.703,0.992,5754.929,64034.01,3.661,0.0
285.292,2026-06-26T03:17:14.270452,65436.5,93283.703,0.927,5754.93,64034.01,0.01,0.0
285.381,2026-06-26T03:17:14.359493,64506.695,93283.703,0.991,5755.259,64034.01,3.713,0.0
285.431,2026-06-26T03:17:14.409839,63976.336,93283.703,0.926,5755.26,64034.01,0.01,0.0
285.52,2026-06-26T03:17:14.498786,63066.5,93283.703,0.991,5755.59,64034.01,3.716,0.0
285.57,2026-06-26T03:17:14.549126,62536.789,93283.703,0.926,5755.59,64034.01,0.01,0.0
285.659,2026-06-26T03:17:14.638181,61589.719,93283.703,0.991,5755.92,64034.01,3.711,0.0
285.683,2026-06-26T03:17:14.661590,61394.48,88163.699,0.882,5755.921,64034.01,0.019,0.0
285.689,2026-06-26T03:17:14.667607,61394.48,88163.699,1.02,5755.921,64034.01,0.093,0.0
285.694,2026-06-26T03:17:14.673210,61394.48,88163.699,0.714,5755.922,64034.01,0.093,0.0
285.7,2026-06-26T03:17:14.678860,61394.48,88163.699,0.913,5755.922,64034.01,0.117,0.0
285.705,2026-06-26T03:17:14.684055,61394.48,88163.699,0.639,5757.558,64034.01,724.545,0.0
285.705,2026-06-26T03:17:14.684240,61394.48,88163.699,0.448,5757.558,64034.01,3.73,0.0
285.713,2026-06-26T03:17:14.691448,61394.48,88163.699,0.632,5757.559,64034.01,0.077,0.0
285.713,2026-06-26T03:17:14.691524,61394.48,88163.699,0.442,5757.559,64034.01,1.723,0.0
285.713,2026-06-26T03:17:14.691947,61394.48,88163.699,0.31,5757.56,64034.01,2.793,0.0
285.765,2026-06-26T03:17:14.743533,61394.48,88163.699,0.489,5757.561,64035.645,0.017,31.692
286.015,2026-06-26T03:17:14.993611,61394.48,88163.699,0.567,5757.613,64035.65,0.208,0.017
286.027,2026-06-26T03:17:15.005846,61286.973,88056.191,0.975,5757.66,64035.65,3.892,0.0
286.027,2026-06-26T03:17:15.006291,61286.973,88056.191,0.682,5757.661,64035.65,2.794,0.0
286.03,2026-06-26T03:17:15.008575,61286.973,88056.191,0.478,5759.297,64035.65,696.27,0.0
286.03,2026-06-26T03:17:15.008953,61286.973,88056.191,0.334,5759.298,64035.65,2.121,0.0
286.03,2026-06-26T03:17:15.009251,61286.973,88056.191,0.234,5759.299,64035.65,2.541,0.0
286.032,2026-06-26T03:17:15.011353,61286.973,88056.191,1.27,5760.935,64035.65,770.797,0.0
286.033,2026-06-26T03:17:15.012144,61286.973,88056.191,0.889,5760.936,64035.65,1.716,0.669
286.082,2026-06-26T03:17:15.060582,61286.973,88056.191,0.816,5761.165,64035.65,4.71,0.0
286.187,2026-06-26T03:17:15.165673,61375.93,103587.133,0.705,5763.161,64035.651,19.005,0.012
286.237,2026-06-26T03:17:15.216051,61376.059,103587.133,0.725,5763.162,64035.682,0.019,0.613
286.288,2026-06-26T03:17:15.266633,61376.117,103587.133,0.739,5763.163,64035.682,0.019,0.0
286.338,2026-06-26T03:17:15.317269,61376.117,103587.133,0.795,5763.164,64035.714,0.019,0.611
286.389,2026-06-26T03:17:15.368017,61378.113,103587.133,0.741,5763.165,64035.714,0.019,0.0
286.44,2026-06-26T03:17:15.418801,61380.516,113385.539,0.795,5763.166,64035.714,0.024,0.005
286.491,2026-06-26T03:17:15.469735,61379.801,113187.133,0.833,5763.167,64035.714,0.019,0.0
286.542,2026-06-26T03:17:15.520676,61383.914,113199.133,0.813,5763.168,64035.714,0.019,0.0
286.593,2026-06-26T03:17:15.571632,61391.676,113199.133,0.799,5763.169,64035.714,0.019,0.0
286.644,2026-06-26T03:17:15.622592,61399.965,103613.133,0.789,5763.17,64035.714,0.019,0.0
286.695,2026-06-26T03:17:15.673521,61400.129,103613.133,0.783,5763.171,64035.714,0.019,0.0
286.746,2026-06-26T03:17:15.724485,61422.051,103629.133,0.778,5763.172,64035.714,0.019,0.0
286.797,2026-06-26T03:17:15.775412,61426.527,103649.133,0.774,5763.173,64035.714,0.019,0.0
286.848,2026-06-26T03:17:15.826365,61426.527,103649.133,0.772,5763.174,64035.714,0.019,0.0
286.898,2026-06-26T03:17:15.877263,61426.527,103649.133,0.771,5763.175,64035.714,0.019,0.0
286.949,2026-06-26T03:17:15.928182,61427.598,103649.133,0.77,5763.176,64035.714,0.019,0.0
287.0,2026-06-26T03:17:15.979082,61427.598,103649.133,0.769,5763.177,64035.714,0.019,0.0
287.051,2026-06-26T03:17:16.029997,61427.66,103649.133,0.814,5763.178,64035.714,0.019,0.0
287.102,2026-06-26T03:17:16.080940,61427.836,103649.133,0.8,5763.179,64035.714,0.019,0.0
287.153,2026-06-26T03:17:16.131857,61429.344,103649.133,0.79,5763.18,64035.714,0.019,0.0
287.204,2026-06-26T03:17:16.182782,61429.93,103649.133,0.783,5763.181,64035.714,0.019,0.0
287.255,2026-06-26T03:17:16.233719,61430.078,103649.133,0.824,5763.182,64035.714,0.019,0.0
287.306,2026-06-26T03:17:16.284651,61430.125,103649.133,0.807,5763.183,64035.714,0.019,0.0
287.357,2026-06-26T03:17:16.335590,61445.934,103673.133,0.841,5763.184,64035.714,0.019,0.0
287.408,2026-06-26T03:17:16.386545,61445.949,103673.133,0.819,5763.185,64035.714,0.02,0.0
287.459,2026-06-26T03:17:16.437462,61446.023,103673.133,0.803,5763.186,64035.714,0.019,0.0
287.51,2026-06-26T03:17:16.488422,61446.023,103673.133,0.792,5763.187,64035.714,0.019,0.0
287.56,2026-06-26T03:17:16.539352,61449.539,103673.133,0.785,5763.188,64035.714,0.019,0.0
287.611,2026-06-26T03:17:16.590235,61459.883,103673.133,0.78,5763.189,64035.714,0.02,0.0
287.662,2026-06-26T03:17:16.641124,61469.195,103701.133,0.776,5763.19,64035.714,0.02,0.0
287.713,2026-06-26T03:17:16.692055,61469.195,103701.133,0.773,5763.191,64035.714,0.02,0.0
287.764,2026-06-26T03:17:16.742998,61467.598,103701.133,0.771,5763.192,64035.714,0.02,0.0
287.815,2026-06-26T03:17:16.793948,61467.598,103701.133,0.77,5763.193,64035.714,0.02,0.0
287.866,2026-06-26T03:17:16.844856,61467.598,103701.133,0.769,5763.194,64035.714,0.02,0.0
287.917,2026-06-26T03:17:16.895794,61467.598,103701.133,0.769,5763.195,64035.714,0.02,0.0
287.968,2026-06-26T03:17:16.946701,61467.598,103701.133,0.86,5763.196,64035.714,0.019,0.0
288.019,2026-06-26T03:17:16.997682,61467.598,103701.133,0.832,5763.197,64035.714,0.02,0.0
288.07,2026-06-26T03:17:17.048600,61467.602,103701.133,0.813,5763.198,64035.714,0.02,0.0
288.121,2026-06-26T03:17:17.099532,61467.676,103701.133,0.799,5763.199,64035.714,0.02,0.0
288.172,2026-06-26T03:17:17.150459,61479.684,103701.133,0.789,5763.2,64035.714,0.02,0.0
288.223,2026-06-26T03:17:17.201381,61467.68,103701.133,0.829,5763.201,64035.714,0.02,0.0
288.273,2026-06-26T03:17:17.252326,61467.684,103701.133,0.81,5763.202,64035.714,0.02,0.0
288.324,2026-06-26T03:17:17.303226,61468.617,103701.133,0.797,5763.203,64035.714,0.02,0.0
288.375,2026-06-26T03:17:17.354116,61467.684,103701.133,0.788,5763.204,64035.714,0.02,0.0
288.426,2026-06-26T03:17:17.405055,61467.684,103701.133,0.782,5763.205,64035.714,0.02,0.0
288.477,2026-06-26T03:17:17.455959,61470.34,103701.133,0.778,5763.206,64035.714,0.02,0.0
288.528,2026-06-26T03:17:17.506902,61471.387,103701.16,0.774,5763.207,64035.714,0.02,0.0
288.579,2026-06-26T03:17:17.557820,61471.387,103701.16,0.772,5763.208,64035.714,0.02,0.0
288.63,2026-06-26T03:17:17.608749,61471.387,103701.16,0.771,5763.209,64035.714,0.02,0.0
288.681,2026-06-26T03:17:17.659693,61471.387,103701.16,0.816,5763.21,64035.714,0.02,0.0
288.732,2026-06-26T03:17:17.710640,61471.387,103701.16,0.801,5763.211,64035.714,0.019,0.0
288.783,2026-06-26T03:17:17.761597,61471.387,103701.16,0.791,5763.212,64035.714,0.019,0.0
288.834,2026-06-26T03:17:17.812555,61471.387,103701.16,0.784,5763.213,64035.714,0.02,0.0
288.885,2026-06-26T03:17:17.863481,61471.387,103701.16,0.778,5763.214,64035.714,0.02,0.0
288.936,2026-06-26T03:17:17.914449,61471.387,103701.16,0.775,5763.215,64035.714,0.02,0.0
288.987,2026-06-26T03:17:17.965386,61471.387,103701.16,0.818,5763.216,64035.714,0.02,0.0
289.037,2026-06-26T03:17:18.016349,61471.387,103701.16,0.803,5763.217,64035.714,0.019,0.0
289.088,2026-06-26T03:17:18.067251,61471.387,103701.16,0.792,5763.218,64035.714,0.02,0.0
289.139,2026-06-26T03:17:18.118186,61471.387,103701.16,0.785,5763.219,64035.714,0.019,0.0
289.19,2026-06-26T03:17:18.169116,61471.387,103701.16,0.779,5763.22,64035.714,0.02,0.0
289.241,2026-06-26T03:17:18.220039,61471.387,103701.16,0.822,5763.221,64035.714,0.02,0.0
289.292,2026-06-26T03:17:18.270964,61471.387,103701.16,0.805,5763.222,64035.714,0.02,0.0
289.343,2026-06-26T03:17:18.321894,61471.387,103701.16,0.794,5763.223,64035.714,0.02,0.0
289.394,2026-06-26T03:17:18.372817,61471.387,103701.16,0.786,5763.224,64035.714,0.02,0.0
289.445,2026-06-26T03:17:18.423760,61471.387,103701.16,0.78,5763.225,64035.714,0.02,0.0
289.496,2026-06-26T03:17:18.474690,61471.387,103701.16,0.776,5763.226,64035.714,0.02,0.0
289.547,2026-06-26T03:17:18.525621,61471.387,103701.16,0.773,5763.227,64035.714,0.019,0.0
289.598,2026-06-26T03:17:18.576579,61471.387,103701.16,0.772,5763.228,64035.714,0.02,0.0
289.649,2026-06-26T03:17:18.627497,61471.387,103701.16,0.816,5763.229,64035.714,0.019,0.0
289.7,2026-06-26T03:17:18.678464,61471.387,103701.16,0.801,5763.23,64035.714,0.02,0.0
289.751,2026-06-26T03:17:18.729386,61471.387,103701.16,0.791,5763.231,64035.714,0.02,0.0
289.801,2026-06-26T03:17:18.780274,61471.387,103701.16,0.83,5763.232,64035.714,0.02,0.0
289.852,2026-06-26T03:17:18.831207,61471.387,103701.16,0.811,5763.233,64035.714,0.02,0.0
289.903,2026-06-26T03:17:18.882095,61471.387,103701.16,0.798,5763.234,64035.714,0.02,0.0
289.954,2026-06-26T03:17:18.933026,61471.387,103701.16,0.835,5763.235,64035.714,0.02,0.0
290.005,2026-06-26T03:17:18.983962,61471.387,103701.16,0.814,5763.236,64035.714,0.02,0.0
290.056,2026-06-26T03:17:19.034872,61471.387,103701.16,0.8,5763.237,64035.714,0.02,0.0
290.107,2026-06-26T03:17:19.085820,61471.387,103701.16,0.79,5763.238,64035.714,0.02,0.0
290.158,2026-06-26T03:17:19.136723,61471.387,103701.16,0.783,5763.239,64035.714,0.02,0.0
290.209,2026-06-26T03:17:19.187658,61471.387,103701.16,0.778,5763.24,64035.714,0.02,0.0
290.26,2026-06-26T03:17:19.238567,61471.387,103701.16,0.775,5763.241,64035.714,0.02,0.0
290.311,2026-06-26T03:17:19.289452,61471.387,103701.16,0.773,5763.242,64035.714,0.02,0.0
290.361,2026-06-26T03:17:19.340327,61471.387,103701.16,0.817,5763.243,64035.714,0.02,0.0
290.412,2026-06-26T03:17:19.391219,61471.387,103701.16,0.803,5763.244,64035.714,0.02,0.0
290.463,2026-06-26T03:17:19.442086,61471.387,103701.16,0.792,5763.245,64035.714,0.02,0.0
290.514,2026-06-26T03:17:19.492980,61471.387,103701.16,0.785,5763.246,64035.714,0.02,0.0
290.565,2026-06-26T03:17:19.543867,61471.387,103701.16,0.779,5763.247,64035.714,0.02,0.0
290.616,2026-06-26T03:17:19.594819,61471.387,103701.16,0.776,5763.248,64035.714,0.02,0.0
290.667,2026-06-26T03:17:19.645725,61471.387,103701.16,0.773,5763.249,64035.714,0.02,0.0
290.718,2026-06-26T03:17:19.696664,61471.387,103701.16,0.771,5763.25,64035.714,0.02,0.0
290.769,2026-06-26T03:17:19.747607,61471.387,103701.16,0.77,5763.251,64035.714,0.02,0.0
290.82,2026-06-26T03:17:19.798557,61471.387,103701.16,0.769,5763.252,64035.714,0.019,0.0
290.871,2026-06-26T03:17:19.849528,61471.387,103701.16,0.768,5763.253,64035.714,0.02,0.0
290.922,2026-06-26T03:17:19.900480,61471.387,103701.16,0.86,5763.254,64035.714,0.02,0.0
290.973,2026-06-26T03:17:19.951410,61471.387,103701.16,0.832,5763.255,64035.714,0.02,0.0
291.024,2026-06-26T03:17:20.002384,61471.387,103701.16,0.812,5763.256,64035.714,0.02,0.0
291.074,2026-06-26T03:17:20.053289,61471.387,103701.16,0.799,5763.257,64035.714,0.02,0.0
291.125,2026-06-26T03:17:20.104228,61471.387,103701.16,0.789,5763.258,64035.714,0.02,0.0
291.251,2026-06-26T03:17:20.230268,61471.387,103701.16,0.944,5763.608,64035.714,2.786,0.0
291.302,2026-06-26T03:17:20.280693,61471.387,103701.16,0.892,5763.609,64035.714,0.02,0.0
291.352,2026-06-26T03:17:20.331308,61471.387,103701.16,0.856,5763.61,64035.714,0.02,0.0
291.403,2026-06-26T03:17:20.381895,61471.387,103701.16,0.83,5763.61,64035.714,0.02,0.0
291.454,2026-06-26T03:17:20.432705,61471.387,103701.16,0.812,5763.611,64035.714,0.02,0.0
291.505,2026-06-26T03:17:20.483553,61471.387,103701.16,0.799,5763.612,64035.714,0.019,0.0
291.556,2026-06-26T03:17:20.534514,61471.387,103701.16,0.789,5763.613,64035.714,0.02,0.0
291.607,2026-06-26T03:17:20.585459,61471.387,103701.16,0.782,5763.614,64035.714,0.02,0.0
291.658,2026-06-26T03:17:20.636404,61471.387,103701.16,0.778,5763.615,64035.714,0.019,0.0
291.709,2026-06-26T03:17:20.687366,61471.387,103701.16,0.774,5763.616,64035.714,0.02,0.0
291.759,2026-06-26T03:17:20.738288,61471.387,103701.16,0.772,5763.617,64035.714,0.02,0.0
291.81,2026-06-26T03:17:20.789211,61471.387,103701.16,0.771,5763.618,64035.714,0.02,0.0
291.861,2026-06-26T03:17:20.840131,61471.387,103701.16,0.77,5763.619,64035.714,0.02,0.0
291.912,2026-06-26T03:17:20.891071,61471.387,103701.16,0.861,5763.62,64035.714,0.019,0.0
291.963,2026-06-26T03:17:20.942031,61471.387,103701.16,0.832,5763.621,64035.714,0.02,0.0
292.014,2026-06-26T03:17:20.992980,61471.387,103701.16,0.813,5763.622,64035.714,0.02,0.0
292.065,2026-06-26T03:17:21.043927,61471.387,103701.16,0.799,5763.623,64035.714,0.019,0.0
292.116,2026-06-26T03:17:21.094888,61471.387,103701.16,0.789,5763.624,64035.714,0.02,0.0
292.167,2026-06-26T03:17:21.145797,61471.387,103701.16,0.782,5763.625,64035.714,0.02,0.0
292.218,2026-06-26T03:17:21.196760,61471.266,103701.16,0.778,5763.626,64035.714,0.02,0.0
292.269,2026-06-26T03:17:21.247707,61472.996,103701.16,0.82,5763.627,64035.714,0.02,0.0
292.32,2026-06-26T03:17:21.298661,61480.117,103701.16,0.85,5763.628,64035.714,0.02,0.0
292.371,2026-06-26T03:17:21.349601,61489.254,103701.16,0.779,5763.629,64035.714,0.02,0.0
292.422,2026-06-26T03:17:21.400556,61500.77,103701.16,0.821,5763.63,64035.714,0.02,0.0
292.473,2026-06-26T03:17:21.451505,61501.531,103701.16,0.805,5763.631,64035.714,0.02,0.0
292.524,2026-06-26T03:17:21.502462,61501.586,103701.16,0.793,5763.632,64035.714,0.02,0.0
292.575,2026-06-26T03:17:21.553398,61502.09,103701.16,0.785,5763.633,64035.714,0.019,0.0
292.626,2026-06-26T03:17:21.604363,61504.59,103701.16,0.78,5763.634,64035.714,0.02,0.0
292.676,2026-06-26T03:17:21.655281,61504.793,103701.16,0.776,5763.635,64035.714,0.02,0.0
292.727,2026-06-26T03:17:21.706205,61505.098,103701.16,0.589,5763.636,64035.746,0.02,0.624
292.778,2026-06-26T03:17:21.757116,61505.098,103701.16,0.412,5763.637,64035.746,0.02,0.0
292.829,2026-06-26T03:17:21.808042,61505.098,103701.16,0.289,5763.638,64035.746,0.019,0.0
292.88,2026-06-26T03:17:21.859014,61505.098,103701.16,0.202,5763.639,64035.746,0.02,0.0
292.931,2026-06-26T03:17:21.909950,61505.098,103701.16,0.187,5763.64,64035.746,0.019,0.0
292.982,2026-06-26T03:17:21.960907,61499.535,103701.16,0.361,5763.652,64035.83,0.235,1.652
293.033,2026-06-26T03:17:22.011852,61495.852,103701.16,0.483,5763.653,64035.83,0.02,0.0
293.084,2026-06-26T03:17:22.062794,61489.367,103701.16,0.568,5763.654,64035.83,0.02,0.0
293.135,2026-06-26T03:17:22.113746,61489.367,103701.16,0.627,5763.655,64035.83,0.02,0.0
293.186,2026-06-26T03:17:22.164710,61489.18,103701.16,0.669,5763.656,64035.83,0.02,0.0
293.237,2026-06-26T03:17:22.215646,61489.082,103701.16,0.699,5763.657,64035.83,0.02,0.0
293.288,2026-06-26T03:17:22.266610,61487.922,103701.16,0.719,5763.658,64035.83,0.02,0.0
293.339,2026-06-26T03:17:22.317541,61487.922,103701.16,0.733,5763.659,64035.83,0.02,0.0
293.39,2026-06-26T03:17:22.368520,61487.449,103701.16,0.743,5763.66,64035.83,0.02,0.0
293.441,2026-06-26T03:17:22.419454,61487.203,103701.16,0.75,5763.661,64035.83,0.02,0.0
293.492,2026-06-26T03:17:22.470420,61486.688,103701.16,0.755,5763.662,64035.83,0.02,0.0
293.542,2026-06-26T03:17:22.521352,61485.824,103701.16,0.805,5763.663,64035.83,0.02,0.0
293.593,2026-06-26T03:17:22.572259,61485.477,103701.16,0.793,5763.664,64035.83,0.02,0.0
293.644,2026-06-26T03:17:22.623227,61485.234,103701.16,0.785,5763.665,64035.83,0.02,0.0
293.695,2026-06-26T03:17:22.674134,61484.484,103701.16,0.78,5763.666,64035.83,0.02,0.0
293.746,2026-06-26T03:17:22.725066,61484.488,103701.16,0.822,5763.667,64035.83,0.02,0.0
293.797,2026-06-26T03:17:22.776022,61484.488,103701.16,0.805,5763.668,64035.83,0.02,0.0
293.848,2026-06-26T03:17:22.826948,61484.488,103701.16,0.794,5763.669,64035.83,0.02,0.0
293.899,2026-06-26T03:17:22.877916,61484.488,103701.16,0.786,5763.67,64035.83,0.02,0.0
293.95,2026-06-26T03:17:22.928845,61484.488,103701.16,0.78,5763.671,64035.83,0.02,0.0
294.001,2026-06-26T03:17:22.979797,61484.488,103701.16,0.776,5763.672,64035.83,0.02,0.0
294.052,2026-06-26T03:17:23.030746,61482.883,103701.16,0.819,5763.673,64035.83,0.02,0.0
294.103,2026-06-26T03:17:23.081703,61482.887,103701.16,0.804,5763.674,64035.83,0.02,0.0
294.154,2026-06-26T03:17:23.132646,61482.887,103701.16,0.792,5763.675,64035.83,0.02,0.0
294.205,2026-06-26T03:17:23.183607,61482.887,103701.16,0.785,5763.676,64035.83,0.02,0.0
294.256,2026-06-26T03:17:23.234541,61482.879,103701.16,0.825,5763.677,64035.83,0.02,0.0
294.307,2026-06-26T03:17:23.285508,61482.926,103701.16,0.808,5763.678,64035.83,0.02,0.0
294.358,2026-06-26T03:17:23.336456,61482.941,103701.16,0.795,5763.679,64035.83,0.02,0.0
294.409,2026-06-26T03:17:23.387414,61482.941,103701.16,0.787,5763.68,64035.83,0.02,0.0
294.46,2026-06-26T03:17:23.438356,61482.945,103701.16,0.873,5763.681,64035.83,0.02,0.0
294.51,2026-06-26T03:17:23.489270,61482.945,103701.16,0.841,5763.682,64035.83,0.02,0.0
294.561,2026-06-26T03:17:23.540211,61482.945,103701.16,0.819,5763.683,64035.83,0.02,0.0
294.612,2026-06-26T03:17:23.591109,61482.945,103701.16,0.803,5763.684,64035.83,0.02,0.0
294.663,2026-06-26T03:17:23.642058,61482.945,103701.16,0.792,5763.685,64035.83,0.02,0.0
294.714,2026-06-26T03:17:23.692992,61482.945,103701.16,0.785,5763.686,64035.83,0.02,0.0
294.765,2026-06-26T03:17:23.743947,61482.945,103701.16,0.779,5763.687,64035.83,0.02,0.0
294.816,2026-06-26T03:17:23.794899,61482.949,103701.16,0.775,5763.688,64035.83,0.02,0.0
294.867,2026-06-26T03:17:23.845856,61482.949,103701.16,0.773,5763.689,64035.83,0.02,0.0
294.918,2026-06-26T03:17:23.896794,61482.422,103701.16,0.771,5763.69,64035.83,0.02,0.0
294.969,2026-06-26T03:17:23.947753,61482.398,103701.16,0.77,5763.691,64035.83,0.02,0.0
295.02,2026-06-26T03:17:23.998687,61482.41,103701.16,0.769,5763.692,64035.83,0.02,0.0
295.071,2026-06-26T03:17:24.049675,61482.418,103701.16,0.814,5763.693,64035.83,0.02,0.0
295.122,2026-06-26T03:17:24.100604,61482.305,103701.16,0.8,5763.694,64035.83,0.02,0.0
295.173,2026-06-26T03:17:24.151560,61482.305,103701.16,0.79,5763.695,64035.83,0.02,0.0
295.224,2026-06-26T03:17:24.202484,61482.305,103701.16,0.784,5763.696,64035.83,0.02,0.0
295.274,2026-06-26T03:17:24.253055,61482.305,103701.16,0.779,5763.697,64035.83,0.02,0.0
295.325,2026-06-26T03:17:24.304039,61482.305,103701.16,0.821,5763.698,64035.83,0.02,0.0
295.376,2026-06-26T03:17:24.355027,61482.297,103701.16,0.805,5763.699,64035.83,0.02,0.0
295.427,2026-06-26T03:17:24.406025,61482.285,103701.16,0.793,5763.7,64035.83,0.02,0.0
295.478,2026-06-26T03:17:24.457017,61482.301,103701.16,0.785,5763.701,64035.83,0.02,0.0
295.529,2026-06-26T03:17:24.508025,61482.301,103701.16,0.779,5763.702,64035.83,0.02,0.0
295.58,2026-06-26T03:17:24.559014,61482.301,103701.16,0.775,5763.703,64035.83,0.02,0.0
295.631,2026-06-26T03:17:24.610004,61482.301,103701.16,0.819,5763.704,64035.83,0.02,0.0
295.682,2026-06-26T03:17:24.660974,61482.305,103701.16,0.803,5763.705,64035.83,0.02,0.0
295.733,2026-06-26T03:17:24.712007,61482.312,103701.16,0.792,5763.706,64035.83,0.02,0.0
295.784,2026-06-26T03:17:24.763001,61482.312,103701.16,0.784,5763.707,64035.83,0.02,0.0
295.835,2026-06-26T03:17:24.814001,61482.316,103701.16,0.825,5763.708,64035.83,0.02,0.0
295.886,2026-06-26T03:17:24.864980,61482.316,103701.16,0.807,5763.709,64035.83,0.02,0.0
295.937,2026-06-26T03:17:24.915979,61485.82,103701.16,0.795,5763.71,64035.83,0.02,0.0
295.988,2026-06-26T03:17:24.966994,61485.82,103701.16,0.786,5763.711,64035.83,0.02,0.0
296.039,2026-06-26T03:17:25.018010,61485.82,103701.16,0.78,5763.712,64035.83,0.02,0.0
296.09,2026-06-26T03:17:25.068972,61485.82,103701.16,0.776,5763.713,64035.83,0.02,0.0
296.141,2026-06-26T03:17:25.119950,61485.82,103701.16,0.773,5763.714,64035.83,0.02,0.0
296.262,2026-06-26T03:17:25.241060,61485.832,103701.16,0.91,5764.064,64035.83,2.899,0.0
296.313,2026-06-26T03:17:25.291485,61485.832,103701.16,0.869,5764.065,64035.83,0.02,0.0
296.363,2026-06-26T03:17:25.342071,61485.832,103701.16,0.932,5764.066,64035.83,0.02,0.0
296.414,2026-06-26T03:17:25.392715,61485.832,103701.16,0.884,5764.067,64035.83,0.02,0.0
296.465,2026-06-26T03:17:25.443484,61485.832,103701.16,0.849,5764.068,64035.83,0.02,0.0
296.515,2026-06-26T03:17:25.494239,61485.832,103701.16,0.825,5764.069,64035.83,0.02,0.0
296.566,2026-06-26T03:17:25.545204,61491.844,103701.16,0.808,5764.07,64035.83,0.02,0.0
296.617,2026-06-26T03:17:25.596104,61491.211,103701.16,0.795,5764.071,64035.83,0.02,0.0
296.668,2026-06-26T03:17:25.647051,61490.652,103701.16,0.787,5764.072,64035.83,0.02,0.0
296.719,2026-06-26T03:17:25.698010,61490.652,103701.16,0.827,5764.073,64035.83,0.02,0.0
296.77,2026-06-26T03:17:25.748941,61490.652,103701.16,0.809,5764.074,64035.83,0.02,0.0
296.821,2026-06-26T03:17:25.799904,61490.082,103701.16,0.796,5764.075,64035.83,0.02,0.0
296.872,2026-06-26T03:17:25.850847,61493.816,103733.16,0.787,5764.076,64035.83,0.02,0.0
296.923,2026-06-26T03:17:25.901807,61497.129,103733.16,0.781,5764.077,64035.83,0.02,0.0
296.974,2026-06-26T03:17:25.952750,61497.145,103733.16,0.777,5764.078,64035.83,0.02,0.0
297.025,2026-06-26T03:17:26.003742,61494.07,103733.16,0.774,5764.079,64035.83,0.02,0.0
297.076,2026-06-26T03:17:26.054707,61494.07,103733.16,0.771,5764.08,64035.83,0.02,0.0
297.127,2026-06-26T03:17:26.105670,61493.852,103733.16,0.77,5764.081,64035.83,0.02,0.0
297.178,2026-06-26T03:17:26.156604,61493.852,103733.16,0.815,5764.082,64035.83,0.02,0.0
297.229,2026-06-26T03:17:26.207569,61493.852,103733.16,0.801,5764.083,64035.83,0.02,0.0
297.28,2026-06-26T03:17:26.258499,61493.852,103733.16,0.79,5764.084,64035.83,0.02,0.0
297.331,2026-06-26T03:17:26.309491,61493.852,103733.16,0.829,5764.085,64035.83,0.02,0.0
297.382,2026-06-26T03:17:26.360425,61493.844,103733.16,0.811,5764.086,64035.83,0.02,0.0
297.433,2026-06-26T03:17:26.411382,61491.355,103733.16,0.797,5764.087,64035.83,0.02,0.0
297.483,2026-06-26T03:17:26.462326,61491.355,103733.16,0.788,5764.088,64035.83,0.02,0.0
297.534,2026-06-26T03:17:26.513238,61491.355,103733.16,0.782,5764.089,64035.83,0.02,0.0
297.585,2026-06-26T03:17:26.564212,61491.348,103733.16,0.777,5764.09,64035.83,0.02,0.0
297.636,2026-06-26T03:17:26.615124,61491.336,103733.16,0.774,5764.091,64035.83,0.02,0.0
297.687,2026-06-26T03:17:26.666064,61491.344,103733.16,0.772,5764.092,64035.83,0.02,0.0
297.738,2026-06-26T03:17:26.717072,61491.344,103733.16,0.77,5764.093,64035.83,0.02,0.0
297.789,2026-06-26T03:17:26.768060,61491.344,103733.16,0.769,5764.094,64035.83,0.02,0.0
297.84,2026-06-26T03:17:26.819088,61491.344,103733.16,0.768,5764.095,64035.83,0.02,0.0
297.891,2026-06-26T03:17:26.870074,61491.344,103733.16,0.768,5764.096,64035.83,0.02,0.0
297.942,2026-06-26T03:17:26.921074,61491.344,103733.16,0.767,5764.097,64035.83,0.02,0.0
297.993,2026-06-26T03:17:26.972073,61491.344,103733.16,0.858,5764.098,64035.83,0.02,0.0
298.044,2026-06-26T03:17:27.023118,61491.344,103733.16,0.831,5764.099,64035.83,0.02,0.0
298.095,2026-06-26T03:17:27.074088,61491.344,103733.16,0.811,5764.1,64035.83,0.02,0.0
298.146,2026-06-26T03:17:27.125033,61491.344,103733.16,0.798,5764.101,64035.83,0.02,0.0
298.197,2026-06-26T03:17:27.175943,61491.344,103733.16,0.789,5764.102,64035.83,0.02,0.0
298.248,2026-06-26T03:17:27.226909,61490.66,103733.16,0.782,5764.103,64035.83,0.02,0.0
298.299,2026-06-26T03:17:27.277847,61490.41,103733.16,0.823,5764.104,64035.83,0.02,0.0
298.35,2026-06-26T03:17:27.328804,61490.41,103733.16,0.806,5764.105,64035.83,0.02,0.0
298.401,2026-06-26T03:17:27.379742,61490.41,103733.16,0.795,5764.106,64035.83,0.02,0.0
298.452,2026-06-26T03:17:27.430696,61490.41,103733.16,0.786,5764.107,64035.83,0.02,0.0
298.503,2026-06-26T03:17:27.481658,61487.145,103733.16,0.78,5764.108,64035.83,0.02,0.0
298.554,2026-06-26T03:17:27.532630,61487.145,103733.16,0.776,5764.109,64035.83,0.02,0.0
298.605,2026-06-26T03:17:27.583561,61487.148,103733.16,0.82,5764.11,64035.83,0.02,0.0
298.656,2026-06-26T03:17:27.634535,61487.148,103733.16,0.804,5764.111,64035.83,0.02,0.0
298.707,2026-06-26T03:17:27.685470,61487.156,103733.16,0.792,5764.112,64035.83,0.02,0.0
298.758,2026-06-26T03:17:27.736449,61487.133,103733.16,0.785,5764.113,64035.83,0.02,0.0
298.809,2026-06-26T03:17:27.787384,61487.152,103733.16,0.779,5764.114,64035.83,0.02,0.0
298.859,2026-06-26T03:17:27.838337,61487.152,103733.16,0.775,5764.115,64035.83,0.02,0.0
298.91,2026-06-26T03:17:27.889254,61487.152,103733.16,0.773,5764.116,64035.83,0.02,0.0
298.961,2026-06-26T03:17:27.940215,61487.152,103733.16,0.817,5764.117,64035.83,0.02,0.0
299.012,2026-06-26T03:17:27.991164,61487.152,103733.16,0.802,5764.118,64035.83,0.02,0.0
299.063,2026-06-26T03:17:28.042077,61487.152,103733.16,0.791,5764.119,64035.83,0.02,0.0
299.114,2026-06-26T03:17:28.093019,61487.152,103733.16,0.784,5764.12,64035.83,0.02,0.0
299.165,2026-06-26T03:17:28.143953,61487.152,103733.16,0.779,5764.121,64035.83,0.02,0.0
299.216,2026-06-26T03:17:28.194906,61487.152,103733.16,0.821,5764.122,64035.83,0.02,0.0
299.267,2026-06-26T03:17:28.245856,61487.152,103733.16,0.805,5764.123,64035.83,0.02,0.0
299.318,2026-06-26T03:17:28.296822,61487.152,103733.16,0.793,5764.124,64035.83,0.02,0.0
299.369,2026-06-26T03:17:28.347758,61487.152,103733.16,0.785,5764.125,64035.83,0.02,0.0
299.42,2026-06-26T03:17:28.398723,61487.152,103733.16,0.78,5764.126,64035.83,0.02,0.0
299.471,2026-06-26T03:17:28.449670,61487.152,103733.16,0.776,5764.127,64035.83,0.02,0.0
299.522,2026-06-26T03:17:28.500641,61487.152,103733.16,0.773,5764.128,64035.83,0.02,0.0
299.573,2026-06-26T03:17:28.551574,61487.152,103733.16,0.771,5764.129,64035.83,0.02,0.0
299.624,2026-06-26T03:17:28.602509,61487.152,103733.16,0.77,5764.13,64035.83,0.02,0.0
299.675,2026-06-26T03:17:28.653455,61487.152,103733.16,0.769,5764.131,64035.83,0.02,0.0
299.726,2026-06-26T03:17:28.704418,61487.152,103733.16,0.814,5764.132,64035.83,0.02,0.0
299.777,2026-06-26T03:17:28.755366,61487.152,103733.16,0.8,5764.133,64035.83,0.02,0.0
299.827,2026-06-26T03:17:28.806283,61477.398,103733.16,0.836,5764.134,64035.83,0.02,0.0
299.878,2026-06-26T03:17:28.857237,61477.402,103733.16,0.907,5764.135,64035.83,0.02,0.0
299.929,2026-06-26T03:17:28.908189,61477.402,103733.16,0.865,5764.136,64035.83,0.02,0.0
299.98,2026-06-26T03:17:28.959103,61477.402,103733.16,0.836,5764.137,64035.83,0.02,0.0
300.031,2026-06-26T03:17:29.010069,61477.402,103733.16,0.815,5764.138,64035.83,0.02,0.0
300.082,2026-06-26T03:17:29.061011,61477.402,103733.16,0.801,5764.139,64035.83,0.02,0.0
300.133,2026-06-26T03:17:29.111949,61477.402,103733.16,0.79,5764.14,64035.83,0.02,0.0
300.184,2026-06-26T03:17:29.162908,61481.383,103733.16,0.783,5764.141,64035.83,0.02,0.0
300.235,2026-06-26T03:17:29.213812,61481.398,103733.16,0.78,5764.142,64035.83,0.02,0.0
300.286,2026-06-26T03:17:29.264364,61481.398,103733.16,0.777,5764.143,64035.83,0.02,0.0
300.336,2026-06-26T03:17:29.314930,61480.082,103733.16,0.776,5764.144,64035.83,0.02,0.0
300.387,2026-06-26T03:17:29.365736,61480.082,103733.16,0.773,5764.145,64035.83,0.02,0.0
300.438,2026-06-26T03:17:29.416749,61479.777,103733.16,0.771,5764.146,64035.83,0.02,0.0
300.489,2026-06-26T03:17:29.467759,61479.777,103733.16,0.769,5764.147,64035.83,0.02,0.0
300.54,2026-06-26T03:17:29.518741,61479.777,103733.16,0.768,5764.148,64035.83,0.02,0.0
300.591,2026-06-26T03:17:29.569755,61479.777,103733.16,0.768,5764.149,64035.83,0.02,0.0
300.642,2026-06-26T03:17:29.620733,61479.137,103733.16,0.767,5764.15,64035.83,0.02,0.0
300.693,2026-06-26T03:17:29.671758,61479.141,103733.16,0.859,5764.151,64035.83,0.02,0.0
300.744,2026-06-26T03:17:29.722751,61479.141,103733.16,0.831,5764.152,64035.83,0.02,0.0
300.795,2026-06-26T03:17:29.773761,61479.145,103733.16,0.811,5764.153,64035.83,0.02,0.0
300.846,2026-06-26T03:17:29.824757,61479.145,103733.16,0.798,5764.154,64035.83,0.02,0.0
300.897,2026-06-26T03:17:29.875769,61479.125,103733.16,0.788,5764.155,64035.83,0.02,0.0
300.948,2026-06-26T03:17:29.926765,61479.125,103733.16,0.781,5764.156,64035.83,0.02,0.0
300.999,2026-06-26T03:17:29.977783,61479.125,103733.16,0.777,5764.157,64035.83,0.02,0.0
301.05,2026-06-26T03:17:30.028778,61479.125,103733.16,0.773,5764.158,64035.83,0.02,0.0
301.101,2026-06-26T03:17:30.079792,61479.129,103733.16,0.771,5764.159,64035.83,0.02,0.0
301.152,2026-06-26T03:17:30.130722,61479.133,103733.16,0.77,5764.16,64035.83,0.02,0.0
301.273,2026-06-26T03:17:30.251647,61479.137,103733.16,0.928,5764.51,64035.83,2.905,0.0
301.323,2026-06-26T03:17:30.302066,61479.137,103733.16,0.927,5764.511,64035.83,0.02,0.0
301.374,2026-06-26T03:17:30.352673,61479.152,103733.16,0.881,5764.512,64035.83,0.02,0.0
301.424,2026-06-26T03:17:30.403269,61479.152,103733.16,0.848,5764.513,64035.83,0.02,0.0
301.475,2026-06-26T03:17:30.454015,61478.559,103733.16,0.824,5764.514,64035.83,0.02,0.0
301.526,2026-06-26T03:17:30.504975,61478.551,103733.16,0.807,5764.515,64035.83,0.02,0.0
301.577,2026-06-26T03:17:30.555891,61477.656,103733.16,0.795,5764.516,64035.83,0.02,0.0
301.628,2026-06-26T03:17:30.606848,61477.656,103733.16,0.786,5764.517,64035.83,0.02,0.0
301.679,2026-06-26T03:17:30.657780,61477.656,103733.16,0.781,5764.518,64035.83,0.02,0.0
301.73,2026-06-26T03:17:30.708744,61477.656,103733.16,0.776,5764.519,64035.83,0.02,0.0
301.781,2026-06-26T03:17:30.759701,61477.09,103733.16,0.773,5764.52,64035.83,0.02,0.0
301.832,2026-06-26T03:17:30.810665,61477.09,103733.16,0.772,5764.521,64035.83,0.02,0.0
301.883,2026-06-26T03:17:30.861607,61477.09,103733.16,0.77,5764.522,64035.83,0.02,0.0
301.934,2026-06-26T03:17:30.912571,61477.09,103733.16,0.769,5764.523,64035.83,0.02,0.0
301.985,2026-06-26T03:17:30.963510,61477.09,103733.16,0.814,5764.524,64035.83,0.02,0.0
302.036,2026-06-26T03:17:31.014553,61477.07,103733.16,0.846,5764.525,64035.83,0.02,0.0
302.087,2026-06-26T03:17:31.065492,61477.074,103733.16,0.822,5764.526,64035.83,0.02,0.0
302.138,2026-06-26T03:17:31.116454,61477.09,103733.16,0.805,5764.527,64035.83,0.02,0.0
302.189,2026-06-26T03:17:31.167399,61477.09,103733.16,0.794,5764.528,64035.83,0.02,0.0
302.239,2026-06-26T03:17:31.218346,61477.09,103733.16,0.786,5764.529,64035.83,0.02,0.0
302.29,2026-06-26T03:17:31.269261,61477.09,103733.16,0.78,5764.53,64035.83,0.02,0.0
302.341,2026-06-26T03:17:31.320210,61477.09,103733.16,0.776,5764.531,64035.83,0.02,0.0
302.392,2026-06-26T03:17:31.371110,61477.09,103733.16,0.773,5764.532,64035.83,0.02,0.0
302.443,2026-06-26T03:17:31.422064,61477.09,103733.16,0.771,5764.533,64035.83,0.02,0.0
302.494,2026-06-26T03:17:31.473015,61477.09,103733.16,0.77,5764.534,64035.83,0.02,0.0
302.545,2026-06-26T03:17:31.523957,61477.09,103733.16,0.815,5764.535,64035.83,0.02,0.0
302.596,2026-06-26T03:17:31.574912,61477.09,103733.16,0.801,5764.536,64035.83,0.02,0.0
302.647,2026-06-26T03:17:31.625840,61477.09,103733.16,0.836,5764.537,64035.83,0.02,0.0
302.698,2026-06-26T03:17:31.676815,61477.09,103733.16,0.816,5764.538,64035.83,0.02,0.0
302.749,2026-06-26T03:17:31.727757,61477.09,103733.16,0.801,5764.539,64035.83,0.02,0.0
302.8,2026-06-26T03:17:31.778713,61477.09,103733.16,0.79,5764.54,64035.83,0.02,0.0
302.851,2026-06-26T03:17:31.829656,61477.09,103733.16,0.783,5764.541,64035.83,0.02,0.0
302.902,2026-06-26T03:17:31.880612,61477.09,103733.16,0.778,5764.542,64035.83,0.02,0.0
302.953,2026-06-26T03:17:31.931582,61477.09,103733.16,0.775,5764.543,64035.83,0.02,0.0
303.004,2026-06-26T03:17:31.982535,61477.09,103733.16,0.818,5764.544,64035.83,0.02,0.0
303.055,2026-06-26T03:17:32.033477,61477.09,103733.16,0.803,5764.545,64035.83,0.02,0.0
303.106,2026-06-26T03:17:32.084439,61477.09,103733.16,0.838,5764.546,64035.83,0.02,0.0
303.157,2026-06-26T03:17:32.135369,61477.09,103733.16,0.817,5764.547,64035.83,0.02,0.0
303.207,2026-06-26T03:17:32.186343,61477.09,103733.16,0.802,5764.548,64035.83,0.02,0.0
303.258,2026-06-26T03:17:32.237259,61477.09,103733.16,0.791,5764.549,64035.83,0.02,0.0
303.309,2026-06-26T03:17:32.288215,61477.09,103733.16,0.784,5764.55,64035.83,0.02,0.0
303.36,2026-06-26T03:17:32.339131,61477.09,103733.16,0.779,5764.551,64035.83,0.02,0.0
303.411,2026-06-26T03:17:32.390061,61477.09,103733.16,0.775,5764.552,64035.83,0.02,0.0
303.462,2026-06-26T03:17:32.441021,61472.344,103733.16,0.819,5764.553,64035.83,0.02,0.0
303.513,2026-06-26T03:17:32.491955,61472.355,103733.16,0.803,5764.554,64035.83,0.02,0.0
303.564,2026-06-26T03:17:32.542907,61472.355,103733.16,0.792,5764.555,64035.83,0.02,0.0
303.615,2026-06-26T03:17:32.593840,61470.727,103733.16,0.785,5764.556,64035.83,0.02,0.0
303.666,2026-06-26T03:17:32.644793,61470.754,103733.16,0.779,5764.557,64035.83,0.02,0.0
303.717,2026-06-26T03:17:32.695731,61469.637,103733.16,0.775,5764.558,64035.83,0.02,0.0
303.768,2026-06-26T03:17:32.746683,61468.215,103733.16,0.773,5764.559,64035.83,0.02,0.0
303.819,2026-06-26T03:17:32.797611,61468.211,103733.16,0.771,5764.56,64035.83,0.02,0.0
303.87,2026-06-26T03:17:32.848581,61467.824,103733.16,0.77,5764.561,64035.83,0.02,0.0
303.921,2026-06-26T03:17:32.899527,61466.617,103733.16,0.815,5764.562,64035.83,0.02,0.0
303.972,2026-06-26T03:17:32.950486,61466.617,103733.16,0.8,5764.563,64035.83,0.02,0.0
304.023,2026-06-26T03:17:33.001436,61466.617,103733.16,0.836,5764.564,64035.83,0.02,0.0
304.074,2026-06-26T03:17:33.052376,61466.688,103733.16,0.815,5764.565,64035.83,0.02,0.0
304.124,2026-06-26T03:17:33.103337,61466.691,103733.16,0.801,5764.566,64035.83,0.02,0.0
304.175,2026-06-26T03:17:33.154251,61466.691,103733.16,0.791,5764.567,64035.83,0.02,0.0
304.226,2026-06-26T03:17:33.205208,61466.691,103733.16,0.783,5764.568,64035.83,0.02,0.0
304.277,2026-06-26T03:17:33.256124,61466.707,103733.16,0.779,5764.569,64035.83,0.02,0.0
304.328,2026-06-26T03:17:33.307051,61466.18,103733.16,0.821,5764.57,64035.83,0.02,0.0
304.379,2026-06-26T03:17:33.358015,61466.184,103733.16,0.805,5764.571,64035.83,0.02,0.0
304.43,2026-06-26T03:17:33.408944,61466.184,103733.16,0.793,5764.572,64035.83,0.02,0.0
304.481,2026-06-26T03:17:33.459898,61466.184,103733.16,0.785,5764.573,64035.83,0.02,0.0
304.532,2026-06-26T03:17:33.510837,61466.16,103733.16,0.826,5764.574,64035.83,0.02,0.0
304.583,2026-06-26T03:17:33.561770,61466.16,103733.16,0.808,5764.575,64035.83,0.02,0.0
304.634,2026-06-26T03:17:33.612712,61466.176,103733.16,0.796,5764.576,64035.83,0.02,0.0
304.685,2026-06-26T03:17:33.663678,61466.176,103733.16,0.787,5764.577,64035.83,0.02,0.0
304.736,2026-06-26T03:17:33.714614,61466.176,103733.16,0.781,5764.578,64035.83,0.02,0.0
304.787,2026-06-26T03:17:33.765592,61466.176,103733.16,0.823,5764.579,64035.83,0.02,0.0
304.838,2026-06-26T03:17:33.816528,61466.176,103733.16,0.806,5764.58,64035.83,0.02,0.0
304.889,2026-06-26T03:17:33.867509,61466.176,103733.16,0.794,5764.581,64035.83,0.02,0.0
304.94,2026-06-26T03:17:33.918443,61466.176,103733.16,0.786,5764.582,64035.83,0.02,0.0
304.991,2026-06-26T03:17:33.969394,61466.176,103733.16,0.78,5764.583,64035.83,0.02,0.0
305.042,2026-06-26T03:17:34.020409,61466.176,103733.16,0.776,5764.584,64035.83,0.02,0.0
305.092,2026-06-26T03:17:34.071348,61466.176,103733.16,0.819,5764.585,64035.83,0.02,0.0
305.143,2026-06-26T03:17:34.122266,61461.59,103733.16,0.804,5764.586,64035.83,0.02,0.0
305.194,2026-06-26T03:17:34.173222,61461.566,103733.16,0.793,5764.587,64035.83,0.02,0.0
305.245,2026-06-26T03:17:34.224125,61461.543,103733.16,0.785,5764.588,64035.83,0.02,0.0
305.296,2026-06-26T03:17:34.275084,61461.52,103733.16,0.779,5764.589,64035.83,0.02,0.0
305.347,2026-06-26T03:17:34.326052,61461.52,103733.16,0.775,5764.59,64035.83,0.02,0.0
305.398,2026-06-26T03:17:34.376988,61461.543,103733.16,0.773,5764.591,64035.83,0.02,0.0
305.449,2026-06-26T03:17:34.427945,61461.543,103733.16,0.771,5764.592,64035.83,0.02,0.0
305.5,2026-06-26T03:17:34.478878,61461.543,103733.16,0.77,5764.593,64035.83,0.02,0.0
305.551,2026-06-26T03:17:34.529864,61461.543,103733.16,0.769,5764.594,64035.83,0.02,0.0
305.602,2026-06-26T03:17:34.580790,61461.543,103733.16,0.768,5764.595,64035.83,0.02,0.0
305.653,2026-06-26T03:17:34.631745,61461.543,103733.16,0.814,5764.596,64035.83,0.02,0.0
305.704,2026-06-26T03:17:34.682694,61461.543,103733.16,0.845,5764.597,64035.83,0.02,0.0
305.755,2026-06-26T03:17:34.733702,61461.535,103733.16,0.822,5764.598,64035.83,0.02,0.0
305.806,2026-06-26T03:17:34.784715,61461.543,103733.16,0.805,5764.599,64035.83,0.02,0.0
305.857,2026-06-26T03:17:34.835725,61461.543,103733.16,0.793,5764.6,64035.83,0.02,0.0
305.908,2026-06-26T03:17:34.886707,61461.543,103733.16,0.785,5764.601,64035.83,0.02,0.0
305.959,2026-06-26T03:17:34.937726,61461.543,103733.16,0.779,5764.602,64035.83,0.02,0.0
306.01,2026-06-26T03:17:34.988713,61461.543,103733.16,0.775,5764.603,64035.83,0.02,0.0
306.061,2026-06-26T03:17:35.039766,61461.543,103733.16,0.772,5764.604,64035.83,0.02,0.0
306.112,2026-06-26T03:17:35.090736,61461.543,103733.16,0.771,5764.605,64035.83,0.02,0.0
306.163,2026-06-26T03:17:35.141691,61461.543,103733.16,0.769,5764.606,64035.83,0.02,0.0
306.289,2026-06-26T03:17:35.267470,61461.543,103733.16,0.95,5764.956,64035.83,2.792,0.0
306.339,2026-06-26T03:17:35.317906,61461.594,103733.16,0.896,5764.957,64035.83,0.02,0.0
306.39,2026-06-26T03:17:35.368560,61458.59,103733.16,0.859,5764.958,64035.83,0.02,0.0
306.44,2026-06-26T03:17:35.419199,61458.59,103733.16,0.832,5764.959,64035.83,0.02,0.0
306.491,2026-06-26T03:17:35.469945,61458.59,103733.16,0.813,5764.96,64035.83,0.02,0.0
306.542,2026-06-26T03:17:35.520825,61458.59,103733.16,0.799,5764.961,64035.83,0.02,0.0
306.593,2026-06-26T03:17:35.571767,61458.59,103733.16,0.79,5764.962,64035.83,0.02,0.0
306.644,2026-06-26T03:17:35.622726,61458.156,103733.16,0.829,5764.963,64035.83,0.02,0.0
306.695,2026-06-26T03:17:35.673685,61458.137,103733.16,0.81,5764.964,64035.83,0.02,0.0
306.746,2026-06-26T03:17:35.724627,61456.73,103733.16,0.797,5764.965,64035.83,0.02,0.0
306.797,2026-06-26T03:17:35.775589,61456.73,103733.16,0.788,5764.966,64035.83,0.02,0.0
306.848,2026-06-26T03:17:35.826524,61456.73,103733.16,0.782,5764.967,64035.83,0.02,0.0
306.899,2026-06-26T03:17:35.877501,61455.543,103733.16,0.777,5764.968,64035.83,0.02,0.0
306.95,2026-06-26T03:17:35.928442,61454.508,103733.16,0.774,5764.969,64035.83,0.02,0.0
307.001,2026-06-26T03:17:35.979397,61454.508,103733.16,0.772,5764.97,64035.83,0.02,0.0
307.051,2026-06-26T03:17:36.030344,61454.508,103733.16,0.77,5764.971,64035.83,0.02,0.0
307.102,2026-06-26T03:17:36.081239,61453.238,103733.16,0.769,5764.972,64035.83,0.02,0.0
307.153,2026-06-26T03:17:36.132207,61451.938,103733.16,0.769,5764.973,64035.83,0.02,0.0
307.204,2026-06-26T03:17:36.183109,61451.938,103733.16,0.814,5764.974,64035.83,0.02,0.0
307.255,2026-06-26T03:17:36.234043,61451.938,103733.16,0.8,5764.975,64035.83,0.02,0.0
307.306,2026-06-26T03:17:36.285006,61449.23,103733.16,0.836,5764.976,64035.83,0.02,0.0
307.357,2026-06-26T03:17:36.335949,61449.23,103733.16,0.815,5764.977,64035.83,0.02,0.0
307.408,2026-06-26T03:17:36.386913,61444.5,103733.16,0.847,5764.978,64036.243,0.02,8.116
307.459,2026-06-26T03:17:36.437845,61444.5,103733.16,0.823,5764.979,64037.131,0.025,17.429
307.51,2026-06-26T03:17:36.488782,61444.5,103733.16,0.852,5764.981,64037.131,0.029,0.0
307.561,2026-06-26T03:17:36.539756,61444.5,103733.16,0.688,5764.982,64037.131,0.024,0.0
307.612,2026-06-26T03:17:36.590715,61444.5,103733.16,0.482,5764.983,64037.131,0.02,0.0
307.663,2026-06-26T03:17:36.641609,61444.5,103733.16,0.337,5764.984,64037.131,0.02,0.0
307.714,2026-06-26T03:17:36.692544,61444.5,103733.16,0.236,5764.985,64037.131,0.02,0.0
307.765,2026-06-26T03:17:36.743462,61444.5,103733.16,0.165,5764.986,64037.131,0.02,0.0
307.816,2026-06-26T03:17:36.794451,61444.5,103733.16,0.116,5764.987,64037.131,0.02,0.0
307.867,2026-06-26T03:17:36.845387,61444.5,103733.16,0.081,5765.032,64037.149,0.883,0.36
307.917,2026-06-26T03:17:36.896340,61444.5,103733.16,0.057,5765.033,64037.149,0.02,0.0
307.968,2026-06-26T03:17:36.947263,61444.5,103733.16,0.04,5765.034,64037.149,0.02,0.0
308.019,2026-06-26T03:17:36.998216,61444.5,103733.16,0.028,5765.035,64037.149,0.02,0.0
308.07,2026-06-26T03:17:37.049171,61444.5,103733.16,0.019,5765.036,64037.149,0.02,0.0
308.121,2026-06-26T03:17:37.100077,61442.219,103733.16,0.06,5765.345,64037.37,6.062,4.325
308.172,2026-06-26T03:17:37.151005,61442.219,103733.16,0.042,5765.602,64037.808,5.053,8.64
308.223,2026-06-26T03:17:37.201760,61463.379,106640.348,0.214,5766.024,64038.972,8.346,22.988
308.273,2026-06-26T03:17:37.252314,61672.207,121387.52,0.382,5766.025,64038.972,0.02,0.0
308.324,2026-06-26T03:17:37.302917,62323.832,121387.52,0.498,5766.026,64038.972,0.02,0.0
308.375,2026-06-26T03:17:37.353747,62974.582,121387.52,0.579,5766.027,64038.972,0.02,0.0
308.426,2026-06-26T03:17:37.404719,63619.734,121387.52,0.635,5766.028,64038.972,0.02,0.0
308.477,2026-06-26T03:17:37.455735,64269.082,121387.52,0.674,5766.029,64038.972,0.02,0.0
308.528,2026-06-26T03:17:37.506723,64917.332,121387.52,0.748,5766.03,64038.972,0.02,0.0
308.579,2026-06-26T03:17:37.557730,65565.727,121387.52,0.753,5766.031,64038.972,0.02,0.0
308.63,2026-06-26T03:17:37.608703,66213.707,121387.52,0.803,5766.032,64038.972,0.02,0.0
308.681,2026-06-26T03:17:37.659701,66861.645,121387.52,0.792,5766.033,64038.972,0.02,0.0
308.732,2026-06-26T03:17:37.710692,67509.145,121387.52,0.784,5766.034,64038.972,0.02,0.0
308.783,2026-06-26T03:17:37.761708,68159.832,121387.52,0.779,5766.035,64038.972,0.02,0.0
308.834,2026-06-26T03:17:37.812687,68810.266,121387.52,0.775,5766.036,64038.972,0.02,0.0
308.885,2026-06-26T03:17:37.863696,69458.707,121387.52,0.772,5766.037,64038.972,0.02,0.0
308.936,2026-06-26T03:17:37.914598,70052.996,126012.207,1.927,5766.038,64039.988,0.02,20.044
308.986,2026-06-26T03:17:37.965205,70669.652,126864.895,3.666,5766.039,64052.488,0.02,247.172
309.037,2026-06-26T03:17:38.015818,70939.906,126955.52,4.319,5766.04,64061.863,0.02,184.528
309.088,2026-06-26T03:17:38.066636,70640.59,126699.52,4.455,5766.041,64061.863,0.02,0.0
309.139,2026-06-26T03:17:38.117407,70719.668,126699.52,4.735,5766.042,64061.863,0.02,0.0
309.189,2026-06-26T03:17:38.168180,70394.906,126390.52,4.469,5766.043,64061.863,0.02,0.0
309.24,2026-06-26T03:17:38.218903,70512.922,126287.52,4.79,5766.044,64061.863,0.02,0.0
309.291,2026-06-26T03:17:38.269667,70333.621,125999.52,4.646,5766.045,64086.863,0.02,492.361
309.342,2026-06-26T03:17:38.320429,70247.172,125928.52,4.177,5766.046,64111.863,0.02,493.503
309.392,2026-06-26T03:17:38.371105,70278.199,125903.52,3.848,5766.047,64161.863,0.02,985.022
309.443,2026-06-26T03:17:38.421861,70136.047,125686.52,3.479,5766.048,64161.863,0.02,0.0
309.494,2026-06-26T03:17:38.472576,70134.742,125649.02,2.944,5766.05,64199.363,0.02,740.907
309.544,2026-06-26T03:17:38.523186,70133.699,125611.52,2.432,5766.051,64236.863,0.02,740.98
309.595,2026-06-26T03:17:38.573793,70170.289,125611.52,1.933,5766.052,64236.863,0.02,0.0
309.646,2026-06-26T03:17:38.624437,70208.551,125611.52,1.631,5766.053,64236.863,0.02,0.0
309.696,2026-06-26T03:17:38.675031,70246.836,125611.52,1.419,5766.054,64236.863,0.02,0.0
309.747,2026-06-26T03:17:38.725692,70285.051,125611.52,1.179,5766.055,64236.863,0.02,0.0
309.797,2026-06-26T03:17:38.776321,70323.23,125611.52,1.103,5766.056,64236.863,0.02,0.0
309.848,2026-06-26T03:17:38.826917,70361.531,125611.52,1.003,5766.057,64236.863,0.02,0.0
309.899,2026-06-26T03:17:38.877558,70399.676,125611.52,0.934,5766.058,64236.863,0.02,0.0
309.949,2026-06-26T03:17:38.928198,70437.57,125611.52,0.885,5766.059,64236.863,0.02,0.0
310.0,2026-06-26T03:17:38.978830,70475.895,125611.52,0.897,5766.06,64236.863,0.02,0.0
310.051,2026-06-26T03:17:39.029605,70514.344,125611.52,0.813,5766.061,64236.863,0.02,0.0
310.101,2026-06-26T03:17:39.080201,70552.551,125611.52,0.847,5766.062,64236.863,0.02,0.0
310.152,2026-06-26T03:17:39.130812,70590.852,125611.52,0.824,5766.063,64236.863,0.02,0.0
310.203,2026-06-26T03:17:39.181460,70629.051,125611.52,0.855,5766.064,64236.863,0.02,0.0
310.253,2026-06-26T03:17:39.232087,70667.156,125611.52,0.784,5766.065,64236.863,0.02,0.0
310.304,2026-06-26T03:17:39.282731,70705.238,125611.52,0.78,5766.066,64236.863,0.02,0.0
310.355,2026-06-26T03:17:39.333368,70743.551,125611.52,0.824,5766.067,64236.863,0.02,0.0
310.405,2026-06-26T03:17:39.383986,70781.492,125611.52,0.808,5766.068,64236.863,0.02,0.0
310.456,2026-06-26T03:17:39.434631,70819.363,125611.52,0.797,5766.069,64236.863,0.02,0.0
310.506,2026-06-26T03:17:39.485263,70857.113,125611.52,0.79,5766.07,64236.863,0.02,0.0
310.557,2026-06-26T03:17:39.535875,70895.109,125611.52,0.784,5766.071,64236.863,0.02,0.0
310.608,2026-06-26T03:17:39.586496,70933.051,125611.52,0.781,5766.072,64236.863,0.02,0.0
310.658,2026-06-26T03:17:39.637113,70971.039,125611.52,0.778,5766.073,64236.863,0.02,0.0
310.709,2026-06-26T03:17:39.687750,71008.992,125611.52,0.776,5766.074,64236.863,0.02,0.0
310.76,2026-06-26T03:17:39.738392,71046.941,125611.52,0.775,5766.075,64236.863,0.02,0.0
310.81,2026-06-26T03:17:39.789003,71085.031,125611.52,0.82,5766.076,64236.863,0.02,0.0
310.861,2026-06-26T03:17:39.839645,71122.949,125611.52,0.759,5766.077,64236.863,0.02,0.0
310.911,2026-06-26T03:17:39.890280,71160.922,125611.52,0.763,5766.078,64236.863,0.02,0.0
310.962,2026-06-26T03:17:39.940896,71198.785,125611.52,0.765,5766.079,64236.863,0.02,0.0
311.013,2026-06-26T03:17:39.991550,71236.766,125611.52,0.814,5766.08,64236.863,0.02,0.0
311.063,2026-06-26T03:17:40.042341,71274.898,125611.52,0.754,5766.081,64236.863,0.02,0.0
311.114,2026-06-26T03:17:40.092926,71312.742,125611.52,0.806,5766.082,64236.863,0.02,0.0
311.165,2026-06-26T03:17:40.143557,71350.691,125611.52,0.796,5766.083,64236.863,0.02,0.0
311.255,2026-06-26T03:17:40.234234,71418.512,125611.52,0.893,5766.433,64236.863,3.867,0.0
311.306,2026-06-26T03:17:40.284667,71456.531,125611.52,0.903,5766.434,64236.863,0.02,0.0
311.356,2026-06-26T03:17:40.335279,71494.258,125611.52,0.864,5766.435,64236.863,0.02,0.0
311.407,2026-06-26T03:17:40.385861,71532.148,125611.52,0.79,5766.436,64236.863,0.02,0.0
311.458,2026-06-26T03:17:40.436498,71570.051,125611.52,0.831,5766.437,64236.863,0.02,0.0
311.508,2026-06-26T03:17:40.487132,71608.051,125611.52,0.813,5766.438,64236.863,0.02,0.0
311.559,2026-06-26T03:17:40.537768,71645.887,125611.52,0.801,5766.439,64236.863,0.02,0.0
311.61,2026-06-26T03:17:40.588393,71683.801,125611.52,0.792,5766.44,64236.863,0.02,0.0
311.66,2026-06-26T03:17:40.639006,71722.02,125611.52,0.786,5766.441,64236.863,0.02,0.0
311.711,2026-06-26T03:17:40.689640,71761.191,125611.52,0.828,5766.442,64236.863,0.02,0.0
311.761,2026-06-26T03:17:40.740290,71800.551,125611.52,0.811,5766.443,64236.863,0.02,0.0
311.812,2026-06-26T03:17:40.790898,71839.879,125611.52,0.799,5766.444,64236.863,0.02,0.0
311.863,2026-06-26T03:17:40.841537,71879.254,125611.52,0.791,5766.445,64236.863,0.02,0.0
311.913,2026-06-26T03:17:40.892176,71918.551,125611.52,0.739,5766.447,64236.863,0.02,0.0
311.964,2026-06-26T03:17:40.942775,71957.902,125611.52,0.795,5766.448,64236.863,0.02,0.0
312.015,2026-06-26T03:17:40.993430,71997.051,125611.52,0.741,5766.449,64236.863,0.02,0.0
312.065,2026-06-26T03:17:41.044036,72036.316,125611.52,0.797,5766.45,64236.863,0.02,0.0
312.116,2026-06-26T03:17:41.094669,72075.422,125611.52,0.789,5766.451,64236.863,0.02,0.0
312.166,2026-06-26T03:17:41.145292,72114.625,125611.52,0.784,5766.452,64236.863,0.02,0.0
312.217,2026-06-26T03:17:41.195885,72153.961,125611.52,0.78,5766.453,64236.863,0.02,0.0
312.268,2026-06-26T03:17:41.246534,72193.207,125611.52,0.778,5766.454,64236.863,0.02,0.0
312.318,2026-06-26T03:17:41.297179,72232.527,125611.52,0.776,5766.455,64236.863,0.02,0.0
312.369,2026-06-26T03:17:41.347784,72271.758,125611.52,0.774,5766.456,64236.863,0.02,0.0
312.42,2026-06-26T03:17:41.398415,72311.133,125611.52,0.774,5766.457,64236.863,0.02,0.0
312.47,2026-06-26T03:17:41.449028,72350.48,125611.52,0.773,5766.458,64236.863,0.02,0.0
312.521,2026-06-26T03:17:41.499682,72389.562,125611.52,0.819,5766.459,64236.863,0.02,0.0
312.571,2026-06-26T03:17:41.550313,72428.984,125611.52,0.758,5766.46,64236.863,0.02,0.0
312.622,2026-06-26T03:17:41.600917,72468.051,125611.52,0.808,5766.461,64236.863,0.02,0.0
312.673,2026-06-26T03:17:41.651565,72507.371,125611.52,0.844,5766.462,64236.863,0.02,0.0
312.723,2026-06-26T03:17:41.702208,72546.539,125611.52,0.822,5766.463,64236.863,0.02,0.0
312.774,2026-06-26T03:17:41.752827,72585.656,125611.52,0.761,5766.464,64236.863,0.02,0.0
312.825,2026-06-26T03:17:41.803457,72624.914,125611.52,0.81,5766.465,64236.863,0.02,0.0
312.875,2026-06-26T03:17:41.854064,72664.051,125611.52,0.799,5766.466,64236.863,0.02,0.0
312.926,2026-06-26T03:17:41.904713,72703.066,125611.52,0.791,5766.467,64236.863,0.02,0.0
312.976,2026-06-26T03:17:41.955321,72742.254,125611.52,0.785,5766.468,64236.863,0.02,0.0
313.027,2026-06-26T03:17:42.005937,72781.488,125611.52,0.827,5766.469,64236.863,0.02,0.0
313.078,2026-06-26T03:17:42.056584,72820.656,125611.52,0.811,5766.47,64236.863,0.02,0.0
313.128,2026-06-26T03:17:42.107212,72859.773,125611.52,0.799,5766.471,64236.863,0.02,0.0
313.179,2026-06-26T03:17:42.157830,72899.051,125611.52,0.791,5766.472,64236.863,0.02,0.0
313.23,2026-06-26T03:17:42.208460,72938.289,125611.52,0.785,5766.473,64236.863,0.02,0.0
313.28,2026-06-26T03:17:42.259072,72977.551,125611.52,0.827,5766.474,64236.863,0.02,0.0
313.331,2026-06-26T03:17:42.309717,73016.734,125611.52,0.764,5766.475,64236.863,0.02,0.0
313.381,2026-06-26T03:17:42.360333,73056.027,125611.52,0.766,5766.476,64236.863,0.02,0.0
313.432,2026-06-26T03:17:42.410959,73095.27,125611.52,0.768,5766.477,64236.863,0.02,0.0
313.483,2026-06-26T03:17:42.461603,73134.551,125611.52,0.769,5766.478,64236.863,0.02,0.0
313.533,2026-06-26T03:17:42.512216,73173.77,125611.52,0.816,5766.479,64236.863,0.02,0.0
313.584,2026-06-26T03:17:42.562812,73213.051,125611.52,0.756,5766.48,64236.863,0.02,0.0
313.635,2026-06-26T03:17:42.613441,73252.227,125611.52,0.807,5766.481,64236.863,0.02,0.0
313.685,2026-06-26T03:17:42.664100,73291.551,125611.52,0.749,5766.482,64236.863,0.02,0.0
313.736,2026-06-26T03:17:42.715175,73331.051,125611.52,0.8,5766.483,64236.863,0.02,0.0
313.787,2026-06-26T03:17:42.766219,73370.582,125611.52,0.79,5766.484,64236.863,0.02,0.0
313.838,2026-06-26T03:17:42.817223,73410.094,125611.52,0.783,5766.485,64236.863,0.02,0.0
313.889,2026-06-26T03:17:42.868217,73449.578,125611.52,0.823,5766.487,64236.863,0.02,0.0
313.94,2026-06-26T03:17:42.919247,73462.551,125611.52,0.622,5766.488,64236.863,0.02,0.0
313.991,2026-06-26T03:17:42.970210,73501.512,125611.52,0.666,5766.489,64236.863,0.02,0.0
314.042,2026-06-26T03:17:43.021219,73523.516,125611.52,0.696,5766.49,64236.863,0.02,0.0
314.093,2026-06-26T03:17:43.072215,73547.766,125611.52,0.717,5766.491,64236.863,0.02,0.0
314.144,2026-06-26T03:17:43.123197,73579.625,125611.52,0.732,5766.492,64236.863,0.02,0.0
314.195,2026-06-26T03:17:43.174181,73613.895,125611.52,0.788,5766.493,64236.863,0.02,0.0
314.246,2026-06-26T03:17:43.225129,73643.051,125611.52,0.827,5766.494,64236.863,0.02,0.0
314.297,2026-06-26T03:17:43.276116,73678.051,125611.52,0.763,5766.495,64236.863,0.02,0.0
314.348,2026-06-26T03:17:43.327092,73711.699,125611.52,0.81,5766.496,64236.863,0.02,0.0
314.399,2026-06-26T03:17:43.378077,73749.723,125611.52,0.797,5766.497,64236.863,0.02,0.0
314.45,2026-06-26T03:17:43.429063,73788.117,125611.52,0.788,5766.498,64236.863,0.02,0.0
314.501,2026-06-26T03:17:43.480049,73591.551,125611.52,0.781,5766.499,64236.863,0.02,0.0
314.552,2026-06-26T03:17:43.531026,72116.824,125611.52,0.822,5766.5,64236.863,0.02,0.0
314.603,2026-06-26T03:17:43.582017,70649.551,125611.52,0.852,5766.501,64236.863,0.02,0.0
314.654,2026-06-26T03:17:43.632986,69187.551,125611.52,0.826,5766.502,64236.863,0.02,0.0
314.705,2026-06-26T03:17:43.683979,67729.551,125611.52,0.808,5766.503,64236.863,0.02,0.0
314.756,2026-06-26T03:17:43.734943,66271.551,125611.52,0.796,5766.504,64236.863,0.02,0.0
314.807,2026-06-26T03:17:43.785923,65992.18,125395.52,0.879,5766.505,64236.863,0.02,0.0
314.858,2026-06-26T03:17:43.836907,66690.109,125395.52,1.121,5766.506,64236.863,0.02,0.0
314.909,2026-06-26T03:17:43.887900,67379.176,125395.52,1.198,5766.507,64236.863,0.02,0.0
314.96,2026-06-26T03:17:43.938869,68073.238,125395.52,1.344,5766.508,64236.863,0.02,0.0
315.011,2026-06-26T03:17:43.989877,68773.652,125395.52,1.401,5766.509,64236.863,0.02,0.0
315.062,2026-06-26T03:17:44.040832,69483.051,125395.52,1.44,5766.51,64236.863,0.02,0.0
315.113,2026-06-26T03:17:44.091844,69807.93,127339.52,1.468,5766.511,64236.863,0.02,0.0
315.164,2026-06-26T03:17:44.142817,69881.266,127339.52,1.533,5766.512,64236.863,0.02,0.0
315.215,2026-06-26T03:17:44.193816,69965.289,127339.52,1.579,5766.513,64236.863,0.02,0.0
315.266,2026-06-26T03:17:44.244803,70049.836,127339.52,1.565,5766.514,64236.863,0.02,0.0
315.317,2026-06-26T03:17:44.295790,70134.121,127339.52,1.555,5766.515,64236.863,0.02,0.0
315.368,2026-06-26T03:17:44.346795,70218.602,127339.52,1.594,5766.516,64236.863,0.02,0.0
315.419,2026-06-26T03:17:44.397799,70303.262,127339.52,1.576,5766.517,64236.863,0.02,0.0
315.47,2026-06-26T03:17:44.448772,70387.582,127339.52,1.563,5766.518,64236.863,0.02,0.0
315.521,2026-06-26T03:17:44.499767,70472.32,127339.52,1.554,5766.519,64236.863,0.02,0.0
315.572,2026-06-26T03:17:44.550738,70556.773,127339.52,1.547,5766.52,64236.863,0.02,0.0
315.623,2026-06-26T03:17:44.601740,70641.324,127339.52,1.589,5766.521,64236.863,0.02,0.0
315.674,2026-06-26T03:17:44.652715,70726.035,127339.52,1.618,5766.522,64236.863,0.02,0.0
315.725,2026-06-26T03:17:44.703705,70810.676,127339.52,1.592,5766.523,64236.863,0.02,0.0
315.776,2026-06-26T03:17:44.754691,70895.43,127339.52,1.574,5766.524,64236.863,0.02,0.0
315.827,2026-06-26T03:17:44.805687,70980.184,127339.52,1.562,5766.525,64236.863,0.02,0.0
315.878,2026-06-26T03:17:44.856677,71064.723,127339.52,1.553,5766.527,64236.863,0.02,0.0
315.929,2026-06-26T03:17:44.907671,71149.266,127339.52,1.593,5766.528,64236.863,0.02,0.0
315.98,2026-06-26T03:17:44.958643,71233.57,127339.52,1.574,5766.529,64236.863,0.02,0.0
316.031,2026-06-26T03:17:45.009656,71317.918,127339.52,1.562,5766.53,64236.863,0.02,0.0
316.082,2026-06-26T03:17:45.060648,71402.098,127339.52,1.599,5766.531,64236.863,0.02,0.0
316.133,2026-06-26T03:17:45.111645,71486.137,127339.52,1.533,5766.532,64236.863,0.02,0.0
316.184,2026-06-26T03:17:45.162615,71570.148,127339.52,1.533,5766.533,64236.863,0.02,0.0
316.305,2026-06-26T03:17:45.283745,71769.98,127339.52,1.713,5766.882,64236.863,2.898,0.0
316.355,2026-06-26T03:17:45.334190,71853.289,127339.52,1.663,5766.883,64236.863,0.02,0.0
316.406,2026-06-26T03:17:45.384791,71936.68,127339.52,1.626,5766.884,64236.863,0.02,0.0
316.457,2026-06-26T03:17:45.435476,72020.309,127339.52,1.6,5766.885,64236.863,0.02,0.0
316.507,2026-06-26T03:17:45.486260,72104.238,127339.52,1.581,5766.886,64236.863,0.02,0.0
316.558,2026-06-26T03:17:45.537294,72188.496,127339.52,1.611,5766.887,64236.863,0.02,0.0
316.61,2026-06-26T03:17:45.588412,72272.52,127339.52,1.541,5766.889,64236.863,0.02,0.0
316.661,2026-06-26T03:17:45.639493,72356.504,127339.52,1.583,5766.89,64236.863,0.02,0.0
316.712,2026-06-26T03:17:45.690634,72440.512,127339.52,1.566,5766.891,64236.863,0.02,0.0
316.763,2026-06-26T03:17:45.741733,72524.648,127339.52,1.601,5766.892,64236.863,0.02,0.0
316.814,2026-06-26T03:17:45.792844,72608.883,127339.52,1.579,5766.893,64236.863,0.02,0.0
316.865,2026-06-26T03:17:45.843936,72692.941,127339.52,1.61,5766.894,64236.863,0.02,0.0
316.916,2026-06-26T03:17:45.895042,72776.82,127339.52,1.586,5766.895,64236.863,0.02,0.0
316.967,2026-06-26T03:17:45.946194,72860.672,127339.52,1.568,5766.896,64236.863,0.02,0.0
317.018,2026-06-26T03:17:45.997257,72944.715,127339.52,1.557,5766.897,64236.863,0.02,0.0
317.07,2026-06-26T03:17:46.048381,73028.789,127339.52,1.548,5766.898,64236.863,0.02,0.0
317.121,2026-06-26T03:17:46.099491,73112.852,127339.52,1.589,5766.899,64236.863,0.02,0.0
317.172,2026-06-26T03:17:46.150476,73196.664,127339.52,1.572,5766.9,64236.863,0.02,0.0
317.223,2026-06-26T03:17:46.201479,73280.496,127339.52,1.56,5766.901,64236.863,0.02,0.0
317.274,2026-06-26T03:17:46.252458,73364.148,127339.52,1.644,5766.902,64236.863,0.02,0.0
317.325,2026-06-26T03:17:46.303444,73448.012,127339.52,1.61,5766.903,64236.863,0.02,0.0
317.376,2026-06-26T03:17:46.354430,73531.766,127339.52,1.587,5766.904,64236.863,0.02,0.0
317.427,2026-06-26T03:17:46.405444,73615.762,127339.52,1.57,5766.905,64236.863,0.02,0.0
317.478,2026-06-26T03:17:46.456418,73699.648,127339.52,1.559,5766.906,64236.863,0.02,0.0
317.529,2026-06-26T03:17:46.507428,73783.469,127339.52,1.551,5766.907,64236.863,0.02,0.0
317.58,2026-06-26T03:17:46.558371,73867.043,127339.52,1.545,5766.908,64236.863,0.02,0.0
317.631,2026-06-26T03:17:46.609394,73747.715,127339.52,1.587,5766.909,64236.863,0.02,0.0
317.682,2026-06-26T03:17:46.660359,72330.602,127339.52,1.571,5766.91,64236.863,0.02,0.0
317.732,2026-06-26T03:17:46.711341,70925.238,127339.52,1.559,5766.911,64236.863,0.02,0.0
317.783,2026-06-26T03:17:46.762318,70483.676,127460.77,1.644,5766.912,64236.863,0.02,0.0
317.834,2026-06-26T03:17:46.813262,71204.578,127460.77,1.886,5766.913,64236.863,0.02,0.0
317.885,2026-06-26T03:17:46.864229,71949.168,127460.77,2.056,5766.914,64236.863,0.02,0.0
317.936,2026-06-26T03:17:46.915215,72661.762,127460.77,2.175,5766.915,64236.863,0.02,0.0
317.987,2026-06-26T03:17:46.966207,73365.633,127460.77,2.212,5766.916,64358.113,0.02,2376.779
318.038,2026-06-26T03:17:47.017193,74088.625,127582.02,2.238,5766.917,64358.113,0.02,0.0
318.089,2026-06-26T03:17:47.068129,74537.309,129526.02,2.302,5766.918,64358.113,0.02,0.0
318.14,2026-06-26T03:17:47.119118,74652.34,129526.02,2.301,5766.919,64358.113,0.02,0.0
318.191,2026-06-26T03:17:47.170101,74625.879,129404.77,2.301,5766.92,64358.113,0.02,0.0
318.242,2026-06-26T03:17:47.221062,74709.16,129404.77,2.3,5766.921,64358.113,0.02,0.0
318.293,2026-06-26T03:17:47.272059,74792.777,129404.77,2.3,5766.922,64479.363,0.02,2379.882
318.344,2026-06-26T03:17:47.323033,74912.914,129526.02,2.345,5766.923,64479.363,0.02,0.0
318.395,2026-06-26T03:17:47.374034,75042.129,129526.02,2.331,5766.924,64479.363,0.02,0.0
318.446,2026-06-26T03:17:47.425018,75060.797,129526.02,2.367,5766.925,64479.363,0.02,0.0
318.497,2026-06-26T03:17:47.475997,75126.957,129404.77,2.346,5766.927,64479.363,0.02,0.0
318.548,2026-06-26T03:17:47.526991,75210.477,129404.77,2.332,5766.928,64479.363,0.02,0.0
318.599,2026-06-26T03:17:47.577968,75302.234,129526.02,2.322,5766.929,64600.613,0.02,2379.581
318.65,2026-06-26T03:17:47.628931,75432.789,129526.02,2.361,5766.93,64600.613,0.02,0.0
318.701,2026-06-26T03:17:47.679931,75563.422,129526.02,2.343,5766.931,64600.613,0.02,0.0
318.752,2026-06-26T03:17:47.730896,75544.508,129404.77,2.421,5766.932,64600.613,0.02,0.0
318.803,2026-06-26T03:17:47.781915,75628.207,129404.77,2.338,5766.933,64600.613,0.02,0.0
318.854,2026-06-26T03:17:47.832890,75712.004,129404.77,2.372,5766.934,64721.863,0.02,2377.901
318.905,2026-06-26T03:17:47.883885,75827.109,129526.02,2.442,5766.935,64721.863,0.02,0.0
318.956,2026-06-26T03:17:47.934871,75957.039,129526.02,2.353,5766.936,64721.863,0.02,0.0
319.007,2026-06-26T03:17:47.985859,76037.906,129526.02,2.381,5766.937,64721.863,0.02,0.0
319.058,2026-06-26T03:17:48.036928,76046.125,129404.77,2.356,5766.938,64721.863,0.02,0.0
319.109,2026-06-26T03:17:48.087923,76129.754,129404.77,2.385,5766.939,64721.863,0.02,0.0
319.16,2026-06-26T03:17:48.138920,76220.012,129526.02,2.358,5766.94,64843.113,0.02,2376.779
319.211,2026-06-26T03:17:48.189925,76350.453,129526.02,2.341,5766.941,64843.113,0.02,0.0
319.262,2026-06-26T03:17:48.240902,76479.805,129526.02,2.327,5766.942,64843.113,0.02,0.0
319.313,2026-06-26T03:17:48.291912,76462.523,129404.77,2.319,5766.943,64843.113,0.02,0.0
319.364,2026-06-26T03:17:48.342887,76546.004,129404.77,2.359,5766.944,64843.113,0.02,0.0
319.415,2026-06-26T03:17:48.393888,76629.684,129404.77,2.341,5766.945,64964.363,0.02,2377.757
319.466,2026-06-26T03:17:48.444865,76742.863,129526.02,2.374,5766.946,64964.363,0.02,0.0
319.517,2026-06-26T03:17:48.495867,76191.699,129526.02,2.351,5766.947,64964.363,0.02,0.0
319.568,2026-06-26T03:17:48.546852,75674.254,129526.02,2.289,5766.948,64964.363,0.02,0.0
319.619,2026-06-26T03:17:48.597826,75062.254,129526.02,1.833,5766.949,64964.363,0.02,0.0
319.67,2026-06-26T03:17:48.648779,74338.254,129526.02,1.558,5766.95,64964.363,0.02,0.0
319.721,2026-06-26T03:17:48.699780,73578.254,129526.02,1.367,5766.951,64964.363,0.02,0.0
319.772,2026-06-26T03:17:48.750759,72818.254,129526.02,1.186,5766.952,64964.363,0.02,0.0
319.823,2026-06-26T03:17:48.801753,72733.582,125308.77,1.336,5766.953,64964.363,0.02,0.0
319.874,2026-06-26T03:17:48.852732,72773.035,125308.77,1.349,5766.954,64964.363,0.02,0.0
319.925,2026-06-26T03:17:48.903721,72816.504,125430.02,1.404,5766.955,65085.613,0.02,2377.057
319.976,2026-06-26T03:17:48.954711,72903.199,125430.02,1.488,5766.956,65085.613,0.02,0.0
320.027,2026-06-26T03:17:49.005734,72989.137,125430.02,1.639,5766.957,65085.613,0.02,0.0
320.078,2026-06-26T03:17:49.056708,72929.219,125308.77,1.883,5766.958,65085.613,0.02,0.0
320.129,2026-06-26T03:17:49.107708,72966.98,125308.77,2.054,5766.959,65085.613,0.02,0.0
320.18,2026-06-26T03:17:49.158670,73004.852,125308.77,2.127,5766.96,65206.863,0.02,2375.78
320.231,2026-06-26T03:17:49.209699,73068.137,125430.02,2.178,5766.961,65206.863,0.02,0.0
320.282,2026-06-26T03:17:49.260682,73152.09,125430.02,2.214,5766.963,65206.863,0.02,0.0
320.333,2026-06-26T03:17:49.311694,73233.082,125430.02,2.285,5766.964,65206.863,0.02,0.0
320.384,2026-06-26T03:17:49.362673,73156.164,125308.77,2.289,5766.965,65206.863,0.02,0.0
320.435,2026-06-26T03:17:49.413670,73193.105,125308.77,2.338,5766.966,65206.863,0.02,0.0
320.486,2026-06-26T03:17:49.464667,73230.535,125308.77,2.28,5766.967,65328.113,0.02,2377.357
320.537,2026-06-26T03:17:49.515665,73307.016,125430.02,2.286,5766.968,65328.113,0.02,0.0
320.588,2026-06-26T03:17:49.566622,73388.426,125430.02,2.335,5766.969,65328.113,0.02,0.0
320.639,2026-06-26T03:17:49.617614,73385.754,125430.02,2.325,5766.97,65328.113,0.02,0.0
320.69,2026-06-26T03:17:49.668582,73379.074,125308.77,2.363,5766.971,65328.113,0.02,0.0
320.741,2026-06-26T03:17:49.719600,73416.363,125308.77,2.297,5766.972,65328.113,0.02,0.0
320.792,2026-06-26T03:17:49.770580,73458.227,125430.02,2.344,5766.973,65449.363,0.02,2378.602
320.843,2026-06-26T03:17:49.821569,73539.953,125430.02,2.376,5766.974,65449.363,0.02,0.0
320.894,2026-06-26T03:17:49.872555,72924.504,125430.02,2.307,5766.975,65449.363,0.02,0.0
320.945,2026-06-26T03:17:49.923553,71518.254,125430.02,2.304,5766.976,65449.363,0.02,0.0
320.996,2026-06-26T03:17:49.974526,70078.254,125430.02,1.981,5766.977,65449.363,0.02,0.0
321.047,2026-06-26T03:17:50.025528,69663.969,124968.77,1.892,5766.978,65449.363,0.02,0.0
321.098,2026-06-26T03:17:50.076479,69723.855,124968.77,2.014,5766.979,65449.363,0.02,0.0
321.149,2026-06-26T03:17:50.127490,69784.094,124968.77,2.145,5766.98,65570.613,0.02,2378.858
321.2,2026-06-26T03:17:50.178468,69878.477,125090.02,2.191,5766.981,65570.613,0.02,0.0
321.321,2026-06-26T03:17:50.299751,69988.539,124968.77,2.386,5767.331,65570.613,2.894,0.0
321.371,2026-06-26T03:17:50.350194,70048.688,124968.77,2.412,5767.332,65570.613,0.02,0.0
321.422,2026-06-26T03:17:50.400807,70108.887,124968.77,2.382,5767.333,65570.613,0.02,0.0
321.473,2026-06-26T03:17:50.451464,70169.359,124968.77,2.315,5767.334,65570.613,0.02,0.0
321.523,2026-06-26T03:17:50.502241,70229.551,124968.77,2.358,5767.335,65691.863,0.02,2383.429
321.574,2026-06-26T03:17:50.553135,70322.152,125090.02,2.34,5767.336,65691.863,0.02,0.0
321.625,2026-06-26T03:17:50.604118,70446.82,125090.02,2.37,5767.337,65691.863,0.017,0.0
321.686,2026-06-26T03:17:50.664998,70435.355,125090.02,2.394,5767.338,65691.863,0.02,0.0
321.737,2026-06-26T03:17:50.716005,70482.941,124968.77,2.365,5767.339,65691.863,0.02,0.0
321.788,2026-06-26T03:17:50.766984,70543.93,124968.77,2.345,5767.34,65691.863,0.02,0.0
321.839,2026-06-26T03:17:50.817977,70604.621,124968.77,2.377,5767.341,65813.113,0.02,2378.313
321.89,2026-06-26T03:17:50.868958,70687.293,125090.02,2.354,5767.342,65813.113,0.02,0.0
321.941,2026-06-26T03:17:50.919944,70792.512,125090.02,2.383,5767.343,65813.113,0.02,0.0
321.992,2026-06-26T03:17:50.970944,70899.684,125090.02,2.357,5767.344,65813.113,0.02,0.0
322.043,2026-06-26T03:17:51.021950,70849.715,124968.77,2.386,5767.345,65813.113,0.02,0.0
322.094,2026-06-26T03:17:51.072904,70912.137,124968.77,2.36,5767.346,65813.113,0.02,0.0
322.145,2026-06-26T03:17:51.123903,70974.707,124968.77,2.342,5767.347,65934.363,0.02,2379.693
322.196,2026-06-26T03:17:51.174854,71074.191,125090.02,2.328,5767.348,65934.363,0.02,0.0
322.247,2026-06-26T03:17:51.225868,71183.156,125090.02,2.366,5767.349,65934.363,0.02,0.0
322.298,2026-06-26T03:17:51.276838,71168.41,125090.02,2.345,5767.35,65934.363,0.02,0.0
322.349,2026-06-26T03:17:51.327836,71223.109,124968.77,2.377,5767.351,65934.363,0.02,0.0
322.4,2026-06-26T03:17:51.378811,71285.09,124968.77,2.354,5767.352,65934.363,0.02,0.0
322.451,2026-06-26T03:17:51.429801,71355.547,125090.02,2.337,5767.353,66055.613,0.02,2377.835
322.502,2026-06-26T03:17:51.480788,71464.824,125090.02,2.371,5767.354,66055.613,0.02,0.0
322.553,2026-06-26T03:17:51.531785,71574.27,125090.02,2.35,5767.355,66055.613,0.02,0.0
322.604,2026-06-26T03:17:51.582759,71533.262,124968.77,2.334,5767.356,66055.613,0.02,0.0
322.655,2026-06-26T03:17:51.633759,71595.379,124968.77,2.37,5767.357,66055.613,0.02,0.0
322.706,2026-06-26T03:17:51.684713,71657.195,124968.77,2.348,5767.359,66176.863,0.02,2378.19
322.757,2026-06-26T03:17:51.735709,71236.785,124968.77,2.379,5767.36,66176.863,0.02,0.0
322.808,2026-06-26T03:17:51.786691,70558.418,124968.77,2.355,5767.361,66176.863,0.02,0.0
322.859,2026-06-26T03:17:51.837685,69901.863,123028.77,2.384,5767.362,66176.863,0.02,0.0
322.91,2026-06-26T03:17:51.888671,69963.809,123028.77,2.358,5767.363,66176.863,0.02,0.0
322.961,2026-06-26T03:17:51.939674,70025.305,123028.77,2.386,5767.364,66176.863,0.02,0.0
323.012,2026-06-26T03:17:51.990667,70086.113,123028.77,2.314,5767.365,66176.863,0.02,0.0
323.063,2026-06-26T03:17:52.041668,70146.586,123028.77,2.309,5767.366,66176.863,0.02,0.0
323.114,2026-06-26T03:17:52.092621,70207.844,123028.77,2.352,5767.367,66176.863,0.02,0.0
323.165,2026-06-26T03:17:52.143638,70269.719,123028.77,2.428,5767.368,66176.863,0.02,0.0
323.216,2026-06-26T03:17:52.194627,70331.344,123028.77,2.389,5767.369,66176.863,0.02,0.0
323.267,2026-06-26T03:17:52.245634,70393.0,123028.77,2.362,5767.37,66176.863,0.02,0.0
323.318,2026-06-26T03:17:52.296610,70333.047,122907.52,2.343,5767.371,66176.863,0.02,0.0
323.369,2026-06-26T03:17:52.347609,70158.035,122907.52,2.191,5767.372,66176.863,0.02,0.0
323.42,2026-06-26T03:17:52.398613,69428.809,122907.52,1.947,5767.373,66176.863,0.02,0.0
323.471,2026-06-26T03:17:52.449613,68763.547,122907.52,1.823,5767.374,66176.863,0.02,0.0
323.522,2026-06-26T03:17:52.500577,68498.324,120967.52,1.782,5767.375,66176.863,0.02,0.0
323.573,2026-06-26T03:17:52.551584,68517.141,120967.52,1.707,5767.376,66176.863,0.02,0.0
323.624,2026-06-26T03:17:52.602529,68535.988,120967.52,1.655,5767.377,66176.863,0.02,0.0
323.675,2026-06-26T03:17:52.653544,68554.824,120967.52,1.618,5767.378,66176.863,0.02,0.0
323.726,2026-06-26T03:17:52.704519,68573.75,120967.52,1.638,5767.379,66176.863,0.02,0.0
323.777,2026-06-26T03:17:52.755518,68592.652,120967.52,1.652,5767.38,66176.863,0.02,0.0
323.828,2026-06-26T03:17:52.806511,68611.355,120967.52,1.616,5767.381,66176.863,0.02,0.0
323.879,2026-06-26T03:17:52.857509,68630.137,120967.52,1.545,5767.382,66176.863,0.02,0.0
323.93,2026-06-26T03:17:52.908496,68640.578,120967.52,1.495,5767.383,66176.863,0.02,0.0
323.981,2026-06-26T03:17:52.959498,68645.184,121725.332,1.047,5767.384,66176.863,0.02,0.0
324.032,2026-06-26T03:17:53.010509,68683.133,121725.332,1.192,5767.385,66176.863,0.02,0.0
324.083,2026-06-26T03:17:53.061512,68720.957,121725.332,1.34,5767.386,66176.863,0.02,0.0
324.134,2026-06-26T03:17:53.112481,68758.711,121725.332,1.398,5767.387,66176.863,0.02,0.0
324.185,2026-06-26T03:17:53.163489,68796.559,121725.332,1.53,5767.388,66176.863,0.02,0.0
324.236,2026-06-26T03:17:53.214434,68834.332,121725.332,1.485,5767.389,66176.863,0.02,0.0
324.287,2026-06-26T03:17:53.265412,68872.047,121725.332,1.545,5767.39,66176.863,0.02,0.0
324.338,2026-06-26T03:17:53.316397,68909.844,121725.332,1.541,5767.391,66176.863,0.02,0.0
324.389,2026-06-26T03:17:53.367396,68947.535,121725.332,1.539,5767.392,66176.863,0.02,0.0
324.44,2026-06-26T03:17:53.418367,68985.258,121725.332,1.537,5767.393,66176.863,0.02,0.0
324.491,2026-06-26T03:17:53.469375,69023.086,121725.332,1.582,5767.395,66176.863,0.02,0.0
324.541,2026-06-26T03:17:53.520340,69060.758,121725.332,1.521,5767.396,66176.863,0.02,0.0
324.592,2026-06-26T03:17:53.571348,69098.559,121725.332,1.57,5767.397,66176.863,0.02,0.0
324.643,2026-06-26T03:17:53.622311,69136.297,121725.332,1.559,5767.398,66176.863,0.02,0.0
324.694,2026-06-26T03:17:53.673258,69173.961,121725.332,1.551,5767.399,66176.863,0.02,0.0
324.745,2026-06-26T03:17:53.724211,69211.766,121725.332,1.592,5767.4,66176.863,0.02,0.0
324.796,2026-06-26T03:17:53.775202,69249.395,121725.332,1.528,5767.401,66176.863,0.02,0.0
324.847,2026-06-26T03:17:53.826183,69287.109,121725.332,1.575,5767.402,66176.863,0.02,0.0
324.898,2026-06-26T03:17:53.877134,69324.891,121725.332,1.562,5767.403,66176.863,0.02,0.0
324.949,2026-06-26T03:17:53.928124,69362.59,121725.332,1.599,5767.404,66176.863,0.02,0.0
325.0,2026-06-26T03:17:53.979092,69400.418,121725.332,1.625,5767.405,66176.863,0.02,0.0
325.051,2026-06-26T03:17:54.030094,69438.238,121725.332,1.597,5767.406,66176.863,0.02,0.0
325.102,2026-06-26T03:17:54.081064,69476.008,121725.332,1.578,5767.407,66176.863,0.02,0.0
325.153,2026-06-26T03:17:54.132062,69513.836,121725.332,1.564,5767.408,66176.863,0.02,0.0
325.204,2026-06-26T03:17:54.183026,69551.676,121725.332,1.554,5767.409,66176.863,0.02,0.0
325.255,2026-06-26T03:17:54.234025,69589.297,121725.332,1.594,5767.41,66176.863,0.02,0.0
325.306,2026-06-26T03:17:54.285000,69617.996,121725.332,1.575,5767.411,66176.863,0.02,0.0
325.357,2026-06-26T03:17:54.336014,69651.289,121725.332,1.562,5767.412,66176.863,0.02,0.0
325.408,2026-06-26T03:17:54.386993,69682.863,121725.332,1.599,5767.413,66176.863,0.02,0.0
325.459,2026-06-26T03:17:54.437974,69394.391,121725.332,1.625,5767.414,66176.863,0.02,0.0
325.51,2026-06-26T03:17:54.488957,68665.059,121725.332,1.597,5767.415,66176.863,0.02,0.0
325.561,2026-06-26T03:17:54.539957,67931.891,121725.332,1.578,5767.416,66176.863,0.02,0.0
325.612,2026-06-26T03:17:54.590932,67196.691,121725.332,1.564,5767.417,66176.863,0.02,0.0
325.663,2026-06-26T03:17:54.641919,66459.582,121725.332,1.601,5767.418,66176.863,0.02,0.0
325.714,2026-06-26T03:17:54.692881,65722.531,121725.332,1.534,5767.419,66176.863,0.02,0.0
325.765,2026-06-26T03:17:54.743893,65727.574,117629.332,1.534,5767.42,66176.863,0.02,0.0
325.816,2026-06-26T03:17:54.794876,65746.715,117629.332,1.579,5767.421,66176.863,0.02,0.0
325.867,2026-06-26T03:17:54.845869,65765.855,117629.332,1.611,5767.422,66176.863,0.02,0.0
325.918,2026-06-26T03:17:54.896852,65784.996,117629.332,1.588,5767.423,66176.863,0.02,0.0
325.969,2026-06-26T03:17:54.947831,65804.059,117629.332,1.571,5767.424,66176.863,0.02,0.0
326.02,2026-06-26T03:17:54.998841,65823.207,117629.332,1.605,5767.425,66176.863,0.02,0.0
326.071,2026-06-26T03:17:55.049831,65517.871,117629.332,1.537,5767.426,66176.863,0.02,0.0
326.122,2026-06-26T03:17:55.100793,64925.871,117629.332,1.536,5767.427,66176.863,0.02,0.0
326.173,2026-06-26T03:17:55.151787,64235.871,117629.332,1.535,5767.428,66176.863,0.02,0.0
326.224,2026-06-26T03:17:55.202728,63891.871,115689.332,1.534,5767.429,66176.863,0.02,0.0
326.344,2026-06-26T03:17:55.323309,63891.871,115689.332,1.678,5767.779,66176.863,2.907,0.0
326.395,2026-06-26T03:17:55.373741,63891.871,115689.332,1.638,5767.78,66176.863,0.02,0.0
326.446,2026-06-26T03:17:55.424387,63891.871,115689.332,1.609,5767.781,66176.863,0.02,0.0
326.496,2026-06-26T03:17:55.475101,63891.871,115689.332,1.588,5767.782,66176.863,0.02,0.0
326.547,2026-06-26T03:17:55.525908,63891.871,115689.332,1.573,5767.783,66176.863,0.02,0.0
326.598,2026-06-26T03:17:55.576715,63891.871,115689.332,1.562,5767.784,66176.863,0.02,0.0
326.649,2026-06-26T03:17:55.627710,63891.871,115689.332,1.553,5767.785,66176.863,0.02,0.0
326.7,2026-06-26T03:17:55.678697,64166.547,124681.332,1.592,5767.786,66176.863,0.02,0.0
326.751,2026-06-26T03:17:55.729695,64877.531,124681.332,1.621,5767.787,66176.863,0.02,0.0
326.802,2026-06-26T03:17:55.780662,65588.75,124681.332,1.548,5767.788,66176.863,0.02,0.0
326.853,2026-06-26T03:17:55.831675,66299.27,124681.332,1.589,5767.789,66176.863,0.02,0.0
326.904,2026-06-26T03:17:55.882658,67017.352,124681.332,1.618,5767.79,66176.863,0.02,0.0
326.955,2026-06-26T03:17:55.933656,67731.898,124681.332,1.592,5767.791,66176.863,0.02,0.0
327.006,2026-06-26T03:17:55.984633,68446.691,124681.332,1.574,5767.792,66176.863,0.02,0.0
327.057,2026-06-26T03:17:56.035643,69156.617,124681.332,1.607,5767.793,66176.863,0.02,0.0
327.108,2026-06-26T03:17:56.086632,69869.578,124681.332,1.585,5767.794,66176.863,0.02,0.0
327.159,2026-06-26T03:17:56.137629,70593.402,124681.332,1.569,5767.795,66176.863,0.02,0.0
327.21,2026-06-26T03:17:56.188607,71329.602,124681.332,1.558,5767.796,66176.863,0.02,0.0
327.261,2026-06-26T03:17:56.239610,72061.707,124681.332,1.55,5767.797,66176.863,0.02,0.0
327.312,2026-06-26T03:17:56.290573,72711.941,124685.332,1.545,5767.798,66176.863,0.02,0.0
327.363,2026-06-26T03:17:56.341594,72780.836,128781.332,1.587,5767.799,66176.863,0.02,0.0
327.414,2026-06-26T03:17:56.392574,72869.457,128781.332,1.617,5767.8,66176.863,0.02,0.0
327.465,2026-06-26T03:17:56.443573,72960.094,128781.332,1.591,5767.801,66176.863,0.02,0.0
327.516,2026-06-26T03:17:56.494559,73048.242,128831.332,1.574,5767.802,66176.863,0.02,0.0
327.567,2026-06-26T03:17:56.545560,72651.484,128831.332,1.561,5767.803,66176.863,0.02,0.0
327.618,2026-06-26T03:17:56.596535,72343.484,128031.332,1.553,5767.804,66176.863,0.02,0.0
327.669,2026-06-26T03:17:56.647529,72381.746,128031.332,1.592,5767.805,66176.863,0.02,0.0
327.72,2026-06-26T03:17:56.698502,72419.855,128031.332,1.574,5767.806,66176.863,0.02,0.0
327.771,2026-06-26T03:17:56.749510,72457.883,128031.332,1.562,5767.807,66176.863,0.02,0.0
327.822,2026-06-26T03:17:56.800493,72506.02,128831.332,1.553,5767.808,66226.863,0.02,979.904
327.873,2026-06-26T03:17:56.851511,72593.992,128831.332,1.546,5767.809,66226.863,0.02,0.0
327.924,2026-06-26T03:17:56.902489,72682.578,128831.332,1.634,5767.811,66226.863,0.02,0.0
327.975,2026-06-26T03:17:56.953482,72770.715,128831.332,1.557,5767.812,66226.863,0.02,0.0
328.026,2026-06-26T03:17:57.004478,72858.855,128831.332,1.596,5767.813,66226.863,0.02,0.0
328.077,2026-06-26T03:17:57.055492,72947.922,128831.332,1.577,5767.814,66226.863,0.02,0.0
328.128,2026-06-26T03:17:57.106476,73037.352,128831.332,1.563,5767.815,66226.863,0.02,0.0
328.179,2026-06-26T03:17:57.157480,73126.891,128831.332,1.646,5767.816,66226.863,0.02,0.0
328.23,2026-06-26T03:17:57.208439,73216.066,128831.332,1.566,5767.817,66226.863,0.02,0.0
328.281,2026-06-26T03:17:57.259445,73305.59,128831.332,1.602,5767.818,66226.863,0.02,0.0
328.332,2026-06-26T03:17:57.310433,73394.699,128831.332,1.581,5767.819,66226.863,0.02,0.0
328.383,2026-06-26T03:17:57.361429,73484.309,128831.332,1.612,5767.82,66226.863,0.02,0.0
328.434,2026-06-26T03:17:57.412404,73573.652,128831.332,1.588,5767.821,66226.863,0.02,0.0
328.485,2026-06-26T03:17:57.463387,73663.113,128831.332,1.525,5767.822,66226.863,0.02,0.0
328.536,2026-06-26T03:17:57.514390,73750.715,128831.332,1.574,5767.823,66226.863,0.02,0.0
328.587,2026-06-26T03:17:57.565382,73840.211,128831.332,1.561,5767.824,66226.863,0.02,0.0
328.637,2026-06-26T03:17:57.616342,73866.551,128831.332,1.599,5767.825,66226.863,0.02,0.0
328.688,2026-06-26T03:17:57.667345,73855.484,128831.332,1.579,5767.826,66226.863,0.02,0.0
328.739,2026-06-26T03:17:57.718290,73188.52,128031.332,1.565,5767.827,66226.863,0.02,0.0
328.79,2026-06-26T03:17:57.769264,73227.723,128031.332,1.509,5767.828,66226.863,0.02,0.0
328.841,2026-06-26T03:17:57.820215,73267.062,128031.332,1.563,5767.829,66226.863,0.02,0.0
328.892,2026-06-26T03:17:57.871219,73306.465,128031.332,1.599,5767.83,66226.863,0.02,0.0
328.943,2026-06-26T03:17:57.922187,73341.148,128031.332,1.533,5767.831,66226.863,0.02,0.0
328.994,2026-06-26T03:17:57.973198,73409.977,128831.332,1.533,5767.832,66276.863,0.02,979.923
329.045,2026-06-26T03:17:58.024184,73496.91,128831.332,1.533,5767.833,66276.863,0.02,0.0
329.096,2026-06-26T03:17:58.075127,73584.383,128831.332,1.579,5767.834,66276.863,0.02,0.0
329.147,2026-06-26T03:17:58.126099,73671.559,128831.332,1.611,5767.835,66276.863,0.02,0.0
329.198,2026-06-26T03:17:58.177086,73758.883,128831.332,1.587,5767.836,66276.863,0.02,0.0
329.249,2026-06-26T03:17:58.228072,73846.09,128831.332,1.571,5767.837,66276.863,0.02,0.0
329.3,2026-06-26T03:17:58.279062,73933.113,128831.332,1.559,5767.838,66276.863,0.02,0.0
329.351,2026-06-26T03:17:58.330019,74020.25,128831.332,1.598,5767.839,66276.863,0.02,0.0
329.402,2026-06-26T03:17:58.380977,74107.383,128831.332,1.532,5767.84,66276.863,0.02,0.0
329.453,2026-06-26T03:17:58.431984,74194.535,128831.332,1.578,5767.841,66276.863,0.02,0.0
329.504,2026-06-26T03:17:58.482965,74281.812,128831.332,1.564,5767.843,66276.863,0.02,0.0
329.555,2026-06-26T03:17:58.533955,74368.961,128831.332,1.555,5767.844,66276.863,0.02,0.0
329.606,2026-06-26T03:17:58.584917,74455.68,128831.332,1.548,5767.845,66276.863,0.02,0.0
329.657,2026-06-26T03:17:58.635898,74541.73,128831.332,1.589,5767.846,66276.863,0.02,0.0
329.708,2026-06-26T03:17:58.686896,74628.184,128831.332,1.618,5767.847,66276.863,0.02,0.0
329.759,2026-06-26T03:17:58.737892,74714.797,128831.332,1.592,5767.848,66276.863,0.02,0.0
329.81,2026-06-26T03:17:58.788868,74738.23,128831.332,1.62,5767.849,66276.863,0.02,0.0
329.861,2026-06-26T03:17:58.839866,74662.398,128831.332,1.594,5767.85,66276.863,0.02,0.0
329.912,2026-06-26T03:17:58.890838,74051.773,128031.332,1.621,5767.851,66276.863,0.02,0.0
329.963,2026-06-26T03:17:58.941858,74089.211,128031.332,1.549,5767.852,66276.863,0.02,0.0
330.014,2026-06-26T03:17:58.992826,74125.484,128031.332,1.544,5767.853,66276.863,0.02,0.0
330.065,2026-06-26T03:17:59.043837,74162.676,128031.332,1.54,5767.854,66276.863,0.02,0.0
330.116,2026-06-26T03:17:59.094815,74199.984,128031.332,1.584,5767.855,66326.863,0.02,981.05
330.167,2026-06-26T03:17:59.145806,74272.516,128831.332,1.614,5767.856,66326.863,0.02,0.0
330.218,2026-06-26T03:17:59.196790,74359.613,128831.332,1.59,5767.857,66326.863,0.02,0.0
330.269,2026-06-26T03:17:59.247784,74446.801,128831.332,1.573,5767.858,66326.863,0.02,0.0
330.32,2026-06-26T03:17:59.298728,74533.289,128831.332,1.517,5767.859,66326.863,0.02,0.0
330.371,2026-06-26T03:17:59.349363,74620.422,128831.332,1.569,5767.86,66326.863,0.02,0.0
330.421,2026-06-26T03:17:59.400334,74708.922,128831.332,1.558,5767.861,66326.863,0.02,0.0
330.472,2026-06-26T03:17:59.451350,74797.43,128831.332,1.55,5767.862,66326.863,0.02,0.0
330.523,2026-06-26T03:17:59.502326,74886.07,128831.332,1.545,5767.863,66326.863,0.02,0.0
330.574,2026-06-26T03:17:59.553274,74974.484,128831.332,1.587,5767.864,66326.863,0.02,0.0
330.625,2026-06-26T03:17:59.604234,75063.062,128831.332,1.571,5767.865,66326.863,0.02,0.0
330.676,2026-06-26T03:17:59.655229,75151.281,128831.332,1.559,5767.866,66326.863,0.02,0.0
330.727,2026-06-26T03:17:59.706205,75239.055,128831.332,1.597,5767.867,66326.863,0.02,0.0
330.778,2026-06-26T03:17:59.757195,75326.844,128831.332,1.532,5767.868,66326.863,0.02,0.0
330.829,2026-06-26T03:17:59.808162,75414.594,128831.332,1.624,5767.869,66326.863,0.02,0.0
330.88,2026-06-26T03:17:59.859129,75502.414,128831.332,1.596,5767.87,66326.863,0.02,0.0
330.931,2026-06-26T03:17:59.910128,75587.211,128831.332,1.577,5767.871,66326.863,0.02,0.0
330.982,2026-06-26T03:17:59.961108,75607.34,128831.332,1.564,5767.872,66326.863,0.02,0.0
331.033,2026-06-26T03:18:00.012111,75343.68,128831.332,1.601,5767.873,66326.863,0.02,0.0
331.084,2026-06-26T03:18:00.063075,74906.117,128031.332,1.58,5767.875,66326.863,0.02,0.0
331.135,2026-06-26T03:18:00.114103,74942.781,128031.332,1.565,5767.876,66326.863,0.02,0.0
331.186,2026-06-26T03:18:00.165084,74979.449,128031.332,1.509,5767.877,66326.863,0.02,0.0
331.237,2026-06-26T03:18:00.216080,75015.484,128031.332,1.562,5767.878,66326.863,0.02,0.0
331.358,2026-06-26T03:18:00.336583,75100.988,128031.332,1.718,5768.227,66376.863,2.908,416.537
331.408,2026-06-26T03:18:00.387017,75136.664,128031.332,1.712,5768.228,66426.863,0.02,986.881
331.459,2026-06-26T03:18:00.437667,75215.156,128081.332,1.661,5768.229,66426.863,0.02,0.0
331.509,2026-06-26T03:18:00.488289,75209.008,128031.332,1.625,5768.23,66426.863,0.02,0.0
331.56,2026-06-26T03:18:00.539090,75272.727,128081.332,1.598,5768.231,66476.863,0.02,983.862
331.611,2026-06-26T03:18:00.589930,75281.438,128031.332,1.579,5768.232,66476.863,0.02,0.0
331.662,2026-06-26T03:18:00.640907,75331.156,128081.332,1.611,5768.233,66526.863,0.02,980.11
331.713,2026-06-26T03:18:00.691910,75354.457,128031.332,1.541,5768.234,66526.863,0.02,0.0
331.764,2026-06-26T03:18:00.742884,75390.605,128031.332,1.584,5768.235,66576.863,0.02,980.019
331.815,2026-06-26T03:18:00.793897,75474.488,128081.332,1.523,5768.236,66576.863,0.02,0.0
331.866,2026-06-26T03:18:00.844881,75463.211,128031.332,1.571,5768.237,66626.863,0.02,980.683
331.917,2026-06-26T03:18:00.895880,75533.867,128831.332,1.56,5768.238,66626.863,0.02,0.0
331.968,2026-06-26T03:18:00.946860,75619.27,128831.332,1.598,5768.239,66626.863,0.02,0.0
332.019,2026-06-26T03:18:00.997858,75703.52,128831.332,1.578,5768.24,66626.863,0.02,0.0
332.07,2026-06-26T03:18:01.048884,75788.281,128831.332,1.564,5768.241,66626.863,0.02,0.0
332.121,2026-06-26T03:18:01.099870,75874.453,128831.332,1.601,5768.242,66626.863,0.02,0.0
332.172,2026-06-26T03:18:01.150845,75959.531,128831.332,1.58,5768.243,66626.863,0.02,0.0
332.223,2026-06-26T03:18:01.201855,76041.512,128831.332,1.612,5768.244,66626.863,0.02,0.0
332.274,2026-06-26T03:18:01.252838,76112.961,128831.332,1.588,5768.245,66626.863,0.02,0.0
332.325,2026-06-26T03:18:01.303827,76192.297,128831.332,1.571,5768.246,66626.863,0.02,0.0
332.376,2026-06-26T03:18:01.354812,76271.238,128831.332,1.56,5768.247,66626.863,0.02,0.0
332.427,2026-06-26T03:18:01.405795,76350.293,128831.332,1.551,5768.248,66626.863,0.02,0.0
332.478,2026-06-26T03:18:01.456791,76429.914,128831.332,1.591,5768.249,66626.863,0.02,0.0
332.529,2026-06-26T03:18:01.507794,76509.223,128831.332,1.574,5768.25,66626.863,0.02,0.0
332.58,2026-06-26T03:18:01.558772,76588.945,128831.332,1.515,5768.251,66626.863,0.02,0.0
332.631,2026-06-26T03:18:01.609769,76668.902,128831.332,1.567,5768.253,66626.863,0.02,0.0
332.682,2026-06-26T03:18:01.660738,76747.227,128831.332,1.556,5768.254,66626.863,0.02,0.0
332.733,2026-06-26T03:18:01.711759,76830.473,128831.332,1.595,5768.255,66626.863,0.02,0.0
332.784,2026-06-26T03:18:01.762742,76846.988,128831.332,1.576,5768.256,66626.863,0.02,0.0
332.835,2026-06-26T03:18:01.813740,76921.566,128831.332,1.563,5768.257,66626.863,0.02,0.0
332.886,2026-06-26T03:18:01.864726,76301.23,128831.332,1.6,5768.258,66626.863,0.02,0.0
332.937,2026-06-26T03:18:01.915719,76191.27,128031.332,1.579,5768.259,66626.863,0.02,0.0
332.988,2026-06-26T03:18:01.966721,76223.973,128031.332,1.565,5768.26,66626.863,0.02,0.0
333.039,2026-06-26T03:18:02.017727,75095.988,128031.332,1.555,5768.261,66626.863,0.02,0.0
333.09,2026-06-26T03:18:02.068773,73769.988,128031.332,1.594,5768.262,66626.863,0.02,0.0
333.141,2026-06-26T03:18:02.119780,72507.988,128031.332,1.576,5768.263,66676.863,0.02,981.372
333.192,2026-06-26T03:18:02.170750,71137.988,128031.332,1.424,5768.264,66676.863,0.02,0.0
333.243,2026-06-26T03:18:02.221753,69807.988,128031.332,1.227,5768.265,66676.863,0.02,0.0
333.294,2026-06-26T03:18:02.272726,68369.988,128031.332,1.089,5768.266,66676.863,0.02,0.0
333.345,2026-06-26T03:18:02.323712,68095.855,123985.332,1.13,5768.267,66676.863,0.02,0.0
333.396,2026-06-26T03:18:02.374700,68105.023,123935.332,1.342,5768.268,66676.863,0.02,0.0
333.447,2026-06-26T03:18:02.425699,68158.348,123985.332,1.399,5768.269,66726.863,0.02,980.757
333.498,2026-06-26T03:18:02.476674,68188.363,123935.332,1.439,5768.27,66726.863,0.02,0.0
333.549,2026-06-26T03:18:02.527674,68230.32,123935.332,1.467,5768.271,66776.863,0.02,981.239
333.6,2026-06-26T03:18:02.578633,68308.504,124735.332,1.532,5768.272,66776.863,0.02,0.0
333.651,2026-06-26T03:18:02.629660,68392.047,124735.332,1.486,5768.273,66776.863,0.02,0.0
333.702,2026-06-26T03:18:02.680653,68479.312,124735.332,1.546,5768.274,66776.863,0.02,0.0
333.753,2026-06-26T03:18:02.731703,68561.969,124735.332,1.541,5768.275,66776.863,0.02,0.0
333.804,2026-06-26T03:18:02.782749,68649.867,124735.332,1.584,5768.276,66776.863,0.02,0.0
333.855,2026-06-26T03:18:02.833792,68732.664,124735.332,1.568,5768.277,66776.863,0.02,0.0
333.906,2026-06-26T03:18:02.884847,68813.297,124735.332,1.557,5768.278,66776.863,0.02,0.0
333.957,2026-06-26T03:18:02.935899,68905.594,124735.332,1.548,5768.279,66776.863,0.02,0.0
334.008,2026-06-26T03:18:02.986966,68999.047,124735.332,1.543,5768.28,66776.863,0.02,0.0
334.059,2026-06-26T03:18:03.038021,69071.289,124735.332,1.54,5768.281,66776.863,0.02,0.0
334.11,2026-06-26T03:18:03.089019,69151.355,124735.332,1.537,5768.282,66776.863,0.02,0.0
334.161,2026-06-26T03:18:03.140023,69240.902,124735.332,1.536,5768.283,66776.863,0.02,0.0
334.212,2026-06-26T03:18:03.191003,69329.551,124735.332,1.581,5768.285,66776.863,0.02,0.0
334.263,2026-06-26T03:18:03.241995,69414.43,124735.332,1.566,5768.286,66776.863,0.02,0.0
334.314,2026-06-26T03:18:03.292974,69500.648,124735.332,1.602,5768.287,66776.863,0.02,0.0
334.365,2026-06-26T03:18:03.343966,69586.98,124735.332,1.581,5768.288,66776.863,0.02,0.0
334.416,2026-06-26T03:18:03.394948,69670.875,124735.332,1.612,5768.289,66776.863,0.02,0.0
334.467,2026-06-26T03:18:03.445949,69755.957,124735.332,1.588,5768.29,66776.863,0.02,0.0
334.518,2026-06-26T03:18:03.496912,69775.184,124735.332,1.525,5768.291,66776.863,0.02,0.0
334.569,2026-06-26T03:18:03.547916,69529.859,124735.332,1.574,5768.292,66776.863,0.02,0.0
334.62,2026-06-26T03:18:03.598881,69080.785,123935.332,1.561,5768.293,66776.863,0.02,0.0
334.671,2026-06-26T03:18:03.649874,69121.488,123935.332,1.553,5768.294,66776.863,0.02,0.0
334.722,2026-06-26T03:18:03.700843,69159.516,123935.332,1.639,5768.295,66776.863,0.02,0.0
334.773,2026-06-26T03:18:03.751830,69197.797,123935.332,1.607,5768.296,66776.863,0.02,0.0
334.824,2026-06-26T03:18:03.802816,69236.797,123935.332,1.584,5768.297,66776.863,0.02,0.0
334.875,2026-06-26T03:18:03.853819,69289.949,123985.332,1.569,5768.298,66826.863,0.02,980.853
334.926,2026-06-26T03:18:03.904794,69317.461,123935.332,1.558,5768.299,66826.863,0.02,0.0
334.977,2026-06-26T03:18:03.955799,69356.988,123935.332,1.55,5768.3,66876.863,0.02,981.33
335.028,2026-06-26T03:18:04.006765,69433.938,124735.332,1.59,5768.301,66876.863,0.02,0.0
335.079,2026-06-26T03:18:04.057809,69519.98,124735.332,1.573,5768.302,66876.863,0.02,0.0
335.13,2026-06-26T03:18:04.108780,69604.637,124735.332,1.561,5768.303,66876.863,0.02,0.0
335.181,2026-06-26T03:18:04.159769,69690.484,124735.332,1.552,5768.304,66876.863,0.02,0.0
335.232,2026-06-26T03:18:04.210752,69775.957,124735.332,1.592,5768.305,66876.863,0.02,0.0
335.283,2026-06-26T03:18:04.261742,69859.465,124735.332,1.574,5768.306,66876.863,0.02,0.0
335.334,2026-06-26T03:18:04.312754,69944.66,124735.332,1.607,5768.307,66876.863,0.02,0.0
335.385,2026-06-26T03:18:04.363756,70027.496,124735.332,1.585,5768.308,66876.863,0.02,0.0
335.436,2026-06-26T03:18:04.414785,70114.93,124735.332,1.568,5768.309,66876.863,0.02,0.0
335.487,2026-06-26T03:18:04.465847,70197.492,124735.332,1.557,5768.31,66876.863,0.02,0.0
335.538,2026-06-26T03:18:04.516873,70281.922,124735.332,1.549,5768.311,66876.863,0.02,0.0
335.589,2026-06-26T03:18:04.567956,70369.809,124735.332,1.589,5768.312,66876.863,0.02,0.0
335.64,2026-06-26T03:18:04.618981,70452.496,124735.332,1.572,5768.313,66876.863,0.02,0.0
335.691,2026-06-26T03:18:04.670032,70534.836,124735.332,1.559,5768.314,66876.863,0.02,0.0
335.742,2026-06-26T03:18:04.721012,70619.656,124735.332,1.6,5768.315,66876.863,0.02,0.0
335.793,2026-06-26T03:18:04.771605,70701.508,124735.332,1.63,5768.317,66876.863,0.02,0.0
335.843,2026-06-26T03:18:04.822229,70786.52,124735.332,1.604,5768.318,66876.863,0.02,0.0
335.894,2026-06-26T03:18:04.872877,70870.234,124735.332,1.583,5768.319,66876.863,0.02,0.0
335.945,2026-06-26T03:18:04.923928,70892.547,124735.332,1.567,5768.32,66876.863,0.02,0.0
335.996,2026-06-26T03:18:04.974984,70646.488,124735.332,1.556,5768.321,66876.863,0.02,0.0
336.047,2026-06-26T03:18:05.026040,70196.535,123935.332,1.594,5768.322,66876.863,0.02,0.0
336.098,2026-06-26T03:18:05.077011,70235.836,123935.332,1.578,5768.323,66876.863,0.02,0.0
336.149,2026-06-26T03:18:05.127620,70274.848,123935.332,1.567,5768.324,66876.863,0.02,0.0
336.2,2026-06-26T03:18:05.178477,70315.445,123935.332,1.559,5768.325,66876.863,0.02,0.0
336.25,2026-06-26T03:18:05.229078,70354.617,123935.332,1.554,5768.326,66876.863,0.02,0.0
336.342,2026-06-26T03:18:05.320839,70484.898,124735.332,1.651,5768.676,66926.863,3.83,546.233
336.392,2026-06-26T03:18:05.371270,70574.652,124735.332,1.619,5768.677,66926.863,0.02,0.0
336.443,2026-06-26T03:18:05.421871,70658.492,124735.332,1.642,5768.678,66926.863,0.02,0.0
336.494,2026-06-26T03:18:05.472521,70742.527,124735.332,1.612,5768.679,66926.863,0.02,0.0
336.544,2026-06-26T03:18:05.523278,70831.664,124735.332,1.59,5768.68,66926.863,0.02,0.0
336.595,2026-06-26T03:18:05.574211,70918.262,124735.332,1.618,5768.682,66926.863,0.02,0.0
336.646,2026-06-26T03:18:05.625215,70998.199,124735.332,1.592,5768.683,66926.863,0.02,0.0
336.697,2026-06-26T03:18:05.676223,71084.684,124735.332,1.574,5768.684,66926.863,0.02,0.0
336.748,2026-06-26T03:18:05.727246,71173.207,124735.332,1.607,5768.685,66926.863,0.02,0.0
336.799,2026-06-26T03:18:05.778266,71257.445,124735.332,1.584,5768.686,66926.863,0.02,0.0
336.85,2026-06-26T03:18:05.829283,71342.637,124735.332,1.568,5768.687,66926.863,0.02,0.0
336.901,2026-06-26T03:18:05.880312,71430.242,124735.332,1.558,5768.688,66926.863,0.02,0.0
336.952,2026-06-26T03:18:05.931304,71507.336,124735.332,1.641,5768.689,66926.863,0.02,0.0
337.003,2026-06-26T03:18:05.982355,71593.922,124735.332,1.608,5768.69,66926.863,0.02,0.0
337.055,2026-06-26T03:18:06.033436,71679.977,124735.332,1.585,5768.691,66926.863,0.02,0.0
337.106,2026-06-26T03:18:06.084453,71764.543,124735.332,1.569,5768.692,66926.863,0.02,0.0
337.157,2026-06-26T03:18:06.135443,71847.289,124735.332,1.558,5768.693,66926.863,0.02,0.0
337.217,2026-06-26T03:18:06.196265,71885.535,124735.332,1.63,5768.694,66926.863,0.017,0.0
337.268,2026-06-26T03:18:06.247249,71830.488,124735.332,1.601,5768.695,66926.863,0.02,0.0
337.319,2026-06-26T03:18:06.298218,71202.488,123935.332,1.581,5768.696,66926.863,0.02,0.0
337.37,2026-06-26T03:18:06.349091,71243.16,123935.332,1.568,5768.697,66926.863,0.02,0.0
337.421,2026-06-26T03:18:06.399937,71283.988,123935.332,1.557,5768.698,66926.863,0.02,0.0
337.472,2026-06-26T03:18:06.450980,71320.301,123935.332,1.549,5768.699,66926.863,0.02,0.0
337.523,2026-06-26T03:18:06.501966,71362.707,123935.332,1.544,5768.7,66926.863,0.02,0.0
337.574,2026-06-26T03:18:06.552957,71414.289,123985.332,1.633,5768.701,66976.863,0.02,981.551
337.625,2026-06-26T03:18:06.603926,71445.465,123935.332,1.556,5768.702,66976.863,0.02,0.0
337.676,2026-06-26T03:18:06.654947,71483.801,123935.332,1.595,5768.703,67026.863,0.02,979.991
337.727,2026-06-26T03:18:06.705991,71554.5,123985.332,1.575,5768.704,67026.863,0.02,0.0
337.778,2026-06-26T03:18:06.757047,71562.988,123935.332,1.608,5768.705,67026.863,0.02,0.0
337.829,2026-06-26T03:18:06.808079,71605.266,123985.332,1.585,5768.706,67076.863,0.02,979.978
337.88,2026-06-26T03:18:06.859120,71687.398,123985.332,1.568,5768.707,67076.863,0.02,0.0
337.931,2026-06-26T03:18:06.910233,71684.895,123935.332,1.557,5768.708,67126.863,0.02,979.337
337.982,2026-06-26T03:18:06.961244,71764.578,124735.332,1.595,5768.709,67126.863,0.02,0.0
338.033,2026-06-26T03:18:07.012254,71858.867,124735.332,1.53,5768.71,67126.863,0.02,0.0
338.084,2026-06-26T03:18:07.063271,71953.035,124735.332,1.577,5768.711,67126.863,0.02,0.0
338.135,2026-06-26T03:18:07.114267,72047.219,124735.332,1.563,5768.712,67126.863,0.02,0.0
338.186,2026-06-26T03:18:07.165244,72141.133,124735.332,1.554,5768.714,67126.863,0.02,0.0
338.237,2026-06-26T03:18:07.216199,72235.316,124735.332,1.548,5768.715,67126.863,0.02,0.0
338.288,2026-06-26T03:18:07.267204,72329.445,124735.332,1.589,5768.716,67126.863,0.02,0.0
338.339,2026-06-26T03:18:07.318181,72423.711,124735.332,1.572,5768.717,67126.863,0.02,0.0
338.39,2026-06-26T03:18:07.369133,72519.07,124735.332,1.56,5768.718,67126.863,0.02,0.0
338.441,2026-06-26T03:18:07.420173,72614.348,124735.332,1.597,5768.719,67126.863,0.02,0.0
338.492,2026-06-26T03:18:07.471125,72131.078,124735.332,1.578,5768.72,67126.863,0.02,0.0
338.543,2026-06-26T03:18:07.522126,71522.449,124735.332,1.564,5768.721,67126.863,0.02,0.0
338.594,2026-06-26T03:18:07.573109,70824.617,124735.332,1.555,5768.722,67126.863,0.02,0.0
338.645,2026-06-26T03:18:07.624089,70136.617,124735.332,1.548,5768.723,67126.863,0.02,0.0
338.696,2026-06-26T03:18:07.675074,69436.695,124735.332,1.589,5768.724,67126.863,0.02,0.0
338.747,2026-06-26T03:18:07.726060,68822.922,120639.332,1.618,5768.725,67126.863,0.02,0.0
338.798,2026-06-26T03:18:07.777026,68809.18,120639.332,1.546,5768.726,67126.863,0.02,0.0
338.849,2026-06-26T03:18:07.828040,68539.988,120639.332,1.634,5768.727,67126.863,0.02,0.0
338.9,2026-06-26T03:18:07.879017,68037.988,119839.332,1.604,5768.728,67126.863,0.02,0.0
338.951,2026-06-26T03:18:07.930008,68037.988,119839.332,1.582,5768.729,67126.863,0.02,0.0
339.002,2026-06-26T03:18:07.980984,68037.988,119839.332,1.567,5768.73,67126.863,0.02,0.0
339.053,2026-06-26T03:18:08.031972,68037.988,119839.332,1.557,5768.731,67126.863,0.02,0.0
339.104,2026-06-26T03:18:08.082966,68037.988,119839.332,1.595,5768.732,67176.863,0.02,980.436
339.155,2026-06-26T03:18:08.133967,68080.691,120639.332,1.623,5768.733,67176.863,0.02,0.0
339.206,2026-06-26T03:18:08.184945,68130.43,120639.332,1.595,5768.734,67176.863,0.02,0.0
339.257,2026-06-26T03:18:08.235954,68180.258,120639.332,1.531,5768.735,67176.863,0.02,0.0
339.308,2026-06-26T03:18:08.286926,68230.09,120639.332,1.576,5768.736,67176.863,0.02,0.0
339.359,2026-06-26T03:18:08.337957,68279.836,120639.332,1.563,5768.737,67176.863,0.02,0.0
339.41,2026-06-26T03:18:08.388936,68329.426,120639.332,1.554,5768.738,67176.863,0.02,0.0
339.461,2026-06-26T03:18:08.439935,68379.051,120639.332,1.547,5768.739,67176.863,0.02,0.0
339.512,2026-06-26T03:18:08.490923,68428.613,120639.332,1.543,5768.74,67176.863,0.02,0.0
339.563,2026-06-26T03:18:08.541919,68478.066,120639.332,1.585,5768.741,67176.863,0.02,0.0
339.614,2026-06-26T03:18:08.592898,68527.559,120639.332,1.57,5768.742,67176.863,0.02,0.0
339.665,2026-06-26T03:18:08.643891,68577.102,120639.332,1.559,5768.743,67176.863,0.02,0.0
339.716,2026-06-26T03:18:08.694866,68639.59,122239.332,1.55,5768.744,67176.863,0.02,0.0
339.767,2026-06-26T03:18:08.745865,68705.324,122239.332,1.545,5768.745,67176.863,0.02,0.0
339.818,2026-06-26T03:18:08.796842,68770.984,122239.332,1.541,5768.747,67176.863,0.02,0.0
339.869,2026-06-26T03:18:08.847846,68837.656,122239.332,1.584,5768.748,67176.863,0.02,0.0
339.92,2026-06-26T03:18:08.898833,68904.641,122239.332,1.569,5768.749,67176.863,0.02,0.0
339.971,2026-06-26T03:18:08.949826,68909.02,122239.332,1.558,5768.75,67176.863,0.02,0.0
340.022,2026-06-26T03:18:09.000810,68738.035,122239.332,1.642,5768.751,67176.863,0.02,0.0
340.073,2026-06-26T03:18:09.051838,68180.469,121439.332,1.563,5768.752,67176.863,0.02,0.0
340.124,2026-06-26T03:18:09.102814,68199.023,121439.332,1.554,5768.753,67176.863,0.02,0.0
340.175,2026-06-26T03:18:09.153812,68217.559,121439.332,1.593,5768.754,67176.863,0.02,0.0
340.226,2026-06-26T03:18:09.204783,68236.441,121439.332,1.575,5768.755,67176.863,0.02,0.0
340.277,2026-06-26T03:18:09.255803,68255.305,121439.332,1.608,5768.756,67226.863,0.02,980.72
340.328,2026-06-26T03:18:09.306758,68310.758,121489.332,1.588,5768.757,67226.863,0.02,0.0
340.379,2026-06-26T03:18:09.357416,68292.77,121439.332,1.618,5768.758,67226.863,0.02,0.0
340.43,2026-06-26T03:18:09.408401,68336.516,121489.332,1.593,5768.759,67276.863,0.02,981.271
340.481,2026-06-26T03:18:09.459389,68330.559,121439.332,1.574,5768.76,67276.863,0.02,0.0
340.532,2026-06-26T03:18:09.510409,68360.586,122239.332,1.561,5768.761,67326.863,0.02,980.518
340.583,2026-06-26T03:18:09.561410,68428.398,122239.332,1.553,5768.762,67326.863,0.02,0.0
340.634,2026-06-26T03:18:09.612375,68496.809,122239.332,1.547,5768.763,67326.863,0.02,0.0
340.685,2026-06-26T03:18:09.663374,68565.434,122239.332,1.588,5768.764,67326.863,0.02,0.0
340.735,2026-06-26T03:18:09.714338,68634.004,122239.332,1.572,5768.765,67326.863,0.02,0.0
340.787,2026-06-26T03:18:09.765359,68703.703,122239.332,1.56,5768.766,67326.863,0.02,0.0
340.837,2026-06-26T03:18:09.816332,68773.527,122239.332,1.552,5768.767,67326.863,0.02,0.0
340.888,2026-06-26T03:18:09.867290,68843.016,122239.332,1.546,5768.768,67326.863,0.02,0.0
340.939,2026-06-26T03:18:09.918249,68912.871,122239.332,1.588,5768.769,67326.863,0.02,0.0
340.99,2026-06-26T03:18:09.969201,68982.59,122239.332,1.572,5768.77,67326.863,0.02,0.0
341.041,2026-06-26T03:18:10.020226,69052.379,122239.332,1.606,5768.771,67326.863,0.02,0.0
341.092,2026-06-26T03:18:10.071196,69121.699,122239.332,1.538,5768.772,67326.863,0.02,0.0
341.143,2026-06-26T03:18:10.122190,69190.902,122239.332,1.628,5768.773,67326.863,0.02,0.0
341.194,2026-06-26T03:18:10.173171,69260.098,122239.332,1.599,5768.774,67326.863,0.02,0.0
341.245,2026-06-26T03:18:10.224131,69329.363,122239.332,1.579,5768.775,67326.863,0.02,0.0
341.296,2026-06-26T03:18:10.275131,69398.512,122239.332,1.565,5768.776,67326.863,0.02,0.0
341.386,2026-06-26T03:18:10.364936,69453.902,122239.332,1.672,5769.126,67326.863,3.911,0.0
341.437,2026-06-26T03:18:10.415371,68956.367,122239.332,1.634,5769.127,67326.863,0.02,0.0
341.487,2026-06-26T03:18:10.465979,68703.074,121439.332,1.652,5769.128,67326.863,0.02,0.0
341.538,2026-06-26T03:18:10.516662,68721.613,121439.332,1.619,5769.129,67326.863,0.02,0.0
341.589,2026-06-26T03:18:10.567452,68740.066,121439.332,1.64,5769.13,67326.863,0.02,0.0
341.64,2026-06-26T03:18:10.618387,68758.656,121439.332,1.562,5769.131,67326.863,0.02,0.0
341.691,2026-06-26T03:18:10.669370,68791.551,122239.332,1.599,5769.132,67376.863,0.02,980.427
341.742,2026-06-26T03:18:10.720419,68859.984,122239.332,1.578,5769.133,67376.863,0.02,0.0
341.793,2026-06-26T03:18:10.771472,68928.691,122239.332,1.564,5769.134,67376.863,0.02,0.0
341.844,2026-06-26T03:18:10.822527,68997.695,122239.332,1.554,5769.135,67376.863,0.02,0.0
341.895,2026-06-26T03:18:10.873557,69067.355,122239.332,1.592,5769.136,67376.863,0.02,0.0
341.946,2026-06-26T03:18:10.924620,69137.449,122239.332,1.574,5769.137,67376.863,0.02,0.0
341.997,2026-06-26T03:18:10.975648,69207.434,122239.332,1.56,5769.138,67376.863,0.02,0.0
342.048,2026-06-26T03:18:11.026743,69277.461,122239.332,1.597,5769.139,67376.863,0.02,0.0
342.099,2026-06-26T03:18:11.077752,69347.332,122239.332,1.578,5769.14,67376.863,0.02,0.0
342.15,2026-06-26T03:18:11.128746,69416.988,122239.332,1.564,5769.141,67376.863,0.02,0.0
342.201,2026-06-26T03:18:11.179737,69486.871,122239.332,1.601,5769.142,67376.863,0.02,0.0
342.252,2026-06-26T03:18:11.230728,69556.691,122239.332,1.58,5769.143,67376.863,0.02,0.0
342.303,2026-06-26T03:18:11.281708,69626.41,122239.332,1.612,5769.144,67376.863,0.02,0.0
342.354,2026-06-26T03:18:11.332711,69695.652,122239.332,1.542,5769.146,67376.863,0.02,0.0
342.405,2026-06-26T03:18:11.383674,69764.859,122239.332,1.585,5769.147,67376.863,0.02,0.0
342.456,2026-06-26T03:18:11.434687,69834.129,122239.332,1.569,5769.148,67376.863,0.02,0.0
342.507,2026-06-26T03:18:11.485670,69838.555,122239.332,1.604,5769.149,67376.863,0.02,0.0
342.558,2026-06-26T03:18:11.536674,69780.266,122239.332,1.536,5769.15,67376.863,0.02,0.0
342.609,2026-06-26T03:18:11.587641,69116.988,121439.332,1.535,5769.151,67376.863,0.02,0.0
342.66,2026-06-26T03:18:11.638630,69135.77,121439.332,1.58,5769.152,67376.863,0.02,0.0
342.711,2026-06-26T03:18:11.689626,69154.582,121439.332,1.566,5769.153,67376.863,0.02,0.0
342.762,2026-06-26T03:18:11.740639,69173.484,121439.332,1.556,5769.154,67376.863,0.02,0.0
342.813,2026-06-26T03:18:11.791619,69192.285,121439.332,1.548,5769.155,67426.863,0.02,980.037
342.864,2026-06-26T03:18:11.842627,69247.766,122239.332,1.59,5769.156,67426.863,0.02,0.0
342.915,2026-06-26T03:18:11.893591,69316.426,122239.332,1.572,5769.157,67426.863,0.02,0.0
342.966,2026-06-26T03:18:11.944618,69384.957,122239.332,1.56,5769.158,67426.863,0.02,0.0
343.017,2026-06-26T03:18:11.995597,69453.539,122239.332,1.552,5769.159,67426.863,0.02,0.0
343.068,2026-06-26T03:18:12.046611,69522.211,122239.332,1.546,5769.16,67426.863,0.02,0.0
343.119,2026-06-26T03:18:12.097590,69590.898,122239.332,1.588,5769.161,67426.863,0.02,0.0
343.17,2026-06-26T03:18:12.148603,69659.441,122239.332,1.617,5769.162,67426.863,0.02,0.0
343.221,2026-06-26T03:18:12.199601,69727.977,122239.332,1.591,5769.163,67426.863,0.02,0.0
343.272,2026-06-26T03:18:12.250601,69796.73,122239.332,1.62,5769.164,67426.863,0.02,0.0
343.323,2026-06-26T03:18:12.301575,69865.48,122239.332,1.594,5769.165,67426.863,0.02,0.0
343.374,2026-06-26T03:18:12.352578,69934.027,122239.332,1.575,5769.166,67426.863,0.02,0.0
343.425,2026-06-26T03:18:12.403550,70002.879,122239.332,1.562,5769.167,67426.863,0.02,0.0
343.476,2026-06-26T03:18:12.454559,70071.047,122239.332,1.599,5769.168,67426.863,0.02,0.0
343.527,2026-06-26T03:18:12.505536,70139.035,122239.332,1.579,5769.169,67426.863,0.02,0.0
343.578,2026-06-26T03:18:12.556528,70201.762,122239.332,1.519,5769.17,67426.863,0.02,0.0
343.629,2026-06-26T03:18:12.607501,70271.117,122239.332,1.523,5769.171,67426.863,0.02,0.0
343.68,2026-06-26T03:18:12.658503,70275.477,122239.332,1.572,5769.172,67426.863,0.02,0.0
343.731,2026-06-26T03:18:12.709485,70129.355,122239.332,1.56,5769.173,67426.863,0.02,0.0
343.782,2026-06-26T03:18:12.760486,69548.094,121439.332,1.552,5769.174,67426.863,0.02,0.0
343.833,2026-06-26T03:18:12.811449,69567.016,121439.332,1.546,5769.175,67426.863,0.02,0.0
343.884,2026-06-26T03:18:12.862466,69585.871,121439.332,1.542,5769.177,67426.863,0.02,0.0
343.935,2026-06-26T03:18:12.913443,69604.734,121439.332,1.539,5769.178,67426.863,0.02,0.0
343.986,2026-06-26T03:18:12.964450,69623.578,121439.332,1.537,5769.179,67476.863,0.02,979.886
344.037,2026-06-26T03:18:13.015449,69501.059,121489.332,1.536,5769.18,67476.863,0.02,0.0
344.088,2026-06-26T03:18:13.066438,68754.059,121489.332,1.396,5769.181,67476.863,0.02,0.0
344.139,2026-06-26T03:18:13.117442,67998.059,121489.332,1.253,5769.182,67476.863,0.02,0.0
344.19,2026-06-26T03:18:13.168437,67238.059,121489.332,1.107,5769.183,67476.863,0.02,0.0
344.241,2026-06-26T03:18:13.219399,66474.059,121489.332,1.051,5769.184,67476.863,0.02,0.0
344.292,2026-06-26T03:18:13.270400,65710.059,121489.332,0.966,5769.185,67476.863,0.02,0.0
344.343,2026-06-26T03:18:13.321366,65542.059,117343.332,1.09,5769.186,67476.863,0.02,0.0
344.394,2026-06-26T03:18:13.372385,65570.227,118143.332,1.222,5769.187,67526.863,0.02,980.349
344.445,2026-06-26T03:18:13.423369,65620.129,118143.332,1.315,5769.188,67526.863,0.02,0.0
344.496,2026-06-26T03:18:13.474361,65669.812,118143.332,1.38,5769.189,67526.863,0.02,0.0
344.546,2026-06-26T03:18:13.525340,65719.637,118143.332,1.472,5769.19,67526.863,0.02,0.0
344.597,2026-06-26T03:18:13.576271,65769.129,118143.332,1.491,5769.191,67526.863,0.02,0.0
344.648,2026-06-26T03:18:13.627239,65819.309,118143.332,1.503,5769.192,67526.863,0.02,0.0
344.699,2026-06-26T03:18:13.678201,65869.898,118143.332,1.512,5769.193,67526.863,0.02,0.0
344.75,2026-06-26T03:18:13.729134,65920.352,118143.332,1.518,5769.194,67526.863,0.02,0.0
344.801,2026-06-26T03:18:13.780133,65970.945,118143.332,1.569,5769.195,67526.863,0.02,0.0
344.852,2026-06-26T03:18:13.831107,66021.73,118143.332,1.557,5769.196,67526.863,0.02,0.0
344.903,2026-06-26T03:18:13.882115,66070.82,118143.332,1.55,5769.197,67526.863,0.02,0.0
344.954,2026-06-26T03:18:13.933090,66120.539,118143.332,1.591,5769.198,67526.863,0.02,0.0
345.005,2026-06-26T03:18:13.984073,66169.938,118143.332,1.527,5769.199,67526.863,0.02,0.0
345.056,2026-06-26T03:18:14.035063,66219.543,118143.332,1.621,5769.2,67526.863,0.02,0.0
345.107,2026-06-26T03:18:14.086037,66269.488,118143.332,1.594,5769.201,67526.863,0.02,0.0
345.158,2026-06-26T03:18:14.137010,66319.129,118143.332,1.576,5769.202,67526.863,0.02,0.0
345.209,2026-06-26T03:18:14.188000,66305.176,118143.332,1.563,5769.203,67526.863,0.02,0.0
345.26,2026-06-26T03:18:14.238955,66150.074,118143.332,1.508,5769.204,67526.863,0.02,0.0
345.311,2026-06-26T03:18:14.289935,65542.074,117343.332,1.286,5769.205,67526.863,0.02,0.0
345.362,2026-06-26T03:18:14.340541,65542.074,117343.332,1.132,5769.206,67526.863,0.02,0.0
345.413,2026-06-26T03:18:14.391413,65542.074,117343.332,1.022,5769.207,67526.863,0.02,0.0
345.464,2026-06-26T03:18:14.442400,65542.074,117343.332,0.945,5769.209,67526.863,0.02,0.0
345.515,2026-06-26T03:18:14.493384,65542.074,117343.332,0.891,5769.21,67576.863,0.02,979.918
345.566,2026-06-26T03:18:14.544390,65581.27,118143.332,0.9,5769.211,67576.863,0.02,0.0
345.617,2026-06-26T03:18:14.595383,65631.703,118143.332,0.86,5769.212,67576.863,0.02,0.0
345.668,2026-06-26T03:18:14.646356,65681.137,118143.332,0.832,5769.213,67576.863,0.02,0.0
345.719,2026-06-26T03:18:14.697411,65732.117,118143.332,0.812,5769.214,67576.863,0.02,0.0
345.77,2026-06-26T03:18:14.748437,65782.867,118143.332,0.798,5769.215,67576.863,0.02,0.0
345.821,2026-06-26T03:18:14.799526,65833.461,118143.332,0.834,5769.216,67576.863,0.02,0.0
345.872,2026-06-26T03:18:14.850556,65884.262,118143.332,0.813,5769.217,67576.863,0.02,0.0
345.923,2026-06-26T03:18:14.901615,65935.105,118143.332,0.799,5769.218,67576.863,0.02,0.0
345.974,2026-06-26T03:18:14.952662,65985.922,118143.332,0.789,5769.219,67576.863,0.02,0.0
346.025,2026-06-26T03:18:15.003719,66036.797,118143.332,0.782,5769.22,67576.863,0.02,0.0
346.076,2026-06-26T03:18:15.054785,66087.559,118143.332,0.822,5769.221,67576.863,0.02,0.0
346.127,2026-06-26T03:18:15.105827,66138.441,118143.332,0.76,5769.222,67576.863,0.02,0.0
346.178,2026-06-26T03:18:15.156805,66189.105,118143.332,0.807,5769.223,67576.863,0.02,0.0
346.229,2026-06-26T03:18:15.207817,66239.914,118143.332,0.749,5769.224,67576.863,0.02,0.0
346.28,2026-06-26T03:18:15.258795,66290.695,118143.332,0.846,5769.225,67576.863,0.02,0.0
346.331,2026-06-26T03:18:15.309790,66341.273,118143.332,0.822,5769.226,67576.863,0.02,0.0
346.452,2026-06-26T03:18:15.430769,65542.074,117343.332,0.945,5769.576,67576.863,2.9,0.0
346.502,2026-06-26T03:18:15.481204,65542.074,117343.332,0.893,5769.577,67576.863,0.02,0.0
346.553,2026-06-26T03:18:15.531823,65542.074,117343.332,0.857,5769.578,67576.863,0.02,0.0
346.604,2026-06-26T03:18:15.582481,65542.074,117343.332,0.83,5769.579,67576.863,0.02,0.0
346.654,2026-06-26T03:18:15.633306,65542.074,117343.332,0.812,5769.58,67576.863,0.02,0.0
346.705,2026-06-26T03:18:15.684202,65572.281,117393.332,0.798,5769.581,67626.863,0.02,980.44
346.756,2026-06-26T03:18:15.735182,65542.074,117343.332,0.834,5769.582,67626.863,0.02,0.0
346.807,2026-06-26T03:18:15.786180,65558.23,118143.332,0.86,5769.583,67676.863,0.02,981.059
346.858,2026-06-26T03:18:15.837122,65608.207,118143.332,0.786,5769.584,67676.863,0.02,0.0
346.909,2026-06-26T03:18:15.888123,65658.461,118143.332,0.78,5769.585,67676.863,0.02,0.0
346.96,2026-06-26T03:18:15.939120,65708.715,118143.332,0.822,5769.586,67676.863,0.02,0.0
347.011,2026-06-26T03:18:15.990102,65759.77,118143.332,0.759,5769.587,67676.863,0.02,0.0
347.062,2026-06-26T03:18:16.041098,65811.094,118143.332,0.807,5769.588,67676.863,0.02,0.0
347.113,2026-06-26T03:18:16.092057,65862.543,118143.332,0.795,5769.589,67676.863,0.02,0.0
347.164,2026-06-26T03:18:16.143060,65913.949,118143.332,0.786,5769.59,67676.863,0.02,0.0
347.215,2026-06-26T03:18:16.194040,65965.512,118143.332,0.78,5769.591,67676.863,0.02,0.0
347.266,2026-06-26T03:18:16.245030,66016.949,118143.332,0.776,5769.592,67676.863,0.02,0.0
347.317,2026-06-26T03:18:16.296009,66068.387,118143.332,0.819,5769.593,67676.863,0.02,0.0
347.368,2026-06-26T03:18:16.347002,66118.09,118143.332,0.757,5769.594,67676.863,0.02,0.0
347.419,2026-06-26T03:18:16.397991,66168.891,118143.332,0.806,5769.595,67676.863,0.02,0.0
347.47,2026-06-26T03:18:16.448999,66219.906,118143.332,0.748,5769.596,67676.863,0.02,0.0
347.521,2026-06-26T03:18:16.499973,66270.758,118143.332,0.799,5769.597,67676.863,0.02,0.0
347.572,2026-06-26T03:18:16.550987,66321.762,118143.332,0.789,5769.598,67676.863,0.02,0.0
347.623,2026-06-26T03:18:16.601949,66309.004,118143.332,0.782,5769.599,67676.863,0.02,0.0
347.674,2026-06-26T03:18:16.652940,66092.074,118143.332,0.824,5769.6,67676.863,0.02,0.0
347.725,2026-06-26T03:18:16.703921,65542.074,117343.332,0.806,5769.601,67676.863,0.02,0.0
347.776,2026-06-26T03:18:16.754910,65542.074,117343.332,0.794,5769.602,67676.863,0.02,0.0
347.827,2026-06-26T03:18:16.805913,65542.074,117343.332,0.832,5769.603,67676.863,0.02,0.0
347.878,2026-06-26T03:18:16.856915,65542.074,117343.332,0.858,5769.604,67676.863,0.02,0.0
347.929,2026-06-26T03:18:16.907892,65542.074,117343.332,0.784,5769.605,67726.863,0.02,979.932
347.98,2026-06-26T03:18:16.958901,65589.457,118143.332,0.779,5769.607,67726.863,0.02,0.0
348.031,2026-06-26T03:18:17.009879,65639.684,118143.332,0.775,5769.608,67726.863,0.02,0.0
348.082,2026-06-26T03:18:17.060901,65690.23,118143.332,0.818,5769.609,67726.863,0.02,0.0
348.133,2026-06-26T03:18:17.111876,65739.949,118143.332,0.757,5769.61,67726.863,0.02,0.0
348.184,2026-06-26T03:18:17.162871,65790.176,118143.332,0.806,5769.611,67726.863,0.02,0.0
348.235,2026-06-26T03:18:17.213848,65840.512,118143.332,0.794,5769.612,67726.863,0.02,0.0
348.286,2026-06-26T03:18:17.264832,65890.625,118143.332,0.785,5769.613,67726.863,0.02,0.0
348.337,2026-06-26T03:18:17.315827,65940.789,118143.332,0.779,5769.614,67726.863,0.02,0.0
348.388,2026-06-26T03:18:17.366824,65991.02,118143.332,0.776,5769.615,67726.863,0.02,0.0
348.439,2026-06-26T03:18:17.417805,66042.164,118143.332,0.773,5769.616,67726.863,0.02,0.0
348.49,2026-06-26T03:18:17.468804,66093.52,118143.332,0.771,5769.617,67726.863,0.02,0.0
348.541,2026-06-26T03:18:17.519777,66144.406,118143.332,0.769,5769.618,67726.863,0.02,0.0
348.592,2026-06-26T03:18:17.570789,66190.836,118143.332,0.768,5769.619,67726.863,0.02,0.0
348.643,2026-06-26T03:18:17.621759,66241.957,118143.332,0.814,5769.62,67726.863,0.02,0.0
348.694,2026-06-26T03:18:17.672750,66292.805,118143.332,0.845,5769.621,67726.863,0.02,0.0
348.745,2026-06-26T03:18:17.723740,66318.074,118143.332,0.775,5769.622,67726.863,0.02,0.0
348.796,2026-06-26T03:18:17.774749,66330.488,118143.332,0.819,5769.623,67726.863,0.02,0.0
348.847,2026-06-26T03:18:17.825734,65780.074,118143.332,0.803,5769.624,67726.863,0.02,0.0
348.898,2026-06-26T03:18:17.876734,65542.074,117343.332,0.792,5769.625,67726.863,0.02,0.0
348.949,2026-06-26T03:18:17.927694,65542.074,117343.332,0.784,5769.626,67726.863,0.02,0.0
349.0,2026-06-26T03:18:17.978706,65542.074,117343.332,0.779,5769.627,67726.863,0.02,0.0
349.051,2026-06-26T03:18:18.029697,65542.074,117343.332,0.775,5769.628,67726.863,0.02,0.0
349.102,2026-06-26T03:18:18.080689,65558.012,118143.332,0.772,5769.629,67776.863,0.02,981.032
349.153,2026-06-26T03:18:18.131669,65607.996,118143.332,0.771,5769.63,67776.863,0.02,0.0
349.204,2026-06-26T03:18:18.182667,65658.461,118143.332,0.769,5769.631,67776.863,0.02,0.0
349.255,2026-06-26T03:18:18.233674,65708.684,118143.332,0.814,5769.632,67776.863,0.02,0.0
349.306,2026-06-26T03:18:18.284667,65758.969,118143.332,0.8,5769.633,67776.863,0.02,0.0
349.357,2026-06-26T03:18:18.335648,65809.137,118143.332,0.79,5769.634,67776.863,0.02,0.0
349.408,2026-06-26T03:18:18.386658,65860.234,118143.332,0.783,5769.635,67776.863,0.02,0.0
349.459,2026-06-26T03:18:18.437629,65911.496,118143.332,0.823,5769.636,67776.863,0.02,0.0
349.51,2026-06-26T03:18:18.488657,65962.711,118143.332,0.852,5769.638,67776.863,0.02,0.0
349.561,2026-06-26T03:18:18.539632,66014.043,118143.332,0.826,5769.639,67776.863,0.02,0.0
349.612,2026-06-26T03:18:18.590636,66064.457,118143.332,0.808,5769.64,67776.863,0.02,0.0
349.663,2026-06-26T03:18:18.641611,66114.297,118143.332,0.796,5769.641,67776.863,0.02,0.0
349.714,2026-06-26T03:18:18.692614,66165.125,118143.332,0.787,5769.642,67776.863,0.02,0.0
349.765,2026-06-26T03:18:18.743614,66215.926,118143.332,0.826,5769.643,67776.863,0.02,0.0
349.816,2026-06-26T03:18:18.794616,66266.734,118143.332,0.808,5769.644,67776.863,0.02,0.0
349.867,2026-06-26T03:18:18.845592,66317.539,118143.332,0.75,5769.645,67776.863,0.02,0.0
349.918,2026-06-26T03:18:18.896603,66304.727,118143.332,0.801,5769.646,67776.863,0.02,0.0
349.969,2026-06-26T03:18:18.947587,66156.074,118143.332,0.79,5769.647,67776.863,0.02,0.0
350.02,2026-06-26T03:18:18.998619,65542.074,117343.332,0.783,5769.648,67776.863,0.02,0.0
350.071,2026-06-26T03:18:19.049603,65542.074,117343.332,0.824,5769.649,67776.863,0.02,0.0
350.122,2026-06-26T03:18:19.100593,65542.074,117343.332,0.806,5769.65,67776.863,0.02,0.0
350.173,2026-06-26T03:18:19.151583,65542.074,117343.332,0.794,5769.651,67776.863,0.02,0.0
350.224,2026-06-26T03:18:19.202585,65542.074,117343.332,0.74,5769.652,67826.863,0.02,981.142
350.275,2026-06-26T03:18:19.253557,65583.801,117393.332,0.794,5769.653,67826.863,0.02,0.0
350.326,2026-06-26T03:18:19.304528,65542.074,117343.332,0.786,5769.654,67826.863,0.02,0.0
350.376,2026-06-26T03:18:19.355230,65573.203,118143.332,0.781,5769.655,67876.863,0.02,980.615
350.427,2026-06-26T03:18:19.406199,65623.469,118143.332,0.776,5769.656,67876.863,0.02,0.0
350.478,2026-06-26T03:18:19.457211,65673.832,118143.332,0.773,5769.657,67876.863,0.02,0.0
350.529,2026-06-26T03:18:19.508182,65723.578,118143.332,0.771,5769.658,67876.863,0.02,0.0
350.58,2026-06-26T03:18:19.559177,65773.719,118143.332,0.77,5769.659,67876.863,0.02,0.0
350.631,2026-06-26T03:18:19.610109,65823.875,118143.332,0.814,5769.66,67876.863,0.02,0.0
350.682,2026-06-26T03:18:19.661113,65874.324,118143.332,0.8,5769.661,67876.863,0.02,0.0
350.733,2026-06-26T03:18:19.712110,65924.562,118143.332,0.744,5769.662,67876.863,0.02,0.0
350.784,2026-06-26T03:18:19.763080,65974.957,118143.332,0.796,5769.663,67876.863,0.02,0.0
350.835,2026-06-26T03:18:19.814084,66026.5,118143.332,0.787,5769.664,67876.863,0.02,0.0
350.886,2026-06-26T03:18:19.865047,66076.449,118143.332,0.827,5769.665,67876.863,0.02,0.0
350.937,2026-06-26T03:18:19.916055,66127.461,118143.332,0.809,5769.666,67876.863,0.02,0.0
350.988,2026-06-26T03:18:19.967035,66178.52,118143.332,0.842,5769.667,67876.863,0.02,0.0
351.039,2026-06-26T03:18:20.018033,66229.547,118143.332,0.773,5769.668,67876.863,0.02,0.0
351.09,2026-06-26T03:18:20.069017,66280.59,118143.332,0.817,5769.67,67876.863,0.02,0.0
351.141,2026-06-26T03:18:20.119999,66331.645,118143.332,0.756,5769.671,67876.863,0.02,0.0
351.192,2026-06-26T03:18:20.170990,66318.574,118143.332,0.851,5769.672,67876.863,0.02,0.0
351.243,2026-06-26T03:18:20.221994,65962.074,118143.332,0.825,5769.673,67876.863,0.02,0.0
351.294,2026-06-26T03:18:20.272968,65542.074,117343.332,0.807,5769.674,67876.863,0.02,0.0
351.345,2026-06-26T03:18:20.323985,65542.074,117343.332,0.795,5769.675,67876.863,0.02,0.0
351.466,2026-06-26T03:18:20.444498,65542.074,117343.332,0.908,5770.024,67876.863,2.909,0.0
351.516,2026-06-26T03:18:20.494933,65558.09,117393.332,0.821,5770.025,67926.863,0.02,987.164
351.567,2026-06-26T03:18:20.545587,65542.074,117343.332,0.852,5770.026,67926.863,0.02,0.0
351.617,2026-06-26T03:18:20.596238,65543.09,118143.332,0.781,5770.027,67976.863,0.02,985.096
351.668,2026-06-26T03:18:20.647013,65592.91,118143.332,0.777,5770.028,67976.863,0.02,0.0
351.719,2026-06-26T03:18:20.697829,65642.922,118143.332,0.82,5770.029,67976.863,0.02,0.0
351.77,2026-06-26T03:18:20.748828,65693.016,118143.332,0.85,5770.03,67976.863,0.02,0.0
351.821,2026-06-26T03:18:20.799838,65743.891,118143.332,0.825,5770.031,67976.863,0.02,0.0
351.872,2026-06-26T03:18:20.850815,65794.996,118143.332,0.807,5770.032,67976.863,0.02,0.0
351.923,2026-06-26T03:18:20.901819,65846.301,118143.332,0.795,5770.033,67976.863,0.02,0.0
351.974,2026-06-26T03:18:20.952790,65897.523,118143.332,0.832,5770.034,67976.863,0.02,0.0
352.025,2026-06-26T03:18:21.003827,65948.832,118143.332,0.766,5770.035,67976.863,0.02,0.0
352.076,2026-06-26T03:18:21.054807,66000.141,118143.332,0.812,5770.036,67976.863,0.02,0.0
352.127,2026-06-26T03:18:21.105799,66051.449,118143.332,0.799,5770.037,67976.863,0.02,0.0
352.178,2026-06-26T03:18:21.156782,66100.648,118143.332,0.789,5770.038,67976.863,0.02,0.0
352.229,2026-06-26T03:18:21.207757,66151.633,118143.332,0.782,5770.039,67976.863,0.02,0.0
352.28,2026-06-26T03:18:21.258759,66202.465,118143.332,0.823,5770.041,67976.863,0.02,0.0
352.331,2026-06-26T03:18:21.309757,66253.52,118143.332,0.806,5770.042,67976.863,0.02,0.0
352.382,2026-06-26T03:18:21.360740,66304.574,118143.332,0.84,5770.043,67976.863,0.02,0.0
352.433,2026-06-26T03:18:21.411743,66292.406,118143.332,0.818,5770.044,67976.863,0.02,0.0
352.484,2026-06-26T03:18:21.462728,66334.074,118143.332,0.848,5770.045,67976.863,0.02,0.0
352.535,2026-06-26T03:18:21.513745,65616.074,118143.332,0.824,5770.046,67976.863,0.02,0.0
352.586,2026-06-26T03:18:21.564727,65542.074,117343.332,0.806,5770.047,67976.863,0.02,0.0
352.637,2026-06-26T03:18:21.615729,65542.074,117343.332,0.794,5770.048,67976.863,0.02,0.0
352.688,2026-06-26T03:18:21.666716,65542.074,117343.332,0.786,5770.049,67976.863,0.02,0.0
352.739,2026-06-26T03:18:21.717719,65542.074,117343.332,0.781,5770.05,68026.863,0.017,820.575
352.8,2026-06-26T03:18:21.778669,65581.137,118143.332,0.769,5770.051,68026.863,0.02,0.0
352.851,2026-06-26T03:18:21.829685,65631.391,118143.332,0.814,5770.052,68026.863,0.02,0.0
352.902,2026-06-26T03:18:21.880658,65681.668,118143.332,0.753,5770.053,68026.863,0.02,0.0
352.953,2026-06-26T03:18:21.931678,65731.898,118143.332,0.803,5770.054,68026.863,0.02,0.0
353.004,2026-06-26T03:18:21.982659,65781.145,118143.332,0.838,5770.055,68026.863,0.02,0.0
353.055,2026-06-26T03:18:22.033671,65831.898,118143.332,0.77,5770.056,68026.863,0.02,0.0
353.106,2026-06-26T03:18:22.084659,65883.207,118143.332,0.769,5770.057,68026.863,0.02,0.0
353.157,2026-06-26T03:18:22.135661,65934.516,118143.332,0.768,5770.058,68026.863,0.02,0.0
353.208,2026-06-26T03:18:22.186651,65985.832,118143.332,0.813,5770.059,68026.863,0.02,0.0
353.259,2026-06-26T03:18:22.237660,66037.387,118143.332,0.799,5770.06,68026.863,0.02,0.0
353.31,2026-06-26T03:18:22.288634,66088.402,118143.332,0.789,5770.061,68026.863,0.02,0.0
353.361,2026-06-26T03:18:22.339651,66138.949,118143.332,0.782,5770.062,68026.863,0.02,0.0
353.412,2026-06-26T03:18:22.390639,66189.684,118143.332,0.823,5770.063,68026.863,0.02,0.0
353.463,2026-06-26T03:18:22.441635,66240.66,118143.332,0.806,5770.064,68026.863,0.02,0.0
353.514,2026-06-26T03:18:22.492616,66291.527,118143.332,0.794,5770.065,68026.863,0.02,0.0
353.565,2026-06-26T03:18:22.543607,66338.727,118143.332,0.786,5770.066,68026.863,0.02,0.0
353.616,2026-06-26T03:18:22.594608,66325.574,118143.332,0.78,5770.067,68026.863,0.02,0.0
353.667,2026-06-26T03:18:22.645612,65864.074,118143.332,0.776,5770.068,68026.863,0.02,0.0
353.718,2026-06-26T03:18:22.696585,65542.074,117343.332,0.819,5770.069,68026.863,0.02,0.0
353.769,2026-06-26T03:18:22.747595,65542.074,117343.332,0.849,5770.07,68026.863,0.02,0.0
353.82,2026-06-26T03:18:22.798572,65542.074,117343.332,0.824,5770.071,68026.863,0.02,0.0
353.871,2026-06-26T03:18:22.849606,65542.074,117343.332,0.807,5770.073,68026.863,0.02,0.0
353.922,2026-06-26T03:18:22.900590,65551.957,118143.332,0.749,5770.074,68076.863,0.02,980.372
353.973,2026-06-26T03:18:22.951598,65602.211,118143.332,0.799,5770.075,68076.863,0.02,0.0
354.024,2026-06-26T03:18:23.002580,65652.613,118143.332,0.79,5770.076,68076.863,0.02,0.0
354.075,2026-06-26T03:18:23.053650,65702.812,118143.332,0.782,5770.077,68076.863,0.02,0.0
354.126,2026-06-26T03:18:23.104653,65752.371,118143.332,0.731,5770.078,68076.863,0.02,0.0
354.177,2026-06-26T03:18:23.155666,65802.301,118143.332,0.788,5770.079,68076.863,0.02,0.0
354.228,2026-06-26T03:18:23.206654,65852.465,118143.332,0.781,5770.08,68076.863,0.02,0.0
354.279,2026-06-26T03:18:23.257658,65902.566,118143.332,0.777,5770.081,68076.863,0.02,0.0
354.33,2026-06-26T03:18:23.308632,65952.539,118143.332,0.773,5770.082,68076.863,0.02,0.0
354.381,2026-06-26T03:18:23.359646,66002.734,118143.332,0.771,5770.083,68076.863,0.02,0.0
354.432,2026-06-26T03:18:23.410633,66051.957,118143.332,0.862,5770.084,68076.863,0.02,0.0
354.483,2026-06-26T03:18:23.461634,66099.648,118143.332,0.833,5770.085,68076.863,0.02,0.0
354.534,2026-06-26T03:18:23.512626,66149.43,118143.332,0.813,5770.086,68076.863,0.02,0.0
354.585,2026-06-26T03:18:23.563640,66200.141,118143.332,0.799,5770.087,68076.863,0.02,0.0
354.636,2026-06-26T03:18:23.614608,66250.75,118143.332,0.789,5770.088,68076.863,0.02,0.0
354.687,2026-06-26T03:18:23.665609,66301.547,118143.332,0.782,5770.089,68076.863,0.02,0.0
354.738,2026-06-26T03:18:23.716585,66292.074,118093.332,0.777,5770.09,68076.863,0.02,0.0
354.789,2026-06-26T03:18:23.767602,66339.074,118143.332,0.774,5770.091,68076.863,0.02,0.0
354.84,2026-06-26T03:18:23.818592,65670.074,118143.332,0.772,5770.092,68076.863,0.02,0.0
354.891,2026-06-26T03:18:23.869594,65542.074,117343.332,0.77,5770.093,68076.863,0.02,0.0
354.942,2026-06-26T03:18:23.920578,65542.074,117343.332,0.815,5770.094,68076.863,0.02,0.0
354.993,2026-06-26T03:18:23.971572,65542.074,117343.332,0.8,5770.095,68076.863,0.02,0.0
355.044,2026-06-26T03:18:24.022584,65542.074,117343.332,0.836,5770.096,68076.863,0.02,0.0
355.095,2026-06-26T03:18:24.073594,65552.832,118143.332,0.769,5770.097,68126.863,0.02,980.876
355.146,2026-06-26T03:18:24.124575,65590.797,118143.332,0.814,5770.098,68126.863,0.02,0.0
355.197,2026-06-26T03:18:24.175585,65629.324,118143.332,0.8,5770.099,68126.863,0.02,0.0
355.248,2026-06-26T03:18:24.226555,65667.926,118143.332,0.835,5770.1,68126.863,0.02,0.0
355.299,2026-06-26T03:18:24.277524,65718.637,118143.332,0.816,5770.101,68126.863,0.02,0.0
355.349,2026-06-26T03:18:24.328111,65768.938,118143.332,0.802,5770.102,68126.863,0.02,0.0
355.4,2026-06-26T03:18:24.378773,65819.398,118143.332,0.792,5770.104,68126.863,0.02,0.0
355.451,2026-06-26T03:18:24.429748,65870.707,118143.332,0.784,5770.105,68126.863,0.02,0.0
355.502,2026-06-26T03:18:24.480743,65921.785,118143.332,0.779,5770.106,68126.863,0.02,0.0
355.553,2026-06-26T03:18:24.531740,65973.047,118143.332,0.821,5770.107,68126.863,0.02,0.0
355.604,2026-06-26T03:18:24.582746,66024.352,118143.332,0.759,5770.108,68126.863,0.02,0.0
355.655,2026-06-26T03:18:24.633721,66075.512,118143.332,0.807,5770.109,68126.863,0.02,0.0
355.706,2026-06-26T03:18:24.684729,66124.867,118143.332,0.795,5770.11,68126.863,0.02,0.0
355.757,2026-06-26T03:18:24.735712,66175.395,118143.332,0.786,5770.111,68126.863,0.02,0.0
355.808,2026-06-26T03:18:24.786726,66226.301,118143.332,0.78,5770.112,68126.863,0.02,0.0
355.859,2026-06-26T03:18:24.837706,66276.957,118143.332,0.776,5770.113,68126.863,0.02,0.0
355.91,2026-06-26T03:18:24.888695,66327.719,118143.332,0.773,5770.114,68126.863,0.02,0.0
355.961,2026-06-26T03:18:24.939679,66314.828,118143.332,0.817,5770.115,68126.863,0.02,0.0
356.012,2026-06-26T03:18:24.990692,66020.074,118143.332,0.847,5770.116,68126.863,0.02,0.0
356.063,2026-06-26T03:18:25.041686,65542.074,117343.332,0.823,5770.117,68126.863,0.02,0.0
356.114,2026-06-26T03:18:25.092684,65542.074,117343.332,0.806,5770.118,68126.863,0.02,0.0
356.165,2026-06-26T03:18:25.143655,65542.074,117343.332,0.794,5770.119,68126.863,0.02,0.0
356.216,2026-06-26T03:18:25.194689,65542.074,117343.332,0.786,5770.12,68126.863,0.02,0.0
356.267,2026-06-26T03:18:25.245665,65542.582,118143.332,0.78,5770.121,68176.863,0.02,980.527
356.318,2026-06-26T03:18:25.296666,65592.836,118143.332,0.729,5770.122,68176.863,0.02,0.0
356.369,2026-06-26T03:18:25.347631,65643.031,118143.332,0.742,5770.123,68176.863,0.02,0.0
356.49,2026-06-26T03:18:25.468367,65761.461,118143.332,0.908,5770.472,68176.863,2.899,0.0
356.54,2026-06-26T03:18:25.518799,65812.215,118143.332,0.867,5770.473,68176.863,0.02,0.0
356.591,2026-06-26T03:18:25.569425,65862.914,118143.332,0.838,5770.475,68176.863,0.02,0.0
356.641,2026-06-26T03:18:25.620076,65913.953,118143.332,0.818,5770.476,68176.863,0.02,0.0
356.692,2026-06-26T03:18:25.670892,65958.891,118143.332,0.803,5770.477,68176.863,0.02,0.0
356.743,2026-06-26T03:18:25.721719,66009.926,118143.332,0.792,5770.478,68176.863,0.02,0.0
356.794,2026-06-26T03:18:25.772791,66061.086,118143.332,0.784,5770.479,68176.863,0.02,0.0
356.845,2026-06-26T03:18:25.823821,66111.844,118143.332,0.824,5770.48,68176.863,0.02,0.0
356.896,2026-06-26T03:18:25.874900,66162.242,118143.332,0.76,5770.481,68176.863,0.02,0.0
356.947,2026-06-26T03:18:25.925931,66213.164,118143.332,0.762,5770.482,68176.863,0.02,0.0
356.998,2026-06-26T03:18:25.976983,66264.367,118143.332,0.855,5770.483,68176.863,0.02,0.0
357.049,2026-06-26T03:18:26.028039,66315.516,118143.332,0.828,5770.484,68176.863,0.02,0.0
357.1,2026-06-26T03:18:26.079062,66302.727,118143.332,0.81,5770.485,68176.863,0.02,0.0
357.151,2026-06-26T03:18:26.130051,66182.078,118143.332,0.842,5770.486,68176.863,0.02,0.0
357.202,2026-06-26T03:18:26.181047,65542.078,117343.332,0.82,5770.487,68176.863,0.02,0.0
357.253,2026-06-26T03:18:26.232015,65542.078,117343.332,0.803,5770.488,68176.863,0.02,0.0
357.304,2026-06-26T03:18:26.283027,65542.078,117343.332,0.792,5770.489,68176.863,0.02,0.0
357.355,2026-06-26T03:18:26.334004,65542.078,117343.332,0.784,5770.49,68176.863,0.02,0.0
357.406,2026-06-26T03:18:26.385002,65542.078,117343.332,0.825,5770.491,68226.863,0.02,980.624
357.457,2026-06-26T03:18:26.435980,65570.324,118143.332,0.761,5770.492,68226.863,0.02,0.0
357.508,2026-06-26T03:18:26.486982,65608.41,118143.332,0.809,5770.493,68226.863,0.02,0.0
357.559,2026-06-26T03:18:26.537982,65646.562,118143.332,0.796,5770.494,68226.863,0.02,0.0
357.61,2026-06-26T03:18:26.588973,65684.773,118143.332,0.787,5770.495,68226.863,0.02,0.0
357.661,2026-06-26T03:18:26.639930,65723.195,118143.332,0.781,5770.496,68226.863,0.02,0.0
357.712,2026-06-26T03:18:26.690950,65761.375,118143.332,0.776,5770.497,68226.863,0.02,0.0
357.763,2026-06-26T03:18:26.741919,65799.891,118143.332,0.773,5770.498,68226.863,0.02,0.0
357.814,2026-06-26T03:18:26.792940,65851.16,118143.332,0.771,5770.499,68226.863,0.02,0.0
357.865,2026-06-26T03:18:26.843915,65902.332,118143.332,0.816,5770.5,68226.863,0.02,0.0
357.916,2026-06-26T03:18:26.894912,65953.684,118143.332,0.755,5770.501,68226.863,0.02,0.0
357.967,2026-06-26T03:18:26.945898,66005.086,118143.332,0.804,5770.502,68226.863,0.02,0.0
358.018,2026-06-26T03:18:26.996904,66056.141,118143.332,0.792,5770.503,68226.863,0.02,0.0
358.069,2026-06-26T03:18:27.047897,66106.141,118143.332,0.784,5770.504,68226.863,0.02,0.0
358.12,2026-06-26T03:18:27.098896,66156.395,118143.332,0.825,5770.505,68226.863,0.02,0.0
358.171,2026-06-26T03:18:27.149862,66206.648,118143.332,0.761,5770.507,68226.863,0.02,0.0
358.222,2026-06-26T03:18:27.200863,66257.574,118143.332,0.809,5770.508,68226.863,0.02,0.0
358.273,2026-06-26T03:18:27.251841,66308.457,118143.332,0.796,5770.509,68226.863,0.02,0.0
358.324,2026-06-26T03:18:27.302852,66295.695,118143.332,0.787,5770.51,68226.863,0.02,0.0
358.375,2026-06-26T03:18:27.353832,66286.078,118143.332,0.781,5770.511,68226.863,0.02,0.0
358.426,2026-06-26T03:18:27.404831,65584.078,118143.332,0.776,5770.512,68226.863,0.02,0.0
358.477,2026-06-26T03:18:27.455814,65542.078,117343.332,0.819,5770.513,68226.863,0.02,0.0
358.528,2026-06-26T03:18:27.506817,65542.078,117343.332,0.803,5770.514,68226.863,0.02,0.0
358.579,2026-06-26T03:18:27.557805,65542.078,117343.332,0.792,5770.515,68226.863,0.02,0.0
358.63,2026-06-26T03:18:27.608805,65542.078,117343.332,0.784,5770.516,68226.863,0.02,0.0
358.681,2026-06-26T03:18:27.659781,65549.598,118143.332,0.825,5770.517,68276.863,0.02,979.785
358.732,2026-06-26T03:18:27.710801,65595.457,118143.332,0.807,5770.518,68276.863,0.02,0.0
358.783,2026-06-26T03:18:27.761784,65639.715,118143.332,0.795,5770.519,68276.863,0.02,0.0
358.834,2026-06-26T03:18:27.812786,65681.629,118143.332,0.786,5770.52,68276.863,0.02,0.0
358.885,2026-06-26T03:18:27.863766,65715.57,118143.332,0.826,5770.521,68276.863,0.02,0.0
358.936,2026-06-26T03:18:27.914745,65753.375,118143.332,0.762,5770.522,68276.863,0.02,0.0
358.987,2026-06-26T03:18:27.965751,65791.875,118143.332,0.855,5770.523,68276.863,0.02,0.0
359.038,2026-06-26T03:18:28.016766,65830.375,118143.332,0.783,5770.524,68276.863,0.02,0.0
359.089,2026-06-26T03:18:28.067742,65868.871,118143.332,0.823,5770.525,68276.863,0.02,0.0
359.14,2026-06-26T03:18:28.118749,65907.41,118143.332,0.806,5770.526,68276.863,0.02,0.0
359.191,2026-06-26T03:18:28.169721,65952.215,118143.332,0.794,5770.527,68276.863,0.02,0.0
359.242,2026-06-26T03:18:28.220741,66003.371,118143.332,0.786,5770.528,68276.863,0.02,0.0
359.293,2026-06-26T03:18:28.271719,66054.395,118143.332,0.78,5770.529,68276.863,0.02,0.0
359.344,2026-06-26T03:18:28.322717,66104.871,118143.332,0.776,5770.53,68276.863,0.02,0.0
359.395,2026-06-26T03:18:28.373704,66155.594,118143.332,0.773,5770.531,68276.863,0.02,0.0
359.446,2026-06-26T03:18:28.424702,66206.395,118143.332,0.771,5770.532,68276.863,0.02,0.0
359.497,2026-06-26T03:18:28.475697,66257.156,118143.332,0.769,5770.533,68276.863,0.02,0.0
359.548,2026-06-26T03:18:28.526697,66307.938,118143.332,0.814,5770.534,68276.863,0.02,0.0
359.599,2026-06-26T03:18:28.577681,66295.133,118143.332,0.846,5770.535,68276.863,0.02,0.0
359.65,2026-06-26T03:18:28.628693,66294.078,118143.332,0.822,5770.536,68276.863,0.02,0.0
359.701,2026-06-26T03:18:28.679668,65590.078,118143.332,0.805,5770.538,68276.863,0.02,0.0
359.752,2026-06-26T03:18:28.730686,65542.078,117343.332,0.793,5770.539,68276.863,0.02,0.0
359.803,2026-06-26T03:18:28.781664,65542.078,117343.332,0.785,5770.54,68276.863,0.02,0.0
359.854,2026-06-26T03:18:28.832660,65542.078,117343.332,0.779,5770.541,68276.863,0.02,0.0
359.905,2026-06-26T03:18:28.883654,65542.078,117343.332,0.775,5770.542,68276.863,0.02,0.0
359.956,2026-06-26T03:18:28.934661,65569.988,117393.332,0.772,5770.543,68326.863,0.02,980.271
360.007,2026-06-26T03:18:28.985661,65542.078,117343.332,0.77,5770.544,68326.863,0.02,0.0
360.058,2026-06-26T03:18:29.036666,65559.77,118143.332,0.815,5770.545,68376.863,0.02,980.926
360.109,2026-06-26T03:18:29.087633,65610.301,118143.332,0.846,5770.546,68376.863,0.02,0.0
360.16,2026-06-26T03:18:29.138658,65661.758,118143.332,0.822,5770.547,68376.863,0.02,0.0
360.211,2026-06-26T03:18:29.189635,65712.391,118143.332,0.76,5770.548,68376.863,0.02,0.0
360.262,2026-06-26T03:18:29.240630,65762.77,118143.332,0.761,5770.549,68376.863,0.02,0.0
360.313,2026-06-26T03:18:29.291616,65809.773,118143.332,0.809,5770.55,68376.863,0.02,0.0
360.364,2026-06-26T03:18:29.342611,65848.289,118143.332,0.796,5770.551,68376.863,0.02,0.0
360.415,2026-06-26T03:18:29.393615,65886.609,118143.332,0.787,5770.552,68376.863,0.02,0.0
360.466,2026-06-26T03:18:29.444616,65925.176,118143.332,0.781,5770.553,68376.863,0.02,0.0
360.517,2026-06-26T03:18:29.495595,65975.07,118143.332,0.776,5770.554,68376.863,0.02,0.0
360.568,2026-06-26T03:18:29.546599,66024.09,118143.332,0.819,5770.555,68376.863,0.02,0.0
360.619,2026-06-26T03:18:29.597579,66075.039,118143.332,0.757,5770.556,68376.863,0.02,0.0
360.67,2026-06-26T03:18:29.648599,66125.961,118143.332,0.806,5770.557,68376.863,0.02,0.0
360.721,2026-06-26T03:18:29.699587,66176.961,118143.332,0.748,5770.558,68376.863,0.02,0.0
360.772,2026-06-26T03:18:29.750587,66228.016,118143.332,0.799,5770.559,68376.863,0.02,0.0
360.823,2026-06-26T03:18:29.801574,66279.031,118143.332,0.789,5770.56,68376.863,0.02,0.0
360.874,2026-06-26T03:18:29.852578,66330.074,118143.332,0.782,5770.561,68376.863,0.02,0.0
360.925,2026-06-26T03:18:29.903569,66317.195,118143.332,0.823,5770.562,68376.863,0.02,0.0
360.976,2026-06-26T03:18:29.954577,65992.078,118143.332,0.806,5770.563,68376.863,0.02,0.0
361.027,2026-06-26T03:18:30.005563,65542.078,117343.332,0.84,5770.564,68376.863,0.02,0.0
361.078,2026-06-26T03:18:30.056572,65542.078,117343.332,0.864,5770.565,68376.863,0.02,0.0
361.129,2026-06-26T03:18:30.107560,65542.078,117343.332,0.835,5770.566,68376.863,0.02,0.0
361.18,2026-06-26T03:18:30.158562,65542.078,117343.332,0.814,5770.567,68376.863,0.02,0.0
361.231,2026-06-26T03:18:30.209541,65544.992,118143.332,0.754,5770.568,68426.863,0.02,980.601
361.282,2026-06-26T03:18:30.260549,65595.203,118143.332,0.803,5770.57,68426.863,0.02,0.0
361.333,2026-06-26T03:18:30.311552,65645.52,118143.332,0.792,5770.571,68426.863,0.02,0.0
361.384,2026-06-26T03:18:30.362556,65695.809,118143.332,0.738,5770.572,68426.863,0.02,0.0
361.505,2026-06-26T03:18:30.484016,65817.078,118143.332,0.903,5770.921,68426.863,2.887,0.0
361.556,2026-06-26T03:18:30.534460,65866.984,118143.332,0.864,5770.922,68426.863,0.02,0.0
361.606,2026-06-26T03:18:30.585104,65917.816,118143.332,0.835,5770.923,68426.863,0.02,0.0
361.657,2026-06-26T03:18:30.636091,65968.895,118143.332,0.815,5770.924,68426.863,0.02,0.0
361.708,2026-06-26T03:18:30.686879,66004.465,118143.332,0.801,5770.925,68426.863,0.02,0.0
361.759,2026-06-26T03:18:30.737847,66042.84,118143.332,0.791,5770.926,68426.863,0.02,0.0
361.81,2026-06-26T03:18:30.788825,66090.516,118143.332,0.829,5770.927,68426.863,0.02,0.0
361.861,2026-06-26T03:18:30.839820,66140.605,118143.332,0.764,5770.928,68426.863,0.02,0.0
361.912,2026-06-26T03:18:30.890802,66189.891,118143.332,0.811,5770.929,68426.863,0.02,0.0
361.963,2026-06-26T03:18:30.941806,66240.77,118143.332,0.843,5770.93,68426.863,0.02,0.0
362.014,2026-06-26T03:18:30.992802,66291.801,118143.332,0.82,5770.931,68426.863,0.02,0.0
362.065,2026-06-26T03:18:31.043814,66330.078,118143.332,0.804,5770.932,68426.863,0.02,0.0
362.116,2026-06-26T03:18:31.094776,66329.578,118143.332,0.792,5770.933,68426.863,0.02,0.0
362.167,2026-06-26T03:18:31.145778,65806.078,118143.332,0.785,5770.934,68426.863,0.02,0.0
362.218,2026-06-26T03:18:31.196759,65542.078,117343.332,0.779,5770.935,68426.863,0.02,0.0
362.269,2026-06-26T03:18:31.247764,65542.078,117343.332,0.775,5770.936,68426.863,0.02,0.0
362.32,2026-06-26T03:18:31.298739,65542.078,117343.332,0.773,5770.937,68426.863,0.02,0.0
362.371,2026-06-26T03:18:31.349734,65542.078,117343.332,0.816,5770.938,68426.863,0.02,0.0
362.422,2026-06-26T03:18:31.400733,65556.902,118143.332,0.847,5770.939,68476.863,0.02,980.642
362.473,2026-06-26T03:18:31.451735,65607.027,118143.332,0.823,5770.941,68476.863,0.02,0.0
362.524,2026-06-26T03:18:31.502711,65657.527,118143.332,0.806,5770.942,68476.863,0.02,0.0
362.575,2026-06-26T03:18:31.553709,65706.902,118143.332,0.794,5770.943,68476.863,0.02,0.0
362.626,2026-06-26T03:18:31.604672,65756.316,118143.332,0.785,5770.944,68476.863,0.02,0.0
362.677,2026-06-26T03:18:31.655698,65806.395,118143.332,0.78,5770.945,68476.863,0.02,0.0
362.728,2026-06-26T03:18:31.706680,65856.492,118143.332,0.776,5770.946,68476.863,0.02,0.0
362.779,2026-06-26T03:18:31.757684,65906.504,118143.332,0.773,5770.947,68476.863,0.02,0.0
362.83,2026-06-26T03:18:31.808664,65949.227,118143.332,0.817,5770.948,68476.863,0.02,0.0
362.881,2026-06-26T03:18:31.859663,65989.801,118143.332,0.801,5770.949,68476.863,0.02,0.0
362.932,2026-06-26T03:18:31.910653,66039.578,118143.332,0.791,5770.95,68476.863,0.02,0.0
362.983,2026-06-26T03:18:31.961659,66089.762,118143.332,0.783,5770.951,68476.863,0.02,0.0
363.034,2026-06-26T03:18:32.012659,66139.699,118143.332,0.778,5770.952,68476.863,0.02,0.0
363.085,2026-06-26T03:18:32.063664,66189.266,118143.332,0.729,5770.953,68476.863,0.02,0.0
363.136,2026-06-26T03:18:32.114634,66238.867,118143.332,0.786,5770.954,68476.863,0.02,0.0
363.187,2026-06-26T03:18:32.165652,66288.453,118143.332,0.78,5770.955,68476.863,0.02,0.0
363.238,2026-06-26T03:18:32.216635,66338.266,118143.332,0.822,5770.956,68476.863,0.02,0.0
363.289,2026-06-26T03:18:32.267634,66325.07,118143.332,0.805,5770.957,68476.863,0.02,0.0
363.34,2026-06-26T03:18:32.318633,65892.078,118143.332,0.793,5770.958,68476.863,0.02,0.0
363.391,2026-06-26T03:18:32.369642,65542.078,117343.332,0.785,5770.959,68476.863,0.02,0.0
363.442,2026-06-26T03:18:32.420636,65542.078,117343.332,0.825,5770.96,68476.863,0.02,0.0
363.493,2026-06-26T03:18:32.471639,65542.078,117343.332,0.807,5770.961,68476.863,0.02,0.0
363.544,2026-06-26T03:18:32.522615,65542.078,117343.332,0.795,5770.962,68476.863,0.02,0.0
363.595,2026-06-26T03:18:32.573625,65542.078,117343.332,0.74,5770.963,68526.863,0.02,980.706
363.646,2026-06-26T03:18:32.624609,65585.281,118143.332,0.794,5770.964,68526.863,0.02,0.0
363.697,2026-06-26T03:18:32.675609,65636.789,118143.332,0.74,5770.965,68526.863,0.02,0.0
363.748,2026-06-26T03:18:32.726583,65688.156,118143.332,0.84,5770.966,68526.863,0.02,0.0
363.799,2026-06-26T03:18:32.777573,65739.605,118143.332,0.818,5770.967,68526.863,0.02,0.0
363.85,2026-06-26T03:18:32.828575,65790.926,118143.332,0.848,5770.968,68526.863,0.02,0.0
363.901,2026-06-26T03:18:32.879585,65841.922,118143.332,0.778,5770.969,68526.863,0.02,0.0
363.952,2026-06-26T03:18:32.930565,65892.332,118143.332,0.82,5770.97,68526.863,0.02,0.0
364.003,2026-06-26T03:18:32.981572,65939.074,118143.332,0.804,5770.972,68526.863,0.02,0.0
364.054,2026-06-26T03:18:33.032557,65976.879,118143.332,0.792,5770.973,68526.863,0.02,0.0
364.105,2026-06-26T03:18:33.083568,66014.57,118143.332,0.785,5770.974,68526.863,0.02,0.0
364.156,2026-06-26T03:18:33.134542,66052.332,118143.332,0.779,5770.975,68526.863,0.02,0.0
364.207,2026-06-26T03:18:33.185546,66084.188,118143.332,0.821,5770.976,68526.863,0.02,0.0
364.258,2026-06-26T03:18:33.236526,66116.035,118143.332,0.759,5770.977,68526.863,0.02,0.0
364.309,2026-06-26T03:18:33.287526,66148.203,118143.332,0.807,5770.978,68526.863,0.02,0.0
364.36,2026-06-26T03:18:33.338524,66180.34,118143.332,0.795,5770.979,68526.863,0.02,0.0
364.411,2026-06-26T03:18:33.389525,66224.09,118143.332,0.786,5770.98,68526.863,0.02,0.0
364.462,2026-06-26T03:18:33.440504,66271.637,118143.332,0.734,5770.981,68526.863,0.02,0.0
364.513,2026-06-26T03:18:33.491514,66313.406,118143.332,0.79,5770.982,68526.863,0.02,0.0
364.564,2026-06-26T03:18:33.542498,66295.578,118143.332,0.782,5770.983,68526.863,0.02,0.0
364.615,2026-06-26T03:18:33.593498,66338.727,118143.332,0.778,5770.984,68526.863,0.02,0.0
364.666,2026-06-26T03:18:33.644478,65748.078,118143.332,0.774,5770.985,68526.863,0.02,0.0
364.717,2026-06-26T03:18:33.695474,65542.078,117343.332,0.864,5770.986,68526.863,0.02,0.0
364.768,2026-06-26T03:18:33.746461,65542.078,117343.332,0.834,5770.987,68526.863,0.02,0.0
364.819,2026-06-26T03:18:33.797467,65542.078,117343.332,0.814,5770.988,68526.863,0.02,0.0
364.87,2026-06-26T03:18:33.848454,65542.078,117343.332,0.8,5770.989,68526.863,0.02,0.0
364.921,2026-06-26T03:18:33.899451,65542.078,117343.332,0.79,5770.99,68576.863,0.02,980.825
364.972,2026-06-26T03:18:33.950426,65580.594,118143.332,0.782,5770.991,68576.863,0.02,0.0
365.023,2026-06-26T03:18:34.001446,65626.332,118143.332,0.731,5770.992,68576.863,0.02,0.0
365.074,2026-06-26T03:18:34.052443,65671.883,118143.332,0.788,5770.993,68576.863,0.02,0.0
365.125,2026-06-26T03:18:34.103444,65713.402,118143.332,0.735,5770.994,68576.863,0.02,0.0
365.176,2026-06-26T03:18:34.154427,65755.371,118143.332,0.79,5770.995,68576.863,0.02,0.0
365.227,2026-06-26T03:18:34.205420,65801.121,118143.332,0.829,5770.996,68576.863,0.02,0.0
365.278,2026-06-26T03:18:34.256430,65845.742,118143.332,0.81,5770.997,68576.863,0.02,0.0
365.329,2026-06-26T03:18:34.307439,65893.75,118143.332,0.843,5770.998,68576.863,0.02,0.0
365.38,2026-06-26T03:18:34.358428,65936.844,118143.332,0.82,5770.999,68576.863,0.02,0.0
365.431,2026-06-26T03:18:34.409446,65985.398,118143.332,0.757,5771.0,68576.863,0.02,0.0
365.482,2026-06-26T03:18:34.460417,66031.309,118143.332,0.806,5771.001,68576.863,0.02,0.0
365.533,2026-06-26T03:18:34.511444,66070.449,118143.332,0.794,5771.002,68576.863,0.02,0.0
365.584,2026-06-26T03:18:34.562409,66103.242,118143.332,0.786,5771.004,68576.863,0.02,0.0
365.635,2026-06-26T03:18:34.613406,66136.672,118143.332,0.78,5771.005,68576.863,0.02,0.0
365.686,2026-06-26T03:18:34.664392,66170.547,118143.332,0.775,5771.006,68576.863,0.02,0.0
365.737,2026-06-26T03:18:34.715438,66206.141,118143.332,0.772,5771.007,68576.863,0.02,0.0
365.788,2026-06-26T03:18:34.766493,66240.848,118143.332,0.77,5771.008,68576.863,0.02,0.0
365.839,2026-06-26T03:18:34.817560,66275.652,118143.332,0.768,5771.009,68576.863,0.02,0.0
365.89,2026-06-26T03:18:34.868588,66312.395,118143.332,0.767,5771.01,68576.863,0.02,0.0
365.941,2026-06-26T03:18:34.919666,66296.531,118143.332,0.813,5771.011,68576.863,0.02,0.0
365.992,2026-06-26T03:18:34.970711,66341.418,118143.332,0.844,5771.012,68576.863,0.02,0.0
366.043,2026-06-26T03:18:35.021800,65752.078,118143.332,0.821,5771.013,68576.863,0.02,0.0
366.094,2026-06-26T03:18:35.072829,65542.078,117343.332,0.804,5771.014,68576.863,0.02,0.0
366.145,2026-06-26T03:18:35.123859,65542.078,117343.332,0.793,5771.015,68576.863,0.02,0.0
366.196,2026-06-26T03:18:35.174860,65542.078,117343.332,0.831,5771.016,68576.863,0.02,0.0
366.247,2026-06-26T03:18:35.225854,65542.078,117343.332,0.811,5771.017,68576.863,0.02,0.0
366.298,2026-06-26T03:18:35.276828,65542.078,117343.332,0.798,5771.018,68626.863,0.02,980.225
366.349,2026-06-26T03:18:35.327823,65583.742,118143.332,0.788,5771.019,68626.863,0.02,0.0
366.4,2026-06-26T03:18:35.378793,65627.625,118143.332,0.781,5771.02,68626.863,0.02,0.0
366.53,2026-06-26T03:18:35.508410,65745.105,118143.332,0.91,5771.369,68626.863,2.705,0.0
366.58,2026-06-26T03:18:35.558847,65790.566,118143.332,0.914,5771.37,68626.863,0.02,0.0
366.631,2026-06-26T03:18:35.609488,65832.41,118143.332,0.872,5771.371,68626.863,0.02,0.0
366.681,2026-06-26T03:18:35.660111,65876.809,118143.332,0.795,5771.372,68626.863,0.02,0.0
366.732,2026-06-26T03:18:35.710926,65924.148,118143.332,0.833,5771.374,68626.863,0.02,0.0
366.783,2026-06-26T03:18:35.761864,65971.219,118143.332,0.813,5771.375,68626.863,0.02,0.0
366.834,2026-06-26T03:18:35.812861,66018.133,118143.332,0.799,5771.376,68626.863,0.02,0.0
366.885,2026-06-26T03:18:35.863837,66056.141,118143.332,0.881,5771.377,68626.863,0.02,0.0
366.936,2026-06-26T03:18:35.914838,66101.707,118143.332,0.846,5771.378,68626.863,0.02,0.0
366.987,2026-06-26T03:18:35.965801,66143.441,118143.332,0.822,5771.379,68626.863,0.02,0.0
367.038,2026-06-26T03:18:36.016830,66187.266,118143.332,0.805,5771.38,68626.863,0.02,0.0
367.089,2026-06-26T03:18:36.067815,66230.953,118143.332,0.794,5771.381,68626.863,0.02,0.0
367.14,2026-06-26T03:18:36.118814,66276.684,118143.332,0.785,5771.382,68626.863,0.02,0.0
367.191,2026-06-26T03:18:36.169800,66319.215,118143.332,0.78,5771.383,68626.863,0.02,0.0
367.242,2026-06-26T03:18:36.220796,66292.469,118143.332,0.775,5771.384,68626.863,0.02,0.0
367.293,2026-06-26T03:18:36.271803,66338.578,118143.332,0.818,5771.385,68626.863,0.02,0.0
367.344,2026-06-26T03:18:36.322803,65760.078,118143.332,0.803,5771.386,68626.863,0.02,0.0
367.395,2026-06-26T03:18:36.373780,65542.078,117343.332,0.792,5771.387,68626.863,0.02,0.0
367.446,2026-06-26T03:18:36.424790,65542.078,117343.332,0.784,5771.388,68626.863,0.02,0.0
367.497,2026-06-26T03:18:36.475763,65542.078,117343.332,0.779,5771.389,68626.863,0.02,0.0
367.548,2026-06-26T03:18:36.526775,65542.078,117343.332,0.775,5771.39,68626.863,0.02,0.0
367.599,2026-06-26T03:18:36.577754,65542.078,117343.332,0.772,5771.391,68676.863,0.02,980.587
367.65,2026-06-26T03:18:36.628748,65577.145,117393.332,0.77,5771.392,68676.863,0.02,0.0
367.701,2026-06-26T03:18:36.679739,65542.078,117343.332,0.769,5771.393,68676.863,0.02,0.0
367.752,2026-06-26T03:18:36.730738,65555.031,117393.332,0.768,5771.394,68726.863,0.02,980.459
367.803,2026-06-26T03:18:36.781726,65548.078,117393.332,0.813,5771.395,68726.863,0.02,0.0
367.854,2026-06-26T03:18:36.832738,65542.078,117343.332,0.799,5771.396,68726.863,0.02,0.0
367.905,2026-06-26T03:18:36.883710,65573.852,117393.332,0.789,5771.397,68776.863,0.02,979.927
367.956,2026-06-26T03:18:36.934720,65542.078,117343.332,0.782,5771.398,68776.863,0.02,0.0
368.007,2026-06-26T03:18:36.985721,65551.496,117393.332,0.823,5771.399,68826.863,0.02,980.147
368.058,2026-06-26T03:18:37.036729,65580.078,117393.332,0.806,5771.4,68826.863,0.02,0.0
368.109,2026-06-26T03:18:37.087702,65542.078,117343.332,0.794,5771.401,68876.863,0.02,980.959
368.16,2026-06-26T03:18:37.138697,65580.078,117393.332,0.786,5771.402,68876.863,0.02,0.0
368.211,2026-06-26T03:18:37.189687,65542.078,117343.332,0.78,5771.403,68876.863,0.02,0.0
368.262,2026-06-26T03:18:37.240703,65564.551,117393.332,0.776,5771.404,68926.863,0.02,980.711
368.313,2026-06-26T03:18:37.291676,65542.078,117343.332,0.819,5771.406,68926.863,0.02,0.0
368.364,2026-06-26T03:18:37.342679,65549.578,117393.332,0.757,5771.407,68976.863,0.02,981.491
368.415,2026-06-26T03:18:37.393646,65542.078,117343.332,0.76,5771.408,68976.863,0.02,0.0
368.466,2026-06-26T03:18:37.444691,65542.078,117343.332,0.808,5771.409,69026.863,0.02,980.637
368.517,2026-06-26T03:18:37.495670,65587.301,117393.332,0.887,5771.41,69026.863,0.02,0.0
368.568,2026-06-26T03:18:37.546662,65542.078,117343.332,0.851,5771.411,69026.863,0.02,0.0
368.619,2026-06-26T03:18:37.597650,65566.074,117393.332,0.826,5771.412,69076.863,0.02,980.715
368.67,2026-06-26T03:18:37.648637,65542.078,117343.332,0.808,5771.413,69076.863,0.02,0.0
368.721,2026-06-26T03:18:37.699633,65551.672,117393.332,0.749,5771.414,69126.863,0.02,980.175
368.772,2026-06-26T03:18:37.750644,65542.078,117343.332,0.8,5771.415,69126.863,0.02,0.0
368.823,2026-06-26T03:18:37.801622,65542.078,117343.332,0.79,5771.416,69176.863,0.02,979.987
368.874,2026-06-26T03:18:37.852624,65587.527,117393.332,0.783,5771.417,69176.863,0.02,0.0
368.925,2026-06-26T03:18:37.903604,65542.078,117343.332,0.778,5771.418,69176.863,0.02,0.0
368.976,2026-06-26T03:18:37.954631,65574.684,117393.332,0.774,5771.419,69226.863,0.02,980.431
369.027,2026-06-26T03:18:38.005619,65542.078,117343.332,0.818,5771.42,69226.863,0.02,0.0
369.078,2026-06-26T03:18:38.056615,65561.273,117393.332,0.756,5771.421,69276.863,0.02,980.175
369.129,2026-06-26T03:18:38.107604,65542.078,117343.332,0.851,5771.422,69276.863,0.02,0.0
369.18,2026-06-26T03:18:38.158614,65551.215,117393.332,0.78,5771.423,69326.863,0.02,980.477
369.231,2026-06-26T03:18:38.209601,65542.078,117343.332,0.821,5771.424,69326.863,0.02,0.0
369.282,2026-06-26T03:18:38.260612,65542.078,117343.332,0.805,5771.425,69376.863,0.02,981.115
369.333,2026-06-26T03:18:38.311584,64336.078,117343.332,0.793,5771.426,69376.863,0.02,0.0
369.384,2026-06-26T03:18:38.362593,63942.078,115743.332,0.785,5771.427,69376.863,0.02,0.0
369.435,2026-06-26T03:18:38.413581,63942.078,115743.332,0.779,5771.428,69376.863,0.02,0.0
369.486,2026-06-26T03:18:38.464595,63942.078,115743.332,0.775,5771.429,69376.863,0.02,0.0
369.537,2026-06-26T03:18:38.515568,63942.078,115743.332,0.773,5771.43,69376.863,0.02,0.0
369.588,2026-06-26T03:18:38.566541,63942.078,115743.332,0.771,5771.431,69376.863,0.02,0.0
369.639,2026-06-26T03:18:38.617548,63942.078,115743.332,0.769,5771.432,69376.863,0.02,0.0
369.69,2026-06-26T03:18:38.668554,64285.543,123885.332,0.906,5771.433,69376.863,0.02,0.0
369.741,2026-06-26T03:18:38.719589,64931.016,123885.332,1.185,5771.434,69376.863,0.02,0.0
369.792,2026-06-26T03:18:38.770655,65558.324,123885.332,1.289,5771.435,69376.863,0.02,0.0
369.843,2026-06-26T03:18:38.821674,66200.078,123885.332,1.361,5771.436,69376.863,0.02,0.0
369.894,2026-06-26T03:18:38.872754,66846.301,123885.332,1.458,5771.438,69376.863,0.02,0.0
369.945,2026-06-26T03:18:38.923794,67510.348,123885.332,1.48,5771.439,69376.863,0.02,0.0
369.996,2026-06-26T03:18:38.974846,68177.391,123885.332,1.495,5771.44,69376.863,0.02,0.0
370.047,2026-06-26T03:18:39.025895,68844.586,123885.332,1.506,5771.441,69376.863,0.02,0.0
370.098,2026-06-26T03:18:39.076912,69509.867,123885.332,1.559,5771.442,69376.863,0.02,0.0
370.149,2026-06-26T03:18:39.127902,70176.016,123885.332,1.505,5771.443,69376.863,0.02,0.0
370.2,2026-06-26T03:18:39.178900,70816.516,123885.332,1.514,5771.444,69376.863,0.02,0.0
370.251,2026-06-26T03:18:39.229850,71426.016,123885.332,1.565,5771.445,69376.863,0.02,0.0
370.302,2026-06-26T03:18:39.280844,72084.172,123889.332,1.556,5771.446,69376.863,0.02,0.0
370.353,2026-06-26T03:18:39.331826,72099.777,127985.332,1.548,5771.447,70134.676,0.02,14859.104
370.404,2026-06-26T03:18:39.382834,72135.051,127985.332,1.543,5771.448,70134.676,0.02,0.0
370.455,2026-06-26T03:18:39.433818,72174.82,127985.332,1.586,5771.449,70134.676,0.02,0.0
370.506,2026-06-26T03:18:39.484806,72214.605,127985.332,1.57,5771.45,70134.676,0.02,0.0
370.557,2026-06-26T03:18:39.535794,72254.43,127985.332,1.604,5771.451,70134.676,0.02,0.0
370.608,2026-06-26T03:18:39.586798,71992.172,127985.332,1.583,5771.452,70134.676,0.02,0.0
370.659,2026-06-26T03:18:39.637782,71575.977,127227.52,1.568,5771.453,70134.676,0.02,0.0
370.71,2026-06-26T03:18:39.688779,71614.359,127227.52,1.603,5771.454,70134.676,0.02,0.0
370.761,2026-06-26T03:18:39.739755,71652.363,127227.52,1.582,5771.455,70134.676,0.02,0.0
370.812,2026-06-26T03:18:39.790772,71734.469,127277.52,1.567,5771.456,70134.676,0.02,0.0
370.863,2026-06-26T03:18:39.841759,71778.656,127277.52,1.602,5771.457,70184.676,0.02,980.335
370.914,2026-06-26T03:18:39.892758,71860.496,127327.52,1.627,5771.458,70184.676,0.02,0.0
370.965,2026-06-26T03:18:39.943746,71856.496,127277.52,1.553,5771.459,70184.676,0.02,0.0
371.016,2026-06-26T03:18:39.994752,71923.199,127327.52,1.592,5771.46,70234.676,0.02,980.284
371.067,2026-06-26T03:18:40.045751,71935.355,127277.52,1.574,5771.461,70234.676,0.02,0.0
371.118,2026-06-26T03:18:40.096743,71988.34,127327.52,1.562,5771.462,70284.676,0.02,981.326
371.169,2026-06-26T03:18:40.147709,72014.215,127277.52,1.553,5771.463,70284.676,0.02,0.0
371.22,2026-06-26T03:18:40.198715,72054.805,127327.52,1.547,5771.464,70334.676,0.02,981.266
371.271,2026-06-26T03:18:40.249686,72143.094,127327.52,1.588,5771.465,70334.676,0.02,0.0
371.322,2026-06-26T03:18:40.300708,72132.492,127277.52,1.617,5771.466,70384.676,0.02,980.812
371.373,2026-06-26T03:18:40.351688,72208.809,127327.52,1.592,5771.467,70384.676,0.02,0.0
371.424,2026-06-26T03:18:40.402688,72211.359,127277.52,1.574,5771.469,70384.676,0.02,0.0
371.546,2026-06-26T03:18:40.524484,72305.359,127277.52,1.681,5771.818,70434.676,2.879,412.106
371.596,2026-06-26T03:18:40.574928,72374.258,127327.52,1.686,5771.819,70484.676,0.02,986.654
371.647,2026-06-26T03:18:40.625578,72383.859,127277.52,1.551,5771.82,70484.676,0.02,0.0
371.697,2026-06-26T03:18:40.676212,72422.887,127277.52,1.409,5771.821,70484.676,0.02,0.0
371.748,2026-06-26T03:18:40.727001,72485.289,127327.52,1.493,5771.822,70534.676,0.02,981.62
371.799,2026-06-26T03:18:40.777975,72500.82,127277.52,1.551,5771.823,70534.676,0.02,0.0
371.85,2026-06-26T03:18:40.828949,72549.527,127327.52,1.545,5771.824,70584.676,0.02,979.772
371.901,2026-06-26T03:18:40.879966,72579.203,127277.52,1.541,5771.825,70584.676,0.02,0.0
371.952,2026-06-26T03:18:40.930943,72618.359,127277.52,1.538,5771.826,70634.676,0.02,980.289
372.003,2026-06-26T03:18:40.981946,72702.125,127327.52,1.582,5771.827,70634.676,0.02,0.0
372.054,2026-06-26T03:18:41.032938,72696.594,127277.52,1.567,5771.828,70634.676,0.02,0.0
372.105,2026-06-26T03:18:41.083905,72767.82,127327.52,1.557,5771.829,70684.676,0.02,980.592
372.156,2026-06-26T03:18:41.134906,72774.859,127277.52,1.549,5771.83,70684.676,0.02,0.0
372.207,2026-06-26T03:18:41.185910,72833.359,128077.52,1.59,5771.831,70734.676,0.02,980.748
372.258,2026-06-26T03:18:41.236893,72922.551,128077.52,1.573,5771.832,70734.676,0.02,0.0
372.309,2026-06-26T03:18:41.287897,73012.051,128077.52,1.607,5771.833,70734.676,0.02,0.0
372.36,2026-06-26T03:18:41.338878,73101.078,128077.52,1.584,5771.834,70734.676,0.02,0.0
372.411,2026-06-26T03:18:41.389899,73190.551,128077.52,1.569,5771.835,70734.676,0.02,0.0
372.462,2026-06-26T03:18:41.440878,73279.859,128077.52,1.558,5771.836,70734.676,0.02,0.0
372.513,2026-06-26T03:18:41.491876,73369.164,128077.52,1.55,5771.838,70734.676,0.02,0.0
372.564,2026-06-26T03:18:41.542859,73458.746,128077.52,1.591,5771.839,70734.676,0.02,0.0
372.615,2026-06-26T03:18:41.593843,73548.234,128077.52,1.573,5771.84,70734.676,0.02,0.0
372.666,2026-06-26T03:18:41.644827,73637.574,128077.52,1.561,5771.841,70734.676,0.02,0.0
372.717,2026-06-26T03:18:41.695837,73727.066,128077.52,1.552,5771.842,70734.676,0.02,0.0
372.768,2026-06-26T03:18:41.746811,73816.426,128077.52,1.546,5771.843,70734.676,0.02,0.0
372.819,2026-06-26T03:18:41.797823,73905.75,128077.52,1.588,5771.844,70734.676,0.02,0.0
372.87,2026-06-26T03:18:41.848796,73995.031,128077.52,1.571,5771.845,70734.676,0.02,0.0
372.921,2026-06-26T03:18:41.899811,74084.66,128077.52,1.605,5771.846,70734.676,0.02,0.0
372.972,2026-06-26T03:18:41.950794,74174.207,128077.52,1.583,5771.847,70734.676,0.02,0.0
373.023,2026-06-26T03:18:42.001790,74200.078,128077.52,1.568,5771.848,70734.676,0.02,0.0
373.074,2026-06-26T03:18:42.052792,74124.402,128077.52,1.603,5771.849,70734.676,0.02,0.0
373.125,2026-06-26T03:18:42.103793,73517.375,127277.52,1.582,5771.85,70734.676,0.02,0.0
373.176,2026-06-26T03:18:42.154774,73556.375,127277.52,1.567,5771.851,70734.676,0.02,0.0
373.227,2026-06-26T03:18:42.205774,73595.57,127277.52,1.557,5771.852,70734.676,0.02,0.0
373.278,2026-06-26T03:18:42.256747,73634.598,127277.52,1.549,5771.853,70734.676,0.02,0.0
373.329,2026-06-26T03:18:42.307781,73673.859,127277.52,1.59,5771.854,70784.676,0.02,980.624
373.38,2026-06-26T03:18:42.358776,73753.582,127327.52,1.618,5771.855,70784.676,0.02,0.0
373.431,2026-06-26T03:18:42.409775,73752.352,127277.52,1.592,5771.856,70784.676,0.02,0.0
373.482,2026-06-26T03:18:42.460765,73820.336,128077.52,1.574,5771.857,70834.676,0.02,980.789
373.533,2026-06-26T03:18:42.511762,73909.102,128077.52,1.561,5771.858,70834.676,0.02,0.0
373.584,2026-06-26T03:18:42.562752,73997.977,128077.52,1.598,5771.859,70834.676,0.02,0.0
373.635,2026-06-26T03:18:42.613750,74022.547,128077.52,1.257,5771.86,70834.676,0.02,0.0
373.686,2026-06-26T03:18:42.664728,74034.656,128077.52,0.926,5771.861,70834.676,0.02,0.0
373.737,2026-06-26T03:18:42.715796,74124.074,128077.52,1.107,5771.862,70834.676,0.02,0.0
373.788,2026-06-26T03:18:42.766830,74213.293,128077.52,1.326,5771.863,70834.676,0.02,0.0
373.839,2026-06-26T03:18:42.817916,74302.727,128077.52,1.387,5771.864,70834.676,0.02,0.0
373.89,2026-06-26T03:18:42.868959,74391.949,128077.52,1.43,5771.865,70834.676,0.02,0.0
373.941,2026-06-26T03:18:42.920022,74480.75,128077.52,1.46,5771.866,70834.676,0.02,0.0
373.992,2026-06-26T03:18:42.971066,74569.914,128077.52,1.527,5771.868,70834.676,0.02,0.0
374.043,2026-06-26T03:18:43.022134,74658.945,128077.52,1.482,5771.869,70834.676,0.02,0.0
374.094,2026-06-26T03:18:43.073225,74747.707,128077.52,1.497,5771.87,70834.676,0.02,0.0
374.145,2026-06-26T03:18:43.124221,74836.602,128077.52,1.554,5771.871,70834.676,0.02,0.0
374.196,2026-06-26T03:18:43.175224,74924.832,128077.52,1.547,5771.872,70834.676,0.02,0.0
374.247,2026-06-26T03:18:43.226203,75013.219,128077.52,1.543,5771.873,70834.676,0.02,0.0
374.298,2026-06-26T03:18:43.277221,75102.316,128077.52,1.539,5771.874,70834.676,0.02,0.0
374.349,2026-06-26T03:18:43.328203,75191.637,128077.52,1.583,5771.875,70834.676,0.02,0.0
374.4,2026-06-26T03:18:43.379207,75217.293,128077.52,1.522,5771.876,70834.676,0.02,0.0
374.451,2026-06-26T03:18:43.430177,74808.223,128077.52,1.571,5771.877,70834.676,0.02,0.0
374.502,2026-06-26T03:18:43.481189,74513.281,127277.52,1.559,5771.878,70834.676,0.02,0.0
374.553,2026-06-26T03:18:43.532179,74551.98,127277.52,1.597,5771.879,70834.676,0.02,0.0
374.604,2026-06-26T03:18:43.583114,74590.273,127277.52,1.578,5771.88,70834.676,0.02,0.0
374.655,2026-06-26T03:18:43.634107,74628.141,127277.52,1.61,5771.881,70834.676,0.02,0.0
374.706,2026-06-26T03:18:43.685072,74667.355,127277.52,1.586,5771.882,70884.676,0.02,979.552
374.757,2026-06-26T03:18:43.736112,74753.359,128077.52,1.57,5771.883,70884.676,0.02,0.0
374.808,2026-06-26T03:18:43.787090,74841.941,128077.52,1.559,5771.884,70884.676,0.02,0.0
374.859,2026-06-26T03:18:43.838083,74930.285,128077.52,1.597,5771.885,70884.676,0.02,0.0
374.91,2026-06-26T03:18:43.889063,75018.961,128077.52,1.577,5771.886,70884.676,0.02,0.0
374.961,2026-06-26T03:18:43.940046,75108.332,128077.52,1.61,5771.887,70884.676,0.02,0.0
375.012,2026-06-26T03:18:43.991045,75197.988,128077.52,1.586,5771.888,70884.676,0.02,0.0
375.063,2026-06-26T03:18:44.042050,75287.605,128077.52,1.57,5771.889,70884.676,0.02,0.0
375.114,2026-06-26T03:18:44.093004,75376.418,128077.52,1.605,5771.89,70884.676,0.02,0.0
375.165,2026-06-26T03:18:44.144000,75465.637,128077.52,1.537,5771.891,70884.676,0.02,0.0
375.216,2026-06-26T03:18:44.194947,75554.895,128077.52,1.58,5771.892,70884.676,0.02,0.0
375.267,2026-06-26T03:18:44.246127,75643.742,128077.52,1.566,5771.893,70884.676,0.02,0.0
375.318,2026-06-26T03:18:44.297026,75732.488,128077.52,1.557,5771.894,70884.676,0.02,0.0
375.369,2026-06-26T03:18:44.347956,75821.211,128077.52,1.595,5771.895,70884.676,0.02,0.0
375.42,2026-06-26T03:18:44.398921,75910.332,128077.52,1.577,5771.896,70884.676,0.02,0.0
375.471,2026-06-26T03:18:44.449895,75999.488,128077.52,1.563,5771.898,70884.676,0.02,0.0
375.522,2026-06-26T03:18:44.500888,76088.488,128077.52,1.6,5771.899,70884.676,0.02,0.0
375.573,2026-06-26T03:18:44.551928,76114.141,128077.52,1.579,5771.9,70884.676,0.02,0.0
375.624,2026-06-26T03:18:44.602933,75681.699,128077.52,1.564,5771.901,70884.676,0.02,0.0
375.675,2026-06-26T03:18:44.653994,75408.754,127277.52,1.555,5771.902,70884.676,0.02,0.0
375.726,2026-06-26T03:18:44.705039,75447.914,127277.52,1.593,5771.903,70884.676,0.02,0.0
375.777,2026-06-26T03:18:44.756093,74906.359,127277.52,1.574,5771.904,70884.676,0.02,0.0
375.828,2026-06-26T03:18:44.807128,73466.359,127277.52,1.561,5771.905,70884.676,0.02,0.0
375.879,2026-06-26T03:18:44.858192,72020.359,127277.52,1.506,5771.906,70934.676,0.02,979.168
375.93,2026-06-26T03:18:44.909219,70568.359,127277.52,1.284,5771.907,70934.676,0.02,0.0
375.981,2026-06-26T03:18:44.960222,69116.359,127277.52,1.22,5771.908,70934.676,0.02,0.0
376.032,2026-06-26T03:18:45.011231,67664.359,127277.52,1.084,5771.909,70934.676,0.02,0.0
376.083,2026-06-26T03:18:45.062243,67342.629,123231.52,1.126,5771.91,70934.676,0.02,0.0
376.134,2026-06-26T03:18:45.113229,67351.992,123181.52,1.248,5771.911,70934.676,0.02,0.0
376.185,2026-06-26T03:18:45.164207,67419.156,123981.52,1.38,5771.912,70984.676,0.02,981.188
376.236,2026-06-26T03:18:45.215210,67513.078,123981.52,1.379,5771.913,70984.676,0.02,0.0
376.287,2026-06-26T03:18:45.266175,67607.273,123981.52,1.471,5771.914,70984.676,0.02,0.0
376.338,2026-06-26T03:18:45.317135,67701.133,123981.52,1.49,5771.915,70984.676,0.02,0.0
376.389,2026-06-26T03:18:45.368132,67795.258,123981.52,1.502,5771.916,70984.676,0.02,0.0
376.44,2026-06-26T03:18:45.419126,67889.254,123981.52,1.557,5771.917,70984.676,0.02,0.0
376.562,2026-06-26T03:18:45.540558,68112.762,123981.52,1.69,5772.267,70984.676,2.89,0.0
376.612,2026-06-26T03:18:45.590988,68205.945,123981.52,1.646,5772.268,70984.676,0.02,0.0
376.663,2026-06-26T03:18:45.641618,68299.273,123981.52,1.616,5772.269,70984.676,0.02,0.0
376.713,2026-06-26T03:18:45.692233,68392.57,123981.52,1.593,5772.27,70984.676,0.02,0.0
376.764,2026-06-26T03:18:45.743026,68486.355,123981.52,1.622,5772.271,70984.676,0.02,0.0
376.815,2026-06-26T03:18:45.794010,68579.254,123981.52,1.595,5772.272,70984.676,0.02,0.0
376.866,2026-06-26T03:18:45.844980,68672.641,123981.52,1.576,5772.273,70984.676,0.02,0.0
376.917,2026-06-26T03:18:45.895976,68765.992,123981.52,1.609,5772.274,70984.676,0.02,0.0
376.968,2026-06-26T03:18:45.946938,68859.227,123981.52,1.586,5772.275,70984.676,0.02,0.0
377.019,2026-06-26T03:18:45.997965,68889.656,123981.52,1.57,5772.276,70984.676,0.02,0.0
377.07,2026-06-26T03:18:46.048956,68683.961,123981.52,1.558,5772.277,70984.676,0.02,0.0
377.121,2026-06-26T03:18:46.099945,68208.004,123181.52,1.55,5772.278,70984.676,0.02,0.0
377.172,2026-06-26T03:18:46.150930,68252.363,123181.52,1.591,5772.279,70984.676,0.02,0.0
377.223,2026-06-26T03:18:46.201916,68296.363,123181.52,1.573,5772.28,70984.676,0.02,0.0
377.274,2026-06-26T03:18:46.252928,68339.879,123181.52,1.561,5772.281,70984.676,0.02,0.0
377.325,2026-06-26T03:18:46.303931,68383.906,123181.52,1.598,5772.282,71034.676,0.02,980.871
377.376,2026-06-26T03:18:46.354910,68472.309,123231.52,1.532,5772.283,71034.676,0.02,0.0
377.427,2026-06-26T03:18:46.405911,68471.574,123181.52,1.532,5772.284,71034.676,0.02,0.0
377.478,2026-06-26T03:18:46.456886,68548.383,123981.52,1.624,5772.285,71084.676,0.02,979.79
377.529,2026-06-26T03:18:46.507903,68641.824,123981.52,1.596,5772.286,71084.676,0.02,0.0
377.58,2026-06-26T03:18:46.558875,68735.59,123981.52,1.623,5772.287,71084.676,0.02,0.0
377.631,2026-06-26T03:18:46.609865,68829.195,123981.52,1.596,5772.288,71084.676,0.02,0.0
377.682,2026-06-26T03:18:46.660847,68922.941,123981.52,1.622,5772.289,71084.676,0.02,0.0
377.733,2026-06-26T03:18:46.711900,69017.883,123981.52,1.595,5772.29,71084.676,0.02,0.0
377.784,2026-06-26T03:18:46.762955,69112.734,123981.52,1.575,5772.291,71084.676,0.02,0.0
377.835,2026-06-26T03:18:46.814012,69207.676,123981.52,1.562,5772.293,71084.676,0.02,0.0
377.886,2026-06-26T03:18:46.865049,69302.59,123981.52,1.598,5772.294,71084.676,0.02,0.0
377.937,2026-06-26T03:18:46.916106,69397.5,123981.52,1.532,5772.295,71084.676,0.02,0.0
377.988,2026-06-26T03:18:46.967195,69492.301,123981.52,1.577,5772.296,71084.676,0.02,0.0
378.039,2026-06-26T03:18:47.018206,69586.555,123981.52,1.564,5772.297,71084.676,0.02,0.0
378.09,2026-06-26T03:18:47.069217,69680.711,123981.52,1.6,5772.298,71084.676,0.02,0.0
378.141,2026-06-26T03:18:47.120209,69774.656,123981.52,1.58,5772.299,71084.676,0.02,0.0
378.192,2026-06-26T03:18:47.171197,69868.578,123981.52,1.566,5772.3,71084.676,0.02,0.0
378.243,2026-06-26T03:18:47.222212,69963.121,123981.52,1.555,5772.301,71084.676,0.02,0.0
378.294,2026-06-26T03:18:47.273189,69993.527,123981.52,1.595,5772.302,71084.676,0.02,0.0
378.345,2026-06-26T03:18:47.324178,69738.465,123981.52,1.622,5772.303,71084.676,0.02,0.0
378.396,2026-06-26T03:18:47.375121,69308.238,123181.52,1.595,5772.304,71084.676,0.02,0.0
378.447,2026-06-26T03:18:47.426127,69352.27,123181.52,1.576,5772.305,71084.676,0.02,0.0
378.498,2026-06-26T03:18:47.477126,69396.176,123181.52,1.517,5772.306,71084.676,0.02,0.0
378.549,2026-06-26T03:18:47.528105,69440.062,123181.52,1.567,5772.307,71084.676,0.02,0.0
378.6,2026-06-26T03:18:47.579116,69483.258,123181.52,1.603,5772.308,71134.676,0.02,981.344
378.651,2026-06-26T03:18:47.630068,69483.258,123181.52,1.122,5772.309,71134.676,0.02,0.0
378.702,2026-06-26T03:18:47.681076,69561.383,123981.52,1.153,5772.31,71134.676,0.02,0.0
378.753,2026-06-26T03:18:47.732058,69655.059,123981.52,1.313,5772.311,71134.676,0.02,0.0
378.804,2026-06-26T03:18:47.783041,69748.551,123981.52,1.379,5772.312,71134.676,0.02,0.0
378.855,2026-06-26T03:18:47.834017,69842.129,123981.52,1.425,5772.313,71134.676,0.02,0.0
378.906,2026-06-26T03:18:47.885021,69935.863,123981.52,1.411,5772.314,71134.676,0.02,0.0
378.957,2026-06-26T03:18:47.936008,70029.062,123981.52,1.585,5772.315,71134.676,0.02,0.0
379.008,2026-06-26T03:18:47.987009,70122.574,123981.52,1.569,5772.316,71134.676,0.02,0.0
379.059,2026-06-26T03:18:48.037978,70215.883,123981.52,1.512,5772.317,71134.676,0.02,0.0
379.11,2026-06-26T03:18:48.088975,70309.312,123981.52,1.519,5772.318,71134.676,0.02,0.0
379.161,2026-06-26T03:18:48.139952,70402.477,123981.52,1.568,5772.319,71134.676,0.02,0.0
379.212,2026-06-26T03:18:48.190967,70495.801,123981.52,1.557,5772.32,71134.676,0.02,0.0
379.263,2026-06-26T03:18:48.241947,70589.219,123981.52,1.596,5772.321,71134.676,0.02,0.0
379.314,2026-06-26T03:18:48.292934,70682.598,123981.52,1.577,5772.322,71134.676,0.02,0.0
379.365,2026-06-26T03:18:48.343922,70775.441,123981.52,1.563,5772.324,71134.676,0.02,0.0
379.416,2026-06-26T03:18:48.394927,70868.324,123981.52,1.554,5772.325,71134.676,0.02,0.0
379.467,2026-06-26T03:18:48.445905,70960.965,123981.52,1.547,5772.326,71134.676,0.02,0.0
379.518,2026-06-26T03:18:48.496908,70990.875,123981.52,1.589,5772.327,71134.676,0.02,0.0
379.569,2026-06-26T03:18:48.547883,70802.008,123981.52,1.572,5772.328,71134.676,0.02,0.0
379.62,2026-06-26T03:18:48.598904,70309.734,123181.52,1.56,5772.329,71134.676,0.02,0.0
379.671,2026-06-26T03:18:48.649892,70353.395,123181.52,1.597,5772.33,71134.676,0.02,0.0
379.722,2026-06-26T03:18:48.700889,70397.172,123181.52,1.578,5772.331,71134.676,0.02,0.0
379.773,2026-06-26T03:18:48.751871,70440.895,123181.52,1.61,5772.332,71134.676,0.02,0.0
379.824,2026-06-26T03:18:48.802862,70484.863,123181.52,1.586,5772.333,71184.676,0.02,980.193
379.875,2026-06-26T03:18:48.853865,70572.273,123981.52,1.57,5772.334,71184.676,0.02,0.0
379.926,2026-06-26T03:18:48.904863,70666.742,123981.52,1.605,5772.335,71184.676,0.02,0.0
379.977,2026-06-26T03:18:48.955843,70761.066,123981.52,1.583,5772.336,71184.676,0.02,0.0
380.028,2026-06-26T03:18:49.006859,70855.66,123981.52,1.614,5772.337,71184.676,0.02,0.0
380.079,2026-06-26T03:18:49.057832,70948.434,123981.52,1.543,5772.338,71184.676,0.02,0.0
380.13,2026-06-26T03:18:49.108903,71043.266,123981.52,1.585,5772.339,71184.676,0.02,0.0
380.181,2026-06-26T03:18:49.159887,71138.09,123981.52,1.524,5772.34,71184.676,0.02,0.0
380.232,2026-06-26T03:18:49.210870,71232.77,123981.52,1.572,5772.341,71184.676,0.02,0.0
380.283,2026-06-26T03:18:49.261852,71327.59,123981.52,1.56,5772.342,71184.676,0.02,0.0
380.334,2026-06-26T03:18:49.312882,71422.074,123981.52,1.551,5772.343,71184.676,0.02,0.0
380.385,2026-06-26T03:18:49.363874,71516.746,123981.52,1.546,5772.344,71184.676,0.02,0.0
380.436,2026-06-26T03:18:49.414876,71611.617,123981.52,1.588,5772.345,71184.676,0.02,0.0
380.487,2026-06-26T03:18:49.465863,71705.805,123981.52,1.571,5772.346,71184.676,0.02,0.0
380.538,2026-06-26T03:18:49.516868,71800.02,123981.52,1.559,5772.347,71184.676,0.02,0.0
380.589,2026-06-26T03:18:49.567842,71894.215,123981.52,1.551,5772.348,71184.676,0.02,0.0
380.64,2026-06-26T03:18:49.618835,71960.453,123981.52,1.546,5772.349,71184.676,0.02,0.0
380.691,2026-06-26T03:18:49.669808,72018.199,123981.52,1.542,5772.35,71184.676,0.02,0.0
380.742,2026-06-26T03:18:49.720801,71538.191,123981.52,1.631,5772.351,71184.676,0.02,0.0
380.793,2026-06-26T03:18:49.771798,71317.957,123181.52,1.647,5772.352,71184.676,0.02,0.0
380.844,2026-06-26T03:18:49.822796,71361.867,123181.52,1.567,5772.354,71184.676,0.02,0.0
380.895,2026-06-26T03:18:49.873772,70922.363,123181.52,1.602,5772.355,71184.676,0.02,0.0
380.946,2026-06-26T03:18:49.924777,70182.363,123181.52,1.582,5772.356,71184.676,0.02,0.0
380.997,2026-06-26T03:18:49.975741,69432.363,123181.52,1.474,5772.357,71234.676,0.02,979.502
381.048,2026-06-26T03:18:50.026780,68672.363,123181.52,1.262,5772.358,71234.676,0.02,0.0
381.099,2026-06-26T03:18:50.077750,67928.363,123181.52,1.113,5772.359,71234.676,0.02,0.0
381.15,2026-06-26T03:18:50.128743,67286.488,119135.52,1.101,5772.36,71234.676,0.02,0.0
381.201,2026-06-26T03:18:50.179727,67280.363,119085.52,1.23,5772.361,71234.676,0.02,0.0
381.252,2026-06-26T03:18:50.230725,67280.363,119085.52,1.321,5772.362,71284.676,0.02,980.138
381.303,2026-06-26T03:18:50.281731,67325.031,119885.52,1.384,5772.363,71284.676,0.02,0.0
381.354,2026-06-26T03:18:50.332741,67374.664,119885.52,1.474,5772.364,71284.676,0.02,0.0
381.405,2026-06-26T03:18:50.383714,67425.129,119885.52,1.491,5772.365,71284.676,0.02,0.0
381.456,2026-06-26T03:18:50.434716,67475.953,119885.52,1.55,5772.366,71284.676,0.02,0.0
381.582,2026-06-26T03:18:50.561133,67601.184,119885.52,1.68,5772.715,71284.676,2.775,0.0
381.633,2026-06-26T03:18:50.611569,67651.32,119885.52,1.685,5772.716,71284.676,0.02,0.0
381.683,2026-06-26T03:18:50.662211,67701.562,119885.52,1.642,5772.718,71284.676,0.02,0.0
381.734,2026-06-26T03:18:50.712979,67752.238,119885.52,1.564,5772.719,71284.676,0.02,0.0
381.785,2026-06-26T03:18:50.763789,67802.586,119885.52,1.556,5772.72,71284.676,0.02,0.0
381.836,2026-06-26T03:18:50.814683,67851.543,119885.52,1.594,5772.721,71284.676,0.02,0.0
381.887,2026-06-26T03:18:50.865746,67899.367,119885.52,1.575,5772.722,71284.676,0.02,0.0
381.938,2026-06-26T03:18:50.916808,67947.242,119885.52,1.608,5772.723,71284.676,0.02,0.0
381.989,2026-06-26T03:18:50.967835,67994.68,119885.52,1.538,5772.724,71284.676,0.02,0.0
382.04,2026-06-26T03:18:51.018911,68042.863,119885.52,1.582,5772.725,71284.676,0.02,0.0
382.091,2026-06-26T03:18:51.069936,68030.363,119835.52,1.566,5772.726,71284.676,0.02,0.0
382.142,2026-06-26T03:18:51.121014,68094.055,121485.52,1.556,5772.727,71284.676,0.02,0.0
382.193,2026-06-26T03:18:51.171990,67468.145,121485.52,1.549,5772.728,71284.676,0.02,0.0
382.244,2026-06-26T03:18:51.222975,67335.113,120685.52,1.544,5772.729,71284.676,0.02,0.0
382.295,2026-06-26T03:18:51.273956,67354.16,120685.52,1.54,5772.73,71284.676,0.02,0.0
382.346,2026-06-26T03:18:51.324953,67373.176,120685.52,1.584,5772.731,71284.676,0.02,0.0
382.397,2026-06-26T03:18:51.375945,67392.23,120685.52,1.66,5772.732,71284.676,0.02,0.0
382.448,2026-06-26T03:18:51.426945,67427.484,121485.52,1.622,5772.733,71334.676,0.02,981.211
382.499,2026-06-26T03:18:51.477914,67495.137,121485.52,1.595,5772.734,71334.676,0.02,0.0
382.55,2026-06-26T03:18:51.528934,67563.117,121485.52,1.576,5772.735,71334.676,0.02,0.0
382.601,2026-06-26T03:18:51.579916,67630.906,121485.52,1.609,5772.736,71334.676,0.02,0.0
382.652,2026-06-26T03:18:51.630931,67699.07,121485.52,1.586,5772.737,71334.676,0.02,0.0
382.703,2026-06-26T03:18:51.681913,67767.945,121485.52,1.57,5772.738,71334.676,0.02,0.0
382.754,2026-06-26T03:18:51.732908,67836.965,121485.52,1.604,5772.739,71334.676,0.02,0.0
382.805,2026-06-26T03:18:51.783907,67904.953,121485.52,1.537,5772.74,71334.676,0.02,0.0
382.856,2026-06-26T03:18:51.834918,67973.152,121485.52,1.581,5772.741,71334.676,0.02,0.0
382.907,2026-06-26T03:18:51.885894,68041.371,121485.52,1.566,5772.742,71334.676,0.02,0.0
382.958,2026-06-26T03:18:51.936898,68109.629,121485.52,1.556,5772.743,71334.676,0.02,0.0
383.009,2026-06-26T03:18:51.987872,68177.609,121485.52,1.549,5772.744,71334.676,0.02,0.0
383.06,2026-06-26T03:18:52.038905,68246.016,121485.52,1.544,5772.745,71334.676,0.02,0.0
383.111,2026-06-26T03:18:52.089880,68314.215,121485.52,1.586,5772.746,71334.676,0.02,0.0
383.162,2026-06-26T03:18:52.140874,68382.34,121485.52,1.57,5772.747,71334.676,0.02,0.0
383.213,2026-06-26T03:18:52.191861,68450.355,121485.52,1.559,5772.749,71334.676,0.02,0.0
383.264,2026-06-26T03:18:52.242859,68475.754,121485.52,1.596,5772.75,71334.676,0.02,0.0
383.315,2026-06-26T03:18:52.293866,68523.43,121485.52,1.623,5772.751,71334.676,0.02,0.0
383.366,2026-06-26T03:18:52.344868,68035.742,121485.52,1.596,5772.752,71334.676,0.02,0.0
383.417,2026-06-26T03:18:52.395841,67772.73,120685.52,1.577,5772.753,71334.676,0.02,0.0
383.468,2026-06-26T03:18:52.446846,67791.828,120685.52,1.563,5772.754,71334.676,0.02,0.0
383.519,2026-06-26T03:18:52.497824,67810.836,120685.52,1.554,5772.755,71334.676,0.02,0.0
383.57,2026-06-26T03:18:52.548839,67829.902,120685.52,1.547,5772.756,71334.676,0.02,0.0
383.621,2026-06-26T03:18:52.599806,67858.824,120735.52,1.589,5772.757,71384.676,0.02,980.917
383.672,2026-06-26T03:18:52.650800,67906.094,120735.52,1.572,5772.758,71384.676,0.02,0.0
383.723,2026-06-26T03:18:52.701787,67880.891,120685.52,1.606,5772.759,71384.676,0.02,0.0
383.774,2026-06-26T03:18:52.752789,67922.102,121485.52,1.584,5772.76,71434.676,0.02,980.482
383.825,2026-06-26T03:18:52.803779,67986.172,121485.52,1.568,5772.761,71434.676,0.02,0.0
383.876,2026-06-26T03:18:52.854779,68045.133,121485.52,1.558,5772.762,71434.676,0.02,0.0
383.927,2026-06-26T03:18:52.905754,68110.281,121485.52,1.55,5772.763,71434.676,0.02,0.0
383.978,2026-06-26T03:18:52.956755,68173.594,121485.52,1.591,5772.764,71434.676,0.02,0.0
384.029,2026-06-26T03:18:53.007754,68238.684,121485.52,1.573,5772.765,71434.676,0.02,0.0
384.08,2026-06-26T03:18:53.058751,68308.398,121485.52,1.561,5772.766,71434.676,0.02,0.0
384.131,2026-06-26T03:18:53.109731,68378.172,121485.52,1.598,5772.767,71434.676,0.02,0.0
384.182,2026-06-26T03:18:53.160720,68447.906,121485.52,1.532,5772.768,71434.676,0.02,0.0
384.233,2026-06-26T03:18:53.211714,68517.645,121485.52,1.578,5772.769,71434.676,0.02,0.0
384.284,2026-06-26T03:18:53.262706,68587.129,121485.52,1.565,5772.77,71434.676,0.02,0.0
384.335,2026-06-26T03:18:53.313680,68655.469,121485.52,1.555,5772.771,71434.676,0.02,0.0
384.386,2026-06-26T03:18:53.364686,68725.184,121485.52,1.548,5772.772,71434.676,0.02,0.0
384.437,2026-06-26T03:18:53.415653,68794.5,121485.52,1.589,5772.773,71434.676,0.02,0.0
384.488,2026-06-26T03:18:53.466681,68864.074,121485.52,1.572,5772.774,71434.676,0.02,0.0
384.539,2026-06-26T03:18:53.517660,68933.918,121485.52,1.606,5772.775,71434.676,0.02,0.0
384.59,2026-06-26T03:18:53.568661,68939.629,121485.52,1.584,5772.776,71434.676,0.02,0.0
384.641,2026-06-26T03:18:53.619648,68995.898,121485.52,1.568,5772.777,71434.676,0.02,0.0
384.692,2026-06-26T03:18:53.670650,68298.777,121485.52,1.603,5772.779,71434.676,0.02,0.0
384.743,2026-06-26T03:18:53.721648,68245.797,120685.52,1.628,5772.78,71434.676,0.02,0.0
384.794,2026-06-26T03:18:53.772659,68264.777,120685.52,1.599,5772.781,71434.676,0.02,0.0
384.845,2026-06-26T03:18:53.823640,68283.867,120685.52,1.579,5772.782,71434.676,0.02,0.0
384.896,2026-06-26T03:18:53.874651,68302.961,120685.52,1.565,5772.783,71434.676,0.02,0.0
384.947,2026-06-26T03:18:53.925626,68350.094,120735.52,1.555,5772.784,71484.676,0.02,979.781
384.998,2026-06-26T03:18:53.976656,68340.906,120685.52,1.594,5772.785,71484.676,0.02,0.0
385.049,2026-06-26T03:18:54.027647,68376.5,121485.52,1.575,5772.786,71534.676,0.02,980.674
385.1,2026-06-26T03:18:54.078628,68445.016,121485.52,1.562,5772.787,71534.676,0.02,0.0
385.151,2026-06-26T03:18:54.129619,68513.746,121485.52,1.599,5772.788,71534.676,0.02,0.0
385.202,2026-06-26T03:18:54.180620,68582.359,121485.52,1.533,5772.789,71534.676,0.02,0.0
385.253,2026-06-26T03:18:54.231609,68650.332,121485.52,1.533,5772.79,71534.676,0.02,0.0
385.304,2026-06-26T03:18:54.282622,68719.066,121485.52,1.579,5772.791,71534.676,0.02,0.0
385.355,2026-06-26T03:18:54.333599,68787.867,121485.52,1.61,5772.792,71534.676,0.02,0.0
385.406,2026-06-26T03:18:54.384613,68856.66,121485.52,1.587,5772.793,71534.676,0.02,0.0
385.457,2026-06-26T03:18:54.435601,68925.586,121485.52,1.57,5772.794,71534.676,0.02,0.0
385.508,2026-06-26T03:18:54.486604,68994.527,121485.52,1.605,5772.795,71534.676,0.02,0.0
385.559,2026-06-26T03:18:54.537587,69063.492,121485.52,1.537,5772.796,71534.676,0.02,0.0
385.61,2026-06-26T03:18:54.588576,69132.453,121485.52,1.581,5772.797,71534.676,0.02,0.0
385.661,2026-06-26T03:18:54.639562,69201.613,121485.52,1.567,5772.798,71534.676,0.02,0.0
385.712,2026-06-26T03:18:54.690582,69270.754,121485.52,1.602,5772.799,71534.676,0.02,0.0
385.763,2026-06-26T03:18:54.741553,69340.176,121485.52,1.535,5772.8,71534.676,0.02,0.0
385.814,2026-06-26T03:18:54.792558,69409.77,121485.52,1.58,5772.801,71534.676,0.02,0.0
385.865,2026-06-26T03:18:54.843531,69415.578,121485.52,1.566,5772.802,71534.676,0.02,0.0
385.916,2026-06-26T03:18:54.894561,69448.047,121485.52,1.556,5772.803,71534.676,0.02,0.0
385.967,2026-06-26T03:18:54.945539,68746.836,121485.52,1.595,5772.804,71534.676,0.02,0.0
386.018,2026-06-26T03:18:54.996546,68719.828,120685.52,1.576,5772.805,71534.676,0.02,0.0
386.069,2026-06-26T03:18:55.047537,68738.801,120685.52,1.609,5772.806,71534.676,0.02,0.0
386.12,2026-06-26T03:18:55.098536,68757.758,120685.52,1.54,5772.807,71534.676,0.02,0.0
386.171,2026-06-26T03:18:55.149525,68776.789,120685.52,1.583,5772.808,71534.676,0.02,0.0
386.222,2026-06-26T03:18:55.200529,68827.031,121485.52,1.568,5772.81,71584.676,0.02,980.871
386.273,2026-06-26T03:18:55.251507,68895.965,121485.52,1.557,5772.811,71584.676,0.02,0.0
386.324,2026-06-26T03:18:55.302516,68964.73,121485.52,1.55,5772.812,71584.676,0.02,0.0
386.375,2026-06-26T03:18:55.353494,69033.371,121485.52,1.59,5772.813,71584.676,0.02,0.0
386.426,2026-06-26T03:18:55.404512,69103.414,121485.52,1.573,5772.814,71584.676,0.02,0.0
386.477,2026-06-26T03:18:55.455496,68699.41,121485.52,1.561,5772.815,71584.676,0.02,0.0
386.597,2026-06-26T03:18:55.575724,67060.727,121485.52,1.718,5773.164,71584.676,2.919,0.0
386.647,2026-06-26T03:18:55.626150,66367.062,121485.52,1.666,5773.165,71584.676,0.02,0.0
386.698,2026-06-26T03:18:55.676758,65681.445,121485.52,1.675,5773.166,71584.676,0.02,0.0
386.749,2026-06-26T03:18:55.727426,65337.723,117389.52,1.588,5773.167,71584.676,0.02,0.0
386.799,2026-06-26T03:18:55.778214,65387.473,117389.52,1.573,5773.168,71584.676,0.02,0.0
386.85,2026-06-26T03:18:55.829194,65438.133,117389.52,1.606,5773.169,71584.676,0.02,0.0
386.901,2026-06-26T03:18:55.880162,65488.484,117389.52,1.584,5773.17,71584.676,0.02,0.0
386.952,2026-06-26T03:18:55.931112,65538.723,117389.52,1.568,5773.171,71584.676,0.02,0.0
387.003,2026-06-26T03:18:55.982168,65534.598,117339.52,1.558,5773.172,71584.676,0.02,0.0
387.054,2026-06-26T03:18:56.033123,65574.438,117389.52,1.55,5773.174,71584.676,0.02,0.0
387.105,2026-06-26T03:18:56.084102,65042.598,117389.52,1.591,5773.175,71584.676,0.02,0.0
387.156,2026-06-26T03:18:56.135082,64784.598,116589.52,1.573,5773.176,71584.676,0.02,0.0
387.207,2026-06-26T03:18:56.186059,64784.598,116589.52,1.561,5773.177,71584.676,0.02,0.0
387.258,2026-06-26T03:18:56.237055,64784.598,116589.52,1.552,5773.178,71584.676,0.02,0.0
387.309,2026-06-26T03:18:56.288049,64784.598,116589.52,1.546,5773.179,71584.676,0.02,0.0
387.36,2026-06-26T03:18:56.339025,64791.406,116639.52,1.542,5773.18,71634.676,0.02,980.046
387.411,2026-06-26T03:18:56.390025,64784.598,116589.52,1.539,5773.181,71634.676,0.02,0.0
387.462,2026-06-26T03:18:56.440987,64784.598,116589.52,1.537,5773.182,71684.676,0.02,979.973
387.513,2026-06-26T03:18:56.492003,64828.375,117389.52,1.628,5773.183,71684.676,0.02,0.0
387.564,2026-06-26T03:18:56.542991,64877.926,117389.52,1.599,5773.184,71684.676,0.02,0.0
387.615,2026-06-26T03:18:56.593958,64926.785,117389.52,1.625,5773.185,71684.676,0.02,0.0
387.666,2026-06-26T03:18:56.644934,64976.016,117389.52,1.597,5773.186,71684.676,0.02,0.0
387.717,2026-06-26T03:18:56.695933,65026.246,117389.52,1.394,5773.187,71684.676,0.02,0.0
387.768,2026-06-26T03:18:56.746929,65076.195,117389.52,1.205,5773.188,71684.676,0.02,0.0
387.819,2026-06-26T03:18:56.797928,65126.375,117389.52,1.074,5773.189,71684.676,0.02,0.0
387.87,2026-06-26T03:18:56.848899,65176.691,117389.52,0.981,5773.19,71684.676,0.02,0.0
387.921,2026-06-26T03:18:56.899904,65226.793,117389.52,0.917,5773.191,71684.676,0.02,0.0
387.972,2026-06-26T03:18:56.950891,65276.91,117389.52,0.871,5773.192,71684.676,0.02,0.0
388.023,2026-06-26T03:18:57.001887,65326.246,117389.52,0.84,5773.193,71684.676,0.02,0.0
388.074,2026-06-26T03:18:57.052875,65375.168,117389.52,0.818,5773.194,71684.676,0.02,0.0
388.125,2026-06-26T03:18:57.103852,65425.5,117389.52,0.802,5773.195,71684.676,0.02,0.0
388.176,2026-06-26T03:18:57.154852,65476.246,117389.52,0.837,5773.196,71684.676,0.02,0.0
388.227,2026-06-26T03:18:57.205856,65526.867,117389.52,0.77,5773.197,71684.676,0.02,0.0
388.278,2026-06-26T03:18:57.256835,65577.586,117389.52,0.815,5773.198,71684.676,0.02,0.0
388.329,2026-06-26T03:18:57.307804,65564.328,117389.52,0.801,5773.199,71684.676,0.02,0.0
388.38,2026-06-26T03:18:57.358445,65166.605,117389.52,0.791,5773.2,71684.676,0.02,0.0
388.431,2026-06-26T03:18:57.409481,64784.605,116589.52,0.784,5773.201,71684.676,0.02,0.0
388.482,2026-06-26T03:18:57.460460,64784.605,116589.52,0.778,5773.202,71684.676,0.02,0.0
388.533,2026-06-26T03:18:57.511460,64784.605,116589.52,0.775,5773.203,71684.676,0.02,0.0
388.584,2026-06-26T03:18:57.562451,64784.605,116589.52,0.772,5773.205,71684.676,0.02,0.0
388.635,2026-06-26T03:18:57.613435,64786.148,117389.52,0.816,5773.206,71734.676,0.02,980.065
388.686,2026-06-26T03:18:57.664434,64836.0,117389.52,0.801,5773.207,71734.676,0.02,0.0
388.737,2026-06-26T03:18:57.715438,64886.383,117389.52,0.791,5773.208,71734.676,0.02,0.0
388.788,2026-06-26T03:18:57.766420,64936.414,117389.52,0.783,5773.209,71734.676,0.02,0.0
388.839,2026-06-26T03:18:57.817429,64986.168,117389.52,0.732,5773.21,71734.676,0.02,0.0
388.89,2026-06-26T03:18:57.868400,65036.93,117389.52,0.788,5773.211,71734.676,0.02,0.0
388.941,2026-06-26T03:18:57.919428,65088.348,117389.52,0.781,5773.212,71734.676,0.02,0.0
388.992,2026-06-26T03:18:57.970411,65139.742,117389.52,0.777,5773.213,71734.676,0.02,0.0
389.043,2026-06-26T03:18:58.021400,65190.938,117389.52,0.819,5773.214,71734.676,0.02,0.0
389.094,2026-06-26T03:18:58.072399,65242.051,117389.52,0.758,5773.215,71734.676,0.02,0.0
389.145,2026-06-26T03:18:58.123409,65292.82,117389.52,0.806,5773.216,71734.676,0.02,0.0
389.196,2026-06-26T03:18:58.174391,65343.98,117389.52,0.84,5773.217,71734.676,0.02,0.0
389.247,2026-06-26T03:18:58.225393,65394.301,117389.52,0.772,5773.218,71734.676,0.02,0.0
389.298,2026-06-26T03:18:58.276356,65433.043,117389.52,0.816,5773.219,71734.676,0.02,0.0
389.349,2026-06-26T03:18:58.327367,65474.863,117389.52,0.801,5773.22,71734.676,0.02,0.0
389.4,2026-06-26T03:18:58.378358,65520.883,117389.52,0.791,5773.221,71734.676,0.02,0.0
389.45,2026-06-26T03:18:58.429353,65565.707,117389.52,0.783,5773.222,71734.676,0.02,0.0
389.501,2026-06-26T03:18:58.480327,65547.203,117389.52,0.778,5773.223,71734.676,0.02,0.0
389.552,2026-06-26T03:18:58.531276,65490.605,117389.52,0.775,5773.224,71734.676,0.02,0.0
389.603,2026-06-26T03:18:58.582248,64866.605,117389.52,0.772,5773.225,71734.676,0.02,0.0
389.654,2026-06-26T03:18:58.633214,64784.605,116589.52,0.862,5773.226,71734.676,0.02,0.0
389.705,2026-06-26T03:18:58.684228,64784.605,116589.52,0.833,5773.227,71734.676,0.02,0.0
389.756,2026-06-26T03:18:58.735236,64784.605,116589.52,0.813,5773.228,71734.676,0.02,0.0
389.807,2026-06-26T03:18:58.786243,64784.605,116589.52,0.799,5773.229,71734.676,0.02,0.0
389.858,2026-06-26T03:18:58.837277,64784.605,116589.52,0.743,5773.23,71784.676,0.02,980.152
389.909,2026-06-26T03:18:58.888290,64826.793,117389.52,0.75,5773.231,71784.676,0.02,0.0
389.96,2026-06-26T03:18:58.939328,64869.578,117389.52,0.754,5773.232,71784.676,0.02,0.0
390.012,2026-06-26T03:18:58.990378,64914.504,117389.52,0.804,5773.233,71784.676,0.02,0.0
390.063,2026-06-26T03:18:59.041406,64958.105,117389.52,0.792,5773.234,71784.676,0.02,0.0
390.114,2026-06-26T03:18:59.092481,65002.406,117389.52,0.784,5773.235,71784.676,0.02,0.0
390.165,2026-06-26T03:18:59.143466,65046.887,117389.52,0.825,5773.237,71784.676,0.02,0.0
390.216,2026-06-26T03:18:59.194439,65091.277,117389.52,0.807,5773.238,71784.676,0.02,0.0
390.267,2026-06-26T03:18:59.245418,65136.309,117389.52,0.841,5773.239,71784.676,0.02,0.0
390.318,2026-06-26T03:18:59.296422,65180.68,117389.52,0.772,5773.24,71784.676,0.02,0.0
390.369,2026-06-26T03:18:59.347419,65224.703,117389.52,0.771,5773.241,71784.676,0.02,0.0
390.42,2026-06-26T03:18:59.398416,65271.016,117389.52,0.815,5773.242,71784.676,0.02,0.0
390.471,2026-06-26T03:18:59.449394,65316.355,117389.52,0.754,5773.243,71784.676,0.02,0.0
390.522,2026-06-26T03:18:59.500402,65359.48,117389.52,0.804,5773.244,71784.676,0.02,0.0
390.573,2026-06-26T03:18:59.551379,65404.539,117389.52,0.793,5773.245,71784.676,0.02,0.0
390.624,2026-06-26T03:18:59.602372,65449.176,117389.52,0.831,5773.246,71784.676,0.02,0.0
390.674,2026-06-26T03:18:59.653350,65493.152,117389.52,0.811,5773.247,71784.676,0.02,0.0
390.725,2026-06-26T03:18:59.704294,65535.477,117389.52,0.798,5773.248,71784.676,0.02,0.0
390.776,2026-06-26T03:18:59.755267,65581.48,117389.52,0.788,5773.249,71784.676,0.02,0.0
390.827,2026-06-26T03:18:59.806231,65561.695,117389.52,0.782,5773.25,71784.676,0.02,0.0
390.878,2026-06-26T03:18:59.857231,65278.605,117389.52,0.777,5773.251,71784.676,0.02,0.0
390.929,2026-06-26T03:18:59.908204,64784.605,116589.52,0.774,5773.252,71784.676,0.02,0.0
390.98,2026-06-26T03:18:59.959196,64784.605,116589.52,0.771,5773.253,71784.676,0.02,0.0
391.031,2026-06-26T03:19:00.010221,64784.605,116589.52,0.77,5773.254,71784.676,0.02,0.0
391.082,2026-06-26T03:19:00.061213,64784.605,116589.52,0.769,5773.255,71784.676,0.02,0.0
391.133,2026-06-26T03:19:00.112180,64784.605,116589.52,0.814,5773.256,71784.676,0.02,0.0
391.184,2026-06-26T03:19:00.163131,64805.113,117389.52,0.846,5773.257,71834.676,0.02,980.972
391.235,2026-06-26T03:19:00.214125,64847.238,117389.52,0.822,5773.258,71834.676,0.02,0.0
391.286,2026-06-26T03:19:00.265125,64895.27,117389.52,0.805,5773.259,71834.676,0.02,0.0
391.337,2026-06-26T03:19:00.316076,64943.98,117389.52,0.841,5773.26,71834.676,0.02,0.0
391.388,2026-06-26T03:19:00.366660,64988.746,117389.52,0.774,5773.261,71834.676,0.02,0.0
391.438,2026-06-26T03:19:00.417336,65035.609,117389.52,0.818,5773.262,71834.676,0.02,0.0
391.49,2026-06-26T03:19:00.468361,65080.039,117389.52,0.756,5773.263,71834.676,0.02,0.0
391.611,2026-06-26T03:19:00.589358,65189.938,117389.52,0.899,5773.613,71834.676,2.9,0.0
391.661,2026-06-26T03:19:00.639799,65237.184,117389.52,0.907,5773.614,71834.676,0.02,0.0
391.712,2026-06-26T03:19:00.690443,65281.48,117389.52,0.866,5773.615,71834.676,0.02,0.0
391.762,2026-06-26T03:19:00.741073,65329.918,117389.52,0.837,5773.616,71834.676,0.02,0.0
391.813,2026-06-26T03:19:00.791879,65374.977,117389.52,0.771,5773.617,71834.676,0.02,0.0
391.864,2026-06-26T03:19:00.842713,65422.613,117389.52,0.815,5773.618,71834.676,0.02,0.0
391.915,2026-06-26T03:19:00.893782,65472.23,117389.52,0.8,5773.619,71834.676,0.02,0.0
391.966,2026-06-26T03:19:00.944821,65521.133,117389.52,0.835,5773.62,71834.676,0.02,0.0
392.017,2026-06-26T03:19:00.995896,65570.168,117389.52,0.769,5773.621,71834.676,0.02,0.0
392.068,2026-06-26T03:19:01.046925,65555.477,117389.52,0.813,5773.622,71834.676,0.02,0.0
392.119,2026-06-26T03:19:01.097987,65306.605,117389.52,0.753,5773.623,71834.676,0.02,0.0
392.17,2026-06-26T03:19:01.148985,64784.605,116589.52,0.803,5773.624,71834.676,0.02,0.0
392.221,2026-06-26T03:19:01.199986,64784.605,116589.52,0.838,5773.625,71834.676,0.02,0.0
392.272,2026-06-26T03:19:01.250957,64784.605,116589.52,0.816,5773.626,71834.676,0.02,0.0
392.323,2026-06-26T03:19:01.301942,64784.605,116589.52,0.847,5773.627,71834.676,0.02,0.0
392.374,2026-06-26T03:19:01.352944,64784.605,116589.52,0.777,5773.628,71884.676,0.02,980.431
392.425,2026-06-26T03:19:01.403941,64822.031,117389.52,0.82,5773.629,71884.676,0.02,0.0
392.476,2026-06-26T03:19:01.454919,64871.504,117389.52,0.803,5773.63,71884.676,0.02,0.0
392.527,2026-06-26T03:19:01.505921,64921.457,117389.52,0.792,5773.632,71884.676,0.02,0.0
392.578,2026-06-26T03:19:01.556898,64970.543,117389.52,0.784,5773.633,71884.676,0.02,0.0
392.629,2026-06-26T03:19:01.607918,65020.449,117389.52,0.779,5773.634,71884.676,0.02,0.0
392.68,2026-06-26T03:19:01.658899,65070.434,117389.52,0.821,5773.635,71884.676,0.02,0.0
392.731,2026-06-26T03:19:01.709892,65120.059,117389.52,0.759,5773.636,71884.676,0.02,0.0
392.782,2026-06-26T03:19:01.760872,65169.781,117389.52,0.807,5773.637,71884.676,0.02,0.0
392.833,2026-06-26T03:19:01.811877,65219.238,117389.52,0.794,5773.638,71884.676,0.02,0.0
392.884,2026-06-26T03:19:01.862874,65268.801,117389.52,0.786,5773.639,71884.676,0.02,0.0
392.935,2026-06-26T03:19:01.913865,65317.672,117389.52,0.78,5773.64,71884.676,0.02,0.0
392.986,2026-06-26T03:19:01.964847,65364.824,117389.52,0.776,5773.641,71884.676,0.02,0.0
393.037,2026-06-26T03:19:02.015873,65413.98,117389.52,0.773,5773.642,71884.676,0.02,0.0
393.088,2026-06-26T03:19:02.066858,65462.73,117389.52,0.817,5773.643,71884.676,0.02,0.0
393.139,2026-06-26T03:19:02.117870,65511.93,117389.52,0.756,5773.644,71884.676,0.02,0.0
393.19,2026-06-26T03:19:02.168845,65561.043,117389.52,0.805,5773.645,71884.676,0.02,0.0
393.241,2026-06-26T03:19:02.219831,65546.285,117389.52,0.793,5773.646,71884.676,0.02,0.0
393.292,2026-06-26T03:19:02.270824,65438.605,117389.52,0.785,5773.647,71884.676,0.02,0.0
393.343,2026-06-26T03:19:02.321823,64784.605,116589.52,0.825,5773.648,71884.676,0.02,0.0
393.394,2026-06-26T03:19:02.372800,64784.605,116589.52,0.853,5773.649,71884.676,0.02,0.0
393.445,2026-06-26T03:19:02.423800,64784.605,116589.52,0.827,5773.65,71884.676,0.02,0.0
393.496,2026-06-26T03:19:02.474764,64784.605,116589.52,0.809,5773.651,71884.676,0.02,0.0
393.547,2026-06-26T03:19:02.525785,64784.605,116589.52,0.796,5773.652,71884.676,0.02,0.0
393.598,2026-06-26T03:19:02.576758,64813.375,117389.52,0.787,5773.653,71934.676,0.02,980.729
393.649,2026-06-26T03:19:02.627757,64841.871,117389.52,0.689,5773.654,71934.676,0.02,0.0
393.7,2026-06-26T03:19:02.678747,64887.77,117389.52,0.712,5773.655,71934.676,0.02,0.0
393.751,2026-06-26T03:19:02.729799,64939.219,117389.52,0.682,5773.656,71934.676,0.02,0.0
393.802,2026-06-26T03:19:02.780859,64987.664,117389.52,0.753,5773.657,71934.676,0.02,0.0
393.853,2026-06-26T03:19:02.831918,65036.676,117389.52,0.711,5773.658,71934.676,0.02,0.0
393.904,2026-06-26T03:19:02.882953,65085.941,117389.52,0.773,5773.659,71934.676,0.02,0.0
393.955,2026-06-26T03:19:02.934011,65135.129,117389.52,0.771,5773.66,71934.676,0.02,0.0
394.006,2026-06-26T03:19:02.985040,65184.453,117389.52,0.815,5773.661,71934.676,0.02,0.0
394.057,2026-06-26T03:19:03.036116,65234.48,117389.52,0.754,5773.662,71934.676,0.02,0.0
394.108,2026-06-26T03:19:03.087128,65283.805,117389.52,0.804,5773.664,71934.676,0.02,0.0
394.159,2026-06-26T03:19:03.138116,65332.789,117389.52,0.838,5773.665,71934.676,0.02,0.0
394.21,2026-06-26T03:19:03.189107,65381.48,117389.52,0.771,5773.666,71934.676,0.02,0.0
394.261,2026-06-26T03:19:03.240092,65430.418,117389.52,0.815,5773.667,71934.676,0.02,0.0
394.312,2026-06-26T03:19:03.291071,65479.117,117389.52,0.8,5773.668,71934.676,0.02,0.0
394.363,2026-06-26T03:19:03.342069,65527.766,117389.52,0.79,5773.669,71934.676,0.02,0.0
394.414,2026-06-26T03:19:03.393028,65575.754,117389.52,0.783,5773.67,71934.676,0.02,0.0
394.465,2026-06-26T03:19:03.444037,65560.605,117389.52,0.778,5773.671,71934.676,0.02,0.0
394.516,2026-06-26T03:19:03.495016,65236.605,117389.52,0.774,5773.672,71934.676,0.02,0.0
394.567,2026-06-26T03:19:03.546016,64784.605,116589.52,0.818,5773.673,71934.676,0.02,0.0
394.618,2026-06-26T03:19:03.596992,64784.605,116589.52,0.802,5773.674,71934.676,0.02,0.0
394.669,2026-06-26T03:19:03.647976,64784.605,116589.52,0.791,5773.675,71934.676,0.02,0.0
394.72,2026-06-26T03:19:03.698976,64784.605,116589.52,0.784,5773.676,71934.676,0.02,0.0
394.771,2026-06-26T03:19:03.749989,64784.605,116589.52,0.733,5773.677,71984.676,0.02,980.77
394.822,2026-06-26T03:19:03.800962,64822.883,116639.52,0.788,5773.678,71984.676,0.02,0.0
394.873,2026-06-26T03:19:03.851966,64784.605,116589.52,0.782,5773.679,71984.676,0.02,0.0
394.924,2026-06-26T03:19:03.902936,64808.805,117389.52,0.777,5773.68,72034.676,0.02,979.689
394.975,2026-06-26T03:19:03.953959,64858.422,117389.52,0.82,5773.681,72034.676,0.02,0.0
395.026,2026-06-26T03:19:04.004947,64907.633,117389.52,0.803,5773.682,72034.676,0.02,0.0
395.077,2026-06-26T03:19:04.055954,64956.684,117389.52,0.792,5773.683,72034.676,0.02,0.0
395.128,2026-06-26T03:19:04.106936,65005.934,117389.52,0.83,5773.684,72034.676,0.02,0.0
395.179,2026-06-26T03:19:04.157930,65055.59,117389.52,0.765,5773.685,72034.676,0.02,0.0
395.23,2026-06-26T03:19:04.208935,65104.625,117389.52,0.811,5773.686,72034.676,0.02,0.0
395.281,2026-06-26T03:19:04.259944,65153.488,117389.52,0.752,5773.687,72034.676,0.02,0.0
395.332,2026-06-26T03:19:04.310918,65202.809,117389.52,0.803,5773.688,72034.676,0.02,0.0
395.383,2026-06-26T03:19:04.361559,65251.793,117389.52,0.793,5773.689,72034.676,0.02,0.0
395.434,2026-06-26T03:19:04.412540,65300.105,117389.52,0.785,5773.69,72034.676,0.02,0.0
395.485,2026-06-26T03:19:04.463560,65348.367,117389.52,0.825,5773.691,72034.676,0.02,0.0
395.536,2026-06-26T03:19:04.514543,65397.039,117389.52,0.807,5773.692,72034.676,0.02,0.0
395.587,2026-06-26T03:19:04.565542,65445.969,117389.52,0.795,5773.693,72034.676,0.02,0.0
395.638,2026-06-26T03:19:04.616522,65495.43,117389.52,0.786,5773.695,72034.676,0.02,0.0
395.689,2026-06-26T03:19:04.667526,65543.98,117389.52,0.78,5773.696,72034.676,0.02,0.0
395.74,2026-06-26T03:19:04.718515,65534.605,117339.52,0.776,5773.697,72034.676,0.02,0.0
395.791,2026-06-26T03:19:04.769519,65576.605,117389.52,0.773,5773.698,72034.676,0.02,0.0
395.842,2026-06-26T03:19:04.820494,65014.605,117389.52,0.863,5773.699,72034.676,0.02,0.0
395.893,2026-06-26T03:19:04.871511,64784.605,116589.52,0.834,5773.7,72034.676,0.02,0.0
395.944,2026-06-26T03:19:04.922497,64784.605,116589.52,0.813,5773.701,72034.676,0.02,0.0
395.995,2026-06-26T03:19:04.973497,64784.605,116589.52,0.799,5773.702,72034.676,0.02,0.0
396.046,2026-06-26T03:19:05.024493,64784.605,116589.52,0.789,5773.703,72034.676,0.02,0.0
396.097,2026-06-26T03:19:05.075488,64793.18,117389.52,0.782,5773.704,72084.676,0.02,979.177
396.148,2026-06-26T03:19:05.126495,64842.805,117389.52,0.777,5773.705,72084.676,0.02,0.0
396.199,2026-06-26T03:19:05.177498,64891.891,117389.52,0.774,5773.706,72084.676,0.02,0.0
396.25,2026-06-26T03:19:05.228465,64941.816,117389.52,0.772,5773.707,72084.676,0.02,0.0
396.301,2026-06-26T03:19:05.279467,64990.73,117389.52,0.77,5773.708,72084.676,0.02,0.0
396.352,2026-06-26T03:19:05.330384,65039.293,117389.52,0.77,5773.709,72084.676,0.02,0.0
396.402,2026-06-26T03:19:05.380961,65087.219,117389.52,0.77,5773.71,72084.676,0.02,0.0
396.453,2026-06-26T03:19:05.431623,65136.422,117389.52,0.77,5773.711,72084.676,0.02,0.0
396.504,2026-06-26T03:19:05.482604,65185.375,117389.52,0.768,5773.712,72084.676,0.02,0.0
396.63,2026-06-26T03:19:05.608983,65305.934,117389.52,0.947,5774.063,72084.676,2.785,0.0
396.681,2026-06-26T03:19:05.659424,65354.426,117389.52,0.894,5774.064,72084.676,0.02,0.0
396.731,2026-06-26T03:19:05.710056,65404.809,117389.52,0.904,5774.065,72084.676,0.02,0.0
396.782,2026-06-26T03:19:05.760753,65454.918,117389.52,0.864,5774.066,72084.676,0.02,0.0
396.833,2026-06-26T03:19:05.811556,65505.172,117389.52,0.789,5774.067,72084.676,0.02,0.0
396.884,2026-06-26T03:19:05.862391,65555.68,117389.52,0.783,5774.068,72084.676,0.02,0.0
396.935,2026-06-26T03:19:05.913360,65542.551,117389.52,0.777,5774.069,72084.676,0.02,0.0
396.986,2026-06-26T03:19:05.964376,65464.605,117389.52,0.774,5774.07,72084.676,0.02,0.0
397.037,2026-06-26T03:19:06.015357,64784.605,116589.52,0.772,5774.071,72084.676,0.02,0.0
397.088,2026-06-26T03:19:06.066367,64784.605,116589.52,0.816,5774.072,72084.676,0.02,0.0
397.138,2026-06-26T03:19:06.117344,64784.605,116589.52,0.801,5774.073,72084.676,0.02,0.0
397.189,2026-06-26T03:19:06.168295,64784.605,116589.52,0.791,5774.074,72084.676,0.02,0.0
397.24,2026-06-26T03:19:06.219268,64784.605,116589.52,0.783,5774.075,72084.676,0.02,0.0
397.291,2026-06-26T03:19:06.270216,64817.605,116639.52,0.778,5774.076,72134.676,0.02,981.482
397.342,2026-06-26T03:19:06.321211,64784.605,116589.52,0.774,5774.077,72134.676,0.02,0.0
397.393,2026-06-26T03:19:06.372170,64802.809,117389.52,0.772,5774.078,72184.676,0.02,981.67
397.444,2026-06-26T03:19:06.423115,64852.66,117389.52,0.77,5774.079,72184.676,0.02,0.0
397.495,2026-06-26T03:19:06.474125,64904.035,117389.52,0.861,5774.08,72184.676,0.02,0.0
397.546,2026-06-26T03:19:06.525095,64955.426,117389.52,0.833,5774.081,72184.676,0.02,0.0
397.597,2026-06-26T03:19:06.576074,65006.332,117389.52,0.813,5774.082,72184.676,0.02,0.0
397.648,2026-06-26T03:19:06.627052,65057.238,117389.52,0.799,5774.083,72184.676,0.02,0.0
397.699,2026-06-26T03:19:06.678031,65108.047,117389.52,0.789,5774.084,72184.676,0.02,0.0
397.75,2026-06-26T03:19:06.729010,65159.141,117389.52,0.782,5774.085,72184.676,0.02,0.0
397.801,2026-06-26T03:19:06.780004,65210.285,117389.52,0.778,5774.086,72184.676,0.02,0.0
397.852,2026-06-26T03:19:06.830971,65259.637,117389.52,0.774,5774.087,72184.676,0.02,0.0
397.903,2026-06-26T03:19:06.881974,65309.48,117389.52,0.772,5774.088,72184.676,0.02,0.0
397.954,2026-06-26T03:19:06.932962,65359.93,117389.52,0.77,5774.089,72184.676,0.02,0.0
398.005,2026-06-26T03:19:06.983959,65410.426,117389.52,0.769,5774.091,72184.676,0.02,0.0
398.056,2026-06-26T03:19:07.034944,65460.996,117389.52,0.814,5774.092,72184.676,0.02,0.0
398.107,2026-06-26T03:19:07.085914,65511.422,117389.52,0.754,5774.093,72184.676,0.02,0.0
398.158,2026-06-26T03:19:07.136889,65561.875,117389.52,0.758,5774.094,72184.676,0.02,0.0
398.209,2026-06-26T03:19:07.187893,65548.805,117389.52,0.852,5774.095,72184.676,0.02,0.0
398.26,2026-06-26T03:19:07.238873,65380.605,117389.52,0.826,5774.096,72184.676,0.02,0.0
398.311,2026-06-26T03:19:07.289819,64784.605,116589.52,0.856,5774.097,72184.676,0.02,0.0
398.362,2026-06-26T03:19:07.340425,64784.605,116589.52,0.83,5774.098,72184.676,0.02,0.0
398.413,2026-06-26T03:19:07.391423,64784.605,116589.52,0.81,5774.099,72184.676,0.02,0.0
398.464,2026-06-26T03:19:07.442414,64784.605,116589.52,0.797,5774.1,72184.676,0.02,0.0
398.515,2026-06-26T03:19:07.493418,64784.605,116589.52,0.788,5774.101,72234.676,0.02,980.065
398.566,2026-06-26T03:19:07.544406,64823.836,116639.52,0.781,5774.102,72234.676,0.02,0.0
398.617,2026-06-26T03:19:07.595398,64784.605,116589.52,0.777,5774.103,72234.676,0.02,0.0
398.668,2026-06-26T03:19:07.646395,64800.008,117389.52,0.728,5774.104,72284.676,0.02,980.903
398.719,2026-06-26T03:19:07.697389,64800.008,117389.52,0.509,5774.105,72284.676,0.02,0.0
398.77,2026-06-26T03:19:07.748369,64803.355,117389.52,0.402,5774.106,72284.676,0.02,0.0
398.821,2026-06-26T03:19:07.799373,64854.762,117389.52,0.512,5774.107,72284.676,0.02,0.0
398.872,2026-06-26T03:19:07.850359,64905.715,117389.52,0.588,5774.108,72284.676,0.02,0.0
398.923,2026-06-26T03:19:07.901374,64956.875,117389.52,0.641,5774.109,72284.676,0.02,0.0
398.974,2026-06-26T03:19:07.952361,65007.641,117389.52,0.679,5774.11,72284.676,0.02,0.0
399.025,2026-06-26T03:19:08.003360,65057.75,117389.52,0.705,5774.111,72284.676,0.02,0.0
399.076,2026-06-26T03:19:08.054364,65108.715,117389.52,0.769,5774.112,72284.676,0.02,0.0
399.126,2026-06-26T03:19:08.105350,65159.688,117389.52,0.768,5774.113,72284.676,0.02,0.0
399.177,2026-06-26T03:19:08.156336,65210.375,117389.52,0.768,5774.114,72284.676,0.02,0.0
399.228,2026-06-26T03:19:08.207343,65261.191,117389.52,0.767,5774.115,72284.676,0.02,0.0
399.279,2026-06-26T03:19:08.258293,65311.34,117389.52,0.767,5774.116,72284.676,0.02,0.0
399.33,2026-06-26T03:19:08.309257,65361.777,117389.52,0.813,5774.117,72284.676,0.02,0.0
399.381,2026-06-26T03:19:08.360212,65412.289,117389.52,0.753,5774.118,72284.676,0.02,0.0
399.432,2026-06-26T03:19:08.411219,65462.523,117389.52,0.803,5774.119,72284.676,0.02,0.0
399.483,2026-06-26T03:19:08.462188,65512.984,117389.52,0.792,5774.12,72284.676,0.02,0.0
399.534,2026-06-26T03:19:08.513134,65563.422,117389.52,0.784,5774.122,72284.676,0.02,0.0
399.585,2026-06-26T03:19:08.564172,65550.605,117389.52,0.779,5774.123,72284.676,0.02,0.0
399.636,2026-06-26T03:19:08.615122,65354.605,117389.52,0.775,5774.124,72284.676,0.02,0.0
399.687,2026-06-26T03:19:08.666109,64784.605,116589.52,0.818,5774.125,72284.676,0.02,0.0
399.738,2026-06-26T03:19:08.717093,64784.605,116589.52,0.849,5774.126,72284.676,0.02,0.0
399.789,2026-06-26T03:19:08.768073,64784.605,116589.52,0.824,5774.127,72284.676,0.02,0.0
399.84,2026-06-26T03:19:08.819077,64784.605,116589.52,0.806,5774.128,72284.676,0.02,0.0
399.891,2026-06-26T03:19:08.870061,64784.605,116589.52,0.794,5774.129,72334.676,0.02,981.243
399.942,2026-06-26T03:19:08.921034,64828.113,116639.52,0.786,5774.13,72334.676,0.02,0.0
399.993,2026-06-26T03:19:08.972045,64784.605,116589.52,0.78,5774.131,72334.676,0.02,0.0
400.044,2026-06-26T03:19:09.023017,64812.367,117389.52,0.776,5774.132,72384.676,0.02,979.593
400.095,2026-06-26T03:19:09.074045,64862.184,117389.52,0.773,5774.133,72384.676,0.02,0.0
400.146,2026-06-26T03:19:09.125021,64912.504,117389.52,0.771,5774.134,72384.676,0.02,0.0
400.197,2026-06-26T03:19:09.176016,64962.73,117389.52,0.769,5774.135,72384.676,0.02,0.0
400.248,2026-06-26T03:19:09.227005,65012.293,117389.52,0.768,5774.136,72384.676,0.02,0.0
400.299,2026-06-26T03:19:09.277999,65061.938,117389.52,0.86,5774.137,72384.676,0.02,0.0
400.35,2026-06-26T03:19:09.328999,65111.863,117389.52,0.786,5774.138,72384.676,0.02,0.0
400.401,2026-06-26T03:19:09.379999,65161.883,117389.52,0.826,5774.139,72384.676,0.02,0.0
400.452,2026-06-26T03:19:09.430978,65211.898,117389.52,0.808,5774.14,72384.676,0.02,0.0
400.503,2026-06-26T03:19:09.481987,65261.254,117389.52,0.795,5774.141,72384.676,0.02,0.0
400.554,2026-06-26T03:19:09.532970,65311.168,117389.52,0.786,5774.142,72384.676,0.02,0.0
400.605,2026-06-26T03:19:09.583975,65360.66,117389.52,0.78,5774.143,72384.676,0.02,0.0
400.656,2026-06-26T03:19:09.634950,65410.086,117389.52,0.776,5774.144,72384.676,0.02,0.0
400.707,2026-06-26T03:19:09.685940,65459.555,117389.52,0.773,5774.145,72384.676,0.02,0.0
400.758,2026-06-26T03:19:09.736943,65509.0,117389.52,0.771,5774.146,72384.676,0.02,0.0
400.809,2026-06-26T03:19:09.787946,65558.547,117389.52,0.862,5774.147,72384.676,0.02,0.0
400.86,2026-06-26T03:19:09.838927,65545.105,117389.52,0.787,5774.148,72384.676,0.02,0.0
400.911,2026-06-26T03:19:09.889938,65428.605,117389.52,0.827,5774.149,72384.676,0.02,0.0
400.962,2026-06-26T03:19:09.940908,64784.605,116589.52,0.808,5774.15,72384.676,0.02,0.0
401.013,2026-06-26T03:19:09.991927,64784.605,116589.52,0.796,5774.152,72384.676,0.02,0.0
401.064,2026-06-26T03:19:10.042965,64784.605,116589.52,0.787,5774.153,72384.676,0.02,0.0
401.115,2026-06-26T03:19:10.093945,64784.605,116589.52,0.781,5774.154,72384.676,0.02,0.0
401.166,2026-06-26T03:19:10.144924,64784.605,116589.52,0.776,5774.155,72434.676,0.02,980.89
401.217,2026-06-26T03:19:10.195918,64821.184,117389.52,0.773,5774.156,72434.676,0.02,0.0
401.268,2026-06-26T03:19:10.246917,64871.18,117389.52,0.771,5774.157,72434.676,0.02,0.0
401.319,2026-06-26T03:19:10.297921,64921.137,117389.52,0.815,5774.158,72434.676,0.02,0.0
401.37,2026-06-26T03:19:10.348882,64970.879,117389.52,0.755,5774.159,72434.676,0.02,0.0
401.421,2026-06-26T03:19:10.399873,65021.051,117389.52,0.804,5774.16,72434.676,0.02,0.0
401.472,2026-06-26T03:19:10.450853,65070.398,117389.52,0.747,5774.161,72434.676,0.02,0.0
401.523,2026-06-26T03:19:10.501861,65119.773,117389.52,0.799,5774.162,72434.676,0.02,0.0
401.644,2026-06-26T03:19:10.622755,65237.984,117389.52,0.928,5774.511,72434.676,2.902,0.0
401.694,2026-06-26T03:19:10.673186,65287.098,117389.52,0.928,5774.512,72434.676,0.02,0.0
401.745,2026-06-26T03:19:10.723808,65335.387,117389.52,0.881,5774.513,72434.676,0.02,0.0
401.796,2026-06-26T03:19:10.774464,65384.605,117389.52,0.801,5774.514,72434.676,0.02,0.0
401.846,2026-06-26T03:19:10.825260,65433.914,117389.52,0.838,5774.515,72434.676,0.02,0.0
401.897,2026-06-26T03:19:10.876208,65483.41,117389.52,0.816,5774.516,72434.676,0.02,0.0
401.948,2026-06-26T03:19:10.927183,65532.832,117389.52,0.801,5774.518,72434.676,0.02,0.0
401.999,2026-06-26T03:19:10.978193,65582.305,117389.52,0.791,5774.519,72434.676,0.02,0.0
402.05,2026-06-26T03:19:11.029161,65568.855,117389.52,0.783,5774.52,72434.676,0.02,0.0
402.101,2026-06-26T03:19:11.080123,65104.605,117389.52,0.778,5774.521,72434.676,0.02,0.0
402.152,2026-06-26T03:19:11.131122,64784.605,116589.52,0.821,5774.522,72434.676,0.02,0.0
402.203,2026-06-26T03:19:11.182104,64784.605,116589.52,0.804,5774.523,72434.676,0.02,0.0
402.254,2026-06-26T03:19:11.233093,64784.605,116589.52,0.793,5774.524,72434.676,0.02,0.0
402.305,2026-06-26T03:19:11.284057,64784.605,116589.52,0.785,5774.525,72434.676,0.02,0.0
402.356,2026-06-26T03:19:11.335082,64794.234,117389.52,0.825,5774.526,72484.676,0.02,980.569
402.407,2026-06-26T03:19:11.386068,64843.98,117389.52,0.808,5774.527,72484.676,0.02,0.0
402.458,2026-06-26T03:19:11.437057,64893.98,117389.52,0.795,5774.528,72484.676,0.02,0.0
402.509,2026-06-26T03:19:11.488036,64944.469,117389.52,0.787,5774.529,72484.676,0.02,0.0
402.56,2026-06-26T03:19:11.539020,64995.348,117389.52,0.826,5774.53,72484.676,0.02,0.0
402.611,2026-06-26T03:19:11.590026,65046.051,117389.52,0.762,5774.531,72484.676,0.02,0.0
402.662,2026-06-26T03:19:11.641014,65096.941,117389.52,0.763,5774.532,72484.676,0.02,0.0
402.713,2026-06-26T03:19:11.691988,65147.641,117389.52,0.81,5774.533,72484.676,0.02,0.0
402.764,2026-06-26T03:19:11.742989,65198.676,117389.52,0.843,5774.534,72484.676,0.02,0.0
402.815,2026-06-26T03:19:11.793969,65249.031,117389.52,0.82,5774.535,72484.676,0.02,0.0
402.866,2026-06-26T03:19:11.844980,65298.668,117389.52,0.804,5774.536,72484.676,0.02,0.0
402.917,2026-06-26T03:19:11.895962,65349.402,117389.52,0.793,5774.537,72484.676,0.02,0.0
402.968,2026-06-26T03:19:11.946961,65399.758,117389.52,0.784,5774.538,72484.676,0.02,0.0
403.019,2026-06-26T03:19:11.997965,65450.484,117389.52,0.825,5774.539,72484.676,0.02,0.0
403.07,2026-06-26T03:19:12.048964,65500.992,117389.52,0.807,5774.54,72484.676,0.02,0.0
403.121,2026-06-26T03:19:12.099938,65551.555,117389.52,0.841,5774.541,72484.676,0.02,0.0
403.172,2026-06-26T03:19:12.150941,65538.605,117389.52,0.773,5774.542,72484.676,0.02,0.0
403.223,2026-06-26T03:19:12.201906,65528.605,117389.52,0.77,5774.543,72484.676,0.02,0.0
403.274,2026-06-26T03:19:12.252917,64822.605,117389.52,0.769,5774.544,72484.676,0.02,0.0
403.325,2026-06-26T03:19:12.303900,64784.605,116589.52,0.768,5774.545,72484.676,0.02,0.0
403.376,2026-06-26T03:19:12.354901,64784.605,116589.52,0.768,5774.546,72484.676,0.02,0.0
403.427,2026-06-26T03:19:12.405889,64784.605,116589.52,0.767,5774.548,72484.676,0.02,0.0
403.478,2026-06-26T03:19:12.456877,64784.605,116589.52,0.767,5774.549,72484.676,0.02,0.0
403.529,2026-06-26T03:19:12.507879,64814.508,117389.52,0.766,5774.55,72534.676,0.02,980.298
403.58,2026-06-26T03:19:12.558884,64864.457,117389.52,0.812,5774.551,72534.676,0.02,0.0
403.631,2026-06-26T03:19:12.609857,64915.309,117389.52,0.798,5774.552,72534.676,0.02,0.0
403.682,2026-06-26T03:19:12.660862,64940.484,117389.52,0.697,5774.553,72534.676,0.02,0.0
403.733,2026-06-26T03:19:12.711829,64940.484,117389.52,0.488,5774.554,72534.676,0.02,0.0
403.784,2026-06-26T03:19:12.762850,64980.934,117389.52,0.571,5774.555,72534.676,0.02,0.0
403.835,2026-06-26T03:19:12.813826,65032.059,117389.52,0.63,5774.556,72534.676,0.02,0.0
403.886,2026-06-26T03:19:12.864824,65082.48,117389.52,0.671,5774.557,72534.676,0.02,0.0
403.937,2026-06-26T03:19:12.915807,65133.043,117389.52,0.699,5774.558,72534.676,0.02,0.0
403.988,2026-06-26T03:19:12.966809,65184.148,117389.52,0.719,5774.559,72534.676,0.02,0.0
404.039,2026-06-26T03:19:13.017809,65235.113,117389.52,0.733,5774.56,72534.676,0.02,0.0
404.09,2026-06-26T03:19:13.068821,65286.125,117389.52,0.743,5774.561,72534.676,0.02,0.0
404.141,2026-06-26T03:19:13.119792,65336.168,117389.52,0.796,5774.562,72534.676,0.02,0.0
404.192,2026-06-26T03:19:13.170797,65386.805,117389.52,0.787,5774.563,72534.676,0.02,0.0
404.243,2026-06-26T03:19:13.221750,65436.977,117389.52,0.827,5774.564,72534.676,0.02,0.0
404.294,2026-06-26T03:19:13.272753,65487.73,117389.52,0.763,5774.565,72534.676,0.02,0.0
404.345,2026-06-26T03:19:13.323727,65538.492,117389.52,0.764,5774.566,72534.676,0.02,0.0
404.396,2026-06-26T03:19:13.374722,65534.605,117339.52,0.81,5774.567,72534.676,0.02,0.0
404.447,2026-06-26T03:19:13.425711,65575.711,117389.52,0.751,5774.568,72534.676,0.02,0.0
404.498,2026-06-26T03:19:13.476732,65020.605,117389.52,0.802,5774.569,72534.676,0.02,0.0
404.549,2026-06-26T03:19:13.527712,64784.605,116589.52,0.837,5774.57,72534.676,0.02,0.0
404.6,2026-06-26T03:19:13.578717,64784.605,116589.52,0.816,5774.571,72534.676,0.02,0.0
404.651,2026-06-26T03:19:13.629684,64784.605,116589.52,0.801,5774.572,72534.676,0.02,0.0
404.702,2026-06-26T03:19:13.680712,64784.605,116589.52,0.79,5774.573,72534.676,0.02,0.0
404.753,2026-06-26T03:19:13.731706,64801.441,116639.52,0.737,5774.574,72584.676,0.02,980.44
404.804,2026-06-26T03:19:13.782700,64784.605,116589.52,0.838,5774.575,72584.676,0.02,0.0
404.855,2026-06-26T03:19:13.833688,64790.055,117389.52,0.77,5774.576,72634.676,0.02,980.881
404.906,2026-06-26T03:19:13.884682,64840.219,117389.52,0.815,5774.577,72634.676,0.02,0.0
404.957,2026-06-26T03:19:13.935692,64891.391,117389.52,0.8,5774.579,72634.676,0.02,0.0
405.008,2026-06-26T03:19:13.986692,64942.418,117389.52,0.79,5774.58,72634.676,0.02,0.0
405.059,2026-06-26T03:19:14.037685,64993.09,117389.52,0.737,5774.581,72634.676,0.02,0.0
405.11,2026-06-26T03:19:14.088680,65043.895,117389.52,0.792,5774.582,72634.676,0.02,0.0
405.161,2026-06-26T03:19:14.139651,65094.617,117389.52,0.784,5774.583,72634.676,0.02,0.0
405.212,2026-06-26T03:19:14.190674,65145.543,117389.52,0.779,5774.584,72634.676,0.02,0.0
405.263,2026-06-26T03:19:14.241660,65196.051,117389.52,0.775,5774.585,72634.676,0.02,0.0
405.314,2026-06-26T03:19:14.292622,65246.051,117389.52,0.773,5774.586,72634.676,0.02,0.0
405.364,2026-06-26T03:19:14.343243,65297.105,117389.52,0.772,5774.587,72634.676,0.02,0.0
405.415,2026-06-26T03:19:14.394199,65347.867,117389.52,0.816,5774.588,72634.676,0.02,0.0
405.466,2026-06-26T03:19:14.445218,65398.469,117389.52,0.801,5774.589,72634.676,0.02,0.0
405.517,2026-06-26T03:19:14.496191,65448.922,117389.52,0.791,5774.59,72634.676,0.02,0.0
405.568,2026-06-26T03:19:14.547121,65499.43,117389.52,0.783,5774.591,72634.676,0.02,0.0
405.619,2026-06-26T03:19:14.598124,65550.23,117389.52,0.778,5774.592,72634.676,0.02,0.0
405.67,2026-06-26T03:19:14.649089,65537.234,117389.52,0.821,5774.593,72634.676,0.02,0.0
405.721,2026-06-26T03:19:14.700091,65542.605,117389.52,0.804,5774.594,72634.676,0.02,0.0
405.772,2026-06-26T03:19:14.751074,64842.605,117389.52,0.793,5774.595,72634.676,0.02,0.0
405.823,2026-06-26T03:19:14.802053,64784.605,116589.52,0.831,5774.596,72634.676,0.02,0.0
405.874,2026-06-26T03:19:14.853046,64784.605,116589.52,0.811,5774.597,72634.676,0.02,0.0
405.925,2026-06-26T03:19:14.904041,64784.605,116589.52,0.798,5774.598,72634.676,0.02,0.0
405.976,2026-06-26T03:19:14.955021,64784.605,116589.52,0.788,5774.599,72634.676,0.02,0.0
406.027,2026-06-26T03:19:15.006034,64813.992,116639.52,0.736,5774.6,72684.676,0.02,981.349
406.078,2026-06-26T03:19:15.056995,64784.605,116589.52,0.791,5774.601,72684.676,0.02,0.0
406.129,2026-06-26T03:19:15.108011,64803.117,117389.52,0.829,5774.602,72734.676,0.02,980.527
406.18,2026-06-26T03:19:15.158992,64853.34,117389.52,0.765,5774.603,72734.676,0.02,0.0
406.231,2026-06-26T03:19:15.209981,64903.609,117389.52,0.811,5774.604,72734.676,0.02,0.0
406.282,2026-06-26T03:19:15.260963,64953.73,117389.52,0.798,5774.605,72734.676,0.02,0.0
406.333,2026-06-26T03:19:15.311950,65003.691,117389.52,0.788,5774.606,72734.676,0.02,0.0
406.384,2026-06-26T03:19:15.362934,65053.156,117389.52,0.829,5774.607,72734.676,0.02,0.0
406.435,2026-06-26T03:19:15.413596,65102.188,117389.52,0.856,5774.608,72734.676,0.02,0.0
406.486,2026-06-26T03:19:15.464629,65152.238,117389.52,0.829,5774.61,72734.676,0.02,0.0
406.537,2026-06-26T03:19:15.515703,65202.297,117389.52,0.81,5774.611,72734.676,0.02,0.0
406.657,2026-06-26T03:19:15.636011,65319.168,117389.52,0.899,5774.96,72734.676,2.917,0.0
406.708,2026-06-26T03:19:15.686444,65367.207,117389.52,0.907,5774.961,72734.676,0.02,0.0
406.758,2026-06-26T03:19:15.737066,65416.172,117389.52,0.866,5774.962,72734.676,0.02,0.0
406.809,2026-06-26T03:19:15.787732,65466.367,117389.52,0.884,5774.963,72734.676,0.02,0.0
406.86,2026-06-26T03:19:15.838532,65516.875,117389.52,0.803,5774.964,72734.676,0.02,0.0
406.911,2026-06-26T03:19:15.889561,65567.785,117389.52,0.837,5774.965,72734.676,0.02,0.0
406.962,2026-06-26T03:19:15.940605,65554.762,117389.52,0.815,5774.966,72734.676,0.02,0.0
407.013,2026-06-26T03:19:15.991676,65298.609,117389.52,0.8,5774.967,72734.676,0.02,0.0
407.064,2026-06-26T03:19:16.042738,64784.609,116589.52,0.79,5774.968,72734.676,0.02,0.0
407.115,2026-06-26T03:19:16.093774,64784.609,116589.52,0.829,5774.969,72734.676,0.02,0.0
407.166,2026-06-26T03:19:16.144733,64784.609,116589.52,0.856,5774.97,72734.676,0.02,0.0
407.217,2026-06-26T03:19:16.195741,64784.609,116589.52,0.829,5774.971,72734.676,0.02,0.0
407.268,2026-06-26T03:19:16.246722,64784.609,116589.52,0.81,5774.973,72784.676,0.02,980.188
407.319,2026-06-26T03:19:16.297726,64830.855,116639.52,0.797,5774.974,72784.676,0.02,0.0
407.37,2026-06-26T03:19:16.348705,64784.609,116589.52,0.788,5774.975,72834.676,0.02,980.83
407.421,2026-06-26T03:19:16.399696,64819.844,117389.52,0.781,5774.976,72834.676,0.02,0.0
407.472,2026-06-26T03:19:16.450695,64869.871,117389.52,0.731,5774.977,72834.676,0.02,0.0
407.523,2026-06-26T03:19:16.501696,64920.07,117389.52,0.787,5774.978,72834.676,0.02,0.0
407.574,2026-06-26T03:19:16.552669,64969.555,117389.52,0.827,5774.979,72834.676,0.02,0.0
407.625,2026-06-26T03:19:16.603661,65019.238,117389.52,0.809,5774.98,72834.676,0.02,0.0
407.676,2026-06-26T03:19:16.654623,65068.984,117389.52,0.796,5774.981,72834.676,0.02,0.0
407.727,2026-06-26T03:19:16.705650,65118.691,117389.52,0.787,5774.982,72834.676,0.02,0.0
407.778,2026-06-26T03:19:16.756633,65168.438,117389.52,0.827,5774.983,72834.676,0.02,0.0
407.829,2026-06-26T03:19:16.807633,65217.93,117389.52,0.762,5774.984,72834.676,0.02,0.0
407.88,2026-06-26T03:19:16.858611,65268.613,117389.52,0.764,5774.985,72834.676,0.02,0.0
407.931,2026-06-26T03:19:16.909612,65318.984,117389.52,0.81,5774.986,72834.676,0.02,0.0
407.982,2026-06-26T03:19:16.960604,65369.453,117389.52,0.797,5774.987,72834.676,0.02,0.0
408.033,2026-06-26T03:19:17.011622,65420.0,117389.52,0.788,5774.988,72834.676,0.02,0.0
408.084,2026-06-26T03:19:17.062592,65470.574,117389.52,0.781,5774.989,72834.676,0.02,0.0
408.135,2026-06-26T03:19:17.113594,65521.102,117389.52,0.777,5774.99,72834.676,0.02,0.0
408.186,2026-06-26T03:19:17.164564,65571.59,117389.52,0.774,5774.991,72834.676,0.02,0.0
408.237,2026-06-26T03:19:17.215577,65558.426,117389.52,0.771,5774.992,72834.676,0.02,0.0
408.288,2026-06-26T03:19:17.266555,65254.609,117389.52,0.816,5774.993,72834.676,0.02,0.0
408.339,2026-06-26T03:19:17.317545,64784.609,116589.52,0.801,5774.994,72834.676,0.02,0.0
408.39,2026-06-26T03:19:17.368535,64784.609,116589.52,0.79,5774.995,72834.676,0.02,0.0
408.441,2026-06-26T03:19:17.419543,64784.609,116589.52,0.783,5774.996,72834.676,0.02,0.0
408.492,2026-06-26T03:19:17.470517,64784.609,116589.52,0.778,5774.997,72834.676,0.02,0.0
408.543,2026-06-26T03:19:17.521520,64785.609,116639.52,0.82,5774.998,72884.676,0.02,981.156
408.594,2026-06-26T03:19:17.572493,64826.609,116639.52,0.804,5774.999,72884.676,0.02,0.0
408.645,2026-06-26T03:19:17.623510,64784.609,116589.52,0.793,5775.0,72934.676,0.02,980.876
408.696,2026-06-26T03:19:17.674488,64786.145,117389.52,0.647,5775.001,72934.676,0.02,0.0
408.747,2026-06-26T03:19:17.725484,64812.316,117389.52,0.545,5775.003,72934.676,0.02,0.0
408.798,2026-06-26T03:19:17.776464,64863.496,117389.52,0.657,5775.004,72934.676,0.02,0.0
408.849,2026-06-26T03:19:17.827448,64914.605,117389.52,0.69,5775.005,72934.676,0.02,0.0
408.9,2026-06-26T03:19:17.878458,64965.668,117389.52,0.713,5775.006,72934.676,0.02,0.0
408.951,2026-06-26T03:19:17.929459,65016.879,117389.52,0.729,5775.007,72934.676,0.02,0.0
409.002,2026-06-26T03:19:17.980436,65067.422,117389.52,0.74,5775.008,72934.676,0.02,0.0
409.053,2026-06-26T03:19:18.031447,65118.035,117389.52,0.748,5775.009,72934.676,0.02,0.0
409.104,2026-06-26T03:19:18.082391,65169.035,117389.52,0.754,5775.01,72934.676,0.02,0.0
409.155,2026-06-26T03:19:18.133408,65220.195,117389.52,0.757,5775.011,72934.676,0.02,0.0
409.206,2026-06-26T03:19:18.184388,65271.125,117389.52,0.806,5775.012,72934.676,0.02,0.0
409.257,2026-06-26T03:19:18.235385,65321.898,117389.52,0.748,5775.013,72934.676,0.02,0.0
409.308,2026-06-26T03:19:18.286362,65372.109,117389.52,0.845,5775.014,72934.676,0.02,0.0
409.359,2026-06-26T03:19:18.337361,65422.684,117389.52,0.821,5775.015,72934.676,0.02,0.0
409.409,2026-06-26T03:19:18.388351,65473.641,117389.52,0.805,5775.016,72934.676,0.02,0.0
409.46,2026-06-26T03:19:18.439349,65519.547,117389.52,0.793,5775.017,72934.676,0.02,0.0
409.511,2026-06-26T03:19:18.490326,65570.539,117389.52,0.785,5775.018,72934.676,0.02,0.0
409.562,2026-06-26T03:19:18.541333,65557.434,117389.52,0.825,5775.019,72934.676,0.02,0.0
409.613,2026-06-26T03:19:18.592284,65270.609,117389.52,0.762,5775.02,72934.676,0.02,0.0
409.664,2026-06-26T03:19:18.643221,64784.609,116589.52,0.809,5775.021,72934.676,0.02,0.0
409.715,2026-06-26T03:19:18.694218,64784.609,116589.52,0.796,5775.022,72934.676,0.02,0.0
409.766,2026-06-26T03:19:18.745174,64784.609,116589.52,0.787,5775.023,72934.676,0.02,0.0
409.817,2026-06-26T03:19:18.796180,64784.609,116589.52,0.781,5775.024,72934.676,0.02,0.0
409.868,2026-06-26T03:19:18.847133,64784.609,116589.52,0.823,5775.025,72984.676,0.02,980.752
409.919,2026-06-26T03:19:18.898110,64818.984,117389.52,0.806,5775.026,72984.676,0.02,0.0
409.97,2026-06-26T03:19:18.949105,64856.715,117389.52,0.794,5775.027,72984.676,0.02,0.0
410.021,2026-06-26T03:19:19.000071,64900.008,117389.52,0.785,5775.028,72984.676,0.02,0.0
410.072,2026-06-26T03:19:19.051091,64951.141,117389.52,0.78,5775.029,72984.676,0.02,0.0
410.123,2026-06-26T03:19:19.102055,65001.727,117389.52,0.776,5775.03,72984.676,0.02,0.0
410.174,2026-06-26T03:19:19.153033,65052.375,117389.52,0.773,5775.031,72984.676,0.02,0.0
410.225,2026-06-26T03:19:19.204011,65103.25,117389.52,0.817,5775.032,72984.676,0.02,0.0
410.276,2026-06-26T03:19:19.254991,65153.875,117389.52,0.756,5775.034,72984.676,0.02,0.0
410.327,2026-06-26T03:19:19.305961,65204.402,117389.52,0.802,5775.035,72984.676,0.017,0.0
410.387,2026-06-26T03:19:19.366165,65263.75,117389.52,0.837,5775.036,72984.676,0.02,0.0
410.438,2026-06-26T03:19:19.417113,65314.027,117389.52,0.816,5775.037,72984.676,0.02,0.0
410.489,2026-06-26T03:19:19.468117,65364.109,117389.52,0.755,5775.038,72984.676,0.02,0.0
410.54,2026-06-26T03:19:19.519108,65414.297,117389.52,0.804,5775.039,72984.676,0.02,0.0
410.591,2026-06-26T03:19:19.570101,65464.551,117389.52,0.793,5775.04,72984.676,0.02,0.0
410.642,2026-06-26T03:19:19.621078,65514.895,117389.52,0.831,5775.041,72984.676,0.02,0.0
410.693,2026-06-26T03:19:19.672056,65565.312,117389.52,0.811,5775.042,72984.676,0.02,0.0
410.744,2026-06-26T03:19:19.723067,65552.133,117389.52,0.798,5775.043,72984.676,0.02,0.0
410.795,2026-06-26T03:19:19.774058,65334.609,117389.52,0.834,5775.044,72984.676,0.02,0.0
410.846,2026-06-26T03:19:19.825029,64784.609,116589.52,0.814,5775.045,72984.676,0.02,0.0
410.897,2026-06-26T03:19:19.876029,64784.609,116589.52,0.799,5775.046,72984.676,0.02,0.0
410.948,2026-06-26T03:19:19.926993,64784.609,116589.52,0.789,5775.047,72984.676,0.02,0.0
410.999,2026-06-26T03:19:19.978005,64784.609,116589.52,0.782,5775.048,72984.676,0.02,0.0
411.05,2026-06-26T03:19:20.028994,64784.609,116589.52,0.732,5775.049,73034.676,0.02,980.725
411.101,2026-06-26T03:19:20.079961,64825.609,116639.52,0.788,5775.05,73034.676,0.02,0.0
411.152,2026-06-26T03:19:20.130939,64784.609,116589.52,0.782,5775.051,73034.676,0.02,0.0
411.203,2026-06-26T03:19:20.181934,64812.688,116639.52,0.777,5775.052,73084.676,0.02,980.317
411.254,2026-06-26T03:19:20.232938,64784.609,116589.52,0.773,5775.053,73084.676,0.02,0.0
411.305,2026-06-26T03:19:20.283941,64802.109,116639.52,0.771,5775.054,73134.676,0.02,981.33
411.356,2026-06-26T03:19:20.334912,64784.609,116589.52,0.77,5775.055,73134.676,0.02,0.0
411.407,2026-06-26T03:19:20.385924,64791.48,116639.52,0.769,5775.056,73184.676,0.02,981.17
411.458,2026-06-26T03:19:20.436904,64784.609,116589.52,0.86,5775.057,73184.676,0.02,0.0
411.509,2026-06-26T03:19:20.487911,64784.609,116589.52,0.832,5775.058,73234.676,0.02,980.559
411.56,2026-06-26T03:19:20.538898,64830.27,116639.52,0.812,5775.059,73234.676,0.02,0.0
411.681,2026-06-26T03:19:20.659732,64830.684,117389.52,0.919,5775.409,73284.676,2.902,415.382
411.731,2026-06-26T03:19:20.710172,64879.836,117389.52,0.875,5775.41,73284.676,0.02,0.0
411.782,2026-06-26T03:19:20.760783,64917.309,117389.52,0.89,5775.411,73284.676,0.02,0.0
411.833,2026-06-26T03:19:20.811469,64954.797,117389.52,0.9,5775.412,73284.676,0.02,0.0
411.883,2026-06-26T03:19:20.862258,64992.676,117389.52,0.861,5775.413,73284.676,0.02,0.0
411.934,2026-06-26T03:19:20.913088,65037.188,117389.52,0.832,5775.414,73284.676,0.02,0.0
411.985,2026-06-26T03:19:20.964083,65086.988,117389.52,0.813,5775.415,73284.676,0.02,0.0
412.036,2026-06-26T03:19:21.015058,65137.734,117389.52,0.844,5775.416,73284.676,0.02,0.0
412.087,2026-06-26T03:19:21.066074,65188.293,117389.52,0.775,5775.417,73284.676,0.02,0.0
412.138,2026-06-26T03:19:21.117051,65239.137,117389.52,0.772,5775.418,73284.676,0.02,0.0
412.189,2026-06-26T03:19:21.168038,65289.699,117389.52,0.77,5775.419,73284.676,0.02,0.0
412.24,2026-06-26T03:19:21.219013,65340.566,117389.52,0.769,5775.42,73284.676,0.02,0.0
412.291,2026-06-26T03:19:21.269995,65391.344,117389.52,0.814,5775.421,73284.676,0.02,0.0
412.342,2026-06-26T03:19:21.320995,65441.621,117389.52,0.8,5775.422,73284.676,0.02,0.0
412.393,2026-06-26T03:19:21.371991,65492.508,117389.52,0.79,5775.423,73284.676,0.02,0.0
412.444,2026-06-26T03:19:21.422959,65543.164,117389.52,0.782,5775.424,73284.676,0.02,0.0
412.495,2026-06-26T03:19:21.473966,65534.609,117339.52,0.824,5775.425,73284.676,0.02,0.0
412.546,2026-06-26T03:19:21.524942,65579.648,117389.52,0.76,5775.426,73284.676,0.02,0.0
412.597,2026-06-26T03:19:21.575958,64952.609,117389.52,0.762,5775.427,73284.676,0.02,0.0
412.648,2026-06-26T03:19:21.626941,64784.609,116589.52,0.809,5775.428,73284.676,0.02,0.0
412.699,2026-06-26T03:19:21.677919,64784.609,116589.52,0.842,5775.429,73284.676,0.02,0.0
412.75,2026-06-26T03:19:21.728902,64784.609,116589.52,0.82,5775.43,73284.676,0.02,0.0
412.801,2026-06-26T03:19:21.779906,64784.609,116589.52,0.803,5775.431,73284.676,0.02,0.0
412.852,2026-06-26T03:19:21.830901,64274.609,116589.52,0.746,5775.432,73334.676,0.02,980.17
412.903,2026-06-26T03:19:21.881902,63184.609,114989.52,0.798,5775.433,73334.676,0.02,0.0
412.954,2026-06-26T03:19:21.932871,63184.609,114989.52,0.788,5775.435,73334.676,0.02,0.0
413.005,2026-06-26T03:19:21.983884,63184.609,114989.52,0.782,5775.436,73334.676,0.02,0.0
413.056,2026-06-26T03:19:22.034886,63184.609,114989.52,0.777,5775.437,73334.676,0.02,0.0
413.107,2026-06-26T03:19:22.085866,63184.609,114989.52,0.774,5775.438,73334.676,0.02,0.0
413.158,2026-06-26T03:19:22.136839,63184.609,114989.52,0.818,5775.439,73334.676,0.02,0.0
413.209,2026-06-26T03:19:22.187819,63184.609,114989.52,0.802,5775.44,73334.676,0.02,0.0
413.26,2026-06-26T03:19:22.238819,63617.961,123181.52,0.929,5775.441,73334.676,0.02,0.0
413.311,2026-06-26T03:19:22.289814,64296.945,123181.52,1.156,5775.442,73334.676,0.02,0.0
413.362,2026-06-26T03:19:22.340784,64982.445,123981.52,1.269,5775.443,73384.676,0.02,980.124
413.413,2026-06-26T03:19:22.391784,65693.438,123981.52,1.348,5775.444,73384.676,0.02,0.0
413.464,2026-06-26T03:19:22.442754,66406.277,123981.52,1.449,5775.445,73384.676,0.02,0.0
413.515,2026-06-26T03:19:22.493769,67118.184,123981.52,1.474,5775.446,73384.676,0.02,0.0
413.566,2026-06-26T03:19:22.544747,67830.188,123981.52,1.492,5775.447,73384.676,0.02,0.0
413.617,2026-06-26T03:19:22.595743,68544.176,123981.52,1.504,5775.448,73384.676,0.02,0.0
413.668,2026-06-26T03:19:22.646721,69249.023,123981.52,1.512,5775.449,73384.676,0.02,0.0
413.719,2026-06-26T03:19:22.697777,69916.273,123981.52,1.242,5775.45,73384.676,0.02,0.0
413.77,2026-06-26T03:19:22.748819,70610.051,123981.52,1.282,5775.451,73384.676,0.02,0.0
413.821,2026-06-26T03:19:22.799890,71326.855,123981.52,1.357,5775.452,73384.676,0.02,0.0
413.872,2026-06-26T03:19:22.850916,71826.078,128081.52,1.455,5775.453,73384.676,0.02,0.0
413.923,2026-06-26T03:19:22.901978,71894.914,128081.52,1.478,5775.454,73384.676,0.02,0.0
413.974,2026-06-26T03:19:22.953001,71981.723,128081.52,1.493,5775.455,73384.676,0.02,0.0
414.025,2026-06-26T03:19:23.004105,72068.344,128081.52,1.504,5775.456,73384.676,0.02,0.0
414.076,2026-06-26T03:19:23.055185,72151.918,128081.52,1.512,5775.457,73384.676,0.02,0.0
414.127,2026-06-26T03:19:23.106189,72238.711,128081.52,1.518,5775.458,73384.676,0.02,0.0
414.178,2026-06-26T03:19:23.157191,72327.625,128081.52,1.522,5775.459,73384.676,0.02,0.0
414.229,2026-06-26T03:19:23.208174,72416.898,128081.52,1.571,5775.46,73384.676,0.02,0.0
414.28,2026-06-26T03:19:23.259110,72442.445,128081.52,1.56,5775.461,73384.676,0.02,0.0
414.331,2026-06-26T03:19:23.310096,72241.758,128081.52,1.598,5775.462,73384.676,0.02,0.0
414.382,2026-06-26T03:19:23.361062,71753.473,127281.52,1.578,5775.463,73384.676,0.02,0.0
414.433,2026-06-26T03:19:23.412075,71792.855,127281.52,1.564,5775.465,73384.676,0.02,0.0
414.484,2026-06-26T03:19:23.463051,71832.148,127281.52,1.601,5775.466,73384.676,0.02,0.0
414.535,2026-06-26T03:19:23.514049,71870.344,127281.52,1.58,5775.467,73384.676,0.02,0.0
414.586,2026-06-26T03:19:23.565024,71908.543,127281.52,1.612,5775.468,73384.676,0.02,0.0
414.637,2026-06-26T03:19:23.616006,71977.578,128081.52,1.588,5775.469,73434.676,0.02,980.124
414.688,2026-06-26T03:19:23.667010,72063.199,128081.52,1.617,5775.47,73434.676,0.02,0.0
414.739,2026-06-26T03:19:23.718003,72148.5,128081.52,1.592,5775.471,73434.676,0.02,0.0
414.79,2026-06-26T03:19:23.768984,72235.871,128081.52,1.574,5775.472,73434.676,0.02,0.0
414.841,2026-06-26T03:19:23.819987,72324.465,128081.52,1.607,5775.473,73434.676,0.02,0.0
414.892,2026-06-26T03:19:23.870964,72412.871,128081.52,1.539,5775.474,73434.676,0.02,0.0
414.943,2026-06-26T03:19:23.921979,72501.215,128081.52,1.537,5775.475,73434.676,0.02,0.0
414.994,2026-06-26T03:19:23.972961,72589.715,128081.52,1.581,5775.476,73434.676,0.02,0.0
415.045,2026-06-26T03:19:24.023989,72678.215,128081.52,1.566,5775.477,73434.676,0.02,0.0
415.096,2026-06-26T03:19:24.074977,72766.91,128081.52,1.556,5775.478,73434.676,0.02,0.0
415.147,2026-06-26T03:19:24.125970,72855.035,128081.52,1.549,5775.479,73434.676,0.02,0.0
415.198,2026-06-26T03:19:24.176957,72944.254,128081.52,1.59,5775.48,73434.676,0.02,0.0
415.249,2026-06-26T03:19:24.227954,73033.746,128081.52,1.573,5775.481,73434.676,0.02,0.0
415.3,2026-06-26T03:19:24.278929,73123.02,128081.52,1.56,5775.482,73434.676,0.02,0.0
415.351,2026-06-26T03:19:24.329948,73212.152,128081.52,1.598,5775.483,73434.676,0.02,0.0
415.402,2026-06-26T03:19:24.380935,73301.406,128081.52,1.624,5775.484,73434.676,0.02,0.0
415.453,2026-06-26T03:19:24.431943,73326.703,128081.52,1.597,5775.485,73434.676,0.02,0.0
415.504,2026-06-26T03:19:24.482919,73355.281,128081.52,1.577,5775.486,73434.676,0.02,0.0
415.555,2026-06-26T03:19:24.533915,72670.203,128081.52,1.564,5775.487,73434.676,0.02,0.0
415.606,2026-06-26T03:19:24.584904,72689.203,127281.52,1.554,5775.488,73434.676,0.02,0.0
415.657,2026-06-26T03:19:24.635899,72727.82,127281.52,1.548,5775.489,73434.676,0.02,0.0
415.708,2026-06-26T03:19:24.686876,72765.965,127281.52,1.589,5775.49,73434.676,0.02,0.0
415.759,2026-06-26T03:19:24.737880,72804.047,127281.52,1.526,5775.491,73434.676,0.02,0.0
415.81,2026-06-26T03:19:24.788854,72874.203,127331.52,1.574,5775.493,73484.676,0.02,979.744
415.861,2026-06-26T03:19:24.839882,72882.203,127281.52,1.561,5775.494,73484.676,0.02,0.0
415.912,2026-06-26T03:19:24.890864,72940.352,128081.52,1.598,5775.495,73534.676,0.02,980.624
415.963,2026-06-26T03:19:24.941858,73028.969,128081.52,1.532,5775.496,73534.676,0.02,0.0
416.014,2026-06-26T03:19:24.992914,73117.93,128081.52,1.532,5775.497,73534.676,0.02,0.0
416.065,2026-06-26T03:19:25.043907,73206.637,128081.52,1.624,5775.498,73534.676,0.02,0.0
416.116,2026-06-26T03:19:25.094900,73295.43,128081.52,1.596,5775.499,73534.676,0.02,0.0
416.167,2026-06-26T03:19:25.145890,73384.406,128081.52,1.577,5775.5,73534.676,0.02,0.0
416.218,2026-06-26T03:19:25.196867,73473.203,128081.52,1.655,5775.501,73534.676,0.02,0.0
416.269,2026-06-26T03:19:25.247865,73562.402,128081.52,1.619,5775.502,73534.676,0.02,0.0
416.32,2026-06-26T03:19:25.298832,73652.133,128081.52,1.593,5775.503,73534.676,0.02,0.0
416.371,2026-06-26T03:19:25.349838,73741.758,128081.52,1.574,5775.504,73534.676,0.02,0.0
416.422,2026-06-26T03:19:25.400819,73831.676,128081.52,1.562,5775.505,73534.676,0.02,0.0
416.473,2026-06-26T03:19:25.451816,73921.234,128081.52,1.599,5775.506,73534.676,0.02,0.0
416.524,2026-06-26T03:19:25.502801,74010.324,128081.52,1.579,5775.507,73534.676,0.02,0.0
416.575,2026-06-26T03:19:25.553806,74099.355,128081.52,1.565,5775.508,73534.676,0.02,0.0
416.696,2026-06-26T03:19:25.674637,74309.633,128081.52,1.698,5775.857,73534.676,2.902,0.0
416.746,2026-06-26T03:19:25.725074,74334.48,128081.52,1.652,5775.858,73534.676,0.02,0.0
416.797,2026-06-26T03:19:25.775727,74048.703,128081.52,1.619,5775.859,73534.676,0.02,0.0
416.848,2026-06-26T03:19:25.826365,73637.43,127281.52,1.596,5775.861,73534.676,0.02,0.0
416.898,2026-06-26T03:19:25.877179,73676.332,127281.52,1.578,5775.862,73534.676,0.02,0.0
416.949,2026-06-26T03:19:25.927990,73715.203,127281.52,1.611,5775.863,73534.676,0.02,0.0
417.0,2026-06-26T03:19:25.978977,73754.387,127281.52,1.633,5775.864,73534.676,0.02,0.0
417.051,2026-06-26T03:19:26.029984,73793.684,127281.52,1.603,5775.865,73584.676,0.02,980.486
417.102,2026-06-26T03:19:26.080958,73880.898,127331.52,1.582,5775.866,73584.676,0.02,0.0
417.153,2026-06-26T03:19:26.131934,73871.703,127281.52,1.567,5775.867,73634.676,0.02,980.124
417.204,2026-06-26T03:19:26.182943,73947.695,128081.52,1.556,5775.868,73634.676,0.02,0.0
417.255,2026-06-26T03:19:26.233941,74037.629,128081.52,1.549,5775.869,73634.676,0.02,0.0
417.306,2026-06-26T03:19:26.284915,74126.777,128081.52,1.59,5775.87,73634.676,0.02,0.0
417.357,2026-06-26T03:19:26.335916,74216.758,128081.52,1.573,5775.871,73634.676,0.02,0.0
417.408,2026-06-26T03:19:26.386888,74306.434,128081.52,1.606,5775.872,73634.676,0.02,0.0
417.459,2026-06-26T03:19:26.437908,74392.074,128081.52,1.538,5775.873,73634.676,0.02,0.0
417.51,2026-06-26T03:19:26.488886,74478.871,128081.52,1.582,5775.874,73634.676,0.02,0.0
417.561,2026-06-26T03:19:26.539889,74566.652,128081.52,1.567,5775.875,73634.676,0.02,0.0
417.612,2026-06-26T03:19:26.590866,74653.785,128081.52,1.557,5775.876,73634.676,0.02,0.0
417.663,2026-06-26T03:19:26.641847,74740.059,128081.52,1.549,5775.877,73634.676,0.02,0.0
417.714,2026-06-26T03:19:26.692906,74827.504,128081.52,1.543,5775.878,73634.676,0.02,0.0
417.765,2026-06-26T03:19:26.743962,74913.77,128081.52,1.585,5775.879,73634.676,0.02,0.0
417.816,2026-06-26T03:19:26.795003,74998.867,128081.52,1.615,5775.88,73634.676,0.02,0.0
417.867,2026-06-26T03:19:26.846074,75084.848,128081.52,1.59,5775.881,73634.676,0.02,0.0
417.918,2026-06-26T03:19:26.897111,75170.418,128081.52,1.572,5775.882,73634.676,0.02,0.0
417.969,2026-06-26T03:19:26.948206,75257.254,128081.52,1.559,5775.883,73634.676,0.02,0.0
418.02,2026-06-26T03:19:26.999219,75279.652,128081.52,1.551,5775.884,73634.676,0.02,0.0
418.071,2026-06-26T03:19:27.050227,75131.344,128081.52,1.591,5775.885,73634.676,0.02,0.0
418.122,2026-06-26T03:19:27.101246,74585.688,127281.52,1.573,5775.886,73634.676,0.02,0.0
418.173,2026-06-26T03:19:27.152207,74623.703,127281.52,1.653,5775.887,73634.676,0.02,0.0
418.224,2026-06-26T03:19:27.203224,74660.203,127281.52,1.617,5775.889,73634.676,0.02,0.0
418.275,2026-06-26T03:19:27.254189,74696.996,127281.52,1.546,5775.89,73634.676,0.02,0.0
418.326,2026-06-26T03:19:27.305135,74729.277,127281.52,1.587,5775.891,73684.676,0.02,979.799
418.377,2026-06-26T03:19:27.356178,74789.234,128081.52,1.571,5775.892,73684.676,0.02,0.0
418.428,2026-06-26T03:19:27.407180,74872.391,128081.52,1.559,5775.893,73684.676,0.02,0.0
418.479,2026-06-26T03:19:27.458131,74955.133,128081.52,1.597,5775.894,73684.676,0.02,0.0
418.53,2026-06-26T03:19:27.509115,75039.445,128081.52,1.578,5775.895,73684.676,0.02,0.0
418.581,2026-06-26T03:19:27.560097,75127.613,128081.52,1.61,5775.896,73684.676,0.02,0.0
418.632,2026-06-26T03:19:27.611077,75217.422,128081.52,1.587,5775.897,73684.676,0.02,0.0
418.683,2026-06-26T03:19:27.662065,75307.305,128081.52,1.571,5775.898,73684.676,0.02,0.0
418.734,2026-06-26T03:19:27.713037,75397.254,128081.52,1.605,5775.899,73684.676,0.02,0.0
418.785,2026-06-26T03:19:27.764028,75487.145,128081.52,1.584,5775.9,73684.676,0.02,0.0
418.836,2026-06-26T03:19:27.815002,75576.918,128081.52,1.522,5775.901,73684.676,0.02,0.0
418.887,2026-06-26T03:19:27.866013,75666.844,128081.52,1.571,5775.902,73684.676,0.02,0.0
418.938,2026-06-26T03:19:27.916998,75757.117,128081.52,1.559,5775.903,73684.676,0.02,0.0
418.989,2026-06-26T03:19:27.967990,75846.234,128081.52,1.597,5775.904,73684.676,0.02,0.0
419.04,2026-06-26T03:19:28.018972,75935.703,128081.52,1.578,5775.905,73684.676,0.02,0.0
419.091,2026-06-26T03:19:28.069973,76024.848,128081.52,1.564,5775.906,73684.676,0.02,0.0
419.142,2026-06-26T03:19:28.120963,76114.121,128081.52,1.554,5775.907,73684.676,0.02,0.0
419.193,2026-06-26T03:19:28.171968,76139.52,128081.52,1.548,5775.908,73684.676,0.02,0.0
419.244,2026-06-26T03:19:28.222944,75909.938,128081.52,1.543,5775.909,73684.676,0.02,0.0
419.295,2026-06-26T03:19:28.273950,75446.848,127281.52,1.54,5775.91,73684.676,0.02,0.0
419.346,2026-06-26T03:19:28.324933,74972.703,127281.52,1.629,5775.911,73684.676,0.02,0.0
419.397,2026-06-26T03:19:28.375934,73500.703,127281.52,1.6,5775.912,73684.676,0.02,0.0
419.448,2026-06-26T03:19:28.426915,72034.703,127281.52,1.58,5775.913,73684.676,0.02,0.0
419.499,2026-06-26T03:19:28.477903,70620.703,127281.52,1.611,5775.914,73734.676,0.02,980.202
419.55,2026-06-26T03:19:28.528903,69168.703,127281.52,1.358,5775.916,73734.676,0.02,0.0
419.601,2026-06-26T03:19:28.579902,67716.703,127281.52,1.18,5775.917,73734.676,0.02,0.0
419.652,2026-06-26T03:19:28.630877,67339.359,123235.52,1.194,5775.918,73734.676,0.02,0.0
419.703,2026-06-26T03:19:28.681884,67350.363,123185.52,1.342,5775.919,73734.676,0.02,0.0
419.754,2026-06-26T03:19:28.732851,67416.68,123235.52,1.399,5775.92,73784.676,0.02,979.799
419.805,2026-06-26T03:19:28.783876,67438.551,123185.52,1.439,5775.921,73784.676,0.02,0.0
419.856,2026-06-26T03:19:28.834862,67494.57,123985.52,1.467,5775.922,73834.676,0.02,980.445
419.907,2026-06-26T03:19:28.885865,67589.227,123985.52,1.486,5775.923,73834.676,0.02,0.0
419.958,2026-06-26T03:19:28.936846,67684.711,123985.52,1.546,5775.924,73834.676,0.02,0.0
420.009,2026-06-26T03:19:28.987837,67779.98,123985.52,1.496,5775.925,73834.676,0.02,0.0
420.06,2026-06-26T03:19:29.038843,67875.031,123985.52,1.599,5775.926,73834.676,0.02,0.0
420.111,2026-06-26T03:19:29.089833,67970.152,123985.52,1.579,5775.927,73834.676,0.02,0.0
420.162,2026-06-26T03:19:29.140806,68064.992,123985.52,1.565,5775.928,73834.676,0.02,0.0
420.213,2026-06-26T03:19:29.191810,68160.391,123985.52,1.555,5775.929,73834.676,0.02,0.0
420.264,2026-06-26T03:19:29.242781,68255.293,123985.52,1.594,5775.93,73834.676,0.02,0.0
420.315,2026-06-26T03:19:29.293797,68349.809,123985.52,1.621,5775.931,73834.676,0.02,0.0
420.366,2026-06-26T03:19:29.344787,68444.078,123985.52,1.595,5775.932,73834.676,0.02,0.0
420.417,2026-06-26T03:19:29.395789,68538.879,123985.52,1.576,5775.933,73834.676,0.02,0.0
420.468,2026-06-26T03:19:29.446776,68633.641,123985.52,1.609,5775.934,73834.676,0.02,0.0
420.519,2026-06-26T03:19:29.497780,68728.098,123985.52,1.54,5775.935,73834.676,0.02,0.0
420.57,2026-06-26T03:19:29.548771,68822.68,123985.52,1.583,5775.936,73834.676,0.02,0.0
420.621,2026-06-26T03:19:29.599770,68917.469,123985.52,1.568,5775.937,73834.676,0.02,0.0
420.672,2026-06-26T03:19:29.650741,68948.578,123985.52,1.557,5775.938,73834.676,0.02,0.0
420.723,2026-06-26T03:19:29.701760,68952.508,123985.52,1.55,5775.939,73834.676,0.02,0.0
420.774,2026-06-26T03:19:29.752742,68280.609,123185.52,1.544,5775.94,73834.676,0.02,0.0
420.825,2026-06-26T03:19:29.803749,68324.422,123185.52,1.54,5775.941,73834.676,0.02,0.0
420.876,2026-06-26T03:19:29.854731,68367.586,123185.52,1.584,5775.942,73834.676,0.02,0.0
420.927,2026-06-26T03:19:29.905723,68411.383,123185.52,1.568,5775.943,73834.676,0.02,0.0
420.978,2026-06-26T03:19:29.956731,68455.355,123185.52,1.557,5775.945,73834.676,0.02,0.0
421.029,2026-06-26T03:19:30.007735,68532.871,123985.52,1.642,5775.946,73884.676,0.02,980.807
421.08,2026-06-26T03:19:30.058721,68626.699,123985.52,1.609,5775.947,73884.676,0.02,0.0
421.131,2026-06-26T03:19:30.109719,68720.109,123985.52,1.586,5775.948,73884.676,0.02,0.0
421.182,2026-06-26T03:19:30.160693,68814.836,123985.52,1.57,5775.949,73884.676,0.02,0.0
421.233,2026-06-26T03:19:30.211714,68909.852,123985.52,1.604,5775.95,73884.676,0.02,0.0
421.284,2026-06-26T03:19:30.262695,69005.016,123985.52,1.583,5775.951,73884.676,0.02,0.0
421.335,2026-06-26T03:19:30.313694,69099.75,123985.52,1.568,5775.952,73884.676,0.02,0.0
421.386,2026-06-26T03:19:30.364680,69194.758,123985.52,1.557,5775.953,73884.676,0.02,0.0
421.437,2026-06-26T03:19:30.415688,69289.652,123985.52,1.549,5775.954,73884.676,0.02,0.0
421.488,2026-06-26T03:19:30.466676,69384.477,123985.52,1.544,5775.955,73884.676,0.02,0.0
421.539,2026-06-26T03:19:30.517680,69479.426,123985.52,1.541,5775.956,73884.676,0.02,0.0
421.59,2026-06-26T03:19:30.568636,69574.07,123985.52,1.584,5775.957,73884.676,0.02,0.0
421.71,2026-06-26T03:19:30.689034,69796.832,123985.52,1.714,5776.306,73884.676,2.914,0.0
421.761,2026-06-26T03:19:30.739478,69890.086,123985.52,1.663,5776.307,73884.676,0.02,0.0
421.811,2026-06-26T03:19:30.790105,69924.465,123935.52,1.673,5776.308,73884.676,0.02,0.0
421.862,2026-06-26T03:19:30.840780,70013.168,123985.52,1.633,5776.309,73884.676,0.02,0.0
421.913,2026-06-26T03:19:30.891588,69405.703,123985.52,1.604,5776.31,73884.676,0.02,0.0
421.964,2026-06-26T03:19:30.942552,69305.703,123185.52,1.582,5776.312,73884.676,0.02,0.0
422.015,2026-06-26T03:19:30.993589,69349.688,123185.52,1.566,5776.313,73884.676,0.02,0.0
422.066,2026-06-26T03:19:31.044664,69393.609,123185.52,1.555,5776.314,73884.676,0.02,0.0
422.117,2026-06-26T03:19:31.095688,69437.188,123185.52,1.594,5776.315,73884.676,0.02,0.0
422.168,2026-06-26T03:19:31.146681,69501.188,123235.52,1.576,5776.316,73934.676,0.02,980.335
422.219,2026-06-26T03:19:31.197676,69525.203,123185.52,1.563,5776.317,73934.676,0.02,0.0
422.27,2026-06-26T03:19:31.248673,69577.086,123985.52,1.599,5776.318,73984.676,0.02,979.955
422.321,2026-06-26T03:19:31.299689,69671.145,123985.52,1.579,5776.319,73984.676,0.02,0.0
422.372,2026-06-26T03:19:31.350693,69765.453,123985.52,1.565,5776.32,73984.676,0.02,0.0
422.423,2026-06-26T03:19:31.401667,69859.609,123985.52,1.601,5776.321,73984.676,0.02,0.0
422.474,2026-06-26T03:19:31.452668,69954.293,123985.52,1.627,5776.322,73984.676,0.02,0.0
422.525,2026-06-26T03:19:31.503641,70048.57,123985.52,1.552,5776.323,73984.676,0.02,0.0
422.576,2026-06-26T03:19:31.554672,70142.805,123985.52,1.546,5776.324,73984.676,0.02,0.0
422.627,2026-06-26T03:19:31.605653,70237.074,123985.52,1.588,5776.325,73984.676,0.02,0.0
422.678,2026-06-26T03:19:31.656636,70331.078,123985.52,1.571,5776.326,73984.676,0.02,0.0
422.729,2026-06-26T03:19:31.707620,70425.301,123985.52,1.606,5776.327,73984.676,0.02,0.0
422.78,2026-06-26T03:19:31.758616,70519.902,123985.52,1.629,5776.328,73984.676,0.02,0.0
422.831,2026-06-26T03:19:31.809616,70614.23,123985.52,1.6,5776.329,73984.676,0.02,0.0
422.882,2026-06-26T03:19:31.860624,70708.672,123985.52,1.58,5776.33,73984.676,0.02,0.0
422.933,2026-06-26T03:19:31.911602,70802.859,123985.52,1.565,5776.331,73984.676,0.02,0.0
422.984,2026-06-26T03:19:31.962623,70897.293,123985.52,1.601,5776.332,73984.676,0.02,0.0
423.035,2026-06-26T03:19:32.013623,70991.859,123985.52,1.58,5776.333,73984.676,0.02,0.0
423.086,2026-06-26T03:19:32.064639,71023.012,123935.52,1.566,5776.334,73984.676,0.02,0.0
423.137,2026-06-26T03:19:32.115621,71116.113,123985.52,1.556,5776.335,73984.676,0.02,0.0
423.188,2026-06-26T03:19:32.166614,70428.555,123985.52,1.549,5776.336,73984.676,0.02,0.0
423.239,2026-06-26T03:19:32.217611,70404.43,123185.52,1.589,5776.337,73984.676,0.02,0.0
423.29,2026-06-26T03:19:32.268620,70448.445,123185.52,1.572,5776.339,73984.676,0.02,0.0
423.341,2026-06-26T03:19:32.319610,70492.203,123185.52,1.56,5776.34,73984.676,0.02,0.0
423.392,2026-06-26T03:19:32.370614,70536.203,123185.52,1.552,5776.341,73984.676,0.02,0.0
423.443,2026-06-26T03:19:32.421592,70608.301,123235.52,1.546,5776.342,74034.676,0.02,979.648
423.494,2026-06-26T03:19:32.472626,70624.246,123185.52,1.587,5776.343,74034.676,0.02,0.0
423.545,2026-06-26T03:19:32.523615,70685.102,123985.52,1.617,5776.344,74084.676,0.02,980.344
423.596,2026-06-26T03:19:32.574623,70775.785,123985.52,1.591,5776.345,74084.676,0.02,0.0
423.647,2026-06-26T03:19:32.625602,70868.312,123985.52,1.574,5776.346,74084.676,0.02,0.0
423.698,2026-06-26T03:19:32.676596,70892.922,123985.52,1.194,5776.347,74084.676,0.02,0.0
423.749,2026-06-26T03:19:32.727604,70962.727,123985.52,1.203,5776.348,74084.676,0.02,0.0
423.8,2026-06-26T03:19:32.778604,71054.051,123985.52,1.302,5776.349,74084.676,0.02,0.0
423.851,2026-06-26T03:19:32.829589,71145.52,123985.52,1.463,5776.35,74084.676,0.02,0.0
423.902,2026-06-26T03:19:32.880599,71237.172,123985.52,1.438,5776.351,74084.676,0.02,0.0
423.953,2026-06-26T03:19:32.931577,71328.656,123985.52,1.512,5776.352,74084.676,0.02,0.0
424.004,2026-06-26T03:19:32.982618,71420.203,123985.52,1.518,5776.353,74084.676,0.02,0.0
424.055,2026-06-26T03:19:33.033605,71511.945,123985.52,1.522,5776.354,74084.676,0.02,0.0
424.106,2026-06-26T03:19:33.084582,71596.711,123985.52,1.663,5776.355,74084.676,0.017,0.0
424.167,2026-06-26T03:19:33.145474,71700.434,123985.52,1.549,5776.356,74084.676,0.02,0.0
424.218,2026-06-26T03:19:33.196488,71782.988,123985.52,1.59,5776.357,74084.676,0.02,0.0
424.269,2026-06-26T03:19:33.247444,71862.043,123985.52,1.573,5776.358,74084.676,0.02,0.0
424.32,2026-06-26T03:19:33.298439,71942.621,123985.52,1.607,5776.359,74084.676,0.02,0.0
424.371,2026-06-26T03:19:33.349413,72026.309,123985.52,1.584,5776.36,74084.676,0.02,0.0
424.422,2026-06-26T03:19:33.400430,72106.965,123985.52,1.615,5776.361,74084.676,0.02,0.0
424.473,2026-06-26T03:19:33.451413,72122.062,123985.52,1.59,5776.362,74084.676,0.02,0.0
424.524,2026-06-26T03:19:33.502415,71600.703,123985.52,1.572,5776.363,74084.676,0.02,0.0
424.575,2026-06-26T03:19:33.553397,70864.703,123985.52,1.331,5776.364,74084.676,0.02,0.0
424.626,2026-06-26T03:19:33.604386,70122.703,123985.52,1.161,5776.365,74084.676,0.02,0.0
424.677,2026-06-26T03:19:33.655379,69364.703,123985.52,1.043,5776.367,74084.676,0.02,0.0
424.728,2026-06-26T03:19:33.706375,68606.703,123985.52,0.96,5776.368,74084.676,0.02,0.0
424.779,2026-06-26T03:19:33.757355,67866.703,119889.52,0.902,5776.369,74084.676,0.02,0.0
424.83,2026-06-26T03:19:33.808359,67280.703,119089.52,1.091,5776.37,74084.676,0.02,0.0
424.88,2026-06-26T03:19:33.859339,67280.703,119089.52,1.269,5776.371,74084.676,0.02,0.0
424.931,2026-06-26T03:19:33.910344,67280.703,119089.52,1.348,5776.372,74084.676,0.02,0.0
424.982,2026-06-26T03:19:33.961324,67280.703,119089.52,1.449,5776.373,74084.676,0.02,0.0
425.033,2026-06-26T03:19:34.012266,67280.703,119089.52,1.474,5776.374,74134.676,0.02,980.725
425.084,2026-06-26T03:19:34.063235,67317.715,119139.52,1.492,5776.375,74134.676,0.02,0.0
425.135,2026-06-26T03:19:34.114241,67280.703,119089.52,1.504,5776.376,74134.676,0.02,0.0
425.186,2026-06-26T03:19:34.165209,67305.461,119139.52,1.513,5776.377,74184.676,0.02,980.702
425.237,2026-06-26T03:19:34.216209,67280.703,119089.52,1.565,5776.378,74184.676,0.02,0.0
425.288,2026-06-26T03:19:34.267179,67293.441,119139.52,1.555,5776.379,74234.676,0.02,979.895
425.339,2026-06-26T03:19:34.318216,67280.703,119089.52,1.502,5776.38,74234.676,0.02,0.0
425.39,2026-06-26T03:19:34.369195,67281.656,119889.52,1.557,5776.381,74284.676,0.02,980.903
425.441,2026-06-26T03:19:34.420199,67331.527,119889.52,1.595,5776.382,74284.676,0.02,0.0
425.492,2026-06-26T03:19:34.471176,67381.273,119889.52,1.531,5776.383,74284.676,0.02,0.0
425.543,2026-06-26T03:19:34.522125,67430.957,119889.52,1.577,5776.384,74284.676,0.02,0.0
425.594,2026-06-26T03:19:34.573160,67480.703,119889.52,1.564,5776.385,74284.676,0.02,0.0
425.645,2026-06-26T03:19:34.624114,67530.969,119889.52,1.554,5776.386,74284.676,0.02,0.0
425.696,2026-06-26T03:19:34.675116,67581.871,119889.52,1.593,5776.387,74284.676,0.02,0.0
425.747,2026-06-26T03:19:34.726206,67642.859,121489.52,1.62,5776.388,74284.676,0.02,0.0
425.798,2026-06-26T03:19:34.777211,67712.285,121489.52,1.593,5776.389,74284.676,0.02,0.0
425.849,2026-06-26T03:19:34.828237,67779.297,121489.52,1.575,5776.39,74284.676,0.02,0.0
425.9,2026-06-26T03:19:34.879260,67846.355,121489.52,1.562,5776.391,74284.676,0.02,0.0
425.951,2026-06-26T03:19:34.930269,67913.434,121489.52,1.553,5776.392,74284.676,0.02,0.0
426.002,2026-06-26T03:19:34.981288,67980.547,121489.52,1.546,5776.394,74284.676,0.02,0.0
426.053,2026-06-26T03:19:35.032300,68047.668,121489.52,1.542,5776.395,74284.676,0.02,0.0
426.104,2026-06-26T03:19:35.083335,68116.391,121489.52,1.585,5776.396,74284.676,0.02,0.0
426.155,2026-06-26T03:19:35.134318,68185.766,121489.52,1.569,5776.397,74284.676,0.02,0.0
426.206,2026-06-26T03:19:35.185267,68255.266,121489.52,1.558,5776.398,74284.676,0.02,0.0
426.257,2026-06-26T03:19:35.236226,68260.508,121489.52,1.597,5776.399,74284.676,0.02,0.0
426.308,2026-06-26T03:19:35.287235,67832.938,121489.52,1.577,5776.4,74284.676,0.02,0.0
426.359,2026-06-26T03:19:35.338214,67515.844,120689.52,1.564,5776.401,74284.676,0.02,0.0
426.41,2026-06-26T03:19:35.389208,67534.883,120689.52,1.6,5776.402,74284.676,0.02,0.0
426.461,2026-06-26T03:19:35.440176,67553.848,120689.52,1.58,5776.403,74284.676,0.02,0.0
426.512,2026-06-26T03:19:35.491187,67572.832,120689.52,1.565,5776.404,74284.676,0.02,0.0
426.563,2026-06-26T03:19:35.542165,67592.652,120739.52,1.647,5776.405,74334.676,0.02,980.853
426.614,2026-06-26T03:19:35.593117,67658.824,120739.52,1.567,5776.406,74334.676,0.02,0.0
426.736,2026-06-26T03:19:35.714603,67712.652,121489.52,1.696,5776.755,74384.676,2.887,413.252
426.786,2026-06-26T03:19:35.765045,67779.746,121489.52,1.697,5776.756,74384.676,0.02,0.0
426.837,2026-06-26T03:19:35.815689,67847.145,121489.52,1.651,5776.757,74384.676,0.02,0.0
426.888,2026-06-26T03:19:35.866444,67914.652,121489.52,1.616,5776.758,74384.676,0.02,0.0
426.938,2026-06-26T03:19:35.917262,67982.707,121489.52,1.638,5776.759,74384.676,0.02,0.0
426.989,2026-06-26T03:19:35.968217,68051.598,121489.52,1.607,5776.76,74384.676,0.02,0.0
427.04,2026-06-26T03:19:36.019222,68121.402,121489.52,1.538,5776.762,74384.676,0.02,0.0
427.091,2026-06-26T03:19:36.070195,68191.281,121489.52,1.583,5776.763,74384.676,0.02,0.0
427.142,2026-06-26T03:19:36.121193,68261.168,121489.52,1.567,5776.764,74384.676,0.02,0.0
427.193,2026-06-26T03:19:36.172178,68330.922,121489.52,1.557,5776.765,74384.676,0.02,0.0
427.244,2026-06-26T03:19:36.223177,68401.008,121489.52,1.596,5776.766,74384.676,0.02,0.0
427.295,2026-06-26T03:19:36.274122,68470.848,121489.52,1.577,5776.767,74384.676,0.02,0.0
427.346,2026-06-26T03:19:36.325106,68540.086,121489.52,1.563,5776.768,74384.676,0.02,0.0
427.397,2026-06-26T03:19:36.376098,68609.344,121489.52,1.554,5776.769,74384.676,0.02,0.0
427.448,2026-06-26T03:19:36.427078,68678.762,121489.52,1.547,5776.77,74384.676,0.02,0.0
427.499,2026-06-26T03:19:36.478069,68689.902,121439.52,1.543,5776.771,74384.676,0.02,0.0
427.55,2026-06-26T03:19:36.529034,68753.285,121489.52,1.585,5776.772,74384.676,0.02,0.0
427.601,2026-06-26T03:19:36.580042,68181.629,121489.52,1.57,5776.773,74384.676,0.02,0.0
427.652,2026-06-26T03:19:36.631009,67996.574,120689.52,1.604,5776.774,74384.676,0.02,0.0
427.703,2026-06-26T03:19:36.682000,68015.406,120689.52,1.583,5776.775,74384.676,0.02,0.0
427.754,2026-06-26T03:19:36.732979,68034.047,120689.52,1.66,5776.776,74384.676,0.02,0.0
427.805,2026-06-26T03:19:36.783966,68052.727,120689.52,1.621,5776.777,74384.676,0.02,0.0
427.856,2026-06-26T03:19:36.834974,68089.949,120739.52,1.594,5776.778,74434.676,0.02,980.408
427.907,2026-06-26T03:19:36.885973,68090.031,120689.52,1.576,5776.779,74434.676,0.02,0.0
427.958,2026-06-26T03:19:36.936949,68115.426,121489.52,1.608,5776.78,74484.676,0.02,980.129
428.009,2026-06-26T03:19:36.987951,68183.695,121489.52,1.54,5776.781,74484.676,0.02,0.0
428.06,2026-06-26T03:19:37.038932,68252.391,121489.52,1.583,5776.782,74484.676,0.02,0.0
428.111,2026-06-26T03:19:37.089943,68321.223,121489.52,1.568,5776.783,74484.676,0.02,0.0
428.162,2026-06-26T03:19:37.140919,68390.879,121489.52,1.557,5776.784,74484.676,0.02,0.0
428.213,2026-06-26T03:19:37.191918,68460.82,121489.52,1.596,5776.785,74484.676,0.02,0.0
428.264,2026-06-26T03:19:37.242896,68530.711,121489.52,1.577,5776.786,74484.676,0.02,0.0
428.315,2026-06-26T03:19:37.293887,68600.676,121489.52,1.563,5776.787,74484.676,0.02,0.0
428.366,2026-06-26T03:19:37.344882,68670.625,121489.52,1.554,5776.789,74484.676,0.02,0.0
428.417,2026-06-26T03:19:37.395896,68739.691,121489.52,1.547,5776.79,74484.676,0.02,0.0
428.468,2026-06-26T03:19:37.446865,68808.777,121489.52,1.542,5776.791,74484.676,0.02,0.0
428.519,2026-06-26T03:19:37.497876,68877.895,121489.52,1.586,5776.792,74484.676,0.02,0.0
428.57,2026-06-26T03:19:37.548850,68947.359,121489.52,1.569,5776.793,74484.676,0.02,0.0
428.621,2026-06-26T03:19:37.599855,69016.73,121489.52,1.512,5776.794,74484.676,0.02,0.0
428.672,2026-06-26T03:19:37.650841,69085.965,121489.52,1.564,5776.795,74484.676,0.02,0.0
428.723,2026-06-26T03:19:37.701828,69137.715,121489.52,1.463,5776.796,74484.676,0.02,0.0
428.774,2026-06-26T03:19:37.752812,69137.715,121489.52,1.024,5776.797,74484.676,0.02,0.0
428.825,2026-06-26T03:19:37.803816,69164.754,121489.52,0.9,5776.798,74484.676,0.02,0.0
428.876,2026-06-26T03:19:37.854789,69170.602,121489.52,1.182,5776.799,74484.676,0.02,0.0
428.927,2026-06-26T03:19:37.905790,69134.805,121489.52,1.287,5776.8,74484.676,0.02,0.0
428.978,2026-06-26T03:19:37.956765,68451.535,120689.52,1.36,5776.801,74484.676,0.02,0.0
429.029,2026-06-26T03:19:38.007783,68470.449,120689.52,1.458,5776.802,74484.676,0.02,0.0
429.08,2026-06-26T03:19:38.058772,68489.445,120689.52,1.434,5776.803,74484.676,0.02,0.0
429.131,2026-06-26T03:19:38.109768,68508.34,120689.52,1.51,5776.804,74484.676,0.02,0.0
429.182,2026-06-26T03:19:38.160754,68527.238,120689.52,1.517,5776.805,74484.676,0.02,0.0
429.233,2026-06-26T03:19:38.211746,68577.504,120739.52,1.521,5776.806,74534.676,0.02,980.069
429.284,2026-06-26T03:19:38.262750,68565.109,120689.52,1.524,5776.807,74534.676,0.02,0.0
429.335,2026-06-26T03:19:38.313751,68598.09,121489.52,1.573,5776.808,74584.676,0.02,981.05
429.386,2026-06-26T03:19:38.364723,68666.676,121489.52,1.56,5776.809,74584.676,0.02,0.0
429.437,2026-06-26T03:19:38.415721,68735.559,121489.52,1.552,5776.81,74584.676,0.02,0.0
429.488,2026-06-26T03:19:38.466697,68804.414,121489.52,1.546,5776.811,74584.676,0.02,0.0
429.539,2026-06-26T03:19:38.517715,68872.512,121489.52,1.542,5776.812,74584.676,0.02,0.0
429.59,2026-06-26T03:19:38.568685,68940.871,121489.52,1.539,5776.813,74584.676,0.02,0.0
429.641,2026-06-26T03:19:38.619682,69010.148,121489.52,1.583,5776.814,74584.676,0.02,0.0
429.692,2026-06-26T03:19:38.670665,69080.074,121489.52,1.613,5776.815,74584.676,0.02,0.0
429.743,2026-06-26T03:19:38.721726,69150.02,121489.52,1.588,5776.817,74584.676,0.02,0.0
429.794,2026-06-26T03:19:38.772778,69220.074,121489.52,1.617,5776.818,74584.676,0.02,0.0
429.845,2026-06-26T03:19:38.823839,69290.004,121489.52,1.545,5776.819,74584.676,0.02,0.0
429.896,2026-06-26T03:19:38.874869,69359.93,121489.52,1.586,5776.82,74584.676,0.02,0.0
429.947,2026-06-26T03:19:38.925934,69429.328,121489.52,1.57,5776.821,74584.676,0.02,0.0
429.998,2026-06-26T03:19:38.976966,69498.645,121489.52,1.558,5776.822,74584.676,0.02,0.0
430.049,2026-06-26T03:19:39.028041,69567.891,121489.52,1.55,5776.823,74584.676,0.02,0.0
430.1,2026-06-26T03:19:39.079069,69637.352,121489.52,1.544,5776.824,74584.676,0.02,0.0
430.151,2026-06-26T03:19:39.130095,69396.949,121439.52,1.54,5776.825,74584.676,0.02,0.0
430.202,2026-06-26T03:19:39.181086,68638.949,121439.52,1.354,5776.826,74584.676,0.02,0.0
430.253,2026-06-26T03:19:39.232088,67888.949,121439.52,1.178,5776.827,74584.676,0.02,0.0
430.304,2026-06-26T03:19:39.283060,67132.949,121439.52,1.054,5776.828,74584.676,0.02,0.0
430.355,2026-06-26T03:19:39.334069,66372.949,121439.52,0.968,5776.829,74584.676,0.02,0.0
430.406,2026-06-26T03:19:39.385033,65612.949,121439.52,0.907,5776.83,74584.676,0.02,0.0
430.457,2026-06-26T03:19:39.436044,65578.449,117393.52,1.095,5776.831,74584.676,0.02,0.0
430.508,2026-06-26T03:19:39.487030,64974.949,117393.52,1.226,5776.832,74584.676,0.02,0.0
430.559,2026-06-26T03:19:39.538024,64784.949,116593.52,1.318,5776.833,74584.676,0.02,0.0
430.61,2026-06-26T03:19:39.588996,64784.949,116593.52,1.428,5776.834,74584.676,0.02,0.0
430.661,2026-06-26T03:19:39.639984,64784.949,116593.52,1.459,5776.835,74584.676,0.02,0.0
430.712,2026-06-26T03:19:39.690980,64784.949,116593.52,1.481,5776.836,74584.676,0.02,0.0
430.763,2026-06-26T03:19:39.741980,64798.828,116643.52,1.543,5776.837,74634.676,0.02,981.014
430.814,2026-06-26T03:19:39.792959,64784.949,116593.52,1.539,5776.838,74634.676,0.02,0.0
430.865,2026-06-26T03:19:39.843964,64786.512,117393.52,1.537,5776.839,74684.676,0.02,981.101
430.916,2026-06-26T03:19:39.894943,64836.066,117393.52,1.581,5776.84,74684.676,0.02,0.0
430.967,2026-06-26T03:19:39.945954,64885.711,117393.52,1.567,5776.841,74684.676,0.02,0.0
431.018,2026-06-26T03:19:39.996935,64935.457,117393.52,1.51,5776.842,74684.676,0.02,0.0
431.069,2026-06-26T03:19:40.047942,64984.98,117393.52,1.563,5776.843,74684.676,0.02,0.0
431.12,2026-06-26T03:19:40.098920,65034.746,117393.52,1.554,5776.845,74684.676,0.02,0.0
431.171,2026-06-26T03:19:40.149917,65084.242,117393.52,1.593,5776.846,74684.676,0.02,0.0
431.222,2026-06-26T03:19:40.200910,65133.887,117393.52,1.575,5776.847,74684.676,0.02,0.0
431.273,2026-06-26T03:19:40.251914,65183.445,117393.52,1.516,5776.848,74684.676,0.02,0.0
431.324,2026-06-26T03:19:40.302882,65232.113,117393.52,1.567,5776.849,74684.676,0.02,0.0
431.375,2026-06-26T03:19:40.353895,65281.102,117393.52,1.418,5776.85,74684.676,0.02,0.0
431.426,2026-06-26T03:19:40.404874,65329.379,117393.52,1.223,5776.851,74684.676,0.02,0.0
431.477,2026-06-26T03:19:40.455873,65376.84,117393.52,1.086,5776.852,74684.676,0.02,0.0
431.528,2026-06-26T03:19:40.506855,65424.406,117393.52,1.082,5776.853,74684.676,0.02,0.0
431.579,2026-06-26T03:19:40.557841,65474.66,117393.52,0.941,5776.854,74684.676,0.02,0.0
431.63,2026-06-26T03:19:40.608839,65525.578,117393.52,0.889,5776.855,74684.676,0.02,0.0
431.751,2026-06-26T03:19:40.729989,65581.906,117393.52,1.01,5777.204,74684.676,2.895,0.0
431.802,2026-06-26T03:19:40.780430,64948.953,117393.52,0.939,5777.205,74684.676,0.02,0.0
431.852,2026-06-26T03:19:40.831044,64784.953,116593.52,0.888,5777.206,74684.676,0.02,0.0
431.903,2026-06-26T03:19:40.881695,64784.953,116593.52,0.853,5777.207,74684.676,0.02,0.0
431.954,2026-06-26T03:19:40.932508,64784.953,116593.52,0.828,5777.208,74684.676,0.02,0.0
432.005,2026-06-26T03:19:40.983368,64784.953,116593.52,0.763,5777.209,74684.676,0.02,0.0
432.056,2026-06-26T03:19:41.034365,64784.953,116593.52,0.672,5777.21,74684.676,0.02,0.0
432.106,2026-06-26T03:19:41.085349,64813.898,116643.52,0.7,5777.211,74734.676,0.02,980.848
432.157,2026-06-26T03:19:41.136327,64784.953,116593.52,0.72,5777.213,74734.676,0.02,0.0
432.208,2026-06-26T03:19:41.187325,64799.27,117393.52,0.734,5777.214,74784.676,0.02,980.917
432.259,2026-06-26T03:19:41.238274,64849.137,117393.52,0.744,5777.215,74784.676,0.02,0.0
432.31,2026-06-26T03:19:41.289244,64898.348,117393.52,0.751,5777.216,74784.676,0.02,0.0
432.361,2026-06-26T03:19:41.340222,64947.707,117393.52,0.755,5777.217,74784.676,0.02,0.0
432.412,2026-06-26T03:19:41.391192,64997.012,117393.52,0.758,5777.218,74784.676,0.02,0.0
432.463,2026-06-26T03:19:41.442196,65046.145,117393.52,0.807,5777.219,74784.676,0.02,0.0
432.514,2026-06-26T03:19:41.493175,65095.703,117393.52,0.795,5777.22,74784.676,0.02,0.0
432.565,2026-06-26T03:19:41.544133,65145.891,117393.52,0.74,5777.221,74784.676,0.02,0.0
432.616,2026-06-26T03:19:41.595125,65195.902,117393.52,0.794,5777.222,74784.676,0.02,0.0
432.667,2026-06-26T03:19:41.646078,65245.992,117393.52,0.786,5777.223,74784.676,0.02,0.0
432.718,2026-06-26T03:19:41.697084,65296.848,117393.52,0.78,5777.224,74784.676,0.02,0.0
432.769,2026-06-26T03:19:41.748061,65347.637,117393.52,0.821,5777.225,74784.676,0.02,0.0
432.82,2026-06-26T03:19:41.799061,65398.461,117393.52,0.805,5777.226,74784.676,0.02,0.0
432.871,2026-06-26T03:19:41.850029,65449.289,117393.52,0.839,5777.227,74784.676,0.02,0.0
432.922,2026-06-26T03:19:41.901005,65499.832,117393.52,0.817,5777.228,74784.676,0.02,0.0
432.973,2026-06-26T03:19:41.952007,65550.621,117393.52,0.802,5777.229,74784.676,0.02,0.0
433.024,2026-06-26T03:19:42.003018,65537.953,117393.52,0.791,5777.23,74784.676,0.02,0.0
433.075,2026-06-26T03:19:42.053994,65534.953,117393.52,0.783,5777.231,74784.676,0.02,0.0
433.126,2026-06-26T03:19:42.104990,64844.953,117393.52,0.778,5777.232,74784.676,0.02,0.0
433.177,2026-06-26T03:19:42.155964,64784.953,116593.52,0.775,5777.233,74784.676,0.02,0.0
433.228,2026-06-26T03:19:42.206984,64784.953,116593.52,0.772,5777.234,74784.676,0.02,0.0
433.279,2026-06-26T03:19:42.257952,64784.953,116593.52,0.77,5777.235,74784.676,0.02,0.0
433.33,2026-06-26T03:19:42.308944,64784.953,116593.52,0.769,5777.236,74784.676,0.02,0.0
433.381,2026-06-26T03:19:42.359915,64770.781,117393.52,0.814,5777.237,74834.676,0.02,981.018
433.432,2026-06-26T03:19:42.410912,64820.652,117393.52,0.8,5777.238,74834.676,0.02,0.0
433.483,2026-06-26T03:19:42.461897,64870.82,117393.52,0.789,5777.239,74834.676,0.02,0.0
433.534,2026-06-26T03:19:42.512902,64921.234,117393.52,0.828,5777.24,74834.676,0.02,0.0
433.585,2026-06-26T03:19:42.563860,64971.473,117393.52,0.764,5777.242,74834.676,0.02,0.0
433.636,2026-06-26T03:19:42.614860,65021.59,117393.52,0.81,5777.243,74834.676,0.02,0.0
433.687,2026-06-26T03:19:42.665828,65071.664,117393.52,0.797,5777.244,74834.676,0.02,0.0
433.738,2026-06-26T03:19:42.716887,65095.203,117393.52,0.65,5777.245,74834.676,0.02,0.0
433.789,2026-06-26T03:19:42.767924,65116.141,117393.52,0.593,5777.246,74834.676,0.02,0.0
433.84,2026-06-26T03:19:42.818972,65167.367,117393.52,0.644,5777.247,74834.676,0.02,0.0
433.891,2026-06-26T03:19:42.870014,65218.543,117393.52,0.726,5777.248,74834.676,0.02,0.0
433.942,2026-06-26T03:19:42.921073,65269.164,117393.52,0.738,5777.249,74834.676,0.02,0.0
433.993,2026-06-26T03:19:42.972113,65319.508,117393.52,0.7,5777.25,74834.676,0.02,0.0
434.044,2026-06-26T03:19:43.023190,65369.09,117393.52,0.72,5777.251,74834.676,0.02,0.0
434.095,2026-06-26T03:19:43.074234,65417.559,117393.52,0.779,5777.252,74834.676,0.02,0.0
434.146,2026-06-26T03:19:43.125250,65466.219,117393.52,0.775,5777.253,74834.676,0.02,0.0
434.197,2026-06-26T03:19:43.176214,65515.809,117393.52,0.819,5777.254,74834.676,0.02,0.0
434.248,2026-06-26T03:19:43.227184,65502.918,117393.52,0.803,5777.255,74834.676,0.02,0.0
434.299,2026-06-26T03:19:43.278150,65492.777,117393.52,0.792,5777.256,74834.676,0.02,0.0
434.35,2026-06-26T03:19:43.329094,64808.777,117393.52,0.784,5777.257,74834.676,0.02,0.0
434.401,2026-06-26T03:19:43.380108,64748.777,116593.52,0.779,5777.258,74834.676,0.02,0.0
434.452,2026-06-26T03:19:43.431083,64748.777,116593.52,0.775,5777.259,74834.676,0.02,0.0
434.503,2026-06-26T03:19:43.482075,64748.777,116593.52,0.818,5777.26,74834.676,0.02,0.0
434.554,2026-06-26T03:19:43.533053,64748.777,116593.52,0.803,5777.261,74834.676,0.02,0.0
434.605,2026-06-26T03:19:43.584035,64776.777,116643.52,0.838,5777.262,74884.676,0.02,980.225
434.656,2026-06-26T03:19:43.635033,64748.777,116593.52,0.816,5777.263,74884.676,0.02,0.0
434.707,2026-06-26T03:19:43.686023,64765.301,116643.52,0.755,5777.264,74934.676,0.02,980.963
434.758,2026-06-26T03:19:43.737007,64748.777,116593.52,0.804,5777.265,74934.676,0.02,0.0
434.809,2026-06-26T03:19:43.788005,64748.777,116593.52,0.793,5777.266,74984.676,0.02,981.266
434.86,2026-06-26T03:19:43.838982,64797.285,117393.52,0.785,5777.267,74984.676,0.02,0.0
434.911,2026-06-26T03:19:43.889993,64846.414,117393.52,0.825,5777.268,74984.676,0.02,0.0
434.962,2026-06-26T03:19:43.940972,64895.773,117393.52,0.761,5777.269,74984.676,0.02,0.0
435.013,2026-06-26T03:19:43.991983,64945.652,117393.52,0.763,5777.271,74984.676,0.02,0.0
435.064,2026-06-26T03:19:44.042963,64996.16,117393.52,0.81,5777.272,74984.676,0.02,0.0
435.115,2026-06-26T03:19:44.093939,65047.352,117393.52,0.751,5777.273,74984.676,0.02,0.0
435.166,2026-06-26T03:19:44.144915,65098.602,117393.52,0.801,5777.274,74984.676,0.02,0.0
435.217,2026-06-26T03:19:44.195908,65149.852,117393.52,0.745,5777.275,74984.676,0.02,0.0
435.268,2026-06-26T03:19:44.246888,65200.398,117393.52,0.797,5777.276,74984.676,0.02,0.0
435.319,2026-06-26T03:19:44.297875,65249.797,117393.52,0.788,5777.277,74984.676,0.02,0.0
435.37,2026-06-26T03:19:44.348765,65299.031,117393.52,0.782,5777.278,74984.676,0.02,0.0
435.421,2026-06-26T03:19:44.399762,65347.699,117393.52,0.777,5777.279,74984.676,0.02,0.0
435.472,2026-06-26T03:19:44.450752,65396.453,117393.52,0.774,5777.28,74984.676,0.02,0.0
435.523,2026-06-26T03:19:44.501732,65445.445,117393.52,0.771,5777.281,74984.676,0.02,0.0
435.574,2026-06-26T03:19:44.552731,65494.344,117393.52,0.816,5777.282,74984.676,0.02,0.0
435.625,2026-06-26T03:19:44.603718,65543.289,117393.52,0.847,5777.283,74984.676,0.02,0.0
435.676,2026-06-26T03:19:44.654693,65526.359,117393.52,0.822,5777.284,74984.676,0.02,0.0
435.727,2026-06-26T03:19:44.705702,65206.777,117393.52,0.76,5777.285,74984.676,0.02,0.0
435.778,2026-06-26T03:19:44.756675,64748.777,116593.52,0.761,5777.286,74984.676,0.02,0.0
435.829,2026-06-26T03:19:44.807695,64748.777,116593.52,0.763,5777.287,74984.676,0.02,0.0
435.88,2026-06-26T03:19:44.858673,64748.777,116593.52,0.764,5777.288,74984.676,0.02,0.0
435.931,2026-06-26T03:19:44.909672,64748.777,116593.52,0.764,5777.289,74984.676,0.02,0.0
435.982,2026-06-26T03:19:44.960650,64748.777,116593.52,0.811,5777.29,75034.676,0.02,980.445
436.033,2026-06-26T03:19:45.011668,64789.305,116643.52,0.797,5777.291,75034.676,0.02,0.0
436.084,2026-06-26T03:19:45.062656,64748.777,116593.52,0.834,5777.292,75034.676,0.02,0.0
436.135,2026-06-26T03:19:45.113656,64773.23,117393.52,0.86,5777.293,75084.676,0.02,981.298
436.186,2026-06-26T03:19:45.164627,64823.652,117393.52,0.785,5777.294,75084.676,0.02,0.0
436.237,2026-06-26T03:19:45.215634,64874.934,117393.52,0.78,5777.295,75084.676,0.02,0.0
436.288,2026-06-26T03:19:45.266606,64926.102,117393.52,0.821,5777.296,75084.676,0.02,0.0
436.339,2026-06-26T03:19:45.317583,64976.902,117393.52,0.806,5777.297,75084.676,0.02,0.0
436.389,2026-06-26T03:19:45.368194,65027.137,117393.52,0.795,5777.298,75084.676,0.02,0.0
436.44,2026-06-26T03:19:45.419190,65078.297,117393.52,0.786,5777.299,75084.676,0.02,0.0
436.491,2026-06-26T03:19:45.470166,65129.48,117393.52,0.78,5777.301,75084.676,0.02,0.0
436.542,2026-06-26T03:19:45.521181,65180.535,117393.52,0.776,5777.302,75084.676,0.02,0.0
436.593,2026-06-26T03:19:45.572158,65231.594,117393.52,0.819,5777.303,75084.676,0.02,0.0
436.644,2026-06-26T03:19:45.623115,65280.332,117393.52,0.757,5777.304,75084.676,0.02,0.0
436.766,2026-06-26T03:19:45.744412,65395.551,117393.52,0.917,5777.653,75084.676,2.891,0.0
436.816,2026-06-26T03:19:45.794840,65445.258,117393.52,0.92,5777.654,75084.676,0.02,0.0
436.867,2026-06-26T03:19:45.845477,65495.426,117393.52,0.829,5777.655,75084.676,0.02,0.0
436.917,2026-06-26T03:19:45.896125,65545.992,117393.52,0.858,5777.656,75084.676,0.02,0.0
436.968,2026-06-26T03:19:45.946944,65532.84,117393.52,0.877,5777.657,75084.676,0.02,0.0
437.019,2026-06-26T03:19:45.997887,65054.781,117393.52,0.843,5777.658,75084.676,0.02,0.0
437.07,2026-06-26T03:19:46.048891,64748.781,116593.52,0.82,5777.659,75084.676,0.02,0.0
437.121,2026-06-26T03:19:46.099840,64748.781,116593.52,0.804,5777.66,75084.676,0.02,0.0
437.172,2026-06-26T03:19:46.150859,64748.781,116593.52,0.793,5777.661,75084.676,0.02,0.0
437.223,2026-06-26T03:19:46.201831,64748.781,116593.52,0.785,5777.662,75084.676,0.02,0.0
437.274,2026-06-26T03:19:46.252826,64760.551,116643.52,0.779,5777.663,75134.676,0.02,980.376
437.325,2026-06-26T03:19:46.303803,64748.781,116593.52,0.775,5777.664,75134.676,0.02,0.0
437.376,2026-06-26T03:19:46.354795,64749.797,117393.52,0.818,5777.665,75184.676,0.02,980.207
437.427,2026-06-26T03:19:46.405799,64799.359,117393.52,0.757,5777.666,75184.676,0.02,0.0
437.478,2026-06-26T03:19:46.456802,64848.566,117393.52,0.76,5777.668,75184.676,0.02,0.0
437.529,2026-06-26T03:19:46.507784,64897.641,117393.52,0.807,5777.669,75184.676,0.02,0.0
437.58,2026-06-26T03:19:46.558783,64947.219,117393.52,0.795,5777.67,75184.676,0.02,0.0
437.631,2026-06-26T03:19:46.609769,64998.164,117393.52,0.786,5777.671,75184.676,0.02,0.0
437.682,2026-06-26T03:19:46.660779,65049.289,117393.52,0.734,5777.672,75184.676,0.02,0.0
437.733,2026-06-26T03:19:46.711815,65100.668,117393.52,0.835,5777.673,75184.676,0.02,0.0
437.784,2026-06-26T03:19:46.762865,65151.988,117393.52,0.814,5777.674,75184.676,0.02,0.0
437.835,2026-06-26T03:19:46.813914,65203.207,117393.52,0.8,5777.675,75184.676,0.02,0.0
437.886,2026-06-26T03:19:46.864969,65264.73,117393.52,0.826,5777.676,75184.676,0.017,0.0
437.948,2026-06-26T03:19:46.926553,65315.664,117393.52,0.853,5777.677,75184.676,0.02,0.0
437.999,2026-06-26T03:19:46.977630,65366.707,117393.52,0.781,5777.678,75184.676,0.02,0.0
438.05,2026-06-26T03:19:47.028677,65417.531,117393.52,0.822,5777.679,75184.676,0.02,0.0
438.101,2026-06-26T03:19:47.079751,65468.559,117393.52,0.805,5777.68,75184.676,0.02,0.0
438.152,2026-06-26T03:19:47.130781,65519.602,117393.52,0.793,5777.681,75184.676,0.02,0.0
438.203,2026-06-26T03:19:47.181774,65506.805,117393.52,0.785,5777.682,75184.676,0.02,0.0
438.254,2026-06-26T03:19:47.232773,65440.781,117393.52,0.779,5777.683,75184.676,0.02,0.0
438.305,2026-06-26T03:19:47.283767,64748.781,116593.52,0.821,5777.684,75184.676,0.02,0.0
438.356,2026-06-26T03:19:47.334740,64748.781,116593.52,0.805,5777.685,75184.676,0.02,0.0
438.407,2026-06-26T03:19:47.385741,64748.781,116593.52,0.793,5777.686,75184.676,0.02,0.0
438.458,2026-06-26T03:19:47.436710,64748.781,116593.52,0.785,5777.687,75184.676,0.02,0.0
438.509,2026-06-26T03:19:47.487737,64748.781,116593.52,0.825,5777.688,75184.676,0.02,0.0
438.56,2026-06-26T03:19:47.538728,64775.781,116643.52,0.807,5777.689,75234.676,0.02,980.399
438.611,2026-06-26T03:19:47.589728,64748.781,116593.52,0.749,5777.69,75234.676,0.02,0.0
438.662,2026-06-26T03:19:47.640706,64759.961,116643.52,0.8,5777.691,75284.676,0.02,981.16
438.713,2026-06-26T03:19:47.691694,64748.781,116593.52,0.79,5777.692,75284.676,0.02,0.0
438.764,2026-06-26T03:19:47.742697,64748.781,116593.52,0.737,5777.693,75334.676,0.02,980.239
438.815,2026-06-26T03:19:47.793704,64760.227,117393.52,0.607,5777.694,75334.676,0.02,0.0
438.866,2026-06-26T03:19:47.844685,64810.48,117393.52,0.655,5777.695,75334.676,0.02,0.0
438.917,2026-06-26T03:19:47.895691,64860.906,117393.52,0.688,5777.697,75334.676,0.02,0.0
438.968,2026-06-26T03:19:47.946665,64910.902,117393.52,0.712,5777.698,75334.676,0.02,0.0
439.019,2026-06-26T03:19:47.997683,64960.254,117393.52,0.728,5777.699,75334.676,0.02,0.0
439.07,2026-06-26T03:19:48.048735,65011.281,117393.52,0.785,5777.7,75334.676,0.02,0.0
439.121,2026-06-26T03:19:48.099722,65062.781,117393.52,0.825,5777.701,75334.676,0.02,0.0
439.172,2026-06-26T03:19:48.150699,65113.859,117393.52,0.808,5777.702,75334.676,0.02,0.0
439.223,2026-06-26T03:19:48.201697,65164.977,117393.52,0.795,5777.703,75334.676,0.02,0.0
439.274,2026-06-26T03:19:48.252687,65215.777,117393.52,0.786,5777.704,75334.676,0.02,0.0
439.325,2026-06-26T03:19:48.303690,65264.785,117393.52,0.78,5777.705,75334.676,0.02,0.0
439.376,2026-06-26T03:19:48.354666,65313.352,117393.52,0.776,5777.706,75334.676,0.02,0.0
439.427,2026-06-26T03:19:48.405678,65362.609,117393.52,0.773,5777.707,75334.676,0.02,0.0
439.478,2026-06-26T03:19:48.456662,65413.25,117393.52,0.771,5777.708,75334.676,0.02,0.0
439.529,2026-06-26T03:19:48.507667,65464.137,117393.52,0.861,5777.709,75334.676,0.02,0.0
439.58,2026-06-26T03:19:48.558644,65514.914,117393.52,0.787,5777.71,75334.676,0.02,0.0
439.631,2026-06-26T03:19:48.609621,65502.281,117393.52,0.827,5777.711,75334.676,0.02,0.0
439.682,2026-06-26T03:19:48.660599,65494.781,117393.52,0.809,5777.712,75334.676,0.02,0.0
439.733,2026-06-26T03:19:48.711611,64802.781,117393.52,0.796,5777.713,75334.676,0.02,0.0
439.784,2026-06-26T03:19:48.762593,64748.781,116593.52,0.833,5777.714,75334.676,0.02,0.0
439.835,2026-06-26T03:19:48.813600,64748.781,116593.52,0.813,5777.715,75334.676,0.02,0.0
439.886,2026-06-26T03:19:48.864567,64748.781,116593.52,0.799,5777.716,75334.676,0.02,0.0
439.937,2026-06-26T03:19:48.915608,64748.781,116593.52,0.835,5777.717,75334.676,0.02,0.0
439.988,2026-06-26T03:19:48.966591,64778.324,117393.52,0.768,5777.718,75384.676,0.02,980.092
440.039,2026-06-26T03:19:49.017613,64828.469,117393.52,0.767,5777.719,75384.676,0.02,0.0
440.09,2026-06-26T03:19:49.068597,64878.723,117393.52,0.767,5777.72,75384.676,0.02,0.0
440.141,2026-06-26T03:19:49.119577,64928.184,117393.52,0.813,5777.721,75384.676,0.02,0.0
440.192,2026-06-26T03:19:49.170578,64977.387,117393.52,0.799,5777.722,75384.676,0.02,0.0
440.243,2026-06-26T03:19:49.221577,65026.359,117393.52,0.789,5777.723,75384.676,0.02,0.0
440.294,2026-06-26T03:19:49.272551,65075.641,117393.52,0.782,5777.724,75384.676,0.02,0.0
440.345,2026-06-26T03:19:49.323575,65126.105,117393.52,0.777,5777.726,75384.676,0.02,0.0
440.396,2026-06-26T03:19:49.374549,65177.238,117393.52,0.774,5777.727,75384.676,0.02,0.0
440.447,2026-06-26T03:19:49.425572,65228.473,117393.52,0.771,5777.728,75384.676,0.02,0.0
440.498,2026-06-26T03:19:49.476556,65279.887,117393.52,0.77,5777.729,75384.676,0.02,0.0
440.549,2026-06-26T03:19:49.527550,65329.363,117393.52,0.815,5777.73,75384.676,0.02,0.0
440.6,2026-06-26T03:19:49.578546,65379.84,117393.52,0.8,5777.731,75384.676,0.02,0.0
440.651,2026-06-26T03:19:49.629531,65430.539,117393.52,0.79,5777.732,75384.676,0.02,0.0
440.702,2026-06-26T03:19:49.680507,65476.688,117393.52,0.783,5777.733,75384.676,0.02,0.0
440.753,2026-06-26T03:19:49.731515,65527.414,117393.52,0.824,5777.734,75384.676,0.02,0.0
440.804,2026-06-26T03:19:49.782482,65514.461,117393.52,0.852,5777.735,75384.676,0.02,0.0
440.855,2026-06-26T03:19:49.833504,65332.781,117393.52,0.826,5777.736,75384.676,0.02,0.0
440.906,2026-06-26T03:19:49.884492,64748.781,116593.52,0.808,5777.737,75384.676,0.02,0.0
440.957,2026-06-26T03:19:49.935497,64748.781,116593.52,0.796,5777.738,75384.676,0.02,0.0
441.008,2026-06-26T03:19:49.986477,64748.781,116593.52,0.787,5777.739,75384.676,0.02,0.0
441.059,2026-06-26T03:19:50.037488,64748.781,116593.52,0.78,5777.74,75384.676,0.02,0.0
441.11,2026-06-26T03:19:50.088476,64748.781,116593.52,0.776,5777.741,75434.676,0.02,980.546
441.161,2026-06-26T03:19:50.139483,64776.066,117393.52,0.773,5777.742,75434.676,0.02,0.0
441.212,2026-06-26T03:19:50.190468,64814.113,117393.52,0.771,5777.743,75434.676,0.02,0.0
441.263,2026-06-26T03:19:50.241475,64854.23,117393.52,0.769,5777.744,75434.676,0.02,0.0
441.314,2026-06-26T03:19:50.292450,64904.484,117393.52,0.814,5777.745,75434.676,0.02,0.0
441.365,2026-06-26T03:19:50.343487,64953.668,117393.52,0.754,5777.746,75434.676,0.02,0.0
441.416,2026-06-26T03:19:50.394466,65003.645,117393.52,0.849,5777.747,75434.676,0.02,0.0
441.467,2026-06-26T03:19:50.445486,65053.723,117393.52,0.824,5777.748,75434.676,0.02,0.0
441.518,2026-06-26T03:19:50.496464,65102.16,117393.52,0.807,5777.749,75434.676,0.02,0.0
441.569,2026-06-26T03:19:50.547441,65150.777,117393.52,0.84,5777.75,75434.676,0.02,0.0
441.62,2026-06-26T03:19:50.598437,65199.277,117393.52,0.818,5777.751,75434.676,0.02,0.0
441.671,2026-06-26T03:19:50.649427,65246.672,117393.52,0.757,5777.752,75434.676,0.02,0.0
441.792,2026-06-26T03:19:50.770476,65357.598,117393.52,0.918,5778.102,75434.676,2.896,0.0
441.842,2026-06-26T03:19:50.820936,65405.285,117393.52,0.827,5778.103,75434.676,0.02,0.0
441.893,2026-06-26T03:19:50.871623,65452.477,117393.52,0.857,5778.104,75434.676,0.02,0.0
441.943,2026-06-26T03:19:50.922259,65500.961,117393.52,0.785,5778.105,75434.676,0.02,0.0
441.994,2026-06-26T03:19:50.973052,65540.781,117393.52,0.78,5778.106,75434.676,0.02,0.0
442.045,2026-06-26T03:19:51.023891,65534.582,117393.52,0.822,5778.107,75434.676,0.02,0.0
442.096,2026-06-26T03:19:51.074871,65062.781,117393.52,0.805,5778.108,75434.676,0.02,0.0
442.147,2026-06-26T03:19:51.125862,64748.781,116593.52,0.793,5778.109,75434.676,0.02,0.0
442.198,2026-06-26T03:19:51.176854,64748.781,116593.52,0.831,5778.11,75434.676,0.02,0.0
442.249,2026-06-26T03:19:51.227838,64748.781,116593.52,0.812,5778.111,75434.676,0.02,0.0
442.3,2026-06-26T03:19:51.278809,64748.781,116593.52,0.844,5778.112,75434.676,0.02,0.0
442.351,2026-06-26T03:19:51.329815,64750.613,116643.52,0.775,5778.113,75484.676,0.02,981.385
442.402,2026-06-26T03:19:51.380775,64796.281,116643.52,0.772,5778.114,75484.676,0.02,0.0
442.453,2026-06-26T03:19:51.431805,64748.781,116593.52,0.77,5778.115,75484.676,0.02,0.0
442.504,2026-06-26T03:19:51.482790,64780.5,116643.52,0.815,5778.116,75534.676,0.02,980.514
442.555,2026-06-26T03:19:51.533789,64748.781,116593.52,0.8,5778.117,75534.676,0.02,0.0
442.606,2026-06-26T03:19:51.584776,64761.293,117393.52,0.79,5778.118,75584.676,0.02,980.816
442.657,2026-06-26T03:19:51.635760,64798.32,117393.52,0.737,5778.119,75584.676,0.02,0.0
442.708,2026-06-26T03:19:51.686756,64835.48,117393.52,0.792,5778.12,75584.676,0.02,0.0
442.759,2026-06-26T03:19:51.737752,64880.656,117393.52,0.784,5778.121,75584.676,0.02,0.0
442.81,2026-06-26T03:19:51.788733,64928.926,117393.52,0.824,5778.122,75584.676,0.02,0.0
442.861,2026-06-26T03:19:51.839742,64977.516,117393.52,0.853,5778.124,75584.676,0.02,0.0
442.912,2026-06-26T03:19:51.890720,65026.105,117393.52,0.781,5778.125,75584.676,0.02,0.0
442.963,2026-06-26T03:19:51.941734,65075.539,117393.52,0.776,5778.126,75584.676,0.02,0.0
443.014,2026-06-26T03:19:51.992728,65124.289,117393.52,0.819,5778.127,75584.676,0.02,0.0
443.065,2026-06-26T03:19:52.043727,65173.73,117393.52,0.803,5778.128,75584.676,0.02,0.0
443.116,2026-06-26T03:19:52.094708,65221.781,117393.52,0.746,5778.129,75584.676,0.02,0.0
443.167,2026-06-26T03:19:52.145706,65269.188,117393.52,0.798,5778.13,75584.676,0.02,0.0
443.218,2026-06-26T03:19:52.196693,65318.039,117393.52,0.788,5778.131,75584.676,0.02,0.0
443.269,2026-06-26T03:19:52.247697,65365.957,117393.52,0.782,5778.132,75584.676,0.02,0.0
443.32,2026-06-26T03:19:52.298664,65414.801,117393.52,0.777,5778.133,75584.676,0.02,0.0
443.371,2026-06-26T03:19:52.349687,65464.406,117393.52,0.82,5778.134,75584.676,0.02,0.0
443.422,2026-06-26T03:19:52.400667,65507.848,117393.52,0.849,5778.135,75584.676,0.02,0.0
443.473,2026-06-26T03:19:52.451676,65498.781,117343.52,0.825,5778.136,75584.676,0.02,0.0
443.524,2026-06-26T03:19:52.502651,65542.441,117393.52,0.807,5778.137,75584.676,0.02,0.0
443.575,2026-06-26T03:19:52.553652,64986.781,117393.52,0.795,5778.138,75584.676,0.02,0.0
443.626,2026-06-26T03:19:52.604643,64748.781,116593.52,0.786,5778.139,75584.676,0.02,0.0
443.677,2026-06-26T03:19:52.655648,64748.781,116593.52,0.78,5778.14,75584.676,0.02,0.0
443.728,2026-06-26T03:19:52.706635,64748.781,116593.52,0.776,5778.141,75584.676,0.02,0.0
443.779,2026-06-26T03:19:52.757649,64748.781,116593.52,0.773,5778.142,75584.676,0.02,0.0
443.83,2026-06-26T03:19:52.808620,64748.781,116593.52,0.541,5778.143,75584.676,0.02,0.0
443.881,2026-06-26T03:19:52.859642,64748.781,116593.52,0.425,5778.144,75584.676,0.02,0.0
443.932,2026-06-26T03:19:52.910623,64752.781,116643.52,0.527,5778.145,75634.676,0.02,980.344
443.983,2026-06-26T03:19:52.961637,64798.457,116643.52,0.599,5778.146,75634.676,0.02,0.0
444.034,2026-06-26T03:19:53.012636,64748.781,116593.52,0.649,5778.147,75634.676,0.02,0.0
444.085,2026-06-26T03:19:53.063643,64781.047,117393.52,0.73,5778.148,75684.676,0.02,980.175
444.136,2026-06-26T03:19:53.114638,64830.637,117393.52,0.741,5778.149,75684.676,0.02,0.0
444.187,2026-06-26T03:19:53.165649,64871.77,117393.52,0.748,5778.15,75684.676,0.02,0.0
444.238,2026-06-26T03:19:53.216640,64909.531,117393.52,0.708,5778.151,75684.676,0.02,0.0
444.289,2026-06-26T03:19:53.267655,64947.473,117393.52,0.771,5778.153,75684.676,0.02,0.0
444.34,2026-06-26T03:19:53.318640,64988.605,117393.52,0.815,5778.154,75684.676,0.02,0.0
444.391,2026-06-26T03:19:53.369662,65037.598,117393.52,0.801,5778.155,75684.676,0.02,0.0
444.442,2026-06-26T03:19:53.420644,65087.359,117393.52,0.79,5778.156,75684.676,0.02,0.0
444.493,2026-06-26T03:19:53.471646,65136.145,117393.52,0.783,5778.157,75684.676,0.02,0.0
444.544,2026-06-26T03:19:53.522642,65184.902,117393.52,0.778,5778.158,75684.676,0.02,0.0
444.595,2026-06-26T03:19:53.573653,65233.934,117393.52,0.774,5778.159,75684.676,0.02,0.0
444.646,2026-06-26T03:19:53.624634,65281.594,117393.52,0.772,5778.16,75684.676,0.02,0.0
444.697,2026-06-26T03:19:53.675639,65328.469,117393.52,0.816,5778.161,75684.676,0.02,0.0
444.748,2026-06-26T03:19:53.726611,65375.363,117393.52,0.801,5778.162,75684.676,0.02,0.0
444.799,2026-06-26T03:19:53.777629,65421.414,117393.52,0.745,5778.163,75684.676,0.02,0.0
444.85,2026-06-26T03:19:53.828618,65470.109,117393.52,0.797,5778.164,75684.676,0.02,0.0
444.901,2026-06-26T03:19:53.879617,65518.32,117393.52,0.834,5778.165,75684.676,0.02,0.0
444.952,2026-06-26T03:19:53.930601,65503.176,117393.52,0.814,5778.166,75684.676,0.02,0.0
445.003,2026-06-26T03:19:53.981589,65508.781,117393.52,0.799,5778.167,75684.676,0.02,0.0
445.054,2026-06-26T03:19:54.032618,64854.781,117393.52,0.789,5778.168,75684.676,0.02,0.0
445.105,2026-06-26T03:19:54.083610,64748.781,116593.52,0.782,5778.169,75684.676,0.02,0.0
445.156,2026-06-26T03:19:54.134582,64748.781,116593.52,0.777,5778.17,75684.676,0.02,0.0
445.207,2026-06-26T03:19:54.185595,64748.781,116593.52,0.774,5778.171,75684.676,0.02,0.0
445.258,2026-06-26T03:19:54.236564,64748.781,116593.52,0.771,5778.172,75684.676,0.02,0.0
445.309,2026-06-26T03:19:54.287589,64763.551,116643.52,0.816,5778.173,75734.676,0.02,980.628
445.36,2026-06-26T03:19:54.338573,64748.781,116593.52,0.755,5778.174,75734.676,0.02,0.0
445.411,2026-06-26T03:19:54.389569,64748.781,117393.52,0.804,5778.175,75784.676,0.02,980.271
445.462,2026-06-26T03:19:54.440559,64796.609,117393.52,0.793,5778.176,75784.676,0.02,0.0
445.513,2026-06-26T03:19:54.491552,64844.969,117393.52,0.785,5778.177,75784.676,0.02,0.0
445.564,2026-06-26T03:19:54.542556,64882.371,117393.52,0.779,5778.178,75784.676,0.02,0.0
445.615,2026-06-26T03:19:54.593556,64919.488,117393.52,0.775,5778.179,75784.676,0.02,0.0
445.666,2026-06-26T03:19:54.644507,64956.047,117393.52,0.773,5778.18,75784.676,0.02,0.0
445.717,2026-06-26T03:19:54.695524,65000.344,117393.52,0.771,5778.182,75784.676,0.02,0.0
445.768,2026-06-26T03:19:54.746508,65048.918,117393.52,0.815,5778.183,75784.676,0.02,0.0
445.819,2026-06-26T03:19:54.797522,65098.039,117393.52,0.8,5778.184,75784.676,0.02,0.0
445.87,2026-06-26T03:19:54.848509,65146.879,117393.52,0.836,5778.185,75784.676,0.02,0.0
445.921,2026-06-26T03:19:54.899502,65196.445,117393.52,0.769,5778.186,75784.676,0.02,0.0
445.972,2026-06-26T03:19:54.950497,65245.031,117393.52,0.814,5778.187,75784.676,0.02,0.0
446.023,2026-06-26T03:19:55.001521,65293.109,117393.52,0.754,5778.188,75784.676,0.02,0.0
446.074,2026-06-26T03:19:55.052500,65341.914,117393.52,0.849,5778.189,75784.676,0.02,0.0
446.125,2026-06-26T03:19:55.103498,65390.406,117393.52,0.824,5778.19,75784.676,0.02,0.0
446.176,2026-06-26T03:19:55.154470,65439.191,117393.52,0.807,5778.191,75784.676,0.02,0.0
446.227,2026-06-26T03:19:55.205495,65487.043,117393.52,0.84,5778.192,75784.676,0.02,0.0
446.278,2026-06-26T03:19:55.256465,65529.766,117393.52,0.772,5778.193,75784.676,0.02,0.0
446.329,2026-06-26T03:19:55.307456,65514.867,117393.52,0.77,5778.194,75784.676,0.02,0.0
446.38,2026-06-26T03:19:55.358448,65374.781,117393.52,0.815,5778.195,75784.676,0.02,0.0
446.431,2026-06-26T03:19:55.409440,64748.781,116593.52,0.8,5778.196,75784.676,0.02,0.0
446.482,2026-06-26T03:19:55.460444,64748.781,116593.52,0.79,5778.197,75784.676,0.02,0.0
446.533,2026-06-26T03:19:55.511443,64748.781,116593.52,0.783,5778.198,75784.676,0.02,0.0
446.584,2026-06-26T03:19:55.562432,64748.781,116593.52,0.778,5778.199,75784.676,0.02,0.0
446.635,2026-06-26T03:19:55.613447,64748.781,116593.52,0.82,5778.2,75784.676,0.02,0.0
446.686,2026-06-26T03:19:55.664410,64770.996,117393.52,0.804,5778.201,75834.676,0.02,980.615
446.807,2026-06-26T03:19:55.786087,64876.613,117393.52,0.93,5778.551,75834.676,2.882,0.0
446.858,2026-06-26T03:19:55.836533,64925.852,117393.52,0.882,5778.552,75834.676,0.02,0.0
446.908,2026-06-26T03:19:55.887198,64970.992,117393.52,0.849,5778.553,75834.676,0.02,0.0
446.959,2026-06-26T03:19:55.937817,65003.656,117393.52,0.872,5778.554,75834.676,0.02,0.0
447.01,2026-06-26T03:19:55.988613,65037.938,117393.52,0.795,5778.555,75834.676,0.02,0.0
447.061,2026-06-26T03:19:56.039522,65073.781,117393.52,0.786,5778.556,75834.676,0.02,0.0
447.112,2026-06-26T03:19:56.090486,65109.094,117393.52,0.78,5778.557,75834.676,0.02,0.0
447.163,2026-06-26T03:19:56.141481,65153.469,117393.52,0.776,5778.558,75834.676,0.02,0.0
447.214,2026-06-26T03:19:56.192458,65198.781,117393.52,0.819,5778.559,75834.676,0.02,0.0
447.265,2026-06-26T03:19:56.243446,65244.633,117393.52,0.803,5778.56,75834.676,0.02,0.0
447.316,2026-06-26T03:19:56.294434,65293.051,117393.52,0.792,5778.561,75834.676,0.02,0.0
447.367,2026-06-26T03:19:56.345443,65341.508,117393.52,0.784,5778.562,75834.676,0.02,0.0
447.418,2026-06-26T03:19:56.396416,65387.789,117393.52,0.779,5778.563,75834.676,0.02,0.0
447.469,2026-06-26T03:19:56.447427,65434.719,117393.52,0.821,5778.564,75834.676,0.02,0.0
447.52,2026-06-26T03:19:56.498399,65481.633,117393.52,0.85,5778.565,75834.676,0.02,0.0
447.571,2026-06-26T03:19:56.549430,65530.551,117393.52,0.779,5778.566,75834.676,0.02,0.0
447.622,2026-06-26T03:19:56.600396,65515.84,117393.52,0.775,5778.567,75834.676,0.02,0.0
447.673,2026-06-26T03:19:56.651386,65316.781,117393.52,0.818,5778.568,75834.676,0.02,0.0
447.724,2026-06-26T03:19:56.702368,64748.781,116593.52,0.803,5778.569,75834.676,0.02,0.0
447.774,2026-06-26T03:19:56.753353,64748.781,116593.52,0.792,5778.57,75834.676,0.02,0.0
447.825,2026-06-26T03:19:56.804348,64748.781,116593.52,0.784,5778.571,75834.676,0.02,0.0
447.876,2026-06-26T03:19:56.855343,64748.781,116593.52,0.779,5778.572,75834.676,0.02,0.0
447.927,2026-06-26T03:19:56.906291,64748.781,116593.52,0.775,5778.573,75834.676,0.02,0.0
447.978,2026-06-26T03:19:56.957254,64775.156,117393.52,0.772,5778.574,75884.676,0.02,981.486
448.029,2026-06-26T03:19:57.008212,64822.605,117393.52,0.771,5778.575,75884.676,0.02,0.0
448.08,2026-06-26T03:19:57.059232,64871.238,117393.52,0.769,5778.576,75884.676,0.02,0.0
448.131,2026-06-26T03:19:57.110192,64919.734,117393.52,0.814,5778.578,75884.676,0.02,0.0
448.182,2026-06-26T03:19:57.161191,64969.094,117393.52,0.846,5778.579,75884.676,0.02,0.0
448.233,2026-06-26T03:19:57.212169,65016.656,117393.52,0.776,5778.58,75884.676,0.02,0.0
448.284,2026-06-26T03:19:57.263113,65064.914,117393.52,0.819,5778.581,75884.676,0.02,0.0
448.335,2026-06-26T03:19:57.314084,65113.859,117393.52,0.804,5778.582,75884.676,0.02,0.0
448.386,2026-06-26T03:19:57.364960,65162.105,117393.52,0.747,5778.583,75884.676,0.02,0.0
448.437,2026-06-26T03:19:57.415948,65209.762,117393.52,0.798,5778.584,75884.676,0.02,0.0
448.488,2026-06-26T03:19:57.466950,65256.219,117393.52,0.789,5778.585,75884.676,0.02,0.0
448.539,2026-06-26T03:19:57.517947,65305.031,117393.52,0.828,5778.586,75884.676,0.02,0.0
448.59,2026-06-26T03:19:57.568925,65353.82,117393.52,0.809,5778.587,75884.676,0.02,0.0
448.641,2026-06-26T03:19:57.619919,65403.359,117393.52,0.796,5778.588,75884.676,0.02,0.0
448.692,2026-06-26T03:19:57.670884,65451.516,117393.52,0.787,5778.589,75884.676,0.02,0.0
448.743,2026-06-26T03:19:57.721897,65500.344,117393.52,0.827,5778.59,75884.676,0.02,0.0
448.794,2026-06-26T03:19:57.772885,65540.781,117393.52,0.763,5778.591,75884.676,0.02,0.0
448.845,2026-06-26T03:19:57.823883,65504.395,117393.52,0.672,5778.592,75884.676,0.02,0.0
448.896,2026-06-26T03:19:57.874867,65520.281,117393.52,0.516,5778.593,75884.676,0.02,0.0
448.947,2026-06-26T03:19:57.925867,65312.781,117393.52,0.683,5778.594,75884.676,0.02,0.0
448.998,2026-06-26T03:19:57.976868,64748.781,116593.52,0.708,5778.595,75884.676,0.02,0.0
449.049,2026-06-26T03:19:58.027881,64748.781,116593.52,0.725,5778.596,75884.676,0.02,0.0
449.1,2026-06-26T03:19:58.078856,64748.781,116593.52,0.737,5778.597,75884.676,0.02,0.0
449.151,2026-06-26T03:19:58.129856,64748.781,116593.52,0.746,5778.598,75884.676,0.02,0.0
449.202,2026-06-26T03:19:58.180825,64748.781,116593.52,0.752,5778.599,75884.676,0.02,0.0
449.253,2026-06-26T03:19:58.231842,64769.781,116643.52,0.756,5778.6,75934.676,0.02,980.702
449.304,2026-06-26T03:19:58.282820,64748.781,116593.52,0.713,5778.601,75934.676,0.02,0.0
449.355,2026-06-26T03:19:58.333820,64750.602,116643.52,0.775,5778.602,75984.676,0.02,980.275
449.406,2026-06-26T03:19:58.384810,64793.281,116643.52,0.772,5778.603,75984.676,0.02,0.0
449.457,2026-06-26T03:19:58.435807,64748.781,116593.52,0.77,5778.604,75984.676,0.02,0.0
449.508,2026-06-26T03:19:58.486801,64771.891,116643.52,0.769,5778.605,76034.676,0.02,980.207
449.559,2026-06-26T03:19:58.537807,64748.781,116593.52,0.86,5778.607,76034.676,0.02,0.0
449.61,2026-06-26T03:19:58.588784,64754.484,117393.52,0.786,5778.608,76084.676,0.02,979.964
449.661,2026-06-26T03:19:58.639786,64803.426,117393.52,0.826,5778.609,76084.676,0.02,0.0
449.712,2026-06-26T03:19:58.690837,64852.16,117393.52,0.761,5778.61,76084.676,0.02,0.0
449.763,2026-06-26T03:19:58.741903,64900.59,117393.52,0.809,5778.611,76084.676,0.02,0.0
449.814,2026-06-26T03:19:58.792936,64949.816,117393.52,0.796,5778.612,76084.676,0.02,0.0
449.865,2026-06-26T03:19:58.843985,64993.434,117393.52,0.786,5778.613,76084.676,0.02,0.0
449.916,2026-06-26T03:19:58.895022,65032.668,117393.52,0.78,5778.614,76084.676,0.02,0.0
449.967,2026-06-26T03:19:58.946078,65071.266,117393.52,0.776,5778.615,76084.676,0.02,0.0
450.018,2026-06-26T03:19:58.997112,65109.719,117393.52,0.773,5778.616,76084.676,0.02,0.0
450.069,2026-06-26T03:19:59.048206,65147.27,117393.52,0.816,5778.617,76084.676,0.02,0.0
450.12,2026-06-26T03:19:59.099216,65184.594,117393.52,0.847,5778.618,76084.676,0.02,0.0
450.171,2026-06-26T03:19:59.150209,65222.32,117393.52,0.823,5778.619,76084.676,0.02,0.0
450.222,2026-06-26T03:19:59.201200,65267.531,117393.52,0.806,5778.62,76084.676,0.02,0.0
450.273,2026-06-26T03:19:59.252173,65315.492,117393.52,0.748,5778.621,76084.676,0.02,0.0
450.324,2026-06-26T03:19:59.303134,65363.613,117393.52,0.753,5778.622,76084.676,0.02,0.0
450.375,2026-06-26T03:19:59.354124,65413.84,117393.52,0.803,5778.623,76084.676,0.02,0.0
450.426,2026-06-26T03:19:59.405119,65462.691,117393.52,0.792,5778.624,76084.676,0.02,0.0
450.477,2026-06-26T03:19:59.456108,65511.629,117393.52,0.784,5778.625,76084.676,0.02,0.0
450.528,2026-06-26T03:19:59.507081,65498.781,117343.52,0.779,5778.626,76084.676,0.02,0.0
450.579,2026-06-26T03:19:59.558078,65545.281,117393.52,0.775,5778.627,76084.676,0.02,0.0
450.63,2026-06-26T03:19:59.609050,64952.781,117393.52,0.772,5778.628,76084.676,0.02,0.0
450.681,2026-06-26T03:19:59.660061,64748.781,116593.52,0.77,5778.629,76084.676,0.02,0.0
450.732,2026-06-26T03:19:59.711034,64748.781,116593.52,0.769,5778.63,76084.676,0.02,0.0
450.783,2026-06-26T03:19:59.762020,64748.781,116593.52,0.814,5778.631,76084.676,0.02,0.0
450.834,2026-06-26T03:19:59.813002,64748.781,116593.52,0.8,5778.632,76084.676,0.02,0.0
450.885,2026-06-26T03:19:59.864003,64752.16,117393.52,0.836,5778.633,76134.676,0.02,980.647
450.936,2026-06-26T03:19:59.914988,64800.754,117393.52,0.815,5778.634,76134.676,0.02,0.0
450.987,2026-06-26T03:19:59.965985,64850.344,117393.52,0.754,5778.636,76134.676,0.02,0.0
451.038,2026-06-26T03:20:00.016963,64899.797,117393.52,0.804,5778.637,76134.676,0.02,0.0
451.089,2026-06-26T03:20:00.067975,64949.035,117393.52,0.792,5778.638,76134.676,0.02,0.0
451.14,2026-06-26T03:20:00.118946,64996.848,117393.52,0.785,5778.639,76134.676,0.02,0.0
451.191,2026-06-26T03:20:00.169944,65045.273,117393.52,0.779,5778.64,76134.676,0.02,0.0
451.242,2026-06-26T03:20:00.220921,65094.348,117393.52,0.821,5778.641,76134.676,0.02,0.0
451.293,2026-06-26T03:20:00.271904,65132.543,117393.52,0.805,5778.642,76134.676,0.02,0.0
451.344,2026-06-26T03:20:00.322904,65169.344,117393.52,0.839,5778.643,76134.676,0.02,0.0
451.395,2026-06-26T03:20:00.373908,65206.355,117393.52,0.817,5778.644,76134.676,0.02,0.0
451.446,2026-06-26T03:20:00.424888,65248.605,117393.52,0.802,5778.645,76134.676,0.02,0.0
451.497,2026-06-26T03:20:00.475888,65297.875,117393.52,0.791,5778.646,76134.676,0.02,0.0
451.548,2026-06-26T03:20:00.526855,65345.91,117393.52,0.783,5778.647,76134.676,0.02,0.0
451.599,2026-06-26T03:20:00.577878,65393.293,117393.52,0.778,5778.648,76134.676,0.02,0.0
451.65,2026-06-26T03:20:00.628851,65441.062,117393.52,0.775,5778.649,76134.676,0.02,0.0
451.701,2026-06-26T03:20:00.679853,65490.746,117393.52,0.772,5778.65,76134.676,0.02,0.0
451.822,2026-06-26T03:20:00.800922,65542.809,117393.52,0.909,5778.999,76134.676,2.897,0.0
451.873,2026-06-26T03:20:00.851372,64976.781,117393.52,0.868,5779.0,76134.676,0.02,0.0
451.923,2026-06-26T03:20:00.901997,64748.781,116593.52,0.839,5779.001,76134.676,0.02,0.0
451.974,2026-06-26T03:20:00.952761,64748.781,116593.52,0.818,5779.002,76134.676,0.02,0.0
452.025,2026-06-26T03:20:01.003585,64748.781,116593.52,0.85,5779.004,76134.676,0.02,0.0
452.076,2026-06-26T03:20:01.054423,64748.781,116593.52,0.825,5779.005,76134.676,0.02,0.0
452.127,2026-06-26T03:20:01.105384,64750.105,116643.52,0.853,5779.006,76184.676,0.02,980.628
452.178,2026-06-26T03:20:01.156379,64794.527,116643.52,0.781,5779.007,76184.676,0.02,0.0
452.229,2026-06-26T03:20:01.207361,64748.781,116593.52,0.639,5779.008,76184.676,0.02,0.0
452.28,2026-06-26T03:20:01.258363,64748.781,116593.52,0.677,5779.009,76234.676,0.02,980.124
452.33,2026-06-26T03:20:01.309335,64790.422,117393.52,0.75,5779.01,76234.676,0.02,0.0
452.381,2026-06-26T03:20:01.360284,64839.738,117393.52,0.755,5779.011,76234.676,0.02,0.0
452.432,2026-06-26T03:20:01.411250,64889.406,117393.52,0.804,5779.012,76234.676,0.02,0.0
452.483,2026-06-26T03:20:01.462216,64939.406,117393.52,0.793,5779.013,76234.676,0.02,0.0
452.534,2026-06-26T03:20:01.513222,64989.406,117393.52,0.785,5779.014,76234.676,0.02,0.0
452.585,2026-06-26T03:20:01.564192,65039.406,117393.52,0.779,5779.015,76234.676,0.02,0.0
452.636,2026-06-26T03:20:01.615191,65088.855,117393.52,0.729,5779.016,76234.676,0.02,0.0
452.687,2026-06-26T03:20:01.666170,65137.859,117393.52,0.786,5779.017,76234.676,0.02,0.0
452.738,2026-06-26T03:20:01.717125,65187.086,117393.52,0.78,5779.018,76234.676,0.02,0.0
452.789,2026-06-26T03:20:01.768123,65234.426,117393.52,0.776,5779.019,76234.676,0.02,0.0
452.84,2026-06-26T03:20:01.819103,65272.562,117393.52,0.819,5779.02,76234.676,0.02,0.0
452.891,2026-06-26T03:20:01.870087,65310.734,117393.52,0.757,5779.021,76234.676,0.02,0.0
452.942,2026-06-26T03:20:01.921086,65349.559,117393.52,0.76,5779.022,76234.676,0.02,0.0
452.993,2026-06-26T03:20:01.972078,65398.223,117393.52,0.808,5779.023,76234.676,0.02,0.0
453.044,2026-06-26T03:20:02.023059,65448.809,117393.52,0.841,5779.024,76234.676,0.02,0.0
453.095,2026-06-26T03:20:02.074066,65499.543,117393.52,0.773,5779.025,76234.676,0.02,0.0
453.146,2026-06-26T03:20:02.125030,65526.781,117393.52,0.816,5779.026,76234.676,0.02,0.0
453.197,2026-06-26T03:20:02.175994,65536.781,117393.52,0.803,5779.027,76234.676,0.02,0.0
453.248,2026-06-26T03:20:02.226572,65060.781,117393.52,0.747,5779.028,76234.676,0.02,0.0
453.298,2026-06-26T03:20:02.277217,64748.781,116593.52,0.799,5779.029,76234.676,0.02,0.0
453.349,2026-06-26T03:20:02.328224,64748.781,116593.52,0.789,5779.03,76234.676,0.02,0.0
453.4,2026-06-26T03:20:02.379212,64748.781,116593.52,0.782,5779.031,76234.676,0.02,0.0
453.451,2026-06-26T03:20:02.430237,64748.781,116593.52,0.777,5779.033,76234.676,0.02,0.0
453.502,2026-06-26T03:20:02.481249,64756.652,117393.52,0.774,5779.034,76284.676,0.02,980.486
453.553,2026-06-26T03:20:02.532236,64807.609,117393.52,0.817,5779.035,76284.676,0.02,0.0
453.604,2026-06-26T03:20:02.583248,64859.008,117393.52,0.802,5779.036,76284.676,0.02,0.0
453.655,2026-06-26T03:20:02.634267,64910.262,117393.52,0.837,5779.037,76284.676,0.02,0.0
453.706,2026-06-26T03:20:02.685284,64961.523,117393.52,0.816,5779.038,76284.676,0.02,0.0
453.757,2026-06-26T03:20:02.736291,65012.844,117393.52,0.801,5779.039,76284.676,0.02,0.0
453.808,2026-06-26T03:20:02.787293,65064.133,117393.52,0.79,5779.04,76284.676,0.02,0.0
453.87,2026-06-26T03:20:02.848956,65126.16,117393.52,0.819,5779.041,76284.676,0.017,0.0
453.921,2026-06-26T03:20:02.900029,65177.832,117393.52,0.803,5779.042,76284.676,0.02,0.0
453.972,2026-06-26T03:20:02.951076,65227.668,117393.52,0.838,5779.043,76284.676,0.02,0.0
454.023,2026-06-26T03:20:03.002127,65265.113,117393.52,0.77,5779.044,76284.676,0.02,0.0
454.074,2026-06-26T03:20:03.053209,65302.559,117393.52,0.815,5779.045,76284.676,0.02,0.0
454.125,2026-06-26T03:20:03.104201,65340.875,117393.52,0.754,5779.046,76284.676,0.02,0.0
454.176,2026-06-26T03:20:03.155213,65386.355,117393.52,0.758,5779.047,76284.676,0.02,0.0
454.227,2026-06-26T03:20:03.206173,65437.043,117393.52,0.806,5779.048,76284.676,0.02,0.0
454.278,2026-06-26T03:20:03.257131,65487.863,117393.52,0.84,5779.049,76284.676,0.02,0.0
454.329,2026-06-26T03:20:03.308130,65538.605,117393.52,0.818,5779.05,76284.676,0.02,0.0
454.38,2026-06-26T03:20:03.359111,65525.418,117393.52,0.802,5779.051,76284.676,0.02,0.0
454.431,2026-06-26T03:20:03.410111,65158.781,117393.52,0.792,5779.052,76284.676,0.02,0.0
454.482,2026-06-26T03:20:03.461081,64748.781,116593.52,0.784,5779.053,76284.676,0.02,0.0
454.533,2026-06-26T03:20:03.512103,64748.781,116593.52,0.779,5779.054,76284.676,0.02,0.0
454.584,2026-06-26T03:20:03.563086,64748.781,116593.52,0.775,5779.055,76284.676,0.02,0.0
454.635,2026-06-26T03:20:03.614076,64748.781,116593.52,0.772,5779.056,76284.676,0.02,0.0
454.686,2026-06-26T03:20:03.665057,64754.117,116643.52,0.817,5779.057,76334.676,0.02,981.142
454.737,2026-06-26T03:20:03.716039,64748.781,116593.52,0.801,5779.058,76334.676,0.02,0.0
454.788,2026-06-26T03:20:03.767038,64748.781,116593.52,0.791,5779.059,76384.676,0.02,980.344
454.839,2026-06-26T03:20:03.818038,64786.777,116643.52,0.783,5779.06,76384.676,0.02,0.0
454.89,2026-06-26T03:20:03.869014,64748.781,116593.52,0.824,5779.061,76384.676,0.02,0.0
454.941,2026-06-26T03:20:03.920016,64772.793,117393.52,0.807,5779.063,76434.676,0.02,981.252
454.992,2026-06-26T03:20:03.970989,64822.816,117393.52,0.794,5779.064,76434.676,0.02,0.0
455.043,2026-06-26T03:20:04.022015,64872.488,117393.52,0.786,5779.065,76434.676,0.02,0.0
455.094,2026-06-26T03:20:04.072990,64921.672,117393.52,0.826,5779.066,76434.676,0.02,0.0
455.145,2026-06-26T03:20:04.123979,64971.531,117393.52,0.808,5779.067,76434.676,0.02,0.0
455.196,2026-06-26T03:20:04.174963,65022.727,117393.52,0.795,5779.068,76434.676,0.02,0.0
455.247,2026-06-26T03:20:04.225949,65073.781,117393.52,0.741,5779.069,76434.676,0.02,0.0
455.298,2026-06-26T03:20:04.276971,65124.797,117393.52,0.84,5779.07,76434.676,0.02,0.0
455.349,2026-06-26T03:20:04.328042,65175.73,117393.52,0.817,5779.071,76434.676,0.02,0.0
455.4,2026-06-26T03:20:04.379065,65226.5,117393.52,0.802,5779.072,76434.676,0.02,0.0
455.451,2026-06-26T03:20:04.430165,65276.996,117393.52,0.791,5779.073,76434.676,0.02,0.0
455.502,2026-06-26T03:20:04.481225,65327.801,117393.52,0.783,5779.074,76434.676,0.02,0.0
455.553,2026-06-26T03:20:04.532233,65373.379,117393.52,0.778,5779.075,76434.676,0.02,0.0
455.604,2026-06-26T03:20:04.583245,65412.297,117393.52,0.774,5779.076,76434.676,0.02,0.0
455.655,2026-06-26T03:20:04.634248,65451.211,117393.52,0.817,5779.077,76434.676,0.02,0.0
455.706,2026-06-26T03:20:04.685285,65491.797,117393.52,0.756,5779.078,76434.676,0.02,0.0
455.757,2026-06-26T03:20:04.736321,65542.727,117393.52,0.805,5779.079,76434.676,0.02,0.0
455.808,2026-06-26T03:20:04.787355,65529.781,117393.52,0.747,5779.08,76434.676,0.02,0.0
455.86,2026-06-26T03:20:04.838395,65110.781,117393.52,0.845,5779.081,76434.676,0.02,0.0
455.911,2026-06-26T03:20:04.889445,64748.781,116593.52,0.821,5779.082,76434.676,0.02,0.0
455.962,2026-06-26T03:20:04.940499,64748.781,116593.52,0.804,5779.083,76434.676,0.02,0.0
456.013,2026-06-26T03:20:04.991583,64748.781,116593.52,0.792,5779.084,76434.676,0.02,0.0
456.064,2026-06-26T03:20:05.042623,64748.781,116593.52,0.784,5779.085,76434.676,0.02,0.0
456.115,2026-06-26T03:20:05.093683,64754.281,116643.52,0.779,5779.086,76484.676,0.02,981.11
456.166,2026-06-26T03:20:05.144662,64748.781,116593.52,0.775,5779.087,76484.676,0.02,0.0
456.217,2026-06-26T03:20:05.195675,64748.781,116593.52,0.772,5779.088,76534.676,0.02,980.559
456.268,2026-06-26T03:20:05.246648,63736.781,116593.52,0.816,5779.089,76534.676,0.02,0.0
456.319,2026-06-26T03:20:05.297639,63148.781,114993.52,0.801,5779.09,76534.676,0.02,0.0
456.37,2026-06-26T03:20:05.348628,63148.781,114993.52,0.791,5779.092,76534.676,0.02,0.0
456.421,2026-06-26T03:20:05.399635,63148.781,114993.52,0.783,5779.093,76534.676,0.02,0.0
456.472,2026-06-26T03:20:05.450626,63148.781,114993.52,0.778,5779.094,76534.676,0.02,0.0
456.523,2026-06-26T03:20:05.501634,63148.781,114993.52,0.774,5779.095,76534.676,0.02,0.0
456.574,2026-06-26T03:20:05.552608,63148.781,114993.52,0.772,5779.096,76534.676,0.02,0.0
456.625,2026-06-26T03:20:05.603620,63220.77,123185.52,0.816,5779.097,76534.676,0.02,0.0
456.676,2026-06-26T03:20:05.654593,63927.57,123185.52,1.077,5779.098,76534.676,0.02,0.0
456.727,2026-06-26T03:20:05.705602,64600.234,123985.52,1.213,5779.099,76584.676,0.02,980.647
456.848,2026-06-26T03:20:05.826623,66286.73,123985.52,1.451,5779.449,76584.676,2.909,0.0
456.898,2026-06-26T03:20:05.877064,66999.355,123985.52,1.479,5779.451,76584.676,0.02,0.0
456.949,2026-06-26T03:20:05.927714,67713.844,123985.52,1.545,5779.452,76584.676,0.021,0.0
456.999,2026-06-26T03:20:05.978344,68428.031,123985.52,1.497,5779.453,76584.676,0.02,0.0
457.05,2026-06-26T03:20:06.029253,69143.066,123985.52,1.554,5779.454,76584.676,0.02,0.0
457.101,2026-06-26T03:20:06.080198,69859.91,123985.52,1.548,5779.455,76584.676,0.02,0.0
457.152,2026-06-26T03:20:06.131207,70576.594,123985.52,1.589,5779.456,76584.676,0.02,0.0
457.203,2026-06-26T03:20:06.182183,71293.41,123985.52,1.572,5779.457,76584.676,0.02,0.0
457.254,2026-06-26T03:20:06.233120,71858.824,128085.52,1.56,5779.458,76584.676,0.02,0.0
457.305,2026-06-26T03:20:06.284160,71928.242,128085.52,1.597,5779.459,76584.676,0.02,0.0
457.356,2026-06-26T03:20:06.335118,72017.453,128085.52,1.578,5779.46,76584.676,0.02,0.0
457.407,2026-06-26T03:20:06.386116,72106.902,128085.52,1.564,5779.461,76584.676,0.02,0.0
457.458,2026-06-26T03:20:06.437103,72196.648,128085.52,1.601,5779.462,76584.676,0.02,0.0
457.509,2026-06-26T03:20:06.488096,72286.137,128085.52,1.58,5779.463,76584.676,0.02,0.0
457.56,2026-06-26T03:20:06.539097,72312.082,128085.52,1.565,5779.464,76584.676,0.02,0.0
457.611,2026-06-26T03:20:06.590101,72346.059,128085.52,1.556,5779.465,76584.676,0.02,0.0
457.662,2026-06-26T03:20:06.641071,71715.551,128085.52,1.548,5779.466,76584.676,0.02,0.0
457.713,2026-06-26T03:20:06.692161,71677.191,127285.52,1.589,5779.467,76584.676,0.02,0.0
457.764,2026-06-26T03:20:06.743228,71716.906,127285.52,1.571,5779.468,76584.676,0.02,0.0
457.815,2026-06-26T03:20:06.794247,71756.613,127285.52,1.513,5779.469,76584.676,0.02,0.0
457.866,2026-06-26T03:20:06.845263,71796.309,127285.52,1.565,5779.47,76584.676,0.02,0.0
457.917,2026-06-26T03:20:06.896277,71857.074,127335.52,1.646,5779.471,76634.676,0.02,979.424
457.969,2026-06-26T03:20:06.947360,71875.906,127285.52,1.658,5779.472,76634.676,0.02,0.0
458.02,2026-06-26T03:20:06.998406,71920.973,128085.52,1.573,5779.473,76684.676,0.02,979.451
458.071,2026-06-26T03:20:07.049489,72010.398,128085.52,1.606,5779.474,76684.676,0.02,0.0
458.122,2026-06-26T03:20:07.100521,72100.039,128085.52,1.584,5779.475,76684.676,0.02,0.0
458.173,2026-06-26T03:20:07.151523,72189.453,128085.52,1.568,5779.476,76684.676,0.02,0.0
458.224,2026-06-26T03:20:07.202530,72277.871,128085.52,1.603,5779.478,76684.676,0.02,0.0
458.275,2026-06-26T03:20:07.253526,72367.5,128085.52,1.582,5779.479,76684.676,0.02,0.0
458.326,2026-06-26T03:20:07.304477,72456.734,128085.52,1.523,5779.48,76684.676,0.02,0.0
458.376,2026-06-26T03:20:07.355117,72545.668,128085.52,1.573,5779.481,76684.676,0.02,0.0
458.427,2026-06-26T03:20:07.406126,72634.984,128085.52,1.56,5779.482,76684.676,0.02,0.0
458.478,2026-06-26T03:20:07.457215,72724.504,128085.52,1.597,5779.483,76684.676,0.02,0.0
458.529,2026-06-26T03:20:07.508219,72814.75,128085.52,1.577,5779.484,76684.676,0.02,0.0
458.58,2026-06-26T03:20:07.559233,72905.266,128085.52,1.518,5779.485,76684.676,0.02,0.0
458.631,2026-06-26T03:20:07.610246,72995.234,128085.52,1.568,5779.486,76684.676,0.02,0.0
458.682,2026-06-26T03:20:07.661264,73084.434,128085.52,1.557,5779.487,76684.676,0.02,0.0
458.733,2026-06-26T03:20:07.712290,73173.977,128085.52,1.549,5779.488,76684.676,0.02,0.0
458.784,2026-06-26T03:20:07.763346,73263.391,128085.52,1.59,5779.489,76684.676,0.02,0.0
458.836,2026-06-26T03:20:07.814379,73297.906,128035.52,1.526,5779.49,76684.676,0.02,0.0
458.887,2026-06-26T03:20:07.865455,73378.766,128085.52,1.573,5779.491,76684.676,0.02,0.0
458.938,2026-06-26T03:20:07.916492,72884.406,128085.52,1.606,5779.492,76684.676,0.02,0.0
458.989,2026-06-26T03:20:07.967578,72665.82,127285.52,1.629,5779.493,76684.676,0.02,0.0
459.04,2026-06-26T03:20:08.018643,72704.996,127285.52,1.599,5779.494,76684.676,0.02,0.0
459.091,2026-06-26T03:20:08.069696,72744.41,127285.52,1.532,5779.495,76684.676,0.02,0.0
459.142,2026-06-26T03:20:08.120741,72783.891,127285.52,1.578,5779.496,76684.676,0.02,0.0
459.193,2026-06-26T03:20:08.171754,72838.672,127335.52,1.61,5779.497,76734.676,0.02,980.578
459.244,2026-06-26T03:20:08.222738,72862.406,127285.52,1.632,5779.498,76734.676,0.02,0.0
459.295,2026-06-26T03:20:08.273754,72905.906,127335.52,1.603,5779.499,76784.676,0.02,981.211
459.346,2026-06-26T03:20:08.324721,72945.031,127335.52,1.535,5779.5,76784.676,0.02,0.0
459.397,2026-06-26T03:20:08.375747,72980.406,127285.52,1.58,5779.501,76834.676,0.02,980.683
459.448,2026-06-26T03:20:08.426735,73061.012,127335.52,1.566,5779.502,76834.676,0.02,0.0
459.499,2026-06-26T03:20:08.477744,73058.973,127285.52,1.556,5779.503,76834.676,0.02,0.0
459.55,2026-06-26T03:20:08.528730,73126.207,128085.52,1.549,5779.505,76884.676,0.02,980.647
459.601,2026-06-26T03:20:08.579737,73214.91,128085.52,1.589,5779.506,76884.676,0.02,0.0
459.652,2026-06-26T03:20:08.630739,73303.93,128085.52,1.572,5779.507,76884.676,0.02,0.0
459.703,2026-06-26T03:20:08.681735,73391.898,128085.52,1.56,5779.508,76884.676,0.02,0.0
459.754,2026-06-26T03:20:08.732717,73479.953,128085.52,1.598,5779.509,76884.676,0.02,0.0
459.805,2026-06-26T03:20:08.783730,73567.766,128085.52,1.624,5779.51,76884.676,0.02,0.0
459.856,2026-06-26T03:20:08.834709,73656.031,128085.52,1.596,5779.511,76884.676,0.02,0.0
459.907,2026-06-26T03:20:08.885736,73745.043,128085.52,1.577,5779.512,76884.676,0.02,0.0
459.958,2026-06-26T03:20:08.936718,73833.973,128085.52,1.563,5779.513,76884.676,0.02,0.0
460.009,2026-06-26T03:20:08.987720,73923.527,128085.52,1.554,5779.514,76884.676,0.02,0.0
460.06,2026-06-26T03:20:09.038715,74013.039,128085.52,1.593,5779.515,76884.676,0.02,0.0
460.111,2026-06-26T03:20:09.089699,74102.379,128085.52,1.575,5779.516,76884.676,0.02,0.0
460.162,2026-06-26T03:20:09.140688,74191.855,128085.52,1.562,5779.517,76884.676,0.02,0.0
460.213,2026-06-26T03:20:09.191695,74281.609,128085.52,1.553,5779.518,76884.676,0.02,0.0
460.264,2026-06-26T03:20:09.242675,74371.094,128085.52,1.546,5779.519,76884.676,0.02,0.0
460.315,2026-06-26T03:20:09.293692,74460.559,128085.52,1.588,5779.52,76884.676,0.02,0.0
460.366,2026-06-26T03:20:09.344688,74486.793,128085.52,1.617,5779.521,76884.676,0.02,0.0
460.417,2026-06-26T03:20:09.395690,74417.07,128085.52,1.592,5779.522,76884.676,0.02,0.0
460.468,2026-06-26T03:20:09.446671,73804.395,127285.52,1.574,5779.523,76884.676,0.02,0.0
460.519,2026-06-26T03:20:09.497674,73843.645,127285.52,1.561,5779.524,76884.676,0.02,0.0
460.57,2026-06-26T03:20:09.548669,73882.906,127285.52,1.552,5779.525,76884.676,0.02,0.0
460.621,2026-06-26T03:20:09.599686,73922.254,127285.52,1.592,5779.526,76884.676,0.02,0.0
460.672,2026-06-26T03:20:09.650663,73960.934,127285.52,1.574,5779.527,76884.676,0.02,0.0
460.723,2026-06-26T03:20:09.701665,74031.543,127335.52,1.562,5779.528,76934.676,0.02,981.385
460.774,2026-06-26T03:20:09.752634,74039.633,127285.52,1.552,5779.529,76934.676,0.02,0.0
460.825,2026-06-26T03:20:09.803670,74098.742,127335.52,1.546,5779.53,76984.676,0.02,980.633
460.876,2026-06-26T03:20:09.854652,74118.266,127285.52,1.588,5779.532,76984.676,0.02,0.0
460.927,2026-06-26T03:20:09.905664,74166.367,128085.52,1.571,5779.533,77034.676,0.02,980.491
460.978,2026-06-26T03:20:09.956645,74255.312,128085.52,1.56,5779.534,77034.676,0.02,0.0
461.029,2026-06-26T03:20:10.007641,74344.121,128085.52,1.597,5779.535,77034.676,0.02,0.0
461.08,2026-06-26T03:20:10.058712,74432.859,128085.52,1.577,5779.536,77034.676,0.02,0.0
461.131,2026-06-26T03:20:10.109711,74520.848,128085.52,1.61,5779.537,77034.676,0.02,0.0
461.182,2026-06-26T03:20:10.160687,74608.672,128085.52,1.586,5779.538,77034.676,0.02,0.0
461.233,2026-06-26T03:20:10.211696,74696.988,128085.52,1.57,5779.539,77034.676,0.02,0.0
461.284,2026-06-26T03:20:10.262671,74785.219,128085.52,1.558,5779.54,77034.676,0.02,0.0
461.335,2026-06-26T03:20:10.313700,74873.637,128085.52,1.642,5779.541,77034.676,0.02,0.0
461.386,2026-06-26T03:20:10.364686,74961.859,128085.52,1.563,5779.542,77034.676,0.02,0.0
461.437,2026-06-26T03:20:10.415686,75050.684,128085.52,1.6,5779.543,77034.676,0.02,0.0
461.488,2026-06-26T03:20:10.466678,75140.148,128085.52,1.579,5779.544,77034.676,0.02,0.0
461.539,2026-06-26T03:20:10.517687,75229.488,128085.52,1.611,5779.545,77034.676,0.02,0.0
461.59,2026-06-26T03:20:10.568678,75318.746,128085.52,1.541,5779.546,77034.676,0.02,0.0
461.641,2026-06-26T03:20:10.619683,75408.355,128085.52,1.539,5779.547,77034.676,0.02,0.0
461.692,2026-06-26T03:20:10.670643,75497.543,128085.52,1.583,5779.548,77034.676,0.02,0.0
461.743,2026-06-26T03:20:10.721667,75546.52,128085.52,1.568,5779.549,77034.676,0.02,0.0
461.864,2026-06-26T03:20:10.842880,74877.289,127285.52,1.698,5779.899,77034.676,2.895,0.0
461.914,2026-06-26T03:20:10.893327,74916.121,127285.52,1.652,5779.9,77034.676,0.021,0.0
461.965,2026-06-26T03:20:10.943965,74955.145,127285.52,1.664,5779.901,77034.676,0.02,0.0
462.016,2026-06-26T03:20:10.994853,74994.145,127285.52,1.58,5779.902,77034.676,0.02,0.0
462.067,2026-06-26T03:20:11.045666,75033.211,127285.52,1.614,5779.903,77034.676,0.02,0.0
462.118,2026-06-26T03:20:11.096478,75104.781,128085.52,1.59,5779.904,77084.676,0.02,981.17
462.169,2026-06-26T03:20:11.147482,75193.473,128085.52,1.572,5779.905,77084.676,0.02,0.0
462.22,2026-06-26T03:20:11.198486,75282.273,128085.52,1.56,5779.906,77084.676,0.02,0.0
462.271,2026-06-26T03:20:11.249479,75371.152,128085.52,1.552,5779.907,77084.676,0.02,0.0
462.322,2026-06-26T03:20:11.300490,75459.93,128085.52,1.546,5779.908,77084.676,0.02,0.0
462.373,2026-06-26T03:20:11.351469,75548.707,128085.52,1.587,5779.909,77084.676,0.02,0.0
462.424,2026-06-26T03:20:11.402503,75637.605,128085.52,1.57,5779.91,77084.676,0.02,0.0
462.475,2026-06-26T03:20:11.453496,75726.227,128085.52,1.651,5779.911,77084.676,0.02,0.0
462.526,2026-06-26T03:20:11.504492,75813.414,128085.52,1.615,5779.912,77084.676,0.02,0.0
462.577,2026-06-26T03:20:11.555481,75900.961,128085.52,1.59,5779.913,77084.676,0.02,0.0
462.628,2026-06-26T03:20:11.606480,75033.469,128085.52,1.619,5779.914,77084.676,0.02,0.0
462.679,2026-06-26T03:20:11.657468,73658.16,128085.52,1.593,5779.915,77084.676,0.02,0.0
462.73,2026-06-26T03:20:11.708467,72272.824,128085.52,1.575,5779.916,77084.676,0.02,0.0
462.781,2026-06-26T03:20:11.759431,70892.016,128085.52,1.562,5779.918,77084.676,0.02,0.0
462.832,2026-06-26T03:20:11.810435,69503.035,128085.52,1.553,5779.919,77084.676,0.02,0.0
462.883,2026-06-26T03:20:11.861422,68127.477,128085.52,1.593,5779.92,77084.676,0.02,0.0
462.934,2026-06-26T03:20:11.912424,68034.957,123989.52,1.574,5779.921,77084.676,0.02,0.0
462.985,2026-06-26T03:20:11.963403,68066.609,123989.52,1.562,5779.922,77084.676,0.02,0.0
463.036,2026-06-26T03:20:12.014406,67429.449,123989.52,1.552,5779.923,77084.676,0.02,0.0
463.087,2026-06-26T03:20:12.065406,67408.797,123189.52,1.546,5779.924,77084.676,0.02,0.0
463.138,2026-06-26T03:20:12.116402,67452.906,123189.52,1.588,5779.925,77084.676,0.02,0.0
463.189,2026-06-26T03:20:12.167379,67497.641,123189.52,1.571,5779.926,77084.676,0.02,0.0
463.24,2026-06-26T03:20:12.218380,67542.598,123189.52,1.56,5779.927,77084.676,0.02,0.0
463.29,2026-06-26T03:20:12.269352,67612.988,123239.52,1.551,5779.928,77134.676,0.02,980.087
463.342,2026-06-26T03:20:12.320385,67632.41,123189.52,1.545,5779.929,77134.676,0.02,0.0
463.393,2026-06-26T03:20:12.371359,67636.41,123189.52,1.312,5779.93,77184.676,0.02,981.037
463.443,2026-06-26T03:20:12.422351,67661.012,123239.52,1.056,5779.931,77184.676,0.02,0.0
463.494,2026-06-26T03:20:12.473338,67693.363,123189.52,1.245,5779.932,77184.676,0.02,0.0
463.545,2026-06-26T03:20:12.524287,67738.02,123189.52,1.102,5779.933,77184.676,0.02,0.0
463.596,2026-06-26T03:20:12.575262,67782.598,123189.52,1.185,5779.934,77184.676,0.02,0.0
463.647,2026-06-26T03:20:12.626212,67858.859,123989.52,1.381,5779.935,77234.676,0.02,981.445
463.698,2026-06-26T03:20:12.677215,67951.891,123989.52,1.38,5779.936,77234.676,0.02,0.0
463.749,2026-06-26T03:20:12.728188,68045.105,123989.52,1.472,5779.937,77234.676,0.02,0.0
463.8,2026-06-26T03:20:12.779186,68138.285,123989.52,1.49,5779.938,77234.676,0.02,0.0
463.851,2026-06-26T03:20:12.830175,68232.531,123989.52,1.503,5779.939,77234.676,0.02,0.0
463.902,2026-06-26T03:20:12.881176,68326.777,123989.52,1.511,5779.94,77234.676,0.02,0.0
463.953,2026-06-26T03:20:12.932209,68420.832,123989.52,1.517,5779.941,77234.676,0.02,0.0
464.004,2026-06-26T03:20:12.983223,68515.945,123989.52,1.567,5779.942,77234.676,0.02,0.0
464.055,2026-06-26T03:20:13.034246,68610.883,123989.52,1.557,5779.943,77234.676,0.02,0.0
464.106,2026-06-26T03:20:13.085231,68705.836,123989.52,1.55,5779.944,77234.676,0.02,0.0
464.157,2026-06-26T03:20:13.136230,68800.137,123989.52,1.545,5779.946,77234.676,0.02,0.0
464.208,2026-06-26T03:20:13.187200,68894.301,123989.52,1.587,5779.947,77234.676,0.02,0.0
464.259,2026-06-26T03:20:13.238203,68988.441,123989.52,1.571,5779.948,77234.676,0.02,0.0
464.31,2026-06-26T03:20:13.289176,69082.34,123989.52,1.605,5779.949,77234.676,0.02,0.0
464.361,2026-06-26T03:20:13.340112,69176.129,123989.52,1.583,5779.95,77234.676,0.02,0.0
464.412,2026-06-26T03:20:13.391098,69270.348,123989.52,1.568,5779.951,77234.676,0.02,0.0
464.463,2026-06-26T03:20:13.442058,69300.477,123989.52,1.603,5779.952,77234.676,0.02,0.0
464.514,2026-06-26T03:20:13.493077,69178.0,123989.52,1.582,5779.953,77234.676,0.02,0.0
464.565,2026-06-26T03:20:13.544057,68621.668,123189.52,1.567,5779.954,77234.676,0.02,0.0
464.616,2026-06-26T03:20:13.595056,68665.473,123189.52,1.602,5779.955,77234.676,0.02,0.0
464.667,2026-06-26T03:20:13.646036,68708.445,123189.52,1.536,5779.956,77234.676,0.02,0.0
464.718,2026-06-26T03:20:13.697017,68750.906,123189.52,1.58,5779.957,77234.676,0.02,0.0
464.769,2026-06-26T03:20:13.748017,68793.656,123189.52,1.566,5779.958,77284.676,0.02,980.321
464.82,2026-06-26T03:20:13.799018,68876.43,123239.52,1.51,5779.959,77284.676,0.02,0.0
464.871,2026-06-26T03:20:13.849978,68880.535,123189.52,1.563,5779.96,77284.676,0.02,0.0
464.922,2026-06-26T03:20:13.900974,68952.574,123989.52,1.6,5779.961,77334.676,0.02,981.197
464.973,2026-06-26T03:20:13.951943,69045.906,123989.52,1.579,5779.962,77334.676,0.02,0.0
465.024,2026-06-26T03:20:14.002966,69139.312,123989.52,1.519,5779.963,77334.676,0.02,0.0
465.075,2026-06-26T03:20:14.053948,69232.977,123989.52,1.569,5779.964,77334.676,0.02,0.0
465.126,2026-06-26T03:20:14.104929,69326.574,123989.52,1.558,5779.965,77334.676,0.02,0.0
465.177,2026-06-26T03:20:14.155920,69419.902,123989.52,1.55,5779.966,77334.676,0.02,0.0
465.228,2026-06-26T03:20:14.206922,69513.414,123989.52,1.637,5779.967,77334.676,0.02,0.0
465.279,2026-06-26T03:20:14.257913,69606.973,123989.52,1.651,5779.968,77334.676,0.02,0.0
465.33,2026-06-26T03:20:14.308924,69700.664,123989.52,1.615,5779.969,77334.676,0.02,0.0
465.381,2026-06-26T03:20:14.359890,69794.367,123989.52,1.59,5779.97,77334.676,0.02,0.0
465.432,2026-06-26T03:20:14.410894,69888.242,123989.52,1.619,5779.971,77334.676,0.02,0.0
465.483,2026-06-26T03:20:14.461879,69982.246,123989.52,1.547,5779.973,77334.676,0.02,0.0
465.534,2026-06-26T03:20:14.512884,70076.633,123989.52,1.589,5779.974,77334.676,0.02,0.0
465.585,2026-06-26T03:20:14.563847,70170.84,123989.52,1.526,5779.975,77334.676,0.02,0.0
465.636,2026-06-26T03:20:14.614835,70265.09,123989.52,1.574,5779.976,77334.676,0.02,0.0
465.687,2026-06-26T03:20:14.665830,70359.168,123989.52,1.561,5779.977,77334.676,0.02,0.0
465.738,2026-06-26T03:20:14.716893,70389.906,123989.52,1.552,5779.978,77334.676,0.02,0.0
465.789,2026-06-26T03:20:14.767938,70297.906,123989.52,1.545,5779.979,77334.676,0.02,0.0
465.84,2026-06-26T03:20:14.818999,69715.586,123189.52,1.541,5779.98,77334.676,0.02,0.0
465.891,2026-06-26T03:20:14.870025,69759.461,123189.52,1.583,5779.981,77334.676,0.02,0.0
465.942,2026-06-26T03:20:14.921105,69803.406,123189.52,1.567,5779.982,77334.676,0.02,0.0
465.993,2026-06-26T03:20:14.972200,69847.406,123189.52,1.556,5779.983,77334.676,0.02,0.0
466.044,2026-06-26T03:20:15.023206,69891.383,123189.52,1.595,5779.984,77384.676,0.02,979.808
466.095,2026-06-26T03:20:15.074225,69974.465,123239.52,1.53,5779.985,77384.676,0.02,0.0
466.146,2026-06-26T03:20:15.125218,69979.223,123189.52,1.576,5779.986,77384.676,0.02,0.0
466.197,2026-06-26T03:20:15.176197,70050.828,123989.52,1.609,5779.987,77434.676,0.02,981.17
466.248,2026-06-26T03:20:15.227194,70146.074,123989.52,1.586,5779.988,77434.676,0.02,0.0
466.299,2026-06-26T03:20:15.278169,70240.898,123989.52,1.616,5779.989,77434.676,0.02,0.0
466.35,2026-06-26T03:20:15.329128,70335.051,123989.52,1.591,5779.99,77434.676,0.02,0.0
466.401,2026-06-26T03:20:15.380123,70429.84,123989.52,1.619,5779.991,77434.676,0.02,0.0
466.452,2026-06-26T03:20:15.431119,70524.797,123989.52,1.593,5779.992,77434.676,0.02,0.0
466.503,2026-06-26T03:20:15.482111,70619.719,123989.52,1.575,5779.993,77434.676,0.02,0.0
466.554,2026-06-26T03:20:15.533086,70714.734,123989.52,1.608,5779.994,77434.676,0.02,0.0
466.605,2026-06-26T03:20:15.584092,70809.574,123989.52,1.539,5779.995,77434.676,0.02,0.0
466.656,2026-06-26T03:20:15.635068,70904.355,123989.52,1.583,5779.996,77434.676,0.02,0.0
466.707,2026-06-26T03:20:15.686060,70999.008,123989.52,1.568,5779.997,77434.676,0.02,0.0
466.758,2026-06-26T03:20:15.737033,71093.352,123989.52,1.557,5779.998,77434.676,0.02,0.0
466.879,2026-06-26T03:20:15.857795,71318.324,123989.52,1.713,5780.348,77434.676,2.905,0.0
466.929,2026-06-26T03:20:15.908220,71413.547,123989.52,1.616,5780.349,77434.676,0.021,0.0
466.98,2026-06-26T03:20:15.958828,71449.906,123939.52,1.64,5780.35,77434.676,0.02,0.0
467.031,2026-06-26T03:20:16.009523,71538.906,123989.52,1.61,5780.351,77434.676,0.02,0.0
467.081,2026-06-26T03:20:16.060333,70946.906,123989.52,1.588,5780.352,77434.676,0.02,0.0
467.132,2026-06-26T03:20:16.111279,70833.824,123189.52,1.571,5780.353,77434.676,0.02,0.0
467.183,2026-06-26T03:20:16.162239,70877.785,123189.52,1.56,5780.354,77434.676,0.02,0.0
467.234,2026-06-26T03:20:16.213233,70921.488,123189.52,1.597,5780.355,77434.676,0.02,0.0
467.285,2026-06-26T03:20:16.264211,70965.23,123189.52,1.578,5780.356,77434.676,0.02,0.0
467.336,2026-06-26T03:20:16.315215,71032.496,123239.52,1.564,5780.357,77484.676,0.02,980.486
467.387,2026-06-26T03:20:16.366189,71054.906,123189.52,1.555,5780.358,77484.676,0.02,0.0
467.438,2026-06-26T03:20:16.417188,71099.836,123189.52,1.548,5780.359,77534.676,0.02,980.917
467.489,2026-06-26T03:20:16.468165,71186.137,123989.52,1.589,5780.36,77534.676,0.02,0.0
467.54,2026-06-26T03:20:16.519182,71280.914,123989.52,1.572,5780.361,77534.676,0.02,0.0
467.591,2026-06-26T03:20:16.570157,71375.059,123989.52,1.606,5780.362,77534.676,0.02,0.0
467.642,2026-06-26T03:20:16.621108,71469.555,123989.52,1.584,5780.363,77534.676,0.02,0.0
467.693,2026-06-26T03:20:16.672107,71564.285,123989.52,1.569,5780.365,77534.676,0.02,0.0
467.744,2026-06-26T03:20:16.723077,71144.367,123989.52,1.557,5780.366,77534.676,0.02,0.0
467.795,2026-06-26T03:20:16.774082,70442.969,123989.52,1.596,5780.367,77534.676,0.02,0.0
467.846,2026-06-26T03:20:16.825056,69737.598,123989.52,1.531,5780.368,77534.676,0.02,0.0
467.897,2026-06-26T03:20:16.876044,69040.121,123989.52,1.623,5780.369,77534.676,0.02,0.0
467.948,2026-06-26T03:20:16.927028,68336.801,123989.52,1.596,5780.37,77534.676,0.02,0.0
467.999,2026-06-26T03:20:16.978025,67789.012,119893.52,1.577,5780.371,77534.676,0.02,0.0
468.05,2026-06-26T03:20:17.029036,67838.984,119893.52,1.563,5780.372,77534.676,0.02,0.0
468.101,2026-06-26T03:20:17.080034,67890.219,119893.52,1.6,5780.373,77534.676,0.02,0.0
468.152,2026-06-26T03:20:17.130994,67931.586,119893.52,1.58,5780.374,77534.676,0.02,0.0
468.203,2026-06-26T03:20:17.181980,67969.957,119893.52,1.612,5780.375,77534.676,0.02,0.0
468.254,2026-06-26T03:20:17.232945,68012.871,119893.52,1.542,5780.376,77534.676,0.02,0.0
468.305,2026-06-26T03:20:17.283913,67998.766,119893.52,1.585,5780.377,77534.676,0.02,0.0
468.356,2026-06-26T03:20:17.334888,67982.906,119893.52,1.523,5780.378,77534.676,0.02,0.0
468.407,2026-06-26T03:20:17.385881,67298.906,119893.52,1.526,5780.379,77534.676,0.02,0.0
468.458,2026-06-26T03:20:17.436886,67244.906,119093.52,1.528,5780.38,77534.676,0.02,0.0
468.509,2026-06-26T03:20:17.487878,67244.906,119093.52,1.575,5780.381,77534.676,0.02,0.0
468.56,2026-06-26T03:20:17.538854,67244.906,119093.52,1.608,5780.382,77534.676,0.02,0.0
468.611,2026-06-26T03:20:17.589852,67244.906,119093.52,1.586,5780.383,77534.676,0.02,0.0
468.662,2026-06-26T03:20:17.640821,67252.082,119893.52,1.615,5780.384,77584.676,0.02,979.872
468.713,2026-06-26T03:20:17.691840,67302.453,119893.52,1.545,5780.385,77584.676,0.02,0.0
468.764,2026-06-26T03:20:17.742806,67353.566,119893.52,1.582,5780.386,77584.676,0.017,0.0
468.825,2026-06-26T03:20:17.803677,67414.699,119893.52,1.659,5780.387,77584.676,0.02,0.0
468.876,2026-06-26T03:20:17.854689,67465.094,119893.52,1.62,5780.388,77584.676,0.02,0.0
468.927,2026-06-26T03:20:17.905703,67515.727,119893.52,1.594,5780.389,77584.676,0.02,0.0
468.978,2026-06-26T03:20:17.956676,67572.723,121493.52,1.575,5780.39,77584.676,0.02,0.0
469.029,2026-06-26T03:20:18.007683,67642.535,121493.52,1.608,5780.392,77584.676,0.02,0.0
469.08,2026-06-26T03:20:18.058665,67710.293,121493.52,1.539,5780.393,77584.676,0.02,0.0
469.131,2026-06-26T03:20:18.109692,67777.133,121493.52,1.583,5780.394,77584.676,0.02,0.0
469.182,2026-06-26T03:20:18.160664,67843.93,121493.52,1.568,5780.395,77584.676,0.02,0.0
469.233,2026-06-26T03:20:18.211667,67910.938,121493.52,1.557,5780.396,77584.676,0.02,0.0
469.284,2026-06-26T03:20:18.262655,67978.027,121493.52,1.596,5780.397,77584.676,0.02,0.0
469.335,2026-06-26T03:20:18.313662,68046.832,121493.52,1.53,5780.398,77584.676,0.02,0.0
469.386,2026-06-26T03:20:18.364668,68116.199,121493.52,1.577,5780.399,77584.676,0.02,0.0
469.437,2026-06-26T03:20:18.415674,68185.863,121493.52,1.563,5780.4,77584.676,0.02,0.0
469.488,2026-06-26T03:20:18.466661,68192.004,121493.52,1.554,5780.401,77584.676,0.02,0.0
469.539,2026-06-26T03:20:18.517669,68210.129,121493.52,1.547,5780.402,77584.676,0.02,0.0
469.59,2026-06-26T03:20:18.568635,67556.93,121493.52,1.589,5780.403,77584.676,0.02,0.0
469.641,2026-06-26T03:20:18.619645,67495.91,120693.52,1.572,5780.404,77584.676,0.02,0.0
469.692,2026-06-26T03:20:18.670629,67514.867,120693.52,1.559,5780.405,77584.676,0.02,0.0
469.743,2026-06-26T03:20:18.721693,67533.883,120693.52,1.596,5780.406,77584.676,0.02,0.0
469.794,2026-06-26T03:20:18.772737,67552.758,120693.52,1.623,5780.407,77584.676,0.02,0.0
469.845,2026-06-26T03:20:18.823814,67594.355,120743.52,1.549,5780.408,77634.676,0.02,979.415
469.896,2026-06-26T03:20:18.874862,67590.73,120693.52,1.589,5780.409,77634.676,0.02,0.0
469.947,2026-06-26T03:20:18.925922,67621.82,121493.52,1.618,5780.41,77684.676,0.02,980.243
469.998,2026-06-26T03:20:18.976948,67690.629,121493.52,1.637,5780.411,77684.676,0.02,0.0
470.049,2026-06-26T03:20:19.028041,67758.812,121493.52,1.605,5780.412,77684.676,0.02,0.0
470.1,2026-06-26T03:20:19.079076,67826.883,121493.52,1.583,5780.413,77684.676,0.02,0.0
470.151,2026-06-26T03:20:19.130127,67894.633,121493.52,1.521,5780.414,77684.676,0.02,0.0
470.202,2026-06-26T03:20:19.181106,67962.59,121493.52,1.571,5780.415,77684.676,0.02,0.0
470.253,2026-06-26T03:20:19.232086,68030.418,121493.52,1.605,5780.416,77684.676,0.02,0.0
470.304,2026-06-26T03:20:19.283094,68098.93,121493.52,1.583,5780.417,77684.676,0.02,0.0
470.355,2026-06-26T03:20:19.334102,68168.949,121493.52,1.568,5780.418,77684.676,0.02,0.0
470.406,2026-06-26T03:20:19.385079,68239.031,121493.52,1.557,5780.42,77684.676,0.02,0.0
470.457,2026-06-26T03:20:19.436085,68308.422,121493.52,1.55,5780.421,77684.676,0.02,0.0
470.508,2026-06-26T03:20:19.487057,68378.23,121493.52,1.59,5780.422,77684.676,0.02,0.0
470.559,2026-06-26T03:20:19.538082,68447.922,121493.52,1.527,5780.423,77684.676,0.02,0.0
470.61,2026-06-26T03:20:19.589058,68517.039,121493.52,1.528,5780.424,77684.676,0.02,0.0
470.661,2026-06-26T03:20:19.640048,68586.668,121493.52,1.575,5780.425,77684.676,0.02,0.0
470.712,2026-06-26T03:20:19.691032,68656.211,121493.52,1.609,5780.426,77684.676,0.02,0.0
470.763,2026-06-26T03:20:19.742023,68662.863,121443.52,1.631,5780.427,77684.676,0.02,0.0
470.814,2026-06-26T03:20:19.793024,68730.801,121493.52,1.556,5780.428,77684.676,0.02,0.0
470.865,2026-06-26T03:20:19.844022,68094.641,121493.52,1.595,5780.429,77684.676,0.02,0.0
470.916,2026-06-26T03:20:19.895002,67969.621,120693.52,1.576,5780.43,77684.676,0.02,0.0
470.967,2026-06-26T03:20:19.946011,67988.598,120693.52,1.563,5780.431,77684.676,0.02,0.0
471.018,2026-06-26T03:20:19.996994,68007.348,120693.52,1.553,5780.432,77684.676,0.02,0.0
471.069,2026-06-26T03:20:20.048015,68026.0,120693.52,1.593,5780.433,77684.676,0.02,0.0
471.12,2026-06-26T03:20:20.098991,68066.082,121493.52,1.529,5780.434,77734.676,0.02,980.825
471.171,2026-06-26T03:20:20.149986,68134.547,121493.52,1.53,5780.435,77734.676,0.02,0.0
471.222,2026-06-26T03:20:20.200976,68203.25,121493.52,1.576,5780.436,77734.676,0.02,0.0
471.273,2026-06-26T03:20:20.251977,68272.195,121493.52,1.563,5780.437,77734.676,0.02,0.0
471.324,2026-06-26T03:20:20.302964,68340.887,121493.52,1.554,5780.438,77734.676,0.02,0.0
471.375,2026-06-26T03:20:20.353969,68409.031,121493.52,1.547,5780.439,77734.676,0.02,0.0
471.426,2026-06-26T03:20:20.404936,68477.535,121493.52,1.543,5780.44,77734.676,0.02,0.0
471.477,2026-06-26T03:20:20.455956,68546.184,121493.52,1.632,5780.441,77734.676,0.02,0.0
471.528,2026-06-26T03:20:20.506933,68615.902,121493.52,1.602,5780.442,77734.676,0.02,0.0
471.579,2026-06-26T03:20:20.557940,68684.988,121493.52,1.581,5780.443,77734.676,0.02,0.0
471.63,2026-06-26T03:20:20.608918,68754.094,121493.52,1.566,5780.444,77734.676,0.02,0.0
471.681,2026-06-26T03:20:20.659901,68822.922,121493.52,1.648,5780.445,77734.676,0.02,0.0
471.732,2026-06-26T03:20:20.710903,68892.309,121493.52,1.613,5780.447,77734.676,0.02,0.0
471.783,2026-06-26T03:20:20.761902,68961.625,121493.52,1.589,5780.448,77734.676,0.02,0.0
471.904,2026-06-26T03:20:20.882729,69125.766,121493.52,1.715,5780.797,77734.676,2.905,0.0
471.954,2026-06-26T03:20:20.933197,69130.582,121493.52,1.664,5780.798,77734.676,0.02,0.0
472.005,2026-06-26T03:20:20.983812,68794.199,121493.52,1.627,5780.799,77734.676,0.02,0.0
472.056,2026-06-26T03:20:21.034462,68390.852,120693.52,1.647,5780.8,77734.676,0.02,0.0
472.106,2026-06-26T03:20:21.085234,68409.648,120693.52,1.614,5780.801,77734.676,0.02,0.0
472.157,2026-06-26T03:20:21.136199,68428.48,120693.52,1.589,5780.802,77734.676,0.02,0.0
472.208,2026-06-26T03:20:21.187195,68447.297,120693.52,1.572,5780.803,77734.676,0.02,0.0
472.259,2026-06-26T03:20:21.238168,68467.887,120743.52,1.56,5780.804,77784.676,0.02,980.344
472.31,2026-06-26T03:20:21.289129,68517.09,120743.52,1.598,5780.806,77784.676,0.02,0.0
472.361,2026-06-26T03:20:21.340133,68503.953,120693.52,1.624,5780.807,77834.676,0.02,980.578
472.412,2026-06-26T03:20:21.391114,68562.121,121493.52,1.597,5780.808,77834.676,0.02,0.0
472.463,2026-06-26T03:20:21.442117,68630.828,121493.52,1.578,5780.809,77834.676,0.02,0.0
472.514,2026-06-26T03:20:21.493085,68698.945,121493.52,1.564,5780.81,77834.676,0.02,0.0
472.565,2026-06-26T03:20:21.544091,68766.816,121493.52,1.554,5780.811,77834.676,0.02,0.0
472.616,2026-06-26T03:20:21.595082,68834.973,121493.52,1.593,5780.812,77834.676,0.02,0.0
472.667,2026-06-26T03:20:21.646074,68904.145,121493.52,1.529,5780.813,77834.676,0.02,0.0
472.718,2026-06-26T03:20:21.697059,68973.965,121493.52,1.576,5780.814,77834.676,0.02,0.0
472.769,2026-06-26T03:20:21.748043,69043.68,121493.52,1.563,5780.815,77834.676,0.02,0.0
472.82,2026-06-26T03:20:21.799053,69112.988,121493.52,1.599,5780.816,77834.676,0.02,0.0
472.871,2026-06-26T03:20:21.850043,69182.418,121493.52,1.579,5780.817,77834.676,0.02,0.0
472.922,2026-06-26T03:20:21.901016,69252.473,121493.52,1.565,5780.818,77834.676,0.02,0.0
472.973,2026-06-26T03:20:21.952021,69322.012,121493.52,1.556,5780.819,77834.676,0.02,0.0
473.024,2026-06-26T03:20:22.002991,69391.152,121493.52,1.548,5780.82,77834.676,0.02,0.0
473.075,2026-06-26T03:20:22.054011,69460.672,121493.52,1.59,5780.821,77834.676,0.02,0.0
473.126,2026-06-26T03:20:22.104977,69530.332,121493.52,1.618,5780.822,77834.676,0.02,0.0
473.177,2026-06-26T03:20:22.155968,69599.723,121493.52,1.593,5780.823,77834.676,0.02,0.0
473.228,2026-06-26T03:20:22.206954,69605.188,121493.52,1.575,5780.824,77834.676,0.02,0.0
473.279,2026-06-26T03:20:22.257948,69231.148,121493.52,1.562,5780.825,77834.676,0.02,0.0
473.33,2026-06-26T03:20:22.308944,68477.148,120693.52,1.461,5780.826,77834.676,0.02,0.0
473.381,2026-06-26T03:20:22.359948,67737.148,120693.52,1.482,5780.827,77834.676,0.02,0.0
473.432,2026-06-26T03:20:22.410915,67013.148,120693.52,1.543,5780.828,77834.676,0.02,0.0
473.483,2026-06-26T03:20:22.461926,66299.148,120693.52,1.54,5780.829,77834.676,0.02,0.0
473.534,2026-06-26T03:20:22.512868,65565.148,120693.52,1.492,5780.83,77884.676,0.02,981.124
473.585,2026-06-26T03:20:22.563813,64749.402,117397.52,1.321,5780.831,77884.676,0.02,0.0
473.636,2026-06-26T03:20:22.614767,64796.32,117397.52,1.43,5780.832,77884.676,0.02,0.0
473.687,2026-06-26T03:20:22.665752,64843.406,117397.52,1.46,5780.834,77884.676,0.02,0.0
473.738,2026-06-26T03:20:22.716846,64891.102,117397.52,1.48,5780.835,77884.676,0.02,0.0
473.789,2026-06-26T03:20:22.767955,64940.645,117397.52,1.495,5780.836,77884.676,0.02,0.0
473.84,2026-06-26T03:20:22.819038,64988.066,117397.52,1.551,5780.837,77884.676,0.02,0.0
473.891,2026-06-26T03:20:22.870152,65036.691,117397.52,1.499,5780.838,77884.676,0.02,0.0
473.942,2026-06-26T03:20:22.921220,65086.078,117397.52,1.554,5780.839,77884.676,0.02,0.0
473.993,2026-06-26T03:20:22.972343,65136.637,117397.52,1.546,5780.84,77884.676,0.02,0.0
474.045,2026-06-26T03:20:23.023433,65185.109,117397.52,1.587,5780.841,77884.676,0.02,0.0
474.096,2026-06-26T03:20:23.074528,65233.523,117397.52,1.569,5780.842,77884.676,0.02,0.0
474.147,2026-06-26T03:20:23.125642,65280.637,117397.52,1.511,5780.843,77884.676,0.02,0.0
474.198,2026-06-26T03:20:23.176735,65328.035,117397.52,1.562,5780.844,77884.676,0.02,0.0
474.249,2026-06-26T03:20:23.227864,65377.312,117397.52,1.552,5780.845,77884.676,0.02,0.0
474.3,2026-06-26T03:20:23.278973,65427.738,117397.52,1.591,5780.846,77884.676,0.02,0.0
474.351,2026-06-26T03:20:23.330099,65478.109,117397.52,1.618,5780.847,77884.676,0.02,0.0
474.402,2026-06-26T03:20:23.381231,65528.223,117397.52,1.591,5780.848,77884.676,0.02,0.0
474.453,2026-06-26T03:20:23.432302,65514.223,117397.52,1.573,5780.849,77884.676,0.02,0.0
474.505,2026-06-26T03:20:23.483395,65367.148,117397.52,1.606,5780.85,77884.676,0.02,0.0
474.556,2026-06-26T03:20:23.534494,64749.152,116597.52,1.538,5780.851,77884.676,0.02,0.0
474.607,2026-06-26T03:20:23.585451,64749.152,116597.52,1.306,5780.852,77884.676,0.02,0.0
474.658,2026-06-26T03:20:23.636446,64749.152,116597.52,1.144,5780.853,77884.676,0.02,0.0
474.709,2026-06-26T03:20:23.687404,64749.152,116597.52,1.031,5780.854,77884.676,0.02,0.0
474.76,2026-06-26T03:20:23.738381,64749.152,116597.52,0.952,5780.855,77884.676,0.02,0.0
474.811,2026-06-26T03:20:23.789373,64784.012,116647.52,0.941,5780.856,77934.676,0.02,978.619
474.862,2026-06-26T03:20:23.840494,64749.152,116597.52,0.888,5780.857,77934.676,0.02,0.0
474.913,2026-06-26T03:20:23.891569,64758.465,117397.52,0.806,5780.858,77984.676,0.02,980.715
474.964,2026-06-26T03:20:23.942567,64809.285,117397.52,0.839,5780.859,77984.676,0.02,0.0
475.015,2026-06-26T03:20:23.993629,64860.344,117397.52,0.817,5780.86,77984.676,0.02,0.0
475.066,2026-06-26T03:20:24.044770,64910.801,117397.52,0.801,5780.861,77984.676,0.02,0.0
475.117,2026-06-26T03:20:24.095870,64961.367,117397.52,0.79,5780.863,77984.676,0.02,0.0
475.168,2026-06-26T03:20:24.146978,65007.98,117397.52,0.783,5780.864,77984.676,0.02,0.0
475.219,2026-06-26T03:20:24.197965,65055.41,117397.52,0.778,5780.865,77984.676,0.02,0.0
475.27,2026-06-26T03:20:24.248957,65103.84,117397.52,0.82,5780.866,77984.676,0.02,0.0
475.321,2026-06-26T03:20:24.299907,65153.254,117397.52,0.851,5780.867,77984.676,0.02,0.0
475.372,2026-06-26T03:20:24.350537,65202.336,117397.52,0.78,5780.868,77984.676,0.02,0.0
475.423,2026-06-26T03:20:24.401540,65252.129,117397.52,0.776,5780.869,77984.676,0.02,0.0
475.474,2026-06-26T03:20:24.452544,65301.633,117397.52,0.865,5780.87,77984.676,0.02,0.0
475.525,2026-06-26T03:20:24.503514,65351.293,117397.52,0.789,5780.871,77984.676,0.02,0.0
475.576,2026-06-26T03:20:24.554515,65401.223,117397.52,0.828,5780.872,77984.676,0.02,0.0
475.627,2026-06-26T03:20:24.605461,65450.969,117397.52,0.81,5780.873,77984.676,0.02,0.0
475.678,2026-06-26T03:20:24.656467,65500.812,117397.52,0.751,5780.874,77984.676,0.02,0.0
475.729,2026-06-26T03:20:24.707460,65525.152,117397.52,0.801,5780.875,77984.676,0.02,0.0
475.78,2026-06-26T03:20:24.758452,65537.25,117397.52,0.791,5780.876,77984.676,0.02,0.0
475.831,2026-06-26T03:20:24.809443,65029.152,117397.52,0.783,5780.877,77984.676,0.02,0.0
475.882,2026-06-26T03:20:24.860437,64749.152,116597.52,0.778,5780.878,77984.676,0.02,0.0
475.933,2026-06-26T03:20:24.911423,64749.152,116597.52,0.775,5780.879,77984.676,0.02,0.0
475.984,2026-06-26T03:20:24.962420,64749.152,116597.52,0.772,5780.88,77984.676,0.02,0.0
476.035,2026-06-26T03:20:25.013380,64749.152,116597.52,0.77,5780.881,77984.676,0.02,0.0
476.086,2026-06-26T03:20:25.064387,64749.152,116597.52,0.769,5780.882,78034.676,0.02,980.532
476.137,2026-06-26T03:20:25.115363,64796.621,117397.52,0.768,5780.883,78034.676,0.02,0.0
476.188,2026-06-26T03:20:25.166361,64847.137,117397.52,0.813,5780.884,78034.676,0.02,0.0
476.238,2026-06-26T03:20:25.217347,64897.855,117397.52,0.799,5780.885,78034.676,0.02,0.0
476.289,2026-06-26T03:20:25.268290,64948.48,117397.52,0.789,5780.886,78034.676,0.02,0.0
476.34,2026-06-26T03:20:25.319238,64999.152,117397.52,0.783,5780.887,78034.676,0.02,0.0
476.391,2026-06-26T03:20:25.370181,65049.895,117397.52,0.778,5780.888,78034.676,0.02,0.0
476.442,2026-06-26T03:20:25.421128,65100.477,117397.52,0.775,5780.889,78034.676,0.02,0.0
476.493,2026-06-26T03:20:25.472109,65150.938,117397.52,0.864,5780.89,78034.676,0.02,0.0
476.544,2026-06-26T03:20:25.523090,65201.359,117397.52,0.789,5780.892,78034.676,0.02,0.0
476.595,2026-06-26T03:20:25.574105,65252.062,117397.52,0.828,5780.893,78034.676,0.02,0.0
476.646,2026-06-26T03:20:25.625093,65302.531,117397.52,0.763,5780.894,78034.676,0.02,0.0
476.697,2026-06-26T03:20:25.676049,65353.066,117397.52,0.81,5780.895,78034.676,0.02,0.0
476.748,2026-06-26T03:20:25.727045,65403.715,117397.52,0.797,5780.896,78034.676,0.02,0.0
476.799,2026-06-26T03:20:25.778004,65454.25,117397.52,0.788,5780.897,78034.676,0.02,0.0
476.92,2026-06-26T03:20:25.899092,65510.277,117397.52,0.92,5781.246,78034.676,2.9,0.0
476.971,2026-06-26T03:20:25.949532,65391.152,117397.52,0.876,5781.247,78034.676,0.02,0.0
477.021,2026-06-26T03:20:26.000210,64749.152,116597.52,0.844,5781.248,78034.676,0.02,0.0
477.072,2026-06-26T03:20:26.050874,64749.152,116597.52,0.822,5781.249,78034.676,0.02,0.0
477.123,2026-06-26T03:20:26.101653,64749.152,116597.52,0.806,5781.251,78034.676,0.02,0.0
477.174,2026-06-26T03:20:26.152497,64749.152,116597.52,0.794,5781.252,78034.676,0.02,0.0
477.225,2026-06-26T03:20:26.203470,64749.152,116597.52,0.832,5781.253,78034.676,0.02,0.0
477.276,2026-06-26T03:20:26.254485,64781.004,117397.52,0.812,5781.254,78084.676,0.02,980.358
477.327,2026-06-26T03:20:26.305437,64830.965,117397.52,0.798,5781.255,78084.676,0.02,0.0
477.378,2026-06-26T03:20:26.356431,64881.164,117397.52,0.789,5781.256,78084.676,0.02,0.0
477.429,2026-06-26T03:20:26.407415,64931.145,117397.52,0.782,5781.257,78084.676,0.02,0.0
477.48,2026-06-26T03:20:26.458417,64981.164,117397.52,0.823,5781.258,78084.676,0.02,0.0
477.531,2026-06-26T03:20:26.509399,65031.184,117397.52,0.806,5781.259,78084.676,0.02,0.0
477.582,2026-06-26T03:20:26.560382,65082.016,117397.52,0.794,5781.26,78084.676,0.02,0.0
477.632,2026-06-26T03:20:26.611352,65133.16,117397.52,0.786,5781.261,78084.676,0.02,0.0
477.684,2026-06-26T03:20:26.662365,65184.543,117397.52,0.826,5781.262,78084.676,0.02,0.0
477.735,2026-06-26T03:20:26.713395,65235.875,117397.52,0.808,5781.263,78084.676,0.02,0.0
477.786,2026-06-26T03:20:26.764449,65287.414,117397.52,0.795,5781.264,78084.676,0.02,0.0
477.837,2026-06-26T03:20:26.815490,65338.215,117397.52,0.878,5781.265,78084.676,0.02,0.0
477.888,2026-06-26T03:20:26.866539,65389.074,117397.52,0.844,5781.266,78084.676,0.02,0.0
477.939,2026-06-26T03:20:26.917606,65439.828,117397.52,0.82,5781.267,78084.676,0.02,0.0
477.99,2026-06-26T03:20:26.968666,65490.566,117397.52,0.758,5781.268,78084.676,0.02,0.0
478.041,2026-06-26T03:20:27.019711,65541.34,117397.52,0.806,5781.269,78084.676,0.02,0.0
478.092,2026-06-26T03:20:27.070777,65528.152,117397.52,0.794,5781.27,78084.676,0.02,0.0
478.143,2026-06-26T03:20:27.121792,65119.152,117397.52,0.785,5781.271,78084.676,0.02,0.0
478.194,2026-06-26T03:20:27.172812,64749.152,116597.52,0.78,5781.272,78084.676,0.02,0.0
478.245,2026-06-26T03:20:27.223790,64749.152,116597.52,0.776,5781.273,78084.676,0.02,0.0
478.296,2026-06-26T03:20:27.274772,64749.152,116597.52,0.773,5781.274,78084.676,0.02,0.0
478.347,2026-06-26T03:20:27.325749,64749.152,116597.52,0.771,5781.275,78084.676,0.02,0.0
478.398,2026-06-26T03:20:27.376739,64758.406,117397.52,0.816,5781.276,78134.676,0.02,980.537
478.449,2026-06-26T03:20:27.427727,64808.301,117397.52,0.801,5781.277,78134.676,0.02,0.0
478.5,2026-06-26T03:20:27.478728,64859.383,117397.52,0.79,5781.278,78134.676,0.02,0.0
478.551,2026-06-26T03:20:27.529700,64893.723,117397.52,0.691,5781.28,78134.676,0.02,0.0
478.602,2026-06-26T03:20:27.580707,64900.492,117397.52,0.53,5781.281,78134.676,0.02,0.0
478.653,2026-06-26T03:20:27.631693,64951.73,117397.52,0.6,5781.282,78134.676,0.02,0.0
478.704,2026-06-26T03:20:27.682689,65002.98,117397.52,0.65,5781.283,78134.676,0.02,0.0
478.755,2026-06-26T03:20:27.733668,65054.207,117397.52,0.777,5781.284,78134.676,0.02,0.0
478.806,2026-06-26T03:20:27.784655,65105.504,117397.52,0.728,5781.285,78134.676,0.02,0.0
478.857,2026-06-26T03:20:27.835644,65156.629,117397.52,0.739,5781.286,78134.676,0.02,0.0
478.908,2026-06-26T03:20:27.886655,65207.762,117397.52,0.793,5781.287,78134.676,0.02,0.0
478.959,2026-06-26T03:20:27.937634,65258.801,117397.52,0.831,5781.288,78134.676,0.02,0.0
479.01,2026-06-26T03:20:27.988641,65310.023,117397.52,0.766,5781.289,78134.676,0.02,0.0
479.061,2026-06-26T03:20:28.039620,65360.695,117397.52,0.812,5781.29,78134.676,0.02,0.0
479.112,2026-06-26T03:20:28.090642,65411.379,117397.52,0.752,5781.291,78134.676,0.02,0.0
479.163,2026-06-26T03:20:28.141615,65462.0,117397.52,0.802,5781.292,78134.676,0.02,0.0
479.214,2026-06-26T03:20:28.192618,65512.613,117397.52,0.791,5781.293,78134.676,0.02,0.0
479.265,2026-06-26T03:20:28.243601,65499.816,117397.52,0.784,5781.294,78134.676,0.02,0.0
479.316,2026-06-26T03:20:28.294588,65541.152,117397.52,0.778,5781.295,78134.676,0.02,0.0
479.367,2026-06-26T03:20:28.345571,64797.152,117397.52,0.821,5781.296,78134.676,0.02,0.0
479.418,2026-06-26T03:20:28.396559,64749.152,116597.52,0.805,5781.297,78134.676,0.02,0.0
479.469,2026-06-26T03:20:28.447505,64749.152,116597.52,0.793,5781.298,78134.676,0.02,0.0
479.52,2026-06-26T03:20:28.498492,64749.152,116597.52,0.785,5781.299,78134.676,0.02,0.0
479.571,2026-06-26T03:20:28.549441,64749.152,116597.52,0.779,5781.3,78134.676,0.02,0.0
479.622,2026-06-26T03:20:28.600425,64771.02,117397.52,0.73,5781.301,78184.676,0.02,981.023
479.673,2026-06-26T03:20:28.651379,64820.52,117397.52,0.787,5781.302,78184.676,0.02,0.0
479.723,2026-06-26T03:20:28.702336,64870.707,117397.52,0.781,5781.303,78184.676,0.02,0.0
479.774,2026-06-26T03:20:28.753304,64920.234,117397.52,0.776,5781.304,78184.676,0.02,0.0
479.825,2026-06-26T03:20:28.804239,64970.152,117397.52,0.819,5781.305,78184.676,0.02,0.0
479.876,2026-06-26T03:20:28.855211,65019.367,117397.52,0.803,5781.306,78184.676,0.02,0.0
479.927,2026-06-26T03:20:28.906170,65068.898,117397.52,0.793,5781.307,78184.676,0.02,0.0
479.978,2026-06-26T03:20:28.957092,65117.336,117397.52,0.785,5781.309,78184.676,0.02,0.0
480.029,2026-06-26T03:20:29.008076,65166.848,117397.52,0.779,5781.31,78184.676,0.02,0.0
480.08,2026-06-26T03:20:29.059030,65216.047,117397.52,0.821,5781.311,78184.676,0.02,0.0
480.131,2026-06-26T03:20:29.109998,65265.254,117397.52,0.759,5781.312,78184.676,0.02,0.0
480.182,2026-06-26T03:20:29.160952,65314.777,117397.52,0.807,5781.313,78184.676,0.02,0.0
480.233,2026-06-26T03:20:29.211911,65362.652,117397.52,0.795,5781.314,78184.676,0.02,0.0
480.284,2026-06-26T03:20:29.262888,65412.188,117397.52,0.786,5781.315,78184.676,0.02,0.0
480.335,2026-06-26T03:20:29.313890,65460.828,117397.52,0.78,5781.316,78184.676,0.02,0.0
480.386,2026-06-26T03:20:29.364840,65510.344,117397.52,0.776,5781.317,78184.676,0.02,0.0
480.437,2026-06-26T03:20:29.415824,65499.152,117347.52,0.819,5781.318,78184.676,0.02,0.0
480.488,2026-06-26T03:20:29.466753,65545.617,117397.52,0.804,5781.319,78184.676,0.02,0.0
480.539,2026-06-26T03:20:29.517751,64895.152,117397.52,0.838,5781.32,78184.676,0.02,0.0
480.59,2026-06-26T03:20:29.568707,64749.152,116597.52,0.817,5781.321,78184.676,0.02,0.0
480.641,2026-06-26T03:20:29.619666,64749.152,116597.52,0.802,5781.322,78184.676,0.02,0.0
480.692,2026-06-26T03:20:29.670631,64749.152,116597.52,0.791,5781.323,78184.676,0.02,0.0
480.743,2026-06-26T03:20:29.721590,64749.152,116597.52,0.784,5781.324,78184.676,0.02,0.0
480.794,2026-06-26T03:20:29.772569,64762.684,117397.52,0.733,5781.325,78234.676,0.02,980.72
480.845,2026-06-26T03:20:29.823551,64812.531,117397.52,0.743,5781.326,78234.676,0.02,0.0
480.896,2026-06-26T03:20:29.874493,64860.93,117397.52,0.796,5781.327,78234.676,0.02,0.0
480.947,2026-06-26T03:20:29.925487,64906.652,117397.52,0.787,5781.328,78234.676,0.02,0.0
480.998,2026-06-26T03:20:29.976429,64955.246,117397.52,0.781,5781.329,78234.676,0.02,0.0
481.049,2026-06-26T03:20:30.027417,65002.531,117397.52,0.776,5781.33,78234.676,0.02,0.0
481.1,2026-06-26T03:20:30.078369,65052.531,117397.52,0.773,5781.331,78234.676,0.02,0.0
481.15,2026-06-26T03:20:30.129343,65102.785,117397.52,0.817,5781.332,78234.676,0.02,0.0
481.201,2026-06-26T03:20:30.180308,65152.32,117397.52,0.802,5781.333,78234.676,0.02,0.0
481.252,2026-06-26T03:20:30.231245,65202.152,117397.52,0.837,5781.334,78234.676,0.02,0.0
481.303,2026-06-26T03:20:30.282209,65251.984,117397.52,0.77,5781.335,78234.676,0.02,0.0
481.354,2026-06-26T03:20:30.333123,65300.914,117397.52,0.815,5781.336,78234.676,0.02,0.0
481.405,2026-06-26T03:20:30.384038,65350.453,117397.52,0.847,5781.338,78234.676,0.02,0.0
481.456,2026-06-26T03:20:30.435018,65399.418,117397.52,0.823,5781.339,78234.676,0.02,0.0
481.507,2026-06-26T03:20:30.485969,65449.152,117397.52,0.806,5781.34,78234.676,0.02,0.0
481.558,2026-06-26T03:20:30.536935,65498.469,117397.52,0.794,5781.341,78234.676,0.02,0.0
481.609,2026-06-26T03:20:30.587908,65547.633,117397.52,0.786,5781.342,78234.676,0.02,0.0
481.66,2026-06-26T03:20:30.638874,65530.152,117397.52,0.78,5781.343,78234.676,0.02,0.0
481.711,2026-06-26T03:20:30.689904,65149.152,117397.52,0.775,5781.344,78234.676,0.02,0.0
481.762,2026-06-26T03:20:30.740938,64749.152,116597.52,0.773,5781.345,78234.676,0.02,0.0
481.813,2026-06-26T03:20:30.791937,64749.152,116597.52,0.77,5781.346,78234.676,0.02,0.0
481.934,2026-06-26T03:20:30.912782,64749.152,116597.52,0.909,5781.695,78234.676,2.906,0.0
481.984,2026-06-26T03:20:30.963197,64753.613,116647.52,0.868,5781.696,78284.676,0.02,987.75
482.035,2026-06-26T03:20:31.013807,64779.152,116647.52,0.839,5781.698,78284.676,0.02,0.0
482.086,2026-06-26T03:20:31.064429,64749.152,116597.52,0.818,5781.699,78334.676,0.02,985.12
482.136,2026-06-26T03:20:31.115206,64782.574,117397.52,0.85,5781.7,78334.676,0.02,0.0
482.187,2026-06-26T03:20:31.166050,64831.891,117397.52,0.871,5781.701,78334.676,0.02,0.0
482.238,2026-06-26T03:20:31.217010,64880.133,117397.52,0.839,5781.702,78334.676,0.02,0.0
482.289,2026-06-26T03:20:31.267973,64929.023,117397.52,0.818,5781.703,78334.676,0.02,0.0
482.34,2026-06-26T03:20:31.318946,64970.098,117397.52,0.802,5781.704,78334.676,0.02,0.0
482.391,2026-06-26T03:20:31.369905,65018.41,117397.52,0.791,5781.705,78334.676,0.02,0.0
482.442,2026-06-26T03:20:31.420869,65067.383,117397.52,0.824,5781.706,78334.676,0.017,0.0
482.503,2026-06-26T03:20:31.481710,65126.344,117397.52,0.807,5781.707,78334.676,0.02,0.0
482.554,2026-06-26T03:20:31.532707,65175.422,117397.52,0.84,5781.708,78334.676,0.02,0.0
482.605,2026-06-26T03:20:31.583666,65224.406,117397.52,0.818,5781.709,78334.676,0.02,0.0
482.656,2026-06-26T03:20:31.634636,65271.898,117397.52,0.803,5781.71,78334.676,0.02,0.0
482.707,2026-06-26T03:20:31.685599,65320.281,117397.52,0.838,5781.711,78334.676,0.02,0.0
482.758,2026-06-26T03:20:31.736579,65367.734,117397.52,0.816,5781.712,78334.676,0.02,0.0
482.809,2026-06-26T03:20:31.787534,65415.406,117397.52,0.801,5781.713,78334.676,0.02,0.0
482.86,2026-06-26T03:20:31.838524,65463.492,117397.52,0.791,5781.714,78334.676,0.02,0.0
482.911,2026-06-26T03:20:31.889475,65511.395,117397.52,0.784,5781.715,78334.676,0.02,0.0
482.962,2026-06-26T03:20:31.940469,65499.152,117347.52,0.778,5781.716,78334.676,0.02,0.0
483.013,2026-06-26T03:20:31.991420,65542.688,117397.52,0.821,5781.717,78334.676,0.02,0.0
483.064,2026-06-26T03:20:32.042402,64951.152,117397.52,0.804,5781.718,78334.676,0.02,0.0
483.115,2026-06-26T03:20:32.093357,64749.152,116597.52,0.793,5781.719,78334.676,0.02,0.0
483.165,2026-06-26T03:20:32.144276,64749.152,116597.52,0.785,5781.72,78334.676,0.02,0.0
483.216,2026-06-26T03:20:32.195222,64749.152,116597.52,0.78,5781.721,78334.676,0.02,0.0
483.267,2026-06-26T03:20:32.246202,64749.152,116597.52,0.776,5781.722,78334.676,0.02,0.0
483.318,2026-06-26T03:20:32.297134,64759.047,116647.52,0.727,5781.723,78384.676,0.02,981.133
483.369,2026-06-26T03:20:32.348092,64749.152,116597.52,0.785,5781.724,78384.676,0.02,0.0
483.42,2026-06-26T03:20:32.399045,64749.152,116597.52,0.779,5781.725,78434.676,0.02,980.844
483.471,2026-06-26T03:20:32.450019,64785.09,117397.52,0.776,5781.727,78434.676,0.02,0.0
483.522,2026-06-26T03:20:32.500993,64833.352,117397.52,0.773,5781.728,78434.676,0.02,0.0
483.573,2026-06-26T03:20:32.551932,64845.832,117397.52,0.633,5781.729,78434.676,0.02,0.0
483.624,2026-06-26T03:20:32.602908,64848.297,117397.52,0.443,5781.73,78434.676,0.02,0.0
483.675,2026-06-26T03:20:32.653829,64897.168,117397.52,0.632,5781.731,78434.676,0.02,0.0
483.726,2026-06-26T03:20:32.704816,64946.133,117397.52,0.672,5781.732,78434.676,0.02,0.0
483.777,2026-06-26T03:20:32.755776,64993.52,117397.52,0.7,5781.733,78434.676,0.02,0.0
483.828,2026-06-26T03:20:32.806746,65042.203,117397.52,0.72,5781.734,78434.676,0.02,0.0
483.879,2026-06-26T03:20:32.857709,65090.953,117397.52,0.734,5781.735,78434.676,0.02,0.0
483.93,2026-06-26T03:20:32.908673,65138.215,117397.52,0.79,5781.736,78434.676,0.02,0.0
483.981,2026-06-26T03:20:32.959639,65186.906,117397.52,0.737,5781.737,78434.676,0.02,0.0
484.032,2026-06-26T03:20:33.010623,65235.852,117397.52,0.746,5781.738,78434.676,0.02,0.0
484.083,2026-06-26T03:20:33.061569,65283.094,117397.52,0.752,5781.739,78434.676,0.02,0.0
484.134,2026-06-26T03:20:33.112553,65330.91,117397.52,0.802,5781.74,78434.676,0.02,0.0
484.185,2026-06-26T03:20:33.163499,65378.711,117397.52,0.791,5781.741,78434.676,0.02,0.0
484.236,2026-06-26T03:20:33.214478,65425.953,117397.52,0.784,5781.742,78434.676,0.02,0.0
484.287,2026-06-26T03:20:33.265439,65474.508,117397.52,0.779,5781.743,78434.676,0.02,0.0
484.338,2026-06-26T03:20:33.316404,65523.902,117397.52,0.775,5781.744,78434.676,0.02,0.0
484.389,2026-06-26T03:20:33.367371,65509.426,117397.52,0.772,5781.745,78434.676,0.02,0.0
484.439,2026-06-26T03:20:33.418348,65413.152,117397.52,0.771,5781.746,78434.676,0.02,0.0
484.49,2026-06-26T03:20:33.469276,64749.152,116597.52,0.77,5781.747,78434.676,0.02,0.0
484.541,2026-06-26T03:20:33.520218,64749.152,116597.52,0.769,5781.748,78434.676,0.02,0.0
484.592,2026-06-26T03:20:33.571176,64749.152,116597.52,0.814,5781.749,78434.676,0.02,0.0
484.643,2026-06-26T03:20:33.622124,64749.152,116597.52,0.846,5781.75,78434.676,0.02,0.0
484.694,2026-06-26T03:20:33.673080,64749.152,116597.52,0.822,5781.751,78434.676,0.02,0.0
484.745,2026-06-26T03:20:33.724044,64769.078,117397.52,0.805,5781.752,78484.676,0.02,981.225
484.796,2026-06-26T03:20:33.775001,64817.617,117397.52,0.794,5781.753,78484.676,0.02,0.0
484.847,2026-06-26T03:20:33.825962,64865.012,117397.52,0.785,5781.754,78484.676,0.02,0.0
484.898,2026-06-26T03:20:33.876941,64913.125,117397.52,0.78,5781.755,78484.676,0.02,0.0
484.949,2026-06-26T03:20:33.927926,64961.66,117397.52,0.822,5781.757,78484.676,0.02,0.0
485.0,2026-06-26T03:20:33.978871,65010.344,117397.52,0.851,5781.758,78484.676,0.02,0.0
485.051,2026-06-26T03:20:34.029859,65059.035,117397.52,0.78,5781.759,78484.676,0.02,0.0
485.102,2026-06-26T03:20:34.080803,65108.074,117397.52,0.775,5781.76,78484.676,0.02,0.0
485.153,2026-06-26T03:20:34.131796,65156.281,117397.52,0.773,5781.761,78484.676,0.02,0.0
485.204,2026-06-26T03:20:34.182750,65205.656,117397.52,0.771,5781.762,78484.676,0.02,0.0
485.255,2026-06-26T03:20:34.233719,65253.039,117397.52,0.77,5781.763,78484.676,0.02,0.0
485.306,2026-06-26T03:20:34.284665,65300.969,117397.52,0.815,5781.764,78484.676,0.02,0.0
485.357,2026-06-26T03:20:34.335636,65348.859,117397.52,0.8,5781.765,78484.676,0.02,0.0
485.408,2026-06-26T03:20:34.386602,65396.281,117397.52,0.79,5781.766,78484.676,0.02,0.0
485.459,2026-06-26T03:20:34.437584,65445.227,117397.52,0.783,5781.767,78484.676,0.02,0.0
485.51,2026-06-26T03:20:34.488535,65493.156,117397.52,0.778,5781.768,78484.676,0.02,0.0
485.561,2026-06-26T03:20:34.539523,65540.793,117397.52,0.775,5781.769,78484.676,0.02,0.0
485.612,2026-06-26T03:20:34.590474,65525.531,117397.52,0.864,5781.77,78484.676,0.02,0.0
485.663,2026-06-26T03:20:34.641468,65205.152,117397.52,0.789,5781.771,78484.676,0.02,0.0
485.714,2026-06-26T03:20:34.692489,64749.152,116597.52,0.828,5781.772,78484.676,0.02,0.0
485.765,2026-06-26T03:20:34.743516,64749.152,116597.52,0.809,5781.773,78484.676,0.02,0.0
485.816,2026-06-26T03:20:34.794543,64749.152,116597.52,0.796,5781.774,78484.676,0.02,0.0
485.867,2026-06-26T03:20:34.845589,64749.152,116597.52,0.787,5781.775,78484.676,0.02,0.0
485.918,2026-06-26T03:20:34.896602,64749.152,116597.52,0.78,5781.776,78484.676,0.02,0.0
485.969,2026-06-26T03:20:34.947655,64779.094,117397.52,0.776,5781.777,78534.676,0.02,980.385
486.02,2026-06-26T03:20:34.998657,64826.926,117397.52,0.773,5781.778,78534.676,0.02,0.0
486.071,2026-06-26T03:20:35.049714,64875.375,117397.52,0.77,5781.779,78534.676,0.02,0.0
486.122,2026-06-26T03:20:35.100720,64923.895,117397.52,0.815,5781.78,78534.676,0.02,0.0
486.173,2026-06-26T03:20:35.151689,64971.836,117397.52,0.801,5781.781,78534.676,0.02,0.0
486.224,2026-06-26T03:20:35.202651,65020.254,117397.52,0.79,5781.782,78534.676,0.02,0.0
486.275,2026-06-26T03:20:35.253622,65069.363,117397.52,0.737,5781.783,78534.676,0.02,0.0
486.326,2026-06-26T03:20:35.304601,65117.902,117397.52,0.792,5781.784,78534.676,0.02,0.0
486.377,2026-06-26T03:20:35.355584,65166.168,117397.52,0.784,5781.786,78534.676,0.02,0.0
486.428,2026-06-26T03:20:35.406535,65214.809,117397.52,0.825,5781.787,78534.676,0.02,0.0
486.479,2026-06-26T03:20:35.457522,65261.906,117397.52,0.807,5781.788,78534.676,0.02,0.0
486.53,2026-06-26T03:20:35.508471,65309.57,117397.52,0.795,5781.789,78534.676,0.02,0.0
486.581,2026-06-26T03:20:35.559471,65357.398,117397.52,0.832,5781.79,78534.676,0.02,0.0
486.632,2026-06-26T03:20:35.610430,65405.703,117397.52,0.859,5781.791,78534.676,0.02,0.0
486.683,2026-06-26T03:20:35.661403,65454.137,117397.52,0.831,5781.792,78534.676,0.02,0.0
486.734,2026-06-26T03:20:35.712367,65501.75,117397.52,0.766,5781.793,78534.676,0.02,0.0
486.784,2026-06-26T03:20:35.763333,65535.152,117397.52,0.766,5781.794,78534.676,0.02,0.0
486.835,2026-06-26T03:20:35.814280,65534.652,117397.52,0.812,5781.795,78534.676,0.02,0.0
486.957,2026-06-26T03:20:35.935552,64749.152,116597.52,0.936,5782.144,78534.676,2.893,0.0
487.007,2026-06-26T03:20:35.985965,64749.152,116597.52,0.887,5782.146,78534.676,0.02,0.0
487.058,2026-06-26T03:20:36.036600,64749.152,116597.52,0.852,5782.147,78534.676,0.02,0.0
487.108,2026-06-26T03:20:36.087337,64749.152,116597.52,0.827,5782.148,78534.676,0.02,0.0
487.159,2026-06-26T03:20:36.138115,64759.543,117397.52,0.764,5782.149,78584.676,0.02,984.366
487.21,2026-06-26T03:20:36.188949,64808.133,117397.52,0.811,5782.15,78584.676,0.02,0.0
487.261,2026-06-26T03:20:36.239899,64857.035,117397.52,0.798,5782.151,78584.676,0.02,0.0
487.312,2026-06-26T03:20:36.290878,64905.91,117397.52,0.788,5782.152,78584.676,0.02,0.0
487.363,2026-06-26T03:20:36.341819,64950.75,117397.52,0.782,5782.153,78584.676,0.02,0.0
487.414,2026-06-26T03:20:36.392808,64999.914,117397.52,0.823,5782.154,78584.676,0.02,0.0
487.465,2026-06-26T03:20:36.443765,65048.012,117397.52,0.76,5782.155,78584.676,0.02,0.0
487.516,2026-06-26T03:20:36.494732,65096.453,117397.52,0.762,5782.156,78584.676,0.02,0.0
487.567,2026-06-26T03:20:36.545703,65144.918,117397.52,0.809,5782.157,78584.676,0.02,0.0
487.618,2026-06-26T03:20:36.596651,65193.211,117397.52,0.796,5782.158,78584.676,0.02,0.0
487.669,2026-06-26T03:20:36.647621,65241.402,117397.52,0.833,5782.159,78584.676,0.02,0.0
487.72,2026-06-26T03:20:36.698601,65288.215,117397.52,0.767,5782.16,78584.676,0.02,0.0
487.771,2026-06-26T03:20:36.749553,65336.617,117397.52,0.813,5782.161,78584.676,0.02,0.0
487.822,2026-06-26T03:20:36.800537,65383.055,117397.52,0.799,5782.162,78584.676,0.02,0.0
487.873,2026-06-26T03:20:36.851475,65427.785,117397.52,0.789,5782.163,78584.676,0.02,0.0
487.924,2026-06-26T03:20:36.902477,65478.094,117397.52,0.828,5782.164,78584.676,0.02,0.0
487.975,2026-06-26T03:20:36.953445,65528.715,117397.52,0.81,5782.165,78584.676,0.02,0.0
488.026,2026-06-26T03:20:37.004452,65515.652,117397.52,0.797,5782.166,78584.676,0.02,0.0
488.077,2026-06-26T03:20:37.055438,65307.152,117397.52,0.787,5782.167,78584.676,0.02,0.0
488.128,2026-06-26T03:20:37.106418,64749.152,116597.52,0.781,5782.168,78584.676,0.02,0.0
488.179,2026-06-26T03:20:37.157413,64749.152,116597.52,0.777,5782.169,78584.676,0.02,0.0
488.23,2026-06-26T03:20:37.208407,64749.152,116597.52,0.774,5782.17,78584.676,0.02,0.0
488.281,2026-06-26T03:20:37.259373,64749.152,116597.52,0.771,5782.171,78584.676,0.02,0.0
488.332,2026-06-26T03:20:37.310378,64749.152,116597.52,0.77,5782.172,78634.676,0.02,980.637
488.383,2026-06-26T03:20:37.361359,64785.652,116647.52,0.815,5782.173,78634.676,0.02,0.0
488.434,2026-06-26T03:20:37.412373,64749.152,116597.52,0.8,5782.175,78634.676,0.02,0.0
488.485,2026-06-26T03:20:37.463356,64763.215,117397.52,0.79,5782.176,78684.676,0.02,981.092
488.535,2026-06-26T03:20:37.514350,64813.09,117397.52,0.829,5782.177,78684.676,0.02,0.0
488.586,2026-06-26T03:20:37.565342,64842.969,117397.52,0.718,5782.178,78684.676,0.02,0.0
488.637,2026-06-26T03:20:37.616343,64875.656,117397.52,0.64,5782.179,78684.676,0.02,0.0
488.688,2026-06-26T03:20:37.667323,64926.793,117397.52,0.724,5782.18,78684.676,0.02,0.0
488.739,2026-06-26T03:20:37.718273,64977.297,117397.52,0.691,5782.181,78684.676,0.02,0.0
488.79,2026-06-26T03:20:37.769218,65028.402,117397.52,0.759,5782.182,78684.676,0.02,0.0
488.841,2026-06-26T03:20:37.820233,65079.602,117397.52,0.762,5782.183,78684.676,0.02,0.0
488.892,2026-06-26T03:20:37.871199,65130.656,117397.52,0.763,5782.184,78684.676,0.02,0.0
488.943,2026-06-26T03:20:37.922195,65181.672,117397.52,0.764,5782.185,78684.676,0.02,0.0
488.994,2026-06-26T03:20:37.973170,65232.219,117397.52,0.765,5782.186,78684.676,0.02,0.0
489.045,2026-06-26T03:20:38.024117,65282.562,117397.52,0.765,5782.187,78684.676,0.02,0.0
489.096,2026-06-26T03:20:38.075104,65333.172,117397.52,0.765,5782.188,78684.676,0.02,0.0
489.147,2026-06-26T03:20:38.126066,65383.668,117397.52,0.766,5782.189,78684.676,0.02,0.0
489.198,2026-06-26T03:20:38.177051,65434.289,117397.52,0.766,5782.19,78684.676,0.02,0.0
489.249,2026-06-26T03:20:38.228030,65484.801,117397.52,0.766,5782.191,78684.676,0.02,0.0
489.3,2026-06-26T03:20:38.279007,65535.156,117397.52,0.812,5782.192,78684.676,0.02,0.0
489.351,2026-06-26T03:20:38.329992,65522.152,117397.52,0.798,5782.193,78684.676,0.02,0.0
489.402,2026-06-26T03:20:38.380989,65225.152,117397.52,0.835,5782.194,78684.676,0.02,0.0
489.453,2026-06-26T03:20:38.431962,64749.152,116597.52,0.814,5782.195,78684.676,0.02,0.0
489.504,2026-06-26T03:20:38.482967,64749.152,116597.52,0.8,5782.196,78684.676,0.02,0.0
489.555,2026-06-26T03:20:38.533941,64749.152,116597.52,0.789,5782.197,78684.676,0.02,0.0
489.606,2026-06-26T03:20:38.584942,64749.152,116597.52,0.783,5782.198,78684.676,0.02,0.0
489.657,2026-06-26T03:20:38.635920,64750.957,116647.52,0.778,5782.199,78734.676,0.02,980.853
489.708,2026-06-26T03:20:38.686916,64779.152,116647.52,0.774,5782.2,78734.676,0.02,0.0
489.759,2026-06-26T03:20:38.737968,64749.152,116597.52,0.817,5782.201,78784.676,0.02,979.511
489.81,2026-06-26T03:20:38.789031,64786.359,117397.52,0.802,5782.202,78784.676,0.02,0.0
489.861,2026-06-26T03:20:38.840068,64836.406,117397.52,0.791,5782.204,78784.676,0.02,0.0
489.912,2026-06-26T03:20:38.891116,64886.609,117397.52,0.829,5782.205,78784.676,0.02,0.0
489.963,2026-06-26T03:20:38.942184,64936.527,117397.52,0.764,5782.206,78784.676,0.02,0.0
490.014,2026-06-26T03:20:38.993206,64986.363,117397.52,0.81,5782.207,78784.676,0.02,0.0
490.065,2026-06-26T03:20:39.044223,65035.812,117397.52,0.843,5782.208,78784.676,0.02,0.0
490.116,2026-06-26T03:20:39.095202,65085.582,117397.52,0.82,5782.209,78784.676,0.02,0.0
490.167,2026-06-26T03:20:39.146192,65135.344,117397.52,0.804,5782.21,78784.676,0.02,0.0
490.218,2026-06-26T03:20:39.197127,65185.344,117397.52,0.838,5782.211,78784.676,0.02,0.0
490.269,2026-06-26T03:20:39.248127,65235.09,117397.52,0.817,5782.212,78784.676,0.02,0.0
490.32,2026-06-26T03:20:39.299110,65283.781,117397.52,0.801,5782.213,78784.676,0.02,0.0
490.371,2026-06-26T03:20:39.350084,65333.098,117397.52,0.791,5782.214,78784.676,0.02,0.0
490.422,2026-06-26T03:20:39.401080,65383.117,117397.52,0.783,5782.215,78784.676,0.02,0.0
490.473,2026-06-26T03:20:39.452047,65433.844,117397.52,0.778,5782.216,78784.676,0.02,0.0
490.524,2026-06-26T03:20:39.503061,65484.562,117397.52,0.775,5782.217,78784.676,0.02,0.0
490.575,2026-06-26T03:20:39.554037,65535.484,117397.52,0.772,5782.218,78784.676,0.02,0.0
490.626,2026-06-26T03:20:39.605020,65522.566,117397.52,0.77,5782.219,78784.676,0.02,0.0
490.677,2026-06-26T03:20:39.655997,65215.152,117397.52,0.815,5782.22,78784.676,0.02,0.0
490.728,2026-06-26T03:20:39.706972,64749.152,116597.52,0.801,5782.221,78784.676,0.02,0.0
490.779,2026-06-26T03:20:39.757959,64749.152,116597.52,0.79,5782.222,78784.676,0.02,0.0
490.83,2026-06-26T03:20:39.808954,64749.152,116597.52,0.783,5782.223,78784.676,0.02,0.0
490.881,2026-06-26T03:20:39.859931,64749.152,116597.52,0.824,5782.224,78784.676,0.02,0.0
490.932,2026-06-26T03:20:39.910938,64749.152,116597.52,0.807,5782.225,78834.676,0.02,981.128
490.983,2026-06-26T03:20:39.961918,64796.91,116647.52,0.748,5782.226,78834.676,0.02,0.0
491.034,2026-06-26T03:20:40.012928,64749.152,116597.52,0.8,5782.227,78884.676,0.02,980.67
491.085,2026-06-26T03:20:40.063902,64785.625,116647.52,0.79,5782.228,78884.676,0.02,0.0
491.136,2026-06-26T03:20:40.114878,64749.152,116597.52,0.783,5782.229,78884.676,0.02,0.0
491.187,2026-06-26T03:20:40.165861,64771.027,117397.52,0.778,5782.23,78934.676,0.02,980.587
491.238,2026-06-26T03:20:40.216863,64820.941,117397.52,0.774,5782.231,78934.676,0.02,0.0
491.289,2026-06-26T03:20:40.267841,64870.75,117397.52,0.818,5782.233,78934.676,0.02,0.0
491.34,2026-06-26T03:20:40.318839,64919.824,117397.52,0.802,5782.234,78934.676,0.02,0.0
491.391,2026-06-26T03:20:40.369805,64969.555,117397.52,0.745,5782.235,78934.676,0.02,0.0
491.442,2026-06-26T03:20:40.420825,65019.465,117397.52,0.844,5782.236,78934.676,0.02,0.0
491.493,2026-06-26T03:20:40.471804,65069.293,117397.52,0.82,5782.237,78934.676,0.02,0.0
491.544,2026-06-26T03:20:40.522796,65119.844,117397.52,0.804,5782.238,78934.676,0.02,0.0
491.595,2026-06-26T03:20:40.573774,65170.441,117397.52,0.793,5782.239,78934.676,0.02,0.0
491.646,2026-06-26T03:20:40.624748,65221.027,117397.52,0.785,5782.24,78934.676,0.02,0.0
491.697,2026-06-26T03:20:40.675737,65271.66,117397.52,0.779,5782.241,78934.676,0.02,0.0
491.748,2026-06-26T03:20:40.726736,65322.332,117397.52,0.775,5782.242,78934.676,0.02,0.0
491.799,2026-06-26T03:20:40.777713,65372.844,117397.52,0.772,5782.243,78934.676,0.02,0.0
491.85,2026-06-26T03:20:40.828719,65423.551,117397.52,0.771,5782.244,78934.676,0.02,0.0
491.971,2026-06-26T03:20:40.949974,65544.465,117397.52,0.946,5782.594,78934.676,2.894,0.0
492.022,2026-06-26T03:20:41.000416,65530.652,117397.52,0.848,5782.595,78934.676,0.02,0.0
492.072,2026-06-26T03:20:41.051037,65117.152,117397.52,0.871,5782.596,78934.676,0.02,0.0
492.123,2026-06-26T03:20:41.101697,64749.152,116597.52,0.841,5782.597,78934.676,0.02,0.0
492.174,2026-06-26T03:20:41.152498,64749.152,116597.52,0.819,5782.598,78934.676,0.02,0.0
492.225,2026-06-26T03:20:41.203404,64749.152,116597.52,0.803,5782.599,78934.676,0.02,0.0
492.276,2026-06-26T03:20:41.254390,64749.152,116597.52,0.792,5782.6,78934.676,0.02,0.0
492.327,2026-06-26T03:20:41.305387,64754.387,116647.52,0.738,5782.601,78984.676,0.02,980.587
492.378,2026-06-26T03:20:41.356359,64749.152,116597.52,0.793,5782.602,78984.676,0.02,0.0
492.429,2026-06-26T03:20:41.407358,64749.152,116597.52,0.785,5782.603,79034.676,0.02,980.848
492.479,2026-06-26T03:20:41.458303,64792.723,116647.52,0.779,5782.604,79034.676,0.02,0.0
492.53,2026-06-26T03:20:41.509270,64749.152,116597.52,0.775,5782.605,79034.676,0.02,0.0
492.581,2026-06-26T03:20:41.560236,64777.875,117397.52,0.773,5782.606,79084.676,0.02,981.188
492.632,2026-06-26T03:20:41.611238,64828.293,117397.52,0.771,5782.607,79084.676,0.02,0.0
492.683,2026-06-26T03:20:41.662179,64879.602,117397.52,0.77,5782.608,79084.676,0.02,0.0
492.734,2026-06-26T03:20:41.713119,64930.918,117397.52,0.814,5782.609,79084.676,0.02,0.0
492.785,2026-06-26T03:20:41.764163,64981.965,117397.52,0.8,5782.61,79084.676,0.02,0.0
492.836,2026-06-26T03:20:41.815115,65032.473,117397.52,0.79,5782.611,79084.676,0.02,0.0
492.887,2026-06-26T03:20:41.866108,65083.465,117397.52,0.829,5782.612,79084.676,0.02,0.0
492.938,2026-06-26T03:20:41.917085,65134.52,117397.52,0.81,5782.613,79084.676,0.02,0.0
492.989,2026-06-26T03:20:41.968060,65185.535,117397.52,0.797,5782.614,79084.676,0.02,0.0
493.04,2026-06-26T03:20:42.019059,65235.598,117397.52,0.834,5782.615,79084.676,0.02,0.0
493.091,2026-06-26T03:20:42.070047,65284.586,117397.52,0.813,5782.616,79084.676,0.02,0.0
493.142,2026-06-26T03:20:42.121012,65335.484,117397.52,0.799,5782.617,79084.676,0.02,0.0
493.193,2026-06-26T03:20:42.171997,65386.359,117397.52,0.789,5782.618,79084.676,0.02,0.0
493.244,2026-06-26T03:20:42.222968,65437.07,117397.52,0.828,5782.619,79084.676,0.02,0.0
493.295,2026-06-26T03:20:42.273991,65487.793,117397.52,0.81,5782.621,79084.676,0.02,0.0
493.346,2026-06-26T03:20:42.324965,65538.598,117397.52,0.75,5782.622,79084.676,0.02,0.0
493.397,2026-06-26T03:20:42.375962,65525.652,117397.52,0.801,5782.623,79084.676,0.02,0.0
493.448,2026-06-26T03:20:42.426955,65169.152,117397.52,0.791,5782.624,79084.676,0.02,0.0
493.499,2026-06-26T03:20:42.477948,64749.152,116597.52,0.783,5782.625,79084.676,0.02,0.0
493.55,2026-06-26T03:20:42.528931,64749.152,116597.52,0.778,5782.626,79084.676,0.02,0.0
493.601,2026-06-26T03:20:42.579925,64749.152,116597.52,0.775,5782.627,79084.676,0.02,0.0
493.652,2026-06-26T03:20:42.630885,64749.152,116597.52,0.772,5782.628,79084.676,0.02,0.0
493.703,2026-06-26T03:20:42.681906,64749.152,116597.52,0.77,5782.629,79134.676,0.02,980.037
493.754,2026-06-26T03:20:42.732944,64778.93,117397.52,0.723,5782.63,79134.676,0.02,0.0
493.805,2026-06-26T03:20:42.784000,64829.0,117397.52,0.781,5782.631,79134.676,0.02,0.0
493.856,2026-06-26T03:20:42.835026,64879.137,117397.52,0.777,5782.632,79134.676,0.02,0.0
493.907,2026-06-26T03:20:42.886062,64929.402,117397.52,0.773,5782.633,79134.676,0.02,0.0
493.958,2026-06-26T03:20:42.937114,64979.504,117397.52,0.771,5782.634,79134.676,0.02,0.0
494.009,2026-06-26T03:20:42.988186,65028.824,117397.52,0.769,5782.635,79134.676,0.02,0.0
494.06,2026-06-26T03:20:43.039242,65078.746,117397.52,0.814,5782.636,79134.676,0.02,0.0
494.111,2026-06-26T03:20:43.090231,65128.676,117397.52,0.754,5782.637,79134.676,0.02,0.0
494.162,2026-06-26T03:20:43.141219,65178.293,117397.52,0.757,5782.638,79134.676,0.02,0.0
494.213,2026-06-26T03:20:43.192205,65228.039,117397.52,0.806,5782.639,79134.676,0.02,0.0
494.264,2026-06-26T03:20:43.243202,65277.277,117397.52,0.794,5782.64,79134.676,0.02,0.0
494.315,2026-06-26T03:20:43.294168,65326.992,117397.52,0.786,5782.641,79134.676,0.02,0.0
494.366,2026-06-26T03:20:43.345123,65376.445,117397.52,0.78,5782.642,79134.676,0.02,0.0
494.417,2026-06-26T03:20:43.396101,65425.969,117397.52,0.776,5782.643,79134.676,0.02,0.0
494.468,2026-06-26T03:20:43.447091,65476.477,117397.52,0.773,5782.644,79134.676,0.02,0.0
494.519,2026-06-26T03:20:43.498093,65526.949,117397.52,0.817,5782.645,79134.676,0.02,0.0
494.57,2026-06-26T03:20:43.549059,65513.652,117397.52,0.847,5782.646,79134.676,0.02,0.0
494.621,2026-06-26T03:20:43.600057,65335.152,117397.52,0.869,5782.647,79134.676,0.02,0.0
494.672,2026-06-26T03:20:43.651015,64749.152,116597.52,0.838,5782.648,79134.676,0.02,0.0
494.723,2026-06-26T03:20:43.702007,64749.152,116597.52,0.817,5782.65,79134.676,0.02,0.0
494.774,2026-06-26T03:20:43.752981,64749.152,116597.52,0.802,5782.651,79134.676,0.02,0.0
494.825,2026-06-26T03:20:43.803972,64749.152,116597.52,0.791,5782.652,79134.676,0.02,0.0
494.876,2026-06-26T03:20:43.854957,64749.152,116597.52,0.783,5782.653,79134.676,0.02,0.0
494.927,2026-06-26T03:20:43.905958,64782.918,116647.52,0.778,5782.654,79184.676,0.02,980.642
494.978,2026-06-26T03:20:43.956940,64749.152,116597.52,0.774,5782.655,79184.676,0.02,0.0
495.029,2026-06-26T03:20:44.007937,64768.664,117397.52,0.818,5782.656,79234.676,0.02,981.252
495.08,2026-06-26T03:20:44.058910,64818.574,117397.52,0.756,5782.657,79234.676,0.02,0.0
495.131,2026-06-26T03:20:44.109916,64868.41,117397.52,0.759,5782.658,79234.676,0.02,0.0
495.182,2026-06-26T03:20:44.160889,64918.156,117397.52,0.807,5782.659,79234.676,0.02,0.0
495.233,2026-06-26T03:20:44.211867,64968.074,117397.52,0.749,5782.66,79234.676,0.02,0.0
495.284,2026-06-26T03:20:44.262783,65019.082,117397.52,0.801,5782.661,79234.676,0.02,0.0
495.335,2026-06-26T03:20:44.313653,65069.664,117397.52,0.79,5782.662,79234.676,0.02,0.0
495.386,2026-06-26T03:20:44.364619,65120.848,117397.52,0.829,5782.663,79234.676,0.02,0.0
495.437,2026-06-26T03:20:44.415600,65171.609,117397.52,0.811,5782.664,79234.676,0.02,0.0
495.488,2026-06-26T03:20:44.466563,65221.789,117397.52,0.797,5782.665,79234.676,0.02,0.0
495.539,2026-06-26T03:20:44.517528,65272.59,117397.52,0.788,5782.666,79234.676,0.02,0.0
495.59,2026-06-26T03:20:44.568457,65323.098,117397.52,0.782,5782.667,79234.676,0.02,0.0
495.641,2026-06-26T03:20:44.619417,65373.836,117397.52,0.777,5782.668,79234.676,0.02,0.0
495.692,2026-06-26T03:20:44.670368,65424.66,117397.52,0.774,5782.669,79234.676,0.02,0.0
495.742,2026-06-26T03:20:44.721314,65475.234,117397.52,0.818,5782.67,79234.676,0.02,0.0
495.793,2026-06-26T03:20:44.772225,65526.016,117397.52,0.757,5782.671,79234.676,0.02,0.0
495.844,2026-06-26T03:20:44.823201,65513.164,117397.52,0.805,5782.672,79234.676,0.02,0.0
495.895,2026-06-26T03:20:44.874185,65349.152,117397.52,0.794,5782.673,79234.676,0.02,0.0
495.946,2026-06-26T03:20:44.925184,64749.152,116597.52,0.785,5782.674,79234.676,0.02,0.0
495.997,2026-06-26T03:20:44.976123,64749.152,116597.52,0.78,5782.675,79234.676,0.02,0.0
496.048,2026-06-26T03:20:45.027102,64749.152,116597.52,0.822,5782.676,79234.676,0.02,0.0
496.099,2026-06-26T03:20:45.078091,64749.152,116597.52,0.805,5782.677,79234.676,0.02,0.0
496.15,2026-06-26T03:20:45.129072,64749.152,116597.52,0.793,5782.678,79234.676,0.02,0.0
496.201,2026-06-26T03:20:45.180064,64782.828,117397.52,0.785,5782.68,79284.676,0.02,981.252
496.252,2026-06-26T03:20:45.231030,64832.527,117397.52,0.779,5782.681,79284.676,0.02,0.0
496.303,2026-06-26T03:20:45.282035,64882.594,117397.52,0.776,5782.682,79284.676,0.02,0.0
496.354,2026-06-26T03:20:45.333000,64932.473,117397.52,0.819,5782.683,79284.676,0.02,0.0
496.405,2026-06-26T03:20:45.383988,64983.527,117397.52,0.803,5782.684,79284.676,0.02,0.0
496.456,2026-06-26T03:20:45.434960,65034.289,117397.52,0.838,5782.685,79284.676,0.02,0.0
496.507,2026-06-26T03:20:45.485941,65084.543,117397.52,0.816,5782.686,79284.676,0.02,0.0
496.558,2026-06-26T03:20:45.536938,65135.562,117397.52,0.801,5782.687,79284.676,0.02,0.0
496.609,2026-06-26T03:20:45.587936,65186.465,117397.52,0.791,5782.688,79284.676,0.02,0.0
496.66,2026-06-26T03:20:45.638914,65237.305,117397.52,0.783,5782.689,79284.676,0.02,0.0
496.711,2026-06-26T03:20:45.689913,65288.156,117397.52,0.824,5782.69,79284.676,0.02,0.0
496.762,2026-06-26T03:20:45.740868,65338.648,117397.52,0.761,5782.691,79284.676,0.02,0.0
496.813,2026-06-26T03:20:45.791896,65388.469,117397.52,0.762,5782.692,79284.676,0.02,0.0
496.864,2026-06-26T03:20:45.842855,65439.066,117397.52,0.81,5782.693,79284.676,0.02,0.0
496.992,2026-06-26T03:20:45.971227,65503.043,117397.52,0.933,5783.043,79284.676,2.734,0.0
497.043,2026-06-26T03:20:46.021655,65499.18,117397.52,0.885,5783.044,79284.676,0.021,0.0
497.093,2026-06-26T03:20:46.072263,64795.18,117397.52,0.851,5783.045,79284.676,0.02,0.0
497.144,2026-06-26T03:20:46.122893,64749.18,116597.52,0.826,5783.046,79284.676,0.02,0.0
497.195,2026-06-26T03:20:46.173724,64749.18,116597.52,0.809,5783.047,79284.676,0.02,0.0
497.246,2026-06-26T03:20:46.224683,64749.18,116597.52,0.796,5783.048,79284.676,0.02,0.0
497.297,2026-06-26T03:20:46.275682,64749.18,116597.52,0.787,5783.049,79284.676,0.02,0.0
497.348,2026-06-26T03:20:46.326655,64776.469,116647.52,0.826,5783.05,79334.676,0.02,979.707
497.399,2026-06-26T03:20:46.377681,64749.18,116597.52,0.808,5783.051,79334.676,0.02,0.0
497.45,2026-06-26T03:20:46.428670,64765.484,116647.52,0.75,5783.052,79384.676,0.02,980.381
497.501,2026-06-26T03:20:46.479674,64749.18,116597.52,0.801,5783.053,79384.676,0.02,0.0
497.552,2026-06-26T03:20:46.530658,64749.871,116647.52,0.79,5783.054,79434.676,0.02,980.725
497.603,2026-06-26T03:20:46.581648,64795.18,116647.52,0.829,5783.055,79434.676,0.02,0.0
497.654,2026-06-26T03:20:46.632651,64749.18,116597.52,0.81,5783.056,79484.676,0.02,980.271
497.705,2026-06-26T03:20:46.683660,64788.586,116647.52,0.843,5783.057,79484.676,0.02,0.0
497.756,2026-06-26T03:20:46.734689,64749.18,116597.52,0.773,5783.058,79484.676,0.02,0.0
497.807,2026-06-26T03:20:46.785749,64773.445,116647.52,0.817,5783.059,79534.676,0.02,980.404
497.858,2026-06-26T03:20:46.836768,64749.18,116597.52,0.847,5783.06,79534.676,0.02,0.0
497.909,2026-06-26T03:20:46.887852,64759.973,116647.52,0.823,5783.061,79584.676,0.02,979.643
497.96,2026-06-26T03:20:46.938885,64749.18,116597.52,0.76,5783.062,79584.676,0.02,0.0
498.011,2026-06-26T03:20:46.989929,64749.18,116597.52,0.807,5783.063,79634.676,0.02,979.227
498.062,2026-06-26T03:20:47.040970,64792.797,116647.52,0.795,5783.064,79634.676,0.02,0.0
498.113,2026-06-26T03:20:47.092001,64749.18,116597.52,0.786,5783.065,79634.676,0.02,0.0
498.164,2026-06-26T03:20:47.142980,64778.68,116647.52,0.78,5783.066,79684.676,0.02,980.312
498.215,2026-06-26T03:20:47.193975,64749.18,116597.52,0.822,5783.068,79684.676,0.02,0.0
498.266,2026-06-26T03:20:47.244944,64329.18,116597.52,0.759,5783.069,79734.676,0.02,980.037
498.317,2026-06-26T03:20:47.295940,63149.18,114997.52,0.807,5783.07,79734.676,0.02,0.0
498.368,2026-06-26T03:20:47.346913,63149.18,114997.52,0.795,5783.071,79734.676,0.02,0.0
498.419,2026-06-26T03:20:47.397905,63149.18,114997.52,0.786,5783.072,79734.676,0.02,0.0
498.47,2026-06-26T03:20:47.448887,63149.18,114997.52,0.78,5783.073,79734.676,0.02,0.0
498.521,2026-06-26T03:20:47.499872,63149.18,114997.52,0.776,5783.074,79734.676,0.02,0.0
498.572,2026-06-26T03:20:47.550865,63149.18,114997.52,0.819,5783.075,79734.676,0.02,0.0
498.623,2026-06-26T03:20:47.601872,63099.18,114947.52,0.803,5783.076,79734.676,0.02,0.0
498.674,2026-06-26T03:20:47.652841,63705.0,123939.52,0.976,5783.077,79734.676,0.02,0.0
498.725,2026-06-26T03:20:47.703837,64414.82,123939.52,1.143,5783.078,79734.676,0.02,0.0
498.776,2026-06-26T03:20:47.754778,65124.844,123939.52,1.259,5783.079,79734.676,0.02,0.0
498.827,2026-06-26T03:20:47.805820,65837.387,123939.52,1.386,5783.08,79734.676,0.02,0.0
498.878,2026-06-26T03:20:47.856900,66545.957,123939.52,1.43,5783.081,79734.676,0.02,0.0
498.929,2026-06-26T03:20:47.907893,67252.875,123939.52,1.46,5783.082,79734.676,0.02,0.0
498.98,2026-06-26T03:20:47.958865,67958.332,123939.52,1.482,5783.083,79734.676,0.02,0.0
499.031,2026-06-26T03:20:48.009866,68662.871,123939.52,1.497,5783.084,79734.676,0.02,0.0
499.082,2026-06-26T03:20:48.060852,69372.773,123939.52,1.553,5783.085,79734.676,0.02,0.0
499.133,2026-06-26T03:20:48.111842,70083.309,123939.52,1.547,5783.086,79734.676,0.02,0.0
499.184,2026-06-26T03:20:48.162810,70790.367,123939.52,1.542,5783.087,79734.676,0.02,0.0
499.235,2026-06-26T03:20:48.213808,71501.582,123939.52,1.631,5783.088,79734.676,0.02,0.0
499.286,2026-06-26T03:20:48.264788,71913.445,128039.52,1.555,5783.089,79734.676,0.02,0.0
499.337,2026-06-26T03:20:48.315795,71988.512,128039.52,1.595,5783.09,79734.676,0.02,0.0
499.388,2026-06-26T03:20:48.366768,72078.289,128039.52,1.576,5783.091,79734.676,0.02,0.0
499.439,2026-06-26T03:20:48.417761,72167.809,128039.52,1.563,5783.092,79734.676,0.02,0.0
499.49,2026-06-26T03:20:48.468748,72256.922,128089.52,1.553,5783.093,79734.676,0.02,0.0
499.541,2026-06-26T03:20:48.519756,72096.906,128089.52,1.593,5783.094,79734.676,0.02,0.0
499.592,2026-06-26T03:20:48.570719,71568.348,127289.52,1.529,5783.096,79734.676,0.02,0.0
499.643,2026-06-26T03:20:48.621705,71607.984,127289.52,1.53,5783.097,79734.676,0.02,0.0
499.694,2026-06-26T03:20:48.672665,71647.305,127289.52,1.576,5783.098,79734.676,0.02,0.0
499.745,2026-06-26T03:20:48.723681,71686.75,127289.52,1.563,5783.099,79734.676,0.02,0.0
499.796,2026-06-26T03:20:48.774670,71724.805,127289.52,1.554,5783.1,79734.676,0.02,0.0
499.847,2026-06-26T03:20:48.825668,71794.34,128089.52,1.547,5783.101,79784.676,0.02,980.532
499.898,2026-06-26T03:20:48.876647,71883.586,128089.52,1.589,5783.102,79784.676,0.02,0.0
499.949,2026-06-26T03:20:48.927634,71972.641,128089.52,1.618,5783.103,79784.676,0.02,0.0
500.0,2026-06-26T03:20:48.978647,72061.742,128089.52,1.592,5783.104,79784.676,0.02,0.0
500.051,2026-06-26T03:20:49.029656,72151.922,128089.52,1.574,5783.105,79784.676,0.02,0.0
500.102,2026-06-26T03:20:49.080635,72242.141,128089.52,1.561,5783.106,79784.676,0.02,0.0
500.153,2026-06-26T03:20:49.131636,72332.441,128089.52,1.599,5783.107,79784.676,0.02,0.0
500.204,2026-06-26T03:20:49.182603,72422.48,128089.52,1.533,5783.108,79784.676,0.02,0.0
500.255,2026-06-26T03:20:49.233624,72512.617,128089.52,1.579,5783.109,79784.676,0.02,0.0
500.306,2026-06-26T03:20:49.284596,72602.855,128089.52,1.611,5783.11,79784.676,0.02,0.0
500.357,2026-06-26T03:20:49.335601,72692.93,128089.52,1.633,5783.111,79784.676,0.02,0.0
500.408,2026-06-26T03:20:49.386588,72783.23,128089.52,1.603,5783.112,79784.676,0.02,0.0
500.459,2026-06-26T03:20:49.437583,72873.414,128089.52,1.581,5783.113,79784.676,0.02,0.0
500.51,2026-06-26T03:20:49.488578,72963.414,128089.52,1.567,5783.114,79784.676,0.02,0.0
500.561,2026-06-26T03:20:49.539574,73053.883,128089.52,1.556,5783.115,79784.676,0.02,0.0
500.612,2026-06-26T03:20:49.590545,73143.715,128089.52,1.549,5783.116,79784.676,0.02,0.0
500.663,2026-06-26T03:20:49.641549,73169.457,128089.52,1.59,5783.117,79784.676,0.02,0.0
500.714,2026-06-26T03:20:49.692522,72882.766,128089.52,1.573,5783.118,79784.676,0.02,0.0
500.765,2026-06-26T03:20:49.743526,72473.805,127289.52,1.56,5783.119,79784.676,0.02,0.0
500.816,2026-06-26T03:20:49.794501,72513.105,127289.52,1.552,5783.12,79784.676,0.02,0.0
500.867,2026-06-26T03:20:49.845492,72552.305,127289.52,1.592,5783.121,79784.676,0.02,0.0
500.918,2026-06-26T03:20:49.896490,72591.52,127289.52,1.528,5783.123,79784.676,0.02,0.0
500.969,2026-06-26T03:20:49.947497,72630.988,127289.52,1.621,5783.124,79834.676,0.02,980.637
501.02,2026-06-26T03:20:49.998477,72718.055,128089.52,1.548,5783.125,79834.676,0.02,0.0
501.071,2026-06-26T03:20:50.049491,72807.098,128089.52,1.589,5783.126,79834.676,0.02,0.0
501.122,2026-06-26T03:20:50.100433,72895.941,128089.52,1.572,5783.127,79834.676,0.02,0.0
501.173,2026-06-26T03:20:50.151444,72984.996,128089.52,1.606,5783.128,79834.676,0.02,0.0
501.224,2026-06-26T03:20:50.202425,73073.781,128089.52,1.63,5783.129,79834.676,0.02,0.0
501.275,2026-06-26T03:20:50.253417,73162.551,128089.52,1.6,5783.13,79834.676,0.02,0.0
501.326,2026-06-26T03:20:50.304400,73251.301,128089.52,1.58,5783.131,79834.676,0.02,0.0
501.377,2026-06-26T03:20:50.355383,73339.828,128089.52,1.566,5783.132,79834.676,0.02,0.0
501.428,2026-06-26T03:20:50.406379,73428.629,128089.52,1.602,5783.133,79834.676,0.02,0.0
501.479,2026-06-26T03:20:50.457375,73517.492,128089.52,1.535,5783.134,79834.676,0.02,0.0
501.529,2026-06-26T03:20:50.508347,73605.973,128089.52,1.58,5783.135,79834.676,0.02,0.0
501.58,2026-06-26T03:20:50.559342,73694.258,128089.52,1.52,5783.136,79834.676,0.02,0.0
501.631,2026-06-26T03:20:50.610286,73783.492,128089.52,1.57,5783.137,79834.676,0.02,0.0
501.682,2026-06-26T03:20:50.661258,73872.395,128089.52,1.604,5783.138,79834.676,0.02,0.0
501.733,2026-06-26T03:20:50.712277,73961.715,128089.52,1.582,5783.139,79834.676,0.02,0.0
501.784,2026-06-26T03:20:50.763279,74050.711,128089.52,1.567,5783.14,79834.676,0.02,0.0
501.835,2026-06-26T03:20:50.814293,74076.156,128089.52,1.602,5783.141,79834.676,0.02,0.0
501.886,2026-06-26T03:20:50.865302,73725.258,128089.52,1.581,5783.142,79834.676,0.02,0.0
502.007,2026-06-26T03:20:50.986003,73429.754,127289.52,1.691,5783.492,79834.676,2.908,0.0
502.058,2026-06-26T03:20:51.036449,73468.586,127289.52,1.647,5783.493,79834.676,0.021,0.0
502.108,2026-06-26T03:20:51.087066,73507.34,127289.52,1.662,5783.494,79834.676,0.021,0.0
502.159,2026-06-26T03:20:51.137716,73558.953,128089.52,1.579,5783.495,79884.676,0.02,985.471
502.21,2026-06-26T03:20:51.188504,73647.227,128089.52,1.567,5783.496,79884.676,0.02,0.0
502.261,2026-06-26T03:20:51.239403,73736.129,128089.52,1.603,5783.497,79884.676,0.02,0.0
502.312,2026-06-26T03:20:51.290373,73825.73,128089.52,1.673,5783.498,79884.676,0.02,0.0
502.363,2026-06-26T03:20:51.341362,73915.594,128089.52,1.631,5783.499,79884.676,0.02,0.0
502.413,2026-06-26T03:20:51.392341,74005.379,128089.52,1.602,5783.5,79884.676,0.02,0.0
502.464,2026-06-26T03:20:51.443286,74095.105,128089.52,1.581,5783.501,79884.676,0.02,0.0
502.515,2026-06-26T03:20:51.494264,74184.641,128089.52,1.567,5783.502,79884.676,0.02,0.0
502.566,2026-06-26T03:20:51.545216,74274.383,128089.52,1.603,5783.503,79884.676,0.02,0.0
502.617,2026-06-26T03:20:51.596209,74363.965,128089.52,1.581,5783.504,79884.676,0.02,0.0
502.668,2026-06-26T03:20:51.647167,74453.488,128089.52,1.613,5783.505,79884.676,0.02,0.0
502.719,2026-06-26T03:20:51.698112,74542.594,128089.52,1.543,5783.506,79884.676,0.02,0.0
502.77,2026-06-26T03:20:51.749120,74631.898,128089.52,1.586,5783.508,79884.676,0.02,0.0
502.821,2026-06-26T03:20:51.800096,74721.289,128089.52,1.57,5783.509,79884.676,0.02,0.0
502.872,2026-06-26T03:20:51.851079,74810.328,128089.52,1.558,5783.51,79884.676,0.02,0.0
502.923,2026-06-26T03:20:51.902047,74899.676,128089.52,1.551,5783.511,79884.676,0.02,0.0
502.974,2026-06-26T03:20:51.953037,74925.293,128089.52,1.545,5783.512,79884.676,0.02,0.0
503.025,2026-06-26T03:20:52.004029,74977.703,128089.52,1.587,5783.513,79884.676,0.02,0.0
503.076,2026-06-26T03:20:52.055036,74280.84,128089.52,1.571,5783.514,79884.676,0.02,0.0
503.127,2026-06-26T03:20:52.105987,74290.25,127289.52,1.559,5783.515,79884.676,0.02,0.0
503.178,2026-06-26T03:20:52.156981,74329.34,127289.52,1.597,5783.516,79884.676,0.02,0.0
503.229,2026-06-26T03:20:52.207957,74368.52,127289.52,1.577,5783.517,79884.676,0.02,0.0
503.28,2026-06-26T03:20:52.258963,74407.441,127289.52,1.564,5783.518,79884.676,0.02,0.0
503.331,2026-06-26T03:20:52.309945,74469.91,128089.52,1.554,5783.519,79934.676,0.02,980.803
503.382,2026-06-26T03:20:52.360934,74558.262,128089.52,1.594,5783.52,79934.676,0.02,0.0
503.433,2026-06-26T03:20:52.411908,74646.406,128089.52,1.575,5783.521,79934.676,0.02,0.0
503.484,2026-06-26T03:20:52.462915,74731.785,128089.52,1.562,5783.522,79934.676,0.02,0.0
503.535,2026-06-26T03:20:52.513877,74814.102,128089.52,1.553,5783.523,79934.676,0.02,0.0
503.586,2026-06-26T03:20:52.564858,74897.488,128089.52,1.593,5783.524,79934.676,0.02,0.0
503.637,2026-06-26T03:20:52.615793,74980.598,128089.52,1.575,5783.525,79934.676,0.02,0.0
503.688,2026-06-26T03:20:52.666781,75064.895,128089.52,1.562,5783.526,79934.676,0.02,0.0
503.739,2026-06-26T03:20:52.717749,75126.477,128089.52,1.461,5783.527,79934.676,0.02,0.0
503.79,2026-06-26T03:20:52.768718,75210.336,128089.52,1.483,5783.528,79934.676,0.02,0.0
503.841,2026-06-26T03:20:52.819687,75293.891,128089.52,1.498,5783.529,79934.676,0.02,0.0
503.892,2026-06-26T03:20:52.870657,75379.586,128089.52,1.508,5783.53,79934.676,0.02,0.0
503.943,2026-06-26T03:20:52.921636,75462.93,128089.52,1.515,5783.531,79934.676,0.02,0.0
503.994,2026-06-26T03:20:52.972618,75549.395,128089.52,1.613,5783.532,79934.676,0.02,0.0
504.045,2026-06-26T03:20:53.023566,75633.77,128089.52,1.635,5783.533,79934.676,0.02,0.0
504.096,2026-06-26T03:20:53.074556,75720.309,128089.52,1.604,5783.535,79934.676,0.02,0.0
504.147,2026-06-26T03:20:53.125514,75807.695,128089.52,1.537,5783.536,79934.676,0.02,0.0
504.198,2026-06-26T03:20:53.176534,75831.438,128089.52,1.581,5783.537,79934.676,0.02,0.0
504.249,2026-06-26T03:20:53.227511,75469.84,128089.52,1.613,5783.538,79934.676,0.02,0.0
504.3,2026-06-26T03:20:53.278511,75127.328,127289.52,1.542,5783.539,79934.676,0.02,0.0
504.351,2026-06-26T03:20:53.329488,75164.723,127289.52,1.54,5783.54,79934.676,0.02,0.0
504.402,2026-06-26T03:20:53.380479,75202.055,127289.52,1.583,5783.541,79934.676,0.02,0.0
504.453,2026-06-26T03:20:53.431473,75239.531,127289.52,1.568,5783.542,79934.676,0.02,0.0
504.504,2026-06-26T03:20:53.482470,75277.375,128089.52,1.511,5783.543,79984.676,0.02,980.569
504.555,2026-06-26T03:20:53.533452,75364.18,128089.52,1.563,5783.544,79984.676,0.02,0.0
504.606,2026-06-26T03:20:53.584459,75451.281,128089.52,1.554,5783.545,79984.676,0.02,0.0
504.657,2026-06-26T03:20:53.635433,75538.246,128089.52,1.548,5783.546,79984.676,0.02,0.0
504.708,2026-06-26T03:20:53.686442,75625.379,128089.52,1.589,5783.547,79984.676,0.02,0.0
504.759,2026-06-26T03:20:53.737415,74611.457,128089.52,1.572,5783.548,79984.676,0.02,0.0
504.81,2026-06-26T03:20:53.788400,73197.18,128089.52,1.56,5783.549,79984.676,0.02,0.0
504.861,2026-06-26T03:20:53.839390,71787.258,128089.52,1.552,5783.55,79984.676,0.02,0.0
504.912,2026-06-26T03:20:53.890384,70381.16,128089.52,1.546,5783.551,79984.676,0.02,0.0
504.963,2026-06-26T03:20:53.941359,68979.105,128089.52,1.634,5783.552,79984.676,0.02,0.0
505.013,2026-06-26T03:20:53.992345,67745.93,123993.52,1.603,5783.553,79984.676,0.02,0.0
505.064,2026-06-26T03:20:54.043286,67840.562,123993.52,1.582,5783.554,79984.676,0.02,0.0
505.115,2026-06-26T03:20:54.094248,67935.016,123993.52,1.614,5783.555,79984.676,0.02,0.0
505.166,2026-06-26T03:20:54.145201,68029.734,123993.52,1.59,5783.556,79984.676,0.02,0.0
505.217,2026-06-26T03:20:54.196240,68124.402,123993.52,1.526,5783.557,79984.676,0.02,0.0
505.268,2026-06-26T03:20:54.247210,68218.992,123993.52,1.574,5783.558,79984.676,0.02,0.0
505.319,2026-06-26T03:20:54.298100,68287.566,123993.52,1.611,5783.559,79984.676,0.02,0.0
505.37,2026-06-26T03:20:54.348734,68342.938,123993.52,1.588,5783.56,79984.676,0.02,0.0
505.421,2026-06-26T03:20:54.399704,67863.938,123993.52,1.617,5783.562,79984.676,0.02,0.0
505.472,2026-06-26T03:20:54.450703,67644.703,123193.52,1.546,5783.563,79984.676,0.02,0.0
505.523,2026-06-26T03:20:54.501680,67689.637,123193.52,1.542,5783.564,79984.676,0.02,0.0
505.574,2026-06-26T03:20:54.552658,67734.316,123193.52,1.585,5783.565,79984.676,0.02,0.0
505.625,2026-06-26T03:20:54.603648,67778.676,123193.52,1.569,5783.566,79984.676,0.02,0.0
505.676,2026-06-26T03:20:54.654659,67831.656,123993.52,1.604,5783.567,80034.676,0.02,980.211
505.727,2026-06-26T03:20:54.705689,67926.359,123993.52,1.582,5783.568,80034.676,0.02,0.0
505.778,2026-06-26T03:20:54.756752,68021.289,123993.52,1.566,5783.569,80034.676,0.02,0.0
505.829,2026-06-26T03:20:54.807789,68116.254,123993.52,1.555,5783.57,80034.676,0.02,0.0
505.88,2026-06-26T03:20:54.858853,68212.242,123993.52,1.594,5783.571,80034.676,0.02,0.0
505.931,2026-06-26T03:20:54.909890,68308.57,123993.52,1.529,5783.572,80034.676,0.02,0.0
505.982,2026-06-26T03:20:54.960940,68404.777,123993.52,1.575,5783.573,80034.676,0.02,0.0
506.033,2026-06-26T03:20:55.011990,68501.074,123993.52,1.516,5783.574,80034.676,0.02,0.0
506.084,2026-06-26T03:20:55.063045,68597.422,123993.52,1.566,5783.575,80034.676,0.02,0.0
506.135,2026-06-26T03:20:55.114066,68693.688,123993.52,1.648,5783.576,80034.676,0.02,0.0
506.186,2026-06-26T03:20:55.165054,68789.992,123993.52,1.614,5783.577,80034.676,0.02,0.0
506.237,2026-06-26T03:20:55.216025,68885.664,123993.52,1.589,5783.578,80034.676,0.02,0.0
506.288,2026-06-26T03:20:55.267040,68981.422,123993.52,1.572,5783.579,80034.676,0.02,0.0
506.339,2026-06-26T03:20:55.318010,69076.941,123993.52,1.56,5783.58,80034.676,0.02,0.0
506.39,2026-06-26T03:20:55.368994,69173.07,123993.52,1.598,5783.581,80034.676,0.02,0.0
506.441,2026-06-26T03:20:55.419972,69269.504,123993.52,1.532,5783.582,80034.676,0.02,0.0
506.492,2026-06-26T03:20:55.470958,69301.805,123993.52,1.624,5783.583,80034.676,0.02,0.0
506.543,2026-06-26T03:20:55.521962,69359.844,123993.52,1.55,5783.584,80034.676,0.02,0.0
506.594,2026-06-26T03:20:55.572952,68658.766,123993.52,1.591,5783.585,80034.676,0.02,0.0
506.645,2026-06-26T03:20:55.623916,68683.84,123193.52,1.574,5783.586,80034.676,0.02,0.0
506.696,2026-06-26T03:20:55.674904,68728.055,123193.52,1.562,5783.587,80034.676,0.02,0.0
506.747,2026-06-26T03:20:55.725873,68771.961,123193.52,1.598,5783.588,80034.676,0.02,0.0
506.798,2026-06-26T03:20:55.776888,68816.086,123193.52,1.579,5783.59,80034.676,0.02,0.0
506.849,2026-06-26T03:20:55.827863,68884.582,123993.52,1.565,5783.591,80084.676,0.02,980.665
506.9,2026-06-26T03:20:55.878854,68980.008,123993.52,1.555,5783.592,80084.676,0.02,0.0
507.019,2026-06-26T03:20:55.997939,69203.727,123993.52,1.7,5783.941,80084.676,2.948,0.0
507.07,2026-06-26T03:20:56.048382,69298.641,123993.52,1.653,5783.942,80084.676,0.02,0.0
507.12,2026-06-26T03:20:56.098994,69393.664,123993.52,1.621,5783.943,80084.676,0.021,0.0
507.171,2026-06-26T03:20:56.149632,69488.727,123993.52,1.596,5783.944,80084.676,0.02,0.0
507.222,2026-06-26T03:20:56.200452,69584.258,123993.52,1.579,5783.945,80084.676,0.02,0.0
507.272,2026-06-26T03:20:56.251253,69679.812,123993.52,1.566,5783.946,80084.676,0.02,0.0
507.323,2026-06-26T03:20:56.302201,69775.34,123993.52,1.602,5783.947,80084.676,0.02,0.0
507.374,2026-06-26T03:20:56.353202,69871.195,123993.52,1.581,5783.949,80084.676,0.02,0.0
507.425,2026-06-26T03:20:56.404184,69966.992,123993.52,1.566,5783.95,80084.676,0.02,0.0
507.476,2026-06-26T03:20:56.455186,70063.301,123993.52,1.556,5783.951,80084.676,0.02,0.0
507.527,2026-06-26T03:20:56.506128,70159.711,123993.52,1.595,5783.952,80084.676,0.02,0.0
507.578,2026-06-26T03:20:56.557091,70256.035,123993.52,1.576,5783.953,80084.676,0.02,0.0
507.629,2026-06-26T03:20:56.608101,70331.188,123993.52,1.609,5783.954,80084.676,0.02,0.0
507.68,2026-06-26T03:20:56.659078,70383.836,123993.52,1.586,5783.955,80084.676,0.02,0.0
507.731,2026-06-26T03:20:56.710075,69889.141,123993.52,1.616,5783.956,80084.676,0.02,0.0
507.782,2026-06-26T03:20:56.761057,69686.309,123193.52,1.545,5783.957,80084.676,0.02,0.0
507.833,2026-06-26T03:20:56.812036,69731.359,123193.52,1.633,5783.958,80084.676,0.02,0.0
507.884,2026-06-26T03:20:56.863034,69776.73,123193.52,1.603,5783.959,80084.676,0.02,0.0
507.935,2026-06-26T03:20:56.914034,69821.074,123193.52,1.582,5783.96,80084.676,0.02,0.0
507.986,2026-06-26T03:20:56.965006,69881.863,123993.52,1.566,5783.961,80134.676,0.02,979.415
508.037,2026-06-26T03:20:57.016045,69977.453,123993.52,1.602,5783.962,80134.676,0.02,0.0
508.088,2026-06-26T03:20:57.067016,70072.922,123993.52,1.581,5783.963,80134.676,0.02,0.0
508.139,2026-06-26T03:20:57.118028,70167.887,123993.52,1.567,5783.964,80134.676,0.02,0.0
508.19,2026-06-26T03:20:57.169003,70262.535,123993.52,1.556,5783.965,80134.676,0.02,0.0
508.241,2026-06-26T03:20:57.219991,70357.207,123993.52,1.549,5783.966,80134.676,0.02,0.0
508.292,2026-06-26T03:20:57.270972,70451.914,123993.52,1.544,5783.967,80134.676,0.02,0.0
508.343,2026-06-26T03:20:57.321969,70545.949,123993.52,1.54,5783.968,80134.676,0.02,0.0
508.394,2026-06-26T03:20:57.372957,70640.785,123993.52,1.584,5783.969,80134.676,0.02,0.0
508.445,2026-06-26T03:20:57.423957,70735.375,123993.52,1.568,5783.97,80134.676,0.02,0.0
508.496,2026-06-26T03:20:57.474934,70830.211,123993.52,1.649,5783.971,80134.676,0.02,0.0
508.547,2026-06-26T03:20:57.525938,70925.398,123993.52,1.614,5783.972,80134.676,0.02,0.0
508.598,2026-06-26T03:20:57.576921,71021.652,123993.52,1.543,5783.973,80134.676,0.02,0.0
508.649,2026-06-26T03:20:57.627929,71117.941,123993.52,1.586,5783.974,80134.676,0.02,0.0
508.7,2026-06-26T03:20:57.678907,71214.441,123993.52,1.57,5783.975,80134.676,0.02,0.0
508.751,2026-06-26T03:20:57.729888,71261.754,123993.52,1.329,5783.977,80134.676,0.02,0.0
508.802,2026-06-26T03:20:57.780871,71294.574,123993.52,1.068,5783.978,80134.676,0.02,0.0
508.853,2026-06-26T03:20:57.831877,71329.996,123943.52,1.207,5783.979,80134.676,0.02,0.0
508.904,2026-06-26T03:20:57.882858,71421.371,123993.52,1.351,5783.98,80134.676,0.02,0.0
508.955,2026-06-26T03:20:57.933854,70769.656,123993.52,1.406,5783.981,80134.676,0.02,0.0
509.006,2026-06-26T03:20:57.984816,70714.812,123193.52,1.443,5783.982,80134.676,0.02,0.0
509.057,2026-06-26T03:20:58.035842,70759.859,123193.52,1.516,5783.983,80134.676,0.02,0.0
509.108,2026-06-26T03:20:58.086845,70802.98,123193.52,1.566,5783.984,80134.676,0.02,0.0
509.159,2026-06-26T03:20:58.137852,70845.652,123193.52,1.556,5783.985,80134.676,0.02,0.0
509.21,2026-06-26T03:20:58.188826,70905.254,123243.52,1.503,5783.986,80184.676,0.02,981.312
509.261,2026-06-26T03:20:58.239784,70931.301,123193.52,1.558,5783.987,80184.676,0.02,0.0
509.312,2026-06-26T03:20:58.290755,70974.359,123193.52,1.596,5783.988,80234.676,0.02,980.862
509.363,2026-06-26T03:20:58.341731,71063.68,123993.52,1.532,5783.989,80234.676,0.02,0.0
509.414,2026-06-26T03:20:58.392672,71156.695,123993.52,1.578,5783.99,80234.676,0.02,0.0
509.465,2026-06-26T03:20:58.443653,71249.613,123993.52,1.565,5783.991,80234.676,0.02,0.0
509.516,2026-06-26T03:20:58.494589,71340.965,123993.52,1.555,5783.992,80234.676,0.02,0.0
509.567,2026-06-26T03:20:58.545579,71433.57,123993.52,1.548,5783.993,80234.676,0.02,0.0
509.618,2026-06-26T03:20:58.596533,71526.191,123993.52,1.59,5783.994,80234.676,0.02,0.0
509.669,2026-06-26T03:20:58.647498,71618.641,123993.52,1.573,5783.995,80234.676,0.02,0.0
509.72,2026-06-26T03:20:58.698464,71710.176,123993.52,1.607,5783.996,80234.676,0.02,0.0
509.771,2026-06-26T03:20:58.749428,71336.422,123993.52,1.585,5783.997,80234.676,0.02,0.0
509.822,2026-06-26T03:20:58.800396,70633.062,123993.52,1.569,5783.998,80234.676,0.02,0.0
509.873,2026-06-26T03:20:58.851377,69930.371,123993.52,1.558,5783.999,80234.676,0.02,0.0
509.923,2026-06-26T03:20:58.902328,69227.547,123993.52,1.597,5784.0,80234.676,0.02,0.0
509.974,2026-06-26T03:20:58.953273,68524.441,123993.52,1.578,5784.001,80234.676,0.02,0.0
510.025,2026-06-26T03:20:59.004208,67939.484,119897.52,1.519,5784.002,80234.676,0.02,0.0
510.076,2026-06-26T03:20:59.055195,67991.348,119897.52,1.293,5784.004,80234.676,0.02,0.0
510.127,2026-06-26T03:20:59.106124,68043.23,119897.52,1.181,5784.005,80234.676,0.02,0.0
510.178,2026-06-26T03:20:59.157058,68030.793,119897.52,1.057,5784.006,80234.676,0.02,0.0
510.229,2026-06-26T03:20:59.208048,67519.359,119897.52,1.246,5784.007,80234.676,0.02,0.0
510.28,2026-06-26T03:20:59.259003,67245.359,119097.52,1.332,5784.008,80234.676,0.02,0.0
510.331,2026-06-26T03:20:59.309971,67245.359,119097.52,1.394,5784.009,80234.676,0.02,0.0
510.382,2026-06-26T03:20:59.360608,67245.359,119097.52,1.437,5784.01,80234.676,0.02,0.0
510.433,2026-06-26T03:20:59.411599,67245.359,119097.52,1.465,5784.011,80234.676,0.02,0.0
510.484,2026-06-26T03:20:59.462587,67245.359,119097.52,1.485,5784.012,80234.676,0.02,0.0
510.535,2026-06-26T03:20:59.513601,67280.566,119897.52,1.499,5784.013,80284.676,0.02,980.862
510.586,2026-06-26T03:20:59.564578,67332.074,119897.52,1.555,5784.014,80284.676,0.02,0.0
510.637,2026-06-26T03:20:59.615586,67383.875,119897.52,1.548,5784.015,80284.676,0.02,0.0
510.688,2026-06-26T03:20:59.666561,67435.453,119897.52,1.589,5784.016,80284.676,0.02,0.0
510.739,2026-06-26T03:20:59.717584,67487.254,119897.52,1.618,5784.017,80284.676,0.02,0.0
510.79,2026-06-26T03:20:59.768548,67538.648,119897.52,1.546,5784.018,80284.676,0.02,0.0
510.841,2026-06-26T03:20:59.819551,67586.816,119897.52,1.588,5784.019,80284.676,0.02,0.0
510.892,2026-06-26T03:20:59.870532,67634.676,119897.52,1.572,5784.02,80284.676,0.02,0.0
510.943,2026-06-26T03:20:59.921535,67682.484,119897.52,1.559,5784.021,80284.676,0.02,0.0
510.994,2026-06-26T03:20:59.972530,67730.383,119897.52,1.551,5784.022,80284.676,0.02,0.0
511.045,2026-06-26T03:21:00.023534,67778.137,119897.52,1.545,5784.023,80284.676,0.02,0.0
511.096,2026-06-26T03:21:00.074508,67825.848,119897.52,1.633,5784.024,80284.676,0.02,0.0
511.147,2026-06-26T03:21:00.125505,67892.043,121497.52,1.603,5784.025,80284.676,0.02,0.0
511.198,2026-06-26T03:21:00.176483,67961.566,121497.52,1.582,5784.026,80284.676,0.02,0.0
511.249,2026-06-26T03:21:00.227499,68031.094,121497.52,1.567,5784.027,80284.676,0.02,0.0
511.3,2026-06-26T03:21:00.278464,68100.535,121497.52,1.603,5784.028,80284.676,0.02,0.0
511.351,2026-06-26T03:21:00.329452,68106.773,121497.52,1.535,5784.029,80284.676,0.02,0.0
511.402,2026-06-26T03:21:00.380433,67850.824,121497.52,1.58,5784.03,80284.676,0.02,0.0
511.453,2026-06-26T03:21:00.431444,67375.641,120697.52,1.566,5784.032,80284.676,0.02,0.0
511.504,2026-06-26T03:21:00.482429,67394.617,120697.52,1.556,5784.033,80284.676,0.02,0.0
511.555,2026-06-26T03:21:00.533429,67413.633,120697.52,1.549,5784.034,80284.676,0.02,0.0
511.606,2026-06-26T03:21:00.584396,67432.605,120697.52,1.544,5784.035,80284.676,0.02,0.0
511.657,2026-06-26T03:21:00.635415,67451.621,120697.52,1.586,5784.036,80334.676,0.02,980.353
511.708,2026-06-26T03:21:00.686398,67506.492,121497.52,1.616,5784.037,80334.676,0.02,0.0
511.759,2026-06-26T03:21:00.737395,67575.273,121497.52,1.637,5784.038,80334.676,0.02,0.0
511.81,2026-06-26T03:21:00.788377,67644.379,121497.52,1.606,5784.039,80334.676,0.02,0.0
511.861,2026-06-26T03:21:00.839363,67712.285,121497.52,1.537,5784.04,80334.676,0.02,0.0
511.912,2026-06-26T03:21:00.890370,67780.301,121497.52,1.582,5784.041,80334.676,0.02,0.0
512.033,2026-06-26T03:21:01.011520,67941.457,121497.52,1.709,5784.391,80334.676,2.897,0.0
512.083,2026-06-26T03:21:01.061953,68009.887,121497.52,1.659,5784.392,80334.676,0.02,0.0
512.134,2026-06-26T03:21:01.112582,68078.582,121497.52,1.625,5784.393,80334.676,0.021,0.0
512.184,2026-06-26T03:21:01.163221,68148.465,121497.52,1.599,5784.394,80334.676,0.02,0.0
512.235,2026-06-26T03:21:01.214008,68236.609,121497.52,1.636,5784.395,80334.676,0.016,0.0
512.299,2026-06-26T03:21:01.277650,68307.637,121497.52,1.605,5784.396,80334.676,0.02,0.0
512.35,2026-06-26T03:21:01.328625,68378.172,121497.52,1.583,5784.397,80334.676,0.02,0.0
512.401,2026-06-26T03:21:01.379624,68447.652,121497.52,1.614,5784.398,80334.676,0.02,0.0
512.452,2026-06-26T03:21:01.430597,68516.906,121497.52,1.635,5784.399,80334.676,0.02,0.0
512.503,2026-06-26T03:21:01.481622,68523.129,121497.52,1.604,5784.4,80334.676,0.02,0.0
512.554,2026-06-26T03:21:01.532599,68485.285,121497.52,1.583,5784.401,80334.676,0.02,0.0
512.605,2026-06-26T03:21:01.583605,67820.137,121497.52,1.613,5784.402,80334.676,0.02,0.0
512.656,2026-06-26T03:21:01.634587,67823.137,120697.52,1.589,5784.403,80334.676,0.02,0.0
512.707,2026-06-26T03:21:01.685587,67842.098,120697.52,1.572,5784.404,80334.676,0.02,0.0
512.758,2026-06-26T03:21:01.736585,67861.023,120697.52,1.56,5784.405,80334.676,0.02,0.0
512.809,2026-06-26T03:21:01.787588,67879.719,120697.52,1.552,5784.406,80334.676,0.02,0.0
512.86,2026-06-26T03:21:01.838562,67920.16,121497.52,1.546,5784.407,80384.676,0.02,979.762
512.911,2026-06-26T03:21:01.889580,67987.625,121497.52,1.588,5784.408,80384.676,0.02,0.0
512.962,2026-06-26T03:21:01.940560,68055.609,121497.52,1.525,5784.409,80384.676,0.02,0.0
513.013,2026-06-26T03:21:01.991569,68123.594,121497.52,1.573,5784.41,80384.676,0.02,0.0
513.064,2026-06-26T03:21:02.042558,68191.578,121497.52,1.561,5784.411,80384.676,0.02,0.0
513.115,2026-06-26T03:21:02.093528,68259.699,121497.52,1.598,5784.412,80384.676,0.02,0.0
513.166,2026-06-26T03:21:02.144515,68327.719,121497.52,1.625,5784.413,80384.676,0.02,0.0
513.217,2026-06-26T03:21:02.195516,68395.734,121497.52,1.551,5784.414,80384.676,0.02,0.0
513.268,2026-06-26T03:21:02.246498,68463.703,121497.52,1.591,5784.415,80384.676,0.02,0.0
513.319,2026-06-26T03:21:02.297504,68531.73,121497.52,1.62,5784.416,80384.676,0.02,0.0
513.37,2026-06-26T03:21:02.348471,68600.773,121497.52,1.593,5784.417,80384.676,0.02,0.0
513.421,2026-06-26T03:21:02.399498,68669.844,121497.52,1.575,5784.419,80384.676,0.02,0.0
513.472,2026-06-26T03:21:02.450480,68738.859,121497.52,1.562,5784.42,80384.676,0.02,0.0
513.523,2026-06-26T03:21:02.501474,68807.727,121497.52,1.599,5784.421,80384.676,0.02,0.0
513.574,2026-06-26T03:21:02.552445,68876.652,121497.52,1.579,5784.422,80384.676,0.02,0.0
513.625,2026-06-26T03:21:02.603439,68945.863,121497.52,1.565,5784.423,80384.676,0.02,0.0
513.676,2026-06-26T03:21:02.654433,68951.855,121497.52,1.555,5784.424,80384.676,0.02,0.0
513.727,2026-06-26T03:21:02.705491,69010.172,121497.52,1.547,5784.425,80384.676,0.02,0.0
513.778,2026-06-26T03:21:02.756525,68260.102,121497.52,1.359,5784.426,80384.676,0.02,0.0
513.829,2026-06-26T03:21:02.807593,68241.047,120697.52,1.41,5784.427,80384.676,0.02,0.0
513.88,2026-06-26T03:21:02.858622,68259.84,120697.52,1.446,5784.428,80384.676,0.02,0.0
513.931,2026-06-26T03:21:02.909705,68278.742,120697.52,1.517,5784.429,80384.676,0.02,0.0
513.982,2026-06-26T03:21:02.960735,68297.59,120697.52,1.567,5784.43,80384.676,0.02,0.0
514.033,2026-06-26T03:21:03.011788,68340.359,120747.52,1.556,5784.431,80434.676,0.02,979.154
514.084,2026-06-26T03:21:03.062836,68335.48,120697.52,1.594,5784.432,80434.676,0.02,0.0
514.135,2026-06-26T03:21:03.113862,68357.551,121497.52,1.576,5784.433,80484.676,0.02,980.931
514.186,2026-06-26T03:21:03.164835,68425.887,121497.52,1.562,5784.434,80484.676,0.02,0.0
514.237,2026-06-26T03:21:03.215845,68494.465,121497.52,1.553,5784.435,80484.676,0.02,0.0
514.288,2026-06-26T03:21:03.266808,68563.168,121497.52,1.547,5784.436,80484.676,0.02,0.0
514.339,2026-06-26T03:21:03.317819,68632.043,121497.52,1.543,5784.437,80484.676,0.02,0.0
514.39,2026-06-26T03:21:03.368790,68700.754,121497.52,1.539,5784.438,80484.676,0.02,0.0
514.441,2026-06-26T03:21:03.419793,68769.391,121497.52,1.583,5784.439,80484.676,0.02,0.0
514.492,2026-06-26T03:21:03.470774,68838.16,121497.52,1.568,5784.44,80484.676,0.02,0.0
514.543,2026-06-26T03:21:03.521767,68906.613,121497.52,1.603,5784.441,80484.676,0.02,0.0
514.594,2026-06-26T03:21:03.572768,68975.535,121497.52,1.628,5784.442,80484.676,0.02,0.0
514.645,2026-06-26T03:21:03.623777,69045.297,121497.52,1.553,5784.443,80484.676,0.02,0.0
514.696,2026-06-26T03:21:03.674740,69114.973,121497.52,1.593,5784.444,80484.676,0.02,0.0
514.747,2026-06-26T03:21:03.725738,69184.16,121497.52,1.575,5784.446,80484.676,0.02,0.0
514.798,2026-06-26T03:21:03.776710,69253.223,121497.52,1.608,5784.447,80484.676,0.02,0.0
514.849,2026-06-26T03:21:03.827767,69322.336,121497.52,1.539,5784.448,80484.676,0.02,0.0
514.9,2026-06-26T03:21:03.878742,69391.391,121497.52,1.537,5784.449,80484.676,0.02,0.0
514.951,2026-06-26T03:21:03.929739,69406.285,121447.52,1.581,5784.45,80484.676,0.02,0.0
515.002,2026-06-26T03:21:03.980725,69465.938,121497.52,1.567,5784.451,80484.676,0.02,0.0
515.053,2026-06-26T03:21:04.031729,68894.062,121497.52,1.556,5784.452,80484.676,0.02,0.0
515.104,2026-06-26T03:21:04.082724,68712.926,120697.52,1.594,5784.453,80484.676,0.02,0.0
515.155,2026-06-26T03:21:04.133731,68731.871,120697.52,1.622,5784.454,80484.676,0.02,0.0
515.206,2026-06-26T03:21:04.184683,68750.719,120697.52,1.549,5784.455,80484.676,0.02,0.0
515.257,2026-06-26T03:21:04.235664,68765.824,120697.52,1.59,5784.456,80484.676,0.02,0.0
515.308,2026-06-26T03:21:04.286607,68785.676,120747.52,1.573,5784.457,80534.676,0.02,980.596
515.359,2026-06-26T03:21:04.337609,68843.449,120747.52,1.561,5784.458,80534.676,0.02,0.0
515.41,2026-06-26T03:21:04.388585,68818.375,120697.52,1.599,5784.459,80584.676,0.02,980.748
515.461,2026-06-26T03:21:04.439581,68875.777,120747.52,1.578,5784.46,80584.676,0.02,0.0
515.512,2026-06-26T03:21:04.490566,68387.641,120697.52,1.565,5784.461,80584.676,0.02,0.0
515.563,2026-06-26T03:21:04.541567,67545.641,120697.52,1.417,5784.462,80634.676,0.02,980.775
515.614,2026-06-26T03:21:04.592515,66701.641,120697.52,1.222,5784.463,80634.676,0.02,0.0
515.665,2026-06-26T03:21:04.643509,65841.641,120697.52,1.085,5784.464,80634.676,0.02,0.0
515.716,2026-06-26T03:21:04.694481,64989.641,120697.52,0.989,5784.465,80634.676,0.02,0.0
515.767,2026-06-26T03:21:04.745490,64785.031,117401.52,1.106,5784.466,80634.676,0.02,0.0
515.818,2026-06-26T03:21:04.796480,64834.777,117401.52,1.28,5784.467,80634.676,0.02,0.0
515.869,2026-06-26T03:21:04.847481,64884.441,117401.52,1.355,5784.468,80634.676,0.02,0.0
515.92,2026-06-26T03:21:04.898466,64934.254,117401.52,1.455,5784.469,80634.676,0.02,0.0
515.971,2026-06-26T03:21:04.949455,64983.926,117401.52,1.478,5784.47,80634.676,0.02,0.0
516.022,2026-06-26T03:21:05.000456,65033.469,117401.52,1.494,5784.471,80634.676,0.02,0.0
516.073,2026-06-26T03:21:05.051457,65083.75,117401.52,1.506,5784.472,80634.676,0.02,0.0
516.124,2026-06-26T03:21:05.102413,65134.473,117401.52,1.514,5784.473,80634.676,0.02,0.0
516.175,2026-06-26T03:21:05.153413,65185.152,117401.52,1.519,5784.475,80634.676,0.02,0.0
516.226,2026-06-26T03:21:05.204376,65235.758,117401.52,1.523,5784.476,80634.676,0.02,0.0
516.277,2026-06-26T03:21:05.255392,65285.578,117401.52,1.618,5784.477,80634.676,0.02,0.0
516.328,2026-06-26T03:21:05.306360,65335.43,117401.52,1.546,5784.478,80634.676,0.02,0.0
516.378,2026-06-26T03:21:05.357351,65385.188,117401.52,1.588,5784.479,80634.676,0.02,0.0
516.429,2026-06-26T03:21:05.408335,65435.031,117401.52,1.571,5784.48,80634.676,0.02,0.0
516.48,2026-06-26T03:21:05.459284,65484.883,117401.52,1.606,5784.481,80634.676,0.02,0.0
516.531,2026-06-26T03:21:05.510251,65534.777,117401.52,1.538,5784.482,80634.676,0.02,0.0
516.582,2026-06-26T03:21:05.561204,65520.77,117401.52,1.583,5784.483,80634.676,0.02,0.0
516.633,2026-06-26T03:21:05.612204,65255.641,117401.52,1.521,5784.484,80634.676,0.02,0.0
516.684,2026-06-26T03:21:05.663168,64749.645,116601.52,1.387,5784.485,80634.676,0.02,0.0
516.735,2026-06-26T03:21:05.714115,64749.645,116601.52,1.201,5784.486,80634.676,0.02,0.0
516.786,2026-06-26T03:21:05.765121,64749.645,116601.52,1.116,5784.487,80634.676,0.02,0.0
516.837,2026-06-26T03:21:05.816096,64749.645,116601.52,1.011,5784.488,80634.676,0.02,0.0
516.888,2026-06-26T03:21:05.867079,64749.645,116601.52,0.984,5784.489,80684.676,0.02,980.491
516.939,2026-06-26T03:21:05.918066,64797.762,116651.52,0.872,5784.49,80684.676,0.02,0.0
517.061,2026-06-26T03:21:06.039759,64805.328,117401.52,0.977,5784.841,80734.676,2.893,412.487
517.111,2026-06-26T03:21:06.090185,64855.109,117401.52,0.962,5784.842,80734.676,0.02,0.0
517.162,2026-06-26T03:21:06.140803,64905.109,117401.52,0.905,5784.843,80734.676,0.02,0.0
517.213,2026-06-26T03:21:06.191544,64956.102,117401.52,0.864,5784.844,80734.676,0.02,0.0
517.264,2026-06-26T03:21:06.242356,65007.371,117401.52,0.836,5784.845,80734.676,0.02,0.0
517.314,2026-06-26T03:21:06.293195,65058.488,117401.52,0.861,5784.846,80734.676,0.02,0.0
517.365,2026-06-26T03:21:06.344185,65109.781,117401.52,0.833,5784.847,80734.676,0.02,0.0
517.416,2026-06-26T03:21:06.395183,65161.105,117401.52,0.813,5784.848,80734.676,0.02,0.0
517.467,2026-06-26T03:21:06.446131,65212.289,117401.52,0.799,5784.849,80734.676,0.02,0.0
517.518,2026-06-26T03:21:06.497113,65263.723,117401.52,0.789,5784.85,80734.676,0.02,0.0
517.569,2026-06-26T03:21:06.548079,65314.836,117401.52,0.782,5784.851,80734.676,0.02,0.0
517.62,2026-06-26T03:21:06.599068,65365.254,117401.52,0.777,5784.852,80734.676,0.02,0.0
517.671,2026-06-26T03:21:06.650045,65415.789,117401.52,0.82,5784.853,80734.676,0.02,0.0
517.722,2026-06-26T03:21:06.701010,65466.465,117401.52,0.804,5784.854,80734.676,0.02,0.0
517.773,2026-06-26T03:21:06.752003,65517.117,117401.52,0.793,5784.855,80734.676,0.02,0.0
517.824,2026-06-26T03:21:06.802969,65504.348,117401.52,0.785,5784.856,80734.676,0.02,0.0
517.875,2026-06-26T03:21:06.853983,65483.66,117401.52,0.779,5784.857,80734.676,0.02,0.0
517.926,2026-06-26T03:21:06.904964,64749.66,116601.52,0.775,5784.858,80734.676,0.02,0.0
517.977,2026-06-26T03:21:06.955957,64749.66,116601.52,0.772,5784.859,80734.676,0.02,0.0
518.028,2026-06-26T03:21:07.006949,64749.66,116601.52,0.771,5784.86,80734.676,0.02,0.0
518.079,2026-06-26T03:21:07.057949,64749.66,116601.52,0.769,5784.862,80734.676,0.02,0.0
518.13,2026-06-26T03:21:07.108924,64749.66,116601.52,0.768,5784.863,80784.676,0.02,980.504
518.181,2026-06-26T03:21:07.159923,64785.598,117401.52,0.86,5784.864,80784.676,0.02,0.0
518.232,2026-06-26T03:21:07.210887,64835.691,117401.52,0.831,5784.865,80784.676,0.02,0.0
518.283,2026-06-26T03:21:07.261887,64885.953,117401.52,0.812,5784.866,80784.676,0.02,0.0
518.334,2026-06-26T03:21:07.312866,64935.926,117401.52,0.798,5784.867,80784.676,0.02,0.0
518.385,2026-06-26T03:21:07.363870,64986.105,117401.52,0.789,5784.868,80784.676,0.02,0.0
518.436,2026-06-26T03:21:07.414856,65036.363,117401.52,0.828,5784.869,80784.676,0.02,0.0
518.487,2026-06-26T03:21:07.465840,65086.965,117401.52,0.763,5784.87,80784.676,0.02,0.0
518.538,2026-06-26T03:21:07.516842,65138.305,117401.52,0.764,5784.871,80784.676,0.02,0.0
518.589,2026-06-26T03:21:07.567841,65189.664,117401.52,0.765,5784.872,80784.676,0.02,0.0
518.64,2026-06-26T03:21:07.618815,65240.867,117401.52,0.811,5784.873,80784.676,0.02,0.0
518.691,2026-06-26T03:21:07.669813,65292.355,117401.52,0.798,5784.874,80784.676,0.02,0.0
518.742,2026-06-26T03:21:07.720758,65339.125,117401.52,0.742,5784.875,80784.676,0.02,0.0
518.793,2026-06-26T03:21:07.771738,65389.742,117401.52,0.796,5784.876,80784.676,0.02,0.0
518.844,2026-06-26T03:21:07.822711,65440.789,117401.52,0.787,5784.877,80784.676,0.02,0.0
518.895,2026-06-26T03:21:07.873709,65491.848,117401.52,0.78,5784.878,80784.676,0.02,0.0
518.946,2026-06-26T03:21:07.924691,65542.734,117401.52,0.822,5784.879,80784.676,0.02,0.0
518.997,2026-06-26T03:21:07.975687,65529.332,117401.52,0.805,5784.88,80784.676,0.02,0.0
519.048,2026-06-26T03:21:08.026674,65115.66,117401.52,0.793,5784.881,80784.676,0.02,0.0
519.099,2026-06-26T03:21:08.077679,64749.66,116601.52,0.785,5784.882,80784.676,0.02,0.0
519.15,2026-06-26T03:21:08.128657,64749.66,116601.52,0.871,5784.883,80784.676,0.02,0.0
519.201,2026-06-26T03:21:08.179666,64749.66,116601.52,0.84,5784.884,80784.676,0.02,0.0
519.252,2026-06-26T03:21:08.230635,64749.66,116601.52,0.818,5784.885,80784.676,0.02,0.0
519.303,2026-06-26T03:21:08.281653,64759.895,116651.52,0.756,5784.886,80834.676,0.02,980.477
519.354,2026-06-26T03:21:08.332638,64749.66,116601.52,0.759,5784.887,80834.676,0.02,0.0
519.405,2026-06-26T03:21:08.383627,64749.66,116601.52,0.807,5784.888,80884.676,0.02,980.339
519.456,2026-06-26T03:21:08.434624,64798.176,116651.52,0.749,5784.889,80884.676,0.02,0.0
519.507,2026-06-26T03:21:08.485631,64749.66,116601.52,0.8,5784.891,80934.676,0.02,980.651
519.558,2026-06-26T03:21:08.536620,64786.953,116651.52,0.79,5784.892,80934.676,0.02,0.0
519.609,2026-06-26T03:21:08.587627,64749.66,116601.52,0.829,5784.893,80934.676,0.02,0.0
519.66,2026-06-26T03:21:08.638602,64775.781,117401.52,0.764,5784.894,80984.676,0.02,979.74
519.711,2026-06-26T03:21:08.689626,64826.984,117401.52,0.765,5784.895,80984.676,0.02,0.0
519.762,2026-06-26T03:21:08.740614,64878.273,117401.52,0.811,5784.896,80984.676,0.02,0.0
519.813,2026-06-26T03:21:08.791609,64929.465,117401.52,0.843,5784.897,80984.676,0.02,0.0
519.864,2026-06-26T03:21:08.842596,64980.91,117401.52,0.774,5784.898,80984.676,0.02,0.0
519.915,2026-06-26T03:21:08.893584,65032.121,117401.52,0.817,5784.899,80984.676,0.02,0.0
519.966,2026-06-26T03:21:08.944580,65083.395,117401.52,0.802,5784.9,80984.676,0.02,0.0
520.017,2026-06-26T03:21:08.995584,65134.566,117401.52,0.745,5784.901,80984.676,0.02,0.0
520.068,2026-06-26T03:21:09.046558,65185.598,117401.52,0.798,5784.902,80984.676,0.02,0.0
520.119,2026-06-26T03:21:09.097550,65236.156,117401.52,0.788,5784.903,80984.676,0.02,0.0
520.17,2026-06-26T03:21:09.148526,65286.926,117401.52,0.873,5784.904,80984.676,0.02,0.0
520.221,2026-06-26T03:21:09.199543,65337.465,117401.52,0.795,5784.905,80984.676,0.02,0.0
520.272,2026-06-26T03:21:09.250533,65388.191,117401.52,0.832,5784.906,80984.676,0.02,0.0
520.323,2026-06-26T03:21:09.301540,65438.723,117401.52,0.766,5784.907,80984.676,0.02,0.0
520.374,2026-06-26T03:21:09.352530,65489.23,117401.52,0.766,5784.908,80984.676,0.02,0.0
520.425,2026-06-26T03:21:09.403531,65540.086,117401.52,0.812,5784.909,80984.676,0.02,0.0
520.476,2026-06-26T03:21:09.454519,65526.492,117401.52,0.798,5784.91,80984.676,0.02,0.0
520.527,2026-06-26T03:21:09.505518,65163.66,117401.52,0.789,5784.911,80984.676,0.02,0.0
520.578,2026-06-26T03:21:09.556497,64749.66,116601.52,0.782,5784.912,80984.676,0.02,0.0
520.629,2026-06-26T03:21:09.607506,64749.66,116601.52,0.777,5784.913,80984.676,0.02,0.0
520.68,2026-06-26T03:21:09.658491,64749.66,116601.52,0.774,5784.914,80984.676,0.02,0.0
520.731,2026-06-26T03:21:09.709487,64749.66,116601.52,0.771,5784.915,80984.676,0.02,0.0
520.782,2026-06-26T03:21:09.760468,64757.082,116651.52,0.77,5784.916,81034.676,0.02,981.702
520.833,2026-06-26T03:21:09.811456,64749.66,116601.52,0.815,5784.917,81034.676,0.02,0.0
520.884,2026-06-26T03:21:09.862435,64749.66,116601.52,0.754,5784.918,81084.676,0.02,981.261
520.935,2026-06-26T03:21:09.913423,64782.172,116651.52,0.758,5784.919,81084.676,0.02,0.0
520.986,2026-06-26T03:21:09.964366,64749.66,116601.52,0.807,5784.921,81084.676,0.02,0.0
521.036,2026-06-26T03:21:10.015346,64759.988,117401.52,0.749,5784.922,81134.676,0.02,981.413
521.087,2026-06-26T03:21:10.066263,64805.195,117401.52,0.8,5784.923,81134.676,0.02,0.0
521.138,2026-06-26T03:21:10.117214,64851.188,117401.52,0.836,5784.924,81134.676,0.02,0.0
521.189,2026-06-26T03:21:10.168195,64894.629,117401.52,0.815,5784.925,81134.676,0.02,0.0
521.24,2026-06-26T03:21:10.219120,64941.836,117401.52,0.755,5784.926,81134.676,0.02,0.0
521.291,2026-06-26T03:21:10.270086,64984.543,117401.52,0.804,5784.927,81134.676,0.02,0.0
521.342,2026-06-26T03:21:10.321039,65030.57,117401.52,0.839,5784.928,81134.676,0.02,0.0
521.393,2026-06-26T03:21:10.372004,65075.641,117401.52,0.817,5784.929,81134.676,0.02,0.0
521.444,2026-06-26T03:21:10.422979,65120.988,117401.52,0.848,5784.93,81134.676,0.02,0.0
521.495,2026-06-26T03:21:10.473923,65166.926,117401.52,0.824,5784.931,81134.676,0.02,0.0
521.546,2026-06-26T03:21:10.524902,65213.07,117401.52,0.76,5784.932,81134.676,0.02,0.0
521.597,2026-06-26T03:21:10.575853,65259.035,117401.52,0.762,5784.933,81134.676,0.02,0.0
521.648,2026-06-26T03:21:10.626834,65304.348,117401.52,0.809,5784.934,81134.676,0.02,0.0
521.699,2026-06-26T03:21:10.677809,65349.379,117401.52,0.796,5784.935,81134.676,0.02,0.0
521.75,2026-06-26T03:21:10.728836,65393.52,117401.52,0.787,5784.936,81134.676,0.02,0.0
521.801,2026-06-26T03:21:10.779866,65439.484,117401.52,0.781,5784.937,81134.676,0.02,0.0
521.852,2026-06-26T03:21:10.830892,65484.543,117401.52,0.776,5784.938,81134.676,0.02,0.0
521.903,2026-06-26T03:21:10.881910,65529.09,117401.52,0.819,5784.939,81134.676,0.02,0.0
521.954,2026-06-26T03:21:10.932948,65509.297,117401.52,0.757,5784.94,81134.676,0.02,0.0
522.074,2026-06-26T03:21:11.053343,64749.691,116601.52,0.94,5785.29,81134.676,2.915,0.0
522.125,2026-06-26T03:21:11.103781,64749.691,116601.52,0.889,5785.291,81134.676,0.02,0.0
522.176,2026-06-26T03:21:11.154548,64749.691,116601.52,0.854,5785.292,81134.676,0.02,0.0
522.226,2026-06-26T03:21:11.205200,64749.691,116601.52,0.829,5785.293,81134.676,0.02,0.0
522.277,2026-06-26T03:21:11.255966,64749.691,116601.52,0.811,5785.294,81134.676,0.02,0.0
522.328,2026-06-26T03:21:11.306863,64769.023,116651.52,0.751,5785.295,81184.676,0.02,980.688
522.379,2026-06-26T03:21:11.357844,64749.691,116601.52,0.802,5785.296,81184.676,0.02,0.0
522.43,2026-06-26T03:21:11.408779,64749.691,116601.52,0.791,5785.297,81234.676,0.02,980.362
522.481,2026-06-26T03:21:11.459776,64791.199,116651.52,0.784,5785.298,81234.676,0.02,0.0
522.532,2026-06-26T03:21:11.510732,64749.691,116601.52,0.779,5785.299,81234.676,0.02,0.0
522.583,2026-06-26T03:21:11.561700,64768.691,116651.52,0.775,5785.3,81284.676,0.02,980.977
522.634,2026-06-26T03:21:11.612666,64749.691,116601.52,0.772,5785.301,81284.676,0.02,0.0
522.685,2026-06-26T03:21:11.663638,64749.691,116601.52,0.771,5785.302,81334.676,0.02,980.725
522.736,2026-06-26T03:21:11.714610,64791.652,117401.52,0.769,5785.303,81334.676,0.02,0.0
522.787,2026-06-26T03:21:11.765589,64837.699,117401.52,0.861,5785.304,81334.676,0.02,0.0
522.838,2026-06-26T03:21:11.816532,64884.066,117401.52,0.786,5785.305,81334.676,0.02,0.0
522.889,2026-06-26T03:21:11.867518,64929.918,117401.52,0.78,5785.306,81334.676,0.02,0.0
522.94,2026-06-26T03:21:11.918467,64975.512,117401.52,0.822,5785.307,81334.676,0.02,0.0
522.991,2026-06-26T03:21:11.969451,65020.453,117401.52,0.805,5785.308,81334.676,0.02,0.0
523.042,2026-06-26T03:21:12.020415,65067.824,117401.52,0.794,5785.31,81334.676,0.02,0.0
523.093,2026-06-26T03:21:12.071380,65113.027,117401.52,0.786,5785.311,81334.676,0.02,0.0
523.143,2026-06-26T03:21:12.122348,65158.012,117401.52,0.78,5785.312,81334.676,0.02,0.0
523.194,2026-06-26T03:21:12.173319,65204.754,117401.52,0.776,5785.313,81334.676,0.02,0.0
523.245,2026-06-26T03:21:12.224259,65247.074,117401.52,0.773,5785.314,81334.676,0.02,0.0
523.296,2026-06-26T03:21:12.275204,65294.23,117401.52,0.817,5785.315,81334.676,0.02,0.0
523.347,2026-06-26T03:21:12.326126,65343.441,117401.52,0.802,5785.316,81334.676,0.02,0.0
523.398,2026-06-26T03:21:12.377114,65386.672,117401.52,0.745,5785.317,81334.676,0.02,0.0
523.449,2026-06-26T03:21:12.428079,65431.277,117401.52,0.798,5785.318,81334.676,0.02,0.0
523.5,2026-06-26T03:21:12.479052,65478.324,117401.52,0.788,5785.319,81334.676,0.02,0.0
523.551,2026-06-26T03:21:12.530015,65523.129,117401.52,0.828,5785.32,81334.676,0.02,0.0
523.602,2026-06-26T03:21:12.580979,65503.375,117401.52,0.809,5785.321,81334.676,0.02,0.0
523.653,2026-06-26T03:21:12.631957,65547.23,117401.52,0.842,5785.322,81334.676,0.02,0.0
523.704,2026-06-26T03:21:12.682943,64919.691,117401.52,0.82,5785.323,81334.676,0.02,0.0
523.755,2026-06-26T03:21:12.733893,64749.691,116601.52,0.804,5785.324,81334.676,0.02,0.0
523.806,2026-06-26T03:21:12.784889,64749.691,116601.52,0.838,5785.325,81334.676,0.02,0.0
523.857,2026-06-26T03:21:12.835834,64749.691,116601.52,0.817,5785.326,81334.676,0.02,0.0
523.908,2026-06-26T03:21:12.886834,64749.691,116601.52,0.802,5785.327,81334.676,0.02,0.0
523.959,2026-06-26T03:21:12.937791,64751.691,116651.52,0.791,5785.328,81384.676,0.02,981.078
524.01,2026-06-26T03:21:12.988753,64795.453,116651.52,0.738,5785.329,81384.676,0.02,0.0
524.061,2026-06-26T03:21:13.039714,64749.691,116601.52,0.792,5785.33,81384.676,0.02,0.0
524.112,2026-06-26T03:21:13.090666,64774.707,116651.52,0.784,5785.331,81434.676,0.02,981.064
524.163,2026-06-26T03:21:13.141632,64749.691,116601.52,0.779,5785.332,81434.676,0.02,0.0
524.214,2026-06-26T03:21:13.192618,64752.746,117401.52,0.775,5785.333,81484.676,0.02,981.349
524.265,2026-06-26T03:21:13.243562,64797.59,117401.52,0.773,5785.334,81484.676,0.02,0.0
524.316,2026-06-26T03:21:13.294550,64843.391,117401.52,0.771,5785.335,81484.676,0.02,0.0
524.367,2026-06-26T03:21:13.345497,64889.145,117401.52,0.769,5785.336,81484.676,0.02,0.0
524.418,2026-06-26T03:21:13.396485,64935.176,117401.52,0.769,5785.337,81484.676,0.02,0.0
524.469,2026-06-26T03:21:13.447449,64979.797,117401.52,0.768,5785.339,81484.676,0.02,0.0
524.52,2026-06-26T03:21:13.498413,65026.398,117401.52,0.767,5785.34,81484.676,0.02,0.0
524.571,2026-06-26T03:21:13.549380,65070.105,117401.52,0.813,5785.341,81484.676,0.02,0.0
524.621,2026-06-26T03:21:13.600350,65116.332,117401.52,0.845,5785.342,81484.676,0.02,0.0
524.672,2026-06-26T03:21:13.651311,65163.293,117401.52,0.821,5785.343,81484.676,0.02,0.0
524.723,2026-06-26T03:21:13.702254,65213.172,117401.52,0.759,5785.344,81484.676,0.02,0.0
524.774,2026-06-26T03:21:13.753243,65263.395,117401.52,0.807,5785.345,81484.676,0.02,0.0
524.825,2026-06-26T03:21:13.804201,65314.145,117401.52,0.795,5785.346,81484.676,0.02,0.0
524.876,2026-06-26T03:21:13.855199,65364.918,117401.52,0.786,5785.347,81484.676,0.02,0.0
524.927,2026-06-26T03:21:13.906168,65415.57,117401.52,0.78,5785.348,81484.676,0.02,0.0
524.978,2026-06-26T03:21:13.957122,65466.355,117401.52,0.776,5785.349,81484.676,0.02,0.0
525.029,2026-06-26T03:21:14.008094,65517.0,117401.52,0.819,5785.35,81484.676,0.02,0.0
525.08,2026-06-26T03:21:14.059087,65504.191,117401.52,0.803,5785.351,81484.676,0.02,0.0
525.131,2026-06-26T03:21:14.110067,65485.691,117401.52,0.838,5785.352,81484.676,0.02,0.0
525.182,2026-06-26T03:21:14.161036,64749.691,117401.52,0.816,5785.353,81484.676,0.02,0.0
525.233,2026-06-26T03:21:14.212027,64749.691,116601.52,0.801,5785.354,81484.676,0.02,0.0
525.284,2026-06-26T03:21:14.262994,64749.691,116601.52,0.791,5785.355,81484.676,0.02,0.0
525.335,2026-06-26T03:21:14.314024,64749.691,116601.52,0.783,5785.356,81484.676,0.02,0.0
525.386,2026-06-26T03:21:14.364996,64749.691,116601.52,0.778,5785.357,81484.676,0.02,0.0
525.437,2026-06-26T03:21:14.415998,64767.848,116651.52,0.82,5785.358,81534.676,0.02,980.807
525.488,2026-06-26T03:21:14.466966,64749.691,116601.52,0.804,5785.359,81534.676,0.02,0.0
525.539,2026-06-26T03:21:14.517944,64756.691,116651.52,0.747,5785.36,81584.676,0.02,980.78
525.59,2026-06-26T03:21:14.568923,64749.691,116601.52,0.845,5785.361,81584.676,0.02,0.0
525.641,2026-06-26T03:21:14.619913,64749.691,116601.52,0.821,5785.362,81634.676,0.02,981.477
525.692,2026-06-26T03:21:14.670881,64794.77,116651.52,0.804,5785.363,81634.676,0.02,0.0
525.743,2026-06-26T03:21:14.721937,64749.691,116601.52,0.793,5785.364,81634.676,0.02,0.0
525.794,2026-06-26T03:21:14.772968,64784.449,116651.52,0.784,5785.365,81684.676,0.02,979.053
525.845,2026-06-26T03:21:14.824026,64749.691,116601.52,0.779,5785.366,81684.676,0.02,0.0
525.896,2026-06-26T03:21:14.875054,64774.191,116651.52,0.775,5785.368,81734.676,0.02,979.776
525.947,2026-06-26T03:21:14.926076,64749.691,116601.52,0.772,5785.369,81734.676,0.02,0.0
525.998,2026-06-26T03:21:14.977101,64763.969,116651.52,0.816,5785.37,81784.676,0.02,979.744
526.049,2026-06-26T03:21:15.028156,64749.691,116601.52,0.801,5785.371,81784.676,0.02,0.0
526.1,2026-06-26T03:21:15.079214,64752.27,117401.52,0.744,5785.372,81834.676,0.02,979.145
526.151,2026-06-26T03:21:15.130197,64802.27,117401.52,0.797,5785.373,81834.676,0.02,0.0
526.202,2026-06-26T03:21:15.181184,64852.441,117401.52,0.788,5785.374,81834.676,0.02,0.0
526.253,2026-06-26T03:21:15.232167,64901.254,117401.52,0.781,5785.375,81834.676,0.02,0.0
526.304,2026-06-26T03:21:15.283116,64948.914,117401.52,0.823,5785.376,81834.676,0.02,0.0
526.355,2026-06-26T03:21:15.334082,64996.566,117401.52,0.806,5785.377,81834.676,0.02,0.0
526.406,2026-06-26T03:21:15.385057,65044.016,117401.52,0.794,5785.378,81834.676,0.02,0.0
526.457,2026-06-26T03:21:15.436016,65091.586,117401.52,0.786,5785.379,81834.676,0.02,0.0
526.508,2026-06-26T03:21:15.487010,65139.293,117401.52,0.826,5785.38,81834.676,0.02,0.0
526.559,2026-06-26T03:21:15.537987,65189.16,117401.52,0.808,5785.381,81834.676,0.02,0.0
526.61,2026-06-26T03:21:15.588956,65238.754,117401.52,0.749,5785.382,81834.676,0.02,0.0
526.661,2026-06-26T03:21:15.639950,65288.754,117401.52,0.754,5785.383,81834.676,0.02,0.0
526.712,2026-06-26T03:21:15.690930,65338.496,117401.52,0.804,5785.384,81834.676,0.02,0.0
526.763,2026-06-26T03:21:15.741951,65388.254,117401.52,0.793,5785.385,81834.676,0.02,0.0
526.814,2026-06-26T03:21:15.792923,65437.953,117401.52,0.785,5785.386,81834.676,0.02,0.0
526.865,2026-06-26T03:21:15.843916,65487.699,117401.52,0.779,5785.387,81834.676,0.02,0.0
526.916,2026-06-26T03:21:15.894897,65537.445,117401.52,0.821,5785.388,81834.676,0.02,0.0
526.967,2026-06-26T03:21:15.945880,65523.363,117401.52,0.897,5785.389,81834.676,0.02,0.0
527.088,2026-06-26T03:21:16.066554,64749.719,116601.52,0.959,5785.739,81834.676,2.909,0.0
527.138,2026-06-26T03:21:16.116979,64749.719,116601.52,0.903,5785.74,81834.676,0.02,0.0
527.189,2026-06-26T03:21:16.167619,64749.719,116601.52,0.863,5785.741,81834.676,0.02,0.0
527.239,2026-06-26T03:21:16.218245,64749.719,116601.52,0.835,5785.742,81834.676,0.02,0.0
527.29,2026-06-26T03:21:16.269010,64765.852,117401.52,0.815,5785.743,81884.676,0.02,981.987
527.341,2026-06-26T03:21:16.319977,64817.16,117401.52,0.801,5785.744,81884.676,0.02,0.0
527.392,2026-06-26T03:21:16.370939,64868.598,117401.52,0.79,5785.745,81884.676,0.02,0.0
527.443,2026-06-26T03:21:16.421929,64920.031,117401.52,0.829,5785.746,81884.676,0.02,0.0
527.494,2026-06-26T03:21:16.472890,64971.594,117401.52,0.764,5785.747,81884.676,0.02,0.0
527.545,2026-06-26T03:21:16.523874,65023.109,117401.52,0.811,5785.748,81884.676,0.02,0.0
527.596,2026-06-26T03:21:16.574872,65074.484,117401.52,0.843,5785.749,81884.676,0.02,0.0
527.647,2026-06-26T03:21:16.625869,65125.734,117401.52,0.82,5785.75,81884.676,0.02,0.0
527.698,2026-06-26T03:21:16.676844,65176.457,117401.52,0.804,5785.751,81884.676,0.02,0.0
527.749,2026-06-26T03:21:16.727849,65227.066,117401.52,0.793,5785.752,81884.676,0.02,0.0
527.8,2026-06-26T03:21:16.778814,65277.453,117401.52,0.83,5785.753,81884.676,0.02,0.0
527.851,2026-06-26T03:21:16.829834,65327.945,117401.52,0.811,5785.754,81884.676,0.02,0.0
527.902,2026-06-26T03:21:16.880818,65376.801,117401.52,0.798,5785.755,81884.676,0.02,0.0
527.953,2026-06-26T03:21:16.931843,65427.344,117401.52,0.788,5785.757,81884.676,0.02,0.0
528.004,2026-06-26T03:21:16.982869,65478.242,117401.52,0.827,5785.758,81884.676,0.02,0.0
528.055,2026-06-26T03:21:17.033911,65523.125,117401.52,0.763,5785.759,81884.676,0.02,0.0
528.106,2026-06-26T03:21:17.084969,65509.914,117401.52,0.809,5785.76,81884.676,0.02,0.0
528.157,2026-06-26T03:21:17.136010,65401.719,117401.52,0.796,5785.761,81884.676,0.02,0.0
528.208,2026-06-26T03:21:17.186979,64749.719,116601.52,0.787,5785.762,81884.676,0.02,0.0
528.259,2026-06-26T03:21:17.237977,64749.719,116601.52,0.781,5785.763,81884.676,0.02,0.0
528.31,2026-06-26T03:21:17.288950,64749.719,116601.52,0.776,5785.764,81884.676,0.02,0.0
528.361,2026-06-26T03:21:17.339937,64749.719,116601.52,0.773,5785.765,81884.676,0.02,0.0
528.412,2026-06-26T03:21:17.390908,64749.719,116601.52,0.771,5785.766,81934.676,0.02,980.743
528.463,2026-06-26T03:21:17.441901,64783.543,116651.52,0.816,5785.767,81934.676,0.02,0.0
528.514,2026-06-26T03:21:17.492891,64749.719,116601.52,0.755,5785.768,81934.676,0.02,0.0
528.565,2026-06-26T03:21:17.543881,64766.477,117401.52,0.804,5785.769,81984.676,0.02,980.78
528.616,2026-06-26T03:21:17.594859,64805.168,117401.52,0.839,5785.77,81984.676,0.02,0.0
528.667,2026-06-26T03:21:17.645847,64843.469,117401.52,0.817,5785.771,81984.676,0.02,0.0
528.718,2026-06-26T03:21:17.696793,64883.715,117401.52,0.802,5785.772,81984.676,0.02,0.0
528.769,2026-06-26T03:21:17.747798,64930.5,117401.52,0.745,5785.773,81984.676,0.02,0.0
528.82,2026-06-26T03:21:17.798781,64980.969,117401.52,0.797,5785.774,81984.676,0.02,0.0
528.871,2026-06-26T03:21:17.849757,65031.223,117401.52,0.742,5785.775,81984.676,0.02,0.0
528.922,2026-06-26T03:21:17.900728,65081.707,117401.52,0.795,5785.776,81984.676,0.02,0.0
528.973,2026-06-26T03:21:17.951716,65132.996,117401.52,0.786,5785.777,81984.676,0.02,0.0
529.024,2026-06-26T03:21:18.002726,65184.367,117401.52,0.826,5785.778,81984.676,0.02,0.0
529.075,2026-06-26T03:21:18.053729,65235.91,117401.52,0.808,5785.779,81984.676,0.02,0.0
529.126,2026-06-26T03:21:18.104687,65287.391,117401.52,0.796,5785.78,81984.676,0.02,0.0
529.177,2026-06-26T03:21:18.155691,65338.488,117401.52,0.833,5785.781,81984.676,0.02,0.0
529.228,2026-06-26T03:21:18.206657,65389.234,117401.52,0.767,5785.782,81984.676,0.02,0.0
529.279,2026-06-26T03:21:18.257681,65440.008,117401.52,0.813,5785.783,81984.676,0.02,0.0
529.33,2026-06-26T03:21:18.308654,65490.895,117401.52,0.799,5785.784,81984.676,0.02,0.0
529.381,2026-06-26T03:21:18.359648,65541.848,117401.52,0.789,5785.786,81984.676,0.02,0.0
529.432,2026-06-26T03:21:18.410627,65528.719,117401.52,0.782,5785.787,81984.676,0.02,0.0
529.483,2026-06-26T03:21:18.461625,65177.719,117401.52,0.777,5785.788,81984.676,0.02,0.0
529.534,2026-06-26T03:21:18.512624,64749.719,116601.52,0.774,5785.789,81984.676,0.02,0.0
529.585,2026-06-26T03:21:18.563614,64749.719,116601.52,0.772,5785.79,81984.676,0.02,0.0
529.636,2026-06-26T03:21:18.614587,64749.719,116601.52,0.77,5785.791,81984.676,0.02,0.0
529.687,2026-06-26T03:21:18.665608,64749.719,116601.52,0.769,5785.792,81984.676,0.02,0.0
529.738,2026-06-26T03:21:18.716642,64752.719,116651.52,0.813,5785.793,82034.676,0.02,978.948
529.789,2026-06-26T03:21:18.767711,64777.719,116651.52,0.845,5785.794,82034.676,0.02,0.0
529.84,2026-06-26T03:21:18.818760,64749.719,116601.52,0.775,5785.795,82084.676,0.02,979.854
529.891,2026-06-26T03:21:18.869829,64787.617,116651.52,0.818,5785.796,82084.676,0.02,0.0
529.942,2026-06-26T03:21:18.920881,64749.723,116601.52,0.802,5785.797,82084.676,0.02,0.0
529.993,2026-06-26T03:21:18.971921,64777.301,116651.52,0.791,5785.798,82134.676,0.02,980.175
530.044,2026-06-26T03:21:19.022945,64749.723,116601.52,0.783,5785.799,82134.676,0.02,0.0
530.095,2026-06-26T03:21:19.073994,64767.223,116651.52,0.778,5785.8,82184.676,0.02,980.537
530.146,2026-06-26T03:21:19.124991,64749.723,116601.52,0.82,5785.801,82184.676,0.02,0.0
530.197,2026-06-26T03:21:19.176009,64750.93,116651.52,0.804,5785.802,82234.676,0.02,980.784
530.248,2026-06-26T03:21:19.226990,64798.008,116651.52,0.793,5785.803,82234.676,0.02,0.0
530.299,2026-06-26T03:21:19.277981,64749.723,116601.52,0.785,5785.804,82284.676,0.02,980.22
530.35,2026-06-26T03:21:19.328972,64786.848,117401.52,0.825,5785.805,82284.676,0.02,0.0
530.401,2026-06-26T03:21:19.379955,64836.93,117401.52,0.761,5785.806,82284.676,0.02,0.0
530.452,2026-06-26T03:21:19.430959,64884.531,117401.52,0.763,5785.807,82284.676,0.02,0.0
530.503,2026-06-26T03:21:19.481950,64923.16,117401.52,0.81,5785.808,82284.676,0.02,0.0
530.554,2026-06-26T03:21:19.532934,64961.199,117401.52,0.796,5785.809,82284.676,0.02,0.0
530.605,2026-06-26T03:21:19.583931,64999.484,117401.52,0.833,5785.81,82284.676,0.02,0.0
530.656,2026-06-26T03:21:19.634899,65047.785,117401.52,0.813,5785.811,82284.676,0.02,0.0
530.707,2026-06-26T03:21:19.685903,65096.496,117401.52,0.799,5785.812,82284.676,0.02,0.0
530.758,2026-06-26T03:21:19.736886,65144.148,117401.52,0.789,5785.813,82284.676,0.02,0.0
530.809,2026-06-26T03:21:19.787878,65191.91,117401.52,0.828,5785.815,82284.676,0.02,0.0
530.86,2026-06-26T03:21:19.838868,65241.629,117401.52,0.764,5785.816,82284.676,0.02,0.0
530.911,2026-06-26T03:21:19.889866,65291.344,117401.52,0.81,5785.817,82284.676,0.02,0.0
530.962,2026-06-26T03:21:19.940857,65341.109,117401.52,0.751,5785.818,82284.676,0.02,0.0
531.013,2026-06-26T03:21:19.991851,65390.902,117401.52,0.801,5785.819,82284.676,0.02,0.0
531.064,2026-06-26T03:21:20.042819,65440.781,117401.52,0.791,5785.82,82284.676,0.02,0.0
531.115,2026-06-26T03:21:20.093814,65490.504,117401.52,0.783,5785.821,82284.676,0.02,0.0
531.166,2026-06-26T03:21:20.144802,65540.172,117401.52,0.778,5785.822,82284.676,0.02,0.0
531.217,2026-06-26T03:21:20.195774,65526.723,117401.52,0.821,5785.823,82284.676,0.02,0.0
531.268,2026-06-26T03:21:20.246749,65195.723,117401.52,0.767,5785.824,82284.676,0.017,0.0
531.329,2026-06-26T03:21:20.307757,64749.723,116601.52,0.851,5785.825,82284.676,0.02,0.0
531.38,2026-06-26T03:21:20.358747,64749.723,116601.52,0.78,5785.826,82284.676,0.02,0.0
531.431,2026-06-26T03:21:20.409410,64749.723,116601.52,0.822,5785.827,82284.676,0.02,0.0
531.482,2026-06-26T03:21:20.460440,64749.723,116601.52,0.851,5785.828,82284.676,0.02,0.0
531.533,2026-06-26T03:21:20.511511,64759.188,116651.52,0.78,5785.829,82334.676,0.02,979.913
531.584,2026-06-26T03:21:20.562555,64749.723,116601.52,0.821,5785.83,82334.676,0.02,0.0
531.635,2026-06-26T03:21:20.613621,64749.723,116601.52,0.804,5785.831,82384.676,0.02,979.625
531.686,2026-06-26T03:21:20.664659,64795.797,117401.52,0.793,5785.832,82384.676,0.02,0.0
531.737,2026-06-26T03:21:20.715701,64847.359,117401.52,0.784,5785.833,82384.676,0.02,0.0
531.788,2026-06-26T03:21:20.766760,64898.922,117401.52,0.824,5785.834,82384.676,0.02,0.0
531.839,2026-06-26T03:21:20.817819,64950.484,117401.52,0.807,5785.835,82384.676,0.02,0.0
531.89,2026-06-26T03:21:20.868861,65002.031,117401.52,0.84,5785.836,82384.676,0.02,0.0
531.941,2026-06-26T03:21:20.919918,65052.711,117401.52,0.772,5785.837,82384.676,0.02,0.0
531.992,2026-06-26T03:21:20.970942,65103.133,117401.52,0.815,5785.838,82384.676,0.02,0.0
532.112,2026-06-26T03:21:21.091054,65221.688,117401.52,0.923,5786.188,82384.676,2.925,0.0
532.163,2026-06-26T03:21:21.141499,65271.742,117401.52,0.924,5786.189,82384.676,0.02,0.0
532.213,2026-06-26T03:21:21.192178,65322.285,117401.52,0.878,5786.19,82384.676,0.02,0.0
532.264,2026-06-26T03:21:21.242928,65373.113,117401.52,0.845,5786.191,82384.676,0.02,0.0
532.315,2026-06-26T03:21:21.293717,65417.195,117401.52,0.822,5786.192,82384.676,0.02,0.0
532.366,2026-06-26T03:21:21.344553,65468.062,117401.52,0.806,5786.193,82384.676,0.02,0.0
532.417,2026-06-26T03:21:21.395511,65518.758,117401.52,0.794,5786.194,82384.676,0.02,0.0
532.468,2026-06-26T03:21:21.446537,65506.18,117401.52,0.831,5786.195,82384.676,0.02,0.0
532.519,2026-06-26T03:21:21.497510,65451.754,117401.52,0.766,5786.196,82384.676,0.02,0.0
532.57,2026-06-26T03:21:21.548511,64765.754,117401.52,0.766,5786.197,82384.676,0.02,0.0
532.621,2026-06-26T03:21:21.599496,64749.754,116601.52,0.766,5786.198,82384.676,0.02,0.0
532.672,2026-06-26T03:21:21.650494,64749.754,116601.52,0.766,5786.199,82384.676,0.02,0.0
532.723,2026-06-26T03:21:21.701488,64749.754,116601.52,0.766,5786.2,82384.676,0.02,0.0
532.774,2026-06-26T03:21:21.752496,64749.754,116601.52,0.766,5786.202,82384.676,0.02,0.0
532.825,2026-06-26T03:21:21.803478,64774.055,116651.52,0.858,5786.203,82434.676,0.02,979.936
532.876,2026-06-26T03:21:21.854488,64749.754,116601.52,0.83,5786.204,82434.676,0.02,0.0
532.927,2026-06-26T03:21:21.905475,64762.762,117401.52,0.811,5786.205,82484.676,0.02,981.119
532.978,2026-06-26T03:21:21.956480,64812.914,117401.52,0.797,5786.206,82484.676,0.02,0.0
533.029,2026-06-26T03:21:22.007452,64863.379,117401.52,0.788,5786.207,82484.676,0.02,0.0
533.08,2026-06-26T03:21:22.058452,64913.816,117401.52,0.781,5786.208,82484.676,0.02,0.0
533.131,2026-06-26T03:21:22.109435,64963.016,117401.52,0.823,5786.209,82484.676,0.02,0.0
533.182,2026-06-26T03:21:22.160440,65010.113,117401.52,0.76,5786.21,82484.676,0.02,0.0
533.233,2026-06-26T03:21:22.211413,65047.617,117401.52,0.808,5786.211,82484.676,0.02,0.0
533.284,2026-06-26T03:21:22.262413,65085.23,117401.52,0.795,5786.212,82484.676,0.02,0.0
533.335,2026-06-26T03:21:22.313378,65122.676,117401.52,0.786,5786.213,82484.676,0.02,0.0
533.386,2026-06-26T03:21:22.364399,65169.441,117401.52,0.826,5786.214,82484.676,0.02,0.0
533.437,2026-06-26T03:21:22.415385,65219.168,117401.52,0.808,5786.215,82484.676,0.02,0.0
533.488,2026-06-26T03:21:22.466382,65269.309,117401.52,0.795,5786.216,82484.676,0.02,0.0
533.539,2026-06-26T03:21:22.517364,65318.977,117401.52,0.787,5786.217,82484.676,0.02,0.0
533.589,2026-06-26T03:21:22.568343,65368.582,117401.52,0.826,5786.218,82484.676,0.02,0.0
533.64,2026-06-26T03:21:22.619341,65418.23,117401.52,0.808,5786.219,82484.676,0.02,0.0
533.691,2026-06-26T03:21:22.670338,65467.957,117401.52,0.796,5786.22,82484.676,0.02,0.0
533.743,2026-06-26T03:21:22.721369,65514.863,117401.52,0.786,5786.221,82484.676,0.02,0.0
533.794,2026-06-26T03:21:22.772423,65502.273,117401.52,0.826,5786.222,82484.676,0.02,0.0
533.845,2026-06-26T03:21:22.823458,65509.754,117401.52,0.762,5786.223,82484.676,0.02,0.0
533.896,2026-06-26T03:21:22.874536,64825.754,117401.52,0.763,5786.224,82484.676,0.02,0.0
533.947,2026-06-26T03:21:22.925579,64749.754,116601.52,0.763,5786.225,82484.676,0.02,0.0
533.998,2026-06-26T03:21:22.976633,64749.754,116601.52,0.764,5786.226,82484.676,0.02,0.0
534.049,2026-06-26T03:21:23.027682,64749.754,116601.52,0.81,5786.227,82484.676,0.02,0.0
534.1,2026-06-26T03:21:23.078739,64749.754,116601.52,0.797,5786.228,82484.676,0.02,0.0
534.151,2026-06-26T03:21:23.129731,64778.641,117401.52,0.788,5786.229,82534.676,0.02,981.312
534.202,2026-06-26T03:21:23.180721,64828.891,117401.52,0.781,5786.231,82534.676,0.02,0.0
534.253,2026-06-26T03:21:23.231686,64879.441,117401.52,0.822,5786.232,82534.676,0.02,0.0
534.304,2026-06-26T03:21:23.282696,64931.086,117401.52,0.76,5786.233,82534.676,0.02,0.0
534.355,2026-06-26T03:21:23.333668,64982.566,117401.52,0.808,5786.234,82534.676,0.02,0.0
534.406,2026-06-26T03:21:23.384658,65034.039,117401.52,0.749,5786.235,82534.676,0.02,0.0
534.457,2026-06-26T03:21:23.435643,65084.898,117401.52,0.8,5786.236,82534.676,0.02,0.0
534.508,2026-06-26T03:21:23.486635,65129.148,117401.52,0.836,5786.237,82534.676,0.02,0.0
534.559,2026-06-26T03:21:23.537627,65167.621,117401.52,0.815,5786.238,82534.676,0.02,0.0
534.61,2026-06-26T03:21:23.588639,65205.715,117401.52,0.755,5786.239,82534.676,0.02,0.0
534.661,2026-06-26T03:21:23.639614,65243.758,117401.52,0.804,5786.24,82534.676,0.02,0.0
534.712,2026-06-26T03:21:23.690624,65289.461,117401.52,0.793,5786.241,82534.676,0.02,0.0
534.763,2026-06-26T03:21:23.741588,65339.578,117401.52,0.83,5786.242,82534.676,0.02,0.0
534.814,2026-06-26T03:21:23.792606,65390.379,117401.52,0.857,5786.243,82534.676,0.02,0.0
534.865,2026-06-26T03:21:23.843586,65441.555,117401.52,0.83,5786.244,82534.676,0.02,0.0
534.916,2026-06-26T03:21:23.894584,65492.523,117401.52,0.765,5786.245,82534.676,0.02,0.0
534.967,2026-06-26T03:21:23.945564,65543.664,117401.52,0.765,5786.246,82534.676,0.02,0.0
535.018,2026-06-26T03:21:23.996560,65530.457,117401.52,0.765,5786.247,82534.676,0.02,0.0
535.069,2026-06-26T03:21:24.047569,65119.754,117401.52,0.812,5786.248,82534.676,0.02,0.0
535.12,2026-06-26T03:21:24.098571,64749.754,116601.52,0.798,5786.249,82534.676,0.02,0.0
535.171,2026-06-26T03:21:24.149544,64749.754,116601.52,0.789,5786.25,82534.676,0.02,0.0
535.222,2026-06-26T03:21:24.200541,64749.754,116601.52,0.782,5786.251,82534.676,0.02,0.0
535.273,2026-06-26T03:21:24.251515,64749.754,116601.52,0.777,5786.252,82534.676,0.02,0.0
535.324,2026-06-26T03:21:24.302534,64756.754,116651.52,0.774,5786.253,82584.676,0.02,980.564
535.375,2026-06-26T03:21:24.353513,64749.754,116601.52,0.771,5786.254,82584.676,0.02,0.0
535.426,2026-06-26T03:21:24.404519,64749.754,116601.52,0.77,5786.255,82634.676,0.02,980.239
535.477,2026-06-26T03:21:24.455502,64787.219,117401.52,0.815,5786.256,82634.676,0.02,0.0
535.528,2026-06-26T03:21:24.506517,64828.641,117401.52,0.8,5786.257,82634.676,0.02,0.0
535.579,2026-06-26T03:21:24.557498,64869.582,117401.52,0.79,5786.258,82634.676,0.02,0.0
535.63,2026-06-26T03:21:24.608495,64908.609,117401.52,0.875,5786.26,82634.676,0.02,0.0
535.681,2026-06-26T03:21:24.659456,64947.254,117401.52,0.842,5786.261,82634.676,0.02,0.0
535.732,2026-06-26T03:21:24.710471,64986.051,117401.52,0.819,5786.262,82634.676,0.02,0.0
535.783,2026-06-26T03:21:24.761450,65025.008,117401.52,0.803,5786.263,82634.676,0.02,0.0
535.834,2026-06-26T03:21:24.812453,65063.727,117401.52,0.746,5786.264,82634.676,0.02,0.0
535.885,2026-06-26T03:21:24.863428,65102.395,117401.52,0.798,5786.265,82634.676,0.02,0.0
535.936,2026-06-26T03:21:24.914419,65140.891,117401.52,0.789,5786.266,82634.676,0.02,0.0
535.987,2026-06-26T03:21:24.965419,65179.484,117401.52,0.782,5786.267,82634.676,0.02,0.0
536.038,2026-06-26T03:21:25.016448,65218.227,117401.52,0.777,5786.268,82634.676,0.02,0.0
536.089,2026-06-26T03:21:25.067418,65256.902,117401.52,0.774,5786.269,82634.676,0.02,0.0
536.14,2026-06-26T03:21:25.118417,65306.789,117401.52,0.772,5786.27,82634.676,0.02,0.0
536.191,2026-06-26T03:21:25.169378,65357.82,117401.52,0.77,5786.271,82634.676,0.02,0.0
536.242,2026-06-26T03:21:25.220399,65408.582,117401.52,0.814,5786.272,82634.676,0.02,0.0
536.293,2026-06-26T03:21:25.271372,65459.637,117401.52,0.8,5786.273,82634.676,0.02,0.0
536.343,2026-06-26T03:21:25.322344,65510.668,117401.52,0.79,5786.274,82634.676,0.02,0.0
536.394,2026-06-26T03:21:25.373318,65499.754,117351.52,0.829,5786.275,82634.676,0.02,0.0
536.445,2026-06-26T03:21:25.424266,65548.16,117401.52,0.81,5786.276,82634.676,0.02,0.0
536.496,2026-06-26T03:21:25.475239,64891.754,117401.52,0.843,5786.277,82634.676,0.02,0.0
536.547,2026-06-26T03:21:25.526238,64749.754,116601.52,0.82,5786.278,82634.676,0.02,0.0
536.598,2026-06-26T03:21:25.577200,64749.754,116601.52,0.804,5786.279,82634.676,0.02,0.0
536.649,2026-06-26T03:21:25.628210,64749.754,116601.52,0.792,5786.28,82634.676,0.02,0.0
536.7,2026-06-26T03:21:25.679184,64749.754,116601.52,0.784,5786.281,82634.676,0.02,0.0
536.751,2026-06-26T03:21:25.730186,64767.387,117401.52,0.779,5786.282,82684.676,0.02,980.445
536.802,2026-06-26T03:21:25.781161,64817.688,117401.52,0.775,5786.283,82684.676,0.02,0.0
536.853,2026-06-26T03:21:25.832102,64867.914,117401.52,0.772,5786.284,82684.676,0.02,0.0
536.904,2026-06-26T03:21:25.883112,64918.195,117401.52,0.771,5786.285,82684.676,0.02,0.0
536.955,2026-06-26T03:21:25.934090,64968.504,117401.52,0.769,5786.286,82684.676,0.02,0.0
537.006,2026-06-26T03:21:25.985077,65018.586,117401.52,0.768,5786.287,82684.676,0.02,0.0
537.127,2026-06-26T03:21:26.105483,65136.23,117401.52,0.928,5786.637,82684.676,2.915,0.0
537.177,2026-06-26T03:21:26.155919,65184.98,117401.52,0.881,5786.638,82684.676,0.02,0.0
537.228,2026-06-26T03:21:26.206573,65234.16,117401.52,0.895,5786.639,82684.676,0.02,0.0
537.278,2026-06-26T03:21:26.257222,65277.543,117401.52,0.857,5786.64,82684.676,0.02,0.0
537.329,2026-06-26T03:21:26.308028,65314.863,117401.52,0.784,5786.641,82684.676,0.02,0.0
537.38,2026-06-26T03:21:26.358900,65352.109,117401.52,0.779,5786.642,82684.676,0.02,0.0
537.431,2026-06-26T03:21:26.409893,65388.812,117401.52,0.821,5786.643,82684.676,0.02,0.0
537.482,2026-06-26T03:21:26.460869,65439.762,117401.52,0.805,5786.644,82684.676,0.02,0.0
537.533,2026-06-26T03:21:26.511855,65490.617,117401.52,0.793,5786.645,82684.676,0.02,0.0
537.584,2026-06-26T03:21:26.562844,65541.289,117401.52,0.785,5786.647,82684.676,0.02,0.0
537.635,2026-06-26T03:21:26.613837,65528.449,117401.52,0.825,5786.648,82684.676,0.02,0.0
537.686,2026-06-26T03:21:26.664809,65137.785,117401.52,0.853,5786.649,82684.676,0.02,0.0
537.737,2026-06-26T03:21:26.715868,64749.785,116601.52,0.827,5786.65,82684.676,0.02,0.0
537.788,2026-06-26T03:21:26.766885,64749.785,116601.52,0.808,5786.651,82684.676,0.02,0.0
537.839,2026-06-26T03:21:26.817957,64749.785,116601.52,0.795,5786.652,82684.676,0.02,0.0
537.89,2026-06-26T03:21:26.868984,64749.785,116601.52,0.787,5786.653,82684.676,0.02,0.0
537.941,2026-06-26T03:21:26.920026,64752.629,117401.52,0.734,5786.654,82734.676,0.02,979.236
537.992,2026-06-26T03:21:26.971068,64802.91,117401.52,0.789,5786.655,82734.676,0.02,0.0
538.043,2026-06-26T03:21:27.022112,64853.219,117401.52,0.782,5786.656,82734.676,0.02,0.0
538.094,2026-06-26T03:21:27.073200,64903.652,117401.52,0.777,5786.657,82734.676,0.02,0.0
538.145,2026-06-26T03:21:27.124199,64953.934,117401.52,0.774,5786.658,82734.676,0.02,0.0
538.196,2026-06-26T03:21:27.175187,65004.383,117401.52,0.771,5786.659,82734.676,0.02,0.0
538.247,2026-06-26T03:21:27.226166,65054.781,117401.52,0.862,5786.66,82734.676,0.02,0.0
538.298,2026-06-26T03:21:27.277120,65105.488,117401.52,0.787,5786.661,82734.676,0.02,0.0
538.349,2026-06-26T03:21:27.328117,65156.168,117401.52,0.781,5786.662,82734.676,0.02,0.0
538.4,2026-06-26T03:21:27.379091,65207.598,117401.52,0.822,5786.663,82734.676,0.02,0.0
538.451,2026-06-26T03:21:27.430076,65258.832,117401.52,0.805,5786.664,82734.676,0.02,0.0
538.502,2026-06-26T03:21:27.481070,65296.914,117401.52,0.794,5786.665,82734.676,0.02,0.0
538.553,2026-06-26T03:21:27.532062,65335.227,117401.52,0.786,5786.666,82734.676,0.02,0.0
538.604,2026-06-26T03:21:27.583028,65373.48,117401.52,0.78,5786.667,82734.676,0.02,0.0
538.655,2026-06-26T03:21:27.634016,65419.98,117401.52,0.776,5786.668,82734.676,0.02,0.0
538.706,2026-06-26T03:21:27.684962,65470.836,117401.52,0.773,5786.669,82734.676,0.02,0.0
538.757,2026-06-26T03:21:27.735975,65513.801,117401.52,0.771,5786.67,82734.676,0.02,0.0
538.808,2026-06-26T03:21:27.786947,65499.785,117351.52,0.769,5786.671,82734.676,0.02,0.0
538.859,2026-06-26T03:21:27.837945,65548.785,117401.52,0.769,5786.672,82734.676,0.02,0.0
538.91,2026-06-26T03:21:27.888918,64887.785,117401.52,0.814,5786.673,82734.676,0.02,0.0
538.961,2026-06-26T03:21:27.939916,64749.785,116601.52,0.799,5786.674,82734.676,0.02,0.0
539.012,2026-06-26T03:21:27.990918,64749.785,116601.52,0.789,5786.676,82734.676,0.02,0.0
539.063,2026-06-26T03:21:28.041918,64749.785,116601.52,0.782,5786.677,82734.676,0.02,0.0
539.114,2026-06-26T03:21:28.092861,64749.785,116601.52,0.778,5786.678,82734.676,0.02,0.0
539.165,2026-06-26T03:21:28.143865,64773.008,116651.52,0.82,5786.679,82784.676,0.02,981.179
539.216,2026-06-26T03:21:28.194835,64749.785,116601.52,0.804,5786.68,82784.676,0.02,0.0
539.267,2026-06-26T03:21:28.245848,64758.922,117401.52,0.747,5786.681,82834.676,0.02,980.706
539.318,2026-06-26T03:21:28.296824,64810.176,117401.52,0.753,5786.682,82834.676,0.02,0.0
539.369,2026-06-26T03:21:28.347811,64861.738,117401.52,0.849,5786.683,82834.676,0.02,0.0
539.42,2026-06-26T03:21:28.398792,64913.332,117401.52,0.824,5786.684,82834.676,0.02,0.0
539.471,2026-06-26T03:21:28.449793,64964.633,117401.52,0.807,5786.685,82834.676,0.02,0.0
539.522,2026-06-26T03:21:28.500773,65015.988,117401.52,0.794,5786.686,82834.676,0.02,0.0
539.573,2026-06-26T03:21:28.551776,65067.227,117401.52,0.786,5786.687,82834.676,0.02,0.0
539.624,2026-06-26T03:21:28.602727,65117.535,117401.52,0.78,5786.688,82834.676,0.02,0.0
539.675,2026-06-26T03:21:28.653733,65168.172,117401.52,0.776,5786.689,82834.676,0.02,0.0
539.726,2026-06-26T03:21:28.704720,65218.773,117401.52,0.773,5786.69,82834.676,0.02,0.0
539.777,2026-06-26T03:21:28.755718,65268.789,117401.52,0.771,5786.691,82834.676,0.02,0.0
539.828,2026-06-26T03:21:28.806694,65317.363,117401.52,0.77,5786.692,82834.676,0.02,0.0
539.879,2026-06-26T03:21:28.857678,65367.082,117401.52,0.814,5786.693,82834.676,0.02,0.0
539.93,2026-06-26T03:21:28.908677,65410.719,117401.52,0.754,5786.694,82834.676,0.02,0.0
539.981,2026-06-26T03:21:28.959680,65449.555,117401.52,0.804,5786.695,82834.676,0.02,0.0
540.032,2026-06-26T03:21:29.010649,65488.336,117401.52,0.792,5786.696,82834.676,0.02,0.0
540.083,2026-06-26T03:21:29.061653,65531.32,117401.52,0.784,5786.697,82834.676,0.02,0.0
540.134,2026-06-26T03:21:29.112616,65518.363,117401.52,0.779,5786.698,82834.676,0.02,0.0
540.185,2026-06-26T03:21:29.163633,65277.785,117401.52,0.821,5786.699,82834.676,0.02,0.0
540.236,2026-06-26T03:21:29.214619,64749.785,116601.52,0.851,5786.7,82834.676,0.02,0.0
540.287,2026-06-26T03:21:29.265610,64749.785,116601.52,0.825,5786.701,82834.676,0.02,0.0
540.338,2026-06-26T03:21:29.316606,64749.785,116601.52,0.808,5786.702,82834.676,0.02,0.0
540.389,2026-06-26T03:21:29.367600,64749.785,116601.52,0.795,5786.703,82834.676,0.02,0.0
540.44,2026-06-26T03:21:29.418592,64749.785,116601.52,0.786,5786.705,82884.676,0.02,980.326
540.491,2026-06-26T03:21:29.469592,64793.285,116651.52,0.78,5786.706,82884.676,0.02,0.0
540.542,2026-06-26T03:21:29.520575,64749.785,116601.52,0.776,5786.707,82884.676,0.02,0.0
540.593,2026-06-26T03:21:29.571583,63973.785,116601.52,0.773,5786.708,82934.676,0.02,981.16
540.644,2026-06-26T03:21:29.622559,63149.785,115001.52,0.771,5786.709,82934.676,0.02,0.0
540.695,2026-06-26T03:21:29.673570,63149.785,115001.52,0.815,5786.71,82934.676,0.02,0.0
540.746,2026-06-26T03:21:29.724535,63149.785,115001.52,0.801,5786.711,82934.676,0.02,0.0
540.797,2026-06-26T03:21:29.775529,63149.785,115001.52,0.79,5786.712,82934.676,0.02,0.0
540.848,2026-06-26T03:21:29.826519,63149.785,115001.52,0.783,5786.713,82934.676,0.02,0.0
540.899,2026-06-26T03:21:29.877515,63149.785,115001.52,0.778,5786.714,82934.676,0.02,0.0
540.95,2026-06-26T03:21:29.928501,63111.543,115001.52,0.82,5786.715,82934.676,0.02,0.0
541.001,2026-06-26T03:21:29.979509,63149.785,115001.52,0.804,5786.716,82934.676,0.02,0.0
541.052,2026-06-26T03:21:30.030481,63163.281,115051.52,0.838,5786.717,82984.676,0.02,979.707
541.103,2026-06-26T03:21:30.081513,63149.785,115001.52,0.771,5786.718,82984.676,0.02,0.0
541.154,2026-06-26T03:21:30.132498,63152.285,115051.52,0.815,5786.719,83034.676,0.02,980.642
541.205,2026-06-26T03:21:30.183492,63167.785,115051.52,0.754,5786.72,83034.676,0.02,0.0
541.256,2026-06-26T03:21:30.234477,63149.785,115001.52,0.804,5786.721,83084.676,0.02,981.647
541.307,2026-06-26T03:21:30.285466,63190.371,115051.52,0.792,5786.722,83084.676,0.02,0.0
541.358,2026-06-26T03:21:30.336475,63149.785,115001.52,0.831,5786.723,83084.676,0.02,0.0
541.409,2026-06-26T03:21:30.387485,63179.527,115051.52,0.765,5786.724,83134.676,0.02,980.408
541.46,2026-06-26T03:21:30.438463,63149.785,115001.52,0.811,5786.725,83134.676,0.02,0.0
541.511,2026-06-26T03:21:30.489468,63169.195,115051.52,0.752,5786.726,83184.676,0.02,980.78
541.562,2026-06-26T03:21:30.540441,63149.785,115001.52,0.802,5786.727,83184.676,0.02,0.0
541.613,2026-06-26T03:21:30.591451,63158.105,115801.52,0.745,5786.728,83234.676,0.02,980.367
541.664,2026-06-26T03:21:30.642428,63208.566,115801.52,0.797,5786.729,83234.676,0.02,0.0
541.715,2026-06-26T03:21:30.693469,63258.867,115801.52,0.788,5786.73,83234.676,0.02,0.0
541.766,2026-06-26T03:21:30.744509,63308.359,115801.52,0.781,5786.731,83234.676,0.02,0.0
541.817,2026-06-26T03:21:30.795571,63356.035,115801.52,0.776,5786.732,83234.676,0.02,0.0
541.868,2026-06-26T03:21:30.846617,63403.535,115801.52,0.773,5786.733,83234.676,0.02,0.0
541.919,2026-06-26T03:21:30.897682,63451.602,115801.52,0.862,5786.735,83234.676,0.02,0.0
541.97,2026-06-26T03:21:30.948708,63500.316,115801.52,0.833,5786.736,83234.676,0.02,0.0
542.021,2026-06-26T03:21:30.999780,63551.102,115801.52,0.813,5786.737,83234.676,0.02,0.0
542.143,2026-06-26T03:21:31.121538,63672.195,115801.52,0.936,5787.086,83234.676,2.884,0.0
542.193,2026-06-26T03:21:31.171972,63722.465,115801.52,0.887,5787.087,83234.676,0.02,0.0
542.244,2026-06-26T03:21:31.222623,63773.098,115801.52,0.806,5787.088,83234.676,0.02,0.0
542.294,2026-06-26T03:21:31.273249,63823.348,115801.52,0.841,5787.089,83234.676,0.02,0.0
542.345,2026-06-26T03:21:31.324031,63874.012,115801.52,0.866,5787.09,83234.676,0.02,0.0
542.396,2026-06-26T03:21:31.374912,63924.812,115801.52,0.836,5787.091,83234.676,0.02,0.0
542.447,2026-06-26T03:21:31.425916,63912.039,115801.52,0.815,5787.093,83234.676,0.02,0.0
542.498,2026-06-26T03:21:31.476910,63773.812,115801.52,0.8,5787.094,83234.676,0.02,0.0
542.549,2026-06-26T03:21:31.527883,63149.812,115001.52,0.836,5787.095,83234.676,0.02,0.0
542.6,2026-06-26T03:21:31.578882,63149.812,115001.52,0.815,5787.096,83234.676,0.02,0.0
542.651,2026-06-26T03:21:31.629850,63149.812,115001.52,0.8,5787.097,83234.676,0.02,0.0
542.702,2026-06-26T03:21:31.680870,63149.812,115001.52,0.79,5787.098,83234.676,0.02,0.0
542.753,2026-06-26T03:21:31.731836,63149.812,115001.52,0.737,5787.099,83284.676,0.02,980.995
542.804,2026-06-26T03:21:31.782822,63188.859,115051.52,0.792,5787.1,83284.676,0.02,0.0
542.855,2026-06-26T03:21:31.833809,63149.812,115001.52,0.784,5787.101,83284.676,0.02,0.0
542.906,2026-06-26T03:21:31.884798,63177.586,115801.52,0.779,5787.102,83334.676,0.02,980.335
542.957,2026-06-26T03:21:31.935793,63227.711,115801.52,0.775,5787.103,83334.676,0.02,0.0
543.008,2026-06-26T03:21:31.986795,63278.191,115801.52,0.772,5787.104,83334.676,0.02,0.0
543.059,2026-06-26T03:21:32.037768,63329.738,115801.52,0.77,5787.105,83334.676,0.02,0.0
543.11,2026-06-26T03:21:32.088781,63381.285,115801.52,0.815,5787.106,83334.676,0.02,0.0
543.161,2026-06-26T03:21:32.139751,63432.625,115801.52,0.846,5787.107,83334.676,0.02,0.0
543.212,2026-06-26T03:21:32.190751,63484.184,115801.52,0.822,5787.108,83334.676,0.02,0.0
543.263,2026-06-26T03:21:32.241726,63534.695,115801.52,0.805,5787.109,83334.676,0.02,0.0
543.314,2026-06-26T03:21:32.292709,63584.961,115801.52,0.839,5787.11,83334.676,0.02,0.0
543.365,2026-06-26T03:21:32.343701,63635.523,115801.52,0.772,5787.111,83334.676,0.02,0.0
543.416,2026-06-26T03:21:32.394704,63684.848,115801.52,0.816,5787.112,83334.676,0.02,0.0
543.467,2026-06-26T03:21:32.445686,63734.695,115801.52,0.801,5787.113,83334.676,0.02,0.0
543.518,2026-06-26T03:21:32.496684,63785.473,115801.52,0.791,5787.114,83334.676,0.02,0.0
543.569,2026-06-26T03:21:32.547648,63836.094,115801.52,0.783,5787.115,83334.676,0.02,0.0
543.62,2026-06-26T03:21:32.598665,63886.793,115801.52,0.778,5787.116,83334.676,0.02,0.0
543.671,2026-06-26T03:21:32.649638,63937.539,115801.52,0.775,5787.117,83334.676,0.02,0.0
543.722,2026-06-26T03:21:32.700636,63924.367,115801.52,0.772,5787.118,83334.676,0.02,0.0
543.773,2026-06-26T03:21:32.751620,63643.812,115801.52,0.77,5787.119,83334.676,0.02,0.0
543.824,2026-06-26T03:21:32.802614,63149.812,115001.52,0.769,5787.12,83334.676,0.02,0.0
543.875,2026-06-26T03:21:32.853613,63149.812,115001.52,0.768,5787.121,83334.676,0.02,0.0
543.926,2026-06-26T03:21:32.904617,63149.812,115001.52,0.767,5787.123,83334.676,0.02,0.0
543.977,2026-06-26T03:21:32.955588,63149.812,115001.52,0.859,5787.124,83334.676,0.02,0.0
544.028,2026-06-26T03:21:33.006584,63149.812,115001.52,0.785,5787.125,83384.676,0.02,981.239
544.079,2026-06-26T03:21:33.057559,63198.176,115051.52,0.825,5787.126,83384.676,0.02,0.0
544.13,2026-06-26T03:21:33.108572,63149.812,115001.52,0.762,5787.127,83434.676,0.02,980.752
544.181,2026-06-26T03:21:33.159555,63186.996,115051.52,0.809,5787.128,83434.676,0.02,0.0
544.232,2026-06-26T03:21:33.210552,63149.812,115001.52,0.796,5787.129,83434.676,0.02,0.0
544.283,2026-06-26T03:21:33.261542,63175.574,115801.52,0.787,5787.13,83484.676,0.02,980.858
544.334,2026-06-26T03:21:33.312518,63225.699,115801.52,0.781,5787.131,83484.676,0.02,0.0
544.385,2026-06-26T03:21:33.363496,63275.422,115801.52,0.777,5787.132,83484.676,0.02,0.0
544.436,2026-06-26T03:21:33.414503,63324.812,115801.52,0.774,5787.133,83484.676,0.02,0.0
544.487,2026-06-26T03:21:33.465474,63374.25,115801.52,0.863,5787.134,83484.676,0.02,0.0
544.538,2026-06-26T03:21:33.516490,63423.758,115801.52,0.834,5787.135,83484.676,0.02,0.0
544.589,2026-06-26T03:21:33.567470,63473.566,115801.52,0.768,5787.136,83484.676,0.02,0.0
544.64,2026-06-26T03:21:33.618469,63523.992,115801.52,0.813,5787.137,83484.676,0.02,0.0
544.691,2026-06-26T03:21:33.669441,63574.324,115801.52,0.799,5787.138,83484.676,0.02,0.0
544.742,2026-06-26T03:21:33.720417,63624.812,115801.52,0.789,5787.139,83484.676,0.02,0.0
544.793,2026-06-26T03:21:33.771416,63674.812,115801.52,0.782,5787.14,83484.676,0.02,0.0
544.844,2026-06-26T03:21:33.822417,63724.574,115801.52,0.777,5787.141,83484.676,0.02,0.0
544.895,2026-06-26T03:21:33.873399,63774.258,115801.52,0.774,5787.142,83484.676,0.02,0.0
544.946,2026-06-26T03:21:33.924400,63824.211,115801.52,0.772,5787.143,83484.676,0.02,0.0
544.997,2026-06-26T03:21:33.975390,63874.016,115801.52,0.77,5787.144,83484.676,0.02,0.0
545.048,2026-06-26T03:21:34.026422,63923.898,115801.52,0.815,5787.145,83484.676,0.02,0.0
545.099,2026-06-26T03:21:34.077387,63910.641,115801.52,0.8,5787.146,83484.676,0.02,0.0
545.15,2026-06-26T03:21:34.128381,63801.816,115801.52,0.836,5787.147,83484.676,0.02,0.0
545.201,2026-06-26T03:21:34.179367,63149.816,115001.52,0.815,5787.148,83484.676,0.02,0.0
545.251,2026-06-26T03:21:34.230351,63149.816,115001.52,0.8,5787.149,83484.676,0.02,0.0
545.302,2026-06-26T03:21:34.281351,63149.816,115001.52,0.79,5787.15,83484.676,0.02,0.0
545.353,2026-06-26T03:21:34.332354,63149.816,115001.52,0.783,5787.151,83484.676,0.02,0.0
545.404,2026-06-26T03:21:34.383329,63149.816,115001.52,0.778,5787.153,83484.676,0.02,0.0
545.455,2026-06-26T03:21:34.434301,63177.891,115051.52,0.775,5787.154,83534.676,0.02,981.349
545.506,2026-06-26T03:21:34.485250,63149.816,115001.52,0.772,5787.155,83534.676,0.02,0.0
545.557,2026-06-26T03:21:34.536219,63166.816,115051.52,0.77,5787.156,83584.676,0.02,981.206
545.608,2026-06-26T03:21:34.587213,63149.816,115001.52,0.769,5787.157,83584.676,0.02,0.0
545.659,2026-06-26T03:21:34.638175,63155.52,115801.52,0.814,5787.158,83634.676,0.02,979.758
545.71,2026-06-26T03:21:34.689233,63205.773,115801.52,0.754,5787.159,83634.676,0.02,0.0
545.761,2026-06-26T03:21:34.740238,63256.07,115801.52,0.803,5787.16,83634.676,0.02,0.0
545.812,2026-06-26T03:21:34.791254,63306.32,115801.52,0.792,5787.161,83634.676,0.02,0.0
545.863,2026-06-26T03:21:34.842259,63356.828,115801.52,0.83,5787.162,83634.676,0.02,0.0
545.914,2026-06-26T03:21:34.893266,63406.574,115801.52,0.811,5787.163,83634.676,0.02,0.0
545.965,2026-06-26T03:21:34.944289,63454.09,115801.52,0.797,5787.164,83634.676,0.02,0.0
546.016,2026-06-26T03:21:34.995306,63501.574,115801.52,0.788,5787.165,83634.676,0.02,0.0
546.068,2026-06-26T03:21:35.046356,63549.016,115801.52,0.781,5787.166,83634.676,0.02,0.0
546.119,2026-06-26T03:21:35.097376,63596.691,115801.52,0.822,5787.167,83634.676,0.02,0.0
546.17,2026-06-26T03:21:35.148357,63644.16,115801.52,0.805,5787.168,83634.676,0.02,0.0
546.221,2026-06-26T03:21:35.199360,63691.711,115801.52,0.84,5787.169,83634.676,0.02,0.0
546.272,2026-06-26T03:21:35.250358,63740.441,115801.52,0.772,5787.17,83634.676,0.02,0.0
546.322,2026-06-26T03:21:35.301286,63789.387,115801.52,0.817,5787.171,83634.676,0.02,0.0
546.373,2026-06-26T03:21:35.352056,63838.641,115801.52,0.802,5787.172,83634.676,0.02,0.0
546.424,2026-06-26T03:21:35.403037,63888.141,115801.52,0.791,5787.173,83634.676,0.02,0.0
546.475,2026-06-26T03:21:35.454036,63937.664,115801.52,0.783,5787.174,83634.676,0.02,0.0
546.526,2026-06-26T03:21:35.505029,63924.438,115801.52,0.778,5787.175,83634.676,0.02,0.0
546.577,2026-06-26T03:21:35.556009,63607.816,115801.52,0.774,5787.176,83634.676,0.02,0.0
546.628,2026-06-26T03:21:35.607004,63149.816,115001.52,0.772,5787.177,83634.676,0.02,0.0
546.679,2026-06-26T03:21:35.657974,63149.816,115001.52,0.77,5787.178,83634.676,0.02,0.0
546.73,2026-06-26T03:21:35.708977,63149.816,115001.52,0.807,5787.179,83634.676,0.017,0.0
546.791,2026-06-26T03:21:35.770179,63149.816,115001.52,0.795,5787.18,83634.676,0.02,0.0
546.842,2026-06-26T03:21:35.821120,63151.18,115051.52,0.878,5787.181,83684.676,0.02,980.234
546.893,2026-06-26T03:21:35.872115,63179.441,115051.52,0.799,5787.183,83684.676,0.02,0.0
546.944,2026-06-26T03:21:35.923101,63149.441,115001.52,0.789,5787.184,83684.676,0.02,0.0
546.995,2026-06-26T03:21:35.974078,63180.312,115801.52,0.828,5787.185,83734.676,0.02,980.087
547.046,2026-06-26T03:21:36.025080,63230.219,115801.52,0.809,5787.186,83734.676,0.02,0.0
547.167,2026-06-26T03:21:36.145967,63347.648,115801.52,0.936,5787.535,83734.676,2.903,0.0
547.218,2026-06-26T03:21:36.196403,63396.215,115801.52,0.887,5787.536,83734.676,0.02,0.0
547.268,2026-06-26T03:21:36.247020,63444.957,115801.52,0.852,5787.537,83734.676,0.02,0.0
547.319,2026-06-26T03:21:36.297707,63493.52,115801.52,0.873,5787.538,83734.676,0.02,0.0
547.37,2026-06-26T03:21:36.348518,63542.422,115801.52,0.842,5787.539,83734.676,0.02,0.0
547.42,2026-06-26T03:21:36.399348,63591.113,115801.52,0.774,5787.541,83734.676,0.02,0.0
547.471,2026-06-26T03:21:36.450338,63640.68,115801.52,0.771,5787.542,83734.676,0.02,0.0
547.522,2026-06-26T03:21:36.501297,63690.098,115801.52,0.816,5787.543,83734.676,0.02,0.0
547.573,2026-06-26T03:21:36.552257,63739.922,115801.52,0.801,5787.544,83734.676,0.02,0.0
547.624,2026-06-26T03:21:36.603198,63790.18,115801.52,0.791,5787.545,83734.676,0.02,0.0
547.675,2026-06-26T03:21:36.654182,63840.695,115801.52,0.829,5787.546,83734.676,0.02,0.0
547.726,2026-06-26T03:21:36.705164,63891.113,115801.52,0.81,5787.547,83734.676,0.02,0.0
547.777,2026-06-26T03:21:36.756120,63941.59,115801.52,0.797,5787.548,83734.676,0.02,0.0
547.828,2026-06-26T03:21:36.807117,63928.324,115801.52,0.834,5787.549,83734.676,0.02,0.0
547.879,2026-06-26T03:21:36.858097,63577.473,115801.52,0.814,5787.55,83734.676,0.02,0.0
547.93,2026-06-26T03:21:36.909077,63149.473,115001.52,0.799,5787.551,83734.676,0.02,0.0
547.981,2026-06-26T03:21:36.960075,63149.473,115001.52,0.789,5787.552,83734.676,0.02,0.0
548.032,2026-06-26T03:21:37.011065,63149.473,115001.52,0.782,5787.553,83734.676,0.02,0.0
548.083,2026-06-26T03:21:37.062042,63149.473,115001.52,0.777,5787.554,83734.676,0.02,0.0
548.134,2026-06-26T03:21:37.113035,63149.473,115001.52,0.82,5787.555,83784.676,0.02,981.344
548.185,2026-06-26T03:21:37.164002,63197.84,115801.52,0.804,5787.556,83784.676,0.02,0.0
548.236,2026-06-26T03:21:37.215016,63248.164,115801.52,0.793,5787.557,83784.676,0.02,0.0
548.287,2026-06-26T03:21:37.265984,63298.48,115801.52,0.739,5787.558,83784.676,0.02,0.0
548.338,2026-06-26T03:21:37.316976,63348.672,115801.52,0.793,5787.559,83784.676,0.02,0.0
548.389,2026-06-26T03:21:37.367952,63398.93,115801.52,0.785,5787.56,83784.676,0.02,0.0
548.44,2026-06-26T03:21:37.418946,63448.977,115801.52,0.779,5787.561,83784.676,0.02,0.0
548.491,2026-06-26T03:21:37.469932,63498.164,115801.52,0.775,5787.562,83784.676,0.02,0.0
548.542,2026-06-26T03:21:37.520932,63547.418,115801.52,0.864,5787.563,83784.676,0.02,0.0
548.593,2026-06-26T03:21:37.571898,63596.629,115801.52,0.789,5787.564,83784.676,0.02,0.0
548.644,2026-06-26T03:21:37.622900,63646.051,115801.52,0.782,5787.565,83784.676,0.02,0.0
548.695,2026-06-26T03:21:37.673877,63695.293,115801.52,0.823,5787.566,83784.676,0.02,0.0
548.746,2026-06-26T03:21:37.724860,63741.062,115801.52,0.806,5787.567,83784.676,0.02,0.0
548.797,2026-06-26T03:21:37.775827,63790.574,115801.52,0.748,5787.568,83784.676,0.02,0.0
548.848,2026-06-26T03:21:37.826819,63841.023,115801.52,0.8,5787.569,83784.676,0.02,0.0
548.899,2026-06-26T03:21:37.877794,63891.66,115801.52,0.79,5787.571,83784.676,0.02,0.0
548.95,2026-06-26T03:21:37.928796,63942.168,115801.52,0.783,5787.572,83784.676,0.02,0.0
549.001,2026-06-26T03:21:37.979751,63928.469,115801.52,0.733,5787.573,83784.676,0.02,0.0
549.052,2026-06-26T03:21:38.030433,63549.473,115801.52,0.789,5787.574,83784.676,0.02,0.0
549.103,2026-06-26T03:21:38.081466,63149.473,115001.52,0.782,5787.575,83784.676,0.02,0.0
549.154,2026-06-26T03:21:38.132537,63149.473,115001.52,0.823,5787.576,83784.676,0.02,0.0
549.205,2026-06-26T03:21:38.183529,63149.473,115001.52,0.806,5787.577,83784.676,0.02,0.0
549.256,2026-06-26T03:21:38.234529,63149.473,115001.52,0.794,5787.578,83784.676,0.02,0.0
549.307,2026-06-26T03:21:38.285524,63152.23,115051.52,0.786,5787.579,83834.676,0.02,980.803
549.358,2026-06-26T03:21:38.336519,63165.473,115051.52,0.78,5787.58,83834.676,0.02,0.0
549.409,2026-06-26T03:21:38.387543,63149.473,115001.52,0.822,5787.581,83884.676,0.02,980.22
549.46,2026-06-26T03:21:38.438554,63190.562,115051.52,0.805,5787.582,83884.676,0.02,0.0
549.511,2026-06-26T03:21:38.489484,63149.473,115001.52,0.793,5787.583,83884.676,0.02,0.0
549.562,2026-06-26T03:21:38.540486,63149.473,115001.52,0.739,5787.584,83934.676,0.02,981.486
549.613,2026-06-26T03:21:38.591460,63195.891,115801.52,0.793,5787.585,83934.676,0.02,0.0
549.664,2026-06-26T03:21:38.642485,63244.785,115801.52,0.739,5787.586,83934.676,0.02,0.0
549.715,2026-06-26T03:21:38.693528,63293.953,115801.52,0.793,5787.587,83934.676,0.02,0.0
549.766,2026-06-26T03:21:38.744598,63342.996,115801.52,0.784,5787.588,83934.676,0.02,0.0
549.817,2026-06-26T03:21:38.795651,63392.152,115801.52,0.778,5787.589,83934.676,0.02,0.0
549.868,2026-06-26T03:21:38.846721,63441.113,115801.52,0.82,5787.59,83934.676,0.02,0.0
549.919,2026-06-26T03:21:38.897793,63490.23,115801.52,0.758,5787.591,83934.676,0.02,0.0
549.97,2026-06-26T03:21:38.948864,63540.004,115801.52,0.806,5787.592,83934.676,0.02,0.0
550.021,2026-06-26T03:21:38.999919,63590.051,115801.52,0.839,5787.593,83934.676,0.02,0.0
550.072,2026-06-26T03:21:39.051002,63639.523,115801.52,0.771,5787.594,83934.676,0.02,0.0
550.123,2026-06-26T03:21:39.102023,63689.973,115801.52,0.815,5787.595,83934.676,0.02,0.0
550.174,2026-06-26T03:21:39.153031,63740.605,115801.52,0.801,5787.596,83934.676,0.02,0.0
550.225,2026-06-26T03:21:39.204017,63791.383,115801.52,0.79,5787.597,83934.676,0.02,0.0
550.276,2026-06-26T03:21:39.255017,63841.863,115801.52,0.783,5787.598,83934.676,0.02,0.0
550.327,2026-06-26T03:21:39.306029,63892.422,115801.52,0.824,5787.599,83934.676,0.02,0.0
550.378,2026-06-26T03:21:39.357030,63943.16,115801.52,0.807,5787.601,83934.676,0.02,0.0
550.429,2026-06-26T03:21:39.408016,63929.887,115801.52,0.84,5787.602,83934.676,0.02,0.0
550.48,2026-06-26T03:21:39.459020,63573.473,115801.52,0.772,5787.603,83934.676,0.02,0.0
550.531,2026-06-26T03:21:39.509988,63149.473,115001.52,0.77,5787.604,83934.676,0.02,0.0
550.582,2026-06-26T03:21:39.561009,63149.473,115001.52,0.861,5787.605,83934.676,0.02,0.0
550.633,2026-06-26T03:21:39.611985,63149.473,115001.52,0.833,5787.606,83934.676,0.02,0.0
550.684,2026-06-26T03:21:39.662979,63149.473,115001.52,0.813,5787.607,83934.676,0.02,0.0
550.735,2026-06-26T03:21:39.713959,63149.473,115001.52,0.799,5787.608,83934.676,0.02,0.0
550.786,2026-06-26T03:21:39.764943,63177.52,115801.52,0.789,5787.609,83984.676,0.02,980.161
550.837,2026-06-26T03:21:39.815948,63228.359,115801.52,0.782,5787.61,83984.676,0.02,0.0
550.888,2026-06-26T03:21:39.866953,63279.668,115801.52,0.777,5787.611,83984.676,0.02,0.0
550.939,2026-06-26T03:21:39.917937,63330.93,115801.52,0.82,5787.612,83984.676,0.02,0.0
550.99,2026-06-26T03:21:39.968939,63382.285,115801.52,0.804,5787.613,83984.676,0.02,0.0
551.041,2026-06-26T03:21:40.019936,63433.207,115801.52,0.792,5787.614,83984.676,0.02,0.0
551.092,2026-06-26T03:21:40.070953,63484.414,115801.52,0.785,5787.615,83984.676,0.02,0.0
551.143,2026-06-26T03:21:40.121932,63535.762,115801.52,0.779,5787.616,83984.676,0.02,0.0
551.194,2026-06-26T03:21:40.172927,63586.059,115801.52,0.775,5787.617,83984.676,0.02,0.0
551.245,2026-06-26T03:21:40.223917,63635.445,115801.52,0.726,5787.618,83984.676,0.02,0.0
551.296,2026-06-26T03:21:40.274924,63683.891,115801.52,0.784,5787.619,83984.676,0.02,0.0
551.347,2026-06-26T03:21:40.325922,63732.289,115801.52,0.779,5787.62,83984.676,0.02,0.0
551.398,2026-06-26T03:21:40.376934,63780.906,115801.52,0.775,5787.621,83984.676,0.02,0.0
551.449,2026-06-26T03:21:40.427916,63829.414,115801.52,0.818,5787.622,83984.676,0.02,0.0
551.5,2026-06-26T03:21:40.478924,63877.852,115801.52,0.803,5787.623,83984.676,0.02,0.0
551.551,2026-06-26T03:21:40.529912,63927.852,115801.52,0.837,5787.624,83984.676,0.02,0.0
551.602,2026-06-26T03:21:40.580917,63917.676,115801.52,0.816,5787.625,83984.676,0.02,0.0
551.653,2026-06-26T03:21:40.631893,63683.473,115801.52,0.755,5787.626,83984.676,0.02,0.0
551.704,2026-06-26T03:21:40.682891,63149.473,115001.52,0.758,5787.627,83984.676,0.02,0.0
551.755,2026-06-26T03:21:40.733902,63149.473,115001.52,0.761,5787.628,83984.676,0.02,0.0
551.806,2026-06-26T03:21:40.784916,63149.473,115001.52,0.762,5787.63,83984.676,0.02,0.0
551.857,2026-06-26T03:21:40.835897,63149.473,115001.52,0.809,5787.631,83984.676,0.02,0.0
551.908,2026-06-26T03:21:40.886906,63149.473,115001.52,0.796,5787.632,84034.676,0.02,981.211
551.959,2026-06-26T03:21:40.937880,63189.164,115801.52,0.787,5787.633,84034.676,0.02,0.0
552.01,2026-06-26T03:21:40.988915,63238.266,115801.52,0.781,5787.634,84034.676,0.02,0.0
552.061,2026-06-26T03:21:41.039893,63287.48,115801.52,0.823,5787.635,84034.676,0.02,0.0
552.183,2026-06-26T03:21:41.161409,63404.184,115801.52,0.963,5787.984,84034.676,2.889,0.0
552.233,2026-06-26T03:21:41.211851,63452.828,115801.52,0.859,5787.985,84034.676,0.02,0.0
552.284,2026-06-26T03:21:41.262485,63501.637,115801.52,0.832,5787.986,84034.676,0.02,0.0
552.334,2026-06-26T03:21:41.313257,63551.359,115801.52,0.86,5787.987,84034.676,0.02,0.0
552.385,2026-06-26T03:21:41.364046,63601.137,115801.52,0.832,5787.989,84034.676,0.02,0.0
552.436,2026-06-26T03:21:41.414906,63651.566,115801.52,0.859,5787.99,84034.676,0.02,0.0
552.487,2026-06-26T03:21:41.465892,63702.879,115801.52,0.831,5787.991,84034.676,0.02,0.0
552.538,2026-06-26T03:21:41.516897,63754.164,115801.52,0.811,5787.992,84034.676,0.02,0.0
552.589,2026-06-26T03:21:41.567884,63804.621,115801.52,0.798,5787.993,84034.676,0.02,0.0
552.64,2026-06-26T03:21:41.618890,63855.199,115801.52,0.834,5787.994,84034.676,0.02,0.0
552.691,2026-06-26T03:21:41.669883,63905.773,115801.52,0.814,5787.995,84034.676,0.02,0.0
552.742,2026-06-26T03:21:41.720879,63899.496,115751.52,0.753,5787.996,84034.676,0.02,0.0
552.793,2026-06-26T03:21:41.771855,63942.996,115801.52,0.803,5787.997,84034.676,0.02,0.0
552.844,2026-06-26T03:21:41.822881,63391.496,115801.52,0.792,5787.998,84034.676,0.02,0.0
552.895,2026-06-26T03:21:41.873877,63149.496,115001.52,0.784,5787.999,84034.676,0.02,0.0
552.946,2026-06-26T03:21:41.924877,63149.496,115001.52,0.779,5788.0,84034.676,0.02,0.0
552.997,2026-06-26T03:21:41.975873,63149.496,115001.52,0.775,5788.001,84034.676,0.02,0.0
553.048,2026-06-26T03:21:42.026863,63149.496,115001.52,0.772,5788.002,84034.676,0.02,0.0
553.099,2026-06-26T03:21:42.077879,63149.496,115001.52,0.816,5788.003,84084.676,0.02,980.229
553.15,2026-06-26T03:21:42.128877,63197.98,115051.52,0.801,5788.004,84084.676,0.02,0.0
553.201,2026-06-26T03:21:42.179864,63149.496,115001.52,0.791,5788.005,84084.676,0.02,0.0
553.252,2026-06-26T03:21:42.230880,63184.125,115801.52,0.829,5788.006,84134.676,0.02,981.197
553.303,2026-06-26T03:21:42.281854,63234.332,115801.52,0.81,5788.007,84134.676,0.02,0.0
553.354,2026-06-26T03:21:42.332884,63284.512,115801.52,0.751,5788.008,84134.676,0.02,0.0
553.405,2026-06-26T03:21:42.383865,63334.637,115801.52,0.802,5788.009,84134.676,0.02,0.0
553.456,2026-06-26T03:21:42.434869,63384.125,115801.52,0.745,5788.01,84134.676,0.02,0.0
553.507,2026-06-26T03:21:42.485865,63434.125,115801.52,0.797,5788.011,84134.676,0.02,0.0
553.558,2026-06-26T03:21:42.536871,63484.125,115801.52,0.788,5788.012,84134.676,0.02,0.0
553.609,2026-06-26T03:21:42.587871,63533.578,115801.52,0.781,5788.013,84134.676,0.02,0.0
553.66,2026-06-26T03:21:42.638872,63582.816,115801.52,0.823,5788.014,84134.676,0.02,0.0
553.711,2026-06-26T03:21:42.689855,63630.742,115801.52,0.806,5788.015,84134.676,0.02,0.0
553.762,2026-06-26T03:21:42.740873,63678.414,115801.52,0.84,5788.016,84134.676,0.02,0.0
553.813,2026-06-26T03:21:42.791863,63727.074,115801.52,0.818,5788.017,84134.676,0.02,0.0
553.864,2026-06-26T03:21:42.842880,63775.758,115801.52,0.802,5788.019,84134.676,0.02,0.0
553.915,2026-06-26T03:21:42.893871,63824.43,115801.52,0.745,5788.02,84134.676,0.02,0.0
553.966,2026-06-26T03:21:42.944876,63873.441,115801.52,0.797,5788.021,84134.676,0.02,0.0
554.017,2026-06-26T03:21:42.995874,63924.156,115801.52,0.788,5788.022,84134.676,0.02,0.0
554.068,2026-06-26T03:21:43.046889,63911.227,115801.52,0.781,5788.023,84134.676,0.02,0.0
554.119,2026-06-26T03:21:43.097860,63777.496,115801.52,0.777,5788.024,84134.676,0.02,0.0
554.17,2026-06-26T03:21:43.148864,63149.496,115001.52,0.774,5788.025,84134.676,0.02,0.0
554.221,2026-06-26T03:21:43.199844,63149.496,115001.52,0.771,5788.026,84134.676,0.02,0.0
554.272,2026-06-26T03:21:43.250869,63149.496,115001.52,0.816,5788.027,84134.676,0.02,0.0
554.323,2026-06-26T03:21:43.301855,63149.496,115001.52,0.801,5788.028,84134.676,0.02,0.0
554.374,2026-06-26T03:21:43.352852,63149.496,115001.52,0.79,5788.029,84134.676,0.02,0.0
554.425,2026-06-26T03:21:43.403844,63181.07,115801.52,0.829,5788.03,84184.676,0.02,980.894
554.476,2026-06-26T03:21:43.454840,63230.453,115801.52,0.764,5788.031,84184.676,0.02,0.0
554.527,2026-06-26T03:21:43.505850,63279.664,115801.52,0.765,5788.032,84184.676,0.02,0.0
554.578,2026-06-26T03:21:43.556856,63328.891,115801.52,0.811,5788.033,84184.676,0.02,0.0
554.629,2026-06-26T03:21:43.607857,63379.184,115801.52,0.797,5788.034,84184.676,0.02,0.0
554.68,2026-06-26T03:21:43.658878,63429.645,115801.52,0.788,5788.035,84184.676,0.02,0.0
554.731,2026-06-26T03:21:43.709851,63479.945,115801.52,0.781,5788.036,84184.676,0.02,0.0
554.782,2026-06-26T03:21:43.760876,63530.453,115801.52,0.777,5788.037,84184.676,0.02,0.0
554.833,2026-06-26T03:21:43.811861,63581.141,115801.52,0.774,5788.038,84184.676,0.02,0.0
554.884,2026-06-26T03:21:43.862862,63632.508,115801.52,0.817,5788.039,84184.676,0.02,0.0
554.935,2026-06-26T03:21:43.913850,63683.746,115801.52,0.802,5788.04,84184.676,0.02,0.0
554.986,2026-06-26T03:21:43.964851,63734.855,115801.52,0.791,5788.041,84184.676,0.02,0.0
555.037,2026-06-26T03:21:44.015884,63785.688,115801.52,0.829,5788.042,84184.676,0.02,0.0
555.088,2026-06-26T03:21:44.066878,63836.723,115801.52,0.81,5788.043,84184.676,0.02,0.0
555.139,2026-06-26T03:21:44.117847,63887.504,115801.52,0.797,5788.044,84184.676,0.02,0.0
555.19,2026-06-26T03:21:44.168854,63938.559,115801.52,0.788,5788.045,84184.676,0.02,0.0
555.241,2026-06-26T03:21:44.219852,63925.496,115801.52,0.781,5788.046,84184.676,0.02,0.0
555.292,2026-06-26T03:21:44.270865,63625.496,115801.52,0.777,5788.048,84184.676,0.02,0.0
555.343,2026-06-26T03:21:44.321861,63149.496,115001.52,0.773,5788.049,84184.676,0.02,0.0
555.394,2026-06-26T03:21:44.372856,63149.496,115001.52,0.771,5788.05,84184.676,0.02,0.0
555.445,2026-06-26T03:21:44.423858,63149.496,115001.52,0.816,5788.051,84184.676,0.02,0.0
555.496,2026-06-26T03:21:44.474868,63149.496,115001.52,0.801,5788.052,84184.676,0.02,0.0
555.547,2026-06-26T03:21:44.525855,63149.496,115001.52,0.836,5788.053,84234.676,0.02,980.037
555.598,2026-06-26T03:21:44.576866,63192.496,115051.52,0.815,5788.054,84234.676,0.02,0.0
555.649,2026-06-26T03:21:44.627829,63149.496,115001.52,0.8,5788.055,84234.676,0.02,0.0
555.7,2026-06-26T03:21:44.678858,63169.008,115801.52,0.79,5788.056,84284.676,0.02,980.702
555.751,2026-06-26T03:21:44.729837,63219.395,115801.52,0.783,5788.057,84284.676,0.02,0.0
555.802,2026-06-26T03:21:44.780831,63269.711,115801.52,0.824,5788.058,84284.676,0.02,0.0
555.853,2026-06-26T03:21:44.831819,63320.344,115801.52,0.806,5788.059,84284.676,0.02,0.0
555.904,2026-06-26T03:21:44.882811,63371.504,115801.52,0.794,5788.06,84284.676,0.02,0.0
555.955,2026-06-26T03:21:44.933809,63422.934,115801.52,0.786,5788.061,84284.676,0.02,0.0
556.006,2026-06-26T03:21:44.984816,63473.57,115801.52,0.826,5788.062,84284.676,0.02,0.0
556.057,2026-06-26T03:21:45.035794,63524.188,115801.52,0.808,5788.063,84284.676,0.02,0.0
556.108,2026-06-26T03:21:45.086803,63574.582,115801.52,0.749,5788.064,84284.676,0.02,0.0
556.159,2026-06-26T03:21:45.137778,63624.805,115801.52,0.8,5788.065,84284.676,0.02,0.0
556.21,2026-06-26T03:21:45.188810,63674.496,115801.52,0.79,5788.066,84284.676,0.02,0.0
556.261,2026-06-26T03:21:45.239800,63722.934,115801.52,0.783,5788.067,84284.676,0.02,0.0
556.312,2026-06-26T03:21:45.290782,63771.371,115801.52,0.778,5788.068,84284.676,0.02,0.0
556.363,2026-06-26T03:21:45.341765,63819.738,115801.52,0.775,5788.069,84284.676,0.02,0.0
556.414,2026-06-26T03:21:45.392777,63870.062,115801.52,0.818,5788.07,84284.676,0.02,0.0
556.465,2026-06-26T03:21:45.443775,63920.66,115801.52,0.756,5788.071,84284.676,0.02,0.0
556.516,2026-06-26T03:21:45.494785,63907.82,115801.52,0.805,5788.072,84284.676,0.02,0.0
556.567,2026-06-26T03:21:45.545764,63827.496,115801.52,0.839,5788.073,84284.676,0.02,0.0
556.618,2026-06-26T03:21:45.596784,63181.496,115801.52,0.817,5788.074,84284.676,0.02,0.0
556.669,2026-06-26T03:21:45.647778,63149.496,115001.52,0.802,5788.075,84284.676,0.02,0.0
556.72,2026-06-26T03:21:45.698782,63149.496,115001.52,0.791,5788.076,84284.676,0.02,0.0
556.771,2026-06-26T03:21:45.749758,63149.496,115001.52,0.784,5788.078,84284.676,0.02,0.0
556.822,2026-06-26T03:21:45.800751,63149.496,115001.52,0.778,5788.079,84284.676,0.02,0.0
556.873,2026-06-26T03:21:45.851758,63177.191,115801.52,0.729,5788.08,84334.676,0.02,980.216
556.924,2026-06-26T03:21:45.902770,63227.078,115801.52,0.786,5788.081,84334.676,0.02,0.0
556.975,2026-06-26T03:21:45.953751,63276.207,115801.52,0.78,5788.082,84334.676,0.02,0.0
557.026,2026-06-26T03:21:46.004771,63325.512,115801.52,0.776,5788.083,84334.676,0.02,0.0
557.077,2026-06-26T03:21:46.055745,63374.645,115801.52,0.819,5788.084,84334.676,0.02,0.0
557.199,2026-06-26T03:21:46.177579,63492.07,115801.52,0.94,5788.433,84334.676,2.882,0.0
557.249,2026-06-26T03:21:46.228020,63540.926,115801.52,0.935,5788.434,84334.676,0.02,0.0
557.3,2026-06-26T03:21:46.278677,63589.664,115801.52,0.886,5788.435,84334.676,0.02,0.0
557.35,2026-06-26T03:21:46.329340,63639.129,115801.52,0.851,5788.437,84334.676,0.02,0.0
557.401,2026-06-26T03:21:46.380128,63689.055,115801.52,0.78,5788.438,84334.676,0.02,0.0
557.452,2026-06-26T03:21:46.431020,63737.801,115801.52,0.822,5788.439,84334.676,0.02,0.0
557.503,2026-06-26T03:21:46.482004,63787.09,115801.52,0.851,5788.44,84334.676,0.02,0.0
557.554,2026-06-26T03:21:46.533015,63837.801,115801.52,0.826,5788.441,84334.676,0.02,0.0
557.605,2026-06-26T03:21:46.583989,63888.602,115801.52,0.808,5788.442,84334.676,0.02,0.0
557.656,2026-06-26T03:21:46.634981,63939.34,115801.52,0.795,5788.443,84334.676,0.02,0.0
557.707,2026-06-26T03:21:46.685976,63926.113,115801.52,0.786,5788.444,84334.676,0.02,0.0
557.758,2026-06-26T03:21:46.737042,63613.539,115801.52,0.78,5788.445,84334.676,0.02,0.0
557.809,2026-06-26T03:21:46.788081,63149.539,115001.52,0.775,5788.446,84334.676,0.02,0.0
557.86,2026-06-26T03:21:46.839167,63149.539,115001.52,0.772,5788.447,84334.676,0.02,0.0
557.911,2026-06-26T03:21:46.890218,63149.539,115001.52,0.77,5788.448,84334.676,0.02,0.0
557.962,2026-06-26T03:21:46.941239,63149.539,115001.52,0.769,5788.449,84334.676,0.02,0.0
558.013,2026-06-26T03:21:46.992261,63149.539,115001.52,0.768,5788.45,84384.676,0.02,979.968
558.064,2026-06-26T03:21:47.043276,63195.152,115051.52,0.813,5788.451,84384.676,0.02,0.0
558.115,2026-06-26T03:21:47.094331,63149.539,115001.52,0.799,5788.452,84384.676,0.02,0.0
558.166,2026-06-26T03:21:47.145283,63183.562,115801.52,0.789,5788.453,84434.676,0.02,980.537
558.217,2026-06-26T03:21:47.196269,63233.789,115801.52,0.782,5788.454,84434.676,0.02,0.0
558.268,2026-06-26T03:21:47.247230,63283.367,115801.52,0.778,5788.455,84434.676,0.02,0.0
558.319,2026-06-26T03:21:47.298242,63333.551,115801.52,0.82,5788.456,84434.676,0.02,0.0
558.37,2026-06-26T03:21:47.349198,63383.684,115801.52,0.804,5788.457,84434.676,0.02,0.0
558.421,2026-06-26T03:21:47.400201,63432.859,115801.52,0.839,5788.458,84434.676,0.02,0.0
558.472,2026-06-26T03:21:47.451203,63481.988,115801.52,0.771,5788.459,84434.676,0.02,0.0
558.523,2026-06-26T03:21:47.502208,63531.297,115801.52,0.77,5788.46,84434.676,0.02,0.0
558.574,2026-06-26T03:21:47.553185,63580.355,115801.52,0.768,5788.461,84434.676,0.02,0.0
558.625,2026-06-26T03:21:47.604191,63629.48,115801.52,0.86,5788.462,84434.676,0.02,0.0
558.676,2026-06-26T03:21:47.655171,63678.172,115801.52,0.831,5788.463,84434.676,0.02,0.0
558.727,2026-06-26T03:21:47.706128,63726.781,115801.52,0.812,5788.464,84434.676,0.02,0.0
558.778,2026-06-26T03:21:47.757127,63771.414,115801.52,0.752,5788.465,84434.676,0.02,0.0
558.829,2026-06-26T03:21:47.808103,63821.352,115801.52,0.756,5788.467,84434.676,0.02,0.0
558.88,2026-06-26T03:21:47.859114,63871.953,115801.52,0.805,5788.468,84434.676,0.02,0.0
558.931,2026-06-26T03:21:47.910105,63922.711,115801.52,0.793,5788.469,84434.676,0.02,0.0
558.982,2026-06-26T03:21:47.961114,63909.801,115801.52,0.785,5788.47,84434.676,0.02,0.0
559.033,2026-06-26T03:21:48.012110,63801.539,115801.52,0.779,5788.471,84434.676,0.02,0.0
559.084,2026-06-26T03:21:48.063107,63153.539,115801.52,0.775,5788.472,84434.676,0.02,0.0
559.135,2026-06-26T03:21:48.114100,63149.539,115001.52,0.773,5788.473,84434.676,0.02,0.0
559.186,2026-06-26T03:21:48.165098,63149.539,115001.52,0.816,5788.474,84434.676,0.02,0.0
559.237,2026-06-26T03:21:48.216083,63149.539,115001.52,0.801,5788.475,84434.676,0.02,0.0
559.288,2026-06-26T03:21:48.267086,63149.539,115001.52,0.791,5788.476,84434.676,0.02,0.0
559.339,2026-06-26T03:21:48.318056,63174.738,115801.52,0.783,5788.477,84484.676,0.02,979.813
559.39,2026-06-26T03:21:48.369078,63224.758,115801.52,0.824,5788.478,84484.676,0.02,0.0
559.441,2026-06-26T03:21:48.420064,63274.539,115801.52,0.807,5788.479,84484.676,0.02,0.0
559.492,2026-06-26T03:21:48.471067,63323.82,115801.52,0.795,5788.48,84484.676,0.02,0.0
559.543,2026-06-26T03:21:48.522054,63373.617,115801.52,0.786,5788.481,84484.676,0.02,0.0
559.594,2026-06-26T03:21:48.573047,63423.805,115801.52,0.78,5788.482,84484.676,0.02,0.0
559.645,2026-06-26T03:21:48.624043,63473.992,115801.52,0.822,5788.483,84484.676,0.02,0.0
559.696,2026-06-26T03:21:48.675046,63524.336,115801.52,0.759,5788.484,84484.676,0.02,0.0
559.747,2026-06-26T03:21:48.726028,63574.539,115801.52,0.761,5788.485,84484.676,0.02,0.0
559.798,2026-06-26T03:21:48.777035,63624.77,115801.52,0.763,5788.486,84484.676,0.02,0.0
559.849,2026-06-26T03:21:48.828021,63674.535,115801.52,0.809,5788.487,84484.676,0.02,0.0
559.9,2026-06-26T03:21:48.879041,63723.961,115801.52,0.751,5788.488,84484.676,0.02,0.0
559.951,2026-06-26T03:21:48.930024,63774.711,115801.52,0.755,5788.489,84484.676,0.02,0.0
560.002,2026-06-26T03:21:48.981025,63825.25,115801.52,0.804,5788.49,84484.676,0.02,0.0
560.053,2026-06-26T03:21:49.032042,63875.832,115801.52,0.839,5788.491,84484.676,0.02,0.0
560.104,2026-06-26T03:21:49.083037,63926.359,115801.52,0.817,5788.492,84484.676,0.02,0.0
560.155,2026-06-26T03:21:49.134034,63913.379,115801.52,0.801,5788.493,84484.676,0.02,0.0
560.206,2026-06-26T03:21:49.185042,63763.543,115801.52,0.791,5788.494,84484.676,0.02,0.0
560.257,2026-06-26T03:21:49.236017,63149.543,115001.52,0.783,5788.495,84484.676,0.02,0.0
560.308,2026-06-26T03:21:49.287026,63149.543,115001.52,0.778,5788.497,84484.676,0.02,0.0
560.359,2026-06-26T03:21:49.338008,63149.543,115001.52,0.775,5788.498,84484.676,0.02,0.0
560.41,2026-06-26T03:21:49.389001,63149.543,115001.52,0.818,5788.499,84484.676,0.02,0.0
560.461,2026-06-26T03:21:49.439980,63149.543,115001.52,0.803,5788.5,84484.676,0.02,0.0
560.512,2026-06-26T03:21:49.490979,63178.543,115051.52,0.792,5788.501,84534.676,0.02,979.968
560.563,2026-06-26T03:21:49.541990,63149.543,115001.52,0.83,5788.502,84534.676,0.02,0.0
560.614,2026-06-26T03:21:49.592996,63167.605,115801.52,0.765,5788.503,84584.676,0.02,980.592
560.665,2026-06-26T03:21:49.643983,63217.746,115801.52,0.811,5788.504,84584.676,0.02,0.0
560.716,2026-06-26T03:21:49.694985,63268.059,115801.52,0.797,5788.505,84584.676,0.02,0.0
560.767,2026-06-26T03:21:49.745954,63317.746,115801.52,0.788,5788.506,84584.676,0.02,0.0
560.818,2026-06-26T03:21:49.796991,63367.137,115801.52,0.781,5788.507,84584.676,0.02,0.0
560.869,2026-06-26T03:21:49.847952,63416.578,115801.52,0.777,5788.508,84584.676,0.02,0.0
560.92,2026-06-26T03:21:49.898942,63465.93,115801.52,0.82,5788.509,84584.676,0.02,0.0
560.971,2026-06-26T03:21:49.949930,63515.27,115801.52,0.804,5788.51,84584.676,0.02,0.0
561.022,2026-06-26T03:21:50.000932,63564.586,115801.52,0.838,5788.511,84584.676,0.02,0.0
561.073,2026-06-26T03:21:50.051940,63613.887,115801.52,0.816,5788.512,84584.676,0.02,0.0
561.124,2026-06-26T03:21:50.102934,63662.43,115801.52,0.756,5788.513,84584.676,0.02,0.0
561.175,2026-06-26T03:21:50.153919,63709.934,115801.52,0.804,5788.514,84584.676,0.02,0.0
561.226,2026-06-26T03:21:50.204928,63757.609,115801.52,0.793,5788.515,84584.676,0.02,0.0
561.277,2026-06-26T03:21:50.255909,63807.355,115801.52,0.785,5788.516,84584.676,0.02,0.0
561.328,2026-06-26T03:21:50.306924,63852.734,115801.52,0.825,5788.517,84584.676,0.02,0.0
561.379,2026-06-26T03:21:50.357899,63893.02,115801.52,0.762,5788.518,84584.676,0.02,0.0
561.43,2026-06-26T03:21:50.408894,63925.734,115801.52,0.855,5788.519,84584.676,0.02,0.0
561.481,2026-06-26T03:21:50.459881,63902.309,115801.52,0.828,5788.52,84584.676,0.02,0.0
561.532,2026-06-26T03:21:50.510893,63879.543,115801.52,0.764,5788.521,84584.676,0.02,0.0
561.583,2026-06-26T03:21:50.561870,63227.543,115801.52,0.764,5788.522,84584.676,0.02,0.0
561.634,2026-06-26T03:21:50.612871,63149.543,115001.52,0.811,5788.523,84584.676,0.02,0.0
561.685,2026-06-26T03:21:50.663841,63149.543,115001.52,0.797,5788.524,84584.676,0.02,0.0
561.736,2026-06-26T03:21:50.714915,63149.543,115001.52,0.788,5788.526,84584.676,0.02,0.0
561.787,2026-06-26T03:21:50.765960,63149.543,115001.52,0.781,5788.527,84584.676,0.02,0.0
561.838,2026-06-26T03:21:50.817029,63182.438,115801.52,0.776,5788.528,84634.676,0.02,979.337
561.889,2026-06-26T03:21:50.868072,63233.918,115801.52,0.819,5788.529,84634.676,0.02,0.0
561.94,2026-06-26T03:21:50.919113,63285.227,115801.52,0.757,5788.53,84634.676,0.02,0.0
561.991,2026-06-26T03:21:50.970228,63335.578,115801.52,0.759,5788.531,84634.676,0.02,0.0
562.042,2026-06-26T03:21:51.021240,63386.059,115801.52,0.807,5788.532,84634.676,0.02,0.0
562.093,2026-06-26T03:21:51.072258,63436.352,115801.52,0.795,5788.533,84634.676,0.02,0.0
562.22,2026-06-26T03:21:51.198556,63560.711,115801.52,0.928,5788.882,84634.676,2.779,0.0
562.27,2026-06-26T03:21:51.248998,63610.555,115801.52,0.881,5788.883,84634.676,0.02,0.0
562.321,2026-06-26T03:21:51.299651,63660.496,115801.52,0.894,5788.884,84634.676,0.02,0.0
562.372,2026-06-26T03:21:51.350422,63710.57,115801.52,0.811,5788.886,84634.676,0.02,0.0
562.422,2026-06-26T03:21:51.401214,63760.496,115801.52,0.844,5788.887,84634.676,0.02,0.0
562.473,2026-06-26T03:21:51.452036,63810.953,115801.52,0.775,5788.888,84634.676,0.02,0.0
562.524,2026-06-26T03:21:51.503033,63861.578,115801.52,0.818,5788.889,84634.676,0.02,0.0
562.575,2026-06-26T03:21:51.554028,63912.059,115801.52,0.803,5788.89,84634.676,0.02,0.0
562.626,2026-06-26T03:21:51.605028,63899.559,115751.52,0.837,5788.891,84634.676,0.02,0.0
562.677,2026-06-26T03:21:51.656011,63949.559,115801.52,0.816,5788.892,84634.676,0.02,0.0
562.728,2026-06-26T03:21:51.707014,63311.559,115801.52,0.847,5788.893,84634.676,0.02,0.0
562.779,2026-06-26T03:21:51.757984,63149.559,115001.52,0.823,5788.894,84634.676,0.02,0.0
562.83,2026-06-26T03:21:51.809010,63149.559,115001.52,0.806,5788.895,84634.676,0.02,0.0
562.881,2026-06-26T03:21:51.859994,63149.559,115001.52,0.794,5788.896,84634.676,0.02,0.0
562.932,2026-06-26T03:21:51.910993,63149.559,115001.52,0.786,5788.897,84634.676,0.02,0.0
562.983,2026-06-26T03:21:51.961980,63171.156,115801.52,0.734,5788.898,84684.676,0.02,980.66
563.034,2026-06-26T03:21:52.012982,63221.164,115801.52,0.789,5788.899,84684.676,0.02,0.0
563.085,2026-06-26T03:21:52.063987,63271.434,115801.52,0.828,5788.9,84684.676,0.02,0.0
563.136,2026-06-26T03:21:52.114977,63321.238,115801.52,0.81,5788.901,84684.676,0.02,0.0
563.187,2026-06-26T03:21:52.165959,63370.371,115801.52,0.75,5788.902,84684.676,0.02,0.0
563.238,2026-06-26T03:21:52.216966,63419.578,115801.52,0.801,5788.903,84684.676,0.02,0.0
563.289,2026-06-26T03:21:52.267946,63468.664,115801.52,0.791,5788.904,84684.676,0.02,0.0
563.34,2026-06-26T03:21:52.318962,63517.836,115801.52,0.783,5788.905,84684.676,0.02,0.0
563.391,2026-06-26T03:21:52.369947,63567.254,115801.52,0.778,5788.906,84684.676,0.02,0.0
563.442,2026-06-26T03:21:52.420939,63616.516,115801.52,0.774,5788.907,84684.676,0.02,0.0
563.493,2026-06-26T03:21:52.471938,63665.836,115801.52,0.864,5788.908,84684.676,0.02,0.0
563.544,2026-06-26T03:21:52.522941,63715.184,115801.52,0.788,5788.909,84684.676,0.02,0.0
563.595,2026-06-26T03:21:52.573920,63763.5,115801.52,0.828,5788.91,84684.676,0.02,0.0
563.646,2026-06-26T03:21:52.624912,63813.027,115801.52,0.809,5788.911,84684.676,0.02,0.0
563.697,2026-06-26T03:21:52.675884,63862.742,115801.52,0.75,5788.912,84684.676,0.02,0.0
563.748,2026-06-26T03:21:52.726907,63909.387,115801.52,0.755,5788.913,84684.676,0.02,0.0
563.799,2026-06-26T03:21:52.777893,63899.559,115751.52,0.804,5788.914,84684.676,0.02,0.0
563.85,2026-06-26T03:21:52.828899,63946.441,115801.52,0.747,5788.916,84684.676,0.02,0.0
563.901,2026-06-26T03:21:52.879879,63353.559,115801.52,0.799,5788.917,84684.676,0.02,0.0
563.952,2026-06-26T03:21:52.930869,63149.559,115001.52,0.789,5788.918,84684.676,0.02,0.0
564.003,2026-06-26T03:21:52.981874,63149.559,115001.52,0.782,5788.919,84684.676,0.02,0.0
564.054,2026-06-26T03:21:53.032895,63149.559,115001.52,0.777,5788.92,84684.676,0.02,0.0
564.105,2026-06-26T03:21:53.083870,63149.559,115001.52,0.774,5788.921,84684.676,0.02,0.0
564.156,2026-06-26T03:21:53.134881,63163.977,115801.52,0.817,5788.922,84734.676,0.02,981.216
564.207,2026-06-26T03:21:53.185857,63213.875,115801.52,0.802,5788.923,84734.676,0.02,0.0
564.258,2026-06-26T03:21:53.236888,63264.16,115801.52,0.791,5788.924,84734.676,0.02,0.0
564.309,2026-06-26T03:21:53.287871,63313.93,115801.52,0.829,5788.925,84734.676,0.02,0.0
564.36,2026-06-26T03:21:53.338861,63363.328,115801.52,0.811,5788.926,84734.676,0.02,0.0
564.411,2026-06-26T03:21:53.389834,63412.414,115801.52,0.797,5788.927,84734.676,0.02,0.0
564.462,2026-06-26T03:21:53.440834,63462.68,115801.52,0.788,5788.928,84734.676,0.02,0.0
564.513,2026-06-26T03:21:53.491834,63513.184,115801.52,0.781,5788.929,84734.676,0.02,0.0
564.564,2026-06-26T03:21:53.542835,63563.734,115801.52,0.869,5788.93,84734.676,0.02,0.0
564.615,2026-06-26T03:21:53.593812,63613.277,115801.52,0.792,5788.931,84734.676,0.02,0.0
564.666,2026-06-26T03:21:53.644823,63661.984,115801.52,0.83,5788.932,84734.676,0.02,0.0
564.717,2026-06-26T03:21:53.695807,63710.66,115801.52,0.811,5788.933,84734.676,0.02,0.0
564.768,2026-06-26T03:21:53.746824,63759.695,115801.52,0.797,5788.934,84734.676,0.02,0.0
564.819,2026-06-26T03:21:53.797809,63810.75,115801.52,0.742,5788.935,84734.676,0.02,0.0
564.87,2026-06-26T03:21:53.848751,63861.699,115801.52,0.795,5788.936,84734.676,0.02,0.0
564.921,2026-06-26T03:21:53.899751,63912.551,115801.52,0.787,5788.937,84734.676,0.02,0.0
564.972,2026-06-26T03:21:53.950762,63899.934,115801.52,0.78,5788.938,84734.676,0.02,0.0
565.023,2026-06-26T03:21:54.001757,63943.559,115801.52,0.776,5788.939,84734.676,0.02,0.0
565.074,2026-06-26T03:21:54.052758,63303.559,115801.52,0.773,5788.94,84734.676,0.02,0.0
565.125,2026-06-26T03:21:54.103710,63149.559,115001.52,0.771,5788.941,84734.676,0.02,0.0
565.176,2026-06-26T03:21:54.154722,63149.559,115001.52,0.77,5788.942,84734.676,0.02,0.0
565.227,2026-06-26T03:21:54.205720,63149.559,115001.52,0.768,5788.943,84734.676,0.02,0.0
565.278,2026-06-26T03:21:54.256716,63149.559,115001.52,0.768,5788.944,84734.676,0.02,0.0
565.329,2026-06-26T03:21:54.307705,63169.781,115051.52,0.859,5788.946,84784.676,0.02,980.725
565.38,2026-06-26T03:21:54.358705,63149.559,115001.52,0.785,5788.947,84784.676,0.02,0.0
565.431,2026-06-26T03:21:54.409717,63158.438,115051.52,0.825,5788.948,84834.676,0.02,980.248
565.482,2026-06-26T03:21:54.460722,63149.559,115001.52,0.762,5788.949,84834.676,0.02,0.0
565.533,2026-06-26T03:21:54.511714,63149.559,115001.52,0.809,5788.95,84884.676,0.02,979.868
565.584,2026-06-26T03:21:54.562720,63197.195,115801.52,0.75,5788.951,84884.676,0.02,0.0
565.635,2026-06-26T03:21:54.613698,63246.434,115801.52,0.801,5788.952,84884.676,0.02,0.0
565.686,2026-06-26T03:21:54.664728,63295.633,115801.52,0.79,5788.953,84884.676,0.02,0.0
565.737,2026-06-26T03:21:54.715766,63345.027,115801.52,0.783,5788.954,84884.676,0.02,0.0
565.788,2026-06-26T03:21:54.766835,63394.258,115801.52,0.777,5788.955,84884.676,0.02,0.0
565.839,2026-06-26T03:21:54.817880,63443.547,115801.52,0.774,5788.956,84884.676,0.02,0.0
565.89,2026-06-26T03:21:54.868933,63493.016,115801.52,0.817,5788.957,84884.676,0.02,0.0
565.941,2026-06-26T03:21:54.919997,63542.254,115801.52,0.801,5788.958,84884.676,0.02,0.0
565.992,2026-06-26T03:21:54.971047,63590.816,115801.52,0.791,5788.959,84884.676,0.02,0.0
566.043,2026-06-26T03:21:55.022080,63638.352,115801.52,0.783,5788.96,84884.676,0.02,0.0
566.094,2026-06-26T03:21:55.073159,63686.508,115801.52,0.824,5788.961,84884.676,0.02,0.0
566.145,2026-06-26T03:21:55.124204,63736.004,115801.52,0.806,5788.962,84884.676,0.02,0.0
566.196,2026-06-26T03:21:55.175185,63785.496,115801.52,0.794,5788.963,84884.676,0.02,0.0
566.247,2026-06-26T03:21:55.226183,63835.066,115801.52,0.786,5788.964,84884.676,0.02,0.0
566.298,2026-06-26T03:21:55.277126,63884.5,115801.52,0.826,5788.965,84884.676,0.02,0.0
566.349,2026-06-26T03:21:55.328116,63933.641,115801.52,0.762,5788.966,84884.676,0.02,0.0
566.4,2026-06-26T03:21:55.379070,63920.059,115801.52,0.809,5788.967,84884.676,0.02,0.0
566.451,2026-06-26T03:21:55.430047,63693.559,115801.52,0.796,5788.968,84884.676,0.02,0.0
566.502,2026-06-26T03:21:55.481047,63149.559,115001.52,0.787,5788.969,84884.676,0.02,0.0
566.553,2026-06-26T03:21:55.532015,63149.559,115001.52,0.781,5788.97,84884.676,0.02,0.0
566.604,2026-06-26T03:21:55.583036,63149.559,115001.52,0.776,5788.971,84884.676,0.02,0.0
566.655,2026-06-26T03:21:55.634020,63149.559,115001.52,0.773,5788.972,84884.676,0.02,0.0
566.706,2026-06-26T03:21:55.685014,63149.559,115001.52,0.817,5788.973,84934.676,0.02,980.294
566.757,2026-06-26T03:21:55.736003,63189.73,115801.52,0.802,5788.974,84934.676,0.02,0.0
566.808,2026-06-26T03:21:55.786990,63239.746,115801.52,0.791,5788.976,84934.676,0.02,0.0
566.859,2026-06-26T03:21:55.837996,63289.926,115801.52,0.783,5788.977,84934.676,0.02,0.0
566.91,2026-06-26T03:21:55.888995,63340.691,115801.52,0.778,5788.978,84934.676,0.02,0.0
566.961,2026-06-26T03:21:55.939975,63391.746,115801.52,0.866,5788.979,84934.676,0.02,0.0
567.012,2026-06-26T03:21:55.990975,63442.047,115801.52,0.836,5788.98,84934.676,0.02,0.0
567.063,2026-06-26T03:21:56.041953,63492.508,115801.52,0.815,5788.981,84934.676,0.02,0.0
567.114,2026-06-26T03:21:56.092976,63542.762,115801.52,0.801,5788.982,84934.676,0.02,0.0
567.236,2026-06-26T03:21:56.214376,63662.746,115801.52,0.928,5789.331,84934.676,2.891,0.0
567.286,2026-06-26T03:21:56.264813,63712.832,115801.52,0.881,5789.332,84934.676,0.02,0.0
567.337,2026-06-26T03:21:56.315472,63761.957,115801.52,0.848,5789.333,84934.676,0.02,0.0
567.387,2026-06-26T03:21:56.366130,63810.148,115801.52,0.824,5789.335,84934.676,0.02,0.0
567.438,2026-06-26T03:21:56.416966,63859.059,115801.52,0.808,5789.336,84934.676,0.02,0.0
567.489,2026-06-26T03:21:56.467792,63909.57,115801.52,0.795,5789.337,84934.676,0.02,0.0
567.54,2026-06-26T03:21:56.518802,63899.59,115751.52,0.786,5789.338,84934.676,0.02,0.0
567.591,2026-06-26T03:21:56.569795,63946.59,115801.52,0.872,5789.339,84934.676,0.02,0.0
567.642,2026-06-26T03:21:56.620791,63337.59,115801.52,0.841,5789.34,84934.676,0.02,0.0
567.693,2026-06-26T03:21:56.671790,63149.59,115001.52,0.818,5789.341,84934.676,0.02,0.0
567.744,2026-06-26T03:21:56.722796,63149.59,115001.52,0.803,5789.342,84934.676,0.02,0.0
567.795,2026-06-26T03:21:56.773786,63149.59,115001.52,0.791,5789.343,84934.676,0.02,0.0
567.846,2026-06-26T03:21:56.824791,63149.59,115001.52,0.784,5789.344,84934.676,0.02,0.0
567.897,2026-06-26T03:21:56.875775,63167.742,115801.52,0.733,5789.345,84984.676,0.02,979.639
567.948,2026-06-26T03:21:56.926796,63217.539,115801.52,0.789,5789.346,84984.676,0.02,0.0
567.999,2026-06-26T03:21:56.977777,63266.797,115801.52,0.782,5789.347,84984.676,0.02,0.0
568.05,2026-06-26T03:21:57.028784,63315.977,115801.52,0.777,5789.348,84984.676,0.02,0.0
568.101,2026-06-26T03:21:57.079777,63365.297,115801.52,0.82,5789.349,84984.676,0.02,0.0
568.152,2026-06-26T03:21:57.130766,63414.414,115801.52,0.803,5789.35,84984.676,0.02,0.0
568.203,2026-06-26T03:21:57.181775,63464.414,115801.52,0.792,5789.351,84984.676,0.02,0.0
568.254,2026-06-26T03:21:57.232782,63514.805,115801.52,0.784,5789.352,84984.676,0.02,0.0
568.305,2026-06-26T03:21:57.283772,63559.043,115801.52,0.825,5789.353,84984.676,0.02,0.0
568.356,2026-06-26T03:21:57.334781,63609.477,115801.52,0.807,5789.354,84984.676,0.02,0.0
568.407,2026-06-26T03:21:57.385760,63659.98,115801.52,0.795,5789.355,84984.676,0.02,0.0
568.458,2026-06-26T03:21:57.436760,63710.918,115801.52,0.786,5789.356,84984.676,0.02,0.0
568.509,2026-06-26T03:21:57.487736,63762.09,115801.52,0.78,5789.357,84984.676,0.02,0.0
568.56,2026-06-26T03:21:57.538745,63812.629,115801.52,0.776,5789.358,84984.676,0.02,0.0
568.611,2026-06-26T03:21:57.589742,63863.383,115801.52,0.773,5789.359,84984.676,0.02,0.0
568.662,2026-06-26T03:21:57.640749,63914.16,115801.52,0.771,5789.36,84984.676,0.02,0.0
568.713,2026-06-26T03:21:57.691726,63901.367,115801.52,0.815,5789.361,84984.676,0.02,0.0
568.764,2026-06-26T03:21:57.742724,63947.09,115801.52,0.801,5789.362,84984.676,0.02,0.0
568.815,2026-06-26T03:21:57.793695,63349.59,115801.52,0.79,5789.363,84984.676,0.02,0.0
568.866,2026-06-26T03:21:57.844717,63149.59,115001.52,0.783,5789.365,84984.676,0.02,0.0
568.917,2026-06-26T03:21:57.895702,63149.59,115001.52,0.778,5789.366,84984.676,0.02,0.0
568.968,2026-06-26T03:21:57.946711,63149.59,115001.52,0.82,5789.367,84984.676,0.02,0.0
569.019,2026-06-26T03:21:57.997715,63149.59,115001.52,0.804,5789.368,84984.676,0.02,0.0
569.07,2026-06-26T03:21:58.048703,63163.715,115051.52,0.792,5789.369,85034.676,0.02,978.957
569.121,2026-06-26T03:21:58.099786,63149.59,115001.52,0.784,5789.37,85034.676,0.02,0.0
569.172,2026-06-26T03:21:58.150792,63151.586,115801.52,0.825,5789.371,85084.676,0.02,980.729
569.223,2026-06-26T03:21:58.201779,63189.695,115801.52,0.807,5789.372,85084.676,0.02,0.0
569.274,2026-06-26T03:21:58.252794,63228.453,115801.52,0.795,5789.373,85084.676,0.02,0.0
569.325,2026-06-26T03:21:58.303768,63266.898,115801.52,0.786,5789.374,85084.676,0.02,0.0
569.376,2026-06-26T03:21:58.354798,63315.215,115801.52,0.826,5789.375,85084.676,0.02,0.0
569.427,2026-06-26T03:21:58.405780,63365.723,115801.52,0.762,5789.376,85084.676,0.02,0.0
569.478,2026-06-26T03:21:58.456791,63416.094,115801.52,0.809,5789.377,85084.676,0.02,0.0
569.529,2026-06-26T03:21:58.507774,63466.406,115801.52,0.75,5789.378,85084.676,0.02,0.0
569.58,2026-06-26T03:21:58.558762,63516.641,115801.52,0.801,5789.379,85084.676,0.02,0.0
569.631,2026-06-26T03:21:58.609753,63566.777,115801.52,0.79,5789.38,85084.676,0.02,0.0
569.682,2026-06-26T03:21:58.660757,63616.781,115801.52,0.783,5789.381,85084.676,0.02,0.0
569.733,2026-06-26T03:21:58.711737,63665.723,115801.52,0.778,5789.382,85084.676,0.02,0.0
569.784,2026-06-26T03:21:58.762750,63714.16,115801.52,0.774,5789.383,85084.676,0.02,0.0
569.835,2026-06-26T03:21:58.813733,63762.637,115801.52,0.772,5789.384,85084.676,0.02,0.0
569.886,2026-06-26T03:21:58.864755,63811.469,115801.52,0.77,5789.385,85084.676,0.02,0.0
569.937,2026-06-26T03:21:58.915742,63862.117,115801.52,0.769,5789.386,85084.676,0.02,0.0
569.988,2026-06-26T03:21:58.966752,63912.625,115801.52,0.814,5789.387,85084.676,0.02,0.0
570.039,2026-06-26T03:21:59.017747,63899.965,115801.52,0.846,5789.388,85084.676,0.02,0.0
570.09,2026-06-26T03:21:59.068760,63941.59,115801.52,0.776,5789.389,85084.676,0.02,0.0
570.141,2026-06-26T03:21:59.119743,63307.59,115801.52,0.773,5789.39,85084.676,0.02,0.0
570.192,2026-06-26T03:21:59.170745,63149.59,115001.52,0.817,5789.391,85084.676,0.02,0.0
570.243,2026-06-26T03:21:59.221717,63149.59,115001.52,0.801,5789.392,85084.676,0.02,0.0
570.294,2026-06-26T03:21:59.272751,63149.59,115001.52,0.791,5789.393,85084.676,0.02,0.0
570.345,2026-06-26T03:21:59.323730,63149.59,115001.52,0.783,5789.395,85084.676,0.02,0.0
570.396,2026-06-26T03:21:59.374729,63169.871,115051.52,0.778,5789.396,85134.676,0.02,980.385
570.447,2026-06-26T03:21:59.425717,63149.59,115001.52,0.775,5789.397,85134.676,0.02,0.0
570.498,2026-06-26T03:21:59.476716,63156.426,115051.52,0.772,5789.398,85184.676,0.02,980.092
570.549,2026-06-26T03:21:59.527726,63149.59,115001.52,0.77,5789.399,85184.676,0.02,0.0
570.6,2026-06-26T03:21:59.578731,63149.59,115001.52,0.815,5789.4,85234.676,0.02,980.72
570.651,2026-06-26T03:21:59.629720,63193.09,115051.52,0.8,5789.401,85234.676,0.02,0.0
570.702,2026-06-26T03:21:59.680720,63149.59,115001.52,0.79,5789.402,85234.676,0.02,0.0
570.753,2026-06-26T03:21:59.731692,63181.242,115801.52,0.783,5789.403,85284.676,0.02,979.703
570.804,2026-06-26T03:21:59.782722,63230.48,115801.52,0.824,5789.404,85284.676,0.02,0.0
570.855,2026-06-26T03:21:59.833706,63279.629,115801.52,0.806,5789.405,85284.676,0.02,0.0
570.906,2026-06-26T03:21:59.884714,63328.848,115801.52,0.794,5789.406,85284.676,0.02,0.0
570.957,2026-06-26T03:21:59.935701,63378.199,115801.52,0.786,5789.407,85284.676,0.02,0.0
571.008,2026-06-26T03:21:59.986704,63427.492,115801.52,0.78,5789.408,85284.676,0.02,0.0
571.059,2026-06-26T03:22:00.037704,63470.672,115801.52,0.776,5789.409,85284.676,0.02,0.0
571.11,2026-06-26T03:22:00.088706,63520.887,115801.52,0.865,5789.41,85284.676,0.02,0.0
571.161,2026-06-26T03:22:00.139685,63569.906,115801.52,0.835,5789.411,85284.676,0.02,0.0
571.212,2026-06-26T03:22:00.190695,63620.199,115801.52,0.814,5789.412,85284.676,0.02,0.0
571.263,2026-06-26T03:22:00.241690,63670.801,115801.52,0.8,5789.413,85284.676,0.02,0.0
571.314,2026-06-26T03:22:00.292702,63721.465,115801.52,0.79,5789.414,85284.676,0.02,0.0
571.365,2026-06-26T03:22:00.343689,63771.809,115801.52,0.783,5789.415,85284.676,0.02,0.0
571.416,2026-06-26T03:22:00.394690,63822.48,115801.52,0.778,5789.416,85284.676,0.02,0.0
571.467,2026-06-26T03:22:00.445692,63873.176,115801.52,0.774,5789.417,85284.676,0.02,0.0
571.518,2026-06-26T03:22:00.496704,63923.836,115801.52,0.772,5789.418,85284.676,0.02,0.0
571.569,2026-06-26T03:22:00.547689,63909.691,115801.52,0.77,5789.419,85284.676,0.02,0.0
571.62,2026-06-26T03:22:00.598693,63837.59,115801.52,0.815,5789.42,85284.676,0.02,0.0
571.671,2026-06-26T03:22:00.649663,63165.59,115801.52,0.846,5789.421,85284.676,0.02,0.0
571.722,2026-06-26T03:22:00.700704,63149.59,115001.52,0.822,5789.422,85284.676,0.02,0.0
571.773,2026-06-26T03:22:00.751682,63149.59,115001.52,0.805,5789.424,85284.676,0.02,0.0
571.824,2026-06-26T03:22:00.802690,63149.59,115001.52,0.793,5789.425,85284.676,0.02,0.0
571.875,2026-06-26T03:22:00.853680,63149.59,115001.52,0.785,5789.426,85284.676,0.02,0.0
571.926,2026-06-26T03:22:00.904684,63174.043,115801.52,0.779,5789.427,85334.676,0.02,980.06
571.977,2026-06-26T03:22:00.955694,63213.25,115801.52,0.775,5789.428,85334.676,0.02,0.0
572.028,2026-06-26T03:22:01.006688,63253.223,115801.52,0.727,5789.429,85334.676,0.02,0.0
572.079,2026-06-26T03:22:01.057674,63292.539,115801.52,0.784,5789.43,85334.676,0.02,0.0
572.13,2026-06-26T03:22:01.108681,63331.137,115801.52,0.779,5789.431,85334.676,0.02,0.0
572.252,2026-06-26T03:22:01.230378,63429.828,115801.52,0.931,5789.78,85334.676,2.884,0.0
572.302,2026-06-26T03:22:01.280809,63480.551,115801.52,0.884,5789.781,85334.676,0.02,0.0
572.353,2026-06-26T03:22:01.331466,63530.398,115801.52,0.85,5789.783,85334.676,0.02,0.0
572.403,2026-06-26T03:22:01.382187,63580.59,115801.52,0.826,5789.784,85334.676,0.02,0.0
572.454,2026-06-26T03:22:01.432975,63630.684,115801.52,0.855,5789.785,85334.676,0.02,0.0
572.505,2026-06-26T03:22:01.483788,63680.883,115801.52,0.828,5789.786,85334.676,0.02,0.0
572.556,2026-06-26T03:22:01.534806,63731.098,115801.52,0.81,5789.787,85334.676,0.02,0.0
572.607,2026-06-26T03:22:01.585794,63780.336,115801.52,0.796,5789.788,85334.676,0.02,0.0
572.658,2026-06-26T03:22:01.636795,63828.844,115801.52,0.787,5789.789,85334.676,0.02,0.0
572.709,2026-06-26T03:22:01.687778,63877.609,115801.52,0.781,5789.79,85334.676,0.02,0.0
572.76,2026-06-26T03:22:01.738758,63927.465,115801.52,0.776,5789.791,85334.676,0.02,0.0
572.811,2026-06-26T03:22:01.789757,63912.941,115801.52,0.773,5789.792,85334.676,0.02,0.0
572.862,2026-06-26T03:22:01.840776,63765.633,115801.52,0.817,5789.793,85334.676,0.02,0.0
572.913,2026-06-26T03:22:01.891760,63149.633,115001.52,0.848,5789.794,85334.676,0.02,0.0
572.964,2026-06-26T03:22:01.942776,63149.633,115001.52,0.823,5789.795,85334.676,0.02,0.0
573.015,2026-06-26T03:22:01.993755,63149.633,115001.52,0.852,5789.796,85334.676,0.02,0.0
573.066,2026-06-26T03:22:02.044788,63149.633,115001.52,0.826,5789.797,85334.676,0.02,0.0
573.117,2026-06-26T03:22:02.095758,63149.633,115001.52,0.808,5789.798,85334.676,0.02,0.0
573.168,2026-06-26T03:22:02.146763,63181.629,115801.52,0.75,5789.799,85384.676,0.02,980.252
573.219,2026-06-26T03:22:02.197754,63230.844,115801.52,0.801,5789.8,85384.676,0.02,0.0
573.27,2026-06-26T03:22:02.248753,63278.91,115801.52,0.79,5789.801,85384.676,0.02,0.0
573.321,2026-06-26T03:22:02.299761,63316.273,115801.52,0.783,5789.802,85384.676,0.02,0.0
573.372,2026-06-26T03:22:02.350762,63353.758,115801.52,0.824,5789.803,85384.676,0.02,0.0
573.423,2026-06-26T03:22:02.401746,63391.609,115801.52,0.76,5789.804,85384.676,0.02,0.0
573.474,2026-06-26T03:22:02.452765,63437.895,115801.52,0.808,5789.805,85384.676,0.02,0.0
573.525,2026-06-26T03:22:02.503747,63488.465,115801.52,0.795,5789.806,85384.676,0.02,0.0
573.576,2026-06-26T03:22:02.554743,63538.836,115801.52,0.787,5789.807,85384.676,0.02,0.0
573.627,2026-06-26T03:22:02.605721,63589.219,115801.52,0.78,5789.808,85384.676,0.02,0.0
573.678,2026-06-26T03:22:02.656714,63640.473,115801.52,0.776,5789.809,85384.676,0.02,0.0
573.729,2026-06-26T03:22:02.707702,63691.148,115801.52,0.773,5789.81,85384.676,0.02,0.0
573.78,2026-06-26T03:22:02.758711,63731.645,115801.52,0.725,5789.811,85384.676,0.02,0.0
573.831,2026-06-26T03:22:02.809703,63782.445,115801.52,0.737,5789.813,85384.676,0.02,0.0
573.882,2026-06-26T03:22:02.860708,63833.145,115801.52,0.792,5789.814,85384.676,0.02,0.0
573.933,2026-06-26T03:22:02.911681,63884.016,115801.52,0.738,5789.815,85384.676,0.02,0.0
573.984,2026-06-26T03:22:02.962698,63934.773,115801.52,0.838,5789.816,85384.676,0.02,0.0
574.035,2026-06-26T03:22:03.013709,63920.195,115801.52,0.817,5789.817,85384.676,0.02,0.0
574.086,2026-06-26T03:22:03.064717,63709.633,115801.52,0.847,5789.818,85384.676,0.02,0.0
574.137,2026-06-26T03:22:03.115699,63149.633,115001.52,0.823,5789.819,85384.676,0.02,0.0
574.188,2026-06-26T03:22:03.166699,63149.633,115001.52,0.806,5789.82,85384.676,0.02,0.0
574.239,2026-06-26T03:22:03.217718,63149.633,115001.52,0.794,5789.821,85384.676,0.02,0.0
574.29,2026-06-26T03:22:03.268721,63149.633,115001.52,0.786,5789.822,85384.676,0.02,0.0
574.341,2026-06-26T03:22:03.319705,63149.633,115001.52,0.78,5789.823,85434.676,0.02,979.776
574.392,2026-06-26T03:22:03.370722,63186.234,115051.52,0.776,5789.824,85434.676,0.02,0.0
574.443,2026-06-26T03:22:03.421699,63149.633,115001.52,0.727,5789.825,85434.676,0.02,0.0
574.494,2026-06-26T03:22:03.472735,63171.203,115051.52,0.83,5789.826,85484.676,0.02,980.665
574.545,2026-06-26T03:22:03.523717,63149.633,115001.52,0.811,5789.827,85484.676,0.02,0.0
574.596,2026-06-26T03:22:03.574725,63159.008,115801.52,0.797,5789.828,85534.676,0.02,980.344
574.647,2026-06-26T03:22:03.625711,63209.77,115801.52,0.788,5789.829,85534.676,0.02,0.0
574.698,2026-06-26T03:22:03.676716,63261.156,115801.52,0.781,5789.83,85534.676,0.02,0.0
574.749,2026-06-26T03:22:03.727718,63312.457,115801.52,0.777,5789.831,85534.676,0.02,0.0
574.8,2026-06-26T03:22:03.778723,63363.965,115801.52,0.774,5789.832,85534.676,0.02,0.0
574.851,2026-06-26T03:22:03.829703,63412.133,115801.52,0.817,5789.833,85534.676,0.02,0.0
574.902,2026-06-26T03:22:03.880723,63450.676,115801.52,0.802,5789.834,85534.676,0.02,0.0
574.953,2026-06-26T03:22:03.931709,63489.359,115801.52,0.791,5789.835,85534.676,0.02,0.0
575.004,2026-06-26T03:22:03.982722,63528.012,115801.52,0.784,5789.836,85534.676,0.02,0.0
575.055,2026-06-26T03:22:04.033706,63577.254,115801.52,0.824,5789.837,85534.676,0.02,0.0
575.106,2026-06-26T03:22:04.084691,63626.703,115801.52,0.807,5789.838,85534.676,0.02,0.0
575.157,2026-06-26T03:22:04.135719,63675.328,115801.52,0.794,5789.839,85534.676,0.02,0.0
575.208,2026-06-26T03:22:04.186736,63724.09,115801.52,0.786,5789.84,85534.676,0.02,0.0
575.259,2026-06-26T03:22:04.237723,63772.672,115801.52,0.78,5789.841,85534.676,0.02,0.0
575.31,2026-06-26T03:22:04.288735,63822.266,115801.52,0.822,5789.843,85534.676,0.02,0.0
575.361,2026-06-26T03:22:04.339715,63872.629,115801.52,0.805,5789.844,85534.676,0.02,0.0
575.412,2026-06-26T03:22:04.390745,63923.57,115801.52,0.747,5789.845,85534.676,0.02,0.0
575.463,2026-06-26T03:22:04.441736,63910.637,115801.52,0.753,5789.846,85534.676,0.02,0.0
575.514,2026-06-26T03:22:04.492742,63791.637,115801.52,0.803,5789.847,85534.676,0.02,0.0
575.565,2026-06-26T03:22:04.543732,63149.637,115001.52,0.792,5789.848,85534.676,0.02,0.0
575.616,2026-06-26T03:22:04.594705,63149.637,115001.52,0.784,5789.849,85534.676,0.02,0.0
575.667,2026-06-26T03:22:04.645702,63149.637,115001.52,0.824,5789.85,85534.676,0.02,0.0
575.718,2026-06-26T03:22:04.696706,63149.637,115001.52,0.807,5789.851,85534.676,0.02,0.0
575.769,2026-06-26T03:22:04.747696,63149.637,115001.52,0.795,5789.852,85534.676,0.02,0.0
575.82,2026-06-26T03:22:04.798706,63182.449,115801.52,0.786,5789.853,85584.676,0.02,981.119
575.871,2026-06-26T03:22:04.849685,63232.449,115801.52,0.826,5789.854,85584.676,0.02,0.0
575.922,2026-06-26T03:22:04.900713,63282.957,115801.52,0.808,5789.855,85584.676,0.02,0.0
575.973,2026-06-26T03:22:04.951711,63333.344,115801.52,0.749,5789.856,85584.676,0.02,0.0
576.024,2026-06-26T03:22:05.002735,63383.613,115801.52,0.754,5789.857,85584.676,0.02,0.0
576.075,2026-06-26T03:22:05.053729,63434.012,115801.52,0.804,5789.858,85584.676,0.02,0.0
576.126,2026-06-26T03:22:05.104727,63484.371,115801.52,0.747,5789.859,85584.676,0.02,0.0
576.177,2026-06-26T03:22:05.155716,63534.773,115801.52,0.798,5789.86,85584.676,0.02,0.0
576.228,2026-06-26T03:22:05.206729,63585.277,115801.52,0.835,5789.861,85584.676,0.02,0.0
576.279,2026-06-26T03:22:05.257708,63635.574,115801.52,0.814,5789.862,85584.676,0.02,0.0
576.33,2026-06-26T03:22:05.308710,63686.012,115801.52,0.8,5789.863,85584.676,0.02,0.0
576.381,2026-06-26T03:22:05.359660,63736.59,115801.52,0.836,5789.864,85584.676,0.02,0.0
576.432,2026-06-26T03:22:05.410662,63787.137,115801.52,0.815,5789.865,85584.676,0.02,0.0
576.483,2026-06-26T03:22:05.461651,63835.262,115801.52,0.846,5789.866,85584.676,0.02,0.0
576.534,2026-06-26T03:22:05.512678,63882.586,115801.52,0.822,5789.867,85584.676,0.02,0.0
576.585,2026-06-26T03:22:05.563686,63933.465,115801.52,0.805,5789.868,85584.676,0.02,0.0
576.636,2026-06-26T03:22:05.614704,63920.637,115801.52,0.793,5789.869,85584.676,0.02,0.0
576.687,2026-06-26T03:22:05.665689,63681.637,115801.52,0.785,5789.87,85584.676,0.02,0.0
576.738,2026-06-26T03:22:05.716696,63149.637,115001.52,0.779,5789.872,85584.676,0.02,0.0
576.789,2026-06-26T03:22:05.767666,63149.637,115001.52,0.775,5789.873,85584.676,0.02,0.0
576.84,2026-06-26T03:22:05.818699,63149.637,115001.52,0.773,5789.874,85584.676,0.02,0.0
576.891,2026-06-26T03:22:05.869678,63149.637,115001.52,0.77,5789.875,85584.676,0.02,0.0
576.942,2026-06-26T03:22:05.920679,63149.637,115001.52,0.815,5789.876,85634.676,0.02,980.262
576.993,2026-06-26T03:22:05.971674,63189.555,115051.52,0.8,5789.877,85634.676,0.02,0.0
577.044,2026-06-26T03:22:06.022677,63149.637,115001.52,0.79,5789.878,85634.676,0.02,0.0
577.095,2026-06-26T03:22:06.073686,63175.109,115051.52,0.783,5789.879,85684.676,0.02,980.28
577.146,2026-06-26T03:22:06.124684,63149.637,115001.52,0.824,5789.88,85684.676,0.02,0.0
577.272,2026-06-26T03:22:06.251059,63235.477,115801.52,0.949,5790.231,85734.676,2.785,397.062
577.323,2026-06-26T03:22:06.301497,63284.789,115801.52,0.849,5790.232,85734.676,0.02,0.0
577.373,2026-06-26T03:22:06.352115,63334.789,115801.52,0.826,5790.233,85734.676,0.02,0.0
577.424,2026-06-26T03:22:06.402784,63385.043,115801.52,0.855,5790.234,85734.676,0.02,0.0
577.475,2026-06-26T03:22:06.453592,63435.176,115801.52,0.829,5790.235,85734.676,0.02,0.0
577.526,2026-06-26T03:22:06.504523,63485.465,115801.52,0.81,5790.236,85734.676,0.02,0.0
577.577,2026-06-26T03:22:06.555499,63534.863,115801.52,0.843,5790.237,85734.676,0.02,0.0
577.628,2026-06-26T03:22:06.606493,63573.379,115801.52,0.774,5790.238,85734.676,0.02,0.0
577.679,2026-06-26T03:22:06.657499,63611.867,115801.52,0.772,5790.239,85734.676,0.02,0.0
577.73,2026-06-26T03:22:06.708505,63649.906,115801.52,0.816,5790.24,85734.676,0.02,0.0
577.781,2026-06-26T03:22:06.759488,63695.219,115801.52,0.801,5790.241,85734.676,0.02,0.0
577.832,2026-06-26T03:22:06.810494,63745.473,115801.52,0.79,5790.242,85734.676,0.02,0.0
577.883,2026-06-26T03:22:06.861463,63796.164,115801.52,0.783,5790.243,85734.676,0.02,0.0
577.934,2026-06-26T03:22:06.912470,63846.93,115801.52,0.824,5790.244,85734.676,0.02,0.0
577.985,2026-06-26T03:22:06.963446,63897.82,115801.52,0.807,5790.245,85734.676,0.02,0.0
578.036,2026-06-26T03:22:07.014451,63948.629,115801.52,0.748,5790.246,85734.676,0.02,0.0
578.087,2026-06-26T03:22:07.065434,63935.176,115801.52,0.8,5790.247,85734.676,0.02,0.0
578.138,2026-06-26T03:22:07.116420,63501.652,115801.52,0.79,5790.248,85734.676,0.02,0.0
578.189,2026-06-26T03:22:07.167420,63149.652,115001.52,0.783,5790.249,85734.676,0.02,0.0
578.24,2026-06-26T03:22:07.218419,63149.652,115001.52,0.778,5790.25,85734.676,0.02,0.0
578.291,2026-06-26T03:22:07.269395,63149.652,115001.52,0.774,5790.251,85734.676,0.02,0.0
578.342,2026-06-26T03:22:07.320407,63149.652,115001.52,0.818,5790.252,85734.676,0.02,0.0
578.393,2026-06-26T03:22:07.371385,63156.383,115801.52,0.848,5790.253,85784.676,0.02,980.743
578.444,2026-06-26T03:22:07.422397,63206.41,115801.52,0.823,5790.254,85784.676,0.02,0.0
578.495,2026-06-26T03:22:07.473378,63256.703,115801.52,0.806,5790.255,85784.676,0.02,0.0
578.546,2026-06-26T03:22:07.524371,63306.988,115801.52,0.794,5790.256,85784.676,0.02,0.0
578.597,2026-06-26T03:22:07.575361,63356.965,115801.52,0.832,5790.257,85784.676,0.02,0.0
578.648,2026-06-26T03:22:07.626367,63406.148,115801.52,0.766,5790.258,85784.676,0.02,0.0
578.698,2026-06-26T03:22:07.677352,63455.254,115801.52,0.766,5790.26,85784.676,0.02,0.0
578.75,2026-06-26T03:22:07.728355,63500.859,115801.52,0.812,5790.261,85784.676,0.02,0.0
578.8,2026-06-26T03:22:07.779325,63551.184,115801.52,0.752,5790.262,85784.676,0.02,0.0
578.851,2026-06-26T03:22:07.830353,63601.418,115801.52,0.802,5790.263,85784.676,0.02,0.0
578.902,2026-06-26T03:22:07.881333,63651.723,115801.52,0.791,5790.264,85784.676,0.02,0.0
578.953,2026-06-26T03:22:07.932290,63702.105,115801.52,0.784,5790.265,85784.676,0.02,0.0
579.004,2026-06-26T03:22:07.983246,63751.809,115801.52,0.779,5790.266,85784.676,0.02,0.0
579.055,2026-06-26T03:22:08.034238,63800.434,115801.52,0.775,5790.267,85784.676,0.02,0.0
579.106,2026-06-26T03:22:08.085208,63851.215,115801.52,0.772,5790.268,85784.676,0.02,0.0
579.157,2026-06-26T03:22:08.136211,63902.125,115801.52,0.817,5790.269,85784.676,0.02,0.0
579.208,2026-06-26T03:22:08.187184,63901.652,115801.52,0.847,5790.27,85784.676,0.02,0.0
579.259,2026-06-26T03:22:08.238176,63933.297,115801.52,0.777,5790.271,85784.676,0.02,0.0
579.31,2026-06-26T03:22:08.289119,63507.652,115801.52,0.774,5790.272,85784.676,0.02,0.0
579.361,2026-06-26T03:22:08.340113,63149.652,115001.52,0.772,5790.273,85784.676,0.02,0.0
579.412,2026-06-26T03:22:08.391104,63149.652,115001.52,0.77,5790.274,85784.676,0.02,0.0
579.463,2026-06-26T03:22:08.442077,63149.652,115001.52,0.769,5790.275,85784.676,0.02,0.0
579.514,2026-06-26T03:22:08.493087,63149.652,115001.52,0.768,5790.276,85784.676,0.02,0.0
579.565,2026-06-26T03:22:08.544067,63156.652,115051.52,0.813,5790.277,85834.676,0.02,980.142
579.616,2026-06-26T03:22:08.595049,63149.652,115001.52,0.753,5790.278,85834.676,0.02,0.0
579.667,2026-06-26T03:22:08.646008,63149.652,115001.52,0.803,5790.279,85884.676,0.02,980.793
579.718,2026-06-26T03:22:08.696999,63185.934,115051.52,0.792,5790.28,85884.676,0.02,0.0
579.769,2026-06-26T03:22:08.747994,63149.652,115001.52,0.784,5790.281,85884.676,0.02,0.0
579.82,2026-06-26T03:22:08.798999,63172.656,115801.52,0.779,5790.282,85934.676,0.02,980.624
579.871,2026-06-26T03:22:08.849985,63221.781,115801.52,0.821,5790.283,85934.676,0.02,0.0
579.922,2026-06-26T03:22:08.900987,63271.359,115801.52,0.759,5790.284,85934.676,0.02,0.0
579.973,2026-06-26T03:22:08.951953,63320.66,115801.52,0.761,5790.285,85934.676,0.02,0.0
580.024,2026-06-26T03:22:09.002972,63370.695,115801.52,0.854,5790.286,85934.676,0.02,0.0
580.075,2026-06-26T03:22:09.053960,63421.281,115801.52,0.828,5790.287,85934.676,0.02,0.0
580.126,2026-06-26T03:22:09.104940,63471.602,115801.52,0.763,5790.288,85934.676,0.02,0.0
580.177,2026-06-26T03:22:09.155921,63522.289,115801.52,0.856,5790.29,85934.676,0.02,0.0
580.228,2026-06-26T03:22:09.206841,63572.543,115801.52,0.829,5790.291,85934.676,0.02,0.0
580.279,2026-06-26T03:22:09.257821,63623.262,115801.52,0.81,5790.292,85934.676,0.02,0.0
580.33,2026-06-26T03:22:09.308844,63670.875,115801.52,0.843,5790.293,85934.676,0.02,0.0
580.381,2026-06-26T03:22:09.359862,63709.57,115801.52,0.774,5790.294,85934.676,0.02,0.0
580.432,2026-06-26T03:22:09.410916,63748.5,115801.52,0.817,5790.295,85934.676,0.02,0.0
580.483,2026-06-26T03:22:09.461938,63787.406,115801.52,0.755,5790.296,85934.676,0.02,0.0
580.534,2026-06-26T03:22:09.513007,63837.941,115801.52,0.759,5790.297,85934.676,0.02,0.0
580.585,2026-06-26T03:22:09.564036,63888.82,115801.52,0.807,5790.298,85934.676,0.02,0.0
580.636,2026-06-26T03:22:09.615084,63939.477,115801.52,0.794,5790.299,85934.676,0.02,0.0
580.687,2026-06-26T03:22:09.666117,63926.457,115801.52,0.786,5790.3,85934.676,0.02,0.0
580.738,2026-06-26T03:22:09.717179,63627.652,115801.52,0.779,5790.301,85934.676,0.02,0.0
580.789,2026-06-26T03:22:09.768202,63149.652,115001.52,0.775,5790.302,85934.676,0.02,0.0
580.84,2026-06-26T03:22:09.819204,63149.652,115001.52,0.773,5790.303,85934.676,0.02,0.0
580.891,2026-06-26T03:22:09.870206,63149.652,115001.52,0.816,5790.304,85934.676,0.02,0.0
580.942,2026-06-26T03:22:09.921226,63149.652,115001.52,0.801,5790.305,85934.676,0.02,0.0
580.993,2026-06-26T03:22:09.972236,63149.652,115001.52,0.836,5790.306,85984.676,0.02,979.991
581.044,2026-06-26T03:22:10.023253,63198.344,115801.52,0.815,5790.307,85984.676,0.02,0.0
581.095,2026-06-26T03:22:10.074256,63248.734,115801.52,0.801,5790.308,85984.676,0.02,0.0
581.146,2026-06-26T03:22:10.125237,63298.914,115801.52,0.79,5790.309,85984.676,0.02,0.0
581.197,2026-06-26T03:22:10.176201,63349.133,115801.52,0.783,5790.31,85984.676,0.02,0.0
581.248,2026-06-26T03:22:10.227203,63399.473,115801.52,0.778,5790.311,85984.676,0.02,0.0
581.299,2026-06-26T03:22:10.278172,63440.0,115801.52,0.775,5790.312,85984.676,0.02,0.0
581.35,2026-06-26T03:22:10.329074,63478.902,115801.52,0.774,5790.313,85984.676,0.02,0.0
581.401,2026-06-26T03:22:10.379645,63517.855,115801.52,0.773,5790.314,85984.676,0.02,0.0
581.452,2026-06-26T03:22:10.430411,63556.41,115801.52,0.817,5790.315,85984.676,0.02,0.0
581.503,2026-06-26T03:22:10.481466,63594.965,115801.52,0.847,5790.316,85984.676,0.02,0.0
581.554,2026-06-26T03:22:10.532494,63633.48,115801.52,0.823,5790.317,85984.676,0.02,0.0
581.605,2026-06-26T03:22:10.583559,63671.828,115801.52,0.76,5790.318,85984.676,0.02,0.0
581.656,2026-06-26T03:22:10.634584,63709.75,115801.52,0.807,5790.32,85984.676,0.02,0.0
581.707,2026-06-26T03:22:10.685665,63747.797,115801.52,0.794,5790.321,85984.676,0.02,0.0
581.758,2026-06-26T03:22:10.736704,63785.59,115801.52,0.786,5790.322,85984.676,0.02,0.0
581.809,2026-06-26T03:22:10.787757,63833.613,115801.52,0.779,5790.323,85984.676,0.02,0.0
581.86,2026-06-26T03:22:10.838791,63882.355,115801.52,0.775,5790.324,85984.676,0.02,0.0
581.911,2026-06-26T03:22:10.889833,63931.984,115801.52,0.864,5790.325,85984.676,0.02,0.0
581.962,2026-06-26T03:22:10.940882,63913.102,115801.52,0.834,5790.326,85984.676,0.02,0.0
582.013,2026-06-26T03:22:10.991948,63749.652,115801.52,0.768,5790.327,85984.676,0.02,0.0
582.064,2026-06-26T03:22:11.042970,63149.652,115001.52,0.767,5790.328,85984.676,0.02,0.0
582.115,2026-06-26T03:22:11.094034,63149.652,115001.52,0.766,5790.329,85984.676,0.02,0.0
582.166,2026-06-26T03:22:11.145062,63149.652,115001.52,0.766,5790.33,85984.676,0.02,0.0
582.288,2026-06-26T03:22:11.266393,63152.516,115051.52,0.924,5790.68,86034.676,2.894,413.746
582.338,2026-06-26T03:22:11.316831,63198.18,115051.52,0.878,5790.681,86034.676,0.02,0.0
582.389,2026-06-26T03:22:11.367466,63149.684,115001.52,0.846,5790.682,86084.676,0.02,987.718
582.439,2026-06-26T03:22:11.418092,63185.52,115051.52,0.823,5790.683,86084.676,0.02,0.0
582.49,2026-06-26T03:22:11.468905,63149.684,115001.52,0.806,5790.684,86084.676,0.02,0.0
582.541,2026-06-26T03:22:11.519880,62649.527,115001.52,0.84,5790.685,86134.676,0.02,980.555
582.592,2026-06-26T03:22:11.570840,61541.754,113323.402,0.818,5790.686,86134.676,0.02,0.0
582.643,2026-06-26T03:22:11.621738,61457.328,112316.559,0.943,5790.687,86134.676,0.02,0.0
582.694,2026-06-26T03:22:11.672428,61457.328,112316.559,0.891,5790.688,86134.676,0.02,0.0
582.744,2026-06-26T03:22:11.723202,61457.328,112316.559,0.854,5790.689,86134.676,0.02,0.0
582.795,2026-06-26T03:22:11.773966,61457.328,112316.559,0.829,5790.69,86134.676,0.02,0.0
582.846,2026-06-26T03:22:11.824732,61457.328,112316.559,0.811,5790.691,86134.676,0.02,0.0
582.897,2026-06-26T03:22:11.875521,61455.328,112316.559,0.845,5790.692,86134.676,0.02,0.0
582.947,2026-06-26T03:22:11.926270,61407.164,112257.879,0.869,5791.092,86138.239,7.881,70.254
582.986,2026-06-26T03:22:11.964378,61287.57,88056.191,0.608,5791.093,86138.239,0.023,0.006
582.987,2026-06-26T03:22:11.965720,61287.57,88056.191,0.426,5791.093,86138.245,0.867,5.471
582.987,2026-06-26T03:22:11.965883,61287.57,88056.191,0.298,5791.094,86138.245,4.154,0.0
582.987,2026-06-26T03:22:11.966017,61287.57,88056.191,0.209,5791.095,86138.245,4.208,0.0
582.987,2026-06-26T03:22:11.966171,61287.57,88056.191,0.146,5791.095,86138.245,3.35,0.0
582.987,2026-06-26T03:22:11.966305,61287.57,88056.191,0.102,5791.096,86138.245,4.279,0.0
582.988,2026-06-26T03:22:11.966421,61287.57,88056.191,0.072,5791.096,86138.245,4.755,0.0
582.988,2026-06-26T03:22:11.966536,61287.57,88056.191,0.05,5791.097,86138.245,4.775,0.0
582.988,2026-06-26T03:22:11.966640,61287.57,88056.191,0.035,5791.097,86138.245,5.274,0.0
582.988,2026-06-26T03:22:11.966739,61287.57,88056.191,0.025,5791.098,86138.245,5.545,0.0
582.988,2026-06-26T03:22:11.966882,61287.57,88056.191,0.017,5791.098,86138.245,3.611,0.0
582.988,2026-06-26T03:22:11.966994,61287.57,88056.191,0.012,5791.099,86138.245,4.93,0.0
582.993,2026-06-26T03:22:11.972298,61395.078,88163.699,13.155,5791.099,86138.245,0.1,0.0
582.994,2026-06-26T03:22:11.972502,61395.078,88163.699,9.208,5791.1,86138.245,3.944,0.0
582.994,2026-06-26T03:22:11.972635,61395.078,88163.699,6.446,5791.1,86138.245,4.169,0.0
582.994,2026-06-26T03:22:11.972751,61395.078,88163.699,4.512,5791.101,86138.245,4.795,0.0
582.994,2026-06-26T03:22:11.972873,61395.078,88163.699,3.159,5791.102,86138.245,4.518,0.0
582.994,2026-06-26T03:22:11.972996,61395.078,88163.699,2.211,5791.102,86138.245,4.345,0.0
583.003,2026-06-26T03:22:11.981930,61395.078,88163.699,11.132,5791.103,86138.245,0.099,0.0
583.198,2026-06-26T03:22:12.176741,61395.125,88164.699,18.574,5791.432,86138.245,1.683,0.0
583.314,2026-06-26T03:22:12.293326,62112.355,96356.703,28.098,5791.762,86138.245,2.843,0.0
583.423,2026-06-26T03:22:12.402301,64135.781,96356.703,34.81,5792.091,86138.245,3.024,0.0
583.53,2026-06-26T03:22:12.509108,66160.582,96356.703,39.51,5792.421,86138.245,3.086,0.0
583.637,2026-06-26T03:22:12.615939,68058.98,96356.703,41.567,5792.75,86138.245,3.084,0.0
583.734,2026-06-26T03:22:12.712518,69391.781,96356.703,38.976,5793.08,86138.245,3.414,0.0
583.784,2026-06-26T03:22:12.762885,69505.945,96356.703,28.863,5793.08,86138.245,0.011,0.0
583.881,2026-06-26T03:22:12.859850,70005.492,104548.707,25.209,5793.41,86138.245,3.4,0.0
583.932,2026-06-26T03:22:12.910356,70954.598,104548.707,32.783,5793.41,86138.245,0.011,0.0
584.037,2026-06-26T03:22:13.015867,72940.094,104548.707,38.006,5793.74,86138.245,3.13,0.0
584.143,2026-06-26T03:22:13.121645,74953.281,104548.707,41.76,5794.069,86138.245,3.115,0.0
584.248,2026-06-26T03:22:13.227237,76722.375,104548.707,42.685,5794.399,86138.245,3.122,0.0
584.34,2026-06-26T03:22:13.318788,77771.398,104548.707,38.048,5794.729,86138.245,3.602,0.0
584.39,2026-06-26T03:22:13.369162,78610.691,112740.711,39.886,5794.729,86138.245,0.011,0.0
584.51,2026-06-26T03:22:13.488407,81080.09,112740.711,43.052,5795.059,86138.245,2.769,0.0
584.629,2026-06-26T03:22:13.607405,83581.051,112740.711,45.244,5795.388,86138.245,2.77,0.0
584.739,2026-06-26T03:22:13.718237,85837.809,112740.711,46.502,5795.718,86138.245,2.976,0.0
584.852,2026-06-26T03:22:13.830880,86547.207,113316.723,42.472,5796.047,86138.246,2.923,0.005
584.956,2026-06-26T03:22:13.934381,86865.793,113764.738,42.051,5796.377,86138.246,3.185,0.0
585.056,2026-06-26T03:22:14.034372,87662.602,114532.75,42.353,5796.706,86138.246,3.298,0.0
585.106,2026-06-26T03:22:14.084771,88032.5,114788.754,39.161,5796.707,86138.246,0.011,0.0
585.195,2026-06-26T03:22:14.174017,87406.844,114276.746,30.569,5797.037,86138.246,3.703,0.0
585.246,2026-06-26T03:22:14.224358,86932.719,113764.738,26.09,5797.037,86138.246,0.011,0.0
585.508,2026-06-26T03:22:14.486452,86891.766,121708.633,30.624,5797.367,86138.246,1.26,0.0
585.616,2026-06-26T03:22:14.594389,89333.566,121708.633,36.572,5797.698,86138.246,3.062,0.0
585.724,2026-06-26T03:22:14.702881,91776.641,121708.633,40.658,5798.028,86138.246,3.046,0.0
585.833,2026-06-26T03:22:14.811916,94235.363,121708.633,43.442,5798.359,86138.246,3.031,0.0
585.927,2026-06-26T03:22:14.906195,95259.246,129900.637,36.898,5798.689,86138.246,3.506,0.0
585.978,2026-06-26T03:22:14.956663,96416.879,129900.637,40.694,5798.69,86138.246,0.011,0.0
586.087,2026-06-26T03:22:15.065732,98933.988,129900.637,43.613,5799.02,86138.246,3.036,0.0
586.195,2026-06-26T03:22:15.173963,101471.828,129900.637,45.752,5799.351,86138.246,3.053,0.0
586.288,2026-06-26T03:22:15.266860,103195.559,129900.637,43.258,5799.681,86138.246,3.561,0.0
586.338,2026-06-26T03:22:15.317232,103941.754,138092.641,42.469,5799.682,86138.246,0.011,0.0
586.458,2026-06-26T03:22:15.436764,106362.336,138092.641,44.825,5800.011,86138.246,2.763,0.0
586.577,2026-06-26T03:22:15.556133,108800.953,138092.641,46.593,5800.341,86138.246,2.761,0.0
586.692,2026-06-26T03:22:15.670558,111081.504,138092.641,47.454,5800.67,86138.246,2.883,0.0
586.781,2026-06-26T03:22:15.759391,111396.062,138092.641,36.041,5801.0,86138.246,3.71,0.0
586.831,2026-06-26T03:22:15.809745,111411.891,138092.641,25.461,5801.001,86138.246,0.011,0.0
586.935,2026-06-26T03:22:15.914346,112002.852,138732.656,30.307,5801.33,86138.246,3.151,0.0
587.043,2026-06-26T03:22:16.021674,112387.516,139116.668,34.688,5801.66,86138.246,3.07,0.0
587.144,2026-06-26T03:22:16.122360,113602.457,140396.688,35.81,5801.989,86138.246,3.276,0.0
587.232,2026-06-26T03:22:16.211258,112953.098,139889.68,28.257,5802.319,86138.246,3.707,0.0
587.283,2026-06-26T03:22:16.262033,112441.09,139121.668,21.76,5802.319,86138.246,0.011,0.0
587.372,2026-06-26T03:22:16.351174,112185.086,138865.664,18.629,5802.649,86138.246,3.707,0.0
587.423,2026-06-26T03:22:16.401529,112185.086,138865.664,13.272,5802.649,86138.246,0.011,0.0
686.104,2026-06-26T03:23:55.082374,111616.02,138598.656,9.893,5803.377,144064.502,0.007,587.006
686.214,2026-06-26T03:23:55.192919,110328.008,138598.656,7.286,5803.708,144064.502,2.999,0.0
686.303,2026-06-26T03:23:55.281724,109343.055,138598.656,5.443,5804.039,144064.502,3.729,0.0
686.353,2026-06-26T03:23:55.332084,108697.059,138598.656,4.042,5804.04,144064.502,0.011,0.0
686.442,2026-06-26T03:23:55.421231,107600.445,138598.656,3.198,5804.37,144064.502,3.712,0.0
686.493,2026-06-26T03:23:55.471586,107032.203,138598.656,2.471,5804.371,144064.502,0.011,0.0
686.582,2026-06-26T03:23:55.560721,105971.484,138598.656,2.046,5804.701,144064.502,3.712,0.0
686.632,2026-06-26T03:23:55.611065,105441.125,138598.656,1.664,5804.701,144064.502,0.011,0.0
686.721,2026-06-26T03:23:55.700175,104380.406,138598.656,1.507,5805.032,144064.502,3.712,0.0
686.772,2026-06-26T03:23:55.750539,103887.93,138598.656,1.287,5805.032,144064.502,0.011,0.0
686.861,2026-06-26T03:23:55.839700,102940.707,130150.637,1.243,5805.362,144064.502,3.711,0.0
686.911,2026-06-26T03:23:55.890056,102334.582,130150.637,1.103,5805.363,144064.502,0.011,0.0
687.0,2026-06-26T03:23:55.979156,101277.047,130150.637,1.088,5805.693,144064.502,3.714,0.0
687.051,2026-06-26T03:23:56.029510,100667.738,130150.637,0.994,5805.694,144064.502,0.011,0.0
687.14,2026-06-26T03:23:56.118597,99531.254,130150.637,1.065,5806.024,144064.502,3.713,0.0
687.19,2026-06-26T03:23:56.168962,99000.895,130150.637,0.977,5806.025,144064.502,0.011,0.0
687.279,2026-06-26T03:23:56.258236,97902.293,130150.637,1.0,5806.355,144064.502,3.707,0.0
687.33,2026-06-26T03:23:56.308589,97296.168,130150.637,0.932,5806.355,144064.502,0.011,0.0
687.428,2026-06-26T03:23:56.406694,96121.801,130150.637,1.011,5806.686,144064.502,3.372,0.0
687.478,2026-06-26T03:23:56.457043,95591.441,130150.637,0.94,5806.686,144064.502,0.011,0.0
687.567,2026-06-26T03:23:56.546175,94559.289,121958.633,1.0,5807.016,144064.502,3.712,0.0
687.618,2026-06-26T03:23:56.596515,93953.164,121958.633,0.933,5807.017,144064.502,0.011,0.0
687.707,2026-06-26T03:23:56.685727,92968.211,121958.633,0.995,5807.347,144064.502,3.708,0.0
687.757,2026-06-26T03:23:56.736093,92286.32,121958.633,0.928,5807.348,144064.502,0.011,0.0
687.847,2026-06-26T03:23:56.825462,91187.719,121958.633,0.991,5807.678,144064.502,3.708,0.0
687.897,2026-06-26T03:23:56.875809,90647.039,121958.633,0.926,5807.679,144064.502,0.011,0.0
687.986,2026-06-26T03:23:56.964910,89596.641,121958.633,0.964,5808.009,144064.502,3.713,0.0
688.036,2026-06-26T03:23:57.015271,88990.516,121958.633,0.907,5808.009,144064.502,0.011,0.0
688.126,2026-06-26T03:23:57.104487,87929.797,121958.633,1.003,5808.34,144064.502,3.709,0.0
688.176,2026-06-26T03:23:57.154841,87399.438,121958.633,0.935,5808.34,144064.502,0.011,0.0
688.275,2026-06-26T03:23:57.253861,86385.637,113254.621,0.986,5808.67,144064.502,3.341,0.0
688.325,2026-06-26T03:23:57.304219,85779.512,113254.621,0.969,5808.671,144064.502,0.011,0.0
688.415,2026-06-26T03:23:57.393551,84756.676,113254.621,0.993,5809.001,144064.502,3.703,0.0
688.465,2026-06-26T03:23:57.443906,84226.316,113254.621,0.974,5809.002,144064.502,0.011,0.0
688.554,2026-06-26T03:23:57.533078,83165.598,113254.621,0.998,5809.332,144064.502,3.71,0.0
688.605,2026-06-26T03:23:57.583446,82493.062,113254.621,0.931,5809.333,144064.502,0.011,0.0
688.694,2026-06-26T03:23:57.672767,81473.062,113254.621,0.993,5809.663,144064.502,3.705,0.0
688.744,2026-06-26T03:23:57.723121,80945.062,113254.621,0.974,5809.664,144064.502,0.011,0.0
688.84,2026-06-26T03:23:57.818740,79831.91,113254.621,1.001,5809.994,144064.502,3.46,0.0
688.89,2026-06-26T03:23:57.869093,79150.02,113254.621,0.932,5809.994,144064.502,0.011,0.0
688.979,2026-06-26T03:23:57.958319,78341.035,105062.617,0.995,5810.325,144064.502,3.711,0.0
689.03,2026-06-26T03:23:58.008690,77748.203,104806.602,0.929,5810.325,144064.502,0.011,0.0
689.119,2026-06-26T03:23:58.098014,76865.051,104806.602,0.991,5810.655,144064.502,3.704,0.0
689.17,2026-06-26T03:23:58.148370,76283.051,104806.602,0.926,5810.656,144064.502,0.011,0.0
689.259,2026-06-26T03:23:58.237559,75437.352,104806.602,0.99,5810.986,144064.502,3.71,0.0
689.309,2026-06-26T03:23:58.287910,74906.992,104806.602,0.926,5810.987,144064.502,0.011,0.0
689.398,2026-06-26T03:23:58.377026,73997.805,104806.602,0.99,5811.317,144064.502,3.712,0.0
689.449,2026-06-26T03:23:58.427393,73581.094,104806.602,0.925,5811.318,144064.502,0.011,0.0
689.538,2026-06-26T03:23:58.516811,72634.023,104806.602,0.989,5811.648,144064.502,3.701,0.0
689.588,2026-06-26T03:23:58.567205,72141.547,104806.602,0.924,5811.648,144064.502,0.011,0.0
689.678,2026-06-26T03:23:58.656466,71308.125,104806.602,0.989,5811.979,144064.502,3.708,0.0
689.728,2026-06-26T03:23:58.706817,70763.051,104806.602,0.925,5811.979,144064.502,0.011,0.0
689.817,2026-06-26T03:23:58.795884,70020.109,104806.602,0.99,5812.31,144064.502,3.714,0.0
689.867,2026-06-26T03:23:58.846244,69525.043,96614.598,0.925,5812.31,144064.502,0.011,0.0
689.957,2026-06-26T03:23:58.935563,68684.895,96614.598,0.963,5812.64,144064.502,3.705,0.0
690.007,2026-06-26T03:23:58.985914,68078.77,96614.598,0.906,5812.641,144064.502,0.011,0.0
690.096,2026-06-26T03:23:59.075159,67169.582,96614.598,1.002,5812.971,144064.502,3.708,0.0
690.147,2026-06-26T03:23:59.125499,66639.223,96614.598,0.934,5812.972,144064.502,0.011,0.0
690.236,2026-06-26T03:23:59.214967,65619.043,96614.598,0.969,5813.302,144064.502,3.697,0.0
690.286,2026-06-26T03:23:59.265338,65123.91,96614.598,0.956,5813.303,144064.502,0.011,0.0
690.382,2026-06-26T03:23:59.360564,64127.043,96614.598,1.015,5813.634,144064.502,3.484,0.0
690.432,2026-06-26T03:23:59.410920,63570.715,96614.598,0.942,5813.634,144064.502,0.011,0.0
690.521,2026-06-26T03:23:59.500237,62585.762,96614.598,1.001,5813.965,144064.502,3.715,0.0
690.572,2026-06-26T03:23:59.550584,62131.168,96614.598,0.933,5813.966,144064.502,0.011,0.0
690.648,2026-06-26T03:23:59.627121,61487.02,88166.59,0.954,5814.159,144064.502,2.392,0.0
690.654,2026-06-26T03:23:59.633180,61487.02,88166.59,1.063,5814.16,144064.502,0.121,0.0
690.695,2026-06-26T03:23:59.673486,61230.672,87929.16,1.045,5814.298,144064.502,3.816,0.0
690.808,2026-06-26T03:23:59.786658,60007.27,86724.723,1.104,5814.629,144064.502,2.926,0.0
691.075,2026-06-26T03:24:00.053651,59854.637,86534.207,1.01,5814.63,144064.502,0.003,0.0
691.075,2026-06-26T03:24:00.054153,59854.637,86534.207,8.193,5814.631,144064.502,2.795,0.0
691.078,2026-06-26T03:24:00.056482,59854.637,86534.207,5.735,5816.292,144064.502,692.408,0.0
691.078,2026-06-26T03:24:00.056718,59854.637,86534.207,4.015,5816.293,144064.502,3.506,0.0
691.085,2026-06-26T03:24:00.063971,59854.637,86534.207,2.81,5816.293,144064.502,0.074,0.0
691.086,2026-06-26T03:24:00.064372,59854.637,86534.207,4.539,5816.294,144064.502,0.847,0.0
691.139,2026-06-26T03:24:00.118179,59854.637,86534.207,3.397,5816.299,144066.168,0.091,31.212
691.375,2026-06-26T03:24:00.354086,59854.637,86534.207,2.616,5816.306,144066.172,0.032,0.018
691.388,2026-06-26T03:24:00.366726,59747.129,86426.699,2.389,5816.355,144066.172,3.9,0.0
691.388,2026-06-26T03:24:00.367125,59747.129,86426.699,1.673,5816.356,144066.172,2.786,0.0
691.391,2026-06-26T03:24:00.369517,59747.129,86426.699,1.171,5818.024,144066.172,688.527,0.0
691.391,2026-06-26T03:24:00.369898,59747.129,86426.699,0.82,5818.024,144066.172,2.158,0.0
691.391,2026-06-26T03:24:00.370186,59747.129,86426.699,0.574,5818.025,144066.172,2.483,0.0
691.394,2026-06-26T03:24:00.372362,59747.129,86426.699,0.402,5819.692,144066.172,756.776,0.0
691.394,2026-06-26T03:24:00.373192,59747.129,86426.699,0.281,5819.694,144066.173,1.755,0.686
691.449,2026-06-26T03:24:00.427384,59747.129,86426.699,0.413,5819.96,144066.173,4.914,0.0
691.553,2026-06-26T03:24:00.532326,59837.203,101957.641,0.423,5821.988,144066.19,19.33,0.166
691.604,2026-06-26T03:24:00.582713,59837.281,101957.641,0.528,5821.989,144066.221,0.02,0.613
691.654,2026-06-26T03:24:00.633309,59838.977,101957.641,0.601,5821.99,144066.221,0.02,0.0
691.705,2026-06-26T03:24:00.683886,59844.414,101969.641,0.652,5821.991,144066.221,0.02,0.0
691.756,2026-06-26T03:24:00.734522,59844.555,101969.641,0.688,5821.992,144066.252,0.02,0.612
691.806,2026-06-26T03:24:00.785276,59855.359,101983.641,0.712,5821.993,144066.252,0.02,0.0
691.857,2026-06-26T03:24:00.836201,59855.547,101983.641,0.728,5821.994,144066.252,0.02,0.0
691.908,2026-06-26T03:24:00.887115,59855.547,101983.641,0.74,5821.995,144066.252,0.02,0.0
691.959,2026-06-26T03:24:00.938063,59847.812,101983.641,0.748,5821.996,144066.252,0.02,0.0
692.01,2026-06-26T03:24:00.989005,59847.812,101983.641,0.799,5821.997,144066.252,0.02,0.0
692.061,2026-06-26T03:24:01.039973,59847.812,101983.641,0.79,5821.998,144066.252,0.02,0.0
692.112,2026-06-26T03:24:01.090907,59847.812,101983.641,0.783,5821.999,144066.252,0.02,0.0
692.163,2026-06-26T03:24:01.141828,59847.812,101983.641,0.825,5822.0,144066.252,0.02,0.0
692.214,2026-06-26T03:24:01.192414,59849.195,101983.641,0.809,5822.001,144066.252,0.024,0.005
692.264,2026-06-26T03:24:01.243006,59850.281,101983.641,0.798,5822.002,144066.252,0.02,0.0
692.315,2026-06-26T03:24:01.293617,59854.766,101983.641,0.79,5822.003,144066.252,0.02,0.0
692.365,2026-06-26T03:24:01.344194,59855.469,101983.641,0.831,5822.004,144066.252,0.02,0.0
692.416,2026-06-26T03:24:01.394770,59855.504,101983.641,0.814,5822.005,144066.252,0.02,0.0
692.467,2026-06-26T03:24:01.445372,59855.527,101983.641,0.801,5822.006,144066.252,0.02,0.0
692.517,2026-06-26T03:24:01.495968,59882.77,101999.641,0.792,5822.007,144066.252,0.02,0.0
692.568,2026-06-26T03:24:01.546579,59914.082,102043.641,0.786,5822.008,144066.252,0.02,0.0
692.618,2026-06-26T03:24:01.597187,59929.086,102071.641,0.782,5822.009,144066.252,0.02,0.0
692.669,2026-06-26T03:24:01.647759,59945.293,102071.641,0.779,5822.01,144066.252,0.02,0.0
692.719,2026-06-26T03:24:01.698338,59962.695,102103.641,0.823,5822.011,144066.252,0.02,0.0
692.77,2026-06-26T03:24:01.748941,59977.293,102103.641,0.761,5822.012,144066.252,0.02,0.0
692.821,2026-06-26T03:24:01.799533,59994.844,102143.641,0.765,5822.013,144066.252,0.02,0.0
692.871,2026-06-26T03:24:01.850106,60012.383,102143.641,0.813,5822.014,144066.252,0.02,0.0
692.922,2026-06-26T03:24:01.900713,60024.992,102143.641,0.755,5822.015,144066.252,0.02,0.0
692.972,2026-06-26T03:24:01.951299,60031.754,102191.641,0.806,5822.016,144066.252,0.02,0.0
693.023,2026-06-26T03:24:02.001902,60032.652,102191.641,0.796,5822.017,144066.252,0.02,0.0
693.074,2026-06-26T03:24:02.052510,60040.539,102191.641,0.789,5822.018,144066.252,0.02,0.0
693.124,2026-06-26T03:24:02.103087,60077.008,102191.641,0.784,5822.019,144066.252,0.02,0.0
693.175,2026-06-26T03:24:02.153689,60107.441,102247.641,0.78,5822.02,144066.252,0.02,0.0
693.225,2026-06-26T03:24:02.204267,60111.418,102247.641,0.778,5822.021,144066.252,0.02,0.0
693.276,2026-06-26T03:24:02.254871,60106.996,102247.641,0.776,5822.022,144066.252,0.02,0.0
693.327,2026-06-26T03:24:02.305484,60109.0,102247.641,0.775,5822.023,144066.252,0.02,0.0
693.377,2026-06-26T03:24:02.356063,60108.738,102247.641,0.774,5822.024,144066.252,0.02,0.0
693.428,2026-06-26T03:24:02.406668,60108.738,102247.641,0.774,5822.025,144066.252,0.02,0.0
693.478,2026-06-26T03:24:02.457244,60111.801,102247.641,0.773,5822.026,144066.252,0.02,0.0
693.529,2026-06-26T03:24:02.507845,60141.992,102311.641,0.819,5822.027,144066.252,0.02,0.0
693.58,2026-06-26T03:24:02.558438,60168.0,102311.641,0.805,5822.028,144066.252,0.02,0.0
693.63,2026-06-26T03:24:02.609017,60170.008,102311.641,0.795,5822.029,144066.252,0.02,0.0
693.681,2026-06-26T03:24:02.659651,60169.914,102311.641,0.787,5822.03,144066.252,0.02,0.0
693.732,2026-06-26T03:24:02.710628,60171.664,102311.641,0.781,5822.031,144066.252,0.02,0.0
693.783,2026-06-26T03:24:02.761654,60180.68,102311.641,0.776,5822.032,144066.252,0.02,0.0
693.834,2026-06-26T03:24:02.812635,60180.688,102311.641,0.773,5822.033,144066.252,0.02,0.0
693.885,2026-06-26T03:24:02.863637,60180.398,102311.641,0.817,5822.034,144066.252,0.02,0.0
693.936,2026-06-26T03:24:02.914627,60180.398,102311.641,0.802,5822.035,144066.252,0.02,0.0
693.987,2026-06-26T03:24:02.965626,60182.023,102311.641,0.791,5822.036,144066.252,0.02,0.0
694.038,2026-06-26T03:24:03.016768,60182.023,102311.641,0.783,5822.037,144066.252,0.02,0.0
694.089,2026-06-26T03:24:03.067775,60184.031,102311.641,0.778,5822.038,144066.252,0.02,0.0
694.14,2026-06-26T03:24:03.118698,60184.332,102311.641,0.822,5822.039,144066.252,0.02,0.0
694.19,2026-06-26T03:24:03.169306,60184.332,102311.641,0.807,5822.04,144066.252,0.02,0.0
694.241,2026-06-26T03:24:03.219888,60183.906,102311.641,0.796,5822.041,144066.252,0.02,0.0
694.292,2026-06-26T03:24:03.270499,60205.766,102391.641,0.789,5822.042,144066.252,0.02,0.0
694.342,2026-06-26T03:24:03.321077,60205.816,102391.641,0.83,5822.043,144066.252,0.02,0.0
694.393,2026-06-26T03:24:03.371677,60205.816,102391.641,0.813,5822.044,144066.252,0.02,0.0
694.443,2026-06-26T03:24:03.422278,60205.832,102391.641,0.801,5822.045,144066.252,0.02,0.0
694.494,2026-06-26T03:24:03.472857,60209.844,102391.641,0.792,5822.046,144066.252,0.02,0.0
694.545,2026-06-26T03:24:03.523469,60209.844,102391.641,0.786,5822.047,144066.252,0.02,0.0
694.595,2026-06-26T03:24:03.574042,60223.629,102391.641,0.782,5822.048,144066.252,0.02,0.0
694.646,2026-06-26T03:24:03.624643,60223.629,102391.641,0.779,5822.049,144066.252,0.02,0.0
694.696,2026-06-26T03:24:03.675233,60223.688,102391.641,0.777,5822.05,144066.252,0.02,0.0
694.747,2026-06-26T03:24:03.725816,60223.688,102391.641,0.775,5822.051,144066.252,0.02,0.0
694.798,2026-06-26T03:24:03.776405,60223.688,102391.641,0.775,5822.052,144066.252,0.02,0.0
694.848,2026-06-26T03:24:03.826977,60223.75,102391.641,0.774,5822.053,144066.252,0.02,0.0
694.899,2026-06-26T03:24:03.877578,60225.059,102391.641,0.82,5822.054,144066.252,0.02,0.0
694.949,2026-06-26T03:24:03.928201,60225.324,102391.641,0.805,5822.055,144066.252,0.02,0.0
695.0,2026-06-26T03:24:03.978772,60225.691,102391.641,0.796,5822.056,144066.252,0.02,0.0
695.051,2026-06-26T03:24:04.029461,60225.691,102391.641,0.788,5822.057,144066.252,0.02,0.0
695.101,2026-06-26T03:24:04.080044,60225.691,102391.641,0.783,5822.058,144066.252,0.02,0.0
695.152,2026-06-26T03:24:04.130629,60225.691,102391.641,0.78,5822.059,144066.252,0.02,0.0
695.202,2026-06-26T03:24:04.181230,60225.691,102391.641,0.778,5822.06,144066.252,0.02,0.0
695.253,2026-06-26T03:24:04.231810,60225.691,102391.641,0.776,5822.061,144066.252,0.02,0.0
695.304,2026-06-26T03:24:04.282427,60225.691,102391.641,0.775,5822.062,144066.252,0.02,0.0
695.354,2026-06-26T03:24:04.333017,60229.707,102391.641,0.774,5822.063,144066.252,0.02,0.0
695.405,2026-06-26T03:24:04.383617,60229.707,102391.641,0.773,5822.064,144066.252,0.02,0.0
695.455,2026-06-26T03:24:04.434226,60229.707,102391.641,0.819,5822.065,144066.252,0.02,0.0
695.506,2026-06-26T03:24:04.484805,60227.875,102391.641,0.805,5822.066,144066.252,0.02,0.0
695.557,2026-06-26T03:24:04.535416,60227.875,102391.641,0.795,5822.067,144066.252,0.02,0.0
695.607,2026-06-26T03:24:04.585995,60227.875,102391.641,0.788,5822.068,144066.252,0.02,0.0
695.658,2026-06-26T03:24:04.636594,60227.898,102391.641,0.783,5822.069,144066.252,0.02,0.0
695.708,2026-06-26T03:24:04.687192,60227.898,102391.641,0.78,5822.07,144066.252,0.02,0.0
695.759,2026-06-26T03:24:04.737767,60227.898,102391.641,0.778,5822.071,144066.252,0.02,0.0
695.81,2026-06-26T03:24:04.788374,60235.93,102391.641,0.776,5822.072,144066.252,0.02,0.0
695.86,2026-06-26T03:24:04.838949,60227.863,102391.641,0.775,5822.073,144066.252,0.02,0.0
695.911,2026-06-26T03:24:04.889550,60228.801,102391.641,0.774,5822.074,144066.252,0.02,0.0
695.961,2026-06-26T03:24:04.940183,60227.922,102391.641,0.773,5822.075,144066.252,0.02,0.0
696.012,2026-06-26T03:24:04.990750,60228.383,102391.641,0.773,5822.076,144066.252,0.02,0.0
696.062,2026-06-26T03:24:05.041351,60227.043,102391.641,0.773,5822.077,144066.252,0.02,0.0
696.113,2026-06-26T03:24:05.091928,60227.051,102391.641,0.772,5822.079,144066.252,0.02,0.0
696.164,2026-06-26T03:24:05.142526,60227.051,102391.641,0.772,5822.08,144066.252,0.02,0.0
696.214,2026-06-26T03:24:05.193120,60227.051,102391.641,0.772,5822.081,144066.252,0.02,0.0
696.265,2026-06-26T03:24:05.243721,60227.051,102391.641,0.772,5822.082,144066.252,0.02,0.0
696.315,2026-06-26T03:24:05.294315,60227.051,102391.641,0.819,5822.083,144066.252,0.02,0.0
696.366,2026-06-26T03:24:05.344902,60227.051,102391.641,0.851,5822.084,144066.252,0.02,0.0
696.417,2026-06-26T03:24:05.395467,60227.051,102391.641,0.828,5822.085,144066.252,0.02,0.0
696.467,2026-06-26T03:24:05.446025,60227.051,102391.641,0.811,5822.086,144066.252,0.02,0.0
696.558,2026-06-26T03:24:05.536632,60225.566,102391.641,0.931,5822.436,144066.252,3.871,0.0
696.608,2026-06-26T03:24:05.587052,60225.566,102391.641,0.883,5822.437,144066.252,0.02,0.0
696.659,2026-06-26T03:24:05.637645,60225.047,102391.641,0.85,5822.438,144066.252,0.02,0.0
696.709,2026-06-26T03:24:05.688242,60225.047,102391.641,0.827,5822.439,144066.252,0.02,0.0
696.76,2026-06-26T03:24:05.738826,60225.047,102391.641,0.81,5822.44,144066.252,0.02,0.0
696.811,2026-06-26T03:24:05.789440,60227.055,102391.641,0.799,5822.441,144066.252,0.02,0.0
696.861,2026-06-26T03:24:05.840011,60225.035,102391.641,0.791,5822.442,144066.252,0.02,0.0
696.912,2026-06-26T03:24:05.890615,60225.098,102391.641,0.785,5822.443,144066.252,0.02,0.0
696.962,2026-06-26T03:24:05.941206,60224.609,102391.641,0.781,5822.444,144066.252,0.02,0.0
697.013,2026-06-26T03:24:05.991782,60224.609,102391.641,0.779,5822.445,144066.252,0.02,0.0
697.064,2026-06-26T03:24:06.042414,60223.492,102391.641,0.776,5822.446,144066.252,0.02,0.0
697.114,2026-06-26T03:24:06.092992,60223.492,102391.641,0.775,5822.447,144066.252,0.02,0.0
697.165,2026-06-26T03:24:06.143587,60223.555,102391.641,0.774,5822.448,144066.252,0.02,0.0
697.215,2026-06-26T03:24:06.194189,60223.562,102391.641,0.774,5822.449,144066.252,0.02,0.0
697.266,2026-06-26T03:24:06.244767,60222.984,102391.641,0.773,5822.45,144066.252,0.02,0.0
697.317,2026-06-26T03:24:06.295375,60222.414,102391.641,0.773,5822.451,144066.252,0.02,0.0
697.367,2026-06-26T03:24:06.345957,60226.418,102391.641,0.819,5822.452,144066.252,0.02,0.0
697.418,2026-06-26T03:24:06.396560,60226.418,102391.641,0.805,5822.453,144066.252,0.02,0.0
697.468,2026-06-26T03:24:06.447196,60226.418,102391.641,0.795,5822.454,144066.252,0.02,0.0
697.519,2026-06-26T03:24:06.497768,60224.422,102391.641,0.742,5822.455,144066.252,0.02,0.0
697.569,2026-06-26T03:24:06.548325,60224.422,102391.641,0.751,5822.456,144066.252,0.02,0.0
697.62,2026-06-26T03:24:06.598900,60229.426,102391.641,0.804,5822.457,144066.252,0.02,0.0
697.671,2026-06-26T03:24:06.649512,60229.426,102391.641,0.839,5822.458,144066.252,0.02,0.0
697.722,2026-06-26T03:24:06.700521,60229.426,102391.641,0.817,5822.459,144066.252,0.02,0.0
697.773,2026-06-26T03:24:06.751515,60229.43,102391.641,0.802,5822.46,144066.252,0.02,0.0
697.824,2026-06-26T03:24:06.802499,60229.43,102391.641,0.791,5822.461,144066.252,0.02,0.0
697.875,2026-06-26T03:24:06.853515,60229.43,102391.641,0.829,5822.462,144066.252,0.02,0.0
697.926,2026-06-26T03:24:06.904496,60229.43,102391.641,0.81,5822.463,144066.252,0.02,0.0
697.977,2026-06-26T03:24:06.955520,60228.223,102391.641,0.797,5822.464,144066.252,0.02,0.0
698.028,2026-06-26T03:24:07.006508,60232.227,102391.641,0.788,5822.465,144066.252,0.02,0.0
698.079,2026-06-26T03:24:07.057519,60235.234,102391.641,0.781,5822.466,144066.252,0.02,0.0
698.13,2026-06-26T03:24:07.108463,60239.25,102391.641,0.824,5822.467,144066.252,0.02,0.0
698.18,2026-06-26T03:24:07.159026,60232.66,102391.641,0.762,5822.468,144066.252,0.02,0.0
698.231,2026-06-26T03:24:07.209639,60232.66,102391.641,0.764,5822.469,144066.252,0.02,0.0
698.282,2026-06-26T03:24:07.260588,60231.457,102391.641,0.811,5822.47,144066.252,0.02,0.0
698.333,2026-06-26T03:24:07.311581,60231.457,102391.641,0.797,5822.471,144066.252,0.02,0.0
698.384,2026-06-26T03:24:07.362544,60238.465,102391.641,0.788,5822.472,144066.252,0.02,0.0
698.435,2026-06-26T03:24:07.413532,60238.465,102391.641,0.782,5822.473,144066.252,0.02,0.0
698.486,2026-06-26T03:24:07.464515,60238.465,102391.641,0.777,5822.474,144066.252,0.02,0.0
698.537,2026-06-26T03:24:07.515516,60250.535,102391.641,0.774,5822.475,144066.252,0.02,0.0
698.588,2026-06-26T03:24:07.566479,60256.867,102391.641,0.771,5822.476,144066.252,0.02,0.0
698.639,2026-06-26T03:24:07.617501,60264.871,102391.641,0.862,5822.477,144066.252,0.02,0.0
698.69,2026-06-26T03:24:07.668475,60264.871,102391.641,0.833,5822.478,144066.252,0.02,0.0
698.741,2026-06-26T03:24:07.719476,60248.863,102391.641,0.813,5822.479,144066.252,0.02,0.0
698.792,2026-06-26T03:24:07.770451,60255.84,102391.641,0.753,5822.48,144066.252,0.02,0.0
698.843,2026-06-26T03:24:07.821433,60256.867,102391.641,0.757,5822.481,144066.252,0.02,0.0
698.894,2026-06-26T03:24:07.872431,60256.867,102391.641,0.806,5822.482,144066.252,0.02,0.0
698.945,2026-06-26T03:24:07.923435,60257.473,102391.641,0.794,5822.483,144066.252,0.02,0.0
698.996,2026-06-26T03:24:07.974418,60265.477,102391.641,0.785,5822.484,144066.252,0.02,0.0
699.047,2026-06-26T03:24:08.025429,60249.848,102391.641,0.78,5822.485,144066.252,0.02,0.0
699.098,2026-06-26T03:24:08.076397,60251.133,102391.641,0.775,5822.486,144066.252,0.02,0.0
699.149,2026-06-26T03:24:08.127378,60256.016,102391.641,0.774,5822.487,144066.252,0.02,0.0
699.199,2026-06-26T03:24:08.177952,60264.211,102391.641,0.773,5822.488,144066.252,0.02,0.0
699.25,2026-06-26T03:24:08.228559,60273.883,102391.641,0.819,5822.489,144066.252,0.02,0.0
699.3,2026-06-26T03:24:08.279167,60277.129,102391.641,0.805,5822.49,144066.252,0.02,0.0
699.351,2026-06-26T03:24:08.329730,60287.164,102391.641,0.749,5822.491,144066.252,0.02,0.0
699.401,2026-06-26T03:24:08.380348,60283.152,102391.641,0.802,5822.492,144066.252,0.02,0.0
699.452,2026-06-26T03:24:08.430917,60283.152,102391.641,0.839,5822.493,144066.252,0.02,0.0
699.503,2026-06-26T03:24:08.481526,60283.152,102391.641,0.819,5822.494,144066.252,0.02,0.0
699.553,2026-06-26T03:24:08.532102,60283.152,102391.641,0.805,5822.495,144066.252,0.02,0.0
699.604,2026-06-26T03:24:08.582701,60283.152,102391.641,0.795,5822.496,144066.252,0.02,0.0
699.654,2026-06-26T03:24:08.633302,60283.152,102391.641,0.788,5822.497,144066.252,0.02,0.0
699.705,2026-06-26T03:24:08.683876,60283.152,102391.641,0.783,5822.498,144066.252,0.02,0.0
699.756,2026-06-26T03:24:08.734483,60283.152,102391.641,0.78,5822.499,144066.252,0.02,0.0
699.806,2026-06-26T03:24:08.785059,60283.152,102391.641,0.778,5822.5,144066.252,0.02,0.0
699.857,2026-06-26T03:24:08.835657,60283.152,102391.641,0.776,5822.501,144066.252,0.02,0.0
699.907,2026-06-26T03:24:08.886251,60293.156,102391.641,0.775,5822.502,144066.252,0.02,0.0
699.958,2026-06-26T03:24:08.936829,60299.176,102487.641,0.867,5822.503,144066.252,0.02,0.0
700.009,2026-06-26T03:24:08.987442,60255.609,102487.641,0.792,5822.504,144066.252,0.02,0.0
700.059,2026-06-26T03:24:09.038024,60255.609,102487.641,0.786,5822.505,144066.252,0.02,0.0
700.11,2026-06-26T03:24:09.088639,60253.547,102487.641,0.782,5822.506,144066.252,0.02,0.0
700.16,2026-06-26T03:24:09.139220,60253.547,102487.641,0.779,5822.507,144066.252,0.02,0.0
700.211,2026-06-26T03:24:09.189798,60253.547,102487.641,0.777,5822.508,144066.252,0.02,0.0
700.262,2026-06-26T03:24:09.240408,60257.555,102487.641,0.776,5822.509,144066.252,0.02,0.0
700.312,2026-06-26T03:24:09.290993,60251.938,102487.641,0.774,5822.51,144066.252,0.02,0.0
700.363,2026-06-26T03:24:09.341609,60251.938,102487.641,0.774,5822.511,144066.252,0.02,0.0
700.413,2026-06-26T03:24:09.392196,60251.938,102487.641,0.773,5822.512,144066.252,0.02,0.0
700.464,2026-06-26T03:24:09.442763,60251.938,102487.641,0.773,5822.513,144066.252,0.02,0.0
700.515,2026-06-26T03:24:09.493363,60251.938,102487.641,0.773,5822.514,144066.252,0.02,0.0
700.565,2026-06-26T03:24:09.543944,60251.938,102487.641,0.819,5822.515,144066.252,0.02,0.0
700.616,2026-06-26T03:24:09.594555,60252.012,102487.641,0.805,5822.516,144066.252,0.02,0.0
700.666,2026-06-26T03:24:09.645172,60252.012,102487.641,0.795,5822.517,144066.252,0.02,0.0
700.717,2026-06-26T03:24:09.695739,60252.012,102487.641,0.788,5822.518,144066.252,0.02,0.0
700.767,2026-06-26T03:24:09.746325,60258.031,102487.641,0.83,5822.519,144066.252,0.02,0.0
700.818,2026-06-26T03:24:09.796906,60258.031,102487.641,0.859,5822.52,144066.252,0.02,0.0
700.869,2026-06-26T03:24:09.847518,60258.031,102487.641,0.833,5822.521,144066.252,0.02,0.0
700.919,2026-06-26T03:24:09.898092,60263.293,102487.641,0.768,5822.522,144066.252,0.02,0.0
700.97,2026-06-26T03:24:09.948690,60255.027,102487.641,0.769,5822.523,144066.252,0.02,0.0
701.02,2026-06-26T03:24:09.999258,60254.184,102487.641,0.77,5822.524,144066.252,0.02,0.0
701.071,2026-06-26T03:24:10.049846,60254.184,102487.641,0.771,5822.525,144066.252,0.02,0.0
701.122,2026-06-26T03:24:10.100466,60274.781,102487.641,0.771,5822.526,144066.252,0.02,0.0
701.172,2026-06-26T03:24:10.151042,60250.184,102487.641,0.771,5822.527,144066.252,0.02,0.0
701.223,2026-06-26T03:24:10.201643,60250.184,102487.641,0.772,5822.528,144066.252,0.02,0.0
701.273,2026-06-26T03:24:10.252216,60254.195,102487.641,0.772,5822.529,144066.252,0.02,0.0
701.324,2026-06-26T03:24:10.302809,60269.656,102487.641,0.818,5822.53,144066.252,0.02,0.0
701.375,2026-06-26T03:24:10.353427,60276.457,102487.641,0.805,5822.531,144066.252,0.02,0.0
701.425,2026-06-26T03:24:10.404000,60284.41,102487.641,0.795,5822.532,144066.252,0.02,0.0
701.476,2026-06-26T03:24:10.454609,60284.41,102487.641,0.788,5822.533,144066.252,0.02,0.0
701.565,2026-06-26T03:24:10.543789,60268.41,102487.641,0.868,5822.883,144066.252,3.932,0.0
701.615,2026-06-26T03:24:10.594205,60276.418,102487.641,0.839,5822.884,144066.252,0.02,0.0
701.666,2026-06-26T03:24:10.644789,60276.418,102487.641,0.819,5822.885,144066.252,0.02,0.0
701.717,2026-06-26T03:24:10.695405,60276.418,102487.641,0.804,5822.886,144066.252,0.02,0.0
701.767,2026-06-26T03:24:10.746179,60277.301,102487.641,0.84,5822.887,144066.252,0.02,0.0
701.818,2026-06-26T03:24:10.797029,60268.414,102487.641,0.818,5822.888,144066.252,0.02,0.0
701.869,2026-06-26T03:24:10.848004,60269.223,102487.641,0.802,5822.889,144066.252,0.02,0.0
701.92,2026-06-26T03:24:10.899016,60272.59,102487.641,0.791,5822.89,144066.252,0.02,0.0
701.971,2026-06-26T03:24:10.949998,60279.402,102487.641,0.876,5822.891,144066.252,0.02,0.0
702.022,2026-06-26T03:24:11.001002,60288.367,102487.641,0.843,5822.892,144066.252,0.02,0.0
702.073,2026-06-26T03:24:11.051990,60298.215,102487.641,0.774,5822.893,144066.252,0.02,0.0
702.124,2026-06-26T03:24:11.102981,60302.105,102487.641,0.818,5822.894,144066.252,0.02,0.0
702.175,2026-06-26T03:24:11.153938,60306.461,102487.641,0.803,5822.895,144066.252,0.02,0.0
702.226,2026-06-26T03:24:11.204544,60308.848,102487.641,0.794,5822.896,144066.252,0.02,0.0
702.276,2026-06-26T03:24:11.255119,60308.848,102487.641,0.787,5822.897,144066.252,0.02,0.0
702.327,2026-06-26T03:24:11.305727,60308.848,102487.641,0.783,5822.898,144066.252,0.02,0.0
702.377,2026-06-26T03:24:11.356320,60308.848,102487.641,0.78,5822.899,144066.252,0.02,0.0
702.428,2026-06-26T03:24:11.406898,60308.848,102487.641,0.777,5822.9,144066.252,0.02,0.0
702.479,2026-06-26T03:24:11.457504,60308.848,102487.641,0.776,5822.901,144066.252,0.02,0.0
702.529,2026-06-26T03:24:11.508072,60308.848,102487.641,0.821,5822.902,144066.252,0.02,0.0
702.58,2026-06-26T03:24:11.558688,60308.848,102487.641,0.806,5822.903,144066.252,0.02,0.0
702.63,2026-06-26T03:24:11.609272,60308.848,102487.641,0.796,5822.904,144066.252,0.02,0.0
702.681,2026-06-26T03:24:11.659850,60318.852,102487.641,0.742,5822.905,144066.252,0.02,0.0
702.732,2026-06-26T03:24:11.710452,60320.859,102487.641,0.751,5822.906,144066.252,0.02,0.0
702.782,2026-06-26T03:24:11.761025,60320.867,102487.641,0.757,5822.907,144066.252,0.02,0.0
702.833,2026-06-26T03:24:11.811646,60282.75,102487.641,0.808,5822.908,144066.252,0.02,0.0
702.883,2026-06-26T03:24:11.862227,60282.75,102487.641,0.798,5822.909,144066.252,0.02,0.0
702.934,2026-06-26T03:24:11.912804,60282.758,102487.641,0.79,5822.91,144066.252,0.02,0.0
702.985,2026-06-26T03:24:11.963410,60301.734,102487.641,0.785,5822.911,144066.252,0.02,0.0
703.035,2026-06-26T03:24:12.013980,60321.074,102487.641,0.781,5822.912,144066.252,0.02,0.0
703.086,2026-06-26T03:24:12.064616,60344.25,102487.641,0.778,5822.913,144066.252,0.02,0.0
703.136,2026-06-26T03:24:12.115185,60366.066,102487.641,0.777,5822.914,144066.252,0.02,0.0
703.187,2026-06-26T03:24:12.165758,60399.145,102487.641,0.822,5822.915,144066.252,0.02,0.0
703.238,2026-06-26T03:24:12.216366,60422.602,102487.641,0.807,5822.916,144066.252,0.02,0.0
703.288,2026-06-26T03:24:12.266935,60447.383,102599.641,0.842,5822.917,144066.252,0.02,0.0
703.339,2026-06-26T03:24:12.317567,60471.141,102599.641,0.775,5822.918,144066.252,0.02,0.0
703.389,2026-06-26T03:24:12.368177,60500.355,102599.641,0.774,5822.919,144066.252,0.02,0.0
703.44,2026-06-26T03:24:12.418744,60507.066,102609.641,0.773,5822.92,144066.252,0.02,0.0
703.49,2026-06-26T03:24:12.469340,60491.062,102609.641,0.773,5822.921,144066.252,0.02,0.0
703.541,2026-06-26T03:24:12.519907,60491.062,102609.641,0.773,5822.922,144066.252,0.02,0.0
703.592,2026-06-26T03:24:12.570539,60491.066,102609.641,0.773,5822.923,144066.252,0.02,0.0
703.642,2026-06-26T03:24:12.621105,60491.066,102609.641,0.773,5822.924,144066.252,0.02,0.0
703.693,2026-06-26T03:24:12.671700,60491.602,102609.641,0.772,5822.925,144066.252,0.02,0.0
703.743,2026-06-26T03:24:12.722293,60492.738,102609.641,0.772,5822.926,144066.252,0.02,0.0
703.794,2026-06-26T03:24:12.772864,60493.66,102609.641,0.818,5822.927,144066.252,0.02,0.0
703.845,2026-06-26T03:24:12.823495,60413.188,102609.641,0.805,5822.928,144066.252,0.02,0.0
703.895,2026-06-26T03:24:12.874071,60413.188,102609.641,0.841,5822.929,144066.252,0.02,0.0
703.946,2026-06-26T03:24:12.924675,60412.305,102609.641,0.82,5822.93,144066.252,0.02,0.0
703.996,2026-06-26T03:24:12.975250,60412.375,102609.641,0.806,5822.931,144066.252,0.02,0.0
704.047,2026-06-26T03:24:13.025822,60412.383,102609.641,0.796,5822.932,144066.252,0.02,0.0
704.098,2026-06-26T03:24:13.076456,60412.383,102609.641,0.789,5822.933,144066.252,0.02,0.0
704.148,2026-06-26T03:24:13.127020,60412.383,102609.641,0.784,5822.934,144066.252,0.02,0.0
704.199,2026-06-26T03:24:13.177623,60412.383,102609.641,0.78,5822.935,144066.252,0.02,0.0
704.249,2026-06-26T03:24:13.228197,60412.383,102609.641,0.778,5822.936,144066.252,0.02,0.0
704.3,2026-06-26T03:24:13.278767,60412.383,102609.641,0.776,5822.937,144066.252,0.02,0.0
704.351,2026-06-26T03:24:13.329398,60412.383,102609.641,0.775,5822.938,144066.252,0.02,0.0
704.401,2026-06-26T03:24:13.379956,60412.383,102609.641,0.774,5822.939,144066.252,0.02,0.0
704.452,2026-06-26T03:24:13.430554,60412.383,102609.641,0.773,5822.94,144066.252,0.02,0.0
704.502,2026-06-26T03:24:13.481128,60412.383,102609.641,0.819,5822.941,144066.252,0.02,0.0
704.553,2026-06-26T03:24:13.531722,60412.383,102609.641,0.805,5822.942,144066.252,0.02,0.0
704.603,2026-06-26T03:24:13.582335,60412.383,102609.641,0.795,5822.943,144066.252,0.02,0.0
704.654,2026-06-26T03:24:13.632910,60412.383,102609.641,0.788,5822.944,144066.252,0.02,0.0
704.705,2026-06-26T03:24:13.683523,60412.383,102609.641,0.783,5822.945,144066.252,0.02,0.0
704.755,2026-06-26T03:24:13.734100,60422.43,102609.641,0.78,5822.946,144066.252,0.02,0.0
704.806,2026-06-26T03:24:13.784684,60430.141,102609.641,0.778,5822.947,144066.252,0.02,0.0
704.856,2026-06-26T03:24:13.835283,60445.371,102609.641,0.822,5822.948,144066.252,0.02,0.0
704.907,2026-06-26T03:24:13.885859,60445.371,102609.641,0.807,5822.949,144066.252,0.02,0.0
704.958,2026-06-26T03:24:13.936468,60445.395,102609.641,0.797,5822.95,144066.252,0.02,0.0
705.008,2026-06-26T03:24:13.987050,60437.387,102609.641,0.789,5822.951,144066.252,0.02,0.0
705.059,2026-06-26T03:24:14.037655,60417.383,102609.641,0.784,5822.953,144066.252,0.02,0.0
705.109,2026-06-26T03:24:14.088243,60417.383,102609.641,0.781,5822.954,144066.252,0.02,0.0
705.16,2026-06-26T03:24:14.138811,60417.383,102609.641,0.778,5822.955,144066.252,0.02,0.0
705.211,2026-06-26T03:24:14.189423,60417.383,102609.641,0.776,5822.956,144066.252,0.02,0.0
705.261,2026-06-26T03:24:14.240004,60417.383,102609.641,0.775,5822.957,144066.252,0.02,0.0
705.312,2026-06-26T03:24:14.290581,60417.383,102609.641,0.774,5822.958,144066.252,0.02,0.0
705.362,2026-06-26T03:24:14.341124,60417.383,102609.641,0.769,5822.959,144066.252,0.019,0.0
705.414,2026-06-26T03:24:14.392864,60417.383,102609.641,0.77,5822.96,144066.252,0.02,0.0
705.465,2026-06-26T03:24:14.443454,60417.383,102609.641,0.77,5822.961,144066.252,0.02,0.0
705.515,2026-06-26T03:24:14.494051,60417.383,102609.641,0.817,5822.962,144066.252,0.02,0.0
705.566,2026-06-26T03:24:14.544663,60417.383,102609.641,0.804,5822.963,144066.252,0.02,0.0
705.616,2026-06-26T03:24:14.595246,60417.395,102609.641,0.794,5822.964,144066.252,0.02,0.0
705.667,2026-06-26T03:24:14.645845,60417.395,102609.641,0.786,5822.965,144066.252,0.02,0.0
705.718,2026-06-26T03:24:14.696846,60425.398,102609.641,0.78,5822.966,144066.252,0.02,0.0
705.769,2026-06-26T03:24:14.747833,60438.48,102609.641,0.822,5822.967,144066.252,0.02,0.0
705.82,2026-06-26T03:24:14.798841,60417.395,102609.641,0.805,5822.968,144066.252,0.02,0.0
705.871,2026-06-26T03:24:14.849824,60417.395,102609.641,0.793,5822.969,144066.252,0.02,0.0
705.922,2026-06-26T03:24:14.900835,60417.395,102609.641,0.831,5822.97,144066.252,0.02,0.0
705.973,2026-06-26T03:24:14.951805,60417.395,102609.641,0.812,5822.971,144066.252,0.02,0.0
706.024,2026-06-26T03:24:15.002837,60417.75,102609.641,0.798,5822.972,144066.252,0.02,0.0
706.075,2026-06-26T03:24:15.053827,60422.234,102609.641,0.788,5822.973,144066.252,0.02,0.0
706.126,2026-06-26T03:24:15.104833,60424.062,102609.641,0.782,5822.974,144066.252,0.02,0.0
706.177,2026-06-26T03:24:15.155790,60429.68,102609.641,0.778,5822.975,144066.252,0.02,0.0
706.228,2026-06-26T03:24:15.206390,60433.184,102609.641,0.776,5822.976,144066.252,0.02,0.0
706.278,2026-06-26T03:24:15.256991,60438.594,102609.641,0.775,5822.977,144066.252,0.02,0.0
706.329,2026-06-26T03:24:15.307602,60444.176,102609.641,0.867,5822.978,144066.252,0.02,0.0
706.379,2026-06-26T03:24:15.358203,60450.441,102609.641,0.792,5822.979,144066.252,0.02,0.0
706.43,2026-06-26T03:24:15.408765,60457.785,102609.641,0.833,5822.98,144066.252,0.02,0.0
706.48,2026-06-26T03:24:15.459347,60458.332,102609.641,0.815,5822.981,144066.252,0.02,0.0
706.57,2026-06-26T03:24:15.548762,60468.488,102609.641,0.885,5823.331,144066.252,3.923,0.0
706.62,2026-06-26T03:24:15.599192,60475.637,102609.641,0.898,5823.332,144066.252,0.02,0.0
706.671,2026-06-26T03:24:15.649780,60478.477,102609.641,0.86,5823.333,144066.252,0.02,0.0
706.722,2026-06-26T03:24:15.700366,60488.324,102609.641,0.787,5823.334,144066.252,0.02,0.0
706.772,2026-06-26T03:24:15.750951,60494.742,102609.641,0.783,5823.335,144066.252,0.02,0.0
706.823,2026-06-26T03:24:15.801522,60514.125,102737.641,0.826,5823.336,144066.252,0.02,0.0
706.873,2026-06-26T03:24:15.852097,60499.484,102737.641,0.81,5823.337,144066.252,0.02,0.0
706.924,2026-06-26T03:24:15.902694,60499.508,102737.641,0.799,5823.338,144066.252,0.02,0.0
706.974,2026-06-26T03:24:15.953267,60499.508,102737.641,0.791,5823.339,144066.252,0.02,0.0
707.025,2026-06-26T03:24:16.003848,60471.492,102737.641,0.785,5823.34,144066.252,0.02,0.0
707.076,2026-06-26T03:24:16.054471,60471.492,102737.641,0.781,5823.341,144066.252,0.02,0.0
707.126,2026-06-26T03:24:16.105045,60467.781,102737.641,0.778,5823.342,144066.252,0.02,0.0
707.177,2026-06-26T03:24:16.155649,60466.473,102737.641,0.777,5823.343,144066.252,0.02,0.0
707.227,2026-06-26T03:24:16.206222,60466.473,102737.641,0.775,5823.344,144066.252,0.02,0.0
707.278,2026-06-26T03:24:16.256810,60460.145,102737.641,0.774,5823.345,144066.252,0.02,0.0
707.329,2026-06-26T03:24:16.307428,60460.145,102737.641,0.774,5823.346,144066.252,0.02,0.0
707.379,2026-06-26T03:24:16.358004,60460.145,102737.641,0.773,5823.347,144066.252,0.02,0.0
707.43,2026-06-26T03:24:16.408606,60450.066,102737.641,0.773,5823.348,144066.252,0.02,0.0
707.48,2026-06-26T03:24:16.459210,60450.066,102737.641,0.773,5823.349,144066.252,0.02,0.0
707.531,2026-06-26T03:24:16.509795,60450.066,102737.641,0.772,5823.35,144066.252,0.02,0.0
707.582,2026-06-26T03:24:16.560390,60450.066,102737.641,0.772,5823.351,144066.252,0.02,0.0
707.632,2026-06-26T03:24:16.610961,60448.715,102737.641,0.772,5823.352,144066.252,0.02,0.0
707.683,2026-06-26T03:24:16.661556,60448.727,102737.641,0.772,5823.353,144066.252,0.02,0.0
707.733,2026-06-26T03:24:16.712184,60448.727,102737.641,0.771,5823.354,144066.252,0.02,0.0
707.784,2026-06-26T03:24:16.763170,60459.199,102737.641,0.861,5823.355,144066.252,0.02,0.0
707.835,2026-06-26T03:24:16.814134,60469.816,102737.641,0.833,5823.356,144066.252,0.02,0.0
707.886,2026-06-26T03:24:16.865125,60448.727,102737.641,0.813,5823.357,144066.252,0.02,0.0
707.937,2026-06-26T03:24:16.916106,60448.738,102737.641,0.845,5823.358,144066.252,0.02,0.0
707.988,2026-06-26T03:24:16.967092,60448.738,102737.641,0.821,5823.359,144066.252,0.02,0.0
708.039,2026-06-26T03:24:17.018102,60432.445,102737.641,0.804,5823.36,144066.252,0.02,0.0
708.09,2026-06-26T03:24:17.069089,60427.094,102737.641,0.793,5823.361,144066.252,0.02,0.0
708.141,2026-06-26T03:24:17.120012,60435.098,102737.641,0.74,5823.362,144066.252,0.02,0.0
708.192,2026-06-26T03:24:17.170618,60431.555,102737.641,0.75,5823.363,144066.252,0.02,0.0
708.242,2026-06-26T03:24:17.221218,60431.555,102737.641,0.803,5823.364,144066.252,0.02,0.0
708.293,2026-06-26T03:24:17.271810,60431.555,102737.641,0.793,5823.365,144066.252,0.02,0.0
708.344,2026-06-26T03:24:17.322393,60428.438,102737.641,0.787,5823.366,144066.252,0.02,0.0
708.394,2026-06-26T03:24:17.372969,60428.438,102737.641,0.783,5823.367,144066.252,0.02,0.0
708.445,2026-06-26T03:24:17.423572,60426.133,102737.641,0.826,5823.368,144066.252,0.02,0.0
708.495,2026-06-26T03:24:17.474178,60423.988,102737.641,0.81,5823.369,144066.252,0.02,0.0
708.546,2026-06-26T03:24:17.524767,60422.035,102737.641,0.799,5823.37,144066.252,0.02,0.0
708.596,2026-06-26T03:24:17.575351,60420.992,102737.641,0.837,5823.371,144066.252,0.02,0.0
708.647,2026-06-26T03:24:17.625926,60418.902,102737.641,0.817,5823.372,144066.252,0.02,0.0
708.698,2026-06-26T03:24:17.676531,60418.902,102737.641,0.804,5823.373,144066.252,0.02,0.0
708.748,2026-06-26T03:24:17.727105,60416.32,102737.641,0.794,5823.374,144066.252,0.02,0.0
708.799,2026-06-26T03:24:17.777717,60416.34,102737.641,0.788,5823.375,144066.252,0.02,0.0
708.849,2026-06-26T03:24:17.828304,60414.48,102737.641,0.783,5823.376,144066.252,0.02,0.0
708.9,2026-06-26T03:24:17.878878,60409.477,102737.641,0.78,5823.377,144066.252,0.02,0.0
708.951,2026-06-26T03:24:17.929489,60409.477,102737.641,0.778,5823.378,144066.252,0.02,0.0
709.001,2026-06-26T03:24:17.980063,60417.48,102737.641,0.776,5823.379,144066.252,0.02,0.0
709.052,2026-06-26T03:24:18.030688,60430.566,102737.641,0.775,5823.38,144066.252,0.02,0.0
709.102,2026-06-26T03:24:18.081262,60409.48,102737.641,0.821,5823.381,144066.252,0.02,0.0
709.153,2026-06-26T03:24:18.131824,60409.48,102737.641,0.806,5823.382,144066.252,0.02,0.0
709.204,2026-06-26T03:24:18.182440,60398.801,102737.641,0.796,5823.383,144066.252,0.02,0.0
709.254,2026-06-26T03:24:18.233013,60398.801,102737.641,0.789,5823.384,144066.252,0.02,0.0
709.305,2026-06-26T03:24:18.283630,60398.801,102737.641,0.784,5823.385,144066.252,0.02,0.0
709.355,2026-06-26T03:24:18.334201,60398.801,102737.641,0.781,5823.386,144066.252,0.02,0.0
709.406,2026-06-26T03:24:18.384773,60408.805,102737.641,0.778,5823.387,144066.252,0.02,0.0
709.457,2026-06-26T03:24:18.435393,60407.363,102737.641,0.776,5823.388,144066.252,0.02,0.0
709.507,2026-06-26T03:24:18.485972,60406.277,102737.641,0.775,5823.389,144066.252,0.02,0.0
709.558,2026-06-26T03:24:18.536583,60406.277,102737.641,0.774,5823.39,144066.252,0.02,0.0
709.608,2026-06-26T03:24:18.587187,60422.285,102737.641,0.774,5823.391,144066.252,0.02,0.0
709.659,2026-06-26T03:24:18.637767,60427.367,102737.641,0.818,5823.392,144066.252,0.02,0.0
709.71,2026-06-26T03:24:18.688764,60406.281,102737.641,0.756,5823.393,144066.252,0.02,0.0
709.761,2026-06-26T03:24:18.739774,60406.281,102737.641,0.805,5823.394,144066.252,0.02,0.0
709.812,2026-06-26T03:24:18.790766,60379.594,102737.641,0.747,5823.395,144066.252,0.02,0.0
709.863,2026-06-26T03:24:18.841783,60379.594,102737.641,0.753,5823.396,144066.252,0.02,0.0
709.914,2026-06-26T03:24:18.892768,60374.074,102737.641,0.802,5823.397,144066.252,0.02,0.0
709.965,2026-06-26T03:24:18.943812,60374.074,102737.641,0.791,5823.398,144066.252,0.02,0.0
710.016,2026-06-26T03:24:18.994817,60374.074,102737.641,0.83,5823.399,144066.252,0.02,0.0
710.067,2026-06-26T03:24:19.045829,60374.074,102737.641,0.857,5823.4,144066.252,0.02,0.0
710.118,2026-06-26T03:24:19.096805,60384.078,102737.641,0.784,5823.401,144066.252,0.02,0.0
710.169,2026-06-26T03:24:19.147772,60384.078,102737.641,0.779,5823.402,144066.252,0.02,0.0
710.22,2026-06-26T03:24:19.198395,60383.766,102737.641,0.777,5823.403,144066.252,0.02,0.0
710.27,2026-06-26T03:24:19.248980,60391.77,102737.641,0.776,5823.404,144066.252,0.02,0.0
710.321,2026-06-26T03:24:19.299581,60404.855,102737.641,0.775,5823.405,144066.252,0.02,0.0
710.371,2026-06-26T03:24:19.350169,60383.766,102737.641,0.774,5823.406,144066.252,0.02,0.0
710.422,2026-06-26T03:24:19.400716,60383.766,102737.641,0.773,5823.407,144066.252,0.02,0.0
710.472,2026-06-26T03:24:19.451326,60383.766,102737.641,0.819,5823.408,144066.252,0.02,0.0
710.523,2026-06-26T03:24:19.501899,60369.992,102737.641,0.805,5823.409,144066.252,0.02,0.0
710.574,2026-06-26T03:24:19.552512,60369.992,102737.641,0.795,5823.41,144066.252,0.02,0.0
710.624,2026-06-26T03:24:19.603088,60369.992,102737.641,0.788,5823.411,144066.252,0.02,0.0
710.675,2026-06-26T03:24:19.653691,60370.0,102737.641,0.783,5823.412,144066.252,0.02,0.0
710.725,2026-06-26T03:24:19.704307,60370.0,102737.641,0.826,5823.413,144066.252,0.02,0.0
710.776,2026-06-26T03:24:19.754877,60370.0,102737.641,0.81,5823.414,144066.252,0.02,0.0
710.827,2026-06-26T03:24:19.805482,60369.777,102737.641,0.799,5823.415,144066.252,0.02,0.0
710.877,2026-06-26T03:24:19.856061,60369.777,102737.641,0.791,5823.416,144066.252,0.02,0.0
710.928,2026-06-26T03:24:19.906664,60369.777,102737.641,0.785,5823.417,144066.252,0.02,0.0
710.978,2026-06-26T03:24:19.957262,60369.777,102737.641,0.781,5823.418,144066.252,0.02,0.0
711.029,2026-06-26T03:24:20.007835,60389.797,102737.641,0.779,5823.419,144066.252,0.02,0.0
711.08,2026-06-26T03:24:20.058459,60394.883,102737.641,0.777,5823.42,144066.252,0.02,0.0
711.13,2026-06-26T03:24:20.109028,60373.793,102737.641,0.775,5823.421,144066.252,0.02,0.0
711.181,2026-06-26T03:24:20.159630,60373.793,102737.641,0.774,5823.422,144066.252,0.02,0.0
711.231,2026-06-26T03:24:20.210220,60373.793,102737.641,0.774,5823.423,144066.252,0.02,0.0
711.282,2026-06-26T03:24:20.260800,60362.074,102737.641,0.819,5823.424,144066.252,0.02,0.0
711.333,2026-06-26T03:24:20.311409,60357.25,102737.641,0.805,5823.425,144066.252,0.02,0.0
711.383,2026-06-26T03:24:20.361995,60357.25,102737.641,0.795,5823.426,144066.252,0.02,0.0
711.434,2026-06-26T03:24:20.412600,60356.305,102737.641,0.788,5823.427,144066.252,0.02,0.0
711.484,2026-06-26T03:24:20.463190,60356.305,102737.641,0.784,5823.428,144066.252,0.02,0.0
711.574,2026-06-26T03:24:20.552472,60361.309,102737.641,0.864,5823.778,144066.252,3.928,0.0
711.624,2026-06-26T03:24:20.602869,60371.312,102737.641,0.93,5823.779,144066.252,0.02,0.0
711.675,2026-06-26T03:24:20.653458,60371.312,102737.641,0.882,5823.78,144066.252,0.02,0.0
711.725,2026-06-26T03:24:20.704045,60371.312,102737.641,0.849,5823.781,144066.252,0.02,0.0
711.776,2026-06-26T03:24:20.754664,60371.312,102737.641,0.826,5823.782,144066.252,0.02,0.0
711.826,2026-06-26T03:24:20.805216,60391.461,102737.641,0.764,5823.783,144066.252,0.02,0.0
711.877,2026-06-26T03:24:20.855790,60392.402,102737.641,0.813,5823.784,144066.252,0.02,0.0
711.928,2026-06-26T03:24:20.906387,60371.312,102737.641,0.8,5823.785,144066.252,0.02,0.0
711.978,2026-06-26T03:24:20.956979,60371.312,102737.641,0.792,5823.786,144066.252,0.02,0.0
712.029,2026-06-26T03:24:21.007591,60371.312,102737.641,0.786,5823.787,144066.252,0.02,0.0
712.079,2026-06-26T03:24:21.058213,60338.074,102737.641,0.782,5823.788,144066.252,0.02,0.0
712.13,2026-06-26T03:24:21.108780,60338.074,102737.641,0.779,5823.789,144066.252,0.02,0.0
712.181,2026-06-26T03:24:21.159363,60338.074,102737.641,0.777,5823.79,144066.252,0.02,0.0
712.231,2026-06-26T03:24:21.209965,60338.074,102737.641,0.775,5823.791,144066.252,0.02,0.0
712.282,2026-06-26T03:24:21.260575,60338.074,102737.641,0.775,5823.792,144066.252,0.02,0.0
712.332,2026-06-26T03:24:21.311185,60343.078,102737.641,0.82,5823.793,144066.252,0.02,0.0
712.383,2026-06-26T03:24:21.361760,60353.082,102737.641,0.759,5823.794,144066.252,0.02,0.0
712.433,2026-06-26T03:24:21.412338,60353.082,102737.641,0.763,5823.795,144066.252,0.02,0.0
712.484,2026-06-26T03:24:21.462943,60353.082,102737.641,0.812,5823.796,144066.252,0.02,0.0
712.535,2026-06-26T03:24:21.513544,60353.082,102737.641,0.8,5823.797,144066.252,0.02,0.0
712.585,2026-06-26T03:24:21.564122,60377.09,102737.641,0.792,5823.798,144066.252,0.02,0.0
712.636,2026-06-26T03:24:21.614726,60374.176,102737.641,0.786,5823.799,144066.252,0.02,0.0
712.686,2026-06-26T03:24:21.665314,60353.082,102737.641,0.735,5823.8,144066.252,0.02,0.0
712.737,2026-06-26T03:24:21.715917,60353.082,102737.641,0.793,5823.801,144066.252,0.02,0.0
712.788,2026-06-26T03:24:21.766514,60353.082,102737.641,0.787,5823.802,144066.252,0.02,0.0
712.838,2026-06-26T03:24:21.817089,60337.578,102737.641,0.782,5823.803,144066.252,0.02,0.0
712.889,2026-06-26T03:24:21.867704,60331.395,102737.641,0.779,5823.804,144066.252,0.02,0.0
712.939,2026-06-26T03:24:21.918272,60351.715,102737.641,0.777,5823.805,144066.252,0.02,0.0
712.99,2026-06-26T03:24:21.968870,60351.715,102737.641,0.822,5823.806,144066.252,0.02,0.0
713.041,2026-06-26T03:24:22.019475,60369.727,102737.641,0.807,5823.807,144066.252,0.02,0.0
713.091,2026-06-26T03:24:22.070057,60381.844,102737.641,0.75,5823.808,144066.252,0.02,0.0
713.142,2026-06-26T03:24:22.120662,60371.91,102737.641,0.85,5823.809,144066.252,0.02,0.0
713.192,2026-06-26T03:24:22.171240,60407.836,102737.641,0.78,5823.81,144066.252,0.02,0.0
713.243,2026-06-26T03:24:22.221843,60395.914,102737.641,0.82,5823.811,144066.252,0.02,0.0
713.294,2026-06-26T03:24:22.273102,60395.914,102737.641,0.852,5823.812,144066.252,0.02,0.0
713.345,2026-06-26T03:24:22.323697,60397.977,102737.641,0.828,5823.813,144066.252,0.02,0.0
713.395,2026-06-26T03:24:22.374302,60397.98,102737.641,0.811,5823.814,144066.252,0.02,0.0
713.446,2026-06-26T03:24:22.424874,60494.059,102737.641,0.753,5823.816,144066.252,0.02,0.0
713.497,2026-06-26T03:24:22.475507,60446.289,102737.641,0.805,5823.817,144066.252,0.02,0.0
713.547,2026-06-26T03:24:22.526086,60446.645,102737.641,0.795,5823.818,144066.252,0.02,0.0
713.598,2026-06-26T03:24:22.576685,60447.258,102737.641,0.788,5823.819,144066.252,0.02,0.0
713.648,2026-06-26T03:24:22.627295,60449.602,102737.641,0.783,5823.82,144066.252,0.02,0.0
713.699,2026-06-26T03:24:22.677864,60462.605,102737.641,0.826,5823.821,144066.252,0.02,0.0
713.75,2026-06-26T03:24:22.728485,60474.258,102737.641,0.764,5823.822,144066.252,0.02,0.0
713.8,2026-06-26T03:24:22.779059,60474.262,102737.641,0.766,5823.823,144066.252,0.02,0.0
713.851,2026-06-26T03:24:22.829661,60474.262,102737.641,0.768,5823.824,144066.252,0.02,0.0
713.901,2026-06-26T03:24:22.880242,60474.262,102737.641,0.769,5823.825,144066.252,0.02,0.0
713.952,2026-06-26T03:24:22.930818,60347.34,102737.641,0.77,5823.826,144066.252,0.02,0.0
714.003,2026-06-26T03:24:22.981445,60337.336,102737.641,0.771,5823.827,144066.252,0.02,0.0
714.053,2026-06-26T03:24:23.032019,60334.148,102737.641,0.771,5823.828,144066.252,0.02,0.0
714.104,2026-06-26T03:24:23.082634,60334.148,102737.641,0.771,5823.829,144066.252,0.02,0.0
714.154,2026-06-26T03:24:23.133214,60334.148,102737.641,0.772,5823.83,144066.252,0.02,0.0
714.205,2026-06-26T03:24:23.183794,60334.148,102737.641,0.772,5823.831,144066.252,0.02,0.0
714.256,2026-06-26T03:24:23.234417,60334.148,102737.641,0.772,5823.832,144066.252,0.02,0.0
714.306,2026-06-26T03:24:23.285000,60334.148,102737.641,0.772,5823.833,144066.252,0.02,0.0
714.357,2026-06-26T03:24:23.335603,60333.777,102737.641,0.772,5823.834,144066.252,0.02,0.0
714.407,2026-06-26T03:24:23.386185,60333.777,102737.641,0.818,5823.835,144066.252,0.02,0.0
714.458,2026-06-26T03:24:23.436768,60349.781,102737.641,0.804,5823.836,144066.252,0.02,0.0
714.509,2026-06-26T03:24:23.487382,60354.863,102737.641,0.841,5823.837,144066.252,0.02,0.0
714.559,2026-06-26T03:24:23.537957,60333.777,102737.641,0.774,5823.838,144066.252,0.02,0.0
714.61,2026-06-26T03:24:23.588578,60331.355,102737.641,0.773,5823.839,144066.252,0.02,0.0
714.66,2026-06-26T03:24:23.639203,60331.355,102737.641,0.773,5823.84,144066.252,0.02,0.0
714.711,2026-06-26T03:24:23.689786,60331.355,102737.641,0.819,5823.841,144066.252,0.02,0.0
714.762,2026-06-26T03:24:23.740380,60331.355,102737.641,0.805,5823.842,144066.252,0.02,0.0
714.812,2026-06-26T03:24:23.790955,60331.355,102737.641,0.795,5823.843,144066.252,0.02,0.0
714.863,2026-06-26T03:24:23.841558,60341.359,102737.641,0.788,5823.844,144066.252,0.02,0.0
714.913,2026-06-26T03:24:23.892183,60341.359,102737.641,0.783,5823.845,144066.252,0.02,0.0
714.964,2026-06-26T03:24:23.942760,60341.359,102737.641,0.78,5823.846,144066.252,0.02,0.0
715.015,2026-06-26T03:24:23.993358,60349.363,102737.641,0.824,5823.847,144066.252,0.02,0.0
715.065,2026-06-26T03:24:24.043933,60362.391,102737.641,0.808,5823.848,144066.252,0.02,0.0
715.116,2026-06-26T03:24:24.094534,60341.359,102737.641,0.797,5823.849,144066.252,0.02,0.0
715.166,2026-06-26T03:24:24.145125,60341.359,102737.641,0.836,5823.85,144066.252,0.02,0.0
715.217,2026-06-26T03:24:24.195738,60341.359,102737.641,0.817,5823.851,144066.252,0.02,0.0
715.267,2026-06-26T03:24:24.246336,60331.355,102737.641,0.803,5823.852,144066.252,0.02,0.0
715.318,2026-06-26T03:24:24.296922,60331.355,102737.641,0.794,5823.853,144066.252,0.02,0.0
715.369,2026-06-26T03:24:24.347525,60331.355,102737.641,0.787,5823.854,144066.252,0.02,0.0
715.419,2026-06-26T03:24:24.398126,60331.355,102737.641,0.783,5823.855,144066.252,0.02,0.0
715.47,2026-06-26T03:24:24.448731,60331.398,102737.641,0.78,5823.856,144066.252,0.02,0.0
715.52,2026-06-26T03:24:24.499335,60336.082,102737.641,0.777,5823.857,144066.252,0.02,0.0
715.571,2026-06-26T03:24:24.549914,60341.438,102737.641,0.776,5823.858,144066.252,0.02,0.0
715.622,2026-06-26T03:24:24.600495,60341.438,102737.641,0.775,5823.859,144066.252,0.02,0.0
715.672,2026-06-26T03:24:24.651088,60341.438,102737.641,0.774,5823.86,144066.252,0.02,0.0
715.723,2026-06-26T03:24:24.701694,60349.441,102737.641,0.82,5823.861,144066.252,0.02,0.0
715.773,2026-06-26T03:24:24.752283,60362.531,102737.641,0.805,5823.862,144066.252,0.02,0.0
715.824,2026-06-26T03:24:24.802861,60341.438,102737.641,0.795,5823.863,144066.252,0.02,0.0
715.875,2026-06-26T03:24:24.853467,60341.438,102737.641,0.788,5823.864,144066.252,0.02,0.0
715.925,2026-06-26T03:24:24.904071,60341.438,102737.641,0.783,5823.865,144066.252,0.02,0.0
715.976,2026-06-26T03:24:24.954668,60341.508,102737.641,0.78,5823.866,144066.252,0.02,0.0
716.026,2026-06-26T03:24:25.005247,60341.508,102737.641,0.778,5823.867,144066.252,0.02,0.0
716.077,2026-06-26T03:24:25.055824,60341.602,102737.641,0.776,5823.868,144066.252,0.02,0.0
716.128,2026-06-26T03:24:25.106432,60341.617,102737.641,0.775,5823.869,144066.252,0.02,0.0
716.178,2026-06-26T03:24:25.157033,60341.617,102737.641,0.774,5823.87,144066.252,0.02,0.0
716.229,2026-06-26T03:24:25.207637,60341.617,102737.641,0.773,5823.871,144066.252,0.02,0.0
716.279,2026-06-26T03:24:25.258219,60351.621,102737.641,0.773,5823.872,144066.252,0.02,0.0
716.33,2026-06-26T03:24:25.308785,60351.621,102737.641,0.773,5823.873,144066.252,0.02,0.0
716.38,2026-06-26T03:24:25.359346,60351.621,102737.641,0.773,5823.874,144066.252,0.02,0.0
716.431,2026-06-26T03:24:25.409941,60351.621,102737.641,0.772,5823.875,144066.252,0.02,0.0
716.482,2026-06-26T03:24:25.460535,60371.844,102737.641,0.773,5823.876,144066.252,0.02,0.0
716.532,2026-06-26T03:24:25.511113,60372.715,102737.641,0.772,5823.877,144066.252,0.02,0.0
716.622,2026-06-26T03:24:25.600546,60351.621,102737.641,0.908,5824.227,144066.252,3.923,0.0
716.672,2026-06-26T03:24:25.650962,60351.621,102737.641,0.867,5824.228,144066.252,0.02,0.0
716.723,2026-06-26T03:24:25.701583,60341.617,102737.641,0.839,5824.229,144066.252,0.02,0.0
716.773,2026-06-26T03:24:25.752198,60341.617,102737.641,0.819,5824.23,144066.252,0.02,0.0
716.824,2026-06-26T03:24:25.802756,60341.617,102737.641,0.805,5824.231,144066.252,0.02,0.0
716.874,2026-06-26T03:24:25.853336,60341.617,102737.641,0.795,5824.232,144066.252,0.02,0.0
716.925,2026-06-26T03:24:25.903926,60341.617,102737.641,0.788,5824.233,144066.252,0.02,0.0
716.976,2026-06-26T03:24:25.954531,60341.617,102737.641,0.783,5824.234,144066.252,0.02,0.0
717.026,2026-06-26T03:24:26.005105,60346.914,102737.641,0.826,5824.235,144066.252,0.02,0.0
717.077,2026-06-26T03:24:26.055711,60351.621,102737.641,0.81,5824.236,144066.252,0.02,0.0
717.127,2026-06-26T03:24:26.106293,60351.621,102737.641,0.799,5824.237,144066.252,0.02,0.0
717.178,2026-06-26T03:24:26.156881,60351.621,102737.641,0.791,5824.238,144066.252,0.02,0.0
717.229,2026-06-26T03:24:26.207493,60359.625,102737.641,0.785,5824.239,144066.252,0.02,0.0
717.279,2026-06-26T03:24:26.258069,60372.715,102737.641,0.827,5824.24,144066.252,0.02,0.0
717.33,2026-06-26T03:24:26.308673,60351.621,102737.641,0.811,5824.241,144066.252,0.02,0.0
717.38,2026-06-26T03:24:26.359243,60351.621,102737.641,0.799,5824.242,144066.252,0.02,0.0
717.431,2026-06-26T03:24:26.409838,60351.621,102737.641,0.791,5824.243,144066.252,0.02,0.0
717.482,2026-06-26T03:24:26.460452,60351.621,102737.641,0.786,5824.244,144066.252,0.02,0.0
717.532,2026-06-26T03:24:26.511029,60341.617,102737.641,0.828,5824.245,144066.252,0.02,0.0
717.583,2026-06-26T03:24:26.561628,60341.617,102737.641,0.811,5824.246,144066.252,0.02,0.0
717.633,2026-06-26T03:24:26.612195,60340.074,102737.641,0.799,5824.247,144066.252,0.02,0.0
717.684,2026-06-26T03:24:26.662827,60340.074,102737.641,0.79,5824.248,144066.252,0.02,0.0
717.735,2026-06-26T03:24:26.713829,60340.074,102737.641,0.783,5824.249,144066.252,0.02,0.0
717.786,2026-06-26T03:24:26.764811,60340.074,102737.641,0.778,5824.25,144066.252,0.02,0.0
717.837,2026-06-26T03:24:26.815816,60350.078,102737.641,0.774,5824.251,144066.252,0.02,0.0
717.888,2026-06-26T03:24:26.866789,60350.078,102737.641,0.772,5824.252,144066.252,0.02,0.0
717.939,2026-06-26T03:24:26.917812,60350.078,102737.641,0.77,5824.253,144066.252,0.02,0.0
717.99,2026-06-26T03:24:26.968789,60358.082,102737.641,0.769,5824.254,144066.252,0.02,0.0
718.041,2026-06-26T03:24:27.019800,60371.172,102737.641,0.768,5824.255,144066.252,0.02,0.0
718.092,2026-06-26T03:24:27.070784,60350.078,102737.641,0.767,5824.256,144066.252,0.02,0.0
718.143,2026-06-26T03:24:27.121733,60350.078,102737.641,0.768,5824.257,144066.252,0.02,0.0
718.193,2026-06-26T03:24:27.172337,60350.078,102737.641,0.769,5824.258,144066.252,0.02,0.0
718.244,2026-06-26T03:24:27.222918,60350.078,102737.641,0.77,5824.259,144066.252,0.02,0.0
718.295,2026-06-26T03:24:27.273527,60340.074,102737.641,0.771,5824.26,144066.252,0.02,0.0
718.345,2026-06-26T03:24:27.324106,60340.074,102737.641,0.771,5824.261,144066.252,0.02,0.0
718.396,2026-06-26T03:24:27.374705,60360.402,102737.641,0.771,5824.262,144066.252,0.02,0.0
718.446,2026-06-26T03:24:27.425316,60358.301,102737.641,0.771,5824.263,144066.252,0.02,0.0
718.497,2026-06-26T03:24:27.475892,60376.309,102737.641,0.818,5824.264,144066.252,0.02,0.0
718.548,2026-06-26T03:24:27.526503,60387.781,102737.641,0.804,5824.265,144066.252,0.02,0.0
718.598,2026-06-26T03:24:27.577086,60387.781,102737.641,0.794,5824.266,144066.252,0.02,0.0
718.649,2026-06-26T03:24:27.627690,60411.781,102737.641,0.788,5824.267,144066.252,0.02,0.0
718.699,2026-06-26T03:24:27.678291,60411.781,102737.641,0.829,5824.268,144066.252,0.02,0.0
718.75,2026-06-26T03:24:27.728874,60411.863,102737.641,0.859,5824.269,144066.252,0.02,0.0
718.801,2026-06-26T03:24:27.779456,60411.879,102737.641,0.833,5824.27,144066.252,0.02,0.0
718.851,2026-06-26T03:24:27.830039,60453.566,102737.641,0.814,5824.271,144066.252,0.02,0.0
718.902,2026-06-26T03:24:27.880645,60459.957,102737.641,0.848,5824.272,144066.252,0.02,0.0
718.952,2026-06-26T03:24:27.931232,60459.98,102737.641,0.825,5824.273,144066.252,0.02,0.0
719.003,2026-06-26T03:24:27.981811,60460.559,102737.641,0.809,5824.274,144066.252,0.02,0.0
719.054,2026-06-26T03:24:28.032419,60461.934,102737.641,0.798,5824.275,144066.252,0.02,0.0
719.104,2026-06-26T03:24:28.083005,60467.195,102737.641,0.744,5824.276,144066.252,0.02,0.0
719.155,2026-06-26T03:24:28.133603,60478.172,102737.641,0.753,5824.277,144066.252,0.02,0.0
719.205,2026-06-26T03:24:28.184184,60479.922,102737.641,0.805,5824.278,144066.252,0.02,0.0
719.256,2026-06-26T03:24:28.234759,60479.922,102737.641,0.795,5824.279,144066.252,0.02,0.0
719.307,2026-06-26T03:24:28.285359,60479.922,102737.641,0.788,5824.28,144066.252,0.02,0.0
719.357,2026-06-26T03:24:28.335951,60355.242,102737.641,0.783,5824.281,144066.252,0.02,0.0
719.408,2026-06-26T03:24:28.386571,60359.219,102737.641,0.78,5824.282,144066.252,0.02,0.0
719.458,2026-06-26T03:24:28.437180,60349.215,102737.641,0.777,5824.283,144066.252,0.02,0.0
719.509,2026-06-26T03:24:28.487750,60347.227,102737.641,0.776,5824.284,144066.252,0.02,0.0
719.559,2026-06-26T03:24:28.538334,60347.227,102737.641,0.775,5824.285,144066.252,0.02,0.0
719.61,2026-06-26T03:24:28.588925,60347.227,102737.641,0.774,5824.286,144066.252,0.02,0.0
719.661,2026-06-26T03:24:28.639541,60347.227,102737.641,0.773,5824.287,144066.252,0.02,0.0
719.711,2026-06-26T03:24:28.690118,60347.227,102737.641,0.773,5824.288,144066.252,0.02,0.0
719.762,2026-06-26T03:24:28.740720,60347.227,102737.641,0.773,5824.289,144066.252,0.02,0.0
719.812,2026-06-26T03:24:28.791303,60346.266,102737.641,0.773,5824.29,144066.252,0.02,0.0
719.863,2026-06-26T03:24:28.841920,60346.266,102737.641,0.771,5824.291,144066.252,0.02,0.0
719.914,2026-06-26T03:24:28.892919,60346.266,102737.641,0.77,5824.292,144066.252,0.02,0.0
719.965,2026-06-26T03:24:28.943899,60346.266,102737.641,0.814,5824.293,144066.252,0.02,0.0
720.016,2026-06-26T03:24:28.994899,60346.266,102737.641,0.8,5824.294,144066.252,0.02,0.0
720.067,2026-06-26T03:24:29.045882,60346.266,102737.641,0.79,5824.295,144066.252,0.02,0.0
720.118,2026-06-26T03:24:29.096910,60346.266,102737.641,0.829,5824.296,144066.252,0.02,0.0
720.169,2026-06-26T03:24:29.147850,60346.266,102737.641,0.811,5824.297,144066.252,0.02,0.0
720.22,2026-06-26T03:24:29.198454,60346.266,102737.641,0.799,5824.298,144066.252,0.02,0.0
720.27,2026-06-26T03:24:29.249031,60346.266,102737.641,0.791,5824.299,144066.252,0.02,0.0
720.321,2026-06-26T03:24:29.299639,60339.953,102737.641,0.832,5824.3,144066.252,0.02,0.0
720.371,2026-06-26T03:24:29.350241,60339.953,102737.641,0.814,5824.301,144066.252,0.02,0.0
720.422,2026-06-26T03:24:29.400817,60335.949,102737.641,0.801,5824.302,144066.252,0.02,0.0
720.473,2026-06-26T03:24:29.451432,60335.949,102737.641,0.792,5824.303,144066.252,0.02,0.0
720.523,2026-06-26T03:24:29.502020,60335.949,102737.641,0.786,5824.304,144066.252,0.02,0.0
720.574,2026-06-26T03:24:29.552632,60335.949,102737.641,0.782,5824.305,144066.252,0.02,0.0
720.624,2026-06-26T03:24:29.603232,60335.949,102737.641,0.779,5824.306,144066.252,0.02,0.0
720.675,2026-06-26T03:24:29.653805,60335.949,102737.641,0.777,5824.307,144066.252,0.02,0.0
720.726,2026-06-26T03:24:29.704421,60335.949,102737.641,0.775,5824.308,144066.252,0.02,0.0
720.776,2026-06-26T03:24:29.754984,60335.949,102737.641,0.775,5824.309,144066.252,0.02,0.0
720.827,2026-06-26T03:24:29.805579,60335.949,102737.641,0.774,5824.311,144066.252,0.02,0.0
720.877,2026-06-26T03:24:29.856193,60335.949,102737.641,0.773,5824.312,144066.252,0.02,0.0
720.928,2026-06-26T03:24:29.906762,60335.949,102737.641,0.773,5824.313,144066.252,0.02,0.0
720.979,2026-06-26T03:24:29.957359,60335.949,102737.641,0.773,5824.314,144066.252,0.02,0.0
721.029,2026-06-26T03:24:30.007936,60311.082,102737.641,0.772,5824.315,144066.252,0.02,0.0
721.08,2026-06-26T03:24:30.058551,60273.043,102737.641,0.772,5824.316,144066.252,0.02,0.0
721.13,2026-06-26T03:24:30.109124,60254.09,102737.641,0.772,5824.317,144066.252,0.02,0.0
721.181,2026-06-26T03:24:30.159727,60220.715,102737.641,0.772,5824.318,144066.253,0.031,0.011
721.231,2026-06-26T03:24:30.210314,59747.137,86426.699,0.772,5822.642,144066.173,-33.115,-1.586
721.242,2026-06-26T03:24:30.220395,59747.137,86426.699,0.77,5824.32,144066.253,163.883,7.843
721.242,2026-06-26T03:24:30.221218,59747.137,86426.699,0.539,5824.32,144066.253,1.115,0.0
721.243,2026-06-26T03:24:30.221543,59747.137,86426.699,0.378,5824.321,144066.253,1.837,0.0
