time_s,timestamp,rss_mb,vms_mb,cpu_percent,disk_read_mb,disk_write_mb,disk_read_rate_mb_s,disk_write_rate_mb_s
0.0,2026-06-26T00:36:30.211198,609.504,6522.273,0.236,155.8,0.012,0.0,0.0
-0.0,2026-06-26T00:36:30.211024,609.504,6522.273,0.401,155.8,0.012,1.045,0.0
0.002,2026-06-26T00:36:30.212935,609.648,6522.273,0.281,155.907,0.012,108.307,0.0
0.002,2026-06-26T00:36:30.213100,609.648,6522.273,0.196,155.907,0.012,3.543,0.0
0.012,2026-06-26T00:36:30.223128,609.707,6522.273,0.603,155.909,0.012,0.212,0.0
0.012,2026-06-26T00:36:30.223312,609.707,6522.273,0.422,155.91,0.012,4.056,0.0
0.012,2026-06-26T00:36:30.223552,609.707,6522.273,0.296,155.91,0.012,1.94,0.192
0.012,2026-06-26T00:36:30.223674,609.707,6522.273,0.207,155.911,0.012,3.984,0.0
0.057,2026-06-26T00:36:30.268130,667.121,6578.332,0.396,162.695,0.012,44.51,0.0
0.439,2026-06-26T00:36:30.650467,739.484,6647.883,0.477,163.286,0.013,2.153,0.003
0.542,2026-06-26T00:36:30.752797,739.52,6647.883,0.448,163.611,0.013,3.174,0.0
0.63,2026-06-26T00:36:30.840865,739.539,6647.883,0.42,163.935,0.013,3.684,0.0
0.68,2026-06-26T00:36:30.891210,739.539,6647.883,0.294,163.936,0.013,0.01,0.0
0.69,2026-06-26T00:36:30.900928,739.566,6647.883,0.446,163.942,0.013,0.608,0.0
0.729,2026-06-26T00:36:30.940240,698.094,6605.883,0.491,163.942,0.013,0.012,0.0
1.058,2026-06-26T00:36:31.269635,739.586,6648.715,0.586,171.267,0.014,22.251,0.001
1.162,2026-06-26T00:36:31.372987,739.586,6648.715,0.524,171.592,0.014,3.141,0.0
1.25,2026-06-26T00:36:31.461110,739.586,6648.715,0.473,171.916,0.014,3.682,0.0
1.277,2026-06-26T00:36:31.488094,739.586,6648.715,0.418,171.931,0.014,0.542,0.0
1.303,2026-06-26T00:36:31.514420,708.973,6617.715,0.558,171.932,0.014,0.02,0.0
1.303,2026-06-26T00:36:31.514517,708.973,6617.715,0.654,171.932,0.014,0.821,0.0
1.531,2026-06-26T00:36:31.742312,10122.656,485513.016,10.953,172.724,0.014,3.489,0.0
1.759,2026-06-26T00:36:31.970372,26886.73,492993.273,30.305,173.049,0.014,1.402,0.0
1.853,2026-06-26T00:36:32.064236,27654.535,493619.305,26.404,173.373,0.014,3.593,0.0
1.903,2026-06-26T00:36:32.114602,27199.941,493619.305,18.715,173.374,0.014,0.01,0.0
1.997,2026-06-26T00:36:32.207915,27180.543,495155.305,18.451,173.698,0.014,3.483,0.001
2.047,2026-06-26T00:36:32.258405,28085.781,495155.305,28.081,173.699,0.014,0.01,0.0
2.138,2026-06-26T00:36:32.349212,29611.312,495155.305,33.635,174.024,0.014,3.584,0.0
2.188,2026-06-26T00:36:32.399583,29608.891,495155.305,25.404,174.024,0.014,0.01,0.0
2.278,2026-06-26T00:36:32.488896,28878.891,495155.305,18.125,174.349,0.014,3.641,0.0
2.328,2026-06-26T00:36:32.539178,28368.891,495155.305,12.92,174.349,0.014,0.01,0.0
2.417,2026-06-26T00:36:32.628357,27664.891,495155.305,9.386,174.674,0.014,3.647,0.0
2.468,2026-06-26T00:36:32.678715,27220.629,495155.305,6.802,174.674,0.014,0.01,0.0
2.614,2026-06-26T00:36:32.825357,27911.41,493619.305,12.566,174.999,0.014,2.216,0.0
2.703,2026-06-26T00:36:32.914174,27922.891,493619.305,11.593,175.323,0.014,3.655,0.0
2.753,2026-06-26T00:36:32.964553,27427.238,493619.305,8.347,175.324,0.014,0.01,0.0
2.844,2026-06-26T00:36:33.055070,26780.805,495155.305,7.554,175.649,0.014,3.594,0.001
2.894,2026-06-26T00:36:33.105489,27658.465,495155.305,20.095,175.649,0.014,0.01,0.0
3.008,2026-06-26T00:36:33.219289,29582.746,495155.305,28.37,175.974,0.014,2.865,0.0
3.097,2026-06-26T00:36:33.308054,29130.891,495155.305,21.39,176.298,0.014,3.657,0.0
3.147,2026-06-26T00:36:33.358429,28540.891,495155.305,15.205,176.299,0.014,0.01,0.0
3.236,2026-06-26T00:36:33.447669,27599.457,495155.305,10.986,176.624,0.014,3.646,0.0
3.287,2026-06-26T00:36:33.498032,27031.215,495155.305,7.922,176.624,0.014,0.01,0.0
3.967,2026-06-26T00:36:34.177948,14068.562,40945.07,6.507,176.948,0.015,0.477,0.002
4.015,2026-06-26T00:36:34.225892,13812.805,40689.062,10.852,176.949,0.015,0.01,0.002
4.015,2026-06-26T00:36:34.226467,13812.805,40689.062,7.596,176.949,0.015,1.679,0.0
4.015,2026-06-26T00:36:34.226675,13812.805,40689.062,5.317,176.95,0.015,2.434,0.0
4.016,2026-06-26T00:36:34.226814,13812.805,40689.062,33.722,176.95,0.015,3.696,0.0
4.016,2026-06-26T00:36:34.226944,13812.805,40689.062,23.606,176.951,0.015,4.072,0.0
4.016,2026-06-26T00:36:34.227083,13812.805,40689.062,46.524,176.951,0.015,3.203,0.0
4.016,2026-06-26T00:36:34.227203,13812.805,40689.062,32.567,176.952,0.015,4.626,0.0
4.016,2026-06-26T00:36:34.227308,13812.805,40689.062,22.797,176.952,0.015,4.722,0.0
4.016,2026-06-26T00:36:34.227488,13812.805,40689.062,15.958,176.953,0.015,2.595,0.0
4.016,2026-06-26T00:36:34.227606,13812.805,40689.062,11.17,176.953,0.015,4.322,0.0
4.019,2026-06-26T00:36:34.230207,13813.059,40689.062,22.005,176.954,0.015,0.305,0.0
4.019,2026-06-26T00:36:34.230402,13813.059,40689.062,15.404,176.955,0.015,3.709,0.0
4.019,2026-06-26T00:36:34.230530,13813.059,40689.062,10.783,176.955,0.015,3.045,0.0
4.02,2026-06-26T00:36:34.230718,13813.059,40689.062,7.548,176.956,0.015,2.622,0.0
4.02,2026-06-26T00:36:34.230898,13813.059,40689.062,5.283,176.956,0.015,2.29,0.0
4.02,2026-06-26T00:36:34.231104,13813.059,40689.062,33.698,176.957,0.015,2.092,0.0
4.028,2026-06-26T00:36:34.239590,13813.059,40689.062,33.25,176.958,0.016,0.136,0.019
4.077,2026-06-26T00:36:34.288651,13814.16,40689.062,30.008,177.281,0.016,6.587,0.0
4.177,2026-06-26T00:36:34.388697,13842.273,40728.312,34.403,177.605,0.017,3.239,0.017
4.228,2026-06-26T00:36:34.439054,13845.543,40728.312,39.097,177.605,0.017,0.01,0.0
4.323,2026-06-26T00:36:34.534266,13851.672,40728.312,42.296,177.931,0.017,3.418,0.0
4.373,2026-06-26T00:36:34.584608,13854.891,40728.312,44.298,177.931,0.017,0.01,0.0
4.463,2026-06-26T00:36:34.673878,13898.641,40769.676,40.417,178.256,0.017,3.647,0.0
4.513,2026-06-26T00:36:34.724236,13898.641,40769.676,28.524,178.257,0.017,0.01,0.0
4.602,2026-06-26T00:36:34.813424,13898.641,40769.676,20.335,178.582,0.017,3.652,0.0
4.653,2026-06-26T00:36:34.863777,13898.641,40769.676,14.467,178.582,0.017,0.01,0.0
4.742,2026-06-26T00:36:34.952820,13898.641,40769.676,10.443,178.907,0.017,3.657,0.0
4.792,2026-06-26T00:36:35.003172,13898.641,40769.676,7.542,178.908,0.017,0.01,0.0
4.889,2026-06-26T00:36:35.100282,13929.043,40811.406,20.157,179.233,0.017,3.353,0.0
4.939,2026-06-26T00:36:35.150633,13932.289,40811.406,28.845,179.233,0.017,0.01,0.0
5.034,2026-06-26T00:36:35.245612,13938.273,40811.406,35.207,179.559,0.017,3.429,0.0
5.085,2026-06-26T00:36:35.295951,14008.922,40879.707,38.55,179.559,0.017,0.01,0.0
5.174,2026-06-26T00:36:35.385634,14008.922,40879.707,27.299,179.884,0.017,3.629,0.0
5.225,2026-06-26T00:36:35.436082,14008.922,40879.707,19.388,179.885,0.017,0.01,0.0
5.314,2026-06-26T00:36:35.525044,14008.922,40879.707,13.888,180.209,0.017,3.652,0.0
5.364,2026-06-26T00:36:35.575387,14008.922,40879.707,9.954,180.21,0.017,0.01,0.0
5.456,2026-06-26T00:36:35.667073,14004.34,40879.707,8.221,180.534,0.017,3.542,0.0
5.506,2026-06-26T00:36:35.717478,13994.062,40864.848,18.552,180.535,0.017,0.01,0.0
5.601,2026-06-26T00:36:35.812487,14018.27,40890.141,27.984,180.859,0.017,3.422,0.0
5.652,2026-06-26T00:36:35.862867,14087.656,40958.441,27.904,180.86,0.017,0.01,0.0
5.741,2026-06-26T00:36:35.951953,14087.656,40958.441,19.849,181.184,0.017,3.649,0.0
5.791,2026-06-26T00:36:36.002316,14087.656,40958.441,14.126,181.184,0.017,0.01,0.0
5.88,2026-06-26T00:36:36.091215,14087.656,40958.441,10.231,181.509,0.017,3.656,0.0
5.93,2026-06-26T00:36:36.141574,14087.656,40958.441,7.394,181.509,0.017,0.01,0.0
6.031,2026-06-26T00:36:36.242226,14065.789,40936.574,10.606,181.834,0.017,3.228,0.0
6.126,2026-06-26T00:36:36.336993,14102.266,40976.656,22.511,182.158,0.017,3.424,0.0
6.176,2026-06-26T00:36:36.387353,14105.762,40976.656,30.442,182.159,0.017,0.01,0.0
6.265,2026-06-26T00:36:36.476282,14174.176,41044.961,23.921,182.483,0.017,3.655,0.0
6.315,2026-06-26T00:36:36.526629,14174.176,41044.961,16.977,182.484,0.017,0.01,0.0
6.404,2026-06-26T00:36:36.615554,14174.176,41044.961,12.227,182.808,0.017,3.656,0.0
6.455,2026-06-26T00:36:36.665892,14174.176,41044.961,8.791,182.809,0.017,0.01,0.0
6.544,2026-06-26T00:36:36.754837,14174.176,41044.961,6.497,183.133,0.017,3.654,0.0
6.594,2026-06-26T00:36:36.805176,14162.168,41032.953,16.066,183.134,0.017,0.01,0.0
6.689,2026-06-26T00:36:36.899929,14191.734,41064.82,25.634,183.458,0.017,3.431,0.0
6.739,2026-06-26T00:36:36.950273,14262.336,41133.121,32.082,183.459,0.017,0.01,0.0
6.828,2026-06-26T00:36:37.039184,14262.336,41133.121,22.8,183.783,0.017,3.654,0.0
6.878,2026-06-26T00:36:37.089536,14262.336,41133.121,16.192,183.784,0.017,0.01,0.0
6.968,2026-06-26T00:36:37.178976,14262.336,41133.121,11.649,184.108,0.017,3.634,0.0
7.018,2026-06-26T00:36:37.229333,14262.336,41133.121,8.433,184.109,0.017,0.01,0.0
7.11,2026-06-26T00:36:37.321388,14262.336,41133.121,7.534,184.433,0.017,3.53,0.0
7.161,2026-06-26T00:36:37.371753,14261.84,41132.621,19.107,184.434,0.017,0.01,0.0
7.256,2026-06-26T00:36:37.467353,14278.074,41149.695,28.474,184.758,0.017,3.402,0.0
7.307,2026-06-26T00:36:37.517720,14364.289,41235.07,28.898,184.759,0.017,0.01,0.0
7.396,2026-06-26T00:36:37.606971,14364.289,41235.07,20.544,185.083,0.017,3.642,0.0
7.446,2026-06-26T00:36:37.657318,14364.289,41235.07,14.614,185.084,0.017,0.01,0.0
7.536,2026-06-26T00:36:37.746867,14364.289,41235.07,10.57,185.408,0.017,3.63,0.0
7.586,2026-06-26T00:36:37.797223,14364.289,41235.07,7.678,185.409,0.017,0.01,0.0
7.692,2026-06-26T00:36:37.902824,14364.289,41235.07,11.082,185.733,0.017,3.076,0.0
7.787,2026-06-26T00:36:37.997823,14369.559,41252.145,22.76,186.058,0.017,3.417,0.0
7.837,2026-06-26T00:36:38.048179,14372.25,41252.145,29.739,186.058,0.017,0.01,0.0
7.932,2026-06-26T00:36:38.143593,14378.387,41252.145,35.737,186.383,0.017,3.405,0.0
7.983,2026-06-26T00:36:38.193940,14449.668,41320.449,40.032,186.383,0.017,0.01,0.0
8.072,2026-06-26T00:36:38.283262,14449.668,41320.449,29.099,186.708,0.017,3.64,0.0
8.122,2026-06-26T00:36:38.333622,14449.668,41320.449,20.602,186.708,0.017,0.01,0.0
8.212,2026-06-26T00:36:38.423093,14449.668,41320.449,14.736,187.033,0.017,3.634,0.0
8.262,2026-06-26T00:36:38.473436,14449.668,41320.449,10.548,187.033,0.017,0.01,0.0
8.353,2026-06-26T00:36:38.564537,14449.668,41320.449,8.027,187.358,0.017,3.567,0.0
8.404,2026-06-26T00:36:38.614928,14422.09,41292.871,19.996,187.358,0.017,0.01,0.0
8.499,2026-06-26T00:36:38.710552,14453.059,41326.383,28.924,187.683,0.017,3.403,0.0
8.55,2026-06-26T00:36:38.760891,14523.902,41394.684,34.71,187.683,0.017,0.01,0.0
8.639,2026-06-26T00:36:38.850320,14523.902,41394.684,24.638,188.008,0.017,3.633,0.0
8.689,2026-06-26T00:36:38.900661,14523.902,41394.684,17.479,188.008,0.017,0.01,0.0
8.779,2026-06-26T00:36:38.990098,14523.902,41394.684,12.603,188.333,0.017,3.635,0.0
8.829,2026-06-26T00:36:39.040439,14523.902,41394.684,9.054,188.333,0.017,0.01,0.0
8.923,2026-06-26T00:36:39.134046,14495.895,41366.676,8.492,188.658,0.017,3.469,0.0
8.973,2026-06-26T00:36:39.184466,14534.91,41411.258,20.754,188.658,0.017,0.01,0.0
9.069,2026-06-26T00:36:39.280692,14607.543,41479.559,29.496,188.983,0.017,3.378,0.0
9.12,2026-06-26T00:36:39.331160,14608.777,41479.559,22.827,188.983,0.017,0.01,0.0
9.211,2026-06-26T00:36:39.421988,14608.777,41479.559,16.289,189.308,0.017,3.586,0.0
9.261,2026-06-26T00:36:39.472319,14608.777,41479.559,11.681,189.309,0.017,0.01,0.0
9.35,2026-06-26T00:36:39.561307,14608.777,41479.559,8.52,189.634,0.017,3.662,0.0
9.4,2026-06-26T00:36:39.611649,14608.777,41479.559,6.196,189.635,0.017,0.01,0.0
9.507,2026-06-26T00:36:39.717898,14598.414,41469.195,13.873,189.96,0.017,3.067,0.0
9.601,2026-06-26T00:36:39.812435,14628.727,41502.707,24.537,190.286,0.017,3.442,0.0
9.652,2026-06-26T00:36:39.862777,14666.078,41571.008,31.914,190.286,0.017,0.01,0.0
9.741,2026-06-26T00:36:39.952098,14700.227,41571.008,24.021,190.612,0.017,3.649,0.0
9.791,2026-06-26T00:36:40.002460,14700.227,41571.008,17.047,190.612,0.017,0.01,0.0
9.88,2026-06-26T00:36:40.091424,14700.227,41571.008,12.249,190.938,0.017,3.665,0.0
9.931,2026-06-26T00:36:40.141780,14700.227,41571.008,8.807,190.938,0.017,0.01,0.0
10.02,2026-06-26T00:36:40.230797,14700.227,41571.008,6.507,191.264,0.017,3.663,0.0
10.07,2026-06-26T00:36:40.281120,14684.934,41555.715,16.122,191.264,0.017,0.01,0.0
10.165,2026-06-26T00:36:40.376194,14715.414,41589.227,26.317,191.59,0.017,3.431,0.0
10.215,2026-06-26T00:36:40.426555,14718.445,41589.227,33.147,191.59,0.017,0.01,0.0
10.304,2026-06-26T00:36:40.515587,14786.746,41657.527,25.391,191.915,0.017,3.653,0.0
10.355,2026-06-26T00:36:40.565939,14786.746,41657.527,18.006,191.915,0.017,0.01,0.0
10.444,2026-06-26T00:36:40.654888,14786.746,41657.527,12.921,192.24,0.017,3.656,0.0
10.494,2026-06-26T00:36:40.705237,14786.746,41657.527,9.277,192.24,0.017,0.01,0.0
10.583,2026-06-26T00:36:40.794145,14786.746,41657.527,6.837,192.565,0.017,3.657,0.0
10.633,2026-06-26T00:36:40.844461,14773.355,41645.52,17.993,192.565,0.017,0.01,0.0
10.729,2026-06-26T00:36:40.939920,14802.379,41674.102,27.534,192.89,0.017,3.405,0.0
10.779,2026-06-26T00:36:40.990306,14888.695,41759.477,28.377,192.89,0.017,0.01,0.0
10.868,2026-06-26T00:36:41.079167,14888.695,41759.477,20.207,193.215,0.017,3.659,0.0
10.918,2026-06-26T00:36:41.129523,14888.695,41759.477,14.377,193.215,0.017,0.01,0.0
11.007,2026-06-26T00:36:41.218314,14888.695,41759.477,10.381,193.54,0.017,3.662,0.0
11.057,2026-06-26T00:36:41.268658,14888.695,41759.477,7.499,193.54,0.017,0.01,0.0
11.164,2026-06-26T00:36:41.374698,14888.695,41759.477,11.396,193.865,0.017,3.062,0.0
11.258,2026-06-26T00:36:41.469662,14894.496,41776.551,22.988,194.189,0.017,3.421,0.0
11.309,2026-06-26T00:36:41.520027,14897.852,41776.551,31.143,194.19,0.017,0.01,0.0
11.404,2026-06-26T00:36:41.615203,14904.047,41776.551,36.811,194.515,0.017,3.416,0.0
11.454,2026-06-26T00:36:41.665543,14974.074,41844.855,38.14,194.515,0.017,0.01,0.0
11.543,2026-06-26T00:36:41.754450,14974.074,41844.855,27.041,194.84,0.017,3.655,0.0
11.594,2026-06-26T00:36:41.804810,14974.074,41844.855,19.161,194.84,0.017,0.01,0.0
11.682,2026-06-26T00:36:41.893540,14974.074,41844.855,13.756,195.165,0.017,3.664,0.0
11.733,2026-06-26T00:36:41.943901,14974.074,41844.855,9.862,195.165,0.017,0.01,0.0
11.831,2026-06-26T00:36:42.042550,14974.074,41844.855,10.517,195.49,0.017,3.295,0.0
11.882,2026-06-26T00:36:42.092961,14974.602,41848.141,22.496,195.49,0.017,0.01,0.0
11.971,2026-06-26T00:36:42.182398,15062.738,41933.52,25.193,195.815,0.017,3.637,0.0
12.022,2026-06-26T00:36:42.232747,15062.738,41933.52,17.867,195.815,0.017,0.01,0.0
12.11,2026-06-26T00:36:42.321650,15062.738,41933.52,12.824,196.14,0.017,3.658,0.0
12.161,2026-06-26T00:36:42.372000,15062.738,41933.52,9.209,196.14,0.017,0.01,0.0
12.25,2026-06-26T00:36:42.460926,15062.738,41933.52,6.789,196.465,0.017,3.658,0.0
12.3,2026-06-26T00:36:42.511319,15062.738,41933.52,5.031,196.466,0.017,0.01,0.0
12.396,2026-06-26T00:36:42.607088,15065.785,41950.594,18.513,196.79,0.017,3.395,0.0
12.446,2026-06-26T00:36:42.657452,15069.145,41950.594,27.739,196.791,0.017,0.01,0.0
12.541,2026-06-26T00:36:42.752252,15075.539,41950.594,34.485,197.115,0.017,3.429,0.0
12.591,2026-06-26T00:36:42.802601,15078.895,41950.594,38.876,197.116,0.017,0.01,0.0
12.68,2026-06-26T00:36:42.891518,15148.113,42018.895,31.619,197.44,0.017,3.657,0.0
12.731,2026-06-26T00:36:42.941874,15148.113,42018.895,22.366,197.441,0.017,0.01,0.0
12.82,2026-06-26T00:36:43.030864,15148.113,42018.895,15.999,197.766,0.017,3.655,0.0
12.87,2026-06-26T00:36:43.081219,15148.113,42018.895,11.431,197.766,0.017,0.01,0.0
12.959,2026-06-26T00:36:43.170043,15148.113,42018.895,8.345,198.091,0.017,3.66,0.0
13.009,2026-06-26T00:36:43.220376,15114.09,41984.746,12.305,198.091,0.017,0.01,0.0
13.105,2026-06-26T00:36:43.316002,15152.555,42026.473,22.691,198.416,0.017,3.399,0.0
13.155,2026-06-26T00:36:43.366378,15223.992,42094.773,30.607,198.416,0.017,0.01,0.0
13.244,2026-06-26T00:36:43.455390,15223.992,42094.773,22.4,198.741,0.017,3.654,0.0
13.295,2026-06-26T00:36:43.505736,15223.992,42094.773,15.912,198.741,0.017,0.01,0.0
13.383,2026-06-26T00:36:43.594664,15223.992,42094.773,11.482,199.066,0.017,3.656,0.0
13.434,2026-06-26T00:36:43.645001,15223.992,42094.773,8.27,199.066,0.017,0.01,0.0
13.524,2026-06-26T00:36:43.735637,15223.992,42094.773,6.461,199.391,0.017,3.585,0.0
13.575,2026-06-26T00:36:43.786039,15234.996,42105.777,19.568,199.392,0.017,0.01,0.0
13.671,2026-06-26T00:36:43.881767,15240.289,42111.348,28.646,199.716,0.017,3.409,0.0
13.721,2026-06-26T00:36:43.932128,15308.867,42179.648,26.364,199.717,0.017,0.01,0.0
13.81,2026-06-26T00:36:44.021115,15308.867,42179.648,18.798,200.041,0.017,3.657,0.0
13.86,2026-06-26T00:36:44.071464,15308.867,42179.648,13.391,200.042,0.017,0.01,0.0
13.949,2026-06-26T00:36:44.160305,15308.867,42179.648,9.717,200.366,0.017,3.659,0.0
13.999,2026-06-26T00:36:44.210673,15308.867,42179.648,7.034,200.367,0.017,0.01,0.0
14.104,2026-06-26T00:36:44.315626,15308.867,42179.648,10.958,200.691,0.017,3.097,0.0
14.201,2026-06-26T00:36:44.412019,15332.766,42205.949,22.793,201.017,0.017,3.374,0.0
14.251,2026-06-26T00:36:44.462375,15403.469,42274.25,29.954,201.017,0.017,0.01,0.0
14.34,2026-06-26T00:36:44.551440,15403.469,42274.25,21.284,201.343,0.017,3.66,0.0
14.391,2026-06-26T00:36:44.601774,15403.469,42274.25,15.131,201.343,0.017,0.01,0.0
14.479,2026-06-26T00:36:44.690602,15403.469,42274.25,10.935,201.669,0.017,3.671,0.0
14.53,2026-06-26T00:36:44.740961,15403.469,42274.25,7.887,201.669,0.017,0.01,0.0
14.623,2026-06-26T00:36:44.834403,15375.461,42246.242,7.78,201.995,0.017,3.488,0.0
14.674,2026-06-26T00:36:44.884809,15414.477,42290.824,20.302,201.995,0.017,0.01,0.0
14.769,2026-06-26T00:36:44.980688,15503.887,42393.277,29.236,202.321,0.017,3.402,0.0
14.82,2026-06-26T00:36:45.031038,15505.418,42376.199,23.763,202.321,0.017,0.01,0.0
14.909,2026-06-26T00:36:45.119946,15505.418,42376.199,16.951,202.647,0.017,3.669,0.0
14.959,2026-06-26T00:36:45.170310,15505.418,42376.199,12.098,202.647,0.017,0.01,0.0
15.048,2026-06-26T00:36:45.259443,15505.418,42376.199,8.811,202.973,0.017,3.659,0.0
15.099,2026-06-26T00:36:45.309799,15505.418,42376.199,6.4,202.973,0.017,0.01,0.0
15.209,2026-06-26T00:36:45.419866,15506.375,42393.273,13.323,203.299,0.017,2.961,0.0
15.303,2026-06-26T00:36:45.514574,15512.785,42393.273,24.323,203.623,0.017,3.428,0.0
15.354,2026-06-26T00:36:45.564928,15516.258,42393.273,32.087,203.624,0.017,0.01,0.0
15.45,2026-06-26T00:36:45.660868,15590.793,42495.727,37.3,203.949,0.017,3.388,0.0
15.5,2026-06-26T00:36:45.711248,15607.871,42478.652,28.989,203.949,0.017,0.01,0.0
15.589,2026-06-26T00:36:45.800214,15607.871,42478.652,20.635,204.274,0.017,3.655,0.0
15.639,2026-06-26T00:36:45.850550,15607.871,42478.652,14.631,204.274,0.017,0.01,0.0
15.728,2026-06-26T00:36:45.939424,15607.871,42478.652,10.611,204.599,0.017,3.658,0.0
15.779,2026-06-26T00:36:45.989782,15607.871,42478.652,7.66,204.599,0.017,0.01,0.0
15.89,2026-06-26T00:36:46.101010,15607.871,42478.652,13.268,204.924,0.017,2.922,0.0
15.978,2026-06-26T00:36:46.189694,15659.098,42529.879,15.183,205.249,0.017,3.663,0.0
16.029,2026-06-26T00:36:46.240050,15659.098,42529.879,10.86,205.249,0.017,0.01,0.0
16.118,2026-06-26T00:36:46.328855,15659.098,42529.879,7.946,205.574,0.017,3.663,0.0
16.168,2026-06-26T00:36:46.379210,15659.098,42529.879,5.794,205.574,0.017,0.01,0.0
16.257,2026-06-26T00:36:46.468152,15659.098,42529.879,4.399,205.899,0.017,3.657,0.0
16.307,2026-06-26T00:36:46.518493,15659.098,42529.879,9.394,205.899,0.017,0.01,0.0
16.403,2026-06-26T00:36:46.613700,15682.574,42556.812,21.587,206.224,0.017,3.417,0.0
16.453,2026-06-26T00:36:46.664097,15686.031,42556.812,30.076,206.224,0.017,0.01,0.0
16.542,2026-06-26T00:36:46.753103,15754.336,42625.117,23.851,206.549,0.017,3.66,0.0
16.592,2026-06-26T00:36:46.803472,15754.336,42625.117,16.928,206.549,0.017,0.01,0.0
16.681,2026-06-26T00:36:46.892410,15754.336,42625.117,12.166,206.874,0.017,3.657,0.0
16.732,2026-06-26T00:36:46.942767,15754.336,42625.117,8.749,206.875,0.017,0.01,0.0
16.821,2026-06-26T00:36:47.031707,15754.336,42625.117,6.467,207.199,0.017,3.656,0.0
16.871,2026-06-26T00:36:47.082047,15754.336,42625.117,14.05,207.2,0.017,0.01,0.0
16.966,2026-06-26T00:36:47.177129,15769.879,42649.77,24.861,207.524,0.017,3.42,0.0
17.016,2026-06-26T00:36:47.227504,15773.535,42649.77,32.129,207.525,0.017,0.01,0.0
17.111,2026-06-26T00:36:47.322416,15847.289,42718.07,36.68,207.849,0.017,3.426,0.0
17.162,2026-06-26T00:36:47.372765,15847.289,42718.07,25.908,207.85,0.017,0.01,0.0
17.25,2026-06-26T00:36:47.461632,15847.289,42718.07,18.453,208.174,0.017,3.66,0.0
17.301,2026-06-26T00:36:47.511975,15847.289,42718.07,13.149,208.175,0.017,0.01,0.0
17.39,2026-06-26T00:36:47.600746,15847.289,42718.07,9.548,208.5,0.017,3.663,0.0
17.44,2026-06-26T00:36:47.651109,15847.289,42718.07,6.962,208.5,0.017,0.01,0.0
17.547,2026-06-26T00:36:47.758232,15852.582,42728.504,16.108,208.825,0.017,3.035,0.0
17.642,2026-06-26T00:36:47.852817,15943.098,42813.879,25.551,209.149,0.017,3.433,0.0
17.692,2026-06-26T00:36:47.903203,15943.098,42813.879,18.118,209.15,0.017,0.01,0.0
17.781,2026-06-26T00:36:47.992173,15943.098,42813.879,12.999,209.474,0.017,3.655,0.0
17.831,2026-06-26T00:36:48.042502,15943.098,42813.879,9.332,209.475,0.017,0.01,0.0
17.92,2026-06-26T00:36:48.131340,15943.098,42813.879,6.876,209.799,0.017,3.661,0.0
17.97,2026-06-26T00:36:48.181696,15943.098,42813.879,5.045,209.8,0.017,0.01,0.0
18.079,2026-06-26T00:36:48.290428,15944.539,42830.957,13.518,210.125,0.017,2.989,0.0
18.174,2026-06-26T00:36:48.384939,15951.137,42830.957,24.366,210.449,0.017,3.435,0.0
18.224,2026-06-26T00:36:48.435302,15954.594,42830.957,32.113,210.45,0.017,0.01,0.0
18.32,2026-06-26T00:36:48.530915,16045.551,42916.332,37.323,210.774,0.017,3.401,0.0
18.37,2026-06-26T00:36:48.581269,16045.551,42916.332,26.358,210.775,0.017,0.01,0.0
18.459,2026-06-26T00:36:48.670173,16045.551,42916.332,18.82,211.1,0.017,3.658,0.0
18.509,2026-06-26T00:36:48.720517,16045.551,42916.332,13.406,211.1,0.017,0.01,0.0
18.598,2026-06-26T00:36:48.809441,16045.551,42916.332,9.701,211.425,0.017,3.66,0.0
18.649,2026-06-26T00:36:48.859775,16045.551,42916.332,7.023,211.425,0.017,0.01,0.0
18.762,2026-06-26T00:36:48.973260,16046.016,42933.406,15.703,211.75,0.017,2.863,0.0
18.857,2026-06-26T00:36:49.068174,16052.688,42933.406,25.957,212.074,0.017,3.42,0.0
18.907,2026-06-26T00:36:49.118532,16056.227,42933.406,32.902,212.075,0.017,0.01,0.0
19.002,2026-06-26T00:36:49.213327,16062.508,42933.406,37.902,212.399,0.017,3.429,0.0
19.052,2026-06-26T00:36:49.263693,16130.926,43001.707,32.109,212.4,0.017,0.01,0.0
19.141,2026-06-26T00:36:49.352469,16130.926,43001.707,22.82,212.725,0.017,3.662,0.0
19.192,2026-06-26T00:36:49.402832,16130.926,43001.707,16.206,212.725,0.017,0.01,0.0
19.282,2026-06-26T00:36:49.492719,16130.926,43001.707,11.684,213.05,0.017,3.625,0.0
19.332,2026-06-26T00:36:49.543075,16130.926,43001.707,8.411,213.051,0.017,0.01,0.0
19.444,2026-06-26T00:36:49.655679,16130.926,43001.707,14.198,213.376,0.017,2.894,0.0
19.533,2026-06-26T00:36:49.744418,16199.23,43070.012,13.717,213.702,0.017,3.67,0.0
19.584,2026-06-26T00:36:49.794760,16199.23,43070.012,9.834,213.702,0.017,0.01,0.0
19.672,2026-06-26T00:36:49.883696,16199.23,43070.012,7.2,214.028,0.017,3.667,0.0
19.723,2026-06-26T00:36:49.934055,16199.23,43070.012,5.273,214.028,0.017,0.01,0.0
19.812,2026-06-26T00:36:50.022967,16199.23,43070.012,4.034,214.354,0.017,3.668,0.0
19.862,2026-06-26T00:36:50.073479,16177.359,43048.141,13.316,214.354,0.017,0.01,0.0
26.055,2026-06-26T00:36:56.266031,17302.191,44169.711,9.748,214.679,0.018,0.052,0.0
26.16,2026-06-26T00:36:56.371426,17302.191,44169.711,7.18,215.004,0.018,3.088,0.0
26.249,2026-06-26T00:36:56.460121,17302.191,44169.711,5.369,215.328,0.018,3.662,0.0
26.299,2026-06-26T00:36:56.510480,17302.191,44169.711,3.991,215.329,0.018,0.01,0.0
26.388,2026-06-26T00:36:56.599438,17302.191,44169.711,3.136,215.654,0.018,3.657,0.0
26.439,2026-06-26T00:36:56.649784,17302.191,44169.711,2.428,215.654,0.018,0.01,0.0
26.527,2026-06-26T00:36:56.738697,17302.191,44169.711,2.016,215.979,0.018,3.659,0.0
26.578,2026-06-26T00:36:56.789059,17302.191,44169.711,1.69,215.979,0.018,0.01,0.0
26.667,2026-06-26T00:36:56.878352,17302.191,44169.711,1.498,216.304,0.018,3.645,0.0
26.815,2026-06-26T00:36:57.026320,15519.875,42421.117,1.413,216.629,1099.526,2.194,7427.159
26.844,2026-06-26T00:36:57.054821,15246.719,42113.746,1.144,216.629,1099.526,0.016,0.0
26.846,2026-06-26T00:36:57.057078,15246.719,42113.746,0.801,216.63,1099.526,1.629,0.0
26.846,2026-06-26T00:36:57.057222,15246.719,42113.746,0.561,216.63,1099.526,4.159,0.0
26.846,2026-06-26T00:36:57.057349,15246.719,42113.746,0.392,216.631,1099.526,4.046,0.0
26.916,2026-06-26T00:36:57.127294,15397.012,43213.258,0.676,216.956,1099.526,4.637,0.0
27.004,2026-06-26T00:36:57.215663,15585.906,43213.258,0.818,217.281,1099.526,3.676,0.0
27.055,2026-06-26T00:36:57.265988,15694.57,43213.258,0.805,217.281,1099.526,0.01,0.0
27.144,2026-06-26T00:36:57.354843,15889.633,43213.258,0.907,217.606,1099.526,3.661,0.0
27.194,2026-06-26T00:36:57.405198,15999.383,43213.258,0.867,217.606,1099.526,0.01,0.0
27.283,2026-06-26T00:36:57.493997,16199.688,43213.258,0.95,217.931,1099.526,3.663,0.0
27.333,2026-06-26T00:36:57.544369,16314.168,43213.258,0.897,217.932,1099.526,0.01,0.0
27.48,2026-06-26T00:36:57.691082,15246.719,42113.746,0.852,1317.441,1099.526,7483.619,0.0
27.481,2026-06-26T00:36:57.691788,15246.719,42113.746,6.406,1317.441,1099.526,1.24,0.0
27.485,2026-06-26T00:36:57.696381,15246.719,42113.746,4.993,1317.442,1099.526,0.111,0.0
27.486,2026-06-26T00:36:57.696769,15246.719,42113.746,3.495,1317.442,1099.526,1.459,0.0
30.729,2026-06-26T00:37:00.939822,16346.23,43213.258,2.687,1317.767,1099.526,0.1,0.0
30.817,2026-06-26T00:37:01.028383,16346.23,43213.258,2.199,1318.091,1099.526,3.668,0.0
30.868,2026-06-26T00:37:01.078720,16346.23,43213.258,1.772,1318.092,1099.526,0.01,0.0
30.957,2026-06-26T00:37:01.167714,16346.23,43213.258,1.583,1318.417,1099.526,3.655,0.0
31.007,2026-06-26T00:37:01.218071,16346.23,43213.258,1.34,1318.417,1099.526,0.01,0.0
31.096,2026-06-26T00:37:01.306948,16346.23,43213.258,1.281,1318.742,1099.526,3.662,0.0
31.146,2026-06-26T00:37:01.357311,16346.23,43213.258,1.176,1318.742,1099.526,0.01,0.0
31.235,2026-06-26T00:37:01.446292,16346.23,43213.258,1.139,1319.067,1099.526,3.656,0.0
31.285,2026-06-26T00:37:01.496629,16346.23,43213.258,1.03,1319.068,1099.526,0.01,0.0
31.428,2026-06-26T00:37:01.639507,15246.719,42113.746,1.016,1319.34,2199.034,1.906,7691.518
31.438,2026-06-26T00:37:01.648826,15246.719,42113.746,0.967,1319.393,2199.034,5.821,0.0
31.553,2026-06-26T00:37:01.764344,15246.719,42113.746,0.819,1319.718,2199.034,2.815,0.0
31.642,2026-06-26T00:37:01.852912,15246.719,42113.746,0.706,1320.043,2199.034,3.667,0.0
31.692,2026-06-26T00:37:01.903253,15246.719,42113.746,0.541,1320.043,2199.034,0.01,0.0
31.781,2026-06-26T00:37:01.992216,15246.719,42113.746,0.484,1320.368,2199.034,3.657,0.0
31.831,2026-06-26T00:37:02.042579,15246.719,42113.746,0.339,1320.368,2199.034,0.01,0.0
31.92,2026-06-26T00:37:02.131445,15246.719,42113.746,0.369,1320.693,2199.034,3.662,0.0
31.971,2026-06-26T00:37:02.181805,15246.719,42113.746,0.258,1320.694,2199.034,0.01,0.0
32.059,2026-06-26T00:37:02.270685,15246.719,42113.746,0.313,1321.018,2199.034,3.661,0.0
32.11,2026-06-26T00:37:02.321042,15246.719,42113.746,0.219,1321.019,2199.034,0.01,0.0
32.206,2026-06-26T00:37:02.417198,15246.719,42113.746,0.275,1321.344,2199.034,3.384,0.0
32.256,2026-06-26T00:37:02.467557,15246.719,42113.746,0.239,1321.344,2199.034,0.01,0.0
32.345,2026-06-26T00:37:02.556480,15246.719,42113.746,0.273,1321.669,2199.034,3.66,0.0
32.396,2026-06-26T00:37:02.606826,15246.719,42113.746,0.191,1321.67,2199.034,0.01,0.0
32.484,2026-06-26T00:37:02.695575,15246.719,42113.746,0.266,1321.994,2199.034,3.667,0.0
32.535,2026-06-26T00:37:02.745935,15246.719,42113.746,0.186,1321.995,2199.034,0.01,0.0
32.624,2026-06-26T00:37:02.834931,15246.719,42113.746,0.262,1322.32,2199.034,3.657,0.0
32.674,2026-06-26T00:37:02.885272,15246.719,42113.746,0.23,1322.32,2199.034,0.01,0.0
32.763,2026-06-26T00:37:02.974101,15246.719,42113.746,0.267,1322.645,2199.034,3.662,0.0
32.813,2026-06-26T00:37:03.024463,15246.719,42113.746,0.233,1322.646,2199.034,0.01,0.0
32.902,2026-06-26T00:37:03.113313,15246.719,42113.746,0.295,1322.97,2199.034,3.662,0.0
32.952,2026-06-26T00:37:03.163678,15246.719,42113.746,0.207,1322.971,2199.034,0.01,0.0
33.041,2026-06-26T00:37:03.252691,15246.719,42113.746,0.276,1323.296,2199.034,3.656,0.0
33.092,2026-06-26T00:37:03.303037,15246.719,42113.746,0.24,1323.296,2199.034,0.01,0.0
33.181,2026-06-26T00:37:03.391968,15246.719,42113.746,0.3,1323.621,2199.034,3.659,0.0
33.231,2026-06-26T00:37:03.442330,15246.719,42113.746,0.256,1323.621,2199.034,0.01,0.0
33.32,2026-06-26T00:37:03.531134,15246.719,42113.746,0.391,1323.946,2199.034,3.663,0.0
33.37,2026-06-26T00:37:03.581525,15246.719,42113.746,0.366,1323.947,2199.034,0.01,0.0
33.46,2026-06-26T00:37:03.670777,15246.719,42113.746,0.388,1324.271,2199.034,3.654,0.0
33.51,2026-06-26T00:37:03.721126,15246.719,42113.746,0.318,1324.272,2199.034,0.01,0.0
33.599,2026-06-26T00:37:03.809952,15246.719,42113.746,0.328,1324.597,2199.034,3.663,0.0
33.649,2026-06-26T00:37:03.860312,15246.719,42113.746,0.23,1324.597,2199.034,0.01,0.0
33.738,2026-06-26T00:37:03.949113,15246.719,42113.746,0.267,1324.922,2199.034,3.663,0.0
33.788,2026-06-26T00:37:03.999482,15246.719,42113.746,0.187,1324.923,2199.034,0.01,0.0
33.877,2026-06-26T00:37:04.088437,15246.719,42113.746,0.236,1325.247,2199.034,3.658,0.0
33.928,2026-06-26T00:37:04.138789,15246.719,42113.746,0.165,1325.248,2199.034,0.01,0.0
34.016,2026-06-26T00:37:04.227693,15246.719,42113.746,0.221,1325.573,2199.034,3.66,0.0
34.067,2026-06-26T00:37:04.278028,15246.719,42113.746,0.155,1325.573,2199.034,0.01,0.0
34.156,2026-06-26T00:37:04.366874,15246.719,42113.746,0.293,1325.898,2199.034,3.662,0.0
34.206,2026-06-26T00:37:04.417232,15246.719,42113.746,0.345,1325.898,2199.034,0.01,0.0
34.295,2026-06-26T00:37:04.506477,15246.719,42113.746,0.347,1326.224,2199.034,3.657,0.0
34.346,2026-06-26T00:37:04.556831,15246.719,42113.746,0.289,1326.225,2199.034,0.01,0.0
34.435,2026-06-26T00:37:04.645763,15246.719,42113.746,0.308,1326.55,2199.034,3.67,0.0
34.485,2026-06-26T00:37:04.696101,15246.719,42113.746,0.215,1326.551,2199.034,0.01,0.0
34.574,2026-06-26T00:37:04.785083,15246.719,42113.746,0.256,1326.877,2199.034,3.666,0.0
34.624,2026-06-26T00:37:04.835458,15246.719,42113.746,0.179,1326.877,2199.034,0.01,0.0
34.713,2026-06-26T00:37:04.924653,15246.719,42113.746,0.231,1327.203,2199.034,3.666,0.0
34.764,2026-06-26T00:37:04.974990,15246.719,42113.746,0.162,1327.203,2199.034,0.01,0.0
34.853,2026-06-26T00:37:05.063868,15246.719,42113.746,0.245,1327.529,2199.034,3.672,0.0
34.903,2026-06-26T00:37:05.114215,15246.719,42113.746,0.172,1327.53,2199.034,0.01,0.0
34.992,2026-06-26T00:37:05.203088,15246.719,42113.746,0.226,1327.855,2199.034,3.671,0.0
35.042,2026-06-26T00:37:05.253452,15246.719,42113.746,0.158,1327.856,2199.034,0.01,0.0
35.131,2026-06-26T00:37:05.342489,15246.719,42113.746,0.242,1328.181,2199.034,3.665,0.0
35.182,2026-06-26T00:37:05.392843,15246.719,42113.746,0.17,1328.182,2199.034,0.01,0.0
35.271,2026-06-26T00:37:05.481846,15246.719,42113.746,0.198,1328.507,2199.034,3.664,0.0
35.321,2026-06-26T00:37:05.532187,15246.719,42113.746,0.138,1328.508,2199.034,0.01,0.0
35.41,2026-06-26T00:37:05.621089,15246.719,42113.746,0.229,1328.833,2199.034,3.659,0.0
35.46,2026-06-26T00:37:05.671448,15246.719,42113.746,0.16,1328.833,2199.034,0.01,0.0
35.549,2026-06-26T00:37:05.760291,15246.719,42113.746,0.218,1329.158,2199.034,3.662,0.0
35.599,2026-06-26T00:37:05.810648,15246.719,42113.746,0.199,1329.158,2199.034,0.01,0.0
35.688,2026-06-26T00:37:05.899586,15246.719,42113.746,0.245,1329.483,2199.034,3.66,0.0
35.739,2026-06-26T00:37:05.949940,15246.719,42113.746,0.171,1329.484,2199.034,0.01,0.0
35.828,2026-06-26T00:37:06.038817,15246.719,42113.746,0.226,1329.808,2199.034,3.661,0.0
35.878,2026-06-26T00:37:06.089157,15246.719,42113.746,0.158,1329.809,2199.034,0.01,0.0
35.967,2026-06-26T00:37:06.178031,15246.719,42113.746,0.242,1330.134,2199.034,3.66,0.0
36.017,2026-06-26T00:37:06.228388,15246.719,42113.746,0.17,1330.134,2199.034,0.01,0.0
36.106,2026-06-26T00:37:06.317213,15246.719,42113.746,0.225,1330.459,2199.034,3.663,0.0
36.156,2026-06-26T00:37:06.367571,15246.719,42113.746,0.157,1330.46,2199.034,0.01,0.0
36.254,2026-06-26T00:37:06.465348,15246.719,42113.746,0.23,1330.784,2199.034,3.327,0.0
36.305,2026-06-26T00:37:06.515699,15246.719,42113.746,0.161,1330.785,2199.034,0.01,0.0
36.393,2026-06-26T00:37:06.604658,15246.719,42113.746,0.218,1331.11,2199.034,3.658,0.0
36.444,2026-06-26T00:37:06.655018,15246.719,42113.746,0.153,1331.11,2199.034,0.01,0.0
36.533,2026-06-26T00:37:06.744188,15246.719,42113.746,0.212,1331.435,2199.034,3.653,0.0
36.583,2026-06-26T00:37:06.794544,15246.719,42113.746,0.148,1331.436,2199.034,0.01,0.0
36.672,2026-06-26T00:37:06.883582,15246.719,42113.746,0.236,1331.76,2199.034,3.655,0.0
36.723,2026-06-26T00:37:06.933933,15246.719,42113.746,0.165,1331.761,2199.034,0.01,0.0
36.812,2026-06-26T00:37:07.022921,15246.719,42113.746,0.221,1332.086,2199.034,3.658,0.0
36.862,2026-06-26T00:37:07.073276,15246.719,42113.746,0.155,1332.086,2199.034,0.01,0.0
36.951,2026-06-26T00:37:07.162043,15246.719,42113.746,0.214,1332.411,2199.034,3.665,0.0
37.001,2026-06-26T00:37:07.212407,15246.719,42113.746,0.15,1332.412,2199.034,0.01,0.0
37.09,2026-06-26T00:37:07.301271,15246.719,42113.746,0.211,1332.736,2199.034,3.662,0.0
37.14,2026-06-26T00:37:07.351627,15246.719,42113.746,0.147,1332.737,2199.034,0.01,0.0
37.229,2026-06-26T00:37:07.440493,15246.719,42113.746,0.209,1333.062,2199.034,3.662,0.0
37.28,2026-06-26T00:37:07.490838,15246.719,42113.746,0.193,1333.062,2199.034,0.01,0.0
37.369,2026-06-26T00:37:07.579703,15246.719,42113.746,0.32,1333.387,2199.034,3.661,0.0
37.419,2026-06-26T00:37:07.630060,15246.719,42113.746,0.27,1333.387,2199.034,0.01,0.0
37.508,2026-06-26T00:37:07.719197,15246.719,42113.746,0.294,1333.712,2199.034,3.651,0.0
37.558,2026-06-26T00:37:07.769556,15246.719,42113.746,0.206,1333.713,2199.034,0.01,0.0
37.647,2026-06-26T00:37:07.858494,15246.719,42113.746,0.276,1334.037,2199.034,3.658,0.0
37.698,2026-06-26T00:37:07.908841,15246.719,42113.746,0.286,1334.038,2199.034,0.01,0.0
37.786,2026-06-26T00:37:07.997631,15246.719,42113.746,0.333,1334.363,2199.034,3.665,0.0
37.837,2026-06-26T00:37:08.047968,15246.719,42113.746,0.233,1334.363,2199.034,0.01,0.0
37.926,2026-06-26T00:37:08.136826,15246.719,42113.746,0.48,1334.688,2199.034,3.662,0.0
37.976,2026-06-26T00:37:08.187185,15246.719,42113.746,0.568,1334.689,2199.034,0.01,0.0
38.065,2026-06-26T00:37:08.276057,15246.719,42113.746,0.715,1335.013,2199.034,3.661,0.0
38.415,2026-06-26T00:37:08.626311,15246.719,42113.746,0.734,1335.014,2199.038,0.002,0.009
38.416,2026-06-26T00:37:08.626866,15246.719,42113.746,0.514,1335.015,2199.038,2.084,0.0
38.704,2026-06-26T00:37:08.915483,14681.098,42113.746,0.66,1335.339,2199.038,1.124,0.0
38.793,2026-06-26T00:37:09.004220,13900.383,42113.746,0.779,1335.664,2199.038,3.66,0.0
38.804,2026-06-26T00:37:09.014787,13809.469,42096.547,0.985,1335.664,2199.038,0.047,0.0
38.804,2026-06-26T00:37:09.015372,13809.469,42096.547,0.689,1335.665,2199.038,1.731,0.0
38.843,2026-06-26T00:37:09.054563,13878.707,43196.059,0.721,1335.665,2199.038,0.013,0.0
38.932,2026-06-26T00:37:09.143439,14055.41,43196.059,0.821,1335.99,2199.038,3.661,0.0
38.983,2026-06-26T00:37:09.193796,14158.016,43196.059,0.807,1335.991,2199.038,0.01,0.0
39.072,2026-06-26T00:37:09.282885,14339.855,43196.059,0.908,1336.316,2199.038,3.657,0.0
39.122,2026-06-26T00:37:09.333234,14446.875,43196.059,0.868,1336.316,2199.038,0.01,0.0
39.213,2026-06-26T00:37:09.424406,14641.945,43196.059,0.968,1336.642,2199.038,3.575,0.0
39.264,2026-06-26T00:37:09.474765,14751.191,43196.059,0.91,1336.642,2199.038,0.01,0.0
40.008,2026-06-26T00:37:10.219644,14909.469,42096.547,0.879,2436.371,2199.038,1475.863,0.0
40.01,2026-06-26T00:37:10.221117,14909.469,42096.547,2.551,2436.373,2199.038,1.732,0.48
40.033,2026-06-26T00:37:10.244131,14909.469,42096.547,1.988,2436.477,2199.038,4.531,0.0
40.149,2026-06-26T00:37:10.360685,15115.176,42459.988,1.533,2602.131,2199.038,1422.88,0.002
40.2,2026-06-26T00:37:10.411086,15180.77,42575.988,1.304,2667.757,2199.038,1296.771,0.0
40.25,2026-06-26T00:37:10.461693,15246.137,42631.988,1.145,2733.063,2199.038,1289.98,0.0
40.301,2026-06-26T00:37:10.512346,15311.871,42727.988,1.032,2798.783,2199.038,1295.213,0.0
40.352,2026-06-26T00:37:10.563099,15379.008,42767.988,0.953,2865.971,2199.038,1321.322,0.0
40.403,2026-06-26T00:37:10.614007,15446.504,42895.988,0.943,2933.433,2199.038,1322.619,0.0
40.454,2026-06-26T00:37:10.665001,15513.043,42991.988,0.844,2999.879,2199.038,1303.17,0.0
40.505,2026-06-26T00:37:10.715992,15580.016,43047.988,0.821,3066.7,2199.038,1310.794,0.0
40.556,2026-06-26T00:37:10.766984,15647.129,43159.988,0.85,3133.787,2199.038,1314.941,0.0
40.607,2026-06-26T00:37:10.818001,15714.336,43229.988,0.871,3200.898,2199.038,1315.775,0.0
40.658,2026-06-26T00:37:10.869001,15781.457,43357.988,0.839,3268.008,2199.038,1315.357,0.0
40.709,2026-06-26T00:37:10.920010,15849.98,43517.988,0.817,3336.509,2199.038,1343.492,0.0
40.76,2026-06-26T00:37:10.971021,15917.691,43517.988,0.802,3404.174,2199.038,1325.845,0.0
40.811,2026-06-26T00:37:11.022050,15985.598,43709.988,0.791,3472.073,2199.038,1331.37,0.0
40.862,2026-06-26T00:37:11.073034,16055.875,43709.988,0.784,3536.356,2199.038,1260.645,0.0
40.913,2026-06-26T00:37:11.124032,16044.156,43709.988,0.778,3536.357,2227.086,0.019,550.143
40.964,2026-06-26T00:37:11.175014,16001.418,43709.988,0.821,3536.358,2265.621,0.019,755.266
41.015,2026-06-26T00:37:11.226051,15974.738,43709.988,0.804,3536.359,2294.688,0.019,569.848
41.066,2026-06-26T00:37:11.277054,15933.047,43709.988,0.838,3536.36,2333.889,0.019,768.258
41.117,2026-06-26T00:37:11.328072,15917.715,43709.988,0.817,3536.361,2362.956,0.019,570.21
41.168,2026-06-26T00:37:11.379056,15881.848,43709.988,0.801,3536.362,2392.023,0.019,569.6
41.219,2026-06-26T00:37:11.430082,15843.406,43709.988,0.745,3536.363,2430.555,0.019,755.473
41.27,2026-06-26T00:37:11.481093,15814.277,43709.988,0.797,3536.364,2459.622,0.019,569.669
41.321,2026-06-26T00:37:11.532110,15768.734,43709.988,0.788,3536.365,2498.157,0.019,755.609
41.372,2026-06-26T00:37:11.583107,15747.387,43709.988,0.781,3536.366,2527.224,0.019,569.872
41.423,2026-06-26T00:37:11.634122,15700.602,43709.988,0.776,3536.367,2563.892,0.019,718.705
41.474,2026-06-26T00:37:11.685181,15682.262,43709.988,0.819,3536.368,2595.492,0.019,619.338
41.525,2026-06-26T00:37:11.736194,15651.957,43709.988,0.803,3536.369,2624.559,0.019,569.959
41.576,2026-06-26T00:37:11.787202,15608.078,43709.988,0.838,3536.37,2663.092,0.019,755.152
41.627,2026-06-26T00:37:11.838201,15595.141,43709.988,0.816,3536.371,2692.159,0.019,570.045
41.678,2026-06-26T00:37:11.889226,15560.406,43709.988,0.755,3536.372,2730.683,0.019,754.751
41.729,2026-06-26T00:37:11.940218,15521.609,43709.988,0.759,3536.373,2759.761,0.019,570.418
41.78,2026-06-26T00:37:11.991245,15490.973,43709.988,0.807,3536.374,2788.828,0.019,569.789
41.831,2026-06-26T00:37:12.042207,15445.199,43709.988,0.795,3536.375,2828.029,0.019,768.851
41.882,2026-06-26T00:37:12.093226,15432.211,43709.988,0.786,3536.376,2857.096,0.019,569.885
41.933,2026-06-26T00:37:12.144210,15395.539,43709.988,0.826,3536.377,2895.62,0.019,755.291
41.984,2026-06-26T00:37:12.195207,15356.793,43709.988,0.762,3536.378,2924.695,0.019,570.294
42.035,2026-06-26T00:37:12.246210,15339.184,43709.988,0.763,3536.379,2953.762,0.019,569.834
42.086,2026-06-26T00:37:12.297189,15296.379,43709.988,0.81,3536.38,2992.286,0.019,756.2
42.137,2026-06-26T00:37:12.348131,15317.969,43709.988,0.797,3536.381,2992.293,0.019,0.129
42.188,2026-06-26T00:37:12.399175,15284.984,43709.988,0.742,3536.382,3032.802,0.019,794.054
42.239,2026-06-26T00:37:12.450212,15220.105,43709.988,0.795,3536.383,3068.827,0.019,705.963
42.29,2026-06-26T00:37:12.501199,15241.461,43709.988,0.786,3536.384,3068.827,0.019,0.0
42.341,2026-06-26T00:37:12.552203,15227.977,43709.988,0.826,3536.385,3109.336,0.019,793.854
42.392,2026-06-26T00:37:12.603193,15159.648,43709.988,0.808,3536.386,3145.361,0.019,706.451
42.443,2026-06-26T00:37:12.654205,15164.953,43709.988,0.841,3536.387,3145.361,0.019,0.0
42.494,2026-06-26T00:37:12.705179,15119.949,43709.988,0.773,3536.388,3185.87,0.019,795.009
42.545,2026-06-26T00:37:12.756130,15104.121,43709.988,0.817,3536.389,3221.895,0.019,706.303
42.596,2026-06-26T00:37:12.807170,15021.078,43709.988,0.755,3536.39,3262.404,0.019,793.991
42.647,2026-06-26T00:37:12.858189,15043.441,43709.988,0.804,3536.391,3262.404,0.019,0.0
42.698,2026-06-26T00:37:12.909179,14985.758,43709.996,0.747,3536.392,3298.431,0.022,706.886
42.749,2026-06-26T00:37:12.960132,14992.805,43709.988,0.799,3536.393,3298.431,0.019,0.0
42.8,2026-06-26T00:37:13.011175,14993.227,43709.988,0.789,3536.394,3298.431,0.019,0.0
42.851,2026-06-26T00:37:13.062114,14993.227,43709.988,0.828,3536.395,3298.431,0.019,0.0
42.902,2026-06-26T00:37:13.113168,14996.914,43713.363,0.809,3536.396,3298.431,0.019,0.0
42.953,2026-06-26T00:37:13.164132,14995.434,43709.988,0.796,3536.397,3298.431,0.019,0.0
43.004,2026-06-26T00:37:13.215163,15003.426,43709.988,0.833,3536.398,3298.431,0.019,0.0
43.055,2026-06-26T00:37:13.266184,15004.816,43709.988,0.813,3536.399,3298.431,0.019,0.0
43.106,2026-06-26T00:37:13.317132,15005.773,43709.988,0.799,3536.4,3298.431,0.019,0.0
43.157,2026-06-26T00:37:13.368117,15006.344,43709.988,0.789,3536.401,3298.431,0.019,0.0
43.208,2026-06-26T00:37:13.419135,15006.512,43709.988,0.782,3536.402,3298.431,0.019,0.0
43.259,2026-06-26T00:37:13.470129,15006.902,43709.988,0.777,3536.403,3298.431,0.019,0.0
43.31,2026-06-26T00:37:13.521153,15007.895,43709.988,0.774,3536.404,3298.431,0.019,0.0
43.361,2026-06-26T00:37:13.572123,15010.297,43709.988,0.771,3536.405,3298.431,0.019,0.0
43.412,2026-06-26T00:37:13.623170,15011.223,43709.988,0.816,3536.406,3298.431,0.019,0.0
43.463,2026-06-26T00:37:13.674195,15011.223,43709.988,0.801,3536.407,3298.431,0.019,0.0
43.514,2026-06-26T00:37:13.725169,15011.223,43709.988,0.79,3536.408,3298.431,0.019,0.0
43.565,2026-06-26T00:37:13.776127,15014.926,43710.008,0.829,3536.409,3298.431,0.019,0.0
43.616,2026-06-26T00:37:13.827172,15014.93,43710.008,0.81,3536.409,3298.431,0.019,0.0
43.667,2026-06-26T00:37:13.878192,15014.934,43710.008,0.797,3536.41,3298.431,0.019,0.0
43.718,2026-06-26T00:37:13.929172,15015.02,43710.008,0.788,3536.411,3298.431,0.019,0.0
43.769,2026-06-26T00:37:13.980134,15015.121,43710.008,0.781,3536.412,3298.431,0.019,0.0
43.82,2026-06-26T00:37:14.031174,15015.148,43710.008,0.776,3536.413,3298.431,0.019,0.0
43.871,2026-06-26T00:37:14.082173,15015.152,43710.008,0.773,3536.414,3298.431,0.019,0.0
43.922,2026-06-26T00:37:14.133134,15015.156,43710.008,0.771,3536.415,3298.431,0.019,0.0
43.973,2026-06-26T00:37:14.184128,15015.238,43710.008,0.816,3536.416,3298.431,0.019,0.0
44.024,2026-06-26T00:37:14.235167,15015.551,43710.008,0.801,3536.417,3298.431,0.019,0.0
44.075,2026-06-26T00:37:14.286190,15016.098,43710.008,0.79,3536.418,3298.431,0.019,0.0
44.126,2026-06-26T00:37:14.337169,15016.129,43710.008,0.829,3536.419,3298.431,0.019,0.0
44.177,2026-06-26T00:37:14.388132,15016.129,43710.008,0.81,3536.42,3298.431,0.019,0.0
44.228,2026-06-26T00:37:14.439175,15016.129,43710.008,0.797,3536.421,3298.431,0.019,0.0
44.279,2026-06-26T00:37:14.490201,15016.129,43710.008,0.787,3536.422,3298.431,0.019,0.0
44.33,2026-06-26T00:37:14.541208,15018.141,43710.008,0.781,3536.423,3298.431,0.019,0.0
44.381,2026-06-26T00:37:14.592203,15030.766,43710.008,0.777,3536.424,3298.431,0.019,0.0
44.432,2026-06-26T00:37:14.643182,15036.863,43710.008,0.773,3536.425,3298.431,0.019,0.0
44.483,2026-06-26T00:37:14.694188,15041.859,43710.008,0.817,3536.426,3298.431,0.019,0.0
44.534,2026-06-26T00:37:14.745190,15049.449,43710.008,0.802,3536.427,3298.431,0.019,0.0
44.585,2026-06-26T00:37:14.796218,15050.82,43710.008,0.791,3536.428,3298.431,0.019,0.0
44.636,2026-06-26T00:37:14.847157,15051.805,43710.008,0.785,3536.429,3298.431,0.019,0.0
44.687,2026-06-26T00:37:14.897867,15053.004,43710.008,0.779,3536.43,3298.431,0.019,0.0
44.738,2026-06-26T00:37:14.948886,15055.188,43710.008,0.775,3536.431,3298.431,0.019,0.0
44.789,2026-06-26T00:37:14.999890,15055.641,43710.008,0.772,3536.432,3298.431,0.019,0.0
44.84,2026-06-26T00:37:15.050913,15056.109,43710.008,0.77,3536.433,3298.431,0.019,0.0
44.891,2026-06-26T00:37:15.101888,15056.789,43710.008,0.815,3536.434,3298.431,0.019,0.0
44.942,2026-06-26T00:37:15.152881,15060.844,43710.008,0.8,3536.435,3298.431,0.019,0.0
44.993,2026-06-26T00:37:15.203872,15061.48,43710.008,0.836,3536.436,3298.431,0.019,0.0
45.044,2026-06-26T00:37:15.254883,15061.887,43710.008,0.815,3536.437,3298.431,0.019,0.0
45.165,2026-06-26T00:37:15.376065,15063.168,43710.008,0.92,3536.783,3298.431,2.864,0.0
45.215,2026-06-26T00:37:15.426509,15063.797,43710.008,0.875,3536.784,3298.431,0.019,0.0
45.266,2026-06-26T00:37:15.477107,15064.477,43710.008,0.844,3536.785,3298.431,0.019,0.0
45.317,2026-06-26T00:37:15.527769,15064.867,43710.008,0.822,3536.786,3298.431,0.019,0.0
45.367,2026-06-26T00:37:15.578531,15070.859,43710.008,0.899,3536.787,3298.431,0.019,0.0
45.418,2026-06-26T00:37:15.629367,15073.637,43710.008,0.859,3536.788,3298.431,0.019,0.0
45.469,2026-06-26T00:37:15.680370,15074.137,43710.008,0.831,3536.789,3298.431,0.019,0.0
45.52,2026-06-26T00:37:15.731385,15074.586,43710.008,0.811,3536.79,3298.431,0.019,0.0
45.571,2026-06-26T00:37:15.782383,15077.309,43710.008,0.844,3536.791,3298.431,0.019,0.0
45.622,2026-06-26T00:37:15.833398,15077.613,43710.008,0.682,3536.792,3298.461,0.02,0.604
45.673,2026-06-26T00:37:15.884431,15077.613,43710.008,0.478,3536.793,3298.461,0.019,0.0
45.724,2026-06-26T00:37:15.935452,15077.613,43710.008,0.334,3536.794,3298.461,0.019,0.0
45.775,2026-06-26T00:37:15.986443,15077.613,43710.008,0.234,3536.795,3298.461,0.019,0.0
45.826,2026-06-26T00:37:16.037471,15077.613,43710.008,0.164,3536.796,3298.461,0.019,0.0
45.877,2026-06-26T00:37:16.088474,15077.613,43710.008,0.298,3536.808,3298.546,0.235,1.65
45.928,2026-06-26T00:37:16.139507,15077.613,43710.008,0.439,3536.809,3298.546,0.019,0.0
45.979,2026-06-26T00:37:16.190513,15080.016,43710.008,0.537,3536.81,3298.546,0.019,0.0
46.03,2026-06-26T00:37:16.241529,15079.234,43710.008,0.651,3536.811,3298.546,0.019,0.0
46.081,2026-06-26T00:37:16.292539,15079.297,43710.008,0.686,3536.812,3298.546,0.019,0.0
46.132,2026-06-26T00:37:16.343571,15078.918,43710.008,0.71,3536.813,3298.546,0.019,0.0
46.183,2026-06-26T00:37:16.394565,15078.922,43710.008,0.726,3536.814,3298.546,0.019,0.0
46.234,2026-06-26T00:37:16.445585,15078.086,43710.008,0.738,3536.815,3298.546,0.019,0.0
46.285,2026-06-26T00:37:16.496589,15077.891,43710.008,0.792,3536.816,3298.546,0.019,0.0
46.336,2026-06-26T00:37:16.547623,15077.891,43710.008,0.784,3536.817,3298.546,0.019,0.0
46.387,2026-06-26T00:37:16.598631,15077.891,43710.008,0.779,3536.818,3298.546,0.019,0.0
46.438,2026-06-26T00:37:16.649646,15077.891,43710.008,0.775,3536.819,3298.546,0.019,0.0
46.489,2026-06-26T00:37:16.700635,15077.891,43710.008,0.772,3536.82,3298.546,0.019,0.0
46.54,2026-06-26T00:37:16.751651,15077.891,43710.008,0.816,3536.821,3298.546,0.019,0.0
46.591,2026-06-26T00:37:16.802669,15077.891,43710.008,0.801,3536.822,3298.546,0.019,0.0
46.643,2026-06-26T00:37:16.853699,15077.883,43710.008,0.79,3536.823,3298.546,0.019,0.0
46.693,2026-06-26T00:37:16.904684,15077.887,43710.008,0.737,3536.824,3298.546,0.019,0.0
46.744,2026-06-26T00:37:16.955687,15077.887,43710.008,0.792,3536.825,3298.546,0.019,0.0
46.795,2026-06-26T00:37:17.006680,15077.887,43710.008,0.784,3536.826,3298.546,0.019,0.0
46.847,2026-06-26T00:37:17.057716,15077.879,43710.008,0.825,3536.827,3298.546,0.019,0.0
46.898,2026-06-26T00:37:17.108700,15077.934,43710.008,0.807,3536.827,3298.546,0.019,0.0
46.948,2026-06-26T00:37:17.159685,15077.941,43710.008,0.795,3536.828,3298.546,0.019,0.0
46.999,2026-06-26T00:37:17.210694,15077.941,43710.008,0.786,3536.829,3298.546,0.019,0.0
47.051,2026-06-26T00:37:17.261732,15077.945,43710.008,0.78,3536.83,3298.546,0.019,0.0
47.102,2026-06-26T00:37:17.312728,15077.949,43710.008,0.776,3536.831,3298.546,0.019,0.0
47.153,2026-06-26T00:37:17.363728,15079.703,43710.008,0.773,3536.832,3298.546,0.019,0.0
47.203,2026-06-26T00:37:17.414698,15079.703,43710.008,0.771,3536.833,3298.546,0.019,0.0
47.255,2026-06-26T00:37:17.465718,15079.703,43710.008,0.769,3536.834,3298.546,0.019,0.0
47.306,2026-06-26T00:37:17.516701,15081.211,43710.008,0.814,3536.835,3298.546,0.019,0.0
47.357,2026-06-26T00:37:17.567702,15082.199,43710.008,0.8,3536.836,3298.546,0.019,0.0
47.408,2026-06-26T00:37:17.618705,15082.199,43710.008,0.79,3536.837,3298.546,0.019,0.0
47.459,2026-06-26T00:37:17.669726,15082.199,43710.008,0.828,3536.838,3298.546,0.019,0.0
47.51,2026-06-26T00:37:17.720730,15084.953,43710.008,0.855,3536.839,3298.546,0.019,0.0
47.561,2026-06-26T00:37:17.771750,15083.617,43710.008,0.828,3536.84,3298.546,0.019,0.0
47.612,2026-06-26T00:37:17.822749,15083.434,43710.008,0.81,3536.841,3298.546,0.019,0.0
47.663,2026-06-26T00:37:17.873770,15083.434,43710.008,0.796,3536.842,3298.546,0.019,0.0
47.714,2026-06-26T00:37:17.924745,15083.434,43710.008,0.787,3536.843,3298.546,0.019,0.0
47.765,2026-06-26T00:37:17.975764,15083.434,43710.008,0.781,3536.844,3298.546,0.019,0.0
47.816,2026-06-26T00:37:18.026774,15083.434,43710.008,0.776,3536.845,3298.546,0.019,0.0
47.867,2026-06-26T00:37:18.077769,15083.434,43710.008,0.819,3536.846,3298.546,0.019,0.0
47.918,2026-06-26T00:37:18.128767,15083.434,43710.008,0.803,3536.847,3298.546,0.019,0.0
47.969,2026-06-26T00:37:18.179774,15083.434,43710.008,0.792,3536.848,3298.546,0.019,0.0
48.02,2026-06-26T00:37:18.230802,15083.434,43710.008,0.784,3536.849,3298.546,0.019,0.0
48.071,2026-06-26T00:37:18.281821,15083.434,43710.008,0.825,3536.85,3298.546,0.019,0.0
48.122,2026-06-26T00:37:18.332806,15083.434,43710.008,0.807,3536.851,3298.546,0.019,0.0
48.173,2026-06-26T00:37:18.383814,15083.434,43710.008,0.795,3536.852,3298.546,0.019,0.0
48.224,2026-06-26T00:37:18.434816,15083.441,43710.008,0.786,3536.853,3298.546,0.019,0.0
48.275,2026-06-26T00:37:18.485867,15083.445,43710.008,0.78,3536.854,3298.546,0.019,0.0
48.326,2026-06-26T00:37:18.536852,15082.543,43710.008,0.776,3536.855,3298.546,0.019,0.0
48.377,2026-06-26T00:37:18.587840,15081.191,43710.008,0.773,3536.856,3298.546,0.019,0.0
48.428,2026-06-26T00:37:18.638821,15080.594,43710.008,0.771,3536.857,3298.546,0.019,0.0
48.479,2026-06-26T00:37:18.689832,15080.422,43710.008,0.769,3536.858,3298.546,0.019,0.0
48.53,2026-06-26T00:37:18.740822,15079.805,43710.008,0.768,3536.859,3298.546,0.019,0.0
48.581,2026-06-26T00:37:18.791824,15079.332,43710.008,0.814,3536.86,3298.546,0.019,0.0
48.632,2026-06-26T00:37:18.842806,15078.852,43710.008,0.799,3536.861,3298.546,0.019,0.0
48.683,2026-06-26T00:37:18.893827,15078.852,43710.008,0.835,3536.862,3298.546,0.019,0.0
48.734,2026-06-26T00:37:18.944827,15078.852,43710.008,0.814,3536.863,3298.546,0.019,0.0
48.785,2026-06-26T00:37:18.995834,15078.852,43710.008,0.8,3536.864,3298.546,0.019,0.0
48.836,2026-06-26T00:37:19.046830,15078.852,43710.008,0.79,3536.865,3298.546,0.019,0.0
48.887,2026-06-26T00:37:19.097832,15078.852,43710.008,0.828,3536.866,3298.546,0.019,0.0
48.938,2026-06-26T00:37:19.148844,15078.219,43710.008,0.809,3536.867,3298.546,0.019,0.0
48.989,2026-06-26T00:37:19.199875,15078.211,43710.008,0.796,3536.868,3298.546,0.019,0.0
49.04,2026-06-26T00:37:19.250884,15078.211,43710.008,0.787,3536.869,3298.546,0.019,0.0
49.091,2026-06-26T00:37:19.301894,15078.086,43710.008,0.781,3536.87,3298.546,0.019,0.0
49.142,2026-06-26T00:37:19.352883,15078.086,43710.008,0.776,3536.871,3298.546,0.019,0.0
49.193,2026-06-26T00:37:19.403918,15078.062,43710.008,0.819,3536.872,3298.546,0.019,0.0
49.244,2026-06-26T00:37:19.454922,15078.07,43710.008,0.803,3536.873,3298.546,0.019,0.0
49.295,2026-06-26T00:37:19.505949,15078.078,43710.008,0.792,3536.874,3298.546,0.019,0.0
49.346,2026-06-26T00:37:19.556954,15078.082,43710.008,0.784,3536.875,3298.546,0.019,0.0
49.397,2026-06-26T00:37:19.607975,15078.086,43710.008,0.778,3536.876,3298.546,0.019,0.0
49.448,2026-06-26T00:37:19.658989,15078.086,43710.008,0.775,3536.877,3298.546,0.019,0.0
49.499,2026-06-26T00:37:19.709991,15078.086,43710.008,0.772,3536.878,3298.546,0.019,0.0
49.55,2026-06-26T00:37:19.760974,15078.086,43710.008,0.77,3536.879,3298.546,0.019,0.0
49.601,2026-06-26T00:37:19.811994,15078.086,43710.008,0.769,3536.88,3298.546,0.019,0.0
49.652,2026-06-26T00:37:19.863015,15078.086,43710.008,0.768,3536.881,3298.546,0.019,0.0
49.703,2026-06-26T00:37:19.914013,15078.086,43710.008,0.814,3536.882,3298.546,0.019,0.0
49.754,2026-06-26T00:37:19.964990,15078.086,43710.008,0.799,3536.883,3298.546,0.019,0.0
49.805,2026-06-26T00:37:20.016000,15077.844,43710.008,0.835,3536.884,3298.546,0.019,0.0
49.856,2026-06-26T00:37:20.067001,15077.805,43710.008,0.814,3536.885,3298.546,0.019,0.0
49.907,2026-06-26T00:37:20.118007,15077.133,43710.008,0.8,3536.886,3298.546,0.019,0.0
49.958,2026-06-26T00:37:20.168990,15076.629,43710.008,0.836,3536.887,3298.546,0.019,0.0
50.009,2026-06-26T00:37:20.220015,15076.629,43710.008,0.815,3536.888,3298.546,0.019,0.0
50.06,2026-06-26T00:37:20.271007,15076.629,43710.008,0.8,3536.889,3298.546,0.019,0.0
50.185,2026-06-26T00:37:20.396514,15076.629,43710.008,0.935,3537.235,3298.546,2.766,0.0
50.236,2026-06-26T00:37:20.446949,15076.629,43710.008,0.932,3537.236,3298.546,0.02,0.0
50.286,2026-06-26T00:37:20.497583,15076.621,43710.008,0.884,3537.237,3298.546,0.02,0.0
50.337,2026-06-26T00:37:20.548347,15076.609,43710.008,0.849,3537.238,3298.546,0.019,0.0
50.388,2026-06-26T00:37:20.599096,15076.625,43710.008,0.825,3537.239,3298.546,0.019,0.0
50.439,2026-06-26T00:37:20.649983,15076.625,43710.008,0.808,3537.24,3298.546,0.019,0.0
50.49,2026-06-26T00:37:20.700989,15076.625,43710.008,0.795,3537.241,3298.546,0.019,0.0
50.541,2026-06-26T00:37:20.752022,15076.625,43710.008,0.786,3537.242,3298.546,0.019,0.0
50.592,2026-06-26T00:37:20.803022,15076.629,43710.008,0.78,3537.243,3298.546,0.019,0.0
50.643,2026-06-26T00:37:20.854046,15076.641,43710.008,0.776,3537.244,3298.546,0.019,0.0
50.694,2026-06-26T00:37:20.905044,15078.648,43710.008,0.819,3537.245,3298.546,0.019,0.0
50.745,2026-06-26T00:37:20.956072,15078.652,43710.008,0.803,3537.246,3298.546,0.019,0.0
50.796,2026-06-26T00:37:21.007067,15082.156,43710.008,0.792,3537.246,3298.546,0.019,0.0
50.847,2026-06-26T00:37:21.058090,15082.156,43710.008,0.784,3537.247,3298.546,0.019,0.0
50.898,2026-06-26T00:37:21.109080,15082.156,43710.008,0.779,3537.248,3298.546,0.019,0.0
50.949,2026-06-26T00:37:21.160097,15082.156,43710.008,0.775,3537.249,3298.546,0.019,0.0
51.0,2026-06-26T00:37:21.211111,15082.156,43710.008,0.772,3537.25,3298.546,0.019,0.0
51.051,2026-06-26T00:37:21.262129,15082.156,43710.008,0.816,3537.251,3298.546,0.019,0.0
51.102,2026-06-26T00:37:21.313133,15082.156,43710.008,0.801,3537.252,3298.546,0.019,0.0
51.153,2026-06-26T00:37:21.364174,15082.156,43710.008,0.79,3537.253,3298.546,0.019,0.0
51.204,2026-06-26T00:37:21.415201,15082.156,43710.008,0.783,3537.254,3298.546,0.019,0.0
51.255,2026-06-26T00:37:21.466204,15082.156,43710.008,0.824,3537.255,3298.546,0.019,0.0
51.306,2026-06-26T00:37:21.517218,15082.156,43710.008,0.806,3537.256,3298.546,0.019,0.0
51.357,2026-06-26T00:37:21.568205,15082.156,43710.008,0.794,3537.257,3298.546,0.019,0.0
51.408,2026-06-26T00:37:21.619222,15082.156,43710.008,0.786,3537.258,3298.546,0.019,0.0
51.459,2026-06-26T00:37:21.670211,15089.68,43710.008,0.78,3537.259,3298.546,0.019,0.0
51.51,2026-06-26T00:37:21.721227,15089.68,43710.008,0.776,3537.26,3298.546,0.019,0.0
51.561,2026-06-26T00:37:21.772210,15088.988,43710.008,0.773,3537.261,3298.546,0.019,0.0
51.612,2026-06-26T00:37:21.823228,15088.988,43710.008,0.771,3537.262,3298.546,0.019,0.0
51.663,2026-06-26T00:37:21.874211,15088.91,43710.008,0.769,3537.263,3298.546,0.019,0.0
51.714,2026-06-26T00:37:21.925204,15088.91,43710.008,0.768,3537.264,3298.546,0.019,0.0
51.765,2026-06-26T00:37:21.976242,15104.906,43710.008,0.859,3537.265,3298.546,0.019,0.0
51.816,2026-06-26T00:37:22.027225,15096.59,43710.008,0.831,3537.266,3298.546,0.019,0.0
51.867,2026-06-26T00:37:22.078218,15088.609,43710.008,0.812,3537.267,3298.546,0.019,0.0
51.918,2026-06-26T00:37:22.129202,15087.645,43710.008,0.798,3537.268,3298.546,0.019,0.0
51.969,2026-06-26T00:37:22.180233,15087.012,43710.008,0.788,3537.269,3298.546,0.019,0.0
52.02,2026-06-26T00:37:22.231213,15086.43,43710.008,0.782,3537.27,3298.546,0.019,0.0
52.071,2026-06-26T00:37:22.282232,15086.09,43710.008,0.777,3537.271,3298.546,0.019,0.0
52.122,2026-06-26T00:37:22.333203,15085.43,43710.008,0.774,3537.272,3298.546,0.019,0.0
52.173,2026-06-26T00:37:22.384239,15085.426,43710.008,0.771,3537.273,3298.546,0.019,0.0
52.224,2026-06-26T00:37:22.435210,15085.426,43710.008,0.77,3537.274,3298.546,0.019,0.0
52.275,2026-06-26T00:37:22.486232,15084.965,43710.008,0.769,3537.275,3298.546,0.019,0.0
52.326,2026-06-26T00:37:22.537204,15082.707,43710.008,0.768,3537.276,3298.546,0.019,0.0
52.377,2026-06-26T00:37:22.588225,15082.707,43710.008,0.767,3537.277,3298.546,0.019,0.0
52.428,2026-06-26T00:37:22.639209,15082.707,43710.008,0.813,3537.278,3298.546,0.019,0.0
52.479,2026-06-26T00:37:22.690212,15082.707,43710.008,0.845,3537.279,3298.546,0.019,0.0
52.53,2026-06-26T00:37:22.741202,15082.422,43710.008,0.821,3537.28,3298.546,0.019,0.0
52.581,2026-06-26T00:37:22.792225,15082.0,43710.008,0.805,3537.281,3298.546,0.019,0.0
52.632,2026-06-26T00:37:22.843214,15082.0,43710.008,0.839,3537.282,3298.546,0.019,0.0
52.683,2026-06-26T00:37:22.894200,15081.277,43710.008,0.817,3537.283,3298.546,0.019,0.0
52.734,2026-06-26T00:37:22.945223,15081.277,43710.008,0.802,3537.284,3298.546,0.019,0.0
52.785,2026-06-26T00:37:22.996217,15074.195,43710.008,0.791,3537.285,3298.546,0.019,0.0
52.836,2026-06-26T00:37:23.047236,15074.195,43710.008,0.783,3537.286,3298.546,0.019,0.0
52.887,2026-06-26T00:37:23.098220,15074.195,43710.008,0.778,3537.287,3298.546,0.019,0.0
52.938,2026-06-26T00:37:23.149234,15074.195,43710.008,0.775,3537.288,3298.546,0.019,0.0
52.989,2026-06-26T00:37:23.200210,15074.195,43710.008,0.818,3537.289,3298.546,0.019,0.0
53.04,2026-06-26T00:37:23.251235,15074.195,43710.008,0.802,3537.29,3298.546,0.019,0.0
53.091,2026-06-26T00:37:23.302230,15074.195,43710.008,0.791,3537.291,3298.546,0.019,0.0
53.142,2026-06-26T00:37:23.353212,15074.195,43710.008,0.784,3537.292,3298.546,0.019,0.0
53.193,2026-06-26T00:37:23.404239,15073.75,43710.008,0.778,3537.293,3298.939,0.019,7.717
53.244,2026-06-26T00:37:23.455208,15073.75,43710.008,0.821,3537.294,3299.677,0.024,14.469
53.295,2026-06-26T00:37:23.506249,15073.75,43710.008,0.804,3537.296,3299.677,0.028,0.0
53.346,2026-06-26T00:37:23.557149,15073.75,43710.008,0.702,3537.308,3299.679,0.242,0.045
53.397,2026-06-26T00:37:23.607729,15073.75,43710.008,0.491,3537.309,3299.679,0.02,0.0
53.447,2026-06-26T00:37:23.658317,15073.75,43710.008,0.344,3537.354,3299.699,0.889,0.387
53.498,2026-06-26T00:37:23.708883,15073.75,43710.008,0.241,3537.355,3299.699,0.02,0.0
53.548,2026-06-26T00:37:23.759478,15073.75,43710.008,0.169,3537.455,3299.735,1.976,0.712
53.599,2026-06-26T00:37:23.810077,15073.75,43710.008,0.164,3537.456,3299.735,0.02,0.0
53.649,2026-06-26T00:37:23.860695,15073.75,43710.008,0.115,3537.457,3299.735,0.02,0.0
53.7,2026-06-26T00:37:23.911300,15073.75,43710.008,0.081,3537.458,3299.735,0.02,0.0
53.751,2026-06-26T00:37:23.961883,15073.75,43710.008,0.056,3537.613,3299.809,3.059,1.469
53.801,2026-06-26T00:37:24.012513,15073.75,43710.008,0.039,3537.614,3299.809,0.02,0.0
53.852,2026-06-26T00:37:24.063108,15073.75,43710.008,0.028,3537.615,3299.809,0.02,0.0
53.903,2026-06-26T00:37:24.113749,15073.75,43710.008,0.066,3537.616,3299.809,0.02,0.0
53.954,2026-06-26T00:37:24.164699,15073.75,43710.008,0.046,3537.617,3299.809,0.019,0.0
54.004,2026-06-26T00:37:24.215657,15067.512,43710.008,0.078,3537.662,3299.853,0.882,0.858
54.055,2026-06-26T00:37:24.266565,15067.512,43710.008,0.055,3537.663,3299.938,0.02,1.683
54.106,2026-06-26T00:37:24.317128,15063.008,43710.008,0.177,3538.334,3308.235,13.269,164.043
54.156,2026-06-26T00:37:24.367677,15139.305,51777.453,0.402,3538.335,3309.618,0.02,27.351
54.207,2026-06-26T00:37:24.418266,15280.215,53805.434,1.255,3538.336,3337.459,0.02,550.64
54.258,2026-06-26T00:37:24.468861,15289.875,53819.367,1.248,3538.337,3352.646,0.02,299.638
54.308,2026-06-26T00:37:24.519526,15390.586,53949.961,1.52,3538.338,3420.994,0.02,1343.964
54.359,2026-06-26T00:37:24.570490,15353.664,53901.867,1.524,3538.339,3428.588,0.02,148.915
54.41,2026-06-26T00:37:24.621491,15369.004,53942.367,1.434,3538.34,3476.682,0.02,943.132
54.461,2026-06-26T00:37:24.672440,15365.254,53909.461,1.464,3538.341,3491.869,0.02,298.413
54.512,2026-06-26T00:37:24.723418,15353.762,53901.867,1.438,3538.342,3539.963,0.02,942.581
54.563,2026-06-26T00:37:24.774405,15364.379,53949.961,1.467,3538.343,3562.744,0.02,447.079
54.614,2026-06-26T00:37:24.825383,15397.5,53949.961,1.532,3538.344,3577.932,0.02,297.891
54.665,2026-06-26T00:37:24.876354,15353.902,53901.867,1.533,3538.345,3585.526,0.02,148.96
54.716,2026-06-26T00:37:24.927384,15366.887,53937.867,1.532,3538.346,3641.213,0.02,1091.511
54.767,2026-06-26T00:37:24.978352,15374.688,53917.055,1.808,3538.347,3663.994,0.02,446.734
54.818,2026-06-26T00:37:25.029414,15357.16,53901.867,1.817,3538.348,3707.588,0.02,853.999
54.869,2026-06-26T00:37:25.080387,15382.906,53945.461,1.915,3538.349,3730.369,0.02,446.985
54.92,2026-06-26T00:37:25.131359,15349.688,53901.867,1.985,3538.35,3753.151,0.02,446.887
54.971,2026-06-26T00:37:25.182318,15367.363,53937.867,1.803,3538.351,3796.744,0.02,855.581
55.022,2026-06-26T00:37:25.233276,15378.473,53901.867,1.952,3538.352,3819.526,0.02,446.941
55.073,2026-06-26T00:37:25.284246,15357.223,53901.867,1.78,3538.353,3865.018,0.02,892.498
55.194,2026-06-26T00:37:25.405349,15353.035,53901.867,1.867,3538.698,3893.459,2.865,235.721
55.245,2026-06-26T00:37:25.455766,15356.605,53911.324,2.141,3538.699,3948.408,0.02,1085.144
55.295,2026-06-26T00:37:25.506437,15361.68,53911.324,2.328,3538.7,3995.764,0.02,930.668
55.346,2026-06-26T00:37:25.557404,15364.699,53911.324,2.504,3538.701,4043.155,0.02,930.818
55.397,2026-06-26T00:37:25.608261,15365.457,53930.238,2.768,3538.702,4090.545,0.02,932.592
55.448,2026-06-26T00:37:25.659121,15369.266,53920.781,2.945,3538.703,4137.901,0.02,923.885
55.499,2026-06-26T00:37:25.710454,15362.0,53911.324,2.979,3538.704,4185.256,0.02,927.721
55.55,2026-06-26T00:37:25.761449,15362.82,53920.781,3.095,3538.705,4232.612,0.02,926.341
55.601,2026-06-26T00:37:25.812560,15369.336,53920.781,3.177,3538.706,4280.002,0.02,928.935
55.652,2026-06-26T00:37:25.863549,15359.945,53920.781,3.281,3538.707,4327.358,0.02,928.749
55.703,2026-06-26T00:37:25.914551,15355.75,53911.324,3.17,3538.708,4374.748,0.02,929.665
55.754,2026-06-26T00:37:25.965501,15222.199,53415.805,2.587,3538.709,4403.155,0.02,558.051
55.805,2026-06-26T00:37:26.016453,15065.82,52808.227,2.041,3538.71,4406.285,0.02,61.453
55.856,2026-06-26T00:37:26.067388,15066.184,52808.227,1.658,3539.131,4417.205,8.26,214.274
55.907,2026-06-26T00:37:26.118367,15066.184,52808.227,1.391,3539.132,4417.205,0.02,0.0
55.958,2026-06-26T00:37:26.169285,15066.184,52808.227,1.204,3539.133,4417.205,0.02,0.0
56.009,2026-06-26T00:37:26.220206,15066.184,52808.227,1.073,3539.134,4417.205,0.02,0.0
56.042,2026-06-26T00:37:26.253124,14909.469,42096.547,0.751,3539.135,4417.205,0.026,0.007
56.043,2026-06-26T00:37:26.254552,14909.512,42096.547,0.526,3539.136,4417.21,0.838,4.242
56.58,2026-06-26T00:37:26.791436,13656.254,41726.516,0.643,3539.461,4417.21,0.604,0.0
56.665,2026-06-26T00:37:26.875806,12741.328,41726.516,0.754,3539.626,4417.21,1.946,0.0
56.666,2026-06-26T00:37:26.876850,12741.328,41726.516,0.527,3539.627,4417.21,2.92,0.0
56.666,2026-06-26T00:37:26.877158,12741.332,41726.516,0.369,3539.628,4417.21,2.333,0.0
56.666,2026-06-26T00:37:26.877429,12741.332,41726.516,0.258,3539.628,4417.21,2.688,0.0
56.666,2026-06-26T00:37:26.877638,12741.332,41726.516,0.181,3539.629,4417.21,2.952,0.0
56.667,2026-06-26T00:37:26.877865,12741.332,41726.516,0.127,3539.63,4417.21,4.383,0.0
56.667,2026-06-26T00:37:26.878042,12741.332,41726.516,0.089,3539.631,4417.21,3.514,0.0
56.667,2026-06-26T00:37:26.878241,12741.332,41726.516,0.062,3539.631,4417.21,3.217,0.0
56.667,2026-06-26T00:37:26.878516,12741.332,41726.516,0.043,3539.632,4417.21,2.352,0.0
56.667,2026-06-26T00:37:26.878685,12741.332,41726.516,0.03,3539.633,4417.21,4.567,0.0
56.67,2026-06-26T00:37:26.880929,12749.477,41726.516,7.178,3539.645,4417.21,5.146,0.0
56.67,2026-06-26T00:37:26.881233,12749.477,41726.516,35.025,3539.646,4417.21,3.633,0.0
56.67,2026-06-26T00:37:26.881501,12749.477,41726.516,24.517,3539.647,4417.21,4.013,0.0
56.671,2026-06-26T00:37:26.881726,12749.477,41726.516,17.162,3539.647,4417.21,3.444,0.0
56.671,2026-06-26T00:37:26.881967,12749.477,41726.516,12.013,3539.648,4417.21,3.239,0.0
56.671,2026-06-26T00:37:26.882238,12749.477,41726.516,38.409,3539.649,4417.21,3.907,0.0
56.683,2026-06-26T00:37:26.894228,12749.477,41726.516,32.151,3539.692,4417.21,3.521,0.0
56.718,2026-06-26T00:37:26.929314,12753.715,41726.516,34.719,3539.81,4417.21,3.376,0.008
56.829,2026-06-26T00:37:27.039960,12764.91,41726.516,39.365,3540.138,4417.211,2.964,0.008
56.943,2026-06-26T00:37:27.153848,12775.828,41726.516,42.531,3540.463,4417.211,2.853,0.0
57.055,2026-06-26T00:37:27.265754,12788.43,41726.516,44.899,3540.788,4417.211,2.905,0.0
57.167,2026-06-26T00:37:27.377866,12801.375,41726.516,46.523,3541.113,4417.211,2.896,0.0
57.28,2026-06-26T00:37:27.491157,12814.355,41726.516,47.745,3541.437,4417.211,2.865,0.0
57.392,2026-06-26T00:37:27.603321,12827.414,41726.516,48.513,3541.762,4417.211,2.898,0.0
57.503,2026-06-26T00:37:27.714658,12841.559,41726.516,49.102,3542.087,4417.211,2.906,0.0
57.617,2026-06-26T00:37:27.828402,12855.238,41726.516,49.428,3542.412,4417.211,2.866,0.0
57.745,2026-06-26T00:37:27.956251,12873.836,41726.516,49.705,3542.736,4417.211,2.54,0.0
57.858,2026-06-26T00:37:28.068891,12886.789,41726.516,49.959,3543.061,4417.211,2.873,0.0
57.969,2026-06-26T00:37:28.180457,12899.504,41726.516,49.818,3543.386,4417.211,2.9,0.0
58.079,2026-06-26T00:37:28.290580,12911.867,41726.516,49.775,3543.711,4417.211,2.961,0.0
58.192,2026-06-26T00:37:28.403196,12922.914,41726.516,49.997,3544.036,4417.211,2.893,0.0
58.305,2026-06-26T00:37:28.516397,12935.41,41726.516,50.017,3544.36,4417.211,2.859,0.0
58.416,2026-06-26T00:37:28.627101,12946.551,41726.516,50.227,3544.685,4417.211,2.945,0.0
58.529,2026-06-26T00:37:28.740244,12959.746,41726.516,50.219,3545.01,4417.211,2.87,0.0
58.639,2026-06-26T00:37:28.850365,12972.867,41726.516,50.237,3545.335,4417.211,2.947,0.0
58.734,2026-06-26T00:37:28.944872,12979.477,41726.516,48.665,3545.659,4417.211,3.44,0.0
92.801,2026-06-26T00:38:03.012277,22238.531,50013.434,41.188,3545.698,16319.317,0.001,349.35
92.803,2026-06-26T00:38:03.014546,22238.531,50013.434,28.832,3545.699,16319.317,1.958,0.0
92.804,2026-06-26T00:38:03.014770,22238.531,50013.434,20.182,3545.699,16319.317,3.337,0.0
92.804,2026-06-26T00:38:03.015011,22238.531,50013.434,14.128,3545.7,16319.317,2.653,0.0
92.805,2026-06-26T00:38:03.016093,22238.531,50013.434,9.889,3546.268,16319.317,499.306,0.0
92.805,2026-06-26T00:38:03.016432,22238.531,50013.434,6.922,3546.268,16319.317,3.052,0.0
92.809,2026-06-26T00:38:03.020345,22238.531,50013.434,5.442,3546.269,16319.317,0.172,0.0
92.809,2026-06-26T00:38:03.020679,22238.531,50013.434,3.81,3546.27,16319.317,2.846,0.0
92.822,2026-06-26T00:38:03.033230,22238.531,50013.434,2.853,3546.272,16319.886,0.192,45.182
93.067,2026-06-26T00:38:03.278676,22238.531,50013.434,2.236,3546.292,16319.89,0.079,0.017
93.068,2026-06-26T00:38:03.279283,22238.531,50013.434,1.565,3546.293,16319.89,1.993,0.0
93.328,2026-06-26T00:38:03.538755,21970.344,49994.559,1.375,3546.439,16319.89,0.562,0.0
93.331,2026-06-26T00:38:03.541875,21974.02,49994.559,0.963,3547.01,16319.89,195.353,0.0
93.331,2026-06-26T00:38:03.542286,21974.02,49994.559,0.674,3547.011,16319.89,2.325,0.0
93.331,2026-06-26T00:38:03.542659,21974.02,49994.559,0.472,3547.012,16319.89,2.24,0.0
93.332,2026-06-26T00:38:03.543536,21974.02,49994.559,0.33,3547.582,16319.89,644.043,0.0
93.342,2026-06-26T00:38:03.553440,21974.02,49994.559,0.705,3547.62,16319.891,3.904,0.095
93.358,2026-06-26T00:38:03.569311,21974.043,49994.559,0.64,3547.697,16319.891,4.784,0.0
93.473,2026-06-26T00:38:03.684231,22035.852,51695.5,0.591,3548.623,16319.987,8.072,0.831
93.523,2026-06-26T00:38:03.734635,22035.988,51695.5,0.645,3548.624,16319.987,0.019,0.0
93.574,2026-06-26T00:38:03.785241,22035.988,51695.5,0.683,3548.625,16319.987,0.019,0.0
93.625,2026-06-26T00:38:03.835843,22035.988,51695.5,0.709,3548.626,16319.987,0.019,0.0
93.675,2026-06-26T00:38:03.886647,22036.477,51695.5,0.727,3548.627,16319.987,0.019,0.0
93.726,2026-06-26T00:38:03.937494,22037.172,51950.578,0.739,3548.628,16319.987,0.019,0.0
93.777,2026-06-26T00:38:03.988521,22037.184,55402.531,0.793,3548.629,16319.987,0.019,0.0
93.828,2026-06-26T00:38:04.039520,22037.625,55402.531,0.785,3548.63,16319.987,0.019,0.0
93.879,2026-06-26T00:38:04.090550,22046.988,55418.531,0.733,3548.631,16319.987,0.019,0.0
93.93,2026-06-26T00:38:04.141532,22062.352,55428.531,0.789,3548.632,16319.987,0.019,0.0
93.981,2026-06-26T00:38:04.192547,22075.402,55440.531,0.782,3548.633,16319.987,0.019,0.0
94.032,2026-06-26T00:38:04.243555,22092.477,55470.531,0.777,3548.634,16319.987,0.019,0.0
94.083,2026-06-26T00:38:04.294570,22104.43,55470.531,0.774,3548.635,16319.987,0.019,0.0
94.134,2026-06-26T00:38:04.345569,22107.793,55490.531,0.771,3548.636,16319.987,0.019,0.0
94.185,2026-06-26T00:38:04.396561,22112.004,53637.016,0.77,3548.637,16319.987,0.019,0.0
94.236,2026-06-26T00:38:04.447562,22112.043,53637.016,0.768,3548.638,16319.987,0.019,0.0
94.287,2026-06-26T00:38:04.498600,22112.051,53637.016,0.768,3548.639,16319.987,0.019,0.0
94.338,2026-06-26T00:38:04.549601,22114.031,51783.5,0.767,3548.64,16319.987,0.019,0.0
94.389,2026-06-26T00:38:04.600633,22113.992,51783.5,0.767,3548.641,16319.987,0.019,0.0
94.44,2026-06-26T00:38:04.651614,22114.121,51783.5,0.858,3548.642,16319.987,0.019,0.0
94.491,2026-06-26T00:38:04.702654,22114.09,51783.5,0.831,3548.643,16319.987,0.019,0.0
94.542,2026-06-26T00:38:04.753657,22114.09,51783.5,0.857,3548.644,16319.987,0.019,0.0
94.593,2026-06-26T00:38:04.804671,22114.109,51783.5,0.83,3548.645,16319.987,0.019,0.0
94.644,2026-06-26T00:38:04.855663,22115.41,51783.5,0.811,3548.646,16319.987,0.019,0.0
94.695,2026-06-26T00:38:04.906676,22121.848,51783.5,0.797,3548.647,16319.987,0.019,0.0
94.746,2026-06-26T00:38:04.957697,22128.07,51807.5,0.788,3548.648,16319.987,0.019,0.0
94.798,2026-06-26T00:38:05.008719,22133.957,51807.5,0.781,3548.649,16319.987,0.019,0.0
94.848,2026-06-26T00:38:05.059696,22135.582,51807.5,0.777,3548.65,16319.987,0.019,0.0
94.9,2026-06-26T00:38:05.110704,22147.004,51807.5,0.82,3548.651,16319.987,0.019,0.0
94.951,2026-06-26T00:38:05.161704,22177.07,51835.5,0.757,3548.652,16319.987,0.019,0.0
95.002,2026-06-26T00:38:05.212725,22198.324,51867.5,0.806,3548.653,16319.987,0.019,0.0
95.053,2026-06-26T00:38:05.263731,22227.566,51907.5,0.794,3548.654,16319.987,0.019,0.0
95.104,2026-06-26T00:38:05.314738,22242.105,51907.5,0.831,3548.655,16319.987,0.019,0.0
95.155,2026-06-26T00:38:05.365740,22245.789,51907.5,0.812,3548.656,16319.987,0.019,0.0
95.206,2026-06-26T00:38:05.416766,22256.637,51955.5,0.798,3548.657,16319.987,0.019,0.0
95.257,2026-06-26T00:38:05.467768,22263.309,51955.5,0.834,3548.658,16319.987,0.019,0.0
95.308,2026-06-26T00:38:05.518774,22274.066,51955.5,0.814,3548.659,16319.987,0.019,0.0
95.359,2026-06-26T00:38:05.569759,22277.805,51955.5,0.753,3548.66,16319.987,0.019,0.0
95.41,2026-06-26T00:38:05.620789,22280.438,51955.5,0.803,3548.661,16319.987,0.019,0.0
95.461,2026-06-26T00:38:05.671792,22287.562,51955.5,0.746,3548.662,16319.987,0.019,0.0
95.512,2026-06-26T00:38:05.722800,22301.777,52011.5,0.798,3548.663,16319.987,0.019,0.0
95.563,2026-06-26T00:38:05.773803,22315.27,52011.5,0.788,3548.664,16319.987,0.019,0.0
95.614,2026-06-26T00:38:05.824809,22326.711,52011.5,0.781,3548.665,16319.987,0.019,0.0
95.665,2026-06-26T00:38:05.875817,22330.738,52011.5,0.777,3548.666,16319.987,0.019,0.0
95.716,2026-06-26T00:38:05.926829,22336.234,52011.5,0.774,3548.667,16319.987,0.019,0.0
95.767,2026-06-26T00:38:05.977818,22341.059,52011.5,0.771,3548.668,16319.987,0.019,0.0
95.818,2026-06-26T00:38:06.028829,22345.137,52011.5,0.77,3548.669,16319.987,0.019,0.0
95.869,2026-06-26T00:38:06.079812,22345.152,52011.5,0.769,3548.67,16319.987,0.019,0.0
95.92,2026-06-26T00:38:06.130839,22338.535,52011.5,0.814,3548.671,16319.987,0.019,0.0
95.971,2026-06-26T00:38:06.181825,22347.902,52011.5,0.799,3548.672,16319.987,0.019,0.0
96.022,2026-06-26T00:38:06.232829,22359.906,52075.5,0.835,3548.673,16319.987,0.019,0.0
96.073,2026-06-26T00:38:06.283829,22363.477,52075.5,0.814,3548.674,16319.987,0.019,0.0
96.124,2026-06-26T00:38:06.334852,22368.98,52075.5,0.8,3548.675,16319.987,0.019,0.0
96.175,2026-06-26T00:38:06.385866,22374.398,52075.5,0.789,3548.676,16319.987,0.019,0.0
96.226,2026-06-26T00:38:06.436876,22363.859,52075.5,0.874,3548.677,16319.987,0.019,0.0
96.277,2026-06-26T00:38:06.487870,22365.598,52075.5,0.796,3548.678,16319.987,0.019,0.0
96.328,2026-06-26T00:38:06.538879,22365.598,52075.5,0.833,3548.679,16319.987,0.019,0.0
96.379,2026-06-26T00:38:06.589863,22365.176,52075.5,0.813,3548.68,16319.987,0.019,0.0
96.43,2026-06-26T00:38:06.640892,22365.176,52075.5,0.799,3548.681,16319.987,0.019,0.0
96.481,2026-06-26T00:38:06.691880,22365.176,52075.5,0.789,3548.682,16319.987,0.019,0.0
96.532,2026-06-26T00:38:06.742884,22365.176,52075.5,0.782,3548.682,16319.987,0.019,0.0
96.583,2026-06-26T00:38:06.793891,22361.348,52075.5,0.777,3548.683,16319.987,0.019,0.0
96.634,2026-06-26T00:38:06.844914,22363.512,52075.5,0.728,3548.684,16319.987,0.019,0.0
96.685,2026-06-26T00:38:06.895903,22374.363,52075.5,0.785,3548.685,16319.987,0.019,0.0
96.736,2026-06-26T00:38:06.946913,22375.363,52075.5,0.779,3548.686,16319.987,0.019,0.0
96.787,2026-06-26T00:38:06.997899,22379.371,52075.5,0.775,3548.687,16319.987,0.019,0.0
96.838,2026-06-26T00:38:07.048915,22380.422,52075.5,0.773,3548.688,16319.987,0.019,0.0
96.889,2026-06-26T00:38:07.099917,22372.926,52075.5,0.862,3548.689,16319.987,0.019,0.0
96.94,2026-06-26T00:38:07.150936,22373.23,52075.5,0.833,3548.69,16319.987,0.019,0.0
96.991,2026-06-26T00:38:07.201928,22373.027,52075.5,0.813,3548.691,16319.987,0.019,0.0
97.042,2026-06-26T00:38:07.252943,22375.051,52075.5,0.799,3548.692,16319.987,0.019,0.0
97.093,2026-06-26T00:38:07.303971,22377.742,52075.5,0.789,3548.693,16319.987,0.019,0.0
97.144,2026-06-26T00:38:07.354982,22412.961,52075.5,0.782,3548.694,16319.987,0.019,0.0
97.195,2026-06-26T00:38:07.405971,22430.512,52155.5,0.777,3548.695,16319.987,0.019,0.0
97.246,2026-06-26T00:38:07.456993,22430.281,52155.5,0.774,3548.696,16319.987,0.019,0.0
97.297,2026-06-26T00:38:07.507988,22430.281,52155.5,0.771,3548.697,16319.987,0.019,0.0
97.348,2026-06-26T00:38:07.559027,22430.039,52155.5,0.77,3548.698,16319.987,0.019,0.0
97.399,2026-06-26T00:38:07.610017,22439.855,52155.5,0.769,3548.699,16319.987,0.019,0.0
97.45,2026-06-26T00:38:07.661031,22439.855,52155.5,0.768,3548.7,16319.987,0.019,0.0
97.501,2026-06-26T00:38:07.712014,22439.594,52155.5,0.813,3548.701,16319.987,0.019,0.0
97.552,2026-06-26T00:38:07.763055,22439.594,52155.5,0.799,3548.702,16319.987,0.019,0.0
97.603,2026-06-26T00:38:07.814047,22438.781,52155.5,0.789,3548.703,16319.987,0.019,0.0
97.654,2026-06-26T00:38:07.865065,22438.781,52155.5,0.828,3548.704,16319.987,0.019,0.0
97.705,2026-06-26T00:38:07.916046,22438.781,52155.5,0.809,3548.705,16319.987,0.019,0.0
97.756,2026-06-26T00:38:07.967058,22438.781,52155.5,0.796,3548.706,16319.987,0.019,0.0
97.807,2026-06-26T00:38:08.018061,22438.781,52155.5,0.787,3548.707,16319.987,0.019,0.0
97.858,2026-06-26T00:38:08.069073,22438.844,52155.5,0.781,3548.708,16319.987,0.019,0.0
97.909,2026-06-26T00:38:08.120055,22438.844,52155.5,0.777,3548.709,16319.987,0.019,0.0
97.96,2026-06-26T00:38:08.171058,22436.648,52155.5,0.773,3548.71,16319.987,0.019,0.0
98.011,2026-06-26T00:38:08.222063,22436.648,52155.5,0.771,3548.711,16319.987,0.019,0.0
98.062,2026-06-26T00:38:08.273078,22440.656,52155.5,0.861,3548.712,16319.987,0.019,0.0
98.113,2026-06-26T00:38:08.324070,22440.656,52155.5,0.833,3548.713,16319.987,0.019,0.0
98.164,2026-06-26T00:38:08.375083,22440.348,52155.5,0.813,3548.714,16319.987,0.019,0.0
98.215,2026-06-26T00:38:08.426067,22440.348,52155.5,0.799,3548.715,16319.987,0.019,0.0
98.266,2026-06-26T00:38:08.477100,22440.387,52155.5,0.835,3548.716,16319.987,0.019,0.0
98.317,2026-06-26T00:38:08.528092,22440.387,52155.5,0.814,3548.717,16319.987,0.019,0.0
98.368,2026-06-26T00:38:08.579099,22439.492,52155.5,0.8,3548.718,16319.987,0.019,0.0
98.489,2026-06-26T00:38:08.700655,22439.496,52155.5,0.947,3549.064,16319.987,2.859,0.0
98.54,2026-06-26T00:38:08.751084,22439.496,52155.5,0.894,3549.065,16319.987,0.019,0.0
98.591,2026-06-26T00:38:08.801706,22439.496,52155.5,0.858,3549.066,16319.987,0.02,0.0
98.641,2026-06-26T00:38:08.852341,22439.496,52155.5,0.831,3549.067,16319.987,0.019,0.0
98.692,2026-06-26T00:38:08.903100,22439.496,52155.5,0.813,3549.068,16319.987,0.019,0.0
98.743,2026-06-26T00:38:08.953899,22439.031,52155.5,0.799,3549.069,16319.987,0.019,0.0
98.794,2026-06-26T00:38:09.004875,22439.031,52155.5,0.789,3549.07,16319.987,0.019,0.0
98.845,2026-06-26T00:38:09.055897,22439.031,52155.5,0.782,3549.071,16319.987,0.019,0.0
98.896,2026-06-26T00:38:09.106884,22439.031,52155.5,0.777,3549.072,16319.987,0.019,0.0
98.947,2026-06-26T00:38:09.157893,22439.031,52155.5,0.82,3549.073,16319.987,0.019,0.0
98.998,2026-06-26T00:38:09.208890,22454.566,52155.5,0.758,3549.074,16319.987,0.019,0.0
99.049,2026-06-26T00:38:09.259898,22468.82,52155.5,0.76,3549.075,16319.987,0.019,0.0
99.1,2026-06-26T00:38:09.310893,22468.82,52155.5,0.762,3549.076,16319.987,0.019,0.0
99.151,2026-06-26T00:38:09.361920,22476.828,52155.5,0.763,3549.077,16319.987,0.019,0.0
99.202,2026-06-26T00:38:09.412917,22476.828,52155.5,0.764,3549.078,16319.987,0.019,0.0
99.253,2026-06-26T00:38:09.463942,22479.129,52155.5,0.81,3549.079,16319.987,0.019,0.0
99.304,2026-06-26T00:38:09.514941,22471.195,52155.5,0.797,3549.08,16319.987,0.019,0.0
99.355,2026-06-26T00:38:09.565972,22471.203,52155.5,0.788,3549.081,16319.987,0.019,0.0
99.406,2026-06-26T00:38:09.616968,22471.23,52155.5,0.781,3549.082,16319.987,0.019,0.0
99.457,2026-06-26T00:38:09.667986,22471.23,52155.5,0.823,3549.083,16319.987,0.019,0.0
99.508,2026-06-26T00:38:09.718979,22471.477,52155.5,0.851,3549.084,16319.987,0.019,0.0
99.559,2026-06-26T00:38:09.769987,22487.848,52155.5,0.826,3549.085,16319.987,0.019,0.0
99.61,2026-06-26T00:38:09.821014,22493.523,52155.5,0.854,3549.086,16319.987,0.019,0.0
99.661,2026-06-26T00:38:09.872029,22497.535,52251.5,0.827,3549.087,16319.987,0.019,0.0
99.712,2026-06-26T00:38:09.923014,22505.539,52251.5,0.809,3549.088,16319.987,0.019,0.0
99.763,2026-06-26T00:38:09.974027,22505.539,52251.5,0.796,3549.089,16319.987,0.019,0.0
99.814,2026-06-26T00:38:10.025005,22507.156,52251.5,0.787,3549.09,16319.987,0.019,0.0
99.865,2026-06-26T00:38:10.076038,22499.152,52251.5,0.781,3549.091,16319.987,0.019,0.0
99.916,2026-06-26T00:38:10.127016,22499.152,52251.5,0.776,3549.092,16319.987,0.019,0.0
99.967,2026-06-26T00:38:10.178015,22499.152,52251.5,0.773,3549.093,16319.987,0.019,0.0
100.018,2026-06-26T00:38:10.229004,22499.215,52251.5,0.771,3549.094,16319.987,0.019,0.0
100.069,2026-06-26T00:38:10.279974,22499.215,52251.5,0.77,3549.095,16319.987,0.019,0.0
100.12,2026-06-26T00:38:10.330845,22507.484,52251.5,0.815,3549.096,16319.987,0.019,0.0
100.171,2026-06-26T00:38:10.381819,22507.484,52251.5,0.8,3549.097,16319.987,0.019,0.0
100.222,2026-06-26T00:38:10.432757,22507.559,52251.5,0.79,3549.098,16319.987,0.019,0.0
100.273,2026-06-26T00:38:10.483725,22507.559,52251.5,0.783,3549.099,16319.987,0.019,0.0
100.323,2026-06-26T00:38:10.534624,22507.559,52251.5,0.78,3549.1,16319.987,0.019,0.0
100.374,2026-06-26T00:38:10.585169,22507.559,52251.5,0.778,3549.101,16319.987,0.019,0.0
100.425,2026-06-26T00:38:10.635704,22507.559,52251.5,0.776,3549.102,16319.987,0.019,0.0
100.475,2026-06-26T00:38:10.686303,22508.746,52251.5,0.774,3549.103,16319.987,0.019,0.0
100.526,2026-06-26T00:38:10.737219,22512.039,52251.5,0.772,3549.104,16319.987,0.019,0.0
100.577,2026-06-26T00:38:10.788202,22512.039,52251.5,0.816,3549.105,16319.987,0.019,0.0
100.628,2026-06-26T00:38:10.839118,22512.066,52251.5,0.802,3549.106,16319.987,0.019,0.0
100.679,2026-06-26T00:38:10.890062,22505.621,52251.5,0.837,3549.107,16319.987,0.019,0.0
100.73,2026-06-26T00:38:10.940950,22516.652,52251.5,0.771,3549.108,16319.987,0.019,0.0
100.78,2026-06-26T00:38:10.991521,22516.652,52251.5,0.771,3549.109,16319.987,0.019,0.0
100.831,2026-06-26T00:38:11.042200,22516.652,52251.5,0.77,3549.11,16319.987,0.019,0.0
100.882,2026-06-26T00:38:11.093177,22516.652,52251.5,0.815,3549.111,16319.987,0.019,0.0
100.933,2026-06-26T00:38:11.144187,22516.656,52251.5,0.8,3549.111,16319.987,0.019,0.0
100.984,2026-06-26T00:38:11.195168,22501.539,52251.5,0.79,3549.112,16319.987,0.019,0.0
101.035,2026-06-26T00:38:11.246208,22501.539,52251.5,0.783,3549.113,16319.987,0.019,0.0
101.086,2026-06-26T00:38:11.297194,22501.539,52251.5,0.824,3549.114,16319.987,0.019,0.0
101.137,2026-06-26T00:38:11.348197,22501.539,52251.5,0.806,3549.115,16319.987,0.019,0.0
101.188,2026-06-26T00:38:11.399182,22501.539,52251.5,0.794,3549.116,16319.987,0.019,0.0
101.239,2026-06-26T00:38:11.450191,22501.539,52251.5,0.786,3549.117,16319.987,0.019,0.0
101.29,2026-06-26T00:38:11.501200,22501.539,52251.5,0.826,3549.118,16319.987,0.019,0.0
101.341,2026-06-26T00:38:11.552210,22505.543,52251.5,0.808,3549.119,16319.987,0.019,0.0
101.392,2026-06-26T00:38:11.603191,22505.543,52251.5,0.795,3549.12,16319.987,0.019,0.0
101.443,2026-06-26T00:38:11.654194,22505.543,52251.5,0.786,3549.121,16319.987,0.019,0.0
101.494,2026-06-26T00:38:11.705201,22507.996,52251.5,0.78,3549.122,16319.987,0.019,0.0
101.545,2026-06-26T00:38:11.756221,22516.574,52251.5,0.776,3549.123,16319.987,0.019,0.0
101.596,2026-06-26T00:38:11.807205,22516.574,52251.5,0.819,3549.124,16319.987,0.019,0.0
101.647,2026-06-26T00:38:11.858211,22516.637,52251.5,0.803,3549.125,16319.987,0.019,0.0
101.698,2026-06-26T00:38:11.909191,22516.637,52251.5,0.792,3549.126,16319.987,0.019,0.0
101.749,2026-06-26T00:38:11.960116,22520.641,52251.5,0.832,3549.127,16319.987,0.019,0.0
101.8,2026-06-26T00:38:12.010715,22505.613,52251.5,0.768,3549.128,16319.987,0.019,0.0
101.85,2026-06-26T00:38:12.061452,22505.613,52251.5,0.767,3549.129,16319.987,0.019,0.0
101.901,2026-06-26T00:38:12.112468,22505.613,52251.5,0.767,3549.13,16319.987,0.019,0.0
101.952,2026-06-26T00:38:12.163465,22505.613,52251.5,0.767,3549.131,16319.987,0.019,0.0
102.003,2026-06-26T00:38:12.214486,22509.328,52251.5,0.812,3549.132,16319.987,0.019,0.0
102.054,2026-06-26T00:38:12.265469,22512.699,52251.5,0.844,3549.133,16319.987,0.019,0.0
102.105,2026-06-26T00:38:12.316484,22512.77,52251.5,0.821,3549.134,16319.987,0.019,0.0
102.156,2026-06-26T00:38:12.367455,22512.77,52251.5,0.804,3549.135,16319.987,0.019,0.0
102.207,2026-06-26T00:38:12.418483,22512.77,52251.5,0.793,3549.136,16319.987,0.019,0.0
102.258,2026-06-26T00:38:12.469473,22512.77,52251.5,0.785,3549.137,16319.987,0.019,0.0
102.309,2026-06-26T00:38:12.520481,22478.434,52251.5,0.779,3549.138,16319.987,0.019,0.0
102.36,2026-06-26T00:38:12.571474,22465.688,52251.5,0.775,3549.139,16319.987,0.019,0.0
102.411,2026-06-26T00:38:12.622486,22465.691,52251.5,0.772,3549.14,16319.987,0.019,0.0
102.462,2026-06-26T00:38:12.673490,22465.691,52251.5,0.771,3549.141,16319.987,0.019,0.0
102.513,2026-06-26T00:38:12.724513,22465.691,52251.5,0.769,3549.142,16319.987,0.019,0.0
102.564,2026-06-26T00:38:12.775496,22465.691,52251.5,0.768,3549.143,16319.987,0.019,0.0
102.615,2026-06-26T00:38:12.826505,22464.684,52251.5,0.767,3549.144,16319.987,0.019,0.0
102.666,2026-06-26T00:38:12.877505,22473.68,52251.5,0.859,3549.145,16319.987,0.019,0.0
102.717,2026-06-26T00:38:12.928533,22473.68,52251.5,0.831,3549.146,16319.987,0.019,0.0
102.768,2026-06-26T00:38:12.979518,22473.68,52251.5,0.812,3549.147,16319.987,0.019,0.0
102.819,2026-06-26T00:38:13.030520,22473.68,52251.5,0.844,3549.148,16319.987,0.019,0.0
102.87,2026-06-26T00:38:13.081513,22473.68,52251.5,0.821,3549.149,16319.987,0.019,0.0
102.921,2026-06-26T00:38:13.132505,22465.676,52251.5,0.804,3549.15,16319.987,0.019,0.0
102.972,2026-06-26T00:38:13.183486,22463.73,52251.5,0.793,3549.151,16319.987,0.019,0.0
103.023,2026-06-26T00:38:13.234499,22463.73,52251.5,0.785,3549.152,16319.987,0.019,0.0
103.074,2026-06-26T00:38:13.285482,22463.73,52251.5,0.779,3549.153,16319.987,0.019,0.0
103.125,2026-06-26T00:38:13.336492,22463.73,52251.5,0.775,3549.154,16319.987,0.019,0.0
103.176,2026-06-26T00:38:13.387487,22457.676,52251.5,0.772,3549.155,16319.987,0.019,0.0
103.227,2026-06-26T00:38:13.438498,22456.145,52251.5,0.816,3549.156,16319.987,0.019,0.0
103.278,2026-06-26T00:38:13.489489,22456.145,52251.5,0.801,3549.157,16319.987,0.019,0.0
103.329,2026-06-26T00:38:13.540499,22456.145,52251.5,0.791,3549.158,16319.987,0.019,0.0
103.38,2026-06-26T00:38:13.591493,22456.145,52251.5,0.783,3549.159,16319.987,0.019,0.0
103.503,2026-06-26T00:38:13.713805,22461.973,52251.5,0.933,3549.505,16319.987,2.842,0.0
103.553,2026-06-26T00:38:13.764230,22461.973,52251.5,0.884,3549.506,16319.987,0.019,0.0
103.604,2026-06-26T00:38:13.814825,22461.973,52251.5,0.851,3549.507,16319.987,0.019,0.0
103.654,2026-06-26T00:38:13.865507,22461.973,52251.5,0.826,3549.508,16319.987,0.019,0.0
103.705,2026-06-26T00:38:13.916255,22473.004,52251.5,0.809,3549.509,16319.987,0.019,0.0
103.756,2026-06-26T00:38:13.967027,22449.965,52251.5,0.796,3549.51,16319.987,0.019,0.0
103.807,2026-06-26T00:38:14.018062,22449.965,52251.5,0.787,3549.511,16319.987,0.019,0.0
103.858,2026-06-26T00:38:14.069054,22449.965,52251.5,0.827,3549.512,16319.987,0.019,0.0
103.909,2026-06-26T00:38:14.120056,22448.668,52251.5,0.808,3549.513,16319.987,0.019,0.0
103.96,2026-06-26T00:38:14.171055,22448.73,52251.5,0.796,3549.514,16319.987,0.019,0.0
104.011,2026-06-26T00:38:14.222043,22448.793,52251.5,0.787,3549.515,16319.987,0.019,0.0
104.062,2026-06-26T00:38:14.273040,22447.395,52251.5,0.826,3549.516,16319.987,0.019,0.0
104.113,2026-06-26T00:38:14.324046,22447.395,52251.5,0.808,3549.517,16319.987,0.019,0.0
104.164,2026-06-26T00:38:14.375022,22447.395,52251.5,0.796,3549.518,16319.987,0.019,0.0
104.215,2026-06-26T00:38:14.426027,22459.402,52251.5,0.787,3549.519,16319.987,0.019,0.0
104.266,2026-06-26T00:38:14.476952,22459.402,52251.5,0.782,3549.52,16319.987,0.019,0.0
104.316,2026-06-26T00:38:14.527528,22456.758,52251.5,0.779,3549.521,16319.987,0.019,0.0
104.367,2026-06-26T00:38:14.578188,22456.758,52251.5,0.776,3549.522,16319.987,0.019,0.0
104.418,2026-06-26T00:38:14.629162,22456.758,52251.5,0.773,3549.523,16319.987,0.019,0.0
104.469,2026-06-26T00:38:14.680127,22468.766,52251.5,0.771,3549.524,16319.987,0.019,0.0
104.52,2026-06-26T00:38:14.731176,22444.75,52251.5,0.815,3549.525,16319.987,0.019,0.0
104.571,2026-06-26T00:38:14.782185,22444.75,52251.5,0.8,3549.526,16319.987,0.019,0.0
104.622,2026-06-26T00:38:14.833166,22452.754,52251.5,0.836,3549.527,16319.987,0.019,0.0
104.673,2026-06-26T00:38:14.884126,22444.75,52251.5,0.815,3549.528,16319.987,0.019,0.0
104.724,2026-06-26T00:38:14.935168,22459.762,52251.5,0.8,3549.529,16319.987,0.019,0.0
104.775,2026-06-26T00:38:14.986181,22459.762,52251.5,0.79,3549.53,16319.987,0.019,0.0
104.826,2026-06-26T00:38:15.037124,22454.867,52251.5,0.783,3549.531,16319.987,0.019,0.0
104.877,2026-06-26T00:38:15.088104,22454.867,52251.5,0.824,3549.532,16319.987,0.019,0.0
104.928,2026-06-26T00:38:15.139094,22454.867,52251.5,0.807,3549.533,16319.987,0.019,0.0
104.979,2026-06-26T00:38:15.190098,22454.867,52251.5,0.794,3549.534,16319.987,0.019,0.0
105.03,2026-06-26T00:38:15.241096,22454.867,52251.5,0.786,3549.535,16319.987,0.019,0.0
105.081,2026-06-26T00:38:15.292080,22460.871,52251.5,0.78,3549.536,16319.987,0.019,0.0
105.132,2026-06-26T00:38:15.343088,22468.879,52251.5,0.73,3549.537,16319.987,0.019,0.0
105.183,2026-06-26T00:38:15.394080,22449.871,52251.5,0.832,3549.538,16319.987,0.019,0.0
105.234,2026-06-26T00:38:15.445101,22449.871,52251.5,0.813,3549.539,16319.987,0.019,0.0
105.285,2026-06-26T00:38:15.496068,22449.871,52251.5,0.799,3549.54,16319.987,0.019,0.0
105.336,2026-06-26T00:38:15.546991,22449.871,52251.5,0.789,3549.541,16319.987,0.019,0.0
105.387,2026-06-26T00:38:15.597920,22454.875,52251.5,0.783,3549.542,16319.987,0.019,0.0
105.438,2026-06-26T00:38:15.648885,22454.875,52251.5,0.778,3549.542,16319.987,0.019,0.0
105.489,2026-06-26T00:38:15.699831,22461.129,52251.5,0.774,3549.543,16319.987,0.019,0.0
105.54,2026-06-26T00:38:15.750800,22461.129,52251.5,0.772,3549.544,16319.987,0.019,0.0
105.591,2026-06-26T00:38:15.801780,22468.43,52251.5,0.816,3549.545,16319.987,0.019,0.0
105.642,2026-06-26T00:38:15.852785,22490.969,52251.5,0.801,3549.546,16319.987,0.019,0.0
105.693,2026-06-26T00:38:15.903778,22490.988,52251.5,0.79,3549.547,16319.987,0.019,0.0
105.744,2026-06-26T00:38:15.954796,22490.988,52251.5,0.783,3549.548,16319.987,0.019,0.0
105.795,2026-06-26T00:38:16.005778,22503.57,52251.5,0.732,3549.549,16319.987,0.019,0.0
105.846,2026-06-26T00:38:16.056770,22498.996,52251.5,0.834,3549.55,16319.987,0.019,0.0
105.897,2026-06-26T00:38:16.107757,22498.996,52251.5,0.814,3549.551,16319.987,0.019,0.0
105.948,2026-06-26T00:38:16.158755,22498.996,52251.5,0.799,3549.552,16319.987,0.019,0.0
105.999,2026-06-26T00:38:16.209736,22507.0,52251.5,0.789,3549.553,16319.987,0.019,0.0
106.05,2026-06-26T00:38:16.260742,22474.988,52251.5,0.782,3549.554,16319.987,0.019,0.0
106.101,2026-06-26T00:38:16.311713,22474.988,52251.5,0.777,3549.555,16319.987,0.019,0.0
106.152,2026-06-26T00:38:16.362731,22474.988,52251.5,0.774,3549.556,16319.987,0.019,0.0
106.203,2026-06-26T00:38:16.413707,22474.992,52251.5,0.818,3549.557,16319.987,0.019,0.0
106.254,2026-06-26T00:38:16.464710,22474.992,52251.5,0.802,3549.558,16319.987,0.019,0.0
106.304,2026-06-26T00:38:16.515694,22482.996,52251.5,0.791,3549.559,16319.987,0.019,0.0
106.355,2026-06-26T00:38:16.566693,22482.996,52251.5,0.784,3549.56,16319.987,0.019,0.0
106.407,2026-06-26T00:38:16.617699,22482.996,52251.5,0.778,3549.561,16319.987,0.019,0.0
106.458,2026-06-26T00:38:16.668700,22482.996,52251.5,0.821,3549.562,16319.987,0.019,0.0
106.508,2026-06-26T00:38:16.719668,22483.008,52251.5,0.804,3549.563,16319.987,0.019,0.0
106.559,2026-06-26T00:38:16.770671,22494.062,52251.5,0.839,3549.564,16319.987,0.019,0.0
106.61,2026-06-26T00:38:16.821662,22470.023,52251.5,0.817,3549.565,16319.987,0.019,0.0
106.661,2026-06-26T00:38:16.872674,22470.023,52251.5,0.802,3549.566,16319.987,0.019,0.0
106.712,2026-06-26T00:38:16.923659,22478.027,52251.5,0.745,3549.567,16319.987,0.019,0.0
106.763,2026-06-26T00:38:16.974672,22470.023,52251.5,0.751,3549.568,16319.987,0.019,0.0
106.814,2026-06-26T00:38:17.025655,22475.027,52251.5,0.802,3549.569,16319.987,0.019,0.0
106.865,2026-06-26T00:38:17.076665,22485.031,52251.5,0.791,3549.57,16319.987,0.019,0.0
106.916,2026-06-26T00:38:17.127628,22485.031,52251.5,0.784,3549.571,16319.987,0.019,0.0
106.967,2026-06-26T00:38:17.178631,22490.559,52251.5,0.778,3549.572,16319.987,0.019,0.0
107.018,2026-06-26T00:38:17.229617,22490.562,52251.5,0.821,3549.573,16319.987,0.019,0.0
107.069,2026-06-26T00:38:17.280627,22490.562,52251.5,0.804,3549.574,16319.987,0.019,0.0
107.12,2026-06-26T00:38:17.331619,22490.562,52251.5,0.793,3549.575,16319.987,0.019,0.0
107.171,2026-06-26T00:38:17.382617,22490.562,52251.5,0.785,3549.576,16319.987,0.019,0.0
107.222,2026-06-26T00:38:17.433601,22496.566,52251.5,0.825,3549.577,16319.987,0.019,0.0
107.273,2026-06-26T00:38:17.484608,22504.57,52251.5,0.807,3549.578,16319.987,0.019,0.0
107.324,2026-06-26T00:38:17.535618,22481.859,52251.5,0.749,3549.579,16319.987,0.019,0.0
107.375,2026-06-26T00:38:17.586636,22481.859,52251.5,0.8,3549.58,16319.987,0.019,0.0
107.426,2026-06-26T00:38:17.637622,22481.859,52251.5,0.79,3549.581,16319.987,0.019,0.0
107.477,2026-06-26T00:38:17.688637,22481.859,52251.5,0.783,3549.582,16319.987,0.019,0.0
107.528,2026-06-26T00:38:17.739619,22481.859,52251.5,0.824,3549.583,16319.987,0.019,0.0
107.579,2026-06-26T00:38:17.790637,22486.863,52251.5,0.806,3549.584,16319.987,0.019,0.0
107.63,2026-06-26T00:38:17.841609,22486.863,52251.5,0.84,3549.585,16319.987,0.019,0.0
107.681,2026-06-26T00:38:17.892608,22496.73,52251.5,0.818,3549.586,16319.987,0.019,0.0
107.732,2026-06-26T00:38:17.943598,22504.164,52251.5,0.802,3549.587,16319.987,0.019,0.0
107.783,2026-06-26T00:38:17.994625,22513.957,52251.5,0.791,3549.588,16319.987,0.019,0.0
107.834,2026-06-26T00:38:18.045628,22541.488,52251.5,0.784,3549.589,16319.987,0.019,0.0
107.885,2026-06-26T00:38:18.096638,22544.309,52251.5,0.778,3549.59,16319.987,0.019,0.0
107.936,2026-06-26T00:38:18.147604,22544.309,52251.5,0.821,3549.591,16319.987,0.019,0.0
107.987,2026-06-26T00:38:18.198612,22546.641,52251.5,0.759,3549.592,16319.987,0.019,0.0
108.038,2026-06-26T00:38:18.249608,22548.316,52251.5,0.807,3549.593,16319.987,0.019,0.0
108.089,2026-06-26T00:38:18.300636,22556.32,52251.5,0.84,3549.594,16319.987,0.019,0.0
108.14,2026-06-26T00:38:18.351614,22556.32,52251.5,0.818,3549.595,16319.987,0.019,0.0
108.191,2026-06-26T00:38:18.402617,22564.324,52251.5,0.757,3549.596,16319.987,0.019,0.0
108.242,2026-06-26T00:38:18.453600,22532.312,52251.5,0.759,3549.597,16319.987,0.019,0.0
108.293,2026-06-26T00:38:18.504618,22532.312,52251.5,0.761,3549.598,16319.987,0.019,0.0
108.344,2026-06-26T00:38:18.555605,22532.312,52251.5,0.808,3549.599,16319.987,0.019,0.0
108.395,2026-06-26T00:38:18.606613,22540.316,52251.5,0.796,3549.6,16319.987,0.019,0.0
108.517,2026-06-26T00:38:18.727922,22552.633,52251.5,0.925,3549.946,16319.987,2.863,0.0
108.567,2026-06-26T00:38:18.778357,22566.008,52251.5,0.879,3549.947,16319.987,0.019,0.0
108.618,2026-06-26T00:38:18.828947,22582.195,52251.5,0.893,3549.948,16319.987,0.019,0.0
108.669,2026-06-26T00:38:18.879707,22574.617,52251.5,0.856,3549.949,16319.987,0.019,0.0
108.719,2026-06-26T00:38:18.930482,22568.613,52251.5,0.83,3549.95,16319.987,0.019,0.0
108.77,2026-06-26T00:38:18.981240,22568.629,52251.5,0.811,3549.951,16319.987,0.019,0.0
108.821,2026-06-26T00:38:19.032236,22569.059,52251.5,0.798,3549.952,16319.987,0.019,0.0
108.872,2026-06-26T00:38:19.083191,22569.059,52251.5,0.788,3549.953,16319.987,0.019,0.0
108.923,2026-06-26T00:38:19.134193,22571.379,52251.5,0.782,3549.954,16319.987,0.019,0.0
108.974,2026-06-26T00:38:19.185173,22573.059,52251.5,0.777,3549.955,16319.987,0.019,0.0
109.025,2026-06-26T00:38:19.236129,22573.059,52251.5,0.82,3549.956,16319.987,0.019,0.0
109.076,2026-06-26T00:38:19.287129,22573.059,52251.5,0.804,3549.957,16319.987,0.019,0.0
109.127,2026-06-26T00:38:19.338100,22573.059,52251.5,0.838,3549.958,16319.987,0.019,0.0
109.178,2026-06-26T00:38:19.389103,22573.07,52251.5,0.817,3549.959,16319.987,0.019,0.0
109.229,2026-06-26T00:38:19.440091,22573.078,52251.5,0.801,3549.96,16319.987,0.019,0.0
109.28,2026-06-26T00:38:19.491083,22573.078,52251.5,0.837,3549.961,16319.987,0.019,0.0
109.331,2026-06-26T00:38:19.542070,22573.078,52251.5,0.816,3549.962,16319.987,0.019,0.0
109.382,2026-06-26T00:38:19.593085,22573.086,52251.5,0.801,3549.963,16319.987,0.019,0.0
109.433,2026-06-26T00:38:19.644071,22573.086,52251.5,0.79,3549.964,16319.987,0.019,0.0
109.484,2026-06-26T00:38:19.695079,22577.801,52251.5,0.783,3549.965,16319.987,0.019,0.0
109.535,2026-06-26T00:38:19.746064,22585.98,52251.5,0.778,3549.966,16319.987,0.019,0.0
109.586,2026-06-26T00:38:19.797066,22592.305,52251.5,0.774,3549.967,16319.987,0.019,0.0
109.637,2026-06-26T00:38:19.848055,22596.391,52251.5,0.772,3549.967,16319.987,0.019,0.0
109.688,2026-06-26T00:38:19.899053,22596.391,52251.5,0.77,3549.968,16319.987,0.019,0.0
109.739,2026-06-26T00:38:19.950040,22606.414,52251.5,0.861,3549.969,16319.987,0.019,0.0
109.79,2026-06-26T00:38:20.001031,22613.086,52251.5,0.832,3549.97,16319.987,0.019,0.0
109.841,2026-06-26T00:38:20.052028,22622.258,52251.5,0.766,3549.971,16319.987,0.019,0.0
109.892,2026-06-26T00:38:20.103033,22631.188,52251.5,0.812,3549.972,16319.987,0.019,0.0
109.943,2026-06-26T00:38:20.153998,22639.777,52251.5,0.798,3549.973,16319.987,0.019,0.0
109.994,2026-06-26T00:38:20.205004,22647.773,52363.5,0.789,3549.974,16319.987,0.019,0.0
110.045,2026-06-26T00:38:20.255981,22656.57,52363.5,0.782,3549.975,16319.987,0.019,0.0
110.096,2026-06-26T00:38:20.307010,22661.695,52363.5,0.777,3549.976,16319.987,0.019,0.0
110.147,2026-06-26T00:38:20.357990,22670.168,52363.5,0.774,3549.977,16319.987,0.019,0.0
110.198,2026-06-26T00:38:20.408982,22678.648,52363.5,0.772,3549.978,16319.987,0.019,0.0
110.249,2026-06-26T00:38:20.459966,22687.016,52363.5,0.77,3549.979,16319.987,0.019,0.0
110.3,2026-06-26T00:38:20.510898,22695.461,52363.5,0.817,3549.98,16319.987,0.019,0.0
110.35,2026-06-26T00:38:20.561452,22714.238,52363.5,0.757,3549.981,16319.987,0.019,0.0
110.401,2026-06-26T00:38:20.612072,22731.758,52363.5,0.853,3549.982,16319.987,0.019,0.0
110.452,2026-06-26T00:38:20.663070,22731.758,52363.5,0.827,3549.983,16319.987,0.019,0.0
110.503,2026-06-26T00:38:20.714039,22731.758,52363.5,0.809,3549.984,16319.987,0.019,0.0
110.554,2026-06-26T00:38:20.765038,22731.77,52363.5,0.796,3549.985,16319.987,0.019,0.0
110.605,2026-06-26T00:38:20.816030,22731.77,52363.5,0.787,3549.986,16319.987,0.019,0.0
110.656,2026-06-26T00:38:20.866988,22723.742,52363.5,0.827,3549.987,16319.987,0.019,0.0
110.707,2026-06-26T00:38:20.917943,22672.102,52363.5,0.808,3549.988,16319.987,0.019,0.0
110.758,2026-06-26T00:38:20.968943,22672.102,52363.5,0.796,3549.989,16319.987,0.019,0.0
110.809,2026-06-26T00:38:21.019934,22670.422,52363.5,0.787,3549.99,16319.987,0.019,0.0
110.86,2026-06-26T00:38:21.070925,22670.422,52363.5,0.827,3549.991,16319.987,0.019,0.0
110.911,2026-06-26T00:38:21.121898,22668.703,52363.5,0.809,3549.992,16319.987,0.019,0.0
110.962,2026-06-26T00:38:21.172884,22668.703,52363.5,0.796,3549.993,16319.987,0.019,0.0
111.013,2026-06-26T00:38:21.223879,22668.703,52363.5,0.787,3549.994,16319.987,0.019,0.0
111.064,2026-06-26T00:38:21.274884,22668.703,52363.5,0.781,3549.995,16319.987,0.019,0.0
111.115,2026-06-26T00:38:21.325867,22667.125,52363.5,0.776,3549.996,16319.987,0.019,0.0
111.166,2026-06-26T00:38:21.376867,22667.125,52363.5,0.773,3549.997,16319.987,0.019,0.0
111.217,2026-06-26T00:38:21.427836,22667.125,52363.5,0.771,3549.998,16319.987,0.019,0.0
111.268,2026-06-26T00:38:21.478852,22667.125,52363.5,0.77,3549.999,16319.987,0.019,0.0
111.319,2026-06-26T00:38:21.529827,22665.125,52363.5,0.769,3550.0,16319.987,0.019,0.0
111.37,2026-06-26T00:38:21.580818,22665.125,52363.5,0.814,3550.001,16319.987,0.019,0.0
111.421,2026-06-26T00:38:21.631799,22665.125,52363.5,0.8,3550.002,16319.987,0.019,0.0
111.472,2026-06-26T00:38:21.682791,22663.371,52363.5,0.789,3550.003,16319.987,0.019,0.0
111.523,2026-06-26T00:38:21.733796,22663.371,52363.5,0.828,3550.004,16319.987,0.019,0.0
111.574,2026-06-26T00:38:21.784794,22663.449,52363.5,0.81,3550.005,16319.987,0.019,0.0
111.625,2026-06-26T00:38:21.835768,22663.449,52363.5,0.751,3550.006,16319.987,0.019,0.0
111.676,2026-06-26T00:38:21.886776,22671.453,52363.5,0.801,3550.007,16319.987,0.019,0.0
111.727,2026-06-26T00:38:21.937768,22685.352,52363.5,0.791,3550.008,16319.987,0.019,0.0
111.778,2026-06-26T00:38:21.988781,22663.449,52363.5,0.783,3550.009,16319.987,0.019,0.0
111.829,2026-06-26T00:38:22.039768,22663.449,52363.5,0.778,3550.01,16319.987,0.019,0.0
111.88,2026-06-26T00:38:22.090770,22671.453,52363.5,0.82,3550.011,16319.987,0.019,0.0
111.931,2026-06-26T00:38:22.141734,22670.395,52363.5,0.758,3550.012,16319.987,0.019,0.0
111.982,2026-06-26T00:38:22.192736,22670.395,52363.5,0.806,3550.013,16319.987,0.019,0.0
112.033,2026-06-26T00:38:22.243727,22670.395,52363.5,0.794,3550.014,16319.987,0.019,0.0
112.084,2026-06-26T00:38:22.294734,22670.395,52363.5,0.786,3550.015,16319.987,0.019,0.0
112.135,2026-06-26T00:38:22.345703,22670.398,52363.5,0.826,3550.016,16319.987,0.019,0.0
112.186,2026-06-26T00:38:22.396711,22670.398,52363.5,0.808,3550.017,16319.987,0.019,0.0
112.237,2026-06-26T00:38:22.447703,22670.398,52363.5,0.795,3550.018,16319.987,0.019,0.0
112.288,2026-06-26T00:38:22.498701,22674.418,52363.5,0.787,3550.019,16319.987,0.019,0.0
112.338,2026-06-26T00:38:22.549685,22680.078,52363.5,0.781,3550.02,16319.987,0.019,0.0
112.389,2026-06-26T00:38:22.600664,22686.879,52363.5,0.776,3550.021,16319.987,0.019,0.0
112.44,2026-06-26T00:38:22.651656,22693.508,52363.5,0.773,3550.022,16319.987,0.019,0.0
112.491,2026-06-26T00:38:22.702656,22700.074,52363.5,0.817,3550.023,16319.987,0.019,0.0
112.542,2026-06-26T00:38:22.753630,22704.32,52363.5,0.802,3550.024,16319.987,0.019,0.0
112.593,2026-06-26T00:38:22.804634,22706.402,52363.5,0.745,3550.025,16319.987,0.019,0.0
112.644,2026-06-26T00:38:22.855603,22708.258,52363.5,0.797,3550.026,16319.987,0.019,0.0
112.695,2026-06-26T00:38:22.906634,22711.723,52363.5,0.742,3550.027,16319.987,0.019,0.0
112.746,2026-06-26T00:38:22.957619,22718.793,52363.5,0.795,3550.028,16319.987,0.019,0.0
112.797,2026-06-26T00:38:23.008622,22726.559,52363.5,0.832,3550.029,16319.987,0.019,0.0
112.848,2026-06-26T00:38:23.059603,22732.848,52363.5,0.812,3550.03,16319.987,0.019,0.0
112.899,2026-06-26T00:38:23.110587,22740.52,52491.5,0.799,3550.031,16319.987,0.019,0.0
112.95,2026-06-26T00:38:23.161575,22746.836,52491.5,0.789,3550.032,16319.987,0.019,0.0
113.001,2026-06-26T00:38:23.212574,22754.273,52491.5,0.874,3550.033,16319.987,0.019,0.0
113.052,2026-06-26T00:38:23.263552,22758.578,52491.5,0.796,3550.034,16319.987,0.019,0.0
113.103,2026-06-26T00:38:23.314549,22765.871,52491.5,0.833,3550.035,16319.987,0.019,0.0
113.154,2026-06-26T00:38:23.365544,22772.926,52491.5,0.813,3550.036,16319.987,0.019,0.0
113.205,2026-06-26T00:38:23.416551,22780.125,52491.5,0.798,3550.037,16319.987,0.019,0.0
113.256,2026-06-26T00:38:23.467537,22793.586,52491.5,0.789,3550.038,16319.987,0.019,0.0
113.307,2026-06-26T00:38:23.518531,22811.188,52491.5,0.782,3550.039,16319.987,0.019,0.0
113.358,2026-06-26T00:38:23.569511,22821.195,52491.5,0.823,3550.039,16319.987,0.019,0.0
113.409,2026-06-26T00:38:23.620527,22821.195,52491.5,0.806,3550.04,16319.987,0.019,0.0
113.53,2026-06-26T00:38:23.740982,22821.215,52491.5,0.935,3550.387,16319.987,2.884,0.0
113.58,2026-06-26T00:38:23.791417,22821.215,52491.5,0.84,3550.388,16319.987,0.02,0.0
113.631,2026-06-26T00:38:23.842004,22804.156,52491.5,0.819,3550.389,16319.987,0.019,0.0
113.682,2026-06-26T00:38:23.892736,22778.145,52491.5,0.804,3550.39,16319.987,0.019,0.0
113.732,2026-06-26T00:38:23.943499,22778.145,52491.5,0.794,3550.391,16319.987,0.019,0.0
113.783,2026-06-26T00:38:23.994269,22771.602,52491.5,0.786,3550.392,16319.987,0.019,0.0
113.834,2026-06-26T00:38:24.045224,22771.602,52491.5,0.78,3550.393,16319.987,0.019,0.0
113.885,2026-06-26T00:38:24.096219,22771.602,52491.5,0.822,3550.394,16319.987,0.019,0.0
113.936,2026-06-26T00:38:24.147181,22771.602,52491.5,0.851,3550.395,16319.987,0.019,0.0
113.987,2026-06-26T00:38:24.198127,22771.602,52491.5,0.825,3550.396,16319.987,0.019,0.0
114.038,2026-06-26T00:38:24.249166,22767.07,52491.5,0.808,3550.397,16319.987,0.019,0.0
114.089,2026-06-26T00:38:24.300130,22767.07,52491.5,0.795,3550.397,16319.987,0.019,0.0
114.14,2026-06-26T00:38:24.351117,22767.07,52491.5,0.787,3550.398,16319.987,0.019,0.0
114.191,2026-06-26T00:38:24.402050,22767.07,52491.5,0.781,3550.399,16319.987,0.019,0.0
114.242,2026-06-26T00:38:24.452912,22765.051,52491.5,0.777,3550.4,16319.987,0.019,0.0
114.293,2026-06-26T00:38:24.503911,22763.953,52491.5,0.773,3550.401,16319.987,0.019,0.0
114.344,2026-06-26T00:38:24.554911,22763.953,52491.5,0.771,3550.402,16319.987,0.019,0.0
114.395,2026-06-26T00:38:24.605882,22763.953,52491.5,0.77,3550.403,16319.987,0.019,0.0
114.446,2026-06-26T00:38:24.656873,22763.953,52491.5,0.815,3550.404,16319.987,0.019,0.0
114.497,2026-06-26T00:38:24.707828,22755.367,52491.5,0.8,3550.405,16319.987,0.019,0.0
114.548,2026-06-26T00:38:24.758830,22755.367,52491.5,0.836,3550.406,16319.987,0.019,0.0
114.599,2026-06-26T00:38:24.809807,22759.293,52491.5,0.861,3550.407,16319.987,0.019,0.0
114.65,2026-06-26T00:38:24.860811,22776.727,52491.5,0.786,3550.408,16319.987,0.019,0.0
114.701,2026-06-26T00:38:24.911786,22755.367,52491.5,0.826,3550.409,16319.987,0.019,0.0
114.752,2026-06-26T00:38:24.962809,22755.367,52491.5,0.808,3550.41,16319.987,0.019,0.0
114.803,2026-06-26T00:38:25.013788,22755.367,52491.5,0.795,3550.411,16319.987,0.019,0.0
114.854,2026-06-26T00:38:25.064781,22754.055,52491.5,0.787,3550.412,16319.987,0.019,0.0
114.905,2026-06-26T00:38:25.115747,22762.059,52491.5,0.78,3550.413,16319.987,0.019,0.0
114.956,2026-06-26T00:38:25.166753,22767.551,52491.5,0.776,3550.414,16319.987,0.019,0.0
115.007,2026-06-26T00:38:25.217736,22766.305,52491.5,0.819,3550.415,16319.987,0.019,0.0
115.058,2026-06-26T00:38:25.268744,22766.305,52491.5,0.803,3550.416,16319.987,0.019,0.0
115.109,2026-06-26T00:38:25.319721,22766.305,52491.5,0.792,3550.417,16319.987,0.019,0.0
115.16,2026-06-26T00:38:25.370717,22766.305,52491.5,0.784,3550.418,16319.987,0.019,0.0
115.211,2026-06-26T00:38:25.421715,22766.305,52491.5,0.779,3550.419,16319.987,0.019,0.0
115.262,2026-06-26T00:38:25.472717,22766.305,52491.5,0.775,3550.42,16319.987,0.019,0.0
115.312,2026-06-26T00:38:25.523693,22761.656,52491.5,0.772,3550.421,16319.987,0.019,0.0
115.364,2026-06-26T00:38:25.574699,22761.656,52491.5,0.862,3550.422,16319.987,0.019,0.0
115.414,2026-06-26T00:38:25.625676,22760.664,52491.5,0.833,3550.423,16319.987,0.019,0.0
115.465,2026-06-26T00:38:25.676693,22760.664,52491.5,0.813,3550.424,16319.987,0.019,0.0
115.516,2026-06-26T00:38:25.727666,22760.664,52491.5,0.799,3550.425,16319.987,0.019,0.0
115.567,2026-06-26T00:38:25.778659,22760.664,52491.5,0.789,3550.426,16319.987,0.019,0.0
115.618,2026-06-26T00:38:25.829633,22760.664,52491.5,0.782,3550.427,16319.987,0.019,0.0
115.669,2026-06-26T00:38:25.880648,22760.664,52491.5,0.777,3550.428,16319.987,0.019,0.0
115.72,2026-06-26T00:38:25.931633,22757.25,52491.5,0.774,3550.429,16319.987,0.019,0.0
115.771,2026-06-26T00:38:25.982659,22757.25,52491.5,0.772,3550.43,16319.987,0.019,0.0
115.822,2026-06-26T00:38:26.033625,22756.102,52491.5,0.816,3550.431,16319.987,0.019,0.0
115.873,2026-06-26T00:38:26.084630,22755.73,52491.5,0.801,3550.432,16319.987,0.019,0.0
115.924,2026-06-26T00:38:26.135617,22755.73,52491.5,0.79,3550.433,16319.987,0.019,0.0
115.975,2026-06-26T00:38:26.186632,22755.73,52491.5,0.783,3550.434,16319.987,0.019,0.0
116.026,2026-06-26T00:38:26.237620,22763.734,52491.5,0.778,3550.435,16319.987,0.019,0.0
116.077,2026-06-26T00:38:26.288619,22777.527,52491.5,0.775,3550.436,16319.987,0.019,0.0
116.128,2026-06-26T00:38:26.339601,22777.633,52491.5,0.772,3550.437,16319.987,0.019,0.0
116.179,2026-06-26T00:38:26.390611,22755.73,52491.5,0.77,3550.438,16319.987,0.019,0.0
116.23,2026-06-26T00:38:26.441591,22746.883,52491.5,0.815,3550.439,16319.987,0.019,0.0
116.281,2026-06-26T00:38:26.492589,22746.883,52491.5,0.8,3550.44,16319.987,0.019,0.0
116.332,2026-06-26T00:38:26.543573,22746.883,52491.5,0.79,3550.441,16319.987,0.019,0.0
116.383,2026-06-26T00:38:26.594581,22746.883,52491.5,0.829,3550.442,16319.987,0.019,0.0
116.434,2026-06-26T00:38:26.645558,22746.883,52491.5,0.81,3550.443,16319.987,0.019,0.0
116.485,2026-06-26T00:38:26.696548,22754.887,52491.5,0.797,3550.444,16319.987,0.019,0.0
116.536,2026-06-26T00:38:26.747522,22746.883,52491.5,0.834,3550.445,16319.987,0.019,0.0
116.587,2026-06-26T00:38:26.798526,22746.883,52491.5,0.813,3550.446,16319.987,0.019,0.0
116.638,2026-06-26T00:38:26.849530,22746.883,52491.5,0.799,3550.447,16319.987,0.019,0.0
116.689,2026-06-26T00:38:26.900532,22746.883,52491.5,0.789,3550.448,16319.987,0.019,0.0
116.74,2026-06-26T00:38:26.951518,22746.883,52491.5,0.782,3550.449,16319.987,0.019,0.0
116.791,2026-06-26T00:38:27.002516,22746.883,52491.5,0.778,3550.45,16319.987,0.019,0.0
116.842,2026-06-26T00:38:27.053492,22756.887,52491.5,0.82,3550.451,16319.987,0.019,0.0
116.893,2026-06-26T00:38:27.104514,22753.754,52491.5,0.804,3550.452,16319.987,0.019,0.0
116.944,2026-06-26T00:38:27.155476,22753.754,52491.5,0.792,3550.453,16319.987,0.019,0.0
116.995,2026-06-26T00:38:27.206465,22762.43,52491.5,0.784,3550.454,16319.987,0.019,0.0
117.046,2026-06-26T00:38:27.257437,22761.188,52491.5,0.825,3550.455,16319.987,0.019,0.0
117.097,2026-06-26T00:38:27.308446,22761.188,52491.5,0.807,3550.456,16319.987,0.019,0.0
117.148,2026-06-26T00:38:27.359437,22757.188,52491.5,0.795,3550.457,16319.987,0.019,0.0
117.199,2026-06-26T00:38:27.410440,22767.719,52491.5,0.786,3550.458,16319.987,0.019,0.0
117.25,2026-06-26T00:38:27.461420,22781.395,52491.5,0.78,3550.459,16319.987,0.019,0.0
117.301,2026-06-26T00:38:27.512422,22781.617,52491.5,0.776,3550.46,16319.987,0.019,0.0
117.352,2026-06-26T00:38:27.563404,22759.719,52491.5,0.773,3550.461,16319.987,0.019,0.0
117.403,2026-06-26T00:38:27.614405,22759.719,52491.5,0.771,3550.462,16319.987,0.019,0.0
117.454,2026-06-26T00:38:27.665385,22759.719,52491.5,0.769,3550.463,16319.987,0.019,0.0
117.505,2026-06-26T00:38:27.716375,22728.047,52491.5,0.814,3550.464,16319.987,0.019,0.0
117.556,2026-06-26T00:38:27.767361,22728.047,52491.5,0.8,3550.465,16319.987,0.019,0.0
117.607,2026-06-26T00:38:27.818364,22728.047,52491.5,0.79,3550.466,16319.987,0.019,0.0
117.658,2026-06-26T00:38:27.869341,22728.047,52491.5,0.783,3550.467,16319.987,0.019,0.0
117.709,2026-06-26T00:38:27.920288,22722.141,52491.5,0.778,3550.468,16319.987,0.019,0.0
117.76,2026-06-26T00:38:27.971235,22722.141,52491.5,0.82,3550.469,16319.987,0.019,0.0
117.811,2026-06-26T00:38:28.022209,22728.445,52491.5,0.758,3550.47,16319.987,0.019,0.0
117.862,2026-06-26T00:38:28.073206,22728.445,52491.5,0.761,3550.471,16319.987,0.019,0.0
117.913,2026-06-26T00:38:28.124166,22727.379,52491.5,0.762,3550.472,16319.987,0.019,0.0
117.964,2026-06-26T00:38:28.175118,22737.379,52491.5,0.856,3550.473,16319.987,0.019,0.0
118.015,2026-06-26T00:38:28.226107,22735.199,52491.5,0.829,3550.474,16319.987,0.019,0.0
118.066,2026-06-26T00:38:28.277102,22735.199,52491.5,0.81,3550.475,16319.987,0.019,0.0
118.117,2026-06-26T00:38:28.328092,22735.199,52491.5,0.797,3550.476,16319.987,0.019,0.0
118.168,2026-06-26T00:38:28.379061,22743.203,52491.5,0.787,3550.477,16319.987,0.019,0.0
118.219,2026-06-26T00:38:28.430051,22756.926,52491.5,0.827,3550.478,16319.987,0.019,0.0
118.27,2026-06-26T00:38:28.481033,22757.098,52491.5,0.855,3550.478,16319.987,0.019,0.0
118.321,2026-06-26T00:38:28.532041,22735.199,52491.5,0.828,3550.479,16319.987,0.019,0.0
118.372,2026-06-26T00:38:28.583007,22735.199,52491.5,0.809,3550.48,16319.987,0.019,0.0
118.423,2026-06-26T00:38:28.633998,22735.199,52491.5,0.796,3550.481,16319.987,0.019,0.0
118.543,2026-06-26T00:38:28.753979,22715.516,52491.5,0.91,3550.828,16319.987,2.896,0.0
118.593,2026-06-26T00:38:28.804412,22715.516,52491.5,0.869,3550.829,16319.987,0.02,0.0
118.644,2026-06-26T00:38:28.854999,22715.516,52491.5,0.839,3550.83,16319.987,0.02,0.0
118.695,2026-06-26T00:38:28.905715,22721.805,52491.5,0.865,3550.831,16319.987,0.019,0.0
118.745,2026-06-26T00:38:28.956485,22701.801,52491.5,0.836,3550.832,16319.987,0.019,0.0
118.796,2026-06-26T00:38:29.007247,22691.469,52491.5,0.816,3550.833,16319.987,0.019,0.0
118.847,2026-06-26T00:38:29.058208,22691.469,52491.5,0.801,3550.834,16319.987,0.019,0.0
118.898,2026-06-26T00:38:29.109182,22688.23,52491.5,0.791,3550.835,16319.987,0.019,0.0
118.949,2026-06-26T00:38:29.160128,22688.23,52491.5,0.783,3550.835,16319.987,0.019,0.0
119.0,2026-06-26T00:38:29.211121,22688.23,52491.5,0.778,3550.836,16319.987,0.019,0.0
119.051,2026-06-26T00:38:29.262094,22688.23,52491.5,0.775,3550.837,16319.987,0.019,0.0
119.102,2026-06-26T00:38:29.313080,22685.875,52491.5,0.772,3550.838,16319.987,0.019,0.0
119.153,2026-06-26T00:38:29.364074,22685.875,52491.5,0.862,3550.839,16319.987,0.019,0.0
119.204,2026-06-26T00:38:29.415035,22685.875,52491.5,0.834,3550.84,16319.987,0.019,0.0
119.255,2026-06-26T00:38:29.465822,22679.602,52491.5,0.814,3550.841,16319.987,0.019,0.0
119.306,2026-06-26T00:38:29.516817,22679.602,52491.5,0.8,3550.842,16319.987,0.019,0.0
119.357,2026-06-26T00:38:29.567791,22679.602,52491.5,0.789,3550.843,16319.987,0.019,0.0
119.408,2026-06-26T00:38:29.618814,22695.605,52491.5,0.782,3550.844,16319.987,0.019,0.0
119.459,2026-06-26T00:38:29.669786,22701.504,52491.5,0.869,3550.845,16319.987,0.019,0.0
119.51,2026-06-26T00:38:29.720793,22679.602,52491.5,0.838,3550.846,16319.987,0.019,0.0
119.561,2026-06-26T00:38:29.771767,22679.602,52491.5,0.817,3550.847,16319.987,0.019,0.0
119.612,2026-06-26T00:38:29.822777,22657.02,52491.5,0.756,3550.848,16319.987,0.019,0.0
119.663,2026-06-26T00:38:29.873775,22657.02,52491.5,0.804,3550.849,16319.987,0.019,0.0
119.714,2026-06-26T00:38:29.924778,22657.02,52491.5,0.793,3550.85,16319.987,0.019,0.0
119.765,2026-06-26T00:38:29.975765,22657.02,52491.5,0.785,3550.851,16319.987,0.019,0.0
119.816,2026-06-26T00:38:30.026766,22657.02,52491.5,0.779,3550.852,16319.987,0.019,0.0
119.867,2026-06-26T00:38:30.077747,22657.02,52491.5,0.775,3550.853,16319.987,0.019,0.0
119.918,2026-06-26T00:38:30.128756,22657.02,52491.5,0.773,3550.854,16319.987,0.019,0.0
119.969,2026-06-26T00:38:30.179732,22657.02,52491.5,0.771,3550.855,16319.987,0.019,0.0
120.02,2026-06-26T00:38:30.230734,22657.02,52491.5,0.769,3550.856,16319.987,0.019,0.0
120.071,2026-06-26T00:38:30.281715,22657.02,52491.5,0.768,3550.857,16319.987,0.019,0.0
120.122,2026-06-26T00:38:30.332735,22662.023,52491.5,0.814,3550.858,16319.987,0.019,0.0
120.173,2026-06-26T00:38:30.383706,22662.023,52491.5,0.799,3550.859,16319.987,0.019,0.0
120.224,2026-06-26T00:38:30.434707,22672.027,52491.5,0.789,3550.86,16319.987,0.019,0.0
120.274,2026-06-26T00:38:30.485683,22672.027,52491.5,0.782,3550.861,16319.987,0.019,0.0
120.326,2026-06-26T00:38:30.536700,22682.027,52491.5,0.778,3550.862,16319.987,0.019,0.0
120.376,2026-06-26T00:38:30.587678,22682.027,52491.5,0.82,3550.863,16319.987,0.019,0.0
120.427,2026-06-26T00:38:30.638673,22682.027,52491.5,0.85,3550.864,16319.987,0.019,0.0
120.478,2026-06-26T00:38:30.689655,22680.777,52491.5,0.825,3550.865,16319.987,0.019,0.0
120.529,2026-06-26T00:38:30.740634,22680.777,52491.5,0.807,3550.866,16319.987,0.019,0.0
120.58,2026-06-26T00:38:30.791632,22696.781,52491.5,0.795,3550.867,16319.987,0.019,0.0
120.631,2026-06-26T00:38:30.842631,22702.676,52491.5,0.786,3550.868,16319.987,0.019,0.0
120.682,2026-06-26T00:38:30.893610,22680.777,52491.5,0.734,3550.869,16319.987,0.019,0.0
120.733,2026-06-26T00:38:30.944617,22680.777,52491.5,0.836,3550.87,16319.987,0.019,0.0
120.784,2026-06-26T00:38:30.995604,22680.777,52491.5,0.815,3550.871,16319.987,0.019,0.0
120.835,2026-06-26T00:38:31.046635,22671.164,52491.5,0.8,3550.872,16319.987,0.019,0.0
120.886,2026-06-26T00:38:31.097570,22651.16,52491.5,0.79,3550.873,16319.987,0.019,0.0
120.937,2026-06-26T00:38:31.148533,22651.16,52491.5,0.829,3550.874,16319.987,0.019,0.0
120.988,2026-06-26T00:38:31.199501,22651.16,52491.5,0.81,3550.875,16319.987,0.019,0.0
121.039,2026-06-26T00:38:31.250520,22651.16,52491.5,0.797,3550.876,16319.987,0.019,0.0
121.09,2026-06-26T00:38:31.301509,22647.77,52491.5,0.788,3550.877,16319.987,0.019,0.0
121.141,2026-06-26T00:38:31.352515,22647.77,52491.5,0.781,3550.878,16319.987,0.019,0.0
121.192,2026-06-26T00:38:31.403472,22656.699,52491.5,0.777,3550.879,16319.987,0.019,0.0
121.243,2026-06-26T00:38:31.454457,22656.699,52491.5,0.774,3550.88,16319.987,0.019,0.0
121.294,2026-06-26T00:38:31.505445,22660.23,52491.5,0.771,3550.881,16319.987,0.019,0.0
121.345,2026-06-26T00:38:31.556444,22665.664,52491.5,0.77,3550.882,16319.987,0.019,0.0
121.396,2026-06-26T00:38:31.607432,22665.664,52491.5,0.769,3550.883,16319.987,0.019,0.0
121.447,2026-06-26T00:38:31.658432,22664.695,52491.5,0.814,3550.884,16319.987,0.019,0.0
121.498,2026-06-26T00:38:31.709415,22664.695,52491.5,0.8,3550.885,16319.987,0.019,0.0
121.549,2026-06-26T00:38:31.760464,22673.852,52491.5,0.789,3550.886,16319.987,0.019,0.0
121.6,2026-06-26T00:38:31.811439,22686.594,52491.5,0.782,3550.887,16319.987,0.019,0.0
121.651,2026-06-26T00:38:31.862444,22686.594,52491.5,0.778,3550.888,16319.987,0.019,0.0
121.702,2026-06-26T00:38:31.913417,22664.695,52491.5,0.774,3550.889,16319.987,0.019,0.0
121.753,2026-06-26T00:38:31.964456,22664.695,52491.5,0.772,3550.89,16319.987,0.019,0.0
121.804,2026-06-26T00:38:32.015435,22664.695,52491.5,0.77,3550.891,16319.987,0.019,0.0
121.855,2026-06-26T00:38:32.066423,22664.695,52491.5,0.769,3550.892,16319.987,0.019,0.0
121.906,2026-06-26T00:38:32.117403,22655.305,52491.5,0.768,3550.893,16319.987,0.019,0.0
121.957,2026-06-26T00:38:32.168376,22655.305,52491.5,0.813,3550.894,16319.987,0.019,0.0
122.008,2026-06-26T00:38:32.219376,22655.305,52491.5,0.845,3550.895,16319.987,0.019,0.0
122.059,2026-06-26T00:38:32.270377,22655.621,52491.5,0.821,3550.896,16319.987,0.019,0.0
122.11,2026-06-26T00:38:32.321357,22645.398,52491.5,0.805,3550.897,16319.987,0.019,0.0
122.161,2026-06-26T00:38:32.372357,22641.391,52491.5,0.793,3550.898,16319.987,0.019,0.0
122.212,2026-06-26T00:38:32.423339,22629.223,52491.5,0.785,3550.899,16319.987,0.019,0.0
122.263,2026-06-26T00:38:32.474361,22627.781,52491.5,0.779,3550.9,16319.987,0.019,0.0
122.314,2026-06-26T00:38:32.525334,22627.781,52491.5,0.775,3550.901,16319.987,0.019,0.0
122.365,2026-06-26T00:38:32.576292,22627.781,52491.5,0.819,3550.902,16319.987,0.019,0.0
122.416,2026-06-26T00:38:32.627245,22627.781,52491.5,0.803,3550.903,16319.987,0.019,0.0
122.467,2026-06-26T00:38:32.678206,22627.781,52491.5,0.792,3550.904,16319.987,0.019,0.0
122.518,2026-06-26T00:38:32.729206,22627.781,52491.5,0.83,3550.905,16319.987,0.019,0.0
122.569,2026-06-26T00:38:32.780173,22627.781,52491.5,0.811,3550.906,16319.987,0.019,0.0
122.62,2026-06-26T00:38:32.831117,22627.781,52491.5,0.797,3550.907,16319.987,0.019,0.0
122.671,2026-06-26T00:38:32.882120,22626.691,52491.5,0.834,3550.908,16319.987,0.019,0.0
122.722,2026-06-26T00:38:32.933102,22626.691,52491.5,0.814,3550.909,16319.987,0.019,0.0
122.773,2026-06-26T00:38:32.984115,22626.691,52491.5,0.799,3550.91,16319.987,0.019,0.0
122.824,2026-06-26T00:38:33.035091,22626.691,52491.5,0.79,3550.911,16319.987,0.019,0.0
122.875,2026-06-26T00:38:33.086051,22626.691,52491.5,0.783,3550.912,16319.987,0.019,0.0
122.926,2026-06-26T00:38:33.137025,22626.691,52491.5,0.778,3550.913,16319.987,0.019,0.0
122.977,2026-06-26T00:38:33.188018,22626.691,52491.5,0.774,3550.914,16319.987,0.019,0.0
123.028,2026-06-26T00:38:33.238999,22626.691,52491.5,0.772,3550.915,16319.987,0.019,0.0
123.079,2026-06-26T00:38:33.290003,22626.691,52491.5,0.862,3550.916,16319.987,0.019,0.0
123.13,2026-06-26T00:38:33.340973,22616.938,52491.5,0.787,3550.917,16319.987,0.019,0.0
123.181,2026-06-26T00:38:33.391995,22616.938,52491.5,0.827,3550.918,16319.987,0.019,0.0
123.232,2026-06-26T00:38:33.442970,22616.938,52491.5,0.809,3550.918,16319.987,0.019,0.0
123.283,2026-06-26T00:38:33.493962,22616.938,52491.5,0.796,3550.919,16319.987,0.019,0.0
123.334,2026-06-26T00:38:33.544941,22616.938,52491.5,0.787,3550.92,16319.987,0.019,0.0
123.385,2026-06-26T00:38:33.595928,22616.938,52491.5,0.781,3550.921,16319.987,0.019,0.0
123.436,2026-06-26T00:38:33.646934,22616.938,52491.5,0.776,3550.922,16319.987,0.019,0.0
123.556,2026-06-26T00:38:33.767115,22616.938,52491.5,0.915,3551.269,16319.987,2.892,0.0
123.606,2026-06-26T00:38:33.817547,22616.938,52491.5,0.872,3551.27,16319.987,0.02,0.0
123.657,2026-06-26T00:38:33.868130,22616.938,52491.5,0.842,3551.271,16319.987,0.019,0.0
123.708,2026-06-26T00:38:33.918858,22616.938,52491.5,0.82,3551.272,16319.987,0.019,0.0
123.758,2026-06-26T00:38:33.969652,22616.938,52491.5,0.805,3551.273,16319.987,0.019,0.0
123.809,2026-06-26T00:38:34.020454,22616.938,52491.5,0.839,3551.274,16319.987,0.019,0.0
123.86,2026-06-26T00:38:34.071437,22616.938,52491.5,0.818,3551.275,16319.987,0.019,0.0
123.911,2026-06-26T00:38:34.122446,22616.938,52491.5,0.848,3551.276,16319.987,0.019,0.0
123.962,2026-06-26T00:38:34.173403,22616.938,52491.5,0.823,3551.277,16319.987,0.019,0.0
124.013,2026-06-26T00:38:34.224406,22613.012,52491.5,0.806,3551.278,16319.987,0.019,0.0
124.064,2026-06-26T00:38:34.275398,22613.012,52491.5,0.794,3551.278,16319.987,0.019,0.0
124.115,2026-06-26T00:38:34.326401,22613.012,52491.5,0.786,3551.279,16319.987,0.019,0.0
124.166,2026-06-26T00:38:34.377383,22613.012,52491.5,0.78,3551.28,16319.987,0.019,0.0
124.217,2026-06-26T00:38:34.428379,22613.012,52491.5,0.776,3551.281,16319.987,0.019,0.0
124.268,2026-06-26T00:38:34.479308,22613.031,52491.5,0.774,3551.282,16319.987,0.02,0.0
124.319,2026-06-26T00:38:34.529838,22613.035,52491.5,0.774,3551.283,16319.987,0.02,0.0
124.369,2026-06-26T00:38:34.580450,22613.117,52491.5,0.819,3551.284,16319.987,0.019,0.0
124.42,2026-06-26T00:38:34.631381,22613.117,52491.5,0.849,3551.285,16319.987,0.019,0.0
124.471,2026-06-26T00:38:34.682266,22613.117,52491.5,0.824,3551.286,16319.987,0.019,0.0
124.522,2026-06-26T00:38:34.733196,22613.117,52491.5,0.807,3551.287,16319.987,0.019,0.0
124.573,2026-06-26T00:38:34.784109,22613.117,52491.5,0.795,3551.288,16319.987,0.019,0.0
124.624,2026-06-26T00:38:34.835058,22614.93,52491.5,0.787,3551.289,16319.987,0.019,0.0
124.675,2026-06-26T00:38:34.885992,22616.531,52491.5,0.781,3551.29,16319.987,0.019,0.0
124.726,2026-06-26T00:38:34.936948,22616.531,52491.5,0.776,3551.291,16319.987,0.019,0.0
124.777,2026-06-26T00:38:34.987905,22616.594,52491.5,0.773,3551.292,16319.987,0.019,0.0
124.828,2026-06-26T00:38:35.038861,22616.594,52491.5,0.772,3551.293,16319.987,0.019,0.0
124.879,2026-06-26T00:38:35.089778,22619.801,52491.5,0.77,3551.294,16319.987,0.019,0.0
124.93,2026-06-26T00:38:35.140737,22620.332,52491.5,0.769,3551.295,16319.987,0.019,0.0
124.98,2026-06-26T00:38:35.191683,22629.992,52491.5,0.768,3551.296,16319.987,0.019,0.0
125.031,2026-06-26T00:38:35.242654,22638.004,52491.5,0.768,3551.297,16319.987,0.019,0.0
125.082,2026-06-26T00:38:35.293595,22639.984,52491.5,0.813,3551.298,16319.987,0.019,0.0
125.133,2026-06-26T00:38:35.344559,22640.047,52491.52,0.799,3551.299,16319.987,0.019,0.0
125.184,2026-06-26T00:38:35.395493,22643.293,52491.52,0.836,3551.3,16319.987,0.019,0.0
125.235,2026-06-26T00:38:35.446458,22644.273,52491.52,0.815,3551.301,16319.987,0.019,0.0
125.286,2026-06-26T00:38:35.497383,22644.383,52491.52,0.801,3551.302,16319.987,0.019,0.0
125.337,2026-06-26T00:38:35.548269,22644.766,52491.52,0.791,3551.303,16319.987,0.019,0.0
125.388,2026-06-26T00:38:35.599222,22645.227,52491.52,0.783,3551.304,16319.987,0.019,0.0
125.439,2026-06-26T00:38:35.650131,22645.395,52491.52,0.778,3551.305,16319.987,0.019,0.0
125.49,2026-06-26T00:38:35.701070,22645.852,52491.52,0.821,3551.306,16319.987,0.019,0.0
125.541,2026-06-26T00:38:35.752024,22646.137,52491.52,0.805,3551.307,16319.987,0.019,0.0
125.592,2026-06-26T00:38:35.802965,22646.18,52491.52,0.794,3551.308,16319.987,0.019,0.0
125.643,2026-06-26T00:38:35.853907,22646.473,52491.52,0.785,3551.309,16319.987,0.019,0.0
125.694,2026-06-26T00:38:35.904849,22646.531,52491.52,0.78,3551.31,16319.987,0.019,0.0
125.745,2026-06-26T00:38:35.955822,22646.578,52491.52,0.776,3551.311,16319.987,0.019,0.0
125.796,2026-06-26T00:38:36.006765,22646.766,52491.52,0.773,3551.312,16319.987,0.019,0.0
125.847,2026-06-26T00:38:36.057716,22646.84,52491.52,0.771,3551.313,16319.987,0.019,0.0
125.897,2026-06-26T00:38:36.108652,22647.812,52491.52,0.862,3551.314,16319.987,0.019,0.0
125.948,2026-06-26T00:38:36.159629,22647.906,52491.52,0.833,3551.315,16319.987,0.019,0.0
125.999,2026-06-26T00:38:36.210562,22647.977,52491.52,0.814,3551.316,16319.987,0.019,0.0
126.05,2026-06-26T00:38:36.261510,22648.141,52491.52,0.799,3551.317,16319.987,0.019,0.0
126.101,2026-06-26T00:38:36.312440,22648.227,52491.52,0.79,3551.318,16319.987,0.019,0.0
126.152,2026-06-26T00:38:36.363390,22648.32,52491.52,0.829,3551.319,16319.987,0.019,0.0
126.203,2026-06-26T00:38:36.414338,22648.438,52491.52,0.81,3551.32,16319.987,0.019,0.0
126.254,2026-06-26T00:38:36.465247,22648.965,52491.52,0.797,3551.321,16319.987,0.019,0.0
126.305,2026-06-26T00:38:36.516194,22649.371,52491.52,0.788,3551.322,16319.987,0.019,0.0
126.356,2026-06-26T00:38:36.567099,22650.324,52491.52,0.782,3551.323,16319.987,0.019,0.0
126.407,2026-06-26T00:38:36.618038,22651.414,52491.52,0.777,3551.324,16319.987,0.019,0.0
126.458,2026-06-26T00:38:36.668987,22651.598,52491.52,0.774,3551.325,16319.987,0.019,0.0
126.509,2026-06-26T00:38:36.719905,22651.871,52491.52,0.772,3551.326,16319.987,0.019,0.0
126.56,2026-06-26T00:38:36.770853,22654.359,52491.52,0.77,3551.327,16319.987,0.019,0.0
126.611,2026-06-26T00:38:36.821781,22654.508,52491.52,0.769,3551.328,16319.987,0.019,0.0
126.662,2026-06-26T00:38:36.872747,22654.945,52491.52,0.768,3551.329,16319.987,0.019,0.0
126.712,2026-06-26T00:38:36.923697,22655.305,52491.52,0.768,3551.33,16319.987,0.019,0.0
126.763,2026-06-26T00:38:36.974663,22655.508,52491.52,0.768,3551.331,16319.987,0.019,0.0
126.814,2026-06-26T00:38:37.025593,22655.676,52491.52,0.813,3551.332,16319.987,0.019,0.0
126.865,2026-06-26T00:38:37.076546,22655.793,52491.52,0.799,3551.333,16319.987,0.019,0.0
126.916,2026-06-26T00:38:37.127488,22659.555,52491.52,0.789,3551.334,16319.987,0.019,0.0
126.967,2026-06-26T00:38:37.178441,22662.09,52491.52,0.783,3551.335,16319.987,0.019,0.0
127.018,2026-06-26T00:38:37.229371,22662.324,52491.52,0.824,3551.336,16319.987,0.019,0.0
127.069,2026-06-26T00:38:37.280279,22662.559,52491.52,0.853,3551.337,16319.987,0.019,0.0
127.12,2026-06-26T00:38:37.331199,22662.707,52491.52,0.827,3551.338,16319.987,0.019,0.0
127.171,2026-06-26T00:38:37.382119,22663.262,52491.52,0.809,3551.339,16319.987,0.019,0.0
127.222,2026-06-26T00:38:37.433076,22663.438,52491.52,0.796,3551.34,16319.987,0.019,0.0
127.273,2026-06-26T00:38:37.484012,22663.738,52491.52,0.788,3551.341,16319.987,0.019,0.0
127.324,2026-06-26T00:38:37.534953,22664.055,52491.52,0.781,3551.342,16319.987,0.019,0.0
127.375,2026-06-26T00:38:37.585910,22664.391,52491.52,0.823,3551.343,16319.987,0.019,0.0
127.426,2026-06-26T00:38:37.636862,22664.852,52491.52,0.806,3551.344,16319.987,0.019,0.0
127.477,2026-06-26T00:38:37.687794,22665.004,52491.52,0.794,3551.345,16319.987,0.019,0.0
127.528,2026-06-26T00:38:37.738751,22665.18,52491.52,0.786,3551.346,16319.987,0.019,0.0
127.578,2026-06-26T00:38:37.789683,22665.324,52491.52,0.78,3551.347,16319.987,0.019,0.0
127.629,2026-06-26T00:38:37.840659,22665.504,52491.52,0.776,3551.348,16319.987,0.019,0.0
127.68,2026-06-26T00:38:37.891597,22665.848,52491.52,0.773,3551.349,16319.987,0.019,0.0
127.731,2026-06-26T00:38:37.942570,22666.227,52491.52,0.817,3551.35,16319.987,0.019,0.0
127.782,2026-06-26T00:38:37.993510,22666.762,52491.52,0.802,3551.351,16319.987,0.019,0.0
127.833,2026-06-26T00:38:38.044475,22667.66,52491.52,0.791,3551.352,16319.987,0.019,0.0
127.884,2026-06-26T00:38:38.095422,22668.188,52491.52,0.83,3551.353,16319.987,0.019,0.0
127.935,2026-06-26T00:38:38.146375,22668.312,52491.52,0.811,3551.354,16319.987,0.019,0.0
127.986,2026-06-26T00:38:38.197285,22675.684,52491.52,0.798,3551.355,16319.987,0.019,0.0
128.037,2026-06-26T00:38:38.248196,22675.828,52491.52,0.789,3551.356,16319.987,0.019,0.0
128.088,2026-06-26T00:38:38.299115,22676.059,52491.52,0.782,3551.357,16319.987,0.019,0.0
128.139,2026-06-26T00:38:38.350074,22676.227,52491.52,0.778,3551.358,16319.987,0.019,0.0
128.19,2026-06-26T00:38:38.401010,22676.309,52491.52,0.774,3551.359,16319.987,0.019,0.0
128.241,2026-06-26T00:38:38.451959,22676.465,52491.52,0.772,3551.36,16319.987,0.019,0.0
128.292,2026-06-26T00:38:38.502900,22676.664,52491.52,0.77,3551.36,16319.987,0.019,0.0
128.343,2026-06-26T00:38:38.553863,22676.82,52491.52,0.769,3551.361,16319.987,0.019,0.0
128.394,2026-06-26T00:38:38.604791,22677.004,52491.52,0.768,3551.362,16319.987,0.019,0.0
128.445,2026-06-26T00:38:38.655746,22677.191,52491.52,0.768,3551.363,16319.987,0.019,0.0
128.565,2026-06-26T00:38:38.776502,22677.578,52491.52,0.927,3551.71,16319.987,2.876,0.0
128.616,2026-06-26T00:38:38.826924,22677.738,52491.52,0.88,3551.711,16319.987,0.02,0.0
128.666,2026-06-26T00:38:38.877538,22677.93,52491.52,0.848,3551.712,16319.987,0.02,0.0
128.717,2026-06-26T00:38:38.928205,22678.074,52491.52,0.824,3551.713,16319.987,0.019,0.0
128.768,2026-06-26T00:38:38.978951,22678.242,52491.52,0.854,3551.714,16319.987,0.019,0.0
128.819,2026-06-26T00:38:39.029750,22678.387,52491.52,0.874,3551.715,16319.987,0.019,0.0
128.869,2026-06-26T00:38:39.080697,22678.535,52491.52,0.842,3551.716,16319.987,0.019,0.0
128.92,2026-06-26T00:38:39.131616,22678.703,52491.52,0.819,3551.716,16319.987,0.019,0.0
128.971,2026-06-26T00:38:39.182581,22678.848,52491.52,0.804,3551.717,16319.987,0.019,0.0
129.022,2026-06-26T00:38:39.233514,22679.039,52491.52,0.793,3551.718,16319.987,0.019,0.0
129.073,2026-06-26T00:38:39.284468,22679.176,52491.52,0.785,3551.719,16319.987,0.019,0.0
129.124,2026-06-26T00:38:39.335401,22679.348,52491.52,0.78,3551.72,16319.987,0.019,0.0
129.175,2026-06-26T00:38:39.386368,22679.484,52491.52,0.776,3551.721,16319.987,0.019,0.0
129.226,2026-06-26T00:38:39.437290,22679.664,52491.52,0.773,3551.722,16319.987,0.019,0.0
129.277,2026-06-26T00:38:39.488200,22679.801,52491.52,0.771,3551.723,16319.987,0.019,0.0
129.328,2026-06-26T00:38:39.539111,22679.98,52491.52,0.77,3551.724,16319.987,0.019,0.0
129.379,2026-06-26T00:38:39.590071,22680.113,52491.52,0.769,3551.725,16319.987,0.019,0.0
129.43,2026-06-26T00:38:39.641007,22680.285,52491.52,0.814,3551.726,16319.987,0.019,0.0
129.481,2026-06-26T00:38:39.691969,22680.414,52491.52,0.8,3551.727,16319.987,0.019,0.0
129.532,2026-06-26T00:38:39.742902,22680.582,52491.52,0.79,3551.728,16319.987,0.019,0.0
129.583,2026-06-26T00:38:39.793847,22680.699,52491.52,0.829,3551.729,16319.987,0.019,0.0
129.634,2026-06-26T00:38:39.844781,22680.871,52491.52,0.81,3551.73,16319.987,0.019,0.0
129.685,2026-06-26T00:38:39.895753,22681.0,52491.52,0.797,3551.731,16319.987,0.019,0.0
129.735,2026-06-26T00:38:39.946693,22681.156,52491.52,0.834,3551.732,16319.987,0.019,0.0
129.786,2026-06-26T00:38:39.997647,22681.305,52491.52,0.814,3551.733,16319.987,0.019,0.0
129.837,2026-06-26T00:38:40.048579,22681.461,52491.52,0.8,3551.734,16319.987,0.019,0.0
129.888,2026-06-26T00:38:40.099546,22681.609,52491.52,0.79,3551.735,16319.987,0.019,0.0
129.939,2026-06-26T00:38:40.150489,22681.734,52491.52,0.783,3551.736,16319.987,0.019,0.0
129.99,2026-06-26T00:38:40.201463,22681.875,52491.52,0.778,3551.737,16319.987,0.019,0.0
130.041,2026-06-26T00:38:40.252399,22681.977,52491.52,0.775,3551.738,16319.987,0.019,0.0
130.092,2026-06-26T00:38:40.303346,22682.145,52491.52,0.772,3551.739,16319.987,0.019,0.0
130.143,2026-06-26T00:38:40.354286,22682.227,52491.52,0.771,3551.74,16319.987,0.019,0.0
130.194,2026-06-26T00:38:40.405198,22682.398,52491.52,0.816,3551.741,16319.987,0.019,0.0
130.245,2026-06-26T00:38:40.456111,22682.488,52491.52,0.801,3551.742,16319.987,0.019,0.0
130.296,2026-06-26T00:38:40.507021,22682.652,52491.52,0.792,3551.743,16319.987,0.02,0.0
130.346,2026-06-26T00:38:40.557601,22682.766,52491.52,0.786,3551.744,16319.987,0.02,0.0
130.397,2026-06-26T00:38:40.608228,22682.91,52491.52,0.781,3551.745,16319.987,0.019,0.0
130.448,2026-06-26T00:38:40.659186,22683.957,52491.52,0.776,3551.746,16319.987,0.019,0.0
130.499,2026-06-26T00:38:40.710071,22684.094,52491.52,0.82,3551.747,16319.987,0.019,0.0
130.55,2026-06-26T00:38:40.760997,22684.266,52491.52,0.804,3551.748,16319.987,0.019,0.0
130.601,2026-06-26T00:38:40.811953,22684.508,52491.52,0.793,3551.749,16319.987,0.019,0.0
130.652,2026-06-26T00:38:40.862908,22686.262,52491.52,0.785,3551.75,16319.987,0.019,0.0
130.703,2026-06-26T00:38:40.913907,22686.371,52491.52,0.779,3551.751,16319.987,0.019,0.0
130.754,2026-06-26T00:38:40.964901,22686.547,52491.52,0.775,3551.752,16319.987,0.019,0.0
130.805,2026-06-26T00:38:41.015900,22686.66,52491.52,0.772,3551.753,16319.987,0.019,0.0
130.856,2026-06-26T00:38:41.066885,22686.836,52491.52,0.77,3551.754,16319.987,0.019,0.0
130.907,2026-06-26T00:38:41.117890,22687.094,52491.52,0.769,3551.755,16319.987,0.019,0.0
130.958,2026-06-26T00:38:41.168855,22687.535,52491.52,0.768,3551.756,16319.987,0.019,0.0
131.009,2026-06-26T00:38:41.219855,22688.438,52491.52,0.814,3551.757,16319.987,0.019,0.0
131.06,2026-06-26T00:38:41.270835,22688.613,52491.52,0.799,3551.758,16319.987,0.019,0.0
131.111,2026-06-26T00:38:41.321842,22688.758,52491.52,0.789,3551.759,16319.987,0.019,0.0
131.162,2026-06-26T00:38:41.372814,22688.879,52491.52,0.783,3551.76,16319.987,0.019,0.0
131.213,2026-06-26T00:38:41.423813,22689.059,52491.52,0.778,3551.761,16319.987,0.019,0.0
131.264,2026-06-26T00:38:41.474791,22692.223,52491.52,0.82,3551.762,16319.987,0.019,0.0
131.315,2026-06-26T00:38:41.525793,22692.141,52491.52,0.85,3551.763,16319.987,0.019,0.0
131.366,2026-06-26T00:38:41.576770,22706.305,52491.52,0.779,3551.764,16319.987,0.019,0.0
131.417,2026-06-26T00:38:41.627766,22706.102,52491.52,0.775,3551.765,16319.987,0.019,0.0
131.468,2026-06-26T00:38:41.678761,22717.703,52491.52,0.864,3551.766,16319.987,0.019,0.0
131.519,2026-06-26T00:38:41.729751,22717.832,52491.52,0.835,3551.767,16319.987,0.019,0.0
131.57,2026-06-26T00:38:41.780747,22717.969,52491.52,0.814,3551.768,16319.987,0.019,0.0
131.621,2026-06-26T00:38:41.831751,22718.098,52491.52,0.8,3551.769,16319.987,0.019,0.0
131.672,2026-06-26T00:38:41.882729,22718.234,52491.52,0.835,3551.77,16319.987,0.019,0.0
131.723,2026-06-26T00:38:41.933723,22718.363,52491.52,0.815,3551.771,16319.987,0.019,0.0
131.774,2026-06-26T00:38:41.984712,22718.555,52491.52,0.8,3551.772,16319.987,0.019,0.0
131.825,2026-06-26T00:38:42.035737,22718.68,52491.52,0.79,3551.773,16319.987,0.019,0.0
131.876,2026-06-26T00:38:42.086716,22718.855,52491.52,0.783,3551.774,16319.987,0.019,0.0
131.927,2026-06-26T00:38:42.137718,22719.016,52491.52,0.778,3551.775,16319.987,0.019,0.0
131.977,2026-06-26T00:38:42.188688,22719.133,52491.52,0.774,3551.776,16319.987,0.019,0.0
132.028,2026-06-26T00:38:42.239694,22719.262,52491.52,0.772,3551.777,16319.987,0.019,0.0
132.079,2026-06-26T00:38:42.290692,22719.352,52491.52,0.816,3551.778,16319.987,0.019,0.0
132.131,2026-06-26T00:38:42.341701,22719.523,52491.52,0.801,3551.779,16319.987,0.019,0.0
132.181,2026-06-26T00:38:42.392676,22719.637,52491.52,0.79,3551.78,16319.987,0.019,0.0
132.232,2026-06-26T00:38:42.443679,22719.832,52491.52,0.829,3551.781,16319.987,0.019,0.0
132.283,2026-06-26T00:38:42.494671,22719.973,52491.52,0.81,3551.782,16319.987,0.019,0.0
132.334,2026-06-26T00:38:42.545670,22720.098,52491.52,0.797,3551.783,16319.987,0.019,0.0
132.385,2026-06-26T00:38:42.596639,22720.246,52491.52,0.788,3551.784,16319.987,0.019,0.0
132.436,2026-06-26T00:38:42.647636,22720.332,52491.52,0.781,3551.785,16319.987,0.019,0.0
132.487,2026-06-26T00:38:42.698624,22720.48,52491.52,0.776,3551.786,16319.987,0.019,0.0
132.538,2026-06-26T00:38:42.749636,22720.594,52491.52,0.773,3551.787,16319.987,0.019,0.0
132.589,2026-06-26T00:38:42.800618,22720.762,52491.52,0.771,3551.788,16319.987,0.019,0.0
132.64,2026-06-26T00:38:42.851628,22720.91,52491.52,0.77,3551.789,16319.987,0.019,0.0
132.691,2026-06-26T00:38:42.902603,22721.016,52491.52,0.768,3551.79,16319.987,0.019,0.0
132.742,2026-06-26T00:38:42.953642,22721.191,52491.52,0.768,3551.791,16319.987,0.019,0.0
132.793,2026-06-26T00:38:43.004622,22721.285,52491.52,0.767,3551.792,16319.987,0.019,0.0
132.844,2026-06-26T00:38:43.055626,22721.469,52491.52,0.859,3551.793,16319.987,0.019,0.0
132.895,2026-06-26T00:38:43.106602,22721.562,52491.52,0.831,3551.794,16319.987,0.019,0.0
132.946,2026-06-26T00:38:43.157571,22721.684,52491.52,0.812,3551.795,16319.987,0.019,0.0
132.997,2026-06-26T00:38:43.208569,22721.852,52491.52,0.798,3551.796,16319.987,0.019,0.0
133.048,2026-06-26T00:38:43.259573,22721.934,52491.52,0.788,3551.797,16319.987,0.019,0.0
133.099,2026-06-26T00:38:43.310543,22722.102,52491.52,0.782,3551.798,16319.987,0.019,0.0
133.15,2026-06-26T00:38:43.361543,22722.207,52491.52,0.777,3551.798,16319.987,0.019,0.0
133.201,2026-06-26T00:38:43.412529,22722.355,52491.52,0.774,3551.799,16319.987,0.019,0.0
133.252,2026-06-26T00:38:43.463541,22722.531,52491.52,0.771,3551.8,16319.987,0.019,0.0
133.303,2026-06-26T00:38:43.514510,22722.594,52491.52,0.77,3551.801,16319.987,0.019,0.0
133.354,2026-06-26T00:38:43.565520,22722.746,52491.52,0.769,3551.802,16319.987,0.019,0.0
133.405,2026-06-26T00:38:43.616496,22722.836,52491.52,0.814,3551.803,16319.987,0.019,0.0
133.456,2026-06-26T00:38:43.667506,22722.98,52491.52,0.799,3551.804,16319.987,0.019,0.0
133.578,2026-06-26T00:38:43.788761,22723.277,52491.52,0.947,3552.151,16319.987,2.872,0.0
133.628,2026-06-26T00:38:43.839189,22723.449,52491.52,0.895,3552.152,16319.987,0.02,0.0
133.679,2026-06-26T00:38:43.889772,22723.562,52491.52,0.858,3552.153,16319.987,0.02,0.0
133.729,2026-06-26T00:38:43.940399,22723.715,52491.52,0.832,3552.154,16319.987,0.019,0.0
133.78,2026-06-26T00:38:43.991185,22723.824,52491.52,0.813,3552.155,16319.987,0.019,0.0
133.831,2026-06-26T00:38:44.042040,22723.973,52491.52,0.799,3552.156,16319.987,0.019,0.0
133.882,2026-06-26T00:38:44.093025,22724.125,52491.52,0.789,3552.157,16319.987,0.019,0.0
133.933,2026-06-26T00:38:44.144013,22724.234,52491.52,0.782,3552.158,16319.987,0.019,0.0
133.984,2026-06-26T00:38:44.194991,22724.375,52491.52,0.777,3552.159,16319.987,0.019,0.0
134.035,2026-06-26T00:38:44.245980,22724.48,52491.52,0.774,3552.16,16319.987,0.019,0.0
134.086,2026-06-26T00:38:44.296979,22724.652,52491.52,0.771,3552.161,16319.987,0.019,0.0
134.137,2026-06-26T00:38:44.347965,22724.781,52491.52,0.816,3552.162,16319.987,0.019,0.0
134.188,2026-06-26T00:38:44.398938,22724.906,52491.52,0.847,3552.163,16319.987,0.019,0.0
134.239,2026-06-26T00:38:44.449939,22725.047,52491.52,0.823,3552.164,16319.987,0.019,0.0
134.29,2026-06-26T00:38:44.500917,22725.152,52491.52,0.806,3552.165,16319.987,0.019,0.0
134.341,2026-06-26T00:38:44.551939,22725.281,52491.52,0.794,3552.166,16319.987,0.019,0.0
134.392,2026-06-26T00:38:44.602919,22725.395,52491.52,0.832,3552.167,16319.987,0.019,0.0
134.443,2026-06-26T00:38:44.653913,22725.543,52491.52,0.812,3552.168,16319.987,0.019,0.0
134.494,2026-06-26T00:38:44.704883,22725.723,52491.52,0.844,3552.169,16319.987,0.019,0.0
134.545,2026-06-26T00:38:44.755891,22725.801,52491.52,0.821,3552.17,16319.987,0.019,0.0
134.596,2026-06-26T00:38:44.806872,22725.961,52491.52,0.804,3552.171,16319.987,0.019,0.0
134.647,2026-06-26T00:38:44.857880,22726.066,52491.52,0.793,3552.172,16319.987,0.019,0.0
134.698,2026-06-26T00:38:44.908859,22726.195,52491.52,0.785,3552.173,16319.987,0.019,0.0
134.749,2026-06-26T00:38:44.959867,22726.332,52491.52,0.779,3552.174,16319.987,0.019,0.0
134.8,2026-06-26T00:38:45.010853,22726.418,52491.52,0.775,3552.175,16319.987,0.019,0.0
134.851,2026-06-26T00:38:45.061847,22726.562,52491.52,0.773,3552.176,16319.987,0.019,0.0
134.902,2026-06-26T00:38:45.112824,22726.688,52491.52,0.77,3552.177,16319.987,0.019,0.0
134.953,2026-06-26T00:38:45.163796,22726.801,52491.52,0.769,3552.178,16319.987,0.019,0.0
135.004,2026-06-26T00:38:45.214778,22726.941,52491.52,0.814,3552.179,16319.987,0.019,0.0
135.055,2026-06-26T00:38:45.265788,22727.043,52491.52,0.8,3552.18,16319.987,0.019,0.0
135.106,2026-06-26T00:38:45.316765,22727.18,52491.52,0.835,3552.181,16319.987,0.019,0.0
135.157,2026-06-26T00:38:45.367771,22727.324,52491.52,0.815,3552.182,16319.987,0.019,0.0
135.208,2026-06-26T00:38:45.418753,22727.398,52491.52,0.8,3552.183,16319.987,0.019,0.0
135.259,2026-06-26T00:38:45.469772,22727.527,52491.52,0.79,3552.184,16319.987,0.019,0.0
135.31,2026-06-26T00:38:45.520708,22727.645,52491.52,0.784,3552.185,16319.987,0.02,0.0
135.36,2026-06-26T00:38:45.571248,22727.727,52491.52,0.78,3552.186,16319.987,0.019,0.0
135.411,2026-06-26T00:38:45.622180,22727.867,52491.52,0.776,3552.187,16319.987,0.019,0.0
135.462,2026-06-26T00:38:45.673017,22727.961,52491.52,0.774,3552.188,16319.987,0.019,0.0
135.513,2026-06-26T00:38:45.723913,22728.098,52491.52,0.772,3552.189,16319.987,0.019,0.0
135.564,2026-06-26T00:38:45.774822,22728.258,52491.52,0.77,3552.19,16319.987,0.019,0.0
135.615,2026-06-26T00:38:45.825777,22728.336,52491.52,0.815,3552.191,16319.987,0.019,0.0
135.665,2026-06-26T00:38:45.876657,22728.461,52491.52,0.847,3552.192,16319.987,0.019,0.0
135.716,2026-06-26T00:38:45.927596,22728.602,52491.52,0.823,3552.193,16319.987,0.019,0.0
135.767,2026-06-26T00:38:45.978529,22728.664,52491.52,0.806,3552.194,16319.987,0.019,0.0
135.818,2026-06-26T00:38:46.029451,22728.789,52491.52,0.795,3552.195,16319.987,0.019,0.0
135.869,2026-06-26T00:38:46.080405,22728.926,52491.52,0.786,3552.196,16319.987,0.019,0.0
135.92,2026-06-26T00:38:46.131334,22728.988,52491.52,0.78,3552.197,16319.987,0.019,0.0
135.971,2026-06-26T00:38:46.182241,22729.129,52491.52,0.776,3552.198,16319.987,0.019,0.0
136.022,2026-06-26T00:38:46.233206,22729.238,52491.52,0.773,3552.199,16319.987,0.019,0.0
136.073,2026-06-26T00:38:46.284116,22729.363,52491.52,0.772,3552.2,16319.987,0.019,0.0
136.124,2026-06-26T00:38:46.335036,22729.469,52491.52,0.77,3552.201,16319.987,0.019,0.0
136.175,2026-06-26T00:38:46.385990,22729.562,52491.52,0.769,3552.202,16319.987,0.019,0.0
136.226,2026-06-26T00:38:46.436936,22729.668,52491.52,0.814,3552.203,16319.987,0.019,0.0
136.277,2026-06-26T00:38:46.487880,22729.781,52491.52,0.846,3552.204,16319.987,0.019,0.0
136.328,2026-06-26T00:38:46.538817,22729.867,52491.52,0.822,3552.205,16319.987,0.019,0.0
136.379,2026-06-26T00:38:46.589754,22729.984,52491.52,0.806,3552.206,16319.987,0.019,0.0
136.429,2026-06-26T00:38:46.640689,22730.098,52491.52,0.794,3552.207,16319.987,0.019,0.0
136.48,2026-06-26T00:38:46.691639,22730.176,52491.52,0.832,3552.208,16319.987,0.019,0.0
136.531,2026-06-26T00:38:46.742574,22730.316,52491.52,0.812,3552.209,16319.987,0.019,0.0
136.582,2026-06-26T00:38:46.793522,22730.441,52491.52,0.799,3552.21,16319.987,0.019,0.0
136.633,2026-06-26T00:38:46.844458,22730.52,52491.52,0.789,3552.211,16319.987,0.019,0.0
136.684,2026-06-26T00:38:46.895436,22730.656,52491.52,0.782,3552.212,16319.987,0.019,0.0
136.735,2026-06-26T00:38:46.946371,22730.777,52491.52,0.778,3552.213,16319.987,0.019,0.0
136.786,2026-06-26T00:38:46.997285,22730.855,52491.52,0.775,3552.214,16319.987,0.019,0.0
136.837,2026-06-26T00:38:47.048199,22730.977,52491.52,0.772,3552.215,16319.987,0.019,0.0
136.888,2026-06-26T00:38:47.099076,22725.082,52491.52,0.771,3552.216,16319.987,0.019,0.0
136.939,2026-06-26T00:38:47.150041,22725.152,52491.52,0.77,3552.217,16319.987,0.019,0.0
136.99,2026-06-26T00:38:47.200964,22725.285,52491.52,0.769,3552.218,16319.987,0.019,0.0
137.041,2026-06-26T00:38:47.251917,22725.395,52491.52,0.814,3552.219,16319.987,0.019,0.0
137.092,2026-06-26T00:38:47.302841,22725.465,52491.52,0.846,3552.22,16319.987,0.019,0.0
137.143,2026-06-26T00:38:47.353796,22725.602,52491.52,0.822,3552.221,16319.987,0.019,0.0
137.194,2026-06-26T00:38:47.404749,22725.73,52491.52,0.805,3552.222,16319.987,0.019,0.0
137.245,2026-06-26T00:38:47.455702,22725.809,52491.52,0.794,3552.223,16319.987,0.019,0.0
137.295,2026-06-26T00:38:47.506631,22725.891,52491.52,0.786,3552.223,16319.987,0.019,0.0
137.346,2026-06-26T00:38:47.557583,22726.035,52491.52,0.826,3552.224,16319.987,0.019,0.0
137.397,2026-06-26T00:38:47.608531,22726.117,52491.52,0.808,3552.225,16319.987,0.019,0.0
137.448,2026-06-26T00:38:47.659503,22726.254,52491.52,0.796,3552.226,16319.987,0.019,0.0
137.499,2026-06-26T00:38:47.710437,22726.352,52491.52,0.787,3552.227,16319.987,0.019,0.0
137.55,2026-06-26T00:38:47.761385,22726.422,52491.52,0.781,3552.228,16319.987,0.019,0.0
137.601,2026-06-26T00:38:47.812312,22726.582,52491.52,0.777,3552.229,16319.987,0.019,0.0
137.652,2026-06-26T00:38:47.863237,22726.691,52491.52,0.774,3552.23,16319.987,0.019,0.0
137.703,2026-06-26T00:38:47.914201,22726.762,52491.52,0.818,3552.231,16319.987,0.019,0.0
137.754,2026-06-26T00:38:47.965111,22726.922,52491.52,0.802,3552.232,16319.987,0.019,0.0
137.805,2026-06-26T00:38:48.016037,22729.336,52491.52,0.792,3552.233,16319.987,0.019,0.0
137.856,2026-06-26T00:38:48.066993,22729.398,52491.52,0.784,3552.234,16319.987,0.019,0.0
137.907,2026-06-26T00:38:48.117924,22729.559,52491.52,0.779,3552.235,16319.987,0.019,0.0
137.958,2026-06-26T00:38:48.168853,22729.648,52491.52,0.775,3552.236,16319.987,0.019,0.0
138.009,2026-06-26T00:38:48.219777,22729.703,52491.52,0.773,3552.237,16319.987,0.019,0.0
138.06,2026-06-26T00:38:48.270729,22729.859,52491.52,0.771,3552.238,16319.987,0.019,0.0
138.11,2026-06-26T00:38:48.321687,22729.977,52491.52,0.77,3552.239,16319.987,0.019,0.0
138.161,2026-06-26T00:38:48.372644,22730.023,52491.52,0.769,3552.24,16319.987,0.019,0.0
138.212,2026-06-26T00:38:48.423581,22730.188,52491.52,0.768,3552.241,16319.987,0.019,0.0
138.263,2026-06-26T00:38:48.474540,22730.309,52491.52,0.814,3552.242,16319.987,0.019,0.0
138.314,2026-06-26T00:38:48.525475,22730.371,52491.52,0.8,3552.243,16319.987,0.019,0.0
138.365,2026-06-26T00:38:48.576454,22730.785,52491.52,0.79,3552.244,16319.987,0.019,0.0
138.416,2026-06-26T00:38:48.627386,22733.426,52491.52,0.829,3552.245,16319.987,0.019,0.0
138.467,2026-06-26T00:38:48.678333,22733.484,52491.52,0.856,3552.246,16319.987,0.019,0.0
138.587,2026-06-26T00:38:48.798616,22733.781,52491.52,0.951,3552.593,16319.987,2.889,0.0
138.638,2026-06-26T00:38:48.849049,22733.848,52491.52,0.896,3552.594,16319.987,0.019,0.0
138.689,2026-06-26T00:38:48.899821,22733.996,52491.52,0.905,3552.595,16319.987,0.02,0.0
138.739,2026-06-26T00:38:48.950458,22734.086,52491.52,0.865,3552.596,16319.987,0.019,0.0
138.79,2026-06-26T00:38:49.001208,22734.16,52491.52,0.836,3552.597,16319.987,0.019,0.0
138.841,2026-06-26T00:38:49.052066,22734.305,52491.52,0.815,3552.598,16319.987,0.019,0.0
138.892,2026-06-26T00:38:49.103002,22734.426,52491.52,0.801,3552.598,16319.987,0.019,0.0
138.943,2026-06-26T00:38:49.153932,22734.496,52491.52,0.79,3552.599,16319.987,0.019,0.0
138.994,2026-06-26T00:38:49.204881,22734.625,52491.52,0.783,3552.6,16319.987,0.019,0.0
139.045,2026-06-26T00:38:49.255820,22734.73,52491.52,0.778,3552.601,16319.987,0.019,0.0
139.096,2026-06-26T00:38:49.306775,22734.789,52491.52,0.775,3552.602,16319.987,0.019,0.0
139.146,2026-06-26T00:38:49.357686,22734.941,52491.52,0.772,3552.603,16319.987,0.019,0.0
139.197,2026-06-26T00:38:49.408645,22735.066,52491.52,0.817,3552.604,16319.987,0.019,0.0
139.248,2026-06-26T00:38:49.459591,22735.121,52491.52,0.802,3552.605,16319.987,0.019,0.0
139.299,2026-06-26T00:38:49.510540,22735.242,52491.52,0.837,3552.606,16319.987,0.019,0.0
139.35,2026-06-26T00:38:49.561475,22735.742,52491.52,0.816,3552.607,16319.987,0.019,0.0
139.401,2026-06-26T00:38:49.612431,22735.793,52491.52,0.801,3552.608,16319.987,0.019,0.0
139.452,2026-06-26T00:38:49.663377,22736.359,52491.52,0.791,3552.609,16319.987,0.019,0.0
139.503,2026-06-26T00:38:49.714287,22737.984,52491.52,0.784,3552.61,16319.987,0.019,0.0
139.554,2026-06-26T00:38:49.765198,22738.035,52491.52,0.779,3552.611,16319.987,0.019,0.0
139.605,2026-06-26T00:38:49.816107,22738.172,52491.52,0.775,3552.612,16319.987,0.019,0.0
139.656,2026-06-26T00:38:49.867054,22737.645,52491.52,0.773,3552.613,16319.987,0.019,0.0
139.707,2026-06-26T00:38:49.918044,22737.723,52491.52,0.771,3552.614,16319.987,0.019,0.0
139.758,2026-06-26T00:38:49.969050,22737.852,52491.52,0.815,3552.615,16319.987,0.019,0.0
139.809,2026-06-26T00:38:50.020020,22737.961,52491.52,0.8,3552.616,16319.987,0.019,0.0
139.86,2026-06-26T00:38:50.071009,22738.047,52491.52,0.79,3552.617,16319.987,0.019,0.0
139.911,2026-06-26T00:38:50.121986,22738.129,52491.52,0.783,3552.618,16319.987,0.019,0.0
139.962,2026-06-26T00:38:50.172996,22738.234,52491.52,0.778,3552.619,16319.987,0.019,0.0
140.013,2026-06-26T00:38:50.223960,22738.367,52491.52,0.774,3552.62,16319.987,0.019,0.0
140.064,2026-06-26T00:38:50.274947,22738.441,52491.52,0.772,3552.621,16319.987,0.019,0.0
140.115,2026-06-26T00:38:50.325921,22738.57,52491.52,0.77,3552.622,16319.987,0.019,0.0
140.166,2026-06-26T00:38:50.376919,22738.691,52491.52,0.769,3552.623,16319.987,0.019,0.0
140.217,2026-06-26T00:38:50.427905,22738.73,52491.52,0.768,3552.624,16319.987,0.019,0.0
140.268,2026-06-26T00:38:50.478914,22738.852,52491.52,0.768,3552.625,16319.987,0.019,0.0
140.319,2026-06-26T00:38:50.529888,22751.359,52491.52,0.905,3552.626,16319.987,0.019,0.0
140.37,2026-06-26T00:38:50.580883,22763.602,52651.52,0.863,3552.627,16319.987,0.019,0.0
140.421,2026-06-26T00:38:50.631876,22763.555,52651.52,0.88,3552.628,16319.987,0.019,0.0
140.472,2026-06-26T00:38:50.682854,22763.629,52651.52,0.846,3552.629,16319.987,0.019,0.0
140.523,2026-06-26T00:38:50.733826,22763.719,52651.52,0.822,3552.63,16319.987,0.019,0.0
140.574,2026-06-26T00:38:50.784825,22716.449,52651.52,0.759,3552.631,16319.987,0.019,0.0
140.625,2026-06-26T00:38:50.835813,22716.449,52651.52,0.807,3552.632,16319.987,0.019,0.0
140.676,2026-06-26T00:38:50.886822,22715.988,52651.52,0.795,3552.633,16319.987,0.019,0.0
140.727,2026-06-26T00:38:50.937808,22716.07,52651.52,0.786,3552.634,16319.987,0.019,0.0
140.778,2026-06-26T00:38:50.988808,22716.152,52651.52,0.78,3552.635,16319.987,0.019,0.0
140.829,2026-06-26T00:38:51.039777,22716.27,52651.52,0.776,3552.636,16319.987,0.019,0.0
140.88,2026-06-26T00:38:51.090794,22716.293,52651.52,0.773,3552.637,16319.987,0.019,0.0
140.931,2026-06-26T00:38:51.141770,22716.305,52651.52,0.771,3552.638,16319.987,0.019,0.0
140.982,2026-06-26T00:38:51.192763,22716.316,52651.52,0.769,3552.639,16319.987,0.019,0.0
141.033,2026-06-26T00:38:51.243743,22716.328,52651.52,0.769,3552.64,16319.987,0.019,0.0
141.084,2026-06-26T00:38:51.294732,22716.438,52651.52,0.768,3552.641,16319.987,0.019,0.0
141.135,2026-06-26T00:38:51.345735,22716.555,52651.52,0.813,3552.642,16319.987,0.019,0.0
141.186,2026-06-26T00:38:51.396737,22716.66,52651.52,0.799,3552.643,16319.987,0.019,0.0
141.237,2026-06-26T00:38:51.447707,22716.797,52651.52,0.789,3552.644,16319.987,0.019,0.0
141.288,2026-06-26T00:38:51.498715,22717.004,52651.52,0.828,3552.645,16319.987,0.019,0.0
141.339,2026-06-26T00:38:51.549700,22717.258,52651.52,0.809,3552.646,16319.987,0.019,0.0
141.39,2026-06-26T00:38:51.600712,22717.277,52651.52,0.797,3552.647,16319.987,0.019,0.0
141.44,2026-06-26T00:38:51.651685,22717.281,52651.52,0.787,3552.648,16319.987,0.019,0.0
141.491,2026-06-26T00:38:51.702686,22717.301,52651.52,0.781,3552.649,16319.987,0.019,0.0
141.542,2026-06-26T00:38:51.753668,22717.32,52651.52,0.777,3552.65,16319.987,0.019,0.0
141.593,2026-06-26T00:38:51.804672,22717.332,52651.52,0.773,3552.651,16319.987,0.019,0.0
141.644,2026-06-26T00:38:51.855664,22717.344,52651.52,0.771,3552.652,16319.987,0.019,0.0
141.695,2026-06-26T00:38:51.906667,22717.371,52651.52,0.816,3552.653,16319.987,0.019,0.0
141.746,2026-06-26T00:38:51.957651,22717.402,52651.52,0.801,3552.654,16319.987,0.019,0.0
141.797,2026-06-26T00:38:52.008651,22717.582,52651.52,0.836,3552.655,16319.987,0.019,0.0
141.848,2026-06-26T00:38:52.059638,22717.816,52651.52,0.815,3552.656,16319.987,0.019,0.0
141.899,2026-06-26T00:38:52.110637,22717.867,52651.52,0.8,3552.657,16319.987,0.019,0.0
141.95,2026-06-26T00:38:52.161617,22717.914,52651.52,0.79,3552.658,16319.987,0.019,0.0
142.001,2026-06-26T00:38:52.212611,22717.93,52651.52,0.783,3552.659,16319.987,0.019,0.0
142.052,2026-06-26T00:38:52.263608,22717.965,52651.52,0.778,3552.66,16319.987,0.019,0.0
142.103,2026-06-26T00:38:52.314625,22717.984,52651.52,0.774,3552.661,16319.987,0.019,0.0
142.154,2026-06-26T00:38:52.365607,22718.004,52651.52,0.818,3552.662,16319.987,0.019,0.0
142.205,2026-06-26T00:38:52.416609,22718.008,52651.52,0.802,3552.663,16319.987,0.019,0.0
142.256,2026-06-26T00:38:52.467592,22718.055,52651.52,0.791,3552.664,16319.987,0.019,0.0
142.307,2026-06-26T00:38:52.518625,22718.094,52651.52,0.784,3552.665,16319.987,0.019,0.0
142.358,2026-06-26T00:38:52.569599,22718.121,52651.52,0.825,3552.666,16319.987,0.019,0.0
142.409,2026-06-26T00:38:52.620605,22721.02,52651.52,0.807,3552.667,16319.987,0.019,0.0
142.46,2026-06-26T00:38:52.671575,22721.031,52651.52,0.841,3552.668,16319.987,0.019,0.0
142.511,2026-06-26T00:38:52.722577,22721.055,52651.52,0.818,3552.669,16319.987,0.019,0.0
142.562,2026-06-26T00:38:52.773569,22721.074,52651.52,0.803,3552.67,16319.987,0.019,0.0
142.613,2026-06-26T00:38:52.824569,22721.109,52651.52,0.792,3552.671,16319.987,0.019,0.0
142.664,2026-06-26T00:38:52.875544,22721.156,52651.52,0.784,3552.672,16319.987,0.019,0.0
142.715,2026-06-26T00:38:52.926619,22721.18,52651.52,0.824,3552.673,16319.987,0.019,0.0
142.766,2026-06-26T00:38:52.977605,22721.32,52651.52,0.807,3552.674,16319.987,0.019,0.0
142.817,2026-06-26T00:38:53.028622,22721.34,52651.52,0.795,3552.675,16319.987,0.019,0.0
142.868,2026-06-26T00:38:53.079611,22721.367,52651.52,0.786,3552.676,16319.987,0.019,0.0
142.919,2026-06-26T00:38:53.130595,22721.387,52651.52,0.78,3552.677,16319.987,0.019,0.0
142.97,2026-06-26T00:38:53.181560,22721.441,52651.52,0.776,3552.678,16319.987,0.019,0.0
143.021,2026-06-26T00:38:53.232568,22721.477,52651.52,0.773,3552.679,16319.987,0.019,0.0
143.072,2026-06-26T00:38:53.283558,22721.492,52651.52,0.817,3552.68,16319.987,0.019,0.0
143.123,2026-06-26T00:38:53.334571,22721.504,52651.52,0.802,3552.681,16319.987,0.019,0.0
143.174,2026-06-26T00:38:53.385552,22721.523,52651.52,0.791,3552.681,16319.987,0.019,0.0
143.225,2026-06-26T00:38:53.436569,22721.535,52651.52,0.783,3552.682,16319.987,0.019,0.0
143.276,2026-06-26T00:38:53.487554,22721.539,52651.52,0.824,3552.683,16319.987,0.019,0.0
143.327,2026-06-26T00:38:53.538560,22721.539,52651.52,0.807,3552.684,16319.987,0.019,0.0
143.378,2026-06-26T00:38:53.589548,22721.539,52651.52,0.795,3552.685,16319.987,0.019,0.0
143.429,2026-06-26T00:38:53.640550,22721.539,52651.52,0.786,3552.686,16319.987,0.019,0.0
143.48,2026-06-26T00:38:53.691556,22721.539,52651.52,0.78,3552.687,16319.987,0.019,0.0
143.601,2026-06-26T00:38:53.811755,22721.547,52651.52,0.898,3553.033,16319.987,2.89,0.0
143.651,2026-06-26T00:38:53.862191,22721.555,52651.52,0.86,3553.034,16319.987,0.02,0.0
143.702,2026-06-26T00:38:53.912776,22721.562,52651.52,0.834,3553.035,16319.987,0.02,0.0
143.752,2026-06-26T00:38:53.963386,22721.574,52651.52,0.815,3553.036,16319.987,0.019,0.0
143.803,2026-06-26T00:38:54.014125,22721.582,52651.52,0.893,3553.037,16319.987,0.019,0.0
143.854,2026-06-26T00:38:54.065008,22721.59,52651.52,0.855,3553.038,16319.987,0.019,0.0
143.905,2026-06-26T00:38:54.116002,22721.598,52651.52,0.828,3553.039,16319.987,0.019,0.0
143.956,2026-06-26T00:38:54.166977,22721.605,52651.52,0.81,3553.04,16319.987,0.019,0.0
144.007,2026-06-26T00:38:54.217943,22721.617,52651.52,0.796,3553.041,16319.987,0.019,0.0
144.058,2026-06-26T00:38:54.268935,22721.621,52651.52,0.787,3553.042,16319.987,0.019,0.0
144.109,2026-06-26T00:38:54.319918,22721.633,52651.52,0.781,3553.043,16319.987,0.019,0.0
144.16,2026-06-26T00:38:54.370930,22721.637,52651.52,0.777,3553.044,16319.987,0.019,0.0
144.211,2026-06-26T00:38:54.421910,22721.648,52651.52,0.819,3553.045,16319.987,0.019,0.0
144.262,2026-06-26T00:38:54.472836,22721.652,52651.52,0.805,3553.046,16319.987,0.02,0.0
144.312,2026-06-26T00:38:54.523369,22721.664,52651.52,0.795,3553.047,16319.987,0.019,0.0
144.363,2026-06-26T00:38:54.574228,22721.668,52651.52,0.786,3553.048,16319.987,0.019,0.0
144.414,2026-06-26T00:38:54.625183,22721.68,52651.52,0.827,3553.049,16319.987,0.019,0.0
144.465,2026-06-26T00:38:54.676085,22721.684,52651.52,0.809,3553.05,16319.987,0.019,0.0
144.516,2026-06-26T00:38:54.726991,22721.691,52651.52,0.796,3553.051,16319.987,0.019,0.0
144.567,2026-06-26T00:38:54.777940,22721.699,52651.52,0.787,3553.052,16319.987,0.019,0.0
144.618,2026-06-26T00:38:54.828878,22721.707,52651.52,0.781,3553.053,16319.987,0.019,0.0
144.669,2026-06-26T00:38:54.879826,22721.715,52651.52,0.777,3553.054,16319.987,0.019,0.0
144.72,2026-06-26T00:38:54.930763,22721.723,52651.52,0.774,3553.055,16319.987,0.019,0.0
144.771,2026-06-26T00:38:54.981731,22721.73,52651.52,0.772,3553.056,16319.987,0.019,0.0
144.821,2026-06-26T00:38:55.032688,22721.738,52651.52,0.77,3553.057,16319.987,0.019,0.0
144.872,2026-06-26T00:38:55.083649,22721.746,52651.52,0.769,3553.058,16319.987,0.019,0.0
144.923,2026-06-26T00:38:55.134577,22721.754,52651.52,0.86,3553.059,16319.987,0.019,0.0
144.974,2026-06-26T00:38:55.185527,22721.762,52651.52,0.832,3553.06,16319.987,0.019,0.0
145.025,2026-06-26T00:38:55.236453,22721.77,52651.52,0.813,3553.061,16319.987,0.019,0.0
145.076,2026-06-26T00:38:55.287435,22721.777,52651.52,0.799,3553.062,16319.987,0.019,0.0
145.127,2026-06-26T00:38:55.338362,22721.785,52651.52,0.789,3553.063,16319.987,0.019,0.0
145.178,2026-06-26T00:38:55.389266,22721.793,52651.52,0.783,3553.064,16319.987,0.019,0.0
145.229,2026-06-26T00:38:55.440216,22721.805,52651.52,0.778,3553.065,16319.987,0.019,0.0
145.28,2026-06-26T00:38:55.491120,22721.809,52651.52,0.775,3553.066,16319.987,0.019,0.0
145.331,2026-06-26T00:38:55.542077,22721.824,52651.52,0.772,3553.067,16319.987,0.019,0.0
145.382,2026-06-26T00:38:55.593031,22721.828,52651.52,0.771,3553.068,16319.987,0.019,0.0
145.433,2026-06-26T00:38:55.643955,22721.836,52651.52,0.769,3553.069,16319.987,0.019,0.0
145.484,2026-06-26T00:38:55.694894,22721.844,52651.52,0.815,3553.07,16319.987,0.019,0.0
145.535,2026-06-26T00:38:55.745838,22721.848,52651.52,0.846,3553.071,16319.987,0.019,0.0
145.586,2026-06-26T00:38:55.796796,22721.855,52651.52,0.822,3553.072,16319.987,0.019,0.0
145.637,2026-06-26T00:38:55.847732,22721.859,52651.52,0.806,3553.073,16319.987,0.019,0.0
145.687,2026-06-26T00:38:55.898684,22721.871,52651.52,0.794,3553.074,16319.987,0.019,0.0
145.738,2026-06-26T00:38:55.949685,22721.875,52651.52,0.785,3553.075,16319.987,0.019,0.0
145.789,2026-06-26T00:38:56.000651,22721.883,52651.52,0.78,3553.076,16319.987,0.019,0.0
145.84,2026-06-26T00:38:56.051589,22721.891,52651.52,0.776,3553.077,16319.987,0.019,0.0
145.891,2026-06-26T00:38:56.102544,22721.898,52651.52,0.819,3553.078,16319.987,0.019,0.0
145.942,2026-06-26T00:38:56.153477,22721.906,52651.52,0.803,3553.079,16319.987,0.019,0.0
145.993,2026-06-26T00:38:56.204436,22721.914,52651.52,0.792,3553.08,16319.987,0.019,0.0
146.044,2026-06-26T00:38:56.255370,22721.922,52651.52,0.785,3553.081,16319.987,0.019,0.0
146.095,2026-06-26T00:38:56.306274,22721.926,52651.52,0.826,3553.082,16319.987,0.019,0.0
146.146,2026-06-26T00:38:56.357220,22722.219,52651.52,0.808,3553.083,16319.987,0.019,0.0
146.197,2026-06-26T00:38:56.408123,22722.227,52651.52,0.796,3553.084,16319.987,0.019,0.0
146.248,2026-06-26T00:38:56.459077,22722.234,52651.52,0.787,3553.085,16319.987,0.019,0.0
146.299,2026-06-26T00:38:56.510028,22722.242,52651.52,0.781,3553.086,16319.987,0.019,0.0
146.35,2026-06-26T00:38:56.560957,22722.25,52651.52,0.777,3553.087,16319.987,0.019,0.0
146.401,2026-06-26T00:38:56.611913,22722.258,52651.52,0.774,3553.088,16319.987,0.019,0.0
146.452,2026-06-26T00:38:56.662852,22722.273,52651.52,0.772,3553.089,16319.987,0.019,0.0
146.503,2026-06-26T00:38:56.713813,22722.281,52651.52,0.77,3553.09,16319.987,0.019,0.0
146.554,2026-06-26T00:38:56.764737,22722.289,52651.52,0.769,3553.091,16319.987,0.019,0.0
146.604,2026-06-26T00:38:56.815683,22722.297,52651.52,0.769,3553.092,16319.987,0.019,0.0
146.655,2026-06-26T00:38:56.866622,22722.301,52651.52,0.86,3553.093,16319.987,0.019,0.0
146.706,2026-06-26T00:38:56.917582,22722.309,52651.52,0.832,3553.094,16319.987,0.019,0.0
146.757,2026-06-26T00:38:56.968569,22722.316,52651.52,0.812,3553.095,16319.987,0.019,0.0
146.808,2026-06-26T00:38:57.019518,22722.336,52651.52,0.799,3553.096,16319.987,0.019,0.0
146.859,2026-06-26T00:38:57.070447,22735.406,52651.52,0.743,3553.097,16319.987,0.019,0.0
146.91,2026-06-26T00:38:57.121401,22734.691,52651.52,0.75,3553.098,16319.987,0.019,0.0
146.961,2026-06-26T00:38:57.172314,22746.785,52651.52,0.847,3553.099,16319.987,0.019,0.0
147.012,2026-06-26T00:38:57.223226,22746.836,52651.52,0.823,3553.1,16319.987,0.019,0.0
147.063,2026-06-26T00:38:57.274186,22745.262,52651.52,0.806,3553.101,16319.987,0.019,0.0
147.114,2026-06-26T00:38:57.325093,22744.941,52651.52,0.794,3553.102,16319.987,0.019,0.0
147.165,2026-06-26T00:38:57.376027,22745.031,52651.52,0.786,3553.103,16319.987,0.019,0.0
147.216,2026-06-26T00:38:57.426984,22744.012,52651.52,0.78,3553.104,16319.987,0.019,0.0
147.267,2026-06-26T00:38:57.477908,22744.07,52651.52,0.776,3553.105,16319.987,0.019,0.0
147.318,2026-06-26T00:38:57.528862,22744.18,52651.52,0.819,3553.106,16319.987,0.019,0.0
147.369,2026-06-26T00:38:57.579792,22743.75,52651.52,0.803,3553.107,16319.987,0.019,0.0
147.42,2026-06-26T00:38:57.630753,22743.859,52651.52,0.793,3553.108,16319.987,0.019,0.0
147.471,2026-06-26T00:38:57.681699,22743.938,52651.52,0.785,3553.109,16319.987,0.019,0.0
147.521,2026-06-26T00:38:57.732650,22744.031,52651.52,0.779,3553.11,16319.987,0.019,0.0
147.572,2026-06-26T00:38:57.783581,22742.633,52651.52,0.776,3553.11,16319.987,0.019,0.0
147.623,2026-06-26T00:38:57.834536,22741.945,52651.52,0.773,3553.111,16319.987,0.019,0.0
147.674,2026-06-26T00:38:57.885492,22742.059,52651.52,0.771,3553.112,16319.987,0.019,0.0
147.725,2026-06-26T00:38:57.936453,22742.113,52651.52,0.816,3553.113,16319.987,0.019,0.0
147.776,2026-06-26T00:38:57.987385,22742.227,52651.52,0.801,3553.114,16319.987,0.019,0.0
147.827,2026-06-26T00:38:58.038338,22742.312,52651.52,0.791,3553.115,16319.987,0.019,0.0
147.878,2026-06-26T00:38:58.089245,22742.41,52651.52,0.784,3553.116,16319.987,0.019,0.0
147.929,2026-06-26T00:38:58.140220,22740.348,52651.52,0.778,3553.117,16319.987,0.019,0.0
147.98,2026-06-26T00:38:58.191112,22740.398,52651.52,0.821,3553.118,16319.987,0.019,0.0
148.031,2026-06-26T00:38:58.242041,22740.508,52651.52,0.805,3553.119,16319.987,0.019,0.0
148.082,2026-06-26T00:38:58.292989,22740.562,52651.52,0.793,3553.12,16319.987,0.019,0.0
148.133,2026-06-26T00:38:58.343918,22740.68,52651.52,0.785,3553.121,16319.987,0.019,0.0
148.184,2026-06-26T00:38:58.394885,22740.785,52651.52,0.78,3553.122,16319.987,0.019,0.0
148.235,2026-06-26T00:38:58.445822,22739.852,52651.52,0.776,3553.123,16319.987,0.019,0.0
148.286,2026-06-26T00:38:58.496770,22739.957,52651.52,0.773,3553.124,16319.987,0.019,0.0
148.337,2026-06-26T00:38:58.547700,22740.008,52651.52,0.817,3553.125,16319.987,0.019,0.0
148.387,2026-06-26T00:38:58.598644,22740.125,52651.52,0.802,3553.126,16319.987,0.019,0.0
148.438,2026-06-26T00:38:58.649585,22740.195,52651.52,0.792,3553.127,16319.987,0.019,0.0
148.489,2026-06-26T00:38:58.700534,22740.277,52651.52,0.784,3553.128,16319.987,0.019,0.0
148.61,2026-06-26T00:38:58.820939,22740.496,52651.52,0.92,3553.474,16319.987,2.883,0.0
148.66,2026-06-26T00:38:58.871373,22740.59,52651.52,0.875,3553.475,16319.987,0.02,0.0
148.711,2026-06-26T00:38:58.921959,22739.629,52651.52,0.844,3553.476,16319.987,0.02,0.0
148.761,2026-06-26T00:38:58.972602,22739.738,52651.52,0.822,3553.477,16319.987,0.019,0.0
148.812,2026-06-26T00:38:59.023372,22739.848,52651.52,0.852,3553.478,16319.987,0.019,0.0
148.863,2026-06-26T00:38:59.074212,22739.91,52651.52,0.873,3553.479,16319.987,0.019,0.0
148.914,2026-06-26T00:38:59.125118,22740.016,52651.52,0.841,3553.48,16319.987,0.019,0.0
148.965,2026-06-26T00:38:59.176036,22740.07,52651.52,0.819,3553.481,16319.987,0.019,0.0
149.016,2026-06-26T00:38:59.226985,22740.172,52651.52,0.803,3553.482,16319.987,0.019,0.0
149.067,2026-06-26T00:38:59.277942,22740.281,52651.52,0.792,3553.483,16319.987,0.019,0.0
149.118,2026-06-26T00:38:59.328874,22740.324,52651.52,0.831,3553.484,16319.987,0.019,0.0
149.169,2026-06-26T00:38:59.379827,22740.438,52651.52,0.812,3553.485,16319.987,0.019,0.0
149.22,2026-06-26T00:38:59.430755,22740.512,52651.52,0.798,3553.486,16319.987,0.019,0.0
149.27,2026-06-26T00:38:59.481679,22739.609,52651.52,0.79,3553.487,16319.987,0.02,0.0
149.321,2026-06-26T00:38:59.532207,22739.715,52651.52,0.785,3553.488,16319.987,0.02,0.0
149.372,2026-06-26T00:38:59.582809,22739.773,52651.52,0.78,3553.489,16319.987,0.019,0.0
149.423,2026-06-26T00:38:59.633775,22739.871,52651.52,0.822,3553.49,16319.987,0.019,0.0
149.474,2026-06-26T00:38:59.684707,22739.941,52651.52,0.805,3553.491,16319.987,0.019,0.0
149.524,2026-06-26T00:38:59.735692,22740.055,52651.52,0.794,3553.492,16319.987,0.019,0.0
149.575,2026-06-26T00:38:59.786629,22740.16,52651.52,0.786,3553.493,16319.987,0.019,0.0
149.626,2026-06-26T00:38:59.837595,22740.215,52651.52,0.78,3553.494,16319.987,0.019,0.0
149.677,2026-06-26T00:38:59.888530,22740.32,52651.52,0.776,3553.495,16319.987,0.019,0.0
149.728,2026-06-26T00:38:59.939506,22740.371,52651.52,0.773,3553.496,16319.987,0.019,0.0
149.779,2026-06-26T00:38:59.990468,22736.488,52651.52,0.817,3553.497,16319.987,0.019,0.0
149.83,2026-06-26T00:39:00.041431,22736.586,52651.52,0.802,3553.498,16319.987,0.019,0.0
149.881,2026-06-26T00:39:00.092363,22736.645,52651.52,0.791,3553.499,16319.987,0.019,0.0
149.932,2026-06-26T00:39:00.143279,22736.742,52651.52,0.784,3553.5,16319.987,0.019,0.0
149.983,2026-06-26T00:39:00.194219,22736.809,52651.52,0.779,3553.501,16319.987,0.019,0.0
150.034,2026-06-26T00:39:00.245131,22736.91,52651.52,0.775,3553.502,16319.987,0.019,0.0
150.085,2026-06-26T00:39:00.296074,22737.016,52651.52,0.819,3553.503,16319.987,0.019,0.0
150.136,2026-06-26T00:39:00.347021,22737.047,52651.52,0.803,3553.504,16319.987,0.019,0.0
150.187,2026-06-26T00:39:00.397963,22737.168,52651.52,0.792,3553.505,16319.987,0.019,0.0
150.238,2026-06-26T00:39:00.448927,22737.242,52651.52,0.785,3553.506,16319.987,0.019,0.0
150.289,2026-06-26T00:39:00.499845,22737.324,52651.52,0.779,3553.507,16319.987,0.019,0.0
150.34,2026-06-26T00:39:00.550797,22737.41,52651.52,0.776,3553.508,16319.987,0.019,0.0
150.391,2026-06-26T00:39:00.601731,22737.449,52651.52,0.819,3553.509,16319.987,0.019,0.0
150.442,2026-06-26T00:39:00.652708,22737.559,52651.52,0.803,3553.51,16319.987,0.019,0.0
150.492,2026-06-26T00:39:00.703647,22737.66,52651.52,0.792,3553.511,16319.987,0.019,0.0
150.543,2026-06-26T00:39:00.754605,22737.703,52651.52,0.785,3553.512,16319.987,0.019,0.0
150.594,2026-06-26T00:39:00.805542,22737.801,52651.52,0.779,3553.513,16319.987,0.019,0.0
150.645,2026-06-26T00:39:00.856498,22737.887,52651.52,0.776,3553.514,16319.987,0.019,0.0
150.696,2026-06-26T00:39:00.907472,22737.949,52651.52,0.819,3553.515,16319.987,0.019,0.0
150.747,2026-06-26T00:39:00.958431,22738.051,52651.52,0.849,3553.516,16319.987,0.019,0.0
150.798,2026-06-26T00:39:01.009359,22738.102,52651.52,0.825,3553.517,16319.987,0.019,0.0
150.849,2026-06-26T00:39:01.060277,22738.184,52651.52,0.807,3553.518,16319.987,0.019,0.0
150.9,2026-06-26T00:39:01.111226,22738.285,52651.52,0.795,3553.519,16319.987,0.019,0.0
150.951,2026-06-26T00:39:01.162177,22738.328,52651.52,0.787,3553.52,16319.987,0.019,0.0
151.002,2026-06-26T00:39:01.213086,22738.484,52651.52,0.781,3553.521,16319.987,0.019,0.0
151.053,2026-06-26T00:39:01.264031,22738.598,52651.52,0.777,3553.522,16319.987,0.019,0.0
151.104,2026-06-26T00:39:01.314971,22738.691,52651.52,0.773,3553.523,16319.987,0.019,0.0
151.155,2026-06-26T00:39:01.365935,22738.812,52651.52,0.771,3553.524,16319.987,0.019,0.0
151.206,2026-06-26T00:39:01.416884,22738.934,52651.52,0.77,3553.525,16319.987,0.019,0.0
151.257,2026-06-26T00:39:01.467855,22739.133,52651.52,0.815,3553.526,16319.987,0.019,0.0
151.308,2026-06-26T00:39:01.518788,22739.23,52651.52,0.8,3553.527,16319.987,0.019,0.0
151.359,2026-06-26T00:39:01.569757,22739.383,52651.52,0.79,3553.528,16319.987,0.019,0.0
151.41,2026-06-26T00:39:01.620714,22739.418,52651.52,0.783,3553.529,16319.987,0.019,0.0
151.46,2026-06-26T00:39:01.671682,22739.516,52651.52,0.778,3553.53,16319.987,0.019,0.0
151.511,2026-06-26T00:39:01.722621,22739.605,52651.52,0.775,3553.531,16319.987,0.019,0.0
151.562,2026-06-26T00:39:01.773594,22739.711,52651.52,0.818,3553.532,16319.987,0.019,0.0
151.613,2026-06-26T00:39:01.824502,22739.953,52651.52,0.803,3553.533,16319.987,0.019,0.0
151.664,2026-06-26T00:39:01.875467,22740.039,52651.52,0.792,3553.534,16319.987,0.019,0.0
151.715,2026-06-26T00:39:01.926391,22740.074,52651.52,0.785,3553.535,16319.987,0.019,0.0
151.766,2026-06-26T00:39:01.977364,22740.379,52651.52,0.779,3553.536,16319.987,0.019,0.0
151.817,2026-06-26T00:39:02.028279,22741.188,52651.52,0.776,3553.537,16319.987,0.019,0.0
151.868,2026-06-26T00:39:02.079210,22741.227,52651.52,0.773,3553.538,16319.987,0.019,0.0
151.919,2026-06-26T00:39:02.130127,22741.324,52651.52,0.817,3553.539,16319.987,0.019,0.0
151.97,2026-06-26T00:39:02.181053,22741.41,52651.52,0.848,3553.539,16319.987,0.019,0.0
152.021,2026-06-26T00:39:02.231984,22741.434,52651.52,0.824,3553.54,16319.987,0.019,0.0
152.072,2026-06-26T00:39:02.282940,22741.547,52651.52,0.806,3553.541,16319.987,0.019,0.0
152.123,2026-06-26T00:39:02.333898,22741.625,52651.52,0.794,3553.542,16319.987,0.019,0.0
152.174,2026-06-26T00:39:02.384855,22742.668,52651.52,0.786,3553.543,16319.987,0.019,0.0
152.225,2026-06-26T00:39:02.435786,22742.766,52651.52,0.78,3553.544,16319.987,0.019,0.0
152.276,2026-06-26T00:39:02.486746,22742.848,52651.52,0.776,3553.545,16319.987,0.019,0.0
152.326,2026-06-26T00:39:02.537680,22742.902,52651.52,0.773,3553.546,16319.987,0.019,0.0
152.377,2026-06-26T00:39:02.588649,22742.988,52651.52,0.771,3553.547,16319.987,0.019,0.0
152.428,2026-06-26T00:39:02.639622,22743.082,52651.52,0.77,3553.548,16319.987,0.019,0.0
152.479,2026-06-26T00:39:02.690608,22743.133,52651.52,0.815,3553.549,16319.987,0.019,0.0
152.53,2026-06-26T00:39:02.741586,22743.215,52651.52,0.846,3553.55,16319.987,0.019,0.0
152.581,2026-06-26T00:39:02.792599,22743.285,52651.52,0.822,3553.551,16319.987,0.019,0.0
152.632,2026-06-26T00:39:02.843590,22743.348,52651.52,0.805,3553.552,16319.987,0.019,0.0
152.683,2026-06-26T00:39:02.894608,22743.43,52651.52,0.793,3553.553,16319.987,0.019,0.0
152.734,2026-06-26T00:39:02.945592,22743.508,52651.52,0.785,3553.554,16319.987,0.019,0.0
152.785,2026-06-26T00:39:02.996619,22743.578,52651.52,0.779,3553.555,16319.987,0.019,0.0
152.836,2026-06-26T00:39:03.047607,22743.648,52651.52,0.775,3553.556,16319.987,0.019,0.0
152.887,2026-06-26T00:39:03.098591,22743.738,52651.52,0.773,3553.557,16319.987,0.019,0.0
152.938,2026-06-26T00:39:03.149572,22743.809,52651.52,0.771,3553.558,16319.987,0.019,0.0
152.989,2026-06-26T00:39:03.200556,22743.859,52651.52,0.815,3553.559,16319.987,0.019,0.0
153.04,2026-06-26T00:39:03.251546,22743.949,52651.52,0.801,3553.56,16319.987,0.019,0.0
153.091,2026-06-26T00:39:03.302567,22744.035,52651.52,0.836,3553.561,16319.987,0.019,0.0
153.142,2026-06-26T00:39:03.353550,22744.09,52651.52,0.815,3553.562,16319.987,0.019,0.0
153.193,2026-06-26T00:39:03.404555,22744.191,52651.52,0.801,3553.563,16319.987,0.019,0.0
153.244,2026-06-26T00:39:03.455531,22744.266,52651.52,0.79,3553.564,16319.987,0.019,0.0
153.295,2026-06-26T00:39:03.506565,22744.34,52651.52,0.783,3553.565,16319.987,0.019,0.0
153.346,2026-06-26T00:39:03.557547,22744.469,52651.52,0.778,3553.566,16319.987,0.019,0.0
153.397,2026-06-26T00:39:03.608554,22744.574,52651.52,0.774,3553.567,16319.987,0.019,0.0
153.448,2026-06-26T00:39:03.659539,22744.645,52651.52,0.772,3553.568,16319.987,0.019,0.0
153.499,2026-06-26T00:39:03.710537,22748.566,52651.52,0.816,3553.569,16319.987,0.019,0.0
153.62,2026-06-26T00:39:03.831353,22748.289,52651.52,0.941,3553.915,16319.987,2.875,0.0
153.671,2026-06-26T00:39:03.881790,22748.395,52651.52,0.936,3553.916,16319.987,0.02,0.0
153.721,2026-06-26T00:39:03.932426,22748.469,52651.52,0.887,3553.917,16319.987,0.02,0.0
153.772,2026-06-26T00:39:03.983119,22748.551,52651.52,0.852,3553.918,16319.987,0.019,0.0
153.823,2026-06-26T00:39:04.033900,22748.66,52651.52,0.827,3553.919,16319.987,0.019,0.0
153.873,2026-06-26T00:39:04.084681,22748.73,52651.52,0.809,3553.92,16319.987,0.019,0.0
153.924,2026-06-26T00:39:04.135695,22748.824,52651.52,0.842,3553.921,16319.987,0.019,0.0
153.975,2026-06-26T00:39:04.186664,22748.918,52651.52,0.819,3553.922,16319.987,0.019,0.0
154.026,2026-06-26T00:39:04.237672,22749.016,52651.52,0.803,3553.923,16319.987,0.019,0.0
154.077,2026-06-26T00:39:04.288645,22749.074,52651.52,0.792,3553.924,16319.987,0.019,0.0
154.128,2026-06-26T00:39:04.339655,22750.031,52651.52,0.784,3553.925,16319.987,0.019,0.0
154.179,2026-06-26T00:39:04.390652,22751.727,52651.52,0.779,3553.926,16319.987,0.019,0.0
154.23,2026-06-26T00:39:04.441662,22751.793,52651.52,0.775,3553.927,16319.987,0.019,0.0
154.281,2026-06-26T00:39:04.492650,22751.906,52651.52,0.818,3553.928,16319.987,0.019,0.0
154.332,2026-06-26T00:39:04.543651,22751.996,52651.52,0.802,3553.929,16319.987,0.019,0.0
154.383,2026-06-26T00:39:04.594644,22752.051,52651.52,0.791,3553.93,16319.987,0.019,0.0
154.434,2026-06-26T00:39:04.645663,22752.16,52651.52,0.83,3553.931,16319.987,0.019,0.0
154.485,2026-06-26T00:39:04.696621,22752.266,52651.52,0.811,3553.932,16319.987,0.019,0.0
154.536,2026-06-26T00:39:04.747623,22752.312,52651.52,0.797,3553.933,16319.987,0.019,0.0
154.587,2026-06-26T00:39:04.798605,22752.426,52651.52,0.788,3553.934,16319.987,0.019,0.0
154.638,2026-06-26T00:39:04.849636,22752.441,52651.52,0.781,3553.935,16319.987,0.019,0.0
154.689,2026-06-26T00:39:04.900622,22752.48,52651.52,0.777,3553.936,16319.987,0.019,0.0
154.74,2026-06-26T00:39:04.951624,22752.602,52651.52,0.774,3553.937,16319.987,0.019,0.0
154.791,2026-06-26T00:39:05.002610,22752.727,52651.52,0.817,3553.938,16319.987,0.019,0.0
154.842,2026-06-26T00:39:05.053622,22752.762,52651.52,0.802,3553.939,16319.987,0.019,0.0
154.893,2026-06-26T00:39:05.104614,22752.871,52651.52,0.791,3553.94,16319.987,0.019,0.0
154.944,2026-06-26T00:39:05.155617,22752.973,52651.52,0.784,3553.941,16319.987,0.019,0.0
154.995,2026-06-26T00:39:05.206594,22753.012,52651.52,0.778,3553.942,16319.987,0.019,0.0
155.046,2026-06-26T00:39:05.257598,22753.129,52651.52,0.821,3553.943,16319.987,0.019,0.0
155.097,2026-06-26T00:39:05.308583,22753.434,52651.52,0.804,3553.944,16319.987,0.019,0.0
155.148,2026-06-26T00:39:05.359598,22753.566,52651.52,0.793,3553.945,16319.987,0.019,0.0
155.199,2026-06-26T00:39:05.410588,22753.703,52651.52,0.785,3553.946,16319.987,0.019,0.0
155.25,2026-06-26T00:39:05.461595,22754.293,52651.52,0.779,3553.947,16319.987,0.019,0.0
155.301,2026-06-26T00:39:05.512580,22755.891,52651.52,0.775,3553.948,16319.987,0.019,0.0
155.352,2026-06-26T00:39:05.563607,22755.98,52651.52,0.772,3553.949,16319.987,0.019,0.0
155.403,2026-06-26T00:39:05.614594,22756.082,52651.52,0.77,3553.95,16319.987,0.019,0.0
155.454,2026-06-26T00:39:05.665606,22756.066,52651.52,0.815,3553.951,16319.987,0.019,0.0
155.505,2026-06-26T00:39:05.716587,22756.117,52651.52,0.8,3553.952,16319.987,0.019,0.0
155.556,2026-06-26T00:39:05.767609,22756.223,52651.52,0.79,3553.953,16319.987,0.019,0.0
155.607,2026-06-26T00:39:05.818601,22756.348,52651.52,0.783,3553.954,16319.987,0.019,0.0
155.658,2026-06-26T00:39:05.869607,22756.375,52651.52,0.824,3553.955,16319.987,0.019,0.0
155.709,2026-06-26T00:39:05.920588,22756.5,52651.52,0.807,3553.956,16319.987,0.019,0.0
155.76,2026-06-26T00:39:05.971589,22756.598,52651.52,0.794,3553.957,16319.987,0.019,0.0
155.811,2026-06-26T00:39:06.022596,22756.625,52651.52,0.786,3553.958,16319.987,0.019,0.0
155.862,2026-06-26T00:39:06.073607,22756.738,52651.52,0.78,3553.959,16319.987,0.019,0.0
155.913,2026-06-26T00:39:06.124582,22756.859,52651.52,0.776,3553.96,16319.987,0.019,0.0
155.964,2026-06-26T00:39:06.175603,22756.926,52651.52,0.773,3553.961,16319.987,0.019,0.0
156.015,2026-06-26T00:39:06.226582,22757.02,52651.52,0.817,3553.962,16319.987,0.019,0.0
156.066,2026-06-26T00:39:06.277607,22757.141,52651.52,0.802,3553.963,16319.987,0.019,0.0
156.117,2026-06-26T00:39:06.328587,22776.863,52651.52,0.791,3553.964,16319.987,0.019,0.0
156.168,2026-06-26T00:39:06.379593,22780.801,52651.52,0.783,3553.965,16319.987,0.019,0.0
156.219,2026-06-26T00:39:06.430575,22780.379,52651.52,0.778,3553.966,16319.987,0.019,0.0
156.27,2026-06-26T00:39:06.481593,22780.492,52651.52,0.82,3553.967,16319.987,0.019,0.0
156.321,2026-06-26T00:39:06.532585,22780.562,52651.52,0.804,3553.968,16319.987,0.019,0.0
156.372,2026-06-26T00:39:06.583576,22720.754,52651.52,0.793,3553.969,16319.987,0.019,0.0
156.423,2026-06-26T00:39:06.634548,22720.82,52651.52,0.785,3553.969,16319.987,0.019,0.0
156.474,2026-06-26T00:39:06.685540,22720.836,52651.52,0.779,3553.97,16319.987,0.019,0.0
156.525,2026-06-26T00:39:06.736527,22720.836,52651.52,0.821,3553.971,16319.987,0.019,0.0
156.576,2026-06-26T00:39:06.787539,22720.836,52651.52,0.805,3553.972,16319.987,0.019,0.0
156.627,2026-06-26T00:39:06.838528,22720.844,52651.52,0.793,3553.973,16319.987,0.019,0.0
156.678,2026-06-26T00:39:06.889540,22720.898,52651.52,0.785,3553.974,16319.987,0.019,0.0
156.729,2026-06-26T00:39:06.940487,22720.977,52651.52,0.779,3553.975,16319.987,0.019,0.0
156.78,2026-06-26T00:39:06.991494,22721.066,52651.52,0.775,3553.976,16319.987,0.019,0.0
156.831,2026-06-26T00:39:07.042469,22721.453,52651.52,0.773,3553.977,16319.987,0.019,0.0
156.882,2026-06-26T00:39:07.093468,22721.461,52651.52,0.817,3553.978,16319.987,0.019,0.0
156.933,2026-06-26T00:39:07.144444,22721.469,52651.52,0.801,3553.979,16319.987,0.019,0.0
156.984,2026-06-26T00:39:07.195450,22721.488,52651.52,0.791,3553.98,16319.987,0.019,0.0
157.035,2026-06-26T00:39:07.246433,22721.496,52651.52,0.784,3553.981,16319.987,0.019,0.0
157.086,2026-06-26T00:39:07.297441,22721.508,52651.52,0.87,3553.982,16319.987,0.019,0.0
157.137,2026-06-26T00:39:07.348424,22721.523,52651.52,0.839,3553.983,16319.987,0.019,0.0
157.188,2026-06-26T00:39:07.399429,22721.586,52651.52,0.817,3553.984,16319.987,0.019,0.0
157.239,2026-06-26T00:39:07.450431,22721.641,52651.52,0.802,3553.985,16319.987,0.019,0.0
157.29,2026-06-26T00:39:07.501435,22721.699,52651.52,0.791,3553.986,16319.987,0.019,0.0
157.341,2026-06-26T00:39:07.552413,22721.762,52651.52,0.784,3553.987,16319.987,0.019,0.0
157.392,2026-06-26T00:39:07.603419,22721.801,52651.52,0.778,3553.988,16319.987,0.019,0.0
157.443,2026-06-26T00:39:07.654394,22721.801,52651.52,0.775,3553.989,16319.987,0.019,0.0
157.494,2026-06-26T00:39:07.705428,22721.801,52651.52,0.772,3553.99,16319.987,0.019,0.0
157.545,2026-06-26T00:39:07.756413,22721.805,52651.52,0.77,3553.991,16319.987,0.019,0.0
157.596,2026-06-26T00:39:07.807420,22721.836,52651.52,0.769,3553.992,16319.987,0.019,0.0
157.647,2026-06-26T00:39:07.858397,22721.91,52651.52,0.814,3553.993,16319.987,0.019,0.0
157.698,2026-06-26T00:39:07.909415,22721.98,52651.52,0.8,3553.994,16319.987,0.019,0.0
157.749,2026-06-26T00:39:07.960405,22722.055,52651.52,0.836,3553.995,16319.987,0.019,0.0
157.8,2026-06-26T00:39:08.011412,22722.141,52651.52,0.815,3553.996,16319.987,0.019,0.0
157.851,2026-06-26T00:39:08.062384,22722.141,52651.52,0.8,3553.997,16319.987,0.019,0.0
157.902,2026-06-26T00:39:08.113393,22722.141,52651.52,0.79,3553.998,16319.987,0.019,0.0
157.953,2026-06-26T00:39:08.164380,22722.141,52651.52,0.783,3553.999,16319.987,0.019,0.0
158.004,2026-06-26T00:39:08.215375,22722.141,52651.52,0.778,3554.0,16319.987,0.019,0.0
158.055,2026-06-26T00:39:08.266360,22722.141,52651.52,0.774,3554.001,16319.987,0.019,0.0
158.106,2026-06-26T00:39:08.317353,22721.586,52651.52,0.772,3554.002,16319.987,0.019,0.0
158.157,2026-06-26T00:39:08.368349,22724.266,52651.52,0.77,3554.003,16319.987,0.019,0.0
158.208,2026-06-26T00:39:08.419362,22727.266,52651.52,0.769,3554.004,16319.987,0.019,0.0
158.259,2026-06-26T00:39:08.470341,22728.305,52651.52,0.814,3554.005,16319.987,0.019,0.0
158.31,2026-06-26T00:39:08.521344,22737.418,52651.52,0.754,3554.006,16319.987,0.019,0.0
158.361,2026-06-26T00:39:08.572297,22737.797,52651.52,0.757,3554.007,16319.987,0.019,0.0
158.412,2026-06-26T00:39:08.623277,22737.82,52651.52,0.806,3554.008,16319.987,0.019,0.0
158.463,2026-06-26T00:39:08.674234,22737.836,52651.52,0.794,3554.009,16319.987,0.019,0.0
158.514,2026-06-26T00:39:08.725235,22737.844,52651.52,0.786,3554.01,16319.987,0.019,0.0
158.634,2026-06-26T00:39:08.845125,22737.844,52651.52,0.942,3554.356,16319.987,2.896,0.0
158.684,2026-06-26T00:39:08.895557,22738.012,52651.52,0.891,3554.357,16319.987,0.02,0.0
158.735,2026-06-26T00:39:08.946181,22742.047,52651.52,0.855,3554.358,16319.987,0.02,0.0
158.786,2026-06-26T00:39:08.996773,22742.18,52651.52,0.83,3554.359,16319.987,0.019,0.0
158.836,2026-06-26T00:39:09.047566,22742.465,52651.52,0.811,3554.36,16319.987,0.019,0.0
158.887,2026-06-26T00:39:09.098507,22742.555,52651.52,0.844,3554.361,16319.987,0.019,0.0
158.938,2026-06-26T00:39:09.149483,22743.0,52651.52,0.866,3554.362,16319.987,0.019,0.0
158.989,2026-06-26T00:39:09.200477,22743.105,52651.52,0.836,3554.363,16319.987,0.019,0.0
159.04,2026-06-26T00:39:09.251459,22743.488,52651.52,0.815,3554.364,16319.987,0.019,0.0
159.091,2026-06-26T00:39:09.302481,22744.625,52651.52,0.8,3554.365,16319.987,0.019,0.0
159.142,2026-06-26T00:39:09.353468,22744.762,52651.52,0.79,3554.366,16319.987,0.019,0.0
159.193,2026-06-26T00:39:09.404472,22745.41,52651.52,0.783,3554.367,16319.987,0.019,0.0
159.244,2026-06-26T00:39:09.455462,22745.57,52651.52,0.778,3554.368,16319.987,0.019,0.0
159.295,2026-06-26T00:39:09.506472,22745.695,52651.52,0.774,3554.369,16319.987,0.019,0.0
159.346,2026-06-26T00:39:09.557464,22750.672,52651.52,0.772,3554.37,16319.987,0.019,0.0
159.397,2026-06-26T00:39:09.608476,22752.953,52651.52,0.77,3554.371,16319.987,0.019,0.0
159.448,2026-06-26T00:39:09.659453,22753.297,52651.52,0.769,3554.372,16319.987,0.019,0.0
159.499,2026-06-26T00:39:09.710477,22753.637,52651.52,0.768,3554.373,16319.987,0.019,0.0
159.55,2026-06-26T00:39:09.761462,22753.965,52651.52,0.767,3554.374,16319.987,0.019,0.0
159.601,2026-06-26T00:39:09.812470,22758.289,52651.52,0.767,3554.375,16319.987,0.019,0.0
159.652,2026-06-26T00:39:09.863454,22758.629,52651.52,0.767,3554.376,16319.987,0.019,0.0
159.703,2026-06-26T00:39:09.914452,22758.938,52651.52,0.812,3554.377,16319.987,0.019,0.0
159.754,2026-06-26T00:39:09.965455,22759.25,52651.52,0.799,3554.378,16319.987,0.019,0.0
159.805,2026-06-26T00:39:10.016475,22761.062,52651.52,0.835,3554.379,16319.987,0.019,0.0
159.856,2026-06-26T00:39:10.067452,22761.355,52651.52,0.814,3554.38,16319.987,0.019,0.0
159.907,2026-06-26T00:39:10.118467,22763.699,52651.52,0.846,3554.381,16319.987,0.019,0.0
159.958,2026-06-26T00:39:10.169446,22766.555,52651.52,0.868,3554.382,16319.987,0.019,0.0
160.009,2026-06-26T00:39:10.220479,22766.938,52651.52,0.837,3554.383,16319.987,0.019,0.0
160.06,2026-06-26T00:39:10.271462,22767.23,52651.52,0.816,3554.384,16319.987,0.019,0.0
160.111,2026-06-26T00:39:10.322465,22767.754,52651.52,0.801,3554.385,16319.987,0.019,0.0
160.162,2026-06-26T00:39:10.373448,22768.383,52651.52,0.79,3554.386,16319.987,0.019,0.0
160.213,2026-06-26T00:39:10.424465,22771.062,52651.52,0.783,3554.387,16319.987,0.019,0.0
160.264,2026-06-26T00:39:10.475459,22771.062,52651.52,0.778,3554.388,16319.987,0.019,0.0
160.315,2026-06-26T00:39:10.526460,22771.062,52651.52,0.774,3554.389,16319.987,0.019,0.0
160.366,2026-06-26T00:39:10.577389,22730.996,52651.52,0.772,3554.39,16319.987,0.019,0.0
160.417,2026-06-26T00:39:10.628380,22725.254,52651.52,0.77,3554.391,16319.987,0.019,0.0
160.468,2026-06-26T00:39:10.679345,22683.488,52651.52,0.815,3554.392,16319.987,0.019,0.0
160.519,2026-06-26T00:39:10.730345,22603.336,52651.52,0.8,3554.393,16320.019,0.02,0.631
160.57,2026-06-26T00:39:10.781327,22603.336,52651.52,0.606,3554.394,16320.019,0.019,0.0
160.621,2026-06-26T00:39:10.832281,22603.336,52651.52,0.424,3554.395,16320.019,0.019,0.0
160.672,2026-06-26T00:39:10.883236,22603.336,52651.52,0.297,3554.396,16320.019,0.019,0.0
160.723,2026-06-26T00:39:10.934203,22603.336,52651.52,0.208,3554.397,16320.019,0.019,0.0
160.774,2026-06-26T00:39:10.985196,22603.336,52651.52,0.146,3554.398,16320.019,0.019,0.0
160.825,2026-06-26T00:39:11.036116,22558.121,52651.52,0.241,3554.41,16320.103,0.237,1.661
160.876,2026-06-26T00:39:11.086741,22552.375,52651.52,0.445,3554.411,16320.103,0.019,0.0
160.927,2026-06-26T00:39:11.137755,22551.113,52651.52,0.541,3554.411,16320.103,0.019,0.0
160.978,2026-06-26T00:39:11.188729,22549.211,52651.52,0.609,3554.412,16320.103,0.019,0.0
161.029,2026-06-26T00:39:11.239733,22546.832,52651.52,0.702,3554.413,16320.103,0.019,0.0
161.08,2026-06-26T00:39:11.290727,22546.957,52651.52,0.767,3554.414,16320.103,0.019,0.0
161.131,2026-06-26T00:39:11.341737,22545.398,52651.52,0.813,3554.415,16320.103,0.019,0.0
161.182,2026-06-26T00:39:11.392744,22545.395,52651.52,0.798,3554.416,16320.103,0.019,0.0
161.233,2026-06-26T00:39:11.443748,22544.852,52651.52,0.789,3554.417,16320.103,0.019,0.0
161.284,2026-06-26T00:39:11.494733,22543.988,52651.52,0.782,3554.418,16320.103,0.019,0.0
161.335,2026-06-26T00:39:11.545738,22543.988,52651.52,0.777,3554.419,16320.103,0.019,0.0
161.386,2026-06-26T00:39:11.596725,22542.738,52651.52,0.774,3554.42,16320.103,0.019,0.0
161.437,2026-06-26T00:39:11.647756,22541.141,52651.52,0.772,3554.421,16320.103,0.019,0.0
161.488,2026-06-26T00:39:11.698739,22540.141,52651.52,0.816,3554.422,16320.103,0.019,0.0
161.539,2026-06-26T00:39:11.749744,22539.258,52651.52,0.801,3554.423,16320.103,0.019,0.0
161.59,2026-06-26T00:39:11.800730,22537.793,52651.52,0.79,3554.424,16320.103,0.019,0.0
161.641,2026-06-26T00:39:11.851748,22537.793,52651.52,0.783,3554.425,16320.103,0.019,0.0
161.692,2026-06-26T00:39:11.902752,22535.727,52651.52,0.778,3554.426,16320.103,0.019,0.0
161.743,2026-06-26T00:39:11.953771,22533.824,52651.52,0.774,3554.427,16320.103,0.019,0.0
161.794,2026-06-26T00:39:12.004771,22533.828,52651.52,0.772,3554.428,16320.103,0.019,0.0
161.845,2026-06-26T00:39:12.055784,22533.312,52651.52,0.77,3554.429,16320.103,0.019,0.0
161.896,2026-06-26T00:39:12.106788,22532.656,52651.52,0.769,3554.43,16320.103,0.019,0.0
161.947,2026-06-26T00:39:12.157798,22532.656,52651.52,0.768,3554.431,16320.103,0.019,0.0
161.998,2026-06-26T00:39:12.208777,22532.414,52651.52,0.767,3554.432,16320.103,0.019,0.0
162.049,2026-06-26T00:39:12.259777,22532.414,52651.52,0.767,3554.433,16320.103,0.019,0.0
162.1,2026-06-26T00:39:12.310768,22531.07,52651.52,0.812,3554.434,16320.103,0.019,0.0
162.151,2026-06-26T00:39:12.361783,22529.75,52651.52,0.799,3554.435,16320.103,0.019,0.0
162.202,2026-06-26T00:39:12.412771,22529.75,52651.52,0.789,3554.436,16320.103,0.019,0.0
162.253,2026-06-26T00:39:12.463774,22526.254,52651.52,0.782,3554.437,16320.103,0.019,0.0
162.304,2026-06-26T00:39:12.514757,22526.254,52651.52,0.777,3554.438,16320.103,0.019,0.0
162.355,2026-06-26T00:39:12.565778,22526.309,52651.52,0.82,3554.439,16320.103,0.019,0.0
162.406,2026-06-26T00:39:12.616757,22526.312,52651.52,0.804,3554.44,16320.103,0.019,0.0
162.457,2026-06-26T00:39:12.667765,22526.312,52651.52,0.838,3554.441,16320.103,0.019,0.0
162.508,2026-06-26T00:39:12.718744,22525.094,52651.52,0.863,3554.442,16320.103,0.019,0.0
162.559,2026-06-26T00:39:12.769740,22525.094,52651.52,0.834,3554.443,16320.103,0.019,0.0
162.61,2026-06-26T00:39:12.820752,22525.094,52651.52,0.813,3554.444,16320.103,0.019,0.0
162.661,2026-06-26T00:39:12.871749,22524.648,52651.52,0.799,3554.445,16320.103,0.019,0.0
162.712,2026-06-26T00:39:12.922725,22522.898,52651.52,0.789,3554.446,16320.103,0.019,0.0
162.763,2026-06-26T00:39:12.973749,22522.898,52651.52,0.782,3554.447,16320.103,0.019,0.0
162.814,2026-06-26T00:39:13.024744,22518.527,52651.52,0.777,3554.448,16320.103,0.019,0.0
162.865,2026-06-26T00:39:13.075770,22516.852,52651.52,0.774,3554.449,16320.103,0.019,0.0
162.916,2026-06-26T00:39:13.126753,22513.086,52651.52,0.772,3554.45,16320.103,0.019,0.0
162.967,2026-06-26T00:39:13.177751,22510.914,52651.52,0.77,3554.451,16320.103,0.019,0.0
163.018,2026-06-26T00:39:13.228734,22505.152,52651.52,0.769,3554.452,16320.103,0.019,0.0
163.069,2026-06-26T00:39:13.279748,22505.156,52651.52,0.768,3554.453,16320.103,0.019,0.0
163.12,2026-06-26T00:39:13.330739,22502.801,52651.52,0.813,3554.454,16320.103,0.019,0.0
163.171,2026-06-26T00:39:13.381749,22502.801,52651.52,0.799,3554.455,16320.103,0.019,0.0
163.222,2026-06-26T00:39:13.432734,22500.285,52651.52,0.789,3554.456,16320.103,0.019,0.0
163.273,2026-06-26T00:39:13.483735,22500.285,52651.52,0.782,3554.457,16320.103,0.019,0.0
163.324,2026-06-26T00:39:13.534726,22496.953,52651.52,0.777,3554.458,16320.103,0.019,0.0
163.375,2026-06-26T00:39:13.585733,22496.953,52651.52,0.82,3554.459,16320.103,0.019,0.0
163.426,2026-06-26T00:39:13.636726,22494.965,52651.52,0.804,3554.46,16320.103,0.019,0.0
163.477,2026-06-26T00:39:13.687729,22491.711,52651.52,0.792,3554.461,16320.103,0.019,0.0
163.528,2026-06-26T00:39:13.738730,22491.715,52651.52,0.83,3554.462,16320.103,0.019,0.0
163.649,2026-06-26T00:39:13.860086,22490.02,52651.52,0.93,3554.808,16320.103,2.862,0.0
163.699,2026-06-26T00:39:13.910522,22490.02,52651.52,0.882,3554.809,16320.103,0.02,0.0
163.75,2026-06-26T00:39:13.961110,22490.02,52651.52,0.849,3554.81,16320.103,0.02,0.0
163.801,2026-06-26T00:39:14.011732,22483.281,52651.52,0.826,3554.811,16320.103,0.02,0.0
163.851,2026-06-26T00:39:14.062501,22483.281,52651.52,0.808,3554.812,16320.103,0.02,0.0
163.902,2026-06-26T00:39:14.113443,22483.281,52651.52,0.842,3554.813,16320.103,0.019,0.0
163.953,2026-06-26T00:39:14.164448,22483.281,52651.52,0.865,3554.814,16320.103,0.019,0.0
164.004,2026-06-26T00:39:14.215445,22478.895,52651.52,0.835,3554.815,16320.103,0.019,0.0
164.055,2026-06-26T00:39:14.266425,22478.895,52651.52,0.861,3554.816,16320.103,0.019,0.0
164.106,2026-06-26T00:39:14.317427,22478.895,52651.52,0.832,3554.817,16320.103,0.019,0.0
164.157,2026-06-26T00:39:14.368422,22478.895,52651.52,0.812,3554.818,16320.103,0.019,0.0
164.208,2026-06-26T00:39:14.419406,22478.895,52651.52,0.8,3554.819,16320.103,0.02,0.0
164.259,2026-06-26T00:39:14.470002,22478.895,52651.52,0.836,3554.82,16320.103,0.02,0.0
164.31,2026-06-26T00:39:14.520993,22478.895,52651.52,0.815,3554.821,16320.103,0.019,0.0
164.361,2026-06-26T00:39:14.571969,22478.895,52651.52,0.801,3554.822,16320.103,0.019,0.0
164.412,2026-06-26T00:39:14.622970,22478.895,52651.52,0.79,3554.823,16320.103,0.019,0.0
164.463,2026-06-26T00:39:14.673929,22478.895,52651.52,0.783,3554.824,16320.103,0.019,0.0
164.514,2026-06-26T00:39:14.724929,22478.895,52651.52,0.778,3554.825,16320.103,0.019,0.0
164.565,2026-06-26T00:39:14.775904,22441.406,52651.52,0.774,3554.826,16320.103,0.019,0.0
164.616,2026-06-26T00:39:14.826908,22443.512,52651.52,0.772,3554.827,16320.103,0.019,0.0
164.667,2026-06-26T00:39:14.877891,22432.773,52651.52,0.77,3554.828,16320.103,0.019,0.0
164.718,2026-06-26T00:39:14.928888,22432.781,52651.52,0.815,3554.829,16320.103,0.019,0.0
164.769,2026-06-26T00:39:14.979864,22432.781,52651.52,0.8,3554.83,16320.103,0.019,0.0
164.82,2026-06-26T00:39:15.030858,22429.562,52651.52,0.79,3554.831,16320.103,0.019,0.0
164.871,2026-06-26T00:39:15.081852,22423.398,52651.52,0.829,3554.832,16320.103,0.019,0.0
164.922,2026-06-26T00:39:15.132840,22431.289,52651.52,0.764,3554.833,16320.103,0.019,0.0
164.973,2026-06-26T00:39:15.183808,22418.133,52651.52,0.765,3554.834,16320.103,0.019,0.0
165.024,2026-06-26T00:39:15.234804,22418.133,52651.52,0.765,3554.835,16320.103,0.019,0.0
165.075,2026-06-26T00:39:15.285780,22408.492,52651.52,0.765,3554.836,16320.103,0.019,0.0
165.126,2026-06-26T00:39:15.336802,22405.285,52651.52,0.766,3554.837,16320.103,0.019,0.0
165.177,2026-06-26T00:39:15.387781,22405.285,52651.52,0.812,3554.838,16320.103,0.019,0.0
165.228,2026-06-26T00:39:15.438780,22403.031,52651.52,0.798,3554.839,16320.103,0.019,0.0
165.279,2026-06-26T00:39:15.489764,22403.031,52651.52,0.789,3554.84,16320.103,0.019,0.0
165.33,2026-06-26T00:39:15.540768,22396.281,52651.52,0.828,3554.841,16320.103,0.019,0.0
165.381,2026-06-26T00:39:15.591762,22388.527,52651.52,0.809,3554.842,16320.103,0.019,0.0
165.432,2026-06-26T00:39:15.642761,22388.523,52651.52,0.796,3554.843,16320.103,0.019,0.0
165.483,2026-06-26T00:39:15.693741,22388.523,52651.52,0.787,3554.844,16320.103,0.019,0.0
165.534,2026-06-26T00:39:15.744741,22388.523,52651.52,0.781,3554.845,16320.103,0.019,0.0
165.585,2026-06-26T00:39:15.795734,22381.387,52651.52,0.822,3554.846,16320.103,0.019,0.0
165.636,2026-06-26T00:39:15.846751,22381.363,52651.52,0.805,3554.847,16320.103,0.019,0.0
165.687,2026-06-26T00:39:15.897730,22381.371,52651.52,0.84,3554.848,16320.103,0.019,0.0
165.738,2026-06-26T00:39:15.948720,22376.305,52651.52,0.818,3554.849,16320.103,0.019,0.0
165.789,2026-06-26T00:39:15.999703,22376.305,52651.52,0.802,3554.85,16320.103,0.019,0.0
165.84,2026-06-26T00:39:16.050717,22369.938,52651.52,0.791,3554.851,16320.103,0.019,0.0
165.89,2026-06-26T00:39:16.101697,22369.938,52651.52,0.784,3554.852,16320.103,0.019,0.0
165.942,2026-06-26T00:39:16.152706,22369.938,52651.52,0.778,3554.853,16320.103,0.019,0.0
165.992,2026-06-26T00:39:16.203658,22369.938,52651.52,0.821,3554.854,16320.103,0.019,0.0
166.043,2026-06-26T00:39:16.254659,22369.938,52651.52,0.804,3554.855,16320.103,0.019,0.0
166.094,2026-06-26T00:39:16.305649,22358.941,52651.52,0.793,3554.856,16320.103,0.019,0.0
166.145,2026-06-26T00:39:16.356656,22358.941,52651.52,0.785,3554.857,16320.103,0.019,0.0
166.196,2026-06-26T00:39:16.407640,22353.57,52651.52,0.779,3554.858,16320.103,0.019,0.0
166.247,2026-06-26T00:39:16.458642,22345.605,52651.52,0.775,3554.859,16320.103,0.019,0.0
166.298,2026-06-26T00:39:16.509653,22330.703,52651.52,0.864,3554.86,16320.103,0.019,0.0
166.349,2026-06-26T00:39:16.560650,22330.703,52651.52,0.835,3554.861,16320.103,0.019,0.0
166.4,2026-06-26T00:39:16.611630,22330.703,52651.52,0.814,3554.862,16320.103,0.019,0.0
166.451,2026-06-26T00:39:16.662635,22328.535,52651.52,0.8,3554.863,16320.103,0.019,0.0
166.502,2026-06-26T00:39:16.713610,22323.625,52651.52,0.79,3554.864,16320.103,0.019,0.0
166.553,2026-06-26T00:39:16.764643,22323.625,52651.52,0.783,3554.865,16320.103,0.019,0.0
166.604,2026-06-26T00:39:16.815622,22323.625,52651.52,0.778,3554.866,16320.103,0.019,0.0
166.655,2026-06-26T00:39:16.866628,22320.02,52651.52,0.774,3554.867,16320.103,0.019,0.0
166.706,2026-06-26T00:39:16.917617,22315.996,52651.52,0.771,3554.868,16320.103,0.019,0.0
166.757,2026-06-26T00:39:16.968631,22315.973,52651.52,0.77,3554.869,16320.103,0.019,0.0
166.808,2026-06-26T00:39:17.019621,22315.305,52651.52,0.768,3554.87,16320.103,0.019,0.0
166.859,2026-06-26T00:39:17.070634,22308.789,52651.52,0.814,3554.871,16320.103,0.019,0.0
166.91,2026-06-26T00:39:17.121586,22308.789,52651.52,0.846,3554.872,16320.103,0.019,0.0
166.961,2026-06-26T00:39:17.172590,22308.789,52651.52,0.822,3554.873,16320.103,0.019,0.0
167.012,2026-06-26T00:39:17.223569,22308.789,52651.52,0.805,3554.874,16320.103,0.019,0.0
167.063,2026-06-26T00:39:17.274572,22308.789,52651.52,0.794,3554.875,16320.103,0.019,0.0
167.114,2026-06-26T00:39:17.325551,22308.789,52651.52,0.785,3554.876,16320.103,0.019,0.0
167.165,2026-06-26T00:39:17.376552,22308.789,52651.52,0.779,3554.877,16320.103,0.019,0.0
167.216,2026-06-26T00:39:17.427545,22308.789,52651.52,0.776,3554.878,16320.103,0.019,0.0
167.267,2026-06-26T00:39:17.478553,22312.293,52651.52,0.773,3554.879,16320.103,0.019,0.0
167.318,2026-06-26T00:39:17.529531,22312.293,52651.52,0.771,3554.88,16320.103,0.019,0.0
167.369,2026-06-26T00:39:17.580541,22293.164,52651.52,0.769,3554.881,16320.103,0.019,0.0
167.42,2026-06-26T00:39:17.631516,22293.164,52651.52,0.768,3554.882,16320.103,0.019,0.0
167.471,2026-06-26T00:39:17.682539,22293.164,52651.52,0.768,3554.883,16320.103,0.019,0.0
167.522,2026-06-26T00:39:17.733519,22287.727,52651.52,0.767,3554.884,16320.103,0.019,0.0
167.573,2026-06-26T00:39:17.784527,22287.727,52651.52,0.767,3554.885,16320.103,0.019,0.0
167.624,2026-06-26T00:39:17.835501,22287.727,52651.52,0.767,3554.885,16320.103,0.019,0.0
167.675,2026-06-26T00:39:17.886494,22287.727,52651.52,0.812,3554.886,16320.103,0.019,0.0
167.726,2026-06-26T00:39:17.937499,22287.727,52651.52,0.844,3554.887,16320.103,0.019,0.0
167.777,2026-06-26T00:39:17.988501,22273.438,52651.52,0.821,3554.888,16320.103,0.019,0.0
167.828,2026-06-26T00:39:18.039468,22273.438,52651.52,0.85,3554.889,16320.103,0.019,0.0
167.879,2026-06-26T00:39:18.090478,22274.785,52651.52,0.825,3554.89,16320.103,0.019,0.0
167.93,2026-06-26T00:39:18.141463,22274.414,52651.52,0.761,3554.891,16320.103,0.019,0.0
167.981,2026-06-26T00:39:18.192449,22264.945,52651.52,0.763,3554.892,16320.103,0.019,0.0
168.032,2026-06-26T00:39:18.243418,22264.945,52651.52,0.764,3554.893,16320.103,0.019,0.0
168.083,2026-06-26T00:39:18.294418,22264.945,52651.52,0.81,3554.894,16320.103,0.019,0.0
168.134,2026-06-26T00:39:18.345398,22262.578,52651.52,0.797,3554.895,16320.103,0.019,0.0
168.185,2026-06-26T00:39:18.396397,22257.961,52651.52,0.788,3554.896,16320.103,0.019,0.0
168.236,2026-06-26T00:39:18.447384,22257.312,52651.52,0.781,3554.897,16320.103,0.019,0.0
168.287,2026-06-26T00:39:18.498388,22257.32,52651.52,0.777,3554.898,16320.103,0.019,0.0
168.338,2026-06-26T00:39:18.549361,22249.34,52651.52,0.819,3554.899,16320.103,0.019,0.0
168.389,2026-06-26T00:39:18.600359,22249.34,52651.52,0.803,3554.9,16320.103,0.019,0.0
168.44,2026-06-26T00:39:18.651355,22237.652,52651.52,0.792,3554.901,16320.103,0.019,0.0
168.491,2026-06-26T00:39:18.702359,22237.652,52651.52,0.876,3554.902,16320.103,0.019,0.0
168.542,2026-06-26T00:39:18.753343,22234.598,52651.52,0.843,3554.903,16320.103,0.019,0.0
168.663,2026-06-26T00:39:18.874110,22232.352,52651.52,0.96,3555.249,16320.103,2.875,0.0
168.713,2026-06-26T00:39:18.924534,22230.539,52651.52,0.857,3555.25,16320.103,0.02,0.0
168.764,2026-06-26T00:39:18.975122,22222.641,52651.52,0.832,3555.251,16320.103,0.02,0.0
168.815,2026-06-26T00:39:19.025775,22222.641,52651.52,0.859,3555.252,16320.103,0.02,0.0
168.865,2026-06-26T00:39:19.076537,22222.641,52651.52,0.832,3555.253,16320.103,0.019,0.0
168.916,2026-06-26T00:39:19.127458,22222.641,52651.52,0.812,3555.254,16320.103,0.019,0.0
168.967,2026-06-26T00:39:19.178436,22222.625,52651.52,0.798,3555.255,16320.103,0.019,0.0
169.018,2026-06-26T00:39:19.229419,22222.641,52651.52,0.789,3555.256,16320.103,0.019,0.0
169.069,2026-06-26T00:39:19.280421,22222.641,52651.52,0.782,3555.257,16320.103,0.019,0.0
169.12,2026-06-26T00:39:19.331424,22222.641,52651.52,0.777,3555.258,16320.103,0.019,0.0
169.171,2026-06-26T00:39:19.382403,22222.641,52651.52,0.774,3555.259,16320.103,0.019,0.0
169.222,2026-06-26T00:39:19.433411,22222.641,52651.52,0.771,3555.26,16320.103,0.019,0.0
169.273,2026-06-26T00:39:19.484404,22222.641,52651.52,0.77,3555.261,16320.103,0.019,0.0
169.324,2026-06-26T00:39:19.535412,22222.641,52651.52,0.769,3555.262,16320.103,0.019,0.0
169.375,2026-06-26T00:39:19.586393,22222.641,52651.52,0.86,3555.263,16320.103,0.019,0.0
169.426,2026-06-26T00:39:19.637397,22218.914,52651.52,0.832,3555.264,16320.103,0.019,0.0
169.477,2026-06-26T00:39:19.688378,22218.914,52651.52,0.812,3555.265,16320.103,0.019,0.0
169.528,2026-06-26T00:39:19.739388,22218.922,52651.52,0.798,3555.266,16320.103,0.019,0.0
169.579,2026-06-26T00:39:19.790370,22222.918,52651.52,0.835,3555.267,16320.103,0.019,0.0
169.63,2026-06-26T00:39:19.841368,22218.359,52651.52,0.814,3555.268,16320.103,0.019,0.0
169.681,2026-06-26T00:39:19.892340,22218.359,52651.52,0.8,3555.269,16320.103,0.019,0.0
169.732,2026-06-26T00:39:19.943355,22218.359,52651.52,0.79,3555.27,16320.103,0.019,0.0
169.783,2026-06-26T00:39:19.994339,22218.359,52651.52,0.783,3555.271,16320.103,0.019,0.0
169.834,2026-06-26T00:39:20.045285,22218.359,52651.52,0.778,3555.272,16320.103,0.019,0.0
169.885,2026-06-26T00:39:20.096243,22218.359,52651.52,0.774,3555.273,16320.103,0.019,0.0
169.936,2026-06-26T00:39:20.147236,22218.359,52651.52,0.772,3555.274,16320.103,0.019,0.0
169.987,2026-06-26T00:39:20.198197,22218.359,52651.52,0.77,3555.275,16320.103,0.019,0.0
170.038,2026-06-26T00:39:20.249210,22218.352,52651.52,0.769,3555.276,16320.103,0.019,0.0
170.089,2026-06-26T00:39:20.300180,22218.359,52651.52,0.768,3555.277,16320.103,0.019,0.0
170.14,2026-06-26T00:39:20.351133,22218.359,52651.52,0.859,3555.278,16320.103,0.019,0.0
170.191,2026-06-26T00:39:20.402122,22218.359,52651.52,0.831,3555.279,16320.103,0.019,0.0
170.242,2026-06-26T00:39:20.453120,22218.359,52651.52,0.812,3555.28,16320.103,0.019,0.0
170.293,2026-06-26T00:39:20.504062,22218.359,52651.52,0.8,3555.281,16320.103,0.02,0.0
170.343,2026-06-26T00:39:20.554611,22218.359,52651.52,0.791,3555.282,16320.103,0.02,0.0
170.394,2026-06-26T00:39:20.605468,22218.359,52651.52,0.784,3555.283,16320.103,0.019,0.0
170.445,2026-06-26T00:39:20.656400,22218.359,52651.52,0.779,3555.284,16320.103,0.019,0.0
170.496,2026-06-26T00:39:20.707362,22218.359,52651.52,0.775,3555.285,16320.103,0.019,0.0
170.547,2026-06-26T00:39:20.758272,22218.359,52651.52,0.773,3555.286,16320.103,0.019,0.0
170.598,2026-06-26T00:39:20.809225,22218.359,52651.52,0.771,3555.287,16320.103,0.019,0.0
170.649,2026-06-26T00:39:20.860122,22218.359,52651.52,0.77,3555.288,16320.103,0.019,0.0
170.7,2026-06-26T00:39:20.911065,22218.359,52651.52,0.815,3555.289,16320.103,0.019,0.0
170.751,2026-06-26T00:39:20.962026,22218.359,52651.52,0.846,3555.29,16320.103,0.019,0.0
170.802,2026-06-26T00:39:21.012967,22218.359,52651.52,0.822,3555.291,16320.103,0.019,0.0
170.853,2026-06-26T00:39:21.063917,22218.359,52651.52,0.806,3555.292,16320.103,0.019,0.0
170.904,2026-06-26T00:39:21.114849,22218.359,52651.52,0.794,3555.293,16320.103,0.019,0.0
170.955,2026-06-26T00:39:21.165807,22218.359,52651.52,0.786,3555.294,16320.103,0.019,0.0
171.006,2026-06-26T00:39:21.216749,22218.359,52651.52,0.78,3555.295,16320.103,0.019,0.0
171.057,2026-06-26T00:39:21.267700,22218.359,52651.52,0.776,3555.296,16320.103,0.019,0.0
171.107,2026-06-26T00:39:21.318635,22218.359,52651.52,0.773,3555.297,16320.103,0.019,0.0
171.158,2026-06-26T00:39:21.369593,22218.359,52651.52,0.817,3555.298,16320.103,0.019,0.0
171.209,2026-06-26T00:39:21.420540,22221.363,52651.52,0.802,3555.299,16320.103,0.019,0.0
171.26,2026-06-26T00:39:21.471491,22221.363,52651.52,0.791,3555.3,16320.103,0.019,0.0
171.311,2026-06-26T00:39:21.522422,22221.363,52651.52,0.784,3555.301,16320.103,0.019,0.0
171.362,2026-06-26T00:39:21.573376,22221.363,52651.52,0.779,3555.302,16320.103,0.019,0.0
171.413,2026-06-26T00:39:21.624339,22221.363,52651.52,0.821,3555.303,16320.103,0.019,0.0
171.464,2026-06-26T00:39:21.675258,22221.363,52651.52,0.805,3555.304,16320.103,0.019,0.0
171.515,2026-06-26T00:39:21.726206,22225.367,52651.52,0.793,3555.305,16320.103,0.019,0.0
171.566,2026-06-26T00:39:21.777116,22225.352,52651.52,0.786,3555.306,16320.103,0.019,0.0
171.617,2026-06-26T00:39:21.828033,22224.867,52651.52,0.78,3555.307,16320.103,0.019,0.0
171.668,2026-06-26T00:39:21.879002,22224.922,52651.52,0.776,3555.308,16320.103,0.019,0.0
171.719,2026-06-26T00:39:21.929935,22221.867,52651.52,0.819,3555.309,16320.103,0.019,0.0
171.77,2026-06-26T00:39:21.980883,22221.867,52651.52,0.803,3555.31,16320.103,0.019,0.0
171.821,2026-06-26T00:39:22.031821,22221.867,52651.52,0.839,3555.311,16320.103,0.019,0.0
171.872,2026-06-26T00:39:22.082768,22221.867,52651.52,0.817,3555.312,16320.103,0.019,0.0
171.923,2026-06-26T00:39:22.133731,22221.863,52651.52,0.802,3555.313,16320.103,0.019,0.0
171.973,2026-06-26T00:39:22.184679,22217.859,52651.52,0.791,3555.314,16320.103,0.019,0.0
172.024,2026-06-26T00:39:22.235611,22217.863,52651.52,0.784,3555.315,16320.103,0.019,0.0
172.075,2026-06-26T00:39:22.286582,22217.863,52651.52,0.779,3555.316,16320.103,0.019,0.0
172.126,2026-06-26T00:39:22.337497,22217.863,52651.52,0.775,3555.317,16320.103,0.019,0.0
172.177,2026-06-26T00:39:22.388455,22217.863,52651.52,0.773,3555.318,16320.103,0.019,0.0
172.228,2026-06-26T00:39:22.439387,22217.855,52651.52,0.771,3555.319,16320.103,0.019,0.0
172.279,2026-06-26T00:39:22.490312,22217.855,52651.52,0.816,3555.32,16320.103,0.019,0.0
172.33,2026-06-26T00:39:22.541224,22217.855,52651.52,0.847,3555.321,16320.103,0.019,0.0
172.381,2026-06-26T00:39:22.592178,22217.043,52651.52,0.823,3555.322,16320.103,0.019,0.0
172.432,2026-06-26T00:39:22.643086,22213.617,52651.52,0.806,3555.323,16320.103,0.019,0.0
172.483,2026-06-26T00:39:22.694005,22213.617,52651.52,0.795,3555.324,16320.103,0.019,0.0
172.534,2026-06-26T00:39:22.744951,22213.617,52651.52,0.786,3555.325,16320.103,0.019,0.0
172.585,2026-06-26T00:39:22.795886,22213.617,52651.52,0.78,3555.326,16320.103,0.019,0.0
172.636,2026-06-26T00:39:22.846852,22213.617,52651.52,0.776,3555.327,16320.103,0.019,0.0
172.687,2026-06-26T00:39:22.897781,22213.633,52651.52,0.773,3555.328,16320.103,0.019,0.0
172.738,2026-06-26T00:39:22.948748,22213.105,52651.52,0.771,3555.329,16320.103,0.019,0.0
172.788,2026-06-26T00:39:22.999680,22213.105,52651.52,0.77,3555.33,16320.103,0.019,0.0
172.839,2026-06-26T00:39:23.050656,22213.105,52651.52,0.769,3555.33,16320.103,0.019,0.0
172.89,2026-06-26T00:39:23.101591,22211.418,52651.52,0.815,3555.331,16320.103,0.019,0.0
172.941,2026-06-26T00:39:23.152541,22211.418,52651.52,0.8,3555.332,16320.103,0.019,0.0
172.992,2026-06-26T00:39:23.203473,22211.418,52651.52,0.836,3555.333,16320.103,0.019,0.0
173.043,2026-06-26T00:39:23.254414,22210.52,52651.52,0.815,3555.334,16320.103,0.019,0.0
173.094,2026-06-26T00:39:23.305375,22210.52,52651.52,0.801,3555.335,16320.103,0.019,0.0
173.145,2026-06-26T00:39:23.356286,22210.52,52651.52,0.791,3555.336,16320.103,0.019,0.0
173.196,2026-06-26T00:39:23.407195,22209.648,52651.52,0.784,3555.337,16320.103,0.019,0.0
173.247,2026-06-26T00:39:23.458105,22206.145,52651.52,0.779,3555.338,16320.103,0.019,0.0
173.298,2026-06-26T00:39:23.509058,22206.145,52651.52,0.775,3555.339,16321.278,0.019,23.065
173.349,2026-06-26T00:39:23.559979,22206.145,52651.52,0.774,3555.341,16321.556,0.024,5.488
173.399,2026-06-26T00:39:23.610575,22206.145,52651.52,0.773,3555.342,16321.556,0.024,0.0
173.45,2026-06-26T00:39:23.661269,22206.145,52651.52,0.771,3555.343,16321.556,0.025,0.0
173.501,2026-06-26T00:39:23.712204,22206.145,52651.52,0.77,3555.355,16321.561,0.239,0.1
173.552,2026-06-26T00:39:23.763182,22206.145,52651.52,0.539,3555.4,16321.581,0.883,0.381
173.682,2026-06-26T00:39:23.892762,22872.59,53919.492,1.646,3556.376,16321.59,7.478,0.07
173.734,2026-06-26T00:39:23.944738,22489.32,53158.348,2.456,3556.328,16321.581,-0.906,-0.174
173.786,2026-06-26T00:39:23.996776,22412.238,53007.457,2.259,3556.324,16321.581,-0.075,0.0
173.838,2026-06-26T00:39:24.048822,22327.492,52848.418,1.851,3556.525,16321.677,3.848,1.838
173.89,2026-06-26T00:39:24.100991,22327.492,52848.418,1.523,3556.528,16321.677,0.056,0.0
173.942,2026-06-26T00:39:24.152780,22327.492,52848.418,1.337,3556.531,16321.677,0.055,0.0
173.994,2026-06-26T00:39:24.204769,22328.473,52848.418,1.161,3556.534,16321.677,0.055,0.0
174.046,2026-06-26T00:39:24.256783,22199.141,52651.52,0.813,3556.612,16321.765,1.514,1.704
174.097,2026-06-26T00:39:24.308196,22195.137,52651.52,0.615,3556.613,16321.899,0.02,2.63
174.148,2026-06-26T00:39:24.359117,22193.91,52651.52,0.476,3557.39,16322.997,15.265,21.563
174.199,2026-06-26T00:39:24.410040,22274.094,61155.043,0.611,3557.392,16322.997,0.02,0.0
174.25,2026-06-26T00:39:24.460727,22762.273,63290.879,0.658,3557.393,16322.997,0.02,0.0
174.301,2026-06-26T00:39:24.511708,23403.078,63290.879,0.69,3557.394,16322.997,0.02,0.0
174.352,2026-06-26T00:39:24.562737,24027.906,64196.762,4.804,3557.395,16322.997,0.02,0.005
174.403,2026-06-26T00:39:24.613725,23883.746,63969.949,8.969,3557.396,16322.997,0.02,0.0
174.454,2026-06-26T00:39:24.664721,23987.016,64108.699,10.275,3557.397,16322.997,0.02,0.0
174.505,2026-06-26T00:39:24.715740,23910.98,64075.699,10.686,3557.398,16322.997,0.02,0.0
174.556,2026-06-26T00:39:24.766737,23904.289,64067.949,9.962,3557.399,16322.997,0.02,0.0
174.607,2026-06-26T00:39:24.817739,23871.336,64032.762,8.673,3557.4,16322.997,0.02,0.0
174.658,2026-06-26T00:39:24.868743,23875.738,64055.512,7.175,3557.401,16322.997,0.02,0.0
174.709,2026-06-26T00:39:24.919731,23894.984,64072.887,5.711,3557.402,16322.997,0.02,0.0
174.76,2026-06-26T00:39:24.970733,23889.816,64069.574,4.504,3557.403,16322.997,0.02,0.0
174.811,2026-06-26T00:39:25.021728,23888.992,64078.262,3.612,3557.404,16322.997,0.02,0.0
174.862,2026-06-26T00:39:25.072742,23878.262,64058.949,2.988,3557.405,16322.997,0.02,0.0
174.913,2026-06-26T00:39:25.123723,23878.262,64058.949,2.321,3557.406,16322.997,0.02,0.0
174.964,2026-06-26T00:39:25.174721,23878.262,64058.949,1.855,3557.407,16322.997,0.02,0.0
175.015,2026-06-26T00:39:25.225708,23878.262,64058.949,1.528,3557.408,16322.997,0.02,0.0
175.066,2026-06-26T00:39:25.276721,23878.262,64058.949,1.3,3557.409,16322.997,0.02,0.0
175.117,2026-06-26T00:39:25.327703,23878.262,64058.949,1.185,3557.41,16322.997,0.02,0.0
175.168,2026-06-26T00:39:25.378700,23878.262,64058.949,1.106,3557.411,17509.997,0.02,23288.282
175.218,2026-06-26T00:39:25.429679,23878.262,64058.949,1.004,3557.412,17509.997,0.02,0.0
175.269,2026-06-26T00:39:25.480696,23878.262,64058.949,0.932,3557.413,17509.997,0.02,0.0
175.32,2026-06-26T00:39:25.531681,23878.262,64058.949,0.882,3557.414,17509.997,0.02,0.0
175.371,2026-06-26T00:39:25.582686,23878.262,64058.949,0.894,3557.415,17509.997,0.02,0.0
175.422,2026-06-26T00:39:25.633663,23878.262,64058.949,0.855,3557.416,17509.997,0.02,0.0
175.473,2026-06-26T00:39:25.684671,23352.27,64058.949,0.828,3557.417,17509.997,0.02,0.0
175.524,2026-06-26T00:39:25.735677,22870.133,63200.879,1.544,3557.418,17526.443,0.02,322.192
175.576,2026-06-26T00:39:25.786719,22883.797,63166.379,4.759,3557.419,17559.255,0.02,643.613
175.627,2026-06-26T00:39:25.837700,22728.664,64128.566,5.123,3557.42,17596.755,0.02,735.189
175.678,2026-06-26T00:39:25.888705,23066.168,64086.379,4.092,3557.421,17638.943,0.02,827.463
175.728,2026-06-26T00:39:25.939698,23655.848,64044.191,3.37,3557.422,17681.13,0.02,826.698
175.78,2026-06-26T00:39:25.990724,23937.789,65445.816,4.29,3557.423,17718.63,0.02,735.65
175.831,2026-06-26T00:39:26.041700,23944.879,65472.441,5.622,3557.424,17756.13,0.02,735.296
175.881,2026-06-26T00:39:26.092698,23980.363,65465.129,6.831,3557.425,17798.318,0.02,827.347
175.932,2026-06-26T00:39:26.143688,24010.391,65450.504,7.585,3557.426,17835.818,0.02,735.371
175.983,2026-06-26T00:39:26.194695,24041.332,65447.879,7.654,3557.427,17873.318,0.02,735.241
176.034,2026-06-26T00:39:26.245686,24111.023,65467.191,7.885,3557.428,17915.505,0.02,827.247
176.085,2026-06-26T00:39:26.296682,24127.316,65452.566,7.91,3557.429,17948.318,0.02,643.718
176.136,2026-06-26T00:39:26.347660,24186.875,65471.879,7.788,3557.43,17985.818,0.02,734.976
176.187,2026-06-26T00:39:26.398676,24206.488,65440.566,7.751,3557.431,18018.63,0.02,643.754
176.238,2026-06-26T00:39:26.449663,24213.93,65416.566,7.676,3557.432,18051.443,0.02,643.053
176.289,2026-06-26T00:39:26.500676,24239.457,65421.254,7.672,3557.433,18088.943,0.02,735.464
176.34,2026-06-26T00:39:26.551662,24286.598,65416.566,7.622,3557.434,18121.755,0.02,643.498
176.391,2026-06-26T00:39:26.602652,24330.98,65470.504,6.807,3557.435,18159.255,0.02,735.509
176.442,2026-06-26T00:39:26.653636,24337.199,65432.441,6.281,3557.436,18192.068,0.02,643.27
176.493,2026-06-26T00:39:26.704649,24377.539,65463.629,5.362,3557.437,18229.568,0.02,735.471
176.544,2026-06-26T00:39:26.755637,24448.863,65484.504,5.406,3557.438,18267.068,0.02,734.437
176.596,2026-06-26T00:39:26.806699,24443.84,65502.754,5.301,3557.439,18304.568,0.02,735.726
176.646,2026-06-26T00:39:26.857676,24534.066,65488.691,5.686,3557.44,18342.068,0.02,734.901
176.697,2026-06-26T00:39:26.908692,24535.555,65528.879,5.359,3557.442,18374.88,0.02,643.534
176.748,2026-06-26T00:39:26.959684,24588.16,65506.941,5.957,3557.443,18412.38,0.02,735.33
176.799,2026-06-26T00:39:27.010682,24657.215,65531.629,6.239,3557.444,18449.88,0.02,735.43
176.85,2026-06-26T00:39:27.061668,24613.453,65449.316,6.665,3557.445,18482.693,0.02,643.456
176.901,2026-06-26T00:39:27.112659,24675.562,65467.066,7.102,3557.446,18521.755,0.02,766.023
176.952,2026-06-26T00:39:27.163664,24707.793,65465.129,7.59,3557.447,18545.193,0.02,459.478
177.003,2026-06-26T00:39:27.214651,24738.477,65475.566,8.072,3557.448,18593.63,0.02,950.361
177.054,2026-06-26T00:39:27.265637,24764.586,65465.629,8.361,3557.449,18646.755,0.02,1041.513
177.105,2026-06-26T00:39:27.316641,24757.801,65425.441,8.336,3557.45,18660.818,0.02,275.887
177.156,2026-06-26T00:39:27.367623,24825.914,65442.129,8.086,3557.451,18688.943,0.02,551.075
177.207,2026-06-26T00:39:27.418635,24851.055,65420.191,7.775,3557.452,18712.38,0.02,459.936
177.258,2026-06-26T00:39:27.469605,24910.102,65436.879,7.465,3557.453,18735.818,0.02,459.538
177.309,2026-06-26T00:39:27.520612,24943.586,65435.316,7.018,3557.454,18765.505,0.02,582.245
177.36,2026-06-26T00:39:27.571598,24990.719,65440.004,6.797,3557.455,18793.63,0.02,551.467
177.411,2026-06-26T00:39:27.622606,25033.551,65447.316,6.596,3557.456,18821.755,0.02,551.415
177.462,2026-06-26T00:39:27.673603,25069.621,65428.004,6.362,3557.457,18854.568,0.02,642.897
177.513,2026-06-26T00:39:27.724653,24582.848,65435.316,5.741,3557.458,18882.693,0.02,551.699
177.564,2026-06-26T00:39:27.775627,23920.039,64716.676,5.121,3557.459,18901.443,0.02,367.344
177.615,2026-06-26T00:39:27.826659,23948.855,64726.613,5.699,3557.46,18934.255,0.02,643.691
177.666,2026-06-26T00:39:27.877651,23965.148,64709.926,6.011,3557.461,18971.755,0.02,735.007
177.717,2026-06-26T00:39:27.928657,23963.906,64709.926,6.322,3557.462,19009.255,0.02,735.568
177.768,2026-06-26T00:39:27.979642,23986.008,64705.238,6.494,3557.463,19042.068,0.02,643.378
177.819,2026-06-26T00:39:28.030645,23995.203,64700.551,6.705,3557.464,19079.568,0.02,735.241
177.87,2026-06-26T00:39:28.081645,24013.941,64700.551,6.945,3557.465,19117.068,0.02,735.224
177.921,2026-06-26T00:39:28.132657,24052.742,64719.863,7.068,3557.466,19149.88,0.02,643.564
177.972,2026-06-26T00:39:28.183634,24071.59,64727.176,7.383,3557.467,19187.38,0.02,735.2
178.023,2026-06-26T00:39:28.234634,24068.32,64703.176,7.513,3557.468,19224.88,0.02,735.767
178.074,2026-06-26T00:39:28.285616,24109.957,64727.176,7.51,3557.469,19262.38,0.02,734.818
178.125,2026-06-26T00:39:28.336646,24127.871,64722.488,7.601,3557.47,19295.193,0.02,643.576
178.176,2026-06-26T00:39:28.387626,24129.422,64719.863,7.481,3557.471,19332.693,0.02,735.289
178.227,2026-06-26T00:39:28.438633,24111.562,64671.863,7.489,3557.472,19365.505,0.02,643.471
178.278,2026-06-26T00:39:28.489614,24171.457,64724.551,7.448,3557.473,19403.005,0.02,735.44
178.329,2026-06-26T00:39:28.540622,24157.93,64700.551,7.373,3557.474,19440.505,0.02,734.993
178.38,2026-06-26T00:39:28.591633,24201.098,64715.176,7.412,3557.475,19473.318,0.02,643.27
178.431,2026-06-26T00:39:28.642638,24223.328,64724.551,7.35,3557.476,19506.13,0.02,643.76
178.482,2026-06-26T00:39:28.693616,24238.508,64727.176,7.35,3557.477,19543.63,0.02,734.945
178.533,2026-06-26T00:39:28.744628,24258.273,64724.551,7.351,3557.478,19581.13,0.02,735.182
178.584,2026-06-26T00:39:28.795650,24276.762,64722.488,7.121,3557.479,19613.943,0.02,643.161
178.706,2026-06-26T00:39:28.916910,24325.391,64722.488,7.272,3557.825,19703.005,2.865,737.397
178.756,2026-06-26T00:39:28.967364,24329.609,64710.488,7.351,3557.827,19735.818,0.02,644.722
178.807,2026-06-26T00:39:29.018344,24347.211,64717.801,7.49,3557.828,19773.318,0.02,735.801
178.858,2026-06-26T00:39:29.069330,24359.215,64710.488,7.547,3557.829,19810.818,0.02,737.264
178.909,2026-06-26T00:39:29.120120,23726.871,64717.801,5.697,3557.83,19815.505,0.02,92.206
178.96,2026-06-26T00:39:29.170961,23179.773,63542.801,4.632,3557.831,19820.193,0.02,92.008
179.011,2026-06-26T00:39:29.221932,23185.523,63538.113,5.633,3557.832,19857.693,0.02,735.482
179.062,2026-06-26T00:39:29.272927,23199.891,63550.113,6.38,3557.833,19895.193,0.02,735.595
179.113,2026-06-26T00:39:29.323910,23180.77,63538.113,6.718,3557.834,19928.005,0.02,643.513
179.164,2026-06-26T00:39:29.374903,23173.82,63530.801,7.0,3557.835,19960.818,0.02,643.339
179.215,2026-06-26T00:39:29.425907,23169.438,63511.488,7.289,3557.836,19998.318,0.02,735.169
179.266,2026-06-26T00:39:29.476866,23261.406,63658.113,7.739,3557.837,20031.13,0.02,648.104
179.316,2026-06-26T00:39:29.527435,23467.508,63892.301,9.493,3557.838,20059.255,0.02,555.811
179.367,2026-06-26T00:39:29.578048,23507.32,63939.176,11.551,3557.839,20087.38,0.02,555.387
179.418,2026-06-26T00:39:29.628717,23544.129,63980.801,13.152,3557.84,20115.505,0.02,552.122
179.469,2026-06-26T00:39:29.679723,23662.828,64109.051,14.35,3557.841,20148.318,0.02,643.002
179.52,2026-06-26T00:39:29.730754,23664.152,64112.613,15.195,3557.842,20176.443,0.02,551.756
179.571,2026-06-26T00:39:29.781728,23749.465,64200.176,15.691,3557.843,20209.255,0.02,643.381
179.622,2026-06-26T00:39:29.832720,23867.078,64323.738,16.136,3557.844,20232.693,0.02,459.973
179.672,2026-06-26T00:39:29.883630,23923.266,64379.988,16.797,3557.845,20260.818,0.02,555.34
179.723,2026-06-26T00:39:29.934229,23988.555,64426.301,16.991,3557.846,20260.818,0.02,0.0
179.774,2026-06-26T00:39:29.984858,23953.582,64366.676,16.547,3557.847,20260.818,0.02,0.0
179.825,2026-06-26T00:39:30.035857,23914.941,64314.926,15.767,3557.848,20260.818,0.02,0.0
179.876,2026-06-26T00:39:30.086824,23897.738,64253.238,14.851,3557.849,20260.818,0.02,0.0
179.927,2026-06-26T00:39:30.137828,23791.812,64111.301,12.143,3557.85,20260.818,0.02,0.0
179.978,2026-06-26T00:39:30.188807,23771.457,64087.301,8.868,3557.851,20260.818,0.02,0.0
180.029,2026-06-26T00:39:30.239803,23771.457,64087.301,6.483,3557.852,20260.818,0.02,0.0
180.08,2026-06-26T00:39:30.290785,23771.457,64087.301,4.768,3557.853,20260.818,0.02,0.0
180.131,2026-06-26T00:39:30.341798,23771.457,64087.301,3.567,3557.854,20724.49,0.02,9096.517
180.182,2026-06-26T00:39:30.392786,23771.457,64087.301,2.727,3557.855,20724.49,0.02,0.0
180.233,2026-06-26T00:39:30.443793,23771.457,64087.301,2.139,3557.856,20724.49,0.02,0.0
180.284,2026-06-26T00:39:30.494715,23385.457,64087.301,1.728,3557.857,20724.49,0.02,0.0
180.334,2026-06-26T00:39:30.545308,23307.785,63623.629,1.441,3557.858,20724.49,0.02,0.0
180.385,2026-06-26T00:39:30.595961,23307.785,63623.629,1.285,3557.859,20724.49,0.02,0.0
180.436,2026-06-26T00:39:30.647093,23270.285,63586.129,1.083,3557.86,20766.677,0.02,825.41
180.487,2026-06-26T00:39:30.698202,23228.098,63543.941,0.987,3557.861,20808.865,0.02,825.918
180.538,2026-06-26T00:39:30.749264,23185.91,63501.754,0.921,3557.862,20851.052,0.02,826.393
180.589,2026-06-26T00:39:30.800390,23139.035,63454.879,0.92,3557.863,20893.24,0.02,824.218
180.64,2026-06-26T00:39:30.851515,23096.848,63412.691,0.873,3557.865,20935.427,0.02,825.067
180.691,2026-06-26T00:39:30.902654,23054.66,63370.504,0.84,3557.866,20982.302,0.02,917.015
180.743,2026-06-26T00:39:30.953764,23012.473,63328.316,0.817,3557.867,21024.49,0.02,825.086
180.794,2026-06-26T00:39:31.004890,22965.598,63281.441,0.802,3557.868,21066.677,0.02,825.83
180.845,2026-06-26T00:39:31.055990,22923.41,63239.254,0.79,3557.869,21108.865,0.02,824.713
180.896,2026-06-26T00:39:31.107166,22881.223,63197.066,0.828,3557.87,21155.74,0.02,917.237
180.947,2026-06-26T00:39:31.158229,22839.035,63154.879,0.855,3557.871,21197.927,0.02,826.883
180.998,2026-06-26T00:39:31.209217,22792.16,63108.004,0.782,3557.872,21240.115,0.02,827.25
181.049,2026-06-26T00:39:31.260232,22749.973,63065.816,0.823,3557.873,21282.302,0.02,827.049
181.1,2026-06-26T00:39:31.311261,22707.785,63023.629,0.806,3557.874,21324.49,0.02,826.4
181.151,2026-06-26T00:39:31.362296,22665.598,62981.441,0.84,3557.875,21371.365,0.02,918.875
181.202,2026-06-26T00:39:31.413354,22623.41,62939.254,0.817,3557.876,21413.552,0.02,826.157
181.253,2026-06-26T00:39:31.464402,22576.535,62892.379,0.802,3557.877,21455.74,0.02,826.404
181.304,2026-06-26T00:39:31.515474,22534.348,62850.191,0.791,3557.878,21497.927,0.02,825.787
181.355,2026-06-26T00:39:31.566523,22492.16,62808.004,0.783,3557.879,21544.802,0.02,917.584
181.406,2026-06-26T00:39:31.617602,22445.285,62761.129,0.777,3557.88,21586.99,0.02,826.312
181.457,2026-06-26T00:39:31.668656,22403.098,62718.941,0.773,3557.881,21629.177,0.02,826.265
181.509,2026-06-26T00:39:31.719721,22360.91,62676.754,0.771,3557.882,21676.052,0.02,917.79
181.56,2026-06-26T00:39:31.770779,22314.035,62629.879,0.815,3557.883,21718.24,0.02,826.227
181.611,2026-06-26T00:39:31.821852,22159.52,61536.238,0.8,3557.884,21718.24,0.02,0.0
181.662,2026-06-26T00:39:31.872842,22159.52,61536.238,0.79,3557.885,21743.374,0.02,492.633
181.701,2026-06-26T00:39:31.912249,21974.07,49994.559,0.553,3558.376,21745.509,12.547,54.58
181.702,2026-06-26T00:39:31.913628,21974.07,49994.559,0.387,3558.377,21745.514,0.819,5.054
181.934,2026-06-26T00:39:32.145261,21970.375,49994.559,0.513,3558.378,21745.514,0.006,0.0
181.935,2026-06-26T00:39:32.145865,21970.375,49994.559,0.359,3558.379,21745.514,2.688,0.0
181.935,2026-06-26T00:39:32.146161,21970.375,49994.559,0.252,3558.38,21745.514,2.109,0.0
181.935,2026-06-26T00:39:32.146457,21970.375,49994.559,0.176,3558.38,21745.514,3.073,0.0
181.935,2026-06-26T00:39:32.146664,21970.375,49994.559,0.123,3558.381,21745.514,3.589,0.0
181.936,2026-06-26T00:39:32.146889,21970.375,49994.559,0.086,3558.382,21745.514,2.939,0.0
181.936,2026-06-26T00:39:32.147133,21970.375,49994.559,0.06,3558.383,21745.514,3.159,0.0
181.936,2026-06-26T00:39:32.147393,21970.375,49994.559,0.042,3558.383,21745.514,2.685,0.0
181.937,2026-06-26T00:39:32.147715,21970.375,49994.559,6.852,3558.384,21745.514,2.771,0.0
181.937,2026-06-26T00:39:32.147936,21970.375,49994.559,4.797,3558.385,21745.514,2.836,0.0
181.94,2026-06-26T00:39:32.150860,21978.516,49994.559,12.126,3558.395,21745.514,3.339,0.0
181.94,2026-06-26T00:39:32.151200,21978.516,49994.559,38.488,3558.396,21745.514,2.423,0.0
181.94,2026-06-26T00:39:32.151472,21978.516,49994.559,26.942,3558.396,21745.514,3.725,0.0
181.94,2026-06-26T00:39:32.151640,21978.516,49994.559,18.859,3558.397,21745.514,3.455,0.0
181.941,2026-06-26T00:39:32.151897,21978.516,49994.559,13.201,3558.398,21745.514,3.138,0.0
181.941,2026-06-26T00:39:32.152115,21978.516,49994.559,39.241,3558.398,21745.514,2.707,0.0
181.948,2026-06-26T00:39:32.159159,21978.516,49994.559,34.086,3558.4,21745.514,0.185,0.0
182.074,2026-06-26T00:39:32.285613,22947.086,53066.562,37.812,3558.712,21745.514,2.465,0.0
182.174,2026-06-26T00:39:32.385537,25279.656,56138.566,41.013,3559.037,21745.514,3.261,0.0
182.225,2026-06-26T00:39:32.435962,26552.34,56138.566,43.814,3559.038,21745.514,0.01,0.0
182.325,2026-06-26T00:39:32.535868,29017.867,59210.57,45.684,3559.364,21745.514,3.27,0.0
182.375,2026-06-26T00:39:32.586281,30296.328,59210.57,47.138,3559.364,21745.514,0.01,0.0
182.511,2026-06-26T00:39:32.722361,31216.938,59210.57,48.094,3559.69,21745.514,2.396,0.0
182.612,2026-06-26T00:39:32.822834,33151.207,62282.574,48.742,3560.016,21745.514,3.246,0.0
182.712,2026-06-26T00:39:32.923312,35601.66,65354.578,49.305,3560.341,21745.514,3.243,0.0
182.814,2026-06-26T00:39:33.024737,38030.32,68426.582,49.488,3560.667,21745.514,3.213,0.0
182.915,2026-06-26T00:39:33.126673,40435.469,68426.582,49.635,3560.993,21745.514,3.188,0.0
207.229,2026-06-26T00:39:57.440519,39049.098,67658.703,35.357,3561.319,33647.161,0.013,489.505
207.333,2026-06-26T00:39:57.544405,37919.102,67658.703,25.111,3561.645,33647.161,3.14,0.0
207.422,2026-06-26T00:39:57.633045,36776.129,67658.703,17.895,3561.971,33647.161,3.677,0.0
207.472,2026-06-26T00:39:57.683397,36161.09,64586.699,12.759,3561.971,33647.161,0.011,0.0
207.561,2026-06-26T00:39:57.772422,35030.023,64586.699,9.274,3562.297,33647.161,3.668,0.0
207.612,2026-06-26T00:39:57.822779,34386.016,64586.699,6.724,3562.298,33647.161,0.01,0.0
207.701,2026-06-26T00:39:57.911866,33246.035,61514.695,5.049,3562.624,33647.161,3.666,0.0
207.751,2026-06-26T00:39:57.962215,32602.027,61514.695,3.767,3562.624,33647.161,0.01,0.0
207.84,2026-06-26T00:39:58.051467,31465.543,61514.695,2.978,3562.95,33647.161,3.658,0.0
207.891,2026-06-26T00:39:58.101819,30821.535,61514.695,2.317,3562.951,33647.161,0.011,0.0
207.98,2026-06-26T00:39:58.190779,29719.438,58442.691,1.965,3563.277,33647.161,3.67,0.0
208.03,2026-06-26T00:39:58.241110,29075.43,58442.691,1.608,3563.277,33647.161,0.01,0.0
208.119,2026-06-26T00:39:58.330343,27913.086,58442.691,1.467,3563.603,33647.161,3.66,0.0
208.169,2026-06-26T00:39:58.380669,27271.086,55370.688,1.26,3563.604,33647.161,0.01,0.0
208.258,2026-06-26T00:39:58.469652,26268.605,55370.688,1.198,3563.93,33647.161,3.67,0.0
208.309,2026-06-26T00:39:58.520001,25700.363,55370.688,1.071,3563.93,33647.161,0.01,0.0
208.398,2026-06-26T00:39:58.609055,24753.293,55370.688,1.092,3564.256,33647.161,3.667,0.0
208.448,2026-06-26T00:39:58.659404,24219.438,52298.684,0.997,3564.257,33647.161,0.01,0.0
208.537,2026-06-26T00:39:58.748506,23196.602,52298.684,1.04,3564.583,33647.161,3.665,0.0
208.588,2026-06-26T00:39:58.798837,22613.082,52298.684,0.961,3564.583,33647.161,0.01,0.0
208.677,2026-06-26T00:39:58.887979,21491.875,52298.684,1.015,3564.909,33647.161,3.664,0.0
208.697,2026-06-26T00:39:58.908694,21261.082,49226.68,0.919,3564.91,33647.161,0.023,0.0
208.7,2026-06-26T00:39:58.910814,21261.082,49226.68,0.644,3564.91,33647.161,2.785,0.0
208.948,2026-06-26T00:39:59.159492,21133.074,49098.672,0.686,3564.916,33647.161,0.024,0.0
208.949,2026-06-26T00:39:59.160214,21133.074,49098.672,5.538,3564.917,33647.161,1.968,0.0
208.95,2026-06-26T00:39:59.160975,21133.148,49098.672,3.877,3565.026,33647.161,142.412,0.0
208.95,2026-06-26T00:39:59.161273,21133.148,49098.672,2.714,3565.027,33647.161,2.778,0.0
208.953,2026-06-26T00:39:59.163879,21133.164,49098.672,1.9,3565.027,33647.161,0.263,0.0
208.953,2026-06-26T00:39:59.164183,21133.164,49098.672,1.33,3565.028,33647.161,2.672,0.0
208.956,2026-06-26T00:39:59.167101,21133.395,49098.672,0.931,3565.029,33647.272,0.427,36.288
209.175,2026-06-26T00:39:59.385904,21133.395,49098.672,0.898,3565.032,33647.276,0.012,0.019
209.175,2026-06-26T00:39:59.386540,21133.395,49098.672,0.629,3565.033,33647.276,1.92,0.0
209.456,2026-06-26T00:39:59.667568,20559.164,49098.672,0.732,3565.349,33647.276,1.125,0.0
209.545,2026-06-26T00:39:59.756389,19663.082,49098.672,0.855,3565.675,33647.276,3.68,0.0
209.596,2026-06-26T00:39:59.806739,19128.387,49098.672,0.831,3565.676,33647.276,0.01,0.0
209.685,2026-06-26T00:39:59.895795,18162.387,49098.672,0.898,3566.003,33647.276,3.677,0.0
209.735,2026-06-26T00:39:59.946158,17704.387,49098.672,0.861,3566.003,33647.276,0.01,0.0
209.824,2026-06-26T00:40:00.035180,16897.637,49098.672,0.945,3566.33,33647.276,3.677,0.0
209.874,2026-06-26T00:40:00.085545,16442.387,49098.672,0.894,3566.331,33647.276,0.01,0.0
209.963,2026-06-26T00:40:00.174577,15700.387,49098.672,0.968,3566.658,33647.276,3.677,0.0
210.014,2026-06-26T00:40:00.224929,15230.793,49098.672,0.957,3566.658,33647.276,0.01,0.0
210.103,2026-06-26T00:40:00.313993,14397.371,49098.672,0.959,3566.985,33647.276,3.677,0.0
210.153,2026-06-26T00:40:00.364347,13880.387,49098.672,0.95,3566.985,33647.276,0.01,0.0
210.242,2026-06-26T00:40:00.453396,12984.387,49098.672,1.008,3567.312,33647.276,3.676,0.0
210.286,2026-06-26T00:40:00.497585,12617.504,49098.547,0.917,3567.313,33647.276,0.012,0.0
210.287,2026-06-26T00:40:00.498618,12618.133,49098.547,0.642,3567.424,33647.276,141.976,0.0
210.288,2026-06-26T00:40:00.498842,12618.133,49098.547,0.449,3567.424,33647.276,2.198,0.0
210.288,2026-06-26T00:40:00.499107,12618.133,49098.547,0.315,3567.425,33647.276,2.32,0.0
210.288,2026-06-26T00:40:00.499393,12618.133,49098.547,0.22,3567.536,33647.276,400.637,0.0
210.293,2026-06-26T00:40:00.503737,12618.133,49098.547,0.154,3567.536,33647.276,0.115,0.0
210.294,2026-06-26T00:40:00.504754,12618.133,49098.547,0.108,3567.537,33647.277,0.655,1.161
210.382,2026-06-26T00:40:00.593119,12673.879,56192.988,0.208,3568.005,33647.34,5.296,0.71
210.432,2026-06-26T00:40:00.643523,12686.32,56200.988,0.377,3568.006,33647.34,0.019,0.0
210.483,2026-06-26T00:40:00.694114,12702.094,56222.988,0.542,3568.007,33647.34,0.02,0.0
210.534,2026-06-26T00:40:00.744724,12706.949,56222.988,0.611,3568.008,33647.34,0.02,0.0
210.584,2026-06-26T00:40:00.795356,12707.227,56222.988,0.659,3568.009,33647.34,0.019,0.0
210.635,2026-06-26T00:40:00.846134,12707.715,56222.988,0.691,3568.01,33647.34,0.019,0.0
210.686,2026-06-26T00:40:00.897160,12709.102,56222.988,0.76,3568.011,33647.34,0.019,0.0
210.737,2026-06-26T00:40:00.948127,12711.148,56222.988,0.762,3568.012,33647.34,0.019,0.0
210.788,2026-06-26T00:40:00.999117,12716.629,56236.988,0.717,3568.013,33647.34,0.019,0.0
210.839,2026-06-26T00:40:01.050110,12719.285,56236.988,0.732,3568.014,33647.34,0.019,0.0
210.89,2026-06-26T00:40:01.101120,12732.273,56252.988,0.788,3568.015,33647.34,0.019,0.0
210.941,2026-06-26T00:40:01.152090,12732.293,56252.988,0.781,3568.016,33647.34,0.019,0.0
210.992,2026-06-26T00:40:01.203090,12732.309,56252.988,0.777,3568.017,33647.34,0.019,0.0
211.043,2026-06-26T00:40:01.254044,12732.309,56252.988,0.819,3568.018,33647.34,0.019,0.0
211.094,2026-06-26T00:40:01.305070,12732.312,56252.988,0.804,3568.019,33647.34,0.019,0.0
211.145,2026-06-26T00:40:01.356050,12735.91,56252.988,0.792,3568.02,33647.34,0.019,0.0
211.196,2026-06-26T00:40:01.407045,12735.973,56253.012,0.784,3568.021,33647.34,0.019,0.0
211.247,2026-06-26T00:40:01.458019,12735.973,56253.012,0.779,3568.022,33647.34,0.019,0.0
211.298,2026-06-26T00:40:01.509013,12735.973,56253.012,0.821,3568.023,33647.34,0.019,0.0
211.349,2026-06-26T00:40:01.560016,12735.973,56253.012,0.804,3568.024,33647.34,0.019,0.0
211.4,2026-06-26T00:40:01.611004,12735.973,56253.012,0.793,3568.025,33647.34,0.019,0.0
211.451,2026-06-26T00:40:01.661981,12735.973,56253.012,0.785,3568.026,33647.34,0.019,0.0
211.502,2026-06-26T00:40:01.712978,12735.973,56253.012,0.779,3568.027,33647.34,0.019,0.0
211.553,2026-06-26T00:40:01.763971,12735.973,56253.012,0.821,3568.028,33647.34,0.019,0.0
211.604,2026-06-26T00:40:01.815046,12735.973,56253.012,0.805,3568.029,33647.34,0.019,0.0
211.655,2026-06-26T00:40:01.866035,12735.973,56253.012,0.793,3568.03,33647.34,0.019,0.0
211.706,2026-06-26T00:40:01.917027,12735.973,56253.012,0.785,3568.031,33647.34,0.019,0.0
211.757,2026-06-26T00:40:01.968020,12735.973,56253.012,0.779,3568.032,33647.34,0.019,0.0
211.808,2026-06-26T00:40:02.019032,12735.973,56253.012,0.821,3568.033,33647.34,0.019,0.0
211.859,2026-06-26T00:40:02.070005,12735.973,56253.012,0.805,3568.034,33647.34,0.019,0.0
211.91,2026-06-26T00:40:02.120988,12735.973,56253.012,0.793,3568.035,33647.34,0.019,0.0
211.961,2026-06-26T00:40:02.171968,12735.973,56253.012,0.785,3568.036,33647.34,0.019,0.0
212.012,2026-06-26T00:40:02.222981,12735.973,56253.012,0.779,3568.037,33647.34,0.019,0.0
212.063,2026-06-26T00:40:02.273966,12735.973,56253.012,0.775,3568.038,33647.34,0.019,0.0
212.114,2026-06-26T00:40:02.324968,12735.973,56253.012,0.773,3568.039,33647.34,0.019,0.0
212.165,2026-06-26T00:40:02.375955,12735.973,56253.012,0.771,3568.04,33647.34,0.019,0.0
212.216,2026-06-26T00:40:02.426960,12735.973,56253.012,0.815,3568.041,33647.34,0.019,0.0
212.267,2026-06-26T00:40:02.477966,12735.973,56253.012,0.8,3568.042,33647.34,0.019,0.0
212.318,2026-06-26T00:40:02.528977,12735.973,56253.012,0.836,3568.043,33647.34,0.019,0.0
212.369,2026-06-26T00:40:02.579938,12735.973,56253.012,0.815,3568.044,33647.34,0.019,0.0
212.42,2026-06-26T00:40:02.630935,12735.973,56253.012,0.801,3568.045,33647.34,0.019,0.0
212.471,2026-06-26T00:40:02.681897,12735.973,56253.012,0.79,3568.046,33647.34,0.019,0.0
212.522,2026-06-26T00:40:02.732959,12735.973,56253.012,0.783,3568.047,33647.34,0.019,0.0
212.573,2026-06-26T00:40:02.783938,12735.973,56253.012,0.778,3568.048,33647.34,0.019,0.0
212.624,2026-06-26T00:40:02.834929,12735.973,56253.012,0.775,3568.049,33647.34,0.019,0.0
212.675,2026-06-26T00:40:02.885912,12735.973,56253.012,0.772,3568.05,33647.34,0.019,0.0
212.726,2026-06-26T00:40:02.936918,12735.973,56253.012,0.77,3568.051,33647.34,0.019,0.0
212.777,2026-06-26T00:40:02.987920,12735.973,56253.012,0.769,3568.052,33647.34,0.019,0.0
212.828,2026-06-26T00:40:03.038919,12736.965,56253.012,0.768,3568.053,33647.34,0.019,0.0
212.879,2026-06-26T00:40:03.089897,12742.066,56253.012,0.813,3568.054,33647.34,0.019,0.0
212.93,2026-06-26T00:40:03.140899,12751.613,56253.012,0.799,3568.055,33647.34,0.019,0.0
212.981,2026-06-26T00:40:03.191872,12759.16,56273.012,0.881,3568.056,33647.34,0.019,0.0
213.032,2026-06-26T00:40:03.242856,12768.984,56273.012,0.847,3568.057,33647.34,0.019,0.0
213.083,2026-06-26T00:40:03.293836,12769.141,56273.012,0.823,3568.058,33647.34,0.019,0.0
213.134,2026-06-26T00:40:03.344825,12770.426,56273.012,0.806,3568.059,33647.34,0.019,0.0
213.185,2026-06-26T00:40:03.395804,12773.383,56273.012,0.794,3568.06,33647.34,0.019,0.0
213.236,2026-06-26T00:40:03.446802,12773.688,56273.012,0.647,3568.061,33647.372,0.02,0.631
213.287,2026-06-26T00:40:03.497781,12773.688,56273.012,0.453,3568.062,33647.372,0.019,0.0
213.338,2026-06-26T00:40:03.548787,12773.688,56273.012,0.317,3568.063,33647.372,0.019,0.0
213.389,2026-06-26T00:40:03.599766,12773.688,56273.012,0.222,3568.064,33647.372,0.019,0.0
213.44,2026-06-26T00:40:03.650778,12773.688,56273.012,0.155,3568.065,33647.372,0.019,0.0
213.491,2026-06-26T00:40:03.701748,12772.109,56273.012,0.293,3568.077,33647.456,0.235,1.651
213.542,2026-06-26T00:40:03.752751,12765.789,56273.012,0.434,3568.078,33647.456,0.019,0.0
213.593,2026-06-26T00:40:03.803790,12764.449,56273.012,0.534,3568.079,33647.456,0.019,0.0
213.644,2026-06-26T00:40:03.854796,12763.055,56273.012,0.603,3568.08,33647.456,0.019,0.0
213.695,2026-06-26T00:40:03.905808,12763.18,56273.012,0.698,3568.081,33647.456,0.019,0.0
213.746,2026-06-26T00:40:03.956815,12760.945,56273.012,0.719,3568.082,33647.456,0.019,0.0
213.797,2026-06-26T00:40:04.007796,12760.945,56273.012,0.779,3568.083,33647.456,0.019,0.0
213.848,2026-06-26T00:40:04.058797,12760.945,56273.012,0.775,3568.084,33647.456,0.019,0.0
213.899,2026-06-26T00:40:04.109783,12760.445,56273.012,0.772,3568.085,33647.456,0.019,0.0
213.95,2026-06-26T00:40:04.160816,12760.445,56273.012,0.77,3568.086,33647.456,0.019,0.0
214.001,2026-06-26T00:40:04.211799,12760.148,56273.012,0.769,3568.087,33647.456,0.019,0.0
214.052,2026-06-26T00:40:04.262799,12759.949,56273.012,0.768,3568.088,33647.456,0.019,0.0
214.103,2026-06-26T00:40:04.313768,12759.484,56273.012,0.768,3568.089,33647.456,0.019,0.0
214.154,2026-06-26T00:40:04.364777,12759.488,56273.012,0.767,3568.09,33647.456,0.019,0.0
214.205,2026-06-26T00:40:04.415769,12759.488,56273.012,0.767,3568.091,33647.456,0.019,0.0
214.256,2026-06-26T00:40:04.466775,12759.488,56273.012,0.767,3568.091,33647.456,0.019,0.0
214.307,2026-06-26T00:40:04.517744,12759.488,56273.012,0.812,3568.092,33647.456,0.019,0.0
214.358,2026-06-26T00:40:04.568752,12759.488,56273.012,0.799,3568.093,33647.456,0.019,0.0
214.409,2026-06-26T00:40:04.619747,12759.488,56273.012,0.789,3568.094,33647.456,0.019,0.0
214.46,2026-06-26T00:40:04.670762,12759.484,56273.012,0.828,3568.095,33647.456,0.019,0.0
214.511,2026-06-26T00:40:04.721811,12759.484,56273.012,0.809,3568.096,33647.456,0.019,0.0
214.562,2026-06-26T00:40:04.772816,12759.484,56273.012,0.796,3568.097,33647.456,0.019,0.0
214.613,2026-06-26T00:40:04.823807,12759.488,56273.012,0.833,3568.098,33647.456,0.019,0.0
214.664,2026-06-26T00:40:04.874819,12759.488,56273.012,0.813,3568.099,33647.456,0.019,0.0
214.715,2026-06-26T00:40:04.925797,12759.527,56273.012,0.799,3568.1,33647.456,0.019,0.0
214.766,2026-06-26T00:40:04.976809,12759.535,56273.012,0.789,3568.101,33647.456,0.019,0.0
214.817,2026-06-26T00:40:05.027787,12759.535,56273.012,0.782,3568.102,33647.456,0.019,0.0
214.868,2026-06-26T00:40:05.078810,12759.543,56273.012,0.777,3568.103,33647.456,0.019,0.0
214.919,2026-06-26T00:40:05.129793,12759.543,56273.012,0.774,3568.104,33647.456,0.019,0.0
214.97,2026-06-26T00:40:05.180787,12759.543,56273.012,0.818,3568.105,33647.456,0.019,0.0
215.021,2026-06-26T00:40:05.231771,12759.543,56273.012,0.802,3568.106,33647.456,0.019,0.0
215.072,2026-06-26T00:40:05.282770,12759.543,56273.012,0.791,3568.107,33647.456,0.019,0.0
215.123,2026-06-26T00:40:05.333774,12759.543,56273.012,0.784,3568.108,33647.456,0.019,0.0
215.174,2026-06-26T00:40:05.384784,12762.551,56273.012,0.778,3568.109,33647.456,0.019,0.0
215.225,2026-06-26T00:40:05.435762,12762.559,56273.012,0.775,3568.11,33647.456,0.019,0.0
215.276,2026-06-26T00:40:05.486759,12764.062,56273.012,0.772,3568.111,33647.456,0.019,0.0
215.327,2026-06-26T00:40:05.537729,12767.328,56297.012,0.816,3568.112,33647.456,0.019,0.0
215.448,2026-06-26T00:40:05.659267,12767.137,56297.012,0.958,3568.458,33647.456,2.858,0.0
215.499,2026-06-26T00:40:05.709705,12767.137,56297.012,0.902,3568.459,33647.456,0.02,0.0
215.549,2026-06-26T00:40:05.760319,12767.137,56297.012,0.863,3568.46,33647.456,0.02,0.0
215.6,2026-06-26T00:40:05.810915,12767.137,56297.012,0.835,3568.461,33647.456,0.02,0.0
215.651,2026-06-26T00:40:05.861700,12767.137,56297.012,0.816,3568.462,33647.456,0.02,0.0
215.701,2026-06-26T00:40:05.912497,12767.137,56297.012,0.801,3568.463,33647.456,0.019,0.0
215.752,2026-06-26T00:40:05.963528,12767.137,56297.012,0.79,3568.464,33647.456,0.019,0.0
215.803,2026-06-26T00:40:06.014514,12767.121,56297.012,0.783,3568.465,33647.456,0.019,0.0
215.854,2026-06-26T00:40:06.065525,12767.121,56297.012,0.778,3568.466,33647.456,0.019,0.0
215.905,2026-06-26T00:40:06.116492,12767.133,56297.012,0.82,3568.467,33647.456,0.019,0.0
215.956,2026-06-26T00:40:06.167507,12767.133,56297.012,0.804,3568.468,33647.456,0.019,0.0
216.007,2026-06-26T00:40:06.218505,12767.137,56297.012,0.792,3568.469,33647.456,0.019,0.0
216.058,2026-06-26T00:40:06.269505,12767.137,56297.012,0.83,3568.47,33647.456,0.019,0.0
216.109,2026-06-26T00:40:06.320497,12767.137,56297.012,0.811,3568.471,33647.456,0.019,0.0
216.16,2026-06-26T00:40:06.371496,12767.137,56297.012,0.798,3568.472,33647.456,0.019,0.0
216.211,2026-06-26T00:40:06.422512,12769.145,56297.012,0.788,3568.473,33647.456,0.019,0.0
216.262,2026-06-26T00:40:06.473515,12770.152,56297.012,0.781,3568.474,33647.456,0.019,0.0
216.313,2026-06-26T00:40:06.524503,12770.152,56297.012,0.777,3568.475,33647.456,0.019,0.0
216.364,2026-06-26T00:40:06.575506,12773.66,56297.012,0.774,3568.476,33647.456,0.019,0.0
216.415,2026-06-26T00:40:06.626464,12773.66,56297.012,0.771,3568.477,33647.456,0.019,0.0
216.466,2026-06-26T00:40:06.677476,12773.66,56297.012,0.77,3568.478,33647.456,0.02,0.0
216.517,2026-06-26T00:40:06.728447,12773.66,56297.012,0.769,3568.479,33647.456,0.019,0.0
216.568,2026-06-26T00:40:06.779486,12773.66,56297.012,0.768,3568.48,33647.456,0.019,0.0
216.619,2026-06-26T00:40:06.830464,12773.66,56297.012,0.813,3568.481,33647.456,0.02,0.0
216.67,2026-06-26T00:40:06.881482,12773.66,56297.012,0.799,3568.482,33647.456,0.019,0.0
216.721,2026-06-26T00:40:06.932476,12773.66,56297.012,0.835,3568.483,33647.456,0.019,0.0
216.772,2026-06-26T00:40:06.983494,12773.66,56297.012,0.814,3568.484,33647.456,0.019,0.0
216.823,2026-06-26T00:40:07.034482,12773.66,56297.012,0.8,3568.485,33647.456,0.019,0.0
216.874,2026-06-26T00:40:07.085492,12773.66,56297.012,0.789,3568.486,33647.456,0.019,0.0
216.925,2026-06-26T00:40:07.136485,12773.66,56297.012,0.783,3568.487,33647.456,0.019,0.0
216.976,2026-06-26T00:40:07.187496,12778.172,56297.012,0.777,3568.488,33647.456,0.019,0.0
217.027,2026-06-26T00:40:07.238496,12778.172,56297.012,0.774,3568.489,33647.456,0.019,0.0
217.078,2026-06-26T00:40:07.289483,12775.668,56297.012,0.772,3568.49,33647.456,0.019,0.0
217.129,2026-06-26T00:40:07.340467,12775.668,56297.012,0.77,3568.491,33647.456,0.019,0.0
217.18,2026-06-26T00:40:07.391491,12774.168,56297.012,0.769,3568.492,33647.456,0.019,0.0
217.231,2026-06-26T00:40:07.442476,12774.168,56297.012,0.814,3568.493,33647.456,0.02,0.0
217.282,2026-06-26T00:40:07.493480,12778.176,56297.012,0.845,3568.494,33647.456,0.019,0.0
217.333,2026-06-26T00:40:07.544460,12779.57,56297.012,0.822,3568.495,33647.456,0.02,0.0
217.384,2026-06-26T00:40:07.595479,12779.574,56297.012,0.805,3568.496,33647.456,0.02,0.0
217.435,2026-06-26T00:40:07.646470,12768.461,56297.012,0.793,3568.497,33647.456,0.02,0.0
217.486,2026-06-26T00:40:07.697474,12768.461,56297.012,0.785,3568.498,33647.456,0.019,0.0
217.537,2026-06-26T00:40:07.748525,12768.461,56297.012,0.779,3568.499,33647.456,0.019,0.0
217.588,2026-06-26T00:40:07.799535,12768.461,56297.012,0.775,3568.5,33647.456,0.019,0.0
217.639,2026-06-26T00:40:07.850535,12768.461,56297.012,0.772,3568.501,33647.456,0.019,0.0
217.69,2026-06-26T00:40:07.901559,12768.461,56297.012,0.771,3568.502,33647.456,0.02,0.0
217.741,2026-06-26T00:40:07.952493,12768.461,56297.012,0.815,3568.503,33647.456,0.02,0.0
217.792,2026-06-26T00:40:08.003496,12768.453,56297.012,0.8,3568.504,33647.456,0.02,0.0
217.843,2026-06-26T00:40:08.054491,12767.953,56297.012,0.79,3568.505,33647.456,0.019,0.0
217.894,2026-06-26T00:40:08.105514,12767.953,56297.012,0.783,3568.506,33647.456,0.02,0.0
217.945,2026-06-26T00:40:08.156494,12767.953,56297.012,0.778,3568.507,33647.456,0.02,0.0
217.996,2026-06-26T00:40:08.207504,12767.953,56297.012,0.82,3568.508,33647.456,0.02,0.0
218.047,2026-06-26T00:40:08.258476,12767.945,56297.012,0.804,3568.509,33647.456,0.02,0.0
218.098,2026-06-26T00:40:08.309491,12767.953,56297.012,0.792,3568.51,33647.456,0.019,0.0
218.149,2026-06-26T00:40:08.360480,12767.953,56297.012,0.785,3568.511,33647.456,0.019,0.0
218.2,2026-06-26T00:40:08.411487,12767.953,56297.012,0.779,3568.512,33647.456,0.02,0.0
218.251,2026-06-26T00:40:08.462463,12767.953,56297.012,0.821,3568.513,33647.456,0.02,0.0
218.302,2026-06-26T00:40:08.513469,12767.953,56297.012,0.804,3568.514,33647.456,0.019,0.0
218.353,2026-06-26T00:40:08.564463,12767.953,56297.012,0.793,3568.515,33647.456,0.02,0.0
218.404,2026-06-26T00:40:08.615450,12767.953,56297.012,0.785,3568.516,33647.456,0.02,0.0
218.455,2026-06-26T00:40:08.666428,12767.953,56297.012,0.825,3568.517,33647.456,0.02,0.0
218.506,2026-06-26T00:40:08.717433,12767.953,56297.012,0.807,3568.518,33647.456,0.019,0.0
218.557,2026-06-26T00:40:08.768435,12767.953,56297.012,0.795,3568.519,33647.456,0.02,0.0
218.608,2026-06-26T00:40:08.819447,12767.953,56297.012,0.786,3568.52,33647.456,0.02,0.0
218.659,2026-06-26T00:40:08.870428,12771.949,56297.012,0.78,3568.521,33647.456,0.02,0.0
218.71,2026-06-26T00:40:08.921438,12771.461,56297.012,0.822,3568.522,33647.456,0.02,0.0
218.761,2026-06-26T00:40:08.972426,12771.473,56297.012,0.805,3568.523,33647.456,0.019,0.0
218.812,2026-06-26T00:40:09.023442,12771.473,56297.012,0.793,3568.524,33647.456,0.02,0.0
218.863,2026-06-26T00:40:09.074430,12771.473,56297.012,0.831,3568.525,33647.456,0.02,0.0
218.914,2026-06-26T00:40:09.125427,12771.473,56297.012,0.811,3568.526,33647.456,0.02,0.0
218.965,2026-06-26T00:40:09.176399,12771.473,56297.012,0.798,3568.527,33647.456,0.02,0.0
219.016,2026-06-26T00:40:09.227401,12771.473,56297.012,0.788,3568.528,33647.456,0.019,0.0
219.067,2026-06-26T00:40:09.278397,12771.473,56297.012,0.782,3568.529,33647.456,0.02,0.0
219.118,2026-06-26T00:40:09.329398,12771.465,56297.012,0.777,3568.53,33647.456,0.02,0.0
219.169,2026-06-26T00:40:09.380362,12771.449,56297.012,0.82,3568.531,33647.456,0.02,0.0
219.22,2026-06-26T00:40:09.431356,12771.473,56297.012,0.803,3568.532,33647.456,0.02,0.0
219.271,2026-06-26T00:40:09.482312,12771.473,56297.012,0.793,3568.533,33647.456,0.02,0.0
219.322,2026-06-26T00:40:09.533201,12771.473,56297.012,0.785,3568.534,33647.456,0.02,0.0
219.373,2026-06-26T00:40:09.584116,12771.473,56297.012,0.779,3568.535,33647.456,0.02,0.0
219.424,2026-06-26T00:40:09.635065,12771.473,56297.012,0.822,3568.536,33647.456,0.02,0.0
219.475,2026-06-26T00:40:09.685998,12771.473,56297.012,0.805,3568.537,33647.456,0.02,0.0
219.526,2026-06-26T00:40:09.736965,12771.473,56297.012,0.839,3568.538,33647.456,0.02,0.0
219.577,2026-06-26T00:40:09.787913,12771.473,56297.012,0.818,3568.539,33647.456,0.02,0.0
219.628,2026-06-26T00:40:09.838863,12771.473,56297.012,0.802,3568.54,33647.456,0.02,0.0
219.679,2026-06-26T00:40:09.889796,12771.473,56297.012,0.792,3568.541,33647.456,0.02,0.0
219.73,2026-06-26T00:40:09.940765,12771.473,56297.012,0.784,3568.542,33647.456,0.02,0.0
219.781,2026-06-26T00:40:09.991707,12771.473,56297.012,0.779,3568.543,33647.456,0.02,0.0
219.831,2026-06-26T00:40:10.042658,12771.473,56297.012,0.775,3568.544,33647.456,0.02,0.0
219.882,2026-06-26T00:40:10.093598,12771.473,56297.012,0.773,3568.545,33647.456,0.02,0.0
219.933,2026-06-26T00:40:10.144554,12771.473,56297.012,0.817,3568.546,33647.456,0.02,0.0
219.984,2026-06-26T00:40:10.195511,12771.473,56297.012,0.802,3568.547,33647.456,0.02,0.0
220.035,2026-06-26T00:40:10.246465,12771.473,56297.012,0.791,3568.548,33647.456,0.02,0.0
220.086,2026-06-26T00:40:10.297390,12771.473,56297.012,0.83,3568.549,33647.456,0.02,0.0
220.137,2026-06-26T00:40:10.348344,12771.473,56297.012,0.811,3568.55,33647.456,0.02,0.0
220.188,2026-06-26T00:40:10.399254,12771.473,56297.012,0.798,3568.551,33647.456,0.02,0.0
220.239,2026-06-26T00:40:10.450226,12776.738,56297.012,0.788,3568.552,33647.456,0.02,0.0
220.29,2026-06-26T00:40:10.501083,12779.746,56297.012,0.783,3568.553,33647.456,0.02,0.0
220.34,2026-06-26T00:40:10.551655,12778.758,56297.012,0.779,3568.554,33647.456,0.02,0.0
220.46,2026-06-26T00:40:10.671584,12778.758,56297.012,0.918,3568.9,33647.456,2.896,0.0
220.511,2026-06-26T00:40:10.722010,12778.758,56297.012,0.874,3568.901,33647.456,0.02,0.0
220.561,2026-06-26T00:40:10.772617,12790.359,56325.012,0.844,3568.902,33647.456,0.02,0.0
220.612,2026-06-26T00:40:10.823226,12781.559,56325.012,0.775,3568.903,33647.456,0.02,0.0
220.663,2026-06-26T00:40:10.873984,12771.793,56325.012,0.819,3568.904,33647.456,0.02,0.0
220.714,2026-06-26T00:40:10.924898,12770.012,56325.012,0.849,3568.905,33647.456,0.02,0.0
220.765,2026-06-26T00:40:10.975858,12770.012,56325.012,0.824,3568.906,33647.456,0.02,0.0
220.816,2026-06-26T00:40:11.026872,12770.012,56325.012,0.807,3568.907,33647.456,0.02,0.0
220.867,2026-06-26T00:40:11.077808,12770.012,56325.012,0.795,3568.908,33647.456,0.02,0.0
220.918,2026-06-26T00:40:11.128720,12770.012,56325.012,0.787,3568.909,33647.456,0.02,0.0
220.968,2026-06-26T00:40:11.179658,12770.012,56325.012,0.827,3568.91,33647.456,0.02,0.0
221.019,2026-06-26T00:40:11.230616,12770.012,56325.012,0.809,3568.911,33647.456,0.02,0.0
221.07,2026-06-26T00:40:11.281556,12770.004,56325.012,0.796,3568.912,33647.456,0.02,0.0
221.121,2026-06-26T00:40:11.332480,12767.0,56325.012,0.787,3568.913,33647.456,0.02,0.0
221.172,2026-06-26T00:40:11.383386,12767.0,56325.012,0.781,3568.914,33647.456,0.02,0.0
221.223,2026-06-26T00:40:11.434340,12767.0,56325.012,0.777,3568.915,33647.456,0.02,0.0
221.274,2026-06-26T00:40:11.485255,12766.992,56325.012,0.866,3568.916,33647.456,0.02,0.0
221.325,2026-06-26T00:40:11.536222,12767.0,56325.012,0.836,3568.917,33647.456,0.02,0.0
221.376,2026-06-26T00:40:11.587168,12767.0,56325.012,0.815,3568.918,33647.456,0.02,0.0
221.427,2026-06-26T00:40:11.638084,12767.0,56325.012,0.801,3568.919,33647.456,0.02,0.0
221.478,2026-06-26T00:40:11.689048,12767.0,56325.012,0.791,3568.92,33647.456,0.02,0.0
221.529,2026-06-26T00:40:11.739982,12767.0,56325.012,0.783,3568.921,33647.456,0.02,0.0
221.58,2026-06-26T00:40:11.790975,12767.0,56325.012,0.778,3568.922,33647.456,0.02,0.0
221.631,2026-06-26T00:40:11.841919,12767.0,56325.012,0.775,3568.923,33647.456,0.02,0.0
221.682,2026-06-26T00:40:11.892876,12767.0,56325.012,0.772,3568.924,33647.456,0.02,0.0
221.733,2026-06-26T00:40:11.943812,12767.0,56325.012,0.77,3568.925,33647.456,0.02,0.0
221.784,2026-06-26T00:40:11.994771,12767.0,56325.012,0.815,3568.926,33647.456,0.02,0.0
221.835,2026-06-26T00:40:12.045731,12767.0,56325.012,0.801,3568.927,33647.456,0.02,0.0
221.885,2026-06-26T00:40:12.096654,12767.0,56325.012,0.791,3568.928,33647.456,0.02,0.0
221.936,2026-06-26T00:40:12.147581,12766.566,56325.012,0.784,3568.929,33647.456,0.02,0.0
221.987,2026-06-26T00:40:12.198535,12766.434,56325.012,0.779,3568.93,33647.456,0.02,0.0
222.038,2026-06-26T00:40:12.249465,12766.445,56325.012,0.775,3568.931,33647.456,0.02,0.0
222.089,2026-06-26T00:40:12.300424,12766.445,56325.012,0.772,3568.932,33647.456,0.02,0.0
222.14,2026-06-26T00:40:12.351368,12766.445,56325.012,0.771,3568.933,33647.456,0.02,0.0
222.191,2026-06-26T00:40:12.402287,12766.445,56325.012,0.77,3568.934,33647.456,0.02,0.0
222.242,2026-06-26T00:40:12.453205,12766.445,56325.012,0.769,3568.935,33647.456,0.02,0.0
222.293,2026-06-26T00:40:12.504130,12766.445,56325.012,0.768,3568.936,33647.456,0.02,0.0
222.344,2026-06-26T00:40:12.555096,12766.445,56325.012,0.86,3568.937,33647.456,0.02,0.0
222.395,2026-06-26T00:40:12.606040,12766.438,56325.012,0.878,3568.938,33647.456,0.02,0.0
222.446,2026-06-26T00:40:12.656993,12766.422,56325.012,0.845,3568.939,33647.456,0.02,0.0
222.497,2026-06-26T00:40:12.707930,12766.441,56325.012,0.821,3568.94,33647.456,0.02,0.0
222.548,2026-06-26T00:40:12.758922,12766.441,56325.012,0.805,3568.941,33647.456,0.02,0.0
222.599,2026-06-26T00:40:12.809852,12766.441,56325.012,0.793,3568.942,33647.456,0.02,0.0
222.65,2026-06-26T00:40:12.860813,12766.441,56325.012,0.786,3568.943,33647.456,0.02,0.0
222.701,2026-06-26T00:40:12.911748,12766.441,56325.012,0.78,3568.944,33647.456,0.02,0.0
222.752,2026-06-26T00:40:12.962724,12766.441,56325.012,0.776,3568.945,33647.456,0.02,0.0
222.802,2026-06-26T00:40:13.013669,12766.441,56325.012,0.773,3568.946,33647.456,0.02,0.0
222.853,2026-06-26T00:40:13.064621,12766.445,56325.012,0.771,3568.947,33647.456,0.02,0.0
222.904,2026-06-26T00:40:13.115560,12769.949,56325.012,0.77,3568.948,33647.456,0.02,0.0
222.955,2026-06-26T00:40:13.166494,12769.949,56325.012,0.769,3568.949,33647.456,0.02,0.0
223.006,2026-06-26T00:40:13.217449,12769.949,56325.012,0.814,3568.95,33647.456,0.02,0.0
223.057,2026-06-26T00:40:13.268391,12769.949,56325.012,0.8,3568.951,33647.456,0.02,0.0
223.108,2026-06-26T00:40:13.319326,12769.949,56325.012,0.79,3568.952,33647.456,0.02,0.0
223.159,2026-06-26T00:40:13.370242,12769.949,56325.012,0.829,3568.953,33647.456,0.02,0.0
223.21,2026-06-26T00:40:13.421201,12769.949,56325.012,0.81,3568.954,33647.456,0.02,0.0
223.261,2026-06-26T00:40:13.472134,12769.949,56325.012,0.797,3568.955,33647.456,0.02,0.0
223.312,2026-06-26T00:40:13.523059,12769.949,56325.012,0.788,3568.956,33647.456,0.02,0.0
223.363,2026-06-26T00:40:13.574008,12769.949,56325.012,0.782,3568.957,33647.456,0.02,0.0
223.414,2026-06-26T00:40:13.624942,12769.949,56325.012,0.777,3568.958,33647.456,0.02,0.0
223.465,2026-06-26T00:40:13.675904,12769.949,56325.012,0.774,3568.959,33647.456,0.02,0.0
223.516,2026-06-26T00:40:13.726854,12772.957,56325.012,0.772,3568.96,33647.456,0.02,0.0
223.567,2026-06-26T00:40:13.777835,12772.957,56325.012,0.816,3568.961,33647.456,0.02,0.0
223.618,2026-06-26T00:40:13.828774,12772.957,56325.012,0.801,3568.962,33647.456,0.02,0.0
223.669,2026-06-26T00:40:13.879734,12772.957,56325.012,0.791,3568.963,33647.456,0.02,0.0
223.719,2026-06-26T00:40:13.930685,12772.957,56325.012,0.784,3568.964,33647.456,0.02,0.0
223.77,2026-06-26T00:40:13.981649,12772.555,56325.012,0.778,3568.965,33647.456,0.02,0.0
223.821,2026-06-26T00:40:14.032592,12774.773,56325.012,0.775,3568.966,33647.456,0.02,0.0
223.872,2026-06-26T00:40:14.083552,12774.781,56325.012,0.772,3568.967,33647.456,0.02,0.0
223.923,2026-06-26T00:40:14.134507,12774.797,56325.012,0.817,3568.968,33647.456,0.02,0.0
223.974,2026-06-26T00:40:14.185475,12760.871,56325.012,0.802,3568.969,33647.456,0.02,0.0
224.025,2026-06-26T00:40:14.236418,12756.551,56325.012,0.791,3568.97,33647.456,0.02,0.0
224.076,2026-06-26T00:40:14.287373,12756.551,56325.012,0.83,3568.971,33647.456,0.02,0.0
224.127,2026-06-26T00:40:14.338287,12756.551,56325.012,0.811,3568.972,33647.456,0.02,0.0
224.178,2026-06-26T00:40:14.389227,12756.551,56325.012,0.798,3568.973,33647.456,0.02,0.0
224.229,2026-06-26T00:40:14.440207,12754.98,56325.012,0.834,3568.974,33647.456,0.02,0.0
224.28,2026-06-26T00:40:14.491173,12754.98,56325.012,0.814,3568.975,33647.456,0.02,0.0
224.331,2026-06-26T00:40:14.542181,12754.98,56325.012,0.8,3568.976,33647.456,0.02,0.0
224.382,2026-06-26T00:40:14.593118,12750.977,56325.012,0.79,3568.977,33647.456,0.02,0.0
224.433,2026-06-26T00:40:14.644122,12750.977,56325.012,0.782,3568.978,33647.456,0.02,0.0
224.484,2026-06-26T00:40:14.695110,12750.977,56325.012,0.778,3568.979,33647.456,0.02,0.0
224.535,2026-06-26T00:40:14.746092,12750.977,56325.012,0.774,3568.98,33647.456,0.02,0.0
224.586,2026-06-26T00:40:14.797098,12750.977,56325.012,0.818,3568.981,33647.456,0.02,0.0
224.637,2026-06-26T00:40:14.848080,12750.977,56325.012,0.802,3568.981,33647.456,0.02,0.0
224.688,2026-06-26T00:40:14.899100,12750.969,56325.012,0.791,3568.982,33647.456,0.02,0.0
224.739,2026-06-26T00:40:14.950089,12750.969,56325.012,0.784,3568.983,33647.456,0.02,0.0
224.79,2026-06-26T00:40:15.001084,12750.969,56325.012,0.825,3568.984,33647.456,0.02,0.0
224.841,2026-06-26T00:40:15.052056,12750.969,56325.012,0.807,3568.985,33647.456,0.02,0.0
224.892,2026-06-26T00:40:15.103048,12748.965,56325.012,0.795,3568.986,33647.456,0.02,0.0
224.943,2026-06-26T00:40:15.154034,12748.965,56325.012,0.786,3568.987,33647.456,0.02,0.0
224.994,2026-06-26T00:40:15.205041,12748.965,56325.012,0.78,3568.988,33647.456,0.02,0.0
225.045,2026-06-26T00:40:15.255998,12748.965,56325.012,0.776,3568.989,33647.456,0.02,0.0
225.096,2026-06-26T00:40:15.307005,12748.965,56325.012,0.773,3568.99,33647.456,0.02,0.0
225.147,2026-06-26T00:40:15.357994,12747.926,56325.012,0.817,3568.991,33647.456,0.02,0.0
225.198,2026-06-26T00:40:15.409012,12747.926,56325.012,0.802,3568.992,33647.456,0.02,0.0
225.249,2026-06-26T00:40:15.459999,12747.934,56325.012,0.745,3568.993,33648.08,0.02,12.234
225.3,2026-06-26T00:40:15.510961,12747.934,56325.012,0.798,3568.995,33648.618,0.028,10.573
225.351,2026-06-26T00:40:15.561856,12747.934,56325.012,0.742,3568.996,33648.618,0.03,0.0
225.48,2026-06-26T00:40:15.691512,13173.887,57128.391,1.694,3570.009,33648.629,7.76,0.085
225.532,2026-06-26T00:40:15.743547,12953.598,56681.488,2.083,3569.983,33648.629,-0.485,0.0
225.584,2026-06-26T00:40:15.795697,12952.953,56680.68,1.998,3569.991,33648.629,0.142,0.0
225.637,2026-06-26T00:40:15.847838,12952.953,56680.68,1.846,3569.998,33648.629,0.14,0.0
225.69,2026-06-26T00:40:15.900949,12954.328,56680.68,1.775,3570.006,33648.629,0.138,0.0
225.743,2026-06-26T00:40:15.954309,12954.391,56680.68,1.678,3570.013,33648.629,0.136,0.0
225.798,2026-06-26T00:40:16.008837,12870.258,56521.934,1.518,3570.009,33648.629,-0.069,0.0
225.852,2026-06-26T00:40:16.063357,12870.695,56521.934,1.321,3570.005,33648.629,-0.074,0.0
225.907,2026-06-26T00:40:16.117815,12743.883,56325.012,0.968,3570.325,33648.818,6.066,3.581
225.959,2026-06-26T00:40:16.170061,12739.406,56325.012,0.723,3570.54,33649.212,4.252,7.768
226.009,2026-06-26T00:40:16.220683,12796.922,62430.105,0.692,3570.92,33649.573,7.506,7.142
226.06,2026-06-26T00:40:16.271296,13155.891,67313.371,0.716,3570.922,33649.573,0.02,0.0
226.111,2026-06-26T00:40:16.321944,13700.953,67313.371,0.778,3570.923,33649.573,0.02,0.0
226.162,2026-06-26T00:40:16.372817,14242.801,67313.371,0.774,3570.924,33649.573,0.02,0.0
226.213,2026-06-26T00:40:16.423776,14657.754,67704.121,0.864,3570.925,33668.362,0.02,368.524
226.264,2026-06-26T00:40:16.474734,14654.562,69491.715,0.975,3570.926,33687.112,0.02,370.134
226.314,2026-06-26T00:40:16.525365,14751.055,69459.371,2.248,3570.927,33694.143,0.02,138.045
226.365,2026-06-26T00:40:16.576415,14942.379,69459.371,2.767,3570.928,33694.143,0.02,0.0
226.416,2026-06-26T00:40:16.627444,14797.75,69303.371,2.948,3570.929,33694.143,0.02,0.0
226.467,2026-06-26T00:40:16.678468,14625.863,69047.371,3.121,3570.93,33694.143,0.02,0.0
226.518,2026-06-26T00:40:16.729412,14643.203,69022.371,2.736,3570.931,33719.143,0.02,490.521
226.569,2026-06-26T00:40:16.780461,14660.918,68997.371,2.421,3570.932,33769.143,0.02,979.584
226.62,2026-06-26T00:40:16.831440,14654.418,68947.371,2.108,3570.933,33794.143,0.02,490.376
226.671,2026-06-26T00:40:16.882446,14698.469,68947.371,1.705,3570.934,33794.143,0.02,0.0
226.722,2026-06-26T00:40:16.933422,14742.418,68947.371,1.47,3570.935,33794.143,0.02,0.0
226.773,2026-06-26T00:40:16.984418,14786.262,68947.371,1.212,3570.936,33794.143,0.02,0.0
226.824,2026-06-26T00:40:17.035413,14830.199,68947.371,1.079,3570.937,33794.143,0.02,0.0
226.875,2026-06-26T00:40:17.086411,14874.215,68947.371,0.985,3570.938,33794.143,0.02,0.0
226.926,2026-06-26T00:40:17.137390,14918.16,68947.371,0.965,3570.939,33794.143,0.02,0.0
226.977,2026-06-26T00:40:17.188395,14962.031,68947.371,0.859,3570.94,33794.143,0.02,0.0
227.028,2026-06-26T00:40:17.239436,15005.918,68947.371,0.877,3570.941,33794.143,0.02,0.0
227.079,2026-06-26T00:40:17.290496,15049.93,68947.371,0.889,3570.942,33794.143,0.02,0.0
227.13,2026-06-26T00:40:17.341520,15094.148,68947.371,0.852,3570.943,33794.143,0.02,0.0
227.181,2026-06-26T00:40:17.392575,15138.918,68947.371,0.826,3570.944,33794.143,0.02,0.0
227.232,2026-06-26T00:40:17.443604,15183.5,68947.371,0.9,3570.945,33794.143,0.02,0.0
227.283,2026-06-26T00:40:17.494683,15228.336,68947.371,0.813,3570.946,33794.143,0.02,0.0
227.335,2026-06-26T00:40:17.545714,15273.418,68947.371,0.799,3570.947,33794.143,0.02,0.0
227.386,2026-06-26T00:40:17.596766,15318.668,68947.371,0.789,3570.948,33794.143,0.02,0.0
227.437,2026-06-26T00:40:17.647797,15363.918,68947.371,0.828,3570.949,33794.143,0.02,0.0
227.488,2026-06-26T00:40:17.698849,15408.949,68947.371,0.809,3570.95,33794.143,0.02,0.0
227.539,2026-06-26T00:40:17.749897,15453.918,68947.371,0.75,3570.951,33794.143,0.02,0.0
227.59,2026-06-26T00:40:17.800960,15498.898,68947.371,0.8,3570.952,33794.143,0.02,0.0
227.641,2026-06-26T00:40:17.851989,15543.656,68947.371,0.79,3570.953,33794.143,0.02,0.0
227.692,2026-06-26T00:40:17.903038,15588.418,68947.371,0.783,3570.954,33794.143,0.02,0.0
227.743,2026-06-26T00:40:17.954076,15633.418,68947.371,0.777,3570.955,33794.143,0.02,0.0
227.794,2026-06-26T00:40:18.005159,15678.395,68947.371,0.774,3570.956,33794.143,0.02,0.0
227.845,2026-06-26T00:40:18.056218,15723.398,68947.371,0.771,3570.957,33794.143,0.02,0.0
227.896,2026-06-26T00:40:18.107173,15768.266,68947.371,0.77,3570.958,33794.143,0.02,0.0
227.947,2026-06-26T00:40:18.158214,15813.402,68947.371,0.814,3570.959,33794.143,0.02,0.0
227.998,2026-06-26T00:40:18.209235,15858.461,68947.371,0.846,3570.96,33794.143,0.02,0.0
228.049,2026-06-26T00:40:18.260221,15903.828,68947.371,0.822,3570.961,33794.143,0.02,0.0
228.1,2026-06-26T00:40:18.311223,14369.422,68011.371,0.805,3570.962,33794.143,0.02,0.0
228.151,2026-06-26T00:40:18.362222,14389.012,68011.371,0.793,3570.964,33794.143,0.02,0.0
228.202,2026-06-26T00:40:18.413230,14408.582,68011.371,0.785,3570.965,33794.143,0.02,0.0
228.253,2026-06-26T00:40:18.464244,14428.113,68011.371,0.779,3570.966,33794.143,0.02,0.0
228.304,2026-06-26T00:40:18.515246,14447.074,68011.371,0.821,3570.967,33794.143,0.02,0.0
228.355,2026-06-26T00:40:18.566252,14466.652,68011.371,0.804,3570.968,33794.143,0.02,0.0
228.406,2026-06-26T00:40:18.617234,14486.152,68011.371,0.793,3570.969,33794.143,0.02,0.0
228.457,2026-06-26T00:40:18.668221,14505.652,68011.371,0.785,3570.97,33794.143,0.02,0.0
228.508,2026-06-26T00:40:18.719234,14525.184,68011.371,0.825,3570.971,33794.143,0.02,0.0
228.559,2026-06-26T00:40:18.770226,14544.715,68011.371,0.807,3570.972,33794.143,0.02,0.0
228.61,2026-06-26T00:40:18.821228,14564.254,68011.371,0.795,3570.973,33794.143,0.02,0.0
228.661,2026-06-26T00:40:18.872234,14583.797,68011.371,0.786,3570.974,33794.143,0.02,0.0
228.712,2026-06-26T00:40:18.923257,14603.355,68011.371,0.78,3570.975,33794.143,0.02,0.0
228.763,2026-06-26T00:40:18.974257,14622.914,68011.371,0.822,3570.976,33794.143,0.02,0.0
228.814,2026-06-26T00:40:19.025256,14642.461,68011.371,0.805,3570.977,33794.143,0.02,0.0
228.865,2026-06-26T00:40:19.076252,14662.012,68011.371,0.747,3570.978,33794.143,0.02,0.0
228.916,2026-06-26T00:40:19.127275,14681.531,68011.371,0.799,3570.979,33794.143,0.02,0.0
228.967,2026-06-26T00:40:19.178289,14701.062,68011.371,0.789,3570.98,33794.143,0.02,0.0
229.018,2026-06-26T00:40:19.229292,14720.652,68011.371,0.736,3570.981,33794.143,0.02,0.0
229.069,2026-06-26T00:40:19.280275,14740.172,68011.371,0.791,3570.982,33794.143,0.02,0.0
229.12,2026-06-26T00:40:19.331278,14759.746,68011.371,0.783,3570.983,33794.143,0.02,0.0
229.171,2026-06-26T00:40:19.382292,14779.285,68011.371,0.778,3570.984,33794.143,0.02,0.0
229.222,2026-06-26T00:40:19.433294,14798.816,68011.371,0.774,3570.985,33794.143,0.02,0.0
229.273,2026-06-26T00:40:19.484256,14818.25,68011.371,0.819,3570.986,33794.143,0.02,0.0
229.324,2026-06-26T00:40:19.535084,14837.781,68011.371,0.803,3570.987,33794.143,0.02,0.0
229.375,2026-06-26T00:40:19.586061,14857.312,68011.371,0.792,3570.988,33794.143,0.02,0.0
229.426,2026-06-26T00:40:19.637077,14876.852,68011.371,0.83,3570.989,33794.143,0.02,0.0
229.477,2026-06-26T00:40:19.688056,14896.41,68011.371,0.857,3570.99,33794.143,0.02,0.0
229.528,2026-06-26T00:40:19.739052,14916.004,68011.371,0.83,3570.991,33794.143,0.02,0.0
229.579,2026-06-26T00:40:19.790026,14935.535,68011.371,0.811,3570.992,33794.143,0.02,0.0
229.63,2026-06-26T00:40:19.841038,14955.117,68011.371,0.797,3570.993,33794.143,0.02,0.0
229.681,2026-06-26T00:40:19.892024,14706.152,68011.371,0.788,3570.994,33794.143,0.02,0.0
229.732,2026-06-26T00:40:19.943031,13788.152,68011.371,0.781,3570.995,33794.143,0.02,0.0
229.783,2026-06-26T00:40:19.994011,13432.152,66475.371,0.777,3570.996,33794.143,0.02,0.0
229.834,2026-06-26T00:40:20.045007,13432.152,66475.371,0.774,3570.997,33794.143,0.02,0.0
229.885,2026-06-26T00:40:20.096014,13432.152,66475.371,0.771,3570.998,33794.143,0.02,0.0
229.936,2026-06-26T00:40:20.147010,13432.152,66475.371,0.816,3570.999,33794.143,0.02,0.0
229.987,2026-06-26T00:40:20.197993,13432.152,66475.371,0.801,3571.0,33794.143,0.02,0.0
230.038,2026-06-26T00:40:20.248992,13432.152,66475.371,0.79,3571.001,33794.143,0.02,0.0
230.089,2026-06-26T00:40:20.299971,13596.281,67662.371,0.829,3571.003,33794.143,0.02,0.0
230.14,2026-06-26T00:40:20.351001,14123.266,67662.371,1.086,3571.004,33794.143,0.02,0.0
230.191,2026-06-26T00:40:20.401984,14136.156,67662.371,0.99,3571.005,33794.143,0.02,0.0
230.242,2026-06-26T00:40:20.452988,14558.043,67662.371,1.152,3571.006,33794.143,0.02,0.0
230.293,2026-06-26T00:40:20.503937,14619.234,67666.371,1.083,3571.007,33794.143,0.02,0.0
230.344,2026-06-26T00:40:20.554902,14619.234,67666.371,0.988,3571.008,33794.143,0.02,0.0
230.395,2026-06-26T00:40:20.605886,14619.234,67666.371,0.921,3571.009,33794.143,0.02,0.0
230.516,2026-06-26T00:40:20.727325,14619.238,67666.371,1.013,3571.355,34394.143,2.862,4960.728
230.567,2026-06-26T00:40:20.777754,14619.238,67666.371,0.987,3571.356,34394.143,0.02,0.0
230.617,2026-06-26T00:40:20.828423,14619.238,67666.371,0.921,3571.357,34394.143,0.02,0.0
230.668,2026-06-26T00:40:20.879417,14201.238,67666.371,0.875,3571.358,34394.143,0.02,0.0
230.719,2026-06-26T00:40:20.930214,14019.238,67066.371,0.843,3571.359,34394.143,0.02,0.0
230.77,2026-06-26T00:40:20.981120,14019.238,67066.371,0.82,3571.36,34394.143,0.02,0.0
230.821,2026-06-26T00:40:21.032121,14040.668,67140.559,0.85,3571.361,34394.143,0.02,0.0
230.872,2026-06-26T00:40:21.083108,14085.781,67140.559,0.825,3571.362,34394.143,0.02,0.0
230.923,2026-06-26T00:40:21.134095,14093.43,67140.559,0.807,3571.363,34394.143,0.02,0.0
230.974,2026-06-26T00:40:21.185091,14115.43,67214.746,0.795,3571.364,34468.331,0.02,1454.558
231.025,2026-06-26T00:40:21.236095,14159.762,67214.746,0.786,3571.365,34468.331,0.02,0.0
231.076,2026-06-26T00:40:21.287078,14093.43,67140.559,0.78,3571.366,34468.331,0.02,0.0
231.127,2026-06-26T00:40:21.338079,14097.84,67214.746,0.776,3571.367,34542.518,0.02,1455.279
231.178,2026-06-26T00:40:21.389070,14138.43,67214.746,0.773,3571.368,34542.518,0.02,0.0
231.229,2026-06-26T00:40:21.440086,14093.43,67140.559,0.771,3571.369,34542.518,0.02,0.0
231.28,2026-06-26T00:40:21.491067,14093.43,67140.559,0.815,3571.37,34616.706,0.02,1454.647
231.331,2026-06-26T00:40:21.542067,14121.699,67214.746,0.754,3571.371,34616.706,0.02,0.0
231.382,2026-06-26T00:40:21.593047,14166.336,67214.746,0.804,3571.372,34616.706,0.02,0.0
231.433,2026-06-26T00:40:21.644067,14093.43,67140.559,0.792,3571.373,34616.706,0.02,0.0
231.484,2026-06-26T00:40:21.695058,14103.988,67214.746,0.738,3571.374,34690.893,0.02,1454.463
231.535,2026-06-26T00:40:21.746070,14139.188,67214.746,0.793,3571.375,34690.893,0.02,0.0
231.586,2026-06-26T00:40:21.797052,14093.43,67140.559,0.785,3571.376,34690.893,0.02,0.0
231.637,2026-06-26T00:40:21.848054,14093.43,67140.559,0.595,3571.377,34690.893,0.02,0.0
231.688,2026-06-26T00:40:21.899047,14093.43,67140.559,0.6,3571.379,34690.893,0.02,0.0
231.739,2026-06-26T00:40:21.950054,14103.777,67214.746,0.696,3571.38,34765.081,0.02,1455.075
231.79,2026-06-26T00:40:22.001039,14148.73,67214.746,0.717,3571.381,34765.081,0.02,0.0
231.841,2026-06-26T00:40:22.052042,14093.43,67140.559,0.732,3571.382,34765.081,0.02,0.0
231.892,2026-06-26T00:40:22.103025,14093.43,67140.559,0.742,3571.383,34839.268,0.02,1454.579
231.943,2026-06-26T00:40:22.154038,14131.734,67214.746,0.749,3571.384,34839.268,0.02,0.0
231.994,2026-06-26T00:40:22.205023,14093.43,67140.559,0.754,3571.385,34839.268,0.02,0.0
232.045,2026-06-26T00:40:22.256020,14093.43,67140.559,0.804,3571.386,34839.268,0.02,0.0
232.096,2026-06-26T00:40:22.307008,14115.398,67214.746,0.792,3571.387,34913.456,0.02,1453.974
232.147,2026-06-26T00:40:22.358027,14160.219,67214.746,0.785,3571.388,34913.456,0.02,0.0
232.198,2026-06-26T00:40:22.409011,14093.43,67140.559,0.779,3571.389,34913.456,0.02,0.0
232.249,2026-06-26T00:40:22.460008,14093.43,67140.559,0.775,3571.39,34987.643,0.02,1455.082
232.3,2026-06-26T00:40:22.510994,14120.98,67214.746,0.772,3571.391,34987.643,0.02,0.0
232.351,2026-06-26T00:40:22.561996,14165.93,67214.746,0.77,3571.392,34987.643,0.02,0.0
232.402,2026-06-26T00:40:22.612993,14093.43,67140.559,0.769,3571.393,34987.643,0.02,0.0
232.453,2026-06-26T00:40:22.663999,14105.801,67214.746,0.768,3571.394,35061.831,0.02,1455.232
232.504,2026-06-26T00:40:22.714960,14150.93,67214.746,0.768,3571.395,35061.831,0.02,0.0
232.555,2026-06-26T00:40:22.765955,14093.43,67140.559,0.813,3571.396,35061.831,0.02,0.0
232.606,2026-06-26T00:40:22.816936,14093.43,67140.559,0.845,3571.397,35136.018,0.02,1453.879
232.657,2026-06-26T00:40:22.867959,14136.285,67214.746,0.821,3571.398,35136.018,0.02,0.0
232.708,2026-06-26T00:40:22.918950,14093.43,67140.559,0.805,3571.399,35136.018,0.02,0.0
232.759,2026-06-26T00:40:22.969951,14093.43,67140.559,0.793,3571.4,35210.206,0.02,1455.055
232.81,2026-06-26T00:40:23.020926,14121.598,67214.746,0.785,3571.401,35210.206,0.02,0.0
232.861,2026-06-26T00:40:23.071940,14166.547,67214.746,0.779,3571.402,35210.206,0.02,0.0
232.912,2026-06-26T00:40:23.122923,14093.43,67140.559,0.775,3571.403,35210.206,0.02,0.0
232.963,2026-06-26T00:40:23.173936,14105.328,67214.746,0.818,3571.404,35284.393,0.02,1455.021
233.014,2026-06-26T00:40:23.224878,14150.43,67214.746,0.849,3571.405,35284.393,0.02,0.0
233.065,2026-06-26T00:40:23.275877,14093.43,67140.559,0.778,3571.406,35284.393,0.02,0.0
233.116,2026-06-26T00:40:23.326872,14093.43,67140.559,0.774,3571.407,35358.581,0.02,1454.246
233.167,2026-06-26T00:40:23.377882,14136.312,67214.746,0.772,3571.408,35358.581,0.02,0.0
233.218,2026-06-26T00:40:23.428867,14093.43,67140.559,0.77,3571.409,35358.581,0.02,0.0
233.269,2026-06-26T00:40:23.479880,14093.43,67140.559,0.815,3571.41,35432.768,0.02,1454.558
233.32,2026-06-26T00:40:23.530872,14122.211,67214.746,0.8,3571.411,35432.768,0.02,0.0
233.371,2026-06-26T00:40:23.581898,14167.5,67214.746,0.79,3571.412,35432.768,0.02,0.0
233.422,2026-06-26T00:40:23.632879,14093.43,67140.559,0.783,3571.413,35432.768,0.02,0.0
233.473,2026-06-26T00:40:23.683885,14106.68,67214.746,0.778,3571.415,35506.956,0.02,1453.716
233.524,2026-06-26T00:40:23.734930,14151.93,67214.746,0.82,3571.416,35506.956,0.02,0.0
233.575,2026-06-26T00:40:23.785950,14093.43,67140.559,0.758,3571.417,35506.956,0.02,0.0
233.626,2026-06-26T00:40:23.836945,14093.43,67140.559,0.806,3571.418,35581.143,0.02,1454.436
233.677,2026-06-26T00:40:23.887950,12832.242,65879.371,0.84,3571.419,35581.143,0.02,0.0
233.728,2026-06-26T00:40:23.938943,13288.281,67066.371,0.818,3571.42,35581.143,0.02,0.0
233.779,2026-06-26T00:40:23.989954,13838.117,67066.371,0.802,3571.421,35581.143,0.02,0.0
233.83,2026-06-26T00:40:24.040962,14030.988,68257.371,0.791,3571.422,35581.143,0.02,0.0
233.881,2026-06-26T00:40:24.091963,14063.797,68257.371,0.784,3571.423,35581.143,0.02,0.0
233.932,2026-06-26T00:40:24.142950,14106.613,68257.371,0.778,3571.424,35581.143,0.02,0.0
233.983,2026-06-26T00:40:24.193952,14149.457,68257.371,0.775,3571.425,35581.143,0.02,0.0
234.034,2026-06-26T00:40:24.244952,14192.387,68257.371,0.772,3571.426,35581.143,0.02,0.0
234.085,2026-06-26T00:40:24.295958,14234.848,68257.371,0.816,3571.427,35581.143,0.02,0.0
234.136,2026-06-26T00:40:24.346945,14277.844,68257.371,0.755,3571.428,35581.143,0.02,0.0
234.187,2026-06-26T00:40:24.397949,14320.891,68257.371,0.804,3571.429,35581.143,0.02,0.0
234.238,2026-06-26T00:40:24.448934,14363.918,68257.371,0.793,3571.43,35581.143,0.02,0.0
234.289,2026-06-26T00:40:24.499917,14406.648,68257.371,0.74,3571.431,35581.143,0.02,0.0
234.339,2026-06-26T00:40:24.550538,14449.652,68257.371,0.794,3571.432,35581.143,0.02,0.0
234.39,2026-06-26T00:40:24.601545,14492.832,68257.371,0.786,3571.433,35581.143,0.02,0.0
234.441,2026-06-26T00:40:24.652519,14535.684,68257.371,0.826,3571.434,35581.143,0.02,0.0
234.492,2026-06-26T00:40:24.703528,14578.832,68257.371,0.808,3571.435,35581.143,0.02,0.0
234.543,2026-06-26T00:40:24.754527,14621.945,68257.371,0.795,3571.436,35581.143,0.02,0.0
234.594,2026-06-26T00:40:24.805528,14664.871,68257.371,0.786,3571.437,35581.143,0.02,0.0
234.645,2026-06-26T00:40:24.856492,14707.832,68257.371,0.826,3571.438,35581.143,0.02,0.0
234.696,2026-06-26T00:40:24.907492,14750.789,68257.371,0.808,3571.439,35581.143,0.02,0.0
234.747,2026-06-26T00:40:24.958482,14793.766,68257.371,0.796,3571.44,35581.143,0.02,0.0
234.798,2026-06-26T00:40:25.009494,14836.832,68257.371,0.787,3571.441,35581.143,0.02,0.0
234.849,2026-06-26T00:40:25.060477,14879.832,68257.371,0.826,3571.442,35581.143,0.02,0.0
234.9,2026-06-26T00:40:25.111485,14922.832,68257.371,0.808,3571.443,35581.143,0.02,0.0
234.951,2026-06-26T00:40:25.162446,14965.832,68257.371,0.796,3571.444,35581.143,0.02,0.0
235.002,2026-06-26T00:40:25.213464,15008.832,68257.371,0.787,3571.445,35581.143,0.02,0.0
235.053,2026-06-26T00:40:25.264426,15051.832,68257.371,0.781,3571.446,35581.143,0.02,0.0
235.104,2026-06-26T00:40:25.315419,15094.504,68257.371,0.822,3571.447,35581.143,0.02,0.0
235.155,2026-06-26T00:40:25.366387,15137.07,68257.371,0.759,3571.448,35581.143,0.02,0.0
235.206,2026-06-26T00:40:25.417386,15179.566,68257.371,0.761,3571.449,35581.143,0.02,0.0
235.257,2026-06-26T00:40:25.468387,14600.207,68257.371,0.809,3571.451,35581.143,0.02,0.0
235.308,2026-06-26T00:40:25.519388,14031.566,67534.043,0.796,3571.452,35581.143,0.02,0.0
235.359,2026-06-26T00:40:25.570355,14050.426,67534.043,0.787,3571.453,35581.143,0.02,0.0
235.41,2026-06-26T00:40:25.621347,14069.566,67534.043,0.827,3571.454,35581.143,0.02,0.0
235.531,2026-06-26T00:40:25.742300,14115.855,67534.043,0.948,3571.8,35581.143,2.873,0.0
235.582,2026-06-26T00:40:25.792732,14135.23,67534.043,0.895,3571.801,35581.143,0.02,0.0
235.632,2026-06-26T00:40:25.843379,14154.625,67534.043,0.858,3571.802,35581.143,0.02,0.0
235.683,2026-06-26T00:40:25.894105,14174.066,67534.043,0.831,3571.803,35581.143,0.02,0.0
235.734,2026-06-26T00:40:25.944930,14193.566,67534.043,0.812,3571.804,35581.143,0.02,0.0
235.785,2026-06-26T00:40:25.995739,14213.023,67534.043,0.799,3571.805,35581.143,0.02,0.0
235.836,2026-06-26T00:40:26.046743,14232.422,67534.043,0.881,3571.806,35581.143,0.02,0.0
235.887,2026-06-26T00:40:26.097736,14251.988,67534.043,0.8,3571.807,35581.143,0.02,0.0
235.938,2026-06-26T00:40:26.148730,14271.496,67534.043,0.79,3571.808,35581.143,0.02,0.0
235.989,2026-06-26T00:40:26.199714,14291.047,67534.043,0.829,3571.809,35581.143,0.02,0.0
236.04,2026-06-26T00:40:26.250719,14310.551,67534.043,0.81,3571.81,35581.143,0.02,0.0
236.091,2026-06-26T00:40:26.301709,14330.012,67534.043,0.751,3571.811,35581.143,0.02,0.0
236.142,2026-06-26T00:40:26.352749,14349.531,67534.043,0.801,3571.812,35581.143,0.02,0.0
236.193,2026-06-26T00:40:26.403773,14367.441,67534.043,0.744,3571.813,35581.143,0.02,0.0
236.244,2026-06-26T00:40:26.454831,14386.066,67534.043,0.797,3571.814,35581.143,0.02,0.0
236.295,2026-06-26T00:40:26.505860,14404.234,67534.043,0.787,3571.815,35581.143,0.02,0.0
236.346,2026-06-26T00:40:26.556936,14422.496,67534.043,0.781,3571.816,35581.143,0.02,0.0
236.397,2026-06-26T00:40:26.607958,14440.621,67534.043,0.776,3571.817,35581.143,0.02,0.0
236.448,2026-06-26T00:40:26.659002,14458.824,67534.043,0.773,3571.818,35581.143,0.02,0.0
236.499,2026-06-26T00:40:26.710032,14477.066,67534.043,0.862,3571.819,35581.143,0.02,0.0
236.55,2026-06-26T00:40:26.761083,13809.238,67534.043,0.787,3571.82,35581.143,0.02,0.0
236.601,2026-06-26T00:40:26.812114,13296.238,66347.043,0.781,3571.821,35581.143,0.02,0.0
236.652,2026-06-26T00:40:26.863187,13296.238,66347.043,0.776,3571.822,35581.143,0.02,0.0
236.703,2026-06-26T00:40:26.914236,13296.238,66347.043,0.773,3571.824,35581.143,0.02,0.0
236.754,2026-06-26T00:40:26.965239,13296.238,66347.043,0.817,3571.825,35581.143,0.02,0.0
236.805,2026-06-26T00:40:27.016261,13296.238,66347.043,0.801,3571.826,35581.143,0.02,0.0
236.856,2026-06-26T00:40:27.067271,13737.027,67883.043,0.974,3571.827,35581.143,0.02,0.0
236.907,2026-06-26T00:40:27.118283,14288.18,67883.043,1.142,3571.828,35581.143,0.02,0.0
236.958,2026-06-26T00:40:27.169284,14831.867,67883.043,1.304,3571.829,35581.143,0.02,0.0
237.009,2026-06-26T00:40:27.220287,14851.102,69423.043,1.373,3571.83,35581.143,0.02,0.0
237.06,2026-06-26T00:40:27.271332,14889.074,69423.043,1.466,3571.831,35581.143,0.02,0.0
237.111,2026-06-26T00:40:27.322347,14933.203,69423.043,1.486,3571.832,35581.143,0.02,0.0
237.162,2026-06-26T00:40:27.373402,14977.199,69423.043,1.499,3571.833,36044.815,0.02,9083.686
237.213,2026-06-26T00:40:27.424427,15021.484,69423.043,1.554,3571.834,36044.815,0.02,0.0
237.264,2026-06-26T00:40:27.475509,14789.445,69423.043,1.547,3571.835,36044.815,0.02,0.0
237.315,2026-06-26T00:40:27.526551,14643.336,68959.371,1.542,3571.836,36044.815,0.02,0.0
237.366,2026-06-26T00:40:27.577587,14685.906,68959.371,1.538,3571.837,36044.815,0.02,0.0
237.417,2026-06-26T00:40:27.628626,14730.023,68959.371,1.398,3571.838,36044.815,0.02,0.0
237.468,2026-06-26T00:40:27.679693,14774.16,68959.371,1.208,3571.839,36044.815,0.02,0.0
237.52,2026-06-26T00:40:27.730750,14818.379,68959.371,1.075,3571.84,36044.815,0.02,0.0
237.571,2026-06-26T00:40:27.781827,14862.613,68959.371,0.982,3571.841,36044.815,0.02,0.0
237.622,2026-06-26T00:40:27.832851,14906.684,68959.371,0.917,3571.842,36044.815,0.02,0.0
237.673,2026-06-26T00:40:27.883903,14951.086,68959.371,0.918,3571.843,36044.815,0.02,0.0
237.724,2026-06-26T00:40:27.934943,14995.211,68959.371,0.918,3571.844,36044.815,0.02,0.0
237.775,2026-06-26T00:40:27.986013,15039.332,68959.371,0.826,3571.845,36044.815,0.02,0.0
237.826,2026-06-26T00:40:28.037025,15083.574,68959.371,0.854,3571.846,36044.815,0.02,0.0
237.877,2026-06-26T00:40:28.088075,15127.66,68959.371,0.827,3571.847,36044.815,0.02,0.0
237.928,2026-06-26T00:40:28.139105,15171.66,68959.371,0.809,3571.848,36044.815,0.02,0.0
237.979,2026-06-26T00:40:28.190201,15215.918,68959.371,0.842,3571.849,36044.815,0.02,0.0
238.03,2026-06-26T00:40:28.241212,15260.145,68959.371,0.819,3571.85,36044.815,0.02,0.0
238.081,2026-06-26T00:40:28.292211,15304.336,68959.371,0.849,3571.851,36044.815,0.02,0.0
238.132,2026-06-26T00:40:28.343211,15348.66,68959.371,0.778,3571.852,36044.815,0.02,0.0
238.183,2026-06-26T00:40:28.394211,15392.781,68959.371,0.774,3571.853,36044.815,0.02,0.0
238.234,2026-06-26T00:40:28.445236,15436.691,68959.371,0.818,3571.854,36044.815,0.02,0.0
238.285,2026-06-26T00:40:28.496241,15480.66,68959.371,0.756,3571.855,36044.815,0.02,0.0
238.336,2026-06-26T00:40:28.547247,15524.594,68959.371,0.805,3571.856,36044.815,0.02,0.0
238.387,2026-06-26T00:40:28.598256,15567.832,68959.371,0.793,3571.857,36044.815,0.02,0.0
238.438,2026-06-26T00:40:28.649271,15605.16,68959.371,0.785,3571.859,36044.815,0.02,0.0
238.489,2026-06-26T00:40:28.700283,15642.66,68959.371,0.779,3571.86,36044.815,0.02,0.0
238.54,2026-06-26T00:40:28.751282,15680.16,68959.371,0.775,3571.861,36044.815,0.02,0.0
238.591,2026-06-26T00:40:28.802291,15717.684,68959.371,0.772,3571.862,36044.815,0.02,0.0
238.642,2026-06-26T00:40:28.853303,15755.375,68959.371,0.816,3571.863,36044.815,0.02,0.0
238.693,2026-06-26T00:40:28.904375,15793.184,68959.371,0.755,3571.864,36044.815,0.02,0.0
238.744,2026-06-26T00:40:28.955399,15830.66,68959.371,0.758,3571.865,36044.815,0.02,0.0
238.795,2026-06-26T00:40:29.006453,15868.16,68959.371,0.76,3571.866,36044.815,0.02,0.0
238.846,2026-06-26T00:40:29.057487,15846.66,68959.371,0.808,3571.867,36044.815,0.02,0.0
238.897,2026-06-26T00:40:29.108542,14370.887,68023.371,0.841,3571.868,36044.815,0.02,0.0
238.948,2026-06-26T00:40:29.159591,14389.121,68023.371,0.818,3571.869,36044.815,0.02,0.0
238.999,2026-06-26T00:40:29.210656,14407.258,68023.371,0.802,3571.87,36044.815,0.02,0.0
239.05,2026-06-26T00:40:29.261683,14425.367,68023.371,0.837,3571.871,36044.815,0.02,0.0
239.102,2026-06-26T00:40:29.312730,14443.543,68023.371,0.77,3571.872,36044.815,0.02,0.0
239.153,2026-06-26T00:40:29.363768,14461.758,68023.371,0.814,3571.873,36044.815,0.02,0.0
239.204,2026-06-26T00:40:29.414828,14479.906,68023.371,0.8,3571.874,36044.815,0.02,0.0
239.255,2026-06-26T00:40:29.465867,14498.07,68023.371,0.835,3571.875,36044.815,0.02,0.0
239.306,2026-06-26T00:40:29.516922,14517.039,68023.371,0.814,3571.876,36044.815,0.02,0.0
239.357,2026-06-26T00:40:29.567954,14535.688,68023.371,0.799,3571.877,36044.815,0.02,0.0
239.408,2026-06-26T00:40:29.619022,14553.785,68023.371,0.789,3571.878,36044.815,0.02,0.0
239.459,2026-06-26T00:40:29.670046,14571.934,68023.371,0.782,3571.879,36044.815,0.02,0.0
239.51,2026-06-26T00:40:29.721091,14590.152,68023.371,0.777,3571.88,36044.815,0.02,0.0
239.561,2026-06-26T00:40:29.772125,14608.258,68023.371,0.819,3571.881,36044.815,0.02,0.0
239.612,2026-06-26T00:40:29.823194,14626.352,68023.371,0.757,3571.882,36044.815,0.02,0.0
239.663,2026-06-26T00:40:29.874208,14644.578,68023.371,0.76,3571.883,36044.815,0.02,0.0
239.714,2026-06-26T00:40:29.925211,14662.758,68023.371,0.807,3571.884,36044.815,0.02,0.0
239.765,2026-06-26T00:40:29.976223,14680.883,68023.371,0.795,3571.885,36044.815,0.02,0.0
239.816,2026-06-26T00:40:30.027228,14699.055,68023.371,0.786,3571.886,36044.815,0.02,0.0
239.867,2026-06-26T00:40:30.078257,14717.258,68023.371,0.78,3571.887,36044.815,0.02,0.0
239.918,2026-06-26T00:40:30.129258,14735.41,68023.371,0.776,3571.888,36044.815,0.02,0.0
239.969,2026-06-26T00:40:30.180261,14753.539,68023.371,0.819,3571.889,36044.815,0.02,0.0
240.02,2026-06-26T00:40:30.231260,14771.738,68023.371,0.803,3571.89,36044.815,0.02,0.0
240.071,2026-06-26T00:40:30.282250,14789.805,68023.371,0.838,3571.891,36044.815,0.02,0.0
240.122,2026-06-26T00:40:30.333278,14807.973,68023.371,0.77,3571.892,36044.815,0.02,0.0
240.173,2026-06-26T00:40:30.384284,14826.195,68023.371,0.815,3571.894,36044.815,0.02,0.0
240.224,2026-06-26T00:40:30.435294,14844.258,68023.371,0.8,3571.895,36044.815,0.02,0.0
240.275,2026-06-26T00:40:30.486341,14862.543,68023.371,0.835,3571.896,36044.815,0.02,0.0
240.326,2026-06-26T00:40:30.537358,14881.383,68023.371,0.815,3571.897,36044.815,0.02,0.0
240.377,2026-06-26T00:40:30.588247,14900.215,68023.371,0.8,3571.898,36044.815,0.02,0.0
240.428,2026-06-26T00:40:30.639254,14918.297,68023.371,0.79,3571.899,36044.815,0.02,0.0
240.548,2026-06-26T00:40:30.759014,14960.742,68023.371,0.906,3572.245,36044.815,2.903,0.0
240.598,2026-06-26T00:40:30.809446,14448.758,68023.371,0.82,3572.246,36044.815,0.02,0.0
240.649,2026-06-26T00:40:30.860065,13626.758,68023.371,0.852,3572.247,36044.815,0.02,0.0
240.7,2026-06-26T00:40:30.910747,13432.758,66487.371,0.827,3572.248,36044.815,0.02,0.0
240.75,2026-06-26T00:40:30.961568,13432.758,66487.371,0.809,3572.249,36044.815,0.02,0.0
240.801,2026-06-26T00:40:31.012404,13432.758,66487.371,0.842,3572.25,36044.815,0.02,0.0
240.852,2026-06-26T00:40:31.063431,13432.758,66487.371,0.819,3572.251,36044.815,0.02,0.0
240.903,2026-06-26T00:40:31.114484,13432.758,66487.371,0.803,3572.252,36044.815,0.02,0.0
240.954,2026-06-26T00:40:31.165517,13432.758,66487.371,0.838,3572.253,36044.815,0.02,0.0
241.005,2026-06-26T00:40:31.216583,13432.762,66487.371,0.816,3572.254,36044.815,0.02,0.0
241.056,2026-06-26T00:40:31.267610,13432.762,66487.371,0.801,3572.255,36044.815,0.02,0.0
241.107,2026-06-26T00:40:31.318676,13432.762,66487.371,0.79,3572.256,36044.815,0.02,0.0
241.159,2026-06-26T00:40:31.369707,13432.762,66487.371,0.783,3572.257,36044.815,0.02,0.0
241.21,2026-06-26T00:40:31.420790,13432.762,66487.371,0.823,3572.258,36044.815,0.02,0.0
241.261,2026-06-26T00:40:31.471818,13432.762,66487.371,0.806,3572.259,36044.815,0.02,0.0
241.312,2026-06-26T00:40:31.522865,13432.762,66487.371,0.794,3572.261,36044.815,0.02,0.0
241.363,2026-06-26T00:40:31.573894,13432.762,66487.371,0.785,3572.262,36044.815,0.02,0.0
241.414,2026-06-26T00:40:31.624937,13432.762,66487.371,0.779,3572.263,36644.815,0.02,11753.085
241.465,2026-06-26T00:40:31.675975,13432.762,66487.371,0.821,3572.264,36644.815,0.02,0.0
241.516,2026-06-26T00:40:31.727022,13432.762,66487.371,0.804,3572.265,36644.815,0.02,0.0
241.567,2026-06-26T00:40:31.778043,13432.762,66487.371,0.793,3572.266,36644.815,0.02,0.0
241.618,2026-06-26T00:40:31.829081,13008.762,66487.371,0.784,3572.267,36644.815,0.02,0.0
241.669,2026-06-26T00:40:31.880118,12832.762,65887.371,0.779,3572.268,36644.815,0.02,0.0
241.72,2026-06-26T00:40:31.931193,12832.762,65887.371,0.821,3572.269,36644.815,0.02,0.0
241.771,2026-06-26T00:40:31.982206,12832.762,65887.371,0.804,3572.27,36644.815,0.02,0.0
241.822,2026-06-26T00:40:32.033207,13137.449,67423.371,0.793,3572.271,36644.815,0.02,0.0
241.873,2026-06-26T00:40:32.084210,13655.719,67423.371,0.784,3572.272,36644.815,0.02,0.0
241.924,2026-06-26T00:40:32.135224,14184.699,67423.371,0.779,3572.273,36644.815,0.02,0.0
241.975,2026-06-26T00:40:32.186227,14395.855,68963.371,0.821,3572.274,36644.815,0.02,0.0
242.026,2026-06-26T00:40:32.237238,14440.152,68963.371,0.85,3572.275,36644.815,0.02,0.0
242.077,2026-06-26T00:40:32.288218,14483.812,68963.371,0.779,3572.276,36644.815,0.02,0.0
242.128,2026-06-26T00:40:32.339224,14526.898,68963.371,0.821,3572.277,36644.815,0.02,0.0
242.179,2026-06-26T00:40:32.390243,14570.07,68963.371,0.804,3572.278,36644.815,0.02,0.0
242.23,2026-06-26T00:40:32.441250,14614.609,68963.371,0.747,3572.279,36644.815,0.02,0.0
242.281,2026-06-26T00:40:32.492253,14660.105,68963.371,0.799,3572.28,36644.815,0.02,0.0
242.332,2026-06-26T00:40:32.543260,14705.516,68963.371,0.789,3572.281,36644.815,0.02,0.0
242.383,2026-06-26T00:40:32.594283,14751.043,68963.371,0.782,3572.282,36644.815,0.02,0.0
242.434,2026-06-26T00:40:32.645289,14796.586,68963.371,0.777,3572.283,36644.815,0.02,0.0
242.485,2026-06-26T00:40:32.696291,14841.984,68963.371,0.774,3572.284,36644.815,0.02,0.0
242.536,2026-06-26T00:40:32.747290,14887.562,68963.371,0.771,3572.285,36644.815,0.02,0.0
242.587,2026-06-26T00:40:32.798291,14932.906,68963.371,0.816,3572.286,36644.815,0.02,0.0
242.638,2026-06-26T00:40:32.849352,14978.418,68963.371,0.8,3572.287,36644.815,0.02,0.0
242.689,2026-06-26T00:40:32.900388,15024.012,68963.371,0.79,3572.288,36644.815,0.02,0.0
242.74,2026-06-26T00:40:32.951449,15069.484,68963.371,0.782,3572.289,36644.815,0.02,0.0
242.791,2026-06-26T00:40:33.002475,15114.984,68963.371,0.823,3572.29,36644.815,0.02,0.0
242.842,2026-06-26T00:40:33.053546,15160.684,68963.371,0.806,3572.291,36644.815,0.02,0.0
242.893,2026-06-26T00:40:33.104583,15204.898,68963.371,0.839,3572.292,36644.815,0.02,0.0
242.944,2026-06-26T00:40:33.155630,15243.645,68963.371,0.817,3572.293,36644.815,0.02,0.0
242.995,2026-06-26T00:40:33.206661,15282.355,68963.371,0.756,3572.295,36644.815,0.02,0.0
243.047,2026-06-26T00:40:33.257711,15321.129,68963.371,0.805,3572.296,36644.815,0.02,0.0
243.098,2026-06-26T00:40:33.308749,15359.816,68963.371,0.839,3572.297,36644.815,0.02,0.0
243.149,2026-06-26T00:40:33.359799,15398.395,68963.371,0.817,3572.298,36644.815,0.02,0.0
243.2,2026-06-26T00:40:33.410825,15436.883,68963.371,0.801,3572.299,36644.815,0.02,0.0
243.251,2026-06-26T00:40:33.461870,15475.355,68963.371,0.745,3572.3,36644.815,0.02,0.0
243.302,2026-06-26T00:40:33.512906,15513.855,68963.371,0.797,3572.301,36644.815,0.02,0.0
243.353,2026-06-26T00:40:33.563970,15552.355,68963.371,0.787,3572.302,36644.815,0.02,0.0
243.404,2026-06-26T00:40:33.614986,15590.836,68963.371,0.781,3572.303,36644.815,0.02,0.0
243.455,2026-06-26T00:40:33.666035,15629.355,68963.371,0.776,3572.304,36644.815,0.02,0.0
243.506,2026-06-26T00:40:33.717056,15667.855,68963.371,0.773,3572.305,36644.815,0.02,0.0
243.557,2026-06-26T00:40:33.768113,15706.047,68963.371,0.817,3572.306,36644.815,0.02,0.0
243.608,2026-06-26T00:40:33.819195,15744.438,68963.371,0.755,3572.307,36644.815,0.02,0.0
243.659,2026-06-26T00:40:33.870213,15782.855,68963.371,0.804,3572.308,36644.815,0.02,0.0
243.71,2026-06-26T00:40:33.921213,15821.18,68963.371,0.793,3572.309,36644.815,0.02,0.0
243.761,2026-06-26T00:40:33.972221,15859.5,68963.371,0.785,3572.31,36644.815,0.02,0.0
243.812,2026-06-26T00:40:34.023242,15898.129,68963.371,0.779,3572.311,36644.815,0.02,0.0
243.863,2026-06-26T00:40:34.074245,14456.855,68963.371,0.775,3572.312,36644.815,0.02,0.0
243.914,2026-06-26T00:40:34.125250,14385.754,68027.371,0.772,3572.313,36644.815,0.02,0.0
243.965,2026-06-26T00:40:34.176254,14403.91,68027.371,0.862,3572.314,36644.815,0.02,0.0
244.016,2026-06-26T00:40:34.227276,14422.09,68027.371,0.787,3572.315,36644.815,0.02,0.0
244.067,2026-06-26T00:40:34.278266,14440.227,68027.371,0.827,3572.316,36644.815,0.02,0.0
244.118,2026-06-26T00:40:34.329272,14458.434,68027.371,0.763,3572.317,36644.815,0.02,0.0
244.169,2026-06-26T00:40:34.380271,14476.59,68027.371,0.855,3572.318,36644.815,0.02,0.0
244.22,2026-06-26T00:40:34.431274,14494.676,68027.371,0.828,3572.319,36644.815,0.02,0.0
244.271,2026-06-26T00:40:34.482194,14512.727,68027.371,0.811,3572.32,36644.815,0.02,0.0
244.322,2026-06-26T00:40:34.532777,14530.699,68027.371,0.799,3572.321,36644.815,0.02,0.0
244.372,2026-06-26T00:40:34.583450,14548.762,68027.371,0.79,3572.322,36644.815,0.02,0.0
244.423,2026-06-26T00:40:34.634429,14566.875,68027.371,0.829,3572.323,36644.815,0.02,0.0
244.474,2026-06-26T00:40:34.685430,14585.055,68027.371,0.764,3572.324,36644.815,0.02,0.0
244.525,2026-06-26T00:40:34.736440,14603.16,68027.371,0.81,3572.325,36644.815,0.02,0.0
244.576,2026-06-26T00:40:34.787448,14621.336,68027.371,0.797,3572.326,36644.815,0.02,0.0
244.627,2026-06-26T00:40:34.838430,14639.5,68027.371,0.788,3572.328,36644.815,0.02,0.0
244.678,2026-06-26T00:40:34.889433,14657.594,68027.371,0.781,3572.329,36644.815,0.02,0.0
244.729,2026-06-26T00:40:34.940419,14675.785,68027.371,0.777,3572.33,36644.815,0.02,0.0
244.78,2026-06-26T00:40:34.991435,14693.922,68027.371,0.773,3572.331,36644.815,0.02,0.0
244.831,2026-06-26T00:40:35.042414,14712.055,68027.371,0.771,3572.332,36644.815,0.02,0.0
244.882,2026-06-26T00:40:35.093416,14730.09,68027.371,0.77,3572.333,36644.815,0.02,0.0
244.933,2026-06-26T00:40:35.144384,14748.121,68027.371,0.815,3572.334,36644.815,0.02,0.0
244.984,2026-06-26T00:40:35.195416,14766.258,68027.371,0.754,3572.335,36644.815,0.02,0.0
245.035,2026-06-26T00:40:35.246394,14784.406,68027.371,0.758,3572.336,36644.815,0.02,0.0
245.086,2026-06-26T00:40:35.297391,14802.488,68027.371,0.806,3572.337,36644.815,0.02,0.0
245.137,2026-06-26T00:40:35.348364,14820.578,68027.371,0.794,3572.338,36644.815,0.02,0.0
245.188,2026-06-26T00:40:35.399373,14838.637,68027.371,0.786,3572.339,36644.815,0.02,0.0
245.239,2026-06-26T00:40:35.450372,14856.785,68027.371,0.872,3572.34,36644.815,0.02,0.0
245.29,2026-06-26T00:40:35.501370,14875.09,68027.371,0.84,3572.341,36644.815,0.02,0.0
245.341,2026-06-26T00:40:35.552312,14893.09,68027.371,0.818,3572.342,36644.815,0.02,0.0
245.392,2026-06-26T00:40:35.603257,14911.168,68027.371,0.803,3572.343,36644.815,0.02,0.0
245.443,2026-06-26T00:40:35.654231,14929.246,68027.371,0.838,3572.344,36644.815,0.02,0.0
245.562,2026-06-26T00:40:35.773583,14857.094,68027.371,0.941,3572.69,36644.815,2.913,0.0
245.613,2026-06-26T00:40:35.824023,14033.094,68027.371,0.89,3572.691,36644.815,0.02,0.0
245.663,2026-06-26T00:40:35.874679,13593.094,68027.371,0.854,3572.692,36644.815,0.02,0.0
245.714,2026-06-26T00:40:35.925330,13433.094,66491.371,0.829,3572.693,36644.815,0.02,0.0
245.765,2026-06-26T00:40:35.976112,13433.094,66491.371,0.811,3572.695,36644.815,0.02,0.0
245.816,2026-06-26T00:40:36.027009,13433.094,66491.371,0.798,3572.696,36644.815,0.02,0.0
245.867,2026-06-26T00:40:36.077999,13433.094,66491.371,0.788,3572.697,36644.815,0.02,0.0
245.918,2026-06-26T00:40:36.128993,13433.094,66491.371,0.781,3572.698,36644.815,0.02,0.0
245.969,2026-06-26T00:40:36.179976,13433.094,66491.371,0.823,3572.699,36644.815,0.02,0.0
246.02,2026-06-26T00:40:36.230975,13433.094,66491.371,0.806,3572.7,36644.815,0.02,0.0
246.071,2026-06-26T00:40:36.281953,13433.098,66491.371,0.794,3572.701,36644.815,0.02,0.0
246.122,2026-06-26T00:40:36.332964,13433.098,66491.371,0.786,3572.702,36644.815,0.02,0.0
246.173,2026-06-26T00:40:36.383941,13433.098,66491.371,0.78,3572.703,36644.815,0.02,0.0
246.224,2026-06-26T00:40:36.434950,13433.098,66491.371,0.776,3572.704,36644.815,0.02,0.0
246.275,2026-06-26T00:40:36.485921,13433.098,66491.371,0.819,3572.705,36644.815,0.02,0.0
246.326,2026-06-26T00:40:36.536949,13433.098,66491.371,0.803,3572.706,36644.815,0.02,0.0
246.377,2026-06-26T00:40:36.587929,13433.098,66491.371,0.792,3572.707,36644.815,0.02,0.0
246.428,2026-06-26T00:40:36.638925,13433.098,66491.371,0.784,3572.708,36644.815,0.02,0.0
246.479,2026-06-26T00:40:36.689895,13433.098,66491.371,0.825,3572.709,37244.815,0.02,11758.962
246.53,2026-06-26T00:40:36.740914,13433.098,66491.371,0.807,3572.71,37244.815,0.02,0.0
246.581,2026-06-26T00:40:36.791906,13433.098,66491.371,0.795,3572.711,37244.815,0.02,0.0
246.632,2026-06-26T00:40:36.842907,13235.098,66491.371,0.786,3572.712,37244.815,0.02,0.0
246.683,2026-06-26T00:40:36.893889,12833.098,65891.371,0.78,3572.713,37244.815,0.02,0.0
246.734,2026-06-26T00:40:36.944877,12833.098,65891.371,0.776,3572.714,37244.815,0.02,0.0
246.785,2026-06-26T00:40:36.995875,12833.098,65891.371,0.773,3572.715,37244.815,0.02,0.0
246.836,2026-06-26T00:40:37.046876,12842.246,67427.371,0.817,3572.716,37244.815,0.02,0.0
246.887,2026-06-26T00:40:37.097863,13393.836,67427.371,0.801,3572.717,37244.815,0.02,0.0
246.938,2026-06-26T00:40:37.148861,13940.973,67427.371,0.837,3572.718,37244.815,0.02,0.0
246.989,2026-06-26T00:40:37.199836,14371.691,68967.371,0.77,3572.719,37244.815,0.02,0.0
247.04,2026-06-26T00:40:37.250847,14395.18,68967.371,0.815,3572.72,37244.815,0.02,0.0
247.091,2026-06-26T00:40:37.301828,14440.031,68967.371,0.754,3572.721,37244.815,0.02,0.0
247.142,2026-06-26T00:40:37.352833,14485.801,68967.371,0.804,3572.722,37244.815,0.02,0.0
247.193,2026-06-26T00:40:37.403816,14531.332,68967.371,0.792,3572.723,37244.815,0.02,0.0
247.244,2026-06-26T00:40:37.454818,14577.0,68967.371,0.784,3572.724,37244.815,0.02,0.0
247.295,2026-06-26T00:40:37.505807,14620.082,68967.371,0.779,3572.725,37244.815,0.02,0.0
247.346,2026-06-26T00:40:37.556796,14659.0,68967.371,0.821,3572.726,37244.815,0.02,0.0
247.397,2026-06-26T00:40:37.607771,14684.691,68967.371,0.805,3572.728,37244.815,0.02,0.0
247.448,2026-06-26T00:40:37.658772,14707.824,68967.371,0.839,3572.729,37244.815,0.02,0.0
247.499,2026-06-26T00:40:37.709765,14734.965,68967.371,0.771,3572.73,37244.815,0.02,0.0
247.55,2026-06-26T00:40:37.760790,14765.965,68967.371,0.77,3572.731,37244.815,0.02,0.0
247.601,2026-06-26T00:40:37.811762,14797.191,68967.371,0.814,3572.732,37244.815,0.02,0.0
247.652,2026-06-26T00:40:37.862762,14828.305,68967.371,0.8,3572.733,37244.815,0.02,0.0
247.703,2026-06-26T00:40:37.913743,14861.723,68967.371,0.744,3572.734,37244.815,0.02,0.0
247.754,2026-06-26T00:40:37.964763,14899.684,68967.371,0.796,3572.735,37244.815,0.02,0.0
247.805,2026-06-26T00:40:38.015741,14938.191,68967.371,0.787,3572.736,37244.815,0.02,0.0
247.856,2026-06-26T00:40:38.066737,14977.191,68967.371,0.827,3572.737,37244.815,0.02,0.0
247.907,2026-06-26T00:40:38.117720,15016.191,68967.371,0.763,3572.738,37244.815,0.02,0.0
247.958,2026-06-26T00:40:38.168726,15055.152,68967.371,0.81,3572.739,37244.815,0.02,0.0
248.009,2026-06-26T00:40:38.219717,15093.988,68967.371,0.842,3572.74,37244.815,0.02,0.0
248.06,2026-06-26T00:40:38.270718,15133.059,68967.371,0.82,3572.741,37244.815,0.02,0.0
248.11,2026-06-26T00:40:38.321692,15172.039,68967.371,0.803,3572.742,37244.815,0.02,0.0
248.161,2026-06-26T00:40:38.372693,15211.047,68967.371,0.792,3572.743,37244.815,0.02,0.0
248.212,2026-06-26T00:40:38.423683,15250.004,68967.371,0.784,3572.744,37244.815,0.02,0.0
248.263,2026-06-26T00:40:38.474690,15288.914,68967.371,0.779,3572.745,37244.815,0.02,0.0
248.314,2026-06-26T00:40:38.525671,15327.727,68967.371,0.775,3572.746,37244.815,0.02,0.0
248.365,2026-06-26T00:40:38.576665,15366.691,68967.371,0.772,3572.747,37244.815,0.02,0.0
248.416,2026-06-26T00:40:38.627657,15405.574,68967.371,0.77,3572.748,37244.815,0.02,0.0
248.468,2026-06-26T00:40:38.678716,15444.191,68967.371,0.815,3572.749,37244.815,0.02,0.0
248.519,2026-06-26T00:40:38.729742,15482.84,68967.371,0.754,3572.75,37244.815,0.02,0.0
248.57,2026-06-26T00:40:38.780802,15521.461,68967.371,0.804,3572.751,37244.815,0.02,0.0
248.621,2026-06-26T00:40:38.831822,15560.191,68967.371,0.838,3572.752,37244.815,0.02,0.0
248.672,2026-06-26T00:40:38.882878,15598.699,68967.371,0.77,3572.753,37244.815,0.02,0.0
248.723,2026-06-26T00:40:38.933929,15637.461,68967.371,0.815,3572.754,37244.815,0.02,0.0
248.774,2026-06-26T00:40:38.984983,15676.172,68967.371,0.8,3572.755,37244.815,0.02,0.0
248.825,2026-06-26T00:40:39.036022,15714.891,68967.371,0.79,3572.756,37244.815,0.02,0.0
248.876,2026-06-26T00:40:39.087074,15753.645,68967.371,0.782,3572.757,37244.815,0.02,0.0
248.927,2026-06-26T00:40:39.138126,15792.168,68967.371,0.823,3572.758,37244.815,0.02,0.0
248.978,2026-06-26T00:40:39.189183,15830.691,68967.371,0.852,3572.759,37244.815,0.02,0.0
249.029,2026-06-26T00:40:39.240238,15868.957,68967.371,0.78,3572.761,37244.815,0.02,0.0
249.08,2026-06-26T00:40:39.291232,15791.543,68967.371,0.822,3572.762,37244.815,0.02,0.0
249.131,2026-06-26T00:40:39.342243,14372.156,68031.371,0.759,3572.763,37244.815,0.02,0.0
249.182,2026-06-26T00:40:39.393273,14390.395,68031.371,0.807,3572.764,37244.815,0.02,0.0
249.233,2026-06-26T00:40:39.444289,14408.578,68031.371,0.795,3572.765,37244.815,0.02,0.0
249.284,2026-06-26T00:40:39.495260,14426.652,68031.371,0.787,3572.766,37244.815,0.02,0.0
249.335,2026-06-26T00:40:39.545962,14444.816,68031.371,0.781,3572.767,37244.815,0.02,0.0
249.386,2026-06-26T00:40:39.596978,14462.98,68031.371,0.776,3572.768,37244.815,0.02,0.0
249.437,2026-06-26T00:40:39.647965,14481.121,68031.371,0.819,3572.769,37244.815,0.02,0.0
249.488,2026-06-26T00:40:39.698976,14499.309,68031.371,0.757,3572.77,37244.815,0.02,0.0
249.539,2026-06-26T00:40:39.749981,14517.422,68031.371,0.76,3572.771,37244.815,0.02,0.0
249.59,2026-06-26T00:40:39.800980,14535.52,68031.371,0.762,3572.772,37244.815,0.02,0.0
249.641,2026-06-26T00:40:39.851968,14553.703,68031.371,0.809,3572.773,37244.815,0.02,0.0
249.692,2026-06-26T00:40:39.902965,14571.926,68031.371,0.796,3572.774,37244.815,0.02,0.0
249.743,2026-06-26T00:40:39.953943,14590.031,68031.371,0.787,3572.775,37244.815,0.02,0.0
249.794,2026-06-26T00:40:40.004936,14608.195,68031.371,0.827,3572.776,37244.815,0.02,0.0
249.845,2026-06-26T00:40:40.055927,14626.367,68031.371,0.855,3572.777,37244.815,0.02,0.0
249.896,2026-06-26T00:40:40.106934,14644.504,68031.371,0.782,3572.778,37244.815,0.02,0.0
249.947,2026-06-26T00:40:40.157907,14662.59,68031.371,0.777,3572.779,37244.815,0.02,0.0
249.998,2026-06-26T00:40:40.208913,14680.781,68031.371,0.82,3572.78,37244.815,0.02,0.0
250.049,2026-06-26T00:40:40.259884,14698.918,68031.371,0.85,3572.781,37244.815,0.02,0.0
250.1,2026-06-26T00:40:40.310897,14717.082,68031.371,0.779,3572.782,37244.815,0.02,0.0
250.151,2026-06-26T00:40:40.361889,14735.246,68031.371,0.821,3572.783,37244.815,0.02,0.0
250.202,2026-06-26T00:40:40.412879,14753.391,68031.371,0.804,3572.784,37244.815,0.02,0.0
250.253,2026-06-26T00:40:40.463850,14771.426,68031.371,0.793,3572.785,37244.815,0.02,0.0
250.304,2026-06-26T00:40:40.514778,14789.426,68031.371,0.786,3572.786,37244.815,0.02,0.0
250.354,2026-06-26T00:40:40.565374,14807.426,68031.371,0.782,3572.787,37244.815,0.02,0.0
250.405,2026-06-26T00:40:40.616208,14825.512,68031.371,0.777,3572.788,37244.815,0.02,0.0
250.456,2026-06-26T00:40:40.667190,14843.645,68031.371,0.82,3572.789,37244.815,0.02,0.0
250.575,2026-06-26T00:40:40.786176,14885.824,68031.371,0.929,3573.136,37244.815,2.923,0.0
250.625,2026-06-26T00:40:40.836610,14903.777,68031.371,0.882,3573.137,37244.815,0.02,0.0
250.676,2026-06-26T00:40:40.887229,14921.77,68031.371,0.849,3573.138,37244.815,0.02,0.0
250.727,2026-06-26T00:40:40.937922,14939.824,68031.371,0.825,3573.139,37244.815,0.02,0.0
250.778,2026-06-26T00:40:40.988759,14957.895,68031.371,0.854,3573.14,37244.815,0.02,0.0
250.828,2026-06-26T00:40:41.039575,14635.426,68031.371,0.828,3573.141,37244.815,0.02,0.0
250.879,2026-06-26T00:40:41.090574,14183.426,68031.371,0.809,3573.142,37244.815,0.02,0.0
250.93,2026-06-26T00:40:41.141539,13733.426,68031.371,0.796,3573.143,37244.815,0.02,0.0
250.981,2026-06-26T00:40:41.192561,13433.426,66495.371,0.787,3573.144,37244.815,0.02,0.0
251.032,2026-06-26T00:40:41.243598,13433.426,66495.371,0.826,3573.145,37244.815,0.02,0.0
251.083,2026-06-26T00:40:41.294652,13433.426,66495.371,0.808,3573.146,37244.815,0.02,0.0
251.134,2026-06-26T00:40:41.345680,13433.426,66495.371,0.795,3573.147,37244.815,0.02,0.0
251.186,2026-06-26T00:40:41.396741,13433.426,66495.371,0.786,3573.148,37244.815,0.02,0.0
251.237,2026-06-26T00:40:41.447792,13433.426,66495.371,0.78,3573.149,37244.815,0.02,0.0
251.288,2026-06-26T00:40:41.498840,13433.426,66495.371,0.776,3573.15,37244.815,0.02,0.0
251.339,2026-06-26T00:40:41.549870,13433.43,66495.371,0.773,3573.151,37244.815,0.02,0.0
251.39,2026-06-26T00:40:41.600924,13433.43,66495.371,0.77,3573.153,37244.815,0.02,0.0
251.441,2026-06-26T00:40:41.651981,13433.43,66495.371,0.769,3573.154,37244.815,0.02,0.0
251.492,2026-06-26T00:40:41.703038,13433.43,66495.371,0.813,3573.155,37244.815,0.02,0.0
251.543,2026-06-26T00:40:41.754095,13433.43,66495.371,0.799,3573.156,37244.815,0.02,0.0
251.594,2026-06-26T00:40:41.805171,13433.43,66495.371,0.789,3573.157,37244.815,0.02,0.0
251.645,2026-06-26T00:40:41.856228,13433.43,66495.371,0.828,3573.158,37244.815,0.02,0.0
251.696,2026-06-26T00:40:41.907252,13433.43,66495.371,0.809,3573.159,37244.815,0.02,0.0
251.747,2026-06-26T00:40:41.958263,13433.43,66495.371,0.796,3573.16,37244.815,0.02,0.0
251.798,2026-06-26T00:40:42.009271,13433.43,66495.371,0.787,3573.161,37844.815,0.02,11761.819
251.849,2026-06-26T00:40:42.060277,13433.43,66495.371,0.781,3573.162,37844.815,0.02,0.0
251.9,2026-06-26T00:40:42.111295,13433.43,66495.371,0.776,3573.163,37844.815,0.02,0.0
251.951,2026-06-26T00:40:42.162362,13433.43,66495.371,0.773,3573.164,37844.815,0.02,0.0
252.002,2026-06-26T00:40:42.213406,13089.43,66495.371,0.817,3573.165,37844.815,0.02,0.0
252.053,2026-06-26T00:40:42.264459,12833.43,65895.371,0.801,3573.166,37844.815,0.02,0.0
252.104,2026-06-26T00:40:42.315494,12833.43,65895.371,0.79,3573.167,37844.815,0.02,0.0
252.155,2026-06-26T00:40:42.366569,12833.43,65895.371,0.783,3573.168,37844.815,0.02,0.0
252.206,2026-06-26T00:40:42.417605,13006.305,67431.371,0.777,3573.169,37844.815,0.02,0.0
252.257,2026-06-26T00:40:42.468673,13561.062,67431.371,0.82,3573.17,37844.815,0.02,0.0
252.309,2026-06-26T00:40:42.519703,14107.672,67431.371,0.757,3573.171,37844.815,0.02,0.0
252.36,2026-06-26T00:40:42.570755,14378.023,68971.371,0.76,3573.172,37844.815,0.02,0.0
252.411,2026-06-26T00:40:42.621800,14405.023,68971.371,0.807,3573.173,37844.815,0.02,0.0
252.462,2026-06-26T00:40:42.672832,14442.996,68971.371,0.795,3573.174,37844.815,0.02,0.0
252.513,2026-06-26T00:40:42.723870,14481.023,68971.371,0.785,3573.175,37844.815,0.02,0.0
252.564,2026-06-26T00:40:42.775028,14519.02,68971.371,0.779,3573.176,37844.815,0.02,0.0
252.615,2026-06-26T00:40:42.826062,14556.949,68971.371,0.775,3573.177,37844.815,0.02,0.0
252.666,2026-06-26T00:40:42.877131,14594.789,68971.371,0.772,3573.178,37844.815,0.02,0.0
252.717,2026-06-26T00:40:42.928208,14632.723,68971.371,0.816,3573.179,37844.815,0.02,0.0
252.768,2026-06-26T00:40:42.979215,14670.625,68971.371,0.801,3573.18,37844.815,0.02,0.0
252.819,2026-06-26T00:40:43.030233,14708.523,68971.371,0.79,3573.181,37844.815,0.02,0.0
252.87,2026-06-26T00:40:43.081260,14746.508,68971.371,0.829,3573.182,37844.815,0.02,0.0
252.921,2026-06-26T00:40:43.132262,14784.488,68971.371,0.81,3573.183,37844.815,0.02,0.0
252.972,2026-06-26T00:40:43.183264,14822.129,68971.371,0.797,3573.184,37844.815,0.02,0.0
253.023,2026-06-26T00:40:43.234269,14859.941,68971.371,0.833,3573.186,37844.815,0.02,0.0
253.074,2026-06-26T00:40:43.285262,14897.648,68971.371,0.813,3573.187,37844.815,0.02,0.0
253.125,2026-06-26T00:40:43.336288,14935.48,68971.371,0.799,3573.188,37844.815,0.02,0.0
253.176,2026-06-26T00:40:43.387348,14973.168,68971.371,0.789,3573.189,37844.815,0.02,0.0
253.227,2026-06-26T00:40:43.438392,15012.277,68971.371,0.827,3573.19,37844.815,0.02,0.0
253.278,2026-06-26T00:40:43.489448,15052.113,68971.371,0.763,3573.191,37844.815,0.02,0.0
253.329,2026-06-26T00:40:43.540506,15091.941,68971.371,0.763,3573.192,37844.815,0.02,0.0
253.38,2026-06-26T00:40:43.591575,15131.84,68971.371,0.809,3573.193,37844.815,0.02,0.0
253.431,2026-06-26T00:40:43.642629,15171.664,68971.371,0.796,3573.194,37844.815,0.02,0.0
253.482,2026-06-26T00:40:43.693687,15211.523,68971.371,0.787,3573.195,37844.815,0.02,0.0
253.534,2026-06-26T00:40:43.744719,15251.438,68971.371,0.78,3573.196,37844.815,0.02,0.0
253.585,2026-06-26T00:40:43.795803,15291.414,68971.371,0.776,3573.197,37844.815,0.02,0.0
253.636,2026-06-26T00:40:43.846834,15331.316,68971.371,0.818,3573.198,37844.815,0.02,0.0
253.687,2026-06-26T00:40:43.897892,15371.172,68971.371,0.757,3573.199,37844.815,0.02,0.0
253.738,2026-06-26T00:40:43.948927,15410.914,68971.371,0.805,3573.2,37844.815,0.02,0.0
253.789,2026-06-26T00:40:43.999991,15450.523,68971.371,0.839,3573.201,37844.815,0.02,0.0
253.84,2026-06-26T00:40:44.051030,15490.066,68971.371,0.817,3573.202,37844.815,0.02,0.0
253.891,2026-06-26T00:40:44.102085,15529.289,68971.371,0.801,3573.203,37844.815,0.02,0.0
253.942,2026-06-26T00:40:44.153113,15568.953,68971.371,0.791,3573.204,37844.815,0.02,0.0
253.993,2026-06-26T00:40:44.204189,15608.496,68971.371,0.783,3573.205,37844.815,0.02,0.0
254.044,2026-06-26T00:40:44.255214,15647.98,68971.371,0.778,3573.206,37844.815,0.02,0.0
254.095,2026-06-26T00:40:44.306213,15687.523,68971.371,0.774,3573.207,37844.815,0.02,0.0
254.146,2026-06-26T00:40:44.357220,15727.023,68971.371,0.863,3573.208,37844.815,0.02,0.0
254.197,2026-06-26T00:40:44.408224,15766.473,68971.371,0.834,3573.209,37844.815,0.02,0.0
254.248,2026-06-26T00:40:44.459242,15805.918,68971.371,0.814,3573.21,37844.815,0.02,0.0
254.299,2026-06-26T00:40:44.510278,15845.188,68971.371,0.799,3573.211,37844.815,0.02,0.0
254.35,2026-06-26T00:40:44.561292,15884.086,68971.371,0.789,3573.212,37844.815,0.02,0.0
254.401,2026-06-26T00:40:44.612296,15109.523,68971.371,0.782,3573.213,37844.815,0.02,0.0
254.452,2026-06-26T00:40:44.663334,14379.449,68035.371,0.777,3573.214,37844.815,0.02,0.0
254.503,2026-06-26T00:40:44.714412,14398.051,68035.371,0.773,3573.215,37844.815,0.02,0.0
254.554,2026-06-26T00:40:44.765461,14416.621,68035.371,0.771,3573.216,37844.815,0.02,0.0
254.605,2026-06-26T00:40:44.816528,14435.176,68035.371,0.769,3573.218,37844.815,0.02,0.0
254.656,2026-06-26T00:40:44.867559,14453.715,68035.371,0.768,3573.219,37844.815,0.02,0.0
254.707,2026-06-26T00:40:44.918615,14472.309,68035.371,0.813,3573.22,37844.815,0.02,0.0
254.758,2026-06-26T00:40:44.969670,14490.656,68035.371,0.799,3573.221,37844.815,0.02,0.0
254.81,2026-06-26T00:40:45.020733,14509.121,68035.371,0.835,3573.222,37844.815,0.02,0.0
254.861,2026-06-26T00:40:45.071778,14527.605,68035.371,0.814,3573.223,37844.815,0.02,0.0
254.912,2026-06-26T00:40:45.122817,14546.117,68035.371,0.799,3573.224,37844.815,0.02,0.0
254.963,2026-06-26T00:40:45.173843,14564.621,68035.371,0.789,3573.225,37844.815,0.02,0.0
255.014,2026-06-26T00:40:45.224912,14583.27,68035.371,0.782,3573.226,37844.815,0.02,0.0
255.065,2026-06-26T00:40:45.275940,14601.828,68035.371,0.777,3573.227,37844.815,0.02,0.0
255.116,2026-06-26T00:40:45.326991,14620.441,68035.371,0.773,3573.228,37844.815,0.02,0.0
255.167,2026-06-26T00:40:45.378013,14639.004,68035.371,0.771,3573.229,37844.815,0.02,0.0
255.218,2026-06-26T00:40:45.429094,14657.539,68035.371,0.769,3573.23,37844.815,0.02,0.0
255.269,2026-06-26T00:40:45.480133,14676.098,68035.371,0.768,3573.231,37844.815,0.02,0.0
255.32,2026-06-26T00:40:45.531207,14694.598,68035.371,0.813,3573.232,37844.815,0.02,0.0
255.371,2026-06-26T00:40:45.582211,14713.129,68035.371,0.753,3573.233,37844.815,0.02,0.0
255.422,2026-06-26T00:40:45.633229,14731.695,68035.371,0.802,3573.234,37844.815,0.02,0.0
255.473,2026-06-26T00:40:45.684260,14750.258,68035.371,0.837,3573.235,37844.815,0.02,0.0
255.593,2026-06-26T00:40:45.804331,14793.891,68035.371,0.958,3573.582,37844.815,2.898,0.0
255.644,2026-06-26T00:40:45.854767,14812.227,68035.371,0.902,3573.583,37844.815,0.02,0.0
255.694,2026-06-26T00:40:45.905422,14830.719,68035.371,0.863,3573.584,37844.815,0.02,0.0
255.745,2026-06-26T00:40:45.956096,14849.141,68035.371,0.835,3573.585,37844.815,0.02,0.0
255.796,2026-06-26T00:40:46.006911,14867.449,68035.371,0.861,3573.586,37844.815,0.02,0.0
255.847,2026-06-26T00:40:46.057742,14885.945,68035.371,0.832,3573.587,37844.815,0.02,0.0
255.898,2026-06-26T00:40:46.108804,14904.523,68035.371,0.812,3573.588,37844.815,0.02,0.0
255.949,2026-06-26T00:40:46.159839,14923.113,68035.371,0.798,3573.589,37844.815,0.02,0.0
256.0,2026-06-26T00:40:46.210898,14941.621,68035.371,0.788,3573.59,37844.815,0.02,0.0
256.051,2026-06-26T00:40:46.261923,14960.211,68035.371,0.781,3573.591,37844.815,0.02,0.0
256.102,2026-06-26T00:40:46.312984,14745.621,68035.371,0.823,3573.592,37844.815,0.02,0.0
256.153,2026-06-26T00:40:46.364010,14281.621,68035.371,0.805,3573.593,37844.815,0.02,0.0
256.204,2026-06-26T00:40:46.415060,13685.621,68035.371,0.793,3573.594,37844.815,0.02,0.0
256.255,2026-06-26T00:40:46.466086,13433.621,66499.371,0.785,3573.595,37844.815,0.02,0.0
256.306,2026-06-26T00:40:46.517177,13433.621,66499.371,0.779,3573.596,37844.815,0.02,0.0
256.357,2026-06-26T00:40:46.568239,13433.621,66499.371,0.775,3573.597,37844.815,0.02,0.0
256.408,2026-06-26T00:40:46.619238,13433.621,66499.371,0.772,3573.598,37844.815,0.02,0.0
256.459,2026-06-26T00:40:46.670224,13433.621,66499.371,0.77,3573.599,37844.815,0.02,0.0
256.51,2026-06-26T00:40:46.721238,13433.621,66499.371,0.769,3573.6,37844.815,0.02,0.0
256.561,2026-06-26T00:40:46.772267,13433.621,66499.371,0.814,3573.601,37844.815,0.02,0.0
256.612,2026-06-26T00:40:46.823276,13433.625,66499.371,0.799,3573.602,37844.815,0.02,0.0
256.663,2026-06-26T00:40:46.874283,13433.625,66499.371,0.789,3573.603,37844.815,0.02,0.0
256.714,2026-06-26T00:40:46.925292,13433.625,66499.371,0.828,3573.604,37844.815,0.02,0.0
256.765,2026-06-26T00:40:46.976307,13433.625,66499.371,0.81,3573.605,37844.815,0.02,0.0
256.816,2026-06-26T00:40:47.027381,13433.625,66499.371,0.796,3573.606,37844.815,0.02,0.0
256.867,2026-06-26T00:40:47.078414,13433.625,66499.371,0.787,3573.607,37844.815,0.02,0.0
256.918,2026-06-26T00:40:47.129467,13433.625,66499.371,0.78,3573.608,37844.815,0.02,0.0
256.969,2026-06-26T00:40:47.180486,13433.625,66499.371,0.822,3573.61,37844.815,0.02,0.0
257.02,2026-06-26T00:40:47.231554,13433.625,66499.371,0.805,3573.611,37844.815,0.02,0.0
257.071,2026-06-26T00:40:47.282592,13433.625,66499.371,0.701,3573.612,37844.815,0.02,0.0
257.122,2026-06-26T00:40:47.333659,13433.625,66499.371,0.72,3573.613,37844.815,0.02,0.0
257.173,2026-06-26T00:40:47.384692,13433.625,66499.371,0.688,3573.614,37844.815,0.02,0.0
257.225,2026-06-26T00:40:47.435749,13433.625,66499.371,0.711,3573.615,38444.815,0.02,11758.302
257.276,2026-06-26T00:40:47.486793,13433.625,66499.371,0.727,3573.616,38444.815,0.02,0.0
257.327,2026-06-26T00:40:47.537851,13433.625,66499.371,0.785,3573.617,38444.815,0.02,0.0
257.378,2026-06-26T00:40:47.588893,13433.625,66499.371,0.779,3573.618,38444.815,0.02,0.0
257.429,2026-06-26T00:40:47.639945,12971.625,66499.371,0.775,3573.619,38444.815,0.02,0.0
257.48,2026-06-26T00:40:47.690988,12833.625,65899.371,0.772,3573.62,38444.815,0.02,0.0
257.531,2026-06-26T00:40:47.742063,12833.625,65899.371,0.77,3573.621,38444.815,0.02,0.0
257.582,2026-06-26T00:40:47.793089,12833.625,65899.371,0.768,3573.622,38444.815,0.02,0.0
257.633,2026-06-26T00:40:47.844159,13355.5,67435.371,0.768,3573.623,38444.815,0.02,0.0
257.684,2026-06-26T00:40:47.895218,13911.375,67435.371,0.767,3573.624,38444.815,0.02,0.0
257.735,2026-06-26T00:40:47.946241,14371.051,68975.371,0.766,3573.625,38444.815,0.02,0.0
257.786,2026-06-26T00:40:47.997253,14391.945,68975.371,0.812,3573.626,38444.815,0.02,0.0
257.837,2026-06-26T00:40:48.048263,14429.719,68975.371,0.844,3573.627,38444.815,0.02,0.0
257.888,2026-06-26T00:40:48.099269,14468.855,68975.371,0.867,3573.628,38444.815,0.02,0.0
257.939,2026-06-26T00:40:48.150278,14509.285,68975.371,0.836,3573.629,38444.815,0.02,0.0
257.99,2026-06-26T00:40:48.201353,14550.277,68975.371,0.769,3573.63,38444.815,0.02,0.0
258.041,2026-06-26T00:40:48.252390,14591.469,68975.371,0.768,3573.631,38444.815,0.02,0.0
258.092,2026-06-26T00:40:48.303432,14632.504,68975.371,0.813,3573.632,38444.815,0.02,0.0
258.143,2026-06-26T00:40:48.354453,14673.438,68975.371,0.799,3573.633,38444.815,0.02,0.0
258.194,2026-06-26T00:40:48.405533,14714.461,68975.371,0.835,3573.634,38444.815,0.02,0.0
258.245,2026-06-26T00:40:48.456571,14755.047,68975.371,0.768,3573.635,38444.815,0.02,0.0
258.296,2026-06-26T00:40:48.507636,14796.156,68975.371,0.767,3573.636,38444.815,0.02,0.0
258.347,2026-06-26T00:40:48.558679,14837.043,68975.371,0.766,3573.637,38444.815,0.02,0.0
258.399,2026-06-26T00:40:48.609733,14878.0,68975.371,0.812,3573.638,38444.815,0.02,0.0
258.45,2026-06-26T00:40:48.660777,14919.059,68975.371,0.752,3573.639,38444.815,0.02,0.0
258.501,2026-06-26T00:40:48.711841,14960.039,68975.371,0.802,3573.64,38444.815,0.02,0.0
258.552,2026-06-26T00:40:48.762872,15001.199,68975.371,0.791,3573.642,38444.815,0.02,0.0
258.603,2026-06-26T00:40:48.813912,15042.137,68975.371,0.783,3573.643,38444.815,0.02,0.0
258.654,2026-06-26T00:40:48.864952,15083.121,68975.371,0.824,3573.644,38444.815,0.02,0.0
258.705,2026-06-26T00:40:48.916019,15124.219,68975.371,0.806,3573.645,38444.815,0.02,0.0
258.756,2026-06-26T00:40:48.967053,15164.707,68975.371,0.84,3573.646,38444.815,0.02,0.0
258.807,2026-06-26T00:40:49.018106,15205.719,68975.371,0.772,3573.647,38444.815,0.02,0.0
258.858,2026-06-26T00:40:49.069186,15248.133,68975.371,0.77,3573.648,38444.815,0.02,0.0
258.909,2026-06-26T00:40:49.120216,15290.496,68975.371,0.814,3573.649,38444.815,0.02,0.0
258.96,2026-06-26T00:40:49.171221,15332.887,68975.371,0.8,3573.65,38444.815,0.02,0.0
259.011,2026-06-26T00:40:49.222235,15375.219,68975.371,0.744,3573.651,38444.815,0.02,0.0
259.062,2026-06-26T00:40:49.273240,15417.473,68975.371,0.796,3573.652,38444.815,0.02,0.0
259.113,2026-06-26T00:40:49.324241,15459.387,68975.371,0.787,3573.653,38444.815,0.02,0.0
259.164,2026-06-26T00:40:49.375268,15501.719,68975.371,0.827,3573.654,38444.815,0.02,0.0
259.215,2026-06-26T00:40:49.426281,15544.809,68975.371,0.808,3573.655,38444.815,0.02,0.0
259.266,2026-06-26T00:40:49.477296,15587.719,68975.371,0.796,3573.656,38444.815,0.02,0.0
259.317,2026-06-26T00:40:49.528355,15630.719,68975.371,0.786,3573.657,38444.815,0.02,0.0
259.368,2026-06-26T00:40:49.579402,15673.719,68975.371,0.826,3573.658,38444.815,0.02,0.0
259.419,2026-06-26T00:40:49.630465,15716.719,68975.371,0.762,3573.659,38444.815,0.02,0.0
259.47,2026-06-26T00:40:49.681506,15759.773,68975.371,0.763,3573.66,38444.815,0.02,0.0
259.521,2026-06-26T00:40:49.732577,15802.922,68975.371,0.809,3573.661,38444.815,0.02,0.0
259.572,2026-06-26T00:40:49.783613,15846.027,68975.371,0.842,3573.662,38444.815,0.02,0.0
259.624,2026-06-26T00:40:49.834699,15889.219,68975.371,0.819,3573.663,38444.815,0.02,0.0
259.675,2026-06-26T00:40:49.885730,14863.719,68975.371,0.803,3573.664,38444.815,0.02,0.0
259.726,2026-06-26T00:40:49.936793,14383.137,68039.371,0.791,3573.665,38444.815,0.02,0.0
259.777,2026-06-26T00:40:49.987826,14401.984,68039.371,0.783,3573.666,38444.815,0.02,0.0
259.828,2026-06-26T00:40:50.038889,14421.086,68039.371,0.778,3573.667,38444.815,0.02,0.0
259.879,2026-06-26T00:40:50.089928,14440.168,68039.371,0.774,3573.668,38444.815,0.02,0.0
259.93,2026-06-26T00:40:50.140986,14459.281,68039.371,0.772,3573.669,38444.815,0.02,0.0
259.981,2026-06-26T00:40:50.192014,14478.449,68039.371,0.77,3573.67,38444.815,0.02,0.0
260.032,2026-06-26T00:40:50.243071,14497.492,68039.371,0.814,3573.671,38444.815,0.02,0.0
260.083,2026-06-26T00:40:50.294108,14516.562,68039.371,0.8,3573.672,38444.815,0.02,0.0
260.134,2026-06-26T00:40:50.345184,14535.715,68039.371,0.789,3573.673,38444.815,0.02,0.0
260.185,2026-06-26T00:40:50.396234,14554.816,68039.371,0.782,3573.675,38444.815,0.02,0.0
260.236,2026-06-26T00:40:50.447232,14573.953,68039.371,0.777,3573.676,38444.815,0.02,0.0
260.287,2026-06-26T00:40:50.498248,14592.855,68039.371,0.774,3573.677,38444.815,0.02,0.0
260.338,2026-06-26T00:40:50.549275,14611.582,68039.371,0.817,3573.678,38444.815,0.02,0.0
260.389,2026-06-26T00:40:50.600280,14630.695,68039.371,0.848,3573.679,38444.815,0.02,0.0
260.44,2026-06-26T00:40:50.651291,14649.777,68039.371,0.823,3573.68,38444.815,0.02,0.0
260.491,2026-06-26T00:40:50.702334,14668.938,68039.371,0.806,3573.681,38444.815,0.02,0.0
260.612,2026-06-26T00:40:50.822755,14713.918,68039.371,0.935,3574.027,38444.815,2.89,0.0
260.662,2026-06-26T00:40:50.873190,14732.941,68039.371,0.885,3574.028,38444.815,0.02,0.0
260.713,2026-06-26T00:40:50.924257,14751.996,68039.371,0.849,3574.029,38444.815,0.02,0.0
260.764,2026-06-26T00:40:50.975185,14770.637,68039.371,0.871,3574.03,38444.815,0.02,0.0
260.815,2026-06-26T00:40:51.025972,14789.68,68039.371,0.887,3574.031,38444.815,0.02,0.0
260.866,2026-06-26T00:40:51.076794,14808.723,68039.371,0.804,3574.032,38444.815,0.02,0.0
260.917,2026-06-26T00:40:51.127851,14827.863,68039.371,0.793,3574.033,38444.815,0.02,0.0
260.968,2026-06-26T00:40:51.178903,14846.953,68039.371,0.83,3574.035,38444.815,0.02,0.0
261.019,2026-06-26T00:40:51.229952,14866.047,68039.371,0.765,3574.036,38444.815,0.02,0.0
261.07,2026-06-26T00:40:51.280991,14885.188,68039.371,0.765,3574.037,38444.815,0.02,0.0
261.121,2026-06-26T00:40:51.332039,14904.328,68039.371,0.811,3574.038,38444.815,0.02,0.0
261.172,2026-06-26T00:40:51.383091,14923.469,68039.371,0.797,3574.039,38444.815,0.02,0.0
261.223,2026-06-26T00:40:51.434167,14942.609,68039.371,0.788,3574.04,38444.815,0.02,0.0
261.274,2026-06-26T00:40:51.485216,14961.758,68039.371,0.781,3574.041,38444.815,0.02,0.0
261.325,2026-06-26T00:40:51.536216,14661.953,68039.371,0.822,3574.042,38444.815,0.02,0.0
261.376,2026-06-26T00:40:51.587229,14055.953,68039.371,0.805,3574.043,38444.815,0.02,0.0
261.427,2026-06-26T00:40:51.638256,13433.953,66503.371,0.793,3574.044,38444.815,0.02,0.0
261.478,2026-06-26T00:40:51.689261,13433.953,66503.371,0.785,3574.045,38444.815,0.02,0.0
261.529,2026-06-26T00:40:51.740259,13433.953,66503.371,0.779,3574.046,38444.815,0.02,0.0
261.58,2026-06-26T00:40:51.791266,13433.953,66503.371,0.775,3574.047,38444.815,0.02,0.0
261.631,2026-06-26T00:40:51.842291,13433.953,66503.371,0.772,3574.048,38444.815,0.02,0.0
261.682,2026-06-26T00:40:51.893362,13433.953,66503.371,0.77,3574.049,38444.815,0.02,0.0
261.733,2026-06-26T00:40:51.944397,13433.953,66503.371,0.815,3574.05,38444.815,0.02,0.0
261.784,2026-06-26T00:40:51.995455,13433.957,66503.371,0.846,3574.051,38444.815,0.02,0.0
261.835,2026-06-26T00:40:52.046493,13433.957,66503.371,0.822,3574.052,38444.815,0.02,0.0
261.886,2026-06-26T00:40:52.097568,13433.957,66503.371,0.804,3574.053,38444.815,0.02,0.0
261.937,2026-06-26T00:40:52.148615,13433.957,66503.371,0.838,3574.054,38444.815,0.02,0.0
261.988,2026-06-26T00:40:52.199683,13433.957,66503.371,0.817,3574.055,38444.815,0.02,0.0
262.04,2026-06-26T00:40:52.250733,13433.957,66503.371,0.801,3574.056,38444.815,0.02,0.0
262.091,2026-06-26T00:40:52.301783,13433.957,66503.371,0.79,3574.057,38444.815,0.02,0.0
262.142,2026-06-26T00:40:52.352837,13433.957,66503.371,0.783,3574.058,38444.815,0.02,0.0
262.193,2026-06-26T00:40:52.403894,13433.957,66503.371,0.778,3574.059,38444.815,0.02,0.0
262.244,2026-06-26T00:40:52.454924,13433.957,66503.371,0.682,3574.06,38444.815,0.02,0.0
262.295,2026-06-26T00:40:52.505981,13433.957,66503.371,0.478,3574.061,38444.815,0.02,0.0
262.346,2026-06-26T00:40:52.557024,13433.957,66503.371,0.564,3574.062,39044.815,0.02,11754.568
262.397,2026-06-26T00:40:52.608074,13433.957,66503.371,0.624,3574.063,39044.815,0.02,0.0
262.448,2026-06-26T00:40:52.659098,13433.957,66503.371,0.667,3574.064,39044.815,0.02,0.0
262.499,2026-06-26T00:40:52.710167,13433.957,66503.371,0.696,3574.065,39044.815,0.02,0.0
262.55,2026-06-26T00:40:52.761111,12791.035,65755.816,0.809,3574.067,39044.815,0.02,0.0
262.601,2026-06-26T00:40:52.812034,12716.566,64818.41,0.935,3574.068,39044.815,0.02,0.0
262.652,2026-06-26T00:40:52.862886,12716.566,64818.41,0.931,3574.069,39044.815,0.02,0.0
262.703,2026-06-26T00:40:52.913855,12716.531,64809.73,0.881,3574.426,39046.954,7.011,41.972
262.72,2026-06-26T00:40:52.931343,12618.152,49098.547,0.617,3574.427,39046.954,0.051,0.013
262.721,2026-06-26T00:40:52.932558,12618.152,49098.547,0.432,3574.428,39046.959,0.974,5.963
262.957,2026-06-26T00:40:53.168041,12617.516,49098.547,0.551,3574.434,39046.959,0.029,0.0
263.02,2026-06-26T00:40:53.230901,12617.523,49098.547,0.61,3574.754,39046.959,5.116,0.0
